sample_id,doc_id,source_name,publish_time,title,content,source_url,source_sha256
HR-001,PBC-OMO-20150127-0ef8a36817,中国人民银行,2015-01-27 10:29:20,公开市场业务交易公告 [2015]第2号, 。人民银行于本周二（1月27日）以利率招标方式开展了逆回购操作。具体情况如下：。逆回购操作情况 。期限。交易量。中标利率。7天。300亿元。3.85%。28天。300亿元。4.80%,https://www.pbc.gov.cn/zhengcehuobisi/125207/125213/125431/125475/2893979/index.html,39fb897b27884583b192c26f330803f21fe6f50092b8591fff6e4e44464c2b86
HR-002,PBC-OMO-20150226-f05a135ac3,中国人民银行,2015-02-26 09:46:15,公开市场业务交易公告 [2015]第8号, 。人民银行于本周四（2月26日）以利率招标方式开展了逆回购操作。具体情况如下：。逆回购操作情况 。期限。交易量。中标利率。14天。380亿元。4.10%,https://www.pbc.gov.cn/zhengcehuobisi/125207/125213/125431/125475/2810705/index.html,9378f72110aa4bb038e5ecd2cb0f22632f73470837b914697ae8d7a68809a581
HR-003,PBC-OMO-20150811-8908244b42,中国人民银行,2015-08-11 09:46:14,公开市场业务交易公告 [2015]第36号, 人民银行于本周二（8月11日）以利率招标方式开展了逆回购操作。具体情况如下：。逆回购操作情况 。期限。交易量。中标利率。7天。500亿元。2.50%,https://www.pbc.gov.cn/zhengcehuobisi/125207/125213/125431/125475/2927369/index.html,febb5cfa2df07b69204c678e591c7b3aadd908f9a3577934f53be8e174920fc1
HR-004,PBC-OMO-20160328-313e2d7d4d,中国人民银行,2016-03-28 09:45:44,公开市场业务交易公告 [2016]第47号,   人民银行于本周一（3月28日）以利率招标方式开展了逆回购操作。具体情况如下：。逆回购操作情况。期限。交易量。中标利率。7天。350亿元。2.25%,https://www.pbc.gov.cn/zhengcehuobisi/125207/125213/125431/125475/3039264/index.html,d9d86d88f95efded14d35b461fa757d36f9f2398375e677d82609dae37d08177
HR-005,PBC-OMO-20160822-0d20a2f5cc,中国人民银行,2016-08-22 09:45:56,公开市场业务交易公告 [2016]第149号,人民银行于本周一（8月22日）以利率招标方式开展了逆回购操作。具体情况如下：。逆回购操作情况。期限。交易量。中标利率。7天。1100亿元。2.25%,https://www.pbc.gov.cn/zhengcehuobisi/125207/125213/125431/125475/3124112/index.html,7aafb882b0181af8114e854aaa82b4811baaf50d84a714a921a3904715defa08
HR-006,PBC-OMO-20161114-2fc279ecc1,中国人民银行,2016-11-14 09:46:34,公开市场业务交易公告 [2016]第205号,   人民银行于2016年11月14日以利率招标方式开展了1700亿元逆回购操作。具体情况如下：。逆回购操作情况。期限。交易量。中标利率。7天。1050亿元。2.25%。14天。650亿元。2.40%,https://www.pbc.gov.cn/zhengcehuobisi/125207/125213/125431/125475/3186369/index.html,d6bf3c5866edfe7be53741ebd859e3f8f6a6c0534c775c4b37723c56be739a80
HR-007,PBC-OMO-20170206-75bb24be16,中国人民银行,2017-02-06 09:15:44,公开市场业务交易公告 [2017]第22号,随着现金逐渐回笼，目前银行体系流动性总量处于较高水平。为保持银行体系流动性基本稳定，2月6日暂不开展公开市场逆回购操作。中国人民银行公开市场业务操作室。二〇一七年二月六日,https://www.pbc.gov.cn/zhengcehuobisi/125207/125213/125431/125475/3247020/index.html,92503fd83c053bd4a74eb6ce5ad63b3bd0d87f01d04123e4f99fc3a374965a85
HR-008,PBC-OMO-20170828-0bdf548d37,中国人民银行,2017-08-28 09:46:19,公开市场业务交易公告 [2017]第164号,考虑到月末财政支出可一定程度对冲央行逆回购到期等因素，为维护银行体系流动性基本稳定，人民银行于2017年8月28日以利率招标方式开展了1000亿元逆回购操作。具体情况如下：。逆回购操作情况。期限。交易量。中标利率。7天。600亿元。2.45%。14天。400亿元。2.60%。中国人民银行公开市场业务操作室。二〇一七年八月二十八日,https://www.pbc.gov.cn/zhengcehuobisi/125207/125213/125431/125475/3369559/index.html,999624d0c63b31c01336d645b12c127807c4aef9e986266cf44c2326321a2c66
HR-009,PBC-OMO-20171120-a2598af9aa,中国人民银行,2017-11-20 09:46:26,公开市场业务交易公告 [2017]第221号,人民银行于2017年11月20日以利率招标方式开展了1000亿元逆回购操作。具体情况如下：。逆回购操作情况。期限。中标量。中标利率。7天。700亿元。2.45%。14天。200亿元。2.60%。63天。100亿元。2.90%,https://www.pbc.gov.cn/zhengcehuobisi/125207/125213/125431/125475/3420949/index.html,49e05e0c1d0122940f4327aba2edfd6ada0a255f2b38bf2ca62e4e62819cef60
HR-010,PBC-OMO-20180226-692e8f535c,中国人民银行,2018-02-26 09:46:40,公开市场业务交易公告 [2018]第37号,为对冲金融机构缴存法定存款准备金等因素的影响，维护银行体系流动性合理稳定，人民银行于2018年2月26日以利率招标方式开展了1500亿元逆回购操作。具体情况如下：。逆回购操作情况。期限。中标量。中标利率。7天。1000亿元。2.50%。28天。300亿元。2.80%。63天。200亿元。2.95%,https://www.pbc.gov.cn/zhengcehuobisi/125207/125213/125431/125475/3487453/index.html,664f6e335fea699f85ea6efd85665317be7b6a2c676e0d7c495caf086517eeaa
HR-011,PBC-OMO-20180409-7884673c8c,中国人民银行,2018-04-09 09:46:18,公开市场业务交易公告 [2018]第66号,人民银行于2018年4月9日以利率招标方式开展了100亿元逆回购操作。具体情况如下：。逆回购操作情况。期限。中标量。中标利率。7天。100亿元。2.55%,https://www.pbc.gov.cn/zhengcehuobisi/125207/125213/125431/125475/3515748/index.html,a3d7a216277dcb3c4a3e964f9996cb4b655551694befbe193ccca76b130d19d0
HR-012,PBC-OMO-20181015-4da6646d2c,中国人民银行,2018-10-15 09:10:06,公开市场业务交易公告 [2018]第195号,2018年10月15日中国人民银行下调大型商业银行、股份制商业银行、城市商业银行、非县域农村商业银行、外资银行人民币存款准备金率1个百分点，当日到期的中期借贷便利（MLF）不再续做。采取上述措施后，银行体系流动性总量处于较高水平，可吸收金融机构缴存法定存款准备金、政府债券发行缴款等因素的影响，今日不开展公开市场操作。中国人民银行公开市场业务操作室。二〇一八年十月十五日,https://www.pbc.gov.cn/zhengcehuobisi/125207/125213/125431/125475/3643849/index.html,6621cef9da57d48d8736264638c7ff6d8c2b3defadb8f36a211e0c15f9ddb7de
HR-013,PBC-OMO-20190218-6f7f5f2544,中国人民银行,2019-02-18 09:10:30,公开市场业务交易公告 [2019]第32号,考虑到现金回笼等因素推动流动性总量上升，为维护银行体系流动性合理充裕，2019年2月18日不开展逆回购操作。中国人民银行公开市场业务操作室。二〇一九年二月十八日,https://www.pbc.gov.cn/zhengcehuobisi/125207/125213/125431/125475/3765079/index.html,351d9875a837167a1eabcf52124af9c4876ef7a7628d819c7b3efa784f402cf6
HR-014,PBC-OMO-20191021-464d3fc53a,中国人民银行,2019-10-21 09:46:08,公开市场业务交易公告 [2019]第204号,2019年10月21日，人民银行以利率招标方式开展了500亿元逆回购操作。具体情况如下：。逆回购操作情况。期限。中标量。中标利率。7天。500亿元。2.55%,https://www.pbc.gov.cn/zhengcehuobisi/125207/125213/125431/125475/3905930/index.html,d8ec8248fa08cc6936243bcbd78ec83cf05821de4e33ade92f61018923d33fc1
HR-015,PBC-OMO-20191125-bf526f8011,中国人民银行,2019-11-25 09:15:29,公开市场业务交易公告 [2019]第230号,临近月末财政支出增加，吸收央行逆回购到期等因素后，银行体系流动性总量处于合理充裕水平，2019年11月25日不开展逆回购操作。中国人民银行公开市场业务操作室。二〇一九年十一月二十五日,https://www.pbc.gov.cn/zhengcehuobisi/125207/125213/125431/125475/3926982/index.html,3c8f9970b8e18d353e1e28e354295ad418c629093b9b66fc9e4a40676aabf498
HR-016,PBC-OMO-20200316-d62690f872,中国人民银行,2020-03-16 09:46:19,公开市场业务交易公告 [2020]第49号,2020年3月16日，人民银行实施定向降准，释放长期资金5500亿元。同时，开展中期借贷便利（MLF）操作1000亿元。今日不开展逆回购操作。具体情况如下：。MLF操作情况。期限。操作量。中标利率。1年。1000亿元。3.15%,https://www.pbc.gov.cn/zhengcehuobisi/125207/125213/125431/125475/3989548/index.html,1c496740eb20f9442880476f31e0d80d6e6e36cd8e65ffbe96115a4e2f881db8
HR-017,PBC-OMO-20200420-2c6f021cc6,中国人民银行,2020-04-20 09:15:30,公开市场业务交易公告 [2020]第74号,目前银行体系流动性总量处于合理充裕水平，2020年4月20日不开展逆回购操作。中国人民银行公开市场业务操作室。二〇二〇年四月二十日,https://www.pbc.gov.cn/zhengcehuobisi/125207/125213/125431/125475/4010176/index.html,99f1e6e78e6ec77f56e5ad9d9c8c2ed984f59cbf94f9bbc47ef1b7e5c92f54d7
HR-018,PBC-OMO-20201207-431bcf21cd,中国人民银行,2020-12-07 09:20:30,公开市场业务交易公告 [2020]第238号,为维护银行体系流动性合理充裕，2020年12月7日人民银行以利率招标方式开展了500亿元逆回购操作。具体情况如下：。逆回购操作情况。期限。中标量。中标利率。7天。500亿元。2.20%,https://www.pbc.gov.cn/zhengcehuobisi/125207/125213/125431/125475/4139095/index.html,240237382f77e4d4c6db2dd89dd52b2c1be7a5d1969b8904417e9d18dff216ad
HR-019,PBC-OMO-20210218-1491583c16,中国人民银行,2021-02-18 09:20:30,公开市场业务交易公告 [2021]第30号,春节后现金逐步回笼，2021年2月18日人民银行开展2000亿元中期借贷便利（MLF）操作（含对今日MLF到期的续做）和200亿元逆回购操作，维护银行体系流动性合理充裕。具体情况如下：。MLF操作情况。期限。操作量。中标利率。1年。2000亿元。2.95%,https://www.pbc.gov.cn/zhengcehuobisi/125207/125213/125431/125475/4192149/index.html,bcb3613ed2000815f56d66390ff94cc4afb4613b7367bb1dd11c2d2683ce5e1d
HR-020,PBC-OMO-20211129-f04481c579,中国人民银行,2021-11-29 09:20:30,公开市场业务交易公告 [2021]第233号,为维护银行体系流动性合理充裕，2021年11月29日人民银行以利率招标方式开展了1000亿元逆回购操作。具体情况如下：。逆回购操作情况。期限。中标量。中标利率。7天。1000亿元。2.20%,https://www.pbc.gov.cn/zhengcehuobisi/125207/125213/125431/125475/4401587/index.html,91a2ed7e8ea45ac8ef2b9bcf879ae9965e92e2abfbb47414f2c643162698b814
HR-021,PBC-REPORT-20220810-b0cb6746a6,中国人民银行,2022-08-10 09:00:00,2022年第二季度中国货币政策执行报告,内容摘要。今年以来，面对复杂严峻的国际环境和艰巨繁重的国内改革发展稳定任务，在以习近平同志为核心的党中央坚强领导下，统筹疫情防控和经济社会发展工作，加大宏观政策调节力度，疫情防控取得积极成效，经济社会发展取得新成绩。2022年上半年国内生产总值（GDP）同比增长2.5%，其中二季度同比增长0.4%，顶住压力实现正增长；上半年居民消费价格指数（CPI）同比上涨1.7%，在全球高通胀背景下保持了物价形势的稳定。中国人民银行坚持以习近平新时代中国特色社会主义思想为指导，坚决贯彻党中央、国务院的决策部署，稳字当头、稳中求进，稳健的货币政策灵活适度，有效实施稳经济一揽子政策措施，坚决支持稳住经济大盘。一是保持流动性合理充裕。上半年降准0.25个百分点，上缴央行结存利润9000亿元，并运用再贷款再贴现、中期借贷便利（MLF）、公开市场操作等多种方式投放流动性，增强信贷总量增长的稳定性；调增开发性政策性银行信贷额度8000亿元，推动设立3000亿元政策性开发性金融工具，支持中长期基础设施贷款投放。二是丰富和完善结构性货币政策工具箱。将普惠小微贷款支持工具提供的激励资金比例由1%提高到2%，增加1000亿元支持煤炭清洁高效利用专项再贷款额度，出台科技创新、普惠养老、交通物流专项再贷款三项新的结构性货币政策工具，增加民航应急贷款，激励金融机构优化信贷结构，精准支持重点领域。三是促进企业综合融资成本稳中有降。引导公开市场7天期逆回购操作利率、MLF利率、1年期和5年期以上贷款市场报价利率（LPR）适度下行，发挥LPR改革效能和指导作用。建立存款利率市场化调整机制，加强存款利率监管，稳定银行负债成本。四是把握好内外平衡。深化汇率市场化改革，坚持市场在人民币汇率形成中起决定性作用，增强人民币汇率弹性，加强预期管理，发挥汇率调节宏观经济和国际收支自动稳定器功能。五是牢牢守住不发生系统性金融风险的底线，坚持市场化法治化原则处置风险，促进金融风险持续收敛。总体来看，今年以来中国人民银行按照“疫情要防住、经济要稳住、发展要安全”的要求，加大稳健货币政策实施力度，为实体经济提供了更有力支持。上半年新增人民币贷款13.68万亿元，同比多增9192亿元；6月末广义货币（M2）和社会融资规模存量同比分别增长11.4%和10.8%，较上年末分别上升2.4个和0.5个百分点。金融对小微企业、科技创新等重点领域和薄弱环节支持力度加大，6月末普惠小微贷款和制造业中长期贷款余额同比分别增长23.8%和29.7%。6月企业贷款加权平均利率为4.16%，较去年同期下降0.42个百分点，处于有统计以来低位。人民币汇率双向浮动，在合理均衡水平上保持基本稳定。也要看到，当前全球经济增长放缓、通胀高位运行，地缘政治冲突持续，外部环境更趋严峻复杂，国内经济恢复基础尚需稳固，结构性通胀压力可能加大。但总的来看，我国经济长期向好的基本面没有改变，经济保持较强韧性，宏观政策调节工具丰富，推动经济高质量发展具备诸多有利条件，要保持战略定力，坚定做好自己的事。下一阶段，中国人民银行将坚持以习近平新时代中国特色社会主义思想为指导，贯彻落实党的十九大、十九届历次全会、中央经济工作会议精神和《政府工作报告》要求，按照党中央、国务院的决策部署，坚持稳字当头、稳中求进，完整、准确、全面贯彻新发展理念，加快构建新发展格局，深化供给侧结构性改革，建设现代中央银行制度，健全现代货币政策框架，抓好政策措施落实，着力稳就业稳物价，发挥有效投资的关键作用，巩固经济回升向好趋势。加大稳健货币政策实施力度，发挥好货币政策工具的总量和结构双重功能，主动应对，提振信心，搞好跨周期调节，兼顾短期和长期、经济增长和物价稳定、内部均衡和外部均衡，坚持不搞“大水漫灌”，不超发货币，为实体经济提供更有力、更高质量的支持。保持流动性合理充裕，加大对企业的信贷支持，用好政策性开发性金融工具，重点发力支持基础设施领域建设，保持货币供应量和社会融资规模合理增长，力争经济运行实现最好结果。密切关注国内外通胀形势变化，不断夯实国内粮食稳产增产、能源市场平稳运行的有利条件，做好妥善应对，保持物价水平基本稳定。结构性货币政策工具积极做好“加法”，加大普惠小微贷款支持力度，支持中小微企业稳定就业，用好支持煤炭清洁高效利用、科技创新、普惠养老、交通物流专项再贷款和碳减排支持工具，促进金融资源向重点领域、薄弱环节和受疫情影响严重的行业、市场主体倾斜，培育新的经济增长点。健全市场化利率形成和传导机制，优化央行政策利率体系，加强存款利率监管，发挥存款利率市场化调整机制重要作用，着力稳定银行负债成本，发挥贷款市场报价利率改革效能和指导作用，推动降低企业综合融资成本。密切关注主要发达经济体经济走势和货币政策调整的溢出影响，以我为主兼顾内外平衡。坚持以市场供求为基础、参考一篮子货币进行调节、有管理的浮动汇率制度，坚持底线思维，加强跨境资金流动宏观审慎管理，保持人民币汇率在合理均衡水平上的基本稳定。遵循市场化法治化原则，统筹做好经济发展和风险防范工作，保持金融体系总体稳定，坚决守住不发生系统性金融风险的底线。着力稳定宏观经济大盘，保持经济运行在合理区间，力争实现最好结果，以实际行动迎接党的二十大胜利召开。2022年第二季度中国货币政策执行报告.pdf,https://www.pbc.gov.cn/goutongjiaoliu/113456/113469/2025092212552792916/index.html,d59f0033a6e53bd10354297e16d3e56442dd0d980129c124578e9dfbe9158262
HR-022,PBC-REPORT-20221116-a192b344e6,中国人民银行,2022-11-16 09:00:00,2022年第三季度中国货币政策执行报告,内容摘要。今年以来，在以习近平同志为核心的党中央坚强领导下，我国高效统筹疫情防控和经济社会发展，有效实施宏观政策，最大程度稳住经济社会发展基本盘。国民经济明显回升，2022年第三季度国内生产总值（GDP）同比增长3.9%，比第二季度加快3.5个百分点；前三季度居民消费价格指数（CPI）同比上涨2.0%，在全球高通胀背景下继续保持物价形势的基本稳定。中国人民银行坚持以习近平新时代中国特色社会主义思想为指导，坚决贯彻党中央、国务院的决策部署，稳字当头、稳中求进，扎实落实稳经济一揽子政策和接续措施，加大稳健货币政策实施力度，坚决支持稳住经济大盘。一是保持流动性合理充裕。运用再贷款再贴现、中期借贷便利（MLF）、公开市场操作等多种方式投放流动性；提前完成上缴央行结存利润1.13万亿元；增强信贷总量增长的稳定性，在3000亿元政策性开发性金融工具已落到项目的基础上再增加3000亿元以上额度。二是持续发挥结构性货币政策工具作用。落实好普惠小微贷款支持工具、碳减排支持工具和其他专项再贷款投放，截至9月末，科技创新、普惠养老、交通物流专项再贷款合计已发放超900亿元，设立额度2000亿元以上的设备更新改造专项再贷款。三是持续深化利率市场化改革，发挥贷款市场报价利率（LPR）改革效能和指导作用。8月公开市场操作利率下行10个基点，带动1年期和5年期以上LPR分别下行5个、15个基点；9月阶段性放宽部分城市首套住房贷款利率下限，下调首套个人住房公积金贷款利率0.15个百分点。建立存款利率市场化调整机制，稳定银行负债成本。四是把握好内外平衡。深化汇率市场化改革，坚持市场在人民币汇率形成中起决定性作用，增强人民币汇率弹性，加强宏观审慎管理和预期管理，发挥汇率调节宏观经济和国际收支自动稳定器功能。五是牢牢守住不发生系统性金融风险的底线，坚持市场化法治化原则处置风险，促进金融风险持续收敛。总体来看，稳健的货币政策灵活适度，保持连续性、稳定性、可持续性，政策传导效率增强，金融支持实体经济质效进一步提升。信贷总量增长稳定性增强，1-9月新增人民币贷款18.08万亿元，同比多增1.36万亿元；9月末人民币贷款、广义货币（M2）、社会融资规模存量同比分别增长11.2%、12.1%和10.6%。信贷结构持续优化，9月末普惠小微贷款和制造业中长期贷款余额同比分别增长24.6%和30.8%。贷款利率稳中有降，9月企业贷款加权平均利率为4.0%，同比下降0.59个百分点，处于有统计以来低位。外汇市场平稳运行，人民币汇率预期总体平稳。当前外部环境更趋复杂严峻，海外通胀高位运行，全球经济下行风险加大，国内经济恢复发展的基础还不牢固。但要看到，我国构建新发展格局的要素条件较为充足，有效需求恢复的势头日益明显，经济韧性强、潜力大、回旋余地广，长期向好的基本面没有改变。要保持战略定力，坚定做好自己的事。下一阶段，中国人民银行将坚持以习近平新时代中国特色社会主义思想为指导，深入学习贯彻党的二十大精神，着力构建高水平社会主义市场经济体制，全面推进中国式现代化。按照党中央、国务院的决策部署，坚持稳字当头、稳中求进，深化金融体制改革，建设现代中央银行制度，抓好政策措施落实，着力稳就业稳物价，发挥有效投资的关键作用，巩固和拓展经济回稳向上态势，推动经济实现质的有效提升和量的合理增长。加大稳健货币政策实施力度，搞好跨周期调节，兼顾短期和长期、经济增长和物价稳定、内部均衡和外部均衡，坚持不搞“大水漫灌”，不超发货币，为实体经济提供更有力、更高质量的支持。保持流动性合理充裕，指导政策性、开发性银行用好用足政策性开发性金融工具额度和8000亿元新增信贷额度，引导商业银行扩大中长期贷款投放，保持货币供应量和社会融资规模合理增长，力争经济运行实现更好结果。高度重视未来通胀升温的潜在可能性，特别是需求侧的变化，不断夯实国内粮食稳产增产、能源市场平稳运行的有利条件，做好妥善应对，保持物价水平基本稳定。落实好普惠小微贷款支持工具、碳减排支持工具和支持煤炭清洁高效利用、科技创新、普惠养老、交通物流、设备更新改造专项再贷款，强化对重点领域、薄弱环节和受疫情影响严重的行业、市场主体的支持。落实落细金融服务小微企业、民营企业敢贷会贷长效机制，增强微观主体活力。继续深化利率市场化改革，优化央行政策利率体系，发挥存款利率市场化调整机制重要作用，着力稳定银行负债成本，释放贷款市场报价利率改革效能，推动降低企业融资和个人消费信贷成本。密切关注主要发达经济体经济走势和货币政策调整的溢出影响，以我为主兼顾内外平衡。坚持以市场供求为基础、参考一篮子货币进行调节、有管理的浮动汇率制度，坚持市场在汇率形成中起决定性作用，坚持底线思维，加强预期管理，保持人民币汇率在合理均衡水平上的基本稳定。统筹做好经济发展和风险防范工作，保持金融体系总体稳定，建立健全金融风险防范、预警和处置机制，坚决守住不发生系统性金融风险的底线，维护好广大人民群众的利益。2022年第三季度中国货币政策执行报告.pdf,https://www.pbc.gov.cn/goutongjiaoliu/113456/113469/2025092212552888117/index.html,b29b278fb7287e967007fc1b9288f86a78fbd5794dbac7d36afa9c43d22a9819
HR-023,PBC-REPORT-20230224-8d1ddd939b,中国人民银行,2023-02-24 09:00:00,2022年第四季度中国货币政策执行报告,内容摘要。2022年，面对复杂多变的国际环境和艰巨繁重的国内改革发展任务，在以习近平同志为核心的党中央坚强领导下，我国统筹疫情防控和经济社会发展，加大宏观调控力度，应对超预期因素冲击，发展质量稳步提升，就业物价基本平稳，经济社会大局保持稳定。中国人民银行坚持以习近平新时代中国特色社会主义思想为指导，坚决贯彻党中央、国务院的决策部署，主动作为、靠前发力，加大稳健货币政策实施力度，坚决支持稳住宏观经济大盘。一是保持货币信贷合理增长。全年2次降准释放长期资金超1万亿元，上缴央行结存利润1.13万亿元，运用再贷款再贴现、中期借贷便利、公开市场操作等多种方式短中长期相结合合理投放流动性；及时召开货币信贷形势分析座谈会，引导金融机构加大信贷支持实体经济力度；调增政策性开发性银行信贷额度8000亿元，指导其投放政策性开发性金融工具资金7399亿元，增强信贷总量增长的稳定性。二是发挥结构性货币政策工具精准导向作用。及时接续转换两项直达实体经济的货币政策工具，将普惠小微贷款支持工具的激励资金支持比例由1%提高至2%，推出普惠小微贷款阶段性减息政策；并行实施碳减排支持工具和支持煤炭清洁高效利用专项再贷款，创设施行科技创新、普惠养老、交通物流、设备更新改造专项再贷款。三是巩固实际贷款利率下降成果。持续释放贷款市场报价利率改革效能，全年公开市场操作和中期借贷便利中标利率均下行20个基点，引导1年期和5年期以上贷款市场报价利率分别下行15个、35个基点。建立存款利率市场化调整机制，稳定银行负债成本，存款利率市场化迈出重要一步。建立首套住房贷款利率政策动态调整机制，有序推进长效机制建设。四是兼顾内外均衡。深化汇率市场化改革，坚持市场在人民币汇率形成中起决定性作用，加强预期管理和流动性管理，增强人民币汇率弹性，发挥其宏观经济稳定器功能。五是防范化解金融风险取得新成果。稳妥有序推进中小银行风险处置、平台企业金融业务整改等工作，金融稳定保障体系不断健全。总体看，稳健的货币政策取得积极成效，有力支持经济回稳向好，为党的二十大胜利召开创造了有利的经济金融环境。货币信贷合理增长，2022年新增人民币贷款21.31万亿元，同比多增1.36万亿元；年末人民币贷款、广义货币（M2）、社会融资规模存量同比分别增长11.1%、11.8%和9.6%。信贷结构持续优化，年末普惠小微贷款和制造业中长期贷款余额同比分别增长23.8%和36.7%。企业融资和个人消费信贷成本稳中有降，全年企业贷款加权平均利率为4.17%，同比下降0.34个百分点，12月新发放个人住房贷款利率平均为4.26%，较上年12月下降1.37个百分点。人民币汇率双向浮动，在合理均衡水平上保持基本稳定，年末人民币对美元汇率中间价为6.9646元。当前我国经济韧性强、潜力大、活力足，随着疫情防控进入新的阶段，消费环境、消费秩序逐步改善，市场预期和信心平稳，加之政策支持效果持续显现，2023年经济运行有望总体回升。下一阶段，中国人民银行将坚持以习近平新时代中国特色社会主义思想为指导，深入学习贯彻党的二十大和中央经济工作会议精神，按照党中央、国务院的决策部署，坚持稳中求进工作总基调，全面、完整、准确贯彻新发展理念，助力加快构建新发展格局、扎实推进中国式现代化。从战略全局出发，从改善社会心理预期、提振发展信心入手，坚持系统观念，做到“六个更好统筹”，把实施扩大内需战略同深化供给侧结构性改革有机结合，加大宏观政策调控力度，建设现代中央银行制度，充分发挥货币信贷政策效能，重点做好稳增长、稳就业、稳物价工作，推动金融支持实体经济实现质的有效提升和量的合理增长，为全面建设社会主义现代化国家开好局、起好步。稳健的货币政策要精准有力。要搞好跨周期调节，既着力支持扩大内需，为实体经济提供更有力支持，又兼顾短期和长期、经济增长和物价稳定、内部均衡和外部均衡，坚持不搞“大水漫灌”，稳固对实体经济的可持续支持力度。保持流动性合理充裕，保持信贷总量有效增长，保持货币供应量和社会融资规模增速同名义经济增速基本匹配，助力实现促消费、扩投资、带就业的综合效应。结构性货币政策工具聚焦重点、合理适度、有进有退，引导金融机构加强对普惠金融、科技创新、绿色发展等领域的金融服务，推动消费有力复苏，增强经济增长潜能。持续发挥政策性开发性金融工具的作用，更好地撬动有效投资。继续深化利率市场化改革，优化央行政策利率体系，发挥存款利率市场化调整机制的重要作用，发挥贷款市场报价利率改革效能和指导作用，推动降低企业融资和个人消费信贷成本。密切关注通胀走势变化，支持能源和粮食等保供稳价，保持物价水平基本稳定。坚持以市场供求为基础、参考一篮子货币进行调节、有管理的浮动汇率制度，坚持市场在汇率形成中起决定性作用，增强人民币汇率弹性，优化预期管理，保持人民币汇率在合理均衡水平上的基本稳定。统筹金融支持实体经济与风险防范，稳步推动重点企业集团、中小金融机构等风险化解，保持金融体系总体稳定，守住不发生系统性金融风险的底线。2022年第四季度中国货币政策执行报告.pdf,https://www.pbc.gov.cn/goutongjiaoliu/113456/113469/2025092212553064431/index.html,bab8f0fe188756f86b701acde1fa9bd605c7dc31723e3bba93843f43093fc9b5
HR-024,PBC-REPORT-20230817-016e3a96f6,中国人民银行,2023-08-17 09:00:00,2023年第二季度中国货币政策执行报告,内容摘要。今年以来，在以习近平同志为核心的党中央坚强领导下，我国经济持续恢复、总体回升向好。上半年国内生产总值（GDP）同比增长5.5%，为实现全年经济社会发展目标打下了良好基础；居民消费价格指数（CPI）同比上涨0.7%，物价总体保持平稳。中国人民银行坚持以习近平新时代中国特色社会主义思想为指导，坚决贯彻党中央、国务院的决策部署，坚持稳字当头、稳中求进，稳健的货币政策精准有力，推动经济运行整体好转。一是保持货币信贷合理增长。综合运用降准、再贷款再贴现、中期借贷便利、公开市场操作等多种方式投放流动性，保持流动性合理充裕，引导金融机构稳固信贷支持实体经济的力度，增强贷款总量增长的稳定性和可持续性。二是推动实体经济融资成本稳中有降。发挥政策利率引导作用，6月、8月公开市场逆回购操作和中期借贷便利中标利率分别合计下行20个和25个基点，持续释放贷款市场报价利率（LPR）改革效能，推动企业融资和居民信贷成本稳中有降。发挥好存款利率市场化调整机制重要作用。继续落实首套房贷利率政策动态调整机制。三是持续发挥结构性政策工具作用。在用好现有结构性政策工具的基础上，增加支农支小再贷款、再贴现额度，延续实施普惠小微贷款支持工具等多项阶段性工具，延期房地产“金融16条”有关政策适用期限，并推动房企纾困专项再贷款和租赁住房贷款支持计划落地生效。四是兼顾内外均衡。深化汇率市场化改革，坚持市场在人民币汇率形成中起决定性作用，发挥汇率调节宏观经济和国际收支自动稳定器功能。五是强化风险防范化解。坚持市场化法治化原则处置风险，构建分级分段的银行风险监测、预警和硬约束早期纠正工作框架，牢牢守住不发生系统性金融风险的底线。总体看，今年以来货币政策保持前瞻性、有效性、可持续性，根据形势变化合理把握节奏和力度，为经济回升向好创造了良好的货币金融环境。货币信贷保持合理增长，上半年新增人民币贷款15.7万亿元，同比多增2.0万亿元；6月末人民币贷款、广义货币（M2）、社会融资规模存量同比分别增长11.3%、11.3%和9.0%。信贷结构持续优化，6月末普惠小微贷款和制造业中长期贷款余额同比分别增长26.1%和40.3%。贷款利率明显下行，6月新发放企业贷款、个人住房贷款加权平均利率分别为3.95%、4.11%，较去年同期分别低0.21个、0.51个百分点，处于历史低位。人民币汇率双向浮动，人民币对美元汇率5月贬破7元，7月份又升值1.3%，结售汇行为理性有序，市场预期基本稳定。当前我国经济已恢复常态化运行，高质量发展扎实推进。也要看到，国际政治经济形势复杂严峻，发达经济体快速加息的累积效应继续显现，全球经济复苏动能减弱，国内经济运行面临需求不足、一些企业经营困难、重点领域风险隐患较多等挑战。我国经济具有巨大的发展韧性和潜力，长期向好的基本面没有改变，有利条件和积极因素不断积蓄，要保持战略定力，增强发展信心。下阶段，中国人民银行将坚持以习近平新时代中国特色社会主义思想为指导，全面贯彻落实党的二十大和中央经济工作会议精神，坚持稳中求进工作总基调，完整、准确、全面贯彻新发展理念，加快构建新发展格局，全面深化改革开放，把实施扩大内需战略同深化供给侧结构性改革结合起来，加大宏观政策调控力度，建设现代中央银行制度，充分发挥货币信贷效能，不断推动经济运行持续好转、内生动力持续增强、社会预期持续改善、风险隐患持续化解，推动经济实现质的有效提升和量的合理增长。稳健的货币政策要精准有力，更好发挥货币政策工具的总量和结构双重功能，稳固支持实体经济恢复发展。综合运用多种货币政策工具，保持流动性合理充裕，保持货币供应量和社会融资规模增速同名义经济增速基本匹配。继续深化利率市场化改革，完善央行政策利率体系，持续发挥贷款市场报价利率改革和存款利率市场化调整机制的重要作用，促进企业融资和居民信贷成本稳中有降。结构性货币政策工具“聚焦重点、合理适度、有进有退”，继续实施好存续工具，对结构性矛盾突出领域延续实施期限，持续加大对小微企业、科技创新、绿色发展等支持力度。适应房地产市场供求关系发生重大变化的新形势，适时调整优化房地产政策，促进房地产市场平稳健康发展。发挥好金融在促消费、稳投资、扩内需中的积极作用，保持物价水平基本稳定。坚持以市场供求为基础、参考一篮子货币进行调节、有管理的浮动汇率制度，综合施策、稳定预期，保持人民币汇率在合理均衡水平上的基本稳定，坚决防范汇率超调风险。切实防范化解重点领域金融风险，统筹协调金融支持地方债务风险化解工作，稳步推动中小金融机构改革化险，守住不发生系统性金融风险的底线。2023年第二季度中国货币政策执行报告.pdf,https://www.pbc.gov.cn/goutongjiaoliu/113456/113469/2025092212553360327/index.html,2bc8f1ff16ee7ed4f752a86da2dc66eef7d0f01b572332629c8cb1fffa43ab0d
HR-025,PBC-REPORT-20240510-fcabb695c0,中国人民银行,2024-05-10 09:00:00,2024年第一季度中国货币政策执行报告,内容摘要。今年以来，在以习近平同志为核心的党中央坚强领导下，我国宏观调控力度加大，巩固和增强经济回升向好态势，经济运行中积极因素增多，动能持续增强，社会预期改善，高质量发展扎实推进，呈现增长较快、结构优化、质效向好的特征。一季度国内生产总值（GDP）同比增长5.3%，居民消费价格指数（CPI）同比转正，国民经济实现良好开局。中国人民银行坚持以习近平新时代中国特色社会主义思想为指导，认真落实党中央、国务院决策部署，强化逆周期调节，稳健的货币政策灵活适度、精准有效，为经济回升向好营造了良好的货币金融环境。一是保持流动性合理充裕。年初降准0.5个百分点，释放中长期流动性超过1万亿元，并综合运用公开市场操作、中期借贷便利、再贷款再贴现等工具，保持流动性合理充裕。注重引导金融机构加强信贷均衡投放，为经济提供稳定、可持续的金融支持。二是促进融资成本稳中有降。下调支农支小再贷款、再贴现利率0.25个百分点，继续推动存款利率市场化，2月引导5年期以上贷款市场报价利率（LPR）下行0.25个百分点。三是引导信贷结构调整优化。设立5000亿元科技创新和技术改造再贷款，放宽普惠小微贷款认定标准，扩大碳减排支持工具支持对象范围，做好金融“五篇大文章”。四是保持汇率基本稳定。坚持市场在汇率形成中起决定性作用，发挥好汇率对宏观经济、国际收支的调节功能，强化预期引导，防范汇率超调风险。五是加强风险防范化解。健全金融风险监测评估，稳妥处置重点区域和重点机构风险。有序推进金融支持融资平台债务风险化解。强化金融稳定保障体系建设。货币政策效果逐步显现。融资总量稳定增长，3月末社会融资规模存量、广义货币（M2）同比分别增长8.7%和8.3%，一季度新增贷款9.5万亿元。信贷结构持续优化，3月末普惠小微贷款和制造业中长期贷款同比分别增长20.3%和26.5%，民营经济贷款同比增长10.7%，均超过全部贷款增速。融资成本稳中有降，3月新发放企业贷款加权平均利率为3.73%，较上年同期低0.22个百分点。人民币对美元汇率小幅波动，对一篮子货币稳中有升，3月末中国外汇交易中心（CFETS）人民币汇率指数较上年末上涨2.4%。当前我国经济发展面临的战略机遇和风险挑战并存。全球经济复苏动能分化，发达经济体货币政策调整、地缘政治冲突等不确定性依然存在，国内经济持续回升向好仍面临诸多挑战。也要看到，我国经济基础稳、优势多、韧性强、潜能大，开局良好、回升向好是当前经济运行的基本特征和趋势，要增强做好经济工作的信心。下阶段，中国人民银行将坚持以习近平新时代中国特色社会主义思想为指导，全面贯彻落实党的二十大、中央经济工作会议、中央金融工作会议和全国“两会”精神，坚持稳中求进工作总基调，完整、准确、全面贯彻新发展理念，坚定不移走中国特色金融发展之路，加快建设金融强国，建设现代中央银行制度，着力推动高质量发展。保持货币政策的稳健性，增强宏观政策取向一致性，强化逆周期和跨周期调节，加大对实体经济支持力度，切实巩固和增强经济回升向好态势。稳健的货币政策要灵活适度、精准有效。合理把握债券与信贷两个最大融资市场的关系，引导信贷合理增长、均衡投放，保持流动性合理充裕，保持社会融资规模、货币供应量同经济增长和价格水平预期目标相匹配。把维护价格稳定、推动价格温和回升作为把握货币政策的重要考量，加强政策协调配合，保持物价在合理水平。持续深化利率市场化改革，发挥贷款市场报价利率改革和存款利率市场化调整机制作用，推动企业融资和居民信贷成本稳中有降。坚持聚焦重点、合理适度、有进有退，为普惠金融、科技创新、绿色发展等重点领域和薄弱环节提供有效支持。畅通货币政策传导机制，避免资金沉淀空转。坚持以市场供求为基础、参考一篮子货币进行调节、有管理的浮动汇率制度，发挥市场在汇率形成中的决定性作用，综合施策、稳定预期，坚决对顺周期行为予以纠偏，防止市场形成单边预期并自我强化，坚决防范汇率超调风险，保持人民币汇率在合理均衡水平上基本稳定。持续有效防范化解重点领域风险，坚决守住不发生系统性风险的底线。2024年第一季度中国货币政策执行报告.pdf,https://www.pbc.gov.cn/goutongjiaoliu/113456/113469/2025092212554023361/index.html,dd0471952c44361886fb106d2a4d08e04c51acc01be1d14dd1d737865c0e15f9
HR-026,PBC-REPORT-20241108-5fb5510665,中国人民银行,2024-11-08 09:00:00,2024年第三季度中国货币政策执行报告,内容摘要。今年以来，在以习近平同志为核心的党中央坚强领导下，我国加大宏观调控力度，着力深化改革开放、扩大国内需求、优化经济结构，经济运行总体平稳。前三季度国内生产总值（GDP）同比增长4.8%，居民消费价格指数（CPI）同比上涨0.3%，生产需求平稳增长，就业物价总体稳定，高质量发展扎实推进。中国人民银行坚持以习近平新时代中国特色社会主义思想为指导，认真落实党中央、国务院决策部署，稳健的货币政策灵活适度、精准有效，加大逆周期调节力度，为经济回升向好创造了适宜的货币金融环境。一是保持货币信贷合理增长。2月、9月两次下调存款准备金率共1个百分点，释放长期流动性约2万亿元，并综合运用公开市场操作、中期借贷便利、再贷款再贴现等工具，开展国债买卖操作，保持流动性合理充裕。促进信贷均衡投放，盘活低效存量金融资源，提升服务实体经济质效。二是推动社会综合融资成本稳中有降。1月下调支农支小再贷款、再贴现利率0.25个百分点，7月、9月下调公开市场7天期逆回购操作利率共0.3个百分点，继续推动存款利率市场化，引导贷款市场报价利率（LPR）等市场利率下行。三是引导信贷结构调整优化。出台房地产支持政策，降低存量房贷利率，统一首套房和二套房的房贷最低首付比例，优化保障性住房再贷款；创设证券、基金、保险公司互换便利与股票回购、增持再贷款，支持股票市场稳定发展；推进科技创新和技术改造再贷款使用进程，加大对大规模设备更新和消费品以旧换新的金融支持；放宽普惠小微贷款认定标准，扩大碳减排支持工具支持对象范围，落实好存续的结构性货币政策工具。四是保持汇率基本稳定。坚持市场在汇率形成中起决定性作用，发挥好汇率对宏观经济、国际收支的调节功能，保持汇率弹性，强化预期引导。五是加强风险防范化解。健全金融风险监测评估，稳妥有序推进重点领域风险和重点风险项目处置，有序推进金融支持融资平台债务风险化解，强化金融稳定保障体系建设。总体看，今年以来中国人民银行坚持支持性的货币政策，有力有效支持经济回升向好。金融总量合理增长，9月末社会融资规模存量、广义货币M2同比分别增长8.0%和6.8%，前三季度新增人民币贷款16万亿元。信贷结构持续优化，9月末普惠小微贷款和制造业中长期贷款同比分别增长14.5%和14.8%，均超过全部贷款增速。融资成本稳中有降，9月新发放企业贷款加权平均利率为3.51%，较上年同期低0.31个百分点。人民币对一篮子货币稳中有升，9月末中国外汇交易中心（CFETS）人民币汇率指数较上年末上涨1.0%。当前外部环境的不确定性增多，世界增长动能总体放缓，国内经济仍面临有效需求不足、社会预期偏弱等挑战。但我国经济基本面坚实，市场广阔、经济韧性强、潜力大等有利条件并未改变，要正视困难、坚定信心、积极应对。下阶段，中国人民银行将坚持以习近平新时代中国特色社会主义思想为指导，全面贯彻落实党的二十届三中全会、中央经济工作会议和中央金融工作会议精神，坚持稳中求进工作总基调，完整、准确、全面贯彻新发展理念，坚定不移走中国特色金融发展之路，持续推动金融高质量发展和金融强国建设，深化金融体制改革，加快完善中央银行制度，进一步健全货币政策框架。注重平衡好短期和长期、稳增长和防风险、内部均衡和外部均衡的关系，坚定坚持支持性的货币政策立场，加大货币政策调控强度，提高货币政策精准性，为经济稳定增长和高质量发展创造良好的货币金融环境。稳健的货币政策要灵活适度、精准有效。保持流动性合理充裕，引导信贷合理增长、均衡投放，保持社会融资规模、货币供应量同经济增长和价格水平预期目标相匹配。把促进物价合理回升作为把握货币政策的重要考量，推动物价保持在合理水平。完善市场化利率形成和传导机制，强化央行政策利率引导作用，发挥市场利率定价自律机制和存款利率市场化调整机制效能，提升金融机构自主理性定价能力，推动企业融资和居民信贷成本稳中有降。坚持聚焦重点、合理适度、有进有退，持续做好金融“五篇大文章”，切实加强对重大战略、重点领域、薄弱环节的优质金融服务，提升金融服务对经济结构调整、经济动态平衡的适配性和精准性。畅通货币政策传导机制，持续丰富货币政策工具箱，提高资金使用效率。坚持以市场供求为基础、参考一篮子货币进行调节、有管理的浮动汇率制度，发挥市场在汇率形成中的决定性作用，综合施策，强化预期引导，防止形成单边一致性预期并自我实现，坚决防范汇率超调风险，保持人民币汇率在合理均衡水平上基本稳定。健全宏观审慎政策框架和系统性金融风险防范处置机制，守住不发生系统性金融风险的底线。2024年第三季度中国货币政策执行报告.pdf,https://www.pbc.gov.cn/goutongjiaoliu/113456/113469/2025092212554396048/index.html,2bdac04556960110dd8e1b676a7dfe640e31e05df330377176c2edebeb1a347a
HR-027,PBC-REPORT-20250815-cc25adbf85,中国人民银行,2025-08-15 09:00:00,2025年第二季度中国货币政策执行报告,内容摘要。今年以来，在以习近平同志为核心的党中央坚强领导下，更加积极有为的宏观政策加紧实施，经济运行稳中有进，主要经济指标表现良好，展现出强大活力和韧性。上半年国内生产总值（GDP）同比增长5.3%，社会信心持续提振，高质量发展取得新进展。中国人民银行坚持以习近平新时代中国特色社会主义思想为指导，认真落实党中央、国务院决策部署，货币政策适度宽松，强化逆周期调节，综合运用多种货币政策工具，服务实体经济高质量发展，为经济持续回升向好创造了适宜的货币金融环境。一是保持货币信贷合理增长。5月降低存款准备金率0.5个百分点，向市场提供长期流动性约1万亿元，并综合运用公开市场操作、中期借贷便利、再贷款再贴现等工具，保持流动性充裕。引导金融机构充分满足实体经济有效信贷需求，提高资金使用效率，提升服务实体经济质效。二是推动社会综合融资成本下降。健全市场化的利率调控框架，5月下调政策利率0.1个百分点，下调结构性货币政策工具利率0.25个百分点，降低个人住房公积金贷款利率0.25个百分点，强化利率政策执行，带动存贷款利率下行。三是引导信贷结构调整优化。5月设立5000亿元服务消费与养老再贷款，增加科技创新和技术改造再贷款额度3000亿元，创设科技创新债券风险分担工具，加力支持提振消费、科技创新等重点内需领域，落实好存续的结构性货币政策工具，持续做好金融“五篇大文章”。四是保持汇率基本稳定。坚持市场在汇率形成中起决定性作用，发挥好汇率对宏观经济、国际收支的调节功能，综合施策，促进预期平稳，在复杂形势下保持人民币汇率基本稳定。五是加强风险防范化解。稳妥有序化解重点领域金融风险，持续完善金融风险监测、评估、预警体系。货币政策逆周期调节效果较为明显。金融总量平稳增长，6月末社会融资规模存量、广义货币供应量（M2）同比分别增长8.9%和8.3%，人民币贷款余额268.6万亿元。社会融资成本处于低位，1-6月新发放企业贷款和个人住房贷款利率同比分别下降约45个和60个基点。信贷结构不断优化，人民币汇率在合理均衡水平上保持基本稳定，6月末人民币对美元汇率中间价与上年末基本持平。当前外部环境更趋复杂严峻，世界经济增长动能减弱，贸易壁垒增多，主要经济体经济表现有所分化，我国经济运行依然面临不少风险挑战。同时，我国经济基础稳、优势多、韧性强、潜能大，长期向好的支撑条件和基本趋势没有变，要保持战略定力，集中力量办好自己的事，推动事关中国式现代化全局的战略任务取得重大突破。下阶段，中国人民银行将坚持以习近平新时代中国特色社会主义思想为指导，全面贯彻落实党的二十届三中全会和中央经济工作会议精神，坚持稳中求进工作总基调，完整、准确、全面贯彻新发展理念，坚定不移走中国特色金融发展之路，进一步深化金融改革和高水平对外开放，持续推动金融高质量发展和金融强国建设，加快完善中央银行制度，进一步健全货币政策框架。平衡好短期与长期、稳增长与防风险、内部均衡与外部均衡、支持实体经济与保持银行体系自身健康性的关系，提高宏观调控的前瞻性、针对性、有效性，保持政策连续性稳定性，增强灵活性预见性，强化宏观政策取向一致性，着力稳就业、稳企业、稳市场、稳预期，努力完成全年经济社会发展目标任务，实现“十四五”圆满收官。落实落细适度宽松的货币政策。根据国内外经济金融形势和金融市场运行情况，把握好政策实施的力度和节奏，保持流动性充裕，使社会融资规模、货币供应量增长同经济增长、价格总水平预期目标相匹配，持续营造适宜的金融环境。把促进物价合理回升作为把握货币政策的重要考量，推动物价保持在合理水平。进一步完善利率调控框架，强化央行政策利率引导，完善市场化利率形成传导机制，发挥市场利率定价自律机制作用，持续强化利率政策的执行和监督，降低银行负债成本，推动社会综合融资成本下降。畅通货币政策传导机制，提高资金使用效率，防范资金空转，把握好金融支持实体经济和保持自身健康性的平衡。发挥好货币政策工具总量和结构双重功能，用好结构性货币政策工具，加力支持科技创新、提振消费、小微企业、稳定外贸等。坚持以市场供求为基础、参考一篮子货币进行调节、有管理的浮动汇率制度，坚持市场在汇率形成中的决定性作用，增强外汇市场韧性，稳定市场预期，坚决对市场顺周期行为进行纠偏，坚决对扰乱市场秩序行为进行处置，坚决防范汇率超调风险，保持人民币汇率在合理均衡水平上基本稳定。探索拓展中央银行宏观审慎与金融稳定功能，维护金融市场稳定，坚决守住不发生系统性金融风险的底线。2025年第二季度中国货币政策执行报告.pdf,https://www.pbc.gov.cn/goutongjiaoliu/113456/113469/2025092212554814094/index.html,83c12b69fc0ddc84901c4f20d336f1a1584c092a561ab17ba0ea016b896dbf72
HR-028,PBC-REPORT-20251111-ef059d1fb2,中国人民银行,2025-11-11 09:00:00,2025年第三季度中国货币政策执行报告,内容摘要。今年以来，在以习近平同志为核心的党中央坚强领导下，国民经济顶住压力延续稳中有进发展态势，高质量发展取得积极成效，主要经济指标总体平稳，展现出强大韧性和活力。前三季度国内生产总值（GDP）同比增长5.2%。中国人民银行坚持以习近平新时代中国特色社会主义思想为指导，认真落实党中央、国务院决策部署，实施适度宽松的货币政策，保持流动性充裕，综合运用数量、价格、结构等多种货币政策工具，为经济回升向好和金融市场稳定运行创造了适宜的货币金融环境。一是保持货币信贷合理增长。综合运用公开市场操作、中期借贷便利、再贷款再贴现等工具，保持流动性充裕。引导金融机构充分满足实体经济有效信贷需求，提高资金使用效率，提升服务实体经济质效。二是推动社会综合融资成本下降。健全市场化的利率调控框架，强化利率政策执行，有效发挥市场利率定价自律机制作用，带动存贷款利率下行。三是引导信贷结构调整优化。用好5000亿元服务消费与养老再贷款和新增加的科技创新和技术改造再贷款额度，发挥好科技创新债券风险分担工具作用，加力支持提振消费、科技创新等重点内需领域，落实好存续的结构性货币政策工具，持续做好金融“五篇大文章”。四是保持汇率基本稳定。坚持市场在汇率形成中起决定性作用，发挥好汇率对宏观经济、国际收支的调节功能，综合施策，促进预期平稳，在复杂形势下保持人民币汇率基本稳定。五是加强风险防范化解。稳妥有序化解重点领域金融风险，持续完善金融风险监测、评估、预警体系。货币政策逆周期调节效果逐步显现。金融总量合理增长，9月末社会融资规模存量、广义货币供应量（M2）同比分别增长8.7%和8.4%，人民币贷款余额270.4万亿元。社会融资成本处于低位，9月新发放企业贷款和个人住房贷款利率同比分别下降约40个和25个基点。信贷结构不断优化，人民币汇率在合理均衡水平上保持基本稳定，9月末人民币对美元汇率中间价较上年末升值1.2%。当前外部不稳定不确定性因素较多，国际经济贸易秩序遇到严峻挑战，世界经济增长动能不足，主要经济体经济表现有所分化，我国经济运行依然面临不少风险挑战，国内经济回升向好基础仍需加力巩固。同时，我国经济基础稳、优势多、韧性强、潜能大，长期向好的支撑条件和基本趋势没有变，要保持战略定力，增强必胜信心，推动事关中国式现代化全局的战略任务取得重大突破。下阶段，中国人民银行将坚持以习近平新时代中国特色社会主义思想为指导，全面贯彻落实党的二十大和历次全会、中央经济工作会议精神，坚持稳中求进工作总基调，完整、准确、全面贯彻新发展理念，坚定不移走中国特色金融发展之路，进一步深化金融改革和高水平对外开放，加快建设金融强国，完善中央银行制度，构建科学稳健的货币政策体系和覆盖全面的宏观审慎管理体系，畅通货币政策传导机制。平衡好短期与长期、稳增长与防风险、内部均衡与外部均衡、支持实体经济与保持银行体系自身健康性的关系，强化宏观政策取向一致性，做好逆周期和跨周期调节，提升宏观经济治理效能，持续稳增长、稳就业、稳预期。实施好适度宽松的货币政策。综合运用多种工具，保持社会融资条件相对宽松，同时继续完善货币政策框架，强化货币政策的执行和传导。保持流动性充裕，使社会融资规模、货币供应量增长同经济增长、价格总水平预期目标相匹配，持续营造适宜的货币金融环境。把促进物价合理回升作为把握货币政策的重要考量，推动物价保持在合理水平。进一步完善利率调控框架，强化央行政策利率引导，完善市场化利率形成传导机制，发挥市场利率定价自律机制作用，加强利率政策执行和监督，降低银行负债成本，推动社会综合融资成本下降。发挥好货币政策工具总量和结构双重功能，落实好各类结构性货币政策工具，扎实做好金融“五篇大文章”，加力支持科技创新、提振消费、小微企业、稳定外贸等重点方向。坚持以市场供求为基础、参考一篮子货币进行调节、有管理的浮动汇率制度，保持汇率弹性，强化预期引导，防范汇率超调风险，保持人民币汇率在合理均衡水平上基本稳定。探索拓展中央银行宏观审慎与金融稳定功能，维护金融市场稳定，坚决守住不发生系统性金融风险的底线。2025年第三季度中国货币政策执行报告.pdf,https://www.pbc.gov.cn/goutongjiaoliu/113456/113469/5896222/index.html,0555499abc7402805761dca5b6dd7f0ee80e74261affadb439b88022555a99fa
HR-029,PBC-REPORT-20260210-23edaaae2c,中国人民银行,2026-02-10 09:00:00,2025年第四季度中国货币政策执行报告,内容摘要。2025年是“十四五”收官之年，在以习近平同志为核心的党中央坚强领导下，国民经济延续稳中有进发展态势，经济社会发展主要目标顺利实现。全年国内生产总值（GDP）同比增长5%。中国人民银行坚持以习近平新时代中国特色社会主义思想为指导，坚决落实党中央、国务院决策部署，实施适度宽松的货币政策，在执行好存量货币政策的基础上，又推出一揽子货币金融政策组合，强化逆周期调节，有效支持实体经济稳定增长和金融市场平稳运行。一是保持货币信贷合理增长。综合运用存款准备金率、公开市场操作等多种货币政策工具，保持流动性充裕。引导金融机构加强项目储备和信贷投放，充分满足实体经济有效信贷需求。二是推动社会综合融资成本低位下行。下调政策利率、结构性货币政策工具利率和个人住房公积金贷款利率，有力支持降低社会综合融资成本。强化货币政策执行和监督，完善利率自律管理。三是加大对重大战略、重点领域和薄弱环节的支持力度。丰富完善结构性货币政策工具体系，调整优化信贷结构，支持做好金融“五篇大文章”。增加科技创新和技术改造再贷款、支农支小再贷款额度各3000亿元，创设5000亿元服务消费与养老再贷款、2000亿元科技创新债券风险分担工具。四是保持汇率基本稳定。坚持市场在汇率形成中起决定性作用，发挥好汇率对宏观经济、国际收支的调节功能，综合施策，保持人民币汇率在合理均衡水平上的基本稳定。五是重点领域金融风险持续收敛。整合设立中国人民银行宏观审慎和金融稳定委员会，进一步健全宏观审慎管理和金融稳定保障体系。优化支持资本市场两项货币政策工具，支持发挥汇金公司“类平准基金”作用。稳步推进重点机构和重点区域金融风险处置。2025年适度宽松的货币政策效果逐步显现。金融总量保持较快增长，年末社会融资规模存量、广义货币供应量（M2）同比分别增长8.3%和8.5%，明显高于名义GDP增速。人民币贷款还原地方化债影响后增长7%左右，信贷支持力度持续较强。社会综合融资成本进一步下行，12月新发放企业贷款利率、个人住房贷款利率均在3.1%左右。信贷结构持续优化，年末科技贷款、绿色贷款、普惠贷款、养老产业贷款、数字经济产业贷款分别同比增长11.5%、20.2%、10.9%、50.5%、14.1%，均保持两位数增长，持续高于全部贷款增速。人民币汇率在复杂形势下保持基本稳定，2025年末，人民币对美元汇率收盘价为6.9890元，较2024年末升值4.4%，中国外汇交易中心（CFETS）人民币汇率指数为97.99，较2024年末贬值3.4%。当前外部环境变化影响加深，世界经济增长动能不足，贸易壁垒增多，主要经济体经济表现有所分化，通胀走势和货币政策调整存在不确定性。我国经济运行总体平稳、稳中有进，高质量发展取得新成效，但仍存在供强需弱等挑战。同时，我国经济基础稳、优势多、韧性强、潜能大，长期向好的支撑条件和基本趋势没有变，要坚定信心、用好优势、应对挑战，不断巩固拓展经济稳中向好势头。下阶段，中国人民银行将坚持以习近平新时代中国特色社会主义思想为指导，全面贯彻落实党的二十大和二十届历次全会、中央经济工作会议精神，牢牢把握高质量发展首要任务，扎实推进中国式现代化，坚持稳中求进工作总基调，完整、准确、全面贯彻新发展理念，加快构建新发展格局，把做强国内大循环摆到更加突出的位置，统筹好总供给和总需求的关系，增强宏观政策前瞻性针对性协同性，着力扩大内需、优化供给，做优增量、盘活存量，不断巩固拓展经济稳中向好势头。坚定不移走中国特色金融发展之路，进一步深化金融改革和高水平对外开放，加快建设金融强国，完善中央银行制度，构建科学稳健的货币政策体系和覆盖全面的宏观审慎管理体系，畅通货币政策传导机制。平衡好短期与长期、支持实体经济与保持银行体系自身健康性、内部均衡与外部均衡的关系，强化宏观政策取向一致性，做好逆周期和跨周期调节，提升宏观经济治理效能，支持“十五五”实现良好开局。继续实施好适度宽松的货币政策。把促进经济稳定增长、物价合理回升作为货币政策的重要考量，根据国内外经济金融形势和金融市场运行情况，把握好政策实施的力度、节奏和时机。灵活高效运用降准降息等多种政策工具，保持流动性充裕和社会融资条件相对宽松，引导金融总量合理增长、信贷均衡投放，使社会融资规模、货币供应量增长同经济增长、价格总水平预期目标相匹配。进一步完善利率调控框架，强化央行政策利率引导，完善市场化利率形成传导机制，发挥市场利率定价自律机制作用，加强利率政策执行和监督，降低银行负债成本，促进社会综合融资成本低位运行。有序扩大明示企业贷款综合融资成本工作覆盖面。发挥好货币政策工具总量和结构双重功能，有效落实好各类结构性货币政策工具，扎实做好金融“五篇大文章”，加强对扩大内需、科技创新、中小微企业等重点领域的金融支持。坚持以市场供求为基础、参考一篮子货币进行调节、有管理的浮动汇率制度，保持汇率弹性，发挥汇率调节宏观经济和国际收支自动稳定器功能，强化预期引导，防范汇率超调风险，保持人民币汇率在合理均衡水平上的基本稳定。拓展丰富中央银行宏观审慎和金融稳定功能，完善宏观审慎和金融稳定管理工具箱，维护金融市场稳定，坚决守住不发生系统性金融风险的底线。2025年第四季度中国货币政策执行报告.pdf,https://www.pbc.gov.cn/goutongjiaoliu/113456/113469/2026021015313474520/index.html,e94dd6b68a5aa1aa4c03f6fd61423c8b626e9c8076388c1482ceec4b32273232
HR-030,PBC-REPORT-20260812-f1aff3d6fc,中国人民银行,2026-08-12 09:00:00,2026年第二季度中国货币政策执行报告,内容摘要。今年以来，在以习近平同志为核心的党中央坚强领导下，我国经济呈现动能向新、结构向优的发展态势。上半年国内生产总值（GDP）同比增长4.7%。中国人民银行坚持以习近平新时代中国特色社会主义思想为指导，坚决落实党中央、国务院决策部署，继续实施适度宽松的货币政策，发挥存量政策与增量政策集成效应，为巩固经济稳中向好态势创造适宜的货币金融环境。一是保持银行体系流动性充裕，金融总量合理增长。综合运用逆回购、中期借贷便利、国债买卖操作等多种货币政策工具，保持流动性充裕。完善短端利率调控机制，在公开市场操作中增加隔夜逆回购操作品种，并将临时正、逆回购操作区间宽度由70个基点收窄至50个基点，增强货币市场利率调控的精准性、有效性。创设境外央行回购工具，便利境外央行类机构的人民币流动性管理和人民币债券资产配置。引导金融机构信贷均衡投放，有力支持实体经济有效信贷需求。二是推动社会综合融资成本低位运行。下调结构性货币政策工具利率0.25个百分点，持续推进明示企业贷款综合融资成本工作，降低融资中间费用。更好发挥市场利率定价自律机制作用，维护市场公平竞争秩序，提升银行自主理性定价能力。三是激励引导金融机构加大对重点领域的支持力度。出台并落实好一系列结构性货币政策措施，扩大工具规模和支持范围，完善政策要素，合并使用支农支小再贷款与再贴现额度，增加支农支小再贷款以及科技创新和技术改造再贷款额度，单设1万亿元民营企业再贷款，合并设立科技创新与民营企业债券风险分担工具，进一步助力经济结构转型优化。积极稳妥实施一次性信用修复政策，支持符合条件的逾期人群高效便捷重塑信用。四是保持汇率基本稳定。坚持市场供求在汇率形成中起决定性作用，发挥好汇率对宏观经济、国际收支的调节功能，综合施策，保持人民币汇率在合理均衡水平上的基本稳定。鼓励金融机构提升汇率避险服务水平。在上海自贸区开展离岸人民币外汇交易，促进在岸和离岸人民币市场融合。五是稳妥有序推动重点领域风险处置。稳步推进重点机构和重点区域金融风险处置。银行间市场数据报告库正式挂牌，提升对金融市场的穿透监测能力。适度宽松的货币政策效果持续显现，社会融资条件较为宽松，金融服务实体经济质效不断提升。金融总量保持合理增长，6月末社会融资规模存量、广义货币供应量（M2）同比分别增长7.4%和8.0%。银行体系流动性充裕，货币市场隔夜利率DR001前6个月均值为1.31%，总体运行平稳。社会综合融资成本低位运行，6月新发放企业贷款利率约为3.0%，较上年同期低约20个基点；新发放个人住房贷款利率约为3.1%，与上年同期基本持平。信贷资金投向继续优化，6月末科技贷款、绿色贷款、普惠贷款、养老产业贷款、数字经济产业贷款分别同比增长12.6%、14.5%、7.8%、23.5%、15.1%，持续高于全部贷款增速。外汇市场供求基本平稳，人民币汇率在合理均衡水平上保持基本稳定，6月末，人民币对美元汇率收盘价为6.7852元，较上年末升值3%，中国外汇交易中心（CFETS）人民币汇率指数为102.59，较上年末升值4.7%。当前外部环境更加复杂多变，世界经济增长动能疲弱，地缘冲突和经贸摩擦多发频发，供给冲击和输入型通胀压力影响仍在持续，全球通胀水平有所抬升，主要经济体央行货币政策趋向调整。我国经济高质量发展取得新成效，后劲持续增强，经济长期向好的内在支撑更加坚实，制度优势和大国优势不断彰显，要坚定信心，保持高质量发展战略定力，切实巩固拓展经济稳中向好态势。下阶段，中国人民银行将坚持以习近平新时代中国特色社会主义思想为指导，全面贯彻落实党的二十届四中全会、中央经济工作会议和全国“两会”精神，牢牢把握高质量发展首要任务，扎实推进中国式现代化，坚持稳中求进工作总基调，完整准确全面贯彻新发展理念，充分发挥各项存量政策效能，及时谋划出台务实管用的增量政策，加大逆周期调节力度，加力扩大内需、优化供给，推动经济持续向新向优向好发展。坚定不移走中国特色金融发展之路，进一步深化金融改革和高水平对外开放，加快建设金融强国，完善中央银行制度，构建科学稳健的货币政策体系和覆盖全面的宏观审慎管理体系，畅通货币政策传导机制。继续实施好适度宽松的货币政策。增强政策前瞻性灵活性针对性，根据国内外经济金融形势和金融市场运行情况，把握好政策实施的力度、节奏和时机，加强与财政政策协同配合，支持经济稳定增长、高质量发展和金融市场平稳运行。综合运用并适时调整货币政策工具，保持流动性充裕和社会融资条件相对宽松，引导社会融资规模、货币供应量增长同经济增长、价格总水平预期目标相匹配。平稳有序推动货币政策操作框架改革完善，更好引导货币市场短端利率围绕政策利率平稳运行。发挥市场利率定价自律机制作用，加强利率政策执行和监督，推动贷款定价基准多元化，引导金融机构提高利率定价能力，持续深化明示企业贷款综合融资成本工作，降低融资中间费用，促进社会综合融资成本低位运行。发挥好货币政策工具总量和结构双重功能，落实好年初出台的一系列货币金融政策，不断完善工具设计和管理，扎实做好金融“五篇大文章”，加强对扩大内需、科技创新、中小微企业等重点领域的金融支持。坚持以市场供求为基础、参考一篮子货币进行调节、有管理的浮动汇率制度，保持汇率弹性，发挥汇率调节宏观经济和国际收支自动稳定器功能，综合施策，增强外汇市场韧性，稳定市场预期，防范汇率超调风险，保持人民币汇率在合理均衡水平上的基本稳定。拓展丰富中央银行宏观审慎和金融稳定功能，创新金融工具，维护金融市场平稳运行，坚决守住不发生系统性金融风险的底线。2026年第二季度中国货币政策执行报告.pdf,https://www.pbc.gov.cn/goutongjiaoliu/113456/113469/2026081218034520348/index.html,b20eba89a6549be9d746b936f59594adc45bd2e94c25eac8552ca5c8b142bf8a
HR-031,NBS-MACRO-SEED-01,国家统计局,2015-02-10 23:59:59,2015年1月份居民消费价格变动情况,2015年1月份居民消费价格变动情况-国家统计局。EN。搜索。首页。机构。新闻。时政要闻。统计新闻。数据。公开。服务。互动。知识。专题。2015年1月份居民消费价格变动情况。2015/02/1009:30。|。Aa。字体：。小。中。大。|。分享到：。2015。年。1。月份，全国居民消费价格总水平同比上涨。0.8%。。其中，城市上涨。0.8%。，农村上涨。0.6%。；食品价格上涨。1.1%。，非食品价格上涨。0.6%。；消费品价格上涨。0.5%。，服务价格上涨。1.3%。。。1。月份，全国居民消费价格总水平环比上涨。0.3%。。其中，城市上涨。0.3%。，农村上涨。0.2%。；食品价格上涨。0.7%。，非食品价格持平（涨跌幅度为。0。，下同）；消费品价格上涨。0.2%。，服务价格上涨。0.3%。。。一、各类商品及服务价格同比变动情况。1。月份，食品价格同比上涨。1.1%。，影响居民消费价格总水平上涨约。0.37。个百分点。其中，蛋价上涨。8.3%。，影响居民消费价格总水平上涨约。0.07。个百分点；鲜果价格上涨。3.3%。，影响居民消费价格总水平上涨约。0.08。个百分点；粮食价格上涨。2.9%。，影响居民消费价格总水平上涨约。0.09。个百分点；水产品价格上涨。0.4%。，影响居民消费价格总水平上涨约。0.01。个百分点；肉禽及其制品价格下降。0.8%。，影响居民消费价格总水平下降约。0.06。个百分点（猪肉价格下降。5.3%。，影响居民消费价格总水平下降约。0.17。个百分点）；鲜菜价格下降。0.6%。，影响居民消费价格总水平下降约。0.02。个百分点。。1。月份，非食品价格同比上涨。0.6%。。其中，衣着、医疗保健和个人用品、家庭设备用品及维修服务、居住、娱乐教育文化用品及服务价格分别上涨。2.9%。、。1.6%。、。0.9%。、。0.8%。和。0.3%。；交通和通信、烟酒及用品价格分别下降。2.2%。和。0.4%。。。据测算，在。1。月份。0.8%。的居民消费价格总水平同比涨幅中，去年价格上涨的翘尾因素约为。0.5。个百分点，新涨价因素约为。0.3。个百分点。。二、各类商品及服务价格环比变动情况。1。月份，食品价格环比上涨。0.7%。。其中，鲜菜价格上涨。4.0%。，影响居民消费价格总水平上涨约。0.13。个百分点；鲜果价格上涨。3.9%。，影响居民消费价格总水平上涨约。0.09。个百分点；水产品价格上涨。2.2%。，影响居民消费价格总水平上涨约。0.06。个百分点；猪肉价格下降。1.4%。，影响居民消费价格总水平下降约。0.04。个百分点；蛋价格下降。3.4%。，影响居民消费价格总水平下降约。0.03。个百分点。。1。月份，非食品价格环比持平。其中，医疗保健和个人用品、娱乐教育文化用品及服务、家庭设备用品及维修服务价格分别上涨。0.4%。、。0.4%。和。0.2%。；烟酒及用品、居住价格持平；交通和通信、衣着价格分别下降。0.4%。和。0.3%。。。2015。年。1。月居民消费价格主要数据。1。月。环比涨跌幅（。%。）。同比涨跌幅（。%。）。居民消费价格。0.3。0.8。其中：城市。0.3。0.8。农村。0.2。0.6。其中：食品。0.7。1.1。非食品。0.0。0.6。其中：消费品。0.2。0.5。服务。0.3。1.3。其中：不包括食品和能源。0.2。1.2。其中：不包括鲜菜和鲜果。0.0。0.8。分类别。一、食品。0.7。1.1。粮食。0.1。2.9。油脂。-0.4。-5.1。肉禽及其制品。-0.6。-0.8。其中。:。猪肉。-1.4。-5.3。牛肉。0.1。1.4。羊肉。-0.3。-2.5。蛋。-3.4。8.3。水。产。品。2.2。0.4。鲜菜。4.0。-0.6。鲜果。3.9。3.3。液体乳及乳制品。-0.3。-0.5。二、烟酒及用品。0.0。-0.4。烟草。0.0。0.1。酒。-0.1。-1.1。三、衣着。-0.3。2.9。服装。-0.4。3.0。鞋。-0.2。2.6。衣着加工服务费。0.7。5.7。四、家庭设备用品及维修服务。0.2。0.9。耐用消费品。0.0。0.3。家庭服务及加工维修服务。1.6。4.6。五、医疗保健和个人用品。0.4。1.6。中药材及中成药。0.3。2.3。西药。0.2。1.2。医疗保健服务。0.5。1.7。六、交通和通信。-0.4。-2.2。交通工具。-0.1。-1.1。车用燃料及零配件。-6.7。-18.3。车辆使用及维修费。0.2。2.3。通信工具。0.1。-2.5。通信服务。0.0。-0.1。七、娱乐教育文化用品及服务。0.4。0.3。教育服务。0.2。3.0。旅游。1.0。-7.8。八、居住。0.0。0.8。建房及装修材料。0.1。0.4。住房租金。0.2。2.6。水、电、燃料。-0.3。-2.0。附注。1。、指标解释。居民消费价格指数（。ConsumerPriceIndex。，简称。CPI。）是度量居民生活消费品和服务价格水平随着时间变动的相对数，综合反映居民购买的生活消费品和服务价格水平的变动情况。。2。、统计范围。全国居民消费价格指数（。CPI。）涵盖全国城乡居民生活消费的食品、烟酒及用品、衣着、家庭设备用品及维修服务、医疗保健和个人用品、交通和通信、娱乐教育文化用品及服务、居住等八大类、。262。个基本分类的商品与服务价格。。3。、调查方法。采用抽样调查方法抽选确定调查网点，按照“定人、定点、定时”的原则，直接派人到调查网点采集原始价格。数据来源于全国。31。个省（区、市）。500。个市县、。6.3。余万家价格调查点，包括食杂店、百货店、超市、便利店、专业市场、专卖店、购物中心以及农贸市场与服务消费单位等。。2015。年。1。月份，全国居民消费价格总水平同比上涨。0.8%。。其中，城市上涨。0.8%。，农村上涨。0.6%。；食品价格上涨。1.1%。，非食品价格上涨。0.6%。；消费品价格上涨。0.5%。，服务价格上涨。1.3%。。。1。月份，全国居民消费价格总水平环比上涨。0.3%。。其中，城市上涨。0.3%。，农村上涨。0.2%。；食品价格上涨。0.7%。，非食品价格持平（涨跌幅度为。0。，下同）；消费品价格上涨。0.2%。，服务价格上涨。0.3%。。。一、各类商品及服务价格同比变动情况。1。月份，食品价格同比上涨。1.1%。，影响居民消费价格总水平上涨约。0.37。个百分点。其中，蛋价上涨。8.3%。，影响居民消费价格总水平上涨约。0.07。个百分点；鲜果价格上涨。3.3%。，影响居民消费价格总水平上涨约。0.08。个百分点；粮食价格上涨。2.9%。，影响居民消费价格总水平上涨约。0.09。个百分点；水产品价格上涨。0.4%。，影响居民消费价格总水平上涨约。0.01。个百分点；肉禽及其制品价格下降。0.8%。，影响居民消费价格总水平下降约。0.06。个百分点（猪肉价格下降。5.3%。，影响居民消费价格总水平下降约。0.17。个百分点）；鲜菜价格下降。0.6%。，影响居民消费价格总水平下降约。0.02。个百分点。。1。月份，非食品价格同比上涨。0.6%。。其中，衣着、医疗保健和个人用品、家庭设备用品及维修服务、居住、娱乐教育文化用品及服务价格分别上涨。2.9%。、。1.6%。、。0.9%。、。0.8%。和。0.3%。；交通和通信、烟酒及用品价格分别下降。2.2%。和。0.4%。。。据测算，在。1。月份。0.8%。的居民消费价格总水平同比涨幅中，去年价格上涨的翘尾因素约为。0.5。个百分点，新涨价因素约为。0.3。个百分点。。二、各类商品及服务价格环比变动情况。1。月份，食品价格环比上涨。0.7%。。其中，鲜菜价格上涨。4.0%。，影响居民消费价格总水平上涨约。0.13。个百分点；鲜果价格上涨。3.9%。，影响居民消费价格总水平上涨约。0.09。个百分点；水产品价格上涨。2.2%。，影响居民消费价格总水平上涨约。0.06。个百分点；猪肉价格下降。1.4%。，影响居民消费价格总水平下降约。0.04。个百分点；蛋价格下降。3.4%。，影响居民消费价格总水平下降约。0.03。个百分点。。1。月份，非食品价格环比持平。其中，医疗保健和个人用品、娱乐教育文化用品及服务、家庭设备用品及维修服务价格分别上涨。0.4%。、。0.4%。和。0.2%。；烟酒及用品、居住价格持平；交通和通信、衣着价格分别下降。0.4%。和。0.3%。。。2015。年。1。月居民消费价格主要数据。1。月。环比涨跌幅（。%。）。同比涨跌幅（。%。）。居民消费价格。0.3。0.8。其中：城市。0.3。0.8。农村。0.2。0.6。其中：食品。0.7。1.1。非食品。0.0。0.6。其中：消费品。0.2。0.5。服务。0.3。1.3。其中：不包括食品和能源。0.2。1.2。其中：不包括鲜菜和鲜果。0.0。0.8。分类别。一、食品。0.7。1.1。粮食。0.1。2.9。油脂。-0.4。-5.1。肉禽及其制品。-0.6。-0.8。其中。:。猪肉。-1.4。-5.3。牛肉。0.1。1.4。羊肉。-0.3。-2.5。蛋。-3.4。8.3。水。产。品。2.2。0.4。鲜菜。4.0。-0.6。鲜果。3.9。3.3。液体乳及乳制品。-0.3。-0.5。二、烟酒及用品。0.0。-0.4。烟草。0.0。0.1。酒。-0.1。-1.1。三、衣着。-0.3。2.9。服装。-0.4。3.0。鞋。-0.2。2.6。衣着加工服务费。0.7。5.7。四、家庭设备用品及维修服务。0.2。0.9。耐用消费品。0.0。0.3。家庭服务及加工维修服务。1.6。4.6。五、医疗保健和个人用品。0.4。1.6。中药材及中成药。0.3。2.3。西药。0.2。1.2。医疗保健服务。0.5。1.7。六、交通和通信。-0.4。-2.2。交通工具。-0.1。-1.1。车用燃料及零配件。-6.7。-18.3。车辆使用及维修费。0.2。2.3。通信工具。0.1。-2.5。通信服务。0.0。-0.1。七、娱乐教育文化用品及服务。0.4。0.3。教育服务。0.2。3.0。旅游。1.0。-7.8。八、居住。0.0。0.8。建房及装修材料。0.1。0.4。住房租金。0.2。2.6。水、电、燃料。-0.3。-2.0。附注。1。、指标解释。居民消费价格指数（。ConsumerPriceIndex。，简称。CPI。）是度量居民生活消费品和服务价格水平随着时间变动的相对数，综合反映居民购买的生活消费品和服务价格水平的变动情况。。2。、统计范围。全国居民消费价格指数（。CPI。）涵盖全国城乡居民生活消费的食品、烟酒及用品、衣着、家庭设备用品及维修服务、医疗保健和个人用品、交通和通信、娱乐教育文化用品及服务、居住等八大类、。262。个基本分类的商品与服务价格。。3。、调查方法。采用抽样调查方法抽选确定调查网点，按照“定人、定点、定时”的原则，直接派人到调查网点采集原始价格。数据来源于全国。31。个省（区、市）。500。个市县、。6.3。余万家价格调查点，包括食杂店、百货店、超市、便利店、专业市场、专卖店、购物中心以及农贸市场与服务消费单位等。。[责任编辑:]。相关链接。政府机构网站。地方政府网站。地方统计网站。社会团体网站。国际组织网站。政府机构网站。地方政府网站。地方统计网站。社会团体网站。国际组织网站。中央人民政府门户网站。外交部。国防部。国家发展改革委。教育部。科技部。工业和信息化部。国家民委。公安部。国家安全部。民政部。司法部。财政部。人力资源社会保障部。自然资源部。生态环境部。住房城乡建设部。交通运输部。水利部。农业农村部。商务部。文化和旅游部。国家卫生健康委。退役军人事务部。应急管理部。中国人民银行。审计署。国务院国资委。海关总署。税务总局。市场监管总局。金融监管总局。中国证监会。广电总局。体育总局。国家信访局。国家统计局。国家知识产权局。国家国际发展合作署。国家医保局。国务院参事室。国管局。国务院研究室。国务院侨办。国务院港澳办。国务院台办。国家网信办。国务院新闻办。新华社。中国科学院。中国社科院。中国工程院。国务院发展研究中心。中央广电总台。中国气象局。国家粮食和物资储备局。国家能源局。国家国防科工局。国家烟草局。国家移民局。国家林草局。国家铁路局。中国民航局。国家邮政局。国家文物局。国家中医药局。国家疾控局。国家矿山安监局。国家消防救援局。国家外汇局。国家药监局。北京。天津。河北。山西。内蒙古。辽宁。吉林。黑龙江。上海。江苏。浙江。安徽。福建。江西。山东。河南。湖北。湖南。广东。广西。海南。重庆。四川。贵州。云南。西藏。陕西。甘肃。青海。宁夏。新疆。兵团。北京局。天津局。河北局。山西局。内蒙古局。辽宁局。吉林局。黑龙江局。上海局。江苏局。浙江局。安徽局。福建局。江西局。山东局。河南局。湖北局。湖南局。广东局。广西局。海南局。重庆局。四川局。贵州局。云南局。西藏局。陕西局。甘肃局。青海局。宁夏局。新疆局。兵团局。天津总队。山西总队。江苏总队。浙江总队。安徽总队。河南总队。湖南总队。广东总队。云南总队。陕西总队。新疆总队。兵团总队。中国统计学会。联合国。联合国经济和社会事务部。联合国统计司。世贸组织。粮农组织。劳工组织。基金组织。工发组织。教科文组织。世卫组织。世界银行。欧盟。经合组织。联合国开发署。联合国人口基金。联合国环境署。联合国儿童基金。世界粮食计划署。国际组织网站。版权所有:国家统计局。联系我们。服务条款。网站地图。地址:北京市西城区月坛南街57号(100826)。京ICP备05034670号-2。京公网安备11040102700142号。网站标识码bm36000002。中央人民政府门户网站。外交部。国防部。国家发展改革委。教育部。科技部。工业和信息化部。国家民委。公安部。国家安全部。民政部。司法部。财政部。人力资源社会保障部。自然资源部。生态环境部。住房城乡建设部。交通运输部。水利部。农业农村部。商务部。文化和旅游部。国家卫生健康委。退役军人事务部。应急管理部。中国人民银行。审计署。国务院国资委。海关总署。税务总局。市场监管总局。金融监管总局。中国证监会。广电总局。体育总局。国家信访局。国家统计局。国家知识产权局。国家国际发展合作署。国家医保局。国务院参事室。国管局。国务院研究室。国务院侨办。国务院港澳办。国务院台办。国家网信办。国务院新闻办。新华社。中国科学院。中国社科院。中国工程院。国务院发展研究中心。中央广电总台。中国气象局。国家粮食和物资储备局。国家能源局。国家国防科工局。国家烟草局。国家移民局。国家林草局。国家铁路局。中国民航局。国家邮政局。国家文物局。国家中医药局。国家疾控局。国家矿山安监局。国家消防救援局。国家外汇局。国家药监局。北京。天津。河北。山西。内蒙古。辽宁。吉林。黑龙江。上海。江苏。浙江。安徽。福建。江西。山东。河南。湖北。湖南。广东。广西。海南。重庆。四川。贵州。云南。西藏。陕西。甘肃。青海。宁夏。新疆。兵团。北京局。天津局。河北局。山西局。内蒙古局。辽宁局。吉林局。黑龙江局。上海局。江苏局。浙江局。安徽局。福建局。江西局。山东局。河南局。湖北局。湖南局。广东局。广西局。海南局。重庆局。四川局。贵州局。云南局。西藏局。陕西局。甘肃局。青海局。宁夏局。新疆局。兵团局。天津总队。山西总队。江苏总队。浙江总队。安徽总队。河南总队。湖南总队。广东总队。云南总队。陕西总队。新疆总队。兵团总队。中国统计学会。联合国。联合国经济和社会事务部。联合国统计司。世贸组织。粮农组织。劳工组织。基金组织。工发组织。教科文组织。世卫组织。世界银行。欧盟。经合组织。联合国开发署。联合国人口基金。联合国环境署。联合国儿童基金。世界粮食计划署。国际组织网站,https://www.stats.gov.cn/sj/zxfb/202302/t20230203_1898695.html,34e9afaacc03abb455e8a4bac6239f1f4ae911aac0d4bda3da48d4de5bce928c
HR-032,HIST-NBS-004,国家统计局,2015-06-11 23:59:59,2015年5月份规模以上工业增加值增长6.1%,2015年5月份规模以上工业增加值增长6.1% - 国家统计局 EN 搜索 首页 机构 新闻 时政要闻 统计新闻 数据 公开 服务 互动 知识 专题 2015年5月份规模以上工业增加值增长6.1% 2015/06/11 13:30 | Aa 字体： 小 中 大 | 分享到： 2015 年 5 月份，规模以上工业增加值同比实际增长 6.1% （以下增加值增速均为扣除价格因素的实际增长率），比 4 月份加快 0.2 个百分点。从环比看， 5 月份，规模以上工业增加值比上月增长 0.52% 。 1-5 月份，规模以上工业增加值同比增长 6.2% 。 分三大门类看， 5 月份，采矿业增加值同比增长 3.9% ，制造业增长 6.7% ，电力、热力、燃气及水生产和供应业增长 2.2% 。 分经济类型看， 5 月份，国有控股企业增加值同比增长 2.2% ，集体企业增长 1.2% ，股份制企业增长 7.5% ，外商及港澳台商投资企业增长 3.0% 。 分行业看， 5 月份， 41 个大类行业中有 39 个行业增加值保持同比增长。其中，农副食品加工业增长 5.1% ，纺织业增长 8.0% ，化学原料和化学制品制造业增长 8.8% ，非金属矿物制品业增长 5.1% ，黑色金属冶炼和压延加工业增长 5.7% ，有色金属冶炼和压延加工业增长 8.5% ，通用设备制造业增长 2.7% ，专用设备制造业增长 3.1% ，汽车制造业增长 4.4% ，铁路、船舶、航空航天和其他运输设备制造业增长 5.1% ，电气机械和器材制造业增长 6.5% ，计算机、通信和其他电子设备制造业增长 9.9% ，电力、热力生产和供应业增长 1.4% 。 分地区看， 5 月份，东部地区增加值同比增长 6.7% ，中部地区增长 6.5% ，西部地区增长 7.8% ，东北地区下降 4.6% 。 分产品看， 5 月份， 565 种产品中有 269 种产品同比增长。其中，钢材 9848 万吨，同比增长 2.1% ；水泥 22044 万吨，下降 5.4% ；十种有色金属 434 万吨，增长 11.4% ；乙烯 129 万吨，下降 5.9% ；汽车 198.4 万辆，下降 1.6% ；轿车 91.7 万辆，下降 15.0% ；原油加工量 4392 万吨，增长 7.4% ；发电量 4562 亿千瓦时，同比持平。 5 月份，工业企业产品销售率为 97.5 % ，比上年同期下降 0.3 个百分点。工业企业实现出口交货值 9580 亿元，同比名义下降 3.0% 。 2015 年 5 月份规模以上工业生产主要数据 5 月 1-5 月 绝对量 同比增长 （ % ） 绝对量 同比增长 （ % ） 一、规模以上工业增加值 … 6.1 … 6.2 分三大门类 采矿业 … 3.9 … 3.3 制造业 … 6.7 … 6.9 电力、热力、燃气及水生产和供应业 … 2.2 … 2.2 分经济类型 国有控股企业 … 2.2 … 1.8 集体企业 … 1.2 … 1.7 股份制企业 … 7.5 … 7.4 外商及港澳台商投资企业 … 3.0 … 3.7 主要行业增加值 农副食品加工业 … 5.1 … 4.4 食品制造业 … 7.2 … 6.5 纺织业 … 8.0 … 6.9 化学原料和化学制品制造业 … 8.8 … 9.6 医药制造业 … 8.6 … 10.5 橡胶和塑料制品业 … 8.6 … 8.1 非金属矿物制品业 … 5.1 … 6.3 黑色金属冶炼和压延加工业 … 5.7 … 4.9 有色金属冶炼和压延加工业 … 8.5 … 10.2 金属制品业 … 7.2 … 8.3 通用设备制造业 … 2.7 … 3.4 专用设备制造业 … 3.1 … 2.2 汽车制造业 … 4.4 … 6.4 铁路、船舶、航空航天和其他运输设备制造业 … 5.1 … 10.3 电气机械和器材制造业 … 6.5 … 7.0 计算机、通信和其他电子设备制造业 … 9.9 … 11.2 电力、热力生产和供应业 … 1.4 … 1.2 主要产品产量 布 ( 亿米 ) 59 1.9 269 3.7 硫酸（折 100 ％） ( 万吨 ) 717 5.1 3637 6.0 烧碱（折 100 ％） ( 万吨 ) 258 -1.9 1266 -2.0 乙烯 ( 万吨 ) 129 -5.9 698 1.3 化学纤维 ( 万吨 ) 413 11.1 1885 11.0 水泥 ( 万吨 ) 22044 -5.4 85734 -5.1 平板玻璃 ( 万重量箱 ) 7210 -2.3 32864 -5.7 生铁 ( 万吨 ) 6096 -2.0 29712 -2.4 粗钢 ( 万吨 ) 6995 -1.7 34017 -1.6 钢材 ( 万吨 ) 9848 2.1 45997 2.2 十种有色金属 ( 万吨 ) 434 11.4 2070 8.7 氧化铝 ( 万吨 ) 465 7.1 2341 13.5 金属切削机床 ( 万台 ) 7 -5.7 32 -2.7 汽车 ( 万辆 ) 198.4 -1.6 1033.9 2.2 轿车 ( 万辆 ) 91.7 -15.0 503.1 -5.2 发电机组（发电设备） ( 万千瓦 ) 904 -32.9 5372 -10.7 微型计算机设备 ( 万台 ) 2404 -9.0 11735 -11.7 移动通信手持机 ( 万台 ) 12762 -8.0 61683 -5.6 集成电路 ( 亿块 ) 93 6.6 420 11.1 原煤（万吨） 30939 -6.1 146036 -6.0 焦炭（万吨） 3769 -4.2 18781 -2.8 发电量（亿千瓦时） 4562 0.0 22187 0.2 火力发电量（亿千瓦时） 3444 -1.7 17393 -3.1 水力发电量（亿千瓦时） 767 2.0 3182 11.5 原油加工量（万吨） 4392 7.4 21441 5.4 天然原油（万吨） 1814 2.0 8792 1.8 天然气（亿立方米） 99 -2.0 532 2.1 产品销售率（ % ） 97.5 -0.3( 百分点 ) 97.4 0.0 ( 百分点 ) 出口交货值（亿元） 9580 -3.0 45437 0.3 附注 1 、指标解释 工业增加值增长速度 : 即工业增长速度，是用来反映一定时期工业生产物量增减变动程度的指标。利用该指标，可以判断短期工业经济的运行走势，判断经济的景气程度，也是制定和调整经济政策，实施宏观调控的重要参考和依据。 产品销售率：是销售产值和工业总产值的比率，用来反映工业产品的产销衔接情况。 出口交货值：是指工业企业交给外贸部门或自营（委托）出口（包括销往香港、澳门、台湾），用外汇价格结算的产品价值，以及外商来样、来料加工、来件装配和补偿贸易等生产的产品价值。在计算出口交货值时，要把外汇价格按交易时的汇率折成人民币计算。 日均产品产量：是以当月公布的规模以上工业企业总产量除以该月日历天数计算得到。 由于规模以上工业企业范围每年发生变化，为保证本年数据与上年可比，计算产品产量等各项指标同比增长速度所采用的同期数与本期的企业统计范围相一致，和上年公布的数据存在口径差异。 2 、统计范围 规模以上工业的统计范围为年主营业务收入 2000 万元以上的工业企业。 3 、调查方法 规模以上工业企业工业生产报表按月进行全面调查（ 1 月份数据免报）。 4 、东、中、西部和东北地区划分 东部地区包括北京、天津、河北、上海、江苏、浙江、福建、山东、广东、海南 10 个省（市）；中部地区包括山西、安徽、江西、河南、湖北、湖南 6 个省；西部地区包括内蒙古、广西、重庆、四川、贵州、云南、西藏、陕西、甘肃、青海、宁夏、新疆 12 个省（市、自治区）；东北地区包括辽宁、吉林、黑龙江 3 个省。 5 、行业分类标准 执行国民经济行业分类标准（ GB/T 4754-2011 ）。 6 、环比数据修订 根据季节调整模型自动修正结果，对 2014 年 5 月至 2015 年 4 月份规模以上工业增加值环比增速进行修订。修订结果及 2015 年 5 月份环比数据如下： 月份 环比增速（ % ） 2014 年 5 月 0.58 6 月 0.67 7 月 0.60 8 月 0.17 9 月 0.82 10 月 0.45 11 月 0.44 12 月 0.68 2015 年 1 月 0.45 2 月 0.43 3 月 0.27 4 月 0.58 5 月 0.52 7 、日均产量修订 根据十种有色金属、汽车、轿车产量历史数据的修订结果，分别对 2014 年 5 月至 2015 年 1-2 月十种有色金属、汽车、轿车的日均产量进行了修订。 2015 年 5 月份，规模以上工业增加值同比实际增长 6.1% （以下增加值增速均为扣除价格因素的实际增长率），比 4 月份加快 0.2 个百分点。从环比看， 5 月份，规模以上工业增加值比上月增长 0.52% 。 1-5 月份，规模以上工业增加值同比增长 6.2% 。 分三大门类看， 5 月份，采矿业增加值同比增长 3.9% ，制造业增长 6.7% ，电力、热力、燃气及水生产和供应业增长 2.2% 。 分经济类型看， 5 月份，国有控股企业增加值同比增长 2.2% ，集体企业增长 1.2% ，股份制企业增长 7.5% ，外商及港澳台商投资企业增长 3.0% 。 分行业看， 5 月份， 41 个大类行业中有 39 个行业增加值保持同比增长。其中，农副食品加工业增长 5.1% ，纺织业增长 8.0% ，化学原料和化学制品制造业增长 8.8% ，非金属矿物制品业增长 5.1% ，黑色金属冶炼和压延加工业增长 5.7% ，有色金属冶炼和压延加工业增长 8.5% ，通用设备制造业增长 2.7% ，专用设备制造业增长 3.1% ，汽车制造业增长 4.4% ，铁路、船舶、航空航天和其他运输设备制造业增长 5.1% ，电气机械和器材制造业增长 6.5% ，计算机、通信和其他电子设备制造业增长 9.9% ，电力、热力生产和供应业增长 1.4% 。 分地区看， 5 月份，东部地区增加值同比增长 6.7% ，中部地区增长 6.5% ，西部地区增长 7.8% ，东北地区下降 4.6% 。 分产品看， 5 月份， 565 种产品中有 269 种产品同比增长。其中，钢材 9848 万吨，同比增长 2.1% ；水泥 22044 万吨，下降 5.4% ；十种有色金属 434 万吨，增长 11.4% ；乙烯 129 万吨，下降 5.9% ；汽车 198.4 万辆，下降 1.6% ；轿车 91.7 万辆，下降 15.0% ；原油加工量 4392 万吨，增长 7.4% ；发电量 4562 亿千瓦时，同比持平。 5 月份，工业企业产品销售率为 97.5 % ，比上年同期下降 0.3 个百分点。工业企业实现出口交货值 9580 亿元，同比名义下降 3.0% 。 2015 年 5 月份规模以上工业生产主要数据 5 月 1-5 月 绝对量 同比增长 （ % ） 绝对量 同比增长 （ % ） 一、规模以上工业增加值 … 6.1 … 6.2 分三大门类 采矿业 … 3.9 … 3.3 制造业 … 6.7 … 6.9 电力、热力、燃气及水生产和供应业 … 2.2 … 2.2 分经济类型 国有控股企业 … 2.2 … 1.8 集体企业 … 1.2 … 1.7 股份制企业 … 7.5 … 7.4 外商及港澳台商投资企业 … 3.0 … 3.7 主要行业增加值 农副食品加工业 … 5.1 … 4.4 食品制造业 … 7.2 … 6.5 纺织业 … 8.0 … 6.9 化学原料和化学制品制造业 … 8.8 … 9.6 医药制造业 … 8.6 … 10.5 橡胶和塑料制品业 … 8.6 … 8.1 非金属矿物制品业 … 5.1 … 6.3 黑色金属冶炼和压延加工业 … 5.7 … 4.9 有色金属冶炼和压延加工业 … 8.5 … 10.2 金属制品业 … 7.2 … 8.3 通用设备制造业 … 2.7 … 3.4 专用设备制造业 … 3.1 … 2.2 汽车制造业 … 4.4 … 6.4 铁路、船舶、航空航天和其他运输设备制造业 … 5.1 … 10.3 电气机械和器材制造业 … 6.5 … 7.0 计算机、通信和其他电子设备制造业 … 9.9 … 11.2 电力、热力生产和供应业 … 1.4 … 1.2 主要产品产量 布 ( 亿米 ) 59 1.9 269 3.7 硫酸（折 100 ％） ( 万吨 ) 717 5.1 3637 6.0 烧碱（折 100 ％） ( 万吨 ) 258 -1.9 1266 -2.0 乙烯 ( 万吨 ) 129 -5.9 698 1.3 化学纤维 ( 万吨 ) 413 11.1 1885 11.0 水泥 ( 万吨 ) 22044 -5.4 85734 -5.1 平板玻璃 ( 万重量箱 ) 7210 -2.3 32864 -5.7 生铁 ( 万吨 ) 6096 -2.0 29712 -2.4 粗钢 ( 万吨 ) 6995 -1.7 34017 -1.6 钢材 ( 万吨 ) 9848 2.1 45997 2.2 十种有色金属 ( 万吨 ) 434 11.4 2070 8.7 氧化铝 ( 万吨 ) 465 7.1 2341 13.5 金属切削机床 ( 万台 ) 7 -5.7 32 -2.7 汽车 ( 万辆 ) 198.4 -1.6 1033.9 2.2 轿车 ( 万辆 ) 91.7 -15.0 503.1 -5.2 发电机组（发电设备） ( 万千瓦 ) 904 -32.9 5372 -10.7 微型计算机设备 ( 万台 ) 2404 -9.0 11735 -11.7 移动通信手持机 ( 万台 ) 12762 -8.0 61683 -5.6 集成电路 ( 亿块 ) 93 6.6 420 11.1 原煤（万吨） 30939 -6.1 146036 -6.0 焦炭（万吨） 3769 -4.2 18781 -2.8 发电量（亿千瓦时） 4562 0.0 22187 0.2 火力发电量（亿千瓦时） 3444 -1.7 17393 -3.1 水力发电量（亿千瓦时） 767 2.0 3182 11.5 原油加工量（万吨） 4392 7.4 21441 5.4 天然原油（万吨） 1814 2.0 8792 1.8 天然气（亿立方米） 99 -2.0 532 2.1 产品销售率（ % ） 97.5 -0.3( 百分点 ) 97.4 0.0 ( 百分点 ) 出口交货值（亿元） 9580 -3.0 45437 0.3 附注 1 、指标解释 工业增加值增长速度 : 即工业增长速度，是用来反映一定时期工业生产物量增减变动程度的指标。利用该指标，可以判断短期工业经济的运行走势，判断经济的景气程度，也是制定和调整经济政策，实施宏观调控的重要参考和依据。 产品销售率：是销售产值和工业总产值的比率，用来反映工业产品的产销衔接情况。 出口交货值：是指工业企业交给外贸部门或自营（委托）出口（包括销往香港、澳门、台湾），用外汇价格结算的产品价值，以及外商来样、来料加工、来件装配和补偿贸易等生产的产品价值。在计算出口交货值时，要把外汇价格按交易时的汇率折成人民币计算。 日均产品产量：是以当月公布的规模以上工业企业总产量除以该月日历天数计算得到。 由于规模以上工业企业范围每年发生变化，为保证本年数据与上年可比，计算产品产量等各项指标同比增长速度所采用的同期数与本期的企业统计范围相一致，和上年公布的数据存在口径差异。 2 、统计范围 规模以上工业的统计范围为年主营业务收入 2000 万元以上的工业企业。 3 、调查方法 规模以上工业企业工业生产报表按月进行全面调查（ 1 月份数据免报）。 4 、东、中、西部和东北地区划分 东部地区包括北京、天津、河北、上海、江苏、浙江、福建、山东、广东、海南 10 个省（市）；中部地区包括山西、安徽、江西、河南、湖北、湖南 6 个省；西部地区包括内蒙古、广西、重庆、四川、贵州、云南、西藏、陕西、甘肃、青海、宁夏、新疆 12 个省（市、自治区）；东北地区包括辽宁、吉林、黑龙江 3 个省。 5 、行业分类标准 执行国民经济行业分类标准（ GB/T 4754-2011 ）。 6 、环比数据修订 根据季节调整模型自动修正结果，对 2014 年 5 月至 2015 年 4 月份规模以上工业增加值环比增速进行修订。修订结果及 2015 年 5 月份环比数据如下： 月份 环比增速（ % ） 2014 年 5 月 0.58 6 月 0.67 7 月 0.60 8 月 0.17 9 月 0.82 10 月 0.45 11 月 0.44 12 月 0.68 2015 年 1 月 0.45 2 月 0.43 3 月 0.27 4 月 0.58 5 月 0.52 7 、日均产量修订 根据十种有色金属、汽车、轿车产量历史数据的修订结果，分别对 2014 年 5 月至 2015 年 1-2 月十种有色金属、汽车、轿车的日均产量进行了修订。 [责任编辑:] 相关链接 政府机构网站 地方政府网站 地方统计网站 社会团体网站 国际组织网站 政府机构网站 地方政府网站 地方统计网站 社会团体网站 国际组织网站 中央人民政府门户网站 外交部 国防部 国家发展改革委 教育部 科技部 工业和信息化部 国家民委 公安部 国家安全部 民政部 司法部 财政部 人力资源社会保障部 自然资源部 生态环境部 住房城乡建设部 交通运输部 水利部 农业农村部 商务部 文化和旅游部 国家卫生健康委 退役军人事务部 应急管理部 中国人民银行 审计署 国务院国资委 海关总署 税务总局 市场监管总局 金融监管总局 中国证监会 广电总局 体育总局 国家信访局 国家统计局 国家知识产权局 国家国际发展合作署 国家医保局 国务院参事室 国管局 国务院研究室 国务院侨办 国务院港澳办 国务院台办 国家网信办 国务院新闻办 新华社 中国科学院 中国社科院 中国工程院 国务院发展研究中心 中央广电总台 中国气象局 国家粮食和物资储备局 国家能源局 国家国防科工局 国家烟草局 国家移民局 国家林草局 国家铁路局 中国民航局 国家邮政局 国家文物局 国家中医药局 国家疾控局 国家矿山安监局 国家消防救援局 国家外汇局 国家药监局 北京 天津 河北 山西 内蒙古 辽宁 吉林 黑龙江 上海 江苏 浙江 安徽 福建 江西 山东 河南 湖北 湖南 广东 广西 海南 重庆 四川 贵州 云南 西藏 陕西 甘肃 青海 宁夏 新疆 兵团 北京局 天津局 河北局 山西局 内蒙古局 辽宁局 吉林局 黑龙江局 上海局 江苏局 浙江局 安徽局 福建局 江西局 山东局 河南局 湖北局 湖南局 广东局 广西局 海南局 重庆局 四川局 贵州局 云南局 西藏局 陕西局 甘肃局 青海局 宁夏局 新疆局 兵团局 天津总队 山西总队 江苏总队 浙江总队 安徽总队 河南总队 湖南总队 广东总队 云南总队 陕西总队 新疆总队 兵团总队 中国统计学会 联合国 联合国经济和社会事务部 联合国统计司 世贸组织 粮农组织 劳工组织 基金组织 工发组织 教科文组织 世卫组织 世界银行 欧盟 经合组织 联合国开发署 联合国人口基金 联合国环境署 联合国儿童基金 世界粮食计划署 国际组织网站 版权所有: 国家统计局 联系我们 服务条款 网站地图 地址: 北京市西城区月坛南街57号 (100826) 京ICP备05034670号-2 京公网安备 11040102700142号 网站标识码bm36000002 中央人民政府门户网站 外交部 国防部 国家发展改革委 教育部 科技部 工业和信息化部 国家民委 公安部 国家安全部 民政部 司法部 财政部 人力资源社会保障部 自然资源部 生态环境部 住房城乡建设部 交通运输部 水利部 农业农村部 商务部 文化和旅游部 国家卫生健康委 退役军人事务部 应急管理部 中国人民银行 审计署 国务院国资委 海关总署 税务总局 市场监管总局 金融监管总局 中国证监会 广电总局 体育总局 国家信访局 国家统计局 国家知识产权局 国家国际发展合作署 国家医保局 国务院参事室 国管局 国务院研究室 国务院侨办 国务院港澳办 国务院台办 国家网信办 国务院新闻办 新华社 中国科学院 中国社科院 中国工程院 国务院发展研究中心 中央广电总台 中国气象局 国家粮食和物资储备局 国家能源局 国家国防科工局 国家烟草局 国家移民局 国家林草局 国家铁路局 中国民航局 国家邮政局 国家文物局 国家中医药局 国家疾控局 国家矿山安监局 国家消防救援局 国家外汇局 国家药监局 北京 天津 河北 山西 内蒙古 辽宁 吉林 黑龙江 上海 江苏 浙江 安徽 福建 江西 山东 河南 湖北 湖南 广东 广西 海南 重庆 四川 贵州 云南 西藏 陕西 甘肃 青海 宁夏 新疆 兵团 北京局 天津局 河北局 山西局 内蒙古局 辽宁局 吉林局 黑龙江局 上海局 江苏局 浙江局 安徽局 福建局 江西局 山东局 河南局 湖北局 湖南局 广东局 广西局 海南局 重庆局 四川局 贵州局 云南局 西藏局 陕西局 甘肃局 青海局 宁夏局 新疆局 兵团局 天津总队 山西总队 江苏总队 浙江总队 安徽总队 河南总队 湖南总队 广东总队 云南总队 陕西总队 新疆总队 兵团总队 中国统计学会 联合国 联合国经济和社会事务部 联合国统计司 世贸组织 粮农组织 劳工组织 基金组织 工发组织 教科文组织 世卫组织 世界银行 欧盟 经合组织 联合国开发署 联合国人口基金 联合国环境署 联合国儿童基金 世界粮食计划署 国际组织网站,https://www.stats.gov.cn/sj/zxfb/202302/t20230203_1898809.html,34ca3f96d7286ab1bb1d3c135807a3ddbff7bce5d32027cb7dd5a1fb380ec28c
HR-033,HIST-NBS-010,国家统计局,2015-12-12 23:59:59,2015年11月份规模以上工业增加值增长6.2%,2015年11月份规模以上工业增加值增长6.2% - 国家统计局 EN 搜索 首页 机构 新闻 时政要闻 统计新闻 数据 公开 服务 互动 知识 专题 2015年11月份规模以上工业增加值增长6.2% 2015/12/12 13:30 | Aa 字体： 小 中 大 | 分享到： 2015 年 11 月份，规模以上工业增加值同比实际增长 6.2 % （以下增加值增速均为扣除价格因素的实际增长率），比 10 月份加快 0.6 个百分点。从环比看， 11 月份，规模以上工业增加值比上月增长 0.58% 。 1-11 月份，规模以上工业增加值同比增长 6.1% 。 分三大门类看， 11 月份，采矿业增加值同比增长 0.3% ，制造业增长 7.2% ，电力、热力、燃气及水生产和供应业增长 2.2% 。 分经济类型看， 11 月份，国有控股企业增加值同比增长 2.8% ，集体企业下降 0.2% ，股份制企业增长 6.9% ，外商及港澳台商投资企业增长 5.2% 。 分行业看， 11 月份， 41 个大类行业中有 39 个行业增加值保持同比增长。其中，农副食品加工业增长 5.5% ，纺织业增长 6.4% ，化学原料和化学制品制造业增长 8.5% ，非金属矿物制品业增长 5.2% ，黑色金属冶炼和压延加工业增长 7.0% ，有色金属冶炼和压延加工业增长 11.8% ，通用设备制造业增长 2.5% ，专用设备制造业增长 2.2% ，汽车制造业增长 13.0% ，铁路、船舶、航空航天和其他运输设备制造业增长 2.6% ，电气机械和器材制造业增长 6.4% ，计算机、通信和其他电子设备制造业增长 11.1% ，电力、热力生产和供应业增长 1.2% 。 分地区看， 11 月份，东部地区增加值同比增长 7.3% ，中部地区增长 8.1% ，西部地区增长 7.8% ，东北地区下降 2.5% 。 分产品看， 11 月份， 565 种产品中有 280 种产品同比增长。其中，钢材 9396 万吨，同比增长 2.0% ；水泥 20494 万吨，下降 6.6% ；十种有色金属 444 万吨，增长 1.4% ；乙烯 146 万吨，增长 1.5% ；汽车 255.1 万辆，增长 16.0% ；轿车 119.5 万辆，增长 8.4% ；发电量 4660 亿千瓦时，增长 0.1% ；原油加工量 4392 万吨，增长 3.3% 。 11 月份，工业企业产品销售率为 97.4% ，比上年同期下降 0.2 个百分点。工业企业实现出口交货值 10739 亿元，同比名义下降 2.0% 。 2015 年 11 月份规模以上工业生产主要数据 11 月 1-11 月 绝对量 同比增长 （ % ） 绝对量 同比增长 （ % ） 一、规模以上工业增加值 … 6.2 … 6.1 分三大门类 采矿业 … 0.3 … 2.8 制造业 … 7.2 … 7.0 电力、热力、燃气及水生产和供应业 … 2.2 … 1.6 分经济类型 国有控股企业 … 2.8 … 1.3 集体企业 … -0.2 … 1.3 股份制企业 … 6.9 … 7.3 外商及港澳台商投资企业 … 5.2 … 3.7 主要行业增加值 农副食品加工业 … 5.5 … 5.6 食品制造业 … 9.6 … 7.4 纺织业 … 6.4 … 6.9 化学原料和化学制品制造业 … 8.5 … 9.5 医药制造业 … 8.8 … 10.1 橡胶和塑料制品业 … 4.8 … 8.2 非金属矿物制品业 … 5.2 … 6.5 黑色金属冶炼和压延加工业 … 7.0 … 5.4 有色金属冶炼和压延加工业 … 11.8 … 11.3 金属制品业 … 7.2 … 7.5 通用设备制造业 … 2.5 … 3.1 专用设备制造业 … 2.2 … 3.4 汽车制造业 … 13.0 … 6.1 铁路、船舶、航空航天和其他运输设备制造业 … 2.6 … 7.1 电气机械和器材制造业 … 6.4 … 7.2 计算机、通信和其他电子设备制造业 … 11.1 … 10.8 电力、热力生产和供应业 … 1.2 … 0.7 主要产品产量 布 ( 亿米 ) 65 1.1 643 2.7 硫酸（折 100 ％） ( 万吨 ) 757 2.4 8199 4.5 烧碱（折 100 ％） ( 万吨 ) 260 1.5 2787 -1.0 乙烯 ( 万吨 ) 146 1.5 1574 2.0 化学纤维 ( 万吨 ) 465 19.8 4422 12.7 水泥 ( 万吨 ) 20494 -6.6 214709 -5.1 平板玻璃 ( 万重量箱 ) 6069 -3.4 69338 -7.9 生铁 ( 万吨 ) 5367 -0.8 63846 -3.1 粗钢 ( 万吨 ) 6332 -1.6 73838 -2.2 钢材 ( 万吨 ) 9396 2.0 102812 1.0 十种有色金属 ( 万吨 ) 444 1.4 4705 7.5 氧化铝 ( 万吨 ) 480 4.2 5220 10.2 金属切削机床 ( 万台 ) 6 -20.0 69 -9.1 汽车 ( 万辆 ) 255.1 16.0 2223.7 1.4 轿车 ( 万辆 ) 119.5 8.4 1048.4 -9.7 发电机组（发电设备） ( 万千瓦 ) 1117 -7.9 11325 -12.6 微型计算机设备 ( 万台 ) 2942 -23.5 28478 -12.7 移动通信手持机 ( 万台 ) 19049 13.1 161198 2.9 集成电路 ( 亿块 ) 102 10.2 997 8.1 原煤（万吨） 32023 -2.7 336779 -3.7 焦炭（万吨） 3666 -7.8 41232 -5.5 发电量（亿千瓦时） 4660 0.1 51257 0.1 火力发电量（亿千瓦时） 3532 -1.5 38232 -2.4 水力发电量（亿千瓦时） 776 3.0 9259 3.6 原油加工量（万吨） 4392 3.3 47614 4.1 天然原油（万吨） 1766 -0.5 19659 2.0 天然气（亿立方米） 111 0.2 1146 2.9 产品销售率（ % ） 97.4 -0.2( 百分点 ) 97.5 -0.2( 百分点 ) 出口交货值（亿元） 10739 -2.0 107400 -1.6 附注 1 、指标解释 工业增加值增长速度 : 即工业增长速度，是用来反映一定时期工业生产物量增减变动程度的指标。利用该指标，可以判断短期工业经济的运行走势，判断经济的景气程度，也是制定和调整经济政策，实施宏观调控的重要参考和依据。 产品销售率：是销售产值和工业总产值的比率，用来反映工业产品的产销衔接情况。 出口交货值：是指工业企业交给外贸部门或自营（委托）出口（包括销往香港、澳门、台湾），用外汇价格结算的产品价值，以及外商来样、来料加工、来件装配和补偿贸易等生产的产品价值。在计算出口交货值时，要把外汇价格按交易时的汇率折成人民币计算。 日均产品产量：是以当月公布的规模以上工业企业总产量除以该月日历天数计算得到。 由于规模以上工业企业范围每年发生变化，为保证本年数据与上年可比，计算产品产量等各项指标同比增长速度所采用的同期数与本期的企业统计范围相一致，和上年公布的数据存在口径差异。 2 、统计范围 规模以上工业的统计范围为年主营业务收入 2000 万元以上的工业企业。 3 、调查方法 规模以上工业企业工业生产报表按月进行全面调查（ 1 月份数据免报）。 4 、东、中、西部和东北地区划分 东部地区包括北京、天津、河北、上海、江苏、浙江、福建、山东、广东、海南 10 个省（市）；中部地区包括山西、安徽、江西、河南、湖北、湖南 6 个省；西部地区包括内蒙古、广西、重庆、四川、贵州、云南、西藏、陕西、甘肃、青海、宁夏、新疆 12 个省（市、自治区）；东北地区包括辽宁、吉林、黑龙江 3 个省。 5 、行业分类标准 执行国民经济行业分类标准（ GB/T 4754-2011 ）。 6 、环比数据修订 根据季节调整模型自动修正结果，对 2014 年 11 月至 2015 年 10 月份规模以上工业增加值环比增速进行修订。修订结果及 2015 年 11 月份环比数据如下： 月份 环比增速（ % ） 2014 年 11 月 0.35 12 月 0.71 2015 年 1 月 0.46 2 月 0.43 3 月 0.28 4 月 0.58 5 月 0.50 6 月 0.62 7 月 0.33 8 月 0.55 9 月 0.41 10 月 0.48 11 月 0.58 7 、日均产量修订 根据十种有色金属、汽车、轿车产量历史数据的修订结果，分别对 2014 年 11 月至 2015 年 1-2 月十种有色金属、汽车、轿车的日均产量进行了修订。 2015 年 11 月份，规模以上工业增加值同比实际增长 6.2 % （以下增加值增速均为扣除价格因素的实际增长率），比 10 月份加快 0.6 个百分点。从环比看， 11 月份，规模以上工业增加值比上月增长 0.58% 。 1-11 月份，规模以上工业增加值同比增长 6.1% 。 分三大门类看， 11 月份，采矿业增加值同比增长 0.3% ，制造业增长 7.2% ，电力、热力、燃气及水生产和供应业增长 2.2% 。 分经济类型看， 11 月份，国有控股企业增加值同比增长 2.8% ，集体企业下降 0.2% ，股份制企业增长 6.9% ，外商及港澳台商投资企业增长 5.2% 。 分行业看， 11 月份， 41 个大类行业中有 39 个行业增加值保持同比增长。其中，农副食品加工业增长 5.5% ，纺织业增长 6.4% ，化学原料和化学制品制造业增长 8.5% ，非金属矿物制品业增长 5.2% ，黑色金属冶炼和压延加工业增长 7.0% ，有色金属冶炼和压延加工业增长 11.8% ，通用设备制造业增长 2.5% ，专用设备制造业增长 2.2% ，汽车制造业增长 13.0% ，铁路、船舶、航空航天和其他运输设备制造业增长 2.6% ，电气机械和器材制造业增长 6.4% ，计算机、通信和其他电子设备制造业增长 11.1% ，电力、热力生产和供应业增长 1.2% 。 分地区看， 11 月份，东部地区增加值同比增长 7.3% ，中部地区增长 8.1% ，西部地区增长 7.8% ，东北地区下降 2.5% 。 分产品看， 11 月份， 565 种产品中有 280 种产品同比增长。其中，钢材 9396 万吨，同比增长 2.0% ；水泥 20494 万吨，下降 6.6% ；十种有色金属 444 万吨，增长 1.4% ；乙烯 146 万吨，增长 1.5% ；汽车 255.1 万辆，增长 16.0% ；轿车 119.5 万辆，增长 8.4% ；发电量 4660 亿千瓦时，增长 0.1% ；原油加工量 4392 万吨，增长 3.3% 。 11 月份，工业企业产品销售率为 97.4% ，比上年同期下降 0.2 个百分点。工业企业实现出口交货值 10739 亿元，同比名义下降 2.0% 。 2015 年 11 月份规模以上工业生产主要数据 11 月 1-11 月 绝对量 同比增长 （ % ） 绝对量 同比增长 （ % ） 一、规模以上工业增加值 … 6.2 … 6.1 分三大门类 采矿业 … 0.3 … 2.8 制造业 … 7.2 … 7.0 电力、热力、燃气及水生产和供应业 … 2.2 … 1.6 分经济类型 国有控股企业 … 2.8 … 1.3 集体企业 … -0.2 … 1.3 股份制企业 … 6.9 … 7.3 外商及港澳台商投资企业 … 5.2 … 3.7 主要行业增加值 农副食品加工业 … 5.5 … 5.6 食品制造业 … 9.6 … 7.4 纺织业 … 6.4 … 6.9 化学原料和化学制品制造业 … 8.5 … 9.5 医药制造业 … 8.8 … 10.1 橡胶和塑料制品业 … 4.8 … 8.2 非金属矿物制品业 … 5.2 … 6.5 黑色金属冶炼和压延加工业 … 7.0 … 5.4 有色金属冶炼和压延加工业 … 11.8 … 11.3 金属制品业 … 7.2 … 7.5 通用设备制造业 … 2.5 … 3.1 专用设备制造业 … 2.2 … 3.4 汽车制造业 … 13.0 … 6.1 铁路、船舶、航空航天和其他运输设备制造业 … 2.6 … 7.1 电气机械和器材制造业 … 6.4 … 7.2 计算机、通信和其他电子设备制造业 … 11.1 … 10.8 电力、热力生产和供应业 … 1.2 … 0.7 主要产品产量 布 ( 亿米 ) 65 1.1 643 2.7 硫酸（折 100 ％） ( 万吨 ) 757 2.4 8199 4.5 烧碱（折 100 ％） ( 万吨 ) 260 1.5 2787 -1.0 乙烯 ( 万吨 ) 146 1.5 1574 2.0 化学纤维 ( 万吨 ) 465 19.8 4422 12.7 水泥 ( 万吨 ) 20494 -6.6 214709 -5.1 平板玻璃 ( 万重量箱 ) 6069 -3.4 69338 -7.9 生铁 ( 万吨 ) 5367 -0.8 63846 -3.1 粗钢 ( 万吨 ) 6332 -1.6 73838 -2.2 钢材 ( 万吨 ) 9396 2.0 102812 1.0 十种有色金属 ( 万吨 ) 444 1.4 4705 7.5 氧化铝 ( 万吨 ) 480 4.2 5220 10.2 金属切削机床 ( 万台 ) 6 -20.0 69 -9.1 汽车 ( 万辆 ) 255.1 16.0 2223.7 1.4 轿车 ( 万辆 ) 119.5 8.4 1048.4 -9.7 发电机组（发电设备） ( 万千瓦 ) 1117 -7.9 11325 -12.6 微型计算机设备 ( 万台 ) 2942 -23.5 28478 -12.7 移动通信手持机 ( 万台 ) 19049 13.1 161198 2.9 集成电路 ( 亿块 ) 102 10.2 997 8.1 原煤（万吨） 32023 -2.7 336779 -3.7 焦炭（万吨） 3666 -7.8 41232 -5.5 发电量（亿千瓦时） 4660 0.1 51257 0.1 火力发电量（亿千瓦时） 3532 -1.5 38232 -2.4 水力发电量（亿千瓦时） 776 3.0 9259 3.6 原油加工量（万吨） 4392 3.3 47614 4.1 天然原油（万吨） 1766 -0.5 19659 2.0 天然气（亿立方米） 111 0.2 1146 2.9 产品销售率（ % ） 97.4 -0.2( 百分点 ) 97.5 -0.2( 百分点 ) 出口交货值（亿元） 10739 -2.0 107400 -1.6 附注 1 、指标解释 工业增加值增长速度 : 即工业增长速度，是用来反映一定时期工业生产物量增减变动程度的指标。利用该指标，可以判断短期工业经济的运行走势，判断经济的景气程度，也是制定和调整经济政策，实施宏观调控的重要参考和依据。 产品销售率：是销售产值和工业总产值的比率，用来反映工业产品的产销衔接情况。 出口交货值：是指工业企业交给外贸部门或自营（委托）出口（包括销往香港、澳门、台湾），用外汇价格结算的产品价值，以及外商来样、来料加工、来件装配和补偿贸易等生产的产品价值。在计算出口交货值时，要把外汇价格按交易时的汇率折成人民币计算。 日均产品产量：是以当月公布的规模以上工业企业总产量除以该月日历天数计算得到。 由于规模以上工业企业范围每年发生变化，为保证本年数据与上年可比，计算产品产量等各项指标同比增长速度所采用的同期数与本期的企业统计范围相一致，和上年公布的数据存在口径差异。 2 、统计范围 规模以上工业的统计范围为年主营业务收入 2000 万元以上的工业企业。 3 、调查方法 规模以上工业企业工业生产报表按月进行全面调查（ 1 月份数据免报）。 4 、东、中、西部和东北地区划分 东部地区包括北京、天津、河北、上海、江苏、浙江、福建、山东、广东、海南 10 个省（市）；中部地区包括山西、安徽、江西、河南、湖北、湖南 6 个省；西部地区包括内蒙古、广西、重庆、四川、贵州、云南、西藏、陕西、甘肃、青海、宁夏、新疆 12 个省（市、自治区）；东北地区包括辽宁、吉林、黑龙江 3 个省。 5 、行业分类标准 执行国民经济行业分类标准（ GB/T 4754-2011 ）。 6 、环比数据修订 根据季节调整模型自动修正结果，对 2014 年 11 月至 2015 年 10 月份规模以上工业增加值环比增速进行修订。修订结果及 2015 年 11 月份环比数据如下： 月份 环比增速（ % ） 2014 年 11 月 0.35 12 月 0.71 2015 年 1 月 0.46 2 月 0.43 3 月 0.28 4 月 0.58 5 月 0.50 6 月 0.62 7 月 0.33 8 月 0.55 9 月 0.41 10 月 0.48 11 月 0.58 7 、日均产量修订 根据十种有色金属、汽车、轿车产量历史数据的修订结果，分别对 2014 年 11 月至 2015 年 1-2 月十种有色金属、汽车、轿车的日均产量进行了修订。 [责任编辑:] 相关链接 政府机构网站 地方政府网站 地方统计网站 社会团体网站 国际组织网站 政府机构网站 地方政府网站 地方统计网站 社会团体网站 国际组织网站 中央人民政府门户网站 外交部 国防部 国家发展改革委 教育部 科技部 工业和信息化部 国家民委 公安部 国家安全部 民政部 司法部 财政部 人力资源社会保障部 自然资源部 生态环境部 住房城乡建设部 交通运输部 水利部 农业农村部 商务部 文化和旅游部 国家卫生健康委 退役军人事务部 应急管理部 中国人民银行 审计署 国务院国资委 海关总署 税务总局 市场监管总局 金融监管总局 中国证监会 广电总局 体育总局 国家信访局 国家统计局 国家知识产权局 国家国际发展合作署 国家医保局 国务院参事室 国管局 国务院研究室 国务院侨办 国务院港澳办 国务院台办 国家网信办 国务院新闻办 新华社 中国科学院 中国社科院 中国工程院 国务院发展研究中心 中央广电总台 中国气象局 国家粮食和物资储备局 国家能源局 国家国防科工局 国家烟草局 国家移民局 国家林草局 国家铁路局 中国民航局 国家邮政局 国家文物局 国家中医药局 国家疾控局 国家矿山安监局 国家消防救援局 国家外汇局 国家药监局 北京 天津 河北 山西 内蒙古 辽宁 吉林 黑龙江 上海 江苏 浙江 安徽 福建 江西 山东 河南 湖北 湖南 广东 广西 海南 重庆 四川 贵州 云南 西藏 陕西 甘肃 青海 宁夏 新疆 兵团 北京局 天津局 河北局 山西局 内蒙古局 辽宁局 吉林局 黑龙江局 上海局 江苏局 浙江局 安徽局 福建局 江西局 山东局 河南局 湖北局 湖南局 广东局 广西局 海南局 重庆局 四川局 贵州局 云南局 西藏局 陕西局 甘肃局 青海局 宁夏局 新疆局 兵团局 天津总队 山西总队 江苏总队 浙江总队 安徽总队 河南总队 湖南总队 广东总队 云南总队 陕西总队 新疆总队 兵团总队 中国统计学会 联合国 联合国经济和社会事务部 联合国统计司 世贸组织 粮农组织 劳工组织 基金组织 工发组织 教科文组织 世卫组织 世界银行 欧盟 经合组织 联合国开发署 联合国人口基金 联合国环境署 联合国儿童基金 世界粮食计划署 国际组织网站 版权所有: 国家统计局 联系我们 服务条款 网站地图 地址: 北京市西城区月坛南街57号 (100826) 京ICP备05034670号-2 京公网安备 11040102700142号 网站标识码bm36000002 中央人民政府门户网站 外交部 国防部 国家发展改革委 教育部 科技部 工业和信息化部 国家民委 公安部 国家安全部 民政部 司法部 财政部 人力资源社会保障部 自然资源部 生态环境部 住房城乡建设部 交通运输部 水利部 农业农村部 商务部 文化和旅游部 国家卫生健康委 退役军人事务部 应急管理部 中国人民银行 审计署 国务院国资委 海关总署 税务总局 市场监管总局 金融监管总局 中国证监会 广电总局 体育总局 国家信访局 国家统计局 国家知识产权局 国家国际发展合作署 国家医保局 国务院参事室 国管局 国务院研究室 国务院侨办 国务院港澳办 国务院台办 国家网信办 国务院新闻办 新华社 中国科学院 中国社科院 中国工程院 国务院发展研究中心 中央广电总台 中国气象局 国家粮食和物资储备局 国家能源局 国家国防科工局 国家烟草局 国家移民局 国家林草局 国家铁路局 中国民航局 国家邮政局 国家文物局 国家中医药局 国家疾控局 国家矿山安监局 国家消防救援局 国家外汇局 国家药监局 北京 天津 河北 山西 内蒙古 辽宁 吉林 黑龙江 上海 江苏 浙江 安徽 福建 江西 山东 河南 湖北 湖南 广东 广西 海南 重庆 四川 贵州 云南 西藏 陕西 甘肃 青海 宁夏 新疆 兵团 北京局 天津局 河北局 山西局 内蒙古局 辽宁局 吉林局 黑龙江局 上海局 江苏局 浙江局 安徽局 福建局 江西局 山东局 河南局 湖北局 湖南局 广东局 广西局 海南局 重庆局 四川局 贵州局 云南局 西藏局 陕西局 甘肃局 青海局 宁夏局 新疆局 兵团局 天津总队 山西总队 江苏总队 浙江总队 安徽总队 河南总队 湖南总队 广东总队 云南总队 陕西总队 新疆总队 兵团总队 中国统计学会 联合国 联合国经济和社会事务部 联合国统计司 世贸组织 粮农组织 劳工组织 基金组织 工发组织 教科文组织 世卫组织 世界银行 欧盟 经合组织 联合国开发署 联合国人口基金 联合国环境署 联合国儿童基金 世界粮食计划署 国际组织网站,https://www.stats.gov.cn/sj/zxfb/202302/t20230203_1898985.html,d5d09ed5b306f3a3950e39c51cbf759659579a5dd413cf7a191994731dbe7447
HR-034,NBS-MACRO-SEED-03,国家统计局,2016-01-01 23:59:59,2015年12月中国制造业采购经理指数为49.7%,2015年12月中国制造业采购经理指数为49.7%-国家统计局。EN。搜索。首页。机构。新闻。时政要闻。统计新闻。数据。公开。服务。互动。知识。专题。2015年12月中国制造业采购经理指数为49.7%。2016/01/0109:00。|。Aa。字体：。小。中。大。|。分享到：。国家统计局服务业调查中心。中国物流与采购联合会。2015。年。12。月份，中国制造业采购经理指数（。PMI。）为。49.7%。，高于上月。0.1。个百分点。。分企业规模看，大型企业。PMI。为。50.9%。，虽比上月回落。0.3。个百分点，但继续保持扩张态势；中型企业。PMI。为。49.6%。，比上月回升。1.3。个百分点，仍处于临界点以下；小型企业。PMI。为。44.9%。，比上月微升。0.1。个百分点，持续处于收缩区间。。从分类指数看，在构成制造业。PMI。的。5。个分类指数中，生产指数、新订单指数和供应商配送时间指数高于临界点，从业人员指数和原材料库存指数低于临界点。。生产指数为。52.2%。，比上月上升。0.3。个百分点，高于临界点，表明制造业生产增速有所加快。。新订单指数为。50.2%。，比上月上升。0.4。个百分点，重回临界点上方，表明制造业市场需求回升。。从业人员指数为。47.4%。，比上月回落。0.2。个百分点，继续低于临界点，表明制造业企业用工量有所减少。。原材料库存指数为。47.6%。，比上月回升。0.5。个百分点，仍位于临界点以下，表明制造业主要原材料库存量降幅收窄。。供应商配送时间指数为。50.7%。，高于临界点，表明制造业原材料供应商交货时间加快。。表。1。中国制造业。PMI。及构成指数（经季节调整）。单位：。%。PMI。生产。新订单。原材料。库存。从业人员。供应商配送时间。2014。年。12。月。50.1。52.2。50.4。47.5。48.1。49.9。2015。年。1。月。49.8。51.7。50.2。47.3。47.9。50.2。2015。年。2。月。49.9。51.4。50.4。48.2。47.8。49.9。2015。年。3。月。50.1。52.1。50.2。48.0。48.4。50.1。2015。年。4。月。50.1。52.6。50.2。48.2。48.0。50.4。2015。年。5。月。50.2。52.9。50.6。48.2。48.2。50.9。2015。年。6。月。50.2。52.9。50.1。48.7。48.1。50.3。2015。年。7。月。50.0。52.4。49.9。48.4。48.0。50.4。2015。年。8。月。49.7。51.7。49.7。48.3。47.9。50.6。2015。年。9。月。49.8。52.3。50.2。47.5。47.9。50.8。2015。年。10。月。49.8。52.2。50.3。47.2。47.8。50.6。2015。年。11。月。49.6。51.9。49.8。47.1。47.6。50.6。2015。年。12。月。49.7。52.2。50.2。47.6。47.4。50.7。表。2。相关指标情况（经季节调整）。单位：。%。新出口。订单。进口。采购量。主要原材料购进价格。产成品。库存。在手订单。生产经营活动预期。2014。年。12。月。49.1。47.8。50.1。43.2。47.8。43.8。48.7。2015。年。1。月。48.4。46.4。49.6。41.9。48.0。44.0。47.4。2015。年。2。月。48.5。47.5。49.4。43.9。47.0。43.8。54.0。2015。年。3。月。48.3。48.1。49.7。45.0。48.6。44.1。61.3。2015。年。4。月。48.1。47.8。50.1。47.8。48.0。43.8。59.5。2015。年。5。月。48.9。47.6。51.0。49.4。47.5。44.7。56.8。2015。年。6。月。48.2。48.0。50.9。47.3。47.7。44.6。52.2。2015。年。7。月。47.9。47.8。50.3。44.7。47.4。44.0。52.9。2015。年。8。月。47.7。47.2。49.4。44.9。47.2。44.6。54.1。2015。年。9。月。47.9。48.1。48.6。45.8。46.8。43.8。53.9。2015。年。10。月。47.4。47.5。48.8。44.4。47.2。44.4。52.5。2015。年。11。月。46.4。46.7。48.3。41.1。46.7。43.0。48.3。2015。年。12。月。47.5。47.6。50.3。42.4。46.1。43.6。44.6。附注。1.。主要指标解释。采购经理指数（。PMI。），是通过对企业采购经理的月度调查结果统计汇总、编制而成的指数，它涵盖了企业采购、生产、流通等各个环节，是国际上通用的监测宏观经济走势的先行性指数之一，具有较强的预测、预警作用。。PMI。通常以。50%。作为经济强弱的分界点，。PMI。高于。50%。时，反映制造业经济扩张；低于。50%。，则反映制造业经济收缩。。2.。调查范围。涉及《国民经济行业分类》（。GB/T4754-2011。）中制造业的。31。个行业大类。自。2013。年。1。月起，调查样本从原来的。820。家扩充到。3000。家。。3.。调查方法。制造业采购经理调查采用。PPS。（。ProbabilityProportionaltoSize。）抽样方法，以制造业行业大类为层，行业样本量按其增加值占全部制造业增加值的比重分配，层内样本使用与企业主营业务收入成比例的概率抽取。。本调查由国家统计局直属调查队具体组织实施，利用国家统计联网直报系统对企业采购经理进行月度问卷调查。。4.。计算方法。制造业采购经理调查问卷涉及生产量、新订单、出口订货、现有订货、产成品库存、采购量、进口、购进价格、原材料库存、从业人员、供应商配送时间、生产经营活动预期等。12。个问题。对每个问题分别计算扩散指数，即正向回答的企业个数百分比加上回答不变的百分比的一半。。PMI。是一个综合指数，由。5。个扩散指数（分类指数）加权计算而成。。5。个分类指数及其权数是依据其对经济的先行影响程度确定的。具体包括：新订单指数，权数为。30%。；生产指数，权数为。25%。；从业人员指数，权数为。20%。；供应商配送时间指数，权数为。15%。；原材料库存指数，权数为。10%。。其中，供应商配送时间指数为逆指数，在合成。PMI。综合指数时进行反向运算。。5.。季节调整。采购经理调查是一项月度调查，受季节因素影响，数据波动较大。现发布的。PMI。综合指数和各分类指数均为经季节调整后的数据。。国家统计局服务业调查中心。中国物流与采购联合会。2015。年。12。月份，中国制造业采购经理指数（。PMI。）为。49.7%。，高于上月。0.1。个百分点。。分企业规模看，大型企业。PMI。为。50.9%。，虽比上月回落。0.3。个百分点，但继续保持扩张态势；中型企业。PMI。为。49.6%。，比上月回升。1.3。个百分点，仍处于临界点以下；小型企业。PMI。为。44.9%。，比上月微升。0.1。个百分点，持续处于收缩区间。。从分类指数看，在构成制造业。PMI。的。5。个分类指数中，生产指数、新订单指数和供应商配送时间指数高于临界点，从业人员指数和原材料库存指数低于临界点。。生产指数为。52.2%。，比上月上升。0.3。个百分点，高于临界点，表明制造业生产增速有所加快。。新订单指数为。50.2%。，比上月上升。0.4。个百分点，重回临界点上方，表明制造业市场需求回升。。从业人员指数为。47.4%。，比上月回落。0.2。个百分点，继续低于临界点，表明制造业企业用工量有所减少。。原材料库存指数为。47.6%。，比上月回升。0.5。个百分点，仍位于临界点以下，表明制造业主要原材料库存量降幅收窄。。供应商配送时间指数为。50.7%。，高于临界点，表明制造业原材料供应商交货时间加快。。表。1。中国制造业。PMI。及构成指数（经季节调整）。单位：。%。PMI。生产。新订单。原材料。库存。从业人员。供应商配送时间。2014。年。12。月。50.1。52.2。50.4。47.5。48.1。49.9。2015。年。1。月。49.8。51.7。50.2。47.3。47.9。50.2。2015。年。2。月。49.9。51.4。50.4。48.2。47.8。49.9。2015。年。3。月。50.1。52.1。50.2。48.0。48.4。50.1。2015。年。4。月。50.1。52.6。50.2。48.2。48.0。50.4。2015。年。5。月。50.2。52.9。50.6。48.2。48.2。50.9。2015。年。6。月。50.2。52.9。50.1。48.7。48.1。50.3。2015。年。7。月。50.0。52.4。49.9。48.4。48.0。50.4。2015。年。8。月。49.7。51.7。49.7。48.3。47.9。50.6。2015。年。9。月。49.8。52.3。50.2。47.5。47.9。50.8。2015。年。10。月。49.8。52.2。50.3。47.2。47.8。50.6。2015。年。11。月。49.6。51.9。49.8。47.1。47.6。50.6。2015。年。12。月。49.7。52.2。50.2。47.6。47.4。50.7。表。2。相关指标情况（经季节调整）。单位：。%。新出口。订单。进口。采购量。主要原材料购进价格。产成品。库存。在手订单。生产经营活动预期。2014。年。12。月。49.1。47.8。50.1。43.2。47.8。43.8。48.7。2015。年。1。月。48.4。46.4。49.6。41.9。48.0。44.0。47.4。2015。年。2。月。48.5。47.5。49.4。43.9。47.0。43.8。54.0。2015。年。3。月。48.3。48.1。49.7。45.0。48.6。44.1。61.3。2015。年。4。月。48.1。47.8。50.1。47.8。48.0。43.8。59.5。2015。年。5。月。48.9。47.6。51.0。49.4。47.5。44.7。56.8。2015。年。6。月。48.2。48.0。50.9。47.3。47.7。44.6。52.2。2015。年。7。月。47.9。47.8。50.3。44.7。47.4。44.0。52.9。2015。年。8。月。47.7。47.2。49.4。44.9。47.2。44.6。54.1。2015。年。9。月。47.9。48.1。48.6。45.8。46.8。43.8。53.9。2015。年。10。月。47.4。47.5。48.8。44.4。47.2。44.4。52.5。2015。年。11。月。46.4。46.7。48.3。41.1。46.7。43.0。48.3。2015。年。12。月。47.5。47.6。50.3。42.4。46.1。43.6。44.6。附注。1.。主要指标解释。采购经理指数（。PMI。），是通过对企业采购经理的月度调查结果统计汇总、编制而成的指数，它涵盖了企业采购、生产、流通等各个环节，是国际上通用的监测宏观经济走势的先行性指数之一，具有较强的预测、预警作用。。PMI。通常以。50%。作为经济强弱的分界点，。PMI。高于。50%。时，反映制造业经济扩张；低于。50%。，则反映制造业经济收缩。。2.。调查范围。涉及《国民经济行业分类》（。GB/T4754-2011。）中制造业的。31。个行业大类。自。2013。年。1。月起，调查样本从原来的。820。家扩充到。3000。家。。3.。调查方法。制造业采购经理调查采用。PPS。（。ProbabilityProportionaltoSize。）抽样方法，以制造业行业大类为层，行业样本量按其增加值占全部制造业增加值的比重分配，层内样本使用与企业主营业务收入成比例的概率抽取。。本调查由国家统计局直属调查队具体组织实施，利用国家统计联网直报系统对企业采购经理进行月度问卷调查。。4.。计算方法。制造业采购经理调查问卷涉及生产量、新订单、出口订货、现有订货、产成品库存、采购量、进口、购进价格、原材料库存、从业人员、供应商配送时间、生产经营活动预期等。12。个问题。对每个问题分别计算扩散指数，即正向回答的企业个数百分比加上回答不变的百分比的一半。。PMI。是一个综合指数，由。5。个扩散指数（分类指数）加权计算而成。。5。个分类指数及其权数是依据其对经济的先行影响程度确定的。具体包括：新订单指数，权数为。30%。；生产指数，权数为。25%。；从业人员指数，权数为。20%。；供应商配送时间指数，权数为。15%。；原材料库存指数，权数为。10%。。其中，供应商配送时间指数为逆指数，在合成。PMI。综合指数时进行反向运算。。5.。季节调整。采购经理调查是一项月度调查，受季节因素影响，数据波动较大。现发布的。PMI。综合指数和各分类指数均为经季节调整后的数据。。[责任编辑:]。相关链接。政府机构网站。地方政府网站。地方统计网站。社会团体网站。国际组织网站。政府机构网站。地方政府网站。地方统计网站。社会团体网站。国际组织网站。中央人民政府门户网站。外交部。国防部。国家发展改革委。教育部。科技部。工业和信息化部。国家民委。公安部。国家安全部。民政部。司法部。财政部。人力资源社会保障部。自然资源部。生态环境部。住房城乡建设部。交通运输部。水利部。农业农村部。商务部。文化和旅游部。国家卫生健康委。退役军人事务部。应急管理部。中国人民银行。审计署。国务院国资委。海关总署。税务总局。市场监管总局。金融监管总局。中国证监会。广电总局。体育总局。国家信访局。国家统计局。国家知识产权局。国家国际发展合作署。国家医保局。国务院参事室。国管局。国务院研究室。国务院侨办。国务院港澳办。国务院台办。国家网信办。国务院新闻办。新华社。中国科学院。中国社科院。中国工程院。国务院发展研究中心。中央广电总台。中国气象局。国家粮食和物资储备局。国家能源局。国家国防科工局。国家烟草局。国家移民局。国家林草局。国家铁路局。中国民航局。国家邮政局。国家文物局。国家中医药局。国家疾控局。国家矿山安监局。国家消防救援局。国家外汇局。国家药监局。北京。天津。河北。山西。内蒙古。辽宁。吉林。黑龙江。上海。江苏。浙江。安徽。福建。江西。山东。河南。湖北。湖南。广东。广西。海南。重庆。四川。贵州。云南。西藏。陕西。甘肃。青海。宁夏。新疆。兵团。北京局。天津局。河北局。山西局。内蒙古局。辽宁局。吉林局。黑龙江局。上海局。江苏局。浙江局。安徽局。福建局。江西局。山东局。河南局。湖北局。湖南局。广东局。广西局。海南局。重庆局。四川局。贵州局。云南局。西藏局。陕西局。甘肃局。青海局。宁夏局。新疆局。兵团局。天津总队。山西总队。江苏总队。浙江总队。安徽总队。河南总队。湖南总队。广东总队。云南总队。陕西总队。新疆总队。兵团总队。中国统计学会。联合国。联合国经济和社会事务部。联合国统计司。世贸组织。粮农组织。劳工组织。基金组织。工发组织。教科文组织。世卫组织。世界银行。欧盟。经合组织。联合国开发署。联合国人口基金。联合国环境署。联合国儿童基金。世界粮食计划署。国际组织网站。版权所有:国家统计局。联系我们。服务条款。网站地图。地址:北京市西城区月坛南街57号(100826)。京ICP备05034670号-2。京公网安备11040102700142号。网站标识码bm36000002。中央人民政府门户网站。外交部。国防部。国家发展改革委。教育部。科技部。工业和信息化部。国家民委。公安部。国家安全部。民政部。司法部。财政部。人力资源社会保障部。自然资源部。生态环境部。住房城乡建设部。交通运输部。水利部。农业农村部。商务部。文化和旅游部。国家卫生健康委。退役军人事务部。应急管理部。中国人民银行。审计署。国务院国资委。海关总署。税务总局。市场监管总局。金融监管总局。中国证监会。广电总局。体育总局。国家信访局。国家统计局。国家知识产权局。国家国际发展合作署。国家医保局。国务院参事室。国管局。国务院研究室。国务院侨办。国务院港澳办。国务院台办。国家网信办。国务院新闻办。新华社。中国科学院。中国社科院。中国工程院。国务院发展研究中心。中央广电总台。中国气象局。国家粮食和物资储备局。国家能源局。国家国防科工局。国家烟草局。国家移民局。国家林草局。国家铁路局。中国民航局。国家邮政局。国家文物局。国家中医药局。国家疾控局。国家矿山安监局。国家消防救援局。国家外汇局。国家药监局。北京。天津。河北。山西。内蒙古。辽宁。吉林。黑龙江。上海。江苏。浙江。安徽。福建。江西。山东。河南。湖北。湖南。广东。广西。海南。重庆。四川。贵州。云南。西藏。陕西。甘肃。青海。宁夏。新疆。兵团。北京局。天津局。河北局。山西局。内蒙古局。辽宁局。吉林局。黑龙江局。上海局。江苏局。浙江局。安徽局。福建局。江西局。山东局。河南局。湖北局。湖南局。广东局。广西局。海南局。重庆局。四川局。贵州局。云南局。西藏局。陕西局。甘肃局。青海局。宁夏局。新疆局。兵团局。天津总队。山西总队。江苏总队。浙江总队。安徽总队。河南总队。湖南总队。广东总队。云南总队。陕西总队。新疆总队。兵团总队。中国统计学会。联合国。联合国经济和社会事务部。联合国统计司。世贸组织。粮农组织。劳工组织。基金组织。工发组织。教科文组织。世卫组织。世界银行。欧盟。经合组织。联合国开发署。联合国人口基金。联合国环境署。联合国儿童基金。世界粮食计划署。国际组织网站,https://www.stats.gov.cn/sj/zxfb/202302/t20230203_1899004.html,697000d1269794c9b543dcad572d0814b712c32adc68d51f88d1e158c7e2b12b
HR-035,NBS-MACRO-SEED-02,国家统计局,2016-01-09 23:59:59,2015年12月份工业生产者出厂价格同比下降5.9%,2015年12月份工业生产者出厂价格同比下降5.9%-国家统计局。EN。搜索。首页。机构。新闻。时政要闻。统计新闻。数据。公开。服务。互动。知识。专题。2015年12月份工业生产者出厂价格同比下降5.9%。2016/01/0909:30。|。Aa。字体：。小。中。大。|。分享到：。2015。年。12。月份，全国工业生产者出厂价格环比下降。0.6%。，同比下降。5.9%。。工业生产者购进价格环比下降。0.7%。，同比下降。6.8%。。。2015。年，工业生产者出厂价格同比下降。5.2%。，工业生产者购进价格同比下降。6.1%。。。一、工业生产者价格同比变动情况。工业生产者出厂价格中，生产资料价格同比下降。7.6%。，影响全国工业生产者出厂价格总水平下降约。5.8。个百分点。其中，采掘工业价格下降。19.7%。，原材料工业价格下降。10.3%。，加工工业价格下降。5.4%。。生活资料价格同比下降。0.4%。，影响全国工业生产者出厂价格总水平下降约。0.1。个百分点。其中，食品价格下降。0.1%。，衣着价格上涨。0.7%。，一般日用品价格下降。0.9%。，耐用消费品价格下降。1.1%。。。工业生产者购进价格中，黑色金属材料类价格同比下降。13.6%。，有色金属材料及电线类价格下降。12.0%。，燃料动力类价格下降。11.0%。，化工原料类价格下降。7.0%。。。二、工业生产者价格环比变动情况。工业生产者出厂价格中，生产资料价格环比下降。0.8%。，影响全国工业生产者出厂价格总水平下降约。0.6。个百分点。其中，采掘工业价格下降。2.7%。，原材料工业价格下降。1.1%。，加工工业价格下降。0.5%。。生活资料价格环比持平（涨跌幅度为。0。）。其中，食品和衣着价格均上涨。0.1%。，一般日用品和耐用消费品价格均下降。0.1%。。。工业生产者购进价格中，黑色金属材料类价格环比下降。1.9%。，有色金属材料及电线类价格下降。1.6%。，燃料动力类价格下降。1.2%。。。2015。年。12。月工业生产者价格主要数据。12。月。2015。年。同比涨跌幅。（。%。）。环比涨跌幅。（。%。）。同比涨跌幅。（。%。）。一、工业生产者出厂价格。-0.6。-5.9。-5.2。生产资料。-0.8。-7.6。-6.7。采掘。-2.7。-19.7。-19.7。原材料。-1.1。-10.3。-9.5。加工。-0.5。-5.4。-4.3。生活资料。0.0。-0.4。-0.3。食品。0.1。-0.1。0.0。衣着。0.1。0.7。0.7。一般日用品。-0.1。-0.9。-0.7。耐用消费品。-0.1。-1.1。-0.8。二、工业生产者购进价格。-0.7。-6.8。-6.1。燃料、动力类。-1.2。-11.0。-11.3。黑色金属材料类。-1.9。-13.6。-11.6。有色金属材料及电线类。-1.6。-12.0。-7.3。化工原料类。-0.8。-7.0。-6.3。木材及纸浆类。-0.2。-0.7。-0.7。建筑材料及非金属类。-0.2。-4.9。-4.1。其它工业原材料及半成品类。-0.3。-2.9。-2.4。农副产品类。0.0。-2.8。-2.3。纺织原料类。0.0。-1.6。-2.2。三、工业生产者主要行业出厂价格。煤炭开采和洗选业。-0.7。-17.2。-14.7。石油和天然气开采业。-9.2。-37.3。-37.3。黑色金属矿采选业。-2.3。-17.6。-20.3。有色金属矿采选业。-1.2。-10.5。-7.1。非金属矿采选业。-0.2。-2.8。-2.5。农副食品加工业。0.0。-1.6。-1.3。食品制造业。0.0。-0.3。-0.1。酒、饮料和精制茶制造业。-0.1。-0.5。-0.3。烟草制品业。0.0。0.2。0.4。纺织业。-0.3。-2.2。-2.3。纺织服装、服饰业。-0.1。0.6。0.7。木材加工和木、竹、藤、棕、草制品业。-0.2。-1.0。-0.2。造纸和纸制品业。-0.1。-1.1。-1.2。印刷和记录媒介复制业。-0.1。-0.7。-0.4。石油加工、炼焦和核燃料加工业。-2.4。-18.7。-21.5。化学原料和化学制品制造业。-0.9。-6.9。-6.7。医药制造业。-0.1。0.0。0.5。化学纤维制造业。-1.7。-10.8。-9.4。橡胶和塑料制品业。-0.3。-3.6。-3.3。非金属矿物制品业。-0.2。-4.2。-3.5。黑色金属冶炼和压延加工业。-2.2。-20.8。-16.7。有色金属冶炼和压延加工业。-1.7。-13.9。-8.3。金属制品业。-0.5。-4.2。-2.9。通用设备制造业。-0.1。-1.4。-1.2。汽车制造业。-0.1。-1.2。-0.9。铁路、船舶、航空航天和其他运输设备制造业。-0.1。-0.5。-0.1。计算机、通信和其他电子设备制造业。-0.2。-1.9。-1.6。电力、热力生产和供应业。0.2。-1.9。-1.3。燃气生产和供应业。-3.1。-5.2。-3.0。水的生产和供应业。0.1。1.8。2.2。附注。1.。指标解释。工业生产者价格指数包括工业生产者出厂价格指数（。ProducerPriceIndexforIndustrialProducts。，简称。PPI。）和工业生产者购进价格指数。。工业生产者出厂价格指数反映工业企业产品第一次出售时的出厂价格的变化趋势和变动幅度。。工业生产者购进价格指数反映工业企业作为中间投入产品的购进价格的变化趋势和变动幅度。。2.。统计范围。工业生产者出厂价格统计调查涵盖。1702。个基本分类的。11000。多种工业产品的价格；工业生产者购进价格统计调查涵盖。900。多个基本分类的。6000。多种工业产品的价格。。3.。调查方法。工业生产者价格调查采取重点调查与典型调查相结合的调查方法。年主营业务收入。2000。万元以上的企业采用重点调查方法；年主营业务收入。2000。万元以下的企业采用典型调查方法。工业生产者价格调查涉及全国。400。多个城市的近。6。万家工业企业。。4.。工业行业划分标准的依据是《国民经济行业分类》（。GB/T4754-2011。）。。2015。年。12。月份，全国工业生产者出厂价格环比下降。0.6%。，同比下降。5.9%。。工业生产者购进价格环比下降。0.7%。，同比下降。6.8%。。。2015。年，工业生产者出厂价格同比下降。5.2%。，工业生产者购进价格同比下降。6.1%。。。一、工业生产者价格同比变动情况。工业生产者出厂价格中，生产资料价格同比下降。7.6%。，影响全国工业生产者出厂价格总水平下降约。5.8。个百分点。其中，采掘工业价格下降。19.7%。，原材料工业价格下降。10.3%。，加工工业价格下降。5.4%。。生活资料价格同比下降。0.4%。，影响全国工业生产者出厂价格总水平下降约。0.1。个百分点。其中，食品价格下降。0.1%。，衣着价格上涨。0.7%。，一般日用品价格下降。0.9%。，耐用消费品价格下降。1.1%。。。工业生产者购进价格中，黑色金属材料类价格同比下降。13.6%。，有色金属材料及电线类价格下降。12.0%。，燃料动力类价格下降。11.0%。，化工原料类价格下降。7.0%。。。二、工业生产者价格环比变动情况。工业生产者出厂价格中，生产资料价格环比下降。0.8%。，影响全国工业生产者出厂价格总水平下降约。0.6。个百分点。其中，采掘工业价格下降。2.7%。，原材料工业价格下降。1.1%。，加工工业价格下降。0.5%。。生活资料价格环比持平（涨跌幅度为。0。）。其中，食品和衣着价格均上涨。0.1%。，一般日用品和耐用消费品价格均下降。0.1%。。。工业生产者购进价格中，黑色金属材料类价格环比下降。1.9%。，有色金属材料及电线类价格下降。1.6%。，燃料动力类价格下降。1.2%。。。2015。年。12。月工业生产者价格主要数据。12。月。2015。年。同比涨跌幅。（。%。）。环比涨跌幅。（。%。）。同比涨跌幅。（。%。）。一、工业生产者出厂价格。-0.6。-5.9。-5.2。生产资料。-0.8。-7.6。-6.7。采掘。-2.7。-19.7。-19.7。原材料。-1.1。-10.3。-9.5。加工。-0.5。-5.4。-4.3。生活资料。0.0。-0.4。-0.3。食品。0.1。-0.1。0.0。衣着。0.1。0.7。0.7。一般日用品。-0.1。-0.9。-0.7。耐用消费品。-0.1。-1.1。-0.8。二、工业生产者购进价格。-0.7。-6.8。-6.1。燃料、动力类。-1.2。-11.0。-11.3。黑色金属材料类。-1.9。-13.6。-11.6。有色金属材料及电线类。-1.6。-12.0。-7.3。化工原料类。-0.8。-7.0。-6.3。木材及纸浆类。-0.2。-0.7。-0.7。建筑材料及非金属类。-0.2。-4.9。-4.1。其它工业原材料及半成品类。-0.3。-2.9。-2.4。农副产品类。0.0。-2.8。-2.3。纺织原料类。0.0。-1.6。-2.2。三、工业生产者主要行业出厂价格。煤炭开采和洗选业。-0.7。-17.2。-14.7。石油和天然气开采业。-9.2。-37.3。-37.3。黑色金属矿采选业。-2.3。-17.6。-20.3。有色金属矿采选业。-1.2。-10.5。-7.1。非金属矿采选业。-0.2。-2.8。-2.5。农副食品加工业。0.0。-1.6。-1.3。食品制造业。0.0。-0.3。-0.1。酒、饮料和精制茶制造业。-0.1。-0.5。-0.3。烟草制品业。0.0。0.2。0.4。纺织业。-0.3。-2.2。-2.3。纺织服装、服饰业。-0.1。0.6。0.7。木材加工和木、竹、藤、棕、草制品业。-0.2。-1.0。-0.2。造纸和纸制品业。-0.1。-1.1。-1.2。印刷和记录媒介复制业。-0.1。-0.7。-0.4。石油加工、炼焦和核燃料加工业。-2.4。-18.7。-21.5。化学原料和化学制品制造业。-0.9。-6.9。-6.7。医药制造业。-0.1。0.0。0.5。化学纤维制造业。-1.7。-10.8。-9.4。橡胶和塑料制品业。-0.3。-3.6。-3.3。非金属矿物制品业。-0.2。-4.2。-3.5。黑色金属冶炼和压延加工业。-2.2。-20.8。-16.7。有色金属冶炼和压延加工业。-1.7。-13.9。-8.3。金属制品业。-0.5。-4.2。-2.9。通用设备制造业。-0.1。-1.4。-1.2。汽车制造业。-0.1。-1.2。-0.9。铁路、船舶、航空航天和其他运输设备制造业。-0.1。-0.5。-0.1。计算机、通信和其他电子设备制造业。-0.2。-1.9。-1.6。电力、热力生产和供应业。0.2。-1.9。-1.3。燃气生产和供应业。-3.1。-5.2。-3.0。水的生产和供应业。0.1。1.8。2.2。附注。1.。指标解释。工业生产者价格指数包括工业生产者出厂价格指数（。ProducerPriceIndexforIndustrialProducts。，简称。PPI。）和工业生产者购进价格指数。。工业生产者出厂价格指数反映工业企业产品第一次出售时的出厂价格的变化趋势和变动幅度。。工业生产者购进价格指数反映工业企业作为中间投入产品的购进价格的变化趋势和变动幅度。。2.。统计范围。工业生产者出厂价格统计调查涵盖。1702。个基本分类的。11000。多种工业产品的价格；工业生产者购进价格统计调查涵盖。900。多个基本分类的。6000。多种工业产品的价格。。3.。调查方法。工业生产者价格调查采取重点调查与典型调查相结合的调查方法。年主营业务收入。2000。万元以上的企业采用重点调查方法；年主营业务收入。2000。万元以下的企业采用典型调查方法。工业生产者价格调查涉及全国。400。多个城市的近。6。万家工业企业。。4.。工业行业划分标准的依据是《国民经济行业分类》（。GB/T4754-2011。）。。[责任编辑:]。相关链接。政府机构网站。地方政府网站。地方统计网站。社会团体网站。国际组织网站。政府机构网站。地方政府网站。地方统计网站。社会团体网站。国际组织网站。中央人民政府门户网站。外交部。国防部。国家发展改革委。教育部。科技部。工业和信息化部。国家民委。公安部。国家安全部。民政部。司法部。财政部。人力资源社会保障部。自然资源部。生态环境部。住房城乡建设部。交通运输部。水利部。农业农村部。商务部。文化和旅游部。国家卫生健康委。退役军人事务部。应急管理部。中国人民银行。审计署。国务院国资委。海关总署。税务总局。市场监管总局。金融监管总局。中国证监会。广电总局。体育总局。国家信访局。国家统计局。国家知识产权局。国家国际发展合作署。国家医保局。国务院参事室。国管局。国务院研究室。国务院侨办。国务院港澳办。国务院台办。国家网信办。国务院新闻办。新华社。中国科学院。中国社科院。中国工程院。国务院发展研究中心。中央广电总台。中国气象局。国家粮食和物资储备局。国家能源局。国家国防科工局。国家烟草局。国家移民局。国家林草局。国家铁路局。中国民航局。国家邮政局。国家文物局。国家中医药局。国家疾控局。国家矿山安监局。国家消防救援局。国家外汇局。国家药监局。北京。天津。河北。山西。内蒙古。辽宁。吉林。黑龙江。上海。江苏。浙江。安徽。福建。江西。山东。河南。湖北。湖南。广东。广西。海南。重庆。四川。贵州。云南。西藏。陕西。甘肃。青海。宁夏。新疆。兵团。北京局。天津局。河北局。山西局。内蒙古局。辽宁局。吉林局。黑龙江局。上海局。江苏局。浙江局。安徽局。福建局。江西局。山东局。河南局。湖北局。湖南局。广东局。广西局。海南局。重庆局。四川局。贵州局。云南局。西藏局。陕西局。甘肃局。青海局。宁夏局。新疆局。兵团局。天津总队。山西总队。江苏总队。浙江总队。安徽总队。河南总队。湖南总队。广东总队。云南总队。陕西总队。新疆总队。兵团总队。中国统计学会。联合国。联合国经济和社会事务部。联合国统计司。世贸组织。粮农组织。劳工组织。基金组织。工发组织。教科文组织。世卫组织。世界银行。欧盟。经合组织。联合国开发署。联合国人口基金。联合国环境署。联合国儿童基金。世界粮食计划署。国际组织网站。版权所有:国家统计局。联系我们。服务条款。网站地图。地址:北京市西城区月坛南街57号(100826)。京ICP备05034670号-2。京公网安备11040102700142号。网站标识码bm36000002。中央人民政府门户网站。外交部。国防部。国家发展改革委。教育部。科技部。工业和信息化部。国家民委。公安部。国家安全部。民政部。司法部。财政部。人力资源社会保障部。自然资源部。生态环境部。住房城乡建设部。交通运输部。水利部。农业农村部。商务部。文化和旅游部。国家卫生健康委。退役军人事务部。应急管理部。中国人民银行。审计署。国务院国资委。海关总署。税务总局。市场监管总局。金融监管总局。中国证监会。广电总局。体育总局。国家信访局。国家统计局。国家知识产权局。国家国际发展合作署。国家医保局。国务院参事室。国管局。国务院研究室。国务院侨办。国务院港澳办。国务院台办。国家网信办。国务院新闻办。新华社。中国科学院。中国社科院。中国工程院。国务院发展研究中心。中央广电总台。中国气象局。国家粮食和物资储备局。国家能源局。国家国防科工局。国家烟草局。国家移民局。国家林草局。国家铁路局。中国民航局。国家邮政局。国家文物局。国家中医药局。国家疾控局。国家矿山安监局。国家消防救援局。国家外汇局。国家药监局。北京。天津。河北。山西。内蒙古。辽宁。吉林。黑龙江。上海。江苏。浙江。安徽。福建。江西。山东。河南。湖北。湖南。广东。广西。海南。重庆。四川。贵州。云南。西藏。陕西。甘肃。青海。宁夏。新疆。兵团。北京局。天津局。河北局。山西局。内蒙古局。辽宁局。吉林局。黑龙江局。上海局。江苏局。浙江局。安徽局。福建局。江西局。山东局。河南局。湖北局。湖南局。广东局。广西局。海南局。重庆局。四川局。贵州局。云南局。西藏局。陕西局。甘肃局。青海局。宁夏局。新疆局。兵团局。天津总队。山西总队。江苏总队。浙江总队。安徽总队。河南总队。湖南总队。广东总队。云南总队。陕西总队。新疆总队。兵团总队。中国统计学会。联合国。联合国经济和社会事务部。联合国统计司。世贸组织。粮农组织。劳工组织。基金组织。工发组织。教科文组织。世卫组织。世界银行。欧盟。经合组织。联合国开发署。联合国人口基金。联合国环境署。联合国儿童基金。世界粮食计划署。国际组织网站,https://www.stats.gov.cn/sj/zxfb/202302/t20230203_1899011.html,0710b1095a1239160f959a796eb76b1423593c2dbe8f220f4decb2fdf46adbab
HR-036,HIST-NBS-017,国家统计局,2016-08-12 23:59:59,2016年7月份规模以上工业增加值增长6.0%,2016年7月份规模以上工业增加值增长6.0% - 国家统计局 EN 搜索 首页 机构 新闻 时政要闻 统计新闻 数据 公开 服务 互动 知识 专题 2016年7月份规模以上工业增加值增长6.0% 2016/08/12 10:01 | Aa 字体： 小 中 大 | 分享到： 2016 年 7 月份，规模以上工业增加值同比实际增长 6.0% （以下增加值增速均为扣除价格因素的实际增长率），较 6 月份回落 0.2 个百分点。从环比看， 7 月份，规模以上工业增加值增长 0.52% ，比上月加快 0.02 个百分点。 1-7 月份，规模以上工业增加值同比增长 6.0% 。 分三大门类看， 7 月份，采矿业增加值同比下降 3.1% ，制造业增长 7.0% ，电力、热力、燃气及水生产和供应业增长 7.4% 。 分经济类型看， 7 月份，国有控股企业增加值同比增长 2.9% ；集体企业下降 1.5% ，股份制企业增长 6.3% ，外商及港澳台商投资企业增长 5.1% 。 分行业看， 7 月份， 41 个大类行业中有 34 个行业增加值保持同比增长。其中，农副食品加工业增长 5.0% ，纺织业增长 5.0% ，化学原料和化学制品制造业增长 8.8% ，非金属矿物制品业增长 6.0% ，黑色金属冶炼和压延加工业增长 1.7% ，有色金属冶炼和压延加工业增长 5.6% ，通用设备制造业增长 3.6% ，专用设备制造业增长 5.6% ，汽车制造业增长 22.9% ，铁路、船舶、航空航天和其他运输设备制造业增长 3.2% ，电气机械和器材制造业增长 8.2% ，计算机、通信和其他电子设备制造业增长 12.0% ，电力、热力生产和供应业增长 6.9% 。 分地区看， 7 月份，东部地区增加值同比增长 6.7% ，中部地区增长 7.6% ，西部地区增长 6.6% ，东北地区下降 0.7% 。 分产品看， 7 月份， 589 种产品中有 347 种产品同比增长。其中，钢材 9594 万吨，同比增长 4.9% ；水泥 21410 万吨，增长 0.9% ；十种有色金属 439 万吨，增长 0.7% ；乙烯 146 万吨，增长 0.3% ；汽车 197.8 万辆，增长 25.4% ；轿车 89.4 万辆，增长 26.6% ；发电量 5506 亿千瓦时，增长 7.2% ；原油加工量 4532 万吨，增长 2.5% 。 7 月份，工业企业产品销售率为 97.6 % ，比上年同期下降 0.1 个百分点。工业企业实现出口交货值 9761 亿元，同比名义增长 1.3% 。 2016 年 7 月份规模以上工业生产主要数据 7 月 1-7 月 绝对量 同比增长 （ % ） 绝对量 同比增长 （ % ） 一、规模以上工业增加值 … 6.0 … 6.0 分三大门类 采矿业 … -3.1 … -0.4 制造业 … 7.0 … 6.9 电力、热力、燃气及水生产和供应业 … 7.4 … 3.4 分经济类型 其中： 国有控股企业 … 2.9 … 0.3 其中：集体企业 … -1.5 … 2.0 股份制企业 … 6.3 … 7.1 外商及港澳台商投资企业 … 5.1 … 3.5 主要行业增加值 农副食品加工业 … 5.0 … 5.9 食品制造业 … 9.9 … 8.9 纺织业 … 5.0 … 6.9 化学原料和化学制品制造业 … 8.8 … 9.3 医药制造业 … 10.6 … 10.4 橡胶和塑料制品业 … 7.2 … 8.1 非金属矿物制品业 … 6.0 … 7.6 黑色金属冶炼和压延加工业 … 1.7 … 1.6 有色金属冶炼和压延加工业 … 5.6 … 9.4 金属制品业 … 9.7 … 8.8 通用设备制造业 … 3.6 … 4.4 专用设备制造业 … 5.6 … 5.0 汽车制造业 … 22.9 … 12.3 铁路、船舶、航空航天和其他运输设备制造业 … 3.2 … 4.2 电气机械和器材制造业 … 8.2 … 8.8 计算机、通信和其他电子设备制造业 … 12.0 … 9.7 电力、热力生产和供应业 … 6.9 … 2.4 主要产品产量 布 ( 亿米 ) 61 1.8 392 1.8 硫酸（折 100 ％） ( 万吨 ) 714 -1.3 5092 -0.1 烧碱（折 100 ％） ( 万吨 ) 268 8.7 1882 5.8 乙烯 ( 万吨 ) 146 0.3 1066 7.6 化学纤维 ( 万吨 ) 427 12.3 2876 8.7 水泥 ( 万吨 ) 21410 0.9 132250 2.8 平板玻璃 ( 万重量箱 ) 6377 6.7 45451 2.2 生铁 ( 万吨 ) 5781 1.7 40325 -1.4 粗钢 ( 万吨 ) 6681 2.6 46652 -0.5 钢材 ( 万吨 ) 9594 4.9 65705 1.9 十种有色金属 ( 万吨 ) 439 0.7 2963 0.5 其中：原铝（电解铝） ( 万吨 ) 266 -1.5 1798 -1.9 金属切削机床 ( 万台 ) 6 -1.6 43 -6.0 工业机器人（台 / 套） 5839 40.1 38203 27.2 汽车 ( 万辆 ) 197.8 25.4 1507.8 8.1 其中：轿车 ( 万辆 ) 89.4 26.6 650.2 -2.4 运动型多用途乘用车（ SUV ）（万辆） 58.9 36.3 442.7 37.7 其中：新能源汽车（万辆） 5.5 61.8 32.3 94.6 发电机组（发电设备） ( 万千瓦 ) 1142 18.9 7727 -1.5 微型计算机设备 ( 万台 ) 1976 -7.5 15082 -13.1 移动通信手持机 ( 万台 ) 17925 23.5 115339 23.8 其中：智能手机（万台） 12290 13.4 80268 14.1 集成电路 ( 亿块 ) 114 16.1 713 16.6 原煤（万吨） 27001 -13.1 190080 -10.1 焦炭（万吨） 3731 -0.8 25322 -3.8 原油（万吨） 1672 -8.1 11835 -5.1 原油加工量（万吨） 4532 2.5 31186 2.5 天然气（亿立方米） 103 -3.3 794 3.1 发电量（亿千瓦时） 5506 7.2 33121 2.0 火力发电量（亿千瓦时） 3889 4.4 24487 -1.9 水力发电量（亿千瓦时） 1236 12.7 6049 13.2 核能发电量（亿千瓦时） 198 18.0 1163 24.5 风力发电量（亿千瓦时） 150 25.9 1210 14.8 太阳能发电量（亿千瓦时） 33 21.1 211 27.5 产品销售率（ % ） 97.6 -0.1 ( 百分点 ) 97.4 -0.1( 百分点 ) 出口交货值（亿元） 9761 1.3 64928 -0.4 附注 1 、指标解释 工业增加值增长速度 : 即工业增长速度，是用来反映一定时期工业生产物量增减变动程度的指标。利用该指标，可以判断短期工业经济的运行走势，判断经济的景气程度，也是制定和调整经济政策，实施宏观调控的重要参考和依据。 产品销售率：是销售产值和工业总产值的比率，用来反映工业产品的产销衔接情况。 出口交货值：是指工业企业自营（委托）出口（包括销往香港、澳门、台湾地区）或交给外贸部门出口的产品价值，以及外商来样、来料加工、来件装配和补偿贸易等生产的产品价值。 日均产品产量：以当月公布的规模以上工业企业总产量除以该月日历天数计算得到。 由于规模以上工业企业范围每年发生变化，为保证本年数据与上年可比，计算产品产量等各项指标同比增长速度所采用的同期数与本期的企业统计范围相一致，和上年公布的数据存在口径差异。 2 、统计范围 规模以上工业的统计范围为年主营业务收入 2000 万元以上的工业企业。 3 、调查方法 规模以上工业企业工业生产报表按月进行全面调查（ 1 月份数据免报）。 4 、东、中、西部和东北地区划分 东部地区包括北京、天津、河北、上海、江苏、浙江、福建、山东、广东、海南 10 个省（市）；中部地区包括山西、安徽、江西、河南、湖北、湖南 6 个省；西部地区包括内蒙古、广西、重庆、四川、贵州、云南、西藏、陕西、甘肃、青海、宁夏、新疆 12 个省（市、自治区）；东北地区包括辽宁、吉林、黑龙江 3 个省。 5 、行业分类标准 执行国民经济行业分类标准（ GB/T 4754-2011 ）。 6 、环比数据修订 根据季节调整模型自动修正结果，对 2015 年 7 月至 2016 年 6 月份规模以上工业增加值环比增速进行修订。修订结果及 2016 年 7 月份环比数据如下： 月份 环比增速（ % ） 2015 年 7 月 0.20 8 月 0.54 9 月 0.49 10 月 0.40 11 月 0.59 12 月 0.46 2016 年 1 月 0.45 2 月 0.42 3 月 0.63 4 月 0.44 5 月 0.45 6 月 0.50 7 月 0.52 2016 年 7 月份，规模以上工业增加值同比实际增长 6.0% （以下增加值增速均为扣除价格因素的实际增长率），较 6 月份回落 0.2 个百分点。从环比看， 7 月份，规模以上工业增加值增长 0.52% ，比上月加快 0.02 个百分点。 1-7 月份，规模以上工业增加值同比增长 6.0% 。 分三大门类看， 7 月份，采矿业增加值同比下降 3.1% ，制造业增长 7.0% ，电力、热力、燃气及水生产和供应业增长 7.4% 。 分经济类型看， 7 月份，国有控股企业增加值同比增长 2.9% ；集体企业下降 1.5% ，股份制企业增长 6.3% ，外商及港澳台商投资企业增长 5.1% 。 分行业看， 7 月份， 41 个大类行业中有 34 个行业增加值保持同比增长。其中，农副食品加工业增长 5.0% ，纺织业增长 5.0% ，化学原料和化学制品制造业增长 8.8% ，非金属矿物制品业增长 6.0% ，黑色金属冶炼和压延加工业增长 1.7% ，有色金属冶炼和压延加工业增长 5.6% ，通用设备制造业增长 3.6% ，专用设备制造业增长 5.6% ，汽车制造业增长 22.9% ，铁路、船舶、航空航天和其他运输设备制造业增长 3.2% ，电气机械和器材制造业增长 8.2% ，计算机、通信和其他电子设备制造业增长 12.0% ，电力、热力生产和供应业增长 6.9% 。 分地区看， 7 月份，东部地区增加值同比增长 6.7% ，中部地区增长 7.6% ，西部地区增长 6.6% ，东北地区下降 0.7% 。 分产品看， 7 月份， 589 种产品中有 347 种产品同比增长。其中，钢材 9594 万吨，同比增长 4.9% ；水泥 21410 万吨，增长 0.9% ；十种有色金属 439 万吨，增长 0.7% ；乙烯 146 万吨，增长 0.3% ；汽车 197.8 万辆，增长 25.4% ；轿车 89.4 万辆，增长 26.6% ；发电量 5506 亿千瓦时，增长 7.2% ；原油加工量 4532 万吨，增长 2.5% 。 7 月份，工业企业产品销售率为 97.6 % ，比上年同期下降 0.1 个百分点。工业企业实现出口交货值 9761 亿元，同比名义增长 1.3% 。 2016 年 7 月份规模以上工业生产主要数据 7 月 1-7 月 绝对量 同比增长 （ % ） 绝对量 同比增长 （ % ） 一、规模以上工业增加值 … 6.0 … 6.0 分三大门类 采矿业 … -3.1 … -0.4 制造业 … 7.0 … 6.9 电力、热力、燃气及水生产和供应业 … 7.4 … 3.4 分经济类型 其中： 国有控股企业 … 2.9 … 0.3 其中：集体企业 … -1.5 … 2.0 股份制企业 … 6.3 … 7.1 外商及港澳台商投资企业 … 5.1 … 3.5 主要行业增加值 农副食品加工业 … 5.0 … 5.9 食品制造业 … 9.9 … 8.9 纺织业 … 5.0 … 6.9 化学原料和化学制品制造业 … 8.8 … 9.3 医药制造业 … 10.6 … 10.4 橡胶和塑料制品业 … 7.2 … 8.1 非金属矿物制品业 … 6.0 … 7.6 黑色金属冶炼和压延加工业 … 1.7 … 1.6 有色金属冶炼和压延加工业 … 5.6 … 9.4 金属制品业 … 9.7 … 8.8 通用设备制造业 … 3.6 … 4.4 专用设备制造业 … 5.6 … 5.0 汽车制造业 … 22.9 … 12.3 铁路、船舶、航空航天和其他运输设备制造业 … 3.2 … 4.2 电气机械和器材制造业 … 8.2 … 8.8 计算机、通信和其他电子设备制造业 … 12.0 … 9.7 电力、热力生产和供应业 … 6.9 … 2.4 主要产品产量 布 ( 亿米 ) 61 1.8 392 1.8 硫酸（折 100 ％） ( 万吨 ) 714 -1.3 5092 -0.1 烧碱（折 100 ％） ( 万吨 ) 268 8.7 1882 5.8 乙烯 ( 万吨 ) 146 0.3 1066 7.6 化学纤维 ( 万吨 ) 427 12.3 2876 8.7 水泥 ( 万吨 ) 21410 0.9 132250 2.8 平板玻璃 ( 万重量箱 ) 6377 6.7 45451 2.2 生铁 ( 万吨 ) 5781 1.7 40325 -1.4 粗钢 ( 万吨 ) 6681 2.6 46652 -0.5 钢材 ( 万吨 ) 9594 4.9 65705 1.9 十种有色金属 ( 万吨 ) 439 0.7 2963 0.5 其中：原铝（电解铝） ( 万吨 ) 266 -1.5 1798 -1.9 金属切削机床 ( 万台 ) 6 -1.6 43 -6.0 工业机器人（台 / 套） 5839 40.1 38203 27.2 汽车 ( 万辆 ) 197.8 25.4 1507.8 8.1 其中：轿车 ( 万辆 ) 89.4 26.6 650.2 -2.4 运动型多用途乘用车（ SUV ）（万辆） 58.9 36.3 442.7 37.7 其中：新能源汽车（万辆） 5.5 61.8 32.3 94.6 发电机组（发电设备） ( 万千瓦 ) 1142 18.9 7727 -1.5 微型计算机设备 ( 万台 ) 1976 -7.5 15082 -13.1 移动通信手持机 ( 万台 ) 17925 23.5 115339 23.8 其中：智能手机（万台） 12290 13.4 80268 14.1 集成电路 ( 亿块 ) 114 16.1 713 16.6 原煤（万吨） 27001 -13.1 190080 -10.1 焦炭（万吨） 3731 -0.8 25322 -3.8 原油（万吨） 1672 -8.1 11835 -5.1 原油加工量（万吨） 4532 2.5 31186 2.5 天然气（亿立方米） 103 -3.3 794 3.1 发电量（亿千瓦时） 5506 7.2 33121 2.0 火力发电量（亿千瓦时） 3889 4.4 24487 -1.9 水力发电量（亿千瓦时） 1236 12.7 6049 13.2 核能发电量（亿千瓦时） 198 18.0 1163 24.5 风力发电量（亿千瓦时） 150 25.9 1210 14.8 太阳能发电量（亿千瓦时） 33 21.1 211 27.5 产品销售率（ % ） 97.6 -0.1 ( 百分点 ) 97.4 -0.1( 百分点 ) 出口交货值（亿元） 9761 1.3 64928 -0.4 附注 1 、指标解释 工业增加值增长速度 : 即工业增长速度，是用来反映一定时期工业生产物量增减变动程度的指标。利用该指标，可以判断短期工业经济的运行走势，判断经济的景气程度，也是制定和调整经济政策，实施宏观调控的重要参考和依据。 产品销售率：是销售产值和工业总产值的比率，用来反映工业产品的产销衔接情况。 出口交货值：是指工业企业自营（委托）出口（包括销往香港、澳门、台湾地区）或交给外贸部门出口的产品价值，以及外商来样、来料加工、来件装配和补偿贸易等生产的产品价值。 日均产品产量：以当月公布的规模以上工业企业总产量除以该月日历天数计算得到。 由于规模以上工业企业范围每年发生变化，为保证本年数据与上年可比，计算产品产量等各项指标同比增长速度所采用的同期数与本期的企业统计范围相一致，和上年公布的数据存在口径差异。 2 、统计范围 规模以上工业的统计范围为年主营业务收入 2000 万元以上的工业企业。 3 、调查方法 规模以上工业企业工业生产报表按月进行全面调查（ 1 月份数据免报）。 4 、东、中、西部和东北地区划分 东部地区包括北京、天津、河北、上海、江苏、浙江、福建、山东、广东、海南 10 个省（市）；中部地区包括山西、安徽、江西、河南、湖北、湖南 6 个省；西部地区包括内蒙古、广西、重庆、四川、贵州、云南、西藏、陕西、甘肃、青海、宁夏、新疆 12 个省（市、自治区）；东北地区包括辽宁、吉林、黑龙江 3 个省。 5 、行业分类标准 执行国民经济行业分类标准（ GB/T 4754-2011 ）。 6 、环比数据修订 根据季节调整模型自动修正结果，对 2015 年 7 月至 2016 年 6 月份规模以上工业增加值环比增速进行修订。修订结果及 2016 年 7 月份环比数据如下： 月份 环比增速（ % ） 2015 年 7 月 0.20 8 月 0.54 9 月 0.49 10 月 0.40 11 月 0.59 12 月 0.46 2016 年 1 月 0.45 2 月 0.42 3 月 0.63 4 月 0.44 5 月 0.45 6 月 0.50 7 月 0.52 [责任编辑:] 相关链接 政府机构网站 地方政府网站 地方统计网站 社会团体网站 国际组织网站 政府机构网站 地方政府网站 地方统计网站 社会团体网站 国际组织网站 中央人民政府门户网站 外交部 国防部 国家发展改革委 教育部 科技部 工业和信息化部 国家民委 公安部 国家安全部 民政部 司法部 财政部 人力资源社会保障部 自然资源部 生态环境部 住房城乡建设部 交通运输部 水利部 农业农村部 商务部 文化和旅游部 国家卫生健康委 退役军人事务部 应急管理部 中国人民银行 审计署 国务院国资委 海关总署 税务总局 市场监管总局 金融监管总局 中国证监会 广电总局 体育总局 国家信访局 国家统计局 国家知识产权局 国家国际发展合作署 国家医保局 国务院参事室 国管局 国务院研究室 国务院侨办 国务院港澳办 国务院台办 国家网信办 国务院新闻办 新华社 中国科学院 中国社科院 中国工程院 国务院发展研究中心 中央广电总台 中国气象局 国家粮食和物资储备局 国家能源局 国家国防科工局 国家烟草局 国家移民局 国家林草局 国家铁路局 中国民航局 国家邮政局 国家文物局 国家中医药局 国家疾控局 国家矿山安监局 国家消防救援局 国家外汇局 国家药监局 北京 天津 河北 山西 内蒙古 辽宁 吉林 黑龙江 上海 江苏 浙江 安徽 福建 江西 山东 河南 湖北 湖南 广东 广西 海南 重庆 四川 贵州 云南 西藏 陕西 甘肃 青海 宁夏 新疆 兵团 北京局 天津局 河北局 山西局 内蒙古局 辽宁局 吉林局 黑龙江局 上海局 江苏局 浙江局 安徽局 福建局 江西局 山东局 河南局 湖北局 湖南局 广东局 广西局 海南局 重庆局 四川局 贵州局 云南局 西藏局 陕西局 甘肃局 青海局 宁夏局 新疆局 兵团局 天津总队 山西总队 江苏总队 浙江总队 安徽总队 河南总队 湖南总队 广东总队 云南总队 陕西总队 新疆总队 兵团总队 中国统计学会 联合国 联合国经济和社会事务部 联合国统计司 世贸组织 粮农组织 劳工组织 基金组织 工发组织 教科文组织 世卫组织 世界银行 欧盟 经合组织 联合国开发署 联合国人口基金 联合国环境署 联合国儿童基金 世界粮食计划署 国际组织网站 版权所有: 国家统计局 联系我们 服务条款 网站地图 地址: 北京市西城区月坛南街57号 (100826) 京ICP备05034670号-2 京公网安备 11040102700142号 网站标识码bm36000002 中央人民政府门户网站 外交部 国防部 国家发展改革委 教育部 科技部 工业和信息化部 国家民委 公安部 国家安全部 民政部 司法部 财政部 人力资源社会保障部 自然资源部 生态环境部 住房城乡建设部 交通运输部 水利部 农业农村部 商务部 文化和旅游部 国家卫生健康委 退役军人事务部 应急管理部 中国人民银行 审计署 国务院国资委 海关总署 税务总局 市场监管总局 金融监管总局 中国证监会 广电总局 体育总局 国家信访局 国家统计局 国家知识产权局 国家国际发展合作署 国家医保局 国务院参事室 国管局 国务院研究室 国务院侨办 国务院港澳办 国务院台办 国家网信办 国务院新闻办 新华社 中国科学院 中国社科院 中国工程院 国务院发展研究中心 中央广电总台 中国气象局 国家粮食和物资储备局 国家能源局 国家国防科工局 国家烟草局 国家移民局 国家林草局 国家铁路局 中国民航局 国家邮政局 国家文物局 国家中医药局 国家疾控局 国家矿山安监局 国家消防救援局 国家外汇局 国家药监局 北京 天津 河北 山西 内蒙古 辽宁 吉林 黑龙江 上海 江苏 浙江 安徽 福建 江西 山东 河南 湖北 湖南 广东 广西 海南 重庆 四川 贵州 云南 西藏 陕西 甘肃 青海 宁夏 新疆 兵团 北京局 天津局 河北局 山西局 内蒙古局 辽宁局 吉林局 黑龙江局 上海局 江苏局 浙江局 安徽局 福建局 江西局 山东局 河南局 湖北局 湖南局 广东局 广西局 海南局 重庆局 四川局 贵州局 云南局 西藏局 陕西局 甘肃局 青海局 宁夏局 新疆局 兵团局 天津总队 山西总队 江苏总队 浙江总队 安徽总队 河南总队 湖南总队 广东总队 云南总队 陕西总队 新疆总队 兵团总队 中国统计学会 联合国 联合国经济和社会事务部 联合国统计司 世贸组织 粮农组织 劳工组织 基金组织 工发组织 教科文组织 世卫组织 世界银行 欧盟 经合组织 联合国开发署 联合国人口基金 联合国环境署 联合国儿童基金 世界粮食计划署 国际组织网站,https://www.stats.gov.cn/sj/zxfb/202302/t20230203_1899220.html,1f7d7e5534ae9b9c0c7c7408dba576de72504d801c59ae1b0cde27957857b325
HR-037,NBS-MACRO-SEED-04,国家统计局,2017-02-14 23:59:59,2017年1月份居民消费价格同比上涨2.5%,2017年1月份居民消费价格同比上涨2.5%-国家统计局。EN。搜索。首页。机构。新闻。时政要闻。统计新闻。数据。公开。服务。互动。知识。专题。2017年1月份居民消费价格同比上涨2.5%。2017/02/1409:30。|。Aa。字体：。小。中。大。|。分享到：。2017。年。1。月份，全国居民消费价格总水平同比上涨。2.5%。。其中，城市上涨。2.6%。，农村上涨。2.2%。；食品价格上涨。2.7%。，非食品价格上涨。2.5%。；消费品价格上涨。2.2%。，服务价格上涨。3.2%。。。1。月份，全国居民消费价格总水平环比上涨。1.0%。。其中，城市上涨。1.0%。，农村上涨。0.9%。；食品价格上涨。2.3%。，非食品价格上涨。0.7%。；消费品价格上涨。1.0%。，服务价格上涨。1.0%。。。一、各类商品及服务价格同比变动情况。1。月份，食品烟酒价格同比上涨。2.5%。，影响。CPI。同比上涨约。0.75。个百分点。其中，水产品价格上涨。6.4%。，影响。CPI。上涨约。0.11。个百分点；畜肉类价格上涨。5.7%。，影响。CPI。上涨约。0.27。个百分点（猪肉价格上涨。7.1%。，影响。CPI。上涨约。0.19。个百分点）；鲜果价格上涨。4.8%。，影响。CPI。上涨约。0.08。个百分点；鲜菜价格上涨。1.6%。，影响。CPI。上涨约。0.05。个百分点；粮食价格上涨。1.2%。，影响。CPI。上涨约。0.03。个百分点；蛋价格下降。9.1%。，影响。CPI。下降约。0.06。个百分点。。1。月份，其他七大类价格同比均有所上涨。其中，医疗保健、其他用品和服务、教育文化和娱乐、居住、交通和通信、衣着、生活用品及服务价格分别上涨。5.0%。、。4.8%。、。3.3%。、。2.3%。、。2.3%。、。1.1%。和。0.6%。。。据测算，在。1。月份。2.5%。的居民消费价格总水平同比涨幅中，去年价格上涨的翘尾因素约为。1.5。个百分点，新涨价因素约为。1.0。个百分点。。二、各类商品及服务价格环比变动情况。1。月份，食品烟酒价格环比上涨。1.7%。，影响。CPI。环比上涨约。0.50。个百分点。其中，鲜菜价格上涨。6.2%。，影响。CPI。上涨约。0.16。个百分点；鲜果价格上涨。5.7%。，影响。CPI。上涨约。0.09。个百分点；水产品价格上涨。4.4%。，影响。CPI。上涨约。0.08。个百分点；畜肉类价格上涨。2.4%。，影响。CPI。上涨约。0.11。个百分点（猪肉价格上涨。3.4%。，影响。CPI。上涨约。0.09。个百分点）；蛋价格下降。1.7%。，影响。CPI。下降约。0.01。个百分点。。1。月份，其他七大类价格环比六涨一降。其中，教育文化和娱乐、其他用品和服务、交通和通信、医疗保健、居住、生活用品及服务价格分别上涨。1.6%。、。1.5%。、。1.4%。、。0.6%。、。0.3%。和。0.3%。；衣着价格下降。0.4%。。。2017。年。1。月居民消费价格主要数据。1。月。环比涨跌幅（。%。）。同比涨跌幅（。%。）。居民消费价格。1.0。2.5。其中：城市。1.0。2.6。农村。0.9。2.2。其中：食品。2.3。2.7。非食品。0.7。2.5。其中：消费品。1.0。2.2。服务。1.0。3.2。其中：不包括食品和能源。0.6。2.2。其中：不包括鲜菜和鲜果。0.8。2.5。分类别。一、食品烟酒。1.7。2.5。粮食。0.2。1.2。食。用。油。0.1。1.9。鲜菜。6.2。1.6。畜。肉。类。2.4。5.7。其中：猪肉。3.4。7.1。牛肉。1.1。0.9。羊肉。1.9。1.1。水。产。品。4.4。6.4。蛋类。-1.7。-9.1。奶类。-0.3。-0.5。鲜果。5.7。4.8。烟草。0.0。-0.2。酒类。-0.1。0.8。二、衣着。-0.4。1.1。服装。-0.6。1.0。衣着加工服务费。1.4。5.0。鞋类。-0.2。1.1。三、居住。0.3。2.3。租赁房房租。0.0。3.0。水电燃料。0.8。1.3。四、生活用品及服务。0.3。0.6。家用器具。0.1。-1.2。家庭服务。3.5。6.4。五、交通和通信。1.4。2.3。交通工具。0.0。-1.3。交通工具用燃料。4.6。16.5。交通工具使用和维修。1.8。3.1。通信工具。-0.1。-3.7。通信服务。-0.1。-0.2。邮递服务。0.6。0.6。六、教育文化和娱乐。1.6。3.3。教育服务。0.1。3.3。旅游。9.5。9.9。七、医疗保健。0.6。5.0。中药。0.6。5.5。西药。0.2。6.1。医疗服务。0.9。4.4。八、其他用品和服务。1.5。4.8。附注。1。、指标解释。居民消费价格指数（。ConsumerPriceIndex。，简称。CPI。）是度量居民生活消费品和服务价格水平随着时间变动的相对数，综合反映居民购买的生活消费品和服务价格水平的变动情况。。2。、统计范围。全国居民消费价格指数（。CPI。）涵盖全国城乡居民生活消费的食品烟酒、衣着、居住、生活用品及服务、交通和通信、教育文化和娱乐、医疗保健、其他用品和服务等。8。大类、。262。个基本分类的商品与服务价格。。3。、调查方法。采用抽样调查方法抽选确定调查网点，按照“定人、定点、定时”的原则，直接派人到调查网点采集原始价格。数据来源于全国。31。个省（区、市）。500。个市县、。8.8。万余家价格调查点，包括商场（店）、超市、农贸市场、服务网点和互联网电商等。。2017。年。1。月份，全国居民消费价格总水平同比上涨。2.5%。。其中，城市上涨。2.6%。，农村上涨。2.2%。；食品价格上涨。2.7%。，非食品价格上涨。2.5%。；消费品价格上涨。2.2%。，服务价格上涨。3.2%。。。1。月份，全国居民消费价格总水平环比上涨。1.0%。。其中，城市上涨。1.0%。，农村上涨。0.9%。；食品价格上涨。2.3%。，非食品价格上涨。0.7%。；消费品价格上涨。1.0%。，服务价格上涨。1.0%。。。一、各类商品及服务价格同比变动情况。1。月份，食品烟酒价格同比上涨。2.5%。，影响。CPI。同比上涨约。0.75。个百分点。其中，水产品价格上涨。6.4%。，影响。CPI。上涨约。0.11。个百分点；畜肉类价格上涨。5.7%。，影响。CPI。上涨约。0.27。个百分点（猪肉价格上涨。7.1%。，影响。CPI。上涨约。0.19。个百分点）；鲜果价格上涨。4.8%。，影响。CPI。上涨约。0.08。个百分点；鲜菜价格上涨。1.6%。，影响。CPI。上涨约。0.05。个百分点；粮食价格上涨。1.2%。，影响。CPI。上涨约。0.03。个百分点；蛋价格下降。9.1%。，影响。CPI。下降约。0.06。个百分点。。1。月份，其他七大类价格同比均有所上涨。其中，医疗保健、其他用品和服务、教育文化和娱乐、居住、交通和通信、衣着、生活用品及服务价格分别上涨。5.0%。、。4.8%。、。3.3%。、。2.3%。、。2.3%。、。1.1%。和。0.6%。。。据测算，在。1。月份。2.5%。的居民消费价格总水平同比涨幅中，去年价格上涨的翘尾因素约为。1.5。个百分点，新涨价因素约为。1.0。个百分点。。二、各类商品及服务价格环比变动情况。1。月份，食品烟酒价格环比上涨。1.7%。，影响。CPI。环比上涨约。0.50。个百分点。其中，鲜菜价格上涨。6.2%。，影响。CPI。上涨约。0.16。个百分点；鲜果价格上涨。5.7%。，影响。CPI。上涨约。0.09。个百分点；水产品价格上涨。4.4%。，影响。CPI。上涨约。0.08。个百分点；畜肉类价格上涨。2.4%。，影响。CPI。上涨约。0.11。个百分点（猪肉价格上涨。3.4%。，影响。CPI。上涨约。0.09。个百分点）；蛋价格下降。1.7%。，影响。CPI。下降约。0.01。个百分点。。1。月份，其他七大类价格环比六涨一降。其中，教育文化和娱乐、其他用品和服务、交通和通信、医疗保健、居住、生活用品及服务价格分别上涨。1.6%。、。1.5%。、。1.4%。、。0.6%。、。0.3%。和。0.3%。；衣着价格下降。0.4%。。。2017。年。1。月居民消费价格主要数据。1。月。环比涨跌幅（。%。）。同比涨跌幅（。%。）。居民消费价格。1.0。2.5。其中：城市。1.0。2.6。农村。0.9。2.2。其中：食品。2.3。2.7。非食品。0.7。2.5。其中：消费品。1.0。2.2。服务。1.0。3.2。其中：不包括食品和能源。0.6。2.2。其中：不包括鲜菜和鲜果。0.8。2.5。分类别。一、食品烟酒。1.7。2.5。粮食。0.2。1.2。食。用。油。0.1。1.9。鲜菜。6.2。1.6。畜。肉。类。2.4。5.7。其中：猪肉。3.4。7.1。牛肉。1.1。0.9。羊肉。1.9。1.1。水。产。品。4.4。6.4。蛋类。-1.7。-9.1。奶类。-0.3。-0.5。鲜果。5.7。4.8。烟草。0.0。-0.2。酒类。-0.1。0.8。二、衣着。-0.4。1.1。服装。-0.6。1.0。衣着加工服务费。1.4。5.0。鞋类。-0.2。1.1。三、居住。0.3。2.3。租赁房房租。0.0。3.0。水电燃料。0.8。1.3。四、生活用品及服务。0.3。0.6。家用器具。0.1。-1.2。家庭服务。3.5。6.4。五、交通和通信。1.4。2.3。交通工具。0.0。-1.3。交通工具用燃料。4.6。16.5。交通工具使用和维修。1.8。3.1。通信工具。-0.1。-3.7。通信服务。-0.1。-0.2。邮递服务。0.6。0.6。六、教育文化和娱乐。1.6。3.3。教育服务。0.1。3.3。旅游。9.5。9.9。七、医疗保健。0.6。5.0。中药。0.6。5.5。西药。0.2。6.1。医疗服务。0.9。4.4。八、其他用品和服务。1.5。4.8。附注。1。、指标解释。居民消费价格指数（。ConsumerPriceIndex。，简称。CPI。）是度量居民生活消费品和服务价格水平随着时间变动的相对数，综合反映居民购买的生活消费品和服务价格水平的变动情况。。2。、统计范围。全国居民消费价格指数（。CPI。）涵盖全国城乡居民生活消费的食品烟酒、衣着、居住、生活用品及服务、交通和通信、教育文化和娱乐、医疗保健、其他用品和服务等。8。大类、。262。个基本分类的商品与服务价格。。3。、调查方法。采用抽样调查方法抽选确定调查网点，按照“定人、定点、定时”的原则，直接派人到调查网点采集原始价格。数据来源于全国。31。个省（区、市）。500。个市县、。8.8。万余家价格调查点，包括商场（店）、超市、农贸市场、服务网点和互联网电商等。。[责任编辑:]。相关链接。政府机构网站。地方政府网站。地方统计网站。社会团体网站。国际组织网站。政府机构网站。地方政府网站。地方统计网站。社会团体网站。国际组织网站。中央人民政府门户网站。外交部。国防部。国家发展改革委。教育部。科技部。工业和信息化部。国家民委。公安部。国家安全部。民政部。司法部。财政部。人力资源社会保障部。自然资源部。生态环境部。住房城乡建设部。交通运输部。水利部。农业农村部。商务部。文化和旅游部。国家卫生健康委。退役军人事务部。应急管理部。中国人民银行。审计署。国务院国资委。海关总署。税务总局。市场监管总局。金融监管总局。中国证监会。广电总局。体育总局。国家信访局。国家统计局。国家知识产权局。国家国际发展合作署。国家医保局。国务院参事室。国管局。国务院研究室。国务院侨办。国务院港澳办。国务院台办。国家网信办。国务院新闻办。新华社。中国科学院。中国社科院。中国工程院。国务院发展研究中心。中央广电总台。中国气象局。国家粮食和物资储备局。国家能源局。国家国防科工局。国家烟草局。国家移民局。国家林草局。国家铁路局。中国民航局。国家邮政局。国家文物局。国家中医药局。国家疾控局。国家矿山安监局。国家消防救援局。国家外汇局。国家药监局。北京。天津。河北。山西。内蒙古。辽宁。吉林。黑龙江。上海。江苏。浙江。安徽。福建。江西。山东。河南。湖北。湖南。广东。广西。海南。重庆。四川。贵州。云南。西藏。陕西。甘肃。青海。宁夏。新疆。兵团。北京局。天津局。河北局。山西局。内蒙古局。辽宁局。吉林局。黑龙江局。上海局。江苏局。浙江局。安徽局。福建局。江西局。山东局。河南局。湖北局。湖南局。广东局。广西局。海南局。重庆局。四川局。贵州局。云南局。西藏局。陕西局。甘肃局。青海局。宁夏局。新疆局。兵团局。天津总队。山西总队。江苏总队。浙江总队。安徽总队。河南总队。湖南总队。广东总队。云南总队。陕西总队。新疆总队。兵团总队。中国统计学会。联合国。联合国经济和社会事务部。联合国统计司。世贸组织。粮农组织。劳工组织。基金组织。工发组织。教科文组织。世卫组织。世界银行。欧盟。经合组织。联合国开发署。联合国人口基金。联合国环境署。联合国儿童基金。世界粮食计划署。国际组织网站。版权所有:国家统计局。联系我们。服务条款。网站地图。地址:北京市西城区月坛南街57号(100826)。京ICP备05034670号-2。京公网安备11040102700142号。网站标识码bm36000002。中央人民政府门户网站。外交部。国防部。国家发展改革委。教育部。科技部。工业和信息化部。国家民委。公安部。国家安全部。民政部。司法部。财政部。人力资源社会保障部。自然资源部。生态环境部。住房城乡建设部。交通运输部。水利部。农业农村部。商务部。文化和旅游部。国家卫生健康委。退役军人事务部。应急管理部。中国人民银行。审计署。国务院国资委。海关总署。税务总局。市场监管总局。金融监管总局。中国证监会。广电总局。体育总局。国家信访局。国家统计局。国家知识产权局。国家国际发展合作署。国家医保局。国务院参事室。国管局。国务院研究室。国务院侨办。国务院港澳办。国务院台办。国家网信办。国务院新闻办。新华社。中国科学院。中国社科院。中国工程院。国务院发展研究中心。中央广电总台。中国气象局。国家粮食和物资储备局。国家能源局。国家国防科工局。国家烟草局。国家移民局。国家林草局。国家铁路局。中国民航局。国家邮政局。国家文物局。国家中医药局。国家疾控局。国家矿山安监局。国家消防救援局。国家外汇局。国家药监局。北京。天津。河北。山西。内蒙古。辽宁。吉林。黑龙江。上海。江苏。浙江。安徽。福建。江西。山东。河南。湖北。湖南。广东。广西。海南。重庆。四川。贵州。云南。西藏。陕西。甘肃。青海。宁夏。新疆。兵团。北京局。天津局。河北局。山西局。内蒙古局。辽宁局。吉林局。黑龙江局。上海局。江苏局。浙江局。安徽局。福建局。江西局。山东局。河南局。湖北局。湖南局。广东局。广西局。海南局。重庆局。四川局。贵州局。云南局。西藏局。陕西局。甘肃局。青海局。宁夏局。新疆局。兵团局。天津总队。山西总队。江苏总队。浙江总队。安徽总队。河南总队。湖南总队。广东总队。云南总队。陕西总队。新疆总队。兵团总队。中国统计学会。联合国。联合国经济和社会事务部。联合国统计司。世贸组织。粮农组织。劳工组织。基金组织。工发组织。教科文组织。世卫组织。世界银行。欧盟。经合组织。联合国开发署。联合国人口基金。联合国环境署。联合国儿童基金。世界粮食计划署。国际组织网站,https://www.stats.gov.cn/sj/zxfb/202302/t20230203_1899420.html,38aa2264b0bf3cd98638baf198008a187ab3291b4dba836768d8458e3adbd248
HR-038,HIST-NBS-031,国家统计局,2017-11-14 23:59:59,2017年10月份规模以上工业增加值增长6.2%,2017年10月份规模以上工业增加值增长6.2% - 国家统计局 EN 搜索 首页 机构 新闻 时政要闻 统计新闻 数据 公开 服务 互动 知识 专题 2017年10月份规模以上工业增加值增长6.2% 2017/11/14 10:00 | Aa 字体： 小 中 大 | 分享到： 2017 年 10 月份，规模以上工业增加值同比实际增长 6.2% （以下增加值增速均为扣除价格因素的实际增长率），比 9 月份回落 0.4 个百分点。从环比看， 10 月份，规模以上工业增加值比上月增长 0.50% 。 1-10 月份，规模以上工业增加值同比增长 6.7% 。 分三大门类看， 10 月份，采矿业增加值同比下降 1.3% ，制造业增长 6.7% ，电力、热力、燃气及水生产和供应业增长 9.2% 。 分经济类型看， 10 月份，国有控股企业增加值同比增长 6.6% ；集体企业增长 3.6% ，股份制企业增长 6.1% ，外商及港澳台商投资企业增长 6.5% 。 分行业看， 10 月份， 41 个大类行业中有 34 个行业增加值保持同比增长。其中，农副食品加工业增长 5.0% ，纺织业增长 3.3% ，化学原料和化学制品制造业增长 3.3% ，非金属矿物制品业增长 2.3% ，黑色金属冶炼和压延加工业下降 1.3% ，有色金属冶炼和压延加工业下降 1.7% ，通用设备制造业增长 9.6% ，专用设备制造业增长 12.3% ，汽车制造业增长 11.0% ，铁路、船舶、航空航天和其他运输设备制造业增长 7.4% ，电气机械和器材制造业增长 11.1% ，计算机、通信和其他电子设备制造业增长 12.8% ，电力、热力生产和供应业增长 8.8% 。 分地区看， 10 月份，东部地区增加值同比增长 6.2% ，中部地区增长 7.2% ，西部地区增长 6.8% ，东北地区增长 5.2% 。 分产品看， 10 月份， 596 种产品中有 367 种产品同比增长。其中，钢材 9179 万吨，同比下降 1.6% ；水泥 21990 万吨，下降 3.1% ；十种有色金属 446 万吨，下降 3.3% ；乙烯 161 万吨，增长 8.5% ；汽车 260.1 万辆，增长 0.6% ；轿车 104.8 万辆，下降 4.4% ；发电量 5038 亿千瓦时，同比增长 2.5% ；原油加工量 5051 万吨，同比增长 7.4% 。 10 月份，工业企业产品销售率为 97.8% ，比上年同期下降 0.2 个百分点。工业企业实现出口交货值 11181 亿元，同比名义增长 7.5% 。 2017 年 10 月份规模以上工业生产主要数据 10 月 1-10 月 绝对量 同比增长 （ % ） 绝对量 同比增长 （ % ） 规模以上工业增加值 … 6.2 … 6.7 分三大门类 采矿业 … -1.3 … -1.6 制造业 … 6.7 … 7.2 电力、热力、燃气及水生产和供应业 … 9.2 … 8.5 分经济类型 其中： 国有控股企业 … 6.6 … 6.8 其中：集体企业 … 3.6 … 0.7 股份制企业 … 6.1 … 6.7 外商及港澳台商投资企业 … 6.5 … 7.0 主要行业增加值 农副食品加工业 … 5.0 … 6.6 食品制造业 … 10.6 … 8.9 纺织业 … 3.3 … 4.2 化学原料和化学制品制造业 … 3.3 … 3.9 医药制造业 … 13.5 … 12.0 橡胶和塑料制品业 … 5.4 … 6.3 非金属矿物制品业 … 2.3 … 4.2 黑色金属冶炼和压延加工业 … -1.3 … 0.5 有色金属冶炼和压延加工业 … -1.7 … 1.1 金属制品业 … 4.4 … 6.9 通用设备制造业 … 9.6 … 10.9 专用设备制造业 … 12.3 … 12.1 汽车制造业 … 11.0 … 13.0 铁路、船舶、航空航天和其他运输设备制造业 … 7.4 … 5.2 电气机械和器材制造业 … 11.1 … 10.7 计算机、通信和其他电子设备制造业 … 12.8 … 13.8 电力、热力生产和供应业 … 8.8 … 8.3 主要产品产量 布 ( 亿米 ) 64 0.2 588 2.3 硫酸（折 100 ％） ( 万吨 ) 760 0.2 7560 3.9 烧碱（折 100 ％） ( 万吨 ) 279 -1.7 2833 2.9 乙烯 ( 万吨 ) 161 8.5 1520 1.7 化学纤维 ( 万吨 ) 450 6.4 4309 5.7 水泥 ( 万吨 ) 21990 -3.1 196288 -0.5 平板玻璃 ( 万重量箱 ) 6424 -0.3 67118 4.3 生铁 ( 万吨 ) 6002 2.3 60297 2.7 粗钢 ( 万吨 ) 7236 6.1 70950 6.1 钢材 ( 万吨 ) 9179 -1.6 90273 1.1 十种有色金属 ( 万吨 ) 446 -3.3 4522 3.4 其中：原铝（电解铝） ( 万吨 ) 255 -7.5 2723 3.7 金属切削机床 ( 万台 ) 7 6.3 65 7.3 工业机器人（台 / 套） 9445 63.7 104793 68.9 汽车 ( 万辆 ) 260.1 0.6 2349.4 5.3 其中：轿车 ( 万辆 ) 104.8 -4.4 948.4 -1.3 运动型多用途乘用车（ SUV ）（万辆） 88.7 4.1 778.5 14.1 其中：新能源汽车（万辆） 7.9 92.7 47.3 36.7 发电机组（发电设备） ( 万千瓦 ) 1033 7.3 10128 -3.5 微型计算机设备 ( 万台 ) 2696 -1.8 25004 8.2 移动通信手持机 ( 万台 ) 18042 4.0 161917 5.3 其中：智能手机（万台） 13680 0.7 119799 3.6 集成电路 ( 亿块 ) 134 12.6 1284 20.7 原煤（万吨） 28354 1.5 285279 4.8 焦炭（万吨） 3479 -12.6 36476 -1.6 原油（万吨） 1601 -0.4 16013 -4.1 原油加工量（万吨） 5051 7.4 46892 5.0 天然气（亿立方米） 124 15.4 1211 9.7 发电量（亿千瓦时） 5038 2.5 51944 6.0 火力发电量（亿千瓦时） 3475 -2.8 37993 5.4 水力发电量（亿千瓦时） 1079 16.9 9234 2.2 核能发电量（亿千瓦时） 201 15.2 2036 18.4 风力发电量（亿千瓦时） 230 11.7 2147 19.7 太阳能发电量（亿千瓦时） 54 35.7 534 34.1 产品销售率（ % ） 97.8 -0.2 ( 百分点 ) 97.9 0.3 ( 百分点 ) 出口交货值（亿元） 11181 7.5 105018 10.5 附注 1 、指标解释 工业增加值增长速度 : 即工业增长速度，是用来反映一定时期工业生产物量增减变动程度的指标。利用该指标，可以判断短期工业经济的运行走势，判断经济的景气程度，也是制定和调整经济政策，实施宏观调控的重要参考和依据。 产品销售率：是销售产值和工业总产值的比率，用来反映工业产品的产销衔接情况。 出口交货值：是指工业企业自营（委托）出口（包括销往香港、澳门、台湾地区）或交给外贸部门出口的产品价值，以及外商来样、来料加工、来件装配和补偿贸易等生产的产品价值。 日均产品产量：是以当月公布的规模以上工业企业总产量除以该月日历天数计算得到。 由于规模以上工业企业范围每年发生变化，为保证本年数据与上年可比，计算产品产量等各项指标同比增长速度所采用的同期数与本期的企业统计范围相一致，和上年公布的数据存在口径差异。 2 、统计范围 规模以上工业的统计范围为年主营业务收入 2000 万元及以上的工业企业。 3 、调查方法 规模以上工业企业工业生产报表按月进行全面调查（ 1 月份数据免报）。 4 、东、中、西部和东北地区划分 东部地区包括北京、天津、河北、上海、江苏、浙江、福建、山东、广东、海南 10 个省（市）；中部地区包括山西、安徽、江西、河南、湖北、湖南 6 个省；西部地区包括内蒙古、广西、重庆、四川、贵州、云南、西藏、陕西、甘肃、青海、宁夏、新疆 12 个省（市、自治区）；东北地区包括辽宁、吉林、黑龙江 3 个省。 5 、行业分类标准 执行国民经济行业分类标准（ GB/T 4754-2011 ） 。 6 、环比数据修订 根据季节调整模型自动修正结果，对 2016 年 10 月至 2017 年 9 月份规模以上工业增加值环比增速进行修订。修订结果及 2017 年 10 月份环比数据如下： 月份 环比增速（ % ） 2016 年 10 月 0.49 11 月 0.54 12 月 0.49 2017 年 1 月 0.58 2 月 0.59 3 月 0.79 4 月 0.48 5 月 0.50 6 月 0.81 7 月 0.40 8 月 0.46 9 月 0.55 10 月 0.50 2017 年 10 月份，规模以上工业增加值同比实际增长 6.2% （以下增加值增速均为扣除价格因素的实际增长率），比 9 月份回落 0.4 个百分点。从环比看， 10 月份，规模以上工业增加值比上月增长 0.50% 。 1-10 月份，规模以上工业增加值同比增长 6.7% 。 分三大门类看， 10 月份，采矿业增加值同比下降 1.3% ，制造业增长 6.7% ，电力、热力、燃气及水生产和供应业增长 9.2% 。 分经济类型看， 10 月份，国有控股企业增加值同比增长 6.6% ；集体企业增长 3.6% ，股份制企业增长 6.1% ，外商及港澳台商投资企业增长 6.5% 。 分行业看， 10 月份， 41 个大类行业中有 34 个行业增加值保持同比增长。其中，农副食品加工业增长 5.0% ，纺织业增长 3.3% ，化学原料和化学制品制造业增长 3.3% ，非金属矿物制品业增长 2.3% ，黑色金属冶炼和压延加工业下降 1.3% ，有色金属冶炼和压延加工业下降 1.7% ，通用设备制造业增长 9.6% ，专用设备制造业增长 12.3% ，汽车制造业增长 11.0% ，铁路、船舶、航空航天和其他运输设备制造业增长 7.4% ，电气机械和器材制造业增长 11.1% ，计算机、通信和其他电子设备制造业增长 12.8% ，电力、热力生产和供应业增长 8.8% 。 分地区看， 10 月份，东部地区增加值同比增长 6.2% ，中部地区增长 7.2% ，西部地区增长 6.8% ，东北地区增长 5.2% 。 分产品看， 10 月份， 596 种产品中有 367 种产品同比增长。其中，钢材 9179 万吨，同比下降 1.6% ；水泥 21990 万吨，下降 3.1% ；十种有色金属 446 万吨，下降 3.3% ；乙烯 161 万吨，增长 8.5% ；汽车 260.1 万辆，增长 0.6% ；轿车 104.8 万辆，下降 4.4% ；发电量 5038 亿千瓦时，同比增长 2.5% ；原油加工量 5051 万吨，同比增长 7.4% 。 10 月份，工业企业产品销售率为 97.8% ，比上年同期下降 0.2 个百分点。工业企业实现出口交货值 11181 亿元，同比名义增长 7.5% 。 2017 年 10 月份规模以上工业生产主要数据 10 月 1-10 月 绝对量 同比增长 （ % ） 绝对量 同比增长 （ % ） 规模以上工业增加值 … 6.2 … 6.7 分三大门类 采矿业 … -1.3 … -1.6 制造业 … 6.7 … 7.2 电力、热力、燃气及水生产和供应业 … 9.2 … 8.5 分经济类型 其中： 国有控股企业 … 6.6 … 6.8 其中：集体企业 … 3.6 … 0.7 股份制企业 … 6.1 … 6.7 外商及港澳台商投资企业 … 6.5 … 7.0 主要行业增加值 农副食品加工业 … 5.0 … 6.6 食品制造业 … 10.6 … 8.9 纺织业 … 3.3 … 4.2 化学原料和化学制品制造业 … 3.3 … 3.9 医药制造业 … 13.5 … 12.0 橡胶和塑料制品业 … 5.4 … 6.3 非金属矿物制品业 … 2.3 … 4.2 黑色金属冶炼和压延加工业 … -1.3 … 0.5 有色金属冶炼和压延加工业 … -1.7 … 1.1 金属制品业 … 4.4 … 6.9 通用设备制造业 … 9.6 … 10.9 专用设备制造业 … 12.3 … 12.1 汽车制造业 … 11.0 … 13.0 铁路、船舶、航空航天和其他运输设备制造业 … 7.4 … 5.2 电气机械和器材制造业 … 11.1 … 10.7 计算机、通信和其他电子设备制造业 … 12.8 … 13.8 电力、热力生产和供应业 … 8.8 … 8.3 主要产品产量 布 ( 亿米 ) 64 0.2 588 2.3 硫酸（折 100 ％） ( 万吨 ) 760 0.2 7560 3.9 烧碱（折 100 ％） ( 万吨 ) 279 -1.7 2833 2.9 乙烯 ( 万吨 ) 161 8.5 1520 1.7 化学纤维 ( 万吨 ) 450 6.4 4309 5.7 水泥 ( 万吨 ) 21990 -3.1 196288 -0.5 平板玻璃 ( 万重量箱 ) 6424 -0.3 67118 4.3 生铁 ( 万吨 ) 6002 2.3 60297 2.7 粗钢 ( 万吨 ) 7236 6.1 70950 6.1 钢材 ( 万吨 ) 9179 -1.6 90273 1.1 十种有色金属 ( 万吨 ) 446 -3.3 4522 3.4 其中：原铝（电解铝） ( 万吨 ) 255 -7.5 2723 3.7 金属切削机床 ( 万台 ) 7 6.3 65 7.3 工业机器人（台 / 套） 9445 63.7 104793 68.9 汽车 ( 万辆 ) 260.1 0.6 2349.4 5.3 其中：轿车 ( 万辆 ) 104.8 -4.4 948.4 -1.3 运动型多用途乘用车（ SUV ）（万辆） 88.7 4.1 778.5 14.1 其中：新能源汽车（万辆） 7.9 92.7 47.3 36.7 发电机组（发电设备） ( 万千瓦 ) 1033 7.3 10128 -3.5 微型计算机设备 ( 万台 ) 2696 -1.8 25004 8.2 移动通信手持机 ( 万台 ) 18042 4.0 161917 5.3 其中：智能手机（万台） 13680 0.7 119799 3.6 集成电路 ( 亿块 ) 134 12.6 1284 20.7 原煤（万吨） 28354 1.5 285279 4.8 焦炭（万吨） 3479 -12.6 36476 -1.6 原油（万吨） 1601 -0.4 16013 -4.1 原油加工量（万吨） 5051 7.4 46892 5.0 天然气（亿立方米） 124 15.4 1211 9.7 发电量（亿千瓦时） 5038 2.5 51944 6.0 火力发电量（亿千瓦时） 3475 -2.8 37993 5.4 水力发电量（亿千瓦时） 1079 16.9 9234 2.2 核能发电量（亿千瓦时） 201 15.2 2036 18.4 风力发电量（亿千瓦时） 230 11.7 2147 19.7 太阳能发电量（亿千瓦时） 54 35.7 534 34.1 产品销售率（ % ） 97.8 -0.2 ( 百分点 ) 97.9 0.3 ( 百分点 ) 出口交货值（亿元） 11181 7.5 105018 10.5 附注 1 、指标解释 工业增加值增长速度 : 即工业增长速度，是用来反映一定时期工业生产物量增减变动程度的指标。利用该指标，可以判断短期工业经济的运行走势，判断经济的景气程度，也是制定和调整经济政策，实施宏观调控的重要参考和依据。 产品销售率：是销售产值和工业总产值的比率，用来反映工业产品的产销衔接情况。 出口交货值：是指工业企业自营（委托）出口（包括销往香港、澳门、台湾地区）或交给外贸部门出口的产品价值，以及外商来样、来料加工、来件装配和补偿贸易等生产的产品价值。 日均产品产量：是以当月公布的规模以上工业企业总产量除以该月日历天数计算得到。 由于规模以上工业企业范围每年发生变化，为保证本年数据与上年可比，计算产品产量等各项指标同比增长速度所采用的同期数与本期的企业统计范围相一致，和上年公布的数据存在口径差异。 2 、统计范围 规模以上工业的统计范围为年主营业务收入 2000 万元及以上的工业企业。 3 、调查方法 规模以上工业企业工业生产报表按月进行全面调查（ 1 月份数据免报）。 4 、东、中、西部和东北地区划分 东部地区包括北京、天津、河北、上海、江苏、浙江、福建、山东、广东、海南 10 个省（市）；中部地区包括山西、安徽、江西、河南、湖北、湖南 6 个省；西部地区包括内蒙古、广西、重庆、四川、贵州、云南、西藏、陕西、甘肃、青海、宁夏、新疆 12 个省（市、自治区）；东北地区包括辽宁、吉林、黑龙江 3 个省。 5 、行业分类标准 执行国民经济行业分类标准（ GB/T 4754-2011 ） 。 6 、环比数据修订 根据季节调整模型自动修正结果，对 2016 年 10 月至 2017 年 9 月份规模以上工业增加值环比增速进行修订。修订结果及 2017 年 10 月份环比数据如下： 月份 环比增速（ % ） 2016 年 10 月 0.49 11 月 0.54 12 月 0.49 2017 年 1 月 0.58 2 月 0.59 3 月 0.79 4 月 0.48 5 月 0.50 6 月 0.81 7 月 0.40 8 月 0.46 9 月 0.55 10 月 0.50 [责任编辑:] 相关链接 政府机构网站 地方政府网站 地方统计网站 社会团体网站 国际组织网站 政府机构网站 地方政府网站 地方统计网站 社会团体网站 国际组织网站 中央人民政府门户网站 外交部 国防部 国家发展改革委 教育部 科技部 工业和信息化部 国家民委 公安部 国家安全部 民政部 司法部 财政部 人力资源社会保障部 自然资源部 生态环境部 住房城乡建设部 交通运输部 水利部 农业农村部 商务部 文化和旅游部 国家卫生健康委 退役军人事务部 应急管理部 中国人民银行 审计署 国务院国资委 海关总署 税务总局 市场监管总局 金融监管总局 中国证监会 广电总局 体育总局 国家信访局 国家统计局 国家知识产权局 国家国际发展合作署 国家医保局 国务院参事室 国管局 国务院研究室 国务院侨办 国务院港澳办 国务院台办 国家网信办 国务院新闻办 新华社 中国科学院 中国社科院 中国工程院 国务院发展研究中心 中央广电总台 中国气象局 国家粮食和物资储备局 国家能源局 国家国防科工局 国家烟草局 国家移民局 国家林草局 国家铁路局 中国民航局 国家邮政局 国家文物局 国家中医药局 国家疾控局 国家矿山安监局 国家消防救援局 国家外汇局 国家药监局 北京 天津 河北 山西 内蒙古 辽宁 吉林 黑龙江 上海 江苏 浙江 安徽 福建 江西 山东 河南 湖北 湖南 广东 广西 海南 重庆 四川 贵州 云南 西藏 陕西 甘肃 青海 宁夏 新疆 兵团 北京局 天津局 河北局 山西局 内蒙古局 辽宁局 吉林局 黑龙江局 上海局 江苏局 浙江局 安徽局 福建局 江西局 山东局 河南局 湖北局 湖南局 广东局 广西局 海南局 重庆局 四川局 贵州局 云南局 西藏局 陕西局 甘肃局 青海局 宁夏局 新疆局 兵团局 天津总队 山西总队 江苏总队 浙江总队 安徽总队 河南总队 湖南总队 广东总队 云南总队 陕西总队 新疆总队 兵团总队 中国统计学会 联合国 联合国经济和社会事务部 联合国统计司 世贸组织 粮农组织 劳工组织 基金组织 工发组织 教科文组织 世卫组织 世界银行 欧盟 经合组织 联合国开发署 联合国人口基金 联合国环境署 联合国儿童基金 世界粮食计划署 国际组织网站 版权所有: 国家统计局 联系我们 服务条款 网站地图 地址: 北京市西城区月坛南街57号 (100826) 京ICP备05034670号-2 京公网安备 11040102700142号 网站标识码bm36000002 中央人民政府门户网站 外交部 国防部 国家发展改革委 教育部 科技部 工业和信息化部 国家民委 公安部 国家安全部 民政部 司法部 财政部 人力资源社会保障部 自然资源部 生态环境部 住房城乡建设部 交通运输部 水利部 农业农村部 商务部 文化和旅游部 国家卫生健康委 退役军人事务部 应急管理部 中国人民银行 审计署 国务院国资委 海关总署 税务总局 市场监管总局 金融监管总局 中国证监会 广电总局 体育总局 国家信访局 国家统计局 国家知识产权局 国家国际发展合作署 国家医保局 国务院参事室 国管局 国务院研究室 国务院侨办 国务院港澳办 国务院台办 国家网信办 国务院新闻办 新华社 中国科学院 中国社科院 中国工程院 国务院发展研究中心 中央广电总台 中国气象局 国家粮食和物资储备局 国家能源局 国家国防科工局 国家烟草局 国家移民局 国家林草局 国家铁路局 中国民航局 国家邮政局 国家文物局 国家中医药局 国家疾控局 国家矿山安监局 国家消防救援局 国家外汇局 国家药监局 北京 天津 河北 山西 内蒙古 辽宁 吉林 黑龙江 上海 江苏 浙江 安徽 福建 江西 山东 河南 湖北 湖南 广东 广西 海南 重庆 四川 贵州 云南 西藏 陕西 甘肃 青海 宁夏 新疆 兵团 北京局 天津局 河北局 山西局 内蒙古局 辽宁局 吉林局 黑龙江局 上海局 江苏局 浙江局 安徽局 福建局 江西局 山东局 河南局 湖北局 湖南局 广东局 广西局 海南局 重庆局 四川局 贵州局 云南局 西藏局 陕西局 甘肃局 青海局 宁夏局 新疆局 兵团局 天津总队 山西总队 江苏总队 浙江总队 安徽总队 河南总队 湖南总队 广东总队 云南总队 陕西总队 新疆总队 兵团总队 中国统计学会 联合国 联合国经济和社会事务部 联合国统计司 世贸组织 粮农组织 劳工组织 基金组织 工发组织 教科文组织 世卫组织 世界银行 欧盟 经合组织 联合国开发署 联合国人口基金 联合国环境署 联合国儿童基金 世界粮食计划署 国际组织网站,https://www.stats.gov.cn/sj/zxfb/202302/t20230203_1899729.html,01674d05c64e1644ac9a5af14f840a5f7f83fb126cea43bab0492ca0b8e8da83
HR-039,HIST-NBS-035,国家统计局,2018-04-17 23:59:59,2018年3月份规模以上工业增加值增长6.0%,2018年3月份规模以上工业增加值增长6.0% - 国家统计局 EN 搜索 首页 机构 新闻 时政要闻 统计新闻 数据 公开 服务 互动 知识 专题 2018年3月份规模以上工业增加值增长6.0% 2018/04/17 10:00 | Aa 字体： 小 中 大 | 分享到： 2018 年 3 月份，规模以上工业增加值同比实际增长 6.0% （以下增加值增速均为扣除价格因素的实际增长率），比 1-2 月份回落 1.2 个百分点。从环比看， 3 月份，规模以上工业增加值比上月增长 0.33% 。一季度，规模以上工业增加值同比增长 6.8% 。 分三大门类看， 3 月份，采矿业增加值同比下降 1.1% ，制造业增长 6.6% ，电力、热力、燃气及水生产和供应业增长 5.8% 。 分经济类型看， 3 月份，国有控股企业增加值同比增长 5.7% ；集体企业增长 3.9% ，股份制企业增长 6.5% ，外商及港澳台商投资企业增长 4.9% 。 分行业看， 3 月份， 41 个大类行业中有 36 个行业增加值保持同比增长。其中，农副食品加工业增长 9.3% ，纺织业增长 0.8% ，化学原料和化学制品制造业增长 4.3% ，非金属矿物制品业下降 0.8% ，黑色金属冶炼和压延加工业增长 5.2% ，有色金属冶炼和压延加工业增长 5.9% ，通用设备制造业增长 6.8% ，专用设备制造业增长 11.4% ，汽车制造业增长 9.5% ，铁路、船舶、航空航天和其他运输设备制造业增长 4.2% ，电气机械和器材制造业增长 8.4% ，计算机、通信和其他电子设备制造业增长 12.8% ，电力、热力生产和供应业增长 5.1% 。 分地区看， 3 月份，东部地区增加值同比增长 5.1% ，中部地区增长 6.9% ，西部地区增长 6.0% ，东北地区增长 5.4% 。 分产品看， 3 月份， 596 种产品中有 336 种产品同比增长。其中，钢材 8977 万吨，同比增长 4.2% ；水泥 15443 万吨，下降 15.6% ；十种有色金属 455 万吨，增长 3.0% ；乙烯 160 万吨，增长 1.8% ；汽车 270.2 万辆，增长 0.9% ；轿车 103.7 万辆，下降 1.6% ；发电量 5283 亿千瓦时，增长 2.1% ；原油加工量 5151 万吨，增长 8.3% 。 3 月份，工业企业产品销售率为 97.3% ，与上年同月持平；工业企业实现出口交货值 10016 亿元，同比名义增长 4.0% 。 2018 年 3 月份规模以上工业生产主要数据 3 月 1-3 月 绝对量 同比增长 （ % ） 绝对量 同比增长 （ % ） 规模以上工业增加值 … 6.0 … 6.8 分三大门类 采矿业 … -1.1 … 0.9 制造业 … 6.6 … 7.0 电力、热力、燃气及水生产和供应业 … 5.8 … 10.8 分经济类型 其中： 国有控股企业 … 5.7 … 7.9 其中：集体企业 … 3.9 … 0.1 股份制企业 … 6.5 … 7.0 外商及港澳台商投资企业 … 4.9 … 5.5 主要行业增加值 农副食品加工业 … 9.3 … 7.8 食品制造业 … 7.5 … 7.4 纺织业 … 0.8 … 2.1 化学原料和化学制品制造业 … 4.3 … 3.1 医药制造业 … 9.8 … 11.4 橡胶和塑料制品业 … 2.7 … 3.3 非金属矿物制品业 … -0.8 … 2.5 黑色金属冶炼和压延加工业 … 5.2 … 2.9 有色金属冶炼和压延加工业 … 5.9 … 5.2 金属制品业 … 2.8 … 4.5 通用设备制造业 … 6.8 … 8.2 专用设备制造业 … 11.4 … 10.7 汽车制造业 … 9.5 … 6.8 铁路、船舶、航空航天和其他运输设备制造业 … 4.2 … 4.7 电气机械和器材制造业 … 8.4 … 9.0 计算机、通信和其他电子设备制造业 … 12.8 … 12.5 电力、热力生产和供应业 … 5.1 … 10.5 主要产品产量 布 ( 亿米 ) 52 5.1 137 5.5 硫酸（折 100 ％） ( 万吨 ) 711 -2.2 2123 1.0 烧碱（折 100 ％） ( 万吨 ) 296 -2.8 859 0.3 乙烯 ( 万吨 ) 160 1.8 459 -0.4 化学纤维 ( 万吨 ) 404 0.3 1116 3.1 水泥 ( 万吨 ) 15443 -15.6 37642 -4.5 平板玻璃 ( 万重量箱 ) 6875 -5.2 20198 -2.8 生铁 ( 万吨 ) 6046 -1.1 17500 -1.2 粗钢 ( 万吨 ) 7398 4.5 21215 5.4 钢材 ( 万吨 ) 8977 4.2 24693 4.7 十种有色金属 ( 万吨 ) 455 3.0 1339 2.4 其中：原铝（电解铝） ( 万吨 ) 278 4.0 812 0.3 金属切削机床 ( 万台 ) 5 -2.0 13 3.1 工业机器人（台 / 套） 14036 34.4 32950 29.6 汽车 ( 万辆 ) 270.2 0.9 713.1 -2.6 其中：轿车 ( 万辆 ) 103.7 -1.6 282.9 -4.1 运动型多用途乘用车（ SUV ）（万辆） 95.0 5.4 252.9 1.1 其中：新能源汽车（万辆） 7.8 105.3 17 139.4 发电机组（发电设备） ( 万千瓦 ) 1030 -5.6 2287 -6.8 微型计算机设备 ( 万台 ) 2814 -1.4 6627 1.3 移动通信手持机 ( 万台 ) 15244 -1.4 41558 0.5 其中：智能手机（万台） 11581 3.7 31182 0.8 集成电路 ( 亿块 ) 150 10.8 400 15.2 原煤（万吨） 29022 1.3 80454 3.9 焦炭（万吨） 3557 -4.7 10285 -3.2 原油（万吨） 1596 -2.2 4633 -2.0 原油加工量（万吨） 5151 8.3 14872 7.5 天然气（亿立方米） 135 0.4 397 3.3 发电量（亿千瓦时） 5283 2.1 15763 8.0 火力发电量（亿千瓦时） 4017 1.4 12148 6.9 水力发电量（亿千瓦时） 665 -5.3 1933 2.6 核能发电量（亿千瓦时） 218 1.7 611 11.6 风力发电量（亿千瓦时） 306 30.6 872 33.8 太阳能发电量（亿千瓦时） 78 27.9 199 33.5 产品销售率（ % ） 97.3 0 97.9 0.3 ( 百分点 ) 出口交货值（亿元） 10016 4.0 27145 7.6 附注 1 、指标解释 工业增加值增长速度 : 即工业增长速度，是用来反映一定时期工业生产物量增减变动程度的指标。利用该指标，可以判断短期工业经济的运行走势，判断经济的景气程度，也是制定和调整经济政策，实施宏观调控的重要参考和依据。 产品销售率：是销售产值和工业总产值的比率，用来反映工业产品的产销衔接情况。 出口交货值：是指工业企业自营（委托）出口（包括销往香港、澳门、台湾地区）或交给外贸部门出口的产品价值，以及外商来样、来料加工、来件装配和补偿贸易等生产的产品价值。 日均产品产量：是以当月公布的规模以上工业企业总产量除以该月日历天数计算得到。 由于规模以上工业企业范围每年发生变化，为保证本年数据与上年可比，计算产品产量等各项指标同比增长速度所采用的同期数与本期的企业统计范围相一致，和上年公布的数据存在口径差异。 2 、统计范围 规模以上工业的统计范围为年主营业务收入 2000 万元及以上的工业企业。 3 、调查方法 规模以上工业企业工业生产报表按月进行全面调查（ 1 月份数据免报）。 4 、东、中、西部和东北地区划分 东部地区包括北京、天津、河北、上海、江苏、浙江、福建、山东、广东、海南 10 个省（市）；中部地区包括山西、安徽、江西、河南、湖北、湖南 6 个省；西部地区包括内蒙古、广西、重庆、四川、贵州、云南、西藏、陕西、甘肃、青海、宁夏、新疆 12 个省（市、自治区）；东北地区包括辽宁、吉林、黑龙江 3 个省。 5 、行业分类标准 执行国民经济行业分类标准（ GB/T 4754-2017 ） 。 6 、环比数据修订 根据季节调整模型自动修正结果，对 2017 年 3 月至 2018 年 2 月份规模以上工业增加值环比增速进行修订。修订结果及 2018 年 3 月份环比数据如下： 月份 环比增速（ % ） 2017 年 3 月 0.76 4 月 0.44 5 月 0.50 6 月 0.76 7 月 0.40 8 月 0.45 9 月 0.56 10 月 0.50 11 月 0.47 12 月 0.49 2018 年 1 月 0.57 2 月 0.57 3 月 0.33 2018 年 3 月份，规模以上工业增加值同比实际增长 6.0% （以下增加值增速均为扣除价格因素的实际增长率），比 1-2 月份回落 1.2 个百分点。从环比看， 3 月份，规模以上工业增加值比上月增长 0.33% 。一季度，规模以上工业增加值同比增长 6.8% 。 分三大门类看， 3 月份，采矿业增加值同比下降 1.1% ，制造业增长 6.6% ，电力、热力、燃气及水生产和供应业增长 5.8% 。 分经济类型看， 3 月份，国有控股企业增加值同比增长 5.7% ；集体企业增长 3.9% ，股份制企业增长 6.5% ，外商及港澳台商投资企业增长 4.9% 。 分行业看， 3 月份， 41 个大类行业中有 36 个行业增加值保持同比增长。其中，农副食品加工业增长 9.3% ，纺织业增长 0.8% ，化学原料和化学制品制造业增长 4.3% ，非金属矿物制品业下降 0.8% ，黑色金属冶炼和压延加工业增长 5.2% ，有色金属冶炼和压延加工业增长 5.9% ，通用设备制造业增长 6.8% ，专用设备制造业增长 11.4% ，汽车制造业增长 9.5% ，铁路、船舶、航空航天和其他运输设备制造业增长 4.2% ，电气机械和器材制造业增长 8.4% ，计算机、通信和其他电子设备制造业增长 12.8% ，电力、热力生产和供应业增长 5.1% 。 分地区看， 3 月份，东部地区增加值同比增长 5.1% ，中部地区增长 6.9% ，西部地区增长 6.0% ，东北地区增长 5.4% 。 分产品看， 3 月份， 596 种产品中有 336 种产品同比增长。其中，钢材 8977 万吨，同比增长 4.2% ；水泥 15443 万吨，下降 15.6% ；十种有色金属 455 万吨，增长 3.0% ；乙烯 160 万吨，增长 1.8% ；汽车 270.2 万辆，增长 0.9% ；轿车 103.7 万辆，下降 1.6% ；发电量 5283 亿千瓦时，增长 2.1% ；原油加工量 5151 万吨，增长 8.3% 。 3 月份，工业企业产品销售率为 97.3% ，与上年同月持平；工业企业实现出口交货值 10016 亿元，同比名义增长 4.0% 。 2018 年 3 月份规模以上工业生产主要数据 3 月 1-3 月 绝对量 同比增长 （ % ） 绝对量 同比增长 （ % ） 规模以上工业增加值 … 6.0 … 6.8 分三大门类 采矿业 … -1.1 … 0.9 制造业 … 6.6 … 7.0 电力、热力、燃气及水生产和供应业 … 5.8 … 10.8 分经济类型 其中： 国有控股企业 … 5.7 … 7.9 其中：集体企业 … 3.9 … 0.1 股份制企业 … 6.5 … 7.0 外商及港澳台商投资企业 … 4.9 … 5.5 主要行业增加值 农副食品加工业 … 9.3 … 7.8 食品制造业 … 7.5 … 7.4 纺织业 … 0.8 … 2.1 化学原料和化学制品制造业 … 4.3 … 3.1 医药制造业 … 9.8 … 11.4 橡胶和塑料制品业 … 2.7 … 3.3 非金属矿物制品业 … -0.8 … 2.5 黑色金属冶炼和压延加工业 … 5.2 … 2.9 有色金属冶炼和压延加工业 … 5.9 … 5.2 金属制品业 … 2.8 … 4.5 通用设备制造业 … 6.8 … 8.2 专用设备制造业 … 11.4 … 10.7 汽车制造业 … 9.5 … 6.8 铁路、船舶、航空航天和其他运输设备制造业 … 4.2 … 4.7 电气机械和器材制造业 … 8.4 … 9.0 计算机、通信和其他电子设备制造业 … 12.8 … 12.5 电力、热力生产和供应业 … 5.1 … 10.5 主要产品产量 布 ( 亿米 ) 52 5.1 137 5.5 硫酸（折 100 ％） ( 万吨 ) 711 -2.2 2123 1.0 烧碱（折 100 ％） ( 万吨 ) 296 -2.8 859 0.3 乙烯 ( 万吨 ) 160 1.8 459 -0.4 化学纤维 ( 万吨 ) 404 0.3 1116 3.1 水泥 ( 万吨 ) 15443 -15.6 37642 -4.5 平板玻璃 ( 万重量箱 ) 6875 -5.2 20198 -2.8 生铁 ( 万吨 ) 6046 -1.1 17500 -1.2 粗钢 ( 万吨 ) 7398 4.5 21215 5.4 钢材 ( 万吨 ) 8977 4.2 24693 4.7 十种有色金属 ( 万吨 ) 455 3.0 1339 2.4 其中：原铝（电解铝） ( 万吨 ) 278 4.0 812 0.3 金属切削机床 ( 万台 ) 5 -2.0 13 3.1 工业机器人（台 / 套） 14036 34.4 32950 29.6 汽车 ( 万辆 ) 270.2 0.9 713.1 -2.6 其中：轿车 ( 万辆 ) 103.7 -1.6 282.9 -4.1 运动型多用途乘用车（ SUV ）（万辆） 95.0 5.4 252.9 1.1 其中：新能源汽车（万辆） 7.8 105.3 17 139.4 发电机组（发电设备） ( 万千瓦 ) 1030 -5.6 2287 -6.8 微型计算机设备 ( 万台 ) 2814 -1.4 6627 1.3 移动通信手持机 ( 万台 ) 15244 -1.4 41558 0.5 其中：智能手机（万台） 11581 3.7 31182 0.8 集成电路 ( 亿块 ) 150 10.8 400 15.2 原煤（万吨） 29022 1.3 80454 3.9 焦炭（万吨） 3557 -4.7 10285 -3.2 原油（万吨） 1596 -2.2 4633 -2.0 原油加工量（万吨） 5151 8.3 14872 7.5 天然气（亿立方米） 135 0.4 397 3.3 发电量（亿千瓦时） 5283 2.1 15763 8.0 火力发电量（亿千瓦时） 4017 1.4 12148 6.9 水力发电量（亿千瓦时） 665 -5.3 1933 2.6 核能发电量（亿千瓦时） 218 1.7 611 11.6 风力发电量（亿千瓦时） 306 30.6 872 33.8 太阳能发电量（亿千瓦时） 78 27.9 199 33.5 产品销售率（ % ） 97.3 0 97.9 0.3 ( 百分点 ) 出口交货值（亿元） 10016 4.0 27145 7.6 附注 1 、指标解释 工业增加值增长速度 : 即工业增长速度，是用来反映一定时期工业生产物量增减变动程度的指标。利用该指标，可以判断短期工业经济的运行走势，判断经济的景气程度，也是制定和调整经济政策，实施宏观调控的重要参考和依据。 产品销售率：是销售产值和工业总产值的比率，用来反映工业产品的产销衔接情况。 出口交货值：是指工业企业自营（委托）出口（包括销往香港、澳门、台湾地区）或交给外贸部门出口的产品价值，以及外商来样、来料加工、来件装配和补偿贸易等生产的产品价值。 日均产品产量：是以当月公布的规模以上工业企业总产量除以该月日历天数计算得到。 由于规模以上工业企业范围每年发生变化，为保证本年数据与上年可比，计算产品产量等各项指标同比增长速度所采用的同期数与本期的企业统计范围相一致，和上年公布的数据存在口径差异。 2 、统计范围 规模以上工业的统计范围为年主营业务收入 2000 万元及以上的工业企业。 3 、调查方法 规模以上工业企业工业生产报表按月进行全面调查（ 1 月份数据免报）。 4 、东、中、西部和东北地区划分 东部地区包括北京、天津、河北、上海、江苏、浙江、福建、山东、广东、海南 10 个省（市）；中部地区包括山西、安徽、江西、河南、湖北、湖南 6 个省；西部地区包括内蒙古、广西、重庆、四川、贵州、云南、西藏、陕西、甘肃、青海、宁夏、新疆 12 个省（市、自治区）；东北地区包括辽宁、吉林、黑龙江 3 个省。 5 、行业分类标准 执行国民经济行业分类标准（ GB/T 4754-2017 ） 。 6 、环比数据修订 根据季节调整模型自动修正结果，对 2017 年 3 月至 2018 年 2 月份规模以上工业增加值环比增速进行修订。修订结果及 2018 年 3 月份环比数据如下： 月份 环比增速（ % ） 2017 年 3 月 0.76 4 月 0.44 5 月 0.50 6 月 0.76 7 月 0.40 8 月 0.45 9 月 0.56 10 月 0.50 11 月 0.47 12 月 0.49 2018 年 1 月 0.57 2 月 0.57 3 月 0.33 [责任编辑:] 相关链接 政府机构网站 地方政府网站 地方统计网站 社会团体网站 国际组织网站 政府机构网站 地方政府网站 地方统计网站 社会团体网站 国际组织网站 中央人民政府门户网站 外交部 国防部 国家发展改革委 教育部 科技部 工业和信息化部 国家民委 公安部 国家安全部 民政部 司法部 财政部 人力资源社会保障部 自然资源部 生态环境部 住房城乡建设部 交通运输部 水利部 农业农村部 商务部 文化和旅游部 国家卫生健康委 退役军人事务部 应急管理部 中国人民银行 审计署 国务院国资委 海关总署 税务总局 市场监管总局 金融监管总局 中国证监会 广电总局 体育总局 国家信访局 国家统计局 国家知识产权局 国家国际发展合作署 国家医保局 国务院参事室 国管局 国务院研究室 国务院侨办 国务院港澳办 国务院台办 国家网信办 国务院新闻办 新华社 中国科学院 中国社科院 中国工程院 国务院发展研究中心 中央广电总台 中国气象局 国家粮食和物资储备局 国家能源局 国家国防科工局 国家烟草局 国家移民局 国家林草局 国家铁路局 中国民航局 国家邮政局 国家文物局 国家中医药局 国家疾控局 国家矿山安监局 国家消防救援局 国家外汇局 国家药监局 北京 天津 河北 山西 内蒙古 辽宁 吉林 黑龙江 上海 江苏 浙江 安徽 福建 江西 山东 河南 湖北 湖南 广东 广西 海南 重庆 四川 贵州 云南 西藏 陕西 甘肃 青海 宁夏 新疆 兵团 北京局 天津局 河北局 山西局 内蒙古局 辽宁局 吉林局 黑龙江局 上海局 江苏局 浙江局 安徽局 福建局 江西局 山东局 河南局 湖北局 湖南局 广东局 广西局 海南局 重庆局 四川局 贵州局 云南局 西藏局 陕西局 甘肃局 青海局 宁夏局 新疆局 兵团局 天津总队 山西总队 江苏总队 浙江总队 安徽总队 河南总队 湖南总队 广东总队 云南总队 陕西总队 新疆总队 兵团总队 中国统计学会 联合国 联合国经济和社会事务部 联合国统计司 世贸组织 粮农组织 劳工组织 基金组织 工发组织 教科文组织 世卫组织 世界银行 欧盟 经合组织 联合国开发署 联合国人口基金 联合国环境署 联合国儿童基金 世界粮食计划署 国际组织网站 版权所有: 国家统计局 联系我们 服务条款 网站地图 地址: 北京市西城区月坛南街57号 (100826) 京ICP备05034670号-2 京公网安备 11040102700142号 网站标识码bm36000002 中央人民政府门户网站 外交部 国防部 国家发展改革委 教育部 科技部 工业和信息化部 国家民委 公安部 国家安全部 民政部 司法部 财政部 人力资源社会保障部 自然资源部 生态环境部 住房城乡建设部 交通运输部 水利部 农业农村部 商务部 文化和旅游部 国家卫生健康委 退役军人事务部 应急管理部 中国人民银行 审计署 国务院国资委 海关总署 税务总局 市场监管总局 金融监管总局 中国证监会 广电总局 体育总局 国家信访局 国家统计局 国家知识产权局 国家国际发展合作署 国家医保局 国务院参事室 国管局 国务院研究室 国务院侨办 国务院港澳办 国务院台办 国家网信办 国务院新闻办 新华社 中国科学院 中国社科院 中国工程院 国务院发展研究中心 中央广电总台 中国气象局 国家粮食和物资储备局 国家能源局 国家国防科工局 国家烟草局 国家移民局 国家林草局 国家铁路局 中国民航局 国家邮政局 国家文物局 国家中医药局 国家疾控局 国家矿山安监局 国家消防救援局 国家外汇局 国家药监局 北京 天津 河北 山西 内蒙古 辽宁 吉林 黑龙江 上海 江苏 浙江 安徽 福建 江西 山东 河南 湖北 湖南 广东 广西 海南 重庆 四川 贵州 云南 西藏 陕西 甘肃 青海 宁夏 新疆 兵团 北京局 天津局 河北局 山西局 内蒙古局 辽宁局 吉林局 黑龙江局 上海局 江苏局 浙江局 安徽局 福建局 江西局 山东局 河南局 湖北局 湖南局 广东局 广西局 海南局 重庆局 四川局 贵州局 云南局 西藏局 陕西局 甘肃局 青海局 宁夏局 新疆局 兵团局 天津总队 山西总队 江苏总队 浙江总队 安徽总队 河南总队 湖南总队 广东总队 云南总队 陕西总队 新疆总队 兵团总队 中国统计学会 联合国 联合国经济和社会事务部 联合国统计司 世贸组织 粮农组织 劳工组织 基金组织 工发组织 教科文组织 世卫组织 世界银行 欧盟 经合组织 联合国开发署 联合国人口基金 联合国环境署 联合国儿童基金 世界粮食计划署 国际组织网站,https://www.stats.gov.cn/sj/zxfb/202302/t20230203_1899898.html,cff5947864795edcae09334436392364a78742c4b4c0d2051a938d91a7938ef2
HR-040,HIST-NBS-039,国家统计局,2018-08-14 23:59:59,2018年7月份规模以上工业增加值增长6.0%,2018年7月份规模以上工业增加值增长6.0% - 国家统计局 EN 搜索 首页 机构 新闻 时政要闻 统计新闻 数据 公开 服务 互动 知识 专题 2018年7月份规模以上工业增加值增长6.0% 2018/08/14 10:00 | Aa 字体： 小 中 大 | 分享到： 2018 年 7 月份，规模以上工业增加值同比实际增长 6.0% （以下增加值增速均为扣除价格因素的实际增长率），与 6 月份持平。从环比看， 7 月份，规模以上工业增加值比上月增长 0.48% 。 1-7 月份，规模以上工业增加值同比增长 6.6% ，增速较 1-6 月份回落 0.1 个百分点。 分三大门类看， 7 月份，采矿业增加值同比增长 1.3% ，增速较 6 月份回落 1.4 个百分点；制造业增长 6.2% ，加快 0.2 个百分点；电力、热力、燃气及水生产和供应业增长 9.0% ，回落 0.2 个百分点。 分经济类型看， 7 月份，国有控股企业增加值同比增长 6.2% ；集体企业下降 2.8% ，股份制企业增长 6.0% ，外商及港澳台商投资企业增长 6.1% 。 分行业看， 7 月份， 41 个大类行业中有 35 个行业增加值保持同比增长。其中，农副食品加工业增长 6.9% ，纺织业增长 0.6% ，化学原料和化学制品制造业增长 3.5% ，非金属矿物制品业增长 5.2% ，黑色金属冶炼和压延加工业增长 6.6% ，有色金属冶炼和压延加工业增长 5.6% ，通用设备制造业增长 6.9% ，专用设备制造业增长 11.2% ，汽车制造业增长 6.3% ，铁路、船舶、航空航天和其他运输设备制造业下降 1.9% ，电气机械和器材制造业增长 5.7% ，计算机、通信和其他电子设备制造业增长 13.5% ，电力、热力生产和供应业增长 8.8% 。 分地区看， 7 月份，东部地区增加值同比增长 4.7% ，中部地区增长 6.9% ，西部地区增长 6.4% ，东北地区增长 7.3% 。 分产品看， 7 月份， 596 种产品中有 345 种产品同比增长。其中，钢材 9569 万吨，同比增长 8.0% ；水泥 19618 万吨，增长 1.6% ；十种有色金属 462 万吨，增长 8.5% ；乙烯 158 万吨，增长 7.5% ；汽车 206.4 万辆，下降 0.5% ；轿车 90.4 万辆，增长 4.3% ；发电量 6400 亿千瓦时，增长 5.7% ；原油加工量 5075 万吨，增长 11.6% 。 7 月份，工业企业产品销售率为 98.0 % ，比上年同月下降 0.5 个百分点。工业企业实现出口交货值 10317 亿元，同比增长 8.7% 。 2018 年 7 月份规模以上工业生产主要数据 7 月 1-7 月 绝对量 同比增长 （ % ） 绝对量 同比增长 （ % ） 规模以上工业增加值 … 6.0 … 6.6 分三大门类 采矿业 … 1.3 … 1.6 制造业 … 6.2 … 6.8 电力、热力、燃气及水生产和供应业 … 9.0 … 10.3 分经济类型 其中： 国有控股企业 … 6.2 … 7.4 其中：集体企业 … -2.8 … -2.0 股份制企业 … 6.0 … 6.6 外商及港澳台商投资企业 … 6.1 … 6.2 主要行业增加值 农副食品加工业 … 6.9 … 6.5 食品制造业 … 6.2 … 6.4 纺织业 … 0.6 … 1.0 化学原料和化学制品制造业 … 3.5 … 3.7 医药制造业 … 8.1 … 10.5 橡胶和塑料制品业 … 3.7 … 3.8 非金属矿物制品业 … 5.2 … 3.0 黑色金属冶炼和压延加工业 … 6.6 … 5.2 有色金属冶炼和压延加工业 … 5.6 … 5.1 金属制品业 … 2.5 … 3.6 通用设备制造业 … 6.9 … 7.8 专用设备制造业 … 11.2 … 11.1 汽车制造业 … 6.3 … 9.6 铁路、船舶、航空航天和其他运输设备制造业 … -1.9 … 2.7 电气机械和器材制造业 … 5.7 … 7.3 计算机、通信和其他电子设备制造业 … 13.5 … 12.6 电力、热力生产和供应业 … 8.8 … 10.1 主要产品产量 布 ( 亿米 ) 45 -0.9 304 2.1 硫酸（折 100 ％） ( 万吨 ) 691 0.8 4806 -1.4 烧碱（折 100 ％） ( 万吨 ) 259 -3.9 1956 0.1 乙烯 ( 万吨 ) 158 7.5 1053 1.4 化学纤维 ( 万吨 ) 451 13.4 2920 8.5 水泥 ( 万吨 ) 19618 1.6 118963 -0.3 平板玻璃 ( 万重量箱 ) 7293 1.0 49743 -0.4 生铁 ( 万吨 ) 6752 4.2 44179 1.0 粗钢 ( 万吨 ) 8124 7.2 53285 6.3 钢材 ( 万吨 ) 9569 8.0 62587 6.6 十种有色金属 ( 万吨 ) 462 8.5 3136 3.9 其中：原铝（电解铝） ( 万吨 ) 293 11.6 1940 3.0 金属切削机床 ( 万台 ) 4 2.4 30 7.1 工业机器人（台 / 套） 13669 6.3 87709 21.0 汽车 ( 万辆 ) 206.4 -0.5 1637.7 3.2 其中：轿车 ( 万辆 ) 90.4 4.3 674.6 5.8 运动型多用途乘用车（ SUV ）（万辆） 64.1 -6.7 545.1 2.1 其中：新能源汽车（万辆） 7.9 17.9 55.3 68.6 发电机组（发电设备） ( 万千瓦 ) 679 -21.8 6108 -11.6 微型计算机设备 ( 万台 ) 2347 -5.6 16200 -1.6 移动通信手持机 ( 万台 ) 13518 -8.2 98950 2.0 其中：智能手机（万台） 10504 -6.7 75115 2.8 集成电路 ( 亿块 ) 151 12.0 1001 14.5 原煤（万吨） 28150 -2.0 197818 3.4 焦炭（万吨） 3551 -4.3 24746 -3.3 原油（万吨） 1585 -2.6 10995 -2.1 原油加工量（万吨） 5075 11.6 35057 9.2 天然气（亿立方米） 130 10.5 905 5.5 发电量（亿千瓦时） 6400 5.7 38373 7.8 火力发电量（亿千瓦时） 4535 4.3 28456 7.3 水力发电量（亿千瓦时） 1291 6.0 5901 3.5 核能发电量（亿千瓦时） 264 14.2 1564 12.9 风力发电量（亿千瓦时） 233 24.7 1948 23.0 太阳能发电量（亿千瓦时） 77 10.9 504 20.0 产品销售率（ % ） 98.0 -0.5 ( 百分点 ) 98.0 -0.2 ( 百分点 ) 出口交货值（亿元） 10317 8.7 67440 6.0 附注 1 、指标解释 工业增加值增长速度 : 即工业增长速度，是用来反映一定时期工业生产物量增减变动程度的指标。利用该指标，可以判断短期工业经济的运行走势，判断经济的景气程度，也是制定和调整经济政策，实施宏观调控的重要参考和依据。 产品销售率：是销售产值和工业总产值的比率，用来反映工业产品的产销衔接情况。 出口交货值：是指工业企业自营（委托）出口（包括销往香港、澳门、台湾地区）或交给外贸部门出口的产品价值，以及外商来样、来料加工、来件装配和补偿贸易等生产的产品价值。 日均产品产量：是以当月公布的规模以上工业企业总产量除以该月日历天数计算得到。 2 、统计范围 规模以上工业的统计范围为年主营业务收入 2000 万元及以上的工业企业。 由于规模以上工业企业范围每年发生变化，为保证本年数据与上年可比，计算产品产量等各项指标同比增长速度所采用的同期数与本期的企业统计范围尽可能相一致，和上年公布的数据存在口径差异。主要原因是：（一）统计单位范围发生变化。每年有部分企业达到规模纳入调查范围，也有部分企业因规模变小退出调查范围，还有新建投产企业、破产、注（吊）销企业等影响。（二）部分企业集团（公司）产品产量数据存在跨地区重复统计现象，根据专项调查对企业集团（公司）跨地区重复产量进行了剔重。 3 、调查方法 规模以上工业企业工业生产报表按月进行全面调查（ 1 月份数据免报）。 4 、东、中、西部和东北地区划分 东部地区包括北京、天津、河北、上海、江苏、浙江、福建、山东、广东、海南 10 个省（市）；中部地区包括山西、安徽、江西、河南、湖北、湖南 6 个省；西部地区包括内蒙古、广西、重庆、四川、贵州、云南、西藏、陕西、甘肃、青海、宁夏、新疆 12 个省（市、自治区）；东北地区包括辽宁、吉林、黑龙江 3 个省。 5 、行业分类标准 执行国民经济行业分类标准（ GB/T 4754-2017 ） 。 6 、环比数据修订 根据季节调整模型自动修正结果，对 2017 年 7 月至 2018 年 6 月份规模以上工业增加值环比增速进行修订。修订结果及 2018 年 7 月份环比数据如下： 月份 环比增速（ % ） 2017 年 7 月 0.40 8 月 0.43 9 月 0.57 10 月 0.50 11 月 0.46 12 月 0.52 2018 年 1 月 0.58 2 月 0.58 3 月 0.36 4 月 0.60 5 月 0.55 6 月 0.35 7 月 0.48 2018 年 7 月份，规模以上工业增加值同比实际增长 6.0% （以下增加值增速均为扣除价格因素的实际增长率），与 6 月份持平。从环比看， 7 月份，规模以上工业增加值比上月增长 0.48% 。 1-7 月份，规模以上工业增加值同比增长 6.6% ，增速较 1-6 月份回落 0.1 个百分点。 分三大门类看， 7 月份，采矿业增加值同比增长 1.3% ，增速较 6 月份回落 1.4 个百分点；制造业增长 6.2% ，加快 0.2 个百分点；电力、热力、燃气及水生产和供应业增长 9.0% ，回落 0.2 个百分点。 分经济类型看， 7 月份，国有控股企业增加值同比增长 6.2% ；集体企业下降 2.8% ，股份制企业增长 6.0% ，外商及港澳台商投资企业增长 6.1% 。 分行业看， 7 月份， 41 个大类行业中有 35 个行业增加值保持同比增长。其中，农副食品加工业增长 6.9% ，纺织业增长 0.6% ，化学原料和化学制品制造业增长 3.5% ，非金属矿物制品业增长 5.2% ，黑色金属冶炼和压延加工业增长 6.6% ，有色金属冶炼和压延加工业增长 5.6% ，通用设备制造业增长 6.9% ，专用设备制造业增长 11.2% ，汽车制造业增长 6.3% ，铁路、船舶、航空航天和其他运输设备制造业下降 1.9% ，电气机械和器材制造业增长 5.7% ，计算机、通信和其他电子设备制造业增长 13.5% ，电力、热力生产和供应业增长 8.8% 。 分地区看， 7 月份，东部地区增加值同比增长 4.7% ，中部地区增长 6.9% ，西部地区增长 6.4% ，东北地区增长 7.3% 。 分产品看， 7 月份， 596 种产品中有 345 种产品同比增长。其中，钢材 9569 万吨，同比增长 8.0% ；水泥 19618 万吨，增长 1.6% ；十种有色金属 462 万吨，增长 8.5% ；乙烯 158 万吨，增长 7.5% ；汽车 206.4 万辆，下降 0.5% ；轿车 90.4 万辆，增长 4.3% ；发电量 6400 亿千瓦时，增长 5.7% ；原油加工量 5075 万吨，增长 11.6% 。 7 月份，工业企业产品销售率为 98.0 % ，比上年同月下降 0.5 个百分点。工业企业实现出口交货值 10317 亿元，同比增长 8.7% 。 2018 年 7 月份规模以上工业生产主要数据 7 月 1-7 月 绝对量 同比增长 （ % ） 绝对量 同比增长 （ % ） 规模以上工业增加值 … 6.0 … 6.6 分三大门类 采矿业 … 1.3 … 1.6 制造业 … 6.2 … 6.8 电力、热力、燃气及水生产和供应业 … 9.0 … 10.3 分经济类型 其中： 国有控股企业 … 6.2 … 7.4 其中：集体企业 … -2.8 … -2.0 股份制企业 … 6.0 … 6.6 外商及港澳台商投资企业 … 6.1 … 6.2 主要行业增加值 农副食品加工业 … 6.9 … 6.5 食品制造业 … 6.2 … 6.4 纺织业 … 0.6 … 1.0 化学原料和化学制品制造业 … 3.5 … 3.7 医药制造业 … 8.1 … 10.5 橡胶和塑料制品业 … 3.7 … 3.8 非金属矿物制品业 … 5.2 … 3.0 黑色金属冶炼和压延加工业 … 6.6 … 5.2 有色金属冶炼和压延加工业 … 5.6 … 5.1 金属制品业 … 2.5 … 3.6 通用设备制造业 … 6.9 … 7.8 专用设备制造业 … 11.2 … 11.1 汽车制造业 … 6.3 … 9.6 铁路、船舶、航空航天和其他运输设备制造业 … -1.9 … 2.7 电气机械和器材制造业 … 5.7 … 7.3 计算机、通信和其他电子设备制造业 … 13.5 … 12.6 电力、热力生产和供应业 … 8.8 … 10.1 主要产品产量 布 ( 亿米 ) 45 -0.9 304 2.1 硫酸（折 100 ％） ( 万吨 ) 691 0.8 4806 -1.4 烧碱（折 100 ％） ( 万吨 ) 259 -3.9 1956 0.1 乙烯 ( 万吨 ) 158 7.5 1053 1.4 化学纤维 ( 万吨 ) 451 13.4 2920 8.5 水泥 ( 万吨 ) 19618 1.6 118963 -0.3 平板玻璃 ( 万重量箱 ) 7293 1.0 49743 -0.4 生铁 ( 万吨 ) 6752 4.2 44179 1.0 粗钢 ( 万吨 ) 8124 7.2 53285 6.3 钢材 ( 万吨 ) 9569 8.0 62587 6.6 十种有色金属 ( 万吨 ) 462 8.5 3136 3.9 其中：原铝（电解铝） ( 万吨 ) 293 11.6 1940 3.0 金属切削机床 ( 万台 ) 4 2.4 30 7.1 工业机器人（台 / 套） 13669 6.3 87709 21.0 汽车 ( 万辆 ) 206.4 -0.5 1637.7 3.2 其中：轿车 ( 万辆 ) 90.4 4.3 674.6 5.8 运动型多用途乘用车（ SUV ）（万辆） 64.1 -6.7 545.1 2.1 其中：新能源汽车（万辆） 7.9 17.9 55.3 68.6 发电机组（发电设备） ( 万千瓦 ) 679 -21.8 6108 -11.6 微型计算机设备 ( 万台 ) 2347 -5.6 16200 -1.6 移动通信手持机 ( 万台 ) 13518 -8.2 98950 2.0 其中：智能手机（万台） 10504 -6.7 75115 2.8 集成电路 ( 亿块 ) 151 12.0 1001 14.5 原煤（万吨） 28150 -2.0 197818 3.4 焦炭（万吨） 3551 -4.3 24746 -3.3 原油（万吨） 1585 -2.6 10995 -2.1 原油加工量（万吨） 5075 11.6 35057 9.2 天然气（亿立方米） 130 10.5 905 5.5 发电量（亿千瓦时） 6400 5.7 38373 7.8 火力发电量（亿千瓦时） 4535 4.3 28456 7.3 水力发电量（亿千瓦时） 1291 6.0 5901 3.5 核能发电量（亿千瓦时） 264 14.2 1564 12.9 风力发电量（亿千瓦时） 233 24.7 1948 23.0 太阳能发电量（亿千瓦时） 77 10.9 504 20.0 产品销售率（ % ） 98.0 -0.5 ( 百分点 ) 98.0 -0.2 ( 百分点 ) 出口交货值（亿元） 10317 8.7 67440 6.0 附注 1 、指标解释 工业增加值增长速度 : 即工业增长速度，是用来反映一定时期工业生产物量增减变动程度的指标。利用该指标，可以判断短期工业经济的运行走势，判断经济的景气程度，也是制定和调整经济政策，实施宏观调控的重要参考和依据。 产品销售率：是销售产值和工业总产值的比率，用来反映工业产品的产销衔接情况。 出口交货值：是指工业企业自营（委托）出口（包括销往香港、澳门、台湾地区）或交给外贸部门出口的产品价值，以及外商来样、来料加工、来件装配和补偿贸易等生产的产品价值。 日均产品产量：是以当月公布的规模以上工业企业总产量除以该月日历天数计算得到。 2 、统计范围 规模以上工业的统计范围为年主营业务收入 2000 万元及以上的工业企业。 由于规模以上工业企业范围每年发生变化，为保证本年数据与上年可比，计算产品产量等各项指标同比增长速度所采用的同期数与本期的企业统计范围尽可能相一致，和上年公布的数据存在口径差异。主要原因是：（一）统计单位范围发生变化。每年有部分企业达到规模纳入调查范围，也有部分企业因规模变小退出调查范围，还有新建投产企业、破产、注（吊）销企业等影响。（二）部分企业集团（公司）产品产量数据存在跨地区重复统计现象，根据专项调查对企业集团（公司）跨地区重复产量进行了剔重。 3 、调查方法 规模以上工业企业工业生产报表按月进行全面调查（ 1 月份数据免报）。 4 、东、中、西部和东北地区划分 东部地区包括北京、天津、河北、上海、江苏、浙江、福建、山东、广东、海南 10 个省（市）；中部地区包括山西、安徽、江西、河南、湖北、湖南 6 个省；西部地区包括内蒙古、广西、重庆、四川、贵州、云南、西藏、陕西、甘肃、青海、宁夏、新疆 12 个省（市、自治区）；东北地区包括辽宁、吉林、黑龙江 3 个省。 5 、行业分类标准 执行国民经济行业分类标准（ GB/T 4754-2017 ） 。 6 、环比数据修订 根据季节调整模型自动修正结果，对 2017 年 7 月至 2018 年 6 月份规模以上工业增加值环比增速进行修订。修订结果及 2018 年 7 月份环比数据如下： 月份 环比增速（ % ） 2017 年 7 月 0.40 8 月 0.43 9 月 0.57 10 月 0.50 11 月 0.46 12 月 0.52 2018 年 1 月 0.58 2 月 0.58 3 月 0.36 4 月 0.60 5 月 0.55 6 月 0.35 7 月 0.48 [责任编辑:] 相关链接 政府机构网站 地方政府网站 地方统计网站 社会团体网站 国际组织网站 政府机构网站 地方政府网站 地方统计网站 社会团体网站 国际组织网站 中央人民政府门户网站 外交部 国防部 国家发展改革委 教育部 科技部 工业和信息化部 国家民委 公安部 国家安全部 民政部 司法部 财政部 人力资源社会保障部 自然资源部 生态环境部 住房城乡建设部 交通运输部 水利部 农业农村部 商务部 文化和旅游部 国家卫生健康委 退役军人事务部 应急管理部 中国人民银行 审计署 国务院国资委 海关总署 税务总局 市场监管总局 金融监管总局 中国证监会 广电总局 体育总局 国家信访局 国家统计局 国家知识产权局 国家国际发展合作署 国家医保局 国务院参事室 国管局 国务院研究室 国务院侨办 国务院港澳办 国务院台办 国家网信办 国务院新闻办 新华社 中国科学院 中国社科院 中国工程院 国务院发展研究中心 中央广电总台 中国气象局 国家粮食和物资储备局 国家能源局 国家国防科工局 国家烟草局 国家移民局 国家林草局 国家铁路局 中国民航局 国家邮政局 国家文物局 国家中医药局 国家疾控局 国家矿山安监局 国家消防救援局 国家外汇局 国家药监局 北京 天津 河北 山西 内蒙古 辽宁 吉林 黑龙江 上海 江苏 浙江 安徽 福建 江西 山东 河南 湖北 湖南 广东 广西 海南 重庆 四川 贵州 云南 西藏 陕西 甘肃 青海 宁夏 新疆 兵团 北京局 天津局 河北局 山西局 内蒙古局 辽宁局 吉林局 黑龙江局 上海局 江苏局 浙江局 安徽局 福建局 江西局 山东局 河南局 湖北局 湖南局 广东局 广西局 海南局 重庆局 四川局 贵州局 云南局 西藏局 陕西局 甘肃局 青海局 宁夏局 新疆局 兵团局 天津总队 山西总队 江苏总队 浙江总队 安徽总队 河南总队 湖南总队 广东总队 云南总队 陕西总队 新疆总队 兵团总队 中国统计学会 联合国 联合国经济和社会事务部 联合国统计司 世贸组织 粮农组织 劳工组织 基金组织 工发组织 教科文组织 世卫组织 世界银行 欧盟 经合组织 联合国开发署 联合国人口基金 联合国环境署 联合国儿童基金 世界粮食计划署 国际组织网站 版权所有: 国家统计局 联系我们 服务条款 网站地图 地址: 北京市西城区月坛南街57号 (100826) 京ICP备05034670号-2 京公网安备 11040102700142号 网站标识码bm36000002 中央人民政府门户网站 外交部 国防部 国家发展改革委 教育部 科技部 工业和信息化部 国家民委 公安部 国家安全部 民政部 司法部 财政部 人力资源社会保障部 自然资源部 生态环境部 住房城乡建设部 交通运输部 水利部 农业农村部 商务部 文化和旅游部 国家卫生健康委 退役军人事务部 应急管理部 中国人民银行 审计署 国务院国资委 海关总署 税务总局 市场监管总局 金融监管总局 中国证监会 广电总局 体育总局 国家信访局 国家统计局 国家知识产权局 国家国际发展合作署 国家医保局 国务院参事室 国管局 国务院研究室 国务院侨办 国务院港澳办 国务院台办 国家网信办 国务院新闻办 新华社 中国科学院 中国社科院 中国工程院 国务院发展研究中心 中央广电总台 中国气象局 国家粮食和物资储备局 国家能源局 国家国防科工局 国家烟草局 国家移民局 国家林草局 国家铁路局 中国民航局 国家邮政局 国家文物局 国家中医药局 国家疾控局 国家矿山安监局 国家消防救援局 国家外汇局 国家药监局 北京 天津 河北 山西 内蒙古 辽宁 吉林 黑龙江 上海 江苏 浙江 安徽 福建 江西 山东 河南 湖北 湖南 广东 广西 海南 重庆 四川 贵州 云南 西藏 陕西 甘肃 青海 宁夏 新疆 兵团 北京局 天津局 河北局 山西局 内蒙古局 辽宁局 吉林局 黑龙江局 上海局 江苏局 浙江局 安徽局 福建局 江西局 山东局 河南局 湖北局 湖南局 广东局 广西局 海南局 重庆局 四川局 贵州局 云南局 西藏局 陕西局 甘肃局 青海局 宁夏局 新疆局 兵团局 天津总队 山西总队 江苏总队 浙江总队 安徽总队 河南总队 湖南总队 广东总队 云南总队 陕西总队 新疆总队 兵团总队 中国统计学会 联合国 联合国经济和社会事务部 联合国统计司 世贸组织 粮农组织 劳工组织 基金组织 工发组织 教科文组织 世卫组织 世界银行 欧盟 经合组织 联合国开发署 联合国人口基金 联合国环境署 联合国儿童基金 世界粮食计划署 国际组织网站,https://www.stats.gov.cn/sj/zxfb/202302/t20230203_1900026.html,ce1f3697e48acda7a3b4dcb7359d74285b40c94caf84b26108a1cdc2532ee891
HR-041,HIST-NBS-044,国家统计局,2019-01-21 23:59:59,2018年12月份规模以上工业增加值增长5.7%,2018年12月份规模以上工业增加值增长5.7% - 国家统计局 EN 搜索 首页 机构 新闻 时政要闻 统计新闻 数据 公开 服务 互动 知识 专题 2018年12月份规模以上工业增加值增长5.7% 2019/01/21 10:00 | Aa 字体： 小 中 大 | 分享到： 2018 年 12 月份，规模以上工业增加值同比实际增长 5.7% （以下增加值增速均为扣除价格因素的实际增长率），增速比 11 月份加快 0.3 个百分点；环比增长 0.54% 。 2018 年全年，规模以上工业增加值同比增长 6.2% ，增速较 1-11 月份回落 0.1 个百分点。 分三大门类看， 12 月份，采矿业增加值同比增长 3.6% ，增速较 11 月份加快 1.3 个百分点；制造业增长 5.5% ，回落 0.1 个百分点；电力、热力、燃气及水生产和供应业增长 9.6% ，回落 0.2 个百分点。 分经济类型看， 12 月份，国有控股企业增加值同比增长 3.6% ；集体企业下降 1.4% ，股份制企业增长 7.0% ，外商及港澳台商投资企业增长 1.7% 。 分行业看， 12 月份， 41 个大类行业中有 37 个行业增加值保持同比增长。其中，农副食品加工业增长 5.9% ，纺织业增长 0.2% ，化学原料和化学制品制造业增长 1.8% ，非金属矿物制品业增长 8.8% ，黑色金属冶炼和压延加工业增长 9.2% ，有色金属冶炼和压延加工业增长 13.2% ，通用设备制造业增长 6.5% ，专用设备制造业增长 11.7% ，汽车制造业下降 4.1% ，铁路、船舶、航空航天和其他运输设备制造业增长 13.8% ，电气机械和器材制造业增长 10.1% ，计算机、通信和其他电子设备制造业增长 10.5% ，电力、热力生产和供应业增长 8.3% 。 分地区看， 12 月份，东部地区增加值同比增长 5.0% ，中部地区增长 8.3% ，西部地区增长 7.7% ，东北地区增长 7.5% 。 分产品看， 12 月份， 596 种产品中有 330 种产品同比增长。其中，钢材 9365 万吨，同比增长 9.1% ；水泥 18394 万吨，增长 4.3% ；十种有色金属 508 万吨，增长 10.0% ；乙烯 160 万吨，下降 0.1% ；汽车 252.6 万辆，下降 14.9% ，其中，轿车 103.0 万辆，下降 17.1% ；发电量 6200 亿千瓦时，增长 6.2% ；原油加工量 5117 万吨，增长 4.4% 。 12 月份，工业企业产品销售率为 98.5% ，比上年同月下降 0.3 个百分点。工业企业实现出口交货值 11749 亿元，同比增长 4.1% 。 2018 年 12 月份规模以上工业生产主要数据 12 月 1-12 月 绝对量 同比增长 （ % ） 绝对量 同比增长 （ % ） 规模以上工业增加值 … 5.7 … 6.2 分三大门类 采矿业 … 3.6 … 2.3 制造业 … 5.5 … 6.5 其中 : 高技术制造业 … 10.4 … 11.7 电力、热力、燃气及水生产和供应业 … 9.6 … 9.9 分经济类型 其中：国有控股企业 … 3.6 … 6.2 其中：集体企业 … -1.4 … -1.2 股份制企业 … 7.0 … 6.6 外商及港澳台商投资企业 … 1.7 … 4.8 主要行业增加值 农副食品加工业 … 5.9 … 5.9 食品制造业 … 8.5 … 6.7 纺织业 … 0.2 … 1.0 化学原料和化学制品制造业 … 1.8 … 3.6 医药制造业 … 8.8 … 9.7 橡胶和塑料制品业 … 3.7 … 3.2 非金属矿物制品业 … 8.8 … 4.6 黑色金属冶炼和压延加工业 … 9.2 … 7.0 有色金属冶炼和压延加工业 … 13.2 … 7.8 金属制品业 … 4.0 … 3.8 通用设备制造业 … 6.5 … 7.2 专用设备制造业 … 11.7 … 10.9 汽车制造业 … -4.1 … 4.9 铁路、船舶、航空航天和其他运输设备制造业 … 13.8 … 5.3 电气机械和器材制造业 … 10.1 … 7.3 计算机、通信和其他电子设备制造业 … 10.5 … 13.1 电力、热力生产和供应业 … 8.3 … 9.6 主要产品产量 布 ( 亿米 ) 48 0.6 499 -0.1 硫酸（折 100 ％） ( 万吨 ) 827 7.2 8636 1.8 烧碱（折 100 ％） ( 万吨 ) 299 -2.0 3420 0.9 乙烯 ( 万吨 ) 160 -0.1 1841 1.0 化学纤维 ( 万吨 ) 464 9.1 5011 7.7 水泥 ( 万吨 ) 18394 4.3 217667 3.0 平板玻璃 ( 万重量箱 ) 7570 10.2 86864 2.1 生铁 ( 万吨 ) 6320 9.4 77105 3.0 粗钢 ( 万吨 ) 7612 8.2 92826 6.6 钢材 ( 万吨 ) 9365 9.1 110552 8.5 十种有色金属 ( 万吨 ) 508 10.0 5688 6.0 其中：原铝（电解铝） ( 万吨 ) 305 11.3 3580 7.4 金属切削机床 ( 万台 ) 4 -17.4 49 0.4 工业机器人（台 / 套） 11961 -12.1 147682 4.6 汽车 ( 万辆 ) 252.6 -14.9 2796.8 -3.8 其中：轿车 ( 万辆 ) 103.0 -17.1 1160.1 -1.8 运动型多用途乘用车（ SUV ）（万辆） 77.6 -21.9 927.4 -6.7 其中：新能源汽车（万辆） 19.4 15.5 129.6 40.1 发电机组（发电设备） ( 万千瓦 ) 809 -31.6 10601 -9.3 微型计算机设备 ( 万台 ) 2769 0.4 30700 -1.0 移动通信手持机 ( 万台 ) 16843 -9.4 179846 -4.1 其中：智能手机（万台） 12195 -9.8 136928 -0.6 集成电路 ( 亿块 ) 144 -2.4 1740 9.7 原煤（万吨） 32038 2.1 354591 5.2 焦炭（万吨） 3807 4.9 43820 0.8 原油（万吨） 1633 2.0 18911 -1.3 原油加工量（万吨） 5117 4.4 60357 6.8 天然气（亿立方米） 153 10.0 1610 7.5 发电量（亿千瓦时） 6200 6.2 67914 6.8 火力发电量（亿千瓦时） 4776 5.0 49795 6.0 水力发电量（亿千瓦时） 718 -0.9 11027 4.1 核能发电量（亿千瓦时） 306 37.9 2944 18.7 风力发电量（亿千瓦时） 338 20.6 3253 16.6 太阳能发电量（亿千瓦时） 62 2.2 894 19.6 产品销售率（ % ） 98.5 -0.3 ( 百分点 ) 98.1 -0.5 ( 百分点 ) 出口交货值（亿元） 11749 4.1 123932 8.5 附注 1 、指标解释 工业增加值增长速度 : 即工业增长速度，是用来反映一定时期工业生产物量增减变动程度的指标。利用该指标，可以判断短期工业经济的运行走势，判断经济的景气程度，也是制定和调整经济政策，实施宏观调控的重要参考和依据。 产品销售率：是销售产值和工业总产值的比率，用来反映工业产品的产销衔接情况。 出口交货值：是指工业企业自营（委托）出口（包括销往香港、澳门、台湾地区）或交给外贸部门出口的产品价值，以及外商来样、来料加工、来件装配和补偿贸易等生产的产品价值。 日均产品产量：是以当月公布的规模以上工业企业总产量除以该月日历天数计算得到。 2 、统计范围 规模以上工业的统计范围为年主营业务收入 2000 万元及以上的工业企业。 由于规模以上工业企业范围每年发生变化，为保证本年数据与上年可比，计算产品产量等各项指标同比增长速度所采用的同期数与本期的企业统计范围尽可能相一致，和上年公布的数据存在口径差异。主要原因是：（一）统计单位范围发生变化。每年有部分企业达到规模纳入调查范围，也有部分企业因规模变小退出调查范围，还有新建投产企业、破产、注（吊）销企业等影响。（二）部分企业集团（公司）产品产量数据存在跨地区重复统计现象，根据专项调查对企业集团（公司）跨地区重复产量进行了剔重。 3 、调查方法 规模以上工业企业工业生产报表按月进行全面调查（ 1 月份数据免报）。 4 、东、中、西部和东北地区划分 东部地区包括北京、天津、河北、上海、江苏、浙江、福建、山东、广东、海南 10 个省（市）；中部地区包括山西、安徽、江西、河南、湖北、湖南 6 个省；西部地区包括内蒙古、广西、重庆、四川、贵州、云南、西藏、陕西、甘肃、青海、宁夏、新疆 12 个省（市、自治区）；东北地区包括辽宁、吉林、黑龙江 3 个省。 5 、行业分类标准 执行国民经济行业分类标准（ GB/T 4754-2017 ） 。 6 、环比数据修订 根据季节调整模型自动修正结果，对 2017 年 12 月至 2018 年 11 月份规模以上工业增加值环比增速进行修订。修订结果及 2018 年 12 月份环比数据如下： 月份 环比增速（ % ） 2017 年 12 月 0.52 2018 年 1 月 0.57 2 月 0.57 3 月 0.38 4 月 0.63 5 月 0.51 6 月 0.38 7 月 0.44 8 月 0.50 9 月 0.47 10 月 0.47 11 月 0.37 12 月 0.54 2018 年 12 月份，规模以上工业增加值同比实际增长 5.7% （以下增加值增速均为扣除价格因素的实际增长率），增速比 11 月份加快 0.3 个百分点；环比增长 0.54% 。 2018 年全年，规模以上工业增加值同比增长 6.2% ，增速较 1-11 月份回落 0.1 个百分点。 分三大门类看， 12 月份，采矿业增加值同比增长 3.6% ，增速较 11 月份加快 1.3 个百分点；制造业增长 5.5% ，回落 0.1 个百分点；电力、热力、燃气及水生产和供应业增长 9.6% ，回落 0.2 个百分点。 分经济类型看， 12 月份，国有控股企业增加值同比增长 3.6% ；集体企业下降 1.4% ，股份制企业增长 7.0% ，外商及港澳台商投资企业增长 1.7% 。 分行业看， 12 月份， 41 个大类行业中有 37 个行业增加值保持同比增长。其中，农副食品加工业增长 5.9% ，纺织业增长 0.2% ，化学原料和化学制品制造业增长 1.8% ，非金属矿物制品业增长 8.8% ，黑色金属冶炼和压延加工业增长 9.2% ，有色金属冶炼和压延加工业增长 13.2% ，通用设备制造业增长 6.5% ，专用设备制造业增长 11.7% ，汽车制造业下降 4.1% ，铁路、船舶、航空航天和其他运输设备制造业增长 13.8% ，电气机械和器材制造业增长 10.1% ，计算机、通信和其他电子设备制造业增长 10.5% ，电力、热力生产和供应业增长 8.3% 。 分地区看， 12 月份，东部地区增加值同比增长 5.0% ，中部地区增长 8.3% ，西部地区增长 7.7% ，东北地区增长 7.5% 。 分产品看， 12 月份， 596 种产品中有 330 种产品同比增长。其中，钢材 9365 万吨，同比增长 9.1% ；水泥 18394 万吨，增长 4.3% ；十种有色金属 508 万吨，增长 10.0% ；乙烯 160 万吨，下降 0.1% ；汽车 252.6 万辆，下降 14.9% ，其中，轿车 103.0 万辆，下降 17.1% ；发电量 6200 亿千瓦时，增长 6.2% ；原油加工量 5117 万吨，增长 4.4% 。 12 月份，工业企业产品销售率为 98.5% ，比上年同月下降 0.3 个百分点。工业企业实现出口交货值 11749 亿元，同比增长 4.1% 。 2018 年 12 月份规模以上工业生产主要数据 12 月 1-12 月 绝对量 同比增长 （ % ） 绝对量 同比增长 （ % ） 规模以上工业增加值 … 5.7 … 6.2 分三大门类 采矿业 … 3.6 … 2.3 制造业 … 5.5 … 6.5 其中 : 高技术制造业 … 10.4 … 11.7 电力、热力、燃气及水生产和供应业 … 9.6 … 9.9 分经济类型 其中：国有控股企业 … 3.6 … 6.2 其中：集体企业 … -1.4 … -1.2 股份制企业 … 7.0 … 6.6 外商及港澳台商投资企业 … 1.7 … 4.8 主要行业增加值 农副食品加工业 … 5.9 … 5.9 食品制造业 … 8.5 … 6.7 纺织业 … 0.2 … 1.0 化学原料和化学制品制造业 … 1.8 … 3.6 医药制造业 … 8.8 … 9.7 橡胶和塑料制品业 … 3.7 … 3.2 非金属矿物制品业 … 8.8 … 4.6 黑色金属冶炼和压延加工业 … 9.2 … 7.0 有色金属冶炼和压延加工业 … 13.2 … 7.8 金属制品业 … 4.0 … 3.8 通用设备制造业 … 6.5 … 7.2 专用设备制造业 … 11.7 … 10.9 汽车制造业 … -4.1 … 4.9 铁路、船舶、航空航天和其他运输设备制造业 … 13.8 … 5.3 电气机械和器材制造业 … 10.1 … 7.3 计算机、通信和其他电子设备制造业 … 10.5 … 13.1 电力、热力生产和供应业 … 8.3 … 9.6 主要产品产量 布 ( 亿米 ) 48 0.6 499 -0.1 硫酸（折 100 ％） ( 万吨 ) 827 7.2 8636 1.8 烧碱（折 100 ％） ( 万吨 ) 299 -2.0 3420 0.9 乙烯 ( 万吨 ) 160 -0.1 1841 1.0 化学纤维 ( 万吨 ) 464 9.1 5011 7.7 水泥 ( 万吨 ) 18394 4.3 217667 3.0 平板玻璃 ( 万重量箱 ) 7570 10.2 86864 2.1 生铁 ( 万吨 ) 6320 9.4 77105 3.0 粗钢 ( 万吨 ) 7612 8.2 92826 6.6 钢材 ( 万吨 ) 9365 9.1 110552 8.5 十种有色金属 ( 万吨 ) 508 10.0 5688 6.0 其中：原铝（电解铝） ( 万吨 ) 305 11.3 3580 7.4 金属切削机床 ( 万台 ) 4 -17.4 49 0.4 工业机器人（台 / 套） 11961 -12.1 147682 4.6 汽车 ( 万辆 ) 252.6 -14.9 2796.8 -3.8 其中：轿车 ( 万辆 ) 103.0 -17.1 1160.1 -1.8 运动型多用途乘用车（ SUV ）（万辆） 77.6 -21.9 927.4 -6.7 其中：新能源汽车（万辆） 19.4 15.5 129.6 40.1 发电机组（发电设备） ( 万千瓦 ) 809 -31.6 10601 -9.3 微型计算机设备 ( 万台 ) 2769 0.4 30700 -1.0 移动通信手持机 ( 万台 ) 16843 -9.4 179846 -4.1 其中：智能手机（万台） 12195 -9.8 136928 -0.6 集成电路 ( 亿块 ) 144 -2.4 1740 9.7 原煤（万吨） 32038 2.1 354591 5.2 焦炭（万吨） 3807 4.9 43820 0.8 原油（万吨） 1633 2.0 18911 -1.3 原油加工量（万吨） 5117 4.4 60357 6.8 天然气（亿立方米） 153 10.0 1610 7.5 发电量（亿千瓦时） 6200 6.2 67914 6.8 火力发电量（亿千瓦时） 4776 5.0 49795 6.0 水力发电量（亿千瓦时） 718 -0.9 11027 4.1 核能发电量（亿千瓦时） 306 37.9 2944 18.7 风力发电量（亿千瓦时） 338 20.6 3253 16.6 太阳能发电量（亿千瓦时） 62 2.2 894 19.6 产品销售率（ % ） 98.5 -0.3 ( 百分点 ) 98.1 -0.5 ( 百分点 ) 出口交货值（亿元） 11749 4.1 123932 8.5 附注 1 、指标解释 工业增加值增长速度 : 即工业增长速度，是用来反映一定时期工业生产物量增减变动程度的指标。利用该指标，可以判断短期工业经济的运行走势，判断经济的景气程度，也是制定和调整经济政策，实施宏观调控的重要参考和依据。 产品销售率：是销售产值和工业总产值的比率，用来反映工业产品的产销衔接情况。 出口交货值：是指工业企业自营（委托）出口（包括销往香港、澳门、台湾地区）或交给外贸部门出口的产品价值，以及外商来样、来料加工、来件装配和补偿贸易等生产的产品价值。 日均产品产量：是以当月公布的规模以上工业企业总产量除以该月日历天数计算得到。 2 、统计范围 规模以上工业的统计范围为年主营业务收入 2000 万元及以上的工业企业。 由于规模以上工业企业范围每年发生变化，为保证本年数据与上年可比，计算产品产量等各项指标同比增长速度所采用的同期数与本期的企业统计范围尽可能相一致，和上年公布的数据存在口径差异。主要原因是：（一）统计单位范围发生变化。每年有部分企业达到规模纳入调查范围，也有部分企业因规模变小退出调查范围，还有新建投产企业、破产、注（吊）销企业等影响。（二）部分企业集团（公司）产品产量数据存在跨地区重复统计现象，根据专项调查对企业集团（公司）跨地区重复产量进行了剔重。 3 、调查方法 规模以上工业企业工业生产报表按月进行全面调查（ 1 月份数据免报）。 4 、东、中、西部和东北地区划分 东部地区包括北京、天津、河北、上海、江苏、浙江、福建、山东、广东、海南 10 个省（市）；中部地区包括山西、安徽、江西、河南、湖北、湖南 6 个省；西部地区包括内蒙古、广西、重庆、四川、贵州、云南、西藏、陕西、甘肃、青海、宁夏、新疆 12 个省（市、自治区）；东北地区包括辽宁、吉林、黑龙江 3 个省。 5 、行业分类标准 执行国民经济行业分类标准（ GB/T 4754-2017 ） 。 6 、环比数据修订 根据季节调整模型自动修正结果，对 2017 年 12 月至 2018 年 11 月份规模以上工业增加值环比增速进行修订。修订结果及 2018 年 12 月份环比数据如下： 月份 环比增速（ % ） 2017 年 12 月 0.52 2018 年 1 月 0.57 2 月 0.57 3 月 0.38 4 月 0.63 5 月 0.51 6 月 0.38 7 月 0.44 8 月 0.50 9 月 0.47 10 月 0.47 11 月 0.37 12 月 0.54 [责任编辑:] 相关链接 政府机构网站 地方政府网站 地方统计网站 社会团体网站 国际组织网站 政府机构网站 地方政府网站 地方统计网站 社会团体网站 国际组织网站 中央人民政府门户网站 外交部 国防部 国家发展改革委 教育部 科技部 工业和信息化部 国家民委 公安部 国家安全部 民政部 司法部 财政部 人力资源社会保障部 自然资源部 生态环境部 住房城乡建设部 交通运输部 水利部 农业农村部 商务部 文化和旅游部 国家卫生健康委 退役军人事务部 应急管理部 中国人民银行 审计署 国务院国资委 海关总署 税务总局 市场监管总局 金融监管总局 中国证监会 广电总局 体育总局 国家信访局 国家统计局 国家知识产权局 国家国际发展合作署 国家医保局 国务院参事室 国管局 国务院研究室 国务院侨办 国务院港澳办 国务院台办 国家网信办 国务院新闻办 新华社 中国科学院 中国社科院 中国工程院 国务院发展研究中心 中央广电总台 中国气象局 国家粮食和物资储备局 国家能源局 国家国防科工局 国家烟草局 国家移民局 国家林草局 国家铁路局 中国民航局 国家邮政局 国家文物局 国家中医药局 国家疾控局 国家矿山安监局 国家消防救援局 国家外汇局 国家药监局 北京 天津 河北 山西 内蒙古 辽宁 吉林 黑龙江 上海 江苏 浙江 安徽 福建 江西 山东 河南 湖北 湖南 广东 广西 海南 重庆 四川 贵州 云南 西藏 陕西 甘肃 青海 宁夏 新疆 兵团 北京局 天津局 河北局 山西局 内蒙古局 辽宁局 吉林局 黑龙江局 上海局 江苏局 浙江局 安徽局 福建局 江西局 山东局 河南局 湖北局 湖南局 广东局 广西局 海南局 重庆局 四川局 贵州局 云南局 西藏局 陕西局 甘肃局 青海局 宁夏局 新疆局 兵团局 天津总队 山西总队 江苏总队 浙江总队 安徽总队 河南总队 湖南总队 广东总队 云南总队 陕西总队 新疆总队 兵团总队 中国统计学会 联合国 联合国经济和社会事务部 联合国统计司 世贸组织 粮农组织 劳工组织 基金组织 工发组织 教科文组织 世卫组织 世界银行 欧盟 经合组织 联合国开发署 联合国人口基金 联合国环境署 联合国儿童基金 世界粮食计划署 国际组织网站 版权所有: 国家统计局 联系我们 服务条款 网站地图 地址: 北京市西城区月坛南街57号 (100826) 京ICP备05034670号-2 京公网安备 11040102700142号 网站标识码bm36000002 中央人民政府门户网站 外交部 国防部 国家发展改革委 教育部 科技部 工业和信息化部 国家民委 公安部 国家安全部 民政部 司法部 财政部 人力资源社会保障部 自然资源部 生态环境部 住房城乡建设部 交通运输部 水利部 农业农村部 商务部 文化和旅游部 国家卫生健康委 退役军人事务部 应急管理部 中国人民银行 审计署 国务院国资委 海关总署 税务总局 市场监管总局 金融监管总局 中国证监会 广电总局 体育总局 国家信访局 国家统计局 国家知识产权局 国家国际发展合作署 国家医保局 国务院参事室 国管局 国务院研究室 国务院侨办 国务院港澳办 国务院台办 国家网信办 国务院新闻办 新华社 中国科学院 中国社科院 中国工程院 国务院发展研究中心 中央广电总台 中国气象局 国家粮食和物资储备局 国家能源局 国家国防科工局 国家烟草局 国家移民局 国家林草局 国家铁路局 中国民航局 国家邮政局 国家文物局 国家中医药局 国家疾控局 国家矿山安监局 国家消防救援局 国家外汇局 国家药监局 北京 天津 河北 山西 内蒙古 辽宁 吉林 黑龙江 上海 江苏 浙江 安徽 福建 江西 山东 河南 湖北 湖南 广东 广西 海南 重庆 四川 贵州 云南 西藏 陕西 甘肃 青海 宁夏 新疆 兵团 北京局 天津局 河北局 山西局 内蒙古局 辽宁局 吉林局 黑龙江局 上海局 江苏局 浙江局 安徽局 福建局 江西局 山东局 河南局 湖北局 湖南局 广东局 广西局 海南局 重庆局 四川局 贵州局 云南局 西藏局 陕西局 甘肃局 青海局 宁夏局 新疆局 兵团局 天津总队 山西总队 江苏总队 浙江总队 安徽总队 河南总队 湖南总队 广东总队 云南总队 陕西总队 新疆总队 兵团总队 中国统计学会 联合国 联合国经济和社会事务部 联合国统计司 世贸组织 粮农组织 劳工组织 基金组织 工发组织 教科文组织 世卫组织 世界银行 欧盟 经合组织 联合国开发署 联合国人口基金 联合国环境署 联合国儿童基金 世界粮食计划署 国际组织网站,https://www.stats.gov.cn/sj/zxfb/202302/t20230203_1900207.html,ea4a6989c132a9ea63df422ee9dab1280c35c8f835c256d69b9545855a87b782
HR-042,HIST-NBS-049,国家统计局,2019-11-14 23:59:59,2019年10月份规模以上工业增加值增长4.7%,2019年10月份规模以上工业增加值增长4.7% - 国家统计局 EN 搜索 首页 机构 新闻 时政要闻 统计新闻 数据 公开 服务 互动 知识 专题 2019年10月份规模以上工业增加值增长4.7% 2019/11/14 10:00 | Aa 字体： 小 中 大 | 分享到： 2019 年 10 月份，规模以上工业增加值同比实际增长 4.7% （以下增加值增速均为扣除价格因素的实际增长率），比 9 月份回落 1.1 个百分点。从环比看， 10 月份，规模以上工业增加值比上月增长 0.17% 。 1 — 10 月份，规模以上工业增加值同比增长 5.6% 。 分三大门类看， 10 月份，采矿业增加值同比增长 3.9% ，增速较 9 月份回落 4.2 个百分点；制造业增长 4.6% ，回落 1.0 个百分点；电力、热力、燃气及水生产和供应业增长 6.6% ，加快 0.7 个百分点。 分经济类型看， 10 月份，国有控股企业增加值同比增长 4.8% ；股份制企业增长 5.4% ，外商及港澳台商投资企业增长 2.1% ；私营企业增长 5.4% 。 分行业看， 10 月份， 41 个大类行业中有 31 个行业增加值保持同比增长。农副食品加工业下降 2.7% ，纺织业下降 1.3% ，化学原料和化学制品制造业增长 3.0% ，非金属矿物制品业增长 4.1% ，黑色金属冶炼和压延加工业增长 6.3% ，有色金属冶炼和压延加工业增长 9.1% ，通用设备制造业增长 3.1% ，专用设备制造业增长 5.0% ，汽车制造业增长 4.9% ，铁路、船舶、航空航天和其他运输设备制造业增长 3.0% ，电气机械和器材制造业增长 10.7% ，计算机、通信和其他电子设备制造业增长 8.2% ，电力、热力生产和供应业增长 6.7% 。 分地区看， 10 月份，东部地区增加值同比增长 3.6% ，中部地区增长 6.5% ，西部地区增长 5.8% ，东北地区增长 3.2% 。 分产品看， 10 月份， 605 种产品中有 315 种产品同比增长。钢材 10264 万吨，同比增长 3.5% ；水泥 21849 万吨，下降 2.1% ；十种有色金属 497 万吨，增长 4.6% ；乙烯 174 万吨，增长 4.2% ；汽车 227.9 万辆，下降 2.1% ，其中，轿车 89.9 万辆，下降 8.7% ；新能源汽车 8.5 万辆，下降 39.7% ；发电量 5714 亿千瓦时，增长 4.0% ；原油加工量 5784 万吨，增长 9.2% 。 10 月份，工业企业产品销售率为 97.7% ，比上年同期下降 0.5 个百分点。工业企业实现出口交货值 10899 亿元，同比名义下降 3.8% 。 2019 年 10 月份规模以上工业生产主要数据 10 月 1-10 月 绝对量 同比增长 （ % ） 绝对量 同比增长 （ % ） 规模以上工业增加值 … 4.7 … 5.6 分三大门类 采矿业 … 3.9 … 4.5 制造业 … 4.6 … 5.8 其中 : 高技术制造业 … 8.3 … 8.7 电力、热力、燃气及水生产和供应业 … 6.6 … 7.0 分经济类型 其中：国有控股企业 … 4.8 … 4.7 其中：股份制企业 … 5.4 … 6.7 外商及港澳台商投资企业 … 2.1 … 1.5 其中：私营企业 … 5.4 … 7.7 主要行业增加值 农副食品加工业 … -2.7 … 2.4 食品制造业 … 3.4 … 5.4 纺织业 … -1.3 … 1.2 化学原料和化学制品制造业 … 3.0 … 4.0 医药制造业 … 7.1 … 7.0 橡胶和塑料制品业 … 3.9 … 4.8 非金属矿物制品业 … 4.1 … 9.0 黑色金属冶炼和压延加工业 … 6.3 … 9.7 有色金属冶炼和压延加工业 … 9.1 … 9.9 金属制品业 … 3.1 … 5.7 通用设备制造业 … 3.1 … 3.9 专用设备制造业 … 5.0 … 6.9 汽车制造业 … 4.9 … -0.2 铁路、船舶、航空航天和其他运输设备制造业 … 3.0 … 9.8 电气机械和器材制造业 … 10.7 … 10.1 计算机、通信和其他电子设备制造业 … 8.2 … 8.8 电力、热力生产和供应业 … 6.7 … 6.4 主要产品产量 布（亿米） 38 -13.7 400 -2.0 硫酸（折 100 ％）（万吨） 743 -2.9 7437 3.2 烧碱（折 100 ％）（万吨） 284 -3.2 2863 -0.2 乙烯（万吨） 174 4.2 1700 7.0 化学纤维（万吨） 541 16.9 4957 12.8 水泥（万吨） 21849 -2.1 190720 5.8 平板玻璃（万重量箱） 7887 4.0 77620 5.2 生铁（万吨） 6558 -2.7 67518 5.4 粗钢（万吨） 8152 -0.6 82922 7.4 钢材（万吨） 10264 3.5 101034 9.8 十种有色金属（万吨） 497 4.6 4815 4.6 其中：原铝（电解铝）（万吨） 288 -1.8 2924 0.7 金属切削机床（万台） 3 -13.5 35 -16.9 工业机器人（台 / 套） 14369 1.7 151080 -8.8 汽车（万辆） 227.9 -2.1 2029.3 -11.1 其中：轿车（万辆） 89.9 -8.7 821.4 -14.8 运动型多用途乘用车（ SUV ）（万辆） 81.4 2.6 679.6 -10.8 其中：新能源汽车（万辆） 8.5 -39.7 96.1 11.5 发电机组（发电设备）（万千瓦） 734 -21.0 7564 -19.8 微型计算机设备（万台） 3157 9.4 27678 7.8 移动通信手持机（万台） 16096 2.9 141345 -4.8 其中：智能手机（万台） 11547 -1.9 101559 -7.3 集成电路（亿块） 180 23.5 1624 4.0 原煤（万吨） 32487 4.4 306309 4.5 焦炭（万吨） 3878 1.2 39281 5.6 原油（万吨） 1611 0.0 15925 1.1 原油加工量（万吨） 5784 9.2 53710 6.4 天然气（亿立方米） 146 8.2 1423 9.3 发电量（亿千瓦时） 5714 4.0 58742 3.1 火力发电量（亿千瓦时） 3969 5.9 42041 1.1 水力发电量（亿千瓦时） 1074 -4.1 10013 6.5 核能发电量（亿千瓦时） 288 5.4 2826 19.3 风力发电量（亿千瓦时） 286 10.0 2857 5.7 太阳能发电量（亿千瓦时） 97 3.0 1005 14.4 产品销售率（ % ） 97.7 -0.5( 百分点 ) 98.1 -2.4( 百分点 ) 出口交货值（亿元） 10899 -3.8 101139 1.8 附注 1 、指标解释 工业增加值增长速度 : 即工业增长速度，是用来反映一定时期工业生产物量增减变动程度的指标。利用该指标，可以判断短期工业经济的运行走势，判断经济的景气程度，也是制定和调整经济政策，实施宏观调控的重要参考和依据。 产品销售率：是销售产值和工业总产值的比率，用来反映工业产品的产销衔接情况。 出口交货值：是指工业企业自营（委托）出口（包括销往香港、澳门、台湾地区）或交给外贸部门出口的产品价值，以及外商来样、来料加工、来件装配和补偿贸易等生产的产品价值。 日均产品产量：是以当月公布的规模以上工业企业总产量除以该月日历天数计算得到。 2 、统计范围 规模以上工业的统计范围为年主营业务收入 2000 万元及以上的工业企业。 由于规模以上工业企业范围每年发生变化，为保证本年数据与上年可比，计算产品产量等各项指标同比增长速度所采用的同期数与本期的企业统计范围尽可能相一致，和上年公布的数据存在口径差异。主要原因是：（一）统计单位范围发生变化。每年有部分企业达到规模纳入调查范围，也有部分企业因规模变小退出调查范围，还有新建投产企业、破产、注（吊）销企业等影响。（二）部分企业集团（公司）产品产量数据存在跨地区重复统计现象，根据专项调查对企业集团（公司）跨地区重复产量进行了剔重。 3 、调查方法 规模以上工业企业工业生产报表按月进行全面调查（ 1 月份数据免报）。 4 、东、中、西部和东北地区划分 东部地区包括北京、天津、河北、上海、江苏、浙江、福建、山东、广东、海南 10 个省（市）；中部地区包括山西、安徽、江西、河南、湖北、湖南 6 个省；西部地区包括内蒙古、广西、重庆、四川、贵州、云南、西藏、陕西、甘肃、青海、宁夏、新疆 12 个省（市、自治区）；东北地区包括辽宁、吉林、黑龙江 3 个省。 5 、行业分类标准 执行国民经济行业分类标准（ GB/T 4754-2017 ） 。 6 、发布内容调整 以往发布的集体企业数据，是指企业登记注册类型为“集体”的企业，随着现代企业制度的建立，登记为“集体”的企业比重不断下降（ 2018 年集体企业营业收入占全部规模以上工业企业的比重仅为 0.18% ），故从 2019 年起，取消发布集体企业数据。 7 、环比数据修订 根据季节调整模型自动修正结果，对 2018 年 10 月至 2019 年 9 月份规模以上工业增加值环比增速进行修订。修订结果及 2019 年 10 月份环比数据如下： 月份 环比增速（ % ） 2018 年 10 月 0.47 11 月 0.36 12 月 0.48 2019 年 1 月 0.52 2 月 0.45 3 月 0.92 4 月 0.30 5 月 0.43 6 月 0.68 7 月 0.19 8 月 0.34 9 月 0.71 10 月 0.17 2019 年 10 月份，规模以上工业增加值同比实际增长 4.7% （以下增加值增速均为扣除价格因素的实际增长率），比 9 月份回落 1.1 个百分点。从环比看， 10 月份，规模以上工业增加值比上月增长 0.17% 。 1 — 10 月份，规模以上工业增加值同比增长 5.6% 。 分三大门类看， 10 月份，采矿业增加值同比增长 3.9% ，增速较 9 月份回落 4.2 个百分点；制造业增长 4.6% ，回落 1.0 个百分点；电力、热力、燃气及水生产和供应业增长 6.6% ，加快 0.7 个百分点。 分经济类型看， 10 月份，国有控股企业增加值同比增长 4.8% ；股份制企业增长 5.4% ，外商及港澳台商投资企业增长 2.1% ；私营企业增长 5.4% 。 分行业看， 10 月份， 41 个大类行业中有 31 个行业增加值保持同比增长。农副食品加工业下降 2.7% ，纺织业下降 1.3% ，化学原料和化学制品制造业增长 3.0% ，非金属矿物制品业增长 4.1% ，黑色金属冶炼和压延加工业增长 6.3% ，有色金属冶炼和压延加工业增长 9.1% ，通用设备制造业增长 3.1% ，专用设备制造业增长 5.0% ，汽车制造业增长 4.9% ，铁路、船舶、航空航天和其他运输设备制造业增长 3.0% ，电气机械和器材制造业增长 10.7% ，计算机、通信和其他电子设备制造业增长 8.2% ，电力、热力生产和供应业增长 6.7% 。 分地区看， 10 月份，东部地区增加值同比增长 3.6% ，中部地区增长 6.5% ，西部地区增长 5.8% ，东北地区增长 3.2% 。 分产品看， 10 月份， 605 种产品中有 315 种产品同比增长。钢材 10264 万吨，同比增长 3.5% ；水泥 21849 万吨，下降 2.1% ；十种有色金属 497 万吨，增长 4.6% ；乙烯 174 万吨，增长 4.2% ；汽车 227.9 万辆，下降 2.1% ，其中，轿车 89.9 万辆，下降 8.7% ；新能源汽车 8.5 万辆，下降 39.7% ；发电量 5714 亿千瓦时，增长 4.0% ；原油加工量 5784 万吨，增长 9.2% 。 10 月份，工业企业产品销售率为 97.7% ，比上年同期下降 0.5 个百分点。工业企业实现出口交货值 10899 亿元，同比名义下降 3.8% 。 2019 年 10 月份规模以上工业生产主要数据 10 月 1-10 月 绝对量 同比增长 （ % ） 绝对量 同比增长 （ % ） 规模以上工业增加值 … 4.7 … 5.6 分三大门类 采矿业 … 3.9 … 4.5 制造业 … 4.6 … 5.8 其中 : 高技术制造业 … 8.3 … 8.7 电力、热力、燃气及水生产和供应业 … 6.6 … 7.0 分经济类型 其中：国有控股企业 … 4.8 … 4.7 其中：股份制企业 … 5.4 … 6.7 外商及港澳台商投资企业 … 2.1 … 1.5 其中：私营企业 … 5.4 … 7.7 主要行业增加值 农副食品加工业 … -2.7 … 2.4 食品制造业 … 3.4 … 5.4 纺织业 … -1.3 … 1.2 化学原料和化学制品制造业 … 3.0 … 4.0 医药制造业 … 7.1 … 7.0 橡胶和塑料制品业 … 3.9 … 4.8 非金属矿物制品业 … 4.1 … 9.0 黑色金属冶炼和压延加工业 … 6.3 … 9.7 有色金属冶炼和压延加工业 … 9.1 … 9.9 金属制品业 … 3.1 … 5.7 通用设备制造业 … 3.1 … 3.9 专用设备制造业 … 5.0 … 6.9 汽车制造业 … 4.9 … -0.2 铁路、船舶、航空航天和其他运输设备制造业 … 3.0 … 9.8 电气机械和器材制造业 … 10.7 … 10.1 计算机、通信和其他电子设备制造业 … 8.2 … 8.8 电力、热力生产和供应业 … 6.7 … 6.4 主要产品产量 布（亿米） 38 -13.7 400 -2.0 硫酸（折 100 ％）（万吨） 743 -2.9 7437 3.2 烧碱（折 100 ％）（万吨） 284 -3.2 2863 -0.2 乙烯（万吨） 174 4.2 1700 7.0 化学纤维（万吨） 541 16.9 4957 12.8 水泥（万吨） 21849 -2.1 190720 5.8 平板玻璃（万重量箱） 7887 4.0 77620 5.2 生铁（万吨） 6558 -2.7 67518 5.4 粗钢（万吨） 8152 -0.6 82922 7.4 钢材（万吨） 10264 3.5 101034 9.8 十种有色金属（万吨） 497 4.6 4815 4.6 其中：原铝（电解铝）（万吨） 288 -1.8 2924 0.7 金属切削机床（万台） 3 -13.5 35 -16.9 工业机器人（台 / 套） 14369 1.7 151080 -8.8 汽车（万辆） 227.9 -2.1 2029.3 -11.1 其中：轿车（万辆） 89.9 -8.7 821.4 -14.8 运动型多用途乘用车（ SUV ）（万辆） 81.4 2.6 679.6 -10.8 其中：新能源汽车（万辆） 8.5 -39.7 96.1 11.5 发电机组（发电设备）（万千瓦） 734 -21.0 7564 -19.8 微型计算机设备（万台） 3157 9.4 27678 7.8 移动通信手持机（万台） 16096 2.9 141345 -4.8 其中：智能手机（万台） 11547 -1.9 101559 -7.3 集成电路（亿块） 180 23.5 1624 4.0 原煤（万吨） 32487 4.4 306309 4.5 焦炭（万吨） 3878 1.2 39281 5.6 原油（万吨） 1611 0.0 15925 1.1 原油加工量（万吨） 5784 9.2 53710 6.4 天然气（亿立方米） 146 8.2 1423 9.3 发电量（亿千瓦时） 5714 4.0 58742 3.1 火力发电量（亿千瓦时） 3969 5.9 42041 1.1 水力发电量（亿千瓦时） 1074 -4.1 10013 6.5 核能发电量（亿千瓦时） 288 5.4 2826 19.3 风力发电量（亿千瓦时） 286 10.0 2857 5.7 太阳能发电量（亿千瓦时） 97 3.0 1005 14.4 产品销售率（ % ） 97.7 -0.5( 百分点 ) 98.1 -2.4( 百分点 ) 出口交货值（亿元） 10899 -3.8 101139 1.8 附注 1 、指标解释 工业增加值增长速度 : 即工业增长速度，是用来反映一定时期工业生产物量增减变动程度的指标。利用该指标，可以判断短期工业经济的运行走势，判断经济的景气程度，也是制定和调整经济政策，实施宏观调控的重要参考和依据。 产品销售率：是销售产值和工业总产值的比率，用来反映工业产品的产销衔接情况。 出口交货值：是指工业企业自营（委托）出口（包括销往香港、澳门、台湾地区）或交给外贸部门出口的产品价值，以及外商来样、来料加工、来件装配和补偿贸易等生产的产品价值。 日均产品产量：是以当月公布的规模以上工业企业总产量除以该月日历天数计算得到。 2 、统计范围 规模以上工业的统计范围为年主营业务收入 2000 万元及以上的工业企业。 由于规模以上工业企业范围每年发生变化，为保证本年数据与上年可比，计算产品产量等各项指标同比增长速度所采用的同期数与本期的企业统计范围尽可能相一致，和上年公布的数据存在口径差异。主要原因是：（一）统计单位范围发生变化。每年有部分企业达到规模纳入调查范围，也有部分企业因规模变小退出调查范围，还有新建投产企业、破产、注（吊）销企业等影响。（二）部分企业集团（公司）产品产量数据存在跨地区重复统计现象，根据专项调查对企业集团（公司）跨地区重复产量进行了剔重。 3 、调查方法 规模以上工业企业工业生产报表按月进行全面调查（ 1 月份数据免报）。 4 、东、中、西部和东北地区划分 东部地区包括北京、天津、河北、上海、江苏、浙江、福建、山东、广东、海南 10 个省（市）；中部地区包括山西、安徽、江西、河南、湖北、湖南 6 个省；西部地区包括内蒙古、广西、重庆、四川、贵州、云南、西藏、陕西、甘肃、青海、宁夏、新疆 12 个省（市、自治区）；东北地区包括辽宁、吉林、黑龙江 3 个省。 5 、行业分类标准 执行国民经济行业分类标准（ GB/T 4754-2017 ） 。 6 、发布内容调整 以往发布的集体企业数据，是指企业登记注册类型为“集体”的企业，随着现代企业制度的建立，登记为“集体”的企业比重不断下降（ 2018 年集体企业营业收入占全部规模以上工业企业的比重仅为 0.18% ），故从 2019 年起，取消发布集体企业数据。 7 、环比数据修订 根据季节调整模型自动修正结果，对 2018 年 10 月至 2019 年 9 月份规模以上工业增加值环比增速进行修订。修订结果及 2019 年 10 月份环比数据如下： 月份 环比增速（ % ） 2018 年 10 月 0.47 11 月 0.36 12 月 0.48 2019 年 1 月 0.52 2 月 0.45 3 月 0.92 4 月 0.30 5 月 0.43 6 月 0.68 7 月 0.19 8 月 0.34 9 月 0.71 10 月 0.17 [责任编辑:] 相关链接 政府机构网站 地方政府网站 地方统计网站 社会团体网站 国际组织网站 政府机构网站 地方政府网站 地方统计网站 社会团体网站 国际组织网站 中央人民政府门户网站 外交部 国防部 国家发展改革委 教育部 科技部 工业和信息化部 国家民委 公安部 国家安全部 民政部 司法部 财政部 人力资源社会保障部 自然资源部 生态环境部 住房城乡建设部 交通运输部 水利部 农业农村部 商务部 文化和旅游部 国家卫生健康委 退役军人事务部 应急管理部 中国人民银行 审计署 国务院国资委 海关总署 税务总局 市场监管总局 金融监管总局 中国证监会 广电总局 体育总局 国家信访局 国家统计局 国家知识产权局 国家国际发展合作署 国家医保局 国务院参事室 国管局 国务院研究室 国务院侨办 国务院港澳办 国务院台办 国家网信办 国务院新闻办 新华社 中国科学院 中国社科院 中国工程院 国务院发展研究中心 中央广电总台 中国气象局 国家粮食和物资储备局 国家能源局 国家国防科工局 国家烟草局 国家移民局 国家林草局 国家铁路局 中国民航局 国家邮政局 国家文物局 国家中医药局 国家疾控局 国家矿山安监局 国家消防救援局 国家外汇局 国家药监局 北京 天津 河北 山西 内蒙古 辽宁 吉林 黑龙江 上海 江苏 浙江 安徽 福建 江西 山东 河南 湖北 湖南 广东 广西 海南 重庆 四川 贵州 云南 西藏 陕西 甘肃 青海 宁夏 新疆 兵团 北京局 天津局 河北局 山西局 内蒙古局 辽宁局 吉林局 黑龙江局 上海局 江苏局 浙江局 安徽局 福建局 江西局 山东局 河南局 湖北局 湖南局 广东局 广西局 海南局 重庆局 四川局 贵州局 云南局 西藏局 陕西局 甘肃局 青海局 宁夏局 新疆局 兵团局 天津总队 山西总队 江苏总队 浙江总队 安徽总队 河南总队 湖南总队 广东总队 云南总队 陕西总队 新疆总队 兵团总队 中国统计学会 联合国 联合国经济和社会事务部 联合国统计司 世贸组织 粮农组织 劳工组织 基金组织 工发组织 教科文组织 世卫组织 世界银行 欧盟 经合组织 联合国开发署 联合国人口基金 联合国环境署 联合国儿童基金 世界粮食计划署 国际组织网站 版权所有: 国家统计局 联系我们 服务条款 网站地图 地址: 北京市西城区月坛南街57号 (100826) 京ICP备05034670号-2 京公网安备 11040102700142号 网站标识码bm36000002 中央人民政府门户网站 外交部 国防部 国家发展改革委 教育部 科技部 工业和信息化部 国家民委 公安部 国家安全部 民政部 司法部 财政部 人力资源社会保障部 自然资源部 生态环境部 住房城乡建设部 交通运输部 水利部 农业农村部 商务部 文化和旅游部 国家卫生健康委 退役军人事务部 应急管理部 中国人民银行 审计署 国务院国资委 海关总署 税务总局 市场监管总局 金融监管总局 中国证监会 广电总局 体育总局 国家信访局 国家统计局 国家知识产权局 国家国际发展合作署 国家医保局 国务院参事室 国管局 国务院研究室 国务院侨办 国务院港澳办 国务院台办 国家网信办 国务院新闻办 新华社 中国科学院 中国社科院 中国工程院 国务院发展研究中心 中央广电总台 中国气象局 国家粮食和物资储备局 国家能源局 国家国防科工局 国家烟草局 国家移民局 国家林草局 国家铁路局 中国民航局 国家邮政局 国家文物局 国家中医药局 国家疾控局 国家矿山安监局 国家消防救援局 国家外汇局 国家药监局 北京 天津 河北 山西 内蒙古 辽宁 吉林 黑龙江 上海 江苏 浙江 安徽 福建 江西 山东 河南 湖北 湖南 广东 广西 海南 重庆 四川 贵州 云南 西藏 陕西 甘肃 青海 宁夏 新疆 兵团 北京局 天津局 河北局 山西局 内蒙古局 辽宁局 吉林局 黑龙江局 上海局 江苏局 浙江局 安徽局 福建局 江西局 山东局 河南局 湖北局 湖南局 广东局 广西局 海南局 重庆局 四川局 贵州局 云南局 西藏局 陕西局 甘肃局 青海局 宁夏局 新疆局 兵团局 天津总队 山西总队 江苏总队 浙江总队 安徽总队 河南总队 湖南总队 广东总队 云南总队 陕西总队 新疆总队 兵团总队 中国统计学会 联合国 联合国经济和社会事务部 联合国统计司 世贸组织 粮农组织 劳工组织 基金组织 工发组织 教科文组织 世卫组织 世界银行 欧盟 经合组织 联合国开发署 联合国人口基金 联合国环境署 联合国儿童基金 世界粮食计划署 国际组织网站,https://www.stats.gov.cn/sj/zxfb/202302/t20230203_1900513.html,27356ce1e2a4a8cfdd6da0265e727dd92e5d49cdcdc20484ccb16f6dd2f41e78
HR-043,HIST-NBS-050,国家统计局,2020-05-15 23:59:59,2020年4月份规模以上工业增加值增长3.9%,2020年4月份规模以上工业增加值增长3.9% - 国家统计局 EN 搜索 首页 机构 新闻 时政要闻 统计新闻 数据 公开 服务 互动 知识 专题 2020年4月份规模以上工业增加值增长3.9% 2020/05/15 10:00 | Aa 字体： 小 中 大 | 分享到： 4 月份，规模以上工业增加值同比实际增长 3.9% （以下增加值增速均为扣除价格因素的实际增长率），上月为下降 1.1% 。从环比看， 4 月份，规模以上工业增加值比上月增长 2.27% 。 1 — 4 月份，规模以上工业增加值同比下降 4.9% 。 分三大门类看， 4 月份，采矿业增加值同比增长 0.3% ，增速比上月回落 3.9 个百分点；制造业增长 5.0% ，上月为下降 1.8% ；电力、热力、燃气及水生产和供应业增长 0.2% ，上月为下降 1.6% 。 分经济类型看， 4 月份，国有控股企业增加值同比增长 0.5% ；股份制企业增长 4.0% ，外商及港澳台商投资企业增长 3.9% ；私营企业增长 7.0% 。 分行业看， 4 月份， 41 个大类行业中有 28 个行业增加值保持同比增长。农副食品加工业增长 3.0% ，纺织业增长 2.0% ，化学原料和化学制品制造业增长 3.2% ，非金属矿物制品业增长 4.2% ，黑色金属冶炼和压延加工业增长 4.6% ，有色金属冶炼和压延加工业增长 6.9% ，通用设备制造业增长 7.5% ，专用设备制造业增长 14.3% ，汽车制造业增长 5.8% ，铁路、船舶、航空航天和其他运输设备制造业增长 5.7% ，电气机械和器材制造业增长 9.0% ，计算机、通信和其他电子设备制造业增长 11.8% ，电力、热力生产和供应业下降 0.2% 。 分地区看， 4 月份，东部地区增加值同比增长 5.3% ，中部地区增长 4.5% ，西部地区增长 5.1% ，东北地区增长 2.8% 。 分产品看， 4 月份， 612 种产品中有 367 种产品同比增长。钢材 10701 万吨，同比增长 3.6% ；水泥 22347 万吨，增长 3.8% ；十种有色金属 493 万吨，增长 3.8% ；乙烯 168 万吨，下降 1.4% ；汽车 210.0 万辆，增长 5.1% ，其中，新能源汽车 7.7 万辆，下降 17.2% ；发电量 5543 亿千瓦时，增长 0.3% ；原油加工量 5385 万吨，增长 0.8% 。 4 月份，工业企业产品销售率为 98.0% ，比上年同月提高 0.8 个百分点；工业企业实现出口交货值 9790 亿元，同比名义增长 1.1% 。 2020 年 4 月份规模以上工业生产主要数据 4 月 1-4 月 绝对量 同比增长 （ % ） 绝对量 同比增长 （ % ） 规模以上工业增加值 … 3.9 … -4.9 分三大门类 采矿业 … 0.3 … -0.8 制造业 … 5.0 … -5.4 其中：高技术制造业 … 10.5 … 0.5 电力、热力、燃气及水生产和供应业 … 0.2 … -3.9 分经济类型 其中：国有控股企业 … 0.5 … -4.2 其中：股份制企业 … 4.0 … -4.9 外商及港澳台商投资企业 … 3.9 … -8.9 其中：私营企业 … 7.0 … -5.6 主要行业增加值 农副食品加工业 … 3.0 … -7.0 食品制造业 … 7.5 … -3.3 纺织业 … 2.0 … -10.6 化学原料和化学制品制造业 … 3.2 … -3.9 医药制造业 … 4.8 … 0.0 橡胶和塑料制品业 … 5.2 … -9.4 非金属矿物制品业 … 4.2 … -7.6 黑色金属冶炼和压延加工业 … 4.6 … 1.7 有色金属冶炼和压延加工业 … 6.9 … -0.6 金属制品业 … 8.9 … -7.3 通用设备制造业 … 7.5 … -9.0 专用设备制造业 … 14.3 … -4.2 汽车制造业 … 5.8 … -15.0 铁路、船舶、航空航天和其他运输设备制造业 … 5.7 … -7.3 电气机械和器材制造业 … 9.0 … -5.8 计算机、通信和其他电子设备制造业 … 11.8 … 1.8 电力、热力生产和供应业 … -0.2 … -3.9 主要产品产量 布（亿米） 32 -21.8 105 -29.1 硫酸（折 100 ％）（万吨） 719 8.6 2586 -6.3 烧碱（折 100 ％）（万吨） 286 -3.4 1109 -5.6 乙烯（万吨） 168 -1.4 683 0.7 化学纤维（万吨） 519 2.7 1753 -5.0 水泥（万吨） 22347 3.8 52095 -14.4 平板玻璃（万重量箱） 7480 -6.8 30441 -0.3 生铁（万吨） 7202 -1.2 27799 1.3 粗钢（万吨） 8503 0.2 31946 1.3 钢材（万吨） 10701 3.6 37439 -0.2 十种有色金属（万吨） 493 3.8 1912 2.6 其中：原铝（电解铝）（万吨） 297 1.5 1183 2.4 金属切削机床（万台） 4 11.4 11 -19.9 工业机器人（台 / 套） 19257 26.6 54602 4.0 汽车（万辆） 210.0 5.1 557.3 -32.3 其中：轿车（万辆） 78.2 -2.0 207.6 -36.8 运动型多用途乘用车（ SUV ）（万辆） 68.8 12.4 190.4 -28.6 其中：新能源汽车（万辆） 7.7 -17.2 20.1 -43.9 发电机组（发电设备）（万千瓦） 888 48.0 2764 5.7 微型计算机设备（万台） 3105 26.2 8710 -6.5 移动通信手持机（万台） 10864 -15.2 36177 -18.2 其中：智能手机（万台） 8677 -2.0 27452 -11.1 集成电路（亿块） 220 29.2 722 20.6 原煤（万吨） 32212 6.0 115244 1.3 焦炭（万吨） 3855 -1.3 14835 -2.9 原油（万吨） 1587 0.9 6444 2.0 原油加工量（万吨） 5385 0.8 20348 -3.4 天然气（亿立方米） 161 14.3 644 10.3 发电量（亿千瓦时） 5543 0.3 21388 -5.0 火力发电量（亿千瓦时） 3979 1.2 15758 -5.9 水力发电量（亿千瓦时） 757 -9.2 2720 -9.4 核能发电量（亿千瓦时） 308 10.7 1087 3.7 风力发电量（亿千瓦时） 364 1.2 1383 4.4 太阳能发电量（亿千瓦时） 135 12.3 441 10.1 产品销售率（ % ） 98.0 0.8( 百分点 ) 96.8 -1.3( 百分点 ) 出口交货值（亿元） 9790 1.1 33892 -7.5 附注 1 、指标解释 工业增加值增长速度 : 即工业增长速度，是用来反映一定时期工业生产物量增减变动程度的指标。利用该指标，可以判断短期工业经济的运行走势，判断经济的景气程度，也是制定和调整经济政策，实施宏观调控的重要参考和依据。 产品销售率：是销售产值和工业总产值的比率，用来反映工业产品的产销衔接情况。 出口交货值：是指工业企业自营（委托）出口（包括销往香港、澳门、台湾地区）或交给外贸部门出口的产品价值，以及外商来样、来料加工、来件装配和补偿贸易等生产的产品价值。 日均产品产量：是以当月公布的规模以上工业企业总产量除以该月日历天数计算得到。 2 、统计范围 规模以上工业的统计范围为年主营业务收入 2000 万元及以上的工业企业。 由于规模以上工业企业范围每年发生变化，为保证本年数据与上年可比，计算产品产量等各项指标同比增长速度所采用的同期数与本期的企业统计范围尽可能相一致，和上年公布的数据存在口径差异。主要原因是：（一）统计单位范围发生变化。每年有部分企业达到规模纳入调查范围，也有部分企业因规模变小退出调查范围，还有新建投产企业、破产、注（吊）销企业等影响。（二）部分企业集团（公司）产品产量数据存在跨地区重复统计现象，根据专项调查对企业集团（公司）跨地区重复产量进行了剔重。 3 、调查方法 规模以上工业企业工业生产报表按月进行全面调查（ 1 月份数据免报）。 4 、东、中、西部和东北地区划分 东部地区包括北京、天津、河北、上海、江苏、浙江、福建、山东、广东、海南 10 个省（市）；中部地区包括山西、安徽、江西、河南、湖北、湖南 6 个省；西部地区包括内蒙古、广西、重庆、四川、贵州、云南、西藏、陕西、甘肃、青海、宁夏、新疆 12 个省（市、自治区）；东北地区包括辽宁、吉林、黑龙江 3 个省。 5 、行业分类标准 执行国民经济行业分类标准（ GB/T 4754-2017 ） 。 6 、环比数据修订 根据季节调整模型自动修正结果，对 2019 年 4 月至 2020 年 3 月份规模以上工业增加值环比增速进行修订。修订结果及 2020 年 4 月份环比数据如下： 月份 环比增速（ % ） 2019 年 4 月 0.25 5 月 0.50 6 月 0.61 7 月 0.29 8 月 0.38 9 月 0.67 10 月 0.39 11 月 0.74 12 月 0.61 2020 年 1 月 -2.77 2 月 -24.27 3 月 33.04 4 月 2.27 4 月份，规模以上工业增加值同比实际增长 3.9% （以下增加值增速均为扣除价格因素的实际增长率），上月为下降 1.1% 。从环比看， 4 月份，规模以上工业增加值比上月增长 2.27% 。 1 — 4 月份，规模以上工业增加值同比下降 4.9% 。 分三大门类看， 4 月份，采矿业增加值同比增长 0.3% ，增速比上月回落 3.9 个百分点；制造业增长 5.0% ，上月为下降 1.8% ；电力、热力、燃气及水生产和供应业增长 0.2% ，上月为下降 1.6% 。 分经济类型看， 4 月份，国有控股企业增加值同比增长 0.5% ；股份制企业增长 4.0% ，外商及港澳台商投资企业增长 3.9% ；私营企业增长 7.0% 。 分行业看， 4 月份， 41 个大类行业中有 28 个行业增加值保持同比增长。农副食品加工业增长 3.0% ，纺织业增长 2.0% ，化学原料和化学制品制造业增长 3.2% ，非金属矿物制品业增长 4.2% ，黑色金属冶炼和压延加工业增长 4.6% ，有色金属冶炼和压延加工业增长 6.9% ，通用设备制造业增长 7.5% ，专用设备制造业增长 14.3% ，汽车制造业增长 5.8% ，铁路、船舶、航空航天和其他运输设备制造业增长 5.7% ，电气机械和器材制造业增长 9.0% ，计算机、通信和其他电子设备制造业增长 11.8% ，电力、热力生产和供应业下降 0.2% 。 分地区看， 4 月份，东部地区增加值同比增长 5.3% ，中部地区增长 4.5% ，西部地区增长 5.1% ，东北地区增长 2.8% 。 分产品看， 4 月份， 612 种产品中有 367 种产品同比增长。钢材 10701 万吨，同比增长 3.6% ；水泥 22347 万吨，增长 3.8% ；十种有色金属 493 万吨，增长 3.8% ；乙烯 168 万吨，下降 1.4% ；汽车 210.0 万辆，增长 5.1% ，其中，新能源汽车 7.7 万辆，下降 17.2% ；发电量 5543 亿千瓦时，增长 0.3% ；原油加工量 5385 万吨，增长 0.8% 。 4 月份，工业企业产品销售率为 98.0% ，比上年同月提高 0.8 个百分点；工业企业实现出口交货值 9790 亿元，同比名义增长 1.1% 。 2020 年 4 月份规模以上工业生产主要数据 4 月 1-4 月 绝对量 同比增长 （ % ） 绝对量 同比增长 （ % ） 规模以上工业增加值 … 3.9 … -4.9 分三大门类 采矿业 … 0.3 … -0.8 制造业 … 5.0 … -5.4 其中：高技术制造业 … 10.5 … 0.5 电力、热力、燃气及水生产和供应业 … 0.2 … -3.9 分经济类型 其中：国有控股企业 … 0.5 … -4.2 其中：股份制企业 … 4.0 … -4.9 外商及港澳台商投资企业 … 3.9 … -8.9 其中：私营企业 … 7.0 … -5.6 主要行业增加值 农副食品加工业 … 3.0 … -7.0 食品制造业 … 7.5 … -3.3 纺织业 … 2.0 … -10.6 化学原料和化学制品制造业 … 3.2 … -3.9 医药制造业 … 4.8 … 0.0 橡胶和塑料制品业 … 5.2 … -9.4 非金属矿物制品业 … 4.2 … -7.6 黑色金属冶炼和压延加工业 … 4.6 … 1.7 有色金属冶炼和压延加工业 … 6.9 … -0.6 金属制品业 … 8.9 … -7.3 通用设备制造业 … 7.5 … -9.0 专用设备制造业 … 14.3 … -4.2 汽车制造业 … 5.8 … -15.0 铁路、船舶、航空航天和其他运输设备制造业 … 5.7 … -7.3 电气机械和器材制造业 … 9.0 … -5.8 计算机、通信和其他电子设备制造业 … 11.8 … 1.8 电力、热力生产和供应业 … -0.2 … -3.9 主要产品产量 布（亿米） 32 -21.8 105 -29.1 硫酸（折 100 ％）（万吨） 719 8.6 2586 -6.3 烧碱（折 100 ％）（万吨） 286 -3.4 1109 -5.6 乙烯（万吨） 168 -1.4 683 0.7 化学纤维（万吨） 519 2.7 1753 -5.0 水泥（万吨） 22347 3.8 52095 -14.4 平板玻璃（万重量箱） 7480 -6.8 30441 -0.3 生铁（万吨） 7202 -1.2 27799 1.3 粗钢（万吨） 8503 0.2 31946 1.3 钢材（万吨） 10701 3.6 37439 -0.2 十种有色金属（万吨） 493 3.8 1912 2.6 其中：原铝（电解铝）（万吨） 297 1.5 1183 2.4 金属切削机床（万台） 4 11.4 11 -19.9 工业机器人（台 / 套） 19257 26.6 54602 4.0 汽车（万辆） 210.0 5.1 557.3 -32.3 其中：轿车（万辆） 78.2 -2.0 207.6 -36.8 运动型多用途乘用车（ SUV ）（万辆） 68.8 12.4 190.4 -28.6 其中：新能源汽车（万辆） 7.7 -17.2 20.1 -43.9 发电机组（发电设备）（万千瓦） 888 48.0 2764 5.7 微型计算机设备（万台） 3105 26.2 8710 -6.5 移动通信手持机（万台） 10864 -15.2 36177 -18.2 其中：智能手机（万台） 8677 -2.0 27452 -11.1 集成电路（亿块） 220 29.2 722 20.6 原煤（万吨） 32212 6.0 115244 1.3 焦炭（万吨） 3855 -1.3 14835 -2.9 原油（万吨） 1587 0.9 6444 2.0 原油加工量（万吨） 5385 0.8 20348 -3.4 天然气（亿立方米） 161 14.3 644 10.3 发电量（亿千瓦时） 5543 0.3 21388 -5.0 火力发电量（亿千瓦时） 3979 1.2 15758 -5.9 水力发电量（亿千瓦时） 757 -9.2 2720 -9.4 核能发电量（亿千瓦时） 308 10.7 1087 3.7 风力发电量（亿千瓦时） 364 1.2 1383 4.4 太阳能发电量（亿千瓦时） 135 12.3 441 10.1 产品销售率（ % ） 98.0 0.8( 百分点 ) 96.8 -1.3( 百分点 ) 出口交货值（亿元） 9790 1.1 33892 -7.5 附注 1 、指标解释 工业增加值增长速度 : 即工业增长速度，是用来反映一定时期工业生产物量增减变动程度的指标。利用该指标，可以判断短期工业经济的运行走势，判断经济的景气程度，也是制定和调整经济政策，实施宏观调控的重要参考和依据。 产品销售率：是销售产值和工业总产值的比率，用来反映工业产品的产销衔接情况。 出口交货值：是指工业企业自营（委托）出口（包括销往香港、澳门、台湾地区）或交给外贸部门出口的产品价值，以及外商来样、来料加工、来件装配和补偿贸易等生产的产品价值。 日均产品产量：是以当月公布的规模以上工业企业总产量除以该月日历天数计算得到。 2 、统计范围 规模以上工业的统计范围为年主营业务收入 2000 万元及以上的工业企业。 由于规模以上工业企业范围每年发生变化，为保证本年数据与上年可比，计算产品产量等各项指标同比增长速度所采用的同期数与本期的企业统计范围尽可能相一致，和上年公布的数据存在口径差异。主要原因是：（一）统计单位范围发生变化。每年有部分企业达到规模纳入调查范围，也有部分企业因规模变小退出调查范围，还有新建投产企业、破产、注（吊）销企业等影响。（二）部分企业集团（公司）产品产量数据存在跨地区重复统计现象，根据专项调查对企业集团（公司）跨地区重复产量进行了剔重。 3 、调查方法 规模以上工业企业工业生产报表按月进行全面调查（ 1 月份数据免报）。 4 、东、中、西部和东北地区划分 东部地区包括北京、天津、河北、上海、江苏、浙江、福建、山东、广东、海南 10 个省（市）；中部地区包括山西、安徽、江西、河南、湖北、湖南 6 个省；西部地区包括内蒙古、广西、重庆、四川、贵州、云南、西藏、陕西、甘肃、青海、宁夏、新疆 12 个省（市、自治区）；东北地区包括辽宁、吉林、黑龙江 3 个省。 5 、行业分类标准 执行国民经济行业分类标准（ GB/T 4754-2017 ） 。 6 、环比数据修订 根据季节调整模型自动修正结果，对 2019 年 4 月至 2020 年 3 月份规模以上工业增加值环比增速进行修订。修订结果及 2020 年 4 月份环比数据如下： 月份 环比增速（ % ） 2019 年 4 月 0.25 5 月 0.50 6 月 0.61 7 月 0.29 8 月 0.38 9 月 0.67 10 月 0.39 11 月 0.74 12 月 0.61 2020 年 1 月 -2.77 2 月 -24.27 3 月 33.04 4 月 2.27 [责任编辑:] 相关链接 政府机构网站 地方政府网站 地方统计网站 社会团体网站 国际组织网站 政府机构网站 地方政府网站 地方统计网站 社会团体网站 国际组织网站 中央人民政府门户网站 外交部 国防部 国家发展改革委 教育部 科技部 工业和信息化部 国家民委 公安部 国家安全部 民政部 司法部 财政部 人力资源社会保障部 自然资源部 生态环境部 住房城乡建设部 交通运输部 水利部 农业农村部 商务部 文化和旅游部 国家卫生健康委 退役军人事务部 应急管理部 中国人民银行 审计署 国务院国资委 海关总署 税务总局 市场监管总局 金融监管总局 中国证监会 广电总局 体育总局 国家信访局 国家统计局 国家知识产权局 国家国际发展合作署 国家医保局 国务院参事室 国管局 国务院研究室 国务院侨办 国务院港澳办 国务院台办 国家网信办 国务院新闻办 新华社 中国科学院 中国社科院 中国工程院 国务院发展研究中心 中央广电总台 中国气象局 国家粮食和物资储备局 国家能源局 国家国防科工局 国家烟草局 国家移民局 国家林草局 国家铁路局 中国民航局 国家邮政局 国家文物局 国家中医药局 国家疾控局 国家矿山安监局 国家消防救援局 国家外汇局 国家药监局 北京 天津 河北 山西 内蒙古 辽宁 吉林 黑龙江 上海 江苏 浙江 安徽 福建 江西 山东 河南 湖北 湖南 广东 广西 海南 重庆 四川 贵州 云南 西藏 陕西 甘肃 青海 宁夏 新疆 兵团 北京局 天津局 河北局 山西局 内蒙古局 辽宁局 吉林局 黑龙江局 上海局 江苏局 浙江局 安徽局 福建局 江西局 山东局 河南局 湖北局 湖南局 广东局 广西局 海南局 重庆局 四川局 贵州局 云南局 西藏局 陕西局 甘肃局 青海局 宁夏局 新疆局 兵团局 天津总队 山西总队 江苏总队 浙江总队 安徽总队 河南总队 湖南总队 广东总队 云南总队 陕西总队 新疆总队 兵团总队 中国统计学会 联合国 联合国经济和社会事务部 联合国统计司 世贸组织 粮农组织 劳工组织 基金组织 工发组织 教科文组织 世卫组织 世界银行 欧盟 经合组织 联合国开发署 联合国人口基金 联合国环境署 联合国儿童基金 世界粮食计划署 国际组织网站 版权所有: 国家统计局 联系我们 服务条款 网站地图 地址: 北京市西城区月坛南街57号 (100826) 京ICP备05034670号-2 京公网安备 11040102700142号 网站标识码bm36000002 中央人民政府门户网站 外交部 国防部 国家发展改革委 教育部 科技部 工业和信息化部 国家民委 公安部 国家安全部 民政部 司法部 财政部 人力资源社会保障部 自然资源部 生态环境部 住房城乡建设部 交通运输部 水利部 农业农村部 商务部 文化和旅游部 国家卫生健康委 退役军人事务部 应急管理部 中国人民银行 审计署 国务院国资委 海关总署 税务总局 市场监管总局 金融监管总局 中国证监会 广电总局 体育总局 国家信访局 国家统计局 国家知识产权局 国家国际发展合作署 国家医保局 国务院参事室 国管局 国务院研究室 国务院侨办 国务院港澳办 国务院台办 国家网信办 国务院新闻办 新华社 中国科学院 中国社科院 中国工程院 国务院发展研究中心 中央广电总台 中国气象局 国家粮食和物资储备局 国家能源局 国家国防科工局 国家烟草局 国家移民局 国家林草局 国家铁路局 中国民航局 国家邮政局 国家文物局 国家中医药局 国家疾控局 国家矿山安监局 国家消防救援局 国家外汇局 国家药监局 北京 天津 河北 山西 内蒙古 辽宁 吉林 黑龙江 上海 江苏 浙江 安徽 福建 江西 山东 河南 湖北 湖南 广东 广西 海南 重庆 四川 贵州 云南 西藏 陕西 甘肃 青海 宁夏 新疆 兵团 北京局 天津局 河北局 山西局 内蒙古局 辽宁局 吉林局 黑龙江局 上海局 江苏局 浙江局 安徽局 福建局 江西局 山东局 河南局 湖北局 湖南局 广东局 广西局 海南局 重庆局 四川局 贵州局 云南局 西藏局 陕西局 甘肃局 青海局 宁夏局 新疆局 兵团局 天津总队 山西总队 江苏总队 浙江总队 安徽总队 河南总队 湖南总队 广东总队 云南总队 陕西总队 新疆总队 兵团总队 中国统计学会 联合国 联合国经济和社会事务部 联合国统计司 世贸组织 粮农组织 劳工组织 基金组织 工发组织 教科文组织 世卫组织 世界银行 欧盟 经合组织 联合国开发署 联合国人口基金 联合国环境署 联合国儿童基金 世界粮食计划署 国际组织网站,https://www.stats.gov.cn/sj/zxfb/202302/t20230203_1900719.html,500230a49c6731b6153169e8dc46dd044208ca1500d366caedf42cbf81e5c579
HR-044,HIST-NBS-052,国家统计局,2020-08-14 23:59:59,2020年7月份规模以上工业增加值增长4.8%,2020年7月份规模以上工业增加值增长4.8% - 国家统计局 EN 搜索 首页 机构 新闻 时政要闻 统计新闻 数据 公开 服务 互动 知识 专题 2020年7月份规模以上工业增加值增长4.8% 2020/08/14 10:00 | Aa 字体： 小 中 大 | 分享到： 7 月份，规模以上工业增加值同比实际增长 4.8% （以下增加值增速均为扣除价格因素的实际增长率），增速与 6 月份持平。从环比看， 7 月份，规模以上工业增加值比上月增长 0.98% 。 1 — 7 月份，规模以上工业增加值同比下降 0.4% 。 分三大门类看， 7 月份，采矿业增加值同比下降 2.6% ，上月为增长 1.7% ；制造业增长 6.0% ，增速加快 0.9 个百分点；电力、热力、燃气及水生产和供应业增长 1.7% ，增速回落 3.8 个百分点。 分经济类型看， 7 月份，国有控股企业增加值同比增长 4.1% ；股份制企业增长 4.2% ，外商及港澳台商投资企业增长 7.6% ；私营企业增长 4.2% 。 分行业看， 7 月份， 41 个大类行业中有 25 个行业增加值保持同比增长。农副食品加工业下降 2.2% ，纺织业增长 0.7% ，化学原料和化学制品制造业增长 4.7% ，非金属矿物制品业增长 3.1% ，黑色金属冶炼和压延加工业增长 7.9% ，有色金属冶炼和压延加工业增长 2.6% ，通用设备制造业增长 9.6% ，专用设备制造业增长 10.2% ，汽车制造业增长 21.6% ，铁路、船舶、航空航天和其他运输设备制造业下降 1.4% ，电气机械和器材制造业增长 15.6% ，计算机、通信和其他电子设备制造业增长 11.8% ，电力、热力生产和供应业增长 1.7% 。 分地区看， 7 月份，东部地区增加值同比增长 6.8% ，中部地区增长 3.0% ，西部地区增长 3.2% ，东北地区增长 3.8% 。 分产品看， 7 月份， 612 种产品中有 369 种产品同比增长。钢材 11689 万吨，同比增长 9.9% ；水泥 21793 万吨，增长 3.6% ；十种有色金属 508 万吨，增长 3.3% ；乙烯 174 万吨，增长 3.0% ；汽车 225.8 万辆，增长 26.8% ，其中，新能源汽车 10.8 万辆，增长 36.7% ；发电量 6801 亿千瓦时，增长 1.9% ；原油加工量 5956 万吨，增长 12.4% 。 7 月份，工业企业产品销售率为 98.4% ，与上年同月持平；工业企业实现出口交货值 10399 亿元，同比名义增长 1.6% 。 2020 年 7 月份规模以上工业生产主要数据 7 月 1-7 月 绝对量 同比增长 （ % ） 绝对量 同比增长 （ % ） 规模以上工业增加值 … 4.8 … -0.4 分三大门类 采矿业 … -2.6 … -1.3 制造业 … 6.0 … 0.1 其中：高技术制造业 … 9.8 … 5.3 电力、热力、燃气及水生产和供应业 … 1.7 … -0.5 分经济类型 其中：国有控股企业 … 4.1 … -0.7 其中：股份制企业 … 4.2 … 0.0 外商及港澳台商投资企业 … 7.6 … -1.6 其中：私营企业 … 4.2 … 0.6 主要行业增加值 农副食品加工业 … -2.2 … -4.4 食品制造业 … 1.8 … -0.1 纺织业 … 0.7 … -3.7 化学原料和化学制品制造业 … 4.7 … -0.1 医药制造业 … 3.3 … 2.1 橡胶和塑料制品业 … 3.8 … -3.0 非金属矿物制品业 … 3.1 … -1.3 黑色金属冶炼和压延加工业 … 7.9 … 4.2 有色金属冶炼和压延加工业 … 2.6 … 1.3 金属制品业 … 7.8 … -1.2 通用设备制造业 … 9.6 … -0.3 专用设备制造业 … 10.2 … 4.1 汽车制造业 … 21.6 … 1.1 铁路、船舶、航空航天和其他运输设备制造业 … -1.4 … -3.3 电气机械和器材制造业 … 15.6 … 2.5 计算机、通信和其他电子设备制造业 … 11.8 … 6.7 电力、热力生产和供应业 … 1.7 … -0.3 主要产品产量 布（亿米） 33 -18.8 201 -24.4 硫酸（折 100 ％）（万吨） 691 -0.5 4674 -5.4 烧碱（折 100 ％）（万吨） 304 9.4 2002 -0.7 乙烯（万吨） 174 3.0 1181 -1.0 化学纤维（万吨） 525 2.5 3310 -2.4 水泥（万吨） 21793 3.6 121782 -3.5 平板玻璃（万重量箱） 7830 0.6 54034 -0.3 生铁（万吨） 7818 8.8 51086 3.2 粗钢（万吨） 9336 9.1 59317 2.8 钢材（万吨） 11689 9.9 72395 3.7 十种有色金属（万吨） 508 3.3 3460 3.1 其中：原铝（电解铝）（万吨） 310 3.1 2113 2.5 金属切削机床（万台） 4 14.7 24 -9.1 工业机器人（套） 21170 19.4 115976 10.4 汽车（万辆） 225.8 26.8 1254.5 -9.7 其中：轿车（万辆） 82.5 10.6 451.3 -19.0 运动型多用途乘用车（ SUV ）（万辆） 71.2 20.1 400.2 -8.2 其中：新能源汽车（万辆） 10.8 36.7 51.0 -29.8 发电机组（发电设备）（万千瓦） 1065 44.7 6668 18.9 微型计算机设备（万台） 3289 17.8 18661 4.1 移动通信手持机（万台） 12226 0.8 72002 -10.7 其中：智能手机（万台） 9454 19.2 55499 2.2 集成电路（亿块） 222 9.0 1390 12.7 原煤（万吨） 31794 -3.7 212282 -0.1 焦炭（万吨） 3997 0.3 26895 -2.0 原油（万吨） 1646 0.6 11350 1.4 原油加工量（万吨） 5956 12.4 37865 2.3 天然气（亿立方米） 142 4.8 1083 9.5 发电量（亿千瓦时） 6801 1.9 40451 -0.9 火力发电量（亿千瓦时） 4600 -0.7 28957 -1.5 水力发电量（亿千瓦时） 1463 6.1 6217 -4.7 核能发电量（亿千瓦时） 334 6.7 2050 7.1 风力发电量（亿千瓦时） 283 23.2 2406 8.5 太阳能发电量（亿千瓦时） 122 -0.6 821 7.5 产品销售率（ % ） 98.4 0.0( 百分点 ) 97.5 -0.5( 百分点 ) 出口交货值（亿元） 10399 1.6 64720 -4.0 附注 1 、指标解释 工业增加值增长速度 : 即工业增长速度，是用来反映一定时期工业生产物量增减变动程度的指标。利用该指标，可以判断短期工业经济的运行走势，判断经济的景气程度，也是制定和调整经济政策，实施宏观调控的重要参考和依据。 产品销售率：是销售产值和工业总产值的比率，用来反映工业产品的产销衔接情况。 出口交货值：是指工业企业自营（委托）出口（包括销往香港、澳门、台湾地区）或交给外贸部门出口的产品价值，以及外商来样、来料加工、来件装配和补偿贸易等生产的产品价值。 日均产品产量：是以当月公布的规模以上工业企业总产量除以该月日历天数计算得到。 2 、统计范围 规模以上工业的统计范围为年主营业务收入 2000 万元及以上的工业企业。 由于规模以上工业企业范围每年发生变化，为保证本年数据与上年可比，计算产品产量等各项指标同比增长速度所采用的同期数与本期的企业统计范围尽可能相一致，和上年公布的数据存在口径差异。主要原因是：（一）统计单位范围发生变化。每年有部分企业达到规模纳入调查范围，也有部分企业因规模变小退出调查范围，还有新建投产企业、破产、注（吊）销企业等影响。（二）部分企业集团（公司）产品产量数据存在跨地区重复统计现象，根据专项调查对企业集团（公司）跨地区重复产量进行了剔重。 3 、调查方法 规模以上工业企业工业生产报表按月进行全面调查（ 1 月份数据免报）。 4 、东、中、西部和东北地区划分 东部地区包括北京、天津、河北、上海、江苏、浙江、福建、山东、广东、海南 10 个省（市）；中部地区包括山西、安徽、江西、河南、湖北、湖南 6 个省；西部地区包括内蒙古、广西、重庆、四川、贵州、云南、西藏、陕西、甘肃、青海、宁夏、新疆 12 个省（市、自治区）；东北地区包括辽宁、吉林、黑龙江 3 个省。 5 、行业分类标准 执行国民经济行业分类标准（ GB/T 4754-2017 ） 。 6 、环比数据修订 根据季节调整模型自动修正结果，对 2019 年 7 月至 2020 年 6 月份规模以上工业增加值环比增速进行修订。修订结果及 2020 年 7 月份环比数据如下： 月份 环比增速（ % ） 2019 年 7 月 0.36 8 月 0.45 9 月 0.72 10 月 0.39 11 月 0.77 12 月 0.61 2020 年 1 月 -2.33 2 月 -24.20 3 月 30.08 4 月 1.95 5 月 1.27 6 月 1.30 7 月 0.98 7 月份，规模以上工业增加值同比实际增长 4.8% （以下增加值增速均为扣除价格因素的实际增长率），增速与 6 月份持平。从环比看， 7 月份，规模以上工业增加值比上月增长 0.98% 。 1 — 7 月份，规模以上工业增加值同比下降 0.4% 。 分三大门类看， 7 月份，采矿业增加值同比下降 2.6% ，上月为增长 1.7% ；制造业增长 6.0% ，增速加快 0.9 个百分点；电力、热力、燃气及水生产和供应业增长 1.7% ，增速回落 3.8 个百分点。 分经济类型看， 7 月份，国有控股企业增加值同比增长 4.1% ；股份制企业增长 4.2% ，外商及港澳台商投资企业增长 7.6% ；私营企业增长 4.2% 。 分行业看， 7 月份， 41 个大类行业中有 25 个行业增加值保持同比增长。农副食品加工业下降 2.2% ，纺织业增长 0.7% ，化学原料和化学制品制造业增长 4.7% ，非金属矿物制品业增长 3.1% ，黑色金属冶炼和压延加工业增长 7.9% ，有色金属冶炼和压延加工业增长 2.6% ，通用设备制造业增长 9.6% ，专用设备制造业增长 10.2% ，汽车制造业增长 21.6% ，铁路、船舶、航空航天和其他运输设备制造业下降 1.4% ，电气机械和器材制造业增长 15.6% ，计算机、通信和其他电子设备制造业增长 11.8% ，电力、热力生产和供应业增长 1.7% 。 分地区看， 7 月份，东部地区增加值同比增长 6.8% ，中部地区增长 3.0% ，西部地区增长 3.2% ，东北地区增长 3.8% 。 分产品看， 7 月份， 612 种产品中有 369 种产品同比增长。钢材 11689 万吨，同比增长 9.9% ；水泥 21793 万吨，增长 3.6% ；十种有色金属 508 万吨，增长 3.3% ；乙烯 174 万吨，增长 3.0% ；汽车 225.8 万辆，增长 26.8% ，其中，新能源汽车 10.8 万辆，增长 36.7% ；发电量 6801 亿千瓦时，增长 1.9% ；原油加工量 5956 万吨，增长 12.4% 。 7 月份，工业企业产品销售率为 98.4% ，与上年同月持平；工业企业实现出口交货值 10399 亿元，同比名义增长 1.6% 。 2020 年 7 月份规模以上工业生产主要数据 7 月 1-7 月 绝对量 同比增长 （ % ） 绝对量 同比增长 （ % ） 规模以上工业增加值 … 4.8 … -0.4 分三大门类 采矿业 … -2.6 … -1.3 制造业 … 6.0 … 0.1 其中：高技术制造业 … 9.8 … 5.3 电力、热力、燃气及水生产和供应业 … 1.7 … -0.5 分经济类型 其中：国有控股企业 … 4.1 … -0.7 其中：股份制企业 … 4.2 … 0.0 外商及港澳台商投资企业 … 7.6 … -1.6 其中：私营企业 … 4.2 … 0.6 主要行业增加值 农副食品加工业 … -2.2 … -4.4 食品制造业 … 1.8 … -0.1 纺织业 … 0.7 … -3.7 化学原料和化学制品制造业 … 4.7 … -0.1 医药制造业 … 3.3 … 2.1 橡胶和塑料制品业 … 3.8 … -3.0 非金属矿物制品业 … 3.1 … -1.3 黑色金属冶炼和压延加工业 … 7.9 … 4.2 有色金属冶炼和压延加工业 … 2.6 … 1.3 金属制品业 … 7.8 … -1.2 通用设备制造业 … 9.6 … -0.3 专用设备制造业 … 10.2 … 4.1 汽车制造业 … 21.6 … 1.1 铁路、船舶、航空航天和其他运输设备制造业 … -1.4 … -3.3 电气机械和器材制造业 … 15.6 … 2.5 计算机、通信和其他电子设备制造业 … 11.8 … 6.7 电力、热力生产和供应业 … 1.7 … -0.3 主要产品产量 布（亿米） 33 -18.8 201 -24.4 硫酸（折 100 ％）（万吨） 691 -0.5 4674 -5.4 烧碱（折 100 ％）（万吨） 304 9.4 2002 -0.7 乙烯（万吨） 174 3.0 1181 -1.0 化学纤维（万吨） 525 2.5 3310 -2.4 水泥（万吨） 21793 3.6 121782 -3.5 平板玻璃（万重量箱） 7830 0.6 54034 -0.3 生铁（万吨） 7818 8.8 51086 3.2 粗钢（万吨） 9336 9.1 59317 2.8 钢材（万吨） 11689 9.9 72395 3.7 十种有色金属（万吨） 508 3.3 3460 3.1 其中：原铝（电解铝）（万吨） 310 3.1 2113 2.5 金属切削机床（万台） 4 14.7 24 -9.1 工业机器人（套） 21170 19.4 115976 10.4 汽车（万辆） 225.8 26.8 1254.5 -9.7 其中：轿车（万辆） 82.5 10.6 451.3 -19.0 运动型多用途乘用车（ SUV ）（万辆） 71.2 20.1 400.2 -8.2 其中：新能源汽车（万辆） 10.8 36.7 51.0 -29.8 发电机组（发电设备）（万千瓦） 1065 44.7 6668 18.9 微型计算机设备（万台） 3289 17.8 18661 4.1 移动通信手持机（万台） 12226 0.8 72002 -10.7 其中：智能手机（万台） 9454 19.2 55499 2.2 集成电路（亿块） 222 9.0 1390 12.7 原煤（万吨） 31794 -3.7 212282 -0.1 焦炭（万吨） 3997 0.3 26895 -2.0 原油（万吨） 1646 0.6 11350 1.4 原油加工量（万吨） 5956 12.4 37865 2.3 天然气（亿立方米） 142 4.8 1083 9.5 发电量（亿千瓦时） 6801 1.9 40451 -0.9 火力发电量（亿千瓦时） 4600 -0.7 28957 -1.5 水力发电量（亿千瓦时） 1463 6.1 6217 -4.7 核能发电量（亿千瓦时） 334 6.7 2050 7.1 风力发电量（亿千瓦时） 283 23.2 2406 8.5 太阳能发电量（亿千瓦时） 122 -0.6 821 7.5 产品销售率（ % ） 98.4 0.0( 百分点 ) 97.5 -0.5( 百分点 ) 出口交货值（亿元） 10399 1.6 64720 -4.0 附注 1 、指标解释 工业增加值增长速度 : 即工业增长速度，是用来反映一定时期工业生产物量增减变动程度的指标。利用该指标，可以判断短期工业经济的运行走势，判断经济的景气程度，也是制定和调整经济政策，实施宏观调控的重要参考和依据。 产品销售率：是销售产值和工业总产值的比率，用来反映工业产品的产销衔接情况。 出口交货值：是指工业企业自营（委托）出口（包括销往香港、澳门、台湾地区）或交给外贸部门出口的产品价值，以及外商来样、来料加工、来件装配和补偿贸易等生产的产品价值。 日均产品产量：是以当月公布的规模以上工业企业总产量除以该月日历天数计算得到。 2 、统计范围 规模以上工业的统计范围为年主营业务收入 2000 万元及以上的工业企业。 由于规模以上工业企业范围每年发生变化，为保证本年数据与上年可比，计算产品产量等各项指标同比增长速度所采用的同期数与本期的企业统计范围尽可能相一致，和上年公布的数据存在口径差异。主要原因是：（一）统计单位范围发生变化。每年有部分企业达到规模纳入调查范围，也有部分企业因规模变小退出调查范围，还有新建投产企业、破产、注（吊）销企业等影响。（二）部分企业集团（公司）产品产量数据存在跨地区重复统计现象，根据专项调查对企业集团（公司）跨地区重复产量进行了剔重。 3 、调查方法 规模以上工业企业工业生产报表按月进行全面调查（ 1 月份数据免报）。 4 、东、中、西部和东北地区划分 东部地区包括北京、天津、河北、上海、江苏、浙江、福建、山东、广东、海南 10 个省（市）；中部地区包括山西、安徽、江西、河南、湖北、湖南 6 个省；西部地区包括内蒙古、广西、重庆、四川、贵州、云南、西藏、陕西、甘肃、青海、宁夏、新疆 12 个省（市、自治区）；东北地区包括辽宁、吉林、黑龙江 3 个省。 5 、行业分类标准 执行国民经济行业分类标准（ GB/T 4754-2017 ） 。 6 、环比数据修订 根据季节调整模型自动修正结果，对 2019 年 7 月至 2020 年 6 月份规模以上工业增加值环比增速进行修订。修订结果及 2020 年 7 月份环比数据如下： 月份 环比增速（ % ） 2019 年 7 月 0.36 8 月 0.45 9 月 0.72 10 月 0.39 11 月 0.77 12 月 0.61 2020 年 1 月 -2.33 2 月 -24.20 3 月 30.08 4 月 1.95 5 月 1.27 6 月 1.30 7 月 0.98 [责任编辑:] 相关链接 政府机构网站 地方政府网站 地方统计网站 社会团体网站 国际组织网站 政府机构网站 地方政府网站 地方统计网站 社会团体网站 国际组织网站 中央人民政府门户网站 外交部 国防部 国家发展改革委 教育部 科技部 工业和信息化部 国家民委 公安部 国家安全部 民政部 司法部 财政部 人力资源社会保障部 自然资源部 生态环境部 住房城乡建设部 交通运输部 水利部 农业农村部 商务部 文化和旅游部 国家卫生健康委 退役军人事务部 应急管理部 中国人民银行 审计署 国务院国资委 海关总署 税务总局 市场监管总局 金融监管总局 中国证监会 广电总局 体育总局 国家信访局 国家统计局 国家知识产权局 国家国际发展合作署 国家医保局 国务院参事室 国管局 国务院研究室 国务院侨办 国务院港澳办 国务院台办 国家网信办 国务院新闻办 新华社 中国科学院 中国社科院 中国工程院 国务院发展研究中心 中央广电总台 中国气象局 国家粮食和物资储备局 国家能源局 国家国防科工局 国家烟草局 国家移民局 国家林草局 国家铁路局 中国民航局 国家邮政局 国家文物局 国家中医药局 国家疾控局 国家矿山安监局 国家消防救援局 国家外汇局 国家药监局 北京 天津 河北 山西 内蒙古 辽宁 吉林 黑龙江 上海 江苏 浙江 安徽 福建 江西 山东 河南 湖北 湖南 广东 广西 海南 重庆 四川 贵州 云南 西藏 陕西 甘肃 青海 宁夏 新疆 兵团 北京局 天津局 河北局 山西局 内蒙古局 辽宁局 吉林局 黑龙江局 上海局 江苏局 浙江局 安徽局 福建局 江西局 山东局 河南局 湖北局 湖南局 广东局 广西局 海南局 重庆局 四川局 贵州局 云南局 西藏局 陕西局 甘肃局 青海局 宁夏局 新疆局 兵团局 天津总队 山西总队 江苏总队 浙江总队 安徽总队 河南总队 湖南总队 广东总队 云南总队 陕西总队 新疆总队 兵团总队 中国统计学会 联合国 联合国经济和社会事务部 联合国统计司 世贸组织 粮农组织 劳工组织 基金组织 工发组织 教科文组织 世卫组织 世界银行 欧盟 经合组织 联合国开发署 联合国人口基金 联合国环境署 联合国儿童基金 世界粮食计划署 国际组织网站 版权所有: 国家统计局 联系我们 服务条款 网站地图 地址: 北京市西城区月坛南街57号 (100826) 京ICP备05034670号-2 京公网安备 11040102700142号 网站标识码bm36000002 中央人民政府门户网站 外交部 国防部 国家发展改革委 教育部 科技部 工业和信息化部 国家民委 公安部 国家安全部 民政部 司法部 财政部 人力资源社会保障部 自然资源部 生态环境部 住房城乡建设部 交通运输部 水利部 农业农村部 商务部 文化和旅游部 国家卫生健康委 退役军人事务部 应急管理部 中国人民银行 审计署 国务院国资委 海关总署 税务总局 市场监管总局 金融监管总局 中国证监会 广电总局 体育总局 国家信访局 国家统计局 国家知识产权局 国家国际发展合作署 国家医保局 国务院参事室 国管局 国务院研究室 国务院侨办 国务院港澳办 国务院台办 国家网信办 国务院新闻办 新华社 中国科学院 中国社科院 中国工程院 国务院发展研究中心 中央广电总台 中国气象局 国家粮食和物资储备局 国家能源局 国家国防科工局 国家烟草局 国家移民局 国家林草局 国家铁路局 中国民航局 国家邮政局 国家文物局 国家中医药局 国家疾控局 国家矿山安监局 国家消防救援局 国家外汇局 国家药监局 北京 天津 河北 山西 内蒙古 辽宁 吉林 黑龙江 上海 江苏 浙江 安徽 福建 江西 山东 河南 湖北 湖南 广东 广西 海南 重庆 四川 贵州 云南 西藏 陕西 甘肃 青海 宁夏 新疆 兵团 北京局 天津局 河北局 山西局 内蒙古局 辽宁局 吉林局 黑龙江局 上海局 江苏局 浙江局 安徽局 福建局 江西局 山东局 河南局 湖北局 湖南局 广东局 广西局 海南局 重庆局 四川局 贵州局 云南局 西藏局 陕西局 甘肃局 青海局 宁夏局 新疆局 兵团局 天津总队 山西总队 江苏总队 浙江总队 安徽总队 河南总队 湖南总队 广东总队 云南总队 陕西总队 新疆总队 兵团总队 中国统计学会 联合国 联合国经济和社会事务部 联合国统计司 世贸组织 粮农组织 劳工组织 基金组织 工发组织 教科文组织 世卫组织 世界银行 欧盟 经合组织 联合国开发署 联合国人口基金 联合国环境署 联合国儿童基金 世界粮食计划署 国际组织网站,https://www.stats.gov.cn/sj/zxfb/202302/t20230203_1900822.html,8596c1ce62e8e3487cdd841d4175b7ffa14ce0f6ca0d48e2cfe3de2a12be1be1
HR-045,HIST-NBS-062,国家统计局,2021-07-15 23:59:59,2021年6月份规模以上工业增加值增长8.3% 两年平均增长6.5%,2021年6月份规模以上工业增加值增长8.3% 两年平均增长6.5% - 国家统计局 EN 搜索 首页 机构 新闻 时政要闻 统计新闻 数据 公开 服务 互动 知识 专题 2021年6月份规模以上工业增加值增长8.3% 两年平均增长6.5% 2021/07/15 10:00 | Aa 字体： 小 中 大 | 分享到： 6 月份，规模以上工业增加值同比实际增长 8.3% （以下增加值增速均为扣除价格因素的实际增长率），比 2019 年同期增长 13.5% ，两年平均增长 6.5% 。从环比看， 6 月份，规模以上工业增加值比上月增长 0.56% 。 1 — 6 月份，规模以上工业增加值同比增长 15.9% ，两年平均增长 7.0% 。 分三大门类看， 6 月份，采矿业增加值同比增长 0.7% ；制造业增长 8.7% ；电力、热力、燃气及水生产和供应业增长 11.6% 。 分经济类型看， 6 月份，国有控股企业增加值同比增长 5.4% ；股份制企业增长 9.0% ，外商及港澳台商投资企业增长 6.4% ；私营企业增长 10.2% 。 分行业看， 6 月份， 41 个大类行业中有 34 个行业增加值保持同比增长。农副食品加工业增长 9.6% ，纺织业下降 1.3% ，化学原料和化学制品制造业增长 9.8% ，非金属矿物制品业增长 8.7% ，黑色金属冶炼和压延加工业增长 4.1% ，有色金属冶炼和压延加工业增长 2.4% ，通用设备制造业增长 13.9% ，专用设备制造业增长 10.5% ，汽车制造业下降 4.3% ，铁路、船舶、航空航天和其他运输设备制造业增长 6.8% ，电气机械和器材制造业增长 15.0% ，计算机、通信和其他电子设备制造业增长 13.4% ，电力、热力生产和供应业增长 10.8% 。 分产品看， 6 月份， 612 种产品中有 410 种产品产量同比增长。钢材 12072 万吨，同比增长 3.0% ；水泥 22433 万吨，下降 2.9% ；十种有色金属 549 万吨，增长 8.0% ；乙烯 233 万吨，增长 31.1% ；汽车 203.8 万辆，下降 13.1% ，其中，新能源汽车 27.3 万辆，增长 135.3% ；发电量 6860 亿千瓦时，增长 7.4% ；原油加工量 6082 万吨，增长 5.1% 。 6 月份，工业企业产品销售率为 97.1% ，同比下降 0.8 个百分点；工业企业实现出口交货值 12123 亿元，同比名义增长 13.4% 。 2021 年 6 月份规模以上工业生产主要数据 6 月 1 — 6 月 绝对量 同比增长 （ % ） 绝对量 同比增长 （ % ） 规模以上工业增加值 … 8.3 … 15.9 分三大门类 采矿业 … 0.7 … 6.2 制造业 … 8.7 … 17.1 其中：高技术制造业 … 18.0 … 22.6 电力、热力、燃气及水生产和供应业 … 11.6 … 13.4 分经济类型 其中：国有控股企业 … 5.4 … 11.9 其中：股份制企业 … 9.0 … 15.8 外商及港澳台商投资企业 … 6.4 … 17.0 其中：私营企业 … 10.2 … 18.3 主要行业增加值 农副食品加工业 … 9.6 … 10.7 食品制造业 … 6.6 … 9.9 纺织业 … -1.3 … 8.2 化学原料和化学制品制造业 … 9.8 … 14.5 医药制造业 … 32.5 … 29.6 橡胶和塑料制品业 … 3.9 … 16.9 非金属矿物制品业 … 8.7 … 18.8 黑色金属冶炼和压延加工业 … 4.1 … 11.5 有色金属冶炼和压延加工业 … 2.4 … 7.8 金属制品业 … 19.7 … 28.2 通用设备制造业 … 13.9 … 24.3 专用设备制造业 … 10.5 … 20.1 汽车制造业 … -4.3 … 21.8 铁路、船舶、航空航天和其他运输设备制造业 … 6.8 … 15.3 电气机械和器材制造业 … 15.0 … 29.4 计算机、通信和其他电子设备制造业 … 13.4 … 19.8 电力、热力生产和供应业 … 10.8 … 13.0 主要产品产量 布（亿米） 36 8.1 187 11.8 硫酸（折 100 ％）（万吨） 727 -1.3 4599 9.1 烧碱（折 100 ％）（万吨） 320 6.0 1926 10.8 乙烯（万吨） 233 31.1 1400 26.6 化学纤维（万吨） 586 6.1 3337 17.1 水泥（万吨） 22433 -2.9 114698 14.1 平板玻璃（万重量箱） 8707 10.3 50841 10.8 生铁（万吨） 7578 -2.7 45638 4.0 粗钢（万吨） 9388 1.5 56333 11.8 钢材（万吨） 12072 3.0 69831 13.9 十种有色金属（万吨） 549 8.0 3255 11.0 其中：原铝（电解铝）（万吨） 329 9.3 1964 10.1 金属切削机床（万台） 6 29.5 30 45.6 工业机器人（套） 36383 60.7 173630 69.8 汽车（万辆） 203.8 -13.1 1279 26.4 其中：轿车（万辆） 74.3 -13.1 456 25.0 运动型多用途乘用车（ SUV ）（万辆） 72.1 -11.1 456.5 29.1 其中：新能源汽车（万辆） 27.3 135.3 128.4 205.0 发电机组（发电设备）（万千瓦） 1419 -18.8 7015 17.4 微型计算机设备（万台） 4108 30.9 21992 43.9 移动通信手持机（万台） 14322 2.9 75402 21.1 其中：智能手机（万台） 11007 -0.6 57305 17.1 集成电路（亿块） 308 43.9 1712 48.1 原煤（万吨） 32319 -5.0 194867 6.4 焦炭（万吨） 3891 -3.2 23709 4.1 原油（万吨） 1667 2.8 9932 2.4 原油加工量（万吨） 6082 5.1 35335 10.7 天然气（亿立方米） 172 13.1 1045 10.9 发电量（亿千瓦时） 6860 7.4 38717 13.7 火力发电量（亿千瓦时） 4813 10.1 28262 15.0 水力发电量（亿千瓦时） 1142 -5.6 4827 1.4 核能发电量（亿千瓦时） 359 12.9 1951 13.7 风力发电量（亿千瓦时） 386 12.4 2819 26.6 太阳能发电量（亿千瓦时） 161 12.5 858 9.0 产品销售率（ % ） 97.1 -0.8( 百分点 ) 97.6 0.4( 百分点 ) 出口交货值（亿元） 12123 13.4 66674 22.9 附注 1 、指标解释 工业增加值增长速度 : 即工业增长速度，是用来反映一定时期工业生产物量增减变动程度的指标。利用该指标，可以判断短期工业经济的运行走势，判断经济的景气程度，也是制定和调整经济政策，实施宏观调控的重要参考和依据。 产品销售率：是销售产值和工业总产值的比率，用来反映工业产品的产销衔接情况。 出口交货值：是指工业企业自营（委托）出口（包括销往香港、澳门、台湾地区）或交给外贸部门出口的产品价值，以及外商来样、来料加工、来件装配和补偿贸易等生产的产品价值。 日均产品产量：是以当月公布的规模以上工业企业总产量除以该月日历天数计算得到。 两年平均增速：是指以 2019 年相应同期数为基数，采用几何平均的方法计算的增速。 2 、统计范围 规模以上工业的统计范围为年主营业务收入 2000 万元及以上的工业企业。 由于规模以上工业企业范围每年发生变化，为保证本年数据与上年可比，计算产品产量等各项指标同比增长速度所采用的同期数与本期的企业统计范围尽可能相一致，和上年公布的数据存在口径差异。主要原因是：（一）统计单位范围发生变化。每年有部分企业达到规模纳入调查范围，也有部分企业因规模变小退出调查范围，还有新建投产企业、破产、注（吊）销企业等影响。（二）部分企业集团（公司）产品产量数据存在跨地区重复统计现象，根据专项调查对企业集团（公司）跨地区重复产量进行了剔重。 3 、调查方法 规模以上工业企业工业生产报表按月进行全面调查（ 1 月份数据免报）。 4 、行业分类标准 执行国民经济行业分类标准（ GB/T 4754-2017 ）。 5 、环比数据修订 根据季节调整模型自动修正结果，对 2020 年 6 月至 2021 年 5 月份规模以上工业增加值环比增速进行修订。修订结果及 2021 年 6 月份环比数据如下： 月份 环比增速（ % ） 2020 年 6 月 1.29 7 月 0.92 8 月 1.02 9 月 1.06 10 月 0.78 11 月 0.60 1 2 月 0.65 2021 年 1 月 0.65 2 月 0.68 3 月 0.60 4 月 0.52 5 月 0.53 6 月 0.56 6 月份，规模以上工业增加值同比实际增长 8.3% （以下增加值增速均为扣除价格因素的实际增长率），比 2019 年同期增长 13.5% ，两年平均增长 6.5% 。从环比看， 6 月份，规模以上工业增加值比上月增长 0.56% 。 1 — 6 月份，规模以上工业增加值同比增长 15.9% ，两年平均增长 7.0% 。 分三大门类看， 6 月份，采矿业增加值同比增长 0.7% ；制造业增长 8.7% ；电力、热力、燃气及水生产和供应业增长 11.6% 。 分经济类型看， 6 月份，国有控股企业增加值同比增长 5.4% ；股份制企业增长 9.0% ，外商及港澳台商投资企业增长 6.4% ；私营企业增长 10.2% 。 分行业看， 6 月份， 41 个大类行业中有 34 个行业增加值保持同比增长。农副食品加工业增长 9.6% ，纺织业下降 1.3% ，化学原料和化学制品制造业增长 9.8% ，非金属矿物制品业增长 8.7% ，黑色金属冶炼和压延加工业增长 4.1% ，有色金属冶炼和压延加工业增长 2.4% ，通用设备制造业增长 13.9% ，专用设备制造业增长 10.5% ，汽车制造业下降 4.3% ，铁路、船舶、航空航天和其他运输设备制造业增长 6.8% ，电气机械和器材制造业增长 15.0% ，计算机、通信和其他电子设备制造业增长 13.4% ，电力、热力生产和供应业增长 10.8% 。 分产品看， 6 月份， 612 种产品中有 410 种产品产量同比增长。钢材 12072 万吨，同比增长 3.0% ；水泥 22433 万吨，下降 2.9% ；十种有色金属 549 万吨，增长 8.0% ；乙烯 233 万吨，增长 31.1% ；汽车 203.8 万辆，下降 13.1% ，其中，新能源汽车 27.3 万辆，增长 135.3% ；发电量 6860 亿千瓦时，增长 7.4% ；原油加工量 6082 万吨，增长 5.1% 。 6 月份，工业企业产品销售率为 97.1% ，同比下降 0.8 个百分点；工业企业实现出口交货值 12123 亿元，同比名义增长 13.4% 。 2021 年 6 月份规模以上工业生产主要数据 6 月 1 — 6 月 绝对量 同比增长 （ % ） 绝对量 同比增长 （ % ） 规模以上工业增加值 … 8.3 … 15.9 分三大门类 采矿业 … 0.7 … 6.2 制造业 … 8.7 … 17.1 其中：高技术制造业 … 18.0 … 22.6 电力、热力、燃气及水生产和供应业 … 11.6 … 13.4 分经济类型 其中：国有控股企业 … 5.4 … 11.9 其中：股份制企业 … 9.0 … 15.8 外商及港澳台商投资企业 … 6.4 … 17.0 其中：私营企业 … 10.2 … 18.3 主要行业增加值 农副食品加工业 … 9.6 … 10.7 食品制造业 … 6.6 … 9.9 纺织业 … -1.3 … 8.2 化学原料和化学制品制造业 … 9.8 … 14.5 医药制造业 … 32.5 … 29.6 橡胶和塑料制品业 … 3.9 … 16.9 非金属矿物制品业 … 8.7 … 18.8 黑色金属冶炼和压延加工业 … 4.1 … 11.5 有色金属冶炼和压延加工业 … 2.4 … 7.8 金属制品业 … 19.7 … 28.2 通用设备制造业 … 13.9 … 24.3 专用设备制造业 … 10.5 … 20.1 汽车制造业 … -4.3 … 21.8 铁路、船舶、航空航天和其他运输设备制造业 … 6.8 … 15.3 电气机械和器材制造业 … 15.0 … 29.4 计算机、通信和其他电子设备制造业 … 13.4 … 19.8 电力、热力生产和供应业 … 10.8 … 13.0 主要产品产量 布（亿米） 36 8.1 187 11.8 硫酸（折 100 ％）（万吨） 727 -1.3 4599 9.1 烧碱（折 100 ％）（万吨） 320 6.0 1926 10.8 乙烯（万吨） 233 31.1 1400 26.6 化学纤维（万吨） 586 6.1 3337 17.1 水泥（万吨） 22433 -2.9 114698 14.1 平板玻璃（万重量箱） 8707 10.3 50841 10.8 生铁（万吨） 7578 -2.7 45638 4.0 粗钢（万吨） 9388 1.5 56333 11.8 钢材（万吨） 12072 3.0 69831 13.9 十种有色金属（万吨） 549 8.0 3255 11.0 其中：原铝（电解铝）（万吨） 329 9.3 1964 10.1 金属切削机床（万台） 6 29.5 30 45.6 工业机器人（套） 36383 60.7 173630 69.8 汽车（万辆） 203.8 -13.1 1279 26.4 其中：轿车（万辆） 74.3 -13.1 456 25.0 运动型多用途乘用车（ SUV ）（万辆） 72.1 -11.1 456.5 29.1 其中：新能源汽车（万辆） 27.3 135.3 128.4 205.0 发电机组（发电设备）（万千瓦） 1419 -18.8 7015 17.4 微型计算机设备（万台） 4108 30.9 21992 43.9 移动通信手持机（万台） 14322 2.9 75402 21.1 其中：智能手机（万台） 11007 -0.6 57305 17.1 集成电路（亿块） 308 43.9 1712 48.1 原煤（万吨） 32319 -5.0 194867 6.4 焦炭（万吨） 3891 -3.2 23709 4.1 原油（万吨） 1667 2.8 9932 2.4 原油加工量（万吨） 6082 5.1 35335 10.7 天然气（亿立方米） 172 13.1 1045 10.9 发电量（亿千瓦时） 6860 7.4 38717 13.7 火力发电量（亿千瓦时） 4813 10.1 28262 15.0 水力发电量（亿千瓦时） 1142 -5.6 4827 1.4 核能发电量（亿千瓦时） 359 12.9 1951 13.7 风力发电量（亿千瓦时） 386 12.4 2819 26.6 太阳能发电量（亿千瓦时） 161 12.5 858 9.0 产品销售率（ % ） 97.1 -0.8( 百分点 ) 97.6 0.4( 百分点 ) 出口交货值（亿元） 12123 13.4 66674 22.9 附注 1 、指标解释 工业增加值增长速度 : 即工业增长速度，是用来反映一定时期工业生产物量增减变动程度的指标。利用该指标，可以判断短期工业经济的运行走势，判断经济的景气程度，也是制定和调整经济政策，实施宏观调控的重要参考和依据。 产品销售率：是销售产值和工业总产值的比率，用来反映工业产品的产销衔接情况。 出口交货值：是指工业企业自营（委托）出口（包括销往香港、澳门、台湾地区）或交给外贸部门出口的产品价值，以及外商来样、来料加工、来件装配和补偿贸易等生产的产品价值。 日均产品产量：是以当月公布的规模以上工业企业总产量除以该月日历天数计算得到。 两年平均增速：是指以 2019 年相应同期数为基数，采用几何平均的方法计算的增速。 2 、统计范围 规模以上工业的统计范围为年主营业务收入 2000 万元及以上的工业企业。 由于规模以上工业企业范围每年发生变化，为保证本年数据与上年可比，计算产品产量等各项指标同比增长速度所采用的同期数与本期的企业统计范围尽可能相一致，和上年公布的数据存在口径差异。主要原因是：（一）统计单位范围发生变化。每年有部分企业达到规模纳入调查范围，也有部分企业因规模变小退出调查范围，还有新建投产企业、破产、注（吊）销企业等影响。（二）部分企业集团（公司）产品产量数据存在跨地区重复统计现象，根据专项调查对企业集团（公司）跨地区重复产量进行了剔重。 3 、调查方法 规模以上工业企业工业生产报表按月进行全面调查（ 1 月份数据免报）。 4 、行业分类标准 执行国民经济行业分类标准（ GB/T 4754-2017 ）。 5 、环比数据修订 根据季节调整模型自动修正结果，对 2020 年 6 月至 2021 年 5 月份规模以上工业增加值环比增速进行修订。修订结果及 2021 年 6 月份环比数据如下： 月份 环比增速（ % ） 2020 年 6 月 1.29 7 月 0.92 8 月 1.02 9 月 1.06 10 月 0.78 11 月 0.60 1 2 月 0.65 2021 年 1 月 0.65 2 月 0.68 3 月 0.60 4 月 0.52 5 月 0.53 6 月 0.56 [责任编辑:] 相关链接 政府机构网站 地方政府网站 地方统计网站 社会团体网站 国际组织网站 政府机构网站 地方政府网站 地方统计网站 社会团体网站 国际组织网站 中央人民政府门户网站 外交部 国防部 国家发展改革委 教育部 科技部 工业和信息化部 国家民委 公安部 国家安全部 民政部 司法部 财政部 人力资源社会保障部 自然资源部 生态环境部 住房城乡建设部 交通运输部 水利部 农业农村部 商务部 文化和旅游部 国家卫生健康委 退役军人事务部 应急管理部 中国人民银行 审计署 国务院国资委 海关总署 税务总局 市场监管总局 金融监管总局 中国证监会 广电总局 体育总局 国家信访局 国家统计局 国家知识产权局 国家国际发展合作署 国家医保局 国务院参事室 国管局 国务院研究室 国务院侨办 国务院港澳办 国务院台办 国家网信办 国务院新闻办 新华社 中国科学院 中国社科院 中国工程院 国务院发展研究中心 中央广电总台 中国气象局 国家粮食和物资储备局 国家能源局 国家国防科工局 国家烟草局 国家移民局 国家林草局 国家铁路局 中国民航局 国家邮政局 国家文物局 国家中医药局 国家疾控局 国家矿山安监局 国家消防救援局 国家外汇局 国家药监局 北京 天津 河北 山西 内蒙古 辽宁 吉林 黑龙江 上海 江苏 浙江 安徽 福建 江西 山东 河南 湖北 湖南 广东 广西 海南 重庆 四川 贵州 云南 西藏 陕西 甘肃 青海 宁夏 新疆 兵团 北京局 天津局 河北局 山西局 内蒙古局 辽宁局 吉林局 黑龙江局 上海局 江苏局 浙江局 安徽局 福建局 江西局 山东局 河南局 湖北局 湖南局 广东局 广西局 海南局 重庆局 四川局 贵州局 云南局 西藏局 陕西局 甘肃局 青海局 宁夏局 新疆局 兵团局 天津总队 山西总队 江苏总队 浙江总队 安徽总队 河南总队 湖南总队 广东总队 云南总队 陕西总队 新疆总队 兵团总队 中国统计学会 联合国 联合国经济和社会事务部 联合国统计司 世贸组织 粮农组织 劳工组织 基金组织 工发组织 教科文组织 世卫组织 世界银行 欧盟 经合组织 联合国开发署 联合国人口基金 联合国环境署 联合国儿童基金 世界粮食计划署 国际组织网站 版权所有: 国家统计局 联系我们 服务条款 网站地图 地址: 北京市西城区月坛南街57号 (100826) 京ICP备05034670号-2 京公网安备 11040102700142号 网站标识码bm36000002 中央人民政府门户网站 外交部 国防部 国家发展改革委 教育部 科技部 工业和信息化部 国家民委 公安部 国家安全部 民政部 司法部 财政部 人力资源社会保障部 自然资源部 生态环境部 住房城乡建设部 交通运输部 水利部 农业农村部 商务部 文化和旅游部 国家卫生健康委 退役军人事务部 应急管理部 中国人民银行 审计署 国务院国资委 海关总署 税务总局 市场监管总局 金融监管总局 中国证监会 广电总局 体育总局 国家信访局 国家统计局 国家知识产权局 国家国际发展合作署 国家医保局 国务院参事室 国管局 国务院研究室 国务院侨办 国务院港澳办 国务院台办 国家网信办 国务院新闻办 新华社 中国科学院 中国社科院 中国工程院 国务院发展研究中心 中央广电总台 中国气象局 国家粮食和物资储备局 国家能源局 国家国防科工局 国家烟草局 国家移民局 国家林草局 国家铁路局 中国民航局 国家邮政局 国家文物局 国家中医药局 国家疾控局 国家矿山安监局 国家消防救援局 国家外汇局 国家药监局 北京 天津 河北 山西 内蒙古 辽宁 吉林 黑龙江 上海 江苏 浙江 安徽 福建 江西 山东 河南 湖北 湖南 广东 广西 海南 重庆 四川 贵州 云南 西藏 陕西 甘肃 青海 宁夏 新疆 兵团 北京局 天津局 河北局 山西局 内蒙古局 辽宁局 吉林局 黑龙江局 上海局 江苏局 浙江局 安徽局 福建局 江西局 山东局 河南局 湖北局 湖南局 广东局 广西局 海南局 重庆局 四川局 贵州局 云南局 西藏局 陕西局 甘肃局 青海局 宁夏局 新疆局 兵团局 天津总队 山西总队 江苏总队 浙江总队 安徽总队 河南总队 湖南总队 广东总队 云南总队 陕西总队 新疆总队 兵团总队 中国统计学会 联合国 联合国经济和社会事务部 联合国统计司 世贸组织 粮农组织 劳工组织 基金组织 工发组织 教科文组织 世卫组织 世界银行 欧盟 经合组织 联合国开发署 联合国人口基金 联合国环境署 联合国儿童基金 世界粮食计划署 国际组织网站,https://www.stats.gov.cn/sj/zxfb/202302/t20230203_1901155.html,0b61183326a2a8b21a0371f1121ff32aa1f8ff265f37215741ac17d9e16df00f
HR-046,HIST-NBS-066,国家统计局,2021-11-15 23:59:59,2021年10月份规模以上工业增加值增长3.5%,2021年10月份规模以上工业增加值增长3.5% - 国家统计局 EN 搜索 首页 机构 新闻 时政要闻 统计新闻 数据 公开 服务 互动 知识 专题 2021年10月份规模以上工业增加值增长3.5% 2021/11/15 10:00 | Aa 字体： 小 中 大 | 分享到： 10 月份，规模以上工业增加值同比实际增长 3.5% （以下增加值增速均为扣除价格因素的实际增长率），比 2019 年同期增长 10.6% ，两年平均增长 5.2% 。从环比看， 10 月份，规模以上工业增加值比上月增长 0.39% 。 1 — 10 月份，规模以上工业增加值同比增长 10.9% ，两年平均增长 6.3% 。 分三大门类看， 10 月份，采矿业增加值同比增长 6.0% ；制造业增长 2.5% ；电力、热力、燃气及水生产和供应业增长 11.1% 。 分经济类型看， 10 月份，国有控股企业增加值同比增长 5.2% ；股份制企业增长 4.2% ，外商及港澳台商投资企业增长 1.3% ；私营企业增长 2.4% 。 分行业看， 10 月份， 41 个大类行业中有 28 个行业增加值保持同比增长。农副食品加工业增长 3.3% ，纺织业下降 5.9% ，化学原料和化学制品制造业增长 0.8% ，非金属矿物制品业下降 4.1% ，黑色金属冶炼和压延加工业下降 12.8% ，有色金属冶炼和压延加工业同比持平，通用设备制造业增长 1.0% ，专用设备制造业增长 7.2% ，汽车制造业下降 7.9% ，铁路、船舶、航空航天和其他运输设备制造业增长 6.5% ，电气机械和器材制造业增长 5.3% ，计算机、通信和其他电子设备制造业增长 14.0% ，电力、热力生产和供应业增长 10.7% 。 分产品看， 10 月份， 612 种产品中有 246 种产品产量同比增长。钢材 10174 万吨，同比下降 14.9% ；水泥 20140 万吨，下降 17.1% ；十种有色金属 526 万吨，下降 2.6% ；乙烯 232 万吨，增长 4.0% ；汽车 234.4 万辆，下降 8.3% ，其中，新能源汽车 40.8 万辆，增长 127.9% ；发电量 6393 亿千瓦时，增长 3.0% ；原油加工量 5840 万吨，下降 3.0% 。 10 月份，工业企业产品销售率为 97.3% ，同比下降 1.1 个百分点；工业企业实现出口交货值 12671 亿元，同比名义增长 11.6% 。 2021 年 10 月份规模以上工业生产主要数据 10 月 1 — 10 月 绝对量 同比增长 （ % ） 绝对量 同比增长 （ % ） 规模以上工业增加值 … 3.5 … 10.9 分三大门类 采矿业 … 6.0 … 4.8 制造业 … 2.5 … 11.3 其中：高技术制造业 … 14.7 … 19.5 电力、热力、燃气及水生产和供应业 … 11.1 … 11.9 分经济类型 其中：国有控股企业 … 5.2 … 9.1 其中：股份制企业 … 4.2 … 11.1 外商及港澳台商投资企业 … 1.3 … 10.4 其中：私营企业 … 2.4 … 11.8 主要行业增加值 农副食品加工业 … 3.3 … 8.0 食品制造业 … 6.8 … 7.8 纺织业 … -5.9 … 2.5 化学原料和化学制品制造业 … 0.8 … 9.6 医药制造业 … 16.3 … 27.9 橡胶和塑料制品业 … -5.4 … 8.1 非金属矿物制品业 … -4.1 … 10.6 黑色金属冶炼和压延加工业 … -12.8 … 3.0 有色金属冶炼和压延加工业 … 0.0 … 5.1 金属制品业 … 6.7 … 19.4 通用设备制造业 … 1.0 … 15.2 专用设备制造业 … 7.2 … 14.6 汽车制造业 … -7.9 … 7.3 铁路、船舶、航空航天和其他运输设备制造业 … 6.5 … 10.8 电气机械和器材制造业 … 5.3 … 19.5 计算机、通信和其他电子设备制造业 … 14.0 … 16.5 电力、热力生产和供应业 … 10.7 … 11.4 主要产品产量 布（亿米） 34 0.3 319 9.0 硫酸（折 100 ％）（万吨） 757 -3.0 7797 6.3 烧碱（折 100 ％）（万吨） 317 -0.8 3158 5.2 乙烯（万吨） 232 4.0 2320 20.8 化学纤维（万吨） 537 -4.9 5572 11.8 水泥（万吨） 20140 -17.1 197263 2.1 平板玻璃（万重量箱） 8547 3.7 84299 8.9 生铁（万吨） 6303 -19.4 73407 -3.2 粗钢（万吨） 7158 -23.3 87705 -0.7 钢材（万吨） 10174 -14.9 112235 2.8 十种有色金属（万吨） 526 -2.6 5376 7.0 其中：原铝（电解铝）（万吨） 313 -1.8 3237 6.5 金属切削机床（万台） 4 4.8 49 31.9 工业机器人（套） 28460 10.6 298098 51.9 汽车（万辆） 234.4 -8.3 2091.7 7.1 其中：轿车（万辆） 87.6 -8.1 765.5 7.6 运动型多用途乘用车（ SUV ）（万辆） 89.5 -6.4 758.1 8.5 其中：新能源汽车（万辆） 40.8 127.9 270.1 164.0 发电机组（发电设备）（万千瓦） 1486 -5.7 12263 7.2 微型计算机设备（万台） 4142 1.5 38016 25.9 移动通信手持机（万台） 13867 -0.9 129429 6.4 其中：智能手机（万台） 10874 7.4 99524 8.2 集成电路（亿块） 301 22.2 2975 40.2 原煤（万吨） 35709 4.0 329716 4.0 焦炭（万吨） 3599 -11.3 39410 0.1 原油（万吨） 1683 3.0 16619 2.5 原油加工量（万吨） 5840 -3.0 58515 5.2 天然气（亿立方米） 165 0.5 1684 9.4 发电量（亿千瓦时） 6393 3.0 67176 10.0 火力发电量（亿千瓦时） 4264 5.2 47556 11.3 水力发电量（亿千瓦时） 1194 -11.9 10222 -2.3 核能发电量（亿千瓦时） 335 16.9 3366 12.7 风力发电量（亿千瓦时） 465 23.5 4515 28.6 太阳能发电量（亿千瓦时） 136 0.4 1516 10.5 产品销售率（ % ） 97.3 -1.1( 百分点 ) 97.7 -0.1( 百分点 ) 出口交货值（亿元） 12671 11.6 116375 18.5 附注 1 、指标解释 工业增加值增长速度 : 即工业增长速度，是用来反映一定时期工业生产物量增减变动程度的指标。利用该指标，可以判断短期工业经济的运行走势和经济的景气程度，也是制定和调整经济政策、实施宏观调控的重要参考和依据。 产品销售率：是销售产值和工业总产值的比率，用来反映工业产品的产销衔接情况。 出口交货值：是指工业企业自营（委托）出口（包括销往香港、澳门、台湾地区）或交给外贸部门出口的产品价值，以及外商来样、来料加工、来件装配和补偿贸易等生产的产品价值。 日均产品产量：是以当月公布的规模以上工业企业总产量除以该月日历天数计算得到。 2 、统计范围 规模以上工业的统计范围为年主营业务收入 2000 万元及以上的工业企业。 由于规模以上工业企业范围每年发生变化，为保证本年数据与上年可比，计算产品产量等各项指标同比增长速度所采用的同期数与本期的企业统计范围尽可能相一致，和上年公布的数据存在口径差异。主要原因是：（一）统计单位范围发生变化。每年有部分企业达到规模纳入调查范围，也有部分企业因规模变小退出调查范围，还有新建投产企业、破产、注（吊）销企业等影响；（二）部分企业集团（公司）产品产量数据存在跨地区重复统计现象，根据专项调查对企业集团（公司）跨地区重复产量进行了剔重。 3 、调查方法 规模以上工业企业工业生产报表按月进行全面调查（ 1 月份数据免报）。 4 、行业分类标准 执行国民经济行业分类标准（ GB/T 4754-2017 ）。 5 、环比数据修订 根据季节调整模型自动修正结果，对 2020 年 10 月至 2021 年 9 月份规模以上工业增加值环比增速进行修订。修订结果及 2021 年 10 月份环比数据如下： 月份 环比增速（ % ） 2020 年 10 月 0.62 11 月 0.56 12 月 0.62 2021 年 1 月 0.64 2 月 0.65 3 月 0.60 4 月 0.52 5 月 0.51 6 月 0.50 7 月 0.24 8 月 0.30 9 月 0.05 10 月 0.39 6 、两年平均增速说明 两年平均增速是指以 2019 年相应同期数为基数，采用几何平均的方法计算的增速。 10 月份，规模以上工业增加值同比实际增长 3.5% （以下增加值增速均为扣除价格因素的实际增长率），比 2019 年同期增长 10.6% ，两年平均增长 5.2% 。从环比看， 10 月份，规模以上工业增加值比上月增长 0.39% 。 1 — 10 月份，规模以上工业增加值同比增长 10.9% ，两年平均增长 6.3% 。 分三大门类看， 10 月份，采矿业增加值同比增长 6.0% ；制造业增长 2.5% ；电力、热力、燃气及水生产和供应业增长 11.1% 。 分经济类型看， 10 月份，国有控股企业增加值同比增长 5.2% ；股份制企业增长 4.2% ，外商及港澳台商投资企业增长 1.3% ；私营企业增长 2.4% 。 分行业看， 10 月份， 41 个大类行业中有 28 个行业增加值保持同比增长。农副食品加工业增长 3.3% ，纺织业下降 5.9% ，化学原料和化学制品制造业增长 0.8% ，非金属矿物制品业下降 4.1% ，黑色金属冶炼和压延加工业下降 12.8% ，有色金属冶炼和压延加工业同比持平，通用设备制造业增长 1.0% ，专用设备制造业增长 7.2% ，汽车制造业下降 7.9% ，铁路、船舶、航空航天和其他运输设备制造业增长 6.5% ，电气机械和器材制造业增长 5.3% ，计算机、通信和其他电子设备制造业增长 14.0% ，电力、热力生产和供应业增长 10.7% 。 分产品看， 10 月份， 612 种产品中有 246 种产品产量同比增长。钢材 10174 万吨，同比下降 14.9% ；水泥 20140 万吨，下降 17.1% ；十种有色金属 526 万吨，下降 2.6% ；乙烯 232 万吨，增长 4.0% ；汽车 234.4 万辆，下降 8.3% ，其中，新能源汽车 40.8 万辆，增长 127.9% ；发电量 6393 亿千瓦时，增长 3.0% ；原油加工量 5840 万吨，下降 3.0% 。 10 月份，工业企业产品销售率为 97.3% ，同比下降 1.1 个百分点；工业企业实现出口交货值 12671 亿元，同比名义增长 11.6% 。 2021 年 10 月份规模以上工业生产主要数据 10 月 1 — 10 月 绝对量 同比增长 （ % ） 绝对量 同比增长 （ % ） 规模以上工业增加值 … 3.5 … 10.9 分三大门类 采矿业 … 6.0 … 4.8 制造业 … 2.5 … 11.3 其中：高技术制造业 … 14.7 … 19.5 电力、热力、燃气及水生产和供应业 … 11.1 … 11.9 分经济类型 其中：国有控股企业 … 5.2 … 9.1 其中：股份制企业 … 4.2 … 11.1 外商及港澳台商投资企业 … 1.3 … 10.4 其中：私营企业 … 2.4 … 11.8 主要行业增加值 农副食品加工业 … 3.3 … 8.0 食品制造业 … 6.8 … 7.8 纺织业 … -5.9 … 2.5 化学原料和化学制品制造业 … 0.8 … 9.6 医药制造业 … 16.3 … 27.9 橡胶和塑料制品业 … -5.4 … 8.1 非金属矿物制品业 … -4.1 … 10.6 黑色金属冶炼和压延加工业 … -12.8 … 3.0 有色金属冶炼和压延加工业 … 0.0 … 5.1 金属制品业 … 6.7 … 19.4 通用设备制造业 … 1.0 … 15.2 专用设备制造业 … 7.2 … 14.6 汽车制造业 … -7.9 … 7.3 铁路、船舶、航空航天和其他运输设备制造业 … 6.5 … 10.8 电气机械和器材制造业 … 5.3 … 19.5 计算机、通信和其他电子设备制造业 … 14.0 … 16.5 电力、热力生产和供应业 … 10.7 … 11.4 主要产品产量 布（亿米） 34 0.3 319 9.0 硫酸（折 100 ％）（万吨） 757 -3.0 7797 6.3 烧碱（折 100 ％）（万吨） 317 -0.8 3158 5.2 乙烯（万吨） 232 4.0 2320 20.8 化学纤维（万吨） 537 -4.9 5572 11.8 水泥（万吨） 20140 -17.1 197263 2.1 平板玻璃（万重量箱） 8547 3.7 84299 8.9 生铁（万吨） 6303 -19.4 73407 -3.2 粗钢（万吨） 7158 -23.3 87705 -0.7 钢材（万吨） 10174 -14.9 112235 2.8 十种有色金属（万吨） 526 -2.6 5376 7.0 其中：原铝（电解铝）（万吨） 313 -1.8 3237 6.5 金属切削机床（万台） 4 4.8 49 31.9 工业机器人（套） 28460 10.6 298098 51.9 汽车（万辆） 234.4 -8.3 2091.7 7.1 其中：轿车（万辆） 87.6 -8.1 765.5 7.6 运动型多用途乘用车（ SUV ）（万辆） 89.5 -6.4 758.1 8.5 其中：新能源汽车（万辆） 40.8 127.9 270.1 164.0 发电机组（发电设备）（万千瓦） 1486 -5.7 12263 7.2 微型计算机设备（万台） 4142 1.5 38016 25.9 移动通信手持机（万台） 13867 -0.9 129429 6.4 其中：智能手机（万台） 10874 7.4 99524 8.2 集成电路（亿块） 301 22.2 2975 40.2 原煤（万吨） 35709 4.0 329716 4.0 焦炭（万吨） 3599 -11.3 39410 0.1 原油（万吨） 1683 3.0 16619 2.5 原油加工量（万吨） 5840 -3.0 58515 5.2 天然气（亿立方米） 165 0.5 1684 9.4 发电量（亿千瓦时） 6393 3.0 67176 10.0 火力发电量（亿千瓦时） 4264 5.2 47556 11.3 水力发电量（亿千瓦时） 1194 -11.9 10222 -2.3 核能发电量（亿千瓦时） 335 16.9 3366 12.7 风力发电量（亿千瓦时） 465 23.5 4515 28.6 太阳能发电量（亿千瓦时） 136 0.4 1516 10.5 产品销售率（ % ） 97.3 -1.1( 百分点 ) 97.7 -0.1( 百分点 ) 出口交货值（亿元） 12671 11.6 116375 18.5 附注 1 、指标解释 工业增加值增长速度 : 即工业增长速度，是用来反映一定时期工业生产物量增减变动程度的指标。利用该指标，可以判断短期工业经济的运行走势和经济的景气程度，也是制定和调整经济政策、实施宏观调控的重要参考和依据。 产品销售率：是销售产值和工业总产值的比率，用来反映工业产品的产销衔接情况。 出口交货值：是指工业企业自营（委托）出口（包括销往香港、澳门、台湾地区）或交给外贸部门出口的产品价值，以及外商来样、来料加工、来件装配和补偿贸易等生产的产品价值。 日均产品产量：是以当月公布的规模以上工业企业总产量除以该月日历天数计算得到。 2 、统计范围 规模以上工业的统计范围为年主营业务收入 2000 万元及以上的工业企业。 由于规模以上工业企业范围每年发生变化，为保证本年数据与上年可比，计算产品产量等各项指标同比增长速度所采用的同期数与本期的企业统计范围尽可能相一致，和上年公布的数据存在口径差异。主要原因是：（一）统计单位范围发生变化。每年有部分企业达到规模纳入调查范围，也有部分企业因规模变小退出调查范围，还有新建投产企业、破产、注（吊）销企业等影响；（二）部分企业集团（公司）产品产量数据存在跨地区重复统计现象，根据专项调查对企业集团（公司）跨地区重复产量进行了剔重。 3 、调查方法 规模以上工业企业工业生产报表按月进行全面调查（ 1 月份数据免报）。 4 、行业分类标准 执行国民经济行业分类标准（ GB/T 4754-2017 ）。 5 、环比数据修订 根据季节调整模型自动修正结果，对 2020 年 10 月至 2021 年 9 月份规模以上工业增加值环比增速进行修订。修订结果及 2021 年 10 月份环比数据如下： 月份 环比增速（ % ） 2020 年 10 月 0.62 11 月 0.56 12 月 0.62 2021 年 1 月 0.64 2 月 0.65 3 月 0.60 4 月 0.52 5 月 0.51 6 月 0.50 7 月 0.24 8 月 0.30 9 月 0.05 10 月 0.39 6 、两年平均增速说明 两年平均增速是指以 2019 年相应同期数为基数，采用几何平均的方法计算的增速。 [责任编辑:] 相关链接 政府机构网站 地方政府网站 地方统计网站 社会团体网站 国际组织网站 政府机构网站 地方政府网站 地方统计网站 社会团体网站 国际组织网站 中央人民政府门户网站 外交部 国防部 国家发展改革委 教育部 科技部 工业和信息化部 国家民委 公安部 国家安全部 民政部 司法部 财政部 人力资源社会保障部 自然资源部 生态环境部 住房城乡建设部 交通运输部 水利部 农业农村部 商务部 文化和旅游部 国家卫生健康委 退役军人事务部 应急管理部 中国人民银行 审计署 国务院国资委 海关总署 税务总局 市场监管总局 金融监管总局 中国证监会 广电总局 体育总局 国家信访局 国家统计局 国家知识产权局 国家国际发展合作署 国家医保局 国务院参事室 国管局 国务院研究室 国务院侨办 国务院港澳办 国务院台办 国家网信办 国务院新闻办 新华社 中国科学院 中国社科院 中国工程院 国务院发展研究中心 中央广电总台 中国气象局 国家粮食和物资储备局 国家能源局 国家国防科工局 国家烟草局 国家移民局 国家林草局 国家铁路局 中国民航局 国家邮政局 国家文物局 国家中医药局 国家疾控局 国家矿山安监局 国家消防救援局 国家外汇局 国家药监局 北京 天津 河北 山西 内蒙古 辽宁 吉林 黑龙江 上海 江苏 浙江 安徽 福建 江西 山东 河南 湖北 湖南 广东 广西 海南 重庆 四川 贵州 云南 西藏 陕西 甘肃 青海 宁夏 新疆 兵团 北京局 天津局 河北局 山西局 内蒙古局 辽宁局 吉林局 黑龙江局 上海局 江苏局 浙江局 安徽局 福建局 江西局 山东局 河南局 湖北局 湖南局 广东局 广西局 海南局 重庆局 四川局 贵州局 云南局 西藏局 陕西局 甘肃局 青海局 宁夏局 新疆局 兵团局 天津总队 山西总队 江苏总队 浙江总队 安徽总队 河南总队 湖南总队 广东总队 云南总队 陕西总队 新疆总队 兵团总队 中国统计学会 联合国 联合国经济和社会事务部 联合国统计司 世贸组织 粮农组织 劳工组织 基金组织 工发组织 教科文组织 世卫组织 世界银行 欧盟 经合组织 联合国开发署 联合国人口基金 联合国环境署 联合国儿童基金 世界粮食计划署 国际组织网站 版权所有: 国家统计局 联系我们 服务条款 网站地图 地址: 北京市西城区月坛南街57号 (100826) 京ICP备05034670号-2 京公网安备 11040102700142号 网站标识码bm36000002 中央人民政府门户网站 外交部 国防部 国家发展改革委 教育部 科技部 工业和信息化部 国家民委 公安部 国家安全部 民政部 司法部 财政部 人力资源社会保障部 自然资源部 生态环境部 住房城乡建设部 交通运输部 水利部 农业农村部 商务部 文化和旅游部 国家卫生健康委 退役军人事务部 应急管理部 中国人民银行 审计署 国务院国资委 海关总署 税务总局 市场监管总局 金融监管总局 中国证监会 广电总局 体育总局 国家信访局 国家统计局 国家知识产权局 国家国际发展合作署 国家医保局 国务院参事室 国管局 国务院研究室 国务院侨办 国务院港澳办 国务院台办 国家网信办 国务院新闻办 新华社 中国科学院 中国社科院 中国工程院 国务院发展研究中心 中央广电总台 中国气象局 国家粮食和物资储备局 国家能源局 国家国防科工局 国家烟草局 国家移民局 国家林草局 国家铁路局 中国民航局 国家邮政局 国家文物局 国家中医药局 国家疾控局 国家矿山安监局 国家消防救援局 国家外汇局 国家药监局 北京 天津 河北 山西 内蒙古 辽宁 吉林 黑龙江 上海 江苏 浙江 安徽 福建 江西 山东 河南 湖北 湖南 广东 广西 海南 重庆 四川 贵州 云南 西藏 陕西 甘肃 青海 宁夏 新疆 兵团 北京局 天津局 河北局 山西局 内蒙古局 辽宁局 吉林局 黑龙江局 上海局 江苏局 浙江局 安徽局 福建局 江西局 山东局 河南局 湖北局 湖南局 广东局 广西局 海南局 重庆局 四川局 贵州局 云南局 西藏局 陕西局 甘肃局 青海局 宁夏局 新疆局 兵团局 天津总队 山西总队 江苏总队 浙江总队 安徽总队 河南总队 湖南总队 广东总队 云南总队 陕西总队 新疆总队 兵团总队 中国统计学会 联合国 联合国经济和社会事务部 联合国统计司 世贸组织 粮农组织 劳工组织 基金组织 工发组织 教科文组织 世卫组织 世界银行 欧盟 经合组织 联合国开发署 联合国人口基金 联合国环境署 联合国儿童基金 世界粮食计划署 国际组织网站,https://www.stats.gov.cn/sj/zxfb/202302/t20230203_1901279.html,517ab5ef4cbe7191517a506c372ad4a712d5686f0a68d645a22bcf3760891368
HR-047,HIST-NBS-068,国家统计局,2022-01-17 23:59:59,2021年12月份规模以上工业增加值增长4.3%,2021年12月份规模以上工业增加值增长4.3% - 国家统计局 EN 搜索 首页 机构 新闻 时政要闻 统计新闻 数据 公开 服务 互动 知识 专题 2021年12月份规模以上工业增加值增长4.3% 2022/01/17 10:00 | Aa 字体： 小 中 大 | 分享到： 2021 年 12 月份，规模以上工业增加值同比实际增长 4.3% （以下增加值增速均为扣除价格因素的实际增长率），比 2019 年同期增长 11.9% ，两年平均增长 5.8% 。从环比看， 12 月份，规模以上工业增加值比上月增长 0.42% 。 2021 年，规模以上工业增加值比上年增长 9.6% ，两年平均增长 6.1% 。 分三大门类看， 12 月份，采矿业增加值同比增长 7.3% ；制造业增长 3.8% ；电力、热力、燃气及水生产和供应业增长 7.2% 。 分经济类型看， 12 月份，国有控股企业增加值同比增长 3.3% ；股份制企业增长 4.7% ，外商及港澳台商投资企业增长 3.4% ；私营企业增长 4.7% 。 分行业看， 12 月份， 41 个大类行业中有 30 个行业增加值保持同比增长。农副食品加工业增长 5.7% ，纺织业下降 2.4% ，化学原料和化学制品制造业增长 1.2% ，非金属矿物制品业下降 0.2% ，黑色金属冶炼和压延加工业下降 2.5% ，有色金属冶炼和压延加工业下降 0.8% ，通用设备制造业增长 1.5% ，专用设备制造业增长 7.4% ，汽车制造业增长 2.8% ，铁路、船舶、航空航天和其他运输设备制造业下降 2.0% ，电气机械和器材制造业增长 5.8% ，计算机、通信和其他电子设备制造业增长 12.0% ，电力、热力生产和供应业增长 7.9% 。 分产品看， 12 月份， 612 种产品中有 288 种产品产量同比增长。钢材 11355 万吨，同比下降 5.2% ；水泥 19085 万吨，下降 11.1% ；十种有色金属 547 万吨，下降 3.8% ；乙烯 245 万吨，增长 2.5% ；汽车 296.6 万辆，增长 3.4% ，其中新能源汽车 52.3 万辆，增长 113.5% ；发电量 7234 亿千瓦时，下降 2.1% ；原油加工量 5873 万吨，下降 2.1% 。 12 月份，工业企业产品销售率为 98.0% ，同比下降 0.4 个百分点；工业企业实现出口交货值 14866 亿元，同比名义增长 15.5% 。 2021 年 12 月份规模以上工业生产主要数据 12 月 1 — 12 月 绝对量 同比增长 （ % ） 绝对量 同比增长 （ % ） 规模以上工业增加值 … 4.3 … 9.6 分三大门类 采矿业 … 7.3 … 5.3 制造业 … 3.8 … 9.8 其中：高技术制造业 … 12.1 … 18.2 电力、热力、燃气及水生产和供应业 … 7.2 … 11.4 分经济类型 其中：国有控股企业 … 3.3 … 8.0 其中：股份制企业 … 4.7 … 9.8 外商及港澳台商投资企业 … 3.4 … 8.9 其中：私营企业 … 4.7 … 10.2 主要行业增加值 农副食品加工业 … 5.7 … 7.7 食品制造业 … 9.1 … 8.0 纺织业 … -2.4 … 1.4 化学原料和化学制品制造业 … 1.2 … 7.7 医药制造业 … 8.6 … 24.8 橡胶和塑料制品业 … 0.0 … 6.3 非金属矿物制品业 … -0.2 … 8.0 黑色金属冶炼和压延加工业 … -2.5 … 1.2 有色金属冶炼和压延加工业 … -0.8 … 3.9 金属制品业 … 4.6 … 16.0 通用设备制造业 … 1.5 … 12.4 专用设备制造业 … 7.4 … 12.6 汽车制造业 … 2.8 … 5.5 铁路、船舶、航空航天和其他运输设备制造业 … -2.0 … 8.4 电气机械和器材制造业 … 5.8 … 16.8 计算机、通信和其他电子设备制造业 … 12.0 … 15.7 电力、热力生产和供应业 … 7.9 … 10.9 主要产品产量 布（亿米） 39 0.8 396 7.5 硫酸（折 100 ％）（万吨） 807 -5.1 9383 5.0 烧碱（折 100 ％）（万吨） 338 -1.2 3891 5.2 乙烯（万吨） 245 2.5 2826 18.3 化学纤维（万吨） 585 -2.8 6709 9.1 水泥（万吨） 19085 -11.1 236281 -1.2 平板玻璃（万重量箱） 8596 3.2 101665 8.4 生铁（万吨） 7210 -5.4 86857 -4.3 粗钢（万吨） 8619 -6.8 103279 -3.0 钢材（万吨） 11355 -5.2 133667 0.6 十种有色金属（万吨） 547 -3.8 6454 5.4 其中：原铝（电解铝）（万吨） 311 -4.0 3850 4.8 金属切削机床（万台） 6 5.8 60 29.2 工业机器人（套） 35175 15.1 366044 44.9 汽车（万辆） 296.6 3.4 2652.8 4.8 其中：轿车（万辆） 113.5 7.4 976.5 5.7 运动型多用途乘用车（ SUV ）（万辆） 113.5 5.2 973.6 6.2 其中：新能源汽车（万辆） 52.3 113.5 367.7 145.6 发电机组（发电设备）（万千瓦） 1874 9.0 15955 9.9 微型计算机设备（万台） 4454 4.2 46692 22.3 移动通信手持机（万台） 17461 2.8 166152 7.0 其中：智能手机（万台） 13554 8.7 127245 9.0 集成电路（亿块） 299 1.9 3594 33.3 原煤（万吨） 38467 7.2 407136 4.7 焦炭（万吨） 3600 -10.7 46446 -2.2 原油（万吨） 1647 1.7 19898 2.4 原油加工量（万吨） 5873 -2.1 70355 4.3 天然气（亿立方米） 192 2.3 2053 8.2 发电量（亿千瓦时） 7234 -2.1 81122 8.1 火力发电量（亿千瓦时） 5433 -4.9 57702 8.4 水力发电量（亿千瓦时） 715 -6.8 11840 -2.5 核能发电量（亿千瓦时） 373 5.7 4075 11.3 风力发电量（亿千瓦时） 571 30.1 5667 29.8 太阳能发电量（亿千瓦时） 142 18.8 1837 14.1 产品销售率（ % ） 98.0 -0.4( 百分点 ) 97.7 -0.2( 百分点 ) 出口交货值（亿元） 14866 15.5 145254 17.7 附注 1 、指标解释 工业增加值增长速度：即工业增长速度，是用来反映一定时期工业生产物量增减变动程度的指标。利用该指标，可以判断短期工业经济的运行走势和经济的景气程度，也是制定和调整经济政策、实施宏观调控的重要参考和依据。 产品销售率：是销售产值和工业总产值的比率，用来反映工业产品的产销衔接情况。 出口交货值：是指工业企业自营（委托）出口（包括销往香港、澳门、台湾地区）或交给外贸部门出口的产品价值，以及外商来样、来料加工、来件装配和补偿贸易等生产的产品价值。 日均产品产量：是以当月公布的规模以上工业企业总产量除以该月日历天数计算得到。 2 、统计范围 规模以上工业的统计范围为年主营业务收入 2000 万元及以上的工业企业。 由于规模以上工业企业范围每年发生变化，为保证本年数据与上年可比，计算产品产量等各项指标同比增长速度所采用的同期数与本期的企业统计范围尽可能相一致，和上年公布的数据存在口径差异。主要原因是：（一）统计单位范围发生变化。每年有部分企业达到规模纳入调查范围，也有部分企业因规模变小退出调查范围，还有新建投产企业、破产、注（吊）销企业等影响；（二）部分企业集团（公司）产品产量数据存在跨地区重复统计现象，根据专项调查对企业集团（公司）跨地区重复产量进行了剔重。 3 、调查方法 规模以上工业企业工业生产报表按月进行全面调查（ 1 月份数据免报）。 4 、行业分类标准 执行国民经济行业分类标准（ GB/T 4754-2017 ）。 5 、环比数据修订 根据季节调整模型自动修正结果，对 2020 年 12 月至 2021 年 11 月份规模以上工业增加值环比增速进行修订。修订结果及 2021 年 12 月份环比数据如下： 月份 环比增速（ % ） 2020 年 12 月 0.62 2021 年 1 月 0.63 2 月 0.62 3 月 0.61 4 月 0.51 5 月 0.49 6 月 0.51 7 月 0.23 8 月 0.30 9 月 0.06 10 月 0.39 11 月 0.37 12 月 0.42 6 、两年平均增速说明 两年平均增速是指以 2019 年相应同期数为基数，采用几何平均的方法计算的增速。 2021 年 12 月份，规模以上工业增加值同比实际增长 4.3% （以下增加值增速均为扣除价格因素的实际增长率），比 2019 年同期增长 11.9% ，两年平均增长 5.8% 。从环比看， 12 月份，规模以上工业增加值比上月增长 0.42% 。 2021 年，规模以上工业增加值比上年增长 9.6% ，两年平均增长 6.1% 。 分三大门类看， 12 月份，采矿业增加值同比增长 7.3% ；制造业增长 3.8% ；电力、热力、燃气及水生产和供应业增长 7.2% 。 分经济类型看， 12 月份，国有控股企业增加值同比增长 3.3% ；股份制企业增长 4.7% ，外商及港澳台商投资企业增长 3.4% ；私营企业增长 4.7% 。 分行业看， 12 月份， 41 个大类行业中有 30 个行业增加值保持同比增长。农副食品加工业增长 5.7% ，纺织业下降 2.4% ，化学原料和化学制品制造业增长 1.2% ，非金属矿物制品业下降 0.2% ，黑色金属冶炼和压延加工业下降 2.5% ，有色金属冶炼和压延加工业下降 0.8% ，通用设备制造业增长 1.5% ，专用设备制造业增长 7.4% ，汽车制造业增长 2.8% ，铁路、船舶、航空航天和其他运输设备制造业下降 2.0% ，电气机械和器材制造业增长 5.8% ，计算机、通信和其他电子设备制造业增长 12.0% ，电力、热力生产和供应业增长 7.9% 。 分产品看， 12 月份， 612 种产品中有 288 种产品产量同比增长。钢材 11355 万吨，同比下降 5.2% ；水泥 19085 万吨，下降 11.1% ；十种有色金属 547 万吨，下降 3.8% ；乙烯 245 万吨，增长 2.5% ；汽车 296.6 万辆，增长 3.4% ，其中新能源汽车 52.3 万辆，增长 113.5% ；发电量 7234 亿千瓦时，下降 2.1% ；原油加工量 5873 万吨，下降 2.1% 。 12 月份，工业企业产品销售率为 98.0% ，同比下降 0.4 个百分点；工业企业实现出口交货值 14866 亿元，同比名义增长 15.5% 。 2021 年 12 月份规模以上工业生产主要数据 12 月 1 — 12 月 绝对量 同比增长 （ % ） 绝对量 同比增长 （ % ） 规模以上工业增加值 … 4.3 … 9.6 分三大门类 采矿业 … 7.3 … 5.3 制造业 … 3.8 … 9.8 其中：高技术制造业 … 12.1 … 18.2 电力、热力、燃气及水生产和供应业 … 7.2 … 11.4 分经济类型 其中：国有控股企业 … 3.3 … 8.0 其中：股份制企业 … 4.7 … 9.8 外商及港澳台商投资企业 … 3.4 … 8.9 其中：私营企业 … 4.7 … 10.2 主要行业增加值 农副食品加工业 … 5.7 … 7.7 食品制造业 … 9.1 … 8.0 纺织业 … -2.4 … 1.4 化学原料和化学制品制造业 … 1.2 … 7.7 医药制造业 … 8.6 … 24.8 橡胶和塑料制品业 … 0.0 … 6.3 非金属矿物制品业 … -0.2 … 8.0 黑色金属冶炼和压延加工业 … -2.5 … 1.2 有色金属冶炼和压延加工业 … -0.8 … 3.9 金属制品业 … 4.6 … 16.0 通用设备制造业 … 1.5 … 12.4 专用设备制造业 … 7.4 … 12.6 汽车制造业 … 2.8 … 5.5 铁路、船舶、航空航天和其他运输设备制造业 … -2.0 … 8.4 电气机械和器材制造业 … 5.8 … 16.8 计算机、通信和其他电子设备制造业 … 12.0 … 15.7 电力、热力生产和供应业 … 7.9 … 10.9 主要产品产量 布（亿米） 39 0.8 396 7.5 硫酸（折 100 ％）（万吨） 807 -5.1 9383 5.0 烧碱（折 100 ％）（万吨） 338 -1.2 3891 5.2 乙烯（万吨） 245 2.5 2826 18.3 化学纤维（万吨） 585 -2.8 6709 9.1 水泥（万吨） 19085 -11.1 236281 -1.2 平板玻璃（万重量箱） 8596 3.2 101665 8.4 生铁（万吨） 7210 -5.4 86857 -4.3 粗钢（万吨） 8619 -6.8 103279 -3.0 钢材（万吨） 11355 -5.2 133667 0.6 十种有色金属（万吨） 547 -3.8 6454 5.4 其中：原铝（电解铝）（万吨） 311 -4.0 3850 4.8 金属切削机床（万台） 6 5.8 60 29.2 工业机器人（套） 35175 15.1 366044 44.9 汽车（万辆） 296.6 3.4 2652.8 4.8 其中：轿车（万辆） 113.5 7.4 976.5 5.7 运动型多用途乘用车（ SUV ）（万辆） 113.5 5.2 973.6 6.2 其中：新能源汽车（万辆） 52.3 113.5 367.7 145.6 发电机组（发电设备）（万千瓦） 1874 9.0 15955 9.9 微型计算机设备（万台） 4454 4.2 46692 22.3 移动通信手持机（万台） 17461 2.8 166152 7.0 其中：智能手机（万台） 13554 8.7 127245 9.0 集成电路（亿块） 299 1.9 3594 33.3 原煤（万吨） 38467 7.2 407136 4.7 焦炭（万吨） 3600 -10.7 46446 -2.2 原油（万吨） 1647 1.7 19898 2.4 原油加工量（万吨） 5873 -2.1 70355 4.3 天然气（亿立方米） 192 2.3 2053 8.2 发电量（亿千瓦时） 7234 -2.1 81122 8.1 火力发电量（亿千瓦时） 5433 -4.9 57702 8.4 水力发电量（亿千瓦时） 715 -6.8 11840 -2.5 核能发电量（亿千瓦时） 373 5.7 4075 11.3 风力发电量（亿千瓦时） 571 30.1 5667 29.8 太阳能发电量（亿千瓦时） 142 18.8 1837 14.1 产品销售率（ % ） 98.0 -0.4( 百分点 ) 97.7 -0.2( 百分点 ) 出口交货值（亿元） 14866 15.5 145254 17.7 附注 1 、指标解释 工业增加值增长速度：即工业增长速度，是用来反映一定时期工业生产物量增减变动程度的指标。利用该指标，可以判断短期工业经济的运行走势和经济的景气程度，也是制定和调整经济政策、实施宏观调控的重要参考和依据。 产品销售率：是销售产值和工业总产值的比率，用来反映工业产品的产销衔接情况。 出口交货值：是指工业企业自营（委托）出口（包括销往香港、澳门、台湾地区）或交给外贸部门出口的产品价值，以及外商来样、来料加工、来件装配和补偿贸易等生产的产品价值。 日均产品产量：是以当月公布的规模以上工业企业总产量除以该月日历天数计算得到。 2 、统计范围 规模以上工业的统计范围为年主营业务收入 2000 万元及以上的工业企业。 由于规模以上工业企业范围每年发生变化，为保证本年数据与上年可比，计算产品产量等各项指标同比增长速度所采用的同期数与本期的企业统计范围尽可能相一致，和上年公布的数据存在口径差异。主要原因是：（一）统计单位范围发生变化。每年有部分企业达到规模纳入调查范围，也有部分企业因规模变小退出调查范围，还有新建投产企业、破产、注（吊）销企业等影响；（二）部分企业集团（公司）产品产量数据存在跨地区重复统计现象，根据专项调查对企业集团（公司）跨地区重复产量进行了剔重。 3 、调查方法 规模以上工业企业工业生产报表按月进行全面调查（ 1 月份数据免报）。 4 、行业分类标准 执行国民经济行业分类标准（ GB/T 4754-2017 ）。 5 、环比数据修订 根据季节调整模型自动修正结果，对 2020 年 12 月至 2021 年 11 月份规模以上工业增加值环比增速进行修订。修订结果及 2021 年 12 月份环比数据如下： 月份 环比增速（ % ） 2020 年 12 月 0.62 2021 年 1 月 0.63 2 月 0.62 3 月 0.61 4 月 0.51 5 月 0.49 6 月 0.51 7 月 0.23 8 月 0.30 9 月 0.06 10 月 0.39 11 月 0.37 12 月 0.42 6 、两年平均增速说明 两年平均增速是指以 2019 年相应同期数为基数，采用几何平均的方法计算的增速。 [责任编辑:] 相关链接 政府机构网站 地方政府网站 地方统计网站 社会团体网站 国际组织网站 政府机构网站 地方政府网站 地方统计网站 社会团体网站 国际组织网站 中央人民政府门户网站 外交部 国防部 国家发展改革委 教育部 科技部 工业和信息化部 国家民委 公安部 国家安全部 民政部 司法部 财政部 人力资源社会保障部 自然资源部 生态环境部 住房城乡建设部 交通运输部 水利部 农业农村部 商务部 文化和旅游部 国家卫生健康委 退役军人事务部 应急管理部 中国人民银行 审计署 国务院国资委 海关总署 税务总局 市场监管总局 金融监管总局 中国证监会 广电总局 体育总局 国家信访局 国家统计局 国家知识产权局 国家国际发展合作署 国家医保局 国务院参事室 国管局 国务院研究室 国务院侨办 国务院港澳办 国务院台办 国家网信办 国务院新闻办 新华社 中国科学院 中国社科院 中国工程院 国务院发展研究中心 中央广电总台 中国气象局 国家粮食和物资储备局 国家能源局 国家国防科工局 国家烟草局 国家移民局 国家林草局 国家铁路局 中国民航局 国家邮政局 国家文物局 国家中医药局 国家疾控局 国家矿山安监局 国家消防救援局 国家外汇局 国家药监局 北京 天津 河北 山西 内蒙古 辽宁 吉林 黑龙江 上海 江苏 浙江 安徽 福建 江西 山东 河南 湖北 湖南 广东 广西 海南 重庆 四川 贵州 云南 西藏 陕西 甘肃 青海 宁夏 新疆 兵团 北京局 天津局 河北局 山西局 内蒙古局 辽宁局 吉林局 黑龙江局 上海局 江苏局 浙江局 安徽局 福建局 江西局 山东局 河南局 湖北局 湖南局 广东局 广西局 海南局 重庆局 四川局 贵州局 云南局 西藏局 陕西局 甘肃局 青海局 宁夏局 新疆局 兵团局 天津总队 山西总队 江苏总队 浙江总队 安徽总队 河南总队 湖南总队 广东总队 云南总队 陕西总队 新疆总队 兵团总队 中国统计学会 联合国 联合国经济和社会事务部 联合国统计司 世贸组织 粮农组织 劳工组织 基金组织 工发组织 教科文组织 世卫组织 世界银行 欧盟 经合组织 联合国开发署 联合国人口基金 联合国环境署 联合国儿童基金 世界粮食计划署 国际组织网站 版权所有: 国家统计局 联系我们 服务条款 网站地图 地址: 北京市西城区月坛南街57号 (100826) 京ICP备05034670号-2 京公网安备 11040102700142号 网站标识码bm36000002 中央人民政府门户网站 外交部 国防部 国家发展改革委 教育部 科技部 工业和信息化部 国家民委 公安部 国家安全部 民政部 司法部 财政部 人力资源社会保障部 自然资源部 生态环境部 住房城乡建设部 交通运输部 水利部 农业农村部 商务部 文化和旅游部 国家卫生健康委 退役军人事务部 应急管理部 中国人民银行 审计署 国务院国资委 海关总署 税务总局 市场监管总局 金融监管总局 中国证监会 广电总局 体育总局 国家信访局 国家统计局 国家知识产权局 国家国际发展合作署 国家医保局 国务院参事室 国管局 国务院研究室 国务院侨办 国务院港澳办 国务院台办 国家网信办 国务院新闻办 新华社 中国科学院 中国社科院 中国工程院 国务院发展研究中心 中央广电总台 中国气象局 国家粮食和物资储备局 国家能源局 国家国防科工局 国家烟草局 国家移民局 国家林草局 国家铁路局 中国民航局 国家邮政局 国家文物局 国家中医药局 国家疾控局 国家矿山安监局 国家消防救援局 国家外汇局 国家药监局 北京 天津 河北 山西 内蒙古 辽宁 吉林 黑龙江 上海 江苏 浙江 安徽 福建 江西 山东 河南 湖北 湖南 广东 广西 海南 重庆 四川 贵州 云南 西藏 陕西 甘肃 青海 宁夏 新疆 兵团 北京局 天津局 河北局 山西局 内蒙古局 辽宁局 吉林局 黑龙江局 上海局 江苏局 浙江局 安徽局 福建局 江西局 山东局 河南局 湖北局 湖南局 广东局 广西局 海南局 重庆局 四川局 贵州局 云南局 西藏局 陕西局 甘肃局 青海局 宁夏局 新疆局 兵团局 天津总队 山西总队 江苏总队 浙江总队 安徽总队 河南总队 湖南总队 广东总队 云南总队 陕西总队 新疆总队 兵团总队 中国统计学会 联合国 联合国经济和社会事务部 联合国统计司 世贸组织 粮农组织 劳工组织 基金组织 工发组织 教科文组织 世卫组织 世界银行 欧盟 经合组织 联合国开发署 联合国人口基金 联合国环境署 联合国儿童基金 世界粮食计划署 国际组织网站,https://www.stats.gov.cn/sj/zxfb/202302/t20230203_1901337.html,b222f2eed2542280d9fbe0e64de50cb514602f2ab0979b4d96b5d29432ee9f61
HR-048,HIST-NBS-076,国家统计局,2022-10-24 23:59:59,2022-09规模以上工业增加值官方发布,国家统计局信息公开 无障碍浏览 索 引 号 410A04-0402-202210-0015 信息类别 最新发布 发布机构 国家统计局 成文日期 2022年10月24日 文 号 有 效 性 有效 2022年9月份规模以上工业增加值增长6.3% 9 月份，规模以上工业增加值同比实际增长 6.3% （增加值增速均为扣除价格因素的实际增长率）。从环比看， 9 月份，规模以上工业增加值比上月增长 0.84% 。 1 — 9 月份，规模以上工业增加值同比增长 3.9% 。 分三大门类看， 9 月份，采矿业增加值同比增长 7.2% ，制造业增长 6.4% ，电力、热力、燃气及水生产和供应业增长 2.9% 。 分经济类型看， 9 月份，国有控股企业增加值同比增长 4.9% ；股份制企业增长 6.6% ，外商及港澳台商投资企业增长 5.4% ；私营企业增长 4.4% 。 分行业看， 9 月份， 41 个大类行业中有 32 个行业增加值保持同比增长。其中煤炭开采和洗选业增长 7.7% ，石油和天然气开采业增长 4.5% ，农副食品加工业增长 1.5% ，酒、饮料和精制茶制造业增长 5.5% ，纺织业下降 1.6% ，化学原料和化学制品制造业增长 12.1% ，非金属矿物制品业增长 0.8% ，黑色金属冶炼和压延加工业增长 10.6% ，有色金属冶炼和压延加工业增长 7.8% ，通用设备制造业增长 2.3% ，专用设备制造业增长 4.9% ，汽车制造业增长 23.7% ，铁路、船舶、航空航天和其他运输设备制造业增长 7.6% ，电气机械和器材制造业增长 15.8% ，计算机、通信和其他电子设备制造业增长 10.6% ，电力、热力生产和供应业增长 2.2% 。 分产品看， 9 月份， 617 种产品中有 325 种产品产量同比增长。钢材 11619 万吨，同比增长 12.5% ；水泥 20862 万吨，增长 1.0% ；十种有色金属 578 万吨，增长 8.8% ；乙烯 245 万吨，增长 1.9% ；汽车 275.8 万辆，增长 25.4% ，其中新能源汽车 75.8 万辆，增长 110.0% ；发电量 6830 亿千瓦时，同比下降 0.4% ；原油加工量 5681 万吨，同比增长 1.9% 。 9 月份，工业企业产品销售率为 96.9% ，同比下降 1.3 个百分点；工业企业实现出口交货值 14196 亿元，同比名义增长 5.0% 。 2022 年 9 月份规模以上工业生产主要数据 9 月 1 — 9 月 绝对量 同比增长 （ % ） 绝对量 同比增长 （ % ） 规模以上工业增加值 … 6.3 … 3.9 分三大门类 采矿业 … 7.2 … 8.5 制造业 … 6.4 … 3.2 其中：高技术制造业 … 9.3 … 8.5 电力、热力、燃气及水生产和供应业 … 2.9 … 5.6 分经济类型 其中：国有控股企业 … 4.9 … 3.6 其中：股份制企业 … 6.6 … 4.9 外商及港澳台商投资企业 … 5.4 … -0.1 其中：私营企业 … 4.4 … 3.4 主要行业增加值 煤炭开采和洗选业 … 7.7 … 10.4 石油和天然气开采业 … 4.5 … 5.2 农副食品加工业 … 1.5 … 1.9 食品制造业 … 2.7 … 3.5 酒、饮料和精制茶制造业 … 5.5 … 8.2 纺织业 … -1.6 … -2.0 化学原料和化学制品制造业 … 12.1 … 5.0 医药制造业 … -7.5 … -4.3 橡胶和塑料制品业 … 1.4 … -0.8 非金属矿物制品业 … 0.8 … -2.5 黑色金属冶炼和压延加工业 … 10.6 … -0.9 有色金属冶炼和压延加工业 … 7.8 … 4.3 金属制品业 … 1.3 … -0.1 通用设备制造业 … 2.3 … -1.4 专用设备制造业 … 4.9 … 4.4 汽车制造业 … 23.7 … 6.9 铁路、船舶、航空航天和其他运输设备制造业 … 7.6 … 3.4 电气机械和器材制造业 … 15.8 … 11.4 计算机、通信和其他电子设备制造业 … 10.6 … 9.5 电力、热力生产和供应业 … 2.2 … 5.4 主要产品产量 布（亿米） 32 -3.6 268 -5.5 硫酸（折 100 ％）（万吨） 773 -3.9 7049 -0.9 烧碱（折 100 ％）（万吨） 338 7.2 2972 2.8 乙烯（万吨） 245 1.9 2121 -2.6 化学纤维（万吨） 580 6.7 5051 -0.3 水泥（万吨） 20862 1.0 156277 -12.5 平板玻璃（万重量箱） 8594 1.4 77445 -3.2 生铁（万吨） 7394 13.0 65610 -2.5 粗钢（万吨） 8695 17.6 78083 -3.4 钢材（万吨） 11619 12.5 100585 -2.2 十种有色金属（万吨） 578 8.8 4983 2.8 其中：原铝（电解铝）（万吨） 342 9.3 2988 2.8 金属切削机床（万台） 4 -12.0 42 -11.1 工业机器人（套） 43009 15.1 322544 -7.1 汽车（万辆） 275.8 25.4 2011.8 8.1 其中：轿车（万辆） 106.8 29.0 765.1 12.6 运动型多用途乘用车（ SUV ）（万辆） 108.6 25.7 768.9 14.1 其中：新能源汽车（万辆） 75.8 110.0 483.6 112.5 发电机组（发电设备）（万千瓦） 2184 73.8 11775 11.5 微型计算机设备（万台） 3851 -12.5 31609 -7.9 移动通信手持机（万台） 15584 -0.6 114828 -3.5 其中：智能手机（万台） 11476 -2.2 87417 -3.2 集成电路（亿块） 261 -16.4 2450 -10.8 原煤（万吨） 38672 12.3 331565 11.2 焦炭（万吨） 3965 5.4 35800 -0.5 原油（万吨） 1681 1.4 15375 3.0 原油加工量（万吨） 5681 1.9 49726 -5.1 天然气（亿立方米） 164 4.6 1601 5.4 发电量（亿千瓦时） 6830 -0.4 62867 2.2 火力发电量（亿千瓦时） 4839 6.1 43694 0.5 水力发电量（亿千瓦时） 990 -30.0 9507 5.0 核能发电量（亿千瓦时） 324 -2.7 3046 0.5 风力发电量（亿千瓦时） 476 25.8 4871 11.2 太阳能发电量（亿千瓦时） 202 18.9 1750 14.4 产品销售率（ % ） 96.9 -1.3( 百分点 ) 96.6 -1.2( 百分点 ) 出口交货值（亿元） 14196 5.0 114362 9.5 点击下载： 相关数据表 附注 1 、指标解释 工业增加值增长速度 : 即工业增长速度，是用来反映一定时期工业生产物量增减变动程度的指标。利用该指标，可以判断短期工业经济的运行走势和经济的景气程度，也是制定和调整经济政策、实施宏观调控的重要参考和依据。 产品销售率：是销售产值和工业总产值的比率，用来反映工业产品的产销衔接情况。 出口交货值：是指工业企业自营（委托）出口（包括销往香港、澳门、台湾地区）或交给外贸部门出口的产品价值，以及外商来样、来料加工、来件装配和补偿贸易等生产的产品价值。 日均产品产量：是以当月公布的规模以上工业企业总产量除以该月日历天数计算得到。 2 、统计范围 规模以上工业的统计范围为年主营业务收入 2000 万元及以上的工业企业。 由于规模以上工业企业范围每年发生变化，为保证本年数据与上年可比，计算产品产量等各项指标同比增长速度所采用的同期数与本期的企业统计范围尽可能相一致，和上年公布的数据存在口径差异。主要原因是：（一）统计单位范围发生变化。每年有部分企业达到规模纳入调查范围，也有部分企业因规模变小退出调查范围，还有新建投产企业、破产、注（吊）销企业等影响；（二）部分企业集团（公司）产品产量数据存在跨地区重复统计现象，根据专项调查对企业集团（公司）跨地区重复产量进行了剔重。 3 、调查方法 规模以上工业企业工业生产报表按月进行全面调查（ 1 月份数据免报）。 4 、行业分类标准 执行国民经济行业分类标准（ GB/T 4754-2017 ），具体请参见 http://www.stats.gov.cn/tjsj/tjbz/hyflbz 。 5 、环比数据修订 根据季节调整模型自动修正结果，对 2021 年 9 月至 2022 年 8 月份规模以上工业增加值环比增速进行修订。修订结果及 2022 年 9 月份环比数据如下： 月份 环比增速（ % ） 2021 年 9 月 0.05 10 月 0.41 11 月 0.40 12 月 0.40 2022 年 1 月 0.30 2 月 0.37 3 月 0.42 4 月 -2.14 5 月 3.08 6 月 0.87 7 月 0.40 8 月 0.35 9 月 0.84,https://www.stats.gov.cn/xxgk/sjfb/zxfb2020/202210/t20221024_1889584.html,7f2af6c7692b909d78e7dd8719df389a82cd827624b24c6c317558b799b079d7
HR-049,HIST-NBS-082,国家统计局,2023-05-16 23:59:59,2023年4月份规模以上工业增加值增长5.6%,2023年4月份规模以上工业增加值增长5.6% - 国家统计局 EN 搜索 首页 机构 新闻 时政要闻 统计新闻 数据 公开 服务 互动 知识 专题 2023年4月份规模以上工业增加值增长5.6% 2023/05/16 10:00 | Aa 字体： 小 中 大 | 分享到： 4 月份，规模以上工业增加值同比实际增长 5.6% （增加值增速均为扣除价格因素的实际增长率）。从环比看， 4 月份，规模以上工业增加值比上月下降 0.47% 。 1 — 4 月份，规模以上工业增加值同比增长 3.6% 。 分三大门类看， 4 月份，采矿业增加值同比持平，制造业增长 6.5% ，电力、热力、燃气及水生产和供应业增长 4.8% 。 分经济类型看， 4 月份，国有控股企业增加值同比增长 6.6% ；股份制企业增长 4.4% ，外商及港澳台商投资企业增长 11.8% ；私营企业增长 1.6% 。 分行业看， 4 月份， 41 个大类行业中有 25 个行业增加值保持同比增长。其中，煤炭开采和洗选业下降 0.6% ，石油和天然气开采业增长 5.5% ，农副食品加工业下降 1.6% ，酒、饮料和精制茶制造业增长 2.0% ，纺织业下降 3.0% ，化学原料和化学制品制造业增长 7.5% ，非金属矿物制品业下降 0.6% ，黑色金属冶炼和压延加工业增长 4.3% ，有色金属冶炼和压延加工业增长 7.4% ，通用设备制造业增长 13.5% ，专用设备制造业增长 9.1% ，汽车制造业增长 44.6% ，铁路、船舶、航空航天和其他运输设备制造业增长 9.5% ，电气机械和器材制造业增长 17.3% ，计算机、通信和其他电子设备制造业增长 1.8% ，电力、热力生产和供应业增长 5.5% 。 分产品看， 4 月份， 620 种产品中有 358 种产品产量同比增长。其中，钢材 11995 万吨，同比增长 5.0% ；水泥 19392 万吨，增长 1.4% ；十种有色金属 604 万吨，增长 6.1% ；乙烯 274 万吨，增长 17.9% ；汽车 201.8 万辆，增长 59.8% ，其中新能源汽车 58.6 万辆，增长 85.4% ；发电量 6584 亿千瓦时，同比增长 6.1% ；原油加工量 6114 万吨，同比增长 18.9% 。 4 月份，工业企业产品销售率为 97.4% ，同比提高 0.7 个百分点；工业企业实现出口交货值 11413 亿元，同比名义增长 0.7% 。 2023 年 4 月份规模以上工业生产主要数据 指标 4 月 1 — 4 月 绝对量 同比增长 （ % ） 绝对量 同比增长 （ % ） 规模以上工业增加值 … 5.6 … 3.6 分三大门类 采矿业 … 0.0 … 2.4 制造业 … 6.5 … 3.9 其中：高技术制造业 … 2.5 … 1.3 电力、热力、燃气及水生产和供应业 … 4.8 … 3.7 分经济类型 其中：国有控股企业 … 6.6 … 4.1 其中：股份制企业 … 4.4 … 4.3 外商及港澳台商投资企业 … 11.8 … 0.6 其中：私营企业 … 1.6 … 1.9 主要行业增加值 煤炭开采和洗选业 … -0.6 … 2.3 石油和天然气开采业 … 5.5 … 4.0 农副食品加工业 … -1.6 … -1.7 食品制造业 … 2.9 … 3.2 酒、饮料和精制茶制造业 … 2.0 … 0.1 纺织业 … -3.0 … -3.2 化学原料和化学制品制造业 … 7.5 … 7.6 医药制造业 … -7.2 … -5.7 橡胶和塑料制品业 … 2.9 … -0.3 非金属矿物制品业 … -0.6 … 1.4 黑色金属冶炼和压延加工业 … 4.3 … 5.5 有色金属冶炼和压延加工业 … 7.4 … 7.0 金属制品业 … 2.7 … 1.8 通用设备制造业 … 13.5 … 4.0 专用设备制造业 … 9.1 … 6.4 汽车制造业 … 44.6 … 11.8 铁路、船舶、航空航天和其他运输设备制造业 … 9.5 … 9.2 电气机械和器材制造业 … 17.3 … 15.7 计算机、通信和其他电子设备制造业 … 1.8 … -0.4 电力、热力生产和供应业 … 5.5 … 3.8 主要产品产量 布（亿米） 27 -7.4 100 -7.6 硫酸（折 100 ％）（万吨） 779 0.5 3173 1.7 烧碱（折 100 ％）（万吨） 336 4.9 1355 5.7 乙烯（万吨） 274 17.9 1043 4.2 化学纤维（万吨） 588 13.5 2126 0.8 水泥（万吨） 19392 1.4 58429 2.5 平板玻璃（万重量箱） 7872 -7.6 31000 -8.0 生铁（万吨） 7784 1.0 29763 5.8 粗钢（万吨） 9264 -1.5 35439 4.1 钢材（万吨） 11995 5.0 44636 5.2 十种有色金属（万吨） 60 4 6.1 2413 7.7 其中：原铝（电解铝）（万吨） 333 0.8 1332 3.9 金属切削机床（万台） 5 -1.9 19 -3.0 工业机器人（套） 38083 -7.4 142160 -4.4 汽车（万辆） 201.8 59.8 824.7 4.3 其中：轿车（万辆） 72.7 76.9 295.0 5.9 运动型多用途乘用车（ SUV ）（万辆） 71.4 54.2 308.4 2.3 其中：新能源汽车（万辆） 58.6 85.4 217.5 32.8 发电机组（发电设备）（万千瓦） 1492 61.9 5257 19.3 太阳能电池（光伏电池）（万千瓦） 3992 69.1 14435 56.7 微型计算机设备（万台） 2540 -19.9 10156 -27.3 移动通信手持机（万台） 11817 -2.5 44016 -5.6 其中：智能手机（万台） 8648 -5.9 32222 -11.2 集成电路（亿块） 281 3.8 996 -10.3 原煤（万吨） 38145 4.5 152674 4.8 焦炭（万吨） 4129 2.3 16171 3.7 原油（万吨） 1728 1.4 6964 1.8 原油加工量（万吨） 6114 18.9 24018 8.3 天然气（亿立方米） 189 7.0 783 4.8 发电量（亿千瓦时） 6584 6.1 27309 3.4 火力发电量（亿千瓦时） 4494 11.5 19467 4.0 水力发电量（亿千瓦时） 684 -25.9 2709 -13.7 核能发电量（亿千瓦时） 345 5.7 1378 4.7 风力发电量（亿千瓦时） 829 20.9 2909 18.8 太阳能发电量（亿千瓦时） 231 -3.3 846 7.5 产品销售率（ % ） 97.4 0.7( 百分点 ) 96.0 -0.5( 百分点 ) 出口交货值（亿元） 11413 0.7 45326 -3.8 点击下载： 相关数据表 附注 1 、指标解释 工业增加值增长速度 : 即工业增长速度，是用来反映一定时期工业生产物量增减变动程度的指标。利用该指标，可以判断短期工业经济的运行走势和经济的景气程度，也是制定和调整经济政策、实施宏观调控的重要参考和依据。 产品销售率：是销售产值和工业总产值的比率，用来反映工业产品的产销衔接情况。 出口交货值：是指工业企业自营（委托）出口（包括销往香港、澳门、台湾地区）或交给外贸部门出口的产品价值，以及外商来样、来料加工、来件装配和补偿贸易等生产的产品价值。 日均产品产量：是以当月公布的规模以上工业企业总产量除以该月日历天数计算得到。 2 、统计范围 规模以上工业的统计范围为年主营业务收入 2000 万元及以上的工业企业。 由于规模以上工业企业范围每年发生变化，为保证本年数据与上年可比，计算产品产量等各项指标同比增长速度所采用的同期数与本期的企业统计范围尽可能相一致，和上年公布的数据存在口径差异。主要原因是：（一）统计单位范围发生变化。每年有部分企业达到规模纳入调查范围，也有部分企业因规模变小退出调查范围，还有新建投产企业、破产、注（吊）销企业等影响；（二）部分企业集团（公司）产品产量数据存在跨地区重复统计现象，根据专项调查对企业集团（公司）跨地区重复产量进行了剔重。 3 、调查方法 规模以上工业企业工业生产报表按月进行全面调查（ 1 月份数据免报）。 4 、行业分类标准 执行国民经济行业分类标准（ GB/T 4754-2017 ）。 5 、环比数据修订 根据季节调整模型自动修正结果，对 2022 年 4 月至 2023 年 3 月份规模以上工业增加值环比增速进行修订。修订结果及 2023 年 4 月份环比数据如下： 月份 环比增速（ % ） 2022 年 4 月 0.16 5 月 0.62 6 月 0.87 7 月 0.31 8 月 0.16 9 月 0.83 10 月 0.21 11 月 -0.37 12 月 0.06 2023 年 1 月 0.31 2 月 0.12 3 月 0.28 4 月 -0.47 4 月份，规模以上工业增加值同比实际增长 5.6% （增加值增速均为扣除价格因素的实际增长率）。从环比看， 4 月份，规模以上工业增加值比上月下降 0.47% 。 1 — 4 月份，规模以上工业增加值同比增长 3.6% 。 分三大门类看， 4 月份，采矿业增加值同比持平，制造业增长 6.5% ，电力、热力、燃气及水生产和供应业增长 4.8% 。 分经济类型看， 4 月份，国有控股企业增加值同比增长 6.6% ；股份制企业增长 4.4% ，外商及港澳台商投资企业增长 11.8% ；私营企业增长 1.6% 。 分行业看， 4 月份， 41 个大类行业中有 25 个行业增加值保持同比增长。其中，煤炭开采和洗选业下降 0.6% ，石油和天然气开采业增长 5.5% ，农副食品加工业下降 1.6% ，酒、饮料和精制茶制造业增长 2.0% ，纺织业下降 3.0% ，化学原料和化学制品制造业增长 7.5% ，非金属矿物制品业下降 0.6% ，黑色金属冶炼和压延加工业增长 4.3% ，有色金属冶炼和压延加工业增长 7.4% ，通用设备制造业增长 13.5% ，专用设备制造业增长 9.1% ，汽车制造业增长 44.6% ，铁路、船舶、航空航天和其他运输设备制造业增长 9.5% ，电气机械和器材制造业增长 17.3% ，计算机、通信和其他电子设备制造业增长 1.8% ，电力、热力生产和供应业增长 5.5% 。 分产品看， 4 月份， 620 种产品中有 358 种产品产量同比增长。其中，钢材 11995 万吨，同比增长 5.0% ；水泥 19392 万吨，增长 1.4% ；十种有色金属 604 万吨，增长 6.1% ；乙烯 274 万吨，增长 17.9% ；汽车 201.8 万辆，增长 59.8% ，其中新能源汽车 58.6 万辆，增长 85.4% ；发电量 6584 亿千瓦时，同比增长 6.1% ；原油加工量 6114 万吨，同比增长 18.9% 。 4 月份，工业企业产品销售率为 97.4% ，同比提高 0.7 个百分点；工业企业实现出口交货值 11413 亿元，同比名义增长 0.7% 。 2023 年 4 月份规模以上工业生产主要数据 指标 4 月 1 — 4 月 绝对量 同比增长 （ % ） 绝对量 同比增长 （ % ） 规模以上工业增加值 … 5.6 … 3.6 分三大门类 采矿业 … 0.0 … 2.4 制造业 … 6.5 … 3.9 其中：高技术制造业 … 2.5 … 1.3 电力、热力、燃气及水生产和供应业 … 4.8 … 3.7 分经济类型 其中：国有控股企业 … 6.6 … 4.1 其中：股份制企业 … 4.4 … 4.3 外商及港澳台商投资企业 … 11.8 … 0.6 其中：私营企业 … 1.6 … 1.9 主要行业增加值 煤炭开采和洗选业 … -0.6 … 2.3 石油和天然气开采业 … 5.5 … 4.0 农副食品加工业 … -1.6 … -1.7 食品制造业 … 2.9 … 3.2 酒、饮料和精制茶制造业 … 2.0 … 0.1 纺织业 … -3.0 … -3.2 化学原料和化学制品制造业 … 7.5 … 7.6 医药制造业 … -7.2 … -5.7 橡胶和塑料制品业 … 2.9 … -0.3 非金属矿物制品业 … -0.6 … 1.4 黑色金属冶炼和压延加工业 … 4.3 … 5.5 有色金属冶炼和压延加工业 … 7.4 … 7.0 金属制品业 … 2.7 … 1.8 通用设备制造业 … 13.5 … 4.0 专用设备制造业 … 9.1 … 6.4 汽车制造业 … 44.6 … 11.8 铁路、船舶、航空航天和其他运输设备制造业 … 9.5 … 9.2 电气机械和器材制造业 … 17.3 … 15.7 计算机、通信和其他电子设备制造业 … 1.8 … -0.4 电力、热力生产和供应业 … 5.5 … 3.8 主要产品产量 布（亿米） 27 -7.4 100 -7.6 硫酸（折 100 ％）（万吨） 779 0.5 3173 1.7 烧碱（折 100 ％）（万吨） 336 4.9 1355 5.7 乙烯（万吨） 274 17.9 1043 4.2 化学纤维（万吨） 588 13.5 2126 0.8 水泥（万吨） 19392 1.4 58429 2.5 平板玻璃（万重量箱） 7872 -7.6 31000 -8.0 生铁（万吨） 7784 1.0 29763 5.8 粗钢（万吨） 9264 -1.5 35439 4.1 钢材（万吨） 11995 5.0 44636 5.2 十种有色金属（万吨） 60 4 6.1 2413 7.7 其中：原铝（电解铝）（万吨） 333 0.8 1332 3.9 金属切削机床（万台） 5 -1.9 19 -3.0 工业机器人（套） 38083 -7.4 142160 -4.4 汽车（万辆） 201.8 59.8 824.7 4.3 其中：轿车（万辆） 72.7 76.9 295.0 5.9 运动型多用途乘用车（ SUV ）（万辆） 71.4 54.2 308.4 2.3 其中：新能源汽车（万辆） 58.6 85.4 217.5 32.8 发电机组（发电设备）（万千瓦） 1492 61.9 5257 19.3 太阳能电池（光伏电池）（万千瓦） 3992 69.1 14435 56.7 微型计算机设备（万台） 2540 -19.9 10156 -27.3 移动通信手持机（万台） 11817 -2.5 44016 -5.6 其中：智能手机（万台） 8648 -5.9 32222 -11.2 集成电路（亿块） 281 3.8 996 -10.3 原煤（万吨） 38145 4.5 152674 4.8 焦炭（万吨） 4129 2.3 16171 3.7 原油（万吨） 1728 1.4 6964 1.8 原油加工量（万吨） 6114 18.9 24018 8.3 天然气（亿立方米） 189 7.0 783 4.8 发电量（亿千瓦时） 6584 6.1 27309 3.4 火力发电量（亿千瓦时） 4494 11.5 19467 4.0 水力发电量（亿千瓦时） 684 -25.9 2709 -13.7 核能发电量（亿千瓦时） 345 5.7 1378 4.7 风力发电量（亿千瓦时） 829 20.9 2909 18.8 太阳能发电量（亿千瓦时） 231 -3.3 846 7.5 产品销售率（ % ） 97.4 0.7( 百分点 ) 96.0 -0.5( 百分点 ) 出口交货值（亿元） 11413 0.7 45326 -3.8 点击下载： 相关数据表 附注 1 、指标解释 工业增加值增长速度 : 即工业增长速度，是用来反映一定时期工业生产物量增减变动程度的指标。利用该指标，可以判断短期工业经济的运行走势和经济的景气程度，也是制定和调整经济政策、实施宏观调控的重要参考和依据。 产品销售率：是销售产值和工业总产值的比率，用来反映工业产品的产销衔接情况。 出口交货值：是指工业企业自营（委托）出口（包括销往香港、澳门、台湾地区）或交给外贸部门出口的产品价值，以及外商来样、来料加工、来件装配和补偿贸易等生产的产品价值。 日均产品产量：是以当月公布的规模以上工业企业总产量除以该月日历天数计算得到。 2 、统计范围 规模以上工业的统计范围为年主营业务收入 2000 万元及以上的工业企业。 由于规模以上工业企业范围每年发生变化，为保证本年数据与上年可比，计算产品产量等各项指标同比增长速度所采用的同期数与本期的企业统计范围尽可能相一致，和上年公布的数据存在口径差异。主要原因是：（一）统计单位范围发生变化。每年有部分企业达到规模纳入调查范围，也有部分企业因规模变小退出调查范围，还有新建投产企业、破产、注（吊）销企业等影响；（二）部分企业集团（公司）产品产量数据存在跨地区重复统计现象，根据专项调查对企业集团（公司）跨地区重复产量进行了剔重。 3 、调查方法 规模以上工业企业工业生产报表按月进行全面调查（ 1 月份数据免报）。 4 、行业分类标准 执行国民经济行业分类标准（ GB/T 4754-2017 ）。 5 、环比数据修订 根据季节调整模型自动修正结果，对 2022 年 4 月至 2023 年 3 月份规模以上工业增加值环比增速进行修订。修订结果及 2023 年 4 月份环比数据如下： 月份 环比增速（ % ） 2022 年 4 月 0.16 5 月 0.62 6 月 0.87 7 月 0.31 8 月 0.16 9 月 0.83 10 月 0.21 11 月 -0.37 12 月 0.06 2023 年 1 月 0.31 2 月 0.12 3 月 0.28 4 月 -0.47 [责任编辑:] 相关链接 政府机构网站 地方政府网站 地方统计网站 社会团体网站 国际组织网站 政府机构网站 地方政府网站 地方统计网站 社会团体网站 国际组织网站 中央人民政府门户网站 外交部 国防部 国家发展改革委 教育部 科技部 工业和信息化部 国家民委 公安部 国家安全部 民政部 司法部 财政部 人力资源社会保障部 自然资源部 生态环境部 住房城乡建设部 交通运输部 水利部 农业农村部 商务部 文化和旅游部 国家卫生健康委 退役军人事务部 应急管理部 中国人民银行 审计署 国务院国资委 海关总署 税务总局 市场监管总局 金融监管总局 中国证监会 广电总局 体育总局 国家信访局 国家统计局 国家知识产权局 国家国际发展合作署 国家医保局 国务院参事室 国管局 国务院研究室 国务院侨办 国务院港澳办 国务院台办 国家网信办 国务院新闻办 新华社 中国科学院 中国社科院 中国工程院 国务院发展研究中心 中央广电总台 中国气象局 国家粮食和物资储备局 国家能源局 国家国防科工局 国家烟草局 国家移民局 国家林草局 国家铁路局 中国民航局 国家邮政局 国家文物局 国家中医药局 国家疾控局 国家矿山安监局 国家消防救援局 国家外汇局 国家药监局 北京 天津 河北 山西 内蒙古 辽宁 吉林 黑龙江 上海 江苏 浙江 安徽 福建 江西 山东 河南 湖北 湖南 广东 广西 海南 重庆 四川 贵州 云南 西藏 陕西 甘肃 青海 宁夏 新疆 兵团 北京局 天津局 河北局 山西局 内蒙古局 辽宁局 吉林局 黑龙江局 上海局 江苏局 浙江局 安徽局 福建局 江西局 山东局 河南局 湖北局 湖南局 广东局 广西局 海南局 重庆局 四川局 贵州局 云南局 西藏局 陕西局 甘肃局 青海局 宁夏局 新疆局 兵团局 天津总队 山西总队 江苏总队 浙江总队 安徽总队 河南总队 湖南总队 广东总队 云南总队 陕西总队 新疆总队 兵团总队 中国统计学会 联合国 联合国经济和社会事务部 联合国统计司 世贸组织 粮农组织 劳工组织 基金组织 工发组织 教科文组织 世卫组织 世界银行 欧盟 经合组织 联合国开发署 联合国人口基金 联合国环境署 联合国儿童基金 世界粮食计划署 国际组织网站 版权所有: 国家统计局 联系我们 服务条款 网站地图 地址: 北京市西城区月坛南街57号 (100826) 京ICP备05034670号-2 京公网安备 11040102700142号 网站标识码bm36000002 中央人民政府门户网站 外交部 国防部 国家发展改革委 教育部 科技部 工业和信息化部 国家民委 公安部 国家安全部 民政部 司法部 财政部 人力资源社会保障部 自然资源部 生态环境部 住房城乡建设部 交通运输部 水利部 农业农村部 商务部 文化和旅游部 国家卫生健康委 退役军人事务部 应急管理部 中国人民银行 审计署 国务院国资委 海关总署 税务总局 市场监管总局 金融监管总局 中国证监会 广电总局 体育总局 国家信访局 国家统计局 国家知识产权局 国家国际发展合作署 国家医保局 国务院参事室 国管局 国务院研究室 国务院侨办 国务院港澳办 国务院台办 国家网信办 国务院新闻办 新华社 中国科学院 中国社科院 中国工程院 国务院发展研究中心 中央广电总台 中国气象局 国家粮食和物资储备局 国家能源局 国家国防科工局 国家烟草局 国家移民局 国家林草局 国家铁路局 中国民航局 国家邮政局 国家文物局 国家中医药局 国家疾控局 国家矿山安监局 国家消防救援局 国家外汇局 国家药监局 北京 天津 河北 山西 内蒙古 辽宁 吉林 黑龙江 上海 江苏 浙江 安徽 福建 江西 山东 河南 湖北 湖南 广东 广西 海南 重庆 四川 贵州 云南 西藏 陕西 甘肃 青海 宁夏 新疆 兵团 北京局 天津局 河北局 山西局 内蒙古局 辽宁局 吉林局 黑龙江局 上海局 江苏局 浙江局 安徽局 福建局 江西局 山东局 河南局 湖北局 湖南局 广东局 广西局 海南局 重庆局 四川局 贵州局 云南局 西藏局 陕西局 甘肃局 青海局 宁夏局 新疆局 兵团局 天津总队 山西总队 江苏总队 浙江总队 安徽总队 河南总队 湖南总队 广东总队 云南总队 陕西总队 新疆总队 兵团总队 中国统计学会 联合国 联合国经济和社会事务部 联合国统计司 世贸组织 粮农组织 劳工组织 基金组织 工发组织 教科文组织 世卫组织 世界银行 欧盟 经合组织 联合国开发署 联合国人口基金 联合国环境署 联合国儿童基金 世界粮食计划署 国际组织网站,https://www.stats.gov.cn/sj/zxfb/202305/t20230516_1939487.html,b4bb880a646fa50a21c83995c041cfb17d422e68425f7d2a6fd3da83d160b429
HR-050,HIST-NBS-086,国家统计局,2023-10-18 23:59:59,2023年9月份规模以上工业增加值增长4.5%,2023年9月份规模以上工业增加值增长4.5% - 国家统计局 EN 搜索 首页 机构 新闻 时政要闻 统计新闻 数据 公开 服务 互动 知识 专题 2023年9月份规模以上工业增加值增长4.5% 2023/10/18 10:00 | Aa 字体： 小 中 大 | 分享到： 9 月份，规模以上工业增加值同比实际增长 4.5% （增加值增速均为扣除价格因素的实际增长率）。从环比看， 9 月份，规模以上工业增加值比上月增长 0.36% 。 1 — 9 月份，规模以上工业增加值同比增长 4.0% 。 分三大门类看， 9 月份，采矿业增加值同比增长 1.5% ，制造业增长 5.0% ，电力、热力、燃气及水生产和供应业增长 3.5% 。 分经济类型看， 9 月份，国有控股企业增加值同比增长 5.9% ；股份制企业增长 5.6% ，外商及港澳台商投资企业增长 0.4% ；私营企业增长 3.3% 。 分行业看， 9 月份， 41 个大类行业中有 26 个行业增加值保持同比增长。其中煤炭开采和洗选业增长 1.4% ，石油和天然气开采业增长 3.4% ，农副食品加工业增长 1.2% ，酒、饮料和精制茶制造业增长 2.7% ，纺织业增长 0.8% ，化学原料和化学制品制造业增长 13.4% ，非金属矿物制品业下降 1.7% ，黑色金属冶炼和压延加工业增长 9.9% ，有色金属冶炼和压延加工业增长 8.4% ，通用设备制造业同比持平，专用设备制造业增长 1.6% ，汽车制造业增长 9.0% ，铁路、船舶、航空航天和其他运输设备制造业增长 2.6% ，电气机械和器材制造业增长 11.5% ，计算机、通信和其他电子设备制造业增长 4.5% ，电力、热力生产和供应业增长 4.6% 。 分产品看， 9 月份， 620 种产品中有 337 种产品产量同比增长。钢材 11782 万吨，同比增长 5.5% ；水泥 18887 万吨，下降 7.2% ；十种有色金属 642 万吨，增长 7.3% ；乙烯 264 万吨，增长 5.7% ；汽车 283.3 万辆，增长 3.4% ，其中新能源汽车 84.7 万辆，增长 12.5% ；发电量 7456 亿千瓦时，增长 7.7% ；原油加工量 6362 万吨，增长 12.0% 。 9 月份，工业企业产品销售率为 97.4% ，同比下降 0.4 个百分点；工业企业实现出口交货值 13683 亿元，同比名义下降 3.6% 。 2023 年 9 月份规模以上工业生产主要数据 指标 9 月 1 — 9 月 绝对量 同比增长 （ % ） 绝对量 同比增长 （ % ） 规模以上工业增加值 … 4.5 … 4.0 分三大门类 采矿业 … 1.5 … 1.7 制造业 … 5.0 … 4.4 其中：高技术制造业 … 2.3 … 1.9 电力、热力、燃气及水生产和供应业 … 3.5 … 3.5 分经济类型 其中：国有控股企业 … 5.9 … 4.6 其中：股份制企业 … 5.6 … 4.8 外商及港澳台商投资企业 … 0.4 … 0.5 其中：私营企业 … 3.3 … 2.3 主要行业增加值 煤炭开采和洗选业 … 1.4 … 1.4 石油和天然气开采业 … 3.4 … 4.3 农副食品加工业 … 1.2 … 0.4 食品制造业 … 6.4 … 2.9 酒、饮料和精制茶制造业 … 2.7 … -0.2 纺织业 … 0.8 … -1.3 化学原料和化学制品制造业 … 13.4 … 9.2 医药制造业 … -7.7 … -5.2 橡胶和塑料制品业 … 6.0 … 2.2 非金属矿物制品业 … -1.7 … -0.5 黑色金属冶炼和压延加工业 … 9.9 … 7.8 有色金属冶炼和压延加工业 … 8.4 … 7.8 金属制品业 … 3.7 … 1.9 通用设备制造业 … 0.0 … 2.1 专用设备制造业 … 1.6 … 3.9 汽车制造业 … 9.0 … 11.4 铁路、船舶、航空航天和其他运输设备制造业 … 2.6 … 5.9 电气机械和器材制造业 … 11.5 … 14.1 计算机、通信和其他电子设备制造业 … 4.5 … 1.4 电力、热力生产和供应业 … 4.6 … 3.9 主要产品产量 布（亿米） 27 -3.5 230 -3.4 硫酸（折 100 ％）（万吨） 808 8.5 7039 2.3 烧碱（折 100 ％）（万吨） 346 2.6 3025 2.1 乙烯（万吨） 264 5.7 2364 6.7 化学纤维（万吨） 631 12.1 5230 6.9 水泥（万吨） 18887 -7.2 149521 -0.7 平板玻璃（万重量箱） 8107 -6.0 71990 -7.4 生铁（万吨） 7154 -3.3 67516 2.8 粗钢（万吨） 8211 -5.6 79507 1.7 钢材（万吨） 11782 5.5 102887 6.1 十种有色金属（万吨） 642 7.3 5502 6.8 其中：原铝（电解铝）（万吨） 358 5.3 3081 3.3 金属切削机床（万台） 5 12.5 45 1.6 工业机器人（套） 36096 -14.3 320478 0.4 汽车（万辆） 283.3 3.4 2090.5 4.6 其中：轿车（万辆） 101.1 -2.1 744.1 0.3 运动型多用途乘用车（ SUV ）（万辆） 107.4 1.4 793.1 4.5 其中：新能源汽车（万辆） 84.7 12.5 609.0 26.7 发电机组（发电设备）（万千瓦） 2757 25.6 14915 28.4 太阳能电池（光伏电池）（万千瓦） 5140 65.4 38428 63.2 微型计算机设备（万台） 3256 -16.3 25312 -21.1 移动通信手持机（万台） 15941 11.8 109376 0.8 其中：智能手机（万台） 11339 3.2 79202 -6.1 集成电路（亿块） 305 13.9 2447 -2.5 原煤（万吨） 39298 0.4 344215 3.0 焦炭（万吨） 4144 3.6 36831 2.6 原油（万吨） 1687 0.3 15672 1.9 原油加工量（万吨） 6362 12.0 55484 11.5 天然气（亿立方米） 179 9.3 1704 6.4 发电量（亿千瓦时） 7456 7.7 66219 4.2 火力发电量（亿千瓦时） 4973 2.3 46397 5.8 水力发电量（亿千瓦时） 1394 39.2 8584 -10.1 核能发电量（亿千瓦时） 345 6.7 3228 6.0 风力发电量（亿千瓦时） 498 -1.6 5837 13.4 太阳能发电量（亿千瓦时） 246 6.8 2173 11.3 产品销售率（ % ） 97.4 -0.4( 百分点 ) 96.8 -0.5( 百分点 ) 出口交货值（亿元） 13683 -3.6 108549 -4.8 点击下载： 相关数据表 附注 1 、指标解释 工业增加值增长速度 : 即工业增长速度，是用来反映一定时期工业生产物量增减变动程度的指标。利用该指标，可以判断短期工业经济的运行走势和经济的景气程度，也是制定和调整经济政策、实施宏观调控的重要参考和依据。 产品销售率：是销售产值和工业总产值的比率，用来反映工业产品的产销衔接情况。 出口交货值：是指工业企业自营（委托）出口（包括销往香港、澳门、台湾地区）或交给外贸部门出口的产品价值，以及外商来样、来料加工、来件装配和补偿贸易等生产的产品价值。 日均产品产量：是以当月公布的规模以上工业企业总产量除以该月日历天数计算得到。 2 、统计范围 规模以上工业的统计范围为年主营业务收入 2000 万元及以上的工业企业。 由于规模以上工业企业范围每年发生变化，为保证本年数据与上年可比，计算产品产量等各项指标同比增长速度所采用的同期数与本期的企业统计范围尽可能相一致，和上年公布的数据存在口径差异。主要原因是：（一）统计单位范围发生变化。每年有部分企业达到规模纳入调查范围，也有部分企业因规模变小退出调查范围，还有新建投产企业、破产、注（吊）销企业等影响；（二）部分企业集团（公司）产品产量数据存在跨地区重复统计现象，根据专项调查对企业集团（公司）跨地区重复产量进行了剔重。 3 、调查方法 规模以上工业企业工业生产报表按月进行全面调查（ 1 月份数据免报）。 4 、行业分类标准 执行国民经济行业分类标准（ GB/T 4754-2017 ）。 5 、环比数据修订 根据季节调整模型自动修正结果，对 2022 年 9 月至 2023 年 8 月份规模以上工业增加值环比增速进行修订。修订结果及 2023 年 9 月份环比数据如下： 年份 月份 环比增速（ % ） 2022 年 9 月 0.80 10 月 0.18 11 月 -0.24 12 月 0.19 2023 年 1 月 0.54 2 月 0.36 3 月 0.59 4 月 -0.23 5 月 0.69 6 月 0.68 7 月 0.04 8 月 0.50 9 月 0.36 9 月份，规模以上工业增加值同比实际增长 4.5% （增加值增速均为扣除价格因素的实际增长率）。从环比看， 9 月份，规模以上工业增加值比上月增长 0.36% 。 1 — 9 月份，规模以上工业增加值同比增长 4.0% 。 分三大门类看， 9 月份，采矿业增加值同比增长 1.5% ，制造业增长 5.0% ，电力、热力、燃气及水生产和供应业增长 3.5% 。 分经济类型看， 9 月份，国有控股企业增加值同比增长 5.9% ；股份制企业增长 5.6% ，外商及港澳台商投资企业增长 0.4% ；私营企业增长 3.3% 。 分行业看， 9 月份， 41 个大类行业中有 26 个行业增加值保持同比增长。其中煤炭开采和洗选业增长 1.4% ，石油和天然气开采业增长 3.4% ，农副食品加工业增长 1.2% ，酒、饮料和精制茶制造业增长 2.7% ，纺织业增长 0.8% ，化学原料和化学制品制造业增长 13.4% ，非金属矿物制品业下降 1.7% ，黑色金属冶炼和压延加工业增长 9.9% ，有色金属冶炼和压延加工业增长 8.4% ，通用设备制造业同比持平，专用设备制造业增长 1.6% ，汽车制造业增长 9.0% ，铁路、船舶、航空航天和其他运输设备制造业增长 2.6% ，电气机械和器材制造业增长 11.5% ，计算机、通信和其他电子设备制造业增长 4.5% ，电力、热力生产和供应业增长 4.6% 。 分产品看， 9 月份， 620 种产品中有 337 种产品产量同比增长。钢材 11782 万吨，同比增长 5.5% ；水泥 18887 万吨，下降 7.2% ；十种有色金属 642 万吨，增长 7.3% ；乙烯 264 万吨，增长 5.7% ；汽车 283.3 万辆，增长 3.4% ，其中新能源汽车 84.7 万辆，增长 12.5% ；发电量 7456 亿千瓦时，增长 7.7% ；原油加工量 6362 万吨，增长 12.0% 。 9 月份，工业企业产品销售率为 97.4% ，同比下降 0.4 个百分点；工业企业实现出口交货值 13683 亿元，同比名义下降 3.6% 。 2023 年 9 月份规模以上工业生产主要数据 指标 9 月 1 — 9 月 绝对量 同比增长 （ % ） 绝对量 同比增长 （ % ） 规模以上工业增加值 … 4.5 … 4.0 分三大门类 采矿业 … 1.5 … 1.7 制造业 … 5.0 … 4.4 其中：高技术制造业 … 2.3 … 1.9 电力、热力、燃气及水生产和供应业 … 3.5 … 3.5 分经济类型 其中：国有控股企业 … 5.9 … 4.6 其中：股份制企业 … 5.6 … 4.8 外商及港澳台商投资企业 … 0.4 … 0.5 其中：私营企业 … 3.3 … 2.3 主要行业增加值 煤炭开采和洗选业 … 1.4 … 1.4 石油和天然气开采业 … 3.4 … 4.3 农副食品加工业 … 1.2 … 0.4 食品制造业 … 6.4 … 2.9 酒、饮料和精制茶制造业 … 2.7 … -0.2 纺织业 … 0.8 … -1.3 化学原料和化学制品制造业 … 13.4 … 9.2 医药制造业 … -7.7 … -5.2 橡胶和塑料制品业 … 6.0 … 2.2 非金属矿物制品业 … -1.7 … -0.5 黑色金属冶炼和压延加工业 … 9.9 … 7.8 有色金属冶炼和压延加工业 … 8.4 … 7.8 金属制品业 … 3.7 … 1.9 通用设备制造业 … 0.0 … 2.1 专用设备制造业 … 1.6 … 3.9 汽车制造业 … 9.0 … 11.4 铁路、船舶、航空航天和其他运输设备制造业 … 2.6 … 5.9 电气机械和器材制造业 … 11.5 … 14.1 计算机、通信和其他电子设备制造业 … 4.5 … 1.4 电力、热力生产和供应业 … 4.6 … 3.9 主要产品产量 布（亿米） 27 -3.5 230 -3.4 硫酸（折 100 ％）（万吨） 808 8.5 7039 2.3 烧碱（折 100 ％）（万吨） 346 2.6 3025 2.1 乙烯（万吨） 264 5.7 2364 6.7 化学纤维（万吨） 631 12.1 5230 6.9 水泥（万吨） 18887 -7.2 149521 -0.7 平板玻璃（万重量箱） 8107 -6.0 71990 -7.4 生铁（万吨） 7154 -3.3 67516 2.8 粗钢（万吨） 8211 -5.6 79507 1.7 钢材（万吨） 11782 5.5 102887 6.1 十种有色金属（万吨） 642 7.3 5502 6.8 其中：原铝（电解铝）（万吨） 358 5.3 3081 3.3 金属切削机床（万台） 5 12.5 45 1.6 工业机器人（套） 36096 -14.3 320478 0.4 汽车（万辆） 283.3 3.4 2090.5 4.6 其中：轿车（万辆） 101.1 -2.1 744.1 0.3 运动型多用途乘用车（ SUV ）（万辆） 107.4 1.4 793.1 4.5 其中：新能源汽车（万辆） 84.7 12.5 609.0 26.7 发电机组（发电设备）（万千瓦） 2757 25.6 14915 28.4 太阳能电池（光伏电池）（万千瓦） 5140 65.4 38428 63.2 微型计算机设备（万台） 3256 -16.3 25312 -21.1 移动通信手持机（万台） 15941 11.8 109376 0.8 其中：智能手机（万台） 11339 3.2 79202 -6.1 集成电路（亿块） 305 13.9 2447 -2.5 原煤（万吨） 39298 0.4 344215 3.0 焦炭（万吨） 4144 3.6 36831 2.6 原油（万吨） 1687 0.3 15672 1.9 原油加工量（万吨） 6362 12.0 55484 11.5 天然气（亿立方米） 179 9.3 1704 6.4 发电量（亿千瓦时） 7456 7.7 66219 4.2 火力发电量（亿千瓦时） 4973 2.3 46397 5.8 水力发电量（亿千瓦时） 1394 39.2 8584 -10.1 核能发电量（亿千瓦时） 345 6.7 3228 6.0 风力发电量（亿千瓦时） 498 -1.6 5837 13.4 太阳能发电量（亿千瓦时） 246 6.8 2173 11.3 产品销售率（ % ） 97.4 -0.4( 百分点 ) 96.8 -0.5( 百分点 ) 出口交货值（亿元） 13683 -3.6 108549 -4.8 点击下载： 相关数据表 附注 1 、指标解释 工业增加值增长速度 : 即工业增长速度，是用来反映一定时期工业生产物量增减变动程度的指标。利用该指标，可以判断短期工业经济的运行走势和经济的景气程度，也是制定和调整经济政策、实施宏观调控的重要参考和依据。 产品销售率：是销售产值和工业总产值的比率，用来反映工业产品的产销衔接情况。 出口交货值：是指工业企业自营（委托）出口（包括销往香港、澳门、台湾地区）或交给外贸部门出口的产品价值，以及外商来样、来料加工、来件装配和补偿贸易等生产的产品价值。 日均产品产量：是以当月公布的规模以上工业企业总产量除以该月日历天数计算得到。 2 、统计范围 规模以上工业的统计范围为年主营业务收入 2000 万元及以上的工业企业。 由于规模以上工业企业范围每年发生变化，为保证本年数据与上年可比，计算产品产量等各项指标同比增长速度所采用的同期数与本期的企业统计范围尽可能相一致，和上年公布的数据存在口径差异。主要原因是：（一）统计单位范围发生变化。每年有部分企业达到规模纳入调查范围，也有部分企业因规模变小退出调查范围，还有新建投产企业、破产、注（吊）销企业等影响；（二）部分企业集团（公司）产品产量数据存在跨地区重复统计现象，根据专项调查对企业集团（公司）跨地区重复产量进行了剔重。 3 、调查方法 规模以上工业企业工业生产报表按月进行全面调查（ 1 月份数据免报）。 4 、行业分类标准 执行国民经济行业分类标准（ GB/T 4754-2017 ）。 5 、环比数据修订 根据季节调整模型自动修正结果，对 2022 年 9 月至 2023 年 8 月份规模以上工业增加值环比增速进行修订。修订结果及 2023 年 9 月份环比数据如下： 年份 月份 环比增速（ % ） 2022 年 9 月 0.80 10 月 0.18 11 月 -0.24 12 月 0.19 2023 年 1 月 0.54 2 月 0.36 3 月 0.59 4 月 -0.23 5 月 0.69 6 月 0.68 7 月 0.04 8 月 0.50 9 月 0.36 [责任编辑:] 相关链接 政府机构网站 地方政府网站 地方统计网站 社会团体网站 国际组织网站 政府机构网站 地方政府网站 地方统计网站 社会团体网站 国际组织网站 中央人民政府门户网站 外交部 国防部 国家发展改革委 教育部 科技部 工业和信息化部 国家民委 公安部 国家安全部 民政部 司法部 财政部 人力资源社会保障部 自然资源部 生态环境部 住房城乡建设部 交通运输部 水利部 农业农村部 商务部 文化和旅游部 国家卫生健康委 退役军人事务部 应急管理部 中国人民银行 审计署 国务院国资委 海关总署 税务总局 市场监管总局 金融监管总局 中国证监会 广电总局 体育总局 国家信访局 国家统计局 国家知识产权局 国家国际发展合作署 国家医保局 国务院参事室 国管局 国务院研究室 国务院侨办 国务院港澳办 国务院台办 国家网信办 国务院新闻办 新华社 中国科学院 中国社科院 中国工程院 国务院发展研究中心 中央广电总台 中国气象局 国家粮食和物资储备局 国家能源局 国家国防科工局 国家烟草局 国家移民局 国家林草局 国家铁路局 中国民航局 国家邮政局 国家文物局 国家中医药局 国家疾控局 国家矿山安监局 国家消防救援局 国家外汇局 国家药监局 北京 天津 河北 山西 内蒙古 辽宁 吉林 黑龙江 上海 江苏 浙江 安徽 福建 江西 山东 河南 湖北 湖南 广东 广西 海南 重庆 四川 贵州 云南 西藏 陕西 甘肃 青海 宁夏 新疆 兵团 北京局 天津局 河北局 山西局 内蒙古局 辽宁局 吉林局 黑龙江局 上海局 江苏局 浙江局 安徽局 福建局 江西局 山东局 河南局 湖北局 湖南局 广东局 广西局 海南局 重庆局 四川局 贵州局 云南局 西藏局 陕西局 甘肃局 青海局 宁夏局 新疆局 兵团局 天津总队 山西总队 江苏总队 浙江总队 安徽总队 河南总队 湖南总队 广东总队 云南总队 陕西总队 新疆总队 兵团总队 中国统计学会 联合国 联合国经济和社会事务部 联合国统计司 世贸组织 粮农组织 劳工组织 基金组织 工发组织 教科文组织 世卫组织 世界银行 欧盟 经合组织 联合国开发署 联合国人口基金 联合国环境署 联合国儿童基金 世界粮食计划署 国际组织网站 版权所有: 国家统计局 联系我们 服务条款 网站地图 地址: 北京市西城区月坛南街57号 (100826) 京ICP备05034670号-2 京公网安备 11040102700142号 网站标识码bm36000002 中央人民政府门户网站 外交部 国防部 国家发展改革委 教育部 科技部 工业和信息化部 国家民委 公安部 国家安全部 民政部 司法部 财政部 人力资源社会保障部 自然资源部 生态环境部 住房城乡建设部 交通运输部 水利部 农业农村部 商务部 文化和旅游部 国家卫生健康委 退役军人事务部 应急管理部 中国人民银行 审计署 国务院国资委 海关总署 税务总局 市场监管总局 金融监管总局 中国证监会 广电总局 体育总局 国家信访局 国家统计局 国家知识产权局 国家国际发展合作署 国家医保局 国务院参事室 国管局 国务院研究室 国务院侨办 国务院港澳办 国务院台办 国家网信办 国务院新闻办 新华社 中国科学院 中国社科院 中国工程院 国务院发展研究中心 中央广电总台 中国气象局 国家粮食和物资储备局 国家能源局 国家国防科工局 国家烟草局 国家移民局 国家林草局 国家铁路局 中国民航局 国家邮政局 国家文物局 国家中医药局 国家疾控局 国家矿山安监局 国家消防救援局 国家外汇局 国家药监局 北京 天津 河北 山西 内蒙古 辽宁 吉林 黑龙江 上海 江苏 浙江 安徽 福建 江西 山东 河南 湖北 湖南 广东 广西 海南 重庆 四川 贵州 云南 西藏 陕西 甘肃 青海 宁夏 新疆 兵团 北京局 天津局 河北局 山西局 内蒙古局 辽宁局 吉林局 黑龙江局 上海局 江苏局 浙江局 安徽局 福建局 江西局 山东局 河南局 湖北局 湖南局 广东局 广西局 海南局 重庆局 四川局 贵州局 云南局 西藏局 陕西局 甘肃局 青海局 宁夏局 新疆局 兵团局 天津总队 山西总队 江苏总队 浙江总队 安徽总队 河南总队 湖南总队 广东总队 云南总队 陕西总队 新疆总队 兵团总队 中国统计学会 联合国 联合国经济和社会事务部 联合国统计司 世贸组织 粮农组织 劳工组织 基金组织 工发组织 教科文组织 世卫组织 世界银行 欧盟 经合组织 联合国开发署 联合国人口基金 联合国环境署 联合国儿童基金 世界粮食计划署 国际组织网站,https://www.stats.gov.cn/sj/zxfb/202310/t20231018_1943655.html,6f255715c849e5a757df65d2d9ab0c29491a8e7855b1ae23d3a6b5f242a21288
HR-051,MOF-BOND-SEED-02,财政部,2015-06-24 09:00:00,中华人民共和国财政部公告2015年第42号,中华人民共和国财政部公告2015年第42号。政府信息公开。您的位置：。首页。>。信息公开。名称。索引号。A07220150229。文号。财政部公告2015年第42号。发文时间。2015年06月24日。发文机构。国库司。主题。其他信息。体裁。公告。备注。中华人民共和国财政部公告2015年第42号。根据国家国债发行的有关规定，财政部决定发行2015年记账式附息（十三期）国债（以下简称本期国债），已完成招标工作。现将有关事项公告如下：一、本期国债计划发行260亿元，实际发行面值金额251.6亿元。二、本期国债期限2年，经招标确定的票面年利率为2.44%，2015年6月25日开始计息，招标结束后至6月29日进行分销，7月1日起上市交易。三、本期国债为固定利率附息债，利息按年支付，利息支付日为每年的6月25日（节假日顺延，下同），2017年6月25日偿还本金并支付最后一次利息。其他事宜按《中华人民共和国财政部公告》（2015年第1号）规定执行。特此公告。中华人民共和国财政部2015年6月24日。关闭。打印。字号：。大。|。中。|。小。网站地图。联系我们。主办单位：中华人民共和国财政部。网站标识码：bm14000001。京ICP备05002860号。京公网安备11010202000006号。技术支持：财政部信息网络中心。中华人民共和国财政部版权所有，如需转载，请注明来源,https://www.mof.gov.cn/gp/xxgkml/gks/201506/t20150624_2511307.htm,64c604a38dafc3ae20deb26f40ee3d3223ea9ca7063f5d70b9db87068b3d4294
HR-052,MOF-BOND-SEED-04,财政部,2015-07-31 09:00:00,关于2015年记账式附息（十八期）国债发行工作有关事宜的通知,关于2015年记账式附息(十八期)国债<br>发行工作有关事宜的通知。政府信息公开。您的位置：。首页。>。信息公开。名称。索引号。A07220150229。文号。财库﹝2015﹞143号。发文时间。2015年07月31日。发文机构。国库司。主题。其他信息。体裁。通知。备注。关于2015年记账式附息(十八期)国债。发行工作有关事宜的通知。财库﹝2015﹞143号2015-2017年记账式国债承销团成员，中央国债登记结算有限责任公司、中国证券登记结算有限责任公司、中国外汇交易中心、上海证券交易所、深圳证券交易所：为筹集财政资金，支持国民经济和社会事业发展，财政部决定发行2015年记账式附息（十八期）国债（以下简称本期国债）。现就本期国债发行工作有关事宜通知如下：一、发行条件（一）品种和数量。本期国债为1年期固定利率附息债，竞争性招标面值总额220亿元，进行甲类成员追加投标。（二）日期安排。2015年8月7日招标，8月10日开始计息，招标结束至8月12日进行分销，8月14日起上市交易。（三）兑付安排。本期国债到期一次还本付息，2016年8月10日（节假日顺延）偿还本金并支付利息。（四）发行手续费。承销面值的0.05%。二、竞争性招标（一）招标方式。采用混合式招标方式，标的为利率。（二）标位限定。投标剔除、中标剔除和每一承销团成员投标标位差分别为50个、15个和25个标位。三、发行款缴纳中标承销团成员于2015年8月12日前（含8月12日），将发行款一次缴入财政部指定账户。缴款日期以财政部指定账户收到款项为准。收款人名称：中华人民共和国财政部开户银行：国家金库总库账号：270—15118汇入行行号：011100099992四、其他除上述有关规定外，本期国债招标工作按《财政部关于印发〈2015年记账式国债招标发行规则〉的通知》（财库〔2015〕31号）规定执行。财政部2015年7月31日。关闭。打印。字号：。大。|。中。|。小。网站地图。联系我们。主办单位：中华人民共和国财政部。网站标识码：bm14000001。京ICP备05002860号。京公网安备11010202000006号。技术支持：财政部信息网络中心。中华人民共和国财政部版权所有，如需转载，请注明来源,https://www.mof.gov.cn/gp/xxgkml/gks/201507/t20150731_2511335.htm,d481d0fa9355cd5f91e23a73561c063476552fb8ae989bec0c8cd631b900352a
HR-053,MOF-BOND-SEED-06,财政部,2016-03-25 09:00:00,2015年和2016年中央财政国债余额情况表,2015年和2016年中央财政国债余额情况表。政府信息公开。您的位置：。首页。>。信息公开。名称。索引号。A06420160071。文号。发文时间。2016年03月25日。发文机构。预算司。主题。财政数据。体裁。其他。备注。2015年和2016年中央财政国债余额情况表。单位：亿元人民币。项。目。预算数。执行数。一、。2014。年末国债余额实际数。95655.45。内债余额。94676.31。外债余额。979.14。二、。2015。年末国债余额限额。111908.35。三、。2015。年国债发行额。21285.06。内债发行额。20987.47。外债发行额。297.59。四、。2015。年国债还本额。10347.58。内债还本额。10196.30。外债还本额。151.28。五、。2015。年末国债余额实际数。106599.59。内债余额。105467.48。外债余额。1132.11。六、。2015。年执行中削减中央财政赤字。七、。2016。年中央财政赤字。14000.00。八、。2016。年末国债余额限额。125908.35。注：。1.。本表。2014。年外债余额实际数按照国家外汇局公布的。2014。年。12。月外汇折算率计算，。2015。年外债发行额和外债余额实际数按照国家外汇局公布的。2015。年。12。月外汇折算率计算，。2015。年外债还本额按照当期汇率计算。受外币汇率变动影响，。2015。年末外债余额实际数≠。2014。年外债余额实际数。+2015。年外债发行额。-2015。年外债还本额。。2.。本表国债余额包括国债、国际金融组织和外国政府贷款。除此之外，还有一部分需要政府偿还的债务，主要是偿付金融机构债务，以及部分政府部门及所属单位举借的债务等，这部分债务在规范管理后纳入国债余额。。关闭。打印。字号：。大。|。中。|。小。网站地图。联系我们。主办单位：中华人民共和国财政部。网站标识码：bm14000001。京ICP备05002860号。京公网安备11010202000006号。技术支持：财政部信息网络中心。中华人民共和国财政部版权所有，如需转载，请注明来源,https://www.mof.gov.cn/gp/xxgkml/yss/201603/t20160325_2510802.htm,c1901665c9c4ceb9a3d1064ba62224f5362044dddc18ebb6029e1086e3b93e30
HR-054,MOF-BOND-SEED-07,财政部,2016-12-27 09:00:00,关于公布2017年国债发行计划的通知,关于公布2017年储蓄国债关键期限及超长期国债第一季度国债发行计划的通知。政府信息公开。您的位置：。首页。>。信息公开。名称。索引号。A07220160329。文号。财办库﹝2016﹞471号。发文时间。2016年12月27日。发文机构。国库司。主题。其他信息。体裁。通知。备注。关于公布2017年储蓄国债关键期限及超长期国债第一季度国债发行计划的通知。财办库﹝。2016。﹞。471。号。储蓄国债承销团成员、记账式国债承销团成员，中国外汇交易中心、上海证券交易所、深圳证券交易所，中央国债登记结算有限责任公司、中国证券登记结算有限责任公司：。现公布。2017。年储蓄国债、关键期限及超长期国债、第一季度国债发行计划（见附件）。执行中如有变动，以届时国债发行文件为准。。附件：。1.。2017。年储蓄国债发行计划表。2.。2017。年关键期限及超长期国债发行计划表。3.。2017。年第一季度国债发行计划表。财政部办公厅。2016。年。12。月。26。日。关闭。打印。字号：。大。|。中。|。小。网站地图。联系我们。主办单位：中华人民共和国财政部。网站标识码：bm14000001。京ICP备05002860号。京公网安备11010202000006号。技术支持：财政部信息网络中心。中华人民共和国财政部版权所有，如需转载，请注明来源,https://www.mof.gov.cn/gp/xxgkml/gks/201612/t20161227_2511920.htm,efd046b9c616005f0a698e38fbe0b83cf6166e57d052938d7807107fbf2e7e66
HR-055,MOF-BOND-SEED-08,财政部,2017-06-13 09:00:00,2017年财政部将在境外发行人民币国债和美元主权债券,2017年财政部将在境外发行140亿元人民币国债和20亿元美元主权债券。EN。热门检索：。财政收支。积极财政政策。减税降费。首页。职能机构。新闻报道。信息公开。政务服务。交流互动。专题专栏。财政视频。您现在的位置：。首页。>。新闻报道。>。财政新闻。2017年财政部将在境外发行140亿元人民币国债。和20亿元美元主权债券。发布日期：2017年06月13日。分享到微信朋友圈。x。打开微信，点击底部的“发现”，。使用“扫一扫”即可将网页分享至朋友圈。。2017年6月13日来源：财政部新闻办公室。经国务院批准，2017年中华人民共和国财政部将在境外发行140亿元人民币国债和20亿元美元主权债券。其中：140亿元人民币国债将分两次在香港特别行政区发行，上、下半年各发行70亿元；美元主权债券将于下半年发行。相关债券的具体发行安排，将在发行前公布。。附件下载：。相关文章：。【。大。中。小。】。【打印此页】。【关闭窗口】。网站地图。联系我们。主办单位：中华人民共和国财政部。网站标识码：bm14000001。京ICP备05002860号。京公网安备11010202000006号。技术支持：财政部信息网络中心。中华人民共和国财政部版权所有，如需转载，请注明来源。财政部微信。财政部视频号。财政部。官方抖音号。移动客户端。Android下载。移动客户端。iphone下载,https://www.mof.gov.cn/zhengwuxinxi/caizhengxinwen/201706/t20170613_2621544.htm,605300cb5196777063ac3b339bdec5002d486564ad10603950aa016a197f76fb
HR-056,MOF-BOND-SEED-10,财政部,2017-12-06 09:00:00,2017年记账式附息（二十三期）国债第二次续发行通知,财政部关于2017年记账式附息(二十三期)国债<br>第二次续发行工作有关事宜的通知。政府信息公开。您的位置：。首页。>。信息公开。名称。索引号。A07920170423。文号。财库﹝2017﹞199号。发文时间。2017年12月06日。发文机构。国库司。主题。其他信息。体裁。通知。备注。财政部关于2017年记账式附息(二十三期)国债。第二次续发行工作有关事宜的通知。关闭。打印。字号：。大。|。中。|。小。网站地图。联系我们。主办单位：中华人民共和国财政部。网站标识码：bm14000001。京ICP备05002860号。京公网安备11010202000006号。技术支持：财政部信息网络中心。中华人民共和国财政部版权所有，如需转载，请注明来源,https://www.mof.gov.cn/gp/xxgkml/gks/201712/t20171213_2776284.htm,d3ca7818f82d3c16c8c582f2c754a14ed50a7bc04daaa2bf6ea84c27a15d515c
HR-057,MOF-BOND-20251110-5a15c1a70a,财政部,2025-11-10 16:34:00,关于2025年第九期和第十期储蓄国债（电子式）发行工作有关事宜的通知,财债〔2025〕2号。各省、自治区、直辖市、计划单列市财政厅（局），中国人民银行各省、自治区、直辖市、计划单列市分行，2024—2026年储蓄国债承销团成员，中央国债登记结算有限责任公司：。为筹集财政资金，支持国民经济和社会事业发展，财政部决定发行2025年第九期储蓄国债（电子式）（国债简称：25储蓄09，国债代码：251709，以下称第九期）和2025年第十期储蓄国债（电子式）（国债简称：25储蓄10，国债代码：251710，以下称第十期），现就第九期和第十期（以下称两期国债）发行工作有关事宜通知如下：。一、发行条件。两期国债均为固定利率、固定期限品种。第九期期限3年，票面年利率为1.63%，最大发行额238.5亿元；第十期期限5年，票面年利率为1.7%，最大发行额238.6亿元。两期国债发行期为2025年11月10日至11月19日，2025年11月10日起息，按年付息，每年11月10日支付利息。第九期、第十期分别于2028年11月10日、2030年11月10日偿还本金并支付最后一次利息。两期国债发行公告日至发行开始前一日，如遇中国人民银行调整3年期金融机构存款基准利率，两期国债取消发行。发行期内，如遇中国人民银行调整3年期金融机构存款基准利率，两期国债从调息之日起停止发行，未售出发行额度由财政部收回注销。二、销售组织。两期国债由2024—2026年储蓄国债承销团成员（以下称承销团成员）代销。其中，已开通储蓄国债（电子式）销售电子渠道（包括手机银行和网上银行）的承销团成员通过网点柜面和电子渠道代销，其他承销团成员通过网点柜面代销。承销团成员名单、初始基本代销额度比例和电子渠道开通情况详见附件。单一个人国债二级托管账户购买每期国债不得超过300万元。2025年11月10日，承销团成员通过电子渠道代销两期国债的额度上限为其当期国债初始基本代销额度的40%；2025年11月11日至11月19日，开通电子渠道的承销团成员在其取得的代销额度内合理分配各渠道额度比例。2025年11月13日营业结束后，各承销团成员未售出的基本代销额度与中央国债登记结算有限责任公司（以下称国债公司）核对一致后全部调减为零。调减出的基本代销额度纳入机动代销额度，自2025年11月14日起供各承销团成员抓取。三、提前兑取。两期国债发行期内不得提前兑取，发行期结束后可提前兑取。提前兑取业务只能通过承销团成员营业网点柜面办理。投资者提前兑取两期国债时，承销团成员按照从上一付息日（含）至提前兑取日（不含）的实际天数和以下执行利率向投资者计付利息，即：从2025年11月10日开始计算，持有两期国债不满6个月提前兑取不计付利息，满6个月不满24个月按票面利率计息并扣除180天利息，满24个月不满36个月按票面利率计息并扣除90天利息；持有第十期满36个月不满60个月按票面利率计息并扣除60天利息。承销团成员为投资者办理提前兑取，可按照提前兑取本金的1‰向投资者收取手续费。四、资金清算。（一）两期国债发行款项分两次上缴国家金库总库，缴款日期以到账日为准，2025年11月10日至11月13日的发行款于2025年11月14日17:00前上缴，2025年11月14日至11月19日的发行款于2025年11月20日17:00前上缴。国债发行款通过支付系统汇划时，应使用hvps.111.001.01格式报文（客户发起汇兑业务报文）。报文中“汇款人名称”栏应填写国债缴款人名称；汇款附言注明国债简称、缴款批次和缴款机构代码（机构代码见附件），例如：25储蓄09第一批1001。收款人名称：中华人民共和国财政部。开户行：国家金库总库。支付系统行号（同接收行行号）：011100099992。第九期缴款账号：270—25409。第十期缴款账号：270—25410。（二）投资者提前兑取两期国债一级资金清算方式为定期清算，一级资金清算计息比照本通知“三、提前兑取”规定执行。（三）财政部委托国债公司办理一级资金清算的本息资金支付。本通知未尽事宜，按照储蓄国债相关管理规定执行。附件：各承销团成员初始基本代销额度比例表。财政部  中国人民银行。2025年11月3日。附件下载:。各承销团成员初始基本代销额度比例表.doc。相关文章:,https://zwgls.mof.gov.cn/ywgg/202511/t20251107_3976013.htm,2a25a07e8e83f7860468ffa8fbbb49dee40be37efc496381d275262ff6113e0a
HR-058,MOF-BOND-20251126-434781a289,财政部,2025-11-26 11:18:00,关于2025年记账式贴现（七十三期）国债发行工作有关事宜的通知,财办债〔2025〕10号。记账式国债承销团成员，中央国债登记结算有限责任公司、中国证券登记结算有限责任公司、中国外汇交易中心、上海证券交易所、深圳证券交易所：。财政部拟发行2025年记账式贴现（七十三期）国债。现就本次发行工作有关事宜通知如下：。一、债券要素。（一）品种。本期国债为期限63天的贴现债。（二）发行数量。本期国债竞争性招标面值总额400亿元，进行甲类成员追加投标。（三）发行价格。本期国债发行价格通过竞争性招标确定，以低于票面金额的价格贴现发行。（四）本息兑付日期。本期国债自2025年11月27日开始计息，于2026年1月29日（节假日顺延）按面值偿还。二、竞争性招标安排。（一）招标时间。2025年11月26日上午10:35至11:35。（二）招标方式。本次发行竞争性招标采用修正的多重价格招标方式，标的为价格。（三）发行系统。通过财政部政府债券发行系统进行招标发行。（四）标位限定。投标标位变动幅度0.001元，投标剔除、中标剔除和每一承销团成员投标标位差分别为90个、75个和75个标位。三、发行款缴纳。中标承销团成员于2025年11月27日前（含11月27日），将发行款缴入财政部指定账户。缴款日期以财政部指定账户收到款项日期为准。收款人名称：中华人民共和国财政部。开户银行：国家金库总库。账号：270-25273-1。汇入行行号：011100099992。四、分销及上市日期。本期国债招标结束至2025年11月27日进行分销，12月1日起上市交易。五、其他。本次发行应急投标书和债权托管应急申请书格式见附件1、2。除上述规定外，本次国债招标工作按《记账式国债招标发行规则》（财库〔2022〕4号）执行。附件：1.记账式国债发行应急投标书。2.记账式国债债权托管应急申请书。财政部办公厅。2025年11月14日。附件下载:。附件1记账式国债发行应急投标书.docx附件2记账式国债债权托管应急申请书.docx。相关文章:,https://zwgls.mof.gov.cn/ywgg/202511/t20251125_3977278.htm,f944d80e282e181804fa42c2793fc65bcf34efad496278009f93557a46a79855
HR-059,MOF-BOND-20260407-e5d8651dcd,财政部,2026-04-07 15:15:00,关于2026年记账式附息（四期）国债第二次续发行工作有关事宜的通知,财办债〔2026〕57号。记账式国债承销团成员，中央国债登记结算有限责任公司、中国证券登记结算有限责任公司、中国外汇交易中心、上海证券交易所、深圳证券交易所：。财政部拟第二次续发行2026年记账式附息（四期）国债。现就本次续发行工作有关事宜通知如下：。一、债券要素。（一）品种。本次续发行国债为3年期固定利率附息债。（二）发行数量。本次续发行国债竞争性招标面值总额1700亿元，进行甲类成员追加投标。（三）票面利率。本次续发行国债票面利率与之前发行的同期国债相同，为1.32%。（四）本息兑付日期。本次续发行国债的起息日、兑付安排与之前发行的同期国债相同。自2026年2月25日开始计息，按年付息，每年2月25日（节假日顺延，下同）支付利息，2029年2月25日偿还本金并支付最后一次利息。二、竞争性招标安排。（一）招标时间。2026年4月8日上午10:35至11:35。（二）招标方式。采用修正的多重价格招标方式，标的为价格。（三）发行系统。通过财政部政府债券发行系统进行招标发行。（四）标位限定。投标标位变动幅度0.03元，投标剔除、中标剔除和每一承销团成员投标标位差分别为80个、30个和40个标位。三、发行款缴纳及发行手续费。中标承销团成员于2026年4月9日前（含4月9日），将发行款缴入财政部指定账户。缴款日期以财政部指定账户收到款项日期为准。收款人名称：中华人民共和国财政部。开户银行：国家金库总库。账号：270-26104-3。汇入行行号：011100099992。本次续发行国债发行手续费为各承销团成员承销面值的0.03%。四、分销及上市日期。本次续发行国债招标结束至2026年4月9日进行分销，4月13日起与之前发行的同期国债合并上市交易。五、其他。本次发行应急投标书和债权托管应急申请书格式见附件1、2。除上述规定外，本次国债招标工作按《记账式国债招标发行规则》（财库〔2022〕4号）执行。附件：1.记账式国债发行应急投标书。2.记账式国债债权托管应急申请书。财政部办公厅。2026年4月2日。附件下载:。附件1记账式国债发行应急投标书.docx附件2记账式国债债权托管应急申请书.docx。相关文章:,https://zwgls.mof.gov.cn/ywgg/202604/t20260402_3986825.htm,197fc9dbae4124f795c98e552bb445b880cd4b331d5f73d693a88647a5c2371b
HR-060,MOF-BOND-20260413-0ff50368b5,财政部,2026-04-13 10:51:00,关于2026年记账式附息（八期）国债发行工作有关事宜的通知,财办债〔2026〕60号。记账式国债承销团成员，中央国债登记结算有限责任公司、中国证券登记结算有限责任公司、中国外汇交易中心、上海证券交易所、深圳证券交易所：。财政部拟发行2026年记账式附息（八期）国债。现就本次发行工作有关事宜通知如下：。一、债券要素。（一）品种。本期国债为5年期固定利率附息债。（二）发行数量。本期国债竞争性招标面值总额1400亿元，进行甲类成员追加投标。（三）票面利率。本期国债票面利率通过竞争性招标确定。（四）本息兑付日期。本期国债自2026年4月15日开始计息，每年支付利息，付息日为每年4月15日（节假日顺延，下同），2031年4月15日偿还本金并支付最后一次利息。二、竞争性招标安排。（一）招标时间。2026年4月14日上午10:35至11:35。（二）招标方式。采用修正的多重价格招标方式，标的为利率。（三）发行系统。通过财政部政府债券发行系统进行招标发行。（四）标位限定。投标剔除、中标剔除和每一承销团成员投标标位差分别为80个、30个和40个标位。三、发行款缴纳及发行手续费。中标承销团成员于2026年4月15日前（含4月15日），将发行款缴入财政部指定账户。缴款日期以财政部指定账户收到款项日期为准。收款人名称：中华人民共和国财政部。开户银行：国家金库总库。账号：270-26108-1。汇入行行号：011100099992。本期国债发行手续费为各承销团成员承销面值的0.06%。四、分销及上市日期。本期国债招标结束至2026年4月15日进行分销，4月17日起上市交易。五、其他。本次发行应急投标书和债权托管应急申请书格式见附件1、2。除上述规定外，本期国债招标工作按《记账式国债招标发行规则》（财库〔2022〕4号）执行。附件：1.记账式国债发行应急投标书。2.记账式国债债权托管应急申请书。财政部办公厅。2026年4月3日。附件下载:。附件1记账式国债发行应急投标书.docx附件2记账式国债债权托管应急申请书.docx。相关文章:,https://zwgls.mof.gov.cn/ywgg/202604/t20260407_3986999.htm,b5cd76db6c451aebda130fd0da2f7f63061abddfce291e018f0c5c30c26011de
