doc_id,source_type,title,content,publish_time,source_name,url,review_status
CNINFO-002738-1217358968,announcement,关于投资蒙古URT锂矿项目进展的公告,"中矿资源 集团 股份有限公司 1 证券代码：002738 证券简称：中矿资源 公告编号：2023-061号 债券代码：128111 债券简称：中矿转债 中矿资源集团股份有限公司 关于投资蒙古 URT 锂矿项目进展的公告 一、投资情况概述 中矿资源集团股份有限公司（以下简称“公司”或“本公司”）与 Lithium Century LLC（以下简称“世纪锂业”）及蒙古国籍自然人 Tsogbat Manj、Urnaa Manj、Ganbaatar Samdan 于 2023 年 2 月 12 日签署投资性《框架协议》，公司 拟出资合计 2,000 万美元通过收购和增资取得 URT 锂矿项目 51%权益。具体内 容详见公司于 2023 年 2 月 14 日刊登在 《中国证券报》 、 《证券时报》 和巨潮资 讯网（cninfo.com.cn）上的公告(公告编号：2023-010)。 二、投资进展概述 《框架协议》签署后， 公司专家团队和聘请的中介机构对世纪锂业进行尽职 调查等相关工作。相关各方就投资事项进行了商洽，未达成最终共识。经公司审 慎研究并与相关各方友好协商，决定终止《框架协议》并于 2023 年 7 月 21 日签 署了《Termination of Framework Agreement》（“终止与解除协议”） 。本次 对外投资事项终止。 三、对公司的影响及风险提示 公司签署的 《框架协议》 仅为初步合作意向和原则的框架性协议， 目前公司 未与相关各方签订正式的投资协议，公司及相关各方无需对相关事项的终止承担 赔偿及其他责任。 本次交易涉及的矿权尚处于初级勘探阶段，终止本次投资事项不会对公司业 绩及财务状况产生不利影响， 不存在损害公司和股东利益的情况。未来， 公司将 本公司及董事会全体成员保证信息披露的内容真实、准确、完整，没有虚 假记载、误导性陈述或重大遗漏。
中矿资源 集团 股份有限公司 2 继续发挥地勘技术优势， 在全球范围内积极获取优质矿权， 推动公司可持续健康 发展。 敬请广大投资者注意投资风险。 四、备查文件 1、中矿资源集团 股份有限公司 与 Tsogbat Manj、Urnaa Manj、Ganbaatar Samdan 及世纪锂业签署的《Termination of Framework Agreement》。 特此公告。 中矿资源集团股份有限公司董事会 2023 年 7 月 21 日",2023-07-22,巨潮资讯网,https://static.cninfo.com.cn/finalpage/2023-07-22/1217358968.PDF,accepted
CNINFO-000408-1217375668,announcement,关于开展商品期货套期保值业务的公告,"证券代码：000408 证券简称：藏格矿业 公告编号：2023-039 藏格矿业股份有限公司 关于开展商品期货套期保值业务的公告 本公司及董事会全体成员保证信息披露的内容真实、准确、完整，没有虚 假记载、误导性陈述或重大遗漏。 藏格矿业股份有限公司（以下简称“公司”）于 2023 年 7 月 24 日召开第九届 董事会第八次会议， 审议通过了 《关于公司开展商品期货套期保值业务的议案》 ， 因公司业务发展需要，拟开展商品期货套期保值业务，现将有关情况公告如下： 一、开展商品期货套期保值业务的目的 公司全资子公司格尔木藏格锂业有限公司主要从事电池级碳酸锂产品的生 产和销售业务， 主要产品为碳酸锂。 近年来， 碳酸锂产品价格波动巨大， 为降低 产品价格波动给公司带来的经营风险， 保持公司经营业绩持续、 稳定， 公司拟利 用期货工具的避险保值功能， 根据生产经营计划择机开展商品期货套期保值业务， 有效降低产品市场价格波动风险，保障主营业务稳步发展。 二、拟开展商品期货套期保值业务的基本情况 1、交易品种 公司开展商品期货套期保值业务的期货品种仅限于与公司生产经营有直接 关系的碳酸锂期货品种。 2、资金额度 公司拟开展套期保值业务的保证金金额不超过人民币 1.5 亿元 （不含期货标 的实物交割款项），上述额度在有效期限内可循环滚动使用。 3、资金来源 公司自有资金。
4、业务授权及期限 董事会授权公司经营管理层及全资子公司藏格矿业投资 （成都） 有限公司开 展商品期货套期保值业务， 并按照公司制定的 《证券投资与衍生品交易管理办法》 （以下简称《管理办法》）相关规定及流程，进行套期保值业务操作及管理。 自公司董事会审议通过之日起 12 个月内有效。如单笔交易的存续期超过了 授权期限，则授权期限自动顺延至该笔交易终止时止。 三、开展商品期货套期保值业务的风险分析 公司开展套期保值业务不以投机为目的， 主要为有效降低锂盐产品市场价格 剧烈波动可能对公司经营带来的影响，但同时也会存在一定的风险，具体如下： 1、市场风险 理论上， 各交易品种在临近交割期时期货市场价格和现货市场价格将趋于回 归一致， 但在极个别的非理性市场情况下， 如市场发生系统性风险， 期货价格与 现货价格走势相背离等， 会对公司的套期保值操作方案带来影响， 甚至造成损失。 2、政策风险 如期货市场相关法规政策发生重大变化， 可能导致市场发生剧烈波动或无法 交易的风险。 3、流动性风险 期货交易采取保证金和逐日盯市制度，按照经公司审批的方案下单操作时， 如果合约活跃度较低， 导致套期保值持仓无法成交或无法在合适价位成交， 令实 际交易结果与方案设计出现较大偏差， 甚至面临因未能及时补足保证金而被强行 平仓带来的损失。 4、内部控制风险 期货交易专业性较强， 复杂程度较高， 可能会产生由于内控体系不完善造成 风险。 5、技术风险
由于无法控制和不可预测的系统故障、 网络故障、 通讯故障等造成交易系统 非正常运行， 使交易指令出现延迟、 中断或数据错误等问题， 从而带来相应风险。 四、相关风控措施 1、 公司严格执行法律法规、 交易所业务规则等，已制定 《管理办法》，《管 理办法》 对公司开展商品期货套期保值业务的决策权限、 审批流程、 业务管理及 风险控制等方面做出了明确规定， 建立了有效的监督检查、 风险控制和交易止损 机制，降低了内部控制风险；公司将根据《管理办法》，结合公司实际，制定商 品期货套期保值业务操作细则，以加强对相关风险的有效控制。 2、合理设置公司期货业务组织机构，建立岗位责任制，明确各相关部门和 岗位的职责权限，严格在董事会批准的权限内办理公司商品期货套期保值业务。 同时， 公司加强相关人员的业务培训及职业道德教育， 提高相关人员专业知识及 综合素质。 3、公司开展商品期货套期保值业务仅限于与公司经营业务相关性高的期货 品种， 业务规模将与公司经营业务相匹配， 最大程度对冲价格波动风险。 公司在 制订交易方案的同时做好资金测算， 以确保可用资金充裕； 严格控制套期保值的 资金规模， 合理规划和使用资金， 在市场剧烈波动时做到合理止损， 有效降低产 品市场价格波动风险。 4、公司内部审计部门定期或不定期对套期保值交易业务进行检查，监督套 期保值交易业务人员执行风险管理制度和风险管理工作程序， 及时防范业务中的 操作风险。 5、公司已针对拟开展商品期货套期保值业务完成可行性评估，公司实施该 业务具备可行性。 五、开展商品期货套期保值业务的会计核算原则 公司根据《企业会计准则第 22 号——金融工具确认和计量》《企业会计准 则第 24 号——套期会计》《企业会计准则第 37 号——金融工具列报》《企业会 计准则第 39 号——公允价值计量》等相关规定及其指南，对商品期货套期保值 业务进行相应的核算处理，并在财务报告中正确列报。
六、监事会意见 经审核，公司监事会认为：公司开展商品期货套期保值业务符合《证券法》 《深圳证券交易所股票上市规则》《公司章程》等有关法律、行政法规、规章、 规范性文件的规定。 公司制定的 《证券投资与衍生品交易管理办法》 对操作原则、 审批权限等做了明确规定， 总体风险可控。 公司董事会审议本次公司开展商品期 货套期保值业务的议案时， 决策程序合法、 有效， 不存在损害公司及全体股东特 别是中小股东利益的情形。 综上， 监事会同意公司及子公司开展商品期货套期保 值业务相关事宜。 七、独立董事意见 经审议， 公司独立董事认为： 公司开展商品期货套期保值业务是以风险防范 为目的， 有利于降低产品价格波动风险， 符合公司业务发展及日常经营需要， 有 利于公司长期稳健发展。 公司通过开展商品期货套期保值业务规避产品价格波动 风险属于合理的商业行为。 公司已制定 《证券投资与衍生品交易管理办法》 ， 明 确了审批权限、 专业管理、 风险控制等内部控制程序， 降低了内部控制风险。 该 议案的决策程序符合相关法律、 法规及 《公司章程》 的有关规定， 不存在损害公 司和全体股东特别是中小股东利益的情形。 综上， 我们一致同意公司开展商品期 货套期保值业务。 特此公告。 藏格矿业股份有限公司董事会 2023 年 7 月 25 日",2023-07-25,巨潮资讯网,https://static.cninfo.com.cn/finalpage/2023-07-25/1217375668.PDF,accepted
CNINFO-000762-1217374402,announcement,关于控股子公司西藏日喀则扎布耶锂业高科技有限公司签订重大合同的关联交易进展公告,"股票代码：000762 股票简称：西藏矿业 编号：临2023-014 西藏矿 业发展股份有限 公司 （以下简称 “公司” ） 控 股子公司西 藏日喀则扎布耶锂业高科技有限公司 （以下 简 称“ 西藏扎布耶”）与 宝武 清洁 能源有 限公司（ 以下简 称 “宝武清能 ”）就西藏扎布耶盐湖绿 色综合开发利用万 吨 电 池 级碳 酸 锂供 能项 目 （BOO ） （以 下 简称 “项 目 ”） 签 订了《供能服务合同》。具体内容详见 2022 年11 月29 日公 司于巨潮资 讯网披露的《关于控股子 公司西藏日喀则扎 布 耶锂业高科 技有限公司签订重大合同 的关联交易公告》 （ 编号：2022 -057 ）。 按照《西藏扎布耶盐湖绿色综合开发利用万吨电池级碳酸 锂供能项目（BOO）招标文件》约定，“中标人按要求组建项目 公司，负责本项目的投融资、建设、运营、服务”“我们同意， 如果我们的投标文件在其有效期内被贵方接受，将按照贵方所 接受的格式以及投资者须知的规定，确保项目公司签署所有项
目合同”，宝武清能已组建项目公司宝武清洁能源（西藏）有 限公司【以下简称“宝武（西藏）清能 ”】来负责BOO项目的 具体实施。为了进一步推进BOO项目工作进展，近日经公司内部 决策，同意西藏扎布耶拟与宝武清能、宝武（西藏）清能签订 《BOO供能合同三方补充协议》（以下简称“《补充协议》”） 的事项，约定宝武（西藏）清能将依据西藏扎布耶招标文件 要求及既有合同享有宝武清能所享有的全部权利、履行宝武 清能全部义务，并承担宝武清能全部责任，并享受自该补充 之日起宝武清能原未享受的权利。宝武（西藏）清能作为宝 武清能的全资（或控股、实控）子公司，如其违约，则宝武 清能承担连带责任。 1、基 本 情 况 ：宝武清洁能源（西藏）有限公司 ，税号 91540200MABYMBXT5M，成立于2022年9月22日，增值税 一般纳税 人 经济性质：国有企业 企业类型：其他有限责任公司 经营范围包括许可项目： 发电业务、输电业务、供（配） 电业务；供电业务；供暖服务（依法须经批准的项目，经相关部 门批准后方可开展经营活动，具体经营项目以相关部门许可证件 为准）一般项目：太阳能发电技术服务；热力生产和供应；新兴 能源技术研发；发电技术服务；风力发电技术服务；储能技术服 务；技术服务、技术开发、技术咨询、技术交流、技术转让、技 术推广；合同能源管理；信息咨询服务（不含许可类信息咨询服
务）（除依法须经批准的项目外，自主开展法律法规未禁止、限 制的经营活动）。 企业法定代表人：唐清荣。 注册资本：10,000万元。 注册地：西藏自治区日喀则市桑珠孜区城南街道日喀则经济 开发区开放大道9号-19号启航电力智慧产业园3-112室。 办公地址：西藏自治区日喀则市桑珠孜区珠峰路 25号。 2、主要股东：宝武清能持股 100%。 3、历史沿革：2022 年7月，宝武清能中标西藏扎布耶盐 湖绿色综合开发利用万吨电池级碳酸锂供能项目（ BOO ）， 项目按照准孤网模式进行建设，包括光热、光伏、储能及相 关公用公辅设施工程，通过光热、光伏为西藏扎布耶盐湖绿 色综合开发利用万吨电池级碳酸锂项目提供所需的电力及蒸 汽。 根据本项目工程特点，为做好项目的建设、生产、运营 及相关管理工作，宝武清能在西藏日喀则市注册成立了 宝武 （西藏）清能 ，作为本项目的履约主体。本着平等平利、共 谋发展、合作共赢的原则，打造西藏地区新能源标杆示范企 业。 4、主要财务数据 ：2022 年经审计合并报表实现收入 0亿 元，净利润为0亿元。2023年6月末净资产1亿元。 5、宝武（西藏）清能是宝武清能全资子公司，宝武清 能系公司实际控制人中国宝武钢铁集团有限公司（以下简称
“宝武集团”）的控股子公司，构成同一控制企业下的关联 方。 6、宝武（西藏）清能 不是失信被执行人， 作为宝武集 团二级子公司，新能源发展战略符合集团公司战略升级要求， 得到集团公司大力支持，具有履约能力。 7、最近三年公司未与交易对手方发生类似交易情况， 交易金额为0。 1、宝武清能 已经按照本项目 西藏扎布耶 招标文件要求 组建了负责项目实施的项目公司， 即宝武（西藏）清能 。自 2023 年7月30日起， 宝武（西藏）清能 将依据 西藏扎布耶 招 标文件要求及既有合同享有 宝武清能 所享有的全部权利、履 行全部义务、承担全部责任，并享受自本补充之日起 宝武清 能原未享受的权利。 2、西藏扎布耶 、宝武清能 、宝武（西藏）清能 三方确 认，宝武（西藏）清能作为宝武清能的全资（或控股、实控） 子公司，如有宝武（西藏）清能违约，则宝武清能承担连带 责任。 3、西藏扎布耶 、宝武 （西藏 ）清能 双方之间不再另行 签订新合同，双方仍须按照原 西藏扎布耶 、宝武清能 双方签 订的《西藏扎布耶盐湖绿色综合开发利用万吨电池级碳酸锂 供能项目 —BOO 供能合同》享受权利、履行义务。
4、本补充协议未约定事项，按照原 西藏扎布耶 、宝武 清能之间签订的《西藏扎布耶盐湖绿色综合开发利用万吨电 池级碳酸锂供能项目 —BOO供能合同》中的内容执行。 5、协议自西藏扎布耶、宝武清能、宝武（西藏）清能 法定代表人或委托代理人签字并盖章后生效。 本次签署补充协议不会影响原合同的正常执行，不会对公 司生产经营情况产生重大影响。 《BOO供能合同三方补充协议》。 特此公告。 西藏矿业发展股份有限公 司 董 事 会 二○二三年七月二十四日",2023-07-25,巨潮资讯网,https://static.cninfo.com.cn/finalpage/2023-07-25/1217374402.PDF,accepted
CNINFO-002460-1217404026,announcement,赣锋锂业关于收购蒙金矿业70%股权涉及矿业权投资暨关联交易的公告,"证券代码：002460 证券简称： 赣锋锂业 编号： 临2023-081 江西赣锋锂业集团股份有限公司 关于收购蒙金矿业 70%股权涉及矿业权投资暨关联交易的公告 一、交易概述 2021 年 9 月 22 日，江西赣锋锂业集团股份有限公司（以下简称 “公司” 或 “赣锋锂业” ）实际控制人李良彬与胥小慰共同签署了 《关 于镶黄旗蒙金矿业开发有限公司 70%股权之股权转让协议》，李良彬 拟以自有资金 134,400 万元收购镶黄旗蒙金矿业开发有限公司（以下 简称“蒙金矿业”）70%的股权，交易价款包括:（1）支付蒙金矿业 70%股权的股权转让价款 117,716.61 万元人民币；（2）向蒙金矿业 提供借款 16,683.39 万元人民币，专项用于偿还蒙金矿业向其原股东 胥小慰及其关联方的借款本息共计 16,683.39 万元人民币。为有效解 决与赣锋锂业的同业竞争情形， 李良彬于 2021 年 9 月 22 日就收购蒙 金矿业股权事项作出 《关于避免潜在同业竞争的补充承诺函》，交易 完成后的 60 个月内，李良彬将积极推动蒙金矿业旗本公司加不斯铌 钽矿的开发建设， 如加不斯铌钽矿取得新的采矿权证且采矿量符合预 期， 李良彬承诺将所持有的蒙金矿业70%的股权以其收购蒙金矿业和 追加投入（如有）的成本加合理费用 （包括审计的资金利息及其他合 理费用）优先转让给赣锋锂业。具体内容详见公司于 2021 年 9 月 23 日刊登在《证券时报》和巨潮资讯网（ http://www.cninfo.com.cn）的 临 2021-171 赣锋锂业关于豁免实际控制人避免同业竞争承诺事项的 公告。 本公司及董事会全体成员保证公告内容的真实、准确和完整， 没有虚假记载、误导性陈述或重大遗漏。
公司于 2023 年 7 月 27 日召开的第五届董事会第六十五次会议及 第五届监事会第四十四次会议审议通过了 《关于收购蒙金矿业 70%股 权暨关联交易的议案》， 同意公司以总合同价款 142,407.26 万元人民 币收购蒙金矿业 70%股权，合同价款包括：（1）支付蒙金矿业 70% 股权的股权转让价款 133,907.19 万元；（2）向蒙金矿业提供借款 8,500.07 万元，专项用于偿还李良彬向蒙金矿业提供的借款本息 8,500.07 万元。该合同价款根据李良彬为收购蒙金矿业 70%股权及向 蒙金矿业追加投入而付出的成本确定，该成本包括了交易本金、 利息 以及交易产生的需李良彬个人承担的相关税费。 因公司实际控制人、 董事长李良彬为蒙金矿业控股股东， 本次交 易构成关联交易，但不构成 《上市公司重大资产重组管理办法》规定 的重大资产重组。本次交易无需提交股东大会审议。 二、交易对方基本情况 姓名：李良彬 身份证号码：3605211967******** 住址：江西省新余市渝水区 是否失信被执行人：否 三、交易标的介绍 （一）交易标的基本情况 公司名称：镶黄旗蒙金矿业开发有限公司 统一社会信用代码：911525280616432887 注册地址：镶黄旗新宝拉格镇工业园区 法定代表人：窦梅林 注册资本：7,588 万元人民币 类型：有限责任公司
成立日期：2013 年 3 月 15 日 经营范围：钽矿、铌矿、锂矿、铷矿、铯矿开采及矿产品加工、 销售（国家明令禁止的除外） 蒙金矿业最近一年又一期的财务数据如下： 单位：万元人民币 指 标 2022 年 12 月 31 日 （经审计） 2023 年 6 月 30 日 （经审计） 资产总额 53,304.31 59,070,01 净资产 980.99 -780.49 指 标 2022 年度 （经审计） 2023 年 1-6 月 （经审计） 营业收入 73.23 38.00 净利润 -2,911.86 -1,761.48 截至 2023 年 6 月 30 日，蒙金矿业的资产负债率为 101.32%。蒙 金矿业净资产为负原因是蒙金矿业开发建设所需资金来源主要是股 东和银行借款，净利润为负主要是项目建设各项费用所致。 因公司实际控制人、 董事长李良彬为蒙金矿业控股股东， 本次交 易构成关联交易。 经查询，截至本公告披露日，蒙金矿业 不是失信被执行人。 （二）所涉矿业权情况 蒙金矿业拥有位于内蒙古自治区锡林郭勒盟镶黄旗加不斯铌钽 矿，目前持有的采矿许可证情况如下： 采矿权许可证号 C1500002014115210136090 采矿权人 镶黄旗蒙金矿业开发有限公司 地理位置 内蒙古自治区锡林郭勒盟镶黄旗新宝拉格镇工业园区 开采矿种 钽矿、铌矿、锂矿、铷矿、铯矿 开采方式 地下开采
开采规模 60 万吨/年 矿区面积 2.34 平方公里 有效期限 2020 年 11 月 6 日至 2023 年 11 月 6 日 发证单位 内蒙古自治区自然资源厅 根据内蒙古自治区自然资源厅内自然资储备字 【2023】42 号《关 于<内蒙古自治区镶黄旗加不斯矿区锂钽矿资源储量核实报告 >矿产 资源储量评审备案的复函》，截止储量估算基准日（2023 年 4 月 30 日） ，矿区累计查明资源量： 总矿石量7244.3 万吨，Li2O 矿石量 6677.5 万吨，Li2O 金属氧化物量 450682 吨，Li2O 平均品位 0.67%；Ta2O5 矿石量 6940.2 万吨，Ta2O5 金属氧化物量 9448 吨，Ta2O5 平均品位 0.014%；Nb2O5 矿石量 6306.7 万吨，Nb2O5 金属氧化物量 4772 吨， Nb2O5 平均品位 0.008%。详见下表： 资源量类型 矿石量(万吨) 平均品位（%） 金属氧化物量(吨) 总矿石量 Li2O Ta2O5 Nb2O5 Li2O Ta2O5 Nb2O5 Li2O Ta2O5 Nb2O5 探明资源量 3931.4 3702.0 3776.6 3525.8 0.73 0.016 0.008 270762 5963 2684 控制资源量 1776.7 1501.8 1725.5 1572.6 0.57 0.012 0.008 85930 2018 1188 推断资源量 1536.2 1473.7 1438.1 1208.3 0.64 0.010 0.007 93990 1467 900 四、协议主要条款 1、协议各方 甲方：江西赣锋锂业集团股份有限公司(以下简称“甲方”) 乙方：李良彬(以下简称“乙方”) 丙方：胥小慰(以下简称“丙方”) 丁方：镶黄旗蒙金矿业开发有限公司（以下简称“标的公司”或 “丁方”） 2、主要内容 （1）合同价款 各方协商同意， 甲方为取得标的公司 70%股权， 同意支付的总合
同价款以乙方为收购标的公司 70%股权及向标的公司追加投入加合 理费用而付出的总成本为 142,407.26 万元人民币为准， 全部以现金方 式支付。合同价款的组成部分如下： ① 支付受让标的公司 70%的股权转让价款 133,907.19 万元人 民币； ②向标的公司提供借款 8,500.07 万元人民币， 专项用于偿还标的 公司向乙方的借款本息共计 8,500.07 万元人民币。 （2）税项与费用 ①本次股权转让事项所涉及的印花税，全部由甲方承担； ②本次股权转让事项所涉及的个人所得税、利息收入开票增值 税、 利息收入开票城建及教育附加税、利息收入开票个人所得税， 全 部由乙方承担； ③本次股权转让事项所涉之政府主管部门收取的其他税费， 由甲 方承担。 （3）公司治理 ①本次股权转让完成后， 标的公司设立董事会， 甲方派遣两人分 别担任董事长和董事， 丙方派遣一人担任董事， 共计三人组成董事会； ②本次股权转让完成后， 标的公司不设立监事会， 由甲方派遣一 人担任监事； ③本次股权转让完成后，标的公司设总经理 1 名，由甲方推荐。 总经理为标的公司的法定代表人。 五、定价依据 公司聘请了致同会计师事务所 （特殊普通合伙）出具了 《镶黄旗 蒙金矿业开发有限公司 2022 年度、2023 年 1-6 月审计报告》（致同 审字（2023）第 351C026617 号）、以及《李良彬关于“镶黄旗蒙金
矿业开发有限公司” 股权收购价款及资金往来成本专项审核报告》（致 同专字（2023）第 351C015729 号） （以下简称“专项审核报告”）， 公司亦聘请了上海立信资产评估有限公司出具了 《江西赣锋锂业股份 有限公司拟收购镶黄旗蒙金矿业 开发有限公司股权所涉及的上镶黄 旗蒙金矿业开发有限公司的股东全部权益价值评估报告》 （信资评报 字（2023）第 A00012 号）（以下简称“蒙金矿业评估报告”）、以 及《内蒙古自治区镶黄旗加不斯铌钽矿采矿权评估报告 》 （信矿评报 字（2023）第 A00022 号） （以下简称 “加不斯铌钽矿评估报告” ） 。 根据蒙金矿业评估报告， 经资产基础法评估， 蒙金矿业在评估基 准日的股东全部权益价值为 195,825.96 万元； 根据加不斯铌钽矿采矿 权评估报告， 经评估人员调查、 搜集资料及对当地市场交易情况了解， 按照矿业权评估原则和程序， 选取适当的评估方法和评估参数， 经过 认真估算， 确定 “内蒙古自治区镶黄旗加不斯铌钽矿采矿权”在评估 基准日评估价值为 199,321.17 万元。根据专项审核报告， 李良彬蒙金 矿业 70%股权收购价款、 资金往来成本及收购过程中需承担的相关税 费共计 142,407.26 万元。 本次交易对价参考了中介机构的审计评估结论， 根据乙方为收购 蒙金矿业 70%股权及向蒙金矿业追加投入加合理费用而付出的总成 本确定，本次合同总价款共计 142,407.26 万元， 其中70%蒙金矿业股 权转让价款为 133,907.19 万元人民币，向蒙金矿业提供借款金额为 8,500.07 万元人民币，专项用于偿还蒙金矿业向李良彬的借款本息共 计 8,500.07 万元人民币。 六、本次交易的目的、对公司的影响及存在的风险 （一）本次交易目的和对公司的影响 本次交易旨在保障公司发展所需原材料， 进一步完善公司的资源
布局。有利于保障公司长期稳定发展，有利于提高公司核心竞争力 ， 符合公司发展战略。本次交易会使公司现金流产生一定的净流出， 但 不会对公司正常的运营资金产生明显的影响 ， 对公司未来的财务状况 和经营成果有积极影响。 （二）本次交易存在的风险 （1）市场风险 锂盐价格受行业供需影响，存在因锂盐价格波动而使项目不能达 到预期收益的风险。 （2）项目实施风险 蒙金矿业尚未进行正式开采工作， 存在实际采矿量达不到预期采 矿量的风险。 （3）运营风险 在项目运营中， 存在因政策变化或不可控因素影响， 导致项目建 设进度、产能规模、收益水平不及预期的风险。 七、与蒙金矿业发生的关联交易情况 年初至本公告披露日， 公司 向 蒙 金 矿 业 售 卖 办 公 资 产 共 计 48769.33（不含税）元。 八、独立董事事前认可意见与独立意见 1、事前认可意见 本次公司与实际控制人李良彬签署 《关于镶黄旗蒙金矿业开发有 限公司 70%股权之股权转让协议》 ，协议条款、 定价依据合理， 符合 公司生产经营需要， 未对公司独立性构成不利影响， 不存在损害公司 和全体股东特别是中小股东利益的情形， 符合中国证监会和深圳证券 交易所的有关规定。 因此， 我们一致同意提交公司第五届董事会第六 十五次会议审议，公司关联董事需就此议案回避表决。
2、独立意见 本次公司收购蒙金矿业 70%股权， 有利于公司业务拓展， 提高核 心竞争力， 符合公司上下游一体化和新能源汽车产业发展战略。 公司 与关联方按照公平、公开、公正的原则，依据评估结果公允定价，不 存在损害公司和全体股东特别是中小股东利益的情形。 该交易的决策 程序符合《公司法》、深圳证券交易所《股票上市规则》等有关法律 法规及《公司章程》的规定。 因此， 我们同意公司收购蒙金矿业70% 股权。 九、备查文件 1、第五届董事会第六十五次会议决议； 2、第五届监事会第四十四次会议； 3、独立董事关于相关事项的事前认可意见； 4、独立董事对相关事项的独立意见； 5、《关于镶黄旗蒙金矿业开发有限公司 70%股权之股权转让协 议》； 6、《镶黄旗蒙金矿业开发有限公司 2022 年度、2023 年 1-6 月审 计报告》； 7、《李良彬关于“镶黄旗蒙金矿业开发有限公司”股权收购价 款及资金往来成本专项审核报告》； 8、《江西赣锋锂业股份有限公司拟收购镶黄旗蒙金矿业开发有 限公司股权所涉及的上镶黄旗蒙金矿业开发有限公司的股东全部权 益价值评估报告》； 9、《内蒙古自治区镶黄旗加不斯铌钽矿采矿权评估报告》 ； 10、《关于<内蒙古自治区镶黄旗加不斯矿区锂钽矿资源储量核 实报告>矿产资源储量评审备案的复函》。",2023-07-28,巨潮资讯网,https://static.cninfo.com.cn/finalpage/2023-07-28/1217404026.PDF,accepted
CNINFO-002497-1217444659,announcement,关于与特斯拉续签氢氧化锂供货协议的公告,"1 证券代码： 002497 证券简称：雅化集团 公告编号： 2023-51 四川雅化实业集团股份有限公司 关于与特斯拉续签氢氧化锂供货协议的公告 本公司及董事会全体成员保证信息披露内容的真实、 准确和完整， 没有虚假记载、 误导性陈述或重大遗漏。 特别提示： 1、本协议为原氢氧化锂供货协议的修订、延长协议，协议有效期为 2023 年 8 月 1 日至 2030 年 12 月 31 日。随着协议的有效执行， 将对公司2023 年至 2030 年经营业绩产 生积极影响。 2、协议履行过程中， 如遇行业政策调整、 市场环境变化等不可预计或不可抗力因素 的影响，可能会导致协议无法如期或全部履行。 一、合同签署情况 2020 年 12 月 29 日， 四川雅化实业集团股份有限公司 （以下简称“公司”）下属全资 子公司雅化锂业（雅安）有限公司（以下简称“雅安锂业”）与美国特斯拉公司（以下 简称“特斯拉”）签订电池级氢氧化锂供货协议（以下称“原协议” ），约定从 2021 年起 至 2025 年，特斯拉向雅安锂业采购电池级氢氧化锂产品。 双方拟在原协议的基础上以雅安锂业为主体与特斯拉修订并延长原协议。2023 年 7 月 31 日， 双方共同签署 《修订和重述的电池原材料生产定价协议》（以下简称 “本协议” ）。 二、交易对方情况介绍 （一）公司基本情况 特斯拉 （“Tesla”）是一家知名的美国电动汽车及能源公司， 成立于2003 年， 注册在 Delaware（美国特拉华州） ，公司总部地址为 1 Tesla Road, Austin, TX 78725（得克萨斯州 奥斯汀市特斯拉路 1 号）， 主要从事高性能纯电动车及电力系统部件、 储能系统、 充电设 施、太阳能发电装置的设计、开发、制造和销售。 特斯拉与公司实际控制人、董事、监事和高级管理人员在产权、业务、资产、债权 债务、人员等方面均不存在关联关系。 （二）类似交易情况 公司与交易对方的合作始于 2020 年 12 月，2020 年未与交易对方发生交易金额；2021 年与交易对方发生交易金额约占公司 2021 年度经审计营业收入的 0.5%；2022 年与交易
2 对方发生交易金额约占 2022 年度经审计的营业收入的 17%。 （三）履约能力分析 特斯拉具备良好的履约能力。 三、合同主要内容 （一）买卖双方 买方：特斯拉 卖方：雅安锂业 （二）合同标的 氢氧化锂产品 （三）合同履行期限 2023 年 8 月 1 日至 2030 年 12 月 31 日 （四）合同标的数量及价格 2023 年至 2030 年交易数量合计约在 20.7 万吨~30.1 万吨，各年度数按照协议约定执 行；产品价格根据双方协议约定确定。 四、合同履行对公司的影响 1、依据锂行业发展现状和未来发展趋势， 结合公司未来锂盐扩产规划和特斯拉的采 购需求，双方共同签署了本协议。本协议的签署是 特斯拉对公司锂产品品质及锂产业可 持续发展能力的充分认可，能够增强公司锂产业发展的稳定性。随着公司未来锂盐产能 的扩张，将有利于公司锂盐产品的充分释放和顺利销售，进一步提高市场份额，成为行 业中具有品质和规模竞争力的锂盐供应商。 2、本协议有效期为 2023 年 8 月 1 日至 2030 年 12 月 31 日，随着协议的有效执行， 将对公司 2023 年至 2030 年经营业绩产生积极影响。公司具备履行该协议的能力，在资 金、人员、技术和产能方面均能够保证协议的顺利履行。 3、本协议的履行对公司业务的独立性无重大影响， 公司不会因履行上述协议而对买 方形成重大依赖。 五、合同履行风险提示 协议履行过程中，如遇行业政策调整、市场环境变化等不可预计或不可抗力因素的 影响，可能会导致协议无法如期或全部履行。敬请广大投资者注意投资风险。 六、其他说明 公司将及时在定期报告中披露协议的进展及履行情况。 七、 备查文件
3 1、修订和重述的电池原材料生产定价协议 特此公告。 四川雅化实业集团股份有限公司董事会 2023 年 8 月 1 日",2023-08-02,巨潮资讯网,https://static.cninfo.com.cn/finalpage/2023-08-02/1217444659.PDF,accepted
CNINFO-002594-1217445214,announcement,2023年7月产销快报,"证券代码：002594 证券简称：比亚迪 公告编号：2023-073 比亚迪股份有限公司 2023年7月产销快报 本公司及董事会全体成员保证信息披露的内容真实、准确、完整，没有虚假记载、误导性陈述或重大遗漏。 比亚迪股份有限公司(以下简称“本公司”)2023年7月产销快报数据如下： 单位：辆 产量 销量 项目类别 本月 去年同期 本年累计 去年累计 累计同比 本月 去年同期 本年累计 去年累计 累计同比 新能源汽车 272,414 163,358 1,547,961 811,272 90.81% 262,161 162,530 1,517,798 803,880 88.81% -乘用车 271,358 163,042 1,539,353 807,763 90.57% 261,105 162,214 1,509,266 800,371 88.57% -纯电动 139,399 81,292 770,451 408,329 88.68% 134,783 80,991 751,593 404,510 85.80% -插电式混合动力 131,959 81,750 768,902 399,434 92.50% 126,322 81,223 757,673 395,861 91.40% -商用车 1,056 316 8,608 3,509 145.31% 1,056 316 8,532 3,509 143.15% -客车 280 278 2,205 2,884 -23.54% 280 278 2,205 2,884 -23.54% -其他 776 38 6,403 625 924.48% 776 38 6,327 625 912.32% 燃油汽车 0 0 0 4,635 -100.00% 0 0 0 5,049 -100.00% -轿车 0 0 0 1,458 -100.00% 0 0 0 1,544 -100.00% -SUV 0 0 0 3,177 -100.00% 0 0 0 3,505 -100.00% -MPV 0 0 0 0 0.00% 0 0 0 0 0.00% 合计 272,414 163,358 1,547,961 815,907 89.72% 262,161 162,530 1,517,798 808,929 87.63%
注：本公司 2023 年 7 月海外销售新能源乘用车合计 18,169 辆。 本公司 2023 年 7 月新能源汽车动力电池及储能电池装机总量约为 12.406 GWh，2023 年累计装机总量约为 72.655 GWh。 务请注意，上述销量数字未经审核，亦未经本公司审计师确认，或会予以调整并有待最终确认。本公司刊发财务业绩后，股东及潜在 投资者务必详阅。 特此公告。 比亚迪股份有限公司董事会 2023 年 8 月 1 日",2023-08-02,巨潮资讯网,https://static.cninfo.com.cn/finalpage/2023-08-02/1217445214.PDF,accepted
CNINFO-002497-1217452811,announcement,关于与宁德时代签署电池级氢氧化锂采购协议的公告,"1 证券代码：002497 证券简称：雅化集团 公告编号：2023-53 四川雅化实业集团股份有限公司 关于与宁德时代签署电池级氢氧化锂采购协议的公告 本公司及董事会全体成员保证信息披露内容的真实、 准确和完整， 没有虚假记载、 误导性陈述或重大遗漏。 特别提示： 1、本协议有效期为 2023 年 8 月 1 日至 2025 年 12 月 31 日。随着协议的有效执行， 将对公司本年度和 2024 年至 2025 年的财务成果、经营业绩产生积极影响。 2、协议履行过程中，如遇行业政策调整、市场环境变化等不可预计或不可抗力因素 的影响，可能会导致协议无法如期或全部履行。 一、合同签署情况 四川雅化实业集团股份有限公司（以下简称“公司”）下属全资子公司雅化锂业（雅 安）有限公司（以下简称“雅安锂业”）与宁德时代新能源科技股份有限公司 （以下简 称“宁德时代”）签订电池级氢氧化锂采购协议（以下称“本协议” ），约定从 2023 年 8 月 1 日起至 2025 年 12 月 31 日，宁德时代向雅安锂业总计采购 41,000 吨电池级氢氧化锂 产品。 二、交易对方情况介绍 （一）公司基本情况 企业名称：宁德时代新能源科技股份有限公司 法定代表人：曾毓群 成立日期：2011 年 12 月 16 日 注册资本：244,238.4964（万元） 企业类型：股份有限公司(上市、自然人投资或控股) 统一社会信用代码：91350900587527783P 注册地址：福建省宁德市蕉城区漳湾镇新港路 2 号 经营范围：锂离子电池、锂聚合物电池、燃料电池、动力电池、超大容量储能电池、 超级电容器、电池管理系统及可充电电池包、风光电储能系统、相关设备仪器的开发、 生产和销售及售后服务；对新能源行业的投资；锂电池及相关产品的技术服务、测试服 务以及咨询服务。 （依法须经批准的项目，经相关部门批准后方可开展经营活动）
2 宁德时代与公司实际控制人、董事、监事和高级管理人员在产权、业务、资产、债 权债务、人员等方面均不存在关联关系。 （二）类似交易情况 公司与宁德时代的直接合作开始于 2023 年 3 月，截止目前，与对方发生的类似交易 金额约 3 亿元，具体占比需以公司 2023 年度经审计的财务报告为准。 （三）履约能力分析 宁德时代具备良好的履约能力。 三、合同主要内容 （一）买卖双方 甲方：宁德时代新能源科技股份有限公司 乙方：雅化锂业（雅安）有限公司 （二）合同标的 电池级氢氧化锂产品 （三）合同履行期限 2023 年 8 月 1 日至 2025 年 12 月 31 日 （四）合同标的数量及价格 2023 年 8 月 1 日起至 2025 年 12 月 31 日交易数量合计 41,000 吨，各年度交付数量 按双方协议约定执行；产品价格根据双方协议约定的计价方式确定。 （五）违约责任 若乙方不能按双方确认的月度交货量足量交付产品 （除不可抗拒因素外） 、甲方不能 按双方确认的月度交货量足量提货 （除不可抗拒因素外），则甲乙方均有权以书面通知的 方式解除合同，并可要求对方承担合同约定的违约金；若甲方未按时支付费用的，应当 承担按双方合同约定的违约责任。 （六）争议解决方式 本合同的未尽事宜和争议由双方友好协商解决，协商一致后签订补充协议；协商不 成时，甲、乙双方均有权在原告方所在地人民法院提起诉讼。 （七）合同的效力及其它 依《中华人民共和国民法典》的规定，一方遇不可抗力，应于不可抗力发生后 48 小 时内书面通知另一方，说明不能履行合同的证据和理由，并就本合同的继续履行、延期 履行、部分履行或终止本合同进行协商，签订补充协议。迟延履行后发生不可抗力的， 不免除其违约责任。
3 四、合同履行对公司的影响 1、本协议的签订将对公司本年度经营业绩产生积极影响，同时，随着协议的有效执 行，有利于公司 2024 年至 2025 年财务成果和经营业绩的提升。公司已具备履行该协议 的能力。 2、本协议的履行对公司业务的独立性无重大影响，公司目前已与国内外多家知名正 极材料企业、电池厂商和整车企业建立了长期合作关系， 公司不会因履行上述协议而对 甲方形成重大依赖。 3、本次业务合作为公司未来锂盐扩产和产品释放建立了又一强有力的销售渠道，有 利于完善公司锂盐客户结构，促进公司锂产业未来的稳健发展。 五、合同履行风险提示 本协议在履行过程中，如遇行业政策调整、市场环境变化等不可预计或不可抗力因 素的影响，可能会导致协议无法如期或全部履行。敬请广大投资者注意投资风险。 六、其他说明 公司将及时在定期报告中披露协议的进展及履行情况。 七、备查文件 1、采购协议 特此公告。 四川雅化实业集团股份有限公司董事会 2023 年 8 月 2 日",2023-08-03,巨潮资讯网,https://static.cninfo.com.cn/finalpage/2023-08-03/1217452811.PDF,accepted
CNINFO-300390-1217501930,announcement,关于子公司拟参与四川省马尔康市加达锂矿勘查探矿权竞拍的公告,"证券代码：300390 证券简称：天华新能 公告编号：2023-052 苏州天华新能源科技股份有限公司 关于子公司拟参与四川省马尔康市加达锂矿勘查探矿权竞拍 的公告 特别提示： 本次事项存在以下风险：（ 1）参与竞拍不成功及相关审批风险 ；（2）加达 锂矿勘查探矿权的特别风险提示。具体内容详见本公告内容之“五、风险提示”。 敬请广大投资者注意投资风险，谨慎作出投资决策。 2023 年 8 月 9 日，苏州天华新能源科技股份有限公司（以下简称“公司”）召 开第六届董事会第八次会议，审议通过了《关于 子公司拟参与四川省马尔康市加 达锂矿勘查探矿权竞拍 的议案》，同意子公司宜宾市天宜锂业科创有限公司（以 下简称“天宜锂业”）参与四川省马尔康市加达锂矿勘查探矿权竞拍。具体情况如下： 一、交易概述 1、四川省马尔康市加达锂矿勘查探矿权竞拍相关事项概述 为促进矿产资源勘查开采，按照相关法律法规规定， 中华人民共和国 自然资 源部组织四川省自然资源厅实施 2023 年四川省马尔康市加达锂矿勘查区块（以下 简称“加达锂矿勘查探矿权”）挂牌出让。加达锂矿勘查探矿权将在四川省政府政务 服务和公共资源交易服务中心进行公开竞拍， 于2023 年 7 月 21 日 9 时 00 分至 2023 年 8 月 10 日 10 时 00 分挂牌报价，限时竞价时间开始为 2023 年 8 月 10 日 10 时 00 分（注：原为 2023 年 7 月 21 日 9 时 00 分至 2023 年 8 月 4 日 10 时 00 分，四 川省政府政务服务和公共资源交易服务中心于 2023 年 7 月 18 日公告将报价时间 调整为 2023 年 7 月 21 日 9 时 00 分至 2023 年 8 月 10 日 10 时 00 分）。天宜锂业 拟参与本次加达锂矿勘查探矿权的竞拍。 2、2023 年 8 月 9 日，公司召开第六届董事会第八次会议，审议通过了《关于 本公司及董事会全体成员保证信息披露的内容真实、准确、完整，没有虚假 记载、误导性陈述或重大遗漏。
子公司拟参与四川省马尔康市加达锂矿勘查探矿权竞拍 的议案》，同意 子公司天 宜锂业参与四川省马尔康市加达锂矿勘查探矿权竞拍 ，并授权公司管理层参与 本 次竞拍，按相关程序及法律法规 办理竞拍相关手续 、签署相关协议、文件及办理 其他相关具体事宜。 同时，董事会授权公司管理层在董事会权限内根据实际情况 进行相关事项的具体操作。 3、本次子公司拟参与四川省马尔康市加达锂矿勘查探矿权竞拍不涉及关联交 易；加达锂矿勘查探矿权 的公开拍卖尚未开始，本次交易尚处于筹划阶段，竞拍 结果和金额存在不确定性；届时公司将根据最终交易结果履行信息披露义务。 二、 四川省马尔康市加达锂矿勘查探矿权竞拍的具体情况 加达锂矿勘查探矿权将在四川省政府政务服务和公共资源交易服务中心进行 公开竞拍，于 2023 年 7 月 21 日 9:00 分至 2023 年 8 月 10 日 10:00 分挂牌报价， 限时竞价时间开始为 2023 年 8 月 10 日 10 时 00 分。出让人：中华人民共和国自 然资源部。交易平台：四川省政府政务服务和公共资源交易服务中心。网址：全 国 公 共 资 源 交 易 平 台 （ 四 川 省 ） （ 即 ： 四 川 省 公 共 资 源 交 易 信 息 网 ， http://ggzyjy.sc.gov.cn/），竞拍具体情况如下： 1、竞拍标的 本次竞拍标的为四川省马尔康市加达锂矿勘查探矿权。 2、竞拍规则 本次探矿权出让挂牌起始价人民币 319 万元， 保证金人民币8,000 万元， 采用 增价报价方式，每次增价幅度为人民币 10 万元或人民币 10 万元的整数倍。按照 价高者得原则确定竞得人，不低于起始价的最高报价者为竞得人。无人报价或者 竞买人报价低于起始价的，不成交。 3、竞拍方式 本次竞拍采取有无底价的增价竞拍方式，保留价即为起拍价，至少一人报名 且出价不低于起拍价，方可成交。 4、竞得人确定方法 按照价高者得原则确定竞得人，不低于起始价的最高报价者为竞得人。无人 报价或者竞买人报价低于起始价的，不成交。
网上挂牌成交后，网上交易系统确定竞得候选人。竞得候选人按照系统提示 与交易平台签订《探矿权出让成交确认书》。 成交结果将于《探矿权出让成交确认书》签订之日起 5 个工作日内通过自然 资源部网站、四川省自然资源厅网站、全国公共资源交易平台（四川省）网站公 示 10 个工作日。 成交结果公示期间无异议的，竞得人在公示结束后 10 个工作日内，到四川省 自然资源厅接受合同签订指导并与自然资源部签订《探矿权出让合同》。 5、探矿权出让收益缴纳 《探矿权出让合同》签订后，探矿权竞得人按照《财政部 自然资源部 税务 总局关于印发〈矿业权出让收益征收办法〉的通知》（财综〔2023〕10 号）等相 关文件要求，一次性缴纳本次挂牌竞争确定的成交价；开采时，每年按照锂矿产 品上年度销售收入的 1.4 % 缴纳采矿权出让收益（采矿权出让收益=矿产品年度销 售收入×矿业权出让收益率（1.4 %））。 6、探矿权登记办理 竞得人按照《探矿权出让合同》约定缴纳矿业权出让收益后，到自然资源部 按有关规定和要求办理探矿权登记。 三、拟竞拍探矿权基本情况 根据《四川省马尔康市加达锂矿勘查区块挂牌出让公告》，拟竞拍的勘查探 矿权情况如下： 1、出让区块名称 四川省马尔康市加达锂矿勘查。 2、勘查矿种 锂矿。 3、首次出让期限 5年，从勘查许可证有效期开始之日起算。 4、出让区块面积及拐点坐标 21.2247平方千米，拐点坐标见表1。
表 1 拟出让探矿权拐点坐标表 区块 名称 勘查 矿种 区块地 理位置 区块拐点坐标 （2000 坐标系，经纬度。小数点前为度，小数点后 前两位为分、后五位为秒） 四川省马尔康 市加达锂矿勘 查 锂矿 四川省 阿坝州 马尔康市 102.0039062，31.5322000； 102.0160000，31.5322000； 102.0160000，31.5146888； 102.0126792，31.5146888； 102.0126792，31.5046000； 102.0112749，31.5046000； 102.0020067，31.5112587； 102.0007968，31.5100380； 102.0108000，31.5028793； 102.0108000，31.5015000； 102.0005000，31.5015000； 102.0005000，31.4916188； 101.5860000，31.4902831； 101.5860000，31.5029151； 101.5956934，31.5029151； 101.5956934，31.5104100； 101.5860000，31.5104100； 101.5860000，31.5154000； 101.5923000，31.5154000； 101.5923000，31.5230000； 102.0005000，31.5230000； 102.0005000，31.5257352； 102.0039062，31.5257352； 0，0。 四、本次交易的目的及对公司的影响 天宜锂业作为领先的电池级氢氧化锂生产企业，产能规模不断扩大，对锂矿 资源的需求相应增加。 如天宜锂业本次能竞拍成功，获得加达锂矿勘查探矿权， 将有助于公司增加锂矿资源的储备，有效保障公司锂矿资源供应，增强公司核心 竞争力。 五、风险提示 1、参与竞拍不成功及相关审批风险 本次加达锂矿勘查探矿权将通过公开方式竞拍， 竞拍结果存在不确定性， 天宜 锂业将综合考虑标的资源状况及公司资金情况，审慎决策参与竞拍，控制风险。 若天宜锂业通过本次竞拍获得加达锂矿勘查探矿权，还可能涉及取得符合监管部 门要求的审批、核准或备案等手续， 探矿权证是否能够以及何时取得均存在不确 定性。 2、加达锂矿勘查探矿权的特别风险提示
矿产资源勘查具有高风险、 高投入的特点，该矿具备开采条件尚需较大的投入。 本次竞拍的探矿权矿体的规模、形态、储量、品位等可能与实际开采有差距，存 在不可预见的风险。出让探矿权范围与草地、Ⅱ级及以下林地部分重叠，在勘查 过程中应尽量避让草地、林地，减少对生态环境的影响，需严格遵守矿产资源法 律法规、相关矿业权管理政策。 敬请广大投资者注意投资风险，谨慎作出投资决策。 六、备查文件 1、公司第六届董事会第八次会议决议； 2、四川省马尔康市加达锂矿勘查区块挂牌出让公告； 3、关于调整四川省马尔康市加达锂矿勘查区块挂牌报价时间及限时竞价时间 的公告。 特此公告。 苏州天华新能源科技股份有限公司董事会 2023 年 8 月 9 日",2023-08-09,巨潮资讯网,https://static.cninfo.com.cn/finalpage/2023-08-09/1217501930.PDF,accepted
LC-TEXT-0001,news,2023年7月份规模以上工业增加值增长3.7%,"2023年7月份规模以上工业增加值增长3.7% - 国家统计局 
 EN 
 搜索 
 首页 
 机构 
 新闻 
 时政要闻
 统计新闻
 数据 
 公开 
 服务 
 互动 
 知识 
 专题 
 2023年7月份规模以上工业增加值增长3.7%
 2023/08/15 10:00
 | 
 Aa 
 字体： 
 小
 中
 大
 | 
 分享到： 
 　　 7 月份，规模以上工业增加值同比实际增长 3.7% （增加值增速均为扣除价格因素的实际增长率）。从环比看， 7 月份，规模以上工业增加值比上月增长 0.01% 。 1 — 7 月份，规模以上工业增加值同比增长 3.8% 。 
 　　分三大门类看， 7 月份，采矿业增加值同比增长 1.3% ，制造业增长 3.9% ，电力、热力、燃气及水生产和供应业增长 4.1% 。 
 　　分经济类型看， 7 月份，国有控股企业增加值同比增长 3.4% ；股份制企业增长 5.0% ，外商及港澳台商投资企业下降 1.8% ；私营企业增长 2.5% 。 
 　　分行业看， 7 月份， 41 个大类行业中有 23 个行业增加值保持同比增长。其中煤炭开采和洗选业增长 0.4% ，石油和天然气开采业增长 4.2% ，农副食品加工业增长 3.0% ，酒、饮料和精制茶制造业下降 3.1% ，纺织业下降 0.3% ，化学原料和化学制品制造业增长 9.8% ，非金属矿物制品业下降 3.4% ，黑色金属冶炼和压延加工业增长 15.6% ，有色金属冶炼和压延加工业增长 8.9% ，通用设备制造业下降 1.4% ，专用设备制造业增长 1.5% ，汽车制造业增长 6.2% ，铁路、船舶、航空航天和其他运输设备制造业增长 1.0% ，电气机械和器材制造业增长 10.6% ，计算机、通信和其他电子设备制造业增长 0.7% ，电力、热力生产和供应业增长 4.6% 。 
 　　分产品看， 7 月份， 620 种产品中有 303 种产品产量同比增长。钢材 11653 万吨，同比增长 14.5% ；水泥 17618 万吨，下降 5.7% ；十种有色金属 603 万吨，增长 4.2% ；乙烯 241 万吨，增长 5.2% ；汽车 232.4 万辆，下降 3.8% ，其中新能源汽车 75.2 万辆，增长 24.9% ；发电量 8462 亿千瓦时，增长 3.6% ；原油加工量 6313 万吨，增长 17.4% 。 
 　　 7 月份，工业企业产品销售率为 97.8% ，同比提高 0.1 个百分点；工业企业实现出口交货值 12023 亿元，同比名义下降 6.4% 。 
 2023 年 7 月份规模以上工业生产主要数据 
 指标 
 7 月 
 1 — 7 月 
 绝对量 
 同比增长 
 （ % ） 
 绝对量 
 同比增长 
 （ % ） 
 规模以上工业增加值 
 … 
 3.7 
 … 
 3.8 
 分三大门类 
 　采矿业 
 … 
 1.3 
 … 
 1.7 
 　制造业 
 … 
 3.9 
 … 
 4.2 
 　　其中：高技术制造业 
 … 
 0.7 
 … 
 1.6 
 　电力、热力、燃气及水生产和供应业 
 … 
 4.1 
 … 
 4.1 
 分经济类型 
 　其中：国有控股企业 
 … 
 3.4 
 … 
 4.3 
 　其中：股份制企业 
 … 
 5.0 
 … 
 4.5 
 　　　　外商及港澳台商投资企业 
 … 
 -1.8 
 … 
 0.4 
 　其中：私营企业 
 … 
 2.5 
 … 
 2.0 
 主要行业增加值 
 　煤炭开采和洗选业 
 … 
 0.4 
 … 
 1.5 
 　石油和天然气开采业 
 … 
 4.2 
 … 
 4.0 
 　农副食品加工业 
 … 
 3.0 
 … 
 -0.3 
 　食品制造业 
 … 
 0.0 
 … 
 2.3 
 　酒、饮料和精制茶制造业 
 … 
 -3.1 
 … 
 -0.3 
 　纺织业 
 … 
 -0.3 
 … 
 -2.1 
 　化学原料和化学制品制造业 
 … 
 9.8 
 … 
 7.8 
 　医药制造业 
 … 
 -3.5 
 … 
 -4.6 
 　橡胶和塑料制品业 
 … 
 3.6 
 … 
 1.1 
 　非金属矿物制品业 
 … 
 -3.4 
 … 
 -0.1 
 　黑色金属冶炼和压延加工业 
 … 
 15.6 
 … 
 6.7 
 　有色金属冶炼和压延加工业 
 … 
 8.9 
 … 
 7.6 
 　金属制品业 
 … 
 1.4 
 … 
 1.6 
 　通用设备制造业 
 … 
 -1.4 
 … 
 2.8 
 　专用设备制造业 
 … 
 1.5 
 … 
 4.9 
 　汽车制造业 
 … 
 6.2 
 … 
 12.0 
 　铁路、船舶、航空航天和其他运输设备制造业 
 … 
 1.0 
 … 
 6.9 
 　电气机械和器材制造业 
 … 
 10.6 
 … 
 15.1 
 　计算机、通信和其他电子设备制造业 
 … 
 0.7 
 … 
 0.1 
 　电力、热力生产和供应业 
 … 
 4.6 
 … 
 4.4 
 主要产品产量 
 　布（亿米） 
 26 
 -5.9 
 176 
 -5.4 
 　硫酸（折 100 ％）（万吨） 
 765 
 2.1 
 5443 
 0.7 
 　烧碱（折 100 ％）（万吨） 
 329 
 -0.8 
 2345 
 2.0 
 　乙烯（万吨） 
 241 
 5.2 
 1783 
 5.3 
 　化学纤维（万吨） 
 632 
 17.1 
 3988 
 5.0 
 　水泥（万吨） 
 17618 
 -5.7 
 112677 
 0.6 
 　平板玻璃（万重量箱） 
 8221 
 -5.4 
 55054 
 -8.7 
 　生铁（万吨） 
 7760 
 10.2 
 52892 
 3.5 
 　粗钢（万吨） 
 9080 
 11.5 
 62651 
 2.5 
 　钢材（万吨） 
 11653 
 14.5 
 78900 
 5.4 
 　十种有色金属（万吨） 
 603 
 4.2 
 4232 
 7.0 
 　　其中：原铝（电解铝）（万吨） 
 348 
 1.5 
 2362 
 2.8 
 　金属切削机床（万台） 
 5 
 -2.1 
 35 
 -1.7 
 　工业机器人（套） 
 34274 
 -13.3 
 256260 
 3.8 
 　汽车（万辆） 
 232.4 
 -3.8 
 1540.8 
 4.5 
 　　其中：轿车（万辆） 
 82.5 
 -12.2 
 552.1 
 0.8 
 　　　　　运动型多用途乘用车（ SUV ）（万辆） 
 92.5 
 0.5 
 589.2 
 4.1 
 　　其中：新能源汽车（万辆） 
 75.2 
 24.9 
 435.8 
 33.2 
 　发电机组（发电设备）（万千瓦） 
 1128 
 15.7 
 10958 
 29.0 
 　太阳能电池（光伏电池）（万千瓦） 
 4450 
 65.1 
 27661 
 56.3 
 　微型计算机设备（万台） 
 2642 
 -22.3 
 18877 
 -24.4 
 　移动通信手持机（万台） 
 12101 
 5.2 
 81002 
 -1.6 
 　　其中：智能手机（万台） 
 8880 
 1.6 
 59251 
 -7.9 
 　集成电路（亿块） 
 292 
 4.1 
 1912 
 -3.9 
 　原煤（万吨） 
 37754 
 0.1 
 267182 
 3.6 
 　焦炭（万吨） 
 4043 
 3.7 
 28434 
 1.9 
 　原油（万吨） 
 1731 
 1.0 
 12237 
 1.9 
 　原油加工量（万吨） 
 6313 
 17.4 
 42671 
 10.9 
 　天然气（亿立方米） 
 184 
 7.6 
 1340 
 5.7 
 　发电量（亿千瓦时） 
 8462 
 3.6 
 50130 
 3.8 
 　　火力发电量（亿千瓦时） 
 5997 
 7.2 
 35474 
 7.5 
 　　水力发电量（亿千瓦时） 
 1211 
 -17.5 
 5717 
 -21.8 
 　　核能发电量（亿千瓦时） 
 380 
 2.9 
 2499 
 5.9 
 　　风力发电量（亿千瓦时） 
 614 
 25.0 
 4836 
 16.8 
 　　太阳能发电量（亿千瓦时） 
 259 
 6.4 
 1604 
 7.9 
 　产品销售率（ % ） 
 97.8 
 0.1( 百分点 ) 
 97.5 
 0.5( 百分点 ) 
 　出口交货值（亿元） 
 12023 
 -6.4 
 82477 
 -4.9 
 　　 点击下载： 相关数据表 
 　　附注 
 　　 1 、指标解释 
 　　工业增加值增长速度 : 即工业增长速度，是用来反映一定时期工业生产物量增减变动程度的指标。利用该指标，可以判断短期工业经济的运行走势和经济的景气程度，也是制定和调整经济政策、实施宏观调控的重要参考和依据。 
 　　产品销售率：是销售产值和工业总产值的比率，用来反映工业产品的产销衔接情况。 
 　　出口交货值：是指工业企业自营（委托）出口（包括销往香港、澳门、台湾地区）或交给外贸部门出口的产品价值，以及外商来样、来料加工、来件装配和补偿贸易等生产的产品价值。 
 　　日均产品产量：是以当月公布的规模以上工业企业总产量除以该月日历天数计算得到。 
 　　 2 、统计范围 
 　　规模以上工业的统计范围为年主营业务收入 2000 万元及以上的工业企业。 
 　　由于规模以上工业企业范围每年发生变化，为保证本年数据与上年可比，计算产品产量等各项指标同比增长速度所采用的同期数与本期的企业统计范围尽可能相一致，和上年公布的数据存在口径差异。主要原因是：（一）统计单位范围发生变化。每年有部分企业达到规模纳入调查范围，也有部分企业因规模变小退出调查范围，还有新建投产企业、破产、注（吊）销企业等影响；（二）部分企业集团（公司）产品产量数据存在跨地区重复统计现象，根据专项调查对企业集团（公司）跨地区重复产量进行了剔重。 
 　　 3 、调查方法 
 　　规模以上工业企业工业生产报表按月进行全面调查（ 1 月份数据免报）。 
 　　 4 、行业分类标准 
 　　执行国民经济行业分类标准（ GB/T 4754-2017 ）。 
 　　 5 、环比数据修订 
 　　根据季节调整模型自动修正结果，对 2022 年 7 月至 2023 年 6 月份规模以上工业增加值环比增速进行修订。修订结果及 2023 年 7 月份环比数据如下： 
 年份 
 月份 
 环比增速（ % ） 
 2022 年 
 7 月 
 0.35 
 8 月 
 0.24 
 9 月 
 0.83 
 10 月 
 0.18 
 11 月 
 -0.24 
 12 月 
 0.13 
 2023 年 
 1 月 
 0.42 
 2 月 
 0.27 
 3 月 
 0.56 
 4 月 
 -0.23 
 5 月 
 0.63 
 6 月 
 0.68 
 7 月 
 0.01 
 　　 7 月份，规模以上工业增加值同比实际增长 3.7% （增加值增速均为扣除价格因素的实际增长率）。从环比看， 7 月份，规模以上工业增加值比上月增长 0.01% 。 1 — 7 月份，规模以上工业增加值同比增长 3.8% 。 
 　　分三大门类看， 7 月份，采矿业增加值同比增长 1.3% ，制造业增长 3.9% ，电力、热力、燃气及水生产和供应业增长 4.1% 。 
 　　分经济类型看， 7 月份，国有控股企业增加值同比增长 3.4% ；股份制企业增长 5.0% ，外商及港澳台商投资企业下降 1.8% ；私营企业增长 2.5% 。 
 　　分行业看， 7 月份， 41 个大类行业中有 23 个行业增加值保持同比增长。其中煤炭开采和洗选业增长 0.4% ，石油和天然气开采业增长 4.2% ，农副食品加工业增长 3.0% ，酒、饮料和精制茶制造业下降 3.1% ，纺织业下降 0.3% ，化学原料和化学制品制造业增长 9.8% ，非金属矿物制品业下降 3.4% ，黑色金属冶炼和压延加工业增长 15.6% ，有色金属冶炼和压延加工业增长 8.9% ，通用设备制造业下降 1.4% ，专用设备制造业增长 1.5% ，汽车制造业增长 6.2% ，铁路、船舶、航空航天和其他运输设备制造业增长 1.0% ，电气机械和器材制造业增长 10.6% ，计算机、通信和其他电子设备制造业增长 0.7% ，电力、热力生产和供应业增长 4.6% 。 
 　　分产品看， 7 月份， 620 种产品中有 303 种产品产量同比增长。钢材 11653 万吨，同比增长 14.5% ；水泥 17618 万吨，下降 5.7% ；十种有色金属 603 万吨，增长 4.2% ；乙烯 241 万吨，增长 5.2% ；汽车 232.4 万辆，下降 3.8% ，其中新能源汽车 75.2 万辆，增长 24.9% ；发电量 8462 亿千瓦时，增长 3.6% ；原油加工量 6313 万吨，增长 17.4% 。 
 　　 7 月份，工业企业产品销售率为 97.8% ，同比提高 0.1 个百分点；工业企业实现出口交货值 12023 亿元，同比名义下降 6.4% 。 
 2023 年 7 月份规模以上工业生产主要数据 
 指标 
 7 月 
 1 — 7 月 
 绝对量 
 同比增长 
 （ % ） 
 绝对量 
 同比增长 
 （ % ） 
 规模以上工业增加值 
 … 
 3.7 
 … 
 3.8 
 分三大门类 
 　采矿业 
 … 
 1.3 
 … 
 1.7 
 　制造业 
 … 
 3.9 
 … 
 4.2 
 　　其中：高技术制造业 
 … 
 0.7 
 … 
 1.6 
 　电力、热力、燃气及水生产和供应业 
 … 
 4.1 
 … 
 4.1 
 分经济类型 
 　其中：国有控股企业 
 … 
 3.4 
 … 
 4.3 
 　其中：股份制企业 
 … 
 5.0 
 … 
 4.5 
 　　　　外商及港澳台商投资企业 
 … 
 -1.8 
 … 
 0.4 
 　其中：私营企业 
 … 
 2.5 
 … 
 2.0 
 主要行业增加值 
 　煤炭开采和洗选业 
 … 
 0.4 
 … 
 1.5 
 　石油和天然气开采业 
 … 
 4.2 
 … 
 4.0 
 　农副食品加工业 
 … 
 3.0 
 … 
 -0.3 
 　食品制造业 
 … 
 0.0 
 … 
 2.3 
 　酒、饮料和精制茶制造业 
 … 
 -3.1 
 … 
 -0.3 
 　纺织业 
 … 
 -0.3 
 … 
 -2.1 
 　化学原料和化学制品制造业 
 … 
 9.8 
 … 
 7.8 
 　医药制造业 
 … 
 -3.5 
 … 
 -4.6 
 　橡胶和塑料制品业 
 … 
 3.6 
 … 
 1.1 
 　非金属矿物制品业 
 … 
 -3.4 
 … 
 -0.1 
 　黑色金属冶炼和压延加工业 
 … 
 15.6 
 … 
 6.7 
 　有色金属冶炼和压延加工业 
 … 
 8.9 
 … 
 7.6 
 　金属制品业 
 … 
 1.4 
 … 
 1.6 
 　通用设备制造业 
 … 
 -1.4 
 … 
 2.8 
 　专用设备制造业 
 … 
 1.5 
 … 
 4.9 
 　汽车制造业 
 … 
 6.2 
 … 
 12.0 
 　铁路、船舶、航空航天和其他运输设备制造业 
 … 
 1.0 
 … 
 6.9 
 　电气机械和器材制造业 
 … 
 10.6 
 … 
 15.1 
 　计算机、通信和其他电子设备制造业 
 … 
 0.7 
 … 
 0.1 
 　电力、热力生产和供应业 
 … 
 4.6 
 … 
 4.4 
 主要产品产量 
 　布（亿米） 
 26 
 -5.9 
 176 
 -5.4 
 　硫酸（折 100 ％）（万吨） 
 765 
 2.1 
 5443 
 0.7 
 　烧碱（折 100 ％）（万吨） 
 329 
 -0.8 
 2345 
 2.0 
 　乙烯（万吨） 
 241 
 5.2 
 1783 
 5.3 
 　化学纤维（万吨） 
 632 
 17.1 
 3988 
 5.0 
 　水泥（万吨） 
 17618 
 -5.7 
 112677 
 0.6 
 　平板玻璃（万重量箱） 
 8221 
 -5.4 
 55054 
 -8.7 
 　生铁（万吨） 
 7760 
 10.2 
 52892 
 3.5 
 　粗钢（万吨） 
 9080 
 11.5 
 62651 
 2.5 
 　钢材（万吨） 
 11653 
 14.5 
 78900 
 5.4 
 　十种有色金属（万吨） 
 603 
 4.2 
 4232 
 7.0 
 　　其中：原铝（电解铝）（万吨） 
 348 
 1.5 
 2362 
 2.8 
 　金属切削机床（万台） 
 5 
 -2.1 
 35 
 -1.7 
 　工业机器人（套） 
 34274 
 -13.3 
 256260 
 3.8 
 　汽车（万辆） 
 232.4 
 -3.8 
 1540.8 
 4.5 
 　　其中：轿车（万辆） 
 82.5 
 -12.2 
 552.1 
 0.8 
 　　　　　运动型多用途乘用车（ SUV ）（万辆） 
 92.5 
 0.5 
 589.2 
 4.1 
 　　其中：新能源汽车（万辆） 
 75.2 
 24.9 
 435.8 
 33.2 
 　发电机组（发电设备）（万千瓦） 
 1128 
 15.7 
 10958 
 29.0 
 　太阳能电池（光伏电池）（万千瓦） 
 4450 
 65.1 
 27661 
 56.3 
 　微型计算机设备（万台） 
 2642 
 -22.3 
 18877 
 -24.4 
 　移动通信手持机（万台） 
 12101 
 5.2 
 81002 
 -1.6 
 　　其中：智能手机（万台） 
 8880 
 1.6 
 59251 
 -7.9 
 　集成电路（亿块） 
 292 
 4.1 
 1912 
 -3.9 
 　原煤（万吨） 
 37754 
 0.1 
 267182 
 3.6 
 　焦炭（万吨） 
 4043 
 3.7 
 28434 
 1.9 
 　原油（万吨） 
 1731 
 1.0 
 12237 
 1.9 
 　原油加工量（万吨） 
 6313 
 17.4 
 42671 
 10.9 
 　天然气（亿立方米） 
 184 
 7.6 
 1340 
 5.7 
 　发电量（亿千瓦时） 
 8462 
 3.6 
 50130 
 3.8 
 　　火力发电量（亿千瓦时） 
 5997 
 7.2 
 35474 
 7.5 
 　　水力发电量（亿千瓦时） 
 1211 
 -17.5 
 5717 
 -21.8 
 　　核能发电量（亿千瓦时） 
 380 
 2.9 
 2499 
 5.9 
 　　风力发电量（亿千瓦时） 
 614 
 25.0 
 4836 
 16.8 
 　　太阳能发电量（亿千瓦时） 
 259 
 6.4 
 1604 
 7.9 
 　产品销售率（ % ） 
 97.8 
 0.1( 百分点 ) 
 97.5 
 0.5( 百分点 ) 
 　出口交货值（亿元） 
 12023 
 -6.4 
 82477 
 -4.9 
 　　 点击下载： 相关数据表 
 　　附注 
 　　 1 、指标解释 
 　　工业增加值增长速度 : 即工业增长速度，是用来反映一定时期工业生产物量增减变动程度的指标。利用该指标，可以判断短期工业经济的运行走势和经济的景气程度，也是制定和调整经济政策、实施宏观调控的重要参考和依据。 
 　　产品销售率：是销售产值和工业总产值的比率，用来反映工业产品的产销衔接情况。 
 　　出口交货值：是指工业企业自营（委托）出口（包括销往香港、澳门、台湾地区）或交给外贸部门出口的产品价值，以及外商来样、来料加工、来件装配和补偿贸易等生产的产品价值。 
 　　日均产品产量：是以当月公布的规模以上工业企业总产量除以该月日历天数计算得到。 
 　　 2 、统计范围 
 　　规模以上工业的统计范围为年主营业务收入 2000 万元及以上的工业企业。 
 　　由于规模以上工业企业范围每年发生变化，为保证本年数据与上年可比，计算产品产量等各项指标同比增长速度所采用的同期数与本期的企业统计范围尽可能相一致，和上年公布的数据存在口径差异。主要原因是：（一）统计单位范围发生变化。每年有部分企业达到规模纳入调查范围，也有部分企业因规模变小退出调查范围，还有新建投产企业、破产、注（吊）销企业等影响；（二）部分企业集团（公司）产品产量数据存在跨地区重复统计现象，根据专项调查对企业集团（公司）跨地区重复产量进行了剔重。 
 　　 3 、调查方法 
 　　规模以上工业企业工业生产报表按月进行全面调查（ 1 月份数据免报）。 
 　　 4 、行业分类标准 
 　　执行国民经济行业分类标准（ GB/T 4754-2017 ）。 
 　　 5 、环比数据修订 
 　　根据季节调整模型自动修正结果，对 2022 年 7 月至 2023 年 6 月份规模以上工业增加值环比增速进行修订。修订结果及 2023 年 7 月份环比数据如下： 
 年份 
 月份 
 环比增速（ % ） 
 2022 年 
 7 月 
 0.35 
 8 月 
 0.24 
 9 月 
 0.83 
 10 月 
 0.18 
 11 月 
 -0.24 
 12 月 
 0.13 
 2023 年 
 1 月 
 0.42 
 2 月 
 0.27 
 3 月 
 0.56 
 4 月 
 -0.23 
 5 月 
 0.63 
 6 月 
 0.68 
 7 月 
 0.01 
 [责任编辑:]
 相关链接 
 政府机构网站
 地方政府网站
 地方统计网站
 社会团体网站
 国际组织网站
 政府机构网站
 地方政府网站
 地方统计网站
 社会团体网站
 国际组织网站
 中央人民政府门户网站
 外交部
 国防部
 国家发展改革委
 教育部
 科技部
 工业和信息化部
 国家民委
 公安部
 国家安全部
 民政部
 司法部
 财政部
 人力资源社会保障部
 自然资源部
 生态环境部
 住房城乡建设部
 交通运输部
 水利部
 农业农村部
 商务部
 文化和旅游部
 国家卫生健康委
 退役军人事务部
 应急管理部
 中国人民银行
 审计署
 国务院国资委
 海关总署
 税务总局
 市场监管总局
 金融监管总局
 中国证监会
 广电总局
 体育总局
 国家信访局
 国家统计局
 国家知识产权局
 国家国际发展合作署
 国家医保局
 国务院参事室
 国管局
 国务院研究室
 国务院侨办
 国务院港澳办
 国务院台办
 国家网信办
 国务院新闻办
 新华社
 中国科学院
 中国社科院
 中国工程院
 国务院发展研究中心
 中央广电总台
 中国气象局
 国家粮食和物资储备局
 国家能源局
 国家国防科工局
 国家烟草局
 国家移民局
 国家林草局
 国家铁路局
 中国民航局
 国家邮政局
 国家文物局
 国家中医药局
 国家疾控局
 国家矿山安监局
 国家消防救援局
 国家外汇局
 国家药监局
 北京
 天津
 河北
 山西
 内蒙古
 辽宁
 吉林
 黑龙江
 上海
 江苏
 浙江
 安徽
 福建
 江西
 山东
 河南
 湖北
 湖南
 广东
 广西
 海南
 重庆
 四川
 贵州
 云南
 西藏
 陕西
 甘肃
 青海
 宁夏
 新疆
 兵团
 北京局
 天津局
 河北局
 山西局
 内蒙古局
 辽宁局
 吉林局
 黑龙江局
 上海局
 江苏局
 浙江局
 安徽局
 福建局
 江西局
 山东局
 河南局
 湖北局
 湖南局
 广东局
 广西局
 海南局
 重庆局
 四川局
 贵州局
 云南局
 西藏局
 陕西局
 甘肃局
 青海局
 宁夏局
 新疆局
 兵团局
 天津总队
 山西总队
 江苏总队
 浙江总队
 安徽总队
 河南总队
 湖南总队
 广东总队
 云南总队
 陕西总队
 新疆总队
 兵团总队
 中国统计学会
 联合国
 联合国经济和社会事务部
 联合国统计司
 世贸组织
 粮农组织
 劳工组织
 基金组织
 工发组织
 教科文组织
 世卫组织
 世界银行
 欧盟
 经合组织
 联合国开发署
 联合国人口基金
 联合国环境署
 联合国儿童基金
 世界粮食计划署
 国际组织网站
 版权所有: 国家统计局   联系我们    服务条款    网站地图 
 地址: 北京市西城区月坛南街57号 (100826) 
 京ICP备05034670号-2 
 京公网安备 11040102700142号 
 网站标识码bm36000002 
 中央人民政府门户网站
 外交部
 国防部
 国家发展改革委
 教育部
 科技部
 工业和信息化部
 国家民委
 公安部
 国家安全部
 民政部
 司法部
 财政部
 人力资源社会保障部
 自然资源部
 生态环境部
 住房城乡建设部
 交通运输部
 水利部
 农业农村部
 商务部
 文化和旅游部
 国家卫生健康委
 退役军人事务部
 应急管理部
 中国人民银行
 审计署
 国务院国资委
 海关总署
 税务总局
 市场监管总局
 金融监管总局
 中国证监会
 广电总局
 体育总局
 国家信访局
 国家统计局
 国家知识产权局
 国家国际发展合作署
 国家医保局
 国务院参事室
 国管局
 国务院研究室
 国务院侨办
 国务院港澳办
 国务院台办
 国家网信办
 国务院新闻办
 新华社
 中国科学院
 中国社科院
 中国工程院
 国务院发展研究中心
 中央广电总台
 中国气象局
 国家粮食和物资储备局
 国家能源局
 国家国防科工局
 国家烟草局
 国家移民局
 国家林草局
 国家铁路局
 中国民航局
 国家邮政局
 国家文物局
 国家中医药局
 国家疾控局
 国家矿山安监局
 国家消防救援局
 国家外汇局
 国家药监局
 北京
 天津
 河北
 山西
 内蒙古
 辽宁
 吉林
 黑龙江
 上海
 江苏
 浙江
 安徽
 福建
 江西
 山东
 河南
 湖北
 湖南
 广东
 广西
 海南
 重庆
 四川
 贵州
 云南
 西藏
 陕西
 甘肃
 青海
 宁夏
 新疆
 兵团
 北京局
 天津局
 河北局
 山西局
 内蒙古局
 辽宁局
 吉林局
 黑龙江局
 上海局
 江苏局
 浙江局
 安徽局
 福建局
 江西局
 山东局
 河南局
 湖北局
 湖南局
 广东局
 广西局
 海南局
 重庆局
 四川局
 贵州局
 云南局
 西藏局
 陕西局
 甘肃局
 青海局
 宁夏局
 新疆局
 兵团局
 天津总队
 山西总队
 江苏总队
 浙江总队
 安徽总队
 河南总队
 湖南总队
 广东总队
 云南总队
 陕西总队
 新疆总队
 兵团总队
 中国统计学会
 联合国
 联合国经济和社会事务部
 联合国统计司
 世贸组织
 粮农组织
 劳工组织
 基金组织
 工发组织
 教科文组织
 世卫组织
 世界银行
 欧盟
 经合组织
 联合国开发署
 联合国人口基金
 联合国环境署
 联合国儿童基金
 世界粮食计划署
 国际组织网站",2023-08-15,国家统计局,https://www.stats.gov.cn/sj/zxfb/202308/t20230815_1941959.html,accepted
CNINFO-002738-1217599122,announcement,关于开展商品期货期权套期保值业务的公告,"中矿资源集团股份有限公司 证券代码：002738 证券简称：中矿资源 公告编号：2023-069 号 债券代码：128111 债券简称：中矿转债 中矿资源集团股份有限公司 关于开展商品期货期权套期保值业务的公告 重要内容提示： 1、为降低公司锂盐产品市场价格波动给公司带来的经营风险，公司 拟利用金 融工具的套期保值功能，对生产经营业务相关的产品风险敞口择机开展商品期货 期权套期保值业务。 公司开展商品期货期权套期保值业务的品种仅限于与公司生 产经营有直接关系的锂盐期货和期权品种 。公司开展商品期货期权套期保值业务 的保证金和权利金金额合计不超过人民币 20,000.00万元额度，上述额度在有效期 限内可循环滚动使用。授权有效期为董事会审议通过之日起 12个月内有效。 2、本次商品期货期权套期保值业务已经公司第六届董事会第二次会议审议通 过， 额度在董事会的审批权限内， 无需提交股东大会审议。 独立董事发表了明确同 意的独立意见，保荐机构发表了核查意见。 3、特别风险提示：商品期货期权套期保值业务存在固有的市场风险、政策风 险、 流动性风险及技术风险， 公司将积极落实管控制度和风险防范措施， 审慎执行 套期保值操作，提醒投资者充分关注投资风险。 中矿资源集团股份有限公司（以下简称“公司”或“本公司”）于2023年8月 21日召开第六届董事会第二次会议， 审议通过了 《关于开展商品期货期权套期保值 业务的议案》，现将有关情况公告如下： 一、投资情况概述 1、开展商品期货期权套期保值业务的目的和必要性 公司主要从事锂电新能源原料开发与利用业务， 主要产品为氢氧化锂、碳酸锂 等锂盐产品。 近年来，公司锂盐产品的销售价格受市场价格波动的影响较大， 为降 低产品价格波动给公司带来的经营风险， 公司拟利用金融工具的套期保值功能，对 本公司及董事会全体成员保证信息披露的内容真实、准确、完整，没有虚 假记载、误导性陈述或重大遗漏。
中矿资源集团股份有限公司 生产经营业务相关的产品风险敞口择机开展商品期货期权套期保值业务， 有效降低 产品市场价格波动风险，保障主营业务稳定可持续发展。 2、资金额度 公司开展商品期货期权套期 保值业务的保证金 和权利金金额合计不超过人民 币20,000.00万元，上述额度在有效期限内可循环滚动使用。 3、交易品种 公司开展商品期货期权套期 保值业务的品种仅限于与公司生产经营有直接关 系的锂盐期货和期权品种。 4、业务期限 自公司董事会审议通过之日起12个月内有效。 如单笔交易的存续期超过了授权 期限， 则授权期限自动顺延至该笔交易终止时止，但该笔交易额度纳入下一个审批 有效期计算。 5、资金来源 公司自有资金。 二、商品期货期权套期保值业务审议程序 本次商品期货期权套期 保值业务已经公司 第六届董事会第二次会议 和第六届 监事会第二次会议审议通过， 额度在董事会的审批权限内， 无需提交股东大会审议。 独立董事发表了明确同意的独立意见， 保荐机构发表了核查意见。公司董事会授权 经营管理层及其授权人士开展商品期货期权套期保值业务， 并按照公司制定的 《商 品期货期权套期保值业务管理制度》 相关规定及流程， 进行商品期货期权套期保值 业务操作及管理。 三、开展商品期货期权套期保值业务的风险分析及风控措施 1、风险分析 （1）市场风险 理论上， 各交易品种在临近交割期时期货市场价格和现货市场价格将趋于回归 一致， 但在极个别的非理性市场情况下， 如市场发生系统性风险， 期货价格与现货 价格走势相背离等，会对公司的套期保值操作方案带来影响，甚至造成损失。 （2）政策风险 如期货市场相关法规政策发生重大变化， 可能导致市场发生剧烈波动或无法交
中矿资源集团股份有限公司 易的风险。 （3）流动性风险 期货交易采取保证金和逐日盯市制度， 按照经公司审批的方案下单操作时， 如 果合约活跃度较低， 导致套期保值持仓无法成交或无法在合适价位成交， 令实际交 易结果与方案设计出现较大偏差， 甚至面临因未能及时补足保证金而被强行平仓带 来的损失。 （4）内部控制风险 期货和期权交易专业性较强， 复杂程度较高， 可能会产生由于内控体系不完善 导致的风险。 （5）技术风险 由于无法控制和不可预测的系统故障、 网络故障、 通讯故障等造成交易系统非 正常运行，使交易指令出现延迟、中断或数据错误等问题，从而带来相应风险。 2、风控措施 （1）公司严格遵守相关法律法规的要求，制定了《商品期货期权套期保值业 务管理制度》 ， 对公司开展商品期货期权套期保值业务的审批权限、 操作流程及风 险控制等方面做出明确的规定，建立有效的监督检查、风险控制和交易止损机制， 降低内部控制风险。 （2）公司合理设置套期保值业务组织机构，明确各相关部门和岗位的职责权 限， 严格在董事会授权的范围内办理相关业务。 同时， 加强相关人员的职业道德教 育及业务培训，提高从业人员的专业素养。 （3）公司商品期货期权套期保值业务仅限于与公司经营业务相关性高的期货 和期权品种， 业务规模将与公司经营业务相匹配， 最大程度对冲价格波动风险。 在 制订交易方案的同时做好资金测算， 以确保可用资金充裕； 严格控制套期保值业务 的资金规模， 合理规划和使用资金， 在市场剧烈波动时做到合理止损， 有效规避风 险。 （4）公司内部审计部门定期及不定期对套期保值交易业务进行检查，监督套 期保值交易业务人员执行风险管理制度和风险管理工作程序， 及时防范业务中的操 作风险。 （5）公司将密切跟踪市场行情变化，关注价格变化趋势，及时调整套期保值
中矿资源集团股份有限公司 方案，并结合现货销售，尽可能降低交易风险。 四、开展商品期货期权套期保值业务的会计核算原则 公司根据《企业会计准则第22号——金融工具确认和计量》、《企业会计准则 第24号——套期会计》、《企业会计准则第37号——金融工具列报》、《企业会计 准则第39号——公允价值计量》等相关规定及其指南， 对商品期货期权套期保值业 务进行相应的核算处理，并在财务报告中正确列报。 五、独立董事意见 经核查，独立董事认为：公司开展商品期货期权套期保值业务是以防范风险为 目的，有利于降低产品价格波动风险，符合公司业务发展及日常经营需要，有利于 公司长期稳健发展。公司向董事会提交了《中矿资源集团股份有限公司关于开展商 品期货期权套期保值业务的可行性分析报告》，公司开展商品期货期权套期保值业 务的相关内容和审议程序符合相关法律、法规及《公司章程》的有关规定。公司已 制定《商品期货期权套期保值业务管理制度》，明确了审批权限、专业管理、风险 控制等内部控制程序，对公司控制商品期货期权套期保值风险起到了保障的作用。 公司对于商品期货期权套期保值业务的开展不存在损害公司和全体股东，尤其是中 小股东利益的情形。因此，我们一致同意公司开展商品期货期权套期保值业务。 六、保荐机构核查意见 经核查， 保荐机构认为：公司本次开展商品期货期权套期保值业务的事项已经 董事会、 监事会审议通过， 全体独立董事发表了同意的独立意见。公司履行了必要 的审批程序， 符合 《深圳证券交易所股票上市规则》 《深圳证券交易所上市公司自 律监管指引第1号——主板上市公司规范运作》等法律法规的相关规定。公司进行 的商品期货期权套期保值业务遵循的是锁定产品销售价格而进行套期保值的原则， 不做投机性、 套利性的交易操作， 有效降低产品市场价格波动风险， 保障主营业务 稳定可持续发展。 七、备查文件 1、公司第六届董事会第二次会议决议。 2、公司第六届监事会第二次会议决议。 3、独立董事关于第六届董事会第二次会议相关事项的独立意见。
中矿资源集团股份有限公司 4、方正证券承销保荐有限责任公司关于中矿资源集团股份有限公司开展商品 期货期权套期保值业务的核查意见。 5、中矿资源集团股份有限公司关于开展商品期货期权套期保值业务可行性分 析报告。 6、中矿资源集团股份有限公司商品期货期权套期保值业务管理制度。 特此公告。 中矿资源集团股份有限公司董事会 2023 年 8 月 21 日",2023-08-22,巨潮资讯网,https://static.cninfo.com.cn/finalpage/2023-08-22/1217599122.PDF,accepted
CNINFO-002738-1217599123,announcement,关于申请广州期货交易所碳酸锂指定交割厂库的公告,中矿资源集团股份有限公司 证券代码：002738 证券简称：中矿资源 公告编号：2023-070 号 债券代码：128111 债券简称：中矿转债 中矿资源集团股份有限公司 关于申请广州期货交易所碳酸锂指定交割厂库的公告 中矿资源集团股份有限公司（以下简称“公司”或“本公司”）于2023年8月 21日召开第六届董事会第二次会议， 审议通过了 《关于申请广州期货交易所碳酸锂 指定交割厂库的议案》 ，同意公司全资子公司江西东鹏新材料有限责任公司向广州 期货交易所申请碳酸锂指定交割厂库的资质， 授权公司经营管理层及相关部门提交 申请材料，并办理相关事宜。 本次申请广州期货交易所碳酸锂指定交割厂库有利于公司将现货市场、 期货市 场、 交割厂库三者有机结合， 增强公司的抗风险能力和市场竞争力，提高公司的规 范管理水平，对公司长期可持续发展产生积极作用。 本次申请碳酸锂交割厂库事宜尚存在不确定性， 最终以广州期货交易所审核通 过为准。公司将持续关注本次申请事项的进展情况，并及时履行信息披露义务。 特此公告。 中矿资源集团股份有限公司董事会 2023 年 8 月 21 日 本公司及董事会全体成员保证信息披露的内容真实、准确、完整，没有虚 假记载、误导性陈述或重大遗漏。,2023-08-22,巨潮资讯网,https://static.cninfo.com.cn/finalpage/2023-08-22/1217599123.PDF,accepted
CNINFO-002466-1217718807,announcement,关于申请广州期货交易所碳酸锂指定交割厂库的公告,1 股票代码：002466 股票简称：天齐锂业 公告编号：2023-043 天齐锂业股份有限公司 关于申请广州期货交易所碳酸锂指定交割厂库的公告 本公司及董事会全体成员保证信息披露的内容真实、准确、 完整，没有虚假记载、误导性陈述或重大遗漏。 天齐锂业股份有限公司（以下简称 “公司”）于2023年8月30日召开的第六届董事 会第六次会议，审议通过了《关于申请广州期货交易所碳酸锂指定交割厂库的议案》， 同意公司向广州期货交易所（以下简 称“广期所”）申请碳酸锂指定交割厂库的资质， 并授权公司管理层提交申请材料，并办理其他相关事宜。 碳酸锂是公司的核心产品之一， 本次申请广州期货交易所碳酸锂指定交割厂库有利 于进一步扩大公司在业内的知名度和影响力， 提高公司的规范管理水平；同时有利于公 司将现货市场、期货市场、交割厂库三者有机结合，进一步增强公司的抗风险能力和市 场竞争力，提高公司的盈利水平。 本次申请碳酸锂交割厂库事宜尚存在不确定性， 最终以广期所审核通过为准。 公司 将持续关注本次申请事宜， 并及时履行信息披露义务。 请投资者谨慎投资并注意投资风 险。 特此公告。 天齐锂业股份有限公司董事会 二〇二三年八月三十一日,2023-08-31,巨潮资讯网,https://static.cninfo.com.cn/finalpage/2023-08-31/1217718807.PDF,accepted
CNINFO-002594-1217758661,announcement,2023年8月产销快报,"证券代码：002594 证券简称：比亚迪 公告编号：2023-090 比亚迪股份有限公司 2023年8月产销快报 本公司及董事会全体成员保证信息披露的内容真实、准确、完整，没有虚假记载、误导性陈述或重大遗漏。 比亚迪股份有限公司(以下简称“本公司”)2023年8月产销快报数据如下： 单位：辆 产量 销量 项目类别 本月 去年同期 本年累计 去年累计 累计同比 本月 去年同期 本年累计 去年累计 累计同比 新能源汽车 284,926 175,418 1,832,887 986,690 85.76% 274,386 174,915 1,792,184 978,795 83.10% -乘用车 284,644 174,480 1,823,997 982,243 85.70% 274,086 173,977 1,783,352 974,348 83.03% -纯电动 155,967 84,573 926,418 492,902 87.95% 145,627 82,678 897,220 487,188 84.16% -插电式混合动力 128,677 89,907 897,579 489,341 83.43% 128,459 91,299 886,132 487,160 81.90% -商用车 282 938 8,890 4,447 99.91% 300 938 8,832 4,447 98.61% -客车 121 859 2,326 3,743 -37.86% 121 859 2,326 3,743 -37.86% -其他 161 79 6,564 704 832.39% 179 79 6,506 704 824.15% 燃油汽车 0 0 0 4,635 -100.00% 0 0 0 5,049 -100.00% -轿车 0 0 0 1,458 -100.00% 0 0 0 1,544 -100.00% -SUV 0 0 0 3,177 -100.00% 0 0 0 3,505 -100.00% -MPV 0 0 0 0 0.00% 0 0 0 0 0.00% 合计 284,926 175,418 1,832,887 991,325 84.89% 274,386 174,915 1,792,184 983,844 82.16%
注：本公司 2023 年 8 月海外销售新能源乘用车合计 25,023 辆； 本公司 2023 年 8 月新能源汽车动力电池及储能电池装机总量约为 13.928GWh，2023 年累计装机总量约为 86.583GWh。 务请注意，上述销量数字未经审核，亦未经本公司审计师确认，或会予以调整并有待最终确认。本公司刊发财务业绩后，股东及潜在 投资者务必详阅。 特此公告。 比亚迪股份有限公司董事会 2023 年 9 月 1 日",2023-09-02,巨潮资讯网,https://static.cninfo.com.cn/finalpage/2023-09-02/1217758661.PDF,accepted
LC-TEXT-0002,news,2023年8月份规模以上工业增加值增长4.5%,"2023年8月份规模以上工业增加值增长4.5% - 国家统计局 
 EN 
 搜索 
 首页 
 机构 
 新闻 
 时政要闻
 统计新闻
 数据 
 公开 
 服务 
 互动 
 知识 
 专题 
 2023年8月份规模以上工业增加值增长4.5%
 2023/09/15 10:00
 | 
 Aa 
 字体： 
 小
 中
 大
 | 
 分享到： 
 　　 8 月份，规模以上工业增加值同比实际增长 4.5% （增加值增速均为扣除价格因素的实际增长率）。从环比看， 8 月份，规模以上工业增加值比上月增长 0.50% 。 1 — 8 月份，规模以上工业增加值同比增长 3.9% 。 
 　　分三大门类看， 8 月份，采矿业增加值同比增长 2.3% ，制造业增长 5.4% ，电力、热力、燃气及水生产和供应业增长 0.2% 。 
 　　分经济类型看， 8 月份，国有控股企业增加值同比增长 5.2% ；股份制企业增长 5.7% ，外商及港澳台商投资企业增长 0.8% ；私营企业增长 3.4% 。 
 　　分行业看， 8 月份， 41 个大类行业中有 23 个行业增加值保持同比增长。其中煤炭开采和洗选业增长 1.6% ，石油和天然气开采业增长 7.2% ，农副食品加工业增长 3.1% ，酒、饮料和精制茶制造业下降 2.9% ，纺织业增长 1.4% ，化学原料和化学制品制造业增长 14.8% ，非金属矿物制品业下降 1.6% ，黑色金属冶炼和压延加工业增长 14.5% ，有色金属冶炼和压延加工业增长 8.8% ，通用设备制造业下降 0.8% ，专用设备制造业下降 0.5% ，汽车制造业增长 9.9% ，铁路、船舶、航空航天和其他运输设备制造业增长 3.1% ，电气机械和器材制造业增长 10.2% ，计算机、通信和其他电子设备制造业增长 5.8% ，电力、热力生产和供应业增长 0.2% 。 
 　　分产品看， 8 月份， 620 种产品中有 356 种产品产量同比增长。钢材 11652 万吨，同比增长 11.4% ；水泥 17925 万吨，下降 2.0% ；十种有色金属 629 万吨，增长 6.1% ；乙烯 264 万吨，增长 16.8% ；汽车 251.3 万辆，增长 4.5% ，其中新能源汽车 80.0 万辆，增长 13.8% ；发电量 8450 亿千瓦时，增长 1.1% ；原油加工量 6469 万吨，增长 19.6% 。 
 　　 8 月份，工业企业产品销售率为 97.4% ，同比下降 0.7 个百分点；工业企业实现出口交货值 12266 亿元，同比名义下降 4.5% 。 
 2023 年 8 月份规模以上工业生产主要数据 
 指标 
 8 月 
 1 — 8 月 
 绝对量 
 同比增长 
 （ % ） 
 绝对量 
 同比增长 
 （ % ） 
 规模以上工业增加值 
 … 
 4.5 
 … 
 3.9 
 分三大门类 
 　采矿业 
 … 
 2.3 
 … 
 1.7 
 　制造业 
 … 
 5.4 
 … 
 4.3 
 　　其中：高技术制造业 
 … 
 2.9 
 … 
 1.8 
 　电力、热力、燃气及水生产和供应业 
 … 
 0.2 
 … 
 3.5 
 分经济类型 
 　其中：国有控股企业 
 … 
 5.2 
 … 
 4.4 
 　其中：股份制企业 
 … 
 5.7 
 … 
 4.7 
 　　　　外商及港澳台商投资企业 
 … 
 0.8 
 … 
 0.5 
 　其中：私营企业 
 … 
 3.4 
 … 
 2.2 
 主要行业增加值 
 　煤炭开采和洗选业 
 … 
 1.6 
 … 
 1.5 
 　石油和天然气开采业 
 … 
 7.2 
 … 
 4.4 
 　农副食品加工业 
 … 
 3.1 
 … 
 0.2 
 　食品制造业 
 … 
 2.5 
 … 
 2.3 
 　酒、饮料和精制茶制造业 
 … 
 -2.9 
 … 
 -0.6 
 　纺织业 
 … 
 1.4 
 … 
 -1.6 
 　化学原料和化学制品制造业 
 … 
 14.8 
 … 
 8.6 
 　医药制造业 
 … 
 -6.2 
 … 
 -4.9 
 　橡胶和塑料制品业 
 … 
 5.4 
 … 
 1.7 
 　非金属矿物制品业 
 … 
 -1.6 
 … 
 -0.3 
 　黑色金属冶炼和压延加工业 
 … 
 14.5 
 … 
 7.6 
 　有色金属冶炼和压延加工业 
 … 
 8.8 
 … 
 7.7 
 　金属制品业 
 … 
 1.4 
 … 
 1.6 
 　通用设备制造业 
 … 
 -0.8 
 … 
 2.4 
 　专用设备制造业 
 … 
 -0.5 
 … 
 4.2 
 　汽车制造业 
 … 
 9.9 
 … 
 11.7 
 　铁路、船舶、航空航天和其他运输设备制造业 
 … 
 3.1 
 … 
 6.3 
 　电气机械和器材制造业 
 … 
 10.2 
 … 
 14.5 
 　计算机、通信和其他电子设备制造业 
 … 
 5.8 
 … 
 0.9 
 　电力、热力生产和供应业 
 … 
 0.2 
 … 
 3.8 
 主要产品产量 
 　布（亿米） 
 26 
 -2.2 
 202 
 -4.6 
 　硫酸（折 100 ％）（万吨） 
 792 
 7.1 
 6218 
 1.4 
 　烧碱（折 100 ％）（万吨） 
 340 
 5.6 
 2684 
 2.2 
 　乙烯（万吨） 
 264 
 16.8 
 2048 
 6.7 
 　化学纤维（万吨） 
 635 
 17.3 
 4620 
 6.9 
 　水泥（万吨） 
 17925 
 -2.0 
 130600 
 0.4 
 　平板玻璃（万重量箱） 
 8228 
 -7.2 
 63253 
 -8.2 
 　生铁（万吨） 
 7462 
 4.8 
 60359 
 3.7 
 　粗钢（万吨） 
 8641 
 3.2 
 71293 
 2.6 
 　钢材（万吨） 
 11652 
 11.4 
 90920 
 6.3 
 　十种有色金属（万吨） 
 629 
 6.1 
 4856 
 6.8 
 　　其中：原铝（电解铝）（万吨） 
 360 
 3.1 
 2723 
 2.9 
 　金属切削机床（万台） 
 5 
 0.0 
 40 
 -1.0 
 　工业机器人（套） 
 33193 
 -18.6 
 281515 
 2.3 
 　汽车（万辆） 
 251.3 
 4.5 
 1792.0 
 4.8 
 　　其中：轿车（万辆） 
 92.5 
 0.4 
 642.6 
 0.6 
 　　　　　运动型多用途乘用车（ SUV ）（万辆） 
 95.4 
 3.9 
 683.6 
 4.7 
 　　其中：新能源汽车（万辆） 
 80.0 
 13.8 
 515.7 
 29.6 
 　发电机组（发电设备）（万千瓦） 
 1616 
 32.4 
 12370 
 27.9 
 　太阳能电池（光伏电池）（万千瓦） 
 4881 
 77.8 
 33325 
 60.2 
 　微型计算机设备（万台） 
 3092 
 -1.8 
 22031 
 -21.7 
 　移动通信手持机（万台） 
 12765 
 7.0 
 93459 
 -0.9 
 　　其中：智能手机（万台） 
 9009 
 0.8 
 67863 
 -7.5 
 　集成电路（亿块） 
 312 
 21.1 
 2214 
 -1.4 
 　原煤（万吨） 
 38217 
 2.0 
 305084 
 3.4 
 　焦炭（万吨） 
 4158 
 6.0 
 32593 
 2.3 
 　原油（万吨） 
 1747 
 3.1 
 13985 
 2.1 
 　原油加工量（万吨） 
 6469 
 19.6 
 49140 
 11.9 
 　天然气（亿立方米） 
 181 
 6.3 
 1521 
 5.7 
 　发电量（亿千瓦时） 
 8450 
 1.1 
 58663 
 3.6 
 　　火力发电量（亿千瓦时） 
 5891 
 -2.2 
 41390 
 6.1 
 　　水力发电量（亿千瓦时） 
 1466 
 18.5 
 7187 
 -15.9 
 　　核能发电量（亿千瓦时） 
 383 
 5.5 
 2883 
 5.9 
 　　风力发电量（亿千瓦时） 
 441 
 -11.5 
 5308 
 14.4 
 　　太阳能发电量（亿千瓦时） 
 269 
 13.9 
 1894 
 9.9 
 　产品销售率（ % ） 
 97.4 
 -0.7( 百分点 ) 
 96.7 
 -0.7( 百分点 ) 
 　出口交货值（亿元） 
 12266 
 -4.5 
 94872 
 -4.6 
 　　 点击下载： 相关数据表      
 　　附注 
 　　 1 、指标解释 
 　　工业增加值增长速度 : 即工业增长速度，是用来反映一定时期工业生产物量增减变动程度的指标。利用该指标，可以判断短期工业经济的运行走势和经济的景气程度，也是制定和调整经济政策、实施宏观调控的重要参考和依据。 
 　　产品销售率：是销售产值和工业总产值的比率，用来反映工业产品的产销衔接情况。 
 　　出口交货值：是指工业企业自营（委托）出口（包括销往香港、澳门、台湾地区）或交给外贸部门出口的产品价值，以及外商来样、来料加工、来件装配和补偿贸易等生产的产品价值。 
 　　日均产品产量：是以当月公布的规模以上工业企业总产量除以该月日历天数计算得到。 
 　　 2 、统计范围 
 　　规模以上工业的统计范围为年主营业务收入 2000 万元及以上的工业企业。 
 　　由于规模以上工业企业范围每年发生变化，为保证本年数据与上年可比，计算产品产量等各项指标同比增长速度所采用的同期数与本期的企业统计范围尽可能相一致，和上年公布的数据存在口径差异。主要原因是：（一）统计单位范围发生变化。每年有部分企业达到规模纳入调查范围，也有部分企业因规模变小退出调查范围，还有新建投产企业、破产、注（吊）销企业等影响；（二）部分企业集团（公司）产品产量数据存在跨地区重复统计现象，根据专项调查对企业集团（公司）跨地区重复产量进行了剔重。 
 　　 3 、调查方法 
 　　规模以上工业企业工业生产报表按月进行全面调查（ 1 月份数据免报）。 
 　　 4 、行业分类标准 
 　　执行国民经济行业分类标准（ GB/T 4754-2017 ）。 
 　　 5 、环比数据修订 
 　　根据季节调整模型自动修正结果，对 2022 年 8 月至 2023 年 7 月份规模以上工业增加值环比增速进行修订。修订结果及 2023 年 8 月份环比数据如下： 
 年份 
 月份 
 环比增速（ % ） 
 2022 年 
 8 月 
 0.24 
 9 月 
 0.80 
 10 月 
 0.18 
 11 月 
 -0.24 
 12 月 
 0.13 
 2023 年 
 1 月 
 0.54 
 2 月 
 0.36 
 3 月 
 0.56 
 4 月 
 -0.23 
 5 月 
 0.69 
 6 月 
 0.68 
 7 月 
 0.01 
 8 月 
 0.50 
 　　 8 月份，规模以上工业增加值同比实际增长 4.5% （增加值增速均为扣除价格因素的实际增长率）。从环比看， 8 月份，规模以上工业增加值比上月增长 0.50% 。 1 — 8 月份，规模以上工业增加值同比增长 3.9% 。 
 　　分三大门类看， 8 月份，采矿业增加值同比增长 2.3% ，制造业增长 5.4% ，电力、热力、燃气及水生产和供应业增长 0.2% 。 
 　　分经济类型看， 8 月份，国有控股企业增加值同比增长 5.2% ；股份制企业增长 5.7% ，外商及港澳台商投资企业增长 0.8% ；私营企业增长 3.4% 。 
 　　分行业看， 8 月份， 41 个大类行业中有 23 个行业增加值保持同比增长。其中煤炭开采和洗选业增长 1.6% ，石油和天然气开采业增长 7.2% ，农副食品加工业增长 3.1% ，酒、饮料和精制茶制造业下降 2.9% ，纺织业增长 1.4% ，化学原料和化学制品制造业增长 14.8% ，非金属矿物制品业下降 1.6% ，黑色金属冶炼和压延加工业增长 14.5% ，有色金属冶炼和压延加工业增长 8.8% ，通用设备制造业下降 0.8% ，专用设备制造业下降 0.5% ，汽车制造业增长 9.9% ，铁路、船舶、航空航天和其他运输设备制造业增长 3.1% ，电气机械和器材制造业增长 10.2% ，计算机、通信和其他电子设备制造业增长 5.8% ，电力、热力生产和供应业增长 0.2% 。 
 　　分产品看， 8 月份， 620 种产品中有 356 种产品产量同比增长。钢材 11652 万吨，同比增长 11.4% ；水泥 17925 万吨，下降 2.0% ；十种有色金属 629 万吨，增长 6.1% ；乙烯 264 万吨，增长 16.8% ；汽车 251.3 万辆，增长 4.5% ，其中新能源汽车 80.0 万辆，增长 13.8% ；发电量 8450 亿千瓦时，增长 1.1% ；原油加工量 6469 万吨，增长 19.6% 。 
 　　 8 月份，工业企业产品销售率为 97.4% ，同比下降 0.7 个百分点；工业企业实现出口交货值 12266 亿元，同比名义下降 4.5% 。 
 2023 年 8 月份规模以上工业生产主要数据 
 指标 
 8 月 
 1 — 8 月 
 绝对量 
 同比增长 
 （ % ） 
 绝对量 
 同比增长 
 （ % ） 
 规模以上工业增加值 
 … 
 4.5 
 … 
 3.9 
 分三大门类 
 　采矿业 
 … 
 2.3 
 … 
 1.7 
 　制造业 
 … 
 5.4 
 … 
 4.3 
 　　其中：高技术制造业 
 … 
 2.9 
 … 
 1.8 
 　电力、热力、燃气及水生产和供应业 
 … 
 0.2 
 … 
 3.5 
 分经济类型 
 　其中：国有控股企业 
 … 
 5.2 
 … 
 4.4 
 　其中：股份制企业 
 … 
 5.7 
 … 
 4.7 
 　　　　外商及港澳台商投资企业 
 … 
 0.8 
 … 
 0.5 
 　其中：私营企业 
 … 
 3.4 
 … 
 2.2 
 主要行业增加值 
 　煤炭开采和洗选业 
 … 
 1.6 
 … 
 1.5 
 　石油和天然气开采业 
 … 
 7.2 
 … 
 4.4 
 　农副食品加工业 
 … 
 3.1 
 … 
 0.2 
 　食品制造业 
 … 
 2.5 
 … 
 2.3 
 　酒、饮料和精制茶制造业 
 … 
 -2.9 
 … 
 -0.6 
 　纺织业 
 … 
 1.4 
 … 
 -1.6 
 　化学原料和化学制品制造业 
 … 
 14.8 
 … 
 8.6 
 　医药制造业 
 … 
 -6.2 
 … 
 -4.9 
 　橡胶和塑料制品业 
 … 
 5.4 
 … 
 1.7 
 　非金属矿物制品业 
 … 
 -1.6 
 … 
 -0.3 
 　黑色金属冶炼和压延加工业 
 … 
 14.5 
 … 
 7.6 
 　有色金属冶炼和压延加工业 
 … 
 8.8 
 … 
 7.7 
 　金属制品业 
 … 
 1.4 
 … 
 1.6 
 　通用设备制造业 
 … 
 -0.8 
 … 
 2.4 
 　专用设备制造业 
 … 
 -0.5 
 … 
 4.2 
 　汽车制造业 
 … 
 9.9 
 … 
 11.7 
 　铁路、船舶、航空航天和其他运输设备制造业 
 … 
 3.1 
 … 
 6.3 
 　电气机械和器材制造业 
 … 
 10.2 
 … 
 14.5 
 　计算机、通信和其他电子设备制造业 
 … 
 5.8 
 … 
 0.9 
 　电力、热力生产和供应业 
 … 
 0.2 
 … 
 3.8 
 主要产品产量 
 　布（亿米） 
 26 
 -2.2 
 202 
 -4.6 
 　硫酸（折 100 ％）（万吨） 
 792 
 7.1 
 6218 
 1.4 
 　烧碱（折 100 ％）（万吨） 
 340 
 5.6 
 2684 
 2.2 
 　乙烯（万吨） 
 264 
 16.8 
 2048 
 6.7 
 　化学纤维（万吨） 
 635 
 17.3 
 4620 
 6.9 
 　水泥（万吨） 
 17925 
 -2.0 
 130600 
 0.4 
 　平板玻璃（万重量箱） 
 8228 
 -7.2 
 63253 
 -8.2 
 　生铁（万吨） 
 7462 
 4.8 
 60359 
 3.7 
 　粗钢（万吨） 
 8641 
 3.2 
 71293 
 2.6 
 　钢材（万吨） 
 11652 
 11.4 
 90920 
 6.3 
 　十种有色金属（万吨） 
 629 
 6.1 
 4856 
 6.8 
 　　其中：原铝（电解铝）（万吨） 
 360 
 3.1 
 2723 
 2.9 
 　金属切削机床（万台） 
 5 
 0.0 
 40 
 -1.0 
 　工业机器人（套） 
 33193 
 -18.6 
 281515 
 2.3 
 　汽车（万辆） 
 251.3 
 4.5 
 1792.0 
 4.8 
 　　其中：轿车（万辆） 
 92.5 
 0.4 
 642.6 
 0.6 
 　　　　　运动型多用途乘用车（ SUV ）（万辆） 
 95.4 
 3.9 
 683.6 
 4.7 
 　　其中：新能源汽车（万辆） 
 80.0 
 13.8 
 515.7 
 29.6 
 　发电机组（发电设备）（万千瓦） 
 1616 
 32.4 
 12370 
 27.9 
 　太阳能电池（光伏电池）（万千瓦） 
 4881 
 77.8 
 33325 
 60.2 
 　微型计算机设备（万台） 
 3092 
 -1.8 
 22031 
 -21.7 
 　移动通信手持机（万台） 
 12765 
 7.0 
 93459 
 -0.9 
 　　其中：智能手机（万台） 
 9009 
 0.8 
 67863 
 -7.5 
 　集成电路（亿块） 
 312 
 21.1 
 2214 
 -1.4 
 　原煤（万吨） 
 38217 
 2.0 
 305084 
 3.4 
 　焦炭（万吨） 
 4158 
 6.0 
 32593 
 2.3 
 　原油（万吨） 
 1747 
 3.1 
 13985 
 2.1 
 　原油加工量（万吨） 
 6469 
 19.6 
 49140 
 11.9 
 　天然气（亿立方米） 
 181 
 6.3 
 1521 
 5.7 
 　发电量（亿千瓦时） 
 8450 
 1.1 
 58663 
 3.6 
 　　火力发电量（亿千瓦时） 
 5891 
 -2.2 
 41390 
 6.1 
 　　水力发电量（亿千瓦时） 
 1466 
 18.5 
 7187 
 -15.9 
 　　核能发电量（亿千瓦时） 
 383 
 5.5 
 2883 
 5.9 
 　　风力发电量（亿千瓦时） 
 441 
 -11.5 
 5308 
 14.4 
 　　太阳能发电量（亿千瓦时） 
 269 
 13.9 
 1894 
 9.9 
 　产品销售率（ % ） 
 97.4 
 -0.7( 百分点 ) 
 96.7 
 -0.7( 百分点 ) 
 　出口交货值（亿元） 
 12266 
 -4.5 
 94872 
 -4.6 
 　　 点击下载： 相关数据表      
 　　附注 
 　　 1 、指标解释 
 　　工业增加值增长速度 : 即工业增长速度，是用来反映一定时期工业生产物量增减变动程度的指标。利用该指标，可以判断短期工业经济的运行走势和经济的景气程度，也是制定和调整经济政策、实施宏观调控的重要参考和依据。 
 　　产品销售率：是销售产值和工业总产值的比率，用来反映工业产品的产销衔接情况。 
 　　出口交货值：是指工业企业自营（委托）出口（包括销往香港、澳门、台湾地区）或交给外贸部门出口的产品价值，以及外商来样、来料加工、来件装配和补偿贸易等生产的产品价值。 
 　　日均产品产量：是以当月公布的规模以上工业企业总产量除以该月日历天数计算得到。 
 　　 2 、统计范围 
 　　规模以上工业的统计范围为年主营业务收入 2000 万元及以上的工业企业。 
 　　由于规模以上工业企业范围每年发生变化，为保证本年数据与上年可比，计算产品产量等各项指标同比增长速度所采用的同期数与本期的企业统计范围尽可能相一致，和上年公布的数据存在口径差异。主要原因是：（一）统计单位范围发生变化。每年有部分企业达到规模纳入调查范围，也有部分企业因规模变小退出调查范围，还有新建投产企业、破产、注（吊）销企业等影响；（二）部分企业集团（公司）产品产量数据存在跨地区重复统计现象，根据专项调查对企业集团（公司）跨地区重复产量进行了剔重。 
 　　 3 、调查方法 
 　　规模以上工业企业工业生产报表按月进行全面调查（ 1 月份数据免报）。 
 　　 4 、行业分类标准 
 　　执行国民经济行业分类标准（ GB/T 4754-2017 ）。 
 　　 5 、环比数据修订 
 　　根据季节调整模型自动修正结果，对 2022 年 8 月至 2023 年 7 月份规模以上工业增加值环比增速进行修订。修订结果及 2023 年 8 月份环比数据如下： 
 年份 
 月份 
 环比增速（ % ） 
 2022 年 
 8 月 
 0.24 
 9 月 
 0.80 
 10 月 
 0.18 
 11 月 
 -0.24 
 12 月 
 0.13 
 2023 年 
 1 月 
 0.54 
 2 月 
 0.36 
 3 月 
 0.56 
 4 月 
 -0.23 
 5 月 
 0.69 
 6 月 
 0.68 
 7 月 
 0.01 
 8 月 
 0.50 
 [责任编辑:]
 相关链接 
 政府机构网站
 地方政府网站
 地方统计网站
 社会团体网站
 国际组织网站
 政府机构网站
 地方政府网站
 地方统计网站
 社会团体网站
 国际组织网站
 中央人民政府门户网站
 外交部
 国防部
 国家发展改革委
 教育部
 科技部
 工业和信息化部
 国家民委
 公安部
 国家安全部
 民政部
 司法部
 财政部
 人力资源社会保障部
 自然资源部
 生态环境部
 住房城乡建设部
 交通运输部
 水利部
 农业农村部
 商务部
 文化和旅游部
 国家卫生健康委
 退役军人事务部
 应急管理部
 中国人民银行
 审计署
 国务院国资委
 海关总署
 税务总局
 市场监管总局
 金融监管总局
 中国证监会
 广电总局
 体育总局
 国家信访局
 国家统计局
 国家知识产权局
 国家国际发展合作署
 国家医保局
 国务院参事室
 国管局
 国务院研究室
 国务院侨办
 国务院港澳办
 国务院台办
 国家网信办
 国务院新闻办
 新华社
 中国科学院
 中国社科院
 中国工程院
 国务院发展研究中心
 中央广电总台
 中国气象局
 国家粮食和物资储备局
 国家能源局
 国家国防科工局
 国家烟草局
 国家移民局
 国家林草局
 国家铁路局
 中国民航局
 国家邮政局
 国家文物局
 国家中医药局
 国家疾控局
 国家矿山安监局
 国家消防救援局
 国家外汇局
 国家药监局
 北京
 天津
 河北
 山西
 内蒙古
 辽宁
 吉林
 黑龙江
 上海
 江苏
 浙江
 安徽
 福建
 江西
 山东
 河南
 湖北
 湖南
 广东
 广西
 海南
 重庆
 四川
 贵州
 云南
 西藏
 陕西
 甘肃
 青海
 宁夏
 新疆
 兵团
 北京局
 天津局
 河北局
 山西局
 内蒙古局
 辽宁局
 吉林局
 黑龙江局
 上海局
 江苏局
 浙江局
 安徽局
 福建局
 江西局
 山东局
 河南局
 湖北局
 湖南局
 广东局
 广西局
 海南局
 重庆局
 四川局
 贵州局
 云南局
 西藏局
 陕西局
 甘肃局
 青海局
 宁夏局
 新疆局
 兵团局
 天津总队
 山西总队
 江苏总队
 浙江总队
 安徽总队
 河南总队
 湖南总队
 广东总队
 云南总队
 陕西总队
 新疆总队
 兵团总队
 中国统计学会
 联合国
 联合国经济和社会事务部
 联合国统计司
 世贸组织
 粮农组织
 劳工组织
 基金组织
 工发组织
 教科文组织
 世卫组织
 世界银行
 欧盟
 经合组织
 联合国开发署
 联合国人口基金
 联合国环境署
 联合国儿童基金
 世界粮食计划署
 国际组织网站
 版权所有: 国家统计局   联系我们    服务条款    网站地图 
 地址: 北京市西城区月坛南街57号 (100826) 
 京ICP备05034670号-2 
 京公网安备 11040102700142号 
 网站标识码bm36000002 
 中央人民政府门户网站
 外交部
 国防部
 国家发展改革委
 教育部
 科技部
 工业和信息化部
 国家民委
 公安部
 国家安全部
 民政部
 司法部
 财政部
 人力资源社会保障部
 自然资源部
 生态环境部
 住房城乡建设部
 交通运输部
 水利部
 农业农村部
 商务部
 文化和旅游部
 国家卫生健康委
 退役军人事务部
 应急管理部
 中国人民银行
 审计署
 国务院国资委
 海关总署
 税务总局
 市场监管总局
 金融监管总局
 中国证监会
 广电总局
 体育总局
 国家信访局
 国家统计局
 国家知识产权局
 国家国际发展合作署
 国家医保局
 国务院参事室
 国管局
 国务院研究室
 国务院侨办
 国务院港澳办
 国务院台办
 国家网信办
 国务院新闻办
 新华社
 中国科学院
 中国社科院
 中国工程院
 国务院发展研究中心
 中央广电总台
 中国气象局
 国家粮食和物资储备局
 国家能源局
 国家国防科工局
 国家烟草局
 国家移民局
 国家林草局
 国家铁路局
 中国民航局
 国家邮政局
 国家文物局
 国家中医药局
 国家疾控局
 国家矿山安监局
 国家消防救援局
 国家外汇局
 国家药监局
 北京
 天津
 河北
 山西
 内蒙古
 辽宁
 吉林
 黑龙江
 上海
 江苏
 浙江
 安徽
 福建
 江西
 山东
 河南
 湖北
 湖南
 广东
 广西
 海南
 重庆
 四川
 贵州
 云南
 西藏
 陕西
 甘肃
 青海
 宁夏
 新疆
 兵团
 北京局
 天津局
 河北局
 山西局
 内蒙古局
 辽宁局
 吉林局
 黑龙江局
 上海局
 江苏局
 浙江局
 安徽局
 福建局
 江西局
 山东局
 河南局
 湖北局
 湖南局
 广东局
 广西局
 海南局
 重庆局
 四川局
 贵州局
 云南局
 西藏局
 陕西局
 甘肃局
 青海局
 宁夏局
 新疆局
 兵团局
 天津总队
 山西总队
 江苏总队
 浙江总队
 安徽总队
 河南总队
 湖南总队
 广东总队
 云南总队
 陕西总队
 新疆总队
 兵团总队
 中国统计学会
 联合国
 联合国经济和社会事务部
 联合国统计司
 世贸组织
 粮农组织
 劳工组织
 基金组织
 工发组织
 教科文组织
 世卫组织
 世界银行
 欧盟
 经合组织
 联合国开发署
 联合国人口基金
 联合国环境署
 联合国儿童基金
 世界粮食计划署
 国际组织网站",2023-09-15,国家统计局,https://www.stats.gov.cn/sj/zxfb/202309/t20230915_1942845.html,accepted
CNINFO-000792-1217886002,announcement,关于申请采矿许可证变更暨缴纳采矿权出让收益的公告（更新前）,"证券代码：000792 证券简称：盐湖股份 公告编号：2023-072 青海盐湖工业股份有限公司 关于申请采矿许可证变更暨缴纳采矿权出让收益的公告 一、公司申请采矿许可证变更的相关情况 青海盐湖工业股份有限公司 （以下简称 “公司” ） 持有两项盐湖采矿许可证： 一项是中华人民共和国自然资源部（以下简称“自然资源部” ）于 2021 年 6 月 2 日核发的证号为 C6300002009066120022093 的《采矿许可证》 ，证载主要内容如 下： 采矿权人为公司， 矿山名称为青海盐湖工业股份有限公司察尔汗盐湖锂镁盐 矿，开采矿种为钾盐、氯化钠、氯化镁、氯化锂，开采方式为露天开采，生产规 模为 60 万吨/年， 矿区面积为1,445.011 平方公里， 开采深度由2,678.9 米至 2,628.9 米标高共有 22 个拐点圈定，有效期限为 2019 年 4 月 6 日至 2035 年 9 月 30 日； 一项是国土资源部于 2011 年 8 月 31 日核发的证号为 C1000002008086110000467 的《采矿许可证》 ，证载主要内容如下：采矿权人为公司，矿山名称为青海盐湖 工业股份有限公司柴达木察尔汗钾镁盐矿别勒滩矿区 （以下简称 “别勒滩矿区” ） ， 开采矿种为钾盐、氯化钠、氯化镁，开采方式为露天开采，生产规模为70 万吨/ 年，矿区面积为 2,259.9002 平方公里，开采深度由 2,679 至 2,609 米标高共有 12 个拐点圈定，有效期限为 2011 年 8 月 31 日至 2037 年 10 月 8 日。 为进一步保障和加大公司未来对盐湖资源的开发，公司于 2022 年 10 月向自 然资源部提交了别勒滩矿区采矿许可证的《非油气采矿权变更申请登记书》 ，申 请依据矿区开发利用方案调整青海省格尔木市柴达木察尔汗钾镁盐矿别勒滩矿 区采矿许可证的生产规模和开采方式，其中生产规模调整至 440 万吨/年，开采 方式调整为露天+地下（渠采+井采） ；并在开采主矿种中增加氯化锂矿种。 二、关于本次 拟缴纳矿业权出让收益款的背景情况 根据财政部、 自然资源部、 税务总局印发的 《矿业权出让收益征收办法》 （财 综〔2023〕10 号）有关规定，公司提交《非油气采矿权变更申请登记书》后， 本公司及董事会全体成员保证信息披露的内容真实、 准确、完整，没有虚假记载、误 导性陈述或重大遗漏。
青海省自然资源厅 委托青海金石资产评估咨询有限责任公司对别勒滩矿区 采矿 权 （部分资源）进行采矿出让收益评估。青海省自然资源厅门户网站于近期公示 了青海金石资产评估咨询有限责任公司出具的 《青海盐湖工业股份有限公司柴达 木察尔汗钾镁盐矿别勒滩矿区采矿权（部分资源）出让收益评估报告》 （青金石 评报字 （2023）第 029 号） （以下简称 “ 《评估报告》 ” ） 。根据《评估报告》结果， 青海省自然资源厅征收“青海盐湖工业股份有限公司柴达木察尔汗钾镁盐矿别勒 滩矿区采矿权（部分资源） ”部分已消耗动用需有偿处置氯化钾和碳酸锂产品量 的出让收益评估值合计为 189,683.28 万元。上述评估项目将为实现上述因公司申 请办理采矿权变更，青海省自然资源厅根据《矿业权出让收益征收办法》 （财综 〔2023〕10 号）有关规定对别勒滩矿区部分资源进行有偿处置、确定采矿权出 让收益提供参考意见。 三、 进展情况及对公司的影响 1.公司目前生产经营正常，截至 2023 年 8 月 31 日，公司累计生产氯化钾 294.88 万吨， 销售氯化钾321.96 万吨， 累计生产碳酸锂2.18 吨， 销售碳酸锂2.1 吨。 2.本次缴纳采矿权出让收益是公司办理《采矿许可证》变更的必要条件，对 公司未来加大对察尔汗盐湖资源的开发产生积极影响。截至本公告披露日，公司 尚未收到相关主管部门关于征收采矿权出让收益的通知。 3.在青海省 自然资源厅按照上述评估结果确定本公司应缴纳的 采矿权 出让 收益的情况下，公司需要缴纳 189,683.28 万元。公司 2022 年度累计实现归母净 利润约 155.65 亿元，2023 年度 1-6 月累计实现利归母净利润约 50.98 亿元（前述 金额未经审计）。假设公司缴纳的采矿权出让收益全部不进行资本化、全部计入 当期成本费用，预计将减少本期归属于母公司净利润约 16.12 亿元（扣除企业所 得税之后） ，占公司 最近一 年经审计净利润 约 10.36%。公司需要缴纳的上述 189,683.28 万元占公司截至 2023 年 6 月 30 日账面总资产（4,571,370.76 万元） 的 4.15%，占公司截至 2023 年 6 月 30 日账面货币资金（2,198,832.50 万元）的 8.62%，该事项不会影响公司的日常经营，不会对公司的财务状况造成重大不利 影响。 后续公司将根据青海省国土资源厅的相关通知履行出让收益缴款义务， 推动
别勒滩矿区 《采矿许可证》 变更事项尽快完成， 并按照《企业会计准则》的规定 和实际发生的业务实质进行会计处理，该事项对财务报表的具体影响需以最终的 业务实质和会计师审计结果为准。公司根据相关法律、 法规和规范性文件严格履 行信息披露义务，敬请广大投资者注意投资风险。 公司郑重提醒广大投资者，公司指定信息披露媒体为《证券时报》 《上海证 券报》 《证券日报》 《中国证券报》和巨潮资讯网（www.cninfo.com.cn） ，所有信 息均以在上述选定媒体刊登的信息为准。 特此公告。 青海盐湖工业股份有限公司董事会 2023 年 9 月 18 日",2023-09-19,巨潮资讯网,https://static.cninfo.com.cn/finalpage/2023-09-19/1217886002.PDF,accepted
CNINFO-000792-1217888488,announcement,关于申请采矿许可证变更暨缴纳采矿权出让收益的公告（更新后）,"证券代码：000792 证券简称：盐湖股份 公告编号：2023-073 青海盐湖工业股份有限公司 关于申请采矿许可证变更暨缴纳采矿权出让收益的公告 一、公司申请采矿许可证变更的相关情况 青海盐湖工业股份有限公司 （以下简称 “公司” ） 持有两项盐湖采矿许可证： 一项是中华人民共和国自然资源部（以下简称“自然资源部” ）于 2021 年 6 月 2 日核发的证号为 C6300002009066120022093 的《采矿许可证》 ，证载主要内容如 下： 采矿权人为公司， 矿山名称为青海盐湖工业股份有限公司察尔汗盐湖锂镁盐 矿，开采矿种为钾盐、氯化钠、氯化镁、氯化锂，开采方式为露天开采，生产规 模为 60 万吨/年， 矿区面积为1,445.011 平方公里， 开采深度由2,678.9 米至 2,628.9 米标高共有 22 个拐点圈定，有效期限为 2019 年 4 月 6 日至 2035 年 9 月 30 日； 一项是国土资源部于 2011 年 8 月 31 日核发的证号为 C1000002008086110000467 的《采矿许可证》 ，证载主要内容如下：采矿权人为公司，矿山名称为青海盐湖 工业股份有限公司柴达木察尔汗钾镁盐矿别勒滩矿区 （以下简称 “别勒滩矿区” ） ， 开采矿种为钾盐、氯化钠、氯化镁，开采方式为露天开采，生产规模为70 万吨/ 年，矿区面积为 2,259.9002 平方公里，开采深度由 2,679 至 2,609 米标高共有 12 个拐点圈定，有效期限为 2011 年 8 月 31 日至 2037 年 10 月 8 日。 为进一步保障和加大公司未来对盐湖资源的开发，公司于 2022 年 10 月向自 然资源部提交了别勒滩矿区采矿许可证的《非油气采矿权变更申请登记书》 ，申 请依据矿区开发利用方案调整青海省格尔木市柴达木察尔汗钾镁盐矿别勒滩矿 区采矿许可证的生产规模和开采方式，其中生产规模调整至 440 万吨/年，开采 方式调整为露天+地下（渠采+井采） ；并在开采主矿种中增加氯化锂矿种。 二、关于本次 拟缴纳矿业权出让收益款的背景情况 根据财政部、 自然资源部、 税务总局印发的 《矿业权出让收益征收办法》 （财 综〔2023〕10 号）有关规定，公司提交《非油气采矿权变更申请登记书》后， 本公司及董事会全体成员保证信息披露的内容真实、 准确、完整，没有虚假记载、误 导性陈述或重大遗漏。
青海省自然资源厅 委托青海金石资产评估咨询有限责任公司对别勒滩矿区 采矿 权 （部分资源）进行采矿出让收益评估。青海省自然资源厅门户网站于近期公示 了青海金石资产评估咨询有限责任公司出具的 《青海盐湖工业股份有限公司柴达 木察尔汗钾镁盐矿别勒滩矿区采矿权（部分资源）出让收益评估报告》 （青金石 评报字 （2023）第 029 号） （以下简称 “ 《评估报告》 ” ） 。根据《评估报告》结果， 青海省自然资源厅征收“青海盐湖工业股份有限公司柴达木察尔汗钾镁盐矿别勒 滩矿区采矿权（部分资源） ”部分已消耗动用需有偿处置氯化钾和碳酸锂产品量 的出让收益评估值合计为 189,683.28 万元。上述评估项目将为实现上述因公司申 请办理采矿权变更，青海省自然资源厅根据《矿业权出让收益征收办法》 （财综 〔2023〕10 号）有关规定对别勒滩矿区部分资源进行有偿处置、确定采矿权出 让收益提供参考意见。 三、 进展情况及对公司的影响 1.公司目前生产经营正常，截至 2023 年 8 月 31 日，公司累计生产氯化钾 294.88 万吨，销售氯化钾 321.96 万吨，累计生产碳酸锂 2.18 万吨，销售碳酸锂 2.1 万吨。 2.本次缴纳采矿权出让收益是公司办理《采矿许可证》变更的必要条件，对 公司未来加大对察尔汗盐湖资源的开发产生积极影响。截至本公告披露日，公司 尚未收到相关主管部门关于征收采矿权出让收益的通知。 3.在青海省 自然资源厅按照上述评估结果确定本公司应缴纳的 采矿权 出让 收益的情况下，公司需要缴纳 189,683.28 万元。公司 2022 年度累计实现归母净 利润约 155.65 亿元，2023 年度 1-6 月累计实现利归母净利润约 50.98 亿元（前述 金额未经审计）。假设公司缴纳的采矿权出让收益全部不进行资本化、全部计入 当期成本费用，预计将减少本期归属于母公司净利润约 16.12 亿元（扣除企业所 得税之后） ，占公司 最近一 年经审计净利润 约 10.36%。公司需要缴纳的上述 189,683.28 万元占公司截至 2023 年 6 月 30 日账面总资产（4,571,370.76 万元） 的 4.15%，占公司截至 2023 年 6 月 30 日账面货币资金（2,198,832.50 万元）的 8.62%，该事项不会影响公司的日常经营，不会对公司的财务状况造成重大不利 影响。 后续公司将根据青海省自然资源厅的相关通知履行出让收益缴款义务， 推动
别勒滩矿区 《采矿许可证》 变更事项尽快完成， 并按照《企业会计准则》的规定 和实际发生的业务实质进行会计处理，该事项对财务报表的具体影响需以最终的 业务实质和会计师审计结果为准。公司根据相关法律、 法规和规范性文件严格履 行信息披露义务，敬请广大投资者注意投资风险。 公司郑重提醒广大投资者，公司指定信息披露媒体为《证券时报》 《上海证 券报》 《证券日报》 《中国证券报》和巨潮资讯网（www.cninfo.com.cn） ，所有信 息均以在上述选定媒体刊登的信息为准。 特此公告。 青海盐湖工业股份有限公司董事会 2023 年 9 月 19 日",2023-09-19,巨潮资讯网,https://static.cninfo.com.cn/finalpage/2023-09-19/1217888488.PDF,accepted
CNINFO-002460-1217971863,announcement,关于蒙金矿业采矿许可证更新的公告,证券代码： 002460 证券简称：赣锋锂业 编号：临 2023-102 江西赣锋锂业 集团股份有限公司 关于蒙金矿业采矿许可证更新的公告 近日， 公司接到子公司镶黄旗蒙金矿业开发有限公司 （以下简称 “蒙金矿业” ）的通知，蒙金矿业采矿许可证延续办理手续已完成， 蒙金矿业已取得内蒙古自治区锡林郭勒盟自然资源局颁发的新采矿 许可证，更新后的采矿许可证具体信息如下： 采矿权许可证号 C1500002014115210136090 采矿权人 镶黄旗蒙金矿业开发有限公司 地理位置 内蒙古自治区锡林郭勒盟镶黄旗新宝拉格镇工业园区 开采矿种 钽矿、铌矿、锂矿、铷矿、铯矿 开采方式 地下开采 开采规模 60 万吨/年 矿区面积 2.34 平方公里 有效期限 2023 年 11 月 6 日至 2035 年 11 月 6 日 发证单位 锡林郭勒盟自然资源局 特此公告。 江西赣锋锂业 集团股份有限公司 董事会 2023 年 9 月 28 日 本公司及董事会全体成员保证公告内容的真实、准确和完整， 没有虚假记载、误导性陈述或 重大遗漏。,2023-09-28,巨潮资讯网,https://static.cninfo.com.cn/finalpage/2023-09-28/1217971863.PDF,accepted
CNINFO-002594-1217994677,announcement,2023年9月产销快报,"证券代码：002594 证券简称：比亚迪 公告编号：2023-100 比亚迪股份有限公司 2023年9月产销快报 本公司及董事会全体成员保证信息披露的内容真实、准确、完整，没有虚假记载、误导性陈述或重大遗漏。 比亚迪股份有限公司(以下简称“本公司”)2023年9月产销快报数据如下： 单位：辆 产量 销量 项目类别 本月 去年同期 本年累计 去年累计 累计同比 本月 去年同期 本年累计 去年累计 累计同比 新能源汽车 279,848 204,893 2,112,735 1,191,583 77.30% 287,454 201,259 2,079,638 1,180,054 76.23% -乘用车 279,297 204,607 2,103,294 1,186,850 77.22% 286,903 200,973 2,070,255 1,175,321 76.14% -纯电动 144,179 97,902 1,070,597 590,804 81.21% 151,193 94,941 1,048,413 582,129 80.10% -插电式混合动力 135,118 106,705 1,032,697 596,046 73.26% 135,710 106,032 1,021,842 593,192 72.26% -商用车 551 286 9,441 4,733 99.47% 551 286 9,383 4,733 98.25% -客车 482 217 2,808 3,960 -29.09% 482 217 2,808 3,960 -29.09% -其他 69 69 6,633 773 758.09% 69 69 6,575 773 750.58% 燃油汽车 0 0 0 4,635 -100.00% 0 0 0 5,049 -100.00% -轿车 0 0 0 1,458 -100.00% 0 0 0 1,544 -100.00% -SUV 0 0 0 3,177 -100.00% 0 0 0 3,505 -100.00% -MPV 0 0 0 0 0.00% 0 0 0 0 0.00% 合计 279,848 204,893 2,112,735 1,196,218 76.62% 287,454 201,259 2,079,638 1,185,103 75.48%
注：本公司2023 年9 月海外销售新能源乘用车合计28,039 辆； 本公司2023 年 9 月新能源汽车动力电池及储能电池装机总量约为 14.348GWh，2023 年累计装机总量约为 100.931GWh。 务请注意，上述销量数字未经审核，亦未经本公司审计师确认，或会予以调整并有待最终确认。本公司刊发财务业绩后，股东及潜在 投资者务必详阅。 特此公告。 比亚迪股份有限公司董事会 2023 年 10 月8 日",2023-10-09,巨潮资讯网,https://static.cninfo.com.cn/finalpage/2023-10-09/1217994677.PDF,accepted
CNINFO-000762-1218020027,announcement,2023年前三季度业绩预告,"股票代码：000762 股票简称： 西藏矿业 编号：临2023-020 西藏矿业发展股份有限公司 2023 年前三季度业绩预告 本公司及董事会全体成员保证信息披露的内容真实、准确、完整，没有虚假记载、误导 性陈述或重大遗漏。 一、本期业绩预计情况 1、业绩预告期间：2023 年1 月1 日至2023 年9 月30 日 2、业绩预告情况： （1）2023 年1 月-9 月业绩预计情况 扭亏为盈 □同向上升  同向下降 项 目 本报告期 上年同期 归属于上市公司 股东的净利润 盈利：9,000.00 万元–13,000.00 万元 盈利：47,805.03 万元 比上年同期下降：72.81% - 81.17% 扣除非经常性损 益后的净利润 盈利：8,500.00 万元–12,500.00 万元 盈利：46,878.05 万元 比上年同期下降： 73.34% - 81.87% 基本每股收益 盈利：0.173 元/股–0.249 元/股 盈利：0.9179 元/股 （2）2023 年7 月-9 月业绩预计情况 扭亏为盈 ☑ 同向上升 同向下降 项目 本报告期 上年同期 归属于上市公司 股东的净利润 盈利:7,000.00 万元–10,000.00 万元 盈利：261.28 万元 比上年同期增长：2,579.12% - 3,727.31% 扣除非经常性损 益后的净利润 盈利：6,500.00 万元–9,500.00 万元 亏损：124.75 万元 基本每股收益 盈利：0.134 元/股–0.192 元/股 盈利：0.005 元/股 二、与会计师事务所沟通情况 本次业绩预告的相关财务数据未经注册会计师审计。
三、业绩变动原因说明 报告期内，锂盐市场供应充足，终端动力市场需求维持 低迷，电池材料厂按需采购为主，为促成交易 ,碳酸锂报价 SMM 均价折 90%,使得下游观望情绪加重 。此外，锂盐产量稳 定供应进一步加剧了锂盐市场供大于求局面，造成碳酸锂市 场价格继续下跌，上下游去库存速度低于预期，加之动力电 池需求继续低位，市场价格仍处下行通道中 。综上，公司主 要产品锂精矿销售量、价格较上年同期大幅下降，导致报告 期内的营业收入及利润大幅下降。 四、其他相关说明 1.本次预告为公司财务部门初步估算，公司 2023 年第三季 度具体数据以公司公布的2023 年第三季度报告为准。 2.本公司指定的信息披露媒体为 《中国证券报》、 《证券时 报》、《上海证券报》和巨潮资讯网（www.cninfo.com.cn）， 敬请广大投资者注意投资风险。 特此公告。 西藏矿业发展股份有限公司 董 事 会 二○二 三年十月十二日",2023-10-13,巨潮资讯网,https://static.cninfo.com.cn/finalpage/2023-10-13/1218020027.PDF,accepted
CNINFO-000792-1218031533,announcement,关于收到采矿权出让收益分期缴款批复的公告,"证券代码：000792 证券简称：盐湖股份 公告编号：2023-076 青海盐湖工业股份有限公司 关于收到采矿权出让收益分期缴款批复的公告 青海盐湖工业股份有限公司（以下简称“公司”）于 2023 年 9 月 19 日披露 《关于申请采矿许可证变更暨缴纳采矿权出让收益的公告》 （公告编号：2023- 073），为进一步保障和加大公司未来对盐湖资源的开发， 公司于2022 年 10 月向 自然资源部提交了别勒滩矿区采矿许可证的《非油气采矿权变更申请登记书》 ， 申请依据矿区开发利用方案调整青海省格尔木市柴达木察尔汗钾镁盐矿别勒滩 矿区采矿许可证的生产规模和开采方式，其中生产规模调整至 440 万吨/年，开 采方式调整为露天+地下（渠采+井采） ；并在开采主矿种中增加氯化锂矿种。 公司于近日收到青海省自然资源厅下发的 《关于同意柴达木察尔汗钾镁盐矿 别勒滩矿区采矿权出让收益分期缴款的批复》 （青自然资矿费采字 【2023】6 号） ， 批复主要内容如下：“（一）应缴采矿权出让收益总额为人民币 189683.28 万元； （二） 同意你公司提出的在2023 年至 2037 年共分十五期缴清上述应缴采矿权出 让收益：1、2023 年 12 月 30 日前缴纳 18,968.4 万元；2、2024 年至 2037 年期 间，每年 9 月 30 日前缴纳 12,193.92 万元。 请你公司根据当地税务机关要求， 按 时缴纳每期采矿权出让收益，并按 《矿业权出让收益征收办法》 规定， 自2023 年 5 月 1 日起按矿产品销售时的矿业权出让收益率逐年缴纳矿业权出让收益。 未按 期足额缴纳的，按规定自应缴上述之日次日起按日加收 2‰的滞纳金”。 公司将根据上述批复及时缴纳采矿权出让收益款项， 积极推动别勒滩矿区采 矿许可证变更相关工作尽快完成。 公司根据相关法律、 法规和规范性文件严格履行信息披露义务， 敬请广大投 资者注意投资风险。 公司郑重提醒广大投资者，公司指定信息披露媒体为《证券时报》 《上海证 券报》 《证券日报》 《中国证券报》和巨潮资讯网（www.cninfo.com.cn） ，所有信 本公司及董事会全体成员保证信息披露的内容真实、准确、完整，没有虚假记载、误 导性陈述或重大遗漏。
息均以在上述选定媒体刊登的信息为准。 特此公告。 青海盐湖工业股份有限公司董事会 2023 年 10 月 13 日",2023-10-14,巨潮资讯网,https://static.cninfo.com.cn/finalpage/2023-10-14/1218031533.PDF,accepted
CNINFO-002460-1218047768,announcement,关于与安达科技签署战略合作协议的公告,"证券代码：002460 证券简称：赣锋锂业 编号：临2023-105 江西赣锋锂业集团股份有限公司 关于与安达科技签署战略合作协议的公告 本公司及其董事会全体成员保证公告内容真实、准确和完整， 无虚假记载、误导性陈述或者重大遗漏。 一、协议签署概况 为进一步发挥各自在产业领域的专业与资源优势， 在新能源产业 上下游方面建立长期、 稳定、 紧密的全面战略合作伙伴关系， 江西赣 锋锂业集团股份有限公司 （以下简称 “公司” 或 “赣锋锂业” ） 与贵州 安达科技能源股份有限公司（以下简称“安达科技” ）于近日签署了 《战略合作协议》 。 根据《深圳证券交易所股票上市规则》 、 《公司章程》等的规定， 本协议的签署不构成关联交易， 亦不构成 《上市公司重大资产重组管 理办法》规定的重大资产重组，无需提交董事会和股东大会审议。 二、合作方基本情况 1、基本信息 名称：贵州安达科技能源股份有限公司 法定代表人：刘建波 注册资本：61,151.0821 万人民币 注册地址：贵州省贵阳市开阳县硒城街道办白安营村 经营范围： 法律、 法规、 国务院决定规定禁止的不得经营； 法律、 法规、国务院决定规定应当许可（审批）的，经审批机关批准后凭许 可 （审批） 文件经营;法律、 法规、 国务院决定规定无需许可 （审批） 的，市场主体自主选择经营。 （磷酸、磷酸铁、磷酸铁锂的生产和销
售；锂、钴、镍等原矿石、半成品、成品以及磷酸铁锂、三元材料、 锂电池 （各规格、 型号） 及本企业生产产品等系列研发与制造所需的 相关设备、 仪器仪表的进出口贸易业务； 废旧锂电池拆解回收、 材料 再生循环利用 （以上经营范围中涉及前置审批的项目须凭有效前置审 批经营） 。涉及许可经营项目，应取得相关部门许可后方可经营） 2、主要业务介绍 安达科技是磷酸铁锂电池正极材料及其前驱体的生产厂商。 近年 来， 安达科技生产的磷酸铁及磷酸铁锂产品广泛应用于国内磷酸铁锂 动力电池行业。 3、关联关系说明 安达科技与公司不存在关联关系。 三、协议主要内容 （一）合作领域及形式 双方开展多领域合作， 包括但不限于： 在锂盐产品供应方面开展 供应链深度合作； 在磷酸铁锂正极产品供应方面开展供应链深度合作； 在新型锂盐领域开展合作， 拓展锂盐产品的应用领域， 在新产品开发、 应用研究、 产业化转化等领域开展合作。 合作形式包括但不限于业务 合作、股权合作等。 （二）合作项目 为了进一步提升双方的产业竞争力，双方基于各自的产业优势， 拟共同成立合资公司以投资建设年产 2 万吨磷酸铁锂正极材料制造 项目。合资公司注册资本 5,000 万元人民币，赣锋锂业持股 40%，安 达科技持股 60%。 合资公司的项目建成后， 双方应按市场价或双方约定的价格和比 例优先保障合资公司原材料供应和产品销售。
双方在本协议签署后 10 个工作日内，共同组建成立项目联合工 作组，共同促成本协议下的合资方案落地。 （三）合作机制 1、双方建立高层领导定期互访制度，密切协商解决合作中的重 大事项与关切问题； 2、双方建立联合工作协调机制，共同协调落实本协议涉及的相 关事项。 双方各自确定其内部协调部门或单位并组成联合工作组， 负 责合作事宜的日常联络和协调组织等工作。 四、对公司的影响 本协议的签署将建立起双方的深度战略合作关系， 双方优势互补， 实现产业链协作和互利共赢。 本协议的签署有助于完善公司的产业链 布局， 提高公司核心竞争力和盈利能力， 符合公司上下游一体化的战 略。 本协议的签署预计不会对公司本年度财务状况及经营成果构成 重大影响， 未来随着双方业务合作的进一步加深， 预计将对公司经营 发展产生积极影响。 五、风险提示 本协议为各方根据合作意向达成的战略合作协议，能否达成具 体项目及具体执行情况具有不确定性。公司董事会将积极关注相关 事项的进展情况，及时履行信息披露义务。请广大投资者理性投 资，注意投资风险。 六、备查文件 公司与安达科技签署的《战略合作协议》。 特此公告。
江西赣锋锂业集团股份有限公司 董事会 2023 年 10 月 17 日",2023-10-17,巨潮资讯网,https://static.cninfo.com.cn/finalpage/2023-10-17/1218047768.PDF,accepted
LC-TEXT-0003,news,2023年9月份规模以上工业增加值增长4.5%,"2023年9月份规模以上工业增加值增长4.5% - 国家统计局 
 EN 
 搜索 
 首页 
 机构 
 新闻 
 时政要闻
 统计新闻
 数据 
 公开 
 服务 
 互动 
 知识 
 专题 
 2023年9月份规模以上工业增加值增长4.5%
 2023/10/18 10:00
 | 
 Aa 
 字体： 
 小
 中
 大
 | 
 分享到： 
 　　 9 月份，规模以上工业增加值同比实际增长 4.5% （增加值增速均为扣除价格因素的实际增长率）。从环比看， 9 月份，规模以上工业增加值比上月增长 0.36% 。 1 — 9 月份，规模以上工业增加值同比增长 4.0% 。 
 　　分三大门类看， 9 月份，采矿业增加值同比增长 1.5% ，制造业增长 5.0% ，电力、热力、燃气及水生产和供应业增长 3.5% 。 
 　　分经济类型看， 9 月份，国有控股企业增加值同比增长 5.9% ；股份制企业增长 5.6% ，外商及港澳台商投资企业增长 0.4% ；私营企业增长 3.3% 。 
 　　分行业看， 9 月份， 41 个大类行业中有 26 个行业增加值保持同比增长。其中煤炭开采和洗选业增长 1.4% ，石油和天然气开采业增长 3.4% ，农副食品加工业增长 1.2% ，酒、饮料和精制茶制造业增长 2.7% ，纺织业增长 0.8% ，化学原料和化学制品制造业增长 13.4% ，非金属矿物制品业下降 1.7% ，黑色金属冶炼和压延加工业增长 9.9% ，有色金属冶炼和压延加工业增长 8.4% ，通用设备制造业同比持平，专用设备制造业增长 1.6% ，汽车制造业增长 9.0% ，铁路、船舶、航空航天和其他运输设备制造业增长 2.6% ，电气机械和器材制造业增长 11.5% ，计算机、通信和其他电子设备制造业增长 4.5% ，电力、热力生产和供应业增长 4.6% 。 
 　　分产品看， 9 月份， 620 种产品中有 337 种产品产量同比增长。钢材 11782 万吨，同比增长 5.5% ；水泥 18887 万吨，下降 7.2% ；十种有色金属 642 万吨，增长 7.3% ；乙烯 264 万吨，增长 5.7% ；汽车 283.3 万辆，增长 3.4% ，其中新能源汽车 84.7 万辆，增长 12.5% ；发电量 7456 亿千瓦时，增长 7.7% ；原油加工量 6362 万吨，增长 12.0% 。 
 　　 9 月份，工业企业产品销售率为 97.4% ，同比下降 0.4 个百分点；工业企业实现出口交货值 13683 亿元，同比名义下降 3.6% 。 
 2023 年 9 月份规模以上工业生产主要数据 
 指标 
 9 月 
 1 — 9 月 
 绝对量 
 同比增长 
 （ % ） 
 绝对量 
 同比增长 
 （ % ） 
 规模以上工业增加值 
 … 
 4.5 
 … 
 4.0 
 分三大门类 
 　采矿业 
 … 
 1.5 
 … 
 1.7 
 　制造业 
 … 
 5.0 
 … 
 4.4 
 　　其中：高技术制造业 
 … 
 2.3 
 … 
 1.9 
 　电力、热力、燃气及水生产和供应业 
 … 
 3.5 
 … 
 3.5 
 分经济类型 
 　其中：国有控股企业 
 … 
 5.9 
 … 
 4.6 
 　其中：股份制企业 
 … 
 5.6 
 … 
 4.8 
 　　　　外商及港澳台商投资企业 
 … 
 0.4 
 … 
 0.5 
 　其中：私营企业 
 … 
 3.3 
 … 
 2.3 
 主要行业增加值 
 　煤炭开采和洗选业 
 … 
 1.4 
 … 
 1.4 
 　石油和天然气开采业 
 … 
 3.4 
 … 
 4.3 
 　农副食品加工业 
 … 
 1.2 
 … 
 0.4 
 　食品制造业 
 … 
 6.4 
 … 
 2.9 
 　酒、饮料和精制茶制造业 
 … 
 2.7 
 … 
 -0.2 
 　纺织业 
 … 
 0.8 
 … 
 -1.3 
 　化学原料和化学制品制造业 
 … 
 13.4 
 … 
 9.2 
 　医药制造业 
 … 
 -7.7 
 … 
 -5.2 
 　橡胶和塑料制品业 
 … 
 6.0 
 … 
 2.2 
 　非金属矿物制品业 
 … 
 -1.7 
 … 
 -0.5 
 　黑色金属冶炼和压延加工业 
 … 
 9.9 
 … 
 7.8 
 　有色金属冶炼和压延加工业 
 … 
 8.4 
 … 
 7.8 
 　金属制品业 
 … 
 3.7 
 … 
 1.9 
 　通用设备制造业 
 … 
 0.0 
 … 
 2.1 
 　专用设备制造业 
 … 
 1.6 
 … 
 3.9 
 　汽车制造业 
 … 
 9.0 
 … 
 11.4 
 　铁路、船舶、航空航天和其他运输设备制造业 
 … 
 2.6 
 … 
 5.9 
 　电气机械和器材制造业 
 … 
 11.5 
 … 
 14.1 
 　计算机、通信和其他电子设备制造业 
 … 
 4.5 
 … 
 1.4 
 　电力、热力生产和供应业 
 … 
 4.6 
 … 
 3.9 
 主要产品产量 
 　布（亿米） 
 27 
 -3.5 
 230 
 -3.4 
 　硫酸（折 100 ％）（万吨） 
 808 
 8.5 
 7039 
 2.3 
 　烧碱（折 100 ％）（万吨） 
 346 
 2.6 
 3025 
 2.1 
 　乙烯（万吨） 
 264 
 5.7 
 2364 
 6.7 
 　化学纤维（万吨） 
 631 
 12.1 
 5230 
 6.9 
 　水泥（万吨） 
 18887 
 -7.2 
 149521 
 -0.7 
 　平板玻璃（万重量箱） 
 8107 
 -6.0 
 71990 
 -7.4 
 　生铁（万吨） 
 7154 
 -3.3 
 67516 
 2.8 
 　粗钢（万吨） 
 8211 
 -5.6 
 79507 
 1.7 
 　钢材（万吨） 
 11782 
 5.5 
 102887 
 6.1 
 　十种有色金属（万吨） 
 642 
 7.3 
 5502 
 6.8 
 　　其中：原铝（电解铝）（万吨） 
 358 
 5.3 
 3081 
 3.3 
 　金属切削机床（万台） 
 5 
 12.5 
 45 
 1.6 
 　工业机器人（套） 
 36096 
 -14.3 
 320478 
 0.4 
 　汽车（万辆） 
 283.3 
 3.4 
 2090.5 
 4.6 
 　　其中：轿车（万辆） 
 101.1 
 -2.1 
 744.1 
 0.3 
 　　　　　运动型多用途乘用车（ SUV ）（万辆） 
 107.4 
 1.4 
 793.1 
 4.5 
 　　其中：新能源汽车（万辆） 
 84.7 
 12.5 
 609.0 
 26.7 
 　发电机组（发电设备）（万千瓦） 
 2757 
 25.6 
 14915 
 28.4 
 　太阳能电池（光伏电池）（万千瓦） 
 5140 
 65.4 
 38428 
 63.2 
 　微型计算机设备（万台） 
 3256 
 -16.3 
 25312 
 -21.1 
 　移动通信手持机（万台） 
 15941 
 11.8 
 109376 
 0.8 
 　　其中：智能手机（万台） 
 11339 
 3.2 
 79202 
 -6.1 
 　集成电路（亿块） 
 305 
 13.9 
 2447 
 -2.5 
 　原煤（万吨） 
 39298 
 0.4 
 344215 
 3.0 
 　焦炭（万吨） 
 4144 
 3.6 
 36831 
 2.6 
 　原油（万吨） 
 1687 
 0.3 
 15672 
 1.9 
 　原油加工量（万吨） 
 6362 
 12.0 
 55484 
 11.5 
 　天然气（亿立方米） 
 179 
 9.3 
 1704 
 6.4 
 　发电量（亿千瓦时） 
 7456 
 7.7 
 66219 
 4.2 
 　　火力发电量（亿千瓦时） 
 4973 
 2.3 
 46397 
 5.8 
 　　水力发电量（亿千瓦时） 
 1394 
 39.2 
 8584 
 -10.1 
 　　核能发电量（亿千瓦时） 
 345 
 6.7 
 3228 
 6.0 
 　　风力发电量（亿千瓦时） 
 498 
 -1.6 
 5837 
 13.4 
 　　太阳能发电量（亿千瓦时） 
 246 
 6.8 
 2173 
 11.3 
 　产品销售率（ % ） 
 97.4 
 -0.4( 百分点 ) 
 96.8 
 -0.5( 百分点 ) 
 　出口交货值（亿元） 
 13683 
 -3.6 
 108549 
 -4.8 
 　　 点击下载： 相关数据表 
 　　附注 
 　　 1 、指标解释 
 　　工业增加值增长速度 : 即工业增长速度，是用来反映一定时期工业生产物量增减变动程度的指标。利用该指标，可以判断短期工业经济的运行走势和经济的景气程度，也是制定和调整经济政策、实施宏观调控的重要参考和依据。 
 　　产品销售率：是销售产值和工业总产值的比率，用来反映工业产品的产销衔接情况。 
 　　出口交货值：是指工业企业自营（委托）出口（包括销往香港、澳门、台湾地区）或交给外贸部门出口的产品价值，以及外商来样、来料加工、来件装配和补偿贸易等生产的产品价值。 
 　　日均产品产量：是以当月公布的规模以上工业企业总产量除以该月日历天数计算得到。 
 　　 2 、统计范围 
 　　规模以上工业的统计范围为年主营业务收入 2000 万元及以上的工业企业。 
 　　由于规模以上工业企业范围每年发生变化，为保证本年数据与上年可比，计算产品产量等各项指标同比增长速度所采用的同期数与本期的企业统计范围尽可能相一致，和上年公布的数据存在口径差异。主要原因是：（一）统计单位范围发生变化。每年有部分企业达到规模纳入调查范围，也有部分企业因规模变小退出调查范围，还有新建投产企业、破产、注（吊）销企业等影响；（二）部分企业集团（公司）产品产量数据存在跨地区重复统计现象，根据专项调查对企业集团（公司）跨地区重复产量进行了剔重。 
 　　 3 、调查方法 
 　　规模以上工业企业工业生产报表按月进行全面调查（ 1 月份数据免报）。 
 　　 4 、行业分类标准 
 　　执行国民经济行业分类标准（ GB/T 4754-2017 ）。 
 　　 5 、环比数据修订 
 　　根据季节调整模型自动修正结果，对 2022 年 9 月至 2023 年 8 月份规模以上工业增加值环比增速进行修订。修订结果及 2023 年 9 月份环比数据如下： 
 年份 
 月份 
 环比增速（ % ） 
 2022 年 
 9 月 
 0.80 
 10 月 
 0.18 
 11 月 
 -0.24 
 12 月 
 0.19 
 2023 年 
 1 月 
 0.54 
 2 月 
 0.36 
 3 月 
 0.59 
 4 月 
 -0.23 
 5 月 
 0.69 
 6 月 
 0.68 
 7 月 
 0.04 
 8 月 
 0.50 
 9 月 
 0.36 
 　　 9 月份，规模以上工业增加值同比实际增长 4.5% （增加值增速均为扣除价格因素的实际增长率）。从环比看， 9 月份，规模以上工业增加值比上月增长 0.36% 。 1 — 9 月份，规模以上工业增加值同比增长 4.0% 。 
 　　分三大门类看， 9 月份，采矿业增加值同比增长 1.5% ，制造业增长 5.0% ，电力、热力、燃气及水生产和供应业增长 3.5% 。 
 　　分经济类型看， 9 月份，国有控股企业增加值同比增长 5.9% ；股份制企业增长 5.6% ，外商及港澳台商投资企业增长 0.4% ；私营企业增长 3.3% 。 
 　　分行业看， 9 月份， 41 个大类行业中有 26 个行业增加值保持同比增长。其中煤炭开采和洗选业增长 1.4% ，石油和天然气开采业增长 3.4% ，农副食品加工业增长 1.2% ，酒、饮料和精制茶制造业增长 2.7% ，纺织业增长 0.8% ，化学原料和化学制品制造业增长 13.4% ，非金属矿物制品业下降 1.7% ，黑色金属冶炼和压延加工业增长 9.9% ，有色金属冶炼和压延加工业增长 8.4% ，通用设备制造业同比持平，专用设备制造业增长 1.6% ，汽车制造业增长 9.0% ，铁路、船舶、航空航天和其他运输设备制造业增长 2.6% ，电气机械和器材制造业增长 11.5% ，计算机、通信和其他电子设备制造业增长 4.5% ，电力、热力生产和供应业增长 4.6% 。 
 　　分产品看， 9 月份， 620 种产品中有 337 种产品产量同比增长。钢材 11782 万吨，同比增长 5.5% ；水泥 18887 万吨，下降 7.2% ；十种有色金属 642 万吨，增长 7.3% ；乙烯 264 万吨，增长 5.7% ；汽车 283.3 万辆，增长 3.4% ，其中新能源汽车 84.7 万辆，增长 12.5% ；发电量 7456 亿千瓦时，增长 7.7% ；原油加工量 6362 万吨，增长 12.0% 。 
 　　 9 月份，工业企业产品销售率为 97.4% ，同比下降 0.4 个百分点；工业企业实现出口交货值 13683 亿元，同比名义下降 3.6% 。 
 2023 年 9 月份规模以上工业生产主要数据 
 指标 
 9 月 
 1 — 9 月 
 绝对量 
 同比增长 
 （ % ） 
 绝对量 
 同比增长 
 （ % ） 
 规模以上工业增加值 
 … 
 4.5 
 … 
 4.0 
 分三大门类 
 　采矿业 
 … 
 1.5 
 … 
 1.7 
 　制造业 
 … 
 5.0 
 … 
 4.4 
 　　其中：高技术制造业 
 … 
 2.3 
 … 
 1.9 
 　电力、热力、燃气及水生产和供应业 
 … 
 3.5 
 … 
 3.5 
 分经济类型 
 　其中：国有控股企业 
 … 
 5.9 
 … 
 4.6 
 　其中：股份制企业 
 … 
 5.6 
 … 
 4.8 
 　　　　外商及港澳台商投资企业 
 … 
 0.4 
 … 
 0.5 
 　其中：私营企业 
 … 
 3.3 
 … 
 2.3 
 主要行业增加值 
 　煤炭开采和洗选业 
 … 
 1.4 
 … 
 1.4 
 　石油和天然气开采业 
 … 
 3.4 
 … 
 4.3 
 　农副食品加工业 
 … 
 1.2 
 … 
 0.4 
 　食品制造业 
 … 
 6.4 
 … 
 2.9 
 　酒、饮料和精制茶制造业 
 … 
 2.7 
 … 
 -0.2 
 　纺织业 
 … 
 0.8 
 … 
 -1.3 
 　化学原料和化学制品制造业 
 … 
 13.4 
 … 
 9.2 
 　医药制造业 
 … 
 -7.7 
 … 
 -5.2 
 　橡胶和塑料制品业 
 … 
 6.0 
 … 
 2.2 
 　非金属矿物制品业 
 … 
 -1.7 
 … 
 -0.5 
 　黑色金属冶炼和压延加工业 
 … 
 9.9 
 … 
 7.8 
 　有色金属冶炼和压延加工业 
 … 
 8.4 
 … 
 7.8 
 　金属制品业 
 … 
 3.7 
 … 
 1.9 
 　通用设备制造业 
 … 
 0.0 
 … 
 2.1 
 　专用设备制造业 
 … 
 1.6 
 … 
 3.9 
 　汽车制造业 
 … 
 9.0 
 … 
 11.4 
 　铁路、船舶、航空航天和其他运输设备制造业 
 … 
 2.6 
 … 
 5.9 
 　电气机械和器材制造业 
 … 
 11.5 
 … 
 14.1 
 　计算机、通信和其他电子设备制造业 
 … 
 4.5 
 … 
 1.4 
 　电力、热力生产和供应业 
 … 
 4.6 
 … 
 3.9 
 主要产品产量 
 　布（亿米） 
 27 
 -3.5 
 230 
 -3.4 
 　硫酸（折 100 ％）（万吨） 
 808 
 8.5 
 7039 
 2.3 
 　烧碱（折 100 ％）（万吨） 
 346 
 2.6 
 3025 
 2.1 
 　乙烯（万吨） 
 264 
 5.7 
 2364 
 6.7 
 　化学纤维（万吨） 
 631 
 12.1 
 5230 
 6.9 
 　水泥（万吨） 
 18887 
 -7.2 
 149521 
 -0.7 
 　平板玻璃（万重量箱） 
 8107 
 -6.0 
 71990 
 -7.4 
 　生铁（万吨） 
 7154 
 -3.3 
 67516 
 2.8 
 　粗钢（万吨） 
 8211 
 -5.6 
 79507 
 1.7 
 　钢材（万吨） 
 11782 
 5.5 
 102887 
 6.1 
 　十种有色金属（万吨） 
 642 
 7.3 
 5502 
 6.8 
 　　其中：原铝（电解铝）（万吨） 
 358 
 5.3 
 3081 
 3.3 
 　金属切削机床（万台） 
 5 
 12.5 
 45 
 1.6 
 　工业机器人（套） 
 36096 
 -14.3 
 320478 
 0.4 
 　汽车（万辆） 
 283.3 
 3.4 
 2090.5 
 4.6 
 　　其中：轿车（万辆） 
 101.1 
 -2.1 
 744.1 
 0.3 
 　　　　　运动型多用途乘用车（ SUV ）（万辆） 
 107.4 
 1.4 
 793.1 
 4.5 
 　　其中：新能源汽车（万辆） 
 84.7 
 12.5 
 609.0 
 26.7 
 　发电机组（发电设备）（万千瓦） 
 2757 
 25.6 
 14915 
 28.4 
 　太阳能电池（光伏电池）（万千瓦） 
 5140 
 65.4 
 38428 
 63.2 
 　微型计算机设备（万台） 
 3256 
 -16.3 
 25312 
 -21.1 
 　移动通信手持机（万台） 
 15941 
 11.8 
 109376 
 0.8 
 　　其中：智能手机（万台） 
 11339 
 3.2 
 79202 
 -6.1 
 　集成电路（亿块） 
 305 
 13.9 
 2447 
 -2.5 
 　原煤（万吨） 
 39298 
 0.4 
 344215 
 3.0 
 　焦炭（万吨） 
 4144 
 3.6 
 36831 
 2.6 
 　原油（万吨） 
 1687 
 0.3 
 15672 
 1.9 
 　原油加工量（万吨） 
 6362 
 12.0 
 55484 
 11.5 
 　天然气（亿立方米） 
 179 
 9.3 
 1704 
 6.4 
 　发电量（亿千瓦时） 
 7456 
 7.7 
 66219 
 4.2 
 　　火力发电量（亿千瓦时） 
 4973 
 2.3 
 46397 
 5.8 
 　　水力发电量（亿千瓦时） 
 1394 
 39.2 
 8584 
 -10.1 
 　　核能发电量（亿千瓦时） 
 345 
 6.7 
 3228 
 6.0 
 　　风力发电量（亿千瓦时） 
 498 
 -1.6 
 5837 
 13.4 
 　　太阳能发电量（亿千瓦时） 
 246 
 6.8 
 2173 
 11.3 
 　产品销售率（ % ） 
 97.4 
 -0.4( 百分点 ) 
 96.8 
 -0.5( 百分点 ) 
 　出口交货值（亿元） 
 13683 
 -3.6 
 108549 
 -4.8 
 　　 点击下载： 相关数据表 
 　　附注 
 　　 1 、指标解释 
 　　工业增加值增长速度 : 即工业增长速度，是用来反映一定时期工业生产物量增减变动程度的指标。利用该指标，可以判断短期工业经济的运行走势和经济的景气程度，也是制定和调整经济政策、实施宏观调控的重要参考和依据。 
 　　产品销售率：是销售产值和工业总产值的比率，用来反映工业产品的产销衔接情况。 
 　　出口交货值：是指工业企业自营（委托）出口（包括销往香港、澳门、台湾地区）或交给外贸部门出口的产品价值，以及外商来样、来料加工、来件装配和补偿贸易等生产的产品价值。 
 　　日均产品产量：是以当月公布的规模以上工业企业总产量除以该月日历天数计算得到。 
 　　 2 、统计范围 
 　　规模以上工业的统计范围为年主营业务收入 2000 万元及以上的工业企业。 
 　　由于规模以上工业企业范围每年发生变化，为保证本年数据与上年可比，计算产品产量等各项指标同比增长速度所采用的同期数与本期的企业统计范围尽可能相一致，和上年公布的数据存在口径差异。主要原因是：（一）统计单位范围发生变化。每年有部分企业达到规模纳入调查范围，也有部分企业因规模变小退出调查范围，还有新建投产企业、破产、注（吊）销企业等影响；（二）部分企业集团（公司）产品产量数据存在跨地区重复统计现象，根据专项调查对企业集团（公司）跨地区重复产量进行了剔重。 
 　　 3 、调查方法 
 　　规模以上工业企业工业生产报表按月进行全面调查（ 1 月份数据免报）。 
 　　 4 、行业分类标准 
 　　执行国民经济行业分类标准（ GB/T 4754-2017 ）。 
 　　 5 、环比数据修订 
 　　根据季节调整模型自动修正结果，对 2022 年 9 月至 2023 年 8 月份规模以上工业增加值环比增速进行修订。修订结果及 2023 年 9 月份环比数据如下： 
 年份 
 月份 
 环比增速（ % ） 
 2022 年 
 9 月 
 0.80 
 10 月 
 0.18 
 11 月 
 -0.24 
 12 月 
 0.19 
 2023 年 
 1 月 
 0.54 
 2 月 
 0.36 
 3 月 
 0.59 
 4 月 
 -0.23 
 5 月 
 0.69 
 6 月 
 0.68 
 7 月 
 0.04 
 8 月 
 0.50 
 9 月 
 0.36 
 [责任编辑:]
 相关链接 
 政府机构网站
 地方政府网站
 地方统计网站
 社会团体网站
 国际组织网站
 政府机构网站
 地方政府网站
 地方统计网站
 社会团体网站
 国际组织网站
 中央人民政府门户网站
 外交部
 国防部
 国家发展改革委
 教育部
 科技部
 工业和信息化部
 国家民委
 公安部
 国家安全部
 民政部
 司法部
 财政部
 人力资源社会保障部
 自然资源部
 生态环境部
 住房城乡建设部
 交通运输部
 水利部
 农业农村部
 商务部
 文化和旅游部
 国家卫生健康委
 退役军人事务部
 应急管理部
 中国人民银行
 审计署
 国务院国资委
 海关总署
 税务总局
 市场监管总局
 金融监管总局
 中国证监会
 广电总局
 体育总局
 国家信访局
 国家统计局
 国家知识产权局
 国家国际发展合作署
 国家医保局
 国务院参事室
 国管局
 国务院研究室
 国务院侨办
 国务院港澳办
 国务院台办
 国家网信办
 国务院新闻办
 新华社
 中国科学院
 中国社科院
 中国工程院
 国务院发展研究中心
 中央广电总台
 中国气象局
 国家粮食和物资储备局
 国家能源局
 国家国防科工局
 国家烟草局
 国家移民局
 国家林草局
 国家铁路局
 中国民航局
 国家邮政局
 国家文物局
 国家中医药局
 国家疾控局
 国家矿山安监局
 国家消防救援局
 国家外汇局
 国家药监局
 北京
 天津
 河北
 山西
 内蒙古
 辽宁
 吉林
 黑龙江
 上海
 江苏
 浙江
 安徽
 福建
 江西
 山东
 河南
 湖北
 湖南
 广东
 广西
 海南
 重庆
 四川
 贵州
 云南
 西藏
 陕西
 甘肃
 青海
 宁夏
 新疆
 兵团
 北京局
 天津局
 河北局
 山西局
 内蒙古局
 辽宁局
 吉林局
 黑龙江局
 上海局
 江苏局
 浙江局
 安徽局
 福建局
 江西局
 山东局
 河南局
 湖北局
 湖南局
 广东局
 广西局
 海南局
 重庆局
 四川局
 贵州局
 云南局
 西藏局
 陕西局
 甘肃局
 青海局
 宁夏局
 新疆局
 兵团局
 天津总队
 山西总队
 江苏总队
 浙江总队
 安徽总队
 河南总队
 湖南总队
 广东总队
 云南总队
 陕西总队
 新疆总队
 兵团总队
 中国统计学会
 联合国
 联合国经济和社会事务部
 联合国统计司
 世贸组织
 粮农组织
 劳工组织
 基金组织
 工发组织
 教科文组织
 世卫组织
 世界银行
 欧盟
 经合组织
 联合国开发署
 联合国人口基金
 联合国环境署
 联合国儿童基金
 世界粮食计划署
 国际组织网站
 版权所有: 国家统计局   联系我们    服务条款    网站地图 
 地址: 北京市西城区月坛南街57号 (100826) 
 京ICP备05034670号-2 
 京公网安备 11040102700142号 
 网站标识码bm36000002 
 中央人民政府门户网站
 外交部
 国防部
 国家发展改革委
 教育部
 科技部
 工业和信息化部
 国家民委
 公安部
 国家安全部
 民政部
 司法部
 财政部
 人力资源社会保障部
 自然资源部
 生态环境部
 住房城乡建设部
 交通运输部
 水利部
 农业农村部
 商务部
 文化和旅游部
 国家卫生健康委
 退役军人事务部
 应急管理部
 中国人民银行
 审计署
 国务院国资委
 海关总署
 税务总局
 市场监管总局
 金融监管总局
 中国证监会
 广电总局
 体育总局
 国家信访局
 国家统计局
 国家知识产权局
 国家国际发展合作署
 国家医保局
 国务院参事室
 国管局
 国务院研究室
 国务院侨办
 国务院港澳办
 国务院台办
 国家网信办
 国务院新闻办
 新华社
 中国科学院
 中国社科院
 中国工程院
 国务院发展研究中心
 中央广电总台
 中国气象局
 国家粮食和物资储备局
 国家能源局
 国家国防科工局
 国家烟草局
 国家移民局
 国家林草局
 国家铁路局
 中国民航局
 国家邮政局
 国家文物局
 国家中医药局
 国家疾控局
 国家矿山安监局
 国家消防救援局
 国家外汇局
 国家药监局
 北京
 天津
 河北
 山西
 内蒙古
 辽宁
 吉林
 黑龙江
 上海
 江苏
 浙江
 安徽
 福建
 江西
 山东
 河南
 湖北
 湖南
 广东
 广西
 海南
 重庆
 四川
 贵州
 云南
 西藏
 陕西
 甘肃
 青海
 宁夏
 新疆
 兵团
 北京局
 天津局
 河北局
 山西局
 内蒙古局
 辽宁局
 吉林局
 黑龙江局
 上海局
 江苏局
 浙江局
 安徽局
 福建局
 江西局
 山东局
 河南局
 湖北局
 湖南局
 广东局
 广西局
 海南局
 重庆局
 四川局
 贵州局
 云南局
 西藏局
 陕西局
 甘肃局
 青海局
 宁夏局
 新疆局
 兵团局
 天津总队
 山西总队
 江苏总队
 浙江总队
 安徽总队
 河南总队
 湖南总队
 广东总队
 云南总队
 陕西总队
 新疆总队
 兵团总队
 中国统计学会
 联合国
 联合国经济和社会事务部
 联合国统计司
 世贸组织
 粮农组织
 劳工组织
 基金组织
 工发组织
 教科文组织
 世卫组织
 世界银行
 欧盟
 经合组织
 联合国开发署
 联合国人口基金
 联合国环境署
 联合国儿童基金
 世界粮食计划署
 国际组织网站",2023-10-18,国家统计局,https://www.stats.gov.cn/sj/zxfb/202310/t20231018_1943655.html,accepted
CNINFO-002594-1218232006,announcement,2023年10月产销快报,"证券代码：002594 证券简称：比亚迪 公告编号：2023-110 比亚迪股份有限公司 2023年10月产销快报 本公司及董事会全体成员保证信息披露的内容真实、准确、完整，没有虚假记载、误导性陈述或重大遗漏。 比亚迪股份有限公司(以下简称“本公司”)2023年10月产销快报数据如下： 单位：辆 产量 销量 项目类别 本月 去年同期 本年累计 去年累计 累计同比 本月 去年同期 本年累计 去年累计 累计同比 新能源汽车 307,014 220,107 2,419,749 1,411,690 71.41% 301,833 217,816 2,381,471 1,397,870 70.36% -乘用车 306,276 219,809 2,409,570 1,406,659 71.30% 301,095 217,518 2,371,350 1,392,839 70.25% -纯电动 169,855 104,894 1,240,452 695,698 78.30% 165,505 103,157 1,213,918 685,286 77.14% -插电式混合动力 136,421 114,915 1,169,118 710,961 64.44% 135,590 114,361 1,157,432 707,553 63.58% -商用车 738 298 10,179 5,031 102.33% 738 298 10,121 5,031 101.17% -客车 701 265 3,509 4,225 -16.95% 701 265 3,509 4,225 -16.95% -其他 37 33 6,670 806 727.54% 37 33 6,612 806 720.35% 燃油汽车 0 0 0 4,635 -100.00% 0 0 0 5,049 -100.00% -轿车 0 0 0 1,458 -100.00% 0 0 0 1,544 -100.00% -SUV 0 0 0 3,177 -100.00% 0 0 0 3,505 -100.00% -MPV 0 0 0 0 0.00% 0 0 0 0 0.00% 合计 307,014 220,107 2,419,749 1,416,325 70.85% 301,833 217,816 2,381,471 1,402,919 69.75%
注：本公司 2023 年 10 月海外销售新能源乘用车合计 30,521 辆； 本公司 2023 年 10 月新能源汽车动力电池及储能电池装机总量约为 15.286GWh，2023 年累计装机总量约为 116.217GWh。 务请注意，上述销量数字未经审核，亦未经本公司审计师确认，或会予以调整并有待最终确认。本公司刊发财务业绩后，股东及潜在 投资者务必详阅。 特此公告。 比亚迪股份有限公司董事会 2023 年 11 月 1 日",2023-11-02,巨潮资讯网,https://static.cninfo.com.cn/finalpage/2023-11-02/1218232006.PDF,accepted
CNINFO-000408-1218269063,announcement,关于产业发展基金对外投资的进展公告,"1 证券代码：000408 证券简称：藏格矿业 公告编号：2023-059 藏格矿业股份有限公司 关于产业发展基金对外投资的进展公告 一、 二、 一、对外投资概况 2021 年 10 月 8 日，藏格矿业股份有限公司（以下简称“公司”）全资子公 司藏格矿业投资（成都）有限公司（以下简称“藏格矿业投资”）参与投资江苏 藏青新能源产业发展基金合伙企业（有限合伙） （以下简称“藏青基金”）。具 体内容详见公司于 2021 年 10 月 9 日在巨潮资讯网（http://www.cninfo.com.cn） 披露的 《关于全资子公司拟参与认购产业发展基金份额的公告》 （公告编号：2021- 98）。 2021 年 10 月 22 日，藏格矿业投资与无锡拓海股权投资基金管理有限公司 （以下简称 “无锡拓海” ） 等合作方共同签署了 《江苏藏青新能源产业发展基金 合伙企业 （有限合伙） 合伙协议》 ， 藏格矿业投资认购藏青基金47.08%的合伙份 额，成为藏青基金的有限合伙人之一。具体内容详见公司于 2021 年 10 月 26 日 在巨潮资讯网（http://www.cninfo.com.cn）披露的《关于全资子公司对外投资签 署合伙协议的公告》（公告编号：2021-112）。 2023 年 3 月 7 日，藏青基金与西藏金泰工贸有限责任公司签署了《关于西 藏国能矿业发展有限公司 34%股权之交易意向协议》 ， 藏青基金拟以现金 40.8 亿 元人民币购买其所持西藏国能矿业发展有限公司（以下简称“国能矿业”）34% 股权；2023 年 3 月 22 日，藏青基金与拉萨开发区东义资本创业投资合伙企业 （有限合伙） 签署 《关于西藏国能矿业发展有限公司5%股权之交易意向协议》 ， 藏青基金拟以现金 6 亿元人民币购买其所持国能矿业 5%股权（前述合计 39%的 股权份额简称“国能矿业股权”）。根据前述《交易意向协议》的约定，由藏青 基金或者藏青基金子基金收购国能矿业股权。具体内容详见公司分别于 2023 年 3 月 8 日、2023 年 3 月 23 日在巨潮资讯网（http://www.cninfo.com.cn）披露的 本公司及董事会全体成员保证信息披露的内容真实、 准确、 完整， 没有虚 假记载、误导性陈述或重大遗漏。
2 《关于产业发展基金对外投资的公告》（公告编号：2023-005、2023-019）。 二、对外投资进展情况 公司于近日获悉， 藏青基金、 无锡拓海和藏格矿业投资共同发起设立子基金 西藏藏青新能源产业发展基金合伙企业 （有限合伙） （以下简称 “西藏藏青基金” 或“子基金”），并签订《西藏藏青新能源产业发展基金合伙企业（有限合伙） 合伙协议》。 截至本公告披露日， 西藏藏青基金已完成工商注册登记手续， 取得 由西藏自治区拉萨市市场监督管理局核发的营业执照， 并且已在中国证券投资基 金业协会完成备案手续，取得了《私募投资基金备案证明》。相关信息如下： （一）子基金工商登记信息 基金名称：西藏藏青新能源产业发展基金合伙企业（有限合伙） 统一社会信用代码：91540195MACXKLC52R 执行事务合伙人：无锡拓海股权投资基金管理有限公司 类型：有限合伙企业 出资额：371,000 万人民币 成立日期：2023 年 09 月 07 日 主要经营场所： 西藏自治区拉萨市柳梧新区察古大道奥特莱斯北楼14 层 119 号 经营范围： 一般项目： 以自有资金从事投资活动； 创业投资 （限投资未上市 企业）；以私募基金从事股权投资、投资管理、资产管理等活动（须在中国证券 投资基金业协会完成登记备案后方可从事经营活动） （除依法须经批准的项目外， 自主开展法律法规未禁止、限制的经营活动）。 （二）子基金备案信息 基金名称：西藏藏青新能源产业发展基金合伙企业（有限合伙） 管理人名称：无锡拓海股权投资基金管理有限公司 托管人名称：中国农业银行股份有限公司
3 备案日期：2023 年 11 月 02 日 备案编码：SABC95 （三）子基金的合伙人基本情况 1、普通合伙人 企业名称 无锡拓海股权投资基金管理有限公司 统一社会信用代码 91320200323650323M 企业类型 有限责任公司（自然人投资或控股的法人独资） 法定代表人 朱海飞 注册资本 1000 万人民币 成立日期 2015 年 1 月 15 日 注册地址 无锡经济开发区金融三街 6 号 2318 经营范围 受托管理私募股权投资基金， 从事投资管理及相关咨询服务业务。 （依法须经批准的项目，经相关部门批准后方可开展经营活动） 股权结构 无锡拓海投资有限公司直接持股 100% 是否被列为失信被执 行人 经查询，无锡拓海股权投资基金管理有限公司未被列入失信被执 行人 2、有限合伙人 企业名称 江苏藏青新能源产业发展基金合伙企业（有限合伙） 统一社会信用代码 91320292MA275PYC7D 执行事务合伙人 无锡拓海股权投资基金管理有限公司 注册资本 531,000 万人民币 成立日期 2021 年 9 月 29 日 注册地址 无锡经济开发区金融二街 8 号 1602-85 经营范围 一般项目：股权投资；以私募基金从事股权投资、投资管理、资 产管理等活动（须在中国证券投资基金业协会完成登记备案后方 可从事经营活动）（除依法须经批准的项目外，凭营业执照依法 自主开展经营活动） 股权结构 藏格矿业投资（成都）有限公司持股 47.08%； 江苏沙钢集团有限公司持股 18.83%； 宁波青出于蓝股权投资合伙企业（有限合伙）持股 18.83%； 成都云图控股股份有限公司持股 9.42%；
4 无锡威孚高科技集团股份有限公司持股 5.65%； 无锡拓海股权投资基金管理有限公司持股 0.19%。 是否被列为失信被执 行人 经查询，江苏藏青新能源产业发展基金合伙企业（有限合伙）未 被列入失信被执行人 企业名称 藏格矿业投资（成都）有限公司 统一社会信用代码 91510100MA66YTLL3R 企业类型 有限责任公司（非自然人投资或控股的法人独资） 法定代表人 肖瑶 注册资本 300,000 万人民币 成立日期 2021 年 10 月 12 日 注册地址 中国（四川）自由贸易试验区成都高新区天府大道北段1199 号 2 栋 29 楼 2901 号 经营范围 一般项目：以自有资金从事投资活动；自有资金投资的资产管理 服务；社会经济咨询服务；企业管理；财务咨询；技术服务、技 术开发、技术咨询、技术交流、技术转让、技术推广（除依法须 经批准的项目外，凭营业执照依法自主开展经营活动） 股权结构 藏格矿业股份有限公司直接持股 100% 是否被列为失信被执 行人 经查询，藏格矿业投资（成都）有限公司未被列入失信被执行人 （四）子基金出资份额 合伙人 认缴出资（万元） 比例（%） 无锡拓海股权投资基金管理 有限公司 1,000 0.27 江苏藏青新能源产业发展基 金合伙企业（有限合伙） 320,000 86.25 藏格矿业投资 （成都） 有限公 司 50,000 13.48 合计 371,000 100 三、合伙协议主要内容 （一）认缴出资：合伙企业的目标认缴出资总额为人民币 371,000 万元，由 全体合伙人缴纳。
5 （二）出资方式：人民币现金出资 （三） 基金管理费： 全体合伙人同意前三年为投资期， 按本合伙企业实缴出 资总额的 2%计付管理费； 第四年至第六年按本合伙企业实缴出资总额的1.8%计 付管理费。自本合伙企业设立且本基金备案通过之日起 30 日内按本合伙企业实 缴出资总额的 2%计提并支付第一年的管理费，第二年至三年的管理费分别按照 2%的标准于每年第一季度支付；第四年至六年的管理费分别按照 1.8%的标准于 每年第一季度支付； 第六年以后，则不计收管理费。 如果全体合伙人实缴的出资 总额在年度中期增加的， 按照新增出资对应年度的计提比例提取管理费。 补充提 取的管理费在实缴出资增加后的 7 日内计提。 基金管理人对藏青基金的出资豁免收取管理费。 （四） 管理与决策机制： 本合伙企业将成立投资决策委员会， 负责投资、 退 出的相关决策。 投资决策委员会由3 人组成， 由管理人委派2 人、 藏格投资委派 1 人。 （五）收益分配：合伙企业的可分配收入按下述原则进行分配 1、合伙企业原则上应在任一投资项目退出（包括部分退出）并取得可分配 收入后的九十（90）日内对截至届时合伙企业所有的可分配收入进行分配； 2、就源于临时投资收入、未使用出资额及其他现金收入的可分配收入，原 则上应在该等收入达到累计人民币壹仟万元整（￥10,000,000）之时或普通合伙 人合理决定的其他时点进行分配； 3、投资项目部分退出的（即合伙企业仅对其所持有的该等投资项目的部分 而非全部权益进行了处置），该投资项目退出的部分应被视为一个单独投资项目， 应根据协议相关规定对部分退出而得的可分配收入进行分配，并按已退出部分占 整体项目的比例计算已退出部分的投资成本，并基于此计算收益。 在受限于本协议相关条款规定的前提下，合伙企业的项目处置收入与项目运 营收入， 应当首先在各合伙人之间按照其对该等投资项目的实缴出资进行初步划 分， 按此初步划分归属普通合伙人的金额应当实际分配给普通合伙人， 归属每一 有限合伙人的金额应当按照下列顺序进行实际分配：
6 1、对于归属有限合伙人江苏藏青新能源产业发展基金合伙企业 （有限合伙） 的资金对其进行 100%分配。 2、对于归属除江苏藏青新能源产业发展基金合伙企业（有限合伙）以外的 有限合伙人的资金，首先按照基金实缴金额的 100%向其分配，直至该合伙人在 本阶段下获得的分配总额等于其累计实缴出资额； 仍有剩余的， 按实缴出资额实 际天数加权计算的年化收益率 8%进行分配；仍有剩余的，基金管理人计提剩余 收益的 20%作为业绩报酬后向其全部分配。 四、其他事项 西藏藏青基金所募集资金将投资于新能源行业， 重点投资盐湖锂矿企业， 不 会损害公司及股东的利益。 公司将积极关注西藏藏青基金后续收购国能矿业股份 的进展情况，并根据相关法律法规、规范性文件的要求及时履行信息披露义务。 敬请广大投资者谨慎决策，注意投资风险。 五、备查文件 1、西藏藏青新能源产业发展基金合伙企业（有限合伙）《营业执照》； 2、《私募投资基金备案证明》。 特此公告。 藏格矿业股份有限公司董事会 2023 年 11 月 7 日",2023-11-07,巨潮资讯网,https://static.cninfo.com.cn/finalpage/2023-11-07/1218269063.PDF,accepted
CNINFO-000408-1218292119,announcement,关于产业发展基金收购国能矿业股权的进展公告,"1 证券代码：000408 证券简称：藏格矿业 公告编号：2023-060 藏格矿业股份有限公司 关于产业发展基金收购国能矿业股权的进展公告 本公司及董事会全体成员保证信息披露的内容真实、准确、完整，没有虚假记 载、误导性陈述或重大遗漏。 一、交易概述 2021 年 10 月 8 日，藏格矿业股份有限公司（以下简称“公司”）全资子公司 藏格矿业投资（成都）有限公司（以下简称“藏格矿业投资”）参与投资江苏藏青 新能源产业发展基金合伙企业（有限合伙）（以下简称“藏青基金”）。具体内容 详见公司于 2021 年 10 月 9 日在巨潮资讯网 （http://www.cninfo.com.cn） 披露的 《关 于全资子公司拟参与认购产业发展基金份额的公告》（公告编号：2021-98）。 2021 年 10 月 22 日， 藏格矿业投资与无锡拓海股权投资基金管理有限公司 （以 下简称“无锡拓海”）等合作方共同签署了《江苏藏青新能源产业发展基金合伙企 业（有限合伙）合伙协议》，藏格矿业投资认购藏青基金47.08%的合伙份额，成为 藏青基金的有限合伙人之一。 具体内容详见公司于2021 年 10 月 26 日在巨潮资讯网 （http://www.cninfo.com.cn） 披露的 《关于全资子公司对外投资签署合伙协议的公告》 （公告编号：2021-112）。 2023 年 3 月 7 日，藏青基金与西藏金泰工贸有限责任公司（以下简称“西藏金 泰工贸” ） 签署了 《关于西藏国能矿业发展有限公司34%股权之交易意向协议》（以 下简称《交易意向协议》），藏青基金拟以现金 40.8 亿元人民币购买其所持西藏国 能矿业发展有限公司（以下简称“国能矿业” 或“目标公司”）34%股权。根据前 述《交易意向协议》的约定，由藏青基金或者藏青基金子基金收购国能矿业股权。 具体内容详见公司分别于 2023 年 3 月 8 日在巨潮资讯网 （http://www.cninfo.com.cn） 披露的《关于产业发展基金对外投资的公告》（公告编号：2023-005）。
2 藏青基金、无锡拓海和藏格矿业投资共同发起设立了子基金西藏藏青新能源产 业发展基金合伙企业（有限合伙）（以下简称“西藏藏青基金”），签订了《西藏 藏青新能源产业发展基金合伙企业（有限合伙）合伙协议》，并完成了登记备案手 续。具体内容详见公司于 2023 年 11 月 7 日在巨潮资讯网（http://www.cninfo.com.c n）披露的《关于产业发展基金对外投资的进展公告》（公告编号：2023-059）。 二、对外投资进展情况 公司收到藏青基金通知，其子基金西藏藏青基金与西藏金泰工贸于 2023 年 11 月 9 日签署了《关于西藏国能矿业发展有限公司 34%股权之股权转让协议》（以下 简称《股权转让协议》），西藏藏青基金需分三期将交易价款40.8 亿元人民币全部 以现金方式进行支付，交割完成后西藏藏青基金持有国能矿业 34%的股权。 本次产业发展基金对外投资不构成关联交易，亦不构成《上市公司重大资产管 理办法》 规定的重大资产重组。 根据 《深圳证券交易所股票上市规则》 《公司章程》 等有关规定，本次产业发展基金对外投资无需提交公司董事会和股东大会批准。 具体情况如下： （一）交易对方的基本情况 1、公司名称：西藏金泰工贸有限责任公司 2、统一社会信用代码：9154009174190885XT 3、企业类型：有限责任公司（自然人投资或控股） 4、成立日期：2003 年 10 月 22 日 5、注册地址：拉萨经济技术开发区博达路 A1-10 6、法定代表人：徐洪臻 7、注册资本：5,080 万民币 8、经营范围：一般项目：非金属矿及制品销售；金属矿石销售；住房租赁；非 居住房地产租赁；技术服务、技术开发、技术咨询、技术交流、技术转让、技术推 广；工业工程设计服务（除依法须经批准的项目外，自主开展法律法规未禁止、限 制的经营活动） （二）目标公司的基本情况
3 1、公司名称：西藏国能矿业发展有限公司 2、统一社会信用代码：91542500783528484C 3、企业类型：有限责任公司（国有控股） 4、成立日期：2007 年 8 月 3 日 5、住所：阿里地区日土县国土局院内 6、法定代表人：曾云 7、注册资本：10,000 万人民币 8、经营范围：硼矿及其伴生矿（依法须经批准的项目，经相关部门批准后方 可经营该项目） 三、《股权转让协议》的主要内容 甲方（收购方）：西藏藏青新能源产业发展基金合伙企业（有限合伙） 乙方（转让方）：西藏金泰工贸有限责任公司 目标公司：西藏国能矿业发展有限公司 转让协议的主要内容如下： （一）本次交易方案 1、本协议之目的 双方以交易基准日时的目标公司的现状为交易基础，由甲方收购乙方持有的目 标公司 34%股权，从而投资开发目标公司的结则茶卡盐湖矿区和龙木错盐湖矿区的 矿产资源，获得投资收益。 截至《股权转让协议》签署日，乙方对目标公司的认缴出资及实缴出资金额均 为 3,400 万元，持有目标公司 34%股权，其中持有的 21.5%股权质押给西藏城市发 展投资股份有限公司，10.5%股权质押给上海北方企业（集团）有限公司，2%股权 质押给上海城投资产管理（集团）有限公司。 2、本次交易先决条件 以下所有先决条件在本协议签署后十五个工作日内或双方另行约定的其他期限
4 届满前全部成就的前提下，双方同意按照本协议的条款和条件进行本次交易： （1）乙方有效股东会决议同意乙方转让标的股权。 （2）目标公司其他股东同意放弃标的股权优先购买权的书面文件。 3、特别约定 因在《股权转让协议》签署时，目标公司持有西藏龙辉矿业有限公司（以下简 称“龙辉公司”）股权仍登记在目标公司名下，尚未完成剥离，甲方同意在目标公 司股权交割后，在目标公司股东会决议剥离龙辉公司时，无条件投赞成票；乙方承 诺将尽快与龙辉公司各实际股东商议将龙辉公司 100%股权及相关负债剥离出国能 矿业公司，并且同意按照 34%股权比例承担如下责任：（1）龙辉公司产生的债权 债务；（2）龙辉公司依法承担的责任中需要目标公司承担的部分；（3）目标公司 依据其与宁波市恒正投资有限公司（以下简称“宁波恒正”）2020 年 7 月 1 日签署 的《协议书》约定收购宁波恒正所持龙辉公司 30%股权应支付的款项。乙方承诺不 因上述事项影响甲方拟受让股权的股东权益。 （二）本次交易价款 1、双方确认并同意，本次交易的交易价格（以下简称“交易价款”）为40.8亿 元人民币(大写：人民币肆拾亿捌仟万元整)。 2、 目标公司持有的结则茶卡盐湖和龙木错盐湖两个矿区的采矿权， 根据国家相 关法律法规和相关政策以及西藏自治区的相关规定需要缴纳的出让收益金，由目标 公司自行依法承担。 （三）本次交易的交割 1、 在乙方收到本次交易的全部价款后十个工作日内， 乙方应确保目标公司向其 登记管理机关申请办理本次交易的相关工商变更登记手续（包括但不限于股权、公 司章程、董事、监事变更等），乙方应当配合并协调其他股东积极配合办理，甲方 亦有义务配合提交自身相关资料和手续。 2、 双方一致同意， 自前述相关条款约定的变更登记全部完成之日为本次交易的 交割日。
5 3、 双方确认并同意， 自交割日起， 甲方成为目标公司股东， 并依法享有目标公 司的股东权利并承担股东义务。 4、 基于乙方在当地的影响以及地方关系， 交割完成后， 乙方与甲方共同协助目 标公司开展： （1）龙木错盐湖矿区采矿权延续工作； （2）协助推进并完善结则茶卡盐湖矿区及龙木错盐湖矿区各项建设生产手续、 用地手续、不动产权登记等； （3）引进先进适用的盐湖提锂技术。 （四）过渡期安排 1、双方确认并同意，自交易基准日至交割日为本次交易的过渡期。 2、 过渡期内， 乙方对目标公司仍负有善良管理义务， 过渡期间如出现以下任何 变化，乙方知悉后均应及时通知甲方： （1）目标公司任何停产、员工罢工； （2） 任何政府部门签发或执行将会产生重大不利变化或者影响的任何命令或决 定。 3、 过渡期间如出现以下重大变化， 乙方知悉后均应及时通知甲方并按照甲方意 见在目标公司决策程序中发表意见，甲方一般应在收到通知后 2 个工作日内回复意 见，乙方按照甲方回复意见进行表决： （1） 目标公司转让、 出租、 对外承包矿业权、 选厂及生产线， 签订长期卤水销 售、委托加工、技术合作等协议； （2）目标公司发生、承担或担保累计数额超过 500 万元人民币的任何债务； （3） 目标公司放弃任何有价值的权利 （包括但不限于合同权利、 担保权益或债 权）或提前履行尚未到期的单笔 200 万元人民币或累计 500 万元人民币的义务或负 债； （4） 为增添或改进目标公司使用的财产、 厂房或设备而作出数额超过500 万元 人民币的重大开支或开支承诺； （5）修改目标公司或金昌锂业（目标公司全资子公司）章程；
6 （6） 任何对于目标公司经营构成重大不利影响的行为或事件， 或单独或在总体 上根据合理预期将会产生重大不利影响的任何事件、情形或事实的发展或状况。 4、过渡期间乙方未按照甲方意见表决，甲方有权决定是否解除本协议： （1） 除已披露的情形或相关协议外， 目标公司新签订转让、 出租、 对外承包矿 业权、选厂及生产线，签订长期卤水销售、委托加工、技术合作等协议； （2）除已披露情形外，目标公司发生、承担或担保累计数额超过5,000 万元人 民币的任何债务。 （3） 目标公司放弃任何有价值的权利 （包括但不限于合同权利、 担保权益或债 权）或提前履行尚未到期的累计 5,000 万元人民币的义务或负债； （4） 为增添或改进目标公司使用的财产、 厂房或设备而作出数额超过5,000 万 元人民币的重大开支或开支承诺； （5）修改目标公司或金昌锂业章程； （6） 其他导致合同目的无法实现的， 或严重影响甲方权益的情形 （指可能给目 标公司造成超过 5,000 万元人民币的损失）。 5、 过渡期内如果发生重大不利变化， 由双方先行协商解决。 因重大变化造成的 甲方损失，由乙方承担赔偿责任。 6、本协议相关条款中“乙方知悉”是指（1）乙方作为目标公司股东通过股东 会会议议案；（2）乙方所委派的董事通过董事会会议议案；（3）委派董事作为副 董事长在公司业务流程中所知悉的情形。 （五）违约责任 1、 若存在以下情形， 守约方有权决定是否解除本协议， 且不论守约方是否解除 本协议，守约方均有权要求违约方向守约方支付总交易价款的 20%作为违约金，违 约金不足弥补守约方损失的，还应赔偿因其违约而给守约方造成的损失： （1）任一方无任何法定或约定理由擅自解除本协议的； （2）乙方披露的信息存在重大虚假影响甲方拟受让标的股权股东权益的；
7 （3）除已披露的情形或相关协议外，过渡期内，目标公司新签订转让、出租、 对外承包矿业权、选厂及生产线，签订长期卤水销售、委托加工、技术合作等协议 的，乙方知悉未通知甲方或通知甲方后未按甲方意见表决的； （4）因一方违约行为导致本次交易目的无法实现的。 2、 若因乙方原因， 导致在本协议生效后 【九十】 个工作日内仍未完成本次交易 相应的交割，乙方应就甲方已经支付的交易价款按照 10%的年复利向甲方支付逾期 利息，计息期间自交易价款支付之日起至交割完成之日（或甲方单方面解除本协议 之日）止。若因乙方原因导致在本协议生效后【一百一十个工作日】届满仍未完成 全部交割的，甲方有权要求乙方向其支付总交易价款的 20%作为违约金，如果不能 弥补甲方损失的还应补足；同时甲方有权经书面通知乙方后立即解除本协议并终止 本次交易。甲方决定解除本协议的，乙方应在收到解除本协议通知之日起五个工作 日内， 向甲方退还甲方根据本协议已经支付的全部交易价款， 逾期退还交易价款的， 乙方应双倍计算支付逾期利息至实际退还之日。 3、 若因甲方没有及时向乙方支付任一笔交易价款， 或因甲方原因导致在本协议 生效后九十个工作日内仍未完成交割的，甲方应就应付未付的交易价款按照 10%的 年复利向乙方支付逾期利息，计息期间自该部分的交易价款应付之日起至实际支付 之日（或乙方单方面解除本协议之日）止。若因甲方原因导致在本协议生效后【一 百一十个工作日】届满仍未完成交割的，乙方有权要求甲方向其支付总交易价款的 20%作为违约金，如果不能弥补乙方损失的还应补足；同时乙方有权经书面通知甲 方后立即解除本协议并终止本次交易。乙方决定解除本协议的，乙方应在发出解除 本协议通知之日起，扣除甲方应承担的违约金后，且甲方已将标的股权回转过户至 乙方名下后五个工作日内，乙方向甲方退还已经支付的剩余交易价款，逾期退还交 易价款的，乙方应并双倍计算支付逾期利息至实际退还之日。 4、 若因其他原因 （包括但不限于目标公司及其他股东不配合提供相关文件资料 和签署相关法律文件等情形）导致在本协议生效后【九十】个工作日内仍未完成本 次交易相应的交割，乙方应就甲方已经支付的交易价款按照 10%的年复利向甲方支 付逾期利息，计息期间自交易价款支付之日起至交割完成之日止。若因其他原因导 致在本协议生效后【一百一十个工作日】届满仍未完成全部交割的，甲方有权经书
8 面通知乙方后立即解除本协议并终止本次交易。甲方决定解除本协议的，乙方应在 收到解除本协议通知之日起五个工作日内，向甲方退还甲方根据本协议已经支付的 全部交易价款，逾期退还交易价款的，乙方应双倍计算支付逾期利息至实际退还之 日。 四、其他事项 本次产业基金投资的结则茶卡盐湖和龙木错盐湖两个矿区富含丰富的锂、硼等 矿产资源，根据之前签署的战略合作协议，公司对国能矿业 34%的股权有优先收购 权，产业发展基金此次对外投资有利于公司储备锂资源及进一步扩大碳酸锂产能。 产业发展基金此次对外投资不会损害公司及股东的利益，公司将积极关注并持续披 露相关进展情况，敬请广大投资者谨慎决策，注意投资风险。 五、备查文件 《关于西藏国能矿业发展有限公司 34%股权之股权转让协议》 特此公告。 藏格矿业股份有限公司董事会 2023 年 11 月 10 日",2023-11-10,巨潮资讯网,https://static.cninfo.com.cn/finalpage/2023-11-10/1218292119.PDF,accepted
CNINFO-002738-1218293311,announcement,关于津巴布韦Bikita锂矿200万吨年（透锂长石）改扩建工程项目和200万吨年（锂辉石）建设工程项目达产的公告,"中矿资源集团股份有限公司 证券代码：002738 证券简称：中矿资源 公告编号：2023-112号 债券代码：128111 债券简称：中矿转债 中矿资源集团股份有限公司关于津巴布韦Bikita锂矿 200万吨/年（透锂长石）改扩建工程项目和 200万吨/年（锂辉石）建设工程项目达产的公告 中矿资源集团股份有限公司（以下简称“公司”或“本公司” ）投资建设的 “津巴布韦 Bikita 锂矿 200 万吨/年（透锂长石）改扩建工程项目”和“津巴布 韦 Bikita 锂矿 200 万吨/年（锂辉石）建设工程项目” ，由全资公司 Bikita Minerals(Private) Limited（以下简称 “Bikita” ） 具体实施，经过有序的工程建设、 设备安装调试及试生产等工作， 目前两个项目已实现稳定生产， 达到项目设计规 划的生产能力和产品质量，现将有关情况公告如下： 一、Bikita 锂矿项目基本情况及前期进展情况 公司分别于 2022 年 5 月 23 日、2022 年 6 月 8 日、2022 年 7 月 29 日召开第 五届董事会第二十二次会议、2022 年第二次临时股东大会和第五届董事会第二 十三次会议，审议通过了《关于公司 2022 年度非公开发行股票方案的议案》等 相关议案， 同意公司非公开发行股票募集资金总额不超过 300,000 万元 （含本数） ， 扣除发行费用后，募集资金净额拟投入以下项目： 单位：万元 序号 项目名称 投资总额 拟使用募集资金 1 春鹏锂业年产 3.5 万吨高纯锂盐项目 100,000.00 81,000.00 2 津巴布韦 Bikita 锂矿 200 万 t/a 建设工程 127,338.00 98,000.00 3 津巴布韦 Bikita 锂矿 120 万 t/a 改扩建工程 36,421.00 32,920.00 4 补充流动资金 88,080.00 88,080.00 合计 351,839.00 300,000.00 公司于 2023 年 3 月 27 日召开第五届董事会第三十次会议和第五届监事会 第二十三次会议， 审议通过了 《关于使用自有资金增加部分募投项目投资总额暨 本公司及董事会全体成员保证信息披露的内容真实、准确、完整，没有虚 假记载、误导性陈述或重大遗漏。
中矿资源集团股份有限公司 投资建设津巴布韦 Bikita 200 万吨/年改扩建工程的议案》 ， 同意公司将现有Bikita 锂矿 120 万吨/年（透锂长石）改扩建工程的生产能力增加至 200 万吨/年（透锂 长石），在原投资额 36,421.00 万元（其中使用募集资金 32,920.00 万元）的基础 上使用自有资金增加投资 29,974.40 万元，项目总投资额增加至 66,395.40 万元。 津巴布韦当地时间 2023 年 7 月 6 日，公司 Bikita 锂矿 200 万吨/年 （透锂长 石）改扩建工程项目已经建设完成并正式投料试生产。 津巴布韦当地时间 2023 年 7 月 7 日，公司 Bikita 锂矿 200 万吨/年（锂辉 石）建设工程项目已经建设完成并正式投料试生产。 具体内容详见公司于 2022 年 5 月 24 日、2022 年 6 月 9 日、2022 年 7 月 30 日、2023 年 3 月 29 日、2023 年 7 月 7 日、2023 年 7 月 8 日刊登在《中国证券 报》 、 《证券时报》 和巨潮资讯网 （www.cninfo.com.cn） 上的公告 （公告编号：2022- 057 号、2022-067 号、2022-081 号、2023-017 号、2023-059 号、2023-060 号）。 二、Bikita 锂矿项目最新进展情况 2023 年 11 月 9 日，公司接到 Bikita 通知，“津巴布韦 Bikita 锂矿 200 万吨/ 年（透锂长石）改扩建工程项目”和“津巴布韦 Bikita 锂矿 200 万吨/年（锂辉 石） 建设工程项目”经过有序的工程建设、 设备安装调试及试生产等工作， 两个 项目已实现稳定生产， 达到项目设计规划的生产能力和产品质量，实现达产达标。 三、Bikita 锂矿项目达产达标对公司的影响 Bikita 锂矿 200 万吨/年（透锂长石）改扩建工程项目达产后， 预计年产化学 级透锂长石精矿 30 万吨。Bikita 锂矿 200 万吨/年（锂辉石）建设工程项目达产 后，预计年产锂辉石精矿 30 万吨。两个项目达产达标，将进一步增强公司锂精 矿供应能力，充分满足公司锂盐业务原料自给。两个项目达产达标，将进一步体 现规模效应， 有效降低生产成本， 提升公司行业影响力和市场竞争力，增强公司 主营业务可持续发展能力，将对公司未来的经营业绩产生积极影响。 四、风险提示 受经济运行周期、 相关行业政策及市场供求变化等因素影响，锂盐产品未来 市场价格、需求量等可能存在不确定性，敬请投资者注意投资风险。 特此公告。
中矿资源集团股份有限公司 中矿资源集团股份有限公司董事会 2023 年 11 月 9 日",2023-11-10,巨潮资讯网,https://static.cninfo.com.cn/finalpage/2023-11-10/1218293311.PDF,accepted
LC-TEXT-0004,news,2023-10规模以上工业增加值官方发布,"国家统计局信息公开 
 无障碍浏览 
 索 引 号 410A04-0402-202311-0006 
 信息类别 最新发布 
 发布机构 国家统计局 
 成文日期 2023年11月15日 
 文  号 
 有 效 性 有效 
 2023年10月份规模以上工业增加值增长4.6% 
 　　 10 月份，规模以上工业增加值同比实际增长 4.6% （增加值增速均为扣除价格因素的实际增长率）。从环比看， 10 月份，规模以上工业增加值比上月增长 0.39% 。 1 — 10 月份，规模以上工业增加值同比增长 4.1% 。 
 　　分三大门类看， 10 月份，采矿业增加值同比增长 2.9% ，制造业增长 5.1% ，电力、热力、燃气及水生产和供应业增长 1.5% 。 
 　　分经济类型看， 10 月份，国有控股企业增加值同比增长 4.9% ；股份制企业增长 5.6% ，外商及港澳台商投资企业增长 0.9% ；私营企业增长 3.9% 。 
 　　分行业看， 10 月份， 41 个大类行业中有 28 个行业增加值保持同比增长。其中煤炭开采和洗选业增长 3.3% ，石油和天然气开采业增长 0.4% ，农副食品加工业增长 0.7% ，酒、饮料和精制茶制造业增长 3.4% ，纺织业增长 2.0% ，化学原料和化学制品制造业增长 12.1% ，非金属矿物制品业下降 1.1% ，黑色金属冶炼和压延加工业增长 7.3% ，有色金属冶炼和压延加工业增长 12.5% ，通用设备制造业下降 0.1% ，专用设备制造业增长 2.7% ，汽车制造业增长 10.8% ，铁路、船舶、航空航天和其他运输设备制造业增长 9.6% ，电气机械和器材制造业增长 9.8% ，计算机、通信和其他电子设备制造业增长 4.8% ，电力、热力生产和供应业增长 0.9% 。 
 　　分产品看， 10 月份， 620 种产品中有 371 种产品产量同比增长。钢材 11371 万吨，同比增长 3.0% ；水泥 19121 万吨，下降 4.0% ；十种有色金属 655 万吨，增长 8.2% ；乙烯 282 万吨，增长 5.6% ；汽车 277.9 万辆，增长 8.5% ，其中新能源汽车 92.7 万辆，增长 27.9% ；发电量 7044 亿千瓦时，增长 5.2% ；原油加工量 6393 万吨，增长 9.1% 。 
 　　 10 月份，工业企业产品销售率为 97.4% ，同比上升 0.4 个百分点；工业企业实现出口交货值 12941 亿元，同比名义下降 0.5% 。 
 2023 年 10 月份规模以上工业生产主要数据 
 指标 
 10 月 
 1 — 10 月 
 绝对量 
 同比增长 
 （ % ） 
 绝对量 
 同比增长 
 （ % ） 
 规模以上工业增加值 
 … 
 4.6 
 … 
 4.1 
 分三大门类 
 　采矿业 
 … 
 2.9 
 … 
 1.8 
 　制造业 
 … 
 5.1 
 … 
 4.5 
 　　其中：高技术制造业 
 … 
 1.8 
 … 
 1.9 
 　电力、热力、燃气及水生产和供应业 
 … 
 1.5 
 … 
 3.3 
 分经济类型 
 　其中：国有控股企业 
 … 
 4.9 
 … 
 4.6 
 　其中：股份制企业 
 … 
 5.6 
 … 
 4.9 
 　　　　外商及港澳台商投资企业 
 … 
 0.9 
 … 
 0.5 
 　其中：私营企业 
 … 
 3.9 
 … 
 2.5 
 主要行业增加值 
 　煤炭开采和洗选业 
 … 
 3.3 
 … 
 1.6 
 　石油和天然气开采业 
 … 
 0.4 
 … 
 3.9 
 　农副食品加工业 
 … 
 0.7 
 … 
 0.4 
 　食品制造业 
 … 
 4.7 
 … 
 3.1 
 　酒、饮料和精制茶制造业 
 … 
 3.4 
 … 
 0.1 
 　纺织业 
 … 
 2.0 
 … 
 -1.0 
 　化学原料和化学制品制造业 
 … 
 12.1 
 … 
 9.5 
 　医药制造业 
 … 
 -10.4 
 … 
 -5.7 
 　橡胶和塑料制品业 
 … 
 6.0 
 … 
 2.6 
 　非金属矿物制品业 
 … 
 -1.1 
 … 
 -0.6 
 　黑色金属冶炼和压延加工业 
 … 
 7.3 
 … 
 7.8 
 　有色金属冶炼和压延加工业 
 … 
 12.5 
 … 
 8.3 
 　金属制品业 
 … 
 5.5 
 … 
 2.3 
 　通用设备制造业 
 … 
 -0.1 
 … 
 1.8 
 　专用设备制造业 
 … 
 2.7 
 … 
 3.8 
 　汽车制造业 
 … 
 10.8 
 … 
 11.3 
 　铁路、船舶、航空航天和其他运输设备制造业 
 … 
 9.6 
 … 
 6.3 
 　电气机械和器材制造业 
 … 
 9.8 
 … 
 13.6 
 　计算机、通信和其他电子设备制造业 
 … 
 4.8 
 … 
 1.7 
 　电力、热力生产和供应业 
 … 
 0.9 
 … 
 3.5 
 主要产品产量 
 　布（亿米） 
 27 
 -5.3 
 255 
 -4.2 
 　硫酸（折 100 ％）（万吨） 
 822 
 6.1 
 7860 
 2.7 
 　烧碱（折 100 ％）（万吨） 
 353 
 5.8 
 3378 
 2.5 
 　乙烯（万吨） 
 282 
 5.6 
 2646 
 6.6 
 　化学纤维（万吨） 
 645 
 15.5 
 5912 
 8.8 
 　水泥（万吨） 
 19121 
 -4.0 
 168585 
 -1.1 
 　平板玻璃（万重量箱） 
 8256 
 -1.0 
 79592 
 -7.6 
 　生铁（万吨） 
 6919 
 -2.8 
 74475 
 2.3 
 　粗钢（万吨） 
 7909 
 -1.8 
 87470 
 1.4 
 　钢材（万吨） 
 11371 
 3.0 
 114418 
 5.7 
 　十种有色金属（万吨） 
 655 
 8.2 
 6158 
 7.0 
 　　其中：原铝（电解铝）（万吨） 
 362 
 6.0 
 3446 
 3.7 
 　金属切削机床（万台） 
 5 
 23.3 
 51 
 3.7 
 　工业机器人（套） 
 33074 
 -17.7 
 352912 
 -3.7 
 　汽车（万辆） 
 277.9 
 8.5 
 2366.3 
 4.9 
 　　其中：轿车（万辆） 
 96.4 
 0.4 
 843.2 
 0.6 
 　　　　　运动型多用途乘用车（ SUV ）（万辆） 
 106.1 
 2.5 
 924.0 
 4.9 
 　　其中：新能源汽车（万辆） 
 92.7 
 27.9 
 699.8 
 26.7 
 　发电机组（发电设备）（万千瓦） 
 2122 
 9.2 
 17011 
 24.6 
 　太阳能电池（光伏电池）（万千瓦） 
 5224 
 62.8 
 43643 
 63.7 
 　微型计算机设备（万台） 
 2837 
 -17.9 
 28135 
 -20.8 
 　移动通信手持机（万台） 
 15002 
 2.6 
 124772 
 1.6 
 　　其中：智能手机（万台） 
 11297 
 1.1 
 90643 
 -4.8 
 　集成电路（亿块） 
 313 
 34.5 
 2765 
 0.9 
 　原煤（万吨） 
 38875 
 3.8 
 382922 
 3.1 
 　焦炭（万吨） 
 4154 
 5.8 
 41001 
 2.9 
 　原油（万吨） 
 1733 
 0.5 
 17405 
 1.7 
 　原油加工量（万吨） 
 6393 
 9.1 
 61876 
 11.2 
 　天然气（亿立方米） 
 190 
 2.6 
 1896 
 6.1 
 　发电量（亿千瓦时） 
 7044 
 5.2 
 73330 
 4.4 
 　　火力发电量（亿千瓦时） 
 4654 
 4.0 
 51077 
 5.7 
 　　水力发电量（亿千瓦时） 
 1223 
 21.8 
 9805 
 -7.1 
 　　核能发电量（亿千瓦时） 
 359 
 -0.2 
 3587 
 5.3 
 　　风力发电量（亿千瓦时） 
 563 
 -13.1 
 6424 
 10.8 
 　　太阳能发电量（亿千瓦时） 
 244 
 15.3 
 2436 
 12.5 
 　产品销售率（ % ） 
 97.4 
 0.4( 百分点 ) 
 96.8 
 -0.3( 百分点 ) 
 　出口交货值（亿元） 
 12941 
 -0.5 
 121053 
 -4.2 
 　　点击下载： 相关数据表 
 　　附注 
 　　 1 、指标解释 
 　　工业增加值增长速度 : 即工业增长速度，是用来反映一定时期工业生产物量增减变动程度的指标。利用该指标，可以判断短期工业经济的运行走势和经济的景气程度，也是制定和调整经济政策、实施宏观调控的重要参考和依据。 
 　　产品销售率：是销售产值和工业总产值的比率，用来反映工业产品的产销衔接情况。 
 　　出口交货值：是指工业企业自营（委托）出口（包括销往香港、澳门、台湾地区）或交给外贸部门出口的产品价值，以及外商来样、来料加工、来件装配和补偿贸易等生产的产品价值。 
 　　日均产品产量：是以当月公布的规模以上工业企业总产量除以该月日历天数计算得到。 
 　　 2 、统计范围 
 　　规模以上工业的统计范围为年主营业务收入 2000 万元及以上的工业企业。 
 　　由于规模以上工业企业范围每年发生变化，为保证本年数据与上年可比，计算产品产量等各项指标同比增长速度所采用的同期数与本期的企业统计范围尽可能相一致，和上年公布的数据存在口径差异。主要原因是：（一）统计单位范围发生变化。每年有部分企业达到规模纳入调查范围，也有部分企业因规模变小退出调查范围，还有新建投产企业、破产、注（吊）销企业等影响；（二）部分企业集团（公司）产品产量数据存在跨地区重复统计现象，根据专项调查对企业集团（公司）跨地区重复产量进行了剔重。 
 　　 3 、调查方法 
 　　规模以上工业企业工业生产报表按月进行全面调查（ 1 月份数据免报）。 
 　　 4 、行业分类标准 
 　　执行国民经济行业分类标准（ GB/T 4754-2017 ）。 
 　　 5 、环比数据修订 
 　　根据季节调整模型自动修正结果，对 2022 年 10 月至 2023 年 9 月份规模以上工业增加值环比增速进行修订。修订结果及 2023 年 10 月份环比数据如下： 
 年份 
 月份 
 环比增速（ % ） 
 2022 年 
 10 月 
 0.18 
 11 月 
 -0.13 
 12 月 
 0.19 
 2023 年 
 1 月 
 0.54 
 2 月 
 0.36 
 3 月 
 0.65 
 4 月 
 -0.19 
 5 月 
 0.70 
 6 月 
 0.68 
 7 月 
 0.08 
 8 月 
 0.50 
 9 月 
 0.36 
 10 月 
 0.39",2023-11-15,国家统计局,https://www.stats.gov.cn/xxgk/sjfb/zxfb2020/202311/t20231115_1944543.html,accepted
CNINFO-002738-1218362142,announcement,关于公司年产3.5万吨高纯锂盐项目点火试运行暨投资进展的公告,"中矿资源 集团 股份有限公司 1 证券代码：002738 证券简称：中矿资源 公告编号：2023-113号 债券代码：128111 债券简称：中矿转债 中矿资源 集团股份有限公司 关于公司 年产 3.5 万吨高纯锂盐项目 点火试运行暨投资进展 的公告 一、 投资概述 中矿资源集团股份有限公司（以下简称“公司”或“本公司”）于 2022 年 2 月 25 日召开第五届董事会第十七次会议审议通过了《关于江西春鹏锂业有限 责任公司投资建设年产 3.5 万吨高纯锂盐项目的议案》，同意公司下属全资公司 江西春鹏锂业有限责任公司（简称“春鹏锂业”）投资建设年产 3.5 万吨高纯锂 盐项目，项目总投资额约 10 亿元人民币。具体内容详见公司于 2022 年 2 月 26 日在《中国证券报》、 《证券时报》和巨潮资讯网（www.cninfo.com.cn）上的公 告（公告编号：2022-017 号）。 二、 投资进展情况 2023 年 11 月 16 日，公司年产 3.5 万吨高纯锂盐项目已经建设完毕并成功点 火投料试生产运营。 公司年产 3.5 万吨高纯锂盐项目位于江西省新余市，由公司下属全资公司春 鹏锂业于 2022 年开始投资建设，主产品为电池级碳酸锂、电池级氢氧化锂，副 产品为无水硫酸钠。 三、年产 3.5 万吨高纯锂盐项目建成投产对公司的影响 公司现有年产 2.5 万吨电池级碳酸锂/氢氧化锂和年产 6,000 吨电池级氟化 锂产线，本次春鹏锂业 3.5 万吨高纯锂盐项目建成投产，公司电池级锂盐总产能 达到 6.6 万吨/年。 公司全资的津巴布韦 Bikita 矿山现有 400 万吨/年锂矿石选矿项目已达产， 本公司及董事会全体成员保证信息披露的内容真实、准确、完整，没有虚 假记载、误导性陈述或重大遗漏。
中矿资源 集团 股份有限公司 2 加拿大 Tanco 矿山 18 万吨/年锂辉石采选生产线已满产，公司锂盐业务所需锂精 矿原料已实现完全自给。 公司凭借多年来在锂盐行业的技术、 客户、 资源、 经验等优势，具有优良稳 定的产品品质和良好的市场口碑，下游客户涵盖多家海内外优质企业。3.5 万吨 高纯锂盐生产线投产将进一步扩大公司锂盐产品的生产规模和市场占有率， 增强 公司在锂电新能源原料领域的市场地位和竞争力，对公司未来的经营业绩产生积 极影响。 四、风险提示 锂盐产品价格受行业政策、 市场需求、 全球宏观经济形势变化和相关国家政 策等多重因素影响，可能存在不确定性，敬请投资者注意投资风险。 特此公告。 中矿资源集团股份有限公司董事会 2023 年 11 月 16 日",2023-11-17,巨潮资讯网,https://static.cninfo.com.cn/finalpage/2023-11-17/1218362142.PDF,accepted
CNINFO-002738-1218369754,announcement,关于与盛新锂能共同发起设立合资公司的进展公告,"中矿资源集团股份有限公司 1 证券代码：002738 证券简称：中矿资源 公告编号：2023-116号 中矿资源集团股份有限公司 关于与盛新锂能共同发起设立合资公司的进展公告 一、投资情况概述 中矿资源集团股份有限公司 （以下简称“公司”或“本公司”） 全资子公司 中矿国际勘探（香港）控股有限公司（以下简称“中矿资源” ）与盛新锂能集团 股份有限公司全资孙公司盛熠锂业国际有限公司 （以下简称 “盛新锂能” ）于 2022 年 5 月 9 日签署《关于共同发起设立 Harare Lithium (Zimbabwe) (Private) Limited 股东协议》（以下简称《股东协议》），双方拟在津巴布韦设立合资公司， 合资公司的注册资本为 500 万美元， 双方对合资公司的持股比例均为50%。具体 内容详见公司于 2022 年 5 月 10 日在 《中国证券报》 、 《证券时报》 及巨潮资讯网 （http://www.cninfo.com.cn） 披露的 《关于与盛新锂能共同发起设立合资公司的 公告》 （公告编号：2022-050 号）。 二、投资进展概述 《股东协议》 签署后， 中矿资源与盛新锂能在津巴布韦设立了合资公司哈拉 雷中盛资源（津巴布韦） （私人）有限公司，英文名称为：Harare Zhong Sheng Resources Zimbabwe (Private) Limited，主营业务为：锂矿、铂矿项目的勘探与 开发。双方实际出资额分别为 100.00 万美元，各持有合资公司 50％股权。合资 公司设立后开展了资源勘查工作， 勘查结果未达到双方预期。经双方股东协商一 致， 中矿资源拟将持有合资公司50%股权转让给盛新锂能。综合考虑固定资产折 旧和银行现金等情况，经双方友好协商，确定合资公司整体估值为 100.30 万美 元。 2023 年 11 月 17 日，中矿资源与盛新锂能签署《股权转让协议》 ，中矿资源 拟将所持有的合资公司 50%股权转让给盛新锂能，转让价格为 50.15 万美元。股 权转让完成后，中矿资源不再持有合资公司股权，双方于 2022 年 5 月签署的 《股 本公司及董事会全体成员保证信息披露的内容真实、准确、完整，没有虚 假记载、误导性陈述或重大遗漏。
中矿资源集团股份有限公司 2 东协议》解除。 三、对公司的影响及风险提示 本次股权转让有利于公司优化资源配置， 聚焦公司主要战略布局。 中矿资源 与盛新锂能设立的合资公司自成立以来仅从事了矿权的地质工作， 涉及的矿权尚 处于初级勘探阶段，故实际投资金额较小，不会对公司 2023 年以及未来的财务 状况和经营成果产生影响，不存在损害公司和股东利益的情况。 四、备查文件 中矿国际勘探 （香港） 控股有限公司与盛熠锂业国际有限公司签署的《股权 转让协议》。 特此公告。 中矿资源集团股份有限公司董事会 2023 年 11 月 17 日",2023-11-18,巨潮资讯网,https://static.cninfo.com.cn/finalpage/2023-11-18/1218369754.PDF,accepted
CNINFO-000762-1218378825,announcement,关于西藏扎布耶盐湖绿色综合开发利用万吨电池级碳酸锂项目建设的进展公告,"股票代码：000762 股票简称： 西藏矿业 编号：临 2023-023 西藏矿业发展股份有限公司 关于西藏扎布耶盐湖绿色综合开发利用万吨电池级 碳酸锂项目建设的进展公告 本公司及董事会全体成员保证信息披露的内容真实、准确、完整，没有虚假记载、误导性陈述或重大 遗漏。 西藏矿业发展股份有限公司（以下简称“公司” ）今日 收到控股子公司西藏日喀则扎布耶锂业高科技有限公司（以 下简称“西藏扎布耶” ）关于西藏扎布耶盐湖绿色综合开发 利用万吨电池级碳酸锂项目（简称“扎布耶二期项目” ）建 设进展的通知。 扎布耶二期项目采用“膜分离+蒸发结晶” 工艺高效回收扎布耶盐湖锂、钾等资源，设计年产电池级碳 酸锂 9,600 吨，工业级碳酸锂 2,400 吨，副产氯化钾 15.6 万吨， 铷铯混盐200 吨。 项目于2022 年 6 月正式开工建设， 截至目前全场设备、管道安装、电气电缆及仪表电缆敷设等 已全部完成。纳滤装置、MVR 装置、氯化钾装置等核心装置 已进入单机试车阶段，11 月 20 日实现项目机械竣工，后续 将进入全面调试阶段。 公司将根据相关规定，及时披露本事项的进展情况，敬 请广大投资者注意投资风险。 特此公告。 西藏矿业发展股份有限公司 董 事 会 2023 年 11 月 20 日",2023-11-21,巨潮资讯网,https://static.cninfo.com.cn/finalpage/2023-11-21/1218378825.PDF,accepted
CNINFO-000762-1218382501,announcement,关于控股子公司收到《关于限期整改西藏日喀则扎布耶锂资源开发一期项目（共生和伴生矿产提取）问题的通知》的公告,"股票代码：000762 股票简称： 西藏矿业 编号：临 2023-024 西藏矿业发展股份有限公司 关于控股子公司收到 《关于限期整改西藏日 喀则扎布耶锂资源开发一期项目 “共生和伴 生矿产提取”问题的通知》的公告 本公司及董事会全体成员保证信息披露的内容真实、准确、完整，没有虚假记载、误导性陈述或重大 遗漏。 西藏矿业发展股份有限公司（以下简称“公司” ）控股 子公司西藏日喀则扎布耶锂业高科技有限公司（以下简称 “西藏扎布耶” ）于近日收到日喀则市生态环境局、经济和 信息化局、自然资源局和水利局出具的《关于限期整改西藏 日喀则扎布耶锂资源开发一期项目“共生和伴生矿产提取” 问题的通知》（日环发〔2023〕169 号）（以下简称“《通 知》”），具体事项如下： 一、背景 因西藏扎布耶一期项目，受工艺局限，除提取碳酸锂精 矿外，截至目前未能对其他共生和伴生矿产资源进行综合利 用，中央生态环境保护督察组向自治区反馈督察意见，提出 “西藏扎布耶在开采锂矿时，没有对具有工业价值的共生和 伴生矿产进行提取， 造成资源极大浪费” （以下简称 “专项” ） 问题，因此，政府部门制定相应的整改方案，逐级下达任务 要求进一步整改。结合实际，这一专项的整改，须依托扎布 耶二期工程的投产运营去逐步实现。截至2023 年 11 月 20 日，扎布耶二期已完成主体工程建设并实现机械竣工。待配 套能源项目投产，计划于 2024 年 6 月投产并试运行，在逐
步实现电池级碳酸锂、工业级碳酸生产的同时，对氯化钾、 铷、铯等其他共伴生资源的综合开发利用。 二、通知内容 近期，属地相关部门对西藏扎布耶下发《通知》，主要 提出： 目前，在一期整改时限（2023 年 12 月 31 日前） ，二期 无法完成投产，无法实施“以新带老”措施，对此，贵公司 要以高度的政治责任感和使命感，在有效解决一期现有共生 和伴生矿产资源利用（包括盐田沉积岩）的同时，保证一期 项目不再产生新的共生和伴生矿产，直至达到中央环保督察 提出的整改要求，确保在规定时限内完成销号。 三、公司采取的相关措施 公司接到通知后，即刻责成西藏扎布耶加强与属地相关 部门的汇报、沟通，并根据公司实际情况采取以下措施： 1.在现有工作基础上，继续跟进推动对西藏扎布耶一期 现有共生和伴生矿产资源化利用（包括盐田沉积盐）的研究 进度； 2.根据《通知》精神，即日起西藏扎布耶一期项目不再 产生新的共生和伴生矿产，公司将抓紧对西藏扎布耶一期现 有共生和伴生矿产资源化利用 （包括盐田沉积盐）等进行 整改，直至达到有关部门提出的整改要求后及时申请复工； 3.要求公司相关部门持续配合宝武清洁能源有限公司 推进西藏扎布耶二期配套能源项目建设进度，确保项目能在 2024 年 6 月向主体工程供能、 供电、 供气，以此来推动扎布 耶二期项目试运行。
四、影响及风险提示 1.对未来碳酸锂精矿生产运营的影响、风险 结合扎布耶一期“冷冻+日晒+结晶蒸发+收盐”的工艺 特性， 来年的生产须从本年度9 月底开始抽卤制卤至来年10 月开始逐步实现收盐目标。因环保督察整改措施落实，存在 对复产前碳酸锂精矿产能无法按预期计划完成的风险。 2.对未来碳酸锂精矿销售运营的影响、风险 结合扎布耶一期生产工艺的实际，本年度产出的产品需 待来年实现销售。随着环保督察整改措施的落实，因无法保 证 2024 年是否可以实现恢复生产，存在2025 年乃至未来年 度无碳酸锂精矿可销售的潜在风险。 后续，公司将采取积极措施推动扎布耶一期技改相关工 作来尽快实现复工复产，并协调推动扎布耶二期配套能源项 目建设单位如期竣工并投产来推动主体工程按照计划节点 实现试运行，确保主矿种产品多元化、共伴生资源综合利用 来推动公司可持续发展。 公司指定信息披露媒体为 《中国证券报》 《证券时报》 《上 海证券报》和巨潮资讯网（www.cninfo.com.cn），公司所有 信息均以上述选定媒体刊登的信息为准，敬请广大投资者注 意投资风险。 特此公告。 西藏矿业发展股份有限公司 董 事 会 二○二三年十一月二十日",2023-11-21,巨潮资讯网,https://static.cninfo.com.cn/finalpage/2023-11-21/1218382501.PDF,accepted
CNINFO-002466-1218455746,announcement,关于申请广州期货交易所碳酸锂指定交割厂库的进展公告,1 股票代码： 002466 股票简称：天齐锂业 公告编号： 2023-054 天齐锂业股份有限公司 关于申请广州期货交易所碳酸锂指定交割厂库的进展公告 本公司及董事会全体成员保证信息披露的内容真实、准确、 完整，没有虚假记载、误导性陈述或重大遗漏。 天齐锂业股份有限公司 （以下简称 “公司” ） 于2023 年 8 月 30 日召开第六届董事会第 六次会议， 审议通过了 《关于申请广州期货交易所碳酸锂指定交割厂库的议案》 ， 同意公司 向广州期货交易所 （以下简称 “广期所”） 申请碳酸锂指定交割厂库的资质， 并授权公司管 理层提交申请材料，办理其他相关事宜。 2023 年 11 月 27 日， 广期所发布了 《关于调整碳酸锂期货指定交割库、 质检机构的公 告》 （广期所发〔2023〕268 号） ，决定新增公司为碳酸锂期货交割厂库，自广期所公告之 日起生效。 公司被指定为广期所碳酸锂期货交割厂库有利于进一步扩大公司在业内的知名度和 影响力，提高公司的规范管理水平。 特此公告。 天齐锂业股份有限公司董事会 二〇二三年十一月二十八日,2023-11-28,巨潮资讯网,https://static.cninfo.com.cn/finalpage/2023-11-28/1218455746.PDF,accepted
CNINFO-002497-1218483826,announcement,关于开展期货期权套期保值业务的公告,"1 证券代码：002497 证券简称：雅化集团 公告编号：2023-72 四川雅化实业集团股份有限公司 关于开展期货期权套期保值业务的公告 本公司及董事会全体成员保证信息披露内容的真实、 准确和完整， 没有虚 假记载、误导性陈述或重大遗漏。 重要内容提示： 1、交易基本情况：为有效防范因生产经营活动中原材料和产成品市场价格 波动所带来的风险，公司及下属子公司拟开展保证金金额不超过 2 亿元 （不含期 货标的实物交割款项） 的期货期权套期保值业务， 上述额度在有效期限内可循环 滚动使用； 2、审议程序：公司及下属子公司本次开展期货期权套期保值业务的事项已 经第五届董事会第三十二会议和第五届监事会第三十次会议审议通过； 3、风险提示：期货期权套期保值业务存在固有的市场风险、政策风险、流 动性风险、 内部控制风险及技术风险， 公司将积极落实管控制度和风险控制措施， 审慎执行套期保值操作，敬请广大投资者注意投资风险。 四川雅化实业集团股份有限公司 （以下简称 “公司” ） 于2023 年 11 月 30 日 召开第五届董事会第三十二次会议， 审议通过了 《关于开展期货期权套期保值业 务及可行性分析的议案》 ，现将有关情况公告如下： 一、投资情况概述 （一）投资目的 公司主要从事锂电新能源材料业务， 主要产品为氢氧化锂、 碳酸锂等锂盐产 品。 近年来， 锂盐产品价格波动巨大， 为降低产品价格波动给公司带来的经营风 险， 保持公司经营业绩持续、 稳定， 公司拟利用期货工具的避险保值功能， 根据 生产经营计划择机开展套期保值业务， 有效降低产品市场价格波动风险， 保障主 营业务稳步发展。 （二）交易品种 公司开展套期保值业务的期货品种仅限 于国内商品交易所场内上市交易的
2 与公司生产经营有直接关系的期货、期权品种。 （三）交易金额 公司及下属子公司 开展商品期货期权套期保值业务的保证金金额合计不超 过人民币 2 亿元（不含期货标的实物交割款项） ，上述额度在有效期限内可循环 滚动使用。 （四）交易方式 公司董事会授权经营管理层及其授权人士开展套期保值业务， 并按照公司制 定的 《期货期权套期保值业务管理制度》 相关规定及流程， 进行套期保值业务操 作及管理。 （五）交易期限 自公司董事会审议通过之日起 12 个月内有效，上述额度在有效期限内可循 环滚动使用， 如单笔交易的存续期超过授权期限， 则授权期限自动顺延至该笔交 易终止时止。 （六）资金来源 公司开展期货期权套期保值业务的资金来源为自有资金。 二、审议程序 公司董事会于 2023 年 11 月 30 日召开第五届董事会第三十二次会议，审议 通过了《关于开展期货期权套期保值业务及可行性分析的议案》 ，同意公司及下 属子公司开展总额度不超过 2 亿元的期货期权套期保值业务， 并授权经营管理层 及其授权人士在上述额度范围内开展期货期权套期保值业务相关事宜。 三、投资风险及风险控制措施 （一）风险分析 公司开展套期保值业务不以投机为目的， 主要为有效降低产成品、 原材料市 场价格剧烈波动可能对公司经营带来的影响，但同时也会存在一定的风险。 1、市场风险 理论上， 各交易品种在临近交割期时期货市场价格和现货市场价格将趋于回 归一致， 但在极个别的非理性市场情况下， 如市场发生系统性风险， 期货价格与 现货价格走势相背离等， 会对公司的套期保值操作方案带来影响， 甚至造成损失。 2、政策风险
3 如期货市场相关法规政策发生重大变化， 可能导致市场发生剧烈波动或无法 交易的风险。 3、流动性风险 期货交易采取保证金和逐日盯市制度，按照经公司审批的方案下单操作时， 如果合约活跃度较低， 导致套期保值持仓无法成交或无法在合适价位成交， 令实 际交易结果与方案设计出现较大偏差， 甚至面临因未能及时补足保证金而被强行 平仓带来的损失。 4、技术风险 由于无法控制和不可预测的系统故障、 网络故障、 通讯故障等造成交易系统 非正常运行， 使交易指令出现延迟、 中断或数据错误等问题， 从而带来相应风险。 （二）风险控制措施 1、公司严格执行有关法律法规，制定《期货期权套期保值业务管理制度》 ， 对公司开展套期保值业务的审批权限、 操作流程及风险控制等方面做出明确规定， 建立有效的监督检查、风险控制和交易止损机制，降低内部控制风险。 2、合理设置公司期货业务组织机构，建立岗位责任制，明确各相关部门和 岗位的职责权限， 严格在董事会批准的权限内办理公司套期保值业务。 同时， 加 强相关人员的职业道德教育及业务培训， 提高相关人员的综合素质， 提升相关人 员的专业知识。 3、公司套期保值业务仅限于与公司经营业务相关性高的期货品种，业务规 模将与公司经营业务相匹配， 最大程度对冲价格波动风险。 在制订交易方案的同 时做好资金测算， 以确保可用资金充裕； 严格控制套期保值的资金规模， 合理规 划和使用资金，在市场剧烈波动时做到合理止损，有效规避风险。 4、公司内部审计部门定期及不定期对套期保值交易业务进行检查，监督套 保值交易业务人员执行风险管理制度和风险管理工作程序， 及时防范业务中的操 作风险。 四、开展期货期权套期保值业务的会计处理 公司根据《企业会计准则第 22 号—金融工具确认和计量》 、 《企业会计准则 第 24 号—套期会计》 、 《企业会计准则第37 号—金融工具列报》 、 《企业会计准则 第 39 号—公允价值计量》等相关规定及其指南，对商品期货套期保值业务进行
4 相应的核算处理，并在财务报告中正确列报。 五、独立董事和监事会意见 （一）独立董事意见 公司开展期货期权套期保值业务是以风险防范为目的， 有利于降低产品市场 价格波动风险， 保障主营业务稳步发展， 符合公司业务发展及经营管理需要。 公 司编制的 《关于开展期货期权套期保值业务的可行性分析报告》 中论证了公司开 展期货期权套期保值业务的必要性和可行性， 相关内容和审议程序符合 《深圳证 券交易所股票上市规则》 《深圳证券交易所上市公司自律监管指引第7 号—交易 与关联交易》以及《公司章程》等有关规定。公司已制定《期货期权套期保值业 务管理制度》 ，明确了审批权限、业务流程、风险控制等内部控制程序，对公司 控制期货期权套期保值风险起到了保障的作用。 公司开展期货期权套期保值业务 不存在损害公司及全体股东， 尤其是中小股东利益的情形。 因此， 我们一致同意 公司及下属子公司开展期货期权套期保值业务及编制的 《关于开展期货期权套期 保值业务的可行性分析报告》 。 （二）监事会意见 经审核， 公司监事会一致认为：公司开展期货期权套期保值业务是为防范因 生产经营活动中原材料和产成品市场价格波动所带来的风险。 通过开展套期保值 业务， 可以实现以规避风险为目的的资产保值， 增强公司财务的稳健性， 符合公 司稳健经营的要求， 不会损害公司及全体股东的利益。 公司针对期货期权套期保 值业务制定了相关制度并编制了可行性分析报告， 履行了必要的程序， 符合有关 法律法规及 《公司章程》 的规定。 因此， 监事会同意公司及下属子公司开展期货 期权套期保值业务。 六、备查文件 1、公司第五届董事会第三十二次会议决议； 2、公司第五届监事会第三十次会议决议； 3、独立董事关于第五届董事会第三十二次会议相关事项的独立意见。 特此公告。 四川雅化实业集团股份有限公司董事会 2023 年 11 月 30 日",2023-12-01,巨潮资讯网,https://static.cninfo.com.cn/finalpage/2023-12-01/1218483826.PDF,accepted
CNINFO-002594-1218498293,announcement,2023年11月产销快报,"证券代码：002594 证券简称：比亚迪 公告编号：2023-120 比亚迪股份有限公司 2023年11月产销快报 本公司及董事会全体成员保证信息披露的内容真实、准确、完整，没有虚假记载、误导性陈述或重大遗漏。 比亚迪股份有限公司(以下简称“本公司”)2023年11月产销快报数据如下： 单位：辆 产量 销量 项目类别 本月 去年同期 本年累计 去年累计 累计同比 本月 去年同期 本年累计 去年累计 累计同比 新能源汽车 316,510 230,129 2,736,259 1,641,819 66.66% 301,903 230,427 2,683,374 1,628,297 64.80% -乘用车 315,985 229,644 2,725,555 1,636,303 66.57% 301,378 229,942 2,672,728 1,622,781 64.70% -纯电动 172,746 111,843 1,413,198 807,541 75.00% 170,150 113,915 1,384,068 799,201 73.18% -插电式混合动力 143,239 117,801 1,312,357 828,762 58.35% 131,228 116,027 1,288,660 823,580 56.47% -商用车 525 485 10,704 5,516 94.05% 525 485 10,646 5,516 93.00% -客车 391 310 3,900 4,535 -14.00% 391 310 3,900 4,535 -14.00% -其他 134 175 6,804 981 593.58% 134 175 6,746 981 587.67% 燃油汽车 0 0 0 4,635 -100.00% 0 0 0 5,049 -100.00% -轿车 0 0 0 1,458 -100.00% 0 0 0 1,544 -100.00% -SUV 0 0 0 3,177 -100.00% 0 0 0 3,505 -100.00% -MPV 0 0 0 0 0.00% 0 0 0 0 0.00% 合计 316,510 230,129 2,736,259 1,646,454 66.19% 301,903 230,427 2,683,374 1,633,346 64.29%
注：本公司 2023 年 11 月海外销售新能源乘用车合计 30,629 辆； 本公司 2023 年 11 月新能源汽车动力电池及储能电池装机总量约为 16.945GWh，2023 年累计装机总量约为 133.162GWh。 务请注意，上述销量数字未经审核，亦未经本公司审计师确认，或会予以调整并有待最终确认。本公司刊发财务业绩后，股东及潜在 投资者务必详阅。 特此公告。 比亚迪股份有限公司董事会 2023 年 12 月 1 日",2023-12-02,巨潮资讯网,https://static.cninfo.com.cn/finalpage/2023-12-02/1218498293.PDF,accepted
CNINFO-300390-1218562450,announcement,关于宜宾市伟能锂业科创有限公司一期年产2.5万吨电池级氢氧化锂募投项目结项的公告,"证券代码：300390 证券简称：天华新能 公告编号：2023-077 苏州天华新能源科技股份有限公司 关于宜宾市伟能锂业科创有限公司一期年产 2.5 万吨 电池级氢氧化锂募投项目结项的公告 苏州天华新能源科技股份有限公司（以下简称“公司”）2022 年度向特定对象发 行 A 股股票募集资金投资项目“宜宾市伟能锂业科创有限公司一期年产 2.5 万吨电池 级氢氧化锂项目”已完成主体工程验收，达到预定可使用状态，且对应的募集资金已 按规定使用完毕，对应的募集资金专项账户已完成销户。公司对“宜宾市伟能锂业科 创有限公司一期年产 2.5 万吨电池级氢氧化锂项目”进行结项。 一、募集资金基本情况 经中国证券监督管理委员会证监许可[2022] 2209 号文核准，公司于 2022 年 12 月 6 日向特定对象发行人民币普通股（A 股）5,229.72 万股，每股发行价为 52.89 元，募集资金总额为人民币 276,599.94 万元，根据有关规定扣除发行费用 2,453.11 万元，实际募集资金净额为 274,146.83 万元。该募集资金已于 2022 年 12 月到账， 并经容诚会计师事务所（特殊普通合伙）容诚验字 [2022]230Z0343 号《验资报告》 验证。公司本次向特定对象发行股票募集资金用于以下项目： 项目名称 募集资金拟投资额 （万元） 四川天华时代锂能有限公司年产 6 万吨电池级氢氧化锂建设项目 184,146.83 宜宾市伟能锂业科创有限公司一期年产 2.5 万吨电池级氢氧化锂项目 20,000.00 收购宜宾市天宜锂业科创有限公司 7%股权 70,000.00 合计 274,146.83 二、结项项目募集资金管理情况 1、结项项目募集资金的存放情况 为规范公司募集资金的管理和使用，保护投资者合法权益，根据《上市公司监 本公司及董事会全体成员保证信息披露的内容真实、准确、完整，没有虚假 记载、误导性陈述或重大遗漏。
管指引第 2 号——上市公司募集资金管理和使用的监管要求》、《深圳证券交易所创 业板股票上市规则》、《深圳证券交易所上市公司自律监管指引第 2 号——创业板上 市公司规范运作》等相关法律法规及公司《募集资金管理办法》的规定，宜宾市伟 能锂业科创有限公司（以下简称“伟能锂业”）、天风证券股份有限公司与交通银行股 份有限公司宜宾分行营业部签署了《募集资金三方监管协议》（以下简称“《监管协 议》”），明确了各方的权利和义务，公司严格按照监管协议的规定存放和使用募集 资金，对募集资金的使用严格实施审批和监管，保证专款专用。募集资金专户的信 息如下： 账户名称 开户银行 银行账号 用途 宜宾市伟能锂业 科创有限公司 交通银行股份有限公 司宜宾分行营业部 592592490013000071443 伟能锂业一期年产2.5 万吨 电池级氢氧化锂项目 2、结项项目募集资金专户销户情况 伟 能 锂 业 存 放 于交 通 银 行 股 份 有 限 公 司 宜 宾 分 行 营 业 部 （ 专 户 账 号 ： 592592490013000071443）的募集资金已按规定使用完毕，伟能锂业已办理完成上述 募集资金专项账户的注销手续，并将该事项及时通知保荐机构及保荐代表人，与其 对应的《监管协议》相应终止。 账户名称 开户银行 银行账号 状态 宜宾市伟能锂业科创有 限公司 交通银行股份有限公司 宜宾分行营业部 592592490013000071443 已销户 具体内容详见公司于 2023 年 9 月 13 日在巨潮资讯网（http://www.cninfo.com.cn） 披露的《关于部分募集资金专户完成销户的公告》（公告编号：2023-061）。 三、结项募投项目的实施情况 截至本公告出具日，伟能锂业一期年产 2.5 万吨电池级氢氧化锂项目已完成主 体工程验收，主要设备安装、调试已完成，整体进度符合公司项目建设安排，达到 预定可使用状态，进行结项。 敬请投资者注意投资风险。 特此公告。 苏州天华新能源科技股份有限公司董事会 2023 年 12 月 8 日",2023-12-08,巨潮资讯网,https://static.cninfo.com.cn/finalpage/2023-12-08/1218562450.PDF,accepted
CNINFO-002240-1218593292,announcement,关于增加商品期货套期保值业务品种的公告,"证券代码：002240 证券简称：盛新锂能 公告编号：2023-120 盛新锂能集团股份有限公司 关于增加商品期货套期保值业务品种的公告 本公司及董事会全体成员保证信息披露内容的真实、准确和完整，没有虚 假记载、误导性陈述或重大遗漏。 盛新锂能集团股份有限公司（以下简称“公司” ）于 2023 年 6 月 15 日召开 第八届董事会第一次会议， 审议通过了 《关于开展商品期货套期保值业务的议案》， 同意公司开展保证金金额不超过人民币 2 亿元（不含期货标的实物交割款项）的 锂盐商品期货套期保值业务。具体内容详见公司 2023 年 6 月 16 日刊登于巨潮资 讯网（www.cninfo.com.cn）的《关于开展商品期货套期保值业务的公告》 等相关 公告。 公司于 2023 年 12 月 12 日召开第八届董事会第七次会议，审议通过了《关 于增加商品期货套期保值业务品种的议案》 ，同意公司商品期货套期保值业务增 加纯碱和烧碱品种， 有效期与前次保持一致，与锂盐产品共用保证金额度，额度 在董事会的审批权限内，无需提交股东大会审议，现将有关情况公告如下： 一、本次增加商品期货套期保值业务品种的目的 公司主要从事锂电新能源材料业务， 主要产品为碳酸锂、 氢氧化锂等锂盐产 品， 生产经营过程中需要纯碱和烧碱作为重要原材料。为降低原材料价格波动给 公司带来的经营风险， 保持公司经营业绩持续、 稳定， 公司拟利用期货工具的避 险保值功能，根据生产经营计划择机开展纯碱和烧碱的商品期货套期保值业务， 有效降低原材料价格波动风险，保障主营业务稳步发展。 公司本次增加商品期货套期保值业务品种， 工具选择为与公司生产经营相关 的纯碱和烧碱品种，预计将有效控制原材料价格波动风险敞口。 二、本次增加商品期货套期保值业务品种的基本情况 1、新增品种 公司新增商品期货套期保值业务的期货品种仅限于与公司生产经营有直接 关系的纯碱和烧碱品种；
2、资金额度 公司本次增加纯碱和烧碱期货套期保值业务品种保证金 金额与原有锂盐产 品的保证金金额合计不超过人民币 2 亿元（不含期货标的实物交割款项） ，上述 额度在有效期限内可循环滚动使用； 3、资金来源 公司自有及自筹资金，不涉及募集资金； 4、业务期限 有效期与前次保持一致， 自公司第八届董事会第一次会议 审议通过之日起 12 个月内有效。如单笔交易的存续期超过了授权期限，则授权期限自动顺延至 该笔交易终止时止。 三、本次增加商品期货套期保值业务品种的审议程序 本次增加商品期货套期保值业务 品种已经公司第八届董事会第 七次会议审 议通过， 额度在董事会的审批权限内， 无需提交股东大会审议。 独立董事发表了 明确同意的独立意见，保荐机构发表了同意的核查意见。 四、本次增加商品期货套期保值业务品种的风险分析 公司增加商品期货套期保值业务品种不以投机为目的， 主要为有效降低纯碱 和烧碱市场价格波动可能对公司经营带来的影响，但同时也会存在一定的风险， 具体如下： 1、市场风险 理论上， 各交易品种在临近交割期时期货市场价格和现货市场价格将趋于回 归一致， 但在极个别的非理性市场情况下， 如市场发生系统性风险， 期货价格与 现货价格走势相背离等， 会对公司的套期保值操作方案带来影响， 甚至造成损失； 2、政策风险 如期货市场相关法规政策发生重大变化， 可能导致市场发生剧烈波动或无法 交易的风险； 3、流动性风险 期货交易采取保证金和逐日盯市制度，按照经公司审批的方案下单操作时， 如果合约活跃度较低， 导致套期保值持仓无法成交或无法在合适价位成交， 令实 际交易结果与方案设计出现较大偏差， 甚至面临因未能及时补足保证金而被强行
平仓带来的损失； 4、内部控制风险 期货交易专业性较强， 复杂程度较高， 可能会产生由于内控体系不完善造成 的风险； 5、技术风险 由于无法控制和不可预测的系统故障、 网络故障、 通讯故障等造成交易系统 非正常运行， 使交易指令出现延迟、 中断或数据错误等问题， 从而带来相应风险。 五、风险控制措施 1、公司严格执行有关法律法规， 制定 《商品期货套期保值业务管理制度》 ， 对公司开展商品期货套期保值业务的审批权限、 操作流程及风险控制等方面做出 明确的规定， 建立有效的监督检查、 风险控制和交易止损机制， 降低内部控制风 险； 2、合理设置公司期货业务组织机构，建立岗位责任制，明确各相关部门和 岗位的职责权限，严格在董事会批准的权限内办理公司商品期货套期保值业务。 同时， 加强相关人员的职业道德教育及业务培训， 提高相关人员的综合素质， 提 升相关人员的专业知识； 3、公司商品期货套期保值业务仅限于与公司经营业务相关性高的期货品种， 业务规模将与公司经营业务相匹配， 最大程度对冲价格波动风险。 在制订交易方 案的同时做好资金测算，以确保可用资金充裕；严格控制套期保值的资金规模， 合理规划和使用资金，在市场剧烈波动时做到合理止损，有效规避风险； 4、公司内部审计部门定期及不定期对套期保值交易业务进行检查，监督套 期保值交易业务人员执行风险管理制度和风险管理工作程序， 及时防范业务中的 操作风险。 六、开展商品期货套期保值业务的会计核算原则 公司根据 《企业会计准则第22 号——金融工具确认和计量》《企业会计准则 第 24 号——套期会计》《企业会计准则第 37 号——金融工具列报》《企业会计准 则第 39 号——公允价值计量》等相关规定及其指南，对商品期货套期保值业务 进行相应的核算处理，并在财务报告中正确列报。 七、独立董事意见
经审议， 我们认为：本次增加商品期货套期保值业务品种，有利于降低原材 料价格波动风险， 符合公司业务发展及日常经营需要， 有利于公司长期稳健发展， 不存在损害公司和全体股东尤其是中小股东利益的情形。综上， 我们一致同意公 司增加商品期货套期保值业务品种。 八、保荐机构核查意见 经核查，保荐机构认为：公司本次增加商品期货套期保值业务品种旨在充分 利用期货市场的套期保值功能， 降低生产经营因纯碱、 烧碱价格波动带来的经营 风险， 降低对公司正常经营的影响。 公司已建立相应内控管理制度及风险控制措 施。 上述事项已经公司第八届董事会第七次会议审议通过， 公司独立董事对上述 事项发表了明确的同意意见， 符合相关法律法规的规定并履行了必要的法律程序。 综上所述，保荐机构对公司本次增加商品期货套期保值业务品种的事项无异议。 九、备查文件 1、公司第八届董事会第七次会议决议； 2、独立董事关于第八届董事会第七次会议相关事项的独立意见； 3、中信证券股份有限公司关于盛新锂能集团股份有限公司增加商品期货套 期保值业务品种的核查意见； 4、关于增加商品期货套期保值业务品种的可行性分析报告。 特此公告。 盛新锂能集团股份有限公司 董事会 二〇二三年十二月十二日",2023-12-13,巨潮资讯网,https://static.cninfo.com.cn/finalpage/2023-12-13/1218593292.PDF,accepted
LC-TEXT-0005,news,2023-11规模以上工业增加值官方发布,"国家统计局信息公开 
 无障碍浏览 
 索 引 号 410A04-0402-202312-0008 
 信息类别 最新发布 
 发布机构 国家统计局 
 成文日期 2023年12月15日 
 文  号 
 有 效 性 有效 
 2023年11月份规模以上工业增加值增长6.6% 
 　　 11 月份，规模以上工业增加值同比实际增长 6.6% （增加值增速均为扣除价格因素的实际增长率）。从环比看， 11 月份，规模以上工业增加值比上月增长 0.87% 。 1 — 11 月份，规模以上工业增加值同比增长 4.3% 。 
 　　分三大门类看， 11 月份，采矿业增加值同比增长 3.9% ，制造业增长 6.7% ，电力、热力、燃气及水生产和供应业增长 9.9% 。 
 　　分经济类型看， 11 月份，国有控股企业增加值同比增长 7.3% ；股份制企业增长 7.2% ，外商及港澳台商投资企业增长 4.4% ；私营企业增长 5.2% 。 
 　　分行业看， 11 月份， 41 个大类行业中有 28 个行业增加值保持同比增长。其中，煤炭开采和洗选业增长 5.2% ，石油和天然气开采业增长 1.8% ，农副食品加工业下降 0.5% ，酒、饮料和精制茶制造业增长 4.8% ，纺织业增长 2.1% ，化学原料和化学制品制造业增长 9.6% ，非金属矿物制品业下降 0.6% ，黑色金属冶炼和压延加工业增长 5.1% ，有色金属冶炼和压延加工业增长 10.2% ，通用设备制造业增长 0.8% ，专用设备制造业增长 1.9% ，汽车制造业增长 20.7% ，铁路、船舶、航空航天和其他运输设备制造业增长 12.7% ，电气机械和器材制造业增长 10.2% ，计算机、通信和其他电子设备制造业增长 10.6% ，电力、热力生产和供应业增长 9.2% 。 
 　　分产品看， 11 月份， 620 种产品中有 367 种产品产量同比增长。其中，钢材 11044 万吨，同比增长 4.2% ；水泥 18979 万吨，增长 1.6% ；十种有色金属 650 万吨，增长 7.1% ；乙烯 269 万吨，增长 4.8% ；汽车 295.3 万辆，增长 23.6% ，其中新能源汽车 100.6 万辆，增长 35.6% ；发电量 7310 亿千瓦时，增长 8.4% ；原油加工量 5953 万吨，增长 0.2% 。 
 　　 11 月份，工业企业产品销售率为 97.4% ，同比上升 0.5 个百分点；工业企业实现出口交货值 12580 亿元，同比名义下降 3.0% 。 
 2023 年 11 月份规模以上工业生产主要数据 
 指标 
 11 月 
 1 — 11 月 
 绝对量 
 同比增长 
 （ % ） 
 绝对量 
 同比增长 
 （ % ） 
 规模以上工业增加值 
 … 
 6.6 
 … 
 4.3 
 分三大门类 
 　采矿业 
 … 
 3.9 
 … 
 2.1 
 　制造业 
 … 
 6.7 
 … 
 4.7 
 　　其中：高技术制造业 
 … 
 6.2 
 … 
 2.3 
 　电力、热力、燃气及水生产和供应业 
 … 
 9.9 
 … 
 3.9 
 分经济类型 
 　其中：国有控股企业 
 … 
 7.3 
 … 
 4.8 
 　其中：股份制企业 
 … 
 7.2 
 … 
 5.1 
 　　　　外商及港澳台商投资企业 
 … 
 4.4 
 … 
 0.9 
 　其中：私营企业 
 … 
 5.2 
 … 
 2.8 
 主要行业增加值 
 　煤炭开采和洗选业 
 … 
 5.2 
 … 
 2.0 
 　石油和天然气开采业 
 … 
 1.8 
 … 
 3.7 
 　农副食品加工业 
 … 
 -0.5 
 … 
 0.3 
 　食品制造业 
 … 
 3.8 
 … 
 3.1 
 　酒、饮料和精制茶制造业 
 … 
 4.8 
 … 
 0.6 
 　纺织业 
 … 
 2.1 
 … 
 -0.8 
 　化学原料和化学制品制造业 
 … 
 9.6 
 … 
 9.5 
 　医药制造业 
 … 
 -8.1 
 … 
 -6.0 
 　橡胶和塑料制品业 
 … 
 7.4 
 … 
 3.1 
 　非金属矿物制品业 
 … 
 -0.6 
 … 
 -0.6 
 　黑色金属冶炼和压延加工业 
 … 
 5.1 
 … 
 7.5 
 　有色金属冶炼和压延加工业 
 … 
 10.2 
 … 
 8.4 
 　金属制品业 
 … 
 6.0 
 … 
 2.7 
 　通用设备制造业 
 … 
 0.8 
 … 
 1.7 
 　专用设备制造业 
 … 
 1.9 
 … 
 3.6 
 　汽车制造业 
 … 
 20.7 
 … 
 12.3 
 　铁路、船舶、航空航天和其他运输设备制造业 
 … 
 12.7 
 … 
 6.9 
 　电气机械和器材制造业 
 … 
 10.2 
 … 
 13.2 
 　计算机、通信和其他电子设备制造业 
 … 
 10.6 
 … 
 2.6 
 　电力、热力生产和供应业 
 … 
 9.2 
 … 
 4.1 
 主要产品产量 
 　布（亿米） 
 28 
 -3.4 
 283 
 -3.8 
 　硫酸（折 100 ％）（万吨） 
 817 
 3.1 
 8680 
 2.8 
 　烧碱（折 100 ％）（万吨） 
 350 
 6.6 
 3727 
 3.0 
 　乙烯（万吨） 
 269 
 4.8 
 2915 
 6.4 
 　化学纤维（万吨） 
 654 
 23.2 
 6570 
 10.0 
 　水泥（万吨） 
 18979 
 1.6 
 186735 
 -0.9 
 　平板玻璃（万重量箱） 
 8186 
 3.5 
 87754 
 -6.0 
 　生铁（万吨） 
 6484 
 -4.8 
 81031 
 1.8 
 　粗钢（万吨） 
 7610 
 0.4 
 95214 
 1.5 
 　钢材（万吨） 
 11044 
 4.2 
 125282 
 5.7 
 　十种有色金属（万吨） 
 650 
 7.1 
 6796 
 7.2 
 　　其中：原铝（电解铝）（万吨） 
 354 
 4.8 
 3800 
 3.9 
 　金属切削机床（万台） 
 6 
 21.3 
 60 
 7.3 
 　工业机器人（套） 
 36352 
 -12.6 
 387605 
 -2.8 
 　汽车（万辆） 
 295.3 
 23.6 
 2666.1 
 6.8 
 　　其中：轿车（万辆） 
 102.1 
 14.7 
 945.4 
 1.5 
 　　　　　运动型多用途乘用车（ SUV ）（万辆） 
 116.0 
 17.2 
 1043.9 
 6.6 
 　　其中：新能源汽车（万辆） 
 100.6 
 35.6 
 804.9 
 27.7 
 　发电机组（发电设备）（万千瓦） 
 3016 
 57.8 
 20118 
 28.8 
 　太阳能电池（光伏电池）（万千瓦） 
 5310 
 44.5 
 49035 
 56.2 
 　微型计算机设备（万台） 
 2995 
 -2.8 
 31127 
 -19.3 
 　移动通信手持机（万台） 
 16101 
 21.6 
 140928 
 3.6 
 　　其中：智能手机（万台） 
 12127 
 25.1 
 102779 
 -2.0 
 　集成电路（亿块） 
 335 
 27.9 
 3114 
 3.7 
 　原煤（万吨） 
 41400 
 4.6 
 423877 
 2.9 
 　焦炭（万吨） 
 4037 
 7.2 
 45040 
 3.3 
 　原油（万吨） 
 1720 
 2.6 
 19125 
 1.8 
 　原油加工量（万吨） 
 5953 
 0.2 
 67622 
 10.1 
 　天然气（亿立方米） 
 199 
 5.3 
 2096 
 6.0 
 　发电量（亿千瓦时） 
 7310 
 8.4 
 80732 
 4.8 
 　　火力发电量（亿千瓦时） 
 5077 
 6.3 
 56178 
 5.7 
 　　水力发电量（亿千瓦时） 
 830 
 5.4 
 10636 
 -6.2 
 　　核能发电量（亿千瓦时） 
 365 
 -2.4 
 3952 
 4.5 
 　　风力发电量（亿千瓦时） 
 804 
 26.6 
 7252 
 12.5 
 　　太阳能发电量（亿千瓦时） 
 235 
 35.4 
 2714 
 16.8 
 　产品销售率（ % ） 
 97.4 
 0.5( 百分点 ) 
 96.9 
 -0.2( 百分点 ) 
 　出口交货值（亿元） 
 12580 
 -3.0 
 133645 
 -4.1 
 　　 点击下载： 相关数据表 
 　　附注 
 　　 1 、指标解释 
 　　工业增加值增长速度 : 即工业增长速度，是用来反映一定时期工业生产物量增减变动程度的指标。利用该指标，可以判断短期工业经济的运行走势和经济的景气程度，也是制定和调整经济政策、实施宏观调控的重要参考和依据。 
 　　产品销售率：是销售产值和工业总产值的比率，用来反映工业产品的产销衔接情况。 
 　　出口交货值：是指工业企业自营（委托）出口（包括销往香港、澳门、台湾地区）或交给外贸部门出口的产品价值，以及外商来样、来料加工、来件装配和补偿贸易等生产的产品价值。 
 　　日均产品产量：是以当月公布的规模以上工业企业总产量除以该月日历天数计算得到。 
 　　 2 、统计范围 
 　　规模以上工业的统计范围为年主营业务收入 2000 万元及以上的工业企业。 
 　　由于规模以上工业企业范围每年发生变化，为保证本年数据与上年可比，计算产品产量等各项指标同比增长速度所采用的同期数与本期的企业统计范围尽可能相一致，和上年公布的数据存在口径差异。主要原因是：（一）统计单位范围发生变化。每年有部分企业达到规模纳入调查范围，也有部分企业因规模变小退出调查范围，还有新建投产企业、破产、注（吊）销企业等影响；（二）部分企业集团（公司）产品产量数据存在跨地区重复统计现象，根据专项调查对企业集团（公司）跨地区重复产量进行了剔重。 
 　　 3 、调查方法 
 　　规模以上工业企业工业生产报表按月进行全面调查（ 1 月份数据免报）。 
 　　 4 、行业分类标准 
 　　执行国民经济行业分类标准（ GB/T 4754-2017 ）。 
 　　 5 、环比数据修订 
 　　根据季节调整模型自动修正结果，对 2022 年 11 月至 2023 年 10 月份规模以上工业增加值环比增速进行修订。修订结果及 2023 年 11 月份环比数据如下： 
 年份 
 月份 
 环比增速（ % ） 
 2022 年 
 11 月 
 -0.24 
 12 月 
 0.37 
 2023 年 
 1 月 
 0.55 
 2 月 
 0.36 
 3 月 
 0.64 
 4 月 
 -0.18 
 5 月 
 0.77 
 6 月 
 0.76 
 7 月 
 0.13 
 8 月 
 0.61 
 9 月 
 0.36 
 10 月 
 0.39 
 11 月 
 0.87",2023-12-15,国家统计局,https://www.stats.gov.cn/xxgk/sjfb/zxfb2020/202312/t20231215_1945587.html,accepted
CNINFO-002240-1218645646,announcement,关于对四川盛屯置业有限公司增资并与关联方形成共同投资暨关联交易的公告,"证券代码：002240 证券简称：盛新锂能 公告编号：2023-124 盛新锂能集团股份有限公司 关于对四川盛屯置业有限公司增资并与关联方形成 共同投资暨关联交易的公告 本公司及董事会全体成员保证信息披露内容的真实、准确和完整，没有虚 假记载、误导性陈述或重大遗漏。 盛新锂能集团股份有限公司（ 以下简称“盛新锂能”或 “公司”）于 2023 年 12 月 16 日召开第八届董事会第八次会议， 审议通过了 《关于对四川盛屯置业 有限公司增资并与关联方形成共同投资暨关联交易的议案》。具体情况如下： 一、关联交易概述 1、四川省锂资源储量丰富，新能源材料产业链聚集。公司已于2021年12月 将注册地迁至四川省成都市，目前在国内的主要生产经营业务 亦集中在四川省 内。随着公司经营规模的持续扩大， 公司在成都地区的经营办公场地需求逐渐增 加。 为满足公司经营和未来发展需要， 提高运营效率， 提升对优秀人才的吸引力， 公司拟在成都新建办公用楼。 2、公司控股股东深圳盛屯集团有限公司（以下简称 “盛屯集团”）的全资子 公司四川盛屯置业有限公司 （以下简称“ 盛屯置业 ”）分别于2021年9月和2023 年7月与成都市双流区规划和自然资源局签署《国有建设用地使用权出让合同》 ， 合计取得位于四川省成都市双流区东升街道清泰社区的土地使用权面积合计 2.4 万平米，其计划利用该土地建设经营办公用房。 鉴于盛屯置业所购地块交通便利， 区位优越且购地成本较低；并综合考虑项 目管理和税收等因素， 拟采用如下交易方式：公司对盛屯置业进行增资，增资完 成后公司和盛屯集团各持有盛屯置业50%股权。盛屯置业将利用上述土地建设经 营办公用房， 待建成后双方按持股比例分配房产。 参考盛屯置业的历史实际投入 和未来建设计划，本次增资金额初定为人民币2亿元，公司后续将聘请第三方评 估机构对盛屯置业全部权益价值进行评估，若评估价值低于2亿元，则本次增资 金额将以评估价值为准；若评估价值高于2亿元，则本次增资金额将定为2亿元。
3、盛屯置业为公司控股股东盛屯集团的全资子公司，根据《深圳证券交易 所股票上市规则》 等相关规定，盛屯集团及其子公司盛屯置业为公司关联方，公 司本次对盛屯置业进行增资， 并形成与盛屯集团共同对盛屯置业投资事项构成关 联交易。 4、2023年12月16日，公司召开第八届董事会第八次会议以8票同意、 关联董 事姚婧女士回避表决、0票反对、0票弃权的表决结果审议通过了 《关于对四川盛 屯置业有限公司增资并与关联方形成共同投资暨关联交易的议案》。公司独立董 事召开专门会议对本议案进行了事前审核，全体独立董事一致同意将该议案提交 董事会审议，并发表意见如下：公司对四川盛屯置业有限公司进行增资， 系满足 公司未来经营办公用房需求进行的投资， 且有利于降低建房成本， 符合公司实际 情况和发展规划。公司拟参照第三方机构出具的评估值及固定金额人民币2亿元 孰低确定增资价格， 交易定价公允、 合理， 不存在损害公司及其股东特别是中小 股东利益的情形。 公司保荐机构中信证券股份有限公司对本次关联交易事项发表了核查意见。 根据《深圳证券交易所股票上市规则》 及 《公司章程》 等相关规定， 本次交易事 项在公司董事会权限范围内，无需提交公司股东大会审议。 5、本次关联交易不构成《上市公司重大资产重组管理办法》规定的重大资 产重组，亦不构成重组上市。本次关联交易不需要经过有关部门批准。 二、关联 交易各方基本情况 （一） 盛屯集团基本情况 1、基本情况 公司名称：深圳盛屯集团有限公司 统一社会信用代码：91440300279405311Y 企业类型：有限责任公司（法人独资） 住所：深圳市罗湖区东门街道深南东路2028号罗湖商务中心3510--3511单元 成立日期：1993年10月19日 出资总额：270,000万元人民币 法定代表人：陈东 经营范围：一般经营项目是：工业、矿业项目投资（具体项目另行申报）；
投资管理、 投资咨询、 企业管理咨询 （以上均不含人才中介、 证券、 保险、 基金、 金融业务及其它限制项目）；经营进出口业务（法律、行政法规、国务院决定禁 止的项目除外，限制的项目须取得许可后方可经营）。 股权结构：深圳市盛屯实业发展有限公司 持有其100%股权，盛屯集团的实 际控制人为姚雄杰先生。 2、主要业务及主要财务数据 盛屯集团主要资产为其控股的上市公司盛屯矿业 （股票代码：600711） 和盛 新锂能（股票代码：002240）。 盛屯集团最近一年又一期的主要财务数据如下： 单位：万元 项目 2023 年 9 月 30 日（未经审计） 2022 年 12 月 31 日（经审计） 资产总额 6,963,230.27 5,970,714.49 负债总额 3,743,300.56 2,894,641.91 净资产 3,219,929.71 3,076,072.59 项目 2023 年 1-9 月（未经审计） 2022 年（经审计） 营业收入 3,338,320.59 4,172,388.74 营业利润 175,289.81 718,748.64 净利润 155,487.00 614,617.92 注：上表中数值若出现总数与各分项数值之和尾数不符，均为四舍五入原因所致。 3、盛屯集团为公司控股股东，根据《深圳证券交易所股票上市规则》等相 关规定，盛屯集团为公司关联方。 4、经查询，截至本公告披露日，盛屯集团不是失信被执行人。 （二） 盛屯置业基本情况 1、基本情况 公司名称：四川盛屯置业有限公司 统一社会信用代码：91510116MA62WYXB79 企业类型：有限责任公司（非自然人投资或控股的法人独资） 住所：四川省成都市双流区东升街道迎春桥社区成双大道 成立日期：2020 年 10 月 21 日 出资总额：20,000 万元人民币 法定代表人：张建
经营范围：房地产开发经营； 酒店管理； 物业管理； 停车场管理； 房地产营 销策划及信息咨询服务； 建筑装饰装修工程设计及施工； 建筑工程施工； 园林绿 化工程； 企业经营管理策划与咨询服务； 组织策划文化艺术交流活动； 会议及展 览展示服务。 （依法须经批准的项目，经相关部门批准后方可开展经营活动） 股权结构：本次增资前，盛屯集团持有其100%股权，盛屯置业的实际控制 人为姚雄杰先生。 2、主要业务及主要财务数据 盛屯置业于2020年10月21日成立， 为公司控股股东盛屯集团在四川省成都市 建设自用房产的实施主体，截至目前尚未有实质经营活动。 盛屯置业最近一年又一期的主要财务数据如下： 单位：万元 项目 2023 年 9 月 30 日（未经审计） 2022 年 12 月 31 日（经审计） 资产总额 19,449.55 14,548.20 负债总额 13.62 17.79 净资产 19,435.93 14,530.41 项目 2023 年 1-9 月（未经审计） 2022 年（经审计） 营业收入 0 0 营业利润 -95.38 -167.14 净利润 -94.48 -167.14 注： 盛屯置业截至目前尚未有实质经营活动， 利润为负主要系自用房产建设的筹备阶段 少量费用支出所致。 3、盛屯置业为公司控股股东盛屯集团的全资子公司，根据《深圳证券交易 所股票上市规则》等相关规定，盛屯置业为公司关联方。 4、经查询，截至本公告披露日，盛屯置业不是失信被执行人。 三、关联交易的主要内容及定价依据 盛屯置业分别于2021年9月和2023年7月与成都市双流区规划和自然资源局 签署《国有建设用地使用权出让合同》 ，合计取得位于四川省成都市双流区东升 街道清泰社区的土地使用权面积合计2.4万平米，出让价款合计8,119.49万元（不 含税费），土地用途为商服用地，土地使用权出让年期为40年。 在本次交易前，盛屯置业注册资本2亿元，由盛屯集团全额认缴。公司拟向 盛屯置业增资，增资金额初步定为人民币2亿元，公司后续将聘请第三方评估机
构对盛屯置业全部权益价值进行评估，若评估价值低于2亿元，则本次增资金额 将以评估价值为准； 若评估价值高于2亿元， 则本次增资金额将定为2亿元。 增资 完成后， 公司和公司控股股东盛屯集团各持有盛屯置业50%股权。 盛屯置业将利 用上述土地建设经营办公用房，待建成后公司与盛屯集团将按持股比例分配房 产。 本次增资暨关联交易遵循公开、 公平、 公正的原则， 均以现金方式出资，并 拟参照第三方机构出具的评估值及固定金额人民币2亿元孰低确定增资价格，交 易价格公允、合理，不存在损害公司及全体股东利益的情形。 四、涉及关联交易的其他安排 本次交易完成后， 如后续产生关联交易， 将严格按照 《深圳证券交易所股票 上市规则》 等相关规定， 履行相应的审议程序及披露义务； 本次交易不会与关联 人产生同业竞争； 本次交易的资金来源均为自有资金，本次交易不会形成非经营 性资金占用。 除本公告披露内容外，本次关联交易暂不存在其他安排。 五、 交易目的和对上市公司的影响 公司本次对盛屯置业进行增资， 系满足公司未来经营办公用房需求进行的投 资， 符合公司实际情况和发展规划，有利于提升员工归属感， 增强公司对于优秀 人才的吸引力。且盛屯置业购地成本较低， 公司通过该种方式建设经营办公用房 有利于降低成本。本次关联交易经双方友好协商确定， 遵循了平等、 自愿、 公平 和诚信的原则， 不存在损害公司其他股东利益的情形，对公司的财务状况及经营 成果不构成重大影响。 六、与该关联人累计已发生的各类关联交易的总金额 2023年1-11月，公司全资子公司四川致远锂业有限公司向盛屯集团控股子公 司四川安迅储能科技有限公司采购产品金额为57.97万元（含税）、公司全资子公 司遂宁盛新锂业有限公司（或其指定主体）与盛屯集团控股子公司贵州华金矿业 有限公司发生锂矿石委托加工的日常关联交易金额2,870.71万元（含税）（该日常 关联交易公司已履行董事会和股东大会审议程序），除上述关联交易事项外，公 司与盛屯置业、盛屯集团（包含受同一主体控制或相互存在控制关系的其他关联 人）未发生其他关联交易。 七、保荐机构核查意见
经核查， 保荐机构认为：公司对四川盛屯置业有限公司增资并与关联方形成 共同投资暨关联交易的事项已经公司第八届董事会第八次会议审议通过， 公司独 立董事对上述事项发表了明确的同意意见， 符合相关法律法规的规定并履行了必 要的法律程序。 相关程序符合 《证券发行上市保荐业务管理办法》 《深圳证券交 易所股票上市规则（2023年8月修订）》《深圳证券交易所上市公司自律监管指 引第1号——主板上市公司规范运作》等法律、法规及规范性文件的要求和《公 司章程》的规定。 八、备查文件 1、公司第八届董事会第八次会议决议； 2、中信证券股份有限公司关于盛新锂能集团股份有限公司对四川盛屯置业 有限公司增资并与关联方形成共同投资暨关联交易的核查意见； 3、盛屯置业与成都市双流区规划和自然资源局签署的《国有建设用地使用 权出让合同》。 特此公告。 盛新锂能集团股份有限公司 董事会 二○二三年十二月十七日",2023-12-18,巨潮资讯网,https://static.cninfo.com.cn/finalpage/2023-12-18/1218645646.PDF,accepted
CNINFO-000762-1218653636,announcement,关于签订合作协议的进展公告,"股票代码：000762 股票简称： 西藏矿业 编号：临 2023-028 西藏矿业发展股份有限公司 关于签订合作协议的进展公告 本公司及董事会全体成员保证信息披露的内容真实、准确、完整，没有虚假记载、误导性陈述或重大 遗漏。 一、合作协议的概述 西藏矿业发展股份有限公司（以下简称“公司”）控股 子公司 西藏日喀则扎布耶锂业高科技有限公司 （以下简称 “西藏扎布 耶”）为实现绿色、高效的盐湖综合利用开发， 增强技术研发实力，与倍杰特集团股份有限公司（以下简称 “倍杰特”）于2023 年 6 月 19 日签订了《技术及新产品研 发合作协议书》，详见公司于 2023 年 6 月 20 日披露的《关 于控股子公司西藏日喀则扎布耶锂业高科技有限公司签订 合作协议的公告》。 为进一步推进协议的履行，2023 年 6 月 26 日， 公司与日喀则市仲巴县人民政府和倍杰特全资子公司 西藏京润新材料有限公司签订《日喀则市招商引资项目投资 协议书》，详见公司于 2023 年 6 月 27 日披露的《关于签订 合作协议的公告》。 二、进展情况 公司今日收到关于 西藏盐湖综合利用研发基地 建设进 展的通知。该项目于 2023 年 6 月 26 日开工建设，采用高性 能膜+吸附+电化学+结晶耦合工艺，形成高效率、低成本、 连续化、稳定的碳酸型盐湖卤水综合利用工艺，旨在保护生 态环境的基础上，提高盐湖资源（包括锂、钾、铷、铯等稀 有元素） 的综合利用效率， 以及盐湖提锂的智慧化运维应用。 项目于 2023 年 12 月 17 日完成提锂路线基础建设、设备安
装以及全系统流程调试，稳定产出碳酸锂，后续将根据本项 目研发计划对盐湖综合利用其他相关工艺路线进一步验证 和优化。 公司将根据相关规定，及时披露本事项的进展情况，敬 请广大投资者注意投资风险。 特此公告。 西藏矿业发展股份有限公司 董 事 会 2023 年12 月 18 日",2023-12-19,巨潮资讯网,https://static.cninfo.com.cn/finalpage/2023-12-19/1218653636.PDF,accepted
GFEX-WR-20231222,announcement,广期所碳酸锂仓单日报：仓单增加970手,广州期货交易所2023-12-22仓单日报显示，碳酸锂仓单总量为3550手，增加970手。,2023-12-22,广州期货交易所,https://www.gfex.com.cn/gfex/cdrb/hqsj_tjsj.shtml,accepted
CNINFO-002466-1218706313,announcement,关于遂宁安居区年产2万吨碳酸锂工厂项目进展情况的公告,"1 股票代码：002466 股票简称：天齐锂业 公告编号：2023-061 天齐锂业股份有限公司关于 “遂宁安居区年产 2 万吨碳酸锂工厂项目”进展情况的公告 本公司及董事会全体成员保证信息披露的内容真实、准确、 完整，没有虚假记载、误导性陈述或重大遗漏。 一、项目概述 2017 年 12 月 4 日，天齐锂业股份有限公司 （以下简称 “公司” ）第四届董事会第十 一次会议审议通过了《关于签署〈投资协议书〉的议案》并与遂宁市安居区人民政府签 署《投资协议书》 ，双方就公司在遂宁市安居区化工产业园区“新建年产2 万吨碳酸锂 工厂”项目 （以下简称 “安居项目” ） 达成合作共识， 项目计划总投资约15 亿元人民币。 2018 年 9 月 7 日， 公司召开第四届董事会第二十二次会议审议通过了 《关于建设 “天齐 锂业遂宁安居区年产 2 万吨碳酸锂工厂项目”的议案》 ，同意公司在遂宁安居区启动年 产 2 万吨电池级碳酸锂工厂的建设工作。具体内容详见公司分别于 2017 年 12 月 5 日、 2018 年 9 月 8 日刊载在指定信息披露媒体及巨潮资讯网（http://www.cninfo.com.cn）的 《关于与遂宁市安居区人民政府签署 <投资协议书>的公告》 （公告编号：2017-106）和 《关于建设“天齐锂业遂宁安居区年产 2 万吨碳酸锂工厂项目”的公告》 （公告编号： 2018-096）。 截至 2023 年 10 月 26 日，该建设项目已竣工，并进入带料试车阶段。具体内容详 见公司于 2023 年 10 月 27 日披露于巨潮资讯网 （http://www.cninfo.com.cn）的《2023 年 第三季度报告》。 二、项目进展情况 安居项目经过反复调试和优化， 首袋电池级碳酸锂产品通过公司内部实验室取样检 查，并于 2023 年 12 月 21 日确认所有参数达到电池级碳酸锂标准。后续，公司将持续 调试和优化安居项目，以实现产品的连续稳定生产。 三、对公司的影响及风险提示 （一）对公司的影响 该项目成功生产出首袋电池级碳酸锂产品， 为工厂后续连续量产奠定基础； 待实现
2 产品的连续稳定生产后，产品将提供给不同客户进行品质认证；待客户认证通过后，将 逐步实现产能提升以达到设计产能。该项目的投产将进一步扩大公司的锂盐加工产能， 增强公司盈利能力和利润增长的稳定性。 同时， 本次安居项目生产出首袋电池级碳酸锂产品不会对公司当期财务状况和经营 成果造成重大影响。 （二）风险提示 1、市场风险 受多种因素 （包括但不限于产品供求关系、 全球经济增长、 生产成本、 劳动力成本、 技术发展）变化影响，锂产品价格呈现波动性。该等因素导致锂产品价格下跌可能对该 项目的经济性产生不利影响。 另一方面， 如果锂产品价格大幅或持续大幅上升， 则可能导致客户寻求其他更实惠 的产品替代锂产品， 从而导致市场对该项目生产的锂产品的需求减少， 进而影响项目收 益。 2、产品实现连续稳定生产、 第三方实验室、客户认证、商业化生产及达产时间不 达预期的风险 公司将持续调试和优化安居项目， 以实现产品的连续稳定生产； 待产品实现连续稳 定生产，产品尚需送往第三方实验室进行检测，尚需取得下游客户认证通过，保持工厂 稳定、连续和可靠运营后方能实现商业化生产；项目正式商业化生产后，达产之前还需 要按照逐步提高负荷率进行产能爬坡； 在产能爬坡过程中， 如出现对质量和产量有影响 的问题，还需要进行局部工艺优化和技术改造，以逐步达到设计产能。如上述各步骤的 实现时间不达预期，将延缓项目收益的实现，并对公司业绩产生不利影响。 特此公告。 天齐锂业股份有限公司董事会 二〇二三年十二月二十三日",2023-12-23,巨潮资讯网,https://static.cninfo.com.cn/finalpage/2023-12-23/1218706313.PDF,accepted
GFEX-WR-20231229,announcement,广期所碳酸锂仓单日报：仓单增加820手,广州期货交易所2023-12-29仓单日报显示，碳酸锂仓单总量为7530手，增加820手。,2023-12-29,广州期货交易所,https://www.gfex.com.cn/gfex/cdrb/hqsj_tjsj.shtml,accepted
CNINFO-002594-1218785061,announcement,2023年12月产销快报,"证券代码：002594 证券简称：比亚迪 公告编号：2024-001 比亚迪股份有限公司 2023年12月产销快报 本公司及董事会全体成员保证信息披露的内容真实、准确、完整，没有虚假记载、误导性陈述或重大遗漏。 比亚迪股份有限公司(以下简称“本公司”)2023年12月产销快报数据如下： 单位：辆 产量 销量 项目类别 本月 去年同期 本年累计 去年累计 累计同比 本月 去年同期 本年累计 去年累计 累计同比 新能源汽车 308,972 235,215 3,045,231 1,877,034 62.24% 341,043 235,197 3,024,417 1,863,494 62.30% -乘用车 308,107 234,616 3,033,662 1,870,919 62.15% 340,178 234,598 3,012,906 1,857,379 62.21% -纯电动 176,373 109,577 1,589,571 917,118 73.32% 190,754 111,939 1,574,822 911,140 72.84% -插电式混合动力 131,734 125,039 1,444,091 953,801 51.40% 149,424 122,659 1,438,084 946,239 51.98% -商用车 865 599 11,569 6,115 89.19% 865 599 11,511 6,115 88.24% -客车 805 335 4,705 4,870 -3.39% 805 335 4,705 4,870 -3.39% -其他 60 264 6,864 1,245 451.33% 60 264 6,806 1,245 446.67% 燃油汽车 0 0 0 4,635 -100.00% 0 0 0 5,049 -100.00% -轿车 0 0 0 1,458 -100.00% 0 0 0 1,544 -100.00% -SUV 0 0 0 3,177 -100.00% 0 0 0 3,505 -100.00% -MPV 0 0 0 0 0.00% 0 0 0 0 0.00% 合计 308,972 235,215 3,045,231 1,881,669 61.84% 341,043 235,197 3,024,417 1,868,543 61.86%
注：本公司 2023 年 12 月海外销售新能源乘用车合计 36,095 辆； 本公司2023 年 12 月新能源汽车动力电池及储能电池装机总量约为 17.746GWh，2023 年累计装机总量约为 150.909GWh。 务请注意，上述销量数字未经审核，亦未经本公司审计师确认，或会予以调整并有待最终确认。本公司刊发财务业绩后，股东及潜在 投资者务必详阅。 特此公告。 比亚迪股份有限公司董事会 2024 年 1 月 1 日",2024-01-02,巨潮资讯网,https://static.cninfo.com.cn/finalpage/2024-01-02/1218785061.PDF,accepted
GFEX-WR-20240105,announcement,广期所碳酸锂仓单日报：仓单增加1022手,广州期货交易所2024-01-05仓单日报显示，碳酸锂仓单总量为10740手，增加1022手。,2024-01-05,广州期货交易所,https://www.gfex.com.cn/gfex/cdrb/hqsj_tjsj.shtml,accepted
CNINFO-002497-1218858098,announcement,关于申请广州期货交易所碳酸锂指定交割厂库的公告,证券代码：002497 证券简称：雅化集团 公告编号：2024-04 四川雅化实业集团股份有限公司 关于申请广州期货交易所碳酸锂指定交割厂库 的公告 本公司及董事会全体成员保证信息披露 的内容真实、准确、 完整，没有虚 假记载、误导性陈述或重大遗漏。 四川雅化实业集团股份有限公司（以下简称“公司” ）于2024年1月11日召 开第五届董事会第三十三次会议， 审议通过了 《关于申请广州期货交易所碳酸锂 指定交割厂库的议案》 ，同意公司向广州期货交易所申请碳酸锂指定交割厂库的 资质，授权公司经营管理层向广期所提交申请材料，并具体办理相关事宜。 公司本次申请广州期货交易所碳酸锂指定交割厂库 有利于公司将现货市场、 期货市场、 交割厂库三者有机结合， 进一步增强公司的抗风险能力和市场竞争力， 将对公司未来拓展业务渠道和提高盈利水平产生积极作用。 本次申请广州期货交易所碳酸锂指定交割厂库事宜尚存在不确定性，最终 以广州期货交易所审核通过为准。 公司将持续关注本次申请事宜进展， 并及时履 行信息披露义务。敬请广大投资者注意投资风险。 特此公告。 四川雅化实业集团股份有限公司董事会 2024 年 1 月 11 日,2024-01-12,巨潮资讯网,https://static.cninfo.com.cn/finalpage/2024-01-12/1218858098.PDF,accepted
GFEX-WR-20240112,announcement,广期所碳酸锂仓单日报：仓单增加1650手,广州期货交易所2024-01-12仓单日报显示，碳酸锂仓单总量为13238手，增加1650手。,2024-01-12,广州期货交易所,https://www.gfex.com.cn/gfex/cdrb/hqsj_tjsj.shtml,accepted
CNINFO-002460-1218933296,announcement,关于收购Mali Lithium公司部分股权涉及矿业权投资的公告,"证券代码： 002460 证券简称：赣锋锂业 编号：临 2024-003 江西赣锋锂业集团股份有限公司 关于收购 Mali Lithium公司 部分 股权涉及矿业权投资的公告 本公司及其董事会全体成员保证公告内容真实、 准确和完整， 没 有虚假记载、误导性陈述或重大遗漏。 特别提示： 1、本次交易标的为 Mali Lithium B.V .（以下简称“Mali Lithium”） 不超过 5%股权。本次交易不构成关联交易，亦不构成《上市公司重 大资产重组管理办法》 规定的重大资产重组， 本次交易无需提交公司 股东大会审议。 2、本次交易需经各方有权机构批准，尚需取得国家相关主管部 门核准备案，存在不能获批的风险。 3、受国际政治、经济环境、产业政策、市场环境等方面的影响， 本次投资收益也存在一定的不确定性。 一、交易概述 1、公司于 2024 年 1 月 15 日召开的第五届董事会第 七十二次会 议审议通过了 《关于收购 Mali Lithium 公司部分股权涉及矿业权投资 的议案》 ， 同意全资子公司赣锋国际有限公司 （以下简称 “赣锋国际” ） 拟以自有资金不超过 6,500 万美元向 Leo Lithium Limited （以下简称 “Leo Lithium ”）收购旗下 Mali Lithium 公司不超过 5%股权。授权 公司经营层全权办理本次交易的相关事宜。 2、公司于 2023年9月6日召开的第五届董事会第六十 八次会议审 议通过了 《关于增持Mali Lithium B.V.股权涉及矿业权投资的议案 》， 同意公司或子公司与 Leo Lithium 签署《关于 Goulamina项目的合作协
议》，由公司全资子公司赣锋国际以认购新股的方式对 Mali Lithium 增资不超过 1.38亿美元，用于 Goulamina项目后续的项目建设和资本 支出，增资完成后，赣锋国际将持有 Mali Lithium 55% 股权，从而间 接持有Goulamina项目55%权益（临2023-100）， 上述增资事项尚在办 理交割。 上述增资事项和本次交易完成后，公司将持有 Mali Lithium 不超 过60%股权，间接持有 Goulamina项目不超过60%权益。 3、本次交易不构成关联交易，亦不构成《上市公司重大资产重 组管理办法》 规定的重大资产重组， 本次交易无需提交公司股东大会 审议。 二、交易 对方的基本情况 Leo Lithium 是一家成立于 2022 年在澳大利亚证券交易所及法兰 克福证券交易所上市的公司， 澳大利亚证券交易所代码为 LLL， 法兰 克福证券交易所 WX0； 注册地址为Level 2/16 Ventnor Avenue, WEST PERTH, WA, AUSTRALIA, 6005 ； 主营业务为马里锂矿资源勘探及开 发。其旗下的主要资产为位于马里的锂辉石 Goulamina 项目； 截至本 公告披露日，Leo Lithium 的已发行股本为 1,198,176,519 股，FireFinch Limited 为第一大的股东，持有 Leo Lithium17.61%的股权。 Leo Lithium 最近一年又一期的财务数据如下： 单位：澳元 指 标 2022 年 12 月 31 日 （经审计） 2023 年 6 月 30 日 （未经审计） 资产总额 184,765,000 187,328,000 负债总额 1,594,000 3,649,000
净资产 183,171,000 183,679,000 指 标 2022 年 12 月 31 日 （经审计） 2023 年 6 月 30 日 （未经审计） 营业收入 - - 净利润 66,278,000 -3,872,000 备注： 1 澳元=4.71 元人民币 截至 2023 年 6 月 30 日，Leo Lithium 的资产负债率为 1.95%。 Leo Lithium 与公司及公司前十名股东不存在可能造成利益倾斜 的关系 ，不是失信被执行人。 三、交易标的的基本情况 Mali Lithium 是由 Leo Lithium 和赣锋国际共同出资在荷兰注册 成立，RSIN:863017149,注册地址为 Amstelveenseweg 760，1081JK 阿 姆斯特丹，注册时间为 2022 年 3 月，注册资本为 1,000 美元。主营 业务是矿产资源投资与贸易。 截至本公告披露日， Mali Lithium 的股权结构如下： 注：根据马里矿业相关法律， 马里政府将可能获得Lithium du Mali SA公司层面部分股份， 截止目前马里政府尚未在 Lithium du Mali SA层面持股 。 Mali Lithium 最近一年又一期的财务数据如下：
单位： 美元 指 标 2022 年 12 月 31 日 （经审计） 2023 年 6 月 30 日 （未经审计） 资产总额 154,719,139 174,546,000 负债总额 11,359,181 31,338,000 净资产 143,359,958 143,208,000 指 标 2022 年 12 月 31 日 （经审计） 2023 年 6 月 30 日 （未经审计） 营业收入 - - 净利润 -472,935 -152,000 截至 2023 年 6 月 30 日，Mali Lithium 的资产负债率为 17.95%。 Mali Lithium 不是失信被执行人。 Mali Lithium 现有章程 不存在 适用的法律法规要求之外其他限制股东权利的条款。 四、所涉矿业权情况 1、Goulamina 锂辉石项目采矿权基本情况 Goulamina 拥有位于马里南部地区的锂辉石矿项目，目前持有 1 个采矿许可证： 采矿权许可证 Torakoro Exploitation Permit PE19/25 采矿权人 Lithium du Mali SA 地理位置 非洲马里南部地区 开采矿种 锂辉石矿 矿区面积 100 平方公里
取得日 2019 年 8 月 23 日 有效期 30 年 2、矿业权最近三年权属变更的方式、时间和审批部门 该矿业权于 2022 年 3 月 24 日由 Firefinch 转让至 Lithium du Mali SA（以下简称 “LMSA”），本次矿权转让由马里矿业部审批 。 3、锂辉石矿主要产品及其用途、产品销售方式 该矿主要产品为锂辉石，主要作为基础锂盐产品（工业级 /电池 级碳酸锂、工业级 /电池级氯化锂、工业级 /电池级氢氧化锂等）的原 材料， 通过直接或间接地为生产基础锂盐产品的企业供应原材料而完 成产品的销售。 4、矿产资源储量情况 根据 Leo Lithium 公布的根据 JORC 标准估算的 Goulamina 锂辉 石矿的探明资源量、控制资源量和推断资源量情况 如下： 矿石量（百万吨） 氧化锂（百万吨） 平均品位(%) 探明资源量 13.1 0.21 1.59 控制资源量 89.2 1.28 1.43 推断资源量 108.6 1.41 1.30 总资源量 211.0 2.89 1.37 注：资源量估计中采用的氧化锂边界品位（cut-off grade）为 0.5% 5、本次交易涉及的矿业权各项费用缴纳情况 LMSA 已经根据相关法律法规缴纳和结清了采矿权使用费和资 源税等费用。 6、拟受让的矿业权权属转移需履行的程序 本次交易标的为 Mali Lithium 的部分股权， 矿业权仍在LMSA 名 下，不涉及矿业权权属转移。
五、协议主要条款 买方：赣锋国际 卖方： Leo Lithium 1、 本次交易以总对价不超过 6,500 万美元 收购 Mali Lithium 不超 过 5%股权，收购总对价包含标的股份全部股权价值，无任何产权负 担； 2、卖方须于协议约定的交割日将 其持有的标的股份以及所属权 益出售给买方。 买方应支付给卖家的收购价款须通过清算资金的直接 存款支付至卖家的银行账户。 六、本次交易的合规性和生效条件 1、公司于 2024 年 1 月 15 日召开的第五届董事会第七十二次会 议以 10 票赞成、0 票反对、0 票弃权审议通过了本次交易事项，并授 权公司经营层全权办理本次交易的相关事宜。 2、赣锋国际收购 Mali Lithium 公司部分股权，不涉及矿业权权 属转移， 因此， 本次交易事宜并不涉及公司需要具备矿业权开发利用 资质条件， 不涉及特定矿种资质及行业准入问题， 且不涉及履行权属 转移程序等问题 。 3、本次交易事项尚需取得国家相关主管部门的境外投资备案或 核准。 七、本次交易的目的、对公司的影响及存在的风险 1、本次交易目的 本次交易有利于推动 Goulamina 锂辉石矿项目开发建设， 进一步 保障公司锂资源的需求， 有利于公司业务拓展， 提高核心竞争力， 符 合公司上下游一体化和新能源汽车产业发展战略。 2、本次交易对公司的影响
本次交易会使公司现金流产生一定的净流出， 但不会对公司正常 的运营资金产生明显的影响。 本次交易对公司未来的财务状况和经营 成果有积极影响。 3、本次交易存在的风险 （1）本次交易需经各方有权机构批准，尚需取得国家相关主管 部门核准备案，存在不能获批的风险。 （2）虽然有专业机构对 Goulamina 锂辉石矿项目的资源储量进 行了评估， 但该资源量数据仍有可能存在总资源量、 储量与实际总资 源量、储量、 实际可采储量不一致的风险，且矿产开采需要进行一系 列的固定资产投资和技术投入， 同时受Goulamina 锂辉石矿项目所处 环境的自然条件约束，可能会存在不能达到预期采矿规模的风险。 （3）受国际政治、经济环境、产业政策、市场环境等方面的影 响，本次投资收益也存在一定的不确定性。 八、董事会意 见 公司董事会认为： 本次赣锋国际收购 Mali Lithium 公司不超过 5% 股权是为了帮助推动 Goulamina 锂辉石矿项目的开发建设， 保障公司 锂资源的需求， 有利于公司业务拓展，提高核心竞争力，符合公司上 下游一体化和新能源汽车产业发展战略。 不存在损害公司和全体股东 特别是中小股东利益的情形，决策程序合法、有效。 九、备查文件 1、第五届董事会第七十二次会议决议； 2、股权收购协议。 特此公告。
江西赣锋锂业集团股份有限公司 董事会 2024 年 1 月 18 日",2024-01-18,巨潮资讯网,https://static.cninfo.com.cn/finalpage/2024-01-18/1218933296.PDF,accepted
CNINFO-002460-1218944991,announcement,关于与韩国现代汽车签订合作协议的公告,"证券代码： 002460 证券简称：赣锋锂业 编号：临 2024-004 江西赣锋锂业 集团股份有限公司 关于与韩国现代汽车签订长期供货协议 的公告 特别提示： 1、本合同各方均具备履约能力，但在合同履行过程中，如遇政 策、 市场环境等不可预计或不可抗力因素的影响， 将可能会导致合同 无法正常履行的风险。 2、本合同履行期限为 2024 年 1 月 1 日至 2027 年 12 月 31 日， 预计在合同履行期限内 对公司的经营业绩有积极影响。 一、合同签署概況 近日，江西赣锋锂业集团股份有限公司（以下简称“公司”）与 韩国 Hyundai Motor Company （以下简称“现代汽车”）签署了《长 期供货协议》（（以下简称“本合同”），约定由公司及其子公司向 现代汽车供应电池级氢氧化锂产品， 各年度供应数量按照协议约定执 行，实际采购数量及销售金额以最终采购订单为准。 根据《深圳证券交易所股票上市规则》及《公司章程》等相关规 定， 本次交易不构成关联交易，亦不构成重大资产重组 ，无需提交董 事会及股东大会审议 。 二、交易对方的基本信息 现代汽车成立于 1967年 12 月 29 日， 办公地址为12，Heolleung-ro, Seocho-gu, Seoul, Republic of Korea 。现代汽车的主营业务为制造 /批 本公司及董事会全体成员保证公告内容的真实、准确和完整， 没有虚假记载、误导性陈述或重大遗漏。
发 和 零 售 贸 易 。 截 至 本 公 告 披 露 日 ， 现 代 汽 车 已 发 行 股 本 为 274,169,670 股， 现代摩比斯 （Hyundai Mobis)为其最大股东， 持有现 代汽车 21.64%的股权。 2021 年至 2023 年，公司未与现代汽车发生交易 。现代汽车与公 司及公司实际控制人、董事、监事、高级管理人员不存在关联关系。 现代汽车为全球知名汽车制造商， 经营状况与信用状况良好， 具 备本次合同的履约能力。 三、合同的主要内容 1、合同的主要内容：由公司及其子公司向现代汽车供应电池级 氢氧化锂产品， 各年度供应数量按照协议约定执行，实际采购数量及 销售金额以最终采购订单为准 ； 2、产品销售价格：根据协议约定的定价公式进行计算确定； 3、合同生效时间及履行期限： 2024 年 1 月 1 日至 2027 年 12 月 31 日。 四、对公司的影响 本合同为公司与现代汽车本着互利共赢的态度， 在充分考虑现阶 段锂市场情况后达成的合作。 公司本次与现代汽车签署长期供货协 议， 既满足了现代汽车对电池生产的关键原材料锂的需求， 又有利于 提升公司的持续盈利能力，促进公司长远发展。 本合同的签署预计 在合同履行期限内 对公司的 经营业绩 有积极 影响。 本合同的履行对公司业务的独立性无影响。 公司与交易对方不存 在任何关联关系。 五、风险提示 本合同各方均具备履约能力，但在合同履行过程中，如遇政策、
市场环境等不可预计或不可抗力因素的影响， 将可能会导致合同无法 正常履行的风险。敬请广大投资者理性投资，注意投资风险。 六、备查文件 与现代汽车签订的 《长期供货协议》。 特此公告。 江西赣锋锂业 集团股份有限公司 董事会 2024 年 1 月 19 日",2024-01-19,巨潮资讯网,https://static.cninfo.com.cn/finalpage/2024-01-19/1218944991.PDF,accepted
CNINFO-000762-1219011817,announcement,2023年年度业绩预告,"股票代码：000762 股票简称： 西藏矿业 编号： 临2024-001 西藏矿业发展股份有限公司 2023 年年度业绩预告 本公司及董事会全体成员保证信息披露的内容真实、 准确、 完整， 没有虚假记载、 误导 性陈述或重大遗漏。 一、本期业绩预计情况 （一）业绩预告期间 业绩预告期间：2023 年 1 月 1 日至 2023 年 12 月31 日 （二）业绩预告情况：□扭亏为盈 □同向上升 ☑ 同 向下降 项 目 本报告期 上年同期 归属于上市公司股东的 净利润 盈利：9,500.00 万元至14,000.00 万元 盈利：79,533.57 万元 比上年同期下降：82.40%至 88.06% 扣除非经常性损益后的 净利润 盈利：8,000.00 万元至12,000.00 万元 盈利：77,532.53 万元 比上年同期下降：84.52%至 89.68% 基本每股收益 盈利：0.182 元/股至0.269 元/股 盈利：1.527 元/股 二、与会计师事务所沟通情况 公司已就业绩预告有关事项与会计师事务所进行了预 沟通，双方对本次业绩预告不存在分歧。本次业绩预告未经 注册会计师审计。 三、业绩变动原因说明 报告期内，终端消费需求不振的影响下，动力电池、储
能电池、消费类电池出现明显需求不足，加之碳酸锂市场供 应稳定，新建项目产能逐步释放，进一步加剧了锂盐市场供 大于求的局面，导致 2023 年碳酸锂市场价格单边下行，下 游锂盐加工厂采购意愿不强。综上，公司主要产品锂精矿销 售量、价格较上年大幅下降，使得报告期内的营业收入及利 润大幅下降。 四、其他相关说明 1.本次预告为公司财务部门初步估算，公司 2023 年年 度业绩具体数据以公司公布的 2023 年年度报告为准。 2.本公司指定的信息披露媒体为《中国证券报》、《证 券时报》、《上海证券报》和巨潮资讯网 （www.cninfo.com.cn）， 敬请广大投资者注意投资风险。 特此公告。 西藏矿业发展股份有限公司 董 事 会 二○二四年一月二十六日",2024-01-27,巨潮资讯网,https://static.cninfo.com.cn/finalpage/2024-01-27/1219011817.PDF,accepted
CNINFO-000792-1219011301,announcement,2023年度业绩预告,"证券代码：000792 证券简称：盐湖股份 公告编号：2024-005 青海盐湖工业股份有限公司 2023 年度业绩预告 一、本期业绩预计情况 （一）业绩预告期间：2023 年 1 月 1 日-2023 年 12 月 31 日 （二）业绩预告情况：同向下降 项目 本报告期 上年同期 归属于上市公司 股东的净利润 盈利：760,000 万元—810,000 万元 盈利：1,556,277.97 万元 比上年同期下降：约 51.17%—47.96% 扣除非经常性损 益后的净利润 盈利：840,000 万元—890,000 万元 盈利：1,531,823.43 万元 比上年同期下降：约 45.16%—41.90% 基本每股收益 盈利：约 1.4 元/股—1.5 元/股 盈利：2.9311 元/股 二、与会计师事务所沟通情况 本次业绩预告的相关财务数据未经注册会计师审计。 公司就业绩预告有关重 大事项与会计师事务所进行了沟通， 公司与会计师事务所在业绩预告方面不存在 重大分歧。 三、业绩变动原因说明 报告期，公司主营业务氯化钾产销稳定，氯化钾产量约 492.6 万吨，销量约 560 万吨；碳酸锂产量约 3.61 万吨，销量约 3.82 万吨。报告期氯化钾及碳酸锂 产品市场价格下跌，公司业绩较上年同期下降。 报告期，根据财政部、 自然资源部、 税务总局联合颁布的 《矿业权出让收益 征收办法》 （财综〔2023〕10 号）相关规定，公司需缴纳18.97 亿元的采矿权出 本公司及董事会全体成员保证信息披露的内容真实、准确、完整，没有虚 假记载、误导性陈述或重大遗漏。
让收益，影响公司当期损益。(具体内容详见 2023 年 10 月 14 日公司在《证券时 报》 《上海证券报》《证券日报》 《中国证券报》和巨潮资讯网披露的《关于收 到采矿权出让收益分期缴款批复的公告》公告编号:2023-076) 四、重大风险提示及其他说明 本次业绩预告是公司财务部的初步估算， 未经审计， 具体财务数据将在公司 2023 年年度报告中详细披露。 公司指定信息披露媒体为《证券时报》 《上海证券报》 《证券日报》 《中国 证券报》和巨潮资讯网（ www.cninfo.com.cn），公司所有信息均以在上述选定 媒体刊登的信息为准。 特此公告 青海盐湖工业股份有限公司董事会 2024 年 1 月 26 日",2024-01-27,巨潮资讯网,https://static.cninfo.com.cn/finalpage/2024-01-27/1219011301.PDF,accepted
CNINFO-002176-1219042708,announcement,2023年度业绩预告,"1 证券代码：002176 证券简称：江特电机 公告编号：2024-002 江西特种电机股份有限公司 2023 年度业绩预告 本公司及董事会全体成员保证信息披露的内容真实、准确、完整，没有虚假记 载、误导性陈述或重大遗漏。 一、本期业绩预计情况 1.业绩预告期间： 2023 年 1 月1 日-2023 年12 月31 日 2.预计的经营业绩：预计净利润为负值 项目 本报告期 上年同期 归属于上市公司股东 的净利润 亏损：25,000 万元-37,000 万元 盈利：232,637.83 万元 比上年同期下降：110.75% - 115.90% 扣除非经常性损益后 的归属于上市公司股 东的净利润 亏损：31,000 万元-43,000 万元 盈利 231,203.94 万元 比上年同期下降：113.41% - 118.60% 基本每股收益 亏损：0.15 元/股–0.22 元/股 盈利：1.36 元/股 二、业绩预告预审计情况 公司已就本次业绩预告与为公司年报提供审计服务的会计师事务所进行了预沟 通，双方在本报告期的业绩预告方面不存在重大分歧，具体数据以最终审计结果为 准。 三、业绩变动原因说明 公司2023 年度业绩较上年同期大幅下降的主要原因是： （1）2023 年受区域内客观因素影响，公司自有矿供应阶段性下降,导致自有矿 产出的碳酸锂产量下降；同时由于碳酸锂产品的销售价格快速下跌，导致亏损； （2）2023 年上半年碳酸锂价格快速下跌，公司因消化前期较高价格外购的锂
2 资源,导致锂盐业务亏损； （3）报告期内，因碳酸锂价格持续下降，基于谨慎性原则，公司计提相应的存 货跌价准备。 上述因素共同造成公司报告期内的营业收入和净利润出现大幅下降。 四、应对措施 （1）提升自有矿山的出矿量，全力推进公司的“探转采”工作，尽快完成茜坑 锂矿最后的“采矿权证”申请工作，努力让公司自有的高品位锂云母矿价值得到进 一步释放； （2） 充分运用金融工具， 适时开展碳酸锂期货套期保值业务， 降低产品价格波 动带来的风险； （3） 降本增效， 通过对锂云母提锂工艺和技术的革新， 进一步提高产品利润率。 五、风险提示 本次业绩预告是公司财务部门初步测算结果， 具体财务数据以公司披露的2023 年度报告为准。敬请广大投资者注意投资风险。 特此公告。 江西特种电机股份有限公司 董事会 二〇二四年一月三十一日",2024-01-31,巨潮资讯网,https://static.cninfo.com.cn/finalpage/2024-01-31/1219042708.PDF,accepted
CNINFO-002240-1219042589,announcement,2023年度业绩预告,"证券代码：002240 证券简称：盛新锂能 公告编号：2024-007 盛新锂能集团股份有限公司 2023年度业绩预告 本公司及董事会全体成员保证信息披露内容的真实、准确和完整，没有虚 假记载、误导性陈述或重大遗漏。 一、 本期业绩预计情况 （一）业绩预告期间 2023 年 1 月 1 日-2023 年 12 月 31 日。 （二）业绩预告情况 预计的业绩：□扭亏为盈 □同向上升 √同向下降 项目 本报告期 上年同期 归属于上市公司股 东的净利润 盈利：70,000.00 万元-80,000.00 万元 盈利：555,245.54 万元 比上年同期下降：85.59%-87.39% 扣除非经常性损益 后的净利润 盈利：13,000.00 万元-19,500.00 万元 盈利：554,131.01 万元 比上年同期下降：96.48%-97.65% 基本每股收益 盈利：0.76 元/股-0.87 元/股 盈利：6.40 元/股 二、与会计师事务所沟通情况 本次业绩预告相关的财务数据未经过会计师事务所审计。 公司已就业绩预告 有关事项与年报审计会计师事务所进行了预沟通， 公司与会计师事务所在本报告 期的业绩预告方面不存在重大分歧。 三、 业绩变动原因说明 公司 2023 年业绩较上年同期下降，主要系本报告期内，受锂电新能源行业 市场环境影响， 锂盐价格大幅下降，成本同比有所上升，锂盐产品的盈利空间被 压缩，影响了公司本报告期的利润。 四、风险提示 本次业绩预告是公司财务部门初步测算的结果， 具体财务数据以公司披露的 2023 年年度报告为准。敬请广大投资者注意投资风险。
特此公告。 盛新锂能集团股份有限公司 董事会 二〇二四年一月三十日",2024-01-31,巨潮资讯网,https://static.cninfo.com.cn/finalpage/2024-01-31/1219042589.PDF,accepted
CNINFO-002460-1219044219,announcement,2023年年度业绩预告,"证券代码： 002460 证券简称：赣锋锂业 编号： 临2024-005 江西赣锋锂业 集团股份有限公司 2023 年年度业绩预告 一、本期业绩预计情况 1、业绩预告期间： 2023 年 1 月 1 日—2023 年 12 月 31 日 2、预计的经营业绩： 亏损 扭亏为盈 同向上升 √同向下降 项目 本报告期 上年同期 归属上市公司股 东的净利润 盈利：420,000.00 万元 – 620,000.00 万元 盈利： 2,050,356.79 万 元 比上年同期下降 79.52% – 69.76% 扣除非经常性损 益后的净利润 盈利：230,000.00 万元 –340,000.00 万元 盈利： 1,995,234.15 万 元 比上年同期下降 88.47% –82.96% 基本每股收益 盈利：2.09 元/股– 3.08 元/股 盈利： 10.18 元/ 股 二、 与会计事务所沟通 情况 公司就业绩预告有关事项与年报审计会计师事务所进行了预沟 通， 与会计师事务所在本报告期业绩预告方面不存在重大分歧。 本次 业绩预告相关的财务数据是公司财务部门初步测算的结果， 未经会计 师事务所审计。 本公司及董事会全体成员保证公告内容的真实、 准确和完整， 没 有虚假记载、误导性陈述或重大遗漏。
三、业绩变动原因 本报告期内， 受锂行业周期性影响，终端需求增速放缓， 锂盐产 品价格大幅下降， 锂矿原材料价格跌幅小于锂盐及下游产品价格跌幅， 导致公司 毛利率下降； 此外， 公司根据会计准则对相关资产计提了资 产减值准备，故公司业绩同比大幅下降。 四、其他相关说明 本次业绩预告是公司财务部门初步测算的结果， 未经注册会计师 审计，具体财务数据请以公司披露的 2023 年年度报告为准。敬请广 大投资者谨慎决策，注意投资风险。 特此公告。 江西赣锋锂业 集团股份有限公司 董事会 2024 年 1 月 31 日",2024-01-31,巨潮资讯网,https://static.cninfo.com.cn/finalpage/2024-01-31/1219044219.PDF,accepted
CNINFO-002497-1219043653,announcement,2023年度业绩预告,"1 证券代码：002497 证券简称：雅化集团 公告编号：2024-05 四川雅化实业集团股份有限公司 2023 年度业绩预告 本公司及董事会全体成员保证信息披露内容的真实、 准确和完整， 没有虚假记载、 误导性陈述或重大遗漏。 一、本期业绩预计情况 1、业绩预告期间：2023 年 1 月 1 日至 2023 年 12 月 31 日 2、预计的业绩：预计净利润为负值 项目 2023年1月1日至2023年12月31日 上年同期 归属于上市公司 股东的净利润 盈利：4,000.00万元至6,000.00万元 盈利：453,825.79万元 比上年同期下降：99.12% 至 98.68% 扣除非经常性损 益后的净利润 亏损：21,000.00万元至19,000.00万元 盈利：449,262.66万元 比上年同期减少：470,262.66万元至 468,262.66万元 基本每股收益 盈利：0.0347元/股至0.0521元/股 盈利：3.9375元/股 二、与会计事务所沟通情况 本次业绩预告相关财务数据未经会计师事务所预审计。 公司就业绩预告已与注册会 计师进行了预沟通，与会计师事务所在业绩预告方面不存在分歧。 三、业绩变动原因说明 公司 2023 年度业绩较上年同期下降的主要原因是： 报告期内，锂盐市场价格大幅波 动，年末对库存商品计提减值准备，使公司全年的经营业绩整体较去年同期下滑。 四、风险提示 本次业绩预告是公司财务部门初步测算的结果，未经审计机构审计。 敬请广大投资 者注意投资风险。 五、其他相关说明 具体财务数据以公司 2023 年年度报告披露的数据为准。 特此公告。
2 四川雅化实业集团股份有限公司董事会 2024 年 1 月 30 日",2024-01-31,巨潮资讯网,https://static.cninfo.com.cn/finalpage/2024-01-31/1219043653.PDF,accepted
CNINFO-300390-1219053089,announcement,2023年度业绩预告,"本公司及董事会全体成员保证信息披露的内容真实、准确、完整，没有虚假 记载、误导性陈述或重大遗漏。 证券代码：300390 证券简称： 天华新能 公告编号：2024-003 苏州天华新能源科技股份有限公司 2023 年度业绩预告 一、 本期业绩预计情况 1、业绩预告期间：2023 年 1 月 1 日—2023 年 12 月 31 日 2、预计的业绩： 亏损 扭亏为盈 同向上升  同向下降 3、业绩预告情况表 注：上表中“元”均为人民币元。 二、与会计师事务所沟通情况 公司已就本次业绩预告与会计师事务所进行预沟通， 公司与会计师事务所在 业绩预告相关财务数据方面不存在分歧。 本次业绩预告相关财务数据未经会计师事务所审计。 三、业绩变动原因说明 1、报告期内，公司归属于上市公司股东的净利润同比下降，主要原因为 ：受 项目 本报告期 上年同期 归属于上市公司 股东的净利润 盈利：165,000 万元—175,000 万元 盈利：658,579.49 万元 比上年同期减少：73.43%— 74.95% 扣除非经常性损 益后的净利润 盈利：136,300 万元—146,300 万元 盈利：655,095.54 万元 比上年同期减少：77.67%—79.19% 基本每股收益 1.92 元/股—2.16 元/股 11.22 元/股
新能源锂电行业市场影响，锂盐价格同比大幅降低，成本同比有所上升，同时基 于谨慎性原则，公司计提相应的存货跌价准备，影响了公司本报告期的利润。 2、经初步测算，公司预计 2023 年度计入当期损益的非经常性损益对净利润的 影响金额约为 28,700.00 万元。 四、风险提示 本次业绩预告是公司财务部门初步测算的结果，未经审计机构审计。敬请广大 投资者谨慎决策，注意投资风险。 五、其他相关说明 公司 2023 年度业绩的具体数据将在公司 2023 年年度报告中详细披露。 特此公告。 苏州天华新能源科技股份有限公司董事会 2024 年 1 月 31 日",2024-01-31,巨潮资讯网,https://static.cninfo.com.cn/finalpage/2024-01-31/1219053089.PDF,accepted
CNINFO-002594-1219066887,announcement,2024年1月产销快报,"证券代码：002594 证券简称：比亚迪 公告编号：2024-012 比亚迪股份有限公司 2024年1月产销快报 本公司及董事会全体成员保证信息披露的内容真实、准确、完整，没有虚假记载、误导性陈述或重大遗漏。 比亚迪股份有限公司(以下简称“本公司”)2024年1月产销快报数据如下： 单位：辆 产量 销量 项目类别 本月 去年同期 本年累计 去年累计 累计同比 本月 去年同期 本年累计 去年累计 累计同比 新能源汽车 205,588 154,188 205,588 154,188 33.34% 201,493 151,341 201,493 151,341 33.14% -乘用车 205,114 152,933 205,114 152,933 34.12% 201,019 150,164 201,019 150,164 33.87% -纯电动 114,365 69,946 114,365 69,946 63.50% 105,304 71,338 105,304 71,338 47.61% -插电式混合动力 90,749 82,987 90,749 82,987 9.35% 95,715 78,826 95,715 78,826 21.43% -商用车 474 1,255 474 1,255 -62.23% 474 1,177 474 1,177 -59.73% -客车 325 159 325 159 104.40% 325 159 325 159 104.40% -其他 149 1,096 149 1,096 -86.41% 149 1,018 149 1,018 -85.36% 合计 205,588 154,188 205,588 154,188 33.34% 201,493 151,341 201,493 151,341 33.14% 注：本公司 2024 年 1 月海外销售新能源乘用车合计 36,174 辆； 本公司 2024 年 1 月新能源汽车动力电池及储能电池装机总量约为 11.309GWh，2024 年累计装机总量约为 11.309GWh。 务请注意，上述产销量数字未经审核，亦未经本公司审计师确认，或会予以调整并有待最终确认。本公司刊发财务业绩后，股东及潜 在投资者务必详阅。
特此公告。 比亚迪股份有限公司董事会 2024 年 2 月 1 日",2024-02-02,巨潮资讯网,https://static.cninfo.com.cn/finalpage/2024-02-02/1219066887.PDF,accepted
CNINFO-002460-1219099255,announcement,关于公司及控股子公司开展商品期货期权套期保值业务的公告,"证券代码： 002460 证券简称：赣锋锂业 编号：临 2024-010 江西赣锋锂业集团股份有限公司 关于公司 及控股子公司开展商品期货 期权套期保值业务的公告 本公司及其董事会全体成员保证公告内容真实、 准确和完整， 没 有虚假记载、误导性陈述或重大遗漏。 重要内容提示： 1、为降低公司锂盐产品市场价格波动给公司带来的经营风险， 公司拟利用金融工具的套期保值功能， 对生产经营业务相关的产品风 险敞口择机开展商品期货 期权套期保值业务。 公司及控股子公司开展 商品期货 期权套期保值业务的品种仅限于与公司生产经营有直接关 系的锂盐期货和品种。公司及控股子公司开展商品期货 期权套期保值 业务的交易保证金和权利金上限（包括为交易而提供的担保物价值、 预计占用的金融机构授信额度、 为应急措施所预留的保证金等） 不超 过人民币 20,000 万元， 且任一交易日持有的最高合约价值不超过（含） 人民币 30,000 万元，上述额度在有效期限内可循环滚动使用 。授权 有效期为董事会审议通过之日起 12 个月内有效。 2、本次商品期货 期权套期保值业务已经公司第 五届董事会第七 十三次会议审议通过， 额度在董事会的审批权限内， 无需提交股东大 会审议 。 3、特别风险提示：商品期货 期权套期保值业务存在固有的市场 风险、 政策风险、 流动性风险及技术风险， 公司将积极落实管控制度 和风险防范措施， 审慎执行套期保值操作， 提醒投资者充分关注投资 风险。 江西赣锋锂业集团股份有限公司（以下简称“公司”）于 2024 年 2
月 5 日召开的第五届董事会第 七十三次会议审议通过了 《关于公司及 控股子公司 开展商品期货期权套期保值业务的议案》 ，为降低产品价 格波动给公司带来的经营风险， 保持公司经营业绩持续、 稳定，同意 公司及控股子公司开展商品期货期权套期保值业务， 交易保证金和权 利金上限 （包括为交易而提供的担保物价值、 预计占用的金融机构授 信额度、 为应急措施所预留的保证金等） 不超过人民币20,000 万元， 且任一交易日持有的最高合约价值 不超过（含）人民币 30,000 万元。 具体情况如下： 一、投资情况概述 1、开展 商品期货期权套期保值业务的目的 公司与控股子公司开展商品期货期权套期保值业务将以正常的 生产经营为基础， 与公司实际业务相匹配， 主要目的是降低碳酸锂价 格波动对公司经营带来的不利影响。 公司在锂行业深耕二十余年， 有 成熟且稳定的团队， 可以对锂行业动态保持时刻关注， 敏锐地感知锂 行业走势。公司制定了《期货及衍生品交易管理制度》，组建了期货 和衍生品交易工作小组， 对商品期货期权的操作规范、 审批权限、 组 织机构设置及职责、业务流程、风险管理等方面进行了明确规定， 并 在各岗位配备了专业人员， 设置了相应的风险控制措施， 公司将严格 按照相关制度的要求执行，落实风险防范措 施， 审慎操作。 公司开展 商品期货期权套期保值业务具有可行性。 2、交易金额 根据生产经营及业务需求情况，公司及控股子公司开展商品期货 期权套期保值业务的交易保证金和权利金上限 （包括为交易而提供的 担保物价值、 预计占用的金融机构授信额度、 为应急措施所预留的保
证金等）不超过人民币 20,000 万元，且任一交易日持有的最高合约 价值不超过（含）人民币 30,000 万元，上述额度在有效期限内可循 环滚动使用。 3、交易品种 公司开展商品期货 期权套期保值业务的品种仅限于与公司生产 经营有直接关系的锂盐期货和品种 ， 交易场所仅限于境内合法运营的 期货交易所。 4、业务期限 自公司董事会审议通过之日起十二个月内有效。 如单笔交易的存 续期超过了授权期限，则授权期限自动顺延至该笔交易终止时止。 5、资金来源 公司及控股子公司利用自有资金开展商品期货期权套期保值业务。 二、商品期货期权套期保值业务审议程序 本次商品期货 期权套期保值业务 已经公司第 五届董事会第 七十 三次会议审议通过， 额度在董事会的审批权限内， 无需提交股东大会 审议。 三、 开展商品期货期权套期保值业务的风险分析 公司进行套期保值交易的主要目的是为降低碳酸锂价格波动所 带来的相关经营风险，但同时也存在一定的交易风险，具体如下： 1、市场风险 在极个别的非理性市场情况下， 如市场发生系统性风险， 期货价 格与现货价格走势相背离等 ， 一旦价格预测发生方向性错误有可能给 公司造成损失。 2、政策风险 期货市场的法律法规等政策如发生重大变化， 可能引起市场剧烈
波动或无法交易，从而带来风险。 3、流动性风险 如果合约活跃度较低， 导致套期保值持仓无法成交或无法在合适 价位成交， 令实际交易结果与方案设计出现较大偏差， 甚至面临因未 能及时补足保证金而被强行平仓带来的损失。 4、操作风险 期货交易系统相对复杂 ， 专业性强， 可能存在操作不当产生的风 险。 5、技术风险 由于无法控制和不可预测的系统故障、 网络故障、 通讯故障等造 成交易系统非正常运行， 使交易指令出现延迟、 中断或数据错误等问 题从而带来相应风险。 公司应该针对以上可能出现的风险， 进行事前、 事中、 事后的风 险控制和管理， 有效防范、 发现和化解风险， 确保进行套期保值交易 的资金相对安全。 四、风险控制措施 1、公司严格遵守相关法律法规的要求，制定了《 期货及衍生品 交易管理制度》 ， 对公司开展商品期货期权套期保值业务的审批权限、 操作流程及风险控制等方面做出明确的规定，建立有效的监督检查、 风险控制和交易止损机制，降低内部控制风险。 2、公司合理设置套期保值业务组织机构，明确各相关部门和岗 位的职责权限， 严格在董事会授权的范围内办理相关业务。同时， 加 强相关人员的职业道德教 育及业务培训，提高从业人员的专业素养。 3、公司商品期货期权套期保值业务仅限于与公司经营业务相关
性高的期货和期权品种， 业务规模将与公司经营业务相匹配， 最大程 度对冲价格波动风险。 在制订交易方案的同时做好资金测算， 以确保 可用资金充裕； 严格控制套期保值业务的资金规模， 合理规划和使用 资金，在市场剧烈波动时做到合理止损，有效规避风险。 4、公司内部审计部门定期及不定期对套期保值交易业务进行检 查， 监督套期保值交易业务人员执行风险管理制度和风险管理工作程 序，及时防范业务中的操作风险。 5、公司将密切跟踪市场行情变化，关注价格变化趋势，及时调 整套期保 值方案，并结合现货销售，尽可能降低交易风险。 五、开展商品期货 期权套期保值业务的会计核算原则 公司根据《企业会计准则第 22 号——金融工具确认和计量 》《企 业会计准则第 24 号——套期会计》《企业会计准则第 37 号——金融 工具列报》《企业会计准则第 39 号——公允价值计量 》等相关规定及 其指南， 对商品期货期权套期保值业务进行相应的核算处理， 并在财 务报告中正确列报。 六、董事会意见 公司开展商品期货期权套期保值业务旨在充分利用金融市场套 期保值功能，降低生产经营因 锂盐价格波动给公司带来的经营风险， 提高公司整体抵御风险能力， 增强财务稳健性， 符合公司业务发展及 日常经营需要， 有利于公司长期稳健发展性。 公司通过开展商品期货 期权套期保值业务来规避产品价格波动风险是合理的。 相关决策程序 符合国家相关法律、 法规及 《公司章程》 的有关规定。 公司已制定 《期 货及衍生品交易管理制度》，明确了审批权限、专业管理、风险控制
等内部控制程序， 对公司控制商品期货套期保值风险起到了保障的作 用。 公司亦对商品期货套期保值业务的开展作出了明确规定， 不存在 损害公司和全体股东尤其是中小股东利益的情形。 七、备查文件 1、第五届董事会第 七十三次会议决议； 2、第五届监事会第四十九次会议决议； 3、关于开展 商品套期保值业务的可行性分析报告 ； 4、期货及衍生品交易管理制度。 特此公告。 江西赣锋锂业集团股份有限公司 董事会 2024 年 2 月 6 日",2024-02-06,巨潮资讯网,https://static.cninfo.com.cn/finalpage/2024-02-06/1219099255.PDF,accepted
GFEX-WR-20240207,announcement,广期所碳酸锂仓单日报：仓单增加840手,广州期货交易所2024-02-07仓单日报显示，碳酸锂仓单总量为16894手，增加840手。,2024-02-07,广州期货交易所,https://www.gfex.com.cn/gfex/cdrb/hqsj_tjsj.shtml,accepted
CNINFO-002240-1219122892,announcement,关于签署锂精矿承购协议的公告,"证券代码：002240 证券简称：盛新锂能 公告编号：2024-011 盛新锂能集团股份有限公司 关于签署锂精矿承购协议的公告 本公司及董事会全体成员保证信息披露内容的真实、准确和完整，没有虚 假记载、误导性陈述或重大遗漏。 风险提示： 因协议履行期较长， 在履行过程中， 如遇行业政策调整、 国际政治环境、 市 场环境变化等不可预计或不可抗力因素的影响， 可能存在导致协议无法如期或全 部履行的风险。 一、 协议签署情况 近日，盛新锂能集团股份有限公司（以下简称“公司”）的全资子公司盛威 致远国际有限公司（以下简称“盛威国际 ”）与澳大利亚 锂矿生产商 Pilbara Minerals Ltd.（以下简称 “Pilbara” ） 的全资子公司Pilgangoora Operations Pty Ltd. （以下简称 “Pilgangoora”）签订了 《锂精矿承购协议》，公司将在 2024 年至 2026 年期间向 Pilgangoora 采购锂辉石精矿。 根据 《深圳证券交易所股票上市规则》 及 《公司章程》 相关规定， 本次交易 属于签订日常经营合同， 不涉及关联交易， 无需提交公司董事会、 股东大会审议。 二、交易对方基本情况 公司名称：Pilgangoora Operations Pty Ltd. 商业登记号码：616560395 注册地：澳大利亚 办公地址：Level 2,146 Colin St, West Pert, W estern Australia,6005 主营业务：生产和加工锂辉石精矿 Pilgangoora 与公司及公司控股股东、 实际控制人、 董事、 监事、 高级管理人 员不存在关联关系。 Pilgangoora 系澳大利亚上市公司 Pilbara 旗下的位于西澳大利亚皮尔巴拉地
区的世界级硬岩石锂矿项目，拥有成熟的锂辉石开采技术， 产品质量满足公司要 求，具备良好履约能力。 三、 协议的主要内容 卖方：Pilgangoora Operations Pty Ltd. 买方：盛威致远国际有限公司 （一）协议标的 锂辉石精矿。 （二）协议的数量及价格 根据本协议，卖方2024年向买方供应锂辉石精矿8.5万吨、2025年供应锂辉 石精矿15万吨、2026年供应锂辉石精矿15万吨； 产品价格根据双方约定的定价公 式进行计算确定。 （三）付款方式 买方通过信用证的方式在约定的时间内向卖方全额支付货款。 （四）协议履行期限 本协议自签署之日起生效，有效期至2026年12月31日。 （五）适用法律及争议解决 如因本协议引起或与本协议有关的任何争议，各方应先行在3个月内协商解 决，协商不成可提交新加坡国际仲裁中心进行仲裁。 四、交易目的和对公司的影响 公司作为领先的锂盐生产企业，产能规模快速增长， 公司对上游锂矿原料的 需求逐步增加。 Pilbara 为全球知名的锂矿生产商， 本 次通过与 其全 资子公司 Pilgangoora签署锂精矿承购协议，有利于扩大公司锂盐产品原材料供应渠道，进 一步锁定上游优质锂精矿资源，保障原料供应的稳定性，更好的服务下游客户。 本协议的顺利履行，有利于提升公司未来经营的稳定性和可持续性，将对公司经 营业绩产生积极影响，符合公司的经营发展战略，不存在损害全体股东尤其是中 小股东利益的情形。 五、风险提示 因协议履行期较长， 在履行过程中， 如遇行业政策调整、 国际政治环境、 市 场环境变化等不可预计或不可抗力因素的影响， 可能存在导致协议无法如期或全
部履行的风险。双方在协议中已就违约、 争议以及遭遇不可抗力时的应对措施和 责任归属等做出明确规定， 但在协议履行期间可能出现的各种问题仍有可能对协 议的履行造成影响。 敬请广大投资者谨慎决策，注意投资风险。 六、备查文件 盛威国际与Pilgangoora签订的《锂精矿承购协议》。 特此公告。 盛新锂能集团股份有限公司 董事会 二○二四年二月七日",2024-02-08,巨潮资讯网,https://static.cninfo.com.cn/finalpage/2024-02-08/1219122892.PDF,accepted
LC-TEXT-0006,news,动力电池的2024年：产能装车率仅52% 价格持续下跌,"动力电池的2024年：产能装车率仅52% 价格持续下跌__财经头条__新浪财经 
 注册 
 登录 
 新闻 
 头条号 
 新浪财经APP 
 宏观经济 
 A股 
 港股 
 美股 
 基金 
 理财 
 黄金 
 期货 
 能源 
 互联网金融 
 房地产 
 更多 
 外汇 
 管理 
 消费 
 科技 
 互联网 
 手机 
 保险 
 数码 
 科普 
 创业 
 银行 
 新三板 
 其他 
 动力电池的2024年：产能装车率仅52% 价格持续下跌 
 动力电池的2024年：产能装车率仅52% 价格持续下跌 
 2025年01月17日 19:42 
 经济观察报 
 语音播报 
 缩小字体 
 放大字体 
 微博 
 微信 
 分享 
 0 
 腾讯QQ 
 QQ空间 
 经济观察网 记者 周菊 2024年，国内动力电池装机量持续增长。据中国汽车动力电池产业创新联盟发布的数据，2024年我国动力电池累计装车量548.4GWh，累计同比增长41.5%。这一增长主要得益于新能源汽车产销量的攀升，中国汽车工业协会的数据显示，2024年国内新能源汽车产量为1288.8万辆，同比增长34.4%；销量为1286.6万辆，同比增长35.5%，新能源渗透率达40.9%。 在装机量上升的同时，动力电池的市场格局也发生了多重变化。首先，磷酸铁锂电池市场占有率在2024年再创新高。2024年，磷酸铁锂电池累计装车量409.0GWh，占总装车量的74.6%，同比增长56.7%，12月的装车量占比更是高达80.9%。相比之下，三元电池累计装车量139.0GWh，占比25.3%，同比增长10.2%。磷酸铁锂电池凭借低成本和高安全性优势，市场份额持续扩大。 其次，在动力电池企业装机量排名中，2024年宁德时代、 比亚迪 、中创新航稳居动力电池企业装机量前三名。其中，宁德时代以45.08%的市占率排名第一，比亚迪位居第二，市占率为24.74%。 总体来看，宁德时代2024年总装机量为256.01GWh，市占率同比上升1.89个百分点，但与几年前超50%的高点相比仍有较大差距。比亚迪则在2024年结束了市场份额的上升，总装机量为135.02GWh，市占率同比下滑2.52个百分点。 此外，头部企业之外的动力电池市场呈现出新的竞争格局，孚能科技被挤出TOP10榜单，取而代之的是瑞浦兰钧。数据显示，国轩高科、亿纬锂能、蜂巢能源、欣旺达、瑞浦兰钧、正力新能、爱尔集新能源（LG新能源）分别位列第4至第10名，份额均在5%以下。其中，瑞浦兰钧排名从去年同期第11位升至8位，是TOP10企业增速最快的。 据工信部公告，瑞浦兰钧的主要客户是上汽乘用车、上汽通用五菱等上汽系车企及吉利等。而连续9个月装机量不足0.4GWh的孚能科技，其主要客户是 北京奔驰 、广汽乘用车、东风、江铃等。 值得关注的是，汽车主机厂下属的电池厂也开始崭露头角。极电新能源、因湃电池、耀宁新能源等主机厂电池新势力登上TOP15榜单，显示出主机厂自研自产电池的策略正在逐步影响市场格局。其中，极电和耀宁隶属于 吉利集团 ，因湃电池则属于广汽集团。 尽管出货量持续增长，动力电池产业面临的产能过剩和价格下跌的挑战也不容忽视。据中国汽车动力电池产业联盟发布的数据，20024年前8个月，动力电池的总产量达到了419.7GWh，然而实际的装车量仅为219.2GWh，装车率仅为52%。 与此同时，2024年碳酸锂原材料的价格大幅下降，动力电池的价格随之持续下跌。2024年，宁德时代、比亚迪弗迪电池、蜂巢能源等动力电池制造商均根据市场情况启动了降本降价措施。全球知名投行高盛集团的预测表示，到2026年电动汽车电池成本将在2024年的基础上下降近50%。 在国内新能源汽车增速放缓的情况下，动力电池企业积极探索海外市场，但受海外新能源汽车市场增速放缓等因素的影响，动力电池的出口增速在2024年大幅下降。据中国汽车动力电池产业创新联盟统计，2024年1—11月，我国动力电池累计出口量为115.8GWh，同比增长2.1%。而2023年，我国动力电池累计出口累计同比增长87.1％。 有行业观点指出，面对原材料价格的持续下跌和电池产能的过剩，动力电池市场在未来一段时间内将维持较低的价格水平。这一趋势或将迫使部分边缘电池企业面临破产压力，从而推动市场产能的出清与整合。 
 相关新闻 
 加载中
 点击加载更多 
 头条号入驻 
 经济观察报 
 经济观察报专注财经新闻与经济分析 
 虚增利润总额1195.22万 南新制药财务造假被处罚 
 消费承压下保持稳健增长，卫龙多元业务结构释放发展韧性 
 路德科技上半年销售费用大增70.27%，其中销售代理服务费同比翻三倍 
 财经自媒体联盟 更多自媒体作者 
 今日推荐 
 优秀作者 
 看点月榜 
 排行 
 看点昵称 
 看点指数 
 热文排行榜 
 日榜 
 周榜 
 月榜 
 01 任志强：房地产不管怎么调也不能让它掉下去，因为…
 02 台胞感叹两岸差距：大陆吃饭掏手机，台湾却掏信用卡
 03 王健林的妻子，背景才是真的深……
 04 年产6亿头猪为何一头也进不了香港？互害社会怪谁？
 05 刚刚，美国两房又崩盘了，中国投资了数千亿美元啊！
 06 你们这样说杨振宁，问过邓稼先吗？
 07 深扒隐形富豪：马云王健林算什么？他才是真首富！
 08 香港前特首的七大罪状，看到第六条我笑了
 09 蒙古不知羞耻又来讨钱，但这次中国的手段妙到毫巅！
 10 欧洲大变局！这个比肩特朗普的女人或让欧盟走向末日
 01 背负高房贷，中年失业，一个深圳男子的财务悲剧
 02 45万亿来了！中国经济和房市、股市将迎来大变化？
 03 高铁票价涨70%！终于找到真实原因
 04 在美国，我感受到“越南制造”在取代“中国制造”
 05 能拿下万科，为何完败格力？姚振华的吃相与吃向！
 06 三星“宫心计”：儿子检举父亲，父母逼死女儿
 07 新加坡贼心不死，对中国又出一毒计，北京不忍了！
 08 2017年、45万亿，这是让货币毁灭的节奏么？
 09 杀死金正男的究竟是何方神圣？揭秘惊人美女特工组织
 10 楼市重磅：日本式泡沫即将袭击中国内地房地产市场？
 01 背负高房贷，中年失业，一个深圳男子的财务悲剧
 02 在五环六环之间，有最真实的北京
 03 谁是中国经济的元凶：它曾让日本30年没翻身！
 04 奶茶妹妹4万元裙子抢镜京东年会：富人世界屌丝不懂
 05 45万亿来了！中国经济和房市、股市将迎来大变化？
 06 大势 | 未来5年，它将成为全国第一大城市
 07 看你还敢不敢继续炒房！三年之后房子你还能卖给谁？
 08 因为一纸公文300万人面临失业 为什么大家还拍手叫好
 09 反转！日本拿下印尼74亿美元铁路合同，发现亏大了
 10 56岁创业，年利是华为1.5倍，他是让对手发抖的人！
 新浪财经头条意见反馈留言板 
 4001102288 欢迎批评指正 
 关于头条 
 | 
 如何入驻 
 | 
 发稿平台 
 | 
 奖励机制 
 版权声明 
 | 
 用户协议 
 | 
 帮助中心 
 Copyright © 1996-2019 SINA Corporation
 All Rights Reserved 新浪公司 版权所有
 新浪首页 
 语音播报 
 相关新闻 
 返回顶部",2024-02-20,新浪财经,https://cj.sina.com.cn/articles/view/1641561812/61d83ed40270191x4,accepted
CNINFO-002466-1219143415,announcement,关于澳大利亚格林布什锂辉石矿资源量和储量更新的公告,"1 股票代码：002466 股票简称：天齐锂业 公告编号：2024-005 天齐锂业股份有限公司关于 澳大利亚格林布什锂辉石矿资源量和储量更新的公告 本公司及董事会全体成员保证信息披露的内容真实、准确、 完整，没有虚假记载、误导性陈述或重大遗漏。 近日， 天齐锂业股份有限公司（以下简称 “公司” ）收到控股子公司Windfield Holdings Pty Ltd之全资子公司Talison Lithium Pty Ltd（以下简称 “泰利森” ）的通知， 泰利森近期对 其拥有的澳大利亚格林布什锂辉石矿的资源量 和储量估算进行了更新，相关内容已经专 业机构AMC Consultants 评估。根据澳大利亚2012年颁布的勘查结果、矿产资源量和矿石 储量报告法规准则（简称 “JORC标准” ）估算的格林布什锂辉石矿资源量及储量更新后数 据具体情况如下： 项目 类别 截至2023年12月31日 矿产 资源量 资源量类别 吨位 （百万吨） 氧化锂品位（%） 碳酸锂当量 （百万吨） 探明资源量 0.7 3.0 0.1 控制资源量 397 1.5 15 推断资源量 49 1.1 1.3 总矿产资源量 447 1.5 16 矿石 储量 储量类别 吨位 （百万吨） 氧化锂品位（%） 碳酸锂当量 （百万吨） 证实矿石储量 0.7 3.0 0.1 概略矿石储量 178 1.9 8.4 证实和概略矿石储量合计 179 1.9 8.5 注：1、根据2022年5月Behre Dolbear Austrilia Pty Limited出具的 《合资格人士报告》： 截至2021 年12月31日，格林布什锂辉石矿总矿产资源量折合碳酸锂当量约1,370万吨；储量折合碳酸锂当量 约870万吨（数据含 尾矿储存设施 1区）。具体内容详见公司于 2022年6月30日刊载在公司网站 （www.tianqilithium.com） 及香港联交所网站 （http://www.hkexnews.hk/） 的境外上市外资股 （H股） 招股说明书之附录四《合资格人士报告》。 2、截至2022年12月31日，格林布什锂辉石矿的总矿产资源量折合碳酸锂当量约1,286万吨， 氧化锂平均品位为1.5%；储量折合碳酸锂当量约824万吨，氧化锂平均品位为1.9%。具体内容详
2 见公司于2023年3月31日刊载在指定信息披露媒体及巨潮资讯网（ http://www.cninfo.com.cn）的 《2022年年度报告》。 截至2023年12月31日，格林布什锂辉石矿更新后的总矿产资源量增加至4.47亿吨， 氧 化锂平均品位为1.5%，折合碳酸锂当量约1,600万吨；本次更新后的格林布什锂辉石矿的 证实和概略矿石储量合计增加至1.79亿吨， 氧化锂平均品位为1.9%， 折合碳酸锂当量约850 万吨。 公司通过位于澳大利亚的控股子公司Tianqi Lithium Energy Australia Pty Ltd（持股比 例51%） 间接持有泰利森格林布什锂辉石矿51%权益。 虽然有专业机构对格林布什锂辉石 矿的资源量及储量进行了评估， 但仍有可能存在总资源量、 储量与实际总资源量、 储量、 实际可采储量不一致的风险。敬请广大投资者理性投资，注意投资风险。 特此公告。 天齐锂业股份有限公司董事会 二〇二四年二月二十一日",2024-02-21,巨潮资讯网,https://static.cninfo.com.cn/finalpage/2024-02-21/1219143415.PDF,accepted
CNINFO-002594-1219219983,announcement,2024年2月产销快报,"证券代码：002594 证券简称：比亚迪 公告编号：2024-017 比亚迪股份有限公司 2024年2月产销快报 本公司及董事会全体成员保证信息披露的内容真实、准确、完整，没有虚假记载、误导性陈述或重大遗漏。 比亚迪股份有限公司(以下简称“本公司”)2024年2月产销快报数据如下： 单位：辆 产量 销量 项目类别 本月 去年同期 本年累计 去年累计 累计同比 本月 去年同期 本年累计 去年累计 累计同比 新能源汽车 110,474 203,172 316,062 357,360 -11.56% 122,311 193,655 323,804 344,996 -6.14% -乘用车 109,911 201,181 315,025 354,114 -11.04% 121,748 191,664 322,767 341,828 -5.58% -纯电动 43,013 93,397 157,378 163,343 -3.65% 54,908 90,639 160,212 161,977 -1.09% -插电式混合动力 66,898 107,784 157,647 190,771 -17.36% 66,840 101,025 162,555 179,851 -9.62% -商用车 563 1,991 1,037 3,246 -68.05% 563 1,991 1,037 3,168 -67.27% -客车 201 235 526 394 33.50% 201 235 526 394 33.50% -其他 362 1,756 511 2,852 -82.08% 362 1,756 511 2,774 -81.58% 合计 110,474 203,172 316,062 357,360 -11.56% 122,311 193,655 323,804 344,996 -6.14% 注：本公司2024 年2 月海外销售新能源乘用车合计23,291 辆； 本公司2024 年2 月新能源汽车动力电池及储能电池装机总量约为6.665GWh，2024 年累计装机总量约为17.973GWh。 务请注意，上述产、销量数字未经审核，亦未经本公司审计师确认，或会予以调整并有待最终确认。本公司刊发财务业绩后，股东及 潜在投资者务必详阅。
特此公告。 比亚迪股份有限公司董事会 2024 年3 月 1 日",2024-03-02,巨潮资讯网,https://static.cninfo.com.cn/finalpage/2024-03-02/1219219983.PDF,accepted
CNINFO-002176-1219230277,announcement,关于开展2024年度套期保值业务及可行性分析的公告,"1 证券代码：002176 证券简称:江特电机 公告编号：2024-006 江西特种电机股份有限公司 关于开展 2024 年度套期保值业务及可行性分析的公告 本公司及董事会全体成员保证信息披露的内容真实、准确、完整，没有虚假记 载、误导性陈述或重大遗漏。 江西特种电机股份有限公司（以下简称“公司”）于 2024 年 3 月 4 日召开 第十届董事会第十三次会议，审议通过了《关于开展 2024 年度套期保值业务及 可行性分析的议案》 ， 同意公司及子公司开展套期保值业务。 现将相关事项公告 如下： 一、开展套期保值的目的和必要性 碳酸锂是公司控股子公司的主要产品， 铜 （漆包线） 是公司电机产品的主要 原材料。 为规避产品价格波动给公司带来的经营风险， 和减少因原材料价格波动 造成的成本波动对生产经营影响， 公司及公司控股子公司拟利用期货工具的避险 保值功能， 并由公司或控股子公司的下属指定部门根据生产经营计划择机开展碳 酸锂期货和铜期货的套期保值业务，锁定公司产品销售价格和原材料采购价格， 保障主营业务稳步发展。 本次开展期货套期保值业务， 工具选择为与公司生产经营相关的碳酸锂期货 和铜期货品种。 二、开展套期保值的基本情况 （一）交易金额 公司及子公司本次开展碳酸锂期货套期保值业务的保证金金额不超过人民 币3 亿元， 开展铜期货套期保值业务的保证金金额不超过人民币3,000 万元， 上 述额度在投资期限内可循环滚动使用。 因公司最近一期经审计净利润的50%约为 116,318.915 万元，根据《深圳证券交易所上市公司自律监管指引第7 号——交 易与关联交易》 （以下简称“《监管指引第7 号》”）的规定，本次预计动用的 交易保证金和权利金上限金额未达到提交股东大会审议的标准。 公司及子公司本次开展 碳酸锂期货套期保值业务预计在投资期限内任一交
2 易日持有的最高合约价值不超过 13 亿元，公司及子公司本次开展铜期货套期保 值业务预计在投资期限内任一交易日持有的最高合约价值不超过 6,000 万元。 因 公司最近一期经审计净资产的 50%约为 215,058.565 万元，根据《监管指引第 7 号》 的规定， 本次预计任一交易日持有的最高合约价值金额未达到提交股东大会 审议的标准。 （二）资金来源 公司开展套期保值业务资金来源为公司自有资金，不涉及募集资金。 （三）交易方式 在境内合规并满足公司套期保值业务条件的期货交易所进行交易， 交易品种 限于与上述公司生产经营相关的品种。 （四）交易期限 自公司董事会审议通过之日起十二个月内有效。 如单笔交易的存续期超过了 授权期限，则授权期限自动顺延至该笔交易终止时止。 三、开展套期保值的风险分析 公司开展套期保值业务不以逐利为目的， 且将严格控制资金规模， 但进行套 期保值交易仍存在一定的风险，具体如下： （一）市场风险 如市场发生系统性风险， 期货价格与现货价格走势相背离等， 可能造成交易 损失。 （二）政策风险 如期货市场相关法规政策发生重大变化，可能导致市场发生 剧烈波动或无 法交易的风险。 （三）流动性风险 如果合约活跃度较低，导致套期保值持仓无法成交或无法在合适价位成交， 令实际交易结果与方案设计出现较大偏差，造成交易损失。 （四）操作风险 期货交易专业性较强， 复杂程度较高， 可能会产生由于内控体系不完善或操 作失误所造成的风险。 （五）技术风险
3 由于无法控制和不可预测的系统故障、 网络故障、 通讯故障等造成交易系统 非正常运行， 使交易指令出现延迟、 中断或数据错误等问题， 从而带来相应风险。 四、风险控制措施 （一） 严格执行有关法律法规， 建立有效的监督检查、 风险控制和交易止损 机制，并严格在董事会批准的权限内办理公司期货套期保值业务。 （二） 在制订交易方案的同时做好资金测算， 以确保可用资金充裕； 严格控 制套期保值的资金规模， 合理规划和使用资金， 在市场剧烈波动时做到合理止损， 有效规避风险。 （三） 合理设置公司期货业务组织机构， 建立岗位责任制， 明确各相关部门 和岗位的职责权限。 同时提升相关人员的专业知识， 定期组织业务关联岗位培训， 强化业务流程学习，增加风险管理及防范意识，提高从业人员专业素养。 （四） 根据业务需要， 在公司主管财务部门安排指定人员进行账目处理、 资 金调拨， 并跟踪账目结算， 并向上级主管领导汇报资金使用情况， 完善内部资金 监管机制。 （五）遵循锁定项目利润、 套期保值原则， 不做投机性、 套利性期货交易操 作。 密切跟踪市场行情变化， 关注价格走势， 合理计划和安排使用保证金， 尽可 能降低交易风险。 五、会计政策及核算原则 公司根据《企业会计准则第 22 号--金融工具确认和计量》《企业会计准则 第24 号--套期会计》 《企业会计准则第37 号--金融工具列报》 等相关规定及其 指南，对期货套期保值业务进行相应核算和披露。 六、公司开展套期保值业务的可行性分析 公司本次使用自有资金开展期货套期保值业务， 是在保证正常生产经营的前 提下进行的， 目的是为了充分利用期货市场的套期保值功能， 规避相关原材料价 格波动风险和降低产品市场价格波动风险， 提高公司整体抵御风险能力。 本次业 务的期货品种与公司生产经营相关，不存在损害公司和全体股东利益的情况。 公司已建立了完备的业务管理制度及内部控制制度， 具有与开展套期保值业 务交易保证金相匹配的自有资金， 公司将严格按照相关制度的要求， 落实风险防 范措施，审慎操作。
4 综上所述， 公司开展套期保值业务是切实可行的， 有利于公司生产经营发展。 特此公告。 江西特种电机股份有限公司 董事会 二〇二四年三月五日",2024-03-05,巨潮资讯网,https://static.cninfo.com.cn/finalpage/2024-03-05/1219230277.PDF,accepted
CNINFO-002460-1219242382,announcement,临2024-015赣锋锂业关于认购阿根廷PGCO增发股份涉及矿业权投资暨关联交易的公告,"证券代码：002460 证券简称： 赣锋锂业 编号： 临2024-015 江西赣锋锂业集团股份有限公司 关于认购阿根廷 PGCO 公司增发股份涉及矿业权投资 暨关联交易的公告 特别提示：  本次交易标的为阿根廷 Proyecto Pastos Grandes S.A. （以下简称 “PGCO”）新增发行不低于 14.8%股份。因江西赣锋锂业集团股份 有限公司（以下简称“公司”或“赣锋锂业”）副董事长兼总裁王晓 申 先 生 在 近 十 二 个 月 内 在PGCO 的 控 股 股 东 Lithium Americas (Argentina) Corp（以下简称“LAAC”）担任董事，因此 LAAC 为公 司的关联法人，本次交易构成关联交易。  本次交易不构成 《上市公司重大资产重组管理办法》 规定的重大资产 重组，本次交易无需提交公司股东大会审议。  本次交易尚需取得相关政府部门的审批，存在不能获批的风险。  虽然有专业机构对 PGCO 持有的锂盐湖项目的资源储量进行了评估， 但该资源量数据仍有可能存在总资源量、 储量与实际总资源量、 储量、 实际可采储量不一致的风险。  受国际政治、经济环境、产业政策、市场环境等方面的影响，本次投 资收益存在一定的不确定性。 一、本次交易概述 1、 江西赣锋锂业集团股份有限公司 （以下简称“公司”）于2024 年 3 月 5 日召开的第五届董事会第七十四次会议审议通过了 《关于认 本公司及董事会全体成员保证公告内容的真实、准确和完整， 没有虚假记载、误导性陈述或重大遗漏。
购阿根廷 PGCO 公司增发股份涉及矿业权投资暨关联交易的议案》， 同意公司或控股子公司拟以自有资金不超过 7,000 万美元的交易对价 认购 PGCO 公司不低于 14.8%的股份。 本次交易的增发款主要用于推 动阿根廷 Pastos Grandes 盆地锂盐湖项目的开发建设。本次交易完成 后， 公司将直接持有PGCO 公司不低于 14.8%的股权。授权公司经营 层全权办理本次交易的相关事宜。 2、LAAC为公司的关联法人，本次交易构成关联交易，但不构 成 《上市公司重大资产重组管理办法》 规定的重大资产重组， 无需提 交公司股东大会审议。 二、交易标的基本情况 1、PGCO Proyecto Pastos Grandes S.A. 是一家于 2016 年 7 月在阿根廷注册 的资源型公司， 主营业务为矿产资源的勘探与开发， 注册地址为阿根 廷布宜诺斯艾利斯市解放者大道 498 号 23 楼。截至本公告日，PGCO 已发行股本 15,477,500 股，PGCO 的直接股东是 Millennial Lithium Corp.（以下简称“Millennial”）和 2265866 Ontario, Inc （以下简称 “Numberco”）。PGCO 持有位于阿根廷 Salta 省的 Pastos Grandes 锂盐湖项目及位于阿根廷 Jujuy 省的 Cauchari East 锂盐湖项目。 Pastos Grandes 锂盐湖项目位于阿根廷西北部 Salta 省 Salar de los Pastos Grandes 地区中部，目前已持有及申请中的采矿许可证及勘探 许可证矿区面积合计约为 24,000 公顷，PGCO 持有该项目 100%权益。 Cauchari East 锂盐湖项目位于阿根廷 Jujuy 省 Cauchari-Olaroz Salar 的东侧。 目前该项目仍在勘探初期， 相关许可证仍在申请阶段， 经济资源（如有）等信息尚不明确，PGCO 持有该项目 100%权益。 PGCO 现有股权结构如下：
PGCO 最近两年又一期的财务数据如下： 单位：美元 指 标 2022 年 2 月 28 日 （经审计） 2023 年 02 月 28 日 （未经审计） 2023 年 12 月 31 日 （未经审计） 资产总额 115,255,089 19,808,206 19,819,758 净资产 23,068,218 (31,075,414) (50,025,032) 指 标 2022 年 2 月 28 日 （经审计） 2023 年 2 月 28 日 （未经审计） 2023 年 12 月 31 日 （未经审计） 营业收入 - - - 税前利润 26,264,056 (61,653,542) (54,313,234) 税后利润 30,885,102 (67,732,009) (54,313,234) 截至 2023 年 12 月 31 日，PGCO 的资产负债率为 352.40%。 公司副董事长兼总裁王晓申先生在近十二个月内在 LAAC 担任 董事，LAAC 为 PGCO 的最终控股股东。 除此之外，PGCO 与公司其 他前十名股东不存在可能造成利益倾斜的关系，不是失信被执行人。 2、LAAC
Lithium Americas (Argentina) Corp.原名为 Lithium Americas Corp. （以下简称“美洲锂业”）是一家新兴的加拿大碳酸锂生产商，2023 年 10 月，美洲锂业根据当地法律进行了重组交易，将持有的北美业 务及阿根廷业务进行分离，阿根廷业务实体更名为 Lithium Americas (Argentina) Corp.。LAAC 注册地址为加拿大不列颠哥伦比亚省温哥华 市西黑斯廷斯街 300–900 号，V6C 1E5 。目前 LAAC 在多伦多证券 交易所和纽约证券交易所上市，证券代码为“LAAC”，已发行股本 160,772,788 股。公司全资子公司赣锋国际持有 LAAC9.38%的股权。 LAAC 与公司共同持有阿根廷 Caucharí-Olaroz 锂盐湖项目。LAAC 持 有加拿大 Millennial 100% 股权，因此 LAAC 是 PGCO 的最终控股股 东。 LAAC 最近一年又一期财务数据如下： 单位：千美元 指 标 2022 年 12 月 31 日 （经审计） 2023 年 9 月 30 日 （未经审计） 资产总额 1,016,548 1,499,922 净资产 784,002 1,254,782 指 标 2022 年度 （经审计） 2023 年 9 月 30 日 （未经审计） 营业收入 - - 净利润 -93,568 26,032 截至 2023 年 9 月 30 日，LAAC 的资产负债率为 16.34%。 公司副董事长兼总裁王晓申先生在近十二个月内在 LAAC 担任 董事，因此 LAAC 与公司存在关联关系。LAAC 与公司其他前十名
股东不存在可能造成利益倾斜的关系，不是失信被执行人。 三、所涉矿业权情况 PGCO 旗下目前在阿根廷拥有两个盐湖项目有待开发或勘探， 分 别为 Pastos Grandes 锂盐湖项目以及 Cauchari East 锂盐湖项目。 （一）Pastos Grandes 锂盐湖项目基本情况 1、Pastos Grandes 锂盐湖项目目前持有 13 个采矿许可证及勘探 许可证： 序号 采矿许可证/勘探许可证 矿区面积/地点 到期日 1 17588 99 公顷/阿根廷 Salta 省 无期限限制 2 18403 165 公顷/阿根廷 Salta 省 无期限限制 3 18550 356 公顷/阿根廷 Salta 省 无期限限制 4 18693 599 公顷/阿根廷 Salta 省 无期限限制 5 19097 1298.00 公顷/阿根廷 Salta 省 无期限限制 6 20016 317 公顷/阿根廷 Salta 省 无期限限制 7 20247 3038.00 公顷/阿根廷 Salta 省 无期限限制 8 17606 500.05 公顷/阿根廷 Salta 省 无期限限制 9 17630 1,026.84 公顷/阿根廷 Salta 省 无期限限制 10 18571 1,833.48 公顷/阿根廷 Salta 省 无期限限制 11 19092 3,087.28 公顷/阿根廷 Salta 省 无期限限制 12 23736 109.4423 公顷/阿根廷 Salta 省 无期限限制 13 19667 300 公顷/阿根廷 Salta 省 无期限限制 2、矿业权最近三年权属变更的方式、时间和审批部门 该采矿权最近三年未发生权属变更。
3、锂盐湖主要产品及其用途、产品销售方式 该矿主要产品为含锂盐湖卤水生产的电池级碳酸锂， 主要作为生 产锂电池正极材料的原材料。该项目产能尚在建设当中。 4、矿产资源储量情况 根据 LAAC 公布的根据 NI 43-101 标准估算的 Pastos Grandes 锂 盐湖项目已勘探的锂盐湖资源量情况如下： 描述 卤水体积 （立方千米） 平均锂浓度 （毫克/升） 资源量总数 锂（吨） 碳酸锂 （吨） （注 3） 实测资源量 1.48 438 662,000 3,521,840 指示资源量 0.97 167 118,000 627,760 实测资源量+指示资源量 2.45 331 780,000 4,149,600 推测资源量 0.49 403 208,000 1,106,560 注：1、资源量估算未采用边界值； 2、资源量数据来源:《NI 43-101 Report》, Atacama water，2023 年 4 月 30 日；3、金属锂转换成碳酸锂的转换系数按 5.32 折算 近期 Pastos Grandes 锂盐湖项目已聘请第三方机构推进资源量估 算更新工作，预计数据更新后项目的资源量总数约为 600 万吨 LCE。 5、本次交易涉及的矿业权各项费用缴纳情况 PGCO 已经根据相关法律法规缴纳和结清了各项相关费用。 6、拟受让的矿业权权属转移需履行的程序 本次交易标的为 PGCO 增发的股份，矿业权仍在 PGCO 名下， 不涉及矿业权权属转移。 （二）Cauchari East 锂盐湖项目基本情况 1、Cauchari East 锂盐湖项目目前处于勘探初期，勘探许可证情 况如下：
序号 勘探许可证 矿区面积/地点 到期日 1 Cauchari East 2,989.48 公顷/阿根廷 Jujuy 省 申请中 2 Cauchari East Extension (Meryllion) 8,742 公顷/阿根廷 Jujuy 省 申请中 2、矿业权最近三年权属变更的方式、时间和审批部门 该项目仍在勘探初期，截至目前该矿业权未发生权属变更。 3、锂盐湖主要产品及其用途、产品销售方式 Cauchari East 锂盐湖项目目前处于勘探初期， 若将来完成勘探后 成功开发，其主要产品可能为锂盐湖卤水生产的锂化合物产品。 4、矿产资源储量情况 目前该项目仍在勘探初期，项目资源量等信息尚不明确。 5、本次交易涉及的矿业权各项费用缴纳情况 PGCO 已经根据相关法律法规缴纳和结清了各项相关费用。 6、拟受让的矿业权权属转移需履行的程序 本次交易标的为 PGCO 增发的股份，矿业权仍在 PGCO 名下， 不涉及矿业权权属转移。 四、协议主要条款 公司拟与 PGCO 及 Millennial、Numberco 、LAAC 签署《投资 协议》，主要条款如下： 1、各方同意，赣锋锂业以不超过 7000 万美元的交易对价认购 PGCO 增发不低于 14.8%的股份， 赣锋锂业应于交割日向PGCO 支付 认购价款。 2、PGCO 有权将本次发行股份融资资金用于推进开发 PGCO 董 事会同意的阿根廷锂项目。 3、LAAC 应向赣锋提供资金预算，说明本次融资资金的预期用
途以及赣锋锂业要求的其他合理信息；LAAC 应告知赣锋锂业 PGCO 何时已全额支出认购款项，以及提供认购款项的使用总结。 4、赣锋锂业对本次交易享有相关决策同意权：(1)自交易完成至 2024 年 12 月 31 日，除非赣锋锂业同意，LAAC 无法向任何第三方 出售 PGCO 股权；（2）2025 年期间，LAAC 如选择向第三方出售 PGCO 股权， 赣锋锂业可基于此次交易估值水平享有优先购买权； （3） 2025 年 12 月 31 日前，如果 LAAC 对 PGCO 的控制权发生变更，赣 锋锂业有权基于此次交易估值水平追加收购 PGCO 股权至 50%。 5、 本次项目由赣锋锂业牵头整合开发， 统筹Pastos Grandes 盆地 锂盐湖的开发和建设计划。 五、本次交易的定价依据及原则 本次认购 PGCO 公司新增发股份，占本次发行后 PGCO 总股本 不低于 14.8%， 交易对价不超过7,000 万美元， 对应投前PGCO 100% 股权估值约 4 亿美元。 本次交易价格由交易各方公平协商确定， 同时 公司参考了市场可比项目资源量估值情况，也参考了净现值模型，充 分论证确认了 Pastos Grandes 锂盐湖项目的内在价值。 公司聘请了专业机构对 Pastos Grandes 项目进行技术尽调以及财 务尽调， 以确保项目的资源量以及实际价值符合本次估值水平， 根据 专业机构的意见以及公司的判断，公司认为 Pastos Grandes 项目的现 金流折现净现值约为 4.36 亿美元，因此本次交易估值水平合理。 市场可比项目资源量估值如下： 项目名称 100%股权对价（百 万美元） 总资源量 （百万吨碳 酸锂当量） 对价/总资源量（百 万吨美元/百万吨碳 酸锂） Pastos Grandes 400 5.26 76.04 Salar del Rincon 825 11.77 70.09",2024-03-06,巨潮资讯网,https://static.cninfo.com.cn/finalpage/2024-03-06/1219242382.PDF,accepted
GFEX-WR-20240306,announcement,广期所碳酸锂仓单日报：仓单减少2062手,广州期货交易所2024-03-06仓单日报显示，碳酸锂仓单总量为13415手，减少2062手。,2024-03-06,广州期货交易所,https://www.gfex.com.cn/gfex/cdrb/hqsj_tjsj.shtml,accepted
CNINFO-002497-1219296584,announcement,关于签署锂辉石精矿承购协议的公告,"1 证券代码： 002497 证券简称：雅化集团 公告 编号：2024-13 四川雅化实业集团股份有限公司 关于签署锂辉石精矿承购协议的公告 本公司及董事会全体成员保证信息披露内容的真实、 准确和完整， 没有虚假记载、 误导性陈述或重大遗漏。 特别提示： 1、 本次签订的协议为锂辉石精矿承购协议， 本协议自签署之日起生效。 因本协议履行 期限较长，在履行过程中如遇国际政治环境、宏观经济、市场行情变化等不可预计或不可 抗力因素的影响，可能存在导致协议无法如期或全部履行的风险。 2、随着本协议的有效履行，将对公司本年度及未来经营成果产生积极作用。 一、协议签署情况 近日，四川雅化实业集团股份有限公司（以下简称“雅化集团”或“公司” ）与澳大利亚 锂矿生产商 Pilbara Minerals Ltd.（以下简称 “Pilbara” ） 的全资子公司Pilgangoora Operations Pty Ltd.（以下简称“Pilgangoora” ）签订了《锂辉石精矿承购协议》 ， （以下简称“本协议”或“协 议” ） ，公司将在2024 年至 2026 年期间向 Pilgangoora 采购锂辉石精矿。 本协议的签署为公司日常经营活动行为， 根据 《深圳证券交易所上市公司自律监管指引第 1 号——主板上市公司规范运作》 《深圳证券交易所股票上市规则》以及 《公司章程》 等相关规 定，按现行价格测算，本协议总金额尚未达到重大合同披露的标准，属公司自愿性披露行为。 本协议的签署无需提交公司董事会、股东大会审议。 二、交易对方基本情况 1、公司名称：Pilgangoora Operations Pty Ltd. 2、商业登记号码：616560395 3、注册地：澳大利亚 4、办公地址：Level 2,146 Colin St, W est Pert,W estern Australia,6005 5、 主营业务： 生产和加工锂辉石精矿。Pilbara 是澳大利亚证券交易所上市的领先锂公司， 也是世界上最大的独立拥有硬岩锂的公司。Pilgangoora 公司位于西澳大利亚资源丰 富的皮尔
2 巴拉地区，生产锂辉石和钽精矿。 6、公司及公司控股股东、实际控制人、董事、监事及高级管理人员与Pilbara 及其全资子 公司 Pilgangoora 之间均不存在关联关系，不涉及关联交易。 7、交易对手方信用良好，具备相应的履约能力。 三、协议的主要内容 （一）买卖双方 卖方：Pilgangoora Operations Pty Ltd. 买方：四川雅化实业集团股份有限公司 （二）协议有效期 本协议自签署之日起生效。 双方商定的协议有效期为2024 年 1 月 1 日至 2026 年 12 月 31 日。 经双方书面同意， 供应期限最多可延长2 次， 每次延长时间为2 年， 从当时的供应结束日 期开始。 （三）协议数量及价格 根据本协议约定，Pilgangoora 2024 年向公司供应锂辉石精矿 2-8 万吨，2025 年至 2026 年 期间每年均向公司供应锂辉石精矿 10-16 万吨。 产品价格根据双方约定的定价方式计算确定。 （四）付款方式 公司通过信用证的方式付款。 （五）违约与终止 根据协议约定， 未发生重大违约的一方可通过向发生重大违约的一方发出书面通知来终止 本协议或减少供应期内供应的产品数量。 本协议将在违约方收到根据协议约定发出的终止通知 后十个工作日自动终止，除非发出终止通知的一方通知违约方终止通知已被撤回。 （六）争议解决 双方应尽合理努力友好解决因本协议引起的或与本协议有关的任何争议。 双方无法解决的 任何争议应提交新加坡国际仲裁中心进行仲裁。 四、本协议对公司的影响 本承购协议的签署为公司现有锂盐产能的释放和未来产能的扩张提供又一锂 资源保障渠 道， 能确保锂精矿3-7年的稳定供应。 随着本协议的有效履行， 能够更好地满足公司生产需求， 为下游国内外客户提供较好的订单保证，将对公司经营成果产生积极作用。 除上述锂 资源以 外， 公司还将在国内外积极储备其他锂资源， 本协议的履行不会对公司业务独立性产生影响，
3 亦不会因本协议的履行而对其形成依赖。 五、风险提示 因本协议履行期限较长， 在履行过程中如遇国际政治环境、 宏观经济、 市场行情变化等不 可预计或不可抗力因素的影响， 可能存在导致协议无法如期或全部履行的风险。 协议已就产品、 数量、 价格、 违约和争议解决等方面的应对措施和责任归属做出明确约定， 但在协议履行期间 可能出现其他问题，仍有可能对本协议的履行造成影响。 敬请广大投资者谨慎决策，注意投资风险。 六、备查文件 1、锂辉石精矿承购协议 特此公告。 四川雅化实业集团股份有限公司董事会 2024 年 3 月 12 日",2024-03-13,巨潮资讯网,https://static.cninfo.com.cn/finalpage/2024-03-13/1219296584.PDF,accepted
CNINFO-002497-1219301007,announcement,关于签署锂辉石精矿承购和销售协议的公告,"1 证券代码： 002497 证券简称：雅化集团 公告 编号：2024-14 四川雅化实业集团股份有限公司 关于签署锂辉石精矿承购和销售协议的公告 本公司及董事会全体成员保证信息披露内容的真实、 准确和完整， 没有虚假记载、 误导性陈述或重大遗漏。 特别提示： 1、 因本协议履行期限较长， 在履行过程中如遇国际政治环境、 宏观经济、 市场行情变 化等不可预计或不可抗力因素的影响，可能存在导致协议无法如期或全部履行的风险。 2、 本协议约定从2024年第四季度开始供货， 但锂辉石精矿稳定生产的时间具有一定的 不确定性，因而未来产品实际交付的时间可能存在偏差。 3、协议已就产品、数量、价格、违约和争议解决等方面的应对措施和责任归属做出明确 约定，但在协议履行期间可能出现其他问题，仍有可能对本协议的履行造成影响。 4、随着本协议的有效履行，将对公司本年度及未来经营成果产生积极作用。 一、协议签署情况 3 月 12 日，四川雅化实业集团股份有限公司（以下简称“雅化集团”或“公司” ）下属全 资子公司雅化国际投资发展有限公司 （以下简称 “雅化国际” 或 “买方” ） 与Electramin DMCC （以下简称 “DMCC 公司” 或 “卖方” ） 签订了 《承购和销售协议》 （以下简称 “本协议” 或 “协 议” ） ，雅化国际将在2024 年至 2028 年期间向 DMCC 公司采购锂辉石精矿。 本协议的签署为公司日常经营活动行为， 根据 《深圳证券交易所上市公司自律监管指引第 1 号——主板上市公司规范运作》 《深圳证券交易所股票上市规则》 以及 《公司章程》 等相关规 定，按现行价格测算，本协议总金额尚未达到重大合同披露的标准，属公司自愿性披露行为。 本协议的签署无需提交公司董事会、股东大会审议。 二、交易对方基本情况 1、企业名称：Electramin DMCC 2、注册号：DMCC194831 3、地址：BA833, DMCC Business Centre, Level No 1, Jewellery and Gemplex 3; Dubai, United
2 Arab Emirates 4、 公司及公司控股股东、 实际控制人、 董事、 监事及高级管理人员和子公司与DMCC 公 司之间均不存在关联关系，不涉及关联交易。 5、交易对手方信用良好，具备相应的履约能力。 三、协议的主要内容 （一）买卖双方 卖方：Electramin DMCC 买方：雅化国际投资发展有限公司 （二）协议有效期 本协议自签署之日起生效。 双方商定的协议有效期为2024 年 1 月 1 日至 2028 年 12 月 31 日。 （三）协议数量及价格 根据协议约定，2024 年交付第一批产品， 数量不少于1.5 万吨锂辉石精矿， 将在第四季度 发运；2025 年至 2028 年每年交付的数量均不少于 12.5 万吨锂辉石精矿。 产品价格根据双方约定的定价方式计算确定。 （四）付款方式 通过信用证的方式付款。 （五）违约与终止 买方或卖方发生违约事件后， 除了守约方普通法、 衡平法或其他方面可能拥有的任何其他 权利或法律救济外， 守约方还可以书面通知另一方终止本协议。 无论出于何种原因终止本协议， 均不影响任何一方在该终止前已产生的任何义务或权利， 也不影响或损害本协议中明确规定或 暗示在该终止后生效或继续生效的任何条款。 （六）争议解决 如果双方之间出现任何争议，双方应本着善意进行不少于 30 天的友好协商，以尝试解决 该争议。 如果双方无法在该期限内解决争议， 任何一方均可将争议事项提交仲裁， 并按双方约 定的仲裁规则执行。 四、本协议对公司的影响 公司 2022 年与 DMCC 公司签署锂原矿承购协议后， 双方顺利按约履行， 根据锂矿资源的 开发进度， 目前双方又进一步签署了锂精矿承购协议， 为公司锂盐产品生产带来多渠道的资源 保障， 从而进一步提高产品的核心竞争力。 随着本协议的有效履行， 将对公司未来经营成果产
3 生积极作用。 除上述锂资源以外， 公司在国内外还拥有其他锂资源供应渠道， 本协议的履行不 会对公司业务独立性产生影响，亦不会因本协议的履行而对其形成依赖。 五、风险提示 1、因本协议履行期限较长，在履行过程中如遇国际政治环境、宏观经济、市场行情变化 等不可预计或不可抗力因素的影响，可能存在导致协议无法如期或全部履行的风险。 2、 本协议约定从2024 年第四季度开始供货， 但锂辉石精矿稳定生产的时间具有一定的不 确定性，因而未来产品实际交付的时间可能存在偏差。 3、协议已就产品、数量、价格、违约和争议解决等方面的应对措施和责任归属做出明确 约定，但在协议履行期间可能出现其他问题，仍有可能对本协议的履行造成影响。 敬请广大投资者谨慎决策，注意投资风险。 六、备查文件 1、承购和销售协议 特此公告。 四川雅化实业集团股份有限公司董事会 2024 年 3 月 13 日",2024-03-14,巨潮资讯网,https://static.cninfo.com.cn/finalpage/2024-03-14/1219301007.PDF,accepted
CNINFO-300390-1219330639,announcement,关于开展期货套期保值业务的公告,"证券代码：300390 证券简称：天华新能 公告编号：2024-009 苏州天华新能源科技股份有限公司 关于开展期货套期保值业务的公告 重要内容提示： 1、 交易目的： 为避免锂电材料价格波动带来的不利影响， 苏州天华新能源科技 股份有限公司（以下简称“公司”）拟开展期货套期保值业务，通过套期保值的避险 机制降低市场价格波动给公司带来的经营风险，保持公司经营业绩持续稳定。 2、交易金额：公司开展套期保值业务，所需交易保 证金上限不超过人民币 5 亿元； 任一交易日持有的最高合约价值不超过人民币20 亿元， 上述额度在有效期限 内可循环滚动使用。本次业务期限内任一时点的交易金额（含前述交易的收益进行 再交易的相关金额）将不超过前述已审议额度。 3、 交易品种及场所：公司拟开展的期货套期保值的品种仅限于与公司生产经营 有直接关系的锂盐等相关期货品种；交易场所仅限于中国境内合法运营的期货交易 所。 4、 审议程序： 该事项已经公司第六届董事会第十三次会议审议通过。 本次交易 事项在董事会审批权限内，无需提交股东大会审议。 5、 特别风险提示： 公司进行期货套期保值业务不以投机、 套利为目的， 均以正 常生产经营为基础， 主要为有效规避锂电材料价格剧烈波动对公司经营带来的影响， 但进行套期保值交易仍存在一定的风险。敬请投资者注意投资风险。 公司于 2024 年 3 月 18 日召开第六届董事会第十三次会议，审议通过了《关于 开展期货套期保值业务的议案》，因公司业务发展的需要，拟开展期货套期保值业 本公司及董事会全体成员保证 信息披露的内容真实、准确、完整，没有虚假 记载、误导性陈述或重大遗漏。
务，现将有关情况公告如下： 一、开展期货套期保值业务的目的 近年来， 锂电材料价格波动巨大， 为降低市场价格波动给公司带来的经营风险， 保持公司经营业绩持续稳定，公司拟利用期货衍生品等工具的避险保值功能，根据 生产经营计划择机开展套期保值业务，增强公司抗风险能力，有效降低市场价格波 动风险，保障业务的持续规模化经营和企业稳步发展。 二、开展期货套期保值业务的基本情况 公司董事会授权经营管理层及其授权人士开展期货套期保值业务，并按照公司 制定的《期货套期保值业务管理制度》相关规定及流程，进行套期保值业务操作及 管理。 1、交易品种 公司开展期货套期保值业务的期货品种仅限于与公司生产经营有直接关系的锂 盐等相关期货品种。 2、交易工具 期货衍生品合约。 3、交易场所 仅限于中国境内合法运营的期货交易所。 4、资金额度 公司开展套期保值业务，所需交易保证金上限不超过人民币 5 亿元；任一交易 日持有的最高合约价值不超过人民币 20 亿元，上述额度在有效期限内可循环滚动使 用。本次业务期限内任一时点的交易金额（含前述交易的收益进行再交易的相关金 额）将不超过前述已审议额度。 5、资金来源 公司自有及自筹资金，不涉及募集资金。
6、业务期限 自公司第六届董事会第十三次会议审议通过之日起 12 个月内有效。 如单笔交易 的存续期超过了授权期限，则授权期限自动顺延至该笔交易终止时止。 三、期货套期保值业务审议程序 本次期货套期保值业务已经第六届董事会第十三次会议审议通过，本次交易事 项在董事会的审批权限内，无需提交股东大会审议。 四、开展期货套期保值业务的风险分析 公司开展期货套期保值业务不以投机为目的，主要为有效降低新能源市场原材 料及产成品市场价格剧烈波动可能对公司经营带来的影响，但同时也会存在一定的 风险，具体如下： 1、市场风险 理论上，各期货交易品种在临近交割期时期货市场价格和现货市场价格将趋于 回归一致，但在极个别的非理性市场情况下，如市场发生系统性风险，期货价格与 现货价格走势相背离等，会对公司的套期保值操作方案带来影响，甚至造成损失。 2、政策风险 如期货市场相关法规政策发生重大变化，可能导致市场发生剧烈波动或无法交 易的风险。 3、流动性风险 期货交易采取保证金和逐日盯市制度，按照经公司审批的方案下单操作时，如 果合约活跃度较低，导致套期保值交易需求无法成交或无法在适当价位成交，令实 际交易结果与方案设计出现较大偏差，甚至面临因行情剧烈波动未能及时补足保证 金而被强行平仓带来的损失。 4、内部控制风险 期货交易专业性较强，复杂程度较高，可能会产生由于内控体系不完善造成的
风险； 5、技术风险 由于无法控制和不可预测的系统故障、网络故障、通讯故障等造成交易系统非 正常运行，导致交易指令延迟、中断或数据错误等问题。 五、风险控制措施 1、 公司严格执行有关法律法规， 制定 《期货套期保值业务管理制度》 ， 对公司 开展期货套期保值业务的审批权限、操作流程及风险控制等方面做出明确的规定， 建立有效的监督检查、风险控制和交易止损机制，降低内部控制风险； 2、 合理设置公司期货业务组织机构， 建立岗位责任制， 明确各相关部门和岗位 的职责权限，严格在董事会批准的权限内办理公司期货套期保值业务。同时，加强 相关人员的职业道德教育及业务培训，提高相关人员的综合素质，提升相关人员的 专业知识； 3、 公司期货套期保值业务仅限于与公司经营业务相关性高的期货品种， 业务规 模将与公司经营业务相匹配，最大程度对冲价格波动风险。在制订交易方案的同时 做好资金测算，以确保可用资金充裕；严格控制套期保值的资金规模，合理规划和 使用资金，在市场剧烈波动时做到合理止损，有效规避风险； 4、 公司内部审计部门定期及不定期对套期保值交易业务进行检查， 监督套期保 值交易业务人员执行风险管理制度和风险管理工作程序，及时防范业务中的操作风 险。 5、 公司不断加强相关工作人员的职业道德教育及业务培训， 提高综合素质。 加 强对国家及相关监管机构政策的把握和理解， 及时合理地调整套期保值思路与方案。 六、开展期货套期保值业务的会计核算原则 公司根据 《企业会计准则第22 号——金融工具确认和计量》 、 《企业会计准则 第 24 号——套期会计》、《企业会计准则第 37 号——金融工具列报》、《企业会 计准则第 39 号——公允价值计量》 等相关规定及其指南， 对期货套期保值业务进行
相应的核算处理，并在财务报告中正确列报。 七、独立董事专门会议意见 经审议，全体独立董事认为： 公司开展期货套期保值业务是以风险防范为目的， 有利于降低原料或产品价格波动风险，符合公司业务发展及日常经营需要，有利于 公司长期稳健发展。公司通过开展期货套期保值业务来规避原料或产品价格波动风 险是合理的。相关决策程序符合国家相关法律、法规及《公司章程》的有关规定。 公司已制定《期货套期保值业务管理制度》，明确了审批权限、专业管理、风险控 制等内部控制程序，对公司控制期货套期保值风险起到了保障的作用。公司亦对期 货套期保值业务的开展作出了明确规定，不存在损害公司和全体股东尤其是中小股 东利益的情形。综上，我们一致同意公司开展期货套期保值业务。 八、保荐机构核查意见 经核查，保荐机构认为：公司本次开展期货套期保值业务旨在充分利用期货市 场的套期保值功能，降低生产经营因原材料或产成品价格波动带来的经营风险，降 低对公司正常经营的影响。公司开展期货套期保值业务与日常经营需求紧密相关， 已建立相应内控管理制度及风险控制措施。上述事项已经公司第六届董事会第十三 次会议审议通过，符合相关法律法规的规定并履行了必要的法律程序。 综上，天风证券对天华新能开展期货套期保值业务的事项无异议。 九、备查文件 1、公司第六届董事会独立董事 2024 年第一次专门会议决议； 2、公司第六届董事会第十三次会议决议； 3、天风证券股份有限公司关于公司开展期货套期保值业务的核查意见； 4、关于开展期货套期保值业务的可行性分析报告。 特此公告。 苏州天华新能源科技股份有限公司董事会 2024 年 3 月 18 日",2024-03-18,巨潮资讯网,https://static.cninfo.com.cn/finalpage/2024-03-18/1219330639.PDF,accepted
CNINFO-002466-1219347936,announcement,关于公司控股子公司拟投资设立合资公司的公告,"1 股票代码： 002466 股票简称：天齐锂业 公告编号： 2024-010 天齐锂业股份有限公司 关于控股子公司拟投资设立合资公司 的公告 本公司及董事会全体成员保证信息披露的内容真实、准确、 完整，没有虚假记载、误导性陈述或重大遗漏。 一、对外投资概述 为推进天齐锂业股份有限公司 （以下简称“公司”） 控股子公司四川天齐盛合锂业有 限公司 （以下简称 “盛合锂业” ）位于中国四川省甘孜藏族自治州雅江县甲基卡锂矿区（以 下简称“甲基卡矿区”）的措拉锂辉石矿采选工程（以下简称“措拉项目”）建设，盛合 锂业拟与甲基卡矿区其他锂产业企业共同投资建设和运营电力基础设施。 2024 年 3 月 18 日， 盛合锂业与雅江县斯诺威矿业发展有限公司 （以下简称“斯诺威”） 和雅江县惠绒矿业有限责任公司（以下简称“惠绒矿业”）于成都签署完成了《共建共享 甲基卡矿区 220kV 输变电项目合作协议》（以下简称“《合作协议》”）。 三方拟共同 出资设立一家合资公司（以下简称 “三方合资公司” ），并由三方合资公司出资建设 220kV 输变电项目，以满足各方的用电需求。三方合资公司的注册资本为 3 亿元人民币；盛合锂 业、斯诺威、 惠绒矿业拟以货币方式分别出资 1 亿元人民币，认购三方合资公司 33.33%股 份。 三方合资公司不纳入公司合并报表范围，其设立尚需取得市场监督管理部门等有权部 门的审核批准，《合作协议》能否按照约定的内容按期执行尚存在一定的不确定性。根据 《深圳证券交易所股票上市规则》《公司章程》等法律法规的相关规定，本次交易不构成 关联交易，亦不构成《上市公司重大资产重组管理办法》规定的重大资产重组。本次交易 无需提交公司董事会及股东大会审议。 二、交易对方基本情况 （一） 雅江县斯诺威矿业发展有限公司 1、基本情况 公司名称 雅江县斯诺威矿业发展有限公司 注册资本 5,075 万元人民币
2 成立日期 2008 年 11 月 19 日 法定代表人 易传斌 统一社会信用代码 91513325MA62G28979 注册地址 四川省甘孜藏族自治州雅江县河口镇解放街 73 号 3 楼 301 室 公司类型 有限责任公司（非自然人投资或控股的法人独资） 经营范围 许可项目：矿产资源勘查；非煤矿山矿产资源开采；金属与非金属 矿产资源地质勘探。 （依法须经批准的项目，经相关部门批准后方 可开展经营活动， 具体经营项目以相关部门批准文件或许可证件为 准）一般项目：新兴能源技术研发；化工产品生产（不含许可类化 工产品）；化工产品销售（不含许可类化工产品）；选矿；新材料 技术研发；新材料技术推广服务；矿物洗选加工；金属矿石销售； 采矿行业高效节能技术研发； 地质勘查技术服务； 矿业权评估服务。 （除依法须经批准的项目外，凭营业执照依法自主开展经营活动） 股东情况 宁德时代新能源科技股份有限公司持有斯诺威 100%股权， 为斯诺威 控股股东。斯诺威实际控制人为曾毓群。 2、 本次交易前，斯诺威与公司不存在关联关系， 与公司及公司控股股东、 实际控制人、 董事、 监事、 高级管理人员在产权、 业务、 资产、 债权债务、 人员等方面不存在关联关系。 3、斯诺威系依法设立并存续的独立法人主体， 不属于失信被执行人， 具有良好的信誉 和履约能力。 （二）雅江县惠绒矿业有限责任公司 1、基本情况 公司名称 雅江县惠绒矿业有限责任公司 注册资本 11,963.0952 万元人民币 成立日期 2015 年 6 月 16 日 法定代表人 高隆基 统一社会信用代码 91513325MA62G0NQ6N 注册地址 四川省甘孜藏族自治州雅江县粮食局步行街二期二幢 502 公司类型 有限责任公司（自然人投资或控股） 经营范围 矿业投资， 有色金属采选， 矿产品加工， 矿产品贸易， 商业贸易 （依
3 法须经批准的项目，经相关部门批准后方可开展经营活动） 股权结构 该公司实际控制人为高莹，主要股东及持股情况如下： 股东名称 持股比例 四川启成矿业有限公司 70.97% 四川盛屯锂业有限公司 15.10% 厦门创益盛屯新能源产业投资合伙企业（有限合伙） 13.93% 合计 100.00% 2、 本次交易前，惠绒矿业与公司不存在关联关系， 与公司及公司控股股东、 实际控制 人、董事、监事、高级管理人员在产权、业务、资产、债权债务、人员等方面不存在关联 关系。 3、惠绒矿业系依法设立并存续的独立法人主体， 不属于失信被执行人， 具有良好的信 誉和履约能力。 三、拟设合资公司 基本情况 以下情况以三方合资公司设立后市场监督管理部门注册登记内容为准。 1、公司名称：四川天盛时代新能源有限公司（暂定名） 2、注册资本：三方合资公司注册资本为 3 亿元人民币； 其中斯诺威以货币出资1 亿元 人民币， 占三方合资公司注册资本的 33.33%； 盛合锂业以货币出资 1 亿元人民币， 占三方 合资公司注册资本的 33.33%； 惠绒矿业以货币出资1 亿元人民币， 占三方合资公司注册资 本的 33.33%。 3、经营范围：供电、 电力购售；电力规划、电网投资与建设；电网、电站的运营、 管 理、设计、咨询、安装、检修及维护；高低压电器及配件，自动化仪器、仪表、照明设备 标牌生产、销售、维修服务；技术推广与服务。 4、注册地址： 拟设在四川省甘孜藏族自治州雅江县。 5、出资方式及资金来源： 现金出资，资金来源为自有资金。 6、合作项目的基本情况 （1）项目名称：甲基卡矿区 220kV 输变电工程项目 （2） 项目合作方式： 设立三方合资公司作为项目建设主体， 由三方合资公司签署并执 行项目建设的各类协议，作为项目资产持有、运营和处置的主体。 （3） 项目建设计划： 拟建设甲基卡矿区电力线及相关配套设施， 以保障矿区生产生活
4 电力需求。具体以三方合资公司决策、政府审批及各类合同约定为准。 （4） 项目总投资为3 亿元人民币。 若由于各股东方及其关联方在甲基卡矿区新增项目 等原因， 导致三方合资公司建设的220kV 输变电项目容量不能满足各方经营需要， 需进一 步扩容建设、增加资金投入的，由各方另行协商增资方案。 四、《合作协议》 主要内容 1、协议主体 甲方：雅江县斯诺威矿业发展有限公司 乙方：四川天齐盛合锂业有限公司 丙方：雅江县惠绒矿业有限责任公司 2、项目计划 由协议三方共同出资成立三方合资公司。拟建设甲基卡矿区电力线及相关 配套设施， 以保障矿区生产生活电力需求。 具体以三方合资公司决策、 政府审批及各类合同约定为准。 在符合法律、法规规定的前提下，三方合资公司的任意一方股东及其关联公司可使用 项目公司建设的项目设施，以不收取费用为原则（或者三方按同等标准收费，以满足财税 合规要求，具体由董事会决定）。若股东方及其关联公司以外的主体使用项目公司建设的 项目设施，应当收取费用，届时由项目公司董事会确定使用费等具体事宜。 3、三方合资公司设立 3.1 前提条件 各方同意，项目公司设立以所有下列条件得以满足为前提： （1）《合作协议》生效； （2） 各方就三方合资公司设立事宜完成了必要的经营者集中申报程序， 并取得了监管 部门同意实施集中的意见； （3）各方无重大不利变化，不存在违反《合作协议》项下承诺与保证。 各方同意， 如果以上任何先决条件未能在本协议签订之日起90 个工作日内得到满足， 则任意一方有权（无义务）单方面终止本协议，本协议自该方发出书面解除通知书之日即 终止。一方的前述单方解约行为不构成对本协议的违约。 3.2 三方合资公司 设立时的资本金、股权结构 股东名称 认缴出资额（万元） 持股比例 出资期限 四川天齐盛合锂业有限公司 10,000 33.33%
5 雅江县斯诺威矿业发展有限公司 10,000 33.33% 自公司设立之日起 5 年 内缴足 雅江县惠绒矿业有限责任公司 10,000 33.33% 合计 30,000 100% 各股东方均以货币方式出资；股东方根据项目公司实际需求的金额、时间，按各自认 缴的出资比例分批实缴资本金。由于公司登记系统原因，可能某一方股东的股权比例登记 为 33.34%，不影响各股东的认缴股权比例相等，均为 1/3。 4、公司治理 （1）股东会 三方合资公司设股东会，由全体股东组成，是公司的最高权力机构， 依照 《公司法》 和合资公司章程的相关规定行使其职权。 股东按其实缴的持股比例行使表决权，股东会决议中的全部事项必须经代表四分之三 以上（含本数）表决权的股东表决通过。对股东按《合作协议》约定各自提名的董事、监 事人选议案以及本协议约定应当执行的事项，各方均有义务投赞成票。 （2）董事会 三方合资公司设董事会，由 3 人组成，由斯诺威委派 1 人，盛合锂业委派 1 人，惠绒 矿业委派 1 人，惠绒矿业委派人员担任董事长，董事长任法定代表人。 （3）监事 三方合资公司设监事会，共设 3 名监事，由斯诺威、盛合锂业、惠绒矿业各自推荐 1 名人选担任。监事有权随时查阅三方合资公司的财务信息，股东方应督促公司 予以配合。 （4）项目公司设总经理， 由董事会聘任斯诺威推荐的人选担任 （可由其委派的董事兼 任）；项目公司设财务部总监 1 名，由盛合锂业推荐，为财务负责人；斯诺威、惠绒矿业 各推荐 1 名财务主管。 5、违约责任 和终止 （1） 任一方无正当理由不配合《合作协议》约定办理项目公司设立登记， 每逾期1 日， 违约方应向每一守约方支付违约金 10 万元。逾期超过 30 日的，任一守约方有权单方面解 除本协议，违约方应向每一守约方支付违约金 500 万元。 （2） 如一方未能按《合作协议》约定按时向项目公司提供资金投入的， 构成违约， 守 约方有权（但无义务）选择是否向项目公司超股比投入。若守约方选择超股比投入，其有 权按照年化 18%的标准向违约方收取资金占用费。 以上资金利息或资金占用费的计算基数
6 均为守约方向项目公司支付的超股比部分投入金额，计算期间均为守约方超股比部分金额 投入之日起至违约方向守约方归还该超股比部分投入资金之日止。 （3） 任一方有其他违约行为的， 应据实赔偿因此给守约方造成的全部损失 （包括律师 费、公证费、诉讼费用、仲裁费用等）。 6、法律适用和争议解决 本协议适用中华人民共和国法律（不含香港、澳门、台湾法律）。 因本协议产生的或与本协议有关的任何分歧、争议或索赔，双方均应以友好信任的精 神协商解决； 若任何一方发出要求协商的书面通知后30 日内仍未能通过协商解决， 任何一 方均有权向项目公司住所地有管辖权的人民法院通过诉讼解决。 7、生效条件和生效时间 ：本协议经各方的法定代表人或授权代表签字并加盖各自的公 章后立即生效。 五、本次对外投资的目的、存在的风险和对公司的影响 （一）对外投资的目的 鉴于甲基卡矿区的客观自然条件，包括电力基础配套设施存在唯一性，矿区企业合作 共建配套设施， 是保障矿产资源开发利用的最佳方式。公司控股子公司盛合锂业与斯诺威、 惠绒矿业成立三方合资公司有利于促进公司措拉项目的建设，进一步加速将公司的资源转 换成客观的产能/产量供给， 提升公司生产原料供应链 （尤其是国内锂盐生产原料供应） 的 稳定性，与澳大利亚格林布什矿山一起成为公司现有及未来规划锂化合物产能的双重资源 保障。 （二）对公司的影响 三方合资公司成立后，将独立财务核算，健全机构，完善机制，加强各项管理，本次 投资由公司控股子公司盛合锂业以自有资金投入，投资金额风险可控，不会对公司财务状 况及生产经营造成重大不利影响，不存在损害公司及全体股东利益的情形。 （三）可能存在的风险 1、审批风险 合资公司设立后，需进行电力设施相关项目申报审批，虽然在签署《合作协议》时已 就此与政府相关有权部门进行过前期沟通，但能否申报成功存在不确定性。此外，合资公 司设立尚需完成必要的经营者集中申报程序，并取得监管部门同意实施集中的意见。 2、项目建设进程滞后风险 （1）目前公司正在积极有序地推进关于措拉项目的相关工作，盛合锂业已于 2024 年
7 1 月 9 日取得雅江县发展和改革局关于措拉锂辉石矿特白沟尾矿库项目的备案。措拉项目 的启动建设将依赖于基础设施建设，如矿山电力设施的建设进度不达预期，措拉项目建设 及投产时间将相应滞后。 （2） 在项目建设、 实施过程和运营中， 受资金短缺、 政策变化或不可控因素影响， 可 能面临建设施工管理受阻、建设或生产设备延缓交付、建设成本上升等困难，导致项目建 设进度、投资总额、收益水平达不到预期目标。 六、其他说明 《合作协议》仅为各方经友好协商达成的约定，尚需取得市场监督管理部门等有权部 门的审核批准，协议能否按照约定的内容按期执行尚存在一定的不确定性。后续工作的实 施与开展，尚需协议各方进一步落实和推进，履行相应的审批程序。 未来如有重要信息更新或重大进展，公司将及时履行披露义务，请广大投资者谨慎投 资， 注意投资风险。 公司指定的信息披露媒体为 《证券时报》 《证券日报》 《中国证券报》 《上海证券报》 和巨潮资讯网 （http://www.cninfo.com.cn） ， 公司所有信息均以在上述指定 媒体刊登的信息为准。 特此公告。 天齐锂业股份有限公司董事会 二〇二四年三月二十日",2024-03-20,巨潮资讯网,https://static.cninfo.com.cn/finalpage/2024-03-20/1219347936.PDF,accepted
GFEX-WR-20240325,announcement,广期所碳酸锂仓单日报：仓单减少901手,广州期货交易所2024-03-25仓单日报显示，碳酸锂仓单总量为13101手，减少901手。,2024-03-25,广州期货交易所,https://www.gfex.com.cn/gfex/cdrb/hqsj_tjsj.shtml,accepted
CNINFO-002460-1219401841,announcement,关于与Pilbara公司签署合作协议的公告,"证券代码： 002460 证券简称：赣锋锂业 编号：临 2024-017 江西赣锋锂业 集团股份有限公司 关于与 Pilbara公司签署合作协议的 公告 特别提示： 1、本合同各方均具备履约能力，但在合同履行过程中，如遇政 策、市场环境等不可预计或不可抗力因素的影响，将可能会导致合 同无法正常履行的风险。 2、本合同的履行预计对公司 2024 年财务状况和经营成果无重大 影响，对公司未来经营业绩有积极影响。 一、合同签署概況 近日，江西赣锋锂业集团股份有限公司（以下简称“公司”）与 澳大利亚 Pilbara Minerals Limited（以下简称“ Pilbara”）签署了《合 作协议》（（以下简称“本协议”），双方各出资 50%开展锂化工厂 项目的可行性研究， 并根据可行性研究结果由双方共同批准推进最终 投资决定以及成立合资公司。 根据《深圳证券交易所股票上市规则》及《公司章程》等相关规 定，本次交易不构成关联交易，亦不构成重大资产重组，无需提交董 事会及股东大会审议 。 二、交易对方的基本信息 Pilbara 是澳大利亚的一家锂资源公司， 澳大利亚证券交易所代码 为 PLS，成立于 2005 年 1 月 10 日，注册地址为 Level 2, 88 Colin 本公司及董事会全体成员保证公告内容的真实、准确和完整， 没有虚假记载、误导性陈述或重大遗漏。
Street, WEST PERTH W A, AUSTRALIA 6005。截至本公告披露日，发 行在外的普通股数为 3,009,468,000 股， 其最大股东HSBC CUSTODY NOMINEES (AUSTRALIA) LIMITED 持有 Pilbara 648,918,944 股， 持股比例 21.56%。 Pilbara 为全球知名锂矿供应商， 经营状况与信用状况良好， 具备 本协议的履约能力，与公司、实际控制人、董事、监事、高级管理人 员不存在关联关系。 三、合同的主要内容 1、 赣锋锂业与Pilbara 各出资 50%开展锂化工厂项目的可行性研 究， 各方应提供与可行性研究相关的技术支持和协助， 并共同管理可 行性研究。 2、根据可行性研究结果，由双方共同批准推进最终投资决定以 及成立合资公司。 3、如果双方批准推进最终投资决定， 赣锋锂业与 Pilbara 将各持 有合资公司 50%股权（在不引进第三方投资人的前提 下） ， 一方有权 任命合资公司首席执行官， 另一方有权任命首席财务官。Pilbara 将与 合资公司签署包销协议，Pilbara 向合资公司每年供应 30 万吨锂精矿， 协议期限为 15 年。 4、若最终投资决定未获批准， Pilbara 将在 2027 年至 2030 年， 在现有的包销协议基础上，每年向赣锋锂业额外供应 10 万吨锂辉石 精矿，同时豁免双方此前约定的 Pilgangoora 二期扩建的包销义务。 四、对公司的影响 公司本次与 Pilbara 签署合作协议，有利于加深与供应商 Pilbara 的合作关系， 保障公司原材料的稳定供应， 同时提高公司锂化合物产 能， 完善公司锂化合物产能的多元化布局， 提高公司锂化合物供应能
力，提升公司的持续盈利能力，促进公司长远发展。 本合同的履行预计对公司 2024 年财务状况和经营成果无重大影 响， 对未来经营业绩有积极影响。 本合同的履行对公司业务的独立性 无影响。公司与本次协议签署方不存在任何关联关系。 五、风险提示 1、本协议各方均具备履约能力，但在协议履行过程中，如遇政 策、 市场环境等不可预计或不可抗力因素的影响， 将可能会导致协议 无法正常履行的风险。 2、合资公 司锂化工厂选址、产能规模、投资规模将根据可行性 研究结果和最终投资方案确定，存在一定不确定性。 敬请广大投资者理性投资，注意投资风险。 六、备查文件 与 Pilbara 签订的 《合作协议》。 特此公告。 江西赣锋锂业 集团股份有限公司 董事会 2024 年 3 月 26 日",2024-03-26,巨潮资讯网,https://static.cninfo.com.cn/finalpage/2024-03-26/1219401841.PDF,accepted
CNINFO-002240-1219425393,announcement,关于开展商品期货套期保值业务的公告,"证券代码：002240 证券简称：盛新锂能 公告编号：2024-029 盛新锂能集团股份有限公司 关于开展商品期货套期保值业务的公告 本公司及董事会全体成员保证信息披露内容的真实、准确和完整，没有虚 假记载、误导性陈述或重大遗漏。 盛新锂能集团股份有限公司（以下简称“公司” ）于 2024 年 3 月 27 日召开 第八届董事会第九次会议， 审议通过了 《关于开展商品期货套期保值业务的议案》， 尚需提交 2023 年年度股东大会审议。因公司及控股子公司业务发展的需要，拟 开展商品期货套期保值业务，现将有关情况公告如下： 一、开展商品期货套期保值业务的目的 公司主要从事锂电新能源材料业务， 主要产品为碳酸锂、 氢氧化锂等锂盐产 品， 生产经营过程中需要纯碱和烧碱作为重要原材料。为降低原材料及产品价格 波动给公司带来的经营风险， 保持公司经营业绩持续、 稳定， 公司及控股子公司 拟利用期货工具的避险保值功能， 根据生产经营计划择机开展锂盐、纯碱和烧碱 的商品期货套期保值业务， 有效降低原材料及产品市场价格波动风险， 保障主营 业务稳步发展。 本次开展商品期货套期保值业务，工具选择为与公司生产经营相关的锂盐、 纯碱和烧碱期货品种，预计将有效控制原材料及产成品价格波动风险敞口。 二、开展商品期货套期保值业务的基本情况 公司将严格按照 《商品期货套期保值业务管理制度》 相关规定及流程， 进行 套期保值业务操作及管理。 1、交易品种 公司及控股子公司 开展商品期货套期保值业务的期货品种仅限于与公司生 产经营有直接关系的锂盐、纯碱和烧碱期货品种； 2、资金额度 公司及控股子公司开展套期保值业务的保证金金额不超过人民币 6 亿元（不 含期货标的实物交割款项） ，任一交易日持有的最高合约价值不超过 20 亿元，上
述额度在有效期限内可循环滚动使用； 3、资金来源 公司自有及自筹资金，不涉及募集资金； 4、业务期限 本次交易额度有效期自公司 2023 年年度股东大会审议通过之日起 12 个月内 有效。 如单笔交易的存续期超过了授权期限， 则授权期限自动顺延至该笔交易终 止时止。 三、商品期货套期保值业务审议程序 本次商品期货套期保值业务已经公司第八届董事会第九次会议审议通过， 尚 需提交 2023 年年度股东大会审议。 四、开展商品期货套期保值业务的风险分析 公司及控股子公司开展套期保值业务不以投机为目的， 主要为有效降低锂盐 产品、纯碱和烧碱市场价格剧烈波动可能对公司经营带来的影响， 但同时也会存 在一定的风险，具体如下： 1、市场风险 理论上， 各交易品种在临近交割期时期货市场价格和现货市场价格将趋于回 归一致， 但在极个别的非理性市场情况下， 如市场发生系统性风险， 期货价格与 现货价格走势相背离等， 会对公司的套期保值操作方案带来影响， 甚至造成损失； 2、政策风险 如期货市场相关法规政策发生重大变化， 可能导致市场发生剧烈波动或无法 交易的风险； 3、流动性风险 期货交易采取保证金和逐日盯市制度，按照经公司审批的方案下单操作时， 如果合约活跃度较低， 导致套期保值持仓无法成交或无法在合适价位成交， 令实 际交易结果与方案设计出现较大偏差， 甚至面临因未能及时补足保证金而被强行 平仓带来的损失； 4、内部控制风险 期货交易专业性较强， 复杂程度较高， 可能会产生由于内控体系不完善造成 的风险；
5、技术风险 由于无法控制和不可预测的系统故障、 网络故障、 通讯故障等造成交易系统 非正常运行， 使交易指令出现延迟、 中断或数据错误等问题， 从而带来相应风险。 五、风险控制措施 1、公司严格执行有关法律法规， 制定 《商品期货套期保值业务管理制度》 ， 对公司及控股子公司开展商品期货套期保值业务的审批权限、 操作流程及风险控 制等方面做出明确的规定， 建立有效的监督检查、 风险控制和交易止损机制， 降 低内部控制风险； 2、合理设置公司期货业务组织机构，建立岗位责任制，明确各相关部门和 岗位的职责权限， 严格在股东大会批准的权限内办理公司商品期货套期保值业务。 同时， 加强相关人员的职业道德教育及业务培训， 提高相关人员的综合素质， 提 升相关人员的专业知识； 3、公司及控股子公司商品期货套期保值业务仅限于与公司经营业务相关性 高的期货品种， 业务规模将与公司经营业务相匹配， 最大程度对冲价格波动风险。 在制订交易方案的同时做好资金测算， 以确保可用资金充裕； 严格控制套期保值 的资金规模， 合理规划和使用资金， 在市场剧烈波动时做到合理止损， 有效规避 风险； 4、公司内部审计部门定期及不定期对套期保值交易业务进行检查，监督套 期保值交易业务人员执行风险管理制度和风险管理工作程序， 及时防范业务中的 操作风险。 六、开展商品期货套期保值业务的会计核算原则 公司根据 《企业会计准则第22 号——金融工具确认和计量》《企业会计准则 第 24 号——套期会计》《企业会计准则第 37 号——金融工具列报》《企业会计准 则第 39 号——公允价值计量》等相关规定及其指南，对商品期货套期保值业务 进行相应的核算处理，并在财务报告中正确列报。 七、备查文件 1、公司第八届董事会第九次会议决议； 2、关于开展商品期货套期保值业务的可行性分析报告。 特此公告。
盛新锂能集团股份有限公司 董事会 二〇二四年三月二十七日",2024-03-28,巨潮资讯网,https://static.cninfo.com.cn/finalpage/2024-03-28/1219425393.PDF,accepted
CNINFO-002466-1219430718,announcement,关于开展碳酸锂商品期货套期保值业务的公告,"1 股票代码： 002466 股票简称：天齐锂业 公告编号： 2024-017 天齐锂业股份有限公司 关于开展碳酸锂商品期货套期保值业务的公告 本公司及董事会全体成员保证信息披露的内容真实、准确、 完整，没有虚假记载、误导性陈述或重大遗漏。 重要内容提示： 1、交易目的：为减少 天齐锂业股份有限公司 （以下简称 “公司” ）主营产品价格波 动对公司经营带来的潜在风险， 公司拟开展最高保证金额度不超过 2 亿元人民币商品期 货套期保值 业务。 2、交易品种 ：公司开展商品期货期权套期保值业务的品种仅限于与公司生产经营 有直接关系的境内外期货交易所或其他合法经营机构挂牌交易的期货期权品种 。 3、交易金额： 根据生产经营及业务需求情况，公司及控股子公司开展商品期货期 权套期保值业务的交易保证金和权利金上限 （包括为交易而提供的担保物价值、 预计占 用的金融机构授信额度、 为应急措施所预留的保证金等） 不超过人民币20,000 万元， 任 一交易日持有的最高合约价值不超过人民 币 80,000 万元（含前述交易的收益进行再交 易的相关金额）。该额度在有效期限内可循环滚动使用 。 4、交易方式： 公司开展商品期货期权套期保值业务的品种仅限于与公司生产经营 有直接关系的锂盐期货和品种，交易场所仅限于境内合法运营的期货交易所。 5、已履行的审议程序 ：该事项已经公司于 2024 年 3 月 27 日召开的第六届董事会 第十二 次会议及第六届监事会第六次会议审议通过，无需提交公司股东大会审议。 6、特别风险提示： 公司开展商品期货套期保值业务，以规避和防范风险为目的， 不进行投机、套利操作，但开展商品期货套期保值业务仍存在一定风险， 敬请投资者 注意投资风险。 一、商品期货套期保值业务情况概述 1、投资目的 公司是一家以锂为核心的新能源材料企业。 公司业务涵盖锂产业链的关键阶段， 包
2 括硬岩型锂矿资源的开发、 锂精矿加工销售以及锂化工产品的生产销售。随着碳酸锂期 货在广州期货交易所正式挂牌交易， 给公司提供了价格发现和风险规避的重要途经。公 司拟开展与生产经营相关的商品期货套期保值业务， 并将期货和现货有效结合， 旨在规 避价格波动对公司经营带来的潜在风险，保障公司健康持续运行。 2、交易金额 根据生产经营及业务需求情况， 公司及控股子公司开展商品期货期权套期保值业务 的交易保证金和权利金上限 （包括为交易而提供的担保物价值、 预计占用的金融机构授 信额度、 为应急措施所预留的保证金等） 不超过人民币20,000 万元， 任一交易日持有的 最高合约价值不超过人民币 80，000 万元（含前述交易的收益进行再交易的相关金额）。 该额度在有效期限内可循环滚动使用。 3、交易方式 公司开展商品期货期权套期保值业务的品种仅限于与公司生产经营有直 接关 系的 锂盐期货和品种，交易场所仅限于境内合法运营的期货交易所。 4、授权期限 本次开展套期保值业务的期限自董事会批准之日起 12 个月内有效。 5、资金来源 资金来源为自有资金，不涉及募集资金和银行信贷资金。 二、审议程序 根据《深圳证券交易所上市公司自律监管指引第 1 号——主板上市公司规范运作》 《深圳证券交易所上市公司自律监管指引第 7 号——交易与关联交易》《公司章程》《商 品期货及衍生品套期保值业务管理制度》相关规定， 本次开展商品期货套期保值业务属 于董事会权限范围， 无需提交公司股东大会审议。《关于开展套期保值业务的议案》已经 公司第六届董事会第十二次会议及第六届监事会第六次会议审议通过。 三、开展 商品期货套期保值业务的风险分析 公司开展套期保值业务不以投机为目的， 主要为有效降低锂盐产品市场价格剧烈波 动可能对公司经营带来的影响，但同时也会存在一定的风险，具体如下： 1、市场风险 理论上， 各交易品种在临近交割期时期货市场价格和现货市场价格将趋于一致， 但 在极个别的非理性市场情况下， 如市场发生系统性风险， 期货价格与现货价格走势相背 离等，会对公司的套期保值操作方案带来影响，甚至造成损失；
3 2、政策风险 如果金融衍生品市场以及套期保值交易业务相关政策、法律、法规发生重大变 化， 可能导致市场发生剧烈波动或无法交易的风险； 3、流动性风险 期货交易采取保证金和逐日盯市制度，按照经公司审批的方案下单操作时， 如果 合约活跃度较低， 导致套期保值持仓无法成交或无法在合适价位成交， 令实际交易结果 与方案设计出现较大偏差，甚至面临因未能及时补足保证金而被强行平仓带来的损 失； 4、内部控制风险 期货交易专业性较强，复杂程度较高，可能会产生由于内控体系不完善造成风 险； 5、技术风险 由于无法控制和不可预测的系统故障、 网络故障、 通讯故障等造成交易系统非正常 运行，使交易指令出现延迟、中断或数据错误等问题，从而带来相应风险。 四、公司采取的风险控制措施 1、 公司严格执行有关法律法规， 制定 《商品期货及衍生品套期保值业务管理制度》， 对公司开展商品期货套期保值业务的审批权限、 操作流程及风险控制等方面做出明确的 规定，建立有效的监督检查、风险控制和交易止损机制，降低内部控制风险； 2、 合理设置公司期货业务组织机构， 建立岗位责任制， 明确各相关部门和岗位的职 责权限，严格在董事会批准的权限内开展公司商品期货套期保值业务。同时，加强相关 人员的职业道德教育及业务培训， 提高相关人员的综合素质， 提升相关人员的专业知识； 3、公司套期保值业务仅限于与公司经营业务相关性高的期货品种，业务规模 将与 公司经营业务相匹配，并严格控制套期保值业务的资金使用规模； 4、 公司在制订交易方案的同时做好资金测算， 以确保可用资金充裕， 严格按照 《商 品期货及衍生品套期保值业务管理制度》进行业务操作，合理规划和使用资金，不影响 公司正常生产经营，在市场剧烈波动时做到合理止损，有效规避风险； 5、 公司设立符合要求的期货期权交易、 通讯及信息服务设施系统， 保证交易系统的 正常运行，确保套期保值业务正常开展； 6、 公司法务及风险控制部、 监察审计部应对套期保值业务进行检查， 监督套期保值 业务人员执行风险管理政策和风险管理工作程序，及时防范业务中的操作风险。 五、开展 商品期货套期保值业务的可行性分析及对公司的影响 公司开展商品期货套期保值业务仅限生产经营相关的品种， 目的是借助金融衍生品
4 风险对冲的功能，规避产品价格波动等风险，确保公司经营业绩的稳定性和可持续 性， 具有必要性。 公司在锂行业深耕多年，有成熟且稳定的团队，可以对锂行业动态保持时刻关 注， 敏锐地感知锂行业走势。公司组建了套期保值领导小组，对商品期货期权的操作规 范、 审批权限、组织机构设置及职责、业务流程、风险管理、财务处理等方面进行了明确规 定，并在各岗位配备了专业人员，设置了相应的风险控制措施。 公司已建立较为完善的商品期货套期保值业务制度， 就套期保值业务的额度、 品种、 具体实施等做出了明确的规定， 采取的针对性风险控制措施是可行的， 且具有与拟开展 套期保值业务交易保证金相匹配的自营资金。 公司将严格按照相关规定制度的要求， 落 实风险防范措施，审慎操作。 通过开展商品期货套期保值业务， 可以实现以规避风险为目的的资产保值， 增强公 司财务的稳健性， 符合公司稳健经营的要求， 因此公司开展商品期货套期保值业务具有 必要性和可行性。 公司开展的商品期货套期保值业务不会影响公司主营业务的发展， 不会对公司资金 使用安排产生重大影响。 六、会计政策及核算原则 公司根据《企业会计准则第 22 号——金融工具确认和计量》 《企业会计准则第24 号——套期会计》 《企业会计准则第37 号——金融工具列报》 《企业会计准则第39 号— —公允价值计量》 等相关规定及其指南， 对商品期货套期保值业务进行相应的核算处理， 并在财务报告中正确列报。 七、备查文件 1、《第六届董事会第十二次会议决议》； 2、《第六届监事会第六次会议决议》。 特此公告。 天齐锂业股份有限公司董事会 二〇二四年三月二十八日",2024-03-28,巨潮资讯网,https://static.cninfo.com.cn/finalpage/2024-03-28/1219430718.PDF,accepted
GFEX-WR-20240328,announcement,广期所碳酸锂仓单日报：仓单减少1311手,广州期货交易所2024-03-28仓单日报显示，碳酸锂仓单总量为12980手，减少1311手。,2024-03-28,广州期货交易所,https://www.gfex.com.cn/gfex/cdrb/hqsj_tjsj.shtml,accepted
GFEX-WR-20240329,announcement,广期所碳酸锂仓单日报：仓单减少12980手,广州期货交易所2024-03-29仓单日报显示，碳酸锂仓单总量为0手，减少12980手。,2024-03-29,广州期货交易所,https://www.gfex.com.cn/gfex/cdrb/hqsj_tjsj.shtml,accepted
GFEX-WR-20240401,announcement,广期所碳酸锂仓单日报：仓单增加9995手,广州期货交易所2024-04-01仓单日报显示，碳酸锂仓单总量为9995手，增加9995手。,2024-04-01,广州期货交易所,https://www.gfex.com.cn/gfex/cdrb/hqsj_tjsj.shtml,accepted
CNINFO-002594-1219491915,announcement,2024年3月产销快报,"证券代码：002594 证券简称：比亚迪 公告编号：2024-040 比亚迪股份有限公司 2024年3月产销快报 本公司及董事会全体成员保证信息披露的内容真实、准确、完整，没有虚假记载、误导性陈述或重大遗漏。 比亚迪股份有限公司(以下简称“本公司”)2024年3月产销快报数据如下： 单位：辆 产量 销量 项目类别 本月 去年同期 本年累计 去年累计 累计同比 本月 去年同期 本年累计 去年累计 累计同比 新能源汽车 296,253 209,823 612,315 567,183 7.96% 302,459 207,080 626,263 552,076 13.44% -乘用车 295,425 208,832 610,450 562,946 8.44% 301,631 206,089 624,398 547,917 13.96% -纯电动 134,352 104,476 291,730 267,819 8.93% 139,902 102,670 300,114 264,647 13.40% -插电式混合动力 161,073 104,356 318,720 295,127 7.99% 161,729 103,419 324,284 283,270 14.48% -商用车 828 991 1,865 4,237 -55.98% 828 991 1,865 4,159 -55.16% -客车 269 349 795 743 7.00% 269 349 795 743 7.00% -其他 559 642 1,070 3,494 -69.38% 559 642 1,070 3,416 -68.68% 合计 296,253 209,823 612,315 567,183 7.96% 302,459 207,080 626,263 552,076 13.44% 注：本公司 2024 年 3 月海外销售新能源乘用车合计 38,434 辆； 本公司 2024 年 3 月新能源汽车动力电池及储能电池装机总量约为 11.762GWh，2024 年累计装机总量约为 29.736GWh。 务请注意，上述产、销量数字未经审核，亦未经本公司审计师确认，或会予以调整并有待最终确认。本公司刊发财务业绩后，股东及 潜在投资者务必详阅。
特此公告。 比亚迪股份有限公司董事会 2024 年 4 月 1 日",2024-04-02,巨潮资讯网,https://static.cninfo.com.cn/finalpage/2024-04-02/1219491915.PDF,accepted
CNINFO-002738-1219491527,announcement,关于Bikita矿山锂矿产资源量更新的公告,"中矿资源集团股份有限公司 1 证券代码：002738 证券简称：中矿资源 公告编号：2024-011号 中矿资源集团股份有限公司 关于 Bikita 矿山锂矿产资源量更新的公告 近日，中矿资源集团股份有限公司（以下简称“公司”或“本公司”）收到 所属公司 Bikita Minerals (Private) Limited（简称“Bikita”）通知，依据 2022 年 至 2023 年度 Bikita 矿山补充及加密勘查工作成果，其委托的第三方独立资源评 估公司 Independent Resource Estimations（以下简称 “IRES”）对 Bikita 矿山西区 与东区的锂矿产资源量估算进行了更新，编制提交了符合 NI43-101 规范的《津 巴布韦马旬戈省比基塔矿山项目技术报告 》（《Technical Report On the Bikita Lithium Pegmatites At the Bikita Mine, Masvingo Province , Zimbabwe》)，报告编 号 IRES 01SN.30042024。 根据上述报告更新后的数据显示，截至 2023 年 12 月 31 日，Bikita 矿山西 区与东区保有（探明+控制+推断类别）锂矿产资源量为 11,335.17 万吨矿石量（已 扣除矿山生产动用资源量），Li2O 金属含量 116.79 万吨，Li2O 平均品位 1.03%， 折合 288.47 万吨碳酸锂当量（LCE）。较上一报告期（2022 年 12 月 31 日）锂 矿产资源量增加 4,793.24 万吨矿石量，折合碳酸锂当量（LCE）增加 104.69 万 吨。估算的 Bikita 矿山西区与东区的锂矿产资源量更新后数据具体情况如下： 津巴布韦 Bikita 矿山西区与东区保有资源量总表 区块 资源量类别 矿石量 （万吨） 平均品位 Li2O（%） 氧化锂含量 Li2O（吨） 氧化锂含量折合 LCE（吨） 西区 （SQI6+Shaft+Shaft_N） 探明类别 2,652.27 1.19 315,292.82 778,773.27 控制类别 1,638.51 1.07 174,879.40 431,952.12 推断类别 1,358.31 0.92 124,890.74 308,480.13 小计 5,649.09 1.09 615,062.96 1,519,205.51 东区 探明类别 1,572.22 1.28 201,913.69 498,726.81 控制类别 1,092.86 0.92 101,007.15 249,487.66 推断类别 3,021.00 0.83 249,916.09 617,292.74 小计 5,686.08 0.97 552,836.92 1,365,507.19 Bikita 矿山 （西区+东区） 探明类别 4,224.49 1.22 517,206.50 1,277,500.06 控制类别 2,731.36 1.01 275,886.55 681,439.78 推断类别 4,379.31 0.86 374,806.83 925,772.87 总计 11,335.17 1.03 1,167,899.88 2,884,712.70 本公司及董事会全体成员保证信息披露的内容真实、准确、完整，没有 虚假记载、误导性陈述或重大遗漏。
中矿资源集团股份有限公司 2 注： ①以上保有资源量截止日期 2023 年 12 月 31 日；②资源量估算的 Li2O 边界品位为 0.2%， 平均品位数据均四舍五入保留至小数点后两位；③氧化锂转换为碳酸锂当量的系数为 2.47，未考虑回收率；④矿石量与金属量及碳酸锂当量数据均保留至小数点后两位，矿石量 与金属量之间的计算误差及数字的累加误差为数字进位引起。 IRES 公司对 Bikita 矿山资源量的估算结果为矿产资源量，并非实际可经济 开采利用的矿石储量，仍可能存在总资源量、 储量与实际可开发利用的总资源量、 储量不一致的风险。敬请广大投资者注意投资风险。 特此公告。 中矿资源集团股份有限公司董事会 2024 年 4 月 1 日",2024-04-02,巨潮资讯网,https://static.cninfo.com.cn/finalpage/2024-04-02/1219491527.PDF,accepted
GFEX-WR-20240402,announcement,广期所碳酸锂仓单日报：仓单增加1447手,广州期货交易所2024-04-02仓单日报显示，碳酸锂仓单总量为11442手，增加1447手。,2024-04-02,广州期货交易所,https://www.gfex.com.cn/gfex/cdrb/hqsj_tjsj.shtml,accepted
LC-TEXT-0007,policy,国家能源局关于促进新型储能并网和调度运用的通知 国能发科技规〔2024〕26号,"国家能源局关于促进新型储能并网和调度运用的通知 国能发科技规〔2024〕26号-国家能源局网站 
 您当前位置： 首页 > 正文 
 目录项的基本信息 
 公开事项名称: 
国家能源局关于促进新型储能并网和调度运用的通知 国能发科技规〔2024〕26号 
 索引号: 
000019705/2024-00121 
 主办单位: 
国家能源局 
 制发日期: 
2024-04-02 
国家能源局关于促进新型储能并网和调度运用的通知 国能发科技规〔2024〕26号 
 国家能源局关于促进新型储能并网和调度运用的通知 
 国能发科技规〔2024〕26号 
 各省（自治区、直辖市）能源局，有关省（自治区、直辖市）及新疆生产建设兵团发展改革委、工业和信息化主管部门、城市管理委，各派出机构，有关中央企业： 
 　　为深入贯彻党的二十大精神，加快规划建设新型能源体系，落实《关于加快推动新型储能发展的指导意见》（发改能源规〔2021〕1051号）、《新型储能项目管理规范（暂行）》（国能发科技规〔2021〕47号）、《关于进一步推动新型储能参与电力市场和调度运用的通知》（发改办运行〔2022〕475号）有关要求，规范新型储能并网接入管理，优化调度运行机制，充分发挥新型储能作用，支撑构建新型电力系统，现就有关事项通知如下。 
 　　 一、总体要求 
 　　（一）准确把握新型储能功能定位。新型储能是指除抽水蓄能外，以输出电力为主要形式，并对外提供服务的储能技术，具有建设周期短、布局灵活、响应速度快等优势，可在电力系统运行中发挥调峰、调频、调压、备用、黑启动、惯量响应等多种功能，是构建新型电力系统的重要支撑技术。随着装机规模迅速增长，新型储能在促进新能源开发消纳和电力系统安全稳定运行等方面的作用正在逐步显现。应结合新型储能功能定位和市场化要求，进一步规范新型储能并网管理，持续完善新型储能调度机制，保障新型储能合理高效利用，有力支撑新型电力系统建设。 
 　　（二）明确接受电力系统调度新型储能范围。接入电力系统并签订调度协议的新型储能，可分为调度调用新型储能和电站自用新型储能两类。调度调用新型储能指具备独立计量装置，并且按照市场出清结果或电力调度机构指令运行的新型储能，包括独立储能电站、具备条件独立运行的新能源配建储能等；电站自用新型储能指与发电企业、用户等联合运行，由发电企业、用户等根据自身需求进行控制的新型储能，包括未独立运行的新能源配建储能、火电联合调频储能、具备接受调度指令能力的用户侧储能等。 
 　　二、加强新型储能并网和调度运行管理 
 　　（三）规范新型储能并网接入管理。电网企业及电力调度机构须制定新型储能并网细则及并网服务工作指引等，明确并网流程、相关标准和涉网试验要求。电力调度机构按照平等互利、协商一致和确保电力系统安全运行的原则，组织新型储能开展并网验收并签订并网调度协议，新型储能应在并网后规定时间内完成全部涉网试验。 
 　　（四）优化新型储能调度方式。电力调度机构应根据系统需求，制定新型储能调度运行规程，科学确定新型储能调度运行方式，公平调用新型储能调节资源。积极支持新能源+储能、聚合储能、光储充一体化等联合调用模式发展，优先调用新型储能试点示范项目，充分发挥各类储能价值。调用新型储能时，对于参与电力市场的新型储能，按照市场出清结果安排新型储能运行，对于暂不具备参与电力市场条件的新型储能，通过调度指令进行调用。在发生危及电力系统安全事故（事件）及其他必要情况时，所有调管范围内的新型储能应接受电力调度机构统一直接调用，直接调用期间按照独立储能充放电价格机制执行。 
 　　（五）加强新型储能运行管理。各地在制修订电力市场规则或《电力辅助服务管理实施细则》《电力并网运行管理实施细则》时，明确、细化各类新型储能的考核实施细则。新型储能应按电力调度机构要求及时报送运行信息，电力调度机构定期向全国新型储能大数据平台推送新型储能调用情况。 
 　　三、明确新型储能并网和调度技术要求 
 　　（六）规范新型储能并网接入技术要求。新型储能接入系统应符合电力系统安全稳定运行要求，完成相应性能试验及涉网试验，新型储能设备应满足国家、行业技术标准及管理规范有关要求，确保安全稳定运行。新型储能项目单位需制定详细的运行维护规程、现场操作规程、事故预案及应急管理措施、停运检修计划等，并定期向电力调度机构报备。 
 　　（七）明确新型储能调度运行技术要求。新型储能应配备功率控制系统或协调控制系统。所有调管范围内的新型储能应具备按照调度指令进行有功功率和无功功率自动调节的能力，接入所属电力调度机构的AGC、AVC等系统，接受并执行调度指令，并具备信息安全防护措施。新能源基地配建新型储能调度原则按照《新能源基地送电配置新型储能规划技术导则》（NB/T 11194-2023）执行。 
 　　（八）鼓励存量新型储能技术改造。鼓励存量新型储能开展技术改造，具备接受调度指令能力。满足相应技术条件后，电力调度机构应及时开展新型储能并网及调度工作。 
 　　（九）推动新型储能智慧调控技术创新。结合新型储能多场景和市场化运行需求，积极开展新型储能与其他电源协同优化调度技术、规模化储能系统集群智能调度关键技术、基于新型储能的电网主动支撑技术、电动汽车等分布式储能虚拟电厂聚合互动调控技术等研发攻关工作，着力推动新技术应用。 
 　 　四、强化新型储能并网和调度协调保障 
 　　（十）加强新型储能项目管理。省级能源主管部门应会同有关单位加强新型储能项目管理体系建设，加强本地区新型储能规划、备案、建设、运行、调用管理。 
 　　（十一）做好新型储能并网服务。电网企业及电力调度机构应公平无歧视地向新型储能提供电网接入服务，做好技术指导，优化并网接入流程，保障新型储能安全高效并网。 
 　　（十二）以市场化方式促进新型储能调用。各地充分考虑新型储能特点，加快推进完善新型储能参与电能量市场和辅助服务市场有关细则，丰富交易品种，考虑配套政策、电力供需情况，通过灵活有效的市场化手段，促进新型储能“一体多用、分时复用”，进一步丰富新型储能的市场化商业模式。 
 　　（十三）加强新型储能并网调度监督管理。国家能源局派出机构、省级能源主管部门按照各自职责加强新型储能并网和调度运行的监督与管理，建立健全新型储能并网和调度运行管理协调机制，协调处理有关争议。工作中发现的重大问题及时向国家能源局报告。 
 　　本通知自发布之日起施行，有效期五年。 
 　　国家能源局 
 　　2024年4月2日 
 《关于促进新型储能并网和调度运用的通知》政策解读 
 010090050000000000000000011100001310771072",2024-04-02,国家能源局,https://zfxxgk.nea.gov.cn/2024-04/02/c_1310771072.htm,accepted
GFEX-WR-20240403,announcement,广期所碳酸锂仓单日报：仓单增加1260手,广州期货交易所2024-04-03仓单日报显示，碳酸锂仓单总量为12702手，增加1260手。,2024-04-03,广州期货交易所,https://www.gfex.com.cn/gfex/cdrb/hqsj_tjsj.shtml,accepted
GFEX-WR-20240408,announcement,广期所碳酸锂仓单日报：仓单增加990手,广州期货交易所2024-04-08仓单日报显示，碳酸锂仓单总量为13692手，增加990手。,2024-04-08,广州期货交易所,https://www.gfex.com.cn/gfex/cdrb/hqsj_tjsj.shtml,accepted
GFEX-WR-20240409,announcement,广期所碳酸锂仓单日报：仓单增加1540手,广州期货交易所2024-04-09仓单日报显示，碳酸锂仓单总量为15232手，增加1540手。,2024-04-09,广州期货交易所,https://www.gfex.com.cn/gfex/cdrb/hqsj_tjsj.shtml,accepted
GFEX-WR-20240411,announcement,广期所碳酸锂仓单日报：仓单增加1052手,广州期货交易所2024-04-11仓单日报显示，碳酸锂仓单总量为16830手，增加1052手。,2024-04-11,广州期货交易所,https://www.gfex.com.cn/gfex/cdrb/hqsj_tjsj.shtml,accepted
GFEX-WR-20240416,announcement,广期所碳酸锂仓单日报：仓单增加1013手,广州期货交易所2024-04-16仓单日报显示，碳酸锂仓单总量为18882手，增加1013手。,2024-04-16,广州期货交易所,https://www.gfex.com.cn/gfex/cdrb/hqsj_tjsj.shtml,accepted
CNINFO-002466-1219771342,announcement,2024年第一季度业绩预告,"1 股票代码：002466 股票简称： 天齐锂业 公告编号：2024-023 天齐锂业股份有限公司 2024 年第一季度业绩预告 本公司及董事会全体成员保证信息披露的内容真实、准确、 完整，没有虚假记载、误导性陈述或重大遗漏。 一、本期业绩预计情况 1、业绩预告期间：2024年1月1日至2024年3月31日。 2、预计的经营业绩：预计净利润为负值 项目 本报告期 上年同期 归 属 于 上 市 公 司 股东的净利润 亏损：430,000万元–360,000万元 盈利：487,522.65 万元 扣 除 非 经 常 性 损 益后的净利润 亏损：440,000万元–360,000万元 盈利：483,631.89 万元 基本每股收益 亏损：2.62元/股–2.20元/股 盈利：2.97元/股 二、与会计师事务所沟通情况 本次业绩预告未经注册会计师预审计。 三、业绩变动原因说明 天齐锂业股份有限公司（以下简称“公司”）报告期业绩变动的主要原因： 1、受锂产品市场波动的影响，公司锂产品销售价格较上年同期大幅下降，锂产品毛 利大幅下降； 2、截至本业绩预告公告日，公司重要的联营公司 Sociedad Química y Minera de Chile S.A.（以下简称“SQM”）尚未公告其 2024 年第一季度业绩报告。公司全面考虑所能获 取的可靠信息， 沿用一贯方式， 采用彭博社预测的SQM 2024 年第一季度每股收益等信息 为基础来计算同期公司对 SQM 的投资收益。 此外，SQM 发布公告称，智利圣地亚哥法院于 2024 年 4 月对其 2017 年和 2018 年 税务年度的税务诉讼进行了裁决，撤销了税务和海关法庭在 2022 年 11 月 7 日对于该案
2 件的裁决结论。SQM 基于最新裁决情况重新审视所有税务争议金额的会计处理，并预计 可能将减少其 2024 年第一季度的净利润约 11 亿美元。基于谨慎性原则并经反复论证， 公司认为将上述 SQM 税务争议裁决影响确认在本报告期对该联营公司的投资收益中更 符合会计准则规定，该事项预计将使公司归母净利润减少。 根据前述彭博社预测数据，结合 SQM 税务争议裁决的影响，SQM 2024 年第一季度 业绩预计将同比大幅下降，因此公司在本报告期确认的对该联营公司的 投资收益较上年 同期大幅下降。 四、风险提示 1、本次业绩预告是公司财务部门初步测算结果，未经审计机构审计。与公司2024年 第一季度报告中披露的最终数据可能存在差异。 具体财务数据将在公司《2024年第一季度 报告》中详细披露。敬请广大投资者注意投资风险。 2、 鉴于公司重要的联营公司SQM是在智利圣地亚哥和美国纽约证券交易所上市的公 司，根据两地交易所信息披露规则，SQM披露季度财务报告的时间晚于公司业绩预告的 时间，公司不能先于SQM公告季度财务信息前公告其业绩。根据《企业会计准则第32号- 中期财务报告》 第九条规定， 公司通过财务测算模型并结合彭博社预测的第一季度EPS等 信息预估SQM第一季度经营损益，并按照公司持股比例预估对SQM的投资收益。该项投 资收益与SQM实际公告的净利润按公司持股比例计算的应计投资收益可能存在差异。公 司将根据差异的金额及对公司财务信息的影响程度，严格按照企业会计准则的规定及时 进行会计处理并按信息披露规定及时进行信息披露。 具体财务数据以公司披露的 《2024年 第一季度报告》为准。 3、公司所有公开披露的信息均以在指定的信息披露媒体《证券时报》《证券日报》 《中国证券报》《上海证券报》及巨潮资讯网（http://www.cninfo.com.cn）刊登的信息为 准，敬请广大投资者理性投资，注意风险。 特此公告。 天齐锂业股份有限公司董事会 二〇二四年四月二十四日",2024-04-24,巨潮资讯网,https://static.cninfo.com.cn/finalpage/2024-04-24/1219771342.PDF,accepted
CNINFO-300390-1219770187,announcement,关于签署股权收购意向协议的进展公告,"证券代码：300390 证券简称：天华新能 公告编号：2024-032 苏州天华新能源科技股份有限公司 关于签署股权收购意向协议的进展公告 一、股权收购意向概况 2023 年 5 月 23 日，苏州天华新能源科技股份有限公司（以下简称“公司”）与 苏州天华能源产业发展有限公司签署《关于收购苏州天华时代新能源产业投资有限 责任公司 60%股权的意向协议》（以下简称“ 《意向协议》 ” ），对公司收购苏州天华 时代新能源产业投资有限责任公司 （以下简称“标的公司”）60%股权达成了初步意 向（以下简称“本次股权收购” ）。具体内容详见公司在巨潮资讯网披露的《苏州天 华新能源科技股份有限公司关于签署股权收购意向协议的公告》 （公告编号 ： 2023-044）。 二、终止收购意向的原因 自《意向协议》签订后，公司及相关方积极推进本次交易的相关工作。但受限 于标的公司锂矿项目推进进度影响，本次股权收购尚无实质性进展，经交易双方审 慎考量，认为本次股权收购交易条件尚未成熟，为切实维护公司及全体股东利益， 交易双方一致同意并共同决定终止本次股权收购意向。 2024 年 4 月 23 日，公司与苏州天华能源产业发展有限公司签署《关于收购苏 州天华时代新能源产业投资有限责任公司 60%股权的意向协议之终止协议》 ，对终 止收购标的公司 60%股权事宜达成了一致意见，双方将在收购条件成熟后就股权收 购事宜另行协商。 三、风险提示 本公司及董事会全体成员保证信息披露的内容真实、准确、完整，没有虚假 记载、误导性陈述或重大遗漏。
本次终止的《意向协议》属于公司与交易对方基于股权收购事项进行的意向性 约定，并未签署具备法律效力的正式收购协议。终止本次股权收购意向是交易双方 协商一致的结果，交易双方均无需对本次股权收购的终止承担赔偿及法律责任，不 会对公司的生产经营及经营业绩产生重大不利影响，也不会影响公司未来的发展战 略及经营规划，不存在损害公司及股东利益的情形。 四、备查文件 公司与苏州天华能源产业发展有限公司签署的《关于收购苏州天华时代新能源 产业投资有限责任公司 60%股权的意向协议之终止协议》。 特此公告。 苏州天华新能源科技股份有限公司董事会 2024 年 4 月 23 日",2024-04-24,巨潮资讯网,https://static.cninfo.com.cn/finalpage/2024-04-24/1219770187.PDF,accepted
CNINFO-002497-1219832476,announcement,关于开展期货期权套期保值业务的公告,"1 证券代码：002497 证券简称：雅化集团 公告编号：2024-35 四川雅化实业集团股份有限公司 关于开展期货期权套期保值业务的公告 本公司及董事会全体成员保证信息披露内容的真实、 准确和完整， 没有虚 假记载、误导性陈述或重大遗漏。 重要内容提示： 1、交易基本情况：为有效防范因生产经营活动中原材料和产成品市场价格 波动所带来的风险，四川雅化实业集团股份有限公司（以下简称“公司” ）及下 属子公司拟开展保证金金额不超过 2 亿元 （不含期货标的实物交割款项） 的期货 期权套期保值业务，上述额度在有效期限内可循环滚动使用。 2、审议程序：公司及下属子公司本次开展期货期权套期保值业务的事项已 经第五届董事会第三十五次会议和第五届监事会第三十二次会议审议通过。 3、风险提示：期货期权套期保值业务存在固有的市场风险、政策风险、流 动性风险、 内部控制风险及技术风险， 公司将积极落实管控制度和风险控制措施， 审慎执行套期保值操作，敬请广大投资者注意投资风险。 公司于 2024 年 4 月 25 日召开第五届董事会第三十五次会议，审议通过了 《关于开展期货期权套期保值业务及可行性分析的议案》 ，现将有关情况公告如 下： 一、投资情况概述 （一）投资目的 公司主要从事锂电新能源材料业务， 主要产品为氢氧化锂、 碳酸锂等锂盐产 品。 近年来， 锂盐产品价格波动巨大， 为降低产品价格波动给公司带来的经营风 险， 保持公司经营业绩持续、 稳定， 公司拟利用期货工具的避险保值功能， 根据 生产经营计划择机开展套期保值业务， 有效降低产品市场价格波动风险， 保障主 营业务稳步发展。 （二）交易品种 公司开展套期保值业务的期货品种仅限于国内商品交易所场内上市交易的
2 与公司生产经营有直接关系的期货、期权品种。 （三）交易金额 公司及下属子公司 开展商品期货期权套期保值业务的保证金金额合计不超 过人民币 2 亿元（不含期货标的实物交割款项） ，上述额度在有效期限内可循环 滚动使用。 （四）交易方式 公司董事会授权经营管理层及其授权人士开展套期保值业务， 并按照公司制 定的 《期货期权套期保值业务管理制度》 相关规定及流程， 进行套期保值业务操 作及管理。 （五）交易期限 自公司董事会审议通过之日起 12 个月内有效，上述额度在有效期限内可循 环滚动使用， 如单笔交易的存续期超过授权期限， 则授权期限自动顺延至该笔交 易终止时止。 （六）资金来源 公司开展期货期权套期保值业务的资金来源为自有资金。 二、审议程序 公司董事会于 2024 年 4 月 25 日召开第五届董事会第三十五次会议， 审议通 过了《关于开展期货期权套期保值业务及可行性分析的议案》 ，同意公司及下属 子公司开展总额度不超过 2 亿元的期货期权套期保值业务， 并授权经营管理层及 其授权人士在上述额度范围内开展期货期权套期保值业务相关事宜。 三、投资风险及风险控制措施 （一）风险分析 公司开展期货期权套期保值业务不以投机为目的，主要为有效降低产成品、 原材料市场价格剧烈波动可能对公司经营带来的影响， 但同时也会存在一定的风 险。 1、市场风险 理论上， 各交易品种在临近交割期时期货市场价格和现货市场价格将趋于回 归一致， 但在极个别的非理性市场情况下， 如市场发生系统性风险， 期货价格与 现货价格走势相背离等， 会对公司的套期保值操作方案带来影响， 甚至造成损失。
3 2、政策风险 如期货市场相关法规政策发生重大变化， 可能导致市场发生剧烈波动或无法 交易的风险。 3、流动性风险 期货交易采取保证金和逐日盯市制度，按照经公司审批的方案下单操作时， 如果合约活跃度较低， 导致套期保值持仓无法成交或无法在合适价位成交， 令实 际交易结果与方案设计出现较大偏差， 甚至面临因未能及时补足保证金而被强行 平仓带来的损失。 4、技术风险 由于无法控制和不可预测的系统故障、 网络故障、 通讯故障等造成交易系统 非正常运行， 使交易指令出现延迟、 中断或数据错误等问题， 从而带来相应风险。 （二）风险控制措施 1、公司严格执行有关法律法规，制定《期货期权套期保值业务管理制度》 ， 对公司开展套期保值业务的审批权限、 操作流程及风险控制等方面做出明确规定， 建立有效的监督检查、风险控制和交易止损机制，降低内部控制风险。 2、合理设置公司期货业务组织机构，建立岗位责任制，明确各相关部门和 岗位的职责权限， 严格在董事会批准的权限内办理公司套期保值业务。 同时， 加 强相关人员的职业道德教育及业务培训， 提高相关人员的综合素质， 提升相关人 员的专业知识。 3、公司套期保值业务仅限于与公司经营业务相关性高的期货品种，业务规 模将与公司经营业务相匹配， 最大程度对冲价格波动风险。 在制订交易方案的同 时做好资金测算， 以确保可用资金充裕； 严格控制套期保值的资金规模， 合理规 划和使用资金，在市场剧烈波动时做到合理止损，有效规避风险。 4、公司内部审计部门定期及不定期对套期保值交易业务进行检查，监督套 保值交易业务人员执行风险管理制度和风险管理工作程序， 及时防范业务中的操 作风险。 四、开展期货期权套期保值业务的会计处理 公司根据 《企业会计准则第22 号—金融工具确认和计量》《企业会计准则第 24 号—套期会计》《企业会计准则第 37 号—金融工具列报》《企业会计准则第 39
4 号—公允价值计量》 等相关规定及其指南， 对商品期货套期保值业务进行相应的 核算处理，并在财务报告中正确列报。 五、监事会意见 经审核， 公司监事会一致认为：公司开展期货期权套期保值业务是为防范因 生产经营活动中原材料和产成品市场价格波动所带来的风险。 通过开展套期保值 业务， 可以实现以规避风险为目的的资产保值， 增强公司财务的稳健性， 符合公 司稳健经营的要求， 不会损害公司及全体股东的利益。 公司针对期货期权套期保 值业务制定了相关制度并编制了可行性分析报告， 履行了必要的程序， 符合有关 法律法规及 《公司章程》 的规定。 因此， 监事会同意公司及下属子公司开展期货 期权套期保值业务。 六、备查文件 1、公司第五届董事会第三十五次会议决议 2、公司第五届监事会第三十二次会议决议 特此公告。 四川雅化实业集团股份有限公司董事会 2024 年 4 月 25 日",2024-04-26,巨潮资讯网,https://static.cninfo.com.cn/finalpage/2024-04-26/1219832476.PDF,accepted
CNINFO-002738-1219841869,announcement,关于开展远期结售汇业务和商品期货期权套期保值业务的公告,"中矿资源集团股份有限公司 证券代码：002738 证券简称：中矿资源 公告编号：2024-020 号 中矿资源集团股份有限公司 关于开展远期结售汇业务和 商品期货期权套期保值业务的公告 重要内容提示： 1、交易目的：为进一步提高公司应对外汇波动风险、产品市场价格风险的能 力， 更好地规避和防范公司所面临的外汇汇率、 利率波动、产品市场价格风险， 增 强公司财务稳健性，防范各种风险对公司成本控制和经营业绩造成的不利影响。 2、交易品种： 远期结售汇业务 为交易结构简单、风险较低的普通远期产品 ； 商品期货期权套期保值业务 交易品种为与公司生产经营有直接关系的锂盐期货和 期权品种。 3、资金额度：开展远期结售汇业务和开展商品期货期权套期保值业务的总额 度不超过165,000.00万元人民币（按2024年4月22日人民币兑美元汇率1:7.25折算）。 其中，公司开展远期结售汇业务的额度不超过20,000.00万美元，开展商品期货期 权套期保值业务的保证金和权利金金额合计不超过 20,000.00万元人民币。 4、已履行的审议程序：本次公司开展远期结售汇业务和商品期货期权套期保 值业务已经公司第六届董事会第九次会议 、第六届监事会第七次会议和 第六届董 事会独立董事专门会议2024年第一次会议审议通过， 保荐机构发表了核查意见。 本 事项尚需提交股东大会审议，公司董事会 提请股东大会授权公司 经营管理层及其 授权人士开展远期结售汇业务和商品期货期权套期保值业务，并按照公司制定的 《远期结售汇业务管理办法》 《商品期货期权套期保值业务管理制度》 相关规定及 流程，进行相关业务的操作及管理。 5、特别风险提示：远期结售汇业务存在汇率波动风险、内部控制风险、收付 款预测风险；商品期货期权套期保值业务存在固有的市场风险、 政策风险、 流动性 风险及技术风险， 公司将积极落实管控制度和风险防范措施， 审慎执行远期结售汇 本公司及董事会全体成员保证信息披露的内容真实、准确、完整，没有虚 假记载、误导性陈述或重大遗漏。
中矿资源集团股份有限公司 业务和商品期货期权套期保值业务的操作，提醒投资者充分关注投资风险。 中矿资源集团股份有限公司 （以下简称“公司”、“本公司”、 “中矿资源”） 于2024年4月25日召开第六届董事会第九次会议，审议通过了《关于开展远期结售 汇业务和商品期货期权套期保值业务的议案》，同意公司及子公司2024年度开展远 期结售汇业务 和商品期货期权套期保值业务的总额度不超过 165,000.00万元人民 币（按2024年4月22日人民币兑美元汇率1:7.25折算）。其中，开展远期结售汇业 务的额度不超过20,000.00万美元，开展商品期货期权套期保值业务的保证金和权 利金金额合计不超过20,000.00万元人民币。上述议案尚需提交公司2023年度股东 大会审议批准， 业务授权有效期自公司2023年度股东大会审议通过之日起至2024年 度股东大会召开之日止，上述额度在有效期限内可循环滚动使用。 现将有关情况公告如下： 一、投资情况概述 （一）公司开展远期结售汇业务的基本情况 1、交易目的 近年来， 受国际政治、经济不确定因素影响， 外汇市场波动较为频繁， 汇率震 荡幅度不断加大， 导致经营不确定因素增加。 公司经营业务活动开展过程中存在境 外销售、 境外采购、 境外投资及外币信贷业务， 交易币种主要采用美元， 因此当美 元兑人民币汇率出现较大波动时， 汇兑损益对公司的经营业绩会造成较大影响。 鉴 于目前美元汇率市场波动性增加， 为降低汇率波动对公司业绩的影响， 防范汇率大 幅波动对公司成本控制和经营业绩造成的不利影响， 在保证日常营运资金需求的情 况下， 公司拟与银行开展远期结售汇业务。 公司所开展的远期结售汇业务与公司业 务紧密相关，均是以锁定成本、 规避和防范汇率风险为目的， 不会影响公司主营业 务。 该业务的开展进一步提高公司应对外汇波动风险的能力， 更好地规避和防范公 司所面临的外汇汇率、利率波动风险，增强公司财务稳健性。 2、交易主体 公司及所属子公司中矿（香港）稀有金属资源有限公司。 3、资金额度 公司及子公司开展远期结售汇业务的总额度不超过20,000.00万美元。 4、交易品种
中矿资源集团股份有限公司 交易结构简单、风险较低的普通远期产品。开展交易的交割期与预测付款期、 回款期或还款期基本一致， 且开展交易的金额与预测付款期、 回款期或还款期相匹 配。 5、交易对手方 经国家外汇管理局和中国人民银行批准具有外汇衍生品交易业务经营资格的 银行。 6、业务期限 自公司2023年度股东大会审议通过之日起至2024年度股东大会召开之日止。交 易金额在上述额度范围及期限内可循环滚动使用。董事会提请股东大会授权经理层 在此额度范围与期限内根据业务情况、实际需要开展远期结售汇业务。 7、资金来源 公司自有资金。 （二）公司开展商品期货期权套期保值业务的基本情况 1、交易目的 公司主要从事锂电新能源原料开发与利用业务， 主要产品为氢氧化锂、 碳酸锂 等锂盐产品。 近年来， 公司锂盐产品的销售价格受市场价格波动的影响较大， 为降 低产品价格波动给公司带来的经营风险， 公司拟利用金融工具的套期保值功能， 对 生产经营业务相关的产品风险敞口择机开展商品期货期权套期保值业务， 有效降低 产品市场价格波动风险，保障主营业务稳定可持续发展。 2、交易主体 公司及所属子公司 江西东鹏新材料有限 责任公司和江西春鹏锂业有限责任公 司。 3、资金额度 公司及子公司开展商品期货期权套期保值业务的保证金和权利金金额合计不 超过20,000.00万元人民币，上述额度在有效期限内可循环滚动使用。 4、交易品种 公司开展商品期货期权套期保值业务的品种仅限于与公司生产经营有直接关 系的锂盐期货和期权品种。 5、业务期限
中矿资源集团股份有限公司 自公司2023年度股东大会审议通过之日起至2024年度股东大会召开之日止。如 单笔交易的存续期超过了授权期限， 则授权期限自动顺延至该笔交易终止时止， 但 该笔交易额度纳入下一个审批有效期计算。 6、资金来源 公司自有资金。 二、审议程序 本次公司开展远期结售汇业务和 商品期货期权套期 保值业务已经公司第六届 董事会第九次会议、第六届监事会第七次会议和第六届董事会独立董事专门会议 2024年第一次会议审议通过， 保荐机构发表了核查意见。 本事项尚需提交股东大会 审议， 公司董事会提请股东大会授权公司经营管理层及其授权人士开展远期结售汇 业务和商品期货期权套期保值业务， 并按照公司制定的《远期结售汇业务管理办法》 《商品期货期权套期保值业务管理制度》 相关规定及流程， 进行相关业务的操作及 管理。 三、交易风险分析及风控措施 （一）开展远期结售汇业务的风险分析及风控措施 1、风险分析 （1）汇率波动风险在外汇汇率波动较大时，若汇率波动方向与公司判断不一 致， 导致汇率波动与远期结售汇业务合约方向不一致， 远期结售汇合约约定的远期 汇率与实时汇率偏差较大，将造成汇兑损失。 （2）内部控制风险 远期结售汇业务专业性较强， 复杂程度较高， 可能会由于内部控制机制不够完 善而造成风险。 （3）收付款预测风险 公司根据销售订单、 采购订单及外币借款合同等进行收支预测， 实际执行过程 中， 客户或供应商可能会调整订单， 外币借款可能会提前还款或进行展期， 造成公 司对外币收支预测不准，导致交割风险。 2、公司采取的风险控制措施 （1）为避免汇率大幅波动为公司带来的经营风险，公司会加强对汇率的研究 分析， 实时关注国际市场环境变化， 适时调整远期结售汇操作策略， 最大限度避免
中矿资源集团股份有限公司 汇兑损失。 （2）为避免汇率波动与远期结售汇业务合约偏差，优先选择可提前交割或可 展期交割的较灵活的远期结售汇业务方式。 （3）公司制定了《远期结售汇业务管理办法》，建立严格有效的风险管理制 度，利用事前、事中及事后的风险控制措施，预防、发现和降低各种风险。该制度 符合监管部门的有关要求， 满足实际操作的需要， 所制定的风险控制措施切实有效。 （4）为避免内部控制风险，公司财务管理部、审计监察部、证券事务部和法 律风控部作为相关责任部门均有清晰的管理定位和职责， 通过分级管理， 形成监督 机制，从制度上杜绝单人或单独部门操作的风险，有效地控制操作风险。 （5）公司进行远期结售汇业务必须基于公司出口项下的外币收款预测及进口 项下的外币付款预测， 或者公司的外币银行借款存量， 远期结售汇业务合约的外币 金额不得超过外币收款或外币付款预测量， 远期结售汇业务的交割期间需与公司预 测的外币回款时间或外币付款时间相匹配， 或者与对应的外币银行借款的还款期限 相匹配。 （6）公司内控将定期对远期结售汇业务的实际操作情况、资金使用情况及盈 亏情况进行审查。 （二）公司开展商品期货期权套期保值业务的风险分析及风控措施 1、风险分析 （1）市场风险 理论上， 各交易品种在临近交割期时期货市场价格和现货市场价格将趋于回归 一致， 但在极个别的非理性市场情况下， 如市场发生系统性风险， 期货价格与现货 价格走势相背离等，会对公司的套期保值操作方案带来影响，甚至造成损失。 （2）政策风险 如期货市场相关法规政策发生重大变化， 可能导致市场发生剧烈波动或无法交 易的风险。 （3）流动性风险 期货交易采取保证金和逐日盯市制度， 按照经公司审批的方案下单操作时， 如 果合约活跃度较低， 导致套期保值持仓无法成交或无法在合适价位成交， 令实际交 易结果与方案设计出现较大偏差， 甚至面临因未能及时补足保证金而被强行平仓带
中矿资源集团股份有限公司 来的损失。 （4）内部控制风险 期货和期权交易专业性较强， 复杂程度较高， 可能会产生由于内控体系不完善 导致的风险。 （5）技术风险 由于无法控制和不可预测的系统故障、 网络故障、 通讯故障等造成交易系统非 正常运行，使交易指令出现延迟、中断或数据错误等问题，从而带来相应风险。 2、风控措施 （1）公司严格遵守相关法律法规的要求，制定了《商品期货期权套期保值业 务管理制度》 ， 对公司开展商品期货期权套期保值业务的审批权限、 操作流程及风 险控制等方面做出明确的规定，建立有效的监督检查、风险控制和交易止损机制， 降低内部控制风险。 （2）公司合理设置套期保值业务组织机构，明确各相关部门和岗位的职责权 限， 严格在董事会授权的范围内办理相关业务。 同时， 加强相关人员的职业道德教 育及业务培训，提高从业人员的专业素养。 （3）公司商品期货期权套期保值业务仅限于与公司经营业务相关性高的期货 和期权品种， 业务规模将与公司经营业务相匹配， 最大程度对冲价格波动风险。 在 制订交易方案的同时做好资金测算， 以确保可用资金充裕； 严格控制套期保值业务 的资金规模， 合理规划和使用资金， 在市场剧烈波动时做到合理止损， 有效规避风 险。 （4）公司内部审计部门定期及不定期对套期保值交易业务进行检查，监督套 期保值交易业务人员执行风险管理制度和风险管理工作程序， 及时防范业务中的操 作风险。 （5）公司将密切跟踪市场行情变化，关注价格变化趋势，及时调整套期保值 方案，并结合现货销售，尽可能降低交易风险。 四、交易相关会计处理 公司根据 《企业会计准则第22号——金融工具确认和计量》 《企业会计准则第 24号——套期会计》 《企业会计准则第37号——金融工具列报》 《企业会计准则第 39号——公允价值计量》 等相关规定及其指南， 对公司开展远期结售汇业务和商品
中矿资源集团股份有限公司 期货期权套期保值业务进行相应的核算处理，并在财务报告中正确列报。 五、保荐机构核查意见 经核查，保荐机构认为：中矿资源及子公司本次拟开展远期结售汇业务和商 品期货期权套期保值业务的事项已经董事会、监事会审议通过，独立董事专门会 议发表了同意的意见，履行了必要的审批程序，符合《深圳证券交易所股票上市 规则》《深圳证券交易所上市公司自律监管指引第1号——主板上市公司规范运 作》等法律法规的相关规定。公司拟开展的远期结售汇业务符合公司实际经营的 需要，可以在一定程度上降低汇率波动对公司业绩造成的影响。公司拟开展的商 品期货期权套期保值业务遵循的是锁定产品销售价格而进行套期保值的原则，不 做投机性、套利性的交易操作，能够有效降低产品市场价格波动风险，保障主营 业务稳定可持续发展。公司已根据相关规定及实际情况制定了切实可行的风险应 对措施，相关风险能够有效控制。综上，保荐机构对中矿资源及子公司2024年度 开展远期结售汇业务和商品期货期权套期保值业务的事项无异议。 六、备查文件 1、公司第六届董事会第九次会议决议。 2、公司第六届监事会第七次会议决议。 3、公司第六届董事会独立董事专门会议2024年第一次会议。 4、方正证券承销保荐有限责任公司关于中矿资源集团股份有限公司 开展远期 结售汇业务和商品期货期权套期保值业务的核查意见。 5、中矿资源集团股份有限公司关于开展远期结售汇业务和商品期货期权套期 保值业务的可行性分析报告。 6、中矿资源集团股份有限公司远期结售汇业务管理办法。 7、中矿资源集团股份有限公司商品期货期权套期保值业务管理制度。 特此公告。 中矿资源集团股份有限公司董事会 2024 年 4 月 25 日",2024-04-26,巨潮资讯网,https://static.cninfo.com.cn/finalpage/2024-04-26/1219841869.PDF,accepted
CNINFO-002738-1219841871,announcement,关于公司2024-2025年海外矿产资源勘探投资预算的公告,"中矿资源集团股份有限公司 1 证券代码：002738 证券简称：中矿资源 公告编号：2024-024号 中矿资源集团股份有限公司 关于公司 2024-2025 年海外矿产资源勘探投资预算的公告 中矿资源集团股份有限公司（以下简称“公司”或“本公司”) 于 2024 年 4 月 25 日召开第六届董事会第九次会议，审议通过了《关于公司 2024-2025 年 海外矿产资源勘探投资预算的议案》 ，该议案无需提交股东大会审议，具体内容 如下： 一、对外投资概述 为实现“做世界一流的资源型矿业公司”发展战略，公司将在巩固夯实主营业 务的同时，持续发展海外固体矿产勘查和矿权开发，加大铜矿资源的开发力度， 为公司的长期发展提供新的矿业开发增长点。 打造成为以锂电新能源材料生产与 供应、 稀有轻金属资源开发与利用、 铜矿产资源开发与利用、 固体矿产勘查和矿 权开发为核心业务的国际化矿业集团公司。公司制定了 2024-2025 年度海外矿产 资源勘探预算方案，拟以预算 7,467.27 万元的自有资金投资用于津巴布韦 Bikita 矿区锂矿、 加拿大Tanco 矿区锂铯钽矿、赞比亚卡森帕铜铁金矿和赞比亚 Kitumba 铜矿的勘查工作。 根据 《公司章程》 有关规定， 本次投资事项属于公司董事会决策权限， 无需 提交股东大会审议。 本次投资属于公司对所属全资子公司拥有的海外矿产资源的 投资，不构成关联交易，亦不构成重大资产重组。 二、海外矿产资源基本情况 1、津巴布韦 Bikita Minerals (Private) Limited（以下简称“Bikita”）锂铯钽矿 项目 2022 年 1 月， 公司通过全资子公司中矿 （香港） 稀有金属资源有限公司 （以 下简称“香港中矿稀有”） 收购津巴布韦Bikita， 拥有其位于津巴布韦的Bikita 锂 本公司及董事会全体成员保证信息披露的内容真实、准确、完整，没有虚 假记载、误导性陈述或重大遗漏。
中矿资源集团股份有限公司 2 铯钽矿项目。Bikita 项目收购后，公司对 Bikita 矿区加快了开发工作，目前已经 建成原矿处理能力 200 万吨/年的透锂长石重介质选矿厂和 200 万吨/年的锂辉石 浮选厂，上述两个选矿厂均已进入正常生产阶段并产出锂辉石精矿、 技术级与化 工级透锂长石精矿和铯榴石精矿。 Bikita 矿区面积 15.28 平方公里， 经过2022 年至 2023 年度公司对 Bikita 矿 山补充及加密勘查工作，根据 Independent Resource Estimations（IRES）提交的 符合 NI43-101 标准的资源量估算报告（报告编号 IRES 01SN.30042024） ，截至 2023 年 12 月 31 日，Bikita 矿山西区与东区保有（探明+控制+推断类别）锂 矿产资源量为 11,335.17 万吨矿石量（已扣除矿山生产动用资源量） ，Li2O 金属 含量 116.79 万吨，Li2O 平均品位 1.03%， 折合288.47 万吨碳酸锂当量 （LCE）。 保有资源量较收购时矿石量增加 8,393.77 万吨，增长率 285.37%；Li2O 金属含量 较收购时 Li2O 金属含量增加 82.39 万吨，增长率 239.51%。根据上述报告显示， Bikita 矿区北区仍有数条未经钻探验证的 LCT 型（锂铯钽型）伟晶岩体， 具有进 一步扩大矿产资源量的潜力。 2、加拿大钽业股份有限公司（以下简称“Tanco”）锂铯钽矿项目 Tanco 共计拥有 57 处矿权，其中采矿权 3 处，探矿权 41 处，地表租约 13 处。公司通过全资子公司香港中矿稀有全资拥有 Tanco100%权益。Tanco 矿区建 有锂矿石 700 吨/日处理能力的采选设施及一座年产 400 吨铯盐精细化工产品的 化工厂。 加拿大 Tanco 矿山保有 Cs2O 金属资源量 4.208 万吨。保有锂矿产资源量： Li2O 平均品位 3.303%的矿石量 188.465 万吨，Li2O 金属量 62,249.99 吨，另有， Li2O 平均品位 1.888%的矿石量 219.001 万吨，Li2O 金属量 41,347.372 吨。保有 钽矿产资源量为 370.957 万吨，Ta2O5 金属量 4,037.52 吨，Ta2O5 平均品位 0.109%。 加拿大 Tanco 矿区采矿权区域内的锂铯钽矿产资源的勘查开发程度较高， 但 矿区采矿权范围之外尚有 41.76 km2 的探矿权区域仅进行过局部的土壤地球化学 测量及钻探验证工作，未开展系统的地质勘查找矿工作。 3、赞比亚卡森帕矿业有限公司（以下简称“卡森帕”）铜铁金矿项目 卡森帕铜铁金矿项目拥有编号为 18659-HQ-LML 的采矿权证， 面积249.548 平方千米， 有效期至2039 年 5 月 22 日， 公司及所属全资子公司中矿国际赞比亚
中矿资源集团股份有限公司 3 工程有限公司和中矿国际勘探（香港）控股有限公司合计拥有卡森帕铜铁金矿项 目 92%的股权。卡森帕铜铁金矿区， 历经多年的勘查工作， 已经探获了希富玛铜 矿和卡马提克铁矿，其中希富玛铜矿已进入正式的开发生产运营阶段。 矿区累计探获（332）+（333）类别铜矿产资源量 3,019.036 万吨，铜金属量 221.843 万吨，平均品位 0.724%；伴生矿产（333）类别资源量分别为伴生金为 6.64 吨，伴生银为 96.31 吨，伴生钴为 7,245.68 吨，伴生锌为 111,704.18 吨；矿 区累计铁矿石资源量 3.48 亿吨，TFe 平均品位为 46.38%，其中（333）类铁矿石 资源量 1.61 亿吨。 根据公司前期勘查工作，已在矿区发现多处矿化点，显示出矿区具有较好的 铜铁矿成矿远景。 另外，矿区内仍有多处铜矿化点和铁矿（化）体未进行详细的 验证与勘查工作。2024 至 2025 年度，公司计划重点对矿区具有良好找矿远景的 铜矿化点和铁矿（化）体进行初步的找矿勘查工作。 4、赞比亚 Junction Mining Limited（以下简称“Junction”）齐通巴铜矿项目 赞比亚 Junction 拥有矿权编号为 19820-HQ-LML 的采矿权证， 面积248km2， 有效期至 2039 年 11 月。2024 年 3 月 14 日，公司全资下属公司 African Minerals Limited 拟以合计基准对价 5,850 万美元现金收购 Momentum Ventures Limited 持 有的 Junction 50%股权和 Chifupu Resources Limited 持有的 Junction 15%股权。 Junction 主要资产是位于赞比亚的 Kitumba 铜矿项目。本次交易完成后，公司将 合计持有 Junction65%的股权，拥有 Kitumba 铜矿项目 65%的权益。 Kitumba 铜矿区累计探获的保有铜矿产资源量为 2,790 万吨， 铜金属量61.40 万吨，铜平均品位 2.2%。矿区内已探获区域之外仍存在 Kakozhi、Mushingashi 和 Mutoya 等数处重力和磁异常与激电异常及土壤地球化学异常区，已有工作 表明异常区发育有相同类型的 IOCG 型铜矿化，具有良好的成矿潜力与找矿远 景。公司计划开展进一步的找矿勘查工作。 三、公司 2024-2025 年海外矿产资源勘探投资预算 为实现公司的发展战略， 尽快推动上述矿产资源的勘查进展，2024-2025 年， 公司拟对津巴布韦 Bikita 矿区锂矿、加拿大 Tanco 矿区外围与深部锂铯（钽)矿 产资源、赞比亚卡森帕矿区的铜铁金矿和赞比亚 Kitumba 铜矿进行进一步的补充 勘查及找矿工作。资金来源为自有资金。 公司2024-2025 年海外矿产资源勘探投
中矿资源集团股份有限公司 4 资预算为 7467.27 万元人民币。 四、投资风险及对公司的影响 1、地质勘查结果的不确定性：2024-2025 年度计划进行地质勘查的上述四个 地区内的已开发区或计划开发区域的地质工作程度较高， 但外围及周边地段地质 工作程度较低， 无系统工程控制， 地质勘查工作结果仍存在不确定性， 项目未来 的开发效益存在无法确定的风险。 2、勘查失败风险：计划勘查区域的勘查工作受成矿条件、勘查技术与社区 人文条件等因素影响，未来可能存在资源勘查失败风险。 3、矿产资源无法进入开发阶段的风险：项目新增资源的开发受项目所在国 家的政策、 人才、 技术、 设备及不可抗力等因素的影响， 未来可能存在矿产资源 不具备开采条件的风险。 4、运营风险：项目所在的津巴布韦、加拿大及赞比亚等国家法律、政策体 系、 商业环境各不同并且与中国存在较大区别， 公司在项目运营及勘查生产作业 过程中，需要熟悉并适应当地商业和人文社会环境，保证勘查工作的顺利进行。 5、本次投资不会对公司短期财务状况和经营成果产生重大影响。 五、备查文件 1、公司第六届董事会第九次会议决议。 2、公司第六届监事会第七次会议决议。 3、公司第六届董事会独立董事专门会议 2024 年第一会议决议。 特此公告。 中矿资源集团股份有限公司董事会 2024 年 4 月 25 日",2024-04-26,巨潮资讯网,https://static.cninfo.com.cn/finalpage/2024-04-26/1219841871.PDF,accepted
CNINFO-002176-1219864608,announcement,关于2023年度计提资产减值准备、资产报废及处置的公告,"1 证券代码：002176 证券简称：江特电机 公告编号：2024-027 江西特种电机股份有限公司 关于 2023 年度计提资产减值准备、资产报废及处置的公告 本公司及董事会全体成员保证信息披露的内容真实、准确、完整，没有虚假记 载、误导性陈述或重大遗漏。 根据 《企业会计准则》 及 《深圳证券交易所上市公司自律监管指引第1 号— —主板上市公司规范运作》 等有关规定， 江西特种电机股份有限公司 （以下简称 “公司” ） 现将本次计提资产减值准备的具体情况公告如下： 一、本次计提资产减值准备、资产报废及处置的情况概述 根据《企业会计准则》 《深圳证券交易所股票上市规则》相关规定的要求， 为了更加真实、 准确的反映公司的资产和财务状况， 基于谨慎性原则， 公司对合 并报表中截至 2023 年 12 月 31 日相关资产价值出现的减值迹象进行了全面的清 查和分析， 按资产类别进行了测试， 对可能发生资产减值损失的资产计提资产减 值准备；对存在毁损、拆除、淘汰、无法修复的资产进行报废及处置。 二、本次计提资产减值准备、资产报废及处置的范围、总金额及原因等具体 情况 经过公司及下属子公司对截至 2023 年 12 月 31 日可能发生减值迹象的资产 进行资产减值测试后，公司本次拟计提资产减值准备的资产项目为 2023 年末应 收款项、其他应收款、长期应收款、存货、在建工程，2023 年年度计提资产减 值准备、 资产报废合计21,733.95 万元， 计提各项资产减值准备及资产处置损失 明细如下表： 单位：万元 项目 拟计提减值准备金额、资 产处置、报废损失金额 占 2023 年度归属上市公司股东的 净利润绝对值比例 应收款项坏账准备 8,859.41 22.32% 存货跌价准备 10,050.26 25.32% 在建工程减值准备 2,079.96 5.24% 资产报废损失 744.32 1.88%
2 合计 21,733.95 54.76% 注：本公告中若出现总数与各分项数值之和和尾数不符的情况，均为四舍五入原因造成。 1、应收款项计提坏账准备的原因 公司应收款项坏账准备的计提标准为： 资产负债表日， 单项金额重大的 （单 项金额在500 万元以上） 单独进行减值测试并单项计提坏账准备， 根据其未来现 金流量现值低于其账面价值的差额计提坏账准备， 计入当期损益； 对于单项金额 虽不重大但有客观证据表明其发生了减值的应收款项， 根据其未来现金流量现值 低于其账面价值的差额计提坏账准备， 计入当期损益。 单独测试未发生减值的应 收款项，将其归入相应组合计提坏账准备。 本报告期公司应收款项拟计提坏账准备 8,859.41 万元， 核销应收款项41.69 万元，转回、收回 12,717.17 万元，其他变动 1.37 万元，期末余额 32,513.21 万元。 本报告期公司应收款项拟计提坏账准备 8,859.41 万元。 2、公司计提存货跌价准备的原因 公司期末对存货进行全面清查后， 按存货的成本与可变现净值孰低提取或调 整存货跌价准备。 产成品、 库存商品和用于出售的材料等直接用于出售的商品存 货， 在正常生产经营过程中， 以该存货的估计售价减去估计的销售费用和相关税 费后的金额， 确定其可变现净值； 需要经过加工的材料存货， 在正常生产经营过 程中， 以所生产的产成品的估计售价减去至完工时估计将要发生的成本、 估计的 销售费用和相关税费后的金额， 确定其可变现净值； 为执行销售合同或者劳务合 同而持有的存货， 其可变现净值以合同价格为基础计算， 若持有存货的数量多于 销售合同订购数量的， 超出部分的存货的可变现净值以一般销售价格为基础计算。 期末按照单个存货项目计提存货跌价准备； 但对于数量繁多、 单价较低的存 货， 按照存货类别计提存货跌价准备； 与在同一地区生产和销售的产品系列相关、 具有相同或类似最终用途或目的， 且难以与其他项目分开计量的存货， 则合并计 提存货跌价准备。 以前减记存货价值的影响因素已经消失的， 减记的金额予以恢复， 并在原已 计提的存货跌价准备金额内转回，转回的金额计入当期损益。 公司以 2023 年 12 月 31 日为基准日，对所有存货预计可变现净值存货跌价
3 准备。2023 年度计提存货跌价准备10,050.26 万元， 转销923.09 万元， 转回10.02 万元，其他变动4.69 万元，期末余额 14,594.42 万元。 本报告期公司存货拟计提坏账准备 10,050.26 万元。 3、公司计提在建工程减值准备的原因 公司于年末对“利用锂辉石生产 0.5 万吨氢氧化锂产线” 的固定资产进行 了梳理， 考虑到该产线的已到货机器设备年限已久， 有些设备已陈旧老化， 拆改 投入大且无利用价值，故在期末时按账面价值与可收回金额孰低的原则对相关分 子公司进行计量测算， 对可收回金额低于账面价值的差额计提在建工程减值准备， 拟对相关分子公司计提 2,079.96 万元固定资产减值准备。 4、公司处置资产及报废的原因 报告期内，因公司对相关子公司无法再利用的简易厂房，拆除后计划重建， 拆除的钢结构厂房以及建筑物做报废处置，资产报废损失 744.32 万元。 5、计入的报告期 本次计提资产减值准备、资产报废损失计入的报告期间为 2023 年 1 月 1 日 至2023 年 12 月 31 日。 三、本次计提资产减值准备及资产报废对公司的影响 本次计提资产减值准备及资产报废将减少公司 2023 年度合并报表利润总额 21,733.95 万元，减少公司的所有者权益21,733.95 万元。本次计提资产减值准 备及资产报废符合《企业会计准则》 《深圳证券交易所股票上市规则》和公司相 关会计政策的规定， 是基于谨慎性原则而作出的， 依据充分， 公允地反映了2023 年1 月 1 日至 2023 年 12 月 31 日公司财务状况、资产价值及经营成果。 特此公告 江西特种电机股份有限公司 董事会 二〇二四年四月二十九日",2024-04-29,巨潮资讯网,https://static.cninfo.com.cn/finalpage/2024-04-29/1219864608.PDF,accepted
CNINFO-002756-1219908495,announcement,关于开展期货套期保值业务的公告,"1 证券代码：002756 证券简称：永兴材料 公告编号：2024-018 号 永兴特种材料科技股份有限公司 关于开展期货套期保值业务的公告 本公司及董事会全体成员保证信息披露的内容真实、 准确、 完整， 没 有虚假记载、误导性陈述或重大遗漏。 重要提示： 1．公司进行期货套期保值的期货品种为碳酸锂。 2．公司进行套期保值业务的保证金金额不超过人民币 20,000 万元（不含期货标 的实物交割款项），上述额度在有效期限内可循环滚动使用。 3．特别风险提示：期货套期保值业务存在固有的市场风险、政策风险、流动性风 险及技术风险， 公司将积极落实管控制度和风险防范措施， 审慎执行套期保值操作， 提 醒投资者充分关注投资风险。 永兴特种材料科技股份有限公司（以下简称“公司”）于 2024 年 4 月 28 日召开 了第六届董事会第四次会议， 审议通过了 《关于开展期货套期保值业务的议案》 ， 因公 司业务发展的需要，拟开展期货套期保值业务，现将有关情况公告如下： 一、开展期货套期保值业务的目的 鉴于公司全资子公司江西永兴特钢新能源科技有限公司的主要产品碳酸锂的价格 受市场价格波动影响明显，为降低产品价格波动给公司带来的经营风险，保持公司经 营业绩持续、稳定，公司拟利用期货工具的避险保值功能，根据生产经营计划择机开 展期货套期保值业务，有效降低市场价格波动风险，保障主营业务稳步发展。 本次开展期货套期保值业务，工具选择为与公司生产经营相关的碳酸锂期货品 种，预计将有效控制产成品价格波动风险敞口。
2 二、开展期货套期保值业务的基本情况 公司董事会授权经营管理层及其授权人士开展期货套期保值业务，并按照公司制 定的 《期货套期保值业务管理制度》 相关规定及流程， 进行套期保值业务操作及管理。 （一）期货套期保值的品种 公司开展期货套期保值业务的期货品种仅限于与公司生产经营有直接关系的碳酸 锂期货品种。 （二）资金额度 公司开展套期保值业务的保证金金额不超过人民币 20,000 万元（不含期货标的 实物交割款项），上述额度在有效期限内可循环滚动使用。 （三）资金来源 自有资金。 （四）业务期限 自公司董事会审议通过之日起十二个月内有效。如单笔交易的存续期超过了授权 期限，则授权期限自动顺延至该笔交易终止时止。 三、审议程序 本次期货套期保值业务已经公司 审计委员会、独立董事专门会议、 第六届董事会 第四次会议审议通过，额度在董事会的审批权限内，无须提交股东大会审议。 四、开展期货套期保值业务的风险分析 公司开展套期保值业务不以逐利为目的，主要为有效降低产品市场价格剧烈波动 对公司经营带来的影响，但同时也会存在一定的风险，具体如下： （一）市场风险 理论上，各交易品种在临近交割期时期货市场价格和现货市场价格将趋于回归一 致，但在极个别的非理性市场情况下，如市场发生系统性风险，期货价格与现货价格 走势相背离等，会对公司的套期保值操作方案带来影响，甚至造成损失。 （二）政策风险 如期货市场相关法规政策发生重大变化，可能导致市场发生剧烈波动或无法交易 的风险。 （三）流动性风险
3 期货交易采取保证金和逐日盯市制度，按照经公司审批的方案下单操作时，如果 合约活跃度较低，导致套期保值持仓无法成交或无法在合适价位成交，令实际交易结 果与方案设计出现较大偏差，甚至面临因未能及时补足保证金而被强行平仓带来的损 失。 （四）内部控制风险 期货交易专业性较强，复杂程度较高，可能会产生由于内控体系不完善造成风 险。 （五）技术风险 由于无法控制和不可预测的系统故障、网络故障、通讯故障等造成交易系统非正 常运行，使交易指令出现延迟、中断或数据错误等问题，从而带来相应风险。 五、风险控制措施 （一）公司严格执行有关法律法规，制定《期货套期保值业务管理制度》，对公 司开展期货套期保值业务的审批权限、操作流程及风险控制等方面做出明确的规定， 建立有效的监督检查、风险控制和交易止损机制，降低内部控制风险。 （二）合理设置公司期货业务组织机构，建立岗位责任制，明确各相关部门和岗 位的职责权限，严格在董事会批准的权限内办理公司期货套期保值业务。同时，加强 相关人员的职业道德教育及业务培训，提高相关人员的综合素质，提升相关人员的专 业知识。 （三）公司期货套期保值业务仅限于与公司经营业务相关性高的期货品种，业务 规模将与公司经营业务相匹配，最大程度对冲价格波动风险。在制订交易方案的同时 做好资金测算，以确保可用资金充裕；严格控制套期保值的资金规模，合理规划和使 用资金，在市场剧烈波动时做到合理止损，有效规避风险。 （四）公司审计部定期及不定期对套期保值交易业务进行检查，监督套期保值交 易业务人员执行风险管理制度和风险管理工作程序，及时防范业务中的操作风险。 六、开展期货套期保值业务的会计核算原则 公司根据 《企业会计准则第22 号——金融工具确认和计量》 《企业会计准则第24 号——套期会计》 《企业会计准则第37 号——金融工具列报》 《企业会计准则第39 号
4 ——公允价值计量》 等相关规定及其指南， 对期货套期保值业务进行相应的核算处理， 并在财务报告中正确列报。 七、独立董事专门会议意见 公司及子公司开展套期保值业务是以风险防范为目 的，有利于降低产品价格波动 风险，符合公司业务发展及日常经营需要。 公司开展期货套期保值业务的内容和审议 程序符合 《深圳证券交易所股票上市规则》 《深圳证券交易所上市公司自律监管指引第 1 号-主板上市公司规范运作》《深圳证券交易所上市公司自律监管指引第 7 号—交易 与关联交易》 《公司章程》 等有关规定。 公司已制定 《期货套期保值业务管理制度》 ， 明确了审批权限、 专业管理、 风险控制等内部控制程序， 对公司控制期货套期保值风险 起到了保障的作用。公司亦对期货套期保值业务的开展作出了明确规定，公司开展期 货套期保值业务不存在损害公司及全体股东、 特别是中小股东利益的情形。 因此， 我们 同意公司及子公司开展期货套期保值业务。 八、备查文件 1、公司第六届董事会第四次会议决议 2、关于开展期货套期保值业务的可行性分析报告 特此公告。 永兴特种材料科技股份有限公司董事会 2024 年 4 月 30 日",2024-04-30,巨潮资讯网,https://static.cninfo.com.cn/finalpage/2024-04-30/1219908495.PDF,accepted
CNINFO-002594-1219973138,announcement,2024年4月产销快报,"证券代码：002594 证券简称：比亚迪 公告编号：2024-054 比亚迪股份有限公司 2024年4月产销快报 本公司及董事会全体成员保证信息披露的内容真实、准确、完整，没有虚假记载、误导性陈述或重大遗漏。 比亚迪股份有限公司(以下简称“本公司”)2024年4月产销快报数据如下： 单位：辆 产量 销量 项目类别 本月 去年同期 本年累计 去年累计 累计同比 本月 去年同期 本年累计 去年累计 累计同比 新能源汽车 334,039 209,448 946,354 776,631 21.85% 313,245 210,295 939,508 762,371 23.24% -乘用车 332,842 208,620 943,292 771,566 22.26% 312,048 209,467 936,446 757,384 23.64% -纯电动 145,576 110,234 437,306 378,053 15.67% 134,465 104,364 434,579 369,011 17.77% -插电式混合动力 187,266 98,386 505,986 393,513 28.58% 177,583 105,103 501,867 388,373 29.22% -商用车 1,197 828 3,062 5,065 -39.55% 1,197 828 3,062 4,987 -38.60% -客车 672 361 1,467 1,104 32.88% 672 361 1,467 1,104 32.88% -其他 525 467 1,595 3,961 -59.73% 525 467 1,595 3,883 -58.92% 合计 334,039 209,448 946,354 776,631 21.85% 313,245 210,295 939,508 762,371 23.24% 注：本公司 2024 年 4 月海外销售新能源乘用车合计 41,011 辆； 本公司 2024 年 4 月新能源汽车动力电池及储能电池装机总量约为 12.559GWh，2024 年累计装机总量约为 42.295GWh。 务请注意，上述产、销量数字未经审核，亦未经本公司审计师确认，或会予以调整并有待最终确认。本公司刊发财务业绩后，股东及 潜在投资者务必详阅。
特此公告。 比亚迪股份有限公司董事会 2024年 5 月 5 日",2024-05-06,巨潮资讯网,https://static.cninfo.com.cn/finalpage/2024-05-06/1219973138.PDF,accepted
CNINFO-002460-1219998128,announcement,关于收购Mali Lithium公司部分股权涉及矿业权投资的公告,"证券代码：002460 证券简称：赣锋锂业 编号：临2024-032 江西赣锋锂业集团股份有限公司 关于收购 Mali Lithium 公司部分股权涉及矿业权投资的公告 本公司及其董事会全体成员保证公告内容真实、 准确和完整， 没有虚 假记载、误导性陈述或重大遗漏。 特别提示： 1、 本次交易标的为Mali Lithium B.V .（以下简称“Mali Lithium”） 40%股权。本次交易不构成关联交易，亦不构成《上市公司重大资产 重组管理办法》 规定的重大资产重组， 本次交易无需提交公司股东大 会审议。 2、本次交易尚需取得 Leo Lithium Limited （以下简称“ Leo Lithium”）股东会的批准，且尚需取得国家相关主管部门批准或核 准备案，以及取得马里政府的同意，存在不能获批的风险。 3、受国际政治、经济环境、产业政策、市场环境等方面的影响， 本次投资收益也存在一定的不确定性。 一、本次交易概述 公司于 2024 年 5 月 6 日召开的第五届董事会第七十八次会议审 议通过了 《关于收购 Mali Lithium 公司部分股权涉及矿业权投资的议 案》，同意全资子公司赣锋国际有限公司（以下简称“赣锋国际”） 拟以自有资金 3.427 亿美元向 Leo Lithium 收购旗下 Mali Lithium 公 司剩余 40%股权，授权公司经营层全权办理本次交易的相关事宜。 本次交易不构成关联交易， 亦不构成 《上市公司重大资产重组管 理办法》 规定的重大资产重组， 本次交易无需提交公司股东大会审议。 二、增持 Mali Lithium 股权进展情况
1、公司于 2023 年 9 月 6 日召开的第五届董事会第六十八次会议 审议通过了《关于增持 Mali Lithium B.V. 股权涉及矿业权投资的议 案》，同意公司或子公司与 Leo Lithium 签署《关于 Goulamina 项目 的合作协议》 ， 由公司全资子公司赣锋国际以认购新股的方式对Mali Lithium 增资不超过 1.38 亿美元，用于 Goulamina 项目后续的项目建 设和资本支出， 增资完成后， 赣锋国际将持有Mali Lithium 55%股权， 从而间接持有 Goulamina 项目 55%权益（公告编号：临 2023-100）。 截至本公告披露日，上述增资事项已完成，目前 赣锋国际持有 Mali Lithium 55%股权。 2、公司于 2024 年 1 月 15 日召开的第五届董事会第七十二次会 议审议通过了《关于收购 Mali Lithium 公司 5%股权涉及矿业权投资 的议案》 ， 同意全资子公司赣锋国际拟以自有资金 6,500 万美元向 Leo Lithium Limited 收购 Mali Lithium 公司 5%股权 （公告编号： 临 2024-003）。 截至本公告披露日，上述收购Mali Lithium公司5%股权事项尚未 完成股份转让，待股权交割完成且公司取得Mali Lithium 经营控制权 后，Mali Lithium将纳入公司合并报表范围。 本次交易与上述收购Mali Lithium公司5%股权事项全部完成后， 赣锋国际将持有Mali Lithium 100%股权。 三、交易对方的基本情况 Leo Lithium 是一家成立于 2022 年在澳大利亚证券交易所及法兰 克福证券交易所上市的公司， 澳大利亚证券交易所代码为LLL， 法兰 克福证券交易所代码为 WX0； 注册地址为Level 2/16 Ventnor Avenue, WEST PERTH, WA, AUSTRALIA, 6005； 主营业务为马里锂矿资源勘 探及开发。其旗下的主要资产为位于马里的锂辉石 Goulamina 项目；
截至本公告披露日，Leo Lithium 的已发行股本为 1,198,176,519 股， FireFinch Limited 为第一大的股东，持有 Leo Lithium17.61%的股权。 Leo Lithium 最近一年又一期的财务数据如下： 单位：澳元 指标 2022 年 12 月 31 日 （经审计） 2023 年 6 月 30 日 （未经审计） 资产总额 184,765,000 187,328,000 负债总额 1,594,000 3,649,000 净资产 183,171,000 183,679,000 指标 2022 年 12 月 31 日 （经审计） 2023 年 6 月 30 日 （未经审计） 营业收入 - - 净利润 66,278,000 -3,872,000 备注：1 澳元=4.73 元人民币 截至 2023 年 6 月 30 日，Leo Lithium 的资产负债率为 1.95%。 Leo Lithium 与公司及公司前十名股东不存在可能造成利益倾斜 的关系，不是失信被执行人。 四、交易标的的基本情况 Mali Lithium 是由 Leo Lithium 和赣锋国际共同出资在荷兰注册 成立， RSIN:863017149,注册地址为 Herenweg 21 -23，3625 AA ， Breukeleveen，the Netherlands ，注册时间为 2022 年 3 月，注册资本 为 1,111 美元。主营业务是矿产资源投资与贸易。 截至本公告披露日，Mali Lithium 的股权结构如下：
本次交易和收购 Mali Lithium 公司 5%股权事项完成，且马里政 府获得在项目层面的 10%持股后，Mali Lithium 的股权结构如下： 注：根据马里已颁发的 2023 年矿业法典和未来可能颁行的实施细则，马里政府有权持有 项目公司 LMSA 的 10(含)%-35(含)%的股权，截止目前马里政府尚未在项目公司层面持股。 Mali Lithium 最近一年又一期的财务数据如下： 单位：美元 指标 2022 年 12 月 31 日 2023 年 12 月 31 日
（经审计） （未经审计） 资产总额 154,719,139 295,994,399 负债总额 11,359,181 141,209,601 净资产 143,359,958 154,784,798 指标 2022 年 12 月 31 日 （经审计） 2023 年 12 月 31 日 （未经审计） 营业收入 - - 净利润 -472,935 -936,520 截至 2023 年 12 月 31 日，Mali Lithium 的资产负债率为 47.71%。 Mali Lithium 不是失信被执行人。Mali Lithium 现有章程不存在 适用的法律法规要求之外其他限制股东权利的条款。 五、所涉矿业权情况 1、Goulamina 锂辉石项目采矿权基本情况 Goulamina 拥有位于马里南部地区的锂辉石矿项目，目前持有 1 个采矿许可证： 采矿权许可证 Torakoro Exploitation Permit PE19/25 采矿权人 Lithium du Mali SA 地理位置 非洲马里南部地区 开采矿种 锂辉石矿 矿区面积 100 平方公里 取得日 2019 年 8 月 23 日 有效期 矿权有效期为 15 年，届满后可依法申请续期
2、矿业权最近三年权属变更的方式、时间和审批部门 该矿业权于 2022 年 3 月 24 日由 Firefinch 转让至 Lithium du Mali SA（以下简称“LMSA”），本次矿权转让由马里矿业部审批。 3、锂辉石矿主要产品及其用途、产品销售方式 该矿主要产品为锂辉石，主要作为基础锂盐产品（工业级 /电池 级碳酸锂、工业级/电池级氯化锂、工业级/电池级氢氧化锂等）的原 材料， 通过直接或间接地为生产基础锂盐产品的企业供应原材料而完 成产品的销售。 4、矿产资源储量情况 根据 Leo Lithium 公布的根据 JORC 标准估算的 Goulamina 锂辉 石矿的探明资源量、控制资源量和推断资源量情况如下： 矿石量（百万吨） 氧化锂（百万吨） 平均品位(%) 探明资源量 13.1 0.21 1.59 控制资源量 89.2 1.28 1.43 推断资源量 108.6 1.41 1.30 总资源量 211.0 2.89 1.37 注：资源量估计中采用的氧化锂边界品位（cut-off grade）为 0.5% 5、本次交易涉及的矿业权各项费用缴纳情况 LMSA 已经根据相关法律法规缴纳和结清了采矿权使用费和资 源税等费用。 6、拟受让的矿业权权属转移需履行的程序 本次交易标的为 Mali Lithium 的 40%股权，矿业权仍在 LMSA 名下，不涉及矿业权权属转移。 六、协议主要条款 1、 本次收购Mali Lithium 40%股权的交易总对价为 3.427 亿美元， 公司在股权转让协议签署后十个工作日内向 Leo Lithium 支付保证金
1,050 万美元；公司在所有先决条件满足后（或免除后）十个工作日 内支付第一期收购款 1.61 亿美元，于 2025 年 6 月 30 日前支付剩余 的第二期收购款 1.712 亿美元； 2、第二期收购款应支付合理利息，计息时间从第一期收购款的 实际付款日期到第二期收购款的实际支付日期。 七、本次交易的定价依据和原则 本次公司收购 Mali Lithium 40%股权的交易对价为 3.427 亿美元， 该交易价格在公司对 Goulamina 锂辉石项目进行充分的技术、财务、 法律等各方面尽职调查的基础上，与卖方通过公平协商确定。由于 Goulamina 锂辉石项目正在建设中，尚未投产运营，暂未产生营业收 入与利润， 因此公司认为市盈率、 市销率等指标无法作为本次收购的 参考依据。 根据对采矿权及项目估值的行业惯例， 公司参考市场上近 年来锂资源收购案例及锂资源企业市值， 以每万吨资源量对价的角度 进行可比分析如下： 公司/项目名称 交易公告日期/ 证券代码 最新交易 估值/市值 (万美元) 资源量 （万 吨 Li2O） 对价/资源 量(万美金/ 万吨 Li2O) 资源量 (万吨 LCE) 对价/资源 量(万美金/ 万吨 LCE) Latin Resources Limited ASX:LRS 43,487 89.28 487 219.73 198 Pilbara Minerals Limited ASX:PLS 830,000 475.97 1,744 1,170.91 709 Core Lithium Limited ASX: CXO 19,748 40.12 492 98.69 200 Sigma Lithium Corporation NASDAQ: SGML TSX.V: SGML 176,000 152.84 1,152 376 468 Liontown Resources Limited ASX: LTR 195,000 233.4 835 574.16 339 安徽省大中新能源投资 有限责任公司 （附注 2） 2023 年 8 月 14 日 58,085 （附注 3） 60 968 148 392 Bald Hill （附注 4） 2023 年 11 月 23 日 17,130 （附注 5） 11.3 1,516 27.79 662 附注： 1、上述可比项目或公司 最新的交易估值以各可比公司的 交易对价/交易对应股权比例计算 得出。上述可比项目或公司以 2024 年 5 月 3 日的市值作为参考。 2、安徽省大中新能源投资有限责任公司, 为深圳证券交易所上市公司内蒙古大中矿业股份 有限公司（股票代号：001203）的全资子公司。
3、锂矿 100%股权支付的对价。 4、澳洲证券交易所上市公司 Mineral Resources Limited（股票代号 ASX：MIN） 收购的锂矿。 5、锂矿 100%股权支付的对价。 综上， 上述可比项目或公司按 Li2O 及 LCE 计算的平均对价/资源 量比率分别为 1,028 (万美元/万吨 Li2O)及 424 (万美元/万吨 LCE)。根 据 Goulamina 锂辉石项目的资源量 289 万吨 Li2O 或 713.83 万吨 LCE 乘以可比项目按 Li2O 及 LCE 计算的平均 对价/资源量比率， Mali Lithium 100%的全部已发行股份 对应的估值分别为 297,092 万美元 （以 Li2O 计）和 302,664 万美元（以 LCE 计），高于本次实际交易 对价对应的 Mali Lithium100% 股权估值 85,675 万美元 。考虑到 Goulamina 锂辉石项目尚未投产，本次交易估值相对市场成熟项目较 低。因此，公司认为本次收购定价公允，估值处于合理范畴内，不存 在损害公司和全体股东的利益。 八、本次交易的合规性和生效条件 1、 公司于2024 年 5 月 6 日召开的第五届董事会第七十八次会议 以 10 票赞成、0 票反对、0 票弃权审议通过了本次交易事项， 并授权 公司经营层全权办理本次交易的相关事宜。 2、赣锋国际收购 Mali Lithium 公司 40%股权，不涉及矿业权权 属转移， 因此， 本次交易事宜并不涉及公司需要具备矿业权开发利用 资质条件， 不涉及特定矿种资质及行业准入问题， 且不涉及履行权属 转移程序等问题。 3、本次交易尚需取得 Leo Lithium 股东会的批准， 且尚需取得国 家相关主管部门批准或核准备案，以及取得马里政府的同意。 九、本次交易的目的、对公司的影响及存在的风险 1、本次交易目的 本次交易有利于公司取得对 Goulamina 锂辉石矿项目经营管理",2024-05-08,巨潮资讯网,https://static.cninfo.com.cn/finalpage/2024-05-08/1219998128.PDF,accepted
GFEX-WR-20240508,announcement,广期所碳酸锂仓单日报：仓单增加1850手,广州期货交易所2024-05-08仓单日报显示，碳酸锂仓单总量为22834手，增加1850手。,2024-05-08,广州期货交易所,https://www.gfex.com.cn/gfex/cdrb/hqsj_tjsj.shtml,accepted
CNINFO-002176-1220039679,announcement,关于取得采矿许可证的公告,"1 证券代码：002176 证券简称:江特电机 公告编号：2024-030 江西特种电机股份有限公司 关于取得采矿许可证的公告 本公司及董事会全体成员保证信息披露的内容真实、准确、完整，没有虚假记 载、误导性陈述或重大遗漏。 江西特种电机股份有限公司 （以下简称“公司”）于近日收到了中华人民共 和国自然资源部颁发的《采矿许可证》，现将相关事项公告如下： 一、 采矿许可证主要内容 1、证号：C1000002024055218000705 2、采矿权人：江西特种电机股份有限公司 3、地址：江西省宜春市袁州区环城南路581号 4、矿山名称：江西特种电机股份有限公司江西省宜丰县茜坑锂矿（以下简 称“茜坑锂矿”） 5、经济类型：股份有限公司 6、开采矿种：锂矿、铷、铯 7、开采方式：露天/地下开采 8、生产规模：300万吨/年 9、矿区面积：1.3826平方公里 10、有效期限：叁拾年，自2024年4月9日至2054年4月9日 二、茜坑锂矿的特点 1、品位高 公司的茜坑锂矿中：Li2O 平均品位按 0.44%计算，矿石资源储量为 7293 万 吨。部分区域 Li2O 平均品位在 0.55%以上。 该矿区属于典型的蚀变花岗岩型锂云母型矿床， 在已探明的世界锂云母型矿 床中锂含量处于较高的水平， 在中国已取得采矿权的锂云母矿权中属于平均品位 最前位的矿床之一。 2、储量大
2 茜坑锂矿采矿证证载面积1.3826平方公里，Li2O平均品位按0.44%计算，矿 石资源储量为7293万吨；若Li2O平均品位按0.39%计算， 矿石资源储量达到1.2667 亿吨，为大型锂矿。 3、开采条件好 茜坑锂矿属于露天开采， 矿山平均海拔低 （400米左右） ， 且宜春四季如春， 自然气候条件比较好， 全年可开采时间长， 矿藏埋藏较浅， 该矿的开采条件较为 优越。 三、对公司的影响 茜坑锂矿是我国第一个在国家自然资源部办理的锂云母型锂矿采矿权证， 开 采年限30年。 茜坑锂矿采矿权证获批， 对公司锂产业发展具有里程碑式的重大意 义， 茜坑锂矿开采后， 将大大提高公司锂矿的自给率， 进一步降低生产成本， 提 高产品利润率，对公司锂产业板块未来30年的发展将起到举足轻重的作用。 碳酸锂的价格近年来波动较大，请投资者注意投资风险！ 特此公告。 江西特种电机股份有限公司 董事会 二〇二四年五月十四日",2024-05-14,巨潮资讯网,https://static.cninfo.com.cn/finalpage/2024-05-14/1220039679.PDF,accepted
LC-TEXT-0008,policy,五部门关于开展2024年新能源汽车下乡活动的通知_国务院部门文件_中国政府网,"五部门关于开展2024年新能源汽车下乡活动的通知_国务院部门文件_中国政府网 
 首页 
 | 
 简 
 | 
 繁 
 | 
 EN 
 | 
 登录 
 个人中心 
 退出 
 | 
 邮箱 
 | 
 无障碍 
 EN 
 https://www.gov.cn/ 
 首页  >  政策  >  国务院政策文件库  > 国务院部门文件
 字号： 默认 
 大 
 超大 
 | 
 打印 
 收藏 
 | 
 标    题： 
 五部门关于开展2024年新能源汽车下乡活动的通知 
 发文机关： 
 工业和信息化部办公厅 国家发展改革委办公厅 农业农村部办公厅 商务部办公厅 国家能源局综合司 
 发文字号： 
 工信厅联通装函〔2024〕158号 
 来    源： 
 工业和信息化部网站 
 主题分类： 
 工业、交通\其他 
 公文种类： 
 通知 
 成文日期： 
 2024年05月15日 
 标       题： 
 五部门关于开展2024年新能源汽车下乡活动的通知
 发文机关： 工业和信息化部办公厅 国家发展改革委办公厅 农业农村部办公厅 商务部办公厅 国家能源局综合司 
 发文字号： 工信厅联通装函〔2024〕158号 
 来       源： 工业和信息化部网站 
 主题分类： 工业、交通\其他 
 公文种类： 通知 
 成文日期： 2024年05月15日 
 工业和信息化部办公厅 国家发展改革委办公厅 农业农村部办公厅 商务部办公厅 国家能源局综合司关于开展2024年新能源汽车下乡活动的通知 工信厅联通装函〔2024〕158号 各省、自治区、直辖市及计划单列市工业和信息化主管部门、发展改革委、农业农村（农牧）厅（局、委）、商务主管部门、能源主管部门： 为贯彻落实党中央、国务院相关决策部署，加快补齐农村地区新能源汽车消费使用短板，提升居民绿色安全出行水平，赋能美丽乡村建设和乡村振兴，工业和信息化部、国家发展改革委、农业农村部、商务部、国家能源局联合组织开展2024年新能源汽车下乡活动。 一、活动主题 绿色、低碳、智能、安全——赋能新生活，乐享新出行 二、活动时间 2024年5月—12月 三、活动内容 选取适宜农村市场、口碑较好、质量可靠的新能源汽车车型（车型目录见附件），开展集中展览展示、试乘试驾等活动，丰富消费体验，提供多样化选择。组织充换电服务，新能源汽车承保、理赔、信贷等金融服务，以及维保等售后服务协同下乡，补齐农村地区配套环境短板。落实汽车以旧换新、县域充换电设施补短板等支持政策，将“真金白银”的优惠直达消费者。 四、组织方式 （一）活动进一步下沉到县域，选取一批新能源汽车推广应用比例不高、未来市场潜力大的典型县域城市，举行若干场专场活动；以此为中心辐射周边乡镇，结合地区实际开展若干场特色活动，形成“1+N”活动布局。 （二）鼓励各新能源汽车生产企业、销售企业、金融机构、充换电设施企业、销售和售后服务企业积极参加，结合以旧换新和县域充换电设施补短板等支持政策制定促销方案，建立完善售后服务体系。 （三）活动采取“现场+云上”相结合的方式开展。“线下”活动通过典型县域专场活动与周边乡镇特色活动相结合的方式开展。“线上”活动主要包括线上展销、直播互动等，通过电商、互联网平台配合线下活动开展。 （四）系列活动委托中国汽车工业协会、中国充电联盟牵头组织实施，各地工业和信息化、发展改革、农业农村、商务、能源主管部门做好配合工作。 五、保障措施 （一）加强组织领导。强化工作协同，做好汽车以旧换新、县域充换电设施补短板试点落实。加强人员和经费保障，动员企业、机构积极参与，确保各项活动取得实效。坚决贯彻执行中央八项规定及其实施细则精神，坚持节俭办活动。 （二）做好安全保障。严格遵守当地社会治安管理规定，试点地区提前做好风险评估，制定工作方案、安全防范工作应急预案，细化措施、责任到人、落实到位。加强安全防护，严防事故发生。 （三）注重舆论引导。相关部门、地方要综合运用官方网站、微博微信、广播电视、新媒体短视频等渠道，开展活动全过程全覆盖宣传引导，加大新能源汽车科普宣传力度，加强活动前预热宣传，营造良好舆论环境。 联系方式： 中国汽车工业协会 姜建娜 18610271728 中国电动汽车充电基础设施促进联盟 仝宗旗 18614242868 附件： 2024年新能源汽车下乡车型目录 工业和信息化部办公厅 国家发展改革委办公厅 农业农村部办公厅 商务部办公厅 国家能源局综合司 2024年5月15日 
 工业和信息化部办公厅 国家发展改革委办公厅 农业农村部办公厅 商务部办公厅 国家能源局综合司关于开展2024年新能源汽车下乡活动的通知 工信厅联通装函〔2024〕158号 各省、自治区、直辖市及计划单列市工业和信息化主管部门、发展改革委、农业农村（农牧）厅（局、委）、商务主管部门、能源主管部门： 为贯彻落实党中央、国务院相关决策部署，加快补齐农村地区新能源汽车消费使用短板，提升居民绿色安全出行水平，赋能美丽乡村建设和乡村振兴，工业和信息化部、国家发展改革委、农业农村部、商务部、国家能源局联合组织开展2024年新能源汽车下乡活动。 一、活动主题 绿色、低碳、智能、安全——赋能新生活，乐享新出行 二、活动时间 2024年5月—12月 三、活动内容 选取适宜农村市场、口碑较好、质量可靠的新能源汽车车型（车型目录见附件），开展集中展览展示、试乘试驾等活动，丰富消费体验，提供多样化选择。组织充换电服务，新能源汽车承保、理赔、信贷等金融服务，以及维保等售后服务协同下乡，补齐农村地区配套环境短板。落实汽车以旧换新、县域充换电设施补短板等支持政策，将“真金白银”的优惠直达消费者。 四、组织方式 （一）活动进一步下沉到县域，选取一批新能源汽车推广应用比例不高、未来市场潜力大的典型县域城市，举行若干场专场活动；以此为中心辐射周边乡镇，结合地区实际开展若干场特色活动，形成“1+N”活动布局。 （二）鼓励各新能源汽车生产企业、销售企业、金融机构、充换电设施企业、销售和售后服务企业积极参加，结合以旧换新和县域充换电设施补短板等支持政策制定促销方案，建立完善售后服务体系。 （三）活动采取“现场+云上”相结合的方式开展。“线下”活动通过典型县域专场活动与周边乡镇特色活动相结合的方式开展。“线上”活动主要包括线上展销、直播互动等，通过电商、互联网平台配合线下活动开展。 （四）系列活动委托中国汽车工业协会、中国充电联盟牵头组织实施，各地工业和信息化、发展改革、农业农村、商务、能源主管部门做好配合工作。 五、保障措施 （一）加强组织领导。强化工作协同，做好汽车以旧换新、县域充换电设施补短板试点落实。加强人员和经费保障，动员企业、机构积极参与，确保各项活动取得实效。坚决贯彻执行中央八项规定及其实施细则精神，坚持节俭办活动。 （二）做好安全保障。严格遵守当地社会治安管理规定，试点地区提前做好风险评估，制定工作方案、安全防范工作应急预案，细化措施、责任到人、落实到位。加强安全防护，严防事故发生。 （三）注重舆论引导。相关部门、地方要综合运用官方网站、微博微信、广播电视、新媒体短视频等渠道，开展活动全过程全覆盖宣传引导，加大新能源汽车科普宣传力度，加强活动前预热宣传，营造良好舆论环境。 联系方式： 中国汽车工业协会 姜建娜 18610271728 中国电动汽车充电基础设施促进联盟 仝宗旗 18614242868 附件： 2024年新能源汽车下乡车型目录 工业和信息化部办公厅 国家发展改革委办公厅 农业农村部办公厅 商务部办公厅 国家能源局综合司 2024年5月15日 
 链接： 
 全国人大 
 | 
 全国政协 
 | 
 国家监察委员会 
 | 
 最高人民法院 
 | 
 最高人民检察院 
 国务院部门网站 
 | 
 地方政府网站 
 | 
 驻港澳机构网站 
 | 
 驻外机构 
 中国政府网 
 | 
 关于本网 
 | 
 网站声明 
 | 
 联系我们 
 | 
 网站纠错 
 主办单位：国务院办公厅　运行维护单位：中国政府网运行中心 
 版权所有：中国政府网　中文域名： 中国政府网.政务 
 网站标识码bm01000001　 京ICP备05070218号 　 京公网安备11010202000001号 
 国务院客户端 
 国务院客户端小程序 
 中国政府网微博、微信 
 电脑版 
 客户端 
 小程序 
 微博 
 微信 
 邮箱 
 退出 
 注册 
 登录 
 网站纠错 
 主办单位：国务院办公厅　运行维护单位：中国政府网运行中心 
 版权所有：中国政府网　中文域名： 中国政府网.政务 
 网站标识码bm01000001 
 京ICP备05070218号　京公网安备11010202000001号 
 回到顶部 
 登录 
 注册 
 × 
 × 
 × 
 五部门关于开展2024年新能源汽车下乡活动的通知 
 为贯彻落实党中央、国务院相关决策部署，加快补齐农村地区新能源汽车消费使用短板，提升居民绿色安全出行水平，赋能美丽乡村建设和乡村振兴，工业和信息化部、国家发展改革委、农业农村部、商务部、国家能源局联合组织开展2024年新能源汽车下乡活动。",2024-05-15,中国政府网,https://www.gov.cn/zhengce/zhengceku/202405/content_6951174.htm,accepted
CNINFO-002497-1220173618,announcement,关于津巴布韦Kamativi锂矿资源量更新的公告,"1 证券代码：002497 证券简称：雅化集团 公告编号：2024-45 四川雅化实业集团股份有限公司 关于津巴布韦Kamativi锂矿资源量更新的公告 本公司及董事会全体成员保证信息披露内容的真实、 准确和完整， 没有虚假记载、 误导性陈述或重大遗漏。 近日，四川雅化实业集团股份有限公司（以下简称“公司” ）收到下属控股子公司 Kamativi Mining Company(Private) Limited（以下简称“KMC 公司” ）的通知，KMC 公司 委托第三方机构四川省第五地质大队对 KMC 公司拥有的 Kamativi 多金属矿的资源量估 算进行了更新，编制了《津巴布韦北玛塔贝莱兰省 Kamativi 矿区锂矿勘探报告》 。 2022 年收购时的历史勘探数据显示，已钻孔勘探区域矿石资源量 1,822 万吨，氧化 锂平均品位 1.25%，折合氧化锂资源量约 22.78 万吨（具体公告内容详见 2022 年 7 月 29 日在 《 证 券 时 报 》 《 上 海 证 券 报 》 《 中 国 证 券 报 》 《 证 券 日 报 》 和 巨 潮 资 讯 网 （www.cninfo.com.cn）披露的《关于全资子公司收购普得科技70.59%股权并涉及津巴布 韦锂矿矿权投资的公告》）。 根据《津巴布韦北玛塔贝莱兰省 Kamativi 矿区锂矿勘探报告》最新数据显示：截止 2024 年 5 月，Kamativi 多金属矿已勘探区内探获探明+控制+推断矿石量 2,421.5853 万 吨，锂矿物（Li2O）资源量 30.4026 万吨，折合碳酸锂当量为 75.0944 万吨，本报告勘探 结果相比 2022 年公告时的历史勘探矿石资源量增加 599.5853 万吨。其他待勘探区域，将 根据后续勘探情况及时更新。本次估算的 Kamativi 多金属矿资源量具体情况如下： 资源量类别 矿石量 （万吨） 氧化锂含量 （Li2O） （万吨） 氧化锂平均品 味（%） 折合碳酸锂当 量（万吨） 探明资源量 270.2374 3.4861 1.26% 8.6107 控制资源量 1,562.8508 19.3477 47.7888 推断资源量 588.4971 7.5688 18.6949 合计 2,421.5853 30.4026 75.0944 注： ①以上资源量更新日期2024 年 5 月； ②氧化锂转换为碳酸锂当量的系数为2.47， 未考虑回收率；③以上数据均保留至小数点后四位；分项与合计项的尾差均因四舍五入 所致。 四川省第五地质大队对 Kamativi 多金属矿资源量的勘探数据为估算结果，并非代表 实际可经济开采利用的矿石量，仍可能存在总资源量与实际可开发利用的总资源量不一
2 致的风险。 敬请广大投资者注意投资风险。 特此公告。 四川雅化实业集团股份有限公司董事会 2024 年 5 月 27 日",2024-05-28,巨潮资讯网,https://static.cninfo.com.cn/finalpage/2024-05-28/1220173618.PDF,accepted
CNINFO-002466-1220237440,announcement,关于公司重要参股公司签署重大合同的公告,"1 股票代码：002466 股票简称：天齐锂业 公告编号：2024-031 天齐锂业股份有限公司 关于公司重要参股公司签署重大合同的公告 本公司及董事会全体成员保证信息披露的内容真实、准确、完 整，没有虚假记载、误导性陈述或重大遗漏。 特别提示： 1、2024 年 5 月 31 日，天齐锂业股份有限公司（以下简称“公司”）参股公司 Sociedad Química y Minera de Chile S.A.（智利化工矿业公司，以下简称“SQM”）与 Corporación Nacional del Cobre de Chile（智利国家铜业公司，以下简称“Codelco”）签署了 Partnership Agreement（以 下简称“《合伙协议》”）。《合伙协议》在满足约定的先决条件的前提下，将于交易完成日生效； 《合伙协议》的实施可能存在该交易应履行的决策程序尚待进一步确认、交易可能无法完成、 SQM 丧失其核心锂业务控制权、SQM 锂业务收益受到影响进而影响公司投资回报和经济利 益、公司参与 SQM 公司治理的权益受到影响等风险。公司提请投资者仔细阅读本公告之“五、 《合伙协议》对公司的影响及风险提示”。 公司提请广大投资者持续关注公司后续公告，谨慎投资，注意投资风险。 2、根据 SQM 于 2024 年 5 月 31 日披露的 SQM and Codelco Sign the Partnership Agreement （以下简称“《SQM 与 Codelco 签署合伙协议之公告》”），目前无法确定执行《合伙协议》可 能带来的财务影响。根据 SQM 披露的公告，《合伙协议》相关的交易预计将在 2025 年 1 月 1 日或之后完成，因此预计其不会对公司 2024 年度的财务状况、经营成果造成重大影响。 一、合同签署概况 （一）《谅解备忘录》 2023 年 12 月 27 日，公司参股公司 SQM 与 Codelco 就 2025 年至 2060 年期间阿塔卡马盐 湖的运营和开发达成了不具有法律约束力的 Memorandum of Understanding（以下简称“《谅解 备忘录》”）。《谅解备忘录》是一项框架协议，双方希望在此基础上建立合作伙伴关系，与社区 和谐相处，以可持续的方式在阿塔卡马盐湖生产高质量的锂产品。为了实现这一目标，SQM
2 与 Codelco 将基于双方的合作关系设立一家合营公司。合营公司将负责 SQM 目前从智利政府 经济部下属的生产促进局（Corporacion de Fomento de la Produccion de Chile，以下简称“Corfo”） 租赁的阿塔卡马盐湖地区矿权开采配额，并将负责项目的执行和全球锂的销售。SQM 在公告 中提到该合作关系将允许在“当前将于 2030 年到期的 SQM 与 Corfo 的租赁合同”和“Codelco 在 2031 年至 2060 年的租赁合同”之间进行有效过渡。此外，相关方的合伙关系还需要在满足 一些先决条件后才会生效，包括：1）从智利核能委员会（Comision Chilena de Energía Nuclear） 获得开采租赁特许权所需的相关授权，2）通知智利和某些其他国家的反垄断当局并获得其批 准，3）完成与土著社区的磋商，4）双方满意对 SQM 子公司 Salar S. A.（以下简称“SQM Salar”） 和 Codelco 子公司 Minera Tarar SpA（以下简称“Minera Tarar”）的技术和法律尽调审查流程等。 基于 SQM 先前向智利金融市场委员会（以下简称“CMF”）做出的咨询，SQM 董事会同意《谅 解备忘录》所载之交易不提交给股东大会投票，并定于 3 月底与 Codelco 签署正式协议。 2024 年 3 月 20 日，SQM 公告将与 Codelco 友好协商以进一步修改双方于 2023 年 12 月 27 日公告签署的《谅解备忘录》，并将原本明确合作伙伴关系的文件签署时间由 2024 年 3 月 31 日延迟到 2024 年 5 月 31 日。具体内容详见公司于 2024 年 4 月 28 日在《证券时报》《证券日 报》《中国证券报》《上海证券报》及巨潮资讯网（http://www.cninfo.com.cn）披露的《关于深 圳证券交易所<关注函>的回复公告》（公告编号：2024-024）。 （二）《合伙协议》 2024 年 5 月 31 日，SQM 公告其与 Codelco 签署了《合伙协议》。该协议确立了双方的权 利和义务，拟通过将 Codelco 之子公司 Minera Tarar 并入 SQM 子公司 SQM Salar（以下简称“合 营公司”）的方式， 建立合作伙伴关系，以开发 SQM 目前从 Corfo 租赁的阿塔卡马盐湖地区 开采及生产锂、钾及其他产品的活动和后续销售（直接或通过合营公司子公司或代表处进行）。 《合伙协议》包括交易完成前以协议和文件的方式订立，其中包括《股东协议》、SQM 在马里 昆加盐湖（Salar de Maricunga）的资产的销售协议、SQM 将授予合营公司的某些工业产权许 可、合营公司的章程和授权书，以及 SQM 将以何种方式向其子公司 SQM Salar 注入目前不属 于 SQM Salar 业务的资产和合同等。 根据 SQM 披露的《合伙协议》，合营公司的成立尚需满足一系列先决条件，包括：（1） 取得智利国内外反垄断机构的批准；（2）完成与土著社区的磋商程序；（3）CMF 不接受公司 全资子公司 Inversiones TLC SpA（以下简称“天齐智利”）向其提出的需在 SQM 股东大会上 以三分之二投票权批准交易的请求。此外，协议还约定交易将以合营公司与 Corfo 需签订以下
3 合同作为前提：（1）在 2025 年至 2030 年间增加合营公司在阿塔卡马盐湖开采锂的授权生产配 额；（2）确立 2031 年至 2060 年间在阿塔卡马盐湖开采锂的权利。如上述先决条件提前满足， 交易将于 2025 年 1 月 1 日或之后完成。根据 SQM 披露的公告，SQM 和 Codelco 认为上述先 决条件可能将于 2025 年上半年实现。 根据 SQM 披露的《合伙协议》相关内容，该协议的签署不构成与公司之间的关联交易， 亦不构成《上市公司重大资产重组管理办法》规定的重大资产重组，无需提交公司董事会或股 东大会审议。 二、《合伙协议》签署的背景情况 公司于 2018 年投资 40.66 亿美元购买了 SQM 的 23.77%股权，成为其第二大股东。截至 目前，公司持有 SQM 合计约 22.16%的股权。 SQM 是全球重要的钾、锂等产品生产企业，其总部位于智利圣地亚哥，目前于美国纽约 证券交易所及智利圣地亚哥证券交易所上市。SQM 拥有智利阿塔卡马盐湖的采矿经营权，阿 塔卡马盐湖含锂浓度高、储量大、开采条件成熟、经营成本低，是全球范围内禀赋十分优越的 盐湖资源，为全球锂产品重要的产区。Corfo 于 2018 年 1 月授权 SQM 在租赁期内（即 2030 年 12 月 31 日之前）有权开发、处理和销售总计相当于 220 万吨碳酸锂当量锂资源的配额。 《谅解备忘录》签署并披露后，为获取更加公开、透明且充分的信息，公司向 SQM 发出 了召开信息性股东大会的要求，SQM 于 2024 年 3 月 21 日举行信息性股东大会并就此次股东 大会的内容进行了公告。2024 年 3 月 28 日，公司再次提请 SQM 召开新的临时股东大会，讨 论并投票表决《谅解备忘录》所载之交易。SQM 于 2024 年 4 月 24 日召开了特别股东大会， 讨论该《谅解备忘录》所载之交易。此外，SQM 于 2024 年 4 月 10 日发布公告称，SQM 董事 会决定不就与 Codelco 的合作交易进行股东投票，原因是：（1）截止到目前为止，尚未有与 Codelco 交易相关的合作协议或最终法律架构有待批准；（2）基于 SQM 此前向 CMF 做出咨询， 根据 CMF 在 2024 年 2 月 29 日编号为 27980 的函件所述, 由公司董事会批准此类交易而不是 由股东批准，将是适当的。 此外，关于 SQM 与 Codelco 拟成立合营公司一事，公司始终秉持希望获取更加公开、透 明且充分的信息的立场，期望能够对该协议所涉及的公司财务、商业和治理影响进行负责任地 合理评估，以确保公司作为 SQM 股东之一的权益得到充分保障。公司聘请了三位智利当地法 律学教授/法律专家就 SQM 与 Codelco 拟成立合营公司一事的相关审议程序是否合规进行论证。 经论证，三位法律学教授/法律专家一致认为，根据智利当地相关法律、法规的规定，前述 SQM
4 与 Codelco 之间的交易应当由 SQM 特别股东大会审批。 2024 年 5 月 21 日，公司委托智利律师向 CMF 提交了请求其要求 SQM 就与 Codelco 达成 上述交易一事召集特别股东大会或者采取 CMF 认为必要的所有其他预防或纠正措施的申请， 并附上了上述法律学教授/法律专家的相关报告。CMF 已经就公司的申请以及召开股东大会的 要求通知了 SQM，并要求其于 2024 年 6 月 3 日之前给予回复。截至目前，公司暂未收到相关 回复或反馈。 三、交易双方介绍 （一）SQM 公司名称 Sociedad Química y Minera de Chile S.A.（智利化工矿业公司） 主营业务 碘、锂、钾、农用化肥及化工原料 注册地 智利圣地亚哥 主要办公地点 El Trovador 4285, Las Condes, Santiago, Chile（El Trovador 4285， 拉斯孔德斯，圣地亚哥，智利） 是否与公司存在关联关系 SQM 为公司参股公司：公司通过全资子公司 Inversiones TLC SpA 持有 SQM 的 A 类股 62,556,568 股；通过全资子公司 Tianqi Lithium HK Co., Limited 持有 SQM B 类股 748,490 股，合计持股比例为 22.16%。 （二）Codelco 公司名称 Corporacion Nacional del Cobre de Chile（智利国家铜业公司） 主营业务 铜矿的勘探、开发、开采；精炼铜及其副产品的加工及销售等。 地址 Huérfanos 1270, Santiago, Chile（Huérfanos 1270，圣地亚哥，智 利） 是否与公司存在关联关系 否 类似交易情况 公司与 Codelco 最近三年没有类似交易情形。 履约能力 Codelco 为全球最大的铜生产企业之一，其信用状况、经营状况 及支付能力良好，具有良好的履约能力。 四、《合伙协议》及《股东协议》的主要内容 （一）《合伙协议》 本次《合伙协议》（以下简称“协议”）由公司参股公司 SQM 与 Codelco 签署，协议的主
5 要内容如下： 1、生效条件 在满足本协议先决条件的前提下，《合伙协议》于交易完成日（以下简称“生效日”）生效： （1）SQM Salar 将合并 Minera Tarar 成为一家股份公司（以下简称“合营公司”，公司名 称待定）。为此，双方须确保其股东通过必要的股东决议（无论是在会议上还是以其他方式） 批准合并事宜以及合营公司的新《公司章程》； （2）各方应按照本协议附件的格式签署股东协议； （3）SQM 根据协议所附的销售合同条款，按账面价值（约 18,000 美元）向 Codelco 出售 其在马里昆加盐湖（Salar de Maricunga）的资产； （4）SQM 向合营公司授予与业务相关且在协议签署时存在的某些工业产权的许可。该许 可是非排他性的、不可转让的、永久的和不可撤销的。合营公司向 Codelco 及其子公司、SQM 及其子公司授予同样的权利以及与专业知识和咨询服务相关的其他权利； （5）根据协议所附的基本原则，合营公司和 SQM 基于友好协商签署钾的承销合同；以 及 （6）合营公司和 SQM 根据协议附带的文件条款，签署过渡的服务和供货协议。 2、先决条件 成立合营公司的先决条件包括： （1）公司全资子公司天齐智利于 2024 年 5 月 21 日向 CMF 提出的禁令请求（即该交易 须在 SQM 股东大会上获得三分之二有投票权的股份的批准）未被接受，且没有任何有权机构 发布命令阻止合伙关系的生效； （2）协议双方在本协议规定日期做出的陈述和保证均属实； （3）无重大不利影响； （4）就 Corfo 与 SQM 之间的合同（以下简称“Corfo-SQM 合同”）、Corfo 与 SQM 对 Corfo-SQM 合同的修订（以下简称“修订后的 Corfo-SQM 合同”）和 Minera Tarar 与 Corfo 签 订新合同（以下简称“Corfo-Tarar 合同”），完成与土著社区的磋商程序； （5）SQM 与 Corfo 签署修订后的 Corfo-SQM 合同，以明确在 2030 年前开采阿塔卡马盐 湖的条件，特别是增加 30 万吨碳酸锂当量（LCE）的生产配额。Corfo、Codelco 和 SQM 三方 同意修订后的 Corfo-SQM 合同并仅在三方同意时进行修订； （6）Minera Tarar 与 Corfo 签订 Corfo-Tarar 合同，约定 2031 年至 2060 年间阿塔卡马盐湖
6 的开采权限。Corfo、Codelco 和 SQM 三方同意 Corfo-Tarar 合同并仅在三方同意时进行修订； （7）智利共和国总审计长（the General Comptroller）批准修订后的 Corfo-SQM 合同及 Corfo-Tarar 合同； （8）获得智利核能委员会（the Chilean Nuclear Energy Commission）的授权，双方接受签 订修订后的 Corfo-SQM 合同及 Corfo-Tarar 合同； （9）智利国内外反垄断机构无条件通知和批准，或采取 SQM 和 Codelco 可接受的缓解措 施； （10）必要时，国外主管外国投资的有权部门无条件的通知和批准，或采取 SQM 和 Codelco 可接受的缓解措施； （11）SQM 子公司 SQM Salar 内部重组过程的完成，SQM 将与业务相关但截至目前不属 于 SQM Salar 的资产、合同、员工和资源转移至 SQM Salar，以便在该公司中集中所有必要的 资产、合同、子公司、员工和其他资源来充分发展业务； （12）按照本协议规定的条款，美国证券交易委员会终止对 SQM 正在进行的调查。 3、生效日后需采取的行动 本协议规定了在生效日后必须采取的某些行动，特别是向中国政府申请批准将 SQM 拥有 的四川工厂的股份注入合营公司。 4、其他规定 协议包括： （1）双方于生效日满足先决条件的义务; （2）SQM 对其自身、SQM Salar 及其子公司(包括其资产、负债和业务)作出的陈述和保 证; （3）Codelco 对其自身和 Minera Tarar (包括其资产、负债和业务)作出的陈述和保证; （4）双方在本协议签署日至生效日之间有关其自身以及管理 SQM Salar 和 Minera Tarar 的肯定的和否定的承诺; （5）各方有义务赔偿另一方因以下原因造成的任何损失：1）陈述和保证中存在不准确之 处；2）存在违反义务的行为；3）SQM 和 Codelco 自行承担的某些风险。上述赔偿义务受到 某些限制；以及 （6）对 Salar Futuro Project（以下简称“未来盐湖项目”）开发的监管。 5、合营公司的经济方面
7 本协议确定了合营公司在第一阶段(2025 年-2030 年)和第二阶段(2031 年-2060 年)的经济 条件，涉及第一阶段分配给 Codelco 的锂业务利润配额、第一阶段 30 万吨碳酸锂当量（LCE） 的额外生产配额、第二阶段的业务开发、截止本协议生效日前一个日历年最后一日的营运资金 （应付账款给 SQM）、矿业活动的特定税（IEAM）（包括保留应收款）、从本协议签署到生效 日之间的预计资本支出、从协议签署至生效日期之间的预计资本支出、以及四川工厂所有者从 生效日到该工厂注入合营公司或出售之日的运营业绩。 1、第一阶段的 利润分配 （1）Codelco（作为A类股份持有人）将收到等于锂业务调整后的财务利润中与每年销 售的碳酸锂当量（LCE）总量相对应的33,500吨碳酸锂当量（LCE）比例的金额。此利 润不包括下文（2）段中提及的固定6.8％的收益。 （2）SQM（作为B类股份的持有者）将收到等于锂业务经调整后的财务利润中未分配 给A类股份持有者部分的金额，该部分对应于当前配额中剩余的碳酸锂当量（LCE）吨 数以及额外配额中的165,000吨碳酸锂当量（LCE），再加上根据Corfo-SQM合同规定， 每年确定数量的碳酸锂当量（LCE）减少的固定6.8%租赁费支付所产生的收益，以及与 非锂产品相关的总财务利润。 （3）如果剩余额外配额中的135,000吨碳酸锂当量（LCE）部分或全部出售给第三方， 则相应吨数的财务利润将按照股份总数比例分配给A类股份和B类股份。 2 、额外配 额的参与 额外配额相关的财务利润将按如下方式分配： （1）前165,000吨碳酸锂当量（LCE）的利润将用于补偿SQM在第一阶段内归属给Codelco 的年度产量。 （2）剩余的135,000吨碳酸锂当量（LCE）的利润将按照总股本的比例分配给A类股份 和B类股份。 3、2031年上 半年的利润 分配 在2031年上半年，将确定并分配截至2030年12月31日尚未分配的第一期利润： 此外，如果适用，将向B类股份分配一定数额的未分配利润或2031年财政收入，以确认 那些归属于其配额、生产于国外子公司且在第一期结束时尚未出售给第三方的吨数，但 此分配将受到最高限额的限制。 4、第二阶段 的利润分配 除关于2031年上半年的特定说明外，考虑到A系列和B系列股份将转换为具有相同经济 权利的单一普通股系列，其经济权利与前述股息相同，从该日起，除 C 系列、D 系列 和 E 系列股票的股息外，股息按股票数量的比例分配。
8 5、运营资本 合营公司截至生效日期时的合并营运资金（即营运资产减去营运负债）将转化为合营公 司对SQM的债务。 6、IEAM和 留存应收账 款 SQM Salar的某些资产账户被归类为不包含在合营公司中的“留存应收账款”，必须支 付给SQM。同样，SQM Salar目前或将来可能拥有的，用于“参考日期”或之前结束年 度中IEAM应用的任何收款权利，也不被视为合营公司的一部分；参考日期之后就该日 期之前年度应计金额进行的任何提款（必须赔偿）也不被视为合营公司的一部分。IEAM 相关的收回款项，根据所在财政年度智利国税局（SII）提取金额进行累计的参与情况 ，将在SQM和Codelco之间的D系列和C系列股份持有人进行分配。 7、资本支出 及其调整 SQM将指示SQM Salar和业务子公司根据2024年和2025年的投资预算对固定资产进行 投资（CAPEX）。如果2024年投资总额超过或低于协议中规定的金额，将根据协议条 款进行调整。 （二）股东协议 《合伙协议》在交易完成日生效，交易各方应按照本协议附件的格式签署《股东协议》， 《股东协议》内容摘要如下： 1、股份与股份系列 在第一阶段（2025-2030 年），合营公司的股本被分为 100,000,004 股，分为五个系列的股 份：50,000,001 股 A 系列股份，49,999,999 股 B 系列股份，2 股 C 系列股份，1 股 D 系列股份 和 1 股 E 系列股份。 Codelco 拥有全部 50,000,001 股 A 系列股份和 2 股 C 系列股份。SQM 拥有全部 49,999,999 股 B 系列股份，以及 D 系列股份和 E 系列股份。 在 2030 年 12 月 31 日之前，A 系列股份和 B 系列股份将具有不同的投票权，无论是 A 系 列还是 B 系列股份，每股将只有一票的投票权。A 系列股份和 B 系列股份的经济权益将持续 直至 2031 年发放完 2030 财年分红。在此日期之后，A 系列股份和 B 系列股份将以 1:1 的比例 成为普通股。 C 系列、D 系列和 E 系列股份，除了在调整或取消其优先权时外没有投票权，并在产生其 优先权的原因结束时即被取消。这些系列的股份不得转让。 设立 C 系列和 D 系列股份仅用于分配与矿业活动特定税收的回收相关的收益；另一方面， 设立 E 系列股份则仅用于转让四川工厂或出售四川工厂所得的价款，以及因为此类转让或出 售而导致的应付税款的返还。当导致每个系列股份存在的情况终止时，相应的股份将在无需进 一步通知的情况下被取消。",2024-06-03,巨潮资讯网,https://static.cninfo.com.cn/finalpage/2024-06-03/1220237440.PDF,accepted
CNINFO-002594-1220237186,announcement,2024年5月产销快报,"证券代码：002594 证券简称：比亚迪 公告编号：2024-063 比亚迪股份有限公司 2024年5月产销快报 本公司及董事会全体成员保证信息披露的内容真实、准确、完整，没有虚假记载、误导性陈述或重大遗漏。 比亚迪股份有限公司(以下简称“本公司”)2024年5月产销快报数据如下： 单位：辆 产量 销量 项目类别 本月 去年同期 本年累计 去年累计 累计同比 本月 去年同期 本年累计 去年累计 累计同比 新能源汽车 344,008 246,259 1,290,362 1,022,890 26.15% 331,817 240,220 1,271,325 1,002,591 26.80% -乘用车 342,679 245,131 1,285,971 1,016,697 26.49% 330,488 239,092 1,266,934 996,476 27.14% -纯电动 151,747 126,091 589,053 504,144 16.84% 146,395 119,603 580,974 488,614 18.90% -插电式混合动力 190,932 119,040 696,918 512,553 35.97% 184,093 119,489 685,960 507,862 35.07% -商用车 1,329 1,128 4,391 6,193 -29.10% 1,329 1,128 4,391 6,115 -28.19% -客车 239 549 1,706 1,653 3.21% 239 549 1,706 1,653 3.21% -其他 1,090 579 2,685 4,540 -40.86% 1,090 579 2,685 4,462 -39.83% 合计 344,008 246,259 1,290,362 1,022,890 26.15% 331,817 240,220 1,271,325 1,002,591 26.80% 注：本公司 2024 年 5 月海外销售新能源乘用车合计 37,499 辆； 本公司 2024 年 5 月新能源汽车动力电池及储能电池装机总量约为 14.159GWh，2024 年累计装机总量约为 56.454GWh。 务请注意，上述产、销量数字未经审核，亦未经本公司审计师确认，或会予以调整并有待最终确认。本公司刊发财务业绩后，股东及 潜在投资者务必详阅。
特此公告。 比亚迪股份有限公司董事会 2024年 6 月 2 日",2024-06-03,巨潮资讯网,https://static.cninfo.com.cn/finalpage/2024-06-03/1220237186.PDF,accepted
GFEX-WR-20240603,announcement,广期所碳酸锂仓单日报：仓单增加1180手,广州期货交易所2024-06-03仓单日报显示，碳酸锂仓单总量为26176手，增加1180手。,2024-06-03,广州期货交易所,https://www.gfex.com.cn/gfex/cdrb/hqsj_tjsj.shtml,accepted
GFEX-WR-20240605,announcement,广期所碳酸锂仓单日报：仓单增加841手,广州期货交易所2024-06-05仓单日报显示，碳酸锂仓单总量为27424手，增加841手。,2024-06-05,广州期货交易所,https://www.gfex.com.cn/gfex/cdrb/hqsj_tjsj.shtml,accepted
CNINFO-002466-1220402634,announcement,关于公司重要参股公司签署重大合同的进展公告,"1 股票代码：002466 股票简称：天齐锂业 公告编号：2024-033 天齐锂业股份有限公司 关于公司重要参股公司签署重大合同的进展公告 本公司及董事会全体成员保证信息披露的内容真实、准确、 完整，没有虚假记载、误导性陈述或重大遗漏。 一、背景概述 2024 年 5 月 31 日， 天齐锂业股份有限公司 （以下简称 “公司” ） 参股公司Sociedad Química y Minera de Chile S.A. （智利化工矿业公司，以下简称“SQM”）与 Corporación Nacional del Cobre de Chile（智利国家铜业公司，以下简称“Codelco”）签署了 Partnership Agreement（以 下简称 “ 《合伙协议》 ” ） 。 该协议确立了双方的权利和义务， 拟通过将Codelco 之子公司 Minera Tarar SpA（以下简称 “Minera Tarar” ） 并入SQM 子公司 Salar S. A.（以下简称 “SQM Salar”， 并入后的公司以下简称“合营公司”）的方式，建立合作伙伴关系，以开发 SQM 目前从智利 政府经济部下属的生产促进局 （Corporación de Fomento de la Producción de Chile ，以下简称 “Corfo”）租赁的阿塔卡马盐湖地区及生产锂、钾及其他产品的活动和后续销售（直接或通过 合营公司子公司或代表处进行）。 根据 SQM 披露的《合伙协议》，合营公司的成立尚需满足一系列先决条件，包括但不限 于：（1）取得智利国内外反垄断机构的批准；（2）完成与土著社区的磋商程序；（3）公司 全资子公司 Inversiones TLC SpA（以下简称“天齐智利”）于2024 年 5 月 21 日向智利金融市 场委员会（以下简称“CMF”）提出的禁令请求（即该交易须在 SQM 股东大会上获得三分之 二有投票权的股份的批准） 未被接受， 且没有任何有权机构发布命令阻止合伙关系的生效。 此 外， 协议还约定交易将以合营公司与Corfo 需签订以下合同作为前提： （1）在 2025 年至 2030 年间增加合营公司在阿塔卡马盐湖开采锂的授权生产配额；（2）确立 2031 年至 2060 年间在 阿塔卡马盐湖开采锂的权利。如上述先决条件提前满足，交易将于 2025 年 1 月 1 日或之后完 成。 根据SQM 披露的公告，SQM 和 Codelco 认为上述先决条件可能将于 2025 年上半年实现。 具体内容详见公司于 2024 年 6 月 3 日在《证券时报》《证券日报》《中国证券报》《上海证 券报》 《经济参考报》 及巨潮资讯网 （http://www.cninfo.com.cn） 披露的 《关于公司重要参股公
2 司签署重大合同的公告》（公告编号：2024-031）。 二、相关进展情况 智利当地时间 2024 年 6 月 18 日，CMF 公开发布了一份名为 CMF informa que public ó respuesta a presentación de Inversiones TLC SpA 的文件（中文译文：《CMF 关于对天齐智利提 交材料的回复》）。CMF 认为：《合伙协议》不适宜由 SQM 的特别股东大会作出裁决，该交 易应由 SQM 的董事会进行分析和决议；这不影响股东在认为对 SQM 和股东造成损害的情况 下，根据一般规则追究董事责任的权利（如适用）。因此，CMF 不同意天齐智利的诉求。 （注：以上提到的主要内容来自 CMF 发布的西班牙语文件翻译的解读，仅供参考；具体 内容请以其发布的西班牙语文本为准。） 三、对公司的影响及风险提示 （一）对公司的影响 根据 《合伙协议》 的约定， 成立合营公司的先决条件之一是 “公司全资子公司天齐智利于 2024 年 5 月 21 日向 CMF 提出的禁令请求（即该交易须在 SQM 股东大会上获得三分之二有 投票权的股份的批准） 未被接受， 且没有任何有权机构发布命令阻止合伙关系的生效”，但 《合 伙协议》 其他先决条件是否满足尚存在不确定性。 公司将在法律允许的范围内全面评估， 不排 除在确保作为 SQM 股东的利益得到保障的前提下考虑采取可能的行动。 此外，根据 SQM 于 2024 年 5 月 31 日披露的《SQM 与 Codelco 签署合伙协议之公告》， 目前无法确定执行 《合伙协议》 可能带来的财务影响。 《合伙协议》 相关的交易预计将在2025 年 1 月 1 日或之后完成，因此预计其不会对公司 2024 年度的财务状况、经营成果造成重大影 响。 如果 《合伙协议》 约定的先决条件满足后生效实施， 一方面合营公司在阿塔卡马盐湖开采 锂的配额可能将增加并延长期限，另一方面 Codelco 将按照《合伙协议》约定分配合营公司的 利润。由于所获取的信息有限，截至目前公司无法确定上述事项叠加后对公司持有 SQM 股权 应享有的投资收益及分红金额的影响。 在 2023 年报时点，公司基于当时掌握的信息和相关假设对 SQM 进行了减值测试，结果 显示 SQM 在 2023 年报时点不存在减值情形。 基于目前已获知的 《合伙协议》 内容判断， 公司 在 2023 年年度报告中根据当时掌握的信息和相关假设对截至 2023 年 12 月 31 日 SQM 长期股 权投资进行减值测试的结果没有发生重大变化； 《合伙协议》 也不影响公司继续采用长期股权 投资权益法对 SQM 进行核算和后续计量。公司会继续密切关注 SQM 的更新信息，并及时从
3 财务角度进行相应的谨慎评估。 （二）风险提示 1、交易可能无法完成的风险 根据 SQM 于 2024 年 5 月 31 日披露的 SQM and Codelco Sign the Partnership Agreement（以 下简称 “ 《SQM 与 Codelco 签署合伙协议之公告》 ” ） ， 合营公司的成立尚需满足一系列先决 条件，该交易是否能完成仍存在一定的不确定性。由于 SQM 在阿塔卡马盐湖锂业务的开采经 营权将于 2030 年到期，如果该交易无法完成且后续无更好的替代方案，且 SQM 未能及时取 得阿塔卡马盐湖开采锂的新配额，SQM 在阿塔卡马盐湖的锂业务将可能无法继续开展。根据 该部分业务所占其营业收入和利润的比例，SQM 的经营业绩将受到重大影响，从而对公司在 SQM 的投资收益造成负面影响。公司会持续关注相关交易后续的进展，动态评估对公司的影 响， 及时采取相应的风险控制措施， 加强与相关方面的沟通协调， 积极应对可能出现的各种情 况， 以尽可能维护公司作为SQM 股东之一的合法权益， 保护公司及全体股东的利益不受损害。 2、SQM 丧失其核心锂业务控制权的风险 目前，SQM 拥有其在智利的锂业务的控制权。在满足上述先决条件的情况下， SQM 与 Codelco 的合作伙伴关系拟于 2025 年生效； 虽然SQM 在阿塔卡马盐湖锂业务的开采经营权拟 从 2030 年到期延期至 2060 年，且 2025 年至 2030 年间在阿塔卡马盐湖开采锂的授权生产配 额拟增加， 但自2025 年起阿塔卡马盐湖的核心锂业务将由 Codelco 对合营公司持有多数股权， 并将由 Codelco 自第二阶段合并报表。未来，预计从 2031 年开始，SQM 不再拥有其智利阿塔 卡马核心锂业务的控制权，控制权缺失可能导致 SQM 的战略规划发生调整，或既有的战略规 划无法得以有效实施，或因决策效率、决策出发点不同进而影响 SQM 的持续发展。 3、SQM 锂业务收益受到影响进而影响公司投资回报和经济利益的风险 根据 SQM 的公告， 尽管 《合伙协议》 约定，SQM 将与 Corfo 签署修订后的 Corfo-SQM 合 同，在 2030 年前增加 30 万吨碳酸锂当量（LCE）的生产配额，但该部分生产配额是否能够全 额达成以及可能带来的经济效益存在一定的不确定性； 叠加该交易完成后， 合营公司未来2031 年至 2060 年增加锂业务配额可能对应的成本具有不确定性， 且Codelco 将获得 SQM 在智利阿 塔卡马盐湖 50%以上的权益，SQM 未来收益变化可能减少，进而影响公司在 SQM 的投资收 益及分红， 可能导致公司需要对该投资计提减值准备。 公司会继续密切关注 SQM 的更新信息， 并及时从财务、商业、法律和治理等角度进行相应的谨慎评估。 4、公司参与 SQM 公司治理的权益受到影响的风险
4 SQM 是公司的重要参股公司之一， 根据先前的投资协议， 公司可向SQM 董事会委派三名 独立董事。 根据 SQM 披露的 《合伙协议》 ，SQM 拟将与业务相关但截至目前不属于 SQM Salar 的资产、合同、员工和资源转移至 SQM Salar，从子公司层面与 Codelco 成立合营公司并达成 合营公司治理层面的相关约定。在此情形下，不排除公司派出董事在 SQM 股份公司层面的合 法权利和监督力将被削弱， 从而使得公司作为其第二大股东或包括其他中小股东的权益不能得 到有效保障。 公司将密切关注相关情况的变化， 及时调整战略和措施， 不排除在法律允许范围 内采取相关行动，以保障公司的合法权益不受损害。 后续公司将持续关注该事项的进展、 积极行使合理的股东权益， 并谨慎做好相关分析和研 判。未来如有重要信息更新或重大进展，公司将及时按照相关法律法规的要求履行披露义务， 请投资者注意投资风险，谨慎投资。 特此公告。 天齐锂业股份有限公司董事会 二〇二四年六月二十日",2024-06-20,巨潮资讯网,https://static.cninfo.com.cn/finalpage/2024-06-20/1220402634.PDF,accepted
CNINFO-002497-1220401652,announcement,关于签订碳酸锂长期购销协议的公告,"1 证券代码：002497 证券简称：雅化集团 公告编号：2024-59 四川雅化实业集团股份有限公司 关于签订碳酸锂长期购销协议的公告 本公司及董事会全体成员保证信息披露内容的真实、 准确和完整， 没有虚假记载、 误导性陈述或重大遗漏。 特别提示： 1、本协议为碳酸锂购销协议，协议有效期为2025 年至 2027 年。随着协议的有效执 行，将对上述期间的经营业绩产生积极影响。 2、协议履行过程中，如遇行业政策调整、市场环境变化等不可预计或不可抗力因素 的影响，可能会导致协议无法如期或全部履行，敬请广大投资者注意投资风险。 一、合同签署情况 2024 年 6 月 18 日，四川雅化实业集团股份有限公司（以下简称“公司” ）下属全资 子公司雅化锂业（雅安）有限公司（以下简称“雅安锂业” ）与美国特斯拉公司（以下简 称 “特斯拉” ） 签订了 《生产定价协议》 （以下称 “本协议” ） ， 约定从2025 年至 2027 年， 特斯拉向雅安锂业采购碳酸锂产品。 本协议为公司日常经营活动行为， 根据 《深圳证券交易所上市公司自律监管指引第1 号——主板上市公司规范运作》 《深圳证券交易所股票上市规则》以及《公司章程》等相 关规定，本协议的签署无需提交公司董事会、股东大会审议。 二、交易对方情况介绍 特斯拉（“Tesla”）是一家美国电动汽车及能源公司，成立于 2003 年，公司地址为 1 Tesla Road, Austin, TX 78725（得克萨斯州奥斯汀市特斯拉路 1 号） ，主要从事高性能纯电 动车及电力系统部件、储能系统、充电设施、太阳能发电装置的设计、开发、制造和销 售。 特斯拉与公司实际控制人、 董事、 监事和高级管理人员以及公司下属子公司在产权、 业务、资产、债权债务、人员等方面均不存在关联关系。 三、合同主要内容 （一）买卖双方 买方：特斯拉
2 卖方：雅安锂业 （二）合同履行期限及标的 2025 年至 2027 年特斯拉向雅安锂业采购碳酸锂产品， 如双方协商一致， 可将本协议 期限延长至 2028 年 12 月 31 日。 （三）合同标的数量及价格 2025 年至 2027 年交易数量按照协议约定执行；产品价格根据双方协议约定的方式 确定。 （四）生效时间 本协议由特斯拉和雅安锂业签订，自签订之日起生效。 四、合同履行对公司的影响 1、 本协议的签署是特斯拉对公司锂盐产品品质及锂产业可持续发展能力的进一步认 可，能够增强公司锂产业发展的稳定性，强化公司与 特斯拉的长期合作关系。随着公司 碳酸锂产线的投产，将有助于公司碳酸锂产品的充分释放和顺利销售。 2、本协议有效期为 2025 年至 2027 年，随着协议的有效执行，预计对公司 2025 年 至 2027 年的经营业绩产生积极影响， 符合公司及股东的利益。 公司具备履行该协议的能 力，在资金、人员、技术和产能方面均能够保证协议的顺利履行。 3、 本协议的履行对公司业务的独立性无重大影响， 公司不会因履行上述协议而对买 方形成重大依赖。 五、合同履行风险提示 协议履行过程中，如遇行业政策调整、市场环境变化等不可预计或不可抗力因素的 影响，可能会导致协议无法如期或全部履行。敬请广大投资者注意投资风险。 六、备查文件 1、生产定价协议 特此公告。 四川雅化实业集团股份有限公司董事会 2024 年 6 月 19 日",2024-06-20,巨潮资讯网,https://static.cninfo.com.cn/finalpage/2024-06-20/1220401652.PDF,accepted
CNINFO-002756-1220425354,announcement,关于全资子公司投资建设锂云母绿色智能高效提锂综合技改项目的公告,"1 证券代码：002756 证券简称：永兴材料 公告编号：2024-031 号 永兴特种材料科技股份有限公司 关于全资子公司投资建设锂云母绿色智能高效提锂 综合技改项目的公告 本公司及董事会全体成员保证信息披露的内容真实、准确、完整， 没有虚假记载、误导性陈述或重大遗漏。 永兴特种材料科技股份有限公司（以下简称“公司”）于 2024 年 6 月 21 日召开 了第六届董事会第十二次临时会议， 审议通过了 《关于全资子公司投资建设锂云母绿 色智能高效提锂综合技改项目的议案》 ， 同意全资子公司江西永兴特钢新能源科技有 限公司 （以下简称 “永兴新能源” ） 投资建设锂云母绿色智能高效提锂综合技改项目， 现将有关事项公告如下： 一、对外投资概述 1、对外投资基本情况 为了进一步降低生产成本， 提升高效智能制造能力， 提高绿色低碳水平， 增强公 司核心竞争力，第六届董事会第十二次临时会议审议通过了 《关于全资子公司投资建 设锂云母绿色智能高效提锂综合技改项目的议案》 ， 同意全资子公司永兴新能源投资 建设锂云母绿色智能高效提锂综合技改项目，对现有年产 1 万吨电池级碳酸锂项目产 线中焙烧系统、浸出过滤系统、尾气系统、及部分蒸发与湿法系统等进行技改，打造 高端、智能、清洁、低耗、安全、低成本的云母提锂标杆产线 。项目投资额不超过 29,500.00 万元。 2、对外投资的审批程序 根据 《深圳证券交易所股票上市规则》 《公司章程》 及 《公司对外投资管理制度》
2 等相关规定， 本次投资已经公司董事会审议通过，无需提交公司股东大会审议。 项目 建设尚须报相关部门履行审批手续。 董事会授权永兴新能源负责项目的具体实施。 3、本次对外投资不构成关联交易， 亦不构成 《上市公司重大资产重组管理办法》 规定的重大资产重组。 二、投资主体的基本情况 名称：江西永兴特钢新能源科技有限公司 统一社会信用代码：91360924MA368A877D 类型：有限责任公司 法定代表人：邹伟民 注册资本：80,000 万元人民币 住所：江西省宜春市宜丰县工业园长新东路 成立日期：2017 年 8 月 30 日 经营范围：含锂矿石选矿；矿产品（不含危险化学品）的生产与销售，锂矿资源 的综合开发、利用与加工；新能源材料的研发、生产与销售；国内贸易（国家限定公 司经营或禁止的商品除外）(依法须经批准的项目,经相关部门批准后方可开展经营活 动)。 股权结构：公司持股 100%。 三、投资标的基本情况 1、项目名称 锂云母绿色智能高效提锂综合技改项目 2、实施主体 永兴新能源 3、项目选址 江西省宜春市宜丰县新昌镇长新大道
3 4、项目规模、内容及资金构成 本项目拟对公司现有年产 1 万吨电池级碳酸锂项目产线中焙烧系统、浸出过滤系 统、尾气系统、及部分蒸发与湿法系统等进行技改，拆除部分原有设备，新增沉锂母 液萃取回收系统、MVR 蒸发浓缩系统等设备，打造高端、智能、清洁、低耗、安全、 低成本的云母提锂标杆产线， 推动公司高质量发展和满足新质生产力需求。项目投资 为 29,500.00 万元。 5、资金来源 自有资金或自筹资金 6、项目建设期 项目建设期预计为 9 个月。 四、项目投资的目的、存在的风险和对公司的影响 1、项目投资的目的和对公司的影响 公司自 2017 年进入锂电新能源行业以来，先后建设了年产 1 吨电池级碳酸锂项 目及配套项目（一期项目）和年产 2 吨电池级碳酸锂项目及配套项目（二期项目）， 并实现了快速投产、 达产。目前已拥有年产 3 万吨电池级碳酸锂产能及配套选矿、 采 矿生产线， 产品质量、 成本以及技术在云母提锂领域具有领先优势。但随着云母提锂 行业近几年的快速发展，云母提锂技术快速迭代， 行业竞争持续加剧，市场对生产技 术、 生产成本、 核心竞争力， 客户对产品种类、 产品质量、 产品性能， 监管对规范化、 可持续发展等提出了更高、更严的要求。 为此，永兴新能源以绿色、智能、高效为原则，拟对一期项目部分生产线进行综 合技改，项目建成后将新增高镍电池级碳酸锂、 高纯碳酸锂两个产品类别，满足不同 客户高端产品的需求；将降低火法焙烧阶段的各类排放，保证各项指标低于排放标准， 实现低碳绿色生产；将缩短湿法冶炼阶段生产流程，提升锂收得率， 有效降低生产成 本；将进一步优化生产设备配置，在总结多年生产经验的基础上，引入先进设备，提 升智能制造水平，促进公司高质量、可持续发展。 2、存在的风险
4 （1）项目建设尚须报相关部门履行审批手续，可能存在不确定性。 （2）受其他因素影响，项目建设进度和达产时间可能存在与预期不一致 及项目 建成后市场供求变化可能存在与预期不一致。 （3）本次项目是围绕一期项目部分生产线的技改项目，在项目建设期间，将会 对公司现有碳酸锂产量和销量产生一定影响， 同时， 项目投产后实际效果可能存在与 预期不一致。 敬请投资者注意投资风险。 五、备查文件 1、第六届董事会第十二次临时会议决议 特此公告。 永兴特种材料科技股份有限公司董事会 2024 年 6 月 22 日",2024-06-22,巨潮资讯网,https://static.cninfo.com.cn/finalpage/2024-06-22/1220425354.PDF,accepted
CNINFO-000762-1220505656,announcement,关于西藏扎布耶盐湖绿色综合开发利用万吨电池级碳酸锂项目的进展公告,"股票代码：000762 股票简称： 西藏矿业 编号：临 2024-003 西藏矿业发展股份有限公司 关于西藏扎布耶盐湖绿色综合开发利用万吨电池级 碳酸锂项目的进展公告 本公司及董事会全体成员保证信息披露的内容真实、准确、完整，没有虚假记载、误导性陈述或重大 遗漏。 西藏矿业发展股份有限公司 （以下简称 “公司” ）于2021 年8月27日披露了《关于西藏扎布耶盐湖绿色综合开发利用 万吨电池级碳酸锂项目的 公告》（编号:2021-055），2023 年11月21日披露了《关于西藏扎布耶盐湖绿色综合开发利用 万吨电池级碳酸锂项目建设的进展公告》 （编号： 临2023-023）。 该项目于 2022 年 6 月正式开工建设，2023 年 11 月 20 日实现机械竣工，2024 年 6 月 30 日开始试生产，配套能源 设施建设也在紧锣密鼓地推进中。该项目采用“膜分离+蒸 发结晶”工艺高效回收扎布耶盐湖锂、钾等资源，设计年产 电池级碳酸锂9,600 吨，工业级碳酸锂2,400 吨，副产氯化 钾 15.6 万吨，铷铯混盐200 吨。 公司将根据相关规定，及时披露本事项的进展情况，敬 请广大投资者注意投资风险。 特此公告。 西藏矿业发展股份有限公司 董 事 会 2024 年 6 月 30 日",2024-07-01,巨潮资讯网,https://static.cninfo.com.cn/finalpage/2024-07-01/1220505656.PDF,accepted
CNINFO-002594-1220512819,announcement,2024年6月产销快报,"证券代码：002594 证券简称：比亚迪 公告编号：2024-065 比亚迪股份有限公司 2024年6月产销快报 本公司及董事会全体成员保证信息披露的内容真实、准确、完整，没有虚假记载、误导性陈述或重大遗漏。 比亚迪股份有限公司(以下简称“本公司”)2024年6月产销快报数据如下： 单位：辆 产量 销量 项目类别 本月 去年同期 本年累计 去年累计 累计同比 本月 去年同期 本年累计 去年累计 累计同比 新能源汽车 341,671 252,657 1,632,033 1,275,547 27.95% 341,658 253,046 1,612,983 1,255,637 28.46% -乘用车 340,224 251,298 1,626,195 1,267,995 28.25% 340,211 251,685 1,607,145 1,248,161 28.76% -纯电动 141,030 126,908 730,083 631,052 15.69% 145,179 128,196 726,153 616,810 17.73% -插电式混合动力 199,194 124,390 896,112 636,943 40.69% 195,032 123,489 880,992 631,351 39.54% -商用车 1,447 1,359 5,838 7,552 -22.70% 1,447 1,361 5,838 7,476 -21.91% -客车 392 272 2,098 1,925 8.99% 392 272 2,098 1,925 8.99% -其他 1,055 1,087 3,740 5,627 -33.53% 1,055 1,089 3,740 5,551 -32.62% 合计 341,671 252,657 1,632,033 1,275,547 27.95% 341,658 253,046 1,612,983 1,255,637 28.46% 注：本公司 2024 年 6 月海外销售新能源乘用车合计 26,995 辆； 本公司 2024 年 6 月新能源汽车动力电池及储能电池装机总量约为 16.101GWh，2024 年累计装机总量约为 72.555GWh。 务请注意，上述产、销量数字未经审核，亦未经本公司审计师确认，或会予以调整并有待最终确认。本公司刊发财务业绩后，股东及 潜在投资者务必详阅。
特此公告。 比亚迪股份有限公司董事会 2024 年 7 月 1 日",2024-07-02,巨潮资讯网,https://static.cninfo.com.cn/finalpage/2024-07-02/1220512819.PDF,accepted
GFEX-WR-20240704,announcement,广期所碳酸锂仓单日报：仓单减少1392手,广州期货交易所2024-07-04仓单日报显示，碳酸锂仓单总量为27311手，减少1392手。,2024-07-04,广州期货交易所,https://www.gfex.com.cn/gfex/cdrb/hqsj_tjsj.shtml,accepted
CNINFO-002460-1220542580,announcement,关于签署战略合作协议的公告,"证券代码：002460 证券简称：赣锋锂业 编号：临2024-054 江西赣锋锂业集团股份有限公司 关于签署战略合作协议的公告 本公司及其董事会全体成员保证公告内容真实、 准确和完整， 无 虚假记载、误导性陈述或者重大遗漏。 特别提示： 1、本次公司与合作方签署的《战略合作协议》，是基于“优势 互补、互惠互利、成果共享、共谋发展”的原则，共同致力于在新能 源领域建立长期的战略合作关系。 《战略合作协议》为意向性框架合 作协议， 合作事宜尚存在不确定性，具体合作事宜以各方根据实际情 况共同协商后签署的最终投资协议为准。 2、本次签署的《战略合作协议》对公司本年度经营业绩不会构 成重大影响， 对公司未来年度经营业绩的影响将视公司与合作方后续 签订的具体项目协议以及实施情况而确定。 3、公司将按照法律法规和《公司章程》的相关规定，对合作后 续事项的落地实施履行相应的审批程序和信息披露义务， 敬请广大投 资者注意投资风险。 一、协议签署概况 江西赣锋锂业集团股份有限公司（以下简称“公司”或“乙 方”）与南京公用发展股份有限公司(以下简称“公用发展”或“甲 方”)、南京环境集团有限公司（以下简称“环境集团”或“丙方”） 基于“优势互补、互惠互利、成果共享、共谋发展”的原则，在废旧 电池回收与锂电池应用等领域开展全面合作， 并于近日签订了 《战略 合作协议》。三方拟组建合资公司，注册资本10,000万元，其中公司
或其控股主体占股35%，公用发展或其控股主体占股35%，环境集团 或其控股主体占股30%。 合资公司拟在江苏省投资建设30万吨废旧电 池回收基地， 初步计划项目一期规模3万吨， 项目二期规模7万吨， 项 目三期规模20万吨， 并可根据市场情况调整产能规划。 项目总投资预 计10亿元， 其中一期投资1亿元， 二期投资2.5亿元， 三期投资6.5亿元。 根据 《深圳证券交易所股票上市规则》 、 《公司章程》 等的规定， 本协议的签署不构成关联交易， 亦不构成 《上市公司重大资产重组管 理办法》规定的重大资产重组，无需提交董事会和股东大会审议。 二、交易对手方介绍 （一）公用发展 1、基本情况 （1）公司名称：南京公用发展股份有限公司 （2）法定代表人：王巍 （3）注册资本： 57,800.6934万元人民币 （4）主营业务：出租汽车服务；公共交通客运；机动车辆保险、 意外伤害保险兼业代理； （汽车维修；卷烟、雪茄、烟丝零售；预包 装食品零售； 机动车驾驶员培训； 兼业代理意外伤害保险、 机动车辆 保险）；汽车配件、日用百货、日用杂品、文教用品、电子产品及配 件、工艺美术品、金属材料、五金交电、建筑材料、化工产品、服装 销售；机油、轮胎零售；汽车修理培训；鞋帽的生产、销售；物业管 理；室内装璜；客车租赁服务；经济信息咨询服务；商务代理服务； 二手车经纪服务；汽车票务代理；提供劳务； （上海大众品牌汽车销 售及配套服务；设计、制作、代理报刊、印刷品、三维动画广告；代 理发布车身、户外、馈赠品广告；自有房产租赁；停车场服务；停车 场管理服务；食品添加剂销售；货运代理服务）。括号内项目仅限取
得许可证的分支机构经营。 （5） 注册地址： 南京市建邺区白龙江东街8号新城科技园科技创 新综合体A4号楼18层 2、关联关系说明：公用发展与公司不存在关联关系。 3、类似交易情况：公司最近三年与公用发展无类似交易情况。 4、履约能力分析：公用发展不属于失信被执行人，信用状况及 支付能力等方面不存在重大风险， 具备履行并承担本协议约定的相关 义务的能力。 （二）环境集团 1、基本情况 （1）公司名称：南京环境集团有限公司 （2）法定代表人：刘劲驰 （3）注册资本： 50,000万元人民币 （4）主营业务：从事城市环境基础设施的投资、建设、运营与 管理； 环境产业技术研发与咨询， 环保产品开发生产与销售； 环境设 施土地和物业资产的开发与利用； 环境治理相关服务。 许可项目： 供 电业务；发电业务、输电业务、供（配）电业务；城市生活垃圾经营 性服务； 餐厨垃圾处理； 道路货物运输 （不含危险货物） ； 动物饲养； 肥料生产；报废机动车拆解；报废电动汽车回收拆解；外汇业务。一 般项目：再生资源销售；再生资源回收（除生产性废旧金属）；肥料 销售； 生物有机肥料研发； 再生资源加工； 建筑废弃物再生技术研发； 新能源汽车废旧动力蓄电池回收及梯次利用（不含危险废物经营）； 土壤污染治理与修复服务；环保咨询服务；节能管理服务；碳减排、 碳转化、碳捕捉、碳封存技术研发；污水处理及其再生利用；信息技 术咨询服务；货物进出口；进出口代理。
（5） 注册地址： 南京市秦淮区永丰大道8号南京白下高新技术产 业园区3号楼A栋202室 2、关联关系说明：环境集团与公司不存在关联关系。 3、类似交易情况：公司最近三年与环境集团无类似交易情况。 4、履约能力分析：环境集团是经南京市政府批准的全资国有企 业,不属于失信被执行人，信用状况及支付能力等方面不存在重大风 险，具备履行并承担本协议约定的相关义务的能力。 三、协议主要内容 （一）协议签订主体 甲方：南京公用发展股份有限公司 乙方：江西赣锋锂业集团股份有限公司 丙方：南京环境集团有限公司 （二）合作领域 三方确认并同意， 在废旧电池回收与锂电池应用等领域开展全面 合作。 （三）合作原则 1、优势互补原则。充分发挥三方优势，积极推动三方优势资源 的集成、互补、协同与共享。 2、 互利共赢原则。 共同推动达成意向合作项目落地并保障实施， 提高合作效益和水平，实现互利共赢。 3、相互配合原则。积极为各方提供市场信息、项目信息和工作 便利，协助合作业务的发展。 （四）合作内容 1、三方拟组建合资公司，注册资本10,000万元，其中甲方或其 控股主体占股35%，乙方或其控股主体占股35%，丙方或其控股主体
占股30%。 2、合资公司拟在江苏省投资建设30万吨废旧电池回收基地，初 步计划项目一期规模3万吨，项目二期规模7万吨，项目三期规模20 万吨， 并可根据市场情况调整产能规划。 项目总投资预计10亿元， 其 中一期投资1亿元，二期投资2.5亿元，三期投资6.5亿元。 3、三方确认并同意，拟向合资公司倾注各方资源，包括但不限 于回收渠道、回收资质、检测技术、回收技术、运营能力、市场开拓 等资源。 4、 三方确认并同意， 在废旧电池回收项目上的合作具有排他性， 均为各方在江苏省废旧电池回收领域的唯一合作伙伴。 5、鉴于甲方、丙方拥有锂电池应用场景，乙方拥有锂电池生产 制造板块， 三方确认并同意， 在锂电池应用场景上进行全面合作， 具 体合作方案由各方另行签订的合作协议约定。 （五）合作模式 三方互为战略合作伙伴， 根据相互合作需要， 双方及其下属单位 在同等条件下，按照市场化机制，优先参与战略合作方的主导项目， 优先选用战略合作方的产品或服务， 为战略合作方积极提供富有竞争 力的产品或服务。 （六）保密条款 三方均有义务对合作内容本身以及任何一方就合作事项提供给 三方以外另一方的信息承担保密责任。 鉴于甲方与丙方为关联方， 本 协议涉及甲丙双方关联交易， 未经三方共同书面同意， 不得将有关三 方的非公开信息、 资料、 数据及本协议有关的任何内容披露给除三方 以外的任何其他方； 法律、 法规、 法院判决或监管机构另有规定的除 外， 但必须履行告知对方的义务。 甲方与乙方作为上市公司均应履行
内幕信息知情人登记管理制度， 严控控制知情人范围； 丙方作为本协 议事项知情人，相关信息由甲方登记，丙方应予以配合。 同时， 各方共同确认， 本协议所涉及保密条款在合同终止、 解除 等任何情况下均持续有效，对各方均具有约束力。 （七）其他 本协议为框架协议， 应是双方今后合作的原则性指导性文件， 除 本协议保密条款以外， 本协议对各方不具有法律约束力。 各方签订具 体的合作协议并履行各自根据其章程或内部授权履行相应的股东会、 股东大会或董事会等内部决策程序或国资审批通过后， 根据最终签署 的具体合作协议履行和执行。 四、对公司的影响 本次公司与合作方签署的 《战略合作协议》 ， 是基于 “优势互补、 互惠互利、成果共享、共谋发展”的原则，共同致力于在新能源领域 建立长期的战略合作关系， 在废旧电池回收与锂电池应用等领域开展 全面合作。 有利于公司完善产业链布局， 提高公司核心竞争力和盈利 能力，符合公司上下游一体化的战略。 本次签署的 《战略合作协议》 为框架协议， 对公司本年度经营业 绩不会构成重大影响， 对公司未来年度经营业绩的影响将视公司与合 作方后续签订的具体项目协议以及实施情况而确定。 五、风险提示 本次签署的 《战略合作协议》 为三方合作意向和原则的框架性陈 述， 具体合作内容以签订的正式协议为准， 相关约定付诸实施和实施 过程中均存在变动的可能性。 公司董事会将积极关注相关事项的进展情况， 及时履行信息披露 义务。请广大投资者理性投资，注意投资风险。
六、其他相关说明 （一） 公司最近三年披露的其他框架性协议或意向性协议情况如 下： 序号 披露日期 主要内容 执行情况 1 2021年9月18日 与四川省达州市宣汉县人民政府签署《招 商引资协议》及《招商引资补充协议》 履行中 2 2021年10月6日 与Umicore S A签署 《锂产品供应条款清单》 履行中 3 2022年1月19日 与青海省海西州人民政府签署《战略框架 协议》 履行中 4 2022年5月13日 与中国长江电力股份有限公司、重庆三峡 水利电力（集团）股份有限公司及长江绿 色发展私募基金管理有限公司签署《合资 备忘录》 履行中 5 2022年5月20日 与稀美资源控股有限公司及中国银河国际 证券(香港)有限公司签署了框架股份认购 协议 履行完毕 6 2022年6月30日 与蜂巢能源科技股份有限公司签署《战略 合作框架协议书》 履行中 7 2022年8月19日 与广汽埃安新能源汽车有限公司签署《战 略合作框架协议》 履行中 8 2022年9月2日 与绵阳富临精工股份有限公司签署《战略 合作协议》 履行中 9 2022年9月29日 与宜春市人民政府签署《战略合作框架协 议》 履行中 10 2022年10月31日 与横峰县人民政府签署《投资协议》 履行中 11 2022年11月8日 与江西省横峰县人民政府、富临精工签署 《战略合作框架协议》 履行中 12 2023年3月28日 与锡林郭勒盟行政公署签署《战略合作框 架协议》 履行中 13 2023年4月25日 与呼和浩特市人民政府签署《20GWh电池 生产项目框架协议》 履行中
（二）本协议签署前三个月内股东持股变化情况 公司控股股东、持股5%以上股东及董事、监事、高级管理人员 在本协议签署前三个月内持股未发生变动。 （三）未来三个月内公司控股股东、持股5%以上股东、董监高 所持限售股份解除限售及股份减持的计划 1、未来三个月内，公司不存在控股股东、持股5%以上股东、董 监高所持限售股份解除限售的情况。 2、截至本公告披露日，公司未收到控股股东、其他持股5%以上 股东及董监高在未来三个月内股份减持的计划。 若未来相关人员拟实 施股份减持计划，公司将按相关规定及时履行信息披露义务。 特此公告。 江西赣锋锂业集团股份有限公司 董事会 2024 年 7 月 6 日",2024-07-06,巨潮资讯网,https://static.cninfo.com.cn/finalpage/2024-07-06/1220542580.PDF,accepted
GFEX-WR-20240708,announcement,广期所碳酸锂仓单日报：仓单增加2919手,广州期货交易所2024-07-08仓单日报显示，碳酸锂仓单总量为30216手，增加2919手。,2024-07-08,广州期货交易所,https://www.gfex.com.cn/gfex/cdrb/hqsj_tjsj.shtml,accepted
CNINFO-000762-1220589658,announcement,2024年半年度业绩预告,"股票代码：000762 股票简称： 西藏矿业 编号： 临2024-005 西藏矿业发展股份有限公司 2024 年半年度业绩预告 本公司及董事会全体成员保证信息披露的内容真实、 准确、 完整， 没有虚假记载、 误导 性陈述或重大遗漏。 一、本期业绩预计情况 1.业绩预告期间：2024 年1 月1 日至 2024 年 6 月 30 日 2.业绩预告情况：扭亏为盈 ☑ 同向上升 同向下降 项 目 本报告期 上年同期 归属于上市公司 股东的净利润 盈利：9,000.00 万元–13,000.00 万元 盈利：2,529.65 万元 比上年同期增长：255.78% - 413.91% 扣除非经常性损 益后的净利润 盈利：8,000.00 万元–12,000.00 万元 盈利：757.96 万元 比上年同期增长：955.46% - 1483.20% 基本每股收益 盈利：0.17 元/股–0.25 元/股 盈利：0.05 元/股 二、与会计师事务所沟通情况 本次业绩预告相关的财务数据未经注册会计师审计。 三、业绩变动原因说明 报告期内，公司抓住铬矿主流块矿价格稳中有升的契机， 持续加大生产力度，根据碳酸锂市场情况调整优化销售策略， 铬矿和锂精矿销售较去年同期均实现明显增长；深入推进算 账经营，有效管控成本费用支出，推动落实企业所得税优惠 政策，公司经营业绩实现大幅增长。 四、其他相关说明 1.本次预告为公司财务部门初步估算，公司 2024 年半 年度业绩具体数据以公司公布的 2024 年半年度报告为准。
2.本公司指定的信息披露媒体为《中国证券报》《证券 时 报 》 《 上 海 证 券 报 》 《 证 券 日 报 》 和 巨 潮 资 讯 网 （www.cninfo.com.cn），敬请广大投资者注意投资风险。 特此公告。 西藏矿业发展股份有限公司 董 事 会 二○二四年七月九日",2024-07-10,巨潮资讯网,https://static.cninfo.com.cn/finalpage/2024-07-10/1220589658.PDF,accepted
CNINFO-000792-1220588490,announcement,2024年半年度业绩预告,"证券代码：000792 证券简称：盐湖股份 公告编号：2024-042 青海盐湖工业股份有限公司 2024 年半年度业绩预告 一、本期业绩预计情况 （一）业绩预告期间：2024 年 1 月 1 日-2024 年 6 月 30 日 （二）业绩预告情况：同向下降 项目 本报告期 上年同期 归属于上市公司 股东的净利润 盈利：170,000 万元–230,000 万元 盈利：509,767.29 万元 比上年同期下降：66.65%—54.88% 扣除非经常性损 益后的净利润 盈利：172,000 万元–232,000 万元 盈利：504,458.23 万元 比上年同期下降：65.9%—54.01% 基本每股收益 盈利：0.3 元/股–0.4 元/股 盈利：0.9580 元/股 二、与会计师事务所沟通情况 本次业绩预告的相关财务数据未经注册会计师审计。 公司就业绩预告有关重 大事项与会计师事务所进行了沟通， 公司与会计师事务所在业绩预告方面不存在 重大分歧。 三、业绩变动原因说明 1．报告期内，针对氯化钾、碳酸锂市场变化和价格波动，公司积极应对， 在提升管理，提高产能的同时加强产销对接，拓展销售渠道，加大销售力度， 主营业务产品氯化钾、碳酸锂产销量较上年同期实现齐增。报告期，因氯化钾 及碳酸锂产品市场价格下跌，公司业绩较上年同期下降。 2．报告期内，公司根据主管税务机关出具的相关税务事项通知书，补缴资 源税等各项税款及滞纳金合计 6.66 亿元，公司已按照主管税务机关的要求及时 本公司及董事会全体成员保证信息披露的内容真实、准确、完整，没有 虚假记载、误导性陈述或重大遗漏。
缴纳完毕。经公司初步测算，该事项对报告期内利润总额的影响金额约为-4.92 亿元。 四、重大风险提示及其他说明 本次业绩预告是公司财务部的初步估算， 未经审计， 具体财务数据将在公司 2024 年半年度报告中详细披露。 公司指定信息披露媒体为《证券时报》 《上海证券报》 《证券日报》 《中国 证券报》 和巨潮资讯网 （www.cninfo.com.cn） ， 公司所有信息均以在上述选定媒 体刊登的信息为准。 特此公告。 青海盐湖工业股份有限公司董事会 2024 年 7 月 10 日",2024-07-10,巨潮资讯网,https://static.cninfo.com.cn/finalpage/2024-07-10/1220588490.PDF,accepted
CNINFO-002176-1220587120,announcement,2024年半年度业绩预告,"1 证券代码：002176 证券简称:江特电机 公告编号：2024-038 江西特种电机股份有限公司 2024 年半年度业绩预告 本公司及董事会全体成员保证信息披露的内容真实、准确、完整，没有虚假记 载、误导性陈述或重大遗漏。 一、本期业绩预计情况 1.业绩预告期间： 2024 年 1 月 1 日-2024 年 6 月 30 日 2.预计的经营业绩：预计净利润为负值 项目 本报告期 上年同期 归属于上市公司股 东的净利润 亏损：5,500 万元-7,000 万元 亏损：5,286.13 万元 比上年同期下降：4.05% - 32.42% 扣除非经常性损益 后的归属于上市公 司股东的净利润 亏损：11,500 万元-13,000 万元 亏损：11,289.13 万元 比上年同期下降：1.87% - 15.16% 基本每股收益 亏损：0.03 元/股–0.04 元/股 亏损：0.03 元/股 二、业绩预告预审计情况 本次业绩预告相关的财务数据未经过注册会计师预审计。 三、业绩变动原因说明 公司 2024 年上半年度净利润预计较上年同期下降的主要原因是：报告期内 碳酸锂价格一直在低位运行,导致公司锂盐业务亏损。 四、应对措施 （1）努力提升自有矿山的出矿量，让公司自有的高品位锂云母矿价值得到 进一步释放； （2）充分运用金融工具，适时开展碳酸锂期货套期保值业务，降低产品价
2 格波动带来的风险； （3）降本增效，通过对锂云母提锂工艺和技术的革新，进一步提高产品利 润率； （4）电机产业进一步加大对机器人用电机的研发和投入，巩固行业地位； 打造国际知名伺服电机品牌和特殊用途电机高端品牌； 进一步增强公司其他智能 电机（建筑机械、电梯、风电、冶金、新能源等）运用领域的竞争优势，为客户 提供低成本、 低能耗、 高品质的综合产品解决方案与服务， 进一步提升经营业绩。 五、风险提示 本次业绩预告是公司财务部门初步测算结果，具体财务数据以公司披露的 2024 年半年度报告为准。敬请广大投资者注意投资风险。 特此公告。 江西特种电机股份有限公司 董事会 二〇二四年七月十日",2024-07-10,巨潮资讯网,https://static.cninfo.com.cn/finalpage/2024-07-10/1220587120.PDF,accepted
CNINFO-002460-1220590149,announcement,2024年半年度业绩预告,"证券代码：002460 证券简称：赣锋锂业 编号：临2024-057 江西赣锋锂业集团股份有限公司 2024 年半年度业绩预告 一、本期业绩预计情况 1、业绩预告期间：2024 年 1 月 1 日—2024 年 6 月 30 日 2、预计的经营业绩： √亏损  扭亏为盈  同向上升  同向下降 项目 2024 年 1 月 1 日—2024 年 6 月 30 日 上年同期 归属上市公司股东 的净利润 亏损：76,000 万元 –125,000 万元 盈利：585,018.66 万元 扣除非经常性损 益后的净利润 亏损：10,000 万元 –20,000 万元 盈利：411,321.25 万元 基本每股收益 亏损：0.38 元/股 –0.62 元/股 盈利：2.90 元/股 二、与会计师事务所沟通情况 本次业绩预告未经会计师事务所审计。 三、业绩变动原因 1、本报告期内，公司持有的金融资产 Pilbara Minerals Limited (PLS)股价下跌，产生较大的公允价值变动损失。 2、本报告期内，受锂行业周期下行影响，锂盐及锂电池产品价 格持续下跌，虽然产品出货量同比增加， 但公司经营业绩同比大幅下 降。 四、其他相关说明及风险提示 由于公司业务涉及全产业链，旗下子公司较多， 同时业务分布在 本公司及董事会全体成员保证公告内容的真实、 准确和完整， 没 有虚假记载、误导性陈述或重大遗漏。
全球各地，本次业绩预告存在不确定性。 本次业绩预告是公司财务部门初步测算的结果， 未经注册会计师 审计，具体财务数据请以公司披露的 2024 年半年度报告为准。敬请 广大投资者谨慎决策，注意投资风险。 特此公告。 江西赣锋锂业集团股份有限公司 董事会 2024 年 7 月 10 日",2024-07-10,巨潮资讯网,https://static.cninfo.com.cn/finalpage/2024-07-10/1220590149.PDF,accepted
CNINFO-002466-1220590042,announcement,2024年半年度业绩预告,"1 股票代码：002466 股票简称：天齐锂业 公告编号：2024-034 天齐锂业股份有限公司 2024 年半年度业绩预告 本公司及董事会全体成员保证信息披露的内容真实、准确、 完整，没有虚假记载、误导性陈述或重大遗漏。 一、本期业绩预计情况 1、业绩预告期间：2024年1月1日至2024年6月30日。 2、业绩预告情况：预计净利润为负值 项目 本报告期 上年同期 归 属 于 上 市 公 司 股东的净利润 亏损：553,000万元–488,000万元 盈利：645,246.25 万元 扣 除 非 经 常 性 损 益后的净利润 亏损：555,000万元–490,000万元 盈利：640,985.71 万元 基本每股收益 亏损：3.37元/股–2.98元/股 盈利：3.93元/股 二、与会计师事务所沟通情况 本次业绩预告未经注册会计师预审计。 三、业绩变动原因说明 天齐锂业股份有限公司（以下简称“公司”）报告期业绩变动的主要原因： 1、受锂产品市场波动的影响，公司锂产品销售价格较上年同期大幅下降，锂产品毛 利大幅下降。受公司控股子公司 Talison Lithium Pty Ltd（以下简称“泰利森”）化学级锂 精矿定价机制与公司锂化工产品销售定价机制存在时间周期的错配影响，本报告期公司 经营业绩出现阶段性亏损。但 2024 年上半年，化学级锂精矿的市场价格降低，随着公司 从泰利森新采购的低价锂精矿逐步入库及对现有锂精矿库存的逐步消化，公司各生产基 地的化学级锂精矿出库成本逐步贴近最新采购价格，锂精矿定价机制的阶段性错配也逐 步减弱，公司 2024 年第二季度亏损环比减少。同时，受自产工厂顺利爬坡及委外加工的 积极影响，2024 年上半年及 2024 年第二季度锂化合物及衍生品的产销量均实现同比、 环
2 比增长。 2、截至本业绩预告公告日，公司重要的联营公司 Sociedad Química y Minera de Chile S.A.（以下简称“SQM”）尚未公告其 2024 年第二季度业绩报告。公司全面考虑所能获 取的可靠信息，沿用一贯方式，通过财务测算模型并采用彭博社预测的 SQM 2024 年第 二季度每股收益等信息为基础来计算同期公司对 SQM 的投资收益。此外，SQM 于 2024 年第一季度业绩报告中披露，智利圣地亚哥法院于 2024 年 4 月对其 2017 年和 2018 年税 务年度的税务诉讼进行了裁决，撤销了税务和海关法庭在 2022 年 11 月 7 日对于该案件 的裁决结论， 导致其确认了约 11 亿美元的所得税费用， 并相应减少净利润约 11 亿美元。 根据前述彭博社预测数据，结合 SQM 2024 年第一季度已披露的业绩，SQM 2024 年 半年度业绩预计将同比大幅下降，因此公司在本报告期确认的对该联营公司的投资收益 较上年同期大幅下降。 四、风险提示 1、本次业绩预告是公司财务部门初步测算结果，未经审计机构审计，与公司2024年 半年度报告中披露的最终数据可能存在差异。具体财务数据将在公司 2024年半年度报告 中详细披露。敬请广大投资者注意投资风险。 2、鉴于公司重要的联营公司SQM是在智利圣地亚哥和美国纽约证券交易所上市的公 司，根据两地交易所信息披露规则，SQM披露季度财务报告的时间晚于公司业绩预告的 时间，公司不能先于SQM公告季度财务信息前公告其业绩。根据《企业会计准则第 32号 中期财务报告》 第九条规定， 公司通过财务测算模型并结合彭博社预测的第二季度每股收 益等信息预估SQM第二季度经营损益，并按照公司持股比例预估对SQM的投资收益。该 项投资收益与SQM实际公告的净利润按公司持股比例计算的应计投资收益可能存在差异。 公司将根据差异的金额及对公司财务信息的影响程度，严格按照企业会计准则的规定及 时进行会计处理并按信息披露规定及时进行信息披露。 具体财务数据以公司披露的 《2024 年半年度报告》为准。 3、公司所有公开披露的信息均以在指定的信息披露媒体《证券时报》《证券日报》 《中国证券报》 《上海证券报》《经济参考报》及巨潮资讯网 （http://www.cninfo.com.cn） 刊登的信息为准，敬请广大投资者理性投资，注意风险。 特此公告。
3 天齐锂业股份有限公司董事会 二〇二四年七月十日",2024-07-10,巨潮资讯网,https://static.cninfo.com.cn/finalpage/2024-07-10/1220590042.PDF,accepted
CNINFO-002756-1220589339,announcement,2024年半年度业绩预告,"1 证券代码：002756 证券简称：永兴材料 公告编号：2024-033 号 永兴特种材料科技股份有限公司 2024年半年度业绩预告 本公司及董事会全体成员保证信息披露的内容真实、准确、完整， 没有虚假记载、误导性陈述或重大遗漏。 一、本期业绩预计情况 1、业绩预告期间：2024 年 1 月 1 日至 2024 年 6 月 30 日 2、预计的业绩： □扭亏为盈 □同向上升 ■同向下降 项目 2024 年 1 月 1 日-2024 年 6 月30 日 上年同期 归属于上市公司股 东的净利润 盈利：71,000.00 万元-82,000.00 万元 盈利：190,368.77 万元 比上年同期下降：56.93%-62.70% 扣除非经常性损益 后的净利润 盈利：54,000.00 万元-65,000.00 万元 盈利：190,958.90 万元 比上年同期下降：65.96%-71.72% 基本每股收益 盈利：1.32 元/股-1.53 元/股 盈利：3.55 元/股 二、与会计师事务所沟通情况 本次业绩预告的相关财务数据未经会计师事务所审计。 三、业绩变动原因说明 2024 年 1-6 月，公司特钢新材料业务加大市场开拓力度，持续推进产品结构的调 整与优化， 盈利能力稳步提升， 但公司锂电新能源业务中，碳酸锂的价格与去年同期相 比大幅下降，受此影响，公司归属于上市公司股东净利润同比下降。
2 四、风险提示 本次业绩预告数据是公司财务部门初步估算的结果，未经审计机构审计 ，敬请投 资者注意投资风险。 五、其他相关说明 与公司 2024 年半年度业绩相关的具体财务数据，以公司后续披露的 2024 年半年 度报告中所记载的信息为准。 特此公告。 永兴特种材料科技股份有限公司董事会 2024 年 7 月 10 日",2024-07-10,巨潮资讯网,https://static.cninfo.com.cn/finalpage/2024-07-10/1220589339.PDF,accepted
CNINFO-002240-1220602374,announcement,2024年半年度业绩预告,"证券代码：002240 证券简称：盛新锂能 公告编号：2024-066 盛新锂能集团股份有限公司 2024年半年度业绩预告 本公司及董事会全体成员保证信息披露内容的真实、准确和完整，没有虚 假记载、误导性陈述或重大遗漏。 一、 本期业绩预计情况 （一）业绩预告期间 2024 年 1 月 1 日-2024 年 6 月 30 日。 （二）业绩预告情况 预计的业绩：√亏损 □扭亏为盈 □同向上升 □同向下降 项目 本报告期 上年同期 归属于上市公司股 东的净利润 亏损：13,000.00 万元-19,000.00 万元 盈利：61,143.09 万元 比上年同期下降：121.26%-131.07% 扣除非经常性损益 后的净利润 亏损：23,000.00 万元-29,000.00 万元 盈利：46,330.74 万元 比上年同期下降：149.64%-162.59% 基本每股收益 亏损：0.14 元/股-0.21 元/股 盈利：0.67 元/股 二、与会计师事务所沟通情况 本次业绩预告相关的财务数据未经过会计师事务所预审计。 三、业绩变动原因说明 公司 2024 年上半年业绩较上年同期下降，主要系报告期内，受锂电新能源 行业市场环境影响， 锂盐价格较去年同期大幅下降， 影响了公司本报告期的利润。 四、风险提示 本次业绩预告是公司财务部门初步测算的结果，具体财务数据以公司披露的 2024 年半年度报告为准。敬请广大投资者注意投资风险。 特此公告。
盛新锂能集团股份有限公司 董事会 二○二四年七月十日",2024-07-11,巨潮资讯网,https://static.cninfo.com.cn/finalpage/2024-07-11/1220602374.PDF,accepted
CNINFO-002497-1220603707,announcement,2024年半年度业绩预告,"1 证券代码： 002497 证券简称：雅化集团 公告编号： 2024-67 四川雅化实业集团股份有限公司 2024 年半年度业绩预告 本公司及董事会全体成员保证信息披露内容的真实、 准确和完整， 没有虚假记载、 误导性陈述或重大遗漏。 一、本期业绩预计情况 1、业绩预告期间：2024 年 1 月 1 日至 2024 年 6 月 30 日 2、预计的业绩：  扭亏为盈  同向上升 √同向下降 项 目 2024 年 1 月 1 日至 2024 年 6 月 30 日 上年同期 归属于上市公司 股东的净利润 盈利：8,000.00 万元～12,000.00 万元 盈利：95,060.74 万元 比上年同期下降：91.58%～87.38% 扣除非经常性损 益后的净利润 盈利：6,000.00 万元～9,000.00 万元 盈利：91,740.14 万元 比上年同期下降：93.46%～90.19% 基本每股收益 盈利：0.0694 元/股～0.1041 元/股 盈利：0.8248 元/股 二、 与会计事务所沟通 情况 公司就业绩预告已与会计师事务所进行了预沟通，与会计师事务所在业绩预告方面 不存在分歧。 本次业绩预告相关财务数据未经会计师事务所预审计。 三、业绩变动原因说明 1、公司 2024 年半年度业绩较上年同期下降的主要原因是：报告期内，锂行业市场 价格持续下跌，且锂盐产品价格跌幅大于锂原料价格，公司经营业绩较去年同期下降幅 度较大。 2、公司 2024 年第二季度实现归属于上市公司股东的净利润为 6,506.95 万元～ 10,506.95 万元， 环比第一季度增加335.82%～603.72%，2024 年第二季度实现扣除非经常 性损益后的净利润为 5,226.32 万元～8,226.32 万元， 环比第一季度增加575.51%～963.27%。 公司产品产销量稳步增长，其中第二季度炸药销量环比增长 46%，电子雷管销量环比增 长 54%，锂盐产品产量环比增长 11%。 3、 公司将持续做好增收节支，积极拓展销售渠道，预计下半年锂盐和民爆产品销量
2 将保持增长趋势；同时，随着津巴布韦卡玛蒂维锂矿项目第二阶段生产线的全面建成投 产，将提高矿资源自给率，降低锂盐产品成本，预计对未来经营业绩将产生积极影响。 四、风险提示 本次业绩预告是公司财务部门初步测算的结果，未经审计机构审计。敬请广大投资 者注意投资风险。 五、其他相关说明 具体财务数据以公司 2024 年半年度报告披露的数据为准。 特此公告。 四川雅化实业集团股份有限公司董事会 2024 年 7 月 10 日",2024-07-11,巨潮资讯网,https://static.cninfo.com.cn/finalpage/2024-07-11/1220603707.PDF,accepted
GFEX-WR-20240717,announcement,广期所碳酸锂仓单日报：仓单增加3297手,广州期货交易所2024-07-17仓单日报显示，碳酸锂仓单总量为33102手，增加3297手。,2024-07-17,广州期货交易所,https://www.gfex.com.cn/gfex/cdrb/hqsj_tjsj.shtml,accepted
GFEX-WR-20240719,announcement,广期所碳酸锂仓单日报：仓单增加1683手,广州期货交易所2024-07-19仓单日报显示，碳酸锂仓单总量为34349手，增加1683手。,2024-07-19,广州期货交易所,https://www.gfex.com.cn/gfex/cdrb/hqsj_tjsj.shtml,accepted
GFEX-WR-20240723,announcement,广期所碳酸锂仓单日报：仓单增加1423手,广州期货交易所2024-07-23仓单日报显示，碳酸锂仓单总量为36125手，增加1423手。,2024-07-23,广州期货交易所,https://www.gfex.com.cn/gfex/cdrb/hqsj_tjsj.shtml,accepted
GFEX-WR-20240729,announcement,广期所碳酸锂仓单日报：仓单减少2422手,广州期货交易所2024-07-29仓单日报显示，碳酸锂仓单总量为33645手，减少2422手。,2024-07-29,广州期货交易所,https://www.gfex.com.cn/gfex/cdrb/hqsj_tjsj.shtml,accepted
GFEX-WR-20240730,announcement,广期所碳酸锂仓单日报：仓单减少1468手,广州期货交易所2024-07-30仓单日报显示，碳酸锂仓单总量为32177手，减少1468手。,2024-07-30,广州期货交易所,https://www.gfex.com.cn/gfex/cdrb/hqsj_tjsj.shtml,accepted
GFEX-WR-20240731,announcement,广期所碳酸锂仓单日报：仓单减少32177手,广州期货交易所2024-07-31仓单日报显示，碳酸锂仓单总量为0手，减少32177手。,2024-07-31,广州期货交易所,https://www.gfex.com.cn/gfex/cdrb/hqsj_tjsj.shtml,accepted
GFEX-WR-20240801,announcement,广期所碳酸锂仓单日报：仓单增加13419手,广州期货交易所2024-08-01仓单日报显示，碳酸锂仓单总量为13419手，增加13419手。,2024-08-01,广州期货交易所,https://www.gfex.com.cn/gfex/cdrb/hqsj_tjsj.shtml,accepted
CNINFO-002594-1220779562,announcement,2024年7月产销快报,"证券代码：002594 证券简称：比亚迪 公告编号：2024-068 比亚迪股份有限公司 2024年7月产销快报 本公司及董事会全体成员保证信息披露的内容真实、准确、完整，没有虚假记载、误导性陈述或重大遗漏。 比亚迪股份有限公司(以下简称“本公司”)2024年7月产销快报数据如下： 单位：辆 产量 销量 项目类别 本月 去年同期 本年累计 去年累计 累计同比 本月 去年同期 本年累计 去年累计 累计同比 新能源汽车 320,852 272,414 1,952,885 1,547,961 26.16% 342,383 262,161 1,955,366 1,517,798 28.83% -乘用车 319,268 271,358 1,945,463 1,539,353 26.38% 340,799 261,105 1,947,944 1,509,266 29.07% -纯电动 125,808 139,399 855,891 770,451 11.09% 130,000 134,783 856,153 751,593 13.91% -插电式混合动力 193,460 131,959 1,089,572 768,902 41.70% 210,799 126,322 1,091,791 757,673 44.10% -商用车 1,584 1,056 7,422 8,608 -13.78% 1,584 1,056 7,422 8,532 -13.01% -客车 267 280 2,365 2,205 7.26% 267 280 2,365 2,205 7.26% -其他 1,317 776 5,057 6,403 -21.02% 1,317 776 5,057 6,327 -20.07% 合计 320,852 272,414 1,952,885 1,547,961 26.16% 342,383 262,161 1,955,366 1,517,798 28.83% 注：本公司 2024 年 7 月海外销售新能源乘用车合计 30,014 辆； 本公司 2024 年 7 月新能源汽车动力电池及储能电池装机总量约为 16.519 GWh，2024 年累计装机总量约为 89.075 GWh。 务请注意，上述产、销量数字未经审核，亦未经本公司审计师确认，或会予以调整并有待最终确认。本公司刊发财务业绩后，股东及 潜在投资者务必详阅。
特此公告。 比亚迪股份有限公司董事会 2024 年 8 月 1 日",2024-08-02,巨潮资讯网,https://static.cninfo.com.cn/finalpage/2024-08-02/1220779562.PDF,accepted
GFEX-WR-20240802,announcement,广期所碳酸锂仓单日报：仓单增加13503手,广州期货交易所2024-08-02仓单日报显示，碳酸锂仓单总量为26922手，增加13503手。,2024-08-02,广州期货交易所,https://www.gfex.com.cn/gfex/cdrb/hqsj_tjsj.shtml,accepted
GFEX-WR-20240805,announcement,广期所碳酸锂仓单日报：仓单增加2051手,广州期货交易所2024-08-05仓单日报显示，碳酸锂仓单总量为28973手，增加2051手。,2024-08-05,广州期货交易所,https://www.gfex.com.cn/gfex/cdrb/hqsj_tjsj.shtml,accepted
GFEX-WR-20240806,announcement,广期所碳酸锂仓单日报：仓单增加2780手,广州期货交易所2024-08-06仓单日报显示，碳酸锂仓单总量为31753手，增加2780手。,2024-08-06,广州期货交易所,https://www.gfex.com.cn/gfex/cdrb/hqsj_tjsj.shtml,accepted
GFEX-WR-20240807,announcement,广期所碳酸锂仓单日报：仓单增加1340手,广州期货交易所2024-08-07仓单日报显示，碳酸锂仓单总量为33093手，增加1340手。,2024-08-07,广州期货交易所,https://www.gfex.com.cn/gfex/cdrb/hqsj_tjsj.shtml,accepted
GFEX-WR-20240812,announcement,广期所碳酸锂仓单日报：仓单增加2889手,广州期货交易所2024-08-12仓单日报显示，碳酸锂仓单总量为36080手，增加2889手。,2024-08-12,广州期货交易所,https://www.gfex.com.cn/gfex/cdrb/hqsj_tjsj.shtml,accepted
LC-TEXT-0009,news,2024年上半年全国锂离子电池行业运行情况,"2024年上半年全国锂离子电池行业运行情况 
 首页 > 
 工业和信息化部 > 
 历史栏目 > 
 电子信息司旧版 > 
 工作动态 
 2024年上半年全国锂离子电池行业运行情况 
 发布时间：2024-08-16 17:25 来源：电子信息司 
 2024年上半年，我国锂离子电池（下称“锂电池”）产业延续增长态势。根据锂电池行业规范公告企业信息和行业协会测算，上半年全国锂电池总产量480GWh，同比增长20%。 电池环节，1–6月储能型锂电池产量超过110GWh。新能源汽车用动力型锂电池装车量约203GWh。1–6月全国锂电池出口总额达到1934亿元。 一阶材料环节，1–6月全国正极材料、负极材料、隔膜、电解液产量分别达126万吨、82万吨、83亿平方米、51万吨，同比增幅均在16%以上。 二阶材料环节，1–6月全国碳酸锂、氢氧化锂产量分别为29.8万吨、17.5万吨，电池级碳酸锂和氢氧化锂（微粉级）均价分别为10.3万元/吨和9.3万元/吨。 
 【返回顶部】 
 【关闭窗口】 
 【打印本页】",2024-08-16,工业和信息化部,https://wap.miit.gov.cn/jgsj/dzs/gzdt/art/2024/art_46a61eb9ee544ba38364f5576a014b84.html,accepted
CNINFO-002460-1220895995,announcement,关于赣锋锂电签署合作框架协议的公告,"证券代码：002460 证券简称：赣锋锂业 编号：临2024-072 江西赣锋锂业集团股份有限公司 关于赣锋锂电签署合作框架协议的公告 本公司及其董事会全体成员保证公告内容真实、准确和完整， 无 虚假记载、误导性陈述或者重大遗漏。 特别提示： 1、本次公司与合作方签署的《合作框架协议》（以下简称“本 协议”），是基于诚实信用、互惠互利的原则，双方经过友好协商， 就共同开发锂电池及相关产品的全球市场， 促进国际业务合作， 提高 国际市场影响而达成本协议。 本协议为意向性框架合作协议， 合作事 宜尚存在不确定性， 具体合作事宜以各方根据实际情况共同协商后签 署的最终投资协议为准。 2、本次签署的《合作框架协议》对公司本年度经营业绩不会构 成重大影响， 对公司未来年度经营业绩的影响将视公司与合作方后续 签订的具体项目协议以及实施情况而确定。 3、公司将按照法律法规和《公司章程》的相关规定，对合作后 续事项的落地实施履行相应的审批程序和信息披露义务， 敬请广大投 资者注意投资风险。 一、协议签署概况 江西赣锋锂业集团股份有限公司 （以下简称“公司”或 “赣锋锂 业”）控股子公司江西赣锋锂电科技股份有限公司（以下简称“赣锋 锂电”或“乙方”）与YİĞİT AKÜ Malzemeleri Nakliyat Turizm İnşaat Sanayi ve Ticaret A.Ş.（以下简称“YIGIT AKU”或“甲方”）双方尊 重并认可彼此的市场地位， 决定建立长期战略合作伙伴关系， 充分发
挥赣锋锂业全产业链和生态资源优势， 结合YIGIT AKU在土耳其电池 制造、 电池技术及国际市场地位， 实现优势互补， 共同拓展土耳其和 全球业务。双方拟计划在土耳其成立一家合资公司，合资公司计划投 资5亿美元在土耳其建设年产5GWh的锂电池项目，包括设计产能为 5GWh的锂电池生产线和电池组生产线，其产能根据市场情况确定。 根据 《深圳证券交易所股票上市规则》 、 《公司章程》 等的规定， 本协议的签署不构成关联交易， 亦不构成 《上市公司重大资产重组管 理办法》规定的重大资产重组，无需提交董事会和股东大会审议。 二、交易双方介绍 1、YIGIT AKU的基本信息 YİĞİT AKÜ Malzemeleri Nakliyat Turizm İnşaat Sanayi ve Ticaret A.Ş.是土耳其伊斯坦布尔博尔萨的一家上市公司， 该公司于1976年在 土耳其安卡拉成立， 是土耳其最大的铅酸蓄电池制造商、 出口商和回 收商。YIGIT AKU在土耳其拥有4个生产基地、2座电池研发中心和最 大的研发团队， 为全球市场五大洲100多个国家的500多个合作客户提 供服务。 2、关联关系说明：YIGIT AKU与公司及赣锋锂电不存在关联关 系。 3、类似交易情况：公司及赣锋锂电最近三年与YIGIT AKU无类 似交易情况。 4、履约能力分析：YIGIT AKU不属于失信被执行人，信用状况 及支付能力等方面不存在重大风险， 具备履行并承担本协议约定的相 关义务的能力。 三、协议主要内容 （一）协议签订主体 甲方：YİĞİT AKÜ Malzemeleri Nakliyat Turizm İnşaat Sanayi ve
Ticaret A.Ş. 乙方：江西赣锋锂电科技股份有限公司 （二）合作领域 甲乙双方拟计划在土耳其成立一家合资公司，合资公司计划投资 5亿美元在土耳其建设年产5GWh的锂电池项目，包括设计产能为 5GWh的锂电池生产线和电池组生产线，其产能根据市场情况确定。 合资公司计划在固态电池、 大功率电池、 船舶、 航空航天电池等先进 锂电池技术领域建立专注于新技术开发、 研发项目和申请知识产权的 研发中心。 （三）保密条款 各方在履行本协议过程中从另一方获取的任何信息和材料应当 保密， 除非一方为保障本协议的正常履行且已事先获得另一方的书面 授权，否则不得滥用或披露机密信息。 四、对公司的影响 本次公司与合作方签署的《合作框架协议》，基于诚实信用、互 惠互利的原则， 双方经过友好协商， 建立长期战略合作伙伴关系， 共 同开发锂电池及相关产品的全球市场， 促进国际业务合作。 有利于公 司完善产业链布局， 提高公司核心竞争力和盈利能力， 符合公司上下 游一体化的战略。 本次签署的 《合作框架协议》 为意向协议， 对公司本年度经营业 绩不会构成重大影响， 对公司未来年度经营业绩的影响将视公司与合 作方后续签订的具体项目协议以及实施情况而确定。 五、风险提示 本次签署的 《合作框架协议》 为双方合作意向和原则的框架性陈 述， 具体合作内容以签订的正式协议为准， 相关约定在实施过程中均 存在变动的可能性。 双方签订具体的合作协议并各自根据其章程或内
部授权履行相应的股东大会或董事会等内部决策程序审批通过后， 具 体合作内容将根据最终签署的具体合作协议执行。若后续签署具体协 议， 可能需要国家发改委、 商务部及外汇管理部门等有关部门备案或 审批， 能否取得相关备案或审批、 取得备案的投资金额以及最终取得 备案或审批的时间尚存在不确定性。 公司董事会将积极关注相关事项的进展情况， 及时履行信息披露 义务。请广大投资者理性投资，注意投资风险。 六、其他相关说明 （一） 公司最近三年披露的其他框架性协议或意向性协议情况如 下： 序号 披露日期 主要内容 执行情况 1 2021年9月18日 与四川省达州市宣汉县人民政府签署《招 商引资协议》及《招商引资补充协议》 履行中 2 2021年10月6日 与Umicore S A签署 《锂产品供应条款清单》 履行中 3 2022年1月19日 与青海省海西州人民政府签署《战略框架 协议》 履行中 4 2022年5月13日 与中国长江电力股份有限公司、重庆三峡 水利电力（集团）股份有限公司及长江绿 色发展私募基金管理有限公司签署《合资 备忘录》 履行中 5 2022年5月20日 与稀美资源控股有限公司及中国银河国际 证券(香港)有限公司签署了框架股份认购 协议 履行完毕 6 2022年6月30日 与蜂巢能源科技股份有限公司签署《战略 合作框架协议书》 履行中 7 2022年8月19日 与广汽埃安新能源汽车有限公司签署《战 略合作框架协议》 履行中 8 2022年9月2日 与绵阳富临精工股份有限公司签署《战略 合作协议》 履行中
9 2022年9月29日 与宜春市人民政府签署《战略合作框架协 议》 履行中 10 2022年10月31日 与横峰县人民政府签署《投资协议》 履行中 11 2022年11月8日 与江西省横峰县人民政府、富临精工签署 《战略合作框架协议》 履行中 12 2023年3月28日 与锡林郭勒盟行政公署签署《战略合作框 架协议》 履行中 13 2023年4月25日 与呼和浩特市人民政府签署《20GWh电池 生产项目框架协议》 履行中 14 2023年12月26日 与长安汽车签署《合作备忘录》 履行中 15 2024年7月6日 与南京公用发展股份有限公司、南京环境 集团有限公司签署《战略合作协议》 履行中 （二）本协议签署前三个月内股东持股变化情况 公司控股股东、持股5%以上股东及董事、监事、高级管理人员 在本协议签署前三个月内持股未发生变动。 （三）未来三个月内公司控股股东、持股5%以上股东、董监高 所持限售股份解除限售及股份减持的计划 1、未来三个月内，公司不存在控股股东、持股5%以上股东、董 监高所持限售股份解除限售的情况。 2、截至本公告披露日，公司未收到控股股东、其他持股5%以上 股东及董监高在未来三个月内股份减持的计划。 若未来相关人员拟实 施股份减持计划，公司将按相关规定及时履行信息披露义务。 特此公告。 江西赣锋锂业集团股份有限公司 董事会 2024 年 8 月 17 日",2024-08-17,巨潮资讯网,https://static.cninfo.com.cn/finalpage/2024-08-17/1220895995.PDF,accepted
GFEX-WR-20240821,announcement,广期所碳酸锂仓单日报：仓单增加1098手,广州期货交易所2024-08-21仓单日报显示，碳酸锂仓单总量为37917手，增加1098手。,2024-08-21,广州期货交易所,https://www.gfex.com.cn/gfex/cdrb/hqsj_tjsj.shtml,accepted
GFEX-WR-20240823,announcement,广期所碳酸锂仓单日报：仓单增加858手,广州期货交易所2024-08-23仓单日报显示，碳酸锂仓单总量为38935手，增加858手。,2024-08-23,广州期货交易所,https://www.gfex.com.cn/gfex/cdrb/hqsj_tjsj.shtml,accepted
GFEX-WR-20240827,announcement,广期所碳酸锂仓单日报：仓单增加1186手,广州期货交易所2024-08-27仓单日报显示，碳酸锂仓单总量为40061手，增加1186手。,2024-08-27,广州期货交易所,https://www.gfex.com.cn/gfex/cdrb/hqsj_tjsj.shtml,accepted
CNINFO-002497-1221049752,announcement,关于开展商品期货及衍生品套期保值业务的公告,"1 证券代码： 002497 证券简称：雅化集团 公告编号： 2024-75 四川雅化实业集团股份有限公司 关于开展商品期货及衍生品套期保值业务的公告 本公司及董事会全体成员保证信息披露内容的真实、 准确和完整， 没有虚 假记载、误导性陈述或重大遗漏。 重要内容提示： 1、交易基本情况：为有效防范因生产经营活动中原材料和产成品市场价格 波动所带来的风险，公司及下属子公司拟开展保证金金额不超过人民币 2 亿元 （不含期货标的实物交割款项） 的期货及衍生品套期保值业务， 上述额度在有效 期限内可循环滚动使用； 2、审议程序：公司及下属子公司本次开展期货及衍生品套期保值业务的事 项已经第六届董事会第二次会议和第六届监事会第二次会议审议通过； 3、 风险提示： 期货及衍生品套期保值业务存在固有的市场风险、 政策风险、 流动性风险、 内部控制风险及技术风险， 公司将积极落实管控制度和风险控制措 施，审慎执行套期保值操作，敬请广大投资者注意投资风险。 四川雅化实业集团股份有限公司（以下简称“公司” ）于2024 年 8 月 29 日 召开第六届董事会第二次会议， 审议通过了 《关于开展商品期货及衍生品套期保 值业务及可行性分析的议案》 ，现将有关情况公告如下： 一、投资情况概述 （一）投资目的 公司主要从事锂电新能源材料业务， 主要产品为氢氧化锂、 碳酸锂等锂盐产 品。 近年来， 锂盐产品价格波动巨大， 为降低产品价格波动给公司带来的经营风 险， 保持公司经营业绩持续、 稳定， 公司拟利用期货工具的避险保值功能， 根据 生产经营计划择机开展套期保值业务， 有效降低产品市场价格波动风险， 保障主 营业务稳步发展。 （二）交易品种
2 公司开展套期保值业务的品种仅限于与公司生产经营相关的原材料、 产成品 的期货及其衍生品。 （三）交易金额 公司开展套期保值业务的保证金金额不超过人民币 2 亿元 （不含期货标的实 物交割款项） ，上述额度在有效期限内可循环滚动使用。 （四）交易方式 公司董事会授权经营管理层及其授权人士开展套期保值业务， 并按照公司制 定的 《期货及衍生品套期保值业务管理制度》 相关规定及流程， 进行套期保值业 务操作及管理。 （五）交易期限 自公司董事会审议通过之日起 12 个月内有效，上述额度在有效期限内可循 环滚动使用， 如单笔交易的存续期超过授权期限， 则授权期限自动顺延至该笔交 易终止时止。 （六）资金来源 公司开展期货及衍生品套期保值业务的资金来源为自筹资金， 不涉及募集资 金。 （七）开展主体 公司及其下属全资子公司、控股子公司。 二、审议程序 公司董事会于 2024 年 8 月 29 日召开第六届董事会第二次会议， 审议通过了 《关于开展商品期货及衍生品套期保值业务及可行性分析的议案》 ，同意公司及 下属子公司开展总额度不超过人民币 2 亿元的期货及衍生品套期保值业务， 并授 权经营管理层及其授权人士在上述额度范围内实施。 三、投资风险及风险控制措施 （一）风险分析 公司开展套期保值业务不以投机为目的， 主要为有效降低产成品、 原材料市 场价格剧烈波动可能对公司经营带来的影响，但同时也会存在一定的风险。 1、市场风险 理论上， 各交易品种在临近交割期时期货市场价格和现货市场价格将趋于回 归一致， 但在极个别的非理性市场情况下， 如市场发生系统性风险， 期货价格与
3 现货价格走势相背离等， 会对公司的套期保值操作方案带来影响， 甚至造成损失。 2、政策风险 如期货市场相关法规政策发生重大变化， 可能导致市场发生剧烈波动或无法 交易的风险。 3、流动性风险 期货交易采取保证金和逐日盯市制度，按照经公司审批的方案下单操作时， 如果合约活跃度较低， 导致套期保值持仓无法成交或无法在合适价位成交， 令实 际交易结果与方案设计出现较大偏差， 甚至面临因未能及时补足保证金而被强行 平仓带来的损失。 4、技术风险 由于无法控制和不可预测的系统故障、 网络故障、 通讯故障等造成交易系统 非正常运行， 使交易指令出现延迟、 中断或数据错误等问题， 从而带来相应风险。 （二）风险控制措施 1、公司严格执行有关法律法规，制定《期货及衍生品套期保值业务管理制 度》 ，对公司开展套期保值业务的审批权限、操作流程、风险控制等方面做出明 确规定，建立有效的监督检查、风险控制和交易止损机制，降低内部控制风险。 2、合理设置公司期货业务组织机构，建立岗位责任制，明确各相关部门和 岗位的职责权限， 严格在董事会批准的权限内进行套期保值操作。 同时， 加强相 关人员的职业道德教育及业务培训，提高相关人员的专业知识和综合素质。 3、公司套期保值业务仅限于与公司经营业务相关性高的期货品种，业务规 模将与公司经营业务相匹配， 最大程度对冲价格波动风险。 在制定交易方案的同 时做好资金测算， 以确保可用资金充裕； 严格控制套期保值的资金规模，合理规 划和使用资金，在市场剧烈波动时做到合理止损，有效规避风险。 4、公司内部审计部门定期及不定期对套期保值交易业务进行检查，监督套 期保值交易业务人员执行风险管理制度和风险管理工作程序， 及时防范业务中的 操作风险。 四、相关会计处理 公司根据《企业会计准则第 22 号—金融工具确认和计量》 、 《企业会计准则 第 24 号—套期会计》 、 《企业会计准则第37 号—金融工具列报》 、 《企业会计准则 第 39 号—公允价值计量》等相关规定及其指南，对商品期货及衍生品套期保值
4 业务进行相应的核算处理，并在财务报告中正确列报。 五、备查文件 1、公司第六届董事会第二次会议决议； 2、公司第六届监事会第二次会议决议； 3、关于开展商品期货及衍生品套期保值业务的可行性分析报告。 特此公告。 四川雅化实业集团股份有限公司董事会 2024 年 8 月 29 日",2024-08-30,巨潮资讯网,https://static.cninfo.com.cn/finalpage/2024-08-30/1221049752.PDF,accepted
GFEX-WR-20240830,announcement,广期所碳酸锂仓单日报：仓单增加1847手,广州期货交易所2024-08-30仓单日报显示，碳酸锂仓单总量为41908手，增加1847手。,2024-08-30,广州期货交易所,https://www.gfex.com.cn/gfex/cdrb/hqsj_tjsj.shtml,accepted
CNINFO-002594-1221107186,announcement,2024年8月产销快报,"证券代码：002594 证券简称：比亚迪 公告编号：2024-070 比亚迪股份有限公司 2024年8月产销快报 本公司及董事会全体成员保证信息披露的内容真实、准确、完整，没有虚假记载、误导性陈述或重大遗漏。 比亚迪股份有限公司(以下简称“本公司”)2024年8月产销快报数据如下： 单位：辆 产量 销量 项目类别 本月 去年同期 本年累计 去年累计 累计同比 本月 去年同期 本年累计 去年累计 累计同比 新能源汽车 366,973 284,926 2,319,858 1,832,887 26.57% 373,083 274,386 2,328,449 1,792,184 29.92% -乘用车 364,744 284,644 2,310,207 1,823,997 26.66% 370,854 274,086 2,318,798 1,783,352 30.02% -纯电动 146,690 155,967 1,002,581 926,418 8.22% 148,470 145,627 1,004,623 897,220 11.97% -插电式混合动力 218,054 128,677 1,307,626 897,579 45.68% 222,384 128,459 1,314,175 886,132 48.30% -商用车 2,229 282 9,651 8,890 8.56% 2,229 300 9,651 8,832 9.27% -客车 647 121 3,012 2,326 29.49% 647 121 3,012 2,326 29.49% -其他 1,582 161 6,639 6,564 1.14% 1,582 179 6,639 6,506 2.04% 合计 366,973 284,926 2,319,858 1,832,887 26.57% 373,083 274,386 2,328,449 1,792,184 29.92% 注：本公司 2024 年 8 月海外销售新能源乘用车合计 31,451 辆，其中出口 30,451 辆； 本公司 2024 年 8 月新能源汽车动力电池及储能电池装机总量约为 18.846 GWh，2024 年累计装机总量约为 107.920 GWh。 务请注意，上述产、销量数字未经审核，亦未经本公司审计师确认，或会予以调整并有待最终确认。本公司刊发财务业绩后，股东及 潜在投资者务必详阅。
特此公告。 比亚迪股份有限公司董事会 2024年 9 月 1 日",2024-09-02,巨潮资讯网,https://static.cninfo.com.cn/finalpage/2024-09-02/1221107186.PDF,accepted
GFEX-WR-20240904,announcement,广期所碳酸锂仓单日报：仓单增加819手,广州期货交易所2024-09-04仓单日报显示，碳酸锂仓单总量为43707手，增加819手。,2024-09-04,广州期货交易所,https://www.gfex.com.cn/gfex/cdrb/hqsj_tjsj.shtml,accepted
CNINFO-002497-1221137985,announcement,关于与宁德时代签署电池级氢氧化锂和碳酸锂采购协议的公告,"1 证券代码：002497 证券简称：雅化集团 公告编号：2024-78 四川雅化实业集团股份有限公司 关于与宁德时代签署电池级氢氧化锂和碳酸锂采购协议的公告 本公司及董事会全体成员保证信息披露内容的真实、 准确和完整， 没有虚假记载、 误导性陈述或重大遗漏。 特别提示： 1、本协议有效期为 2026 年 1 月至 2028 年 12 月。随着协议的有效执行，将对公司 2026-2028 年的财务成果、经营业绩产生积极影响。 2、协议履行过程中，如遇行业政策调整、市场环境变化等不可预计或不可抗力因素 的影响，可能会导致协议无法如期或全部履行。 一、合同签署情况 近日，四川雅化实业集团股份有限公司（以下简称“公司”）下属全资子公司雅化锂 业 （雅安） 有限公司（以下简称“雅安锂业”） 与宁德时代新能源科技股份有限公司 （以 下简称“宁德时代” ）签订电池级氢氧化锂和碳酸锂采购协议（以下称“本协议” ） ，约定 从 2026 年 1 月起至 2028 年 12 月， 宁德时代向雅安锂业采购电池级氢氧化锂和碳酸锂产 品。 二、交易对方情况介绍 （一）公司基本情况 企业名称：宁德时代新能源科技股份有限公司 法定代表人：曾毓群 成立日期：2011 年 12 月 16 日 注册资本：439880.7222（万元） 企业类型：股份有限公司(上市、自然人投资或控股) 统一社会信用代码：91350900587527783P 注册地址：福建省宁德市蕉城区漳湾镇新港路 2 号 经营范围： 锂离子电池、 锂聚合物电池、 燃料电池、 动力电池、 超大容量储能电池、 超级电容器、电池管理系统及可充电电池包、风光电储能系统、相关设备仪器的开发、 生产和销售及售后服务；对新能源行业的投资；锂电池及相关产品的技术服务、测试服 务以及咨询服务。 （依法须经批准的项目，经相关部门批准后方可开展经营活动）
2 宁德时代与公司实际控制人、董事、监事和高级管理人员在产权、业务、资产、债 权债务、人员等方面均不存在关联关系。 （二）类似交易情况 公司与宁德时代的直接合作开始于 2023 年 3 月，截止 2023 年 12 月 31 日，与对方 发生的类似交易金额约 10.5 亿元，占公司锂盐产品年度销售总额约 11%。 （三）履约能力分析 宁德时代具备良好的履约能力。 三、合同主要内容 （一）买卖双方 甲方：宁德时代新能源科技股份有限公司 乙方：雅化锂业（雅安）有限公司 （二）合同标的 电池级氢氧化锂、电池级碳酸锂产品 （三）合同履行期限 2026 年 1 月起至 2028 年 12 月 （四）合同标的数量及价格 各年度交付数量按双方协议约定执行； 产品价格根据双方协议约定的计价方式确定。 （五）违约责任 若乙方不能按双方确认的月度交货量足量交付产品 （除不可抗拒因素外） 、 甲方不能 按双方确认的月度交货量足量提货 （除不可抗拒因素外） ， 则甲乙方均有权以书面通知的 方式解除合同，并可要求对方承担合同约定的违约金；若甲方未按时支付费用的，应当 承担按双方合同约定的违约责任。 （六）争议解决方式 本合同的未尽事宜和争议由双方友好协商解决，协商一致后签订补充协议；协商不 成时，甲、乙双方均有权在原告方所在地人民法院提起诉讼。 （七）合同的效力及其它 依《中华人民共和国民法典》的规定，一方遇不可抗力，应于不可抗力发生后48 小 时内书面通知另一方，说明不能履行合同的证据和理由，并就本合同的继续履行、延期 履行、部分履行或终止本合同进行协商，签订补充协议。迟延履行后发生不可抗力的， 不免除其违约责任。 四、合同履行对公司的影响
3 1、本协议的签订将对公司本年度经营业绩产生积极影响，同时，随着协议的有效执 行，有利于提升公司 2026 年至 2028 年财务成果和经营业绩。公司已具备履行该协议的 能力。 2、 本协议的履行对公司业务的独立性无重大影响， 公司目前已与国内外多家知名正 极材料企业、电池厂商和整车企业建立了长期合作关系，公司不会因履行上述协议而对 客户形成重大依赖。 3、 本次业务合作为公司未来锂盐产线扩能和产能释放建立了又一强有力的销售渠道， 有利于完善公司锂盐客户结构，促进公司锂产业未来的稳健发展。 五、合同履行风险提示 本协议在履行过程中，如遇行业政策调整、市场环境变化等不可预计或不可抗力因 素的影响，可能会导致协议无法如期或全部履行。敬请广大投资者注意投资风险。 六、其他说明 公司将及时在定期报告中披露协议的进展及履行情况。 七、备查文件 1、采购协议 特此公告。 四川雅化实业集团股份有限公司董事会 2024 年 9 月 4 日",2024-09-05,巨潮资讯网,https://static.cninfo.com.cn/finalpage/2024-09-05/1221137985.PDF,accepted
GFEX-WR-20240912,announcement,广期所碳酸锂仓单日报：仓单减少981手,广州期货交易所2024-09-12仓单日报显示，碳酸锂仓单总量为42511手，减少981手。,2024-09-12,广州期货交易所,https://www.gfex.com.cn/gfex/cdrb/hqsj_tjsj.shtml,accepted
CNINFO-002594-1221336622,announcement,2024年9月产销快报,"证券代码：002594 证券简称：比亚迪 公告编号：2024-072 比亚迪股份有限公司 2024年9月产销快报 本公司及董事会全体成员保证信息披露的内容真实、准确、完整，没有虚假记载、误导性陈述或重大遗漏。 比亚迪股份有限公司(以下简称“本公司”)2024年9月产销快报数据如下： 单位：辆 产量 销量 项目类别 本月 去年同期 本年累计 去年累计 累计同比 本月 去年同期 本年累计 去年累计 累计同比 新能源汽车 441,052 279,848 2,760,910 2,112,735 30.68% 419,426 287,454 2,747,875 2,079,638 32.13% -乘用车 439,229 279,297 2,749,436 2,103,294 30.72% 417,603 286,903 2,736,401 2,070,255 32.18% -纯电动 170,267 144,179 1,172,848 1,070,597 9.55% 164,956 151,193 1,169,579 1,048,413 11.56% -插电式混合动力 268,962 135,118 1,576,588 1,032,697 52.67% 252,647 135,710 1,566,822 1,021,842 53.33% -商用车 1,823 551 11,474 9,441 21.53% 1,823 551 11,474 9,383 22.28% -客车 306 482 3,318 2,808 18.16% 306 482 3,318 2,808 18.16% -其他 1,517 69 8,156 6,633 22.96% 1,517 69 8,156 6,575 24.05% 合计 441,052 279,848 2,760,910 2,112,735 30.68% 419,426 287,454 2,747,875 2,079,638 32.13% 注：本公司 2024 年 9 月海外销售新能源乘用车合计 33,012 辆，其中出口 30,512 辆； 本公司 2024 年 9 月新能源汽车动力电池及储能电池装机总量约为 19.800 GWh，2024 年累计装机总量约为 127.720 GWh。 务请注意，上述产、销量数字未经审核，亦未经本公司审计师确认，或会予以调整并有待最终确认。本公司刊发财务业绩后，股东及 潜在投资者务必详阅。
特此公告。 比亚迪股份有限公司董事会 2024年 10 月 7 日",2024-10-08,巨潮资讯网,https://static.cninfo.com.cn/finalpage/2024-10-08/1221336622.PDF,accepted
GFEX-WR-20241008,announcement,广期所碳酸锂仓单日报：仓单增加1120手,广州期货交易所2024-10-08仓单日报显示，碳酸锂仓单总量为44683手，增加1120手。,2024-10-08,广州期货交易所,https://www.gfex.com.cn/gfex/cdrb/hqsj_tjsj.shtml,accepted
CNINFO-002460-1221360099,announcement,关于公司签署《投资合作协议补充协议》的公告,"证券代码：002460 证券简称：赣锋锂业 编号：临2024-087 江西赣锋锂业集团股份有限公司 关于公司签署《项目投资合作协议补充协议》的公告 本公司及其董事会全体成员保证公告内容真实、 准确和完整， 无 虚假记载、误导性陈述或者重大遗漏。 一、协议签署概况 江西赣锋锂业集团股份有限公司 （以下简称“公司”或 “赣锋锂 业”）于2022年9月与富临精工股份有限公司 （以下简称 “富临精工” ） 签署《战略合作协议》以及《项目投资合作协议》、 《项目投资合作 协议》，双方将在新能源产业上下游方面建立长期、稳定、紧密的全 面战略合作伙伴关系， 在锂盐产品供应、 磷酸铁锂正极产品供应、 产 业投资及项目运营、新型锂盐领域研发等方面开展深度合作。同时， 双方拟共同投资设立合资公司， 新建年产20万吨磷酸二氢锂一体化项 目。（详见公告编号：临2022-087、临2022-088） 为进一步落实公司与富临精工的产业项目合作， 更大程度发挥项 目合作优势， 公司与富临精工指定控股子公司江西升华新材料有限公 司（以下简称“江西升华”）作为投资主体共同实施原《项目投资合 作协议》 （以下简称“原协议”）项下有关合作，并对原协议有关内 容进行补充和变更， 公司与富临精工及控股子公司江西升华于近日签 订《项目投资合作协议补充协议》 （以下简称“补充协议”或“本协 议”）。江西升华与公司拟或其指定方拟共同投资设立合资公司（以 下简称“目标公司”），并以目标公司为主体在四川省达州市宣汉县 新建年产10万吨硫酸锂制造磷酸二氢锂项目。 目标公司的注册资本为 10,000万元， 其中， 赣锋锂业或其指定方出资5,100万元， 持有目标公
司51%的股权，江西升华出资4,900万元，持有目标公司49%的股权。 根据 《深圳证券交易所股票上市规则》 、 《公司章程》 等的规定， 本协议的签署不构成关联交易， 亦不构成 《上市公司重大资产重组管 理办法》规定的重大资产重组，无需提交董事会和股东大会审议。 二、合作对方基本情况 （一）富临精工 1、基本情况 （1）公司名称：富临精工股份有限公司 （2）法定代表人：王志红 （3）注册资本：122,086.1316万元人民币 （4）主营业务：研发、制造和销售：用于新能源汽车动力电池 领域与储能电池领域的磷酸铁锂、磷酸锰铁锂及新型电池正极材料； 用于新能源智能汽车热管理系统的智能热管理集成模块、电子水泵、 电子油泵、 电控执行器、 电子水阀及电子控制器； 用于新能源汽车的 电驱动系统、减速器、齿轴、壳体及差速器；用于汽车智能悬架的可 变阻尼减振系统、 电磁阀、 电子控制器及传感器； 用于汽车发动机的 电动VVT、液压VVT、VVL电磁阀、气门挺柱、气门摇臂、张紧器、 喷嘴、喷嘴电磁阀、油泵电磁阀及GDI泵壳；用于汽车变速箱的电磁 阀及阀芯； 用于工程机械领域的电子泵、 微特电机及控制器； 非标设 备及机电一体化产品（不含汽车）。从事技术、实验及检测服务；从 事货物及技术的进出口业务。 （5）注册地址：四川省绵阳高端制造产业园凤凰中路37号 2、主要业务情况：富临精工（股票代码：300432.SZ）多方位加 速布局新能源产业， 自主研发生产的新一代高压实密度磷酸铁锂具备 独特的技术工艺路线以及行业领先的技术性能指标。 富临精工作为汽
车零部件领域的细分龙头在高效发动机 VVT、车载电驱动减速器、 热管理等领域具有领先的技术和扎实的市场基础。 富临精工在技术创 新升级和产能产量提升的同时，以产品及技术优势与战略伙伴建立了 以资本为纽带的持续稳定的生态合作关系。 3、关联关系说明：富临精工与公司及公司实际控制人、董事、 监事、高级管理人员不存在关联关系。 4、类似交易情况：公司最近三年与富临精工无类似交易情况。 5、履约能力分析：富临精工不属于失信被执行人，信用状况及 支付能力等方面不存在重大风险， 具备履行并承担本协议约定的相关 义务的能力。 （二）江西升华 1、基本情况 （1）公司名称：江西升华新材料有限公司 （2）法定代表人：杜俊波 （3）注册资本：82,000万元人民币 （4）主营业务：新材料的研发、生产、销售。 （5）注册地址：江西省宜春经济技术开发区 2、关联关系说明：江西升华与公司不存在关联关系。 3、类似交易情况：公司最近三年与江西升华无类似交易情况。 4、履约能力分析：江西升华不属于失信被执行人，信用状况及 支付能力等方面不存在重大风险， 具备履行并承担本协议约定的相关 义务的能力。 三、补充协议主要内容 1、协议履行主体变更：经各方共同确认，由江西升华概括的承 接原协议项下富临精工享有的全部权利及承担的全部义务。 富临精工
不再履行原协议项下有关责任及义务。 2、江西升华与赣锋锂业或其指定方拟共同投资设立合资公司， 并以目标公司为主体在四川省达州市宣汉县新建年产10万吨硫酸锂 制造磷酸二氢锂项目。该项目规划总投资约2亿元，由目标公司为主 体取得项目用地并实施项目建设， 目标公司生产所需的全部硫酸锂由 赣锋锂业及其关联方保障供应， 目标公司生产的全部磷酸二氢锂产品 由江西升华及其关联方购买。 3、目标公司设立时的注册资本为人民币10,000万元，其中赣锋 锂业或其指定方持有目标公司51%股权，江西升华持有目标公司49% 的股权，具体如下： 目标公司股东 认缴出资额（万元） 股权占比 出资方式 赣锋锂业或其指定方 5,100 51% 现金 江西升华 4,900 49% 现金 合计 10,000 100% 现金 4、自目标公司登记注册完成之日起（即目标公司领取营业执照 之日起）15个工作日内，双方应合计实缴1,000万元注册资本，其中， 赣锋锂业或其指定方实缴510万元， 江西升华实缴490万元。 该首期出 资主要用于目标公司开办费用和项目的前期费用等。 后续实缴： 根据本项目建设资金需要， 双方应按照目标公司向股 东方发出的缴款通知， 按期足额实缴各自所认缴的出资额， 确保本项 目建设的资金需求， 且各方最迟应于2024年12月31日前将其各自认缴 的注册资本全部实缴到位。 目标公司后续资金需求， 由股东双方按股比同比例增资及提供借 款解决。 5、目标公司董事会由5名董事组成，其中，赣锋锂业有权提名3 名董事，江西升华有权提名2名董事，董事长由赣锋锂业提名的董事
担任，董事长同时担任目标公司的法定代表人。董事会会议的表决， 实行董事一人一票，须经二分之一以上董事同意方可通过。 目标公司不设监事会，设监事1名，由江西升华委派。 6、本协议为原协议之补充，与原协议具有同等法律效力。如原 协议解除或终止的， 本补充协议自动解除或终止。 若本补充协议约定 内容与原协议约定存在冲突和差异之处，按本补充协议约定执行。 四、对外投资目的及对公司的影响 本次签署的补充协议， 系协议各方基于客观条件变化对原协议的 补充及变更，旨在发挥双方在技术、资金、原材料、生产管理、市场 渠道等资源优势， 实现在新能源产业链上下游的合作， 通过优势互补、 资源共享， 推动和促进双方业务的快速增长和全面提升。 本次投资有 利于推动新能源产业的发展， 有利于公司完善产业链布局， 提高公司 核心竞争力和盈利能力，符合公司上下游一体化的战略。 本次对外投资事项对公司本年度财务状况和经营成果不构成重 大影响，不存在损害公司及全体股东利益的情形。 未来随着双方业务 合作的进一步加深，预计将对公司经营发展产生积极影响。 五、风险提示 本协议为各方根据合作意向达成一致， 协议已对各方权利、 义务、 履行期限等内容做出了明确约定， 但在协议履行过程中， 如遇到国际 变化、 政策调整、 市场环境等不可预计或不可抗力因素的影响， 将可 能会导致协议无法正常履行的风险。公司董事会将积极关注相关事项 的进展情况， 及时履行信息披露义务。 请广大投资者理性投资， 注意 投资风险。 六、备查文件 《项目投资合作协议补充协议》
特此公告。 江西赣锋锂业集团股份有限公司 董事会 2024 年 10 月 11 日",2024-10-11,巨潮资讯网,https://static.cninfo.com.cn/finalpage/2024-10-11/1221360099.PDF,accepted
GFEX-WR-20241014,announcement,广期所碳酸锂仓单日报：仓单增加997手,广州期货交易所2024-10-14仓单日报显示，碳酸锂仓单总量为45084手，增加997手。,2024-10-14,广州期货交易所,https://www.gfex.com.cn/gfex/cdrb/hqsj_tjsj.shtml,accepted
CNINFO-002240-1221418596,announcement,关于雅江县惠绒矿业有限责任公司取得采矿许可证的公告,"证券代码：002240 证券简称：盛新锂能 公告编号：2024-102 盛新锂能集团股份有限公司 关于雅江县惠绒矿业有限责任公司取得采矿许可证的 公告 本公司及董事会全体成员保证信息披露内容的真实、准确和完整，没有虚 假记载、误导性陈述或重大遗漏。 盛新锂能集团股份有限公司（以下简称“公司”）投资的雅江县惠绒矿业有 限责任公司（以下简称“惠绒矿业”）于2024年10月17日取得了中华人民共和国 自然资源部颁发的《采矿许可证》，现将相关事项公告如下： 一、采矿许可证主要内容 证号：C1000002024105218000723 采矿权人：雅江县惠绒矿业有限责任公司 地址：雅江县粮食局步行街二期二幢 502 矿山名称：雅江县惠绒矿业有限责任公司四川省雅江县木绒锂矿 经济类型：有限责任公司 开采矿种：锂矿、铌、钽 开采方式：地下开采 生产规模：300 万吨/年 矿区面积：0.5978 平方公里 有效期限：贰拾肆年，自 2024 年 9 月 5 日至 2048 年 9 月 5 日 二、对公司的影响及风险提示 根据四川省矿产资源储量评审中心出具的《〈四川省雅江县木绒矿区锂矿勘 探报告〉矿产资源储量评审意见书》，木绒锂矿累计查明的矿石资源量 6,109.5 万吨，氧化锂 98.96 万吨，是亚洲迄今探明规模最大的硬岩型单体锂矿，平均品 位达到 1.62%，是四川地区锂矿品位最高的矿山之一。 截至目前，公司通过直接和间接方式合计持有惠绒矿业 52.20%股权。本次
惠绒矿业取得采矿许可证，标志着公司锂矿资源供应保障能力迎来重大突破，为 实现“以锂为世界能源可持续发展作贡献”这一宏伟愿景增添新动力。公司作为 领先的锂盐生产企业，高度重视锂矿资源的布局， 并拥有专业的矿山开发建设团 队， 积累了成功开发四川高海拔地区的奥伊诺矿山和非洲津巴布韦萨比星矿山的 的宝贵经验。后续公司将充分发挥锂矿开发建设的优势， 积极推进木绒锂矿项目 的开发建设，尽快实现锂矿资源的大幅度增量供给， 促进公司可持续发展， 进一 步提升公司的盈利能力和市场竞争力。惠绒矿业尚需完成安全设施设计、 井巷建 设等系列工作后方可在该采矿许可证范围内进行采矿生产，本次惠绒矿业取得采 矿许可证不会对公司当期经营业绩产生重大影响，敬请广大投资者注意投资风险。 特此公告。 盛新锂能集团股份有限公司 董事会 二○二四年十月十七日",2024-10-18,巨潮资讯网,https://static.cninfo.com.cn/finalpage/2024-10-18/1221418596.PDF,accepted
GFEX-WR-20241021,announcement,广期所碳酸锂仓单日报：仓单减少902手,广州期货交易所2024-10-21仓单日报显示，碳酸锂仓单总量为43439手，减少902手。,2024-10-21,广州期货交易所,https://www.gfex.com.cn/gfex/cdrb/hqsj_tjsj.shtml,accepted
CNINFO-002240-1221452426,announcement,关于签署锂产品合作框架协议的公告,"证券代码：002240 证券简称：盛新锂能 公告编号：2024-103 盛新锂能集团股份有限公司 关于签署锂产品合作框架协议的公告 本公司及董事会全体成员保证信息披露内容的真实、准确和完整，没有虚 假记载、误导性陈述或重大遗漏。 特别提示： 1、本协议属于各方合作意愿和基本原则的框架性约定，各方后续的合作以 具体签订的协议为准，具体实施内容和进度尚存在不确定性。 2、本次签署的合作框架协议对公司本年度经营业绩不会构成重大影响，对 公司未来年度经营业绩的影响将视公司与合作方后续签订的具体协议以及实施 情况而确定。惠绒矿业为公司的关联方， 后续如签署具体合作协议， 公司将严格 按照相关法律法规和《公司章程》等规定履行相应的审批程序和信息披露义务。 一、协议签署情况 1、背景情况 雅江县惠绒矿业有限责任公司（以下简称“惠绒矿业”）拥有位于四川省甘 孜州雅江县的木绒锂矿，根据四川省矿产资源储量评审中心出具的《〈四川省雅 江县木绒矿区锂矿勘探报告〉矿产资源储量评审意见书》，木绒锂矿累计查明的 矿石资源量 6,109.5 万吨，氧化锂 98.96 万吨，是亚洲迄今探明规模最大的硬岩 型单体锂矿，平均品位达到 1.62%，是四川地区锂矿品位最高的矿山之一。该矿 山已取得自然资源部颁发的《采矿许可证》，正在准备开发建设。 中创新航科技集团股份有限公司（以下简称“中创新航”）是全球知名的锂 电池生产商，是盛新锂能集团股份有限公司（以下简称“公司”）锂盐产品的长 期合作客户，与公司建立了良好的合作伙伴关系。 2、协议签署情况 公司于近日与中创新航、惠绒矿业签署了《锂产品合作框架协议》。为加强 各方建立、 深化长期稳定合作， 发挥各方在资源互补、 技术支持、 产业协同等方
面竞争优势，本着相互支持、 共同发展的原则，各方就锂产品业务合作签订了合 作框架协议。 本次合作框架协议是各方就业务合作签署的框架性约定， 在具体合作方案正 式实施前， 公司将严格按照相关法律法规和 《公司章程》 等规定履行相应的审批 程序和信息披露义务。 二、交易对方基本情况 1、中创新航的基本情况 公司名称：中创新航科技集团股份有限公司 法人代表：刘静瑜 注册资本：177,230.1858 万元人民币 注册地址：常州市金坛区江东大道 1 号 主营业务：锂离子动力电池、 电池管理系统、 储能电池及相关集成产品和锂 电池材料的研制、生产、销售和市场应用开发。 中创新航与公司及公司控股股东、 实际控制人、 董事、 监事、 高级管理人员 不存在关联关系。 中创新航为全球知名的锂电池生产商，信用状况良好， 具有较好的履约能力。 截至本公告日，中创新航不是失信被执行人。 2、惠绒矿业的基本情况 公司名称：雅江县惠绒矿业有限责任公司 统一社会信用代码：91513325MA62G0NQ6N 成立日期：2015年6月16日 法定代表人：高隆基 注册资本：11,963.0952万元人民币 注册地址：雅江县粮食局步行街二期二幢502 主营业务： 惠绒矿业主要资产为旗下的木绒锂矿， 该矿山已于2024年10月17 日取得自然资源部颁发的 《采矿许可证》，正在准备开发建设。为缩短建设周期、 提高建设效率， 矿山井巷工程施工将创新使用盾构机进行作业， 较传统的暴破掘 进效率有大幅提高，以尽快推动项目建成投产。 厦门创益盛屯新能源产业投资合伙企业 （有限合伙） （以下简称“厦门创益”）
直接持有惠绒矿业13.93%股权， 公司控股股东深圳盛屯集团有限公司 （以下简称 “盛屯集团”）及其子公司（除公司及其子公司外）合计对厦门创益的出资份额 为10亿元， 占其出资总额的33.33%， 且盛屯集团全资子公司厦门盛屯天宇私募基 金管理有限公司为厦门创益的执行事务合伙人、 基金管理人，根据 《深圳证券交 易所股票上市规则》等相关规定，惠绒矿业为公司关联方。 惠绒矿业拥有优质的锂矿资源，旗下的木绒锂矿是亚洲迄今探明规模最大的 硬岩型单体锂矿，也是四川地区锂矿品位最高的矿山之一。惠绒矿业信用状况良 好，具有较好的履约能力。截至本公告日，惠绒矿业不是失信被执行人。 三、协议的主要内容 甲方：中创新航科技集团股份有限公司 乙方：盛新锂能集团股份有限公司 丙方：雅江县惠绒矿业有限责任公司 1、合作内容 各方一致同意围绕甲方原材料供应产业链进行合作，在框架协议有效期内， 甲方提前锁定乙方的锂盐供应量， 乙方严格依照甲方的要求进行供货；基于甲方、 乙方的合作基础，丙方将为乙方提供锂精矿原料保障， 支持甲方、 乙方具体合作 协议的实现， 丙方同意在本合作框架协议以及具体协议的有效期内由乙方优先承 购其所有符合约定质量要求的锂精矿产品。 2、本协议为三方合作的框架性协议，本协议中所涉及具体业务各方可进行 协商并签订具体业务合作协议。 本协议与具体业务合作协议约定不一致的， 以具 体业务合作协议为准。 3、本协议有效期截至2026年12月31日止，各方具体协议有效期可以超过本 协议的有效期。 4、本协议自各方法定代表人或者授权代表签字及加盖公章之日起生效。 四、交易目的和对公司的影响 随着全球新能源汽车和储能行业的快速发展，锂产品市场需求持续增长， 为 公司提供了巨大的市场空间及发展机会。公司作为领先的锂盐生产企业，积极拓 展、 巩固下游优质客户， 并在全球范围内积极寻求优质的锂矿原料以保障生产所 需。公司与中创新航、惠绒矿业签署了《锂产品合作框架协议》，公司为保障下
游客户的交货安排， 根据框架协议拟向惠绒矿业采购锂矿石， 该业务合作有利于 公司锂盐业务的拓展， 有利于强化公司与 优质客户之间长期稳定的合作 伙伴关 系， 有利于提升公司未来经营的稳定性和可持续性， 增强市场竞争力， 符合公司 的经营发展战略。本协议的履行预计将会对公司未来的经营业绩产生积极影响， 不存在损害全体股东和中小股东利益的情形。公司主要业务亦不会因上述合作框 架协议对关联方形成依赖，不会影响公司的独立性。 五、风险提示 本协议属于各方合作意愿和基本原则的框架性约定，各方后续的合作以具体 签订的协议为准， 具体实施内容和进度尚存在不确定性。本次签署的合作框架协 议对公司本年度经营业绩不会构成重大影响， 对公司未来年度经营业绩的影响将 视公司与合作方后续签订的具体协议以及实施情况而确定。惠绒矿业为公司的关 联方，后续如签署具体合作协议，公司将严格按照相关法律法规和《公司章程》 等规定履行相应的审批程序和信息披露义务。 敬请广大请投资者谨慎决策，注意投资风险。 六、其他相关说明 1、最近三年公司已披露框架协议或意向性协议的情况 2022年3月29日， 公司披露了 《关于签署战略合作框架协议的公告》（公告编 号：2022-032），公司全资子公司四川盛屯锂业有限公司于2022年3月28日与国城 控股集团有限公司签署了《战略合作框架协议》，目前该协议正在履行中。 2、本次合作框架协议前三个月及未来三个月股东、董监高持股变动情况 本协议签署前三个月内，公司控股股东、持股 5%以上股东、董监高持股不 存在变动情况 （董事和高级管理人员持有的限制性股票 解除限售和 回购注销除 外）。未来三个月内，公司不存在控股股东、5%以上股东和董监高限售股份将解 除限售的情况。截至本公告日，公司未收到控股股东、其他持股 5%以上的股东 和董监高减持公司股份的计划。 若未来相关人员拟实施股份减持计划， 公司将按 相关规定及时履行信息披露义务。 七、备查文件 公司与中创新航、惠绒矿业签署的《锂产品合作框架协议》。 特此公告。
盛新锂能集团股份有限公司 董事会 二○二四年十月二十一日",2024-10-22,巨潮资讯网,https://static.cninfo.com.cn/finalpage/2024-10-22/1221452426.PDF,accepted
CNINFO-002466-1221508432,announcement,2024年前三季度业绩预告,"1 股票代码：002466 股票简称： 天齐锂业 公告编号：2024-045 天齐锂业股份有限公司 2024 年前三季度业绩预告 本公司及董事会全体成员保证信息披露的内容真实、准确、 完整，没有虚假记载、误导性陈述或重大遗漏。 一、本期业绩预计情况 1、业绩预告期间：2024年1月1日至2024年9月30日。 2、业绩预告情况：预计净利润为负值 （1）2024年前三季度（2024年1月1日至2024年9月30日）业绩预计情况 项目 本报告期 上年同期 归属于上市公司 股东的净利润 亏损：585,000万元–545,000万元 盈利：809,851.38 万元 扣除非经常性损 益后的净利润 亏损：587,000万元–547,000万元 盈利：798,234.16 万元 基本每股收益 亏损：3.57元/股–3.32元/股 盈利：4.93元/股 （2）2024年第三季度（2024年7月1日至2024年9月30日）业绩预计情况 项目 本报告期 上年同期 归属于上市公司 股东的净利润 亏损：64,000万元–32,000万元 盈利：164,605.13 万元 扣除非经常性损 益后的净利润 亏损：65,000万元–33,000万元 盈利：157,248.46 万元 基本每股收益 亏损：0.39元/股–0.20元/股 盈利：1.00元/股 二、与会计师事务所沟通情况 本次业绩预告未经注册会计师预审计。 三、业绩变动原因说明 天齐锂业股份有限公司 （以下简称“公司”）2024年前三季度业绩变动的主要原因 是： 1、受锂产品市场波动的影响，2023年第四季度至2024年第三季度期间，锂产品的 市场价格整体呈现大幅下滑趋势，公司锂产品销售价格及毛利较上年同期大幅下降。 受
2 公司控股子公司Talison Lithium Pty Ltd（以下简称“泰利森”）化学级锂精矿定价机制 与公司锂化工产品销售定价机制存在时间周期的错配影响， 本报告期公司经营业绩出现 阶段性亏损。2024年前三季度， 化学级锂精矿的市场价格降低，公司向泰利森新采购的 锂精矿价格也随之降低。 随新购低价锂精矿逐步入库及库存锂精矿的逐步消化， 公司各 基地生产成本中耗用的化学级锂精矿成本正逐步贴近最新采购价格， 锂精矿定价机制的 阶段性错配也逐步减弱，公司2024年第二季度及第三季度亏损均实现环比减少。同时， 受新建工厂产能稳步提升的积极影响，2024年前三季度及2024年第三季度锂化合物及衍 生品的产销量均实现同比、环比增长。 2、 截至本业绩预告公告日， 公司重要的联营公司Sociedad Química y Minera de Chile S.A.（以下简称“SQM”）尚未公告其2024年第三季度业绩报告。 公司全面考虑所能获 取的可靠信息，沿用一贯方式，通过财务测算模型并采用彭博社预测的SQM 2024 年第 三季度每股收益等信息为基础来计算同期公司对 SQM的投资收益。此外，SQM于2024 年第一季度业绩报告中披露，智利圣地亚哥法院于2024年4月对其2017年和2018年税务 年度的税务诉讼进行了裁决，撤销了税务和海关法庭在2022年11月7日对于该案件的裁 决结论，导致其确认了约11亿美元的所得税费用，并相应减少净利润约11亿美元。 根据前述彭博社预测数据，结合SQM 2024年上半年已披露的业绩，SQM 2024年前 三季度业绩预计将同比大幅下降， 因此公司在本报告期确认的对该联营公司的投资收益 较上年同期大幅下降。 四、风险提示 1、本次业绩预告是公司财务部门初步测算结果，未经审计机构审计，与公司2024 年第三季度报告中披露的最终数据可能存在差异。具体财务数据将在公司 2024 年第三 季度报告中详细披露。敬请广大投资者注意投资风险。 2、鉴于公司重要的联营公司 SQM 是在智利圣地亚哥和美国纽约证券交易所上市 的公司，根据两地交易所信息披露规则，SQM 披露季度财务报告的时间晚于公司业绩 预告的时间，公司不能先于 SQM 公告季度财务信息前公告其业绩。根据《企业会计准 则第 32 号——中期财务报告》第九条规定，公司通过财务测算模型并结合彭博社预测 的第三季度每股收益等信息预估 SQM 第三季度经营损益，并按照公司持股比例预估对 SQM 的投资收益。该项投资收益与 SQM 实际公告的净利润按公司持股比例计算的应 计投资收益可能存在差异。 公司将根据差异的金额及对公司财务信息的影响程度， 严格
3 按照企业会计准则的规定及时进行会计处理并按信息披露规定及时进行信息披露。 具体 财务数据以公司披露的《2024 年第三季度报告》为准。 3、 公司所有公开披露的信息均以在指定的信息披露媒体 《证券时报》 《证券日报》 《中国证券报》 《上海证券报》 《经济参考报》 及巨潮资讯网 （http://www.cninfo.com.cn） 刊登的信息为准，敬请广大投资者理性投资，注意风险。 特此公告。 天齐锂业股份有限公司董事会 二〇二四年十月二十五日",2024-10-25,巨潮资讯网,https://static.cninfo.com.cn/finalpage/2024-10-25/1221508432.PDF,accepted
CNINFO-002466-1221575510,announcement,关于同意泰利森第三期化学级锂精矿扩产计划增加投资的公告,"1 股票代码：002466 股票简称： 天齐锂业 公告编号：2024-049 天齐锂业股份有限公司关于 同意泰利森第三期化学级锂精矿扩产计划增加投资的公告 本公司及董事会全体成员保证信息披露的内容真实、准确、完 整，没有虚假记载、误导性陈述或重大遗漏。 一、增加投资的情况概述 2018 年 7 月 24 日，天齐锂业股份有限公司（以下简称“公司”）召开第四届董事 会第十八次会议通过了 《关于同意泰利森第三期锂精矿扩产计划的议案》 ， 同意公司控 股子公司 Windfield Holdings Pty Ltd （以下简称“文菲尔德”）之全资子公司 Talison Lithium Pty Ltd （以下简称“泰利森”）正式启动化学级锂精矿产能继续扩产的建设工 作， 建造一个独立的、 专用的大型化学级锂精矿生产设施和新的矿石破碎设施， 同时为 后续扩产做好配套基础设施建设工作 （以下简称 “泰利森第三期化学级锂精矿扩产项目” 或“项目”）。项目选址位于西澳大利亚州格林布什，项目总投资概算约 5.16 亿澳元 （按照 2018 年 7 月 24 日中国外汇交易中心受权公布的人民币汇率中间价折合人民币 约 25.88 亿元），资金来源为泰利森自筹；该项目原计划于 2020 年第四季度竣工并开 始试生产；2020 年 12 月 22 日文菲尔德董事会决定将泰利森第三期锂精矿扩产计划试 运行时间推迟到 2025 年。 2022 年 3 月，文菲尔德董事会根据该项目最新的前端工程设计研究报告，决定调 整项目整体预算至 6.268 亿澳元，计划试运行时间延迟至 2025 年。本次调整预算总额 的原因包括劳工成本增加、 设备改良和营地建设成本增加、 货物供应成本增加等。2022 年 9 月， 基于泰利森第二期化学级锂精矿扩产计划优化项目实施情况， 文菲尔德经营层 拟提升原项目计划采购的部分设备性能。 经文菲尔德董事会同意， 决定调整项目整体预 算至 6.32 亿澳元，原计划的试运行时间维持不变。该项目建成后，预计泰利森化学级 锂精矿产能将提升至 200 万吨/年。具体内容详见公司 2023 年 3 月 31 日披露于巨潮资 讯网（http://www.cninfo.com.cn）的《2022 年年度报告》。 2024 年 7-10 月，经回顾项目预算及项目进展情况，文菲尔德董事会拟将泰利森第 三期化学级锂精矿扩产项目整体预算调整至 8.813 亿澳元（以下简称“本次交易”，按
2 照 2024 年 10 月 30 日中国外汇交易中心受权公布的人民币汇率中间价折合人民币约 41.27 亿元）。 经测算，本次交易连续十二个月累计投入金额达到董事会审议标准，公司于 2024 年 10 月 30 日召开第六届董事会第十七次会议， 审议通过了 《关于同意泰利森第三期化 学级锂精矿扩产计划增加投资的议案》 ， 同意文菲尔德增加对泰利森第三期化学级锂精 矿扩产项目的投资。根据《深圳证券交易所股票上市规则》 《公司章程》等法律法规的 相关规定， 本次交易不构成关联交易， 亦不构成 《上市公司重大资产重组管理办法》 规 定的重大资产重组。 二、增加投资的具体情况 1、项目实施主体 公司名称 Talison Lithium Australia Pty Ltd（泰利森锂业澳大利亚私人有限公司） 公司类型 私人有限公司 董事 Robert Telford、Luke Smith、Ian McGuire 经营范围 矿产勘探、开发和开采 Talison Lithium Australia Pty Ltd（泰利森锂业澳大利亚私人有限公司）系泰利森之 全资子公司。 2、项目名称：泰利森第三期化学级锂精矿扩产项目。 3、项目选址：西澳大利亚州格林布什。 4、项目内容：建造一个独立的、专用的大型化学级锂精矿生产设施和新的矿石破 碎设施，以及为实施后续扩产配套的基础设施建设工作。 5、项目投资金额调整为：8.813 亿澳元。 6、项目资金来源：由泰利森自筹资金进行建设。 7、项目竣工时间：预计该项目将于 2025 年第四季度生产出第一批锂精矿产品。 8、预计项目费用构成 单位：百万澳元 费用组成 增加后投资金额 化学级锂精矿生产设施和破碎设施（包括与建设直接相关 的业主成本、生产出首吨锂精矿的调试费用） 659.3 EPCM 承包商利润 6.3
3 其他业主成本、前端工程设计研究报告前设计咨询费、预 留费用上涨、应急预备金、风险预备金 215.7 总计 881.3 9、投资进展 截至 2024 年 9 月底，泰利森第三期化学级锂精矿扩产项目累计投入约 6.11 亿澳 元。截至本公告披露日，泰利森第三期化学级锂精矿扩产项目干法区已接近完成， 湿法 区结构钢安装正在进行中，后续将进行机械、管道等安装工程。 三、增加投资的目的、对公司的影响和存在的风险 （一）增加投资的目的及对公司的影响 目前， 公司国内外各锂化工产品生产基地所需化学级锂精矿均来源于公司控股子公 司文菲尔德之全资子公司泰利森所拥有的格林布什锂辉石矿。 文菲尔德增加对泰利森第 三期化学级锂精矿扩产项目的投资， 将为公司国内外各锂化工产品生产基地提供持续且 充足的原料保障，有助于实现产能与资源的高效匹配，增强产业链上下游的协同效应， 有望进一步提高公司的盈利能力。 （二）存在的风险 1、市场风险 有色金属行业属于周期性行业，受多种因素变化的影响，锂产品价格呈现波动性， 当前以及预期的供求变动都可能影响锂产品的当前及预期价格。 锂价格的下降可能对公 司的业务、 财务状况及经营业绩均产生重大不利影响。 在目前市场环境下， 锂精矿产品 定价以需求侧产品定价为基准。 具体而言， 当锂化工产品价格进入下行趋势时， 锂精矿 产品价格也受到影响随之下降； 当锂化工产品价格进入上行通道时， 锂精矿产品价格也 会随之上升。因此，锂精矿价格变化较锂化工产品具有一定的滞后性。 自 2024 年 1 月起，文菲尔德调整了公司主要锂精矿来源的定价频率，使得锂精矿 价格更加贴合锂化工产品价格走势和市场实际， 从而降低因定价机制滞后对公司造成的 影响。 调整后的产品定价频率更贴近市场现货价格， 从而提高了公司对市场波动的适应 能力，增强了市场竞争力，并进一步优化了公司的经营策略。 2、项目实施风险
4 在项目后续建设、 试车和达产的过程中， 尚存在资金是否能及时到位、 长交期设施 是否延缓交付、 是否存在恶劣天气等不确定性， 可能导致项目建设进度、 投资总额和产 能规模等达不到预期的目标。 公司将督促泰利森审慎进行项目管理，以降低实施风险。 3、汇率风险 因本项目位于澳大利亚， 项目资本性支出与运营成本主要以澳元计价， 澳元汇率波 动将对本项目的建造成本等产生显著影响。 为此， 公司将考虑适时采取远期结售汇、 外汇互换、 外汇期权等金融衍生工具进行 套期保值业务操作，降低因汇率变化给公司带来的不利影响。 四、备查文件 1、《第六届董事会第十七次会议决议》。 特此公告。 天齐锂业股份有限公司董事会 二〇二四年十月三十一日",2024-10-31,巨潮资讯网,https://static.cninfo.com.cn/finalpage/2024-10-31/1221575510.PDF,accepted
CNINFO-002594-1221604106,announcement,2024年10月产销快报,"证券代码：002594 证券简称：比亚迪 公告编号：2024-080 比亚迪股份有限公司 2024年10月产销快报 本公司及董事会全体成员保证信息披露的内容真实、准确、完整，没有虚假记载、误导性陈述或重大遗漏。 比亚迪股份有限公司(以下简称“本公司”)2024年10月产销快报数据如下： 单位：辆 产量 销量 项目类别 本月 去年同期 本年累计 去年累计 累计同比 本月 去年同期 本年累计 去年累计 累计同比 新能源汽车 536,134 307,014 3,297,044 2,419,749 36.26% 502,657 301,833 3,250,532 2,381,471 36.49% -乘用车 534,003 306,276 3,283,439 2,409,570 36.27% 500,526 301,095 3,236,927 2,371,350 36.50% -纯电动 206,499 169,855 1,379,347 1,240,452 11.20% 189,614 165,505 1,359,193 1,213,918 11.97% -插电式混合动力 327,504 136,421 1,904,092 1,169,118 62.87% 310,912 135,590 1,877,734 1,157,432 62.23% -商用车 2,131 738 13,605 10,179 33.66% 2,131 738 13,605 10,121 34.42% -客车 438 701 3,756 3,509 7.04% 438 701 3,756 3,509 7.04% -其他 1,693 37 9,849 6,670 47.66% 1,693 37 9,849 6,612 48.96% 合计 536,134 307,014 3,297,044 2,419,749 36.26% 502,657 301,833 3,250,532 2,381,471 36.49% 注：本公司2024 年10 月海外销售新能源乘用车合计31,192 辆，其中出口28,012 辆； 本公司2024 年10 月新能源汽车动力电池及储能电池装机总量约为21.018 GWh，2024 年累计装机总量约为148.738 GWh。 务请注意，上述产、销量数字未经审核，亦未经本公司审计师确认，或会予以调整并有待最终确认。本公司刊发财务业绩后，股东及 潜在投资者务必详阅。
特此公告。 比亚迪股份有限公司董事会 2024 年11 月1 日",2024-11-02,巨潮资讯网,https://static.cninfo.com.cn/finalpage/2024-11-02/1221604106.PDF,accepted
GFEX-WR-20241104,announcement,广期所碳酸锂仓单日报：仓单增加1361手,广州期货交易所2024-11-04仓单日报显示，碳酸锂仓单总量为46522手，增加1361手。,2024-11-04,广州期货交易所,https://www.gfex.com.cn/gfex/cdrb/hqsj_tjsj.shtml,accepted
GFEX-WR-20241105,announcement,广期所碳酸锂仓单日报：仓单增加1339手,广州期货交易所2024-11-05仓单日报显示，碳酸锂仓单总量为47861手，增加1339手。,2024-11-05,广州期货交易所,https://www.gfex.com.cn/gfex/cdrb/hqsj_tjsj.shtml,accepted
GFEX-WR-20241111,announcement,广期所碳酸锂仓单日报：仓单增加1147手,广州期货交易所2024-11-11仓单日报显示，碳酸锂仓单总量为49106手，增加1147手。,2024-11-11,广州期货交易所,https://www.gfex.com.cn/gfex/cdrb/hqsj_tjsj.shtml,accepted
GFEX-WR-20241113,announcement,广期所碳酸锂仓单日报：仓单增加1270手,广州期货交易所2024-11-13仓单日报显示，碳酸锂仓单总量为50196手，增加1270手。,2024-11-13,广州期货交易所,https://www.gfex.com.cn/gfex/cdrb/hqsj_tjsj.shtml,accepted
GFEX-WR-20241118,announcement,广期所碳酸锂仓单日报：仓单增加3396手,广州期货交易所2024-11-18仓单日报显示，碳酸锂仓单总量为53115手，增加3396手。,2024-11-18,广州期货交易所,https://www.gfex.com.cn/gfex/cdrb/hqsj_tjsj.shtml,accepted
CNINFO-300390-1221777100,announcement,关于申请广州期货交易所碳酸锂指定交割厂库的公告,证券代码：300390 证券简称：天华新能 公告编号：2024-070 苏州天华新能源科技股份有限公司 关于申请广州期货交易所碳酸锂指定交割厂库的公告 苏州天华新能源科技股份有限公司（以下简称“公司”）于 2024 年 11 月 19 日召开第六届董事会第十九次会议，审议通过了《关于申请广州期货交易所 碳酸锂指定交割厂库的议案》 ，同意公司控股子公司向广州期货交易所申请碳酸 锂指定交割厂库的资质，授权公司管理层提交申请材料，并办理其他相关事宜。 本次申请广州期货交易所碳酸锂指定交割厂库，可充分利用公司现有资源， 提升公司的规范管理水平，同时有利于公司将现货市场、 期货市场、 交割厂库三 者有机结合， 进一步增强公司的抗风险能力和市场竞争力， 提高公司的盈利水平。 本次申请碳酸锂交割厂库事宜尚存在不确定性， 最终以广州期货交易所审核 通过为准。公司将持续关注本次申请事宜，并及时履行信息披露义务。 特此公告。 苏州天华新能源科技股份有限公司董事会 2024 年 11 月 19 日 本公司及董事会全体成员保证信息披露的内容真实、准确、完整，没有虚假 记载、误导性陈述或重大遗漏。,2024-11-19,巨潮资讯网,https://static.cninfo.com.cn/finalpage/2024-11-19/1221777100.PDF,accepted
CNINFO-300390-1221777102,announcement,关于拟参与四川省甘孜州麦基坦锂矿勘查探矿权投标的公告,"证券代码：300390 证券简称：天华新能 公告编号：2024-069 苏州天华新能源科技股份有限公司 关于拟参与四川省甘孜州麦基坦锂矿勘查探矿权投标的公告 特别提示： 本次事项存在以下风险：（ 1）参与投标不成功及相关审批风险 ；（2）麦基 坦锂矿勘查探矿权的特别风险提示。具体内容详见本公告内容之“五、风险提示”。 敬请广大投资者注意投资风险，谨慎作出投资决策。 2024 年 11 月 19 日，苏州天华新能源科技股份有限公司（以下简称“公司”） 召开第六届董事会第十九次会议 ，审议通过了《关于 公司拟参与四川省甘孜州麦 基坦锂矿勘查探矿权投标 的议案》，同意公司参与 四川省甘孜州麦基坦锂矿勘查 探矿权投标。具体情况如下： 一、交易概述 1、四川省甘孜州麦基坦锂矿勘查探矿权投标相关事项概述 为促进矿产资源勘查开采，按照相关法律法规的规定，自然资源部组织四川 省自然资源厅实施四川省甘孜州麦基坦锂矿勘查探矿权（以下简称“麦基坦锂矿勘 查探矿权”）招标出让。麦基坦锂矿勘查探矿权将在四川省政府政务服务和公共资 源交易服务中心进行公开招标，于 2024 年 11 月 20 日 8 时 30 分至 2024 年 11 月 20 日 10 时 00 分递交投标文件， 开标时间为2024 年 11 月 20 日 10 时 00 分。投标 文件递交地点为成都市青羊区鼓楼南街 101 号丰德成达中心 7 楼第一开标室。公 司拟参与本次麦基坦锂矿勘查探矿权的投标。 2、2024 年 11 月 19 日， 公司召开第六届董事会第十九次会议， 审议通过了 《关 于公司拟参与四川省甘孜州麦基坦锂矿勘查探矿权投标 的议案》，同意 公司参与 四川省甘孜州麦基坦锂矿勘查探矿权投标 ，并授权公司管理层参与 本次投标，按 照相关程序及法律法规 办理投标相关手续、 签署相关协议、文件及办理其他相关 本公司及董事会全体成员保证信息披露的内容真实、准确、完整，没有虚假 记载、误导性陈述或重大遗漏。
具体事宜。同时，董事会授权公司管理层在董事会权限内根据实际情况进行相关 事项的具体操作。 3、本次公司拟参与四川省甘孜州麦基坦锂矿勘查探矿权投标不涉及关联交易； 麦基坦锂矿勘查探矿权 的投标及开标尚未开始，本次交易尚处于筹划阶段，投标 结果和金额存在不确定性；届时公司将根据最终交易结果履行信息披露义务。 二、 四川省甘孜州麦基坦锂矿勘查探矿权出让的具体情况 麦基坦锂矿勘查探矿权将在四川省政府政务服务和公共资源交易服务 中心进 行公开招标出让，于 2024 年 11 月 20 日 8 时 30 分至 2024 年 11 月 20 日 10 时 00 分递交投标文件，开标时间为 2024 年 11 月 20 日 10 时 00 分。出让人：中华人民 共和国自然资源部。交易平台：四川省政府政务服务和公共资源交易服务中心。 地址：成都市青羊区鼓楼南街 101 号丰德成达中心 7 楼。网址：全国公共资源交 易平台（四川省）（即：四川省公共资源交易 信息网，http://ggzyjy.sc.gov.cn/）， 招标出让具体情况如下： 1、招标标的 本次招标标的为四川省甘孜州麦基坦锂矿勘查探矿权。 2、评标要求 技术投标方案和开发利用总体思路采取隐藏投标人信息的暗标评审。 3、确定竞得人标准和方法 采用评定分离方法，由评标委员会根据规定的评标方法和标准对投标文件进 行符合性审查和详细评审，形成评标报告，并推荐 1—3 名中标候选人。自然资源 部委托四川省自然资源厅根据评标委员会提出的书面评标报告，采取集体决策方 式综合择优确定中标人。 4、签订《探矿权出让成交确认书》 自收到评标报告之日起 3 日内公示中标候选人，公示期不少于 3 日。投标人 或者其他利害关系人对评标结果有异议的，应当在中标候选人公示期间提出。 四 川省自然资源厅在中标候选人公示结束后 5 个工作日内，采取集体决策方式综合 择优确定中标人，并在确定中标人当天以书面形式告知省政务服务和资源交易服
务中心。发中标通知书：省政务服务和资源交易服务中心在四川省自然资源厅确 定中标人的当天发出中标通知书，并同时将中标结果通知所有未中标的投标人。 5、成交结果公示 省政务服务和资源交易服务中心在发出中标通知书之日起 5 个工作日内通过 自然资源部网站、四川省自然资源厅网站、全国公共资源交易平台（四川省）网 站公示 10 个工作日。 6、出让合同签订 成交结果公示期间无异议的，中标人在公示结束后 10 个工作日内，到四川省 自然资源厅接受合同签订指导并与自然资源部签订《探矿权出让合同》。 7、探矿权出让收益缴纳 《探矿权出让合同》签订后，中标人按照《财政部 自然资源部 税务总局关 于印发〈矿业权出让收益征收办法〉的通知》（财综〔2023〕10 号）等相关文件 要求，一次性缴纳本次招标确定的成交价；开采时，每年按照锂矿产品上年度销 售收入的 1.4 %缴纳采矿权出让收益（采矿权出让收益=年度矿产品销售收入×矿 业权出让收益率（1.4 %））。 8、探矿权登记办理 中标人按照《探矿权出让合同》约定缴纳矿业权出让收益后，到自然资源部 按有关规定和要求办理探矿权登记。 三、拟投标探矿权基本情况 根据《四川省甘孜州麦基坦锂矿勘查探矿权招标出让公告》（公告文号： （ZRZYBKYQCR〔2024〕17号）），拟投标的勘查探矿权情况如下： 1、出让区块名称 四川省甘孜州麦基坦锂矿勘查。 2、勘查矿种 锂矿。 3、首次出让期限 5年。
4、出让区块面积及拐点坐标 20.3843平方千米，拐点坐标见表1。 表 1 拟出让探矿权拐点坐标表 区块 名称 勘查 矿种 区块地 理位置 区块拐点坐标 （2000 坐标系，经纬度。小数点前为度，小数点后 前两位为分、后五位为秒） 四川省甘孜州 麦基坦锂矿勘 查 锂矿 四川省 甘孜州 101.1554110,30.1955788; 101.1601103,30.1955788; 101.1857285,30.1956742; 101.1857353,30.1946931; 101.1949105,30.1947199; 101.1949104,30.1848372; 101.1901785,30.1849153; 101.1834416,30.1828835; 101.1825370,30.1817993; 101.1742420,30.1757884; 101.1724102,30.1745420; 101.1644102,30.1745420; 101.1644102,30.1739191; 101.1601101,30.1736524; 101.1547414,30.1736524; 101.1547414,30.1803651; 101.1559709,30.1831062; 101.1559877,30.1903861; 101.1554110,30.1903828; 0，0。 四、本次交易的目的及对公司的影响 公司作为领先的电池级氢氧化锂生产企业， 一直积极布局上游优质锂资源， 保障优质锂矿资源的战略储备，如公司本次能投标成功，获得麦基坦锂矿勘查探 矿权，将有助于公司增加锂矿资源的储备，有效保障公司锂矿资源供应，增强公 司核心竞争力。 五、风险提示 1、参与投标不成功及相关审批风险 本次麦基坦锂矿勘查探矿权将通过公开方式招标，投标结果存在不确定性，公 司将综合考虑标的资源状况及公司资金情况，审慎决策参与 投标，控制风险。若 公司通过本次投标获得麦基坦锂矿勘查探矿权，还可能涉及取得符合监管部门要 求的审批、 核准或备案等手续， 探矿权证是否能够以及何时取得均存在不确定性。 2、麦基坦锂矿勘查探矿权的特别风险提示
矿产资源勘查具有高风险、 高投入的特点。出让探矿权范围位于高海拔生态脆 弱区，涉及Ⅱ级保护林地、Ⅳ级保护林地、国家级公益林、草原，在勘查过程中 应尽量避让林地、草地，采用对林地和森林破坏小的探矿方式，合理和集约节约 利用林地，尽可能减少对林木的采伐，减少对生态环境的影响，需严格遵守矿产 资源法律法规、相关矿业权管理政策。 敬请广大投资者注意投资风险，谨慎作出投资决策。 六、备查文件 1、公司第六届董事会第十九次会议决议； 2、四川省甘孜州麦基坦锂矿勘查探矿权招标出让公告。 特此公告。 苏州天华新能源科技股份有限公司董事会 2024 年 11 月 19 日",2024-11-19,巨潮资讯网,https://static.cninfo.com.cn/finalpage/2024-11-19/1221777102.PDF,accepted
CNINFO-300390-1221854244,announcement,关于孙公司拟参与江西省奉新县金子峰—宜丰县左家里矿区陶瓷土（含锂）矿采矿权拍卖的公告,"证券代码：300390 证券简称：天华新能 公告编号：2024-072 苏州天华新能源科技股份有限公司 关于孙公司拟参与江西省奉新县金子峰 —宜丰县左家里矿区 陶瓷土（含锂）矿采矿权拍卖的公告 特别提示： 本次事项存在以下风险：（ 1）参与拍卖不成功及相关审批风险 ；（2）金子 峰—左家里陶瓷土（含锂）矿采矿权的特别风险提示 。具体内容详见本公告内容 之“五、风险提示”。 敬请广大投资者注意投资风险，谨慎作出投资决策。 2024 年 11 月 26 日，苏州天华新能源科技股份有限公司（以下简称“公司”） 召开第六届董事会第二十次会议，审议通过了《关于 孙公司拟参与江西省奉新县 金子峰—宜丰县左家里矿区陶瓷土（含锂）矿采矿权拍卖 的议案》，同意孙公司 宜春盛源锂业有限责任公司（以下简称“宜春盛源”）参与江西省奉新县金子峰—宜 丰县左家里矿区陶瓷土（含锂）矿采矿权拍卖。具体情况如下： 一、交易概述 1、江西省奉新县金子峰—宜丰县左家里矿区陶瓷土（含锂）矿采矿权拍卖相 关事项概述 为促进矿产资源勘查开采，按照相关法律法规和规范性文件规定，宜春市自 然资源局组织江西省奉新县金子峰 —宜丰县左家里矿区陶瓷土（含锂）矿采矿权 （以下简称“金子峰—左家里陶瓷土（含锂）矿采矿权”）网上拍卖出让 。金子 峰—左家里陶瓷土（含锂）矿采矿权 将在江西省公共资源交易平台自然资源网上 交易系统进行公开拍卖，拍卖交易时间为 2024 年 11 月 27 日 09 时 30 分起。宜春 盛源拟参与本次金子峰—左家里陶瓷土（含锂）矿采矿权的拍卖。 本公司及董事会全体成员保证信息披露的内容真实、准确、完整，没有虚假 记载、误导性陈述或重大遗漏。
2、2024 年 11 月 26 日， 公司召开第六届董事会第二十次会议， 审议通过了 《关 于孙公司拟参与江西省奉新县金子峰 —宜丰县左家里矿区陶瓷土（含锂）矿采矿 权拍卖的议案》，同意孙公司宜春盛源参与金子峰—左家里陶瓷土（含锂）矿采 矿权拍卖，并授权公司管理层参与 本次拍卖，按相关程序及法律法规 办理拍卖相 关手续、签署相关协议、文件及办理其他相关具体事宜。 同时，董事会授权公司 管理层在董事会权限内根据实际情况进行相关事项的具体操作。 3、本次孙公司拟参与金子峰—左家里陶瓷土（含锂）矿采矿权拍卖不涉及关 联交易；金子峰—左家里陶瓷土（含锂）矿采矿权 的公开拍卖尚未开始，本次交 易尚处于筹划阶段，拍卖结果和金额存在不确定性；届时公司将根据最终交易结 果履行信息披露义务。 二、 金子峰 —左家里陶瓷土（含锂）矿采矿权拍卖 的具体情况 金子峰—左家里陶瓷土（含锂）矿采矿权 将在江西省公共资源交易平台自然 资源网上交易系统进行公开拍卖，于 2024 年 11 月 27 日 09 时 30 分起进行拍卖。 出让人：宜春市自然资源局 。交易机构：宜春市公共资源交易中心。交易平台： 江西省公共资源交易平台自然资源网上交易系统 （网址：https://zrzy .jxggzyjy .cn）。 拍卖具体情况如下： 1、拍卖标的 本次拍卖标的为江西省奉新县金子峰—宜丰县左家里矿区陶瓷土（含锂）矿 采矿权。 2、确定竞得入选人的标准和方法 本次采矿权出让为无底价拍卖，采用增价报价方式，每次增价幅度为人民币 50 万元或人民币 50 万元的整数倍。 按照价高者得原则确定竞得入选人， 不低于起 始价的最高报价者为竞得入选人。无人报价或者竞买人报价低于起始价的，不成 交。 3、签订《采矿权出让成交确认书》 网上拍卖成交后，网上交易系统确定竞得入选人。符合资格审查要求的竞得 入选人按照系统提示与交易平台签订《采矿权出让成交确认书》。
4、成交结果公示 成交结果将于《采矿权出让成交确认书》签订之日起 5 个工作日内通过自然 资源部门户网站、宜春市自然资源局（或同级人民政府）门户网站、江西省公共 资源交易平台自然资源网上交易系统公示 10 个工作日。 5、出让合同签订 成交结果公示期间无异议的，竞得人应在公示结束后 10 个工作日内与宜春市 自然资源局签订《采矿权出让合同》。 6、采矿权出让收益缴纳 本次出让收益征收方式为按矿业权出让收益率形式征收， 《采矿权出让合同》 签订后，采矿权竞得人按照《财政部 自然资源部 税务总局关于印发〈矿业权出 让收益征收管理暂行办法〉的通知》(财综(2023)10 号)等相关要求，一次性缴纳本 次拍卖竞争确定的出让收益（成交价部分）；开采时，每年按照矿产品上年度销 售收入的陶瓷土矿按原矿产品矿业权出让收益率 3.1%，逐年征收；伴生锂资源、 伴生铷资源按选矿产品矿业权出让收益率 1.4%，逐年征收。（如矿业权出让收益 率因相关政策调整，按新政策执行。）缴纳采矿权出让收益（采矿权出让收益=矿 产品年度销售收入×矿业权出让收益率（陶瓷土矿按原矿产品矿业权出让收益率 3.1%，逐年征收；伴生锂资源、伴生铷资源按选矿产品矿业权出让收益率 1.4%， 逐年征收。（如矿业权出让收益率因相关政策调整，按新政策执行。））。 7、采矿权登记办理 竞得人按照《采矿权出让合同》约定缴纳矿业权出让收益后，持《采矿权出 让合同》、采矿权出让收益缴款凭证及其他材料，按有关规定和要求办理采矿权 登记。 三、拟 拍卖采矿权基本情况 根据 《江西省采矿权网上拍卖出让公告 （赣自然资网交矿[2024]CA008号）》， 拟拍卖的采矿权情况如下： 1、编号 CC2024007。
2、项目名称 江西省奉新县金子峰—宜丰县左家里矿区 陶瓷土（含锂）矿。 3、开采主矿种 陶瓷土（含锂）矿。 4、地理位置 拟出让矿区位于奉新县上富镇和宜丰县花桥乡境内，行政区划属宜春市奉新 县上富镇和宜丰县花桥乡。 5、拐点范围坐标（2000 国家大地坐标系） 拟出让的江西省奉新县金子峰 —宜丰县左家里矿区陶瓷土（含锂）矿采矿权 出让范围分别由 9 个拐点圈定（2000 国家大地坐标系），各拐点坐标见表 1。 表 1 拟出让采矿权拐点坐标表 矿区范 围拐点 2000国家大地坐标系 X Y 经度 纬度 1 3167427.209 592575.280 114.5648 28.3709 2 3167758.204 592925.277 114.5701 28.3720 3 3166995.900 593744.910 114.5731 28.3655 4 3167005.110 593779.080 114.5732 28.3655 5 3166235.673 593785.522 114.5732 28.3630 6 3166233.861 593559.829 114.5724 28.3630 7 3166257.670 593560.040 114.5724 28.3631 8 3167047.690 592880.030 114.5659 28.3657 9 3167047.639 592919.007 114.5700 28.3657 6、开采标高 +748——+325 米。 7、开采面积 0.843 平方千米。 8、资源储量情况 露采境界内（工业指标论证的最低开采标高+320 米以上）陶瓷土（含锂）矿 矿石量 2.06257 亿吨，伴生 Li2O 量 63.8769 万吨，平均品位 0.31%，伴生 Rb2O 量 30.2888 万吨，平均品位 0.15%。全区（标高+220 米以上）共查明陶瓷土（含锂） 矿矿石量 7.2231 亿吨，伴生 Li2O 量 216.3331 万吨，平均品位 0.30%，伴生 Rb2O 量 105.2803 万吨，平均品位 0.15%。 9、资源开发利用情况
900 万吨/年。 10、拟出让年限 22.9 年（不含基建期 1 年）。 11、开发管理要求 竞得人在开发利用中应按规定开展绿色矿山建设；按要求进行勘查开采信息 填报公示。按要求编制矿山地质环境保护与土地复垦方案，设立矿山生态修复基 金账户，规范计提、使用基金，落实年度修复计划，履行矿山地质环境恢复治理 与土地复垦义务。 12、起始价 28 万元。 四、本次交易的目的及对公司的影响 公司作为领先的电池级氢氧化锂 与电池级碳酸锂 生产企业，一直积极布局上 游优质锂资源，保障优质锂矿资源的战略储备， 如宜春盛源本次能竞拍 成功，获 得金子峰—左家里陶瓷土 （含锂） 矿采矿权， 将有助于公司增加锂矿资源的储备， 有效保障公司锂矿资源供应，增强公司核心竞争力。 五、风险提示 1、参与拍卖不成功及相关审批风险 本次金子峰—左家里陶瓷土 （含锂） 矿采矿权将通过公开方式拍卖，拍卖结果 存在不确定性，宜春盛源将综合考虑标的资源状况及公司资金情况，审慎决策参 与拍卖， 控制风险。若宜春盛源通过本次拍卖获得金子峰—左家里陶瓷土 （含锂） 矿采矿权，还可能涉及取得符合监管部门要求的审批、核准或备案等手续，采矿 权证是否能够以及何时取得均存在不确定性。 2、金子峰—左家里陶瓷土（含锂）矿采矿权的特别风险提示 因法律法规、国家或地方的产业、环保、规划等相关政策原因，采矿权出让 可能终（中）止而带来的损失。 敬请广大投资者注意投资风险，谨慎作出投资决策。
六、 备查文件 1、公司第六届董事会第二十次会议决议； 2、江西省采矿权网上拍卖出让公告（赣自然资网交矿[2024]CA008 号）。 特此公告。 苏州天华新能源科技股份有限公司董事会 2024 年 11 月 26 日",2024-11-26,巨潮资讯网,https://static.cninfo.com.cn/finalpage/2024-11-26/1221854244.PDF,accepted
GFEX-WR-20241127,announcement,广期所碳酸锂仓单日报：仓单减少2171手,广州期货交易所2024-11-27仓单日报显示，碳酸锂仓单总量为50385手，减少2171手。,2024-11-27,广州期货交易所,https://www.gfex.com.cn/gfex/cdrb/hqsj_tjsj.shtml,accepted
CNINFO-000408-1221866723,announcement,关于公司申请广州期货交易所碳酸锂指定交割厂库的进展公告,1 证券代码：000408 证券简称：藏格矿业 公告编号：2024-076 藏格矿业股份有限公司 关于公司申请广州期货交易所碳酸锂指定交割厂库的进展公告 藏格矿业股份有限公司（以下简称 “公司” ） 于2023年7月17日召开第九届董 事会第七次 （临时） 会议， 审议通过了 《关于公司申请广州期货交易所碳酸锂指 定交割厂库的议案》 ， 同意公司向广州期货交易所 （以下简称 “广期所” ） 申请碳 酸锂指定交割厂库的资质。 2024年11月27日，广期所发布了《关于调整碳酸锂期货指定交割库的公告》 （广期所发 〔2024〕316号）， 决定新增公司全资子公司格尔木藏格锂业有限公司 为碳酸锂期货交割厂库。 公司全资子公司被指定为广期所碳酸锂期货交割厂库 有利于进一步扩大公 司在业内的知名度和影响力，对公司后续拓展业务渠道、 增加经济效益等产生积 极作用。 特此公告。 藏格矿业股份有限公司董事会 2024年11月28日 本公司及董事会全体成员保证信息披露的内容真实、准确、完整，没有虚 假记载、误导性陈述或重大遗漏。,2024-11-28,巨潮资讯网,https://static.cninfo.com.cn/finalpage/2024-11-28/1221866723.PDF,accepted
CNINFO-002176-1221866003,announcement,关于开展2025年度套期保值业务及可行性分析的公告,"1 证券代码：002176 证券简称：江特电机 公告编号：2024-055 江西特种电机股份有限公司 关于开展 2025 年度套期保值业务及可行性分析的公告 本公司及董事会全体成员保证信息披露的内容真实、准确、完整，没有虚假记 载、误导性陈述或重大遗漏。 江西特种电机股份有限公司（以下简称“公司”）于2024 年 11 月 27 日召 开第十届董事会第十九次会议，审议通过了《关于开展 2025 年度套期保值业务 及可行性分析的议案》 ， 同意公司及子公司开展套期保值业务。 现将相关事项公 告如下： 一、开展套期保值的目的和必要性 碳酸锂、纯碱、铜（漆包线）分别是公司的主要产品和主要原材料。为规避 产品价格波动给公司带来的经营风险， 和减少因原材料价格波动造成的成本波动 对生产经营影响，公司及子公司拟根据生产经营计划，择机开展套期保值业务， 保障主营业务稳步发展。 本次开展的套期保值业务，交易品种为碳酸锂、纯碱和铜，交易工具包括 但不限于期货、期权及相关场外衍生品合约。 二、开展套期保值的基本情况 （一）交易金额 公司及子公司本次开展套期保值业务的保证金和权利金金额上限合计不超 过人民币3 亿元， 上述额度在投资期限内可循环滚动使用。 任一交易日持有的最 高合约价值不超过 23 亿元， 其中当任一交易日持有的最高合约价值达到16 亿元 时公司将不再新开期货合约。 董事会提请股东大会授权可追加不超过7 亿元保证 金和权利金用于期货市场极端行情,如启用追加额度内的保证金和权利金公司将 不再新开期货合约。 根据 《深圳证券交易所上市公司自律监管指引第7 号——交易与关联交易》
2 的规定，本次套期保值事宜需提交公司股东大会审议通过后生效。 （二）资金来源 公司开展套期保值业务资金来源为公司自有或自筹资金。 （三）交易方式和品种 在合规并满足公司套期保值业务条件的场内外市场交易，包括场内标准化 合约或场外非标准化产品工具， 交易品种仅限于与上述公司生产经营相关的碳酸 锂、纯碱、铜。 （四）交易期限 自股东大会审议通过 起十二个月内有效。如单笔交易的存续期超过了授权 期限，则授权期限自动顺延至该笔交易终止时止。 三、开展套期保值的风险分析 公司开展套期保值业务不以逐利为目的，且将严格控制资金规模，但进行 套期保值交易仍存在一定的风险，具体如下： （一）市场风险 如市场发生系统性风险 ，原料及产品价格行情变动较大时，可能产生价格 波动风险，造成交易损失。 （二）政策风险 如市场相关法规政策发生重大变化，可能导致市场发生剧烈波动或无法交 易的风险。 （三）流动性风险 如果合约活跃度较低，导致套期保值持仓无法成交或无法在合适价位成交， 令实际交易结果与方案设计出现较大偏差，造成交易损失。 （四）操作风险 套期保值交易专业性较强，复杂程度较高，可能会产生由于内控体系不完 善或操作失误所造成的风险。 （五）技术风险 由于无法控制和不可预测的系统故障、网络故障、通讯故障等造成交易系
3 统非正常运行， 使交易指令出现延迟、 中断或数据错误等问题， 从而带来相应风 险。 四、风险控制措施 （一）严格执行有关法律法规，建立有效的监督检查、风险控制和交易止 损机制，并严格在有权机构批准的权限内办理公司套期保值业务。 （二）在制订交易方案的同时做好资金测算，以确保可用资金充裕；严格 控制套期保值的资金规模， 合理规划和使用资金， 在市场剧烈波动时做到合理止 损，有效规避风险。 （三）合理设置公司套期保值业务组织机构，建立岗位责任制，明确各相 关部门和岗位的职责权限。 同时提升相关人员的专业知识， 定期组织业务关联岗 位培训， 强化业务流程学习， 增加风险管理及防范意识， 提高从业人员专业素养。 （四）根据业务需要，在公司财务部门安排指定人员进行账目处理、资金 调拨， 并跟踪账目结算， 并向上级主管领导汇报资金使用情况， 完善内部资金监 管机制。 （五） 遵循锁定项目利润、 套期保值原则， 不做投机性、 套利性交易操作。 密切跟踪市场行情变化， 关注价格走势， 合理计划和安排使用保证金， 尽可能降 低交易风险。 五、会计政策及核算原则 公司将根据《企业会计准则第22 号--金融工具确认和计量》《企业会计准 则第24 号--套期会计》 《企业会计准则第37 号--金融工具列报》 《企业会计准 则第 39 号—公允价值计量》等相关规定及其指南，对拟开展的套期保值业务进 行相应的核算处理，反映资产负债表及损益表相关项目。 六、公司开展套期保值业务的可行性分析 公司本次使用自有资金开展套期保值业务，是在保证公司正常生产经营的 前提下进行的， 目的是为了规避相关原材料价格波动风险和降低产品市场价格波 动风险， 提高公司整体抵御风险能力。 拟交易品种均与公司生产经营相关， 不存 在损害公司和全体股东利益的情况。
4 公司已建立了完备的业务管理制度及内部控制制度，具有与开展套期保值 业务交易保证金相匹配的资金， 公司将严格按照相关制度的要求， 落实风险防范 措施，审慎操作。 综上所述，公司开展套期保值业务是切实可行的，有利于公司生产经营发 展。 特此公告。 江西特种电机股份有限公司 董 事 会 二〇二四年十一月二十八日",2024-11-28,巨潮资讯网,https://static.cninfo.com.cn/finalpage/2024-11-28/1221866003.PDF,accepted
CNINFO-002497-1221866074,announcement,关于申请广州期货交易所碳酸锂指定交割厂库的进展公告,证券代码：002497 证券简称：雅化集团 公告编号：2024-84 四川雅化实业集团股份有限公司 关于申请广州期货交易所碳酸锂指定交割厂库 的进展公告 本公司及董事会全体成员保证信息披露 的内容真实、准确、 完整，没有虚 假记载、误导性陈述或重大遗漏。 四川雅化实业集团股份有限公司（以下简称“公司” ）于2024年1月11日召 开第五届董事会第三十三次会议， 审议通过了 《关于申请广州期货交易所碳酸锂 指定交割厂库的议案》 ，同意公司向广州期货交易所（以下简称 “广期所” ）申请 碳酸锂指定交割厂库的资质， 授权公司经营管理层向广期所提交申请材料， 并具 体办理相关事宜。 2024年11月27日，广期所发布了《关于调整碳酸锂期货指定交割库的公告》 （广期所发 〔2024〕316号） ， 决定新增公司为碳酸锂期货交割厂库， 自广期所公 告之日起生效。 公司本次申请广州期货交易所碳酸锂指定交割厂库 有利于公司将现货市场、 期货市场、 交割厂库三者有机结合， 进一步增强公司的抗风险能力和市场竞争力， 将对公司未来拓展业务渠道和提高盈利水平产生积极作用。 特此公告。 四川雅化实业集团股份有限公司董事会 2024 年 11 月 28 日,2024-11-28,巨潮资讯网,https://static.cninfo.com.cn/finalpage/2024-11-28/1221866074.PDF,accepted
GFEX-WR-20241129,announcement,广期所碳酸锂仓单日报：仓单减少28123手,广州期货交易所2024-11-29仓单日报显示，碳酸锂仓单总量为21706手，减少28123手。,2024-11-29,广州期货交易所,https://www.gfex.com.cn/gfex/cdrb/hqsj_tjsj.shtml,accepted
CNINFO-002594-1221902564,announcement,2024年11月产销快报,"证券代码：002594 证券简称：比亚迪 公告编号：2024-084 比亚迪股份有限公司 2024年11月产销快报 本公司及董事会全体成员保证信息披露的内容真实、准确、完整，没有虚假记载、误导性陈述或重大遗漏。 比亚迪股份有限公司(以下简称“本公司”)2024年11月产销快报数据如下： 单位：辆 产量 销量 项目类别 本月 去年同期 本年累计 去年累计 累计同 比 本月 去年同期 本年累计 去年累计 累计同比 新能源汽车 540,588 316,510 3,837,632 2,736,259 40.25% 506,804 301,903 3,757,336 2,683,374 40.02% -乘用车 536,926 315,985 3,820,365 2,725,555 40.17% 504,003 301,378 3,740,930 2,672,728 39.97% -纯电动 208,859 172,746 1,588,206 1,413,198 12.38% 198,065 170,150 1,557,258 1,384,068 12.51% -插电式混合动力 328,067 143,239 2,232,159 1,312,357 70.09% 305,938 131,228 2,183,672 1,288,660 69.45% -商用车 3,662 525 17,267 10,704 61.31% 2,801 525 16,406 10,646 54.10% -客车 449 391 4,205 3,900 7.82% 449 391 4,205 3,900 7.82% -其他 3,213 134 13,062 6,804 91.98% 2,352 134 12,201 6,746 80.86% 合计 540,588 316,510 3,837,632 2,736,259 40.25% 506,804 301,903 3,757,336 2,683,374 40.02% 注：本公司 2024 年 11 月海外销售新能源乘用车合计 30,977 辆，其中出口 28,141 辆； 本公司 2024 年 11 月新能源汽车动力电池及储能电池装机总量约为 22.472GWh，2024 年累计装机总量约为 171.210GWh。 务请注意，上述产、销量数字未经审核，亦未经本公司审计师确认，或会予以调整并有待最终确认。本公司刊发财务业绩后，股东及
潜在投资者务必详阅。 特此公告。 比亚迪股份有限公司董事会 2024年 12 月 1 日",2024-12-02,巨潮资讯网,https://static.cninfo.com.cn/finalpage/2024-12-02/1221902564.PDF,accepted
CNINFO-300390-1221902856,announcement,关于孙公司竞得江西省奉新县金子峰—宜丰县左家里矿区陶瓷土（含锂）矿采矿权的公告,"证券代码：300390 证券简称：天华新能 公告编号：2024-073 苏州天华新能源科技股份有限公司 关于孙公司竞得江西省奉新县金子峰—宜丰县左家里矿区 陶瓷土（含锂）矿采矿权的公告 特别提示： 本次事项存在以下风险： 1、苏州天华新能源科技股份有限公司（以下简称“公司”）孙公司宜春盛源 锂业有限责任公司（以下简称“宜春盛源”） 通过本次拍卖获得金子峰 —左家里 陶瓷土（含锂）矿采矿权，还可能涉及取得符合监管部门要求的审批、核准或备 案等手续，采矿权证是否能够以及何时取得均存在不确定性。 2、因法律法规、国家或地方的产业、环保、规划等相关政策原因，采矿权出 让可能终（中）止而带来的损失。 3、公司将持续关注后续进展，并及时履行相关信息披露义务，敬请广大投资 者注意投资风险，谨慎作出投资决策。 一、交易概述 1、江西省奉新县金子峰—宜丰县左家里矿区陶瓷土（含锂）矿采矿权拍卖相 关事项概述 为促进矿产资源勘查开采，按照相关法律法规和规范性文件规定，宜春市自 然资源局组织江西省奉新县金子峰 —宜丰县左家里矿区陶瓷土（含锂）矿采矿权 （以下简称“金子峰 —左家里陶瓷土（含锂）矿采矿权”）网上拍卖出让 。金子 峰—左家里陶瓷土（含锂）矿采矿权 将在江西省公共资源交易平台自然资源网上 本公司及董事会全体成员保证信息披露的内容真实、准确、完整，没有虚假 记载、误导性陈述或重大遗漏。
交易系统进行公开拍卖，拍卖交易时间为 2024 年 11 月 27 日 09 时 30 分起。宜春 盛源拟参与本次金子峰—左家里陶瓷土（含锂）矿采矿权的拍卖。 2、2024 年 11 月 26 日， 公司召开第六届董事会第二十次会议， 审议通过了 《关 于孙公司拟参与江西省奉新县金子峰 —宜丰县左家里矿区陶瓷土（含锂）矿采矿 权拍卖的议案》，同意孙公司宜春盛源参与金子峰—左家里陶瓷土（含锂）矿采 矿权拍卖，并授权公司管理层参与 本次拍卖，按相关程序及法律法规 办理拍卖相 关手续、签署相关协议、文件及办理其他相关具体事宜。 同时，董事会授权公司 管理层在董事会权限内根据实际情况进行相关事项的具体操作。 3、2024 年 11 月 28 日，孙公司宜春盛源以 251,028 万元成功作为竞得入选人 竞得江西省奉新县金子峰—宜丰县左家里矿区陶瓷土 （含锂） 矿采矿权， 并于2024 年 11 月 29 日签订了《采矿权出让成交确认书》。参与本次采矿权竞拍已经获得 董事会审议通过，根据 《公司章程》等相关规定，本次竞拍无需经公司股东大会 审议批准。本次竞拍事项不构成关联交易，亦不构成《上市公司重大资产重组管 理办法》规定的重大资产重组。 二、采矿权基本情况 根据 《江西省采矿权网上拍卖出让公告 （赣自然资网交矿[2024]CA008号）》， 本次宜春盛源拍得采矿权情况如下： 1、编号 CC2024007。 2、项目名称 江西省奉新县金子峰—宜丰县左家里矿区 陶瓷土（含锂）矿。 3、开采主矿种 陶瓷土（含锂）矿。 4、地理位置 拟出让矿区位于奉新县上富镇和宜丰县花桥乡境内，行政区划属宜春市奉新 县上富镇和宜丰县花桥乡。 5、拐点范围坐标（2000 国家大地坐标系）
拟出让的江西省奉新县金子峰 —宜丰县左家里矿区陶瓷土（含锂）矿采矿权 出让范围分别由 9 个拐点圈定（2000 国家大地坐标系），各拐点坐标见表 1。 表 1 拟出让采矿权拐点坐标表 矿区范 围拐点 2000 国家大地坐标系 X Y 经度 纬度 1 3167427.209 592575.280 114.5648 28.3709 2 3167758.204 592925.277 114.5701 28.3720 3 3166995.900 593744.910 114.5731 28.3655 4 3167005.110 593779.080 114.5732 28.3655 5 3166235.673 593785.522 114.5732 28.3630 6 3166233.861 593559.829 114.5724 28.3630 7 3166257.670 593560.040 114.5724 28.3631 8 3167047.690 592880.030 114.5659 28.3657 9 3167047.639 592919.007 114.5700 28.3657 6、开采标高 +748——+325 米。 7、开采面积 0.843 平方千米。 8、资源储量情况 露采境界内（工业指标论证的最低开采标高+320 米以上）陶瓷土（含锂）矿 矿石量 2.06257 亿吨，伴生 Li2O 量 63.8769 万吨，平均品位 0.31%，伴生 Rb2O 量 30.2888 万吨，平均品位 0.15%。全区（标高+220 米以上）共查明陶瓷土（含锂） 矿矿石量 7.2231 亿吨，伴生 Li2O 量 216.3331 万吨，平均品位 0.30%，伴生 Rb2O 量 105.2803 万吨，平均品位 0.15%。 9、资源开发利用情况 900 万吨/年。 10、拟出让年限 22.9 年（不含基建期 1 年）。 11、开发管理要求 竞得人在开发利用中应按规定开展绿色矿山建设；按要求进行勘查开采信息 填报公示。按要求编制矿山地质环境保护与土地复垦方案，设立矿山生态修复基 金账户，规范计提、使用基金，落实年度修复 计划，履行矿山地质环境恢复治理 与土地复垦义务。
12、起始价 28 万元。 三、本次交易的目的及对公司的影响 公司作为领先的电池级氢氧化锂 与电池级碳酸锂 生产企业，一直积极布局上 游优质锂资源，保障优质锂矿资源的战略储备， 宜春盛源本次拍得金子峰—左家 里陶瓷土（含锂）矿采矿权，将有助于公司增加锂矿资源的储备，有效保障公司 锂矿资源供应，增强公司核心竞争力。 四、本次竞拍的后续安排 1、成交结果公示 成交结果将于《采矿权出让成交确认书》签订之日起 5 个工作日内通过自然 资源部门户网站、宜春市自然资源局（或同级人民政府）门户网站、江西省公共 资源交易平台自然资源网上交易系统公示 10 个工作日。 2、出让合同签订 成交结果公示期间无异议的，竞得人应在公示结束后 10 个工作日内与宜春市 自然资源局签订《采矿权出让合同》。 3、采矿权出让收益缴纳 本次出让收益征收方式为按矿业权出让收益率形式征收， 《采矿权出让合同》 签订后，采矿权竞得人按照《财政部 自然资源部 税务总局关于印发〈矿业权出 让收益征收管理暂行办法〉的通知》(财综(2023)10 号)等相关要求，一次性缴纳本 次拍卖竞争确定的出让收益（成交价部分）；开采时，每年按照矿产品上年度销 售收入的陶瓷土矿按原矿产品矿业权出让收益率 3.1%，逐年征收；伴生锂资源、 伴生铷资源按选矿产品矿业权出让收益率 1.4%，逐年征收。（如矿业权出让收益 率因相关政策调整，按新政策执行。）缴纳采矿权出让收益（采矿权出让收益=矿 产品年度销售收入×矿业权出让收益率（陶瓷土矿按原矿产品矿业权出让收益率 3.1%，逐年征收；伴生锂资源、伴生铷资源按选矿产品矿业权出让收益率 1.4%， 逐年征收。（如矿业权出让收益率因相关政策调整，按新政策执行。））。 4、采矿权登记办理
竞得人按照《采矿权出让合同》约定缴纳矿业权出让收益后，持《采矿权出 让合同》、采矿权出让收益缴款凭证及其他材料，按有关规定和要求办理采矿权 登记。 五、风险提示 1、宜春盛源通过本次拍卖获得金子峰—左家里陶瓷土（含锂）矿采矿权，还 可能涉及取得符合监管部门要求的审批、核准或备案等手续，采矿权证是否能够 以及何时取得均存在不确定性。 2、因法律法规、国家或地方的产业、环保、规划等相关政策原因，采矿权出 让可能终（中）止而带来的损失。 3、公司将持续关注后续进展，并及时履行相关信息披露义务，敬请广大投资 者注意投资风险，谨慎作出投资决策。 六、备查文件 1、《矿业权竞得入选人确认书》； 2、《采矿权出让成交确认书》。 特此公告。 苏州天华新能源科技股份有限公司董事会 2024 年 12 月 2 日",2024-12-02,巨潮资讯网,https://static.cninfo.com.cn/finalpage/2024-12-02/1221902856.PDF,accepted
GFEX-WR-20241202,announcement,广期所碳酸锂仓单日报：仓单增加1260手,广州期货交易所2024-12-02仓单日报显示，碳酸锂仓单总量为22966手，增加1260手。,2024-12-02,广州期货交易所,https://www.gfex.com.cn/gfex/cdrb/hqsj_tjsj.shtml,accepted
GFEX-WR-20241204,announcement,广期所碳酸锂仓单日报：仓单增加4590手,广州期货交易所2024-12-04仓单日报显示，碳酸锂仓单总量为27686手，增加4590手。,2024-12-04,广州期货交易所,https://www.gfex.com.cn/gfex/cdrb/hqsj_tjsj.shtml,accepted
GFEX-WR-20241205,announcement,广期所碳酸锂仓单日报：仓单增加1760手,广州期货交易所2024-12-05仓单日报显示，碳酸锂仓单总量为29446手，增加1760手。,2024-12-05,广州期货交易所,https://www.gfex.com.cn/gfex/cdrb/hqsj_tjsj.shtml,accepted
CNINFO-002460-1221941167,announcement,关于与马里政府签署《股权转让协议》的公告,"证券代码：002460 证券简称：赣锋锂业 编号：临2024-111 江西赣锋锂业集团股份有限公司 关于与马里政府签署《股权转让协议》的公告 本公司及其董事会全体成员保证公告内容真实、 准确和完整， 没有虚 假记载、误导性陈述或重大遗漏。 一、本次事项概述 江西赣锋锂业集团股份有限公司（以下简称 “公司” ）于 2024 年 12 月 5 日召开的第五届董事会第八十六次会议审议通过了《关于与 马里政府签署<股权转让协议>的议案》 ， 同意全资子公司赣锋国际有 限公司（以下简称“赣锋国际”）、Lithium du Mali SA （以下简称 “LMSA”）与马里共和国（以下简称“马里”）签署《股权转让协 议》，公司将LMSA35%的股权转让给马里政府，其中依据马里国家 矿业法的相关规定，马里政府将免费获得LMSA10%的干股； 马里政 府以贰佰亿西非法郎（折合约 3200 万美元）的交易价格向公司收购 LMSA25%的股权。与此同时，公司、LMSA 及关联公司将获得马里 政府授予的投资优惠政策， 马里政府将积极支持Goulamina 锂辉石二 期项目的开发建设。 授权公司经营层全权办理本次相关事宜并签署相关法律文件。 本次交易不构成关联交易， 亦不构成 《上市公司重大资产重组管 理办法》 规定的重大资产重组， 本次交易无需提交公司股东大会审议。 二、交易标的基本情况 Lithium du Mali SA 是一家根据马里法律设立的股份有限公司， 成立于 2020 年 3 月，注册地址位于马里巴马科 Faladié Sema区, 802 号路, 642 号门, BP :E4131，注册号码为 NINA42009194223131F。
LMSA 旗下 Goulamina 锂辉石项目一期已经建设完成并开始试生产 阶段。 截至本公告披露日，LMSA 的股权结构如下： 本次股权转让事项完成后，LMSA 的股权结构如下： LMSA 最近一年又一期的财务数据如下： 单位：美元 指标 2023 年 12 月 31 日 2024 年 9 月 30 日
（经审计） （未经审计） 资产总额 200,070,435 377,308,625 负债总额 200,394,854 376,889,778 净资产 -324,418 418,847 指标 2023 年度 （经审计） 2024 年 1-9 月 （未经审计） 营业收入 - - 净利润 -113,029 529,163 截至 2024 年 9 月 30 日，LMSA 的资产负债率为 99.89 %。 LMSA 不是失信被执行人。 三、本次股权转让的法律依据及定价依据 依据马里 2023 年《矿业法典》第78 条、第 80 条、第 82 条的规 定，马里国家免费享有开采公司至少百分之十（10％）的股份，马里 政府或马里政府指定实体 有权以现金形式额外购入百分之 二十五 （25％） 的股份 （以下简称 “现金形式股份” ） 。 根据该法第80 条， 现金形式股份的收购价等于国家选择的百分比乘以由勘查公司在决 定开采相关矿床之前所承担的矿床勘查作业和可行性研究的全部费 用， 同时在投资周期内按照西非国家中央银行 （BCEAO） 利率上浮两 个百分点（2％）计算利息。 如以马里矿业法上述规定计算， 国家有偿收购LMSA25%的股份 收购价格将仅为 4,094,000,000 西非法郎 （约650 万美元） 。 本着互谅 互让， 遵循法律精神的原则， 经与马里政府谈判， 其同意将一部分已 发生的项目建设支出纳入股权转让价格的计算， 最终确定了本次股权 转让价格贰佰亿西非法郎（折合约 3200 万美元）。此外，考虑到马
里政府税收优惠等承诺， 公司认为本次交易价格合理， 符合全体股东 利益。 四、本次协议主要条款及马里政府相关承诺 1、 马里政府可获得LMSA35%的股权， 其中， 依据马里矿业法的 相关规定，马里政府将免费获得LMSA10%的股权。马里政府以贰佰 亿西非法郎（折合约 3200 万美元）的交易价格收购 LMSA25%的股 权； 2、 上述转让金额以马里政府未来从LMSA 获得的分红中抵扣偿 还，在采矿证有效期内全部偿还完毕； 3、马里政府承诺每年将其 35%的股份对应分红中的 20%用于偿 还上述金额； 4、马里政府承诺对 LMSA 在特定产品特别税（ISCP）给予 2% 的减税优惠； 5、矿业供应链本地化法律适用的豁免及特殊安排：马里政府同 意按照 LMSA 的申请逐项审批并给予豁免或放宽； 6、项目协助：马里政府为 Goulamina 锂辉石矿项目二期的开发 和运营提供政策支持， 协助公司推动Goulamina 锂辉石矿项目二期开 发建设。 五、本次协议签署对公司的影响 本次协议签署有利于进一步巩固公司与马里政府的合作，对双 方共同促进 Goulamina 锂辉石矿项目顺利投产并实现预期经济效益 将产生积极影响。 本次马里政府参股事项完成后，公司将间接持有 LMSA65%股 份，马里政府将持有 LMSA35%的股份，公司对 LMSA 的控制权和 经营权不会发生变化。马里政府授予公司税收优惠政策及政府支
持，为公司在当地投资营造稳定、良好的政务和营商环境，对公司 Goulamina 锂辉石矿项目二期及其他项目的开发提供有力保障和积 极作用。 《证券时报》和巨潮资讯网 http://www.cninfo.com.cn 为公司指 定信息披露媒体，公司所有公开披露的信息均以在上述指定报刊、 网站刊登的正式公告为准。敬请广大投资者理性投资，注意投资风 险。 六、备查文件 1、第五届董事会第八十六次会议决议； 2、《股权转让协议》。 特此公告。 江西赣锋锂业集团股份有限公司 董事会 2024 年 12 月 6 日",2024-12-06,巨潮资讯网,https://static.cninfo.com.cn/finalpage/2024-12-06/1221941167.PDF,accepted
GFEX-WR-20241206,announcement,广期所碳酸锂仓单日报：仓单增加5248手,广州期货交易所2024-12-06仓单日报显示，碳酸锂仓单总量为34694手，增加5248手。,2024-12-06,广州期货交易所,https://www.gfex.com.cn/gfex/cdrb/hqsj_tjsj.shtml,accepted
GFEX-WR-20241209,announcement,广期所碳酸锂仓单日报：仓单增加2247手,广州期货交易所2024-12-09仓单日报显示，碳酸锂仓单总量为36941手，增加2247手。,2024-12-09,广州期货交易所,https://www.gfex.com.cn/gfex/cdrb/hqsj_tjsj.shtml,accepted
GFEX-WR-20241210,announcement,广期所碳酸锂仓单日报：仓单增加1843手,广州期货交易所2024-12-10仓单日报显示，碳酸锂仓单总量为38784手，增加1843手。,2024-12-10,广州期货交易所,https://www.gfex.com.cn/gfex/cdrb/hqsj_tjsj.shtml,accepted
GFEX-WR-20241211,announcement,广期所碳酸锂仓单日报：仓单增加1043手,广州期货交易所2024-12-11仓单日报显示，碳酸锂仓单总量为39827手，增加1043手。,2024-12-11,广州期货交易所,https://www.gfex.com.cn/gfex/cdrb/hqsj_tjsj.shtml,accepted
GFEX-WR-20241212,announcement,广期所碳酸锂仓单日报：仓单增加1806手,广州期货交易所2024-12-12仓单日报显示，碳酸锂仓单总量为41633手，增加1806手。,2024-12-12,广州期货交易所,https://www.gfex.com.cn/gfex/cdrb/hqsj_tjsj.shtml,accepted
CNINFO-002460-1222028365,announcement,关于公司Goulamina锂辉石一期项目正式投产的公告,"证券代码：002460 证券简称：赣锋锂业 编号：临2024-114 江西赣锋锂业集团股份有限公司 关于公司Goulamina锂辉石项目一期正式投产的公告 本公司及其董事会全体成员保证公告内容真实、准确和完整，无 虚假记载、误导性陈述或者重大遗漏。 江西赣锋锂业集团股份有限公司全资子公司GFL International Co.,Ltd（以下简称“赣锋国际”）旗下非洲马里Goulamina锂辉石项目 一期于2024年12月15日在当地举办了投产仪式，标志着Goulamina锂 辉石项目一期正式投产。 Goulamina锂辉石项目位于非洲马里南部地区，是非洲最大的锂 矿之一，矿区面积约100平方公里，目前已勘探的矿石资源总量约为 2.11亿吨，对应锂资源总量约合714万吨LCE，平均氧化锂品位1.37%。 Goulamina锂辉石项目一期规划年产能50.6万吨锂精矿，项目二期年 产能将计划扩建到100万吨锂精矿。项目一期正式投产后，公司将积 极加快推动该项目产能爬坡进度，随着产能的逐步释放，公司的资源 优势将进一步转化为成本优势，不断提升公司在全球市场的核心竞争 力。 Goulamina锂辉石项目一期的投产为公司补充一条稳定且优质的 锂资源供应渠道，为公司锂盐生产线提供资源保障，有利于提升公司 锂资源自给率，提高公司的盈利能力，对公司未来的经营业绩有积极 影响。此外，该项目将被打造成安全、环保和高效的海外标杆矿山， 持续践行可持续发展理念，严格遵守ESG相关准则指引，有望成为全 球优质锂矿资源供应的重要组成部分。 公司将根据相关事项后续进展情况履行相应程序和信息披露义 务。敬请广大投资者理性投资，注意投资风险。
特此公告。 江西赣锋锂业集团股份有限公司 董事会 2024 年 12 月 16 日",2024-12-16,巨潮资讯网,https://static.cninfo.com.cn/finalpage/2024-12-16/1222028365.PDF,accepted
GFEX-WR-20241217,announcement,广期所碳酸锂仓单日报：仓单增加1370手,广州期货交易所2024-12-17仓单日报显示，碳酸锂仓单总量为44255手，增加1370手。,2024-12-17,广州期货交易所,https://www.gfex.com.cn/gfex/cdrb/hqsj_tjsj.shtml,accepted
GFEX-WR-20241218,announcement,广期所碳酸锂仓单日报：仓单增加2198手,广州期货交易所2024-12-18仓单日报显示，碳酸锂仓单总量为46453手，增加2198手。,2024-12-18,广州期货交易所,https://www.gfex.com.cn/gfex/cdrb/hqsj_tjsj.shtml,accepted
GFEX-WR-20241220,announcement,广期所碳酸锂仓单日报：仓单增加1368手,广州期货交易所2024-12-20仓单日报显示，碳酸锂仓单总量为47721手，增加1368手。,2024-12-20,广州期货交易所,https://www.gfex.com.cn/gfex/cdrb/hqsj_tjsj.shtml,accepted
LC-TEXT-0010,policy,关于印发《电力系统调节能力优化专项行动实施方案（2025—2027年）》的通知_国务院部门文件_中国政府网,"关于印发《电力系统调节能力优化专项行动实施方案（2025—2027年）》的通知_国务院部门文件_中国政府网 
 首页 
 | 
 简 
 | 
 繁 
 | 
 EN 
 | 
 登录 
 个人中心 
 退出 
 | 
 邮箱 
 | 
 无障碍 
 EN 
 https://www.gov.cn/ 
 首页  >  政策  >  国务院政策文件库  > 国务院部门文件
 字号： 默认 
 大 
 超大 
 | 
 打印 
 收藏 
 | 
 标    题： 
 关于印发《电力系统调节能力优化专项行动实施方案（2025—2027年）》的通知 
 发文机关： 
 国家发展改革委 国家能源局 
 发文字号： 
 ​发改能源〔2024〕1803号 
 来    源： 
 国家发展改革委网站 
 主题分类： 
 国土资源、能源\电力 
 公文种类： 
 通知 
 成文日期： 
 2024年12月20日 
 标       题： 
 关于印发《电力系统调节能力优化专项行动实施方案（2025—2027年）》的通知
 发文机关： 国家发展改革委 国家能源局 
 发文字号： ​发改能源〔2024〕1803号 
 来       源： 国家发展改革委网站 
 主题分类： 国土资源、能源\电力 
 公文种类： 通知 
 成文日期： 2024年12月20日 
 国家发展改革委 国家能源局关于印发 《电力系统调节能力优化专项行动实施方案 （2025—2027年）》的通知 发改能源〔2024〕1803号 各省、自治区、直辖市、新疆生产建设兵团发展改革委、能源局，北京市城市管理委员会，天津市、辽宁省、上海市、重庆市、四川省、甘肃省工信厅（经信委），国家能源局各派出机构，国家电网有限公司、中国南方电网有限责任公司、内蒙古电力（集团）有限责任公司、中国华能集团有限公司、中国大唐集团有限公司、中国华电集团有限公司、国家电力投资集团有限公司、中国长江三峡集团有限公司、国家能源投资集团有限责任公司、国家开发投资集团有限公司、华润（集团）有限公司、中国中煤能源集团有限公司、中国国际工程咨询有限公司，中国电力企业联合会，电力规划设计总院、水电水利规划设计总院、国核电力规划设计研究院有限公司： 为进一步落实《加快构建新型电力系统行动方案（2024—2027年）》和《关于加强电网调峰储能和智能化调度能力建设的指导意见》，着力提升电力系统调节能力和调用水平，有效支撑新能源消纳利用，国家发展改革委、国家能源局制定了《电力系统调节能力优化专项行动实施方案（2025—2027年）》。现印发给你们，请认真组织落实，因地制宜推进调节能力建设。 国家发展改革委 国家能源局 2024年12月20日 附件： 《电力系统调节能力优化专项行动实施方案（2025—2027年）》.pdf 《电力系统调节能力优化专项行动实施方案（2025—2027年）》.zip 
 国家发展改革委 国家能源局关于印发 《电力系统调节能力优化专项行动实施方案 （2025—2027年）》的通知 发改能源〔2024〕1803号 各省、自治区、直辖市、新疆生产建设兵团发展改革委、能源局，北京市城市管理委员会，天津市、辽宁省、上海市、重庆市、四川省、甘肃省工信厅（经信委），国家能源局各派出机构，国家电网有限公司、中国南方电网有限责任公司、内蒙古电力（集团）有限责任公司、中国华能集团有限公司、中国大唐集团有限公司、中国华电集团有限公司、国家电力投资集团有限公司、中国长江三峡集团有限公司、国家能源投资集团有限责任公司、国家开发投资集团有限公司、华润（集团）有限公司、中国中煤能源集团有限公司、中国国际工程咨询有限公司，中国电力企业联合会，电力规划设计总院、水电水利规划设计总院、国核电力规划设计研究院有限公司： 为进一步落实《加快构建新型电力系统行动方案（2024—2027年）》和《关于加强电网调峰储能和智能化调度能力建设的指导意见》，着力提升电力系统调节能力和调用水平，有效支撑新能源消纳利用，国家发展改革委、国家能源局制定了《电力系统调节能力优化专项行动实施方案（2025—2027年）》。现印发给你们，请认真组织落实，因地制宜推进调节能力建设。 国家发展改革委 国家能源局 2024年12月20日 附件： 《电力系统调节能力优化专项行动实施方案（2025—2027年）》.pdf 《电力系统调节能力优化专项行动实施方案（2025—2027年）》.zip 
 链接： 
 全国人大 
 | 
 全国政协 
 | 
 国家监察委员会 
 | 
 最高人民法院 
 | 
 最高人民检察院 
 国务院部门网站 
 | 
 地方政府网站 
 | 
 驻港澳机构网站 
 | 
 驻外机构 
 中国政府网 
 | 
 关于本网 
 | 
 网站声明 
 | 
 联系我们 
 | 
 网站纠错 
 主办单位：国务院办公厅　运行维护单位：中国政府网运行中心 
 版权所有：中国政府网　中文域名： 中国政府网.政务 
 网站标识码bm01000001　 京ICP备05070218号 　 京公网安备11010202000001号 
 国务院客户端 
 国务院客户端小程序 
 中国政府网微博、微信 
 电脑版 
 客户端 
 小程序 
 微博 
 微信 
 邮箱 
 退出 
 注册 
 登录 
 网站纠错 
 主办单位：国务院办公厅　运行维护单位：中国政府网运行中心 
 版权所有：中国政府网　中文域名： 中国政府网.政务 
 网站标识码bm01000001 
 京ICP备05070218号　京公网安备11010202000001号 
 回到顶部 
 登录 
 注册 
 × 
 × 
 × 
 关于印发《电力系统调节能力优化专项行动实施方案（2025—2027年）》的通知 
 为进一步落实《加快构建新型电力系统行动方案（2024—2027年）》和《关于加强电网调峰储能和智能化调度能力建设的指导意见》，着力提升电力系统调节能力和调用水平，有效支撑新能源消纳利用，国家发展改革委、国家能源局制定了《电力系统调节能力优化专项行动实施方案（2025—2027年）》。现印发给你们，请认真组织落实，因地制宜推进调节能力建设。",2024-12-20,中国政府网,https://www.gov.cn/zhengce/zhengceku/202501/content_6996643.htm,accepted
GFEX-WR-20241224,announcement,广期所碳酸锂仓单日报：仓单增加1268手,广州期货交易所2024-12-24仓单日报显示，碳酸锂仓单总量为49609手，增加1268手。,2024-12-24,广州期货交易所,https://www.gfex.com.cn/gfex/cdrb/hqsj_tjsj.shtml,accepted
LC-TEXT-0011,policy,中华人民共和国工业和信息化部公告2024年第42号,"中华人民共和国工业和信息化部公告2024年第42号 
 首页 > 
 政务公开 > 
 政策文件 > 
 文件发布 > 
 公告 
 发文机关： 工业和信息化部 
 标　　题： 中华人民共和国工业和信息化部公告2024年第42号 
 发文字号： 中华人民共和国工业和信息化部公告2024年第42号 
 成文日期： 2024-12-16 
 发布日期： 2024-12-23 
 发布机构： 节能与综合利用司 
 分　　类： 节能与综合利用 
 中华人民共和国工业和信息化部公告2024年第42号 
 发布时间：2024-12-23 19:41 来源：节能与综合利用司 
 为加强新能源汽车废旧动力电池综合利用行业管理，提高废旧动力电池综合利用水平，我部对《新能源汽车废旧动力蓄电池综合利用行业规范条件（2019年本）》进行了修订，形成《新能源汽车废旧动力电池综合利用行业规范条件（2024年本）》，现予以公告。《新能源汽车废旧动力蓄电池综合利用行业规范条件（2019年本）》《新能源汽车废旧动力蓄电池综合利用行业规范公告管理暂行办法（2019年本）》（工业和信息化部公告2019年第59号）同时废止。 附件：新能源汽车废旧动力电池综合利用行业规范条件（2024年本） 工业和信息化部 2024年12月16日 
 【返回顶部】 
 【关闭窗口】 
 【打印本页】 
 相关解读 
 一图读懂《新能源汽车废旧动力电池综合利用行业规范条件(2024年本)》 2024-12-23 
 《新能源汽车废旧动力电池综合利用行业规范条件（2024年本）》解读 2024-12-24 
 相关新闻 
 工业和信息化部发布2024版新能源汽车废旧动力电池综合利用行业规范条件 2024-12-24",2024-12-24,工业和信息化部,https://www.miit.gov.cn/zwgk/zcwj/wjfb/gg/art/2024/art_2ca9a4ed31de469d9da26ca70c83a868.html,accepted
GFEX-WR-20241226,announcement,广期所碳酸锂仓单日报：仓单增加1140手,广州期货交易所2024-12-26仓单日报显示，碳酸锂仓单总量为51565手，增加1140手。,2024-12-26,广州期货交易所,https://www.gfex.com.cn/gfex/cdrb/hqsj_tjsj.shtml,accepted
LC-TEXT-0012,news,2024年11月新能源汽车产销情况简析,"2024年11月新能源汽车产销情况简析 
 [邮箱登录] 
 | 旧版网站 
 | English 
 邮箱登陆 
 @caam.org.cn 
 首页 
 协会概况 
 协会工作 
 统计数据 
 会员专区 
 行业政策 
 标准法规 
 电动·智能 
 行业动态 
 党建专栏 
 社会责任 
 首页> 
 统计数据 > 产销 
 >正文 
 2024年11月新能源汽车产销情况简析 
 发布时间： 2024-12-26 
 来源： 中汽协会行业信息部 
 据中国汽车工业协会分析，2024年11月，新能源汽车继续保持快速增长，月度产销再创历史新高。 2024 年11月，新能源汽车产销分别完成156.6万辆和151.2万辆，同比分别增长45.8%和47.4%。 2024 年1-11月，新能源汽车产销分别完成1134.5万辆和1126.2万辆，同比分别增长34.6%和35.6%。 2024 年11月，新能源汽车国内销量142.9万辆，环比增长9.7%，同比增长53.8%。 2024 年1-11月，新能源汽车国内销量1012.1万辆，同比增长40.3%。 2024 年11月，新能源汽车出口8.3万辆，环比下降35.2%，同比下降14.1%。 2024 年1-11月，新能源汽车出口114.1万辆，同比增长4.5%。   　　本文摘自《中国汽车工业产销快讯》2024年第12期，内容有所精减，如需了解更多内容，请联系我们：高丽莉 13020028333、刘建荣 13521607432。   
 友情链接 
 ---- 合作协会 ---- 
 日本自动车工业会 
 欧洲汽车工业协会 
 美国汽车行动集团 
 德国汽车工业协会 
 泰国汽车零部件协会 
 印度汽车零部件协会 
 印度汽车工业协会 
 加拿大汽车零部件协会 
 韩国汽车工业协会 
 日本自动车部品工业会 
 日本自动车工业会北京代表处 
 台湾区车辆工业同业工会 
 ---- 相关链接 ---- 
 中央人民政府 
 工业和信息化部 
 民政部 
 中国机械工业联合会 
 国家认证认可监督管理委员会 
 公安部 
 国家标准化管理委员会 
 商务部 
 国家发展和改革委员会 
 国家质量监督检验检疫总局 
 国务院国有资产监督管理委员会 
 海关总署 
 科学技术部 
 财政部 
 交通运输部 
 生态环境部 
 国家统计局 
 国务院发展研究中心 
 国家市场监督管理总局 
 国家能源局 
 中国证券监督管理委员会 
 中国保险监督管理委员会 
 国家知识产权局 
 国家税务总局 
 中国国际进口博览会 
 ---- 合作媒体 ---- 
 关于我们 | 联系方式 | 服务内容 | 广告刊例 | 网站地图 
 Copyright©
中国汽车工业协会
 | 
京ICP备05030302-7
 | 
京公网安备 11010602104120号
 地址：北京市丰台区汽车博物馆东路诺德中心11号楼33层 | 邮编：100160 | E-mail:caam@caam.org.cn 
 电话：010-63979900 
 电话：010-63979900",2024-12-26,中国汽车工业协会,http://www.caam.org.cn/chn/4/cate_30/con_5236607.html,accepted
GFEX-WR-20241231,announcement,广期所碳酸锂仓单日报：仓单增加950手,广州期货交易所2024-12-31仓单日报显示，碳酸锂仓单总量为53356手，增加950手。,2024-12-31,广州期货交易所,https://www.gfex.com.cn/gfex/cdrb/hqsj_tjsj.shtml,accepted
CNINFO-002594-1222201503,announcement,2024年12月产销快报,"证券代码：002594 证券简称：比亚迪 公告编号：2025-001 比亚迪股份有限公司 2024年12月产销快报 本公司及董事会全体成员保证信息披露的内容真实、准确、完整，没有虚假记载、误导性陈述或重大遗漏。 比亚迪股份有限公司(以下简称“本公司”)2024年12月产销快报数据如下： 单位：辆 产量 销量 项目类别 本月 去年同期 本年累计 去年累计 累计同比 本月 去年同期 本年累计 去年累计 累计同比 新能源汽车 466,441 308,972 4,304,073 3,045,231 41.34% 514,809 341,043 4,272,145 3,024,417 41.26% -乘用车 460,719 308,107 4,281,084 3,033,662 41.12% 509,440 340,178 4,250,370 3,012,906 41.07% -纯电动 189,759 176,373 1,777,965 1,589,571 11.85% 207,734 190,754 1,764,992 1,574,822 12.08% -插电式混合动力 270,960 131,734 2,503,119 1,444,091 73.34% 301,706 149,424 2,485,378 1,438,084 72.83% -商用车 5,722 865 22,989 11,569 98.71% 5,369 865 21,775 11,511 89.17% -客车 1,375 805 5,580 4,705 18.60% 1,375 805 5,580 4,705 18.60% -其他 4,347 60 17,409 6,864 153.63% 3,994 60 16,195 6,806 137.95% 合计 466,441 308,972 4,304,073 3,045,231 41.34% 514,809 341,043 4,272,145 3,024,417 41.26% 注：本公司 2024 年 12 月海外销售新能源乘用车合计 57,154 辆； 本公司 2024 年 12 月新能源汽车动力电池及储能电池装机总量约为 23.495 GWh，2024 年累计装机总量约为 194.705 GWh。 务请注意，上述产、销量数字未经审核，亦未经本公司审计师确认，或会予以调整并有待最终确认。本公司刊发财务业绩后，股东及 潜在投资者务必详阅。
特此公告。 比亚迪股份有限公司董事会 2025 年 1 月 1 日",2025-01-02,巨潮资讯网,https://static.cninfo.com.cn/finalpage/2025-01-02/1222201503.pdf,accepted
GFEX-WR-20250102,announcement,广期所碳酸锂仓单日报：仓单增加930手,广州期货交易所2025-01-02仓单日报显示，碳酸锂仓单总量为54286手，增加930手。,2025-01-02,广州期货交易所,https://www.gfex.com.cn/gfex/cdrb/hqsj_tjsj.shtml,accepted
GFEX-WR-20250108,announcement,广期所碳酸锂仓单日报：仓单减少1021手,广州期货交易所2025-01-08仓单日报显示，碳酸锂仓单总量为52772手，减少1021手。,2025-01-08,广州期货交易所,https://www.gfex.com.cn/gfex/cdrb/hqsj_tjsj.shtml,accepted
GFEX-WR-20250110,announcement,广期所碳酸锂仓单日报：仓单减少1210手,广州期货交易所2025-01-10仓单日报显示，碳酸锂仓单总量为51663手，减少1210手。,2025-01-10,广州期货交易所,https://www.gfex.com.cn/gfex/cdrb/hqsj_tjsj.shtml,accepted
CNINFO-002176-1222320892,announcement,2024年度业绩预告,"证券代码：002176 证券简称：江特电机 公告编号：2025-002 江西特种电机股份有限公司 2024年度业绩预告 本公司及董事会全体成员保证信息披露的内容真实、准确、完整，没有虚假记 载、误导性陈述或重大遗漏。 一、本期业绩预计情况 1、业绩预告期间 2024 年 1 月 1 日-2024 年 12 月 31 日 2、业绩预告情况：预计净利润为负值 项目 本报告期 上年同期 归属于上市公司股东 的净利润 亏损：23,600 万元-28,500 万元 亏损：39,691.24 万元 比上年同期增长： 40.54% - 28.20% 扣除非经常性损益后 的净利润 亏损：43,500 万元-48,000 万元 亏损 50,105.46 万元 比上年同期增长： 13.18% - 4.20% 基本每股收益 亏损：0.14 元/股–0.17 元/股 亏损：0.23 元/股 二、与会计师事务所沟通情况 公司已就本次业绩预告与为公司年报提供审计服务的会计师事务所进行了 预沟通， 双方在本报告期的业绩预告方面不存在重大分歧， 具体数据以最终审计 结果为准。 三、业绩变动原因说明 公司 2024 年度净利润预计较上年同期变动的主要原因是： 1、报告期内公司适时开展了碳酸锂期货套期保值业务，减少了碳酸锂价格 持续下跌带来的不利影响。
2、根据《企业会计准则》 、 《深圳证券交易所股票上市规则》等相关规定的 要求及碳酸锂行情持续低迷， 基于谨慎性原则， 公司对可能发生资产减值损失的 资产计提资产减值准备。 四、应对措施 1、锂盐产业 依托茜坑锂矿， 让公司自有的高品位锂云母矿价值得到进一步释放； 充分运 用金融工具， 降低产品价格波动带来的风险； 降本增效， 通过对锂云母提锂工艺 和技术的持续优化，提高产品利润率。 2、电机产业 进一步加大对机器人用电机的研发和投入， 巩固行业地位； 打造国际知名伺 服电机品牌和特殊用途电机高端品牌； 进一步增强公司其他智能电机运用领域的 竞争优势，保持电机产业稳健盈利。 五、风险提示 本次业绩预告是公司财务部门初步测算结果，具体财务数据以公司披露的 2024 年度报告为准。敬请广大投资者注意投资风险。 特此公告。 江西特种电机股份有限公司 董 事 会 二〇二五年一月十四日",2025-01-14,巨潮资讯网,https://static.cninfo.com.cn/finalpage/2025-01-14/1222320892.PDF,accepted
CNINFO-002176-1222320893,announcement,关于2024年度计提资产减值准备的公告,"1 证券代码：002176 证券简称：江特电机 公告编号：2025-001 江西特种电机股份有限公司 关于 2024 年度计提资产减值准备的公告 本公司及董事会全体成员保证信息披露的内容真实、准确、完整，没有虚假记 载、误导性陈述或重大遗漏。 江西特种电机股份有限公司（以下简称“公司”）根据《企业会计准则》 、 《深圳证券交易所股票上市规则》 以及公司会计政策的有关规定， 对公司及下属 子公司截止 2024 年 12 月 31 日合并财务报表范围内的各项需要计提减值的资产 进行了减值测试和分析， 基于谨慎性原则， 对预计存在较大可能发生减值损失的 相关资产计提减值准备，现将具体情况公告如下： 一、本次计提资产减值准备的概述 1、计提资产减值准备的原因 根据《企业会计准则》、《深圳证券交易所股票上市规则》等相关规定的要 求及碳酸锂行情持续低迷，为了更加真实、准确的反映公司的资产和财务状况， 基于谨慎性原则，公司对合并报表中截至 2024 年 12 月 31 日的相关资产进行了 减值测试，对可能发生资产减值损失的资产计提资产减值准备。 2、本次计提资产减值准备的资产范围、总金额和拟计入的报告期间 经过公司及下属子公司对截至 2024 年 12 月 31 日可能发生减值迹象的资产 进行资产减值测试后，公司本次拟计提资产减值准备的资产项目为 2024 年末应 收款项款、存货、固定资产、在建工程、无形资产等，2024 年年度计提资产减 值准备合计18,834.41 万元，计提各项资产减值准备明细如下表： 单位：万元 项目 拟计提减值准备金额、资 产处置、报废损失金额 占2023 年度归属上市公司股东的 净利润绝对值比例 应收款项坏账准备 3,706.59 9.34% 存货跌价准备 4,665.51 11.75% 固定资产减值准备 505.88 1.27% 在建工程减值准备 6,433.45 16.21% 无形资产减值准备 3,522.98 8.88% 合计 18,834.41 47.45%
2 注：1、本公告中若出现总数与各分项数值之和和尾数不符的情况，均为四舍五入原因造成。 2、本次计提资产减值准备拟计入的报告期间为 2024 年 1 月 1 日至 2024 年 12 月31 日，下称 “本报告 期”。 （1）应收款项计提坏账准备 公司应收款项坏账准备的计提标准为： 资产负债表日， 单项金额重大的 （单 项金额在500 万元以上） 单独进行减值测试并单项计提坏账准备， 根据其未来现 金流量现值低于其账面价值的差额计提坏账准备， 计入当期损益； 对于单项金额 虽不重大但有客观证据表明其发生了减值的应收款项， 根据其未来现金流量现值 低于其账面价值的差额计提坏账准备， 计入当期损益。 单独测试未发生减值的应 收款项， 将其归入相应组合计提坏账准备。 本报告期公司应收款项拟计提坏账准 备3,706.59 万元。 （2）计提存货跌价准备 公司期末对存货进行全面清查后， 按存货的成本与可变现净值孰低提取或调 整存货跌价准备。 产成品、 库存商品和用于出售的材料等直接用于出售的商品存 货， 在正常生产经营过程中， 以该存货的估计售价减去估计的销售费用和相关税 费后的金额， 确定其可变现净值； 需要经过加工的材料存货， 在正常生产经营过 程中， 以所生产的产成品的估计售价减去至完工时估计将要发生的成本、 估计的 销售费用和相关税费后的金额， 确定其可变现净值； 为执行销售合同或者劳务合 同而持有的存货， 其可变现净值以合同价格为基础计算， 若持有存货的数量多于 销售合同订购数量的， 超出部分的存货的可变现净值以一般销售价格为基础计算。 期末按照单个存货项目计提存货跌价准备； 但对于数量繁多、 单价较低的存 货， 按照存货类别计提存货跌价准备； 与在同一地区生产和销售的产品系列相关、 具有相同或类似最终用途或目的， 且难以与其他项目分开计量的存货， 则合并计 提存货跌价准备。 以前减记存货价值的影响因素已经消失的， 减记的金额予以恢复， 并在原已 计提的存货跌价准备金额内转回， 转回的金额计入当期损益。 本报告期公司存货 拟计提坏账准备4,665.51 万元。 （3）计提固定资产减值准备 公司于年末对公司闲置的固定资产进行了梳理， 于资产负债表日存在减值迹 象的的资产进行减值测试。 减值测试结果表明资产的可收回金额低于其账面价值
3 的， 按其差额计提减值准备并计入减值损失。 可收回金额为资产的公允价值减去 处置费用后的净额与资产预计未来现金流量的现值两者之间的较高者。 资产减值 准备按单项资产为基础计算并确认， 如果难以对单项资产的可收回金额进行估计 的， 以该资产所属的资产组确定资产组的可收回金额。 资产组是能够独立产生现 金流入的最小资产组合。本报告期公司拟计提固定资产减值准备 505.88 万元。 （4）计提在建工程减值准备 公司对在期末时按账面价值与可收回金额孰低的原则对相关分子公司进行 计量测算， 对可收回金额低于账面价值的差额计提在建工程减值准备。本报告期 公司拟计提在建工程减值准备 6,433.45 万元。 （5）计提无形资产减值准备 公司对可收回金额为资产的公允价值减去处置费用后的净额与资产预计未 来现金流量的现值两者之间的较高者，根据 《企业会计准则》 和公司会计政策的 相关规定， 按照资产负债表日， 有迹象表明资产发生减值的， 按无形资产可回收 金额与账面价值的差异计提减值准备。本报告期公司 拟计提无形资产减值准备 3,522.98 万元。 3、计入的报告期 本次计提资产减值准备计入的报告期间为 2024 年 1 月 1 日至 2024 年 12 月 31 日。 二、本次计提资产减值准备对公司的影响 本次计提各项资产减值准备合计 18,834.41 万元，考虑所得税及少数股东 损益影响后， 将减少2024 年度归属于母公司所有者的净利润14,554.20 万元， 相 应减少 2024 年末归属于母公司所有者权益 14,554.20 万元，占公司最近一期经 审计的归属于上市公司股东的净利润的 36.67%。 本次计提资产减值准备符合《企业会计准则》、《深圳证券交易所股票上市 规则》和公司相关会计政策的规定，是基于谨慎性原则而作出的，依据充分，公 允地反映了公司资产状况， 使公司关于资产价值的会计信息更加真实可靠， 更具 合理性。 本次拟计提资产减值准备已与为公司年报提供审计服务的会计师事务所 进行了预沟通，最终数据以专业评估机构评估和审计结果为准，请投资者注意投 资风险。
4 特此公告。 江西特种电机股份有限公司 董事会 二〇二五年一月十四日",2025-01-14,巨潮资讯网,https://static.cninfo.com.cn/finalpage/2025-01-14/1222320893.PDF,accepted
LC-TEXT-0013,news,2024年产销均超1280万辆 中国新能源汽车连续十年全球领跑|上海证券报,"2024年产销均超1280万辆 中国新能源汽车连续十年全球领跑|上海证券报 
 主管主办 | 证监会法定信息披露平台 
 客户端 
 电子报 
 首页 
 快讯 
 时政 
 证券 
 金融 
 公司 
 产经 
 盈视频 
 信披 
 路演 
 投教 
 活动 
 专题 
 关注 
 5版 公司   
 上一版 
 下一版 
 又见“绩优生” 多家上市公司预喜2024年业绩 
 吉峰科技李勇：全力打造农机产业链平台公司 
 2024年产销均超1280万辆 中国新能源汽车连续十年全球领跑 
 上海证券报网络版郑重声明 
 经上海证券报社授权，中国证券网独家全权代理《上海证券报》信息登载业务。本页内容未经书面授权许可，不得转载、复制或在非中国证券网所属服务器建立镜像。欲咨询授权事宜请与中国证券网联系 (021-38967792) 。 
 2025年 
 1月14日 
 查看其他日期 
 返回首页 
 版面导航 
 1：封面 
 2：要闻 
 3：市场 
 4：基金 
 5：公司 
 6：公司 
 7：公司与产经 
 8：债券 
 9：信息披露 
 10：信息披露 
 11：信息披露 
 12：信息披露 
 13：信息披露 
 14：信息披露 
 15：信息披露 
 16：信息披露 
 17：信息披露 
 18：信息披露 
 19：信息披露 
 20：信息披露 
 21：信息披露 
 22：信息披露 
 23：信息披露 
 24：信息披露 
 25：信息披露 
 26：信息披露 
 27：信息披露 
 28：信息披露 
 29：信息披露 
 30：信息披露 
 31：信息披露 
 32：信息披露 
 33：信息披露 
 34：信息披露 
 35：信息披露 
 36：信息披露 
 37：信息披露 
 38：信息披露 
 39：信息披露 
 40：信息披露 
 41：信息披露 
 42：信息披露 
 43：信息披露 
 44：信息披露 
 45：信息披露 
 46：信息披露 
 47：信息披露 
 48：信息披露 
 49：信息披露 
 50：信息披露 
 51：信息披露 
 52：信息披露 
 53：信息披露 
 54：信息披露 
 55：信息披露 
 56：信息披露 
 57：信息披露 
 58：信息披露 
 59：信息披露 
 60：信息披露 
 61：信息披露 
 62：信息披露 
 63：信息披露 
 64：信息披露 
 65：信息披露 
 66：信息披露 
 67：信息披露 
 68：信息披露 
 69：信息披露 
 70：信息披露 
 71：信息披露 
 72：信息披露 
 稿件搜索 
 2024年产销均超1280万辆 中国新能源汽车连续十年全球领跑 
 2025-01-14 
 来源：上海证券报 
 ◎记者 俞立严 中国新能源汽车再次刷新年度纪录。1月13日，中国汽车工业协会（简称“中汽协”）召开沟通会发布最新统计，中国汽车和新能源汽车2024年各项主要数据实现增长。其中，新能源汽车2024年产销量均突破1280万辆，连续十年位居全球第一。同时，中国2024年新能源汽车渗透率（新能源新车销量占到汽车新车总销量的比率）达到40.9%。 中汽协有关负责人表示，2024年，在全行业共同努力下，汽车产业转型步伐加快，高质量发展扎实推进，全年产销稳中有进，表现出强大的发展韧性和活力，成为拉动经济增长的重要引擎。 新能源汽车渗透率 较2023年提高9.3个百分点 根据中汽协最新数据，2024年12月，中国汽车市场继续发力，以旧换新政策效果持续显现，加之企业年底冲量，购车需求得到进一步释放。当月，汽车产销分别完成336.6万辆和348.9万辆，产量环比下降2%，销量环比增长5.2%，同比分别增长9.3%和10.5%。 2024年，中国汽车产销累计完成3128.2万辆和3143.6万辆，同比分别增长3.7%和4.5%。中汽协副秘书长陈士华分析，中国全年汽车产销稳中有进，产销量继续保持在3000万辆以上规模，并且再创新高。其中，乘用车产销持续增长，为稳住汽车消费基本盘发挥积极作用。 “中国新能源汽车继续快速增长，年产销首次突破1000万辆，销量占比超过40%，迎来高质量发展新阶段。”陈士华说。根据中汽协数据，2024年12月，中国新能源汽车继续保持快速增长，月度销量再创新高。当月，新能源汽车产销分别完成153万辆和159.6万辆，产量环比下降2.3%、销量环比增长5.6%，同比分别增长30.5%和34%，新能源汽车新车销量达到汽车新车总销量的45.8%。 2024年，中国新能源汽车产销分别完成1288.8万辆和1286.6万辆，同比分别增长34.4%和35.5%，新能源汽车新车销量达到汽车新车总销量的40.9%，较2023年提高9.3个百分点。其中，纯电动汽车销量占新能源汽车比例为60%，较2023年下降10.4个百分点；插混汽车销量占新能源汽车比例为40%，较2023年提高10.4个百分点。 全年汽车出口同比增长19.3% 回顾2024年，中国汽车出口为全球消费者提供了多样化消费选择。中汽协介绍，2021年以来，中国车企海外开拓持续见效，出口数量快速提升，成为拉动中国汽车产销总量增长的重要力量。2024年仍保持较快增长，全年出口585.9万辆，同比增长19.3%。分车型看，乘用车出口495.5万辆，同比增长19.7%；商用车出口90.4万辆，同比增长17.5%。 其中，2024年12月，中国汽车出口50.4万辆，环比增长2.9%，同比增长1.1%。分车型看，乘用车出口42.6万辆，环比增长1.6%，同比增长1.1%；商用车出口7.8万辆，环比增长10.9%，同比增长1%。 从不同能源类型的车型数据看，2024年12月，中国传统燃料汽车出口37.1万辆，环比下降8.8%，同比下降4.3%；新能源汽车出口13.4万辆，环比增长60.7%，同比增长19.8%。2024年，传统燃料汽车出口457.4万辆，同比增长23.5%；新能源汽车出口128.4万辆，同比增长6.7%。从新能源车型分类看，2024年，纯电动汽车出口98.7万辆，同比下降10.4%；插混汽车出口29.7万辆，同比增长190%以上。 从企业数据看，2024年12月，整车出口前十企业中，奇瑞出口量达9.8万辆，同比增长12.3%，占总出口量的19.5%。与2023年同期相比，比亚迪出口增速最为显著，出口达6.1万辆，同比增长68.1%。2024年，整车出口前十企业中，从增速上来看，比亚迪出口43.3万辆，同比增长71.8%；长安汽车出口53.6万辆，同比增长49.6%；江淮汽车出口24.9万辆，同比增长46.7%。 2025年汽车产销有望继续增长 中汽协表示，当前汽车行业仍面临不少困难和挑战，主要表现为：外部环境变化带来的不利影响在加深；汽车消费内生动力欠佳；行业竞争加剧，盈利持续承压，影响行业健康可持续发展。 陈士华表示，国家发展改革委和财政部2025年1月8日发布了《关于2025年加力扩围实施大规模设备更新和消费品以旧换新政策的通知》，相信随着系列政策出台落地，政策组合效应不断释放，将进一步释放汽车市场潜力。预计2025年，中国汽车市场将继续呈现稳中向好发展态势，汽车产销将继续保持增长。 “2024年促进汽车消费的国家报废更新和各地以旧换新政策取得超预期的良好效果，尤其是四季度的乘用车零售增速达到14%的超强水平，部分消费者赶在年末抓紧换车。”乘联会秘书长崔东树说。 崔东树介绍，2024年的各地以旧换新的政策拉动销量日益突出，2025年的以旧换新基本保持2024年的补贴力度，粗略估计报废更新和以旧换新的总体补贴资金的需求估计要超过2000亿元，远超历史补贴峰值。乘联会预测2025年国内车市乘用车零售2340万辆，增长2%，新能源乘用车零售1330万辆，增长20%，渗透率57%。 
 上一篇：吉峰科技李勇：全力打造农机产业链平台公司 
 下一版：6：公司 
 上海证券报社有限公司版权所有。本网站提供之资料或信息，仅供投资者参考，不构成投资建议。 
 Copyright 1998 Shanghai Securities News Co. Ltd. All rights reserved. 
 联系电话：021-38967777 转新媒体部 地址：上海浦东新区陆家嘴金融城东园路18号 邮编：200120 E-MAIL:webmaster@cnstock.com 投诉、举报电话：021-38967777 
 互联网新闻信息服务许可证：10120190013      网络出版服务许可证：（总）网出证（沪）字第010号      增值电信业务经营许可证：沪B2-20180571 
 广播电视节目制作经营许可证：（沪）字第2676号       沪ICP备17054524号-2       上海工商      沪公网安备31011502Q05973号",2025-01-14,上海证券报,https://paper.cnstock.com/html/2025-01/14/content_2018079.htm,accepted
GFEX-WR-20250116,announcement,广期所碳酸锂仓单日报：仓单减少1462手,广州期货交易所2025-01-16仓单日报显示，碳酸锂仓单总量为51198手，减少1462手。,2025-01-16,广州期货交易所,https://www.gfex.com.cn/gfex/cdrb/hqsj_tjsj.shtml,accepted
LC-TEXT-0014,news,2024年度CNESA储能数据发布：新型储能装机规模首次超过抽水蓄能_腾讯新闻,"2024年度CNESA储能数据发布：新型储能装机规模首次超过抽水蓄能_腾讯新闻 
 2024年度CNESA储能数据发布：新型储能装机规模首次超过抽水蓄能 经济观察报 2025-01-16 10:36 发布于 北京 经济观察报官方账号 经济观察网 记者 田进 1月15日，在中关村储能产业技术联盟（CNESA）主办的“储能国际峰会暨展览会2025新闻发布会暨CNESA DataLink 2024年度储能数据发布”上，中关村储能产业技术联盟理事长、中国科学院工程热物理研究所所长、研究员陈海生表示，截至2024年底，中国电力储能累计装机达到137.9GW。其中，新型储能装机规模首次超过抽水蓄能，达到78.3GW/184.2GWh，功率/能量规模同比增长126.5%／147.5%。 根据CNESA全球储能数据库不完全统计，2024年中国新型储能新增投运43.7GW/109.8GWh，同比增长103%／136%。从区域分布看，新疆和内蒙古分列能量规模和功率规模第一，这两个也是分别以新能源配储和独立储能为主导的省份。 与此同时，新型储能招标市场规模持续增长。2024年共有528家企业发布储能系统招采信息，1105家发布EPC招采信息，同比分别增长68%、115%。由于储能系统的标准化程度趋高，越来越多的大型国央企选择采用集采/框采的形式。2024年共有217个中标标段，TOP15企业中标量达到集采/框采标段总数的46%。 在储能锂电池方面，据陈海生介绍，从产量上来看，2024年1—10月，中国企业在全球市场中储能型锂电池产量超过200GWh；预计全年产量超过300GWh。根据CNESA全球储能数据库不完全统计，中国企业2024年度全球市场储能电池出货量TOP10分别为：宁德时代、亿纬储能、海辰储能、比亚迪、瑞浦兰钧、中创新航、远景动力、楚能新能源、力神、赣锋锂电。 陈海生称，新型储能作为经济增长新引擎，在多个地方的产业规划中被重点提及，以2025年为时间节点的产值目标统计已超过3万亿元。此外，还有多个地区提出了2027年和2030年的产值目标，这体现了地方政府对新型储能产业规划布局的重视。 从储能出海来看，2024年，中国储能企业签约海外储能大单规模超过150GWh。主要市场来自美洲、欧洲、澳洲、非洲、东南亚、中东等地。其中，出海企业中以电池类企业和光储类企业居多，占比超87%。 在投融资方面，据CNESA全球储能数据库不完全统计，2024年， 一级市场 储能相关企业投融资事件超过107起，披露金额近176亿元，相较于2023年同比下降70%。融资方向中，45起面向系统集成、充换电、锂电及材料。非锂电技术领域，钠电、固态电池关注度较高。 展望未来，CNESA预测，2025年新型储能新增装机预计在40.8GW至51.9GW之间，平均在45GW左右。同时，该领域将呈现出五大显著特征：第一，从储能价值看，规模化调节与保供的价值将不断提升；第二，在电力市场参与方面，随着市场衔接机制的不断完善，储能服务将向“一体多用、分时复用”的模式演变；第三，行业洗牌加剧，2024年注销、吊销等异常的储能相关企业数量翻了一番；第四，技术革新推进行业从“卷价格”向”卷价值“转变；第五，从市场规模来看，预计2025年，新型储能累计装机将突破一亿千瓦。",2025-01-16,腾讯新闻,https://news.qq.com/rain/a/20250116A030UG00,accepted
LC-TEXT-0015,news,动力电池的2024年：产能装车率仅52% 价格持续下跌_腾讯新闻,"动力电池的2024年：产能装车率仅52% 价格持续下跌_腾讯新闻 
 动力电池的2024年：产能装车率仅52% 价格持续下跌 经济观察报 2025-01-17 19:44 发布于 北京 经济观察报官方账号 经济观察网 记者 周菊 2024年，国内动力电池装机量持续增长。据中国汽车动力电池产业创新联盟发布的数据，2024年我国动力电池累计装车量548.4GWh，累计同比增长41.5%。这一增长主要得益于新能源汽车产销量的攀升，中国汽车工业协会的数据显示，2024年国内新能源汽车产量为1288.8万辆，同比增长34.4%；销量为1286.6万辆，同比增长35.5%，新能源渗透率达40.9%。 在装机量上升的同时，动力电池的市场格局也发生了多重变化。首先，磷酸铁锂电池市场占有率在2024年再创新高。2024年，磷酸铁锂电池累计装车量409.0GWh，占总装车量的74.6%，同比增长56.7%，12月的装车量占比更是高达80.9%。相比之下，三元电池累计装车量139.0GWh，占比25.3%，同比增长10.2%。磷酸铁锂电池凭借低成本和高安全性优势，市场份额持续扩大。 其次，在动力电池企业装机量排名中，2024年宁德时代、 比亚迪 、中创新航稳居动力电池企业装机量前三名。其中，宁德时代以45.08%的市占率排名第一，比亚迪位居第二，市占率为24.74%。 总体来看，宁德时代2024年总装机量为256.01GWh，市占率同比上升1.89个百分点，但与几年前超50%的高点相比仍有较大差距。比亚迪则在2024年结束了市场份额的上升，总装机量为135.02GWh，市占率同比下滑2.52个百分点。 此外，头部企业之外的动力电池市场呈现出新的竞争格局，孚能科技被挤出TOP10榜单，取而代之的是瑞浦兰钧。数据显示，国轩高科、亿纬锂能、蜂巢能源、 欣旺达 、瑞浦兰钧、正力新能、爱尔集新能源（LG新能源）分别位列第4至第10名，份额均在5%以下。其中，瑞浦兰钧排名从去年同期第11位升至8位，是TOP10企业增速最快的。 据工信部公告，瑞浦兰钧的主要客户是上汽乘用车、 上汽通用五菱 等上汽系车企及 吉利 等。而连续9个月装机量不足0.4GWh的孚能科技，其主要客户是 北京奔驰 、广汽乘用车、东风、 江铃 等。 值得关注的是，汽车主机厂下属的电池厂也开始崭露头角。极电新能源、因湃电池、耀宁新能源等主机厂电池新势力登上TOP15榜单，显示出主机厂自研自产电池的策略正在逐步影响市场格局。其中，极电和耀宁隶属于吉利集团，因湃电池则属于广汽集团。 尽管出货量持续增长，动力电池产业面临的产能过剩和价格下跌的挑战也不容忽视。据中国汽车动力电池产业联盟发布的数据，20024年前8个月，动力电池的总产量达到了419.7GWh，然而实际的装车量仅为219.2GWh，装车率仅为52%。 与此同时，2024年 碳酸锂 原材料的价格大幅下降，动力电池的价格随之持续下跌。2024年，宁德时代、比亚迪弗迪电池、蜂巢能源等动力电池制造商均根据市场情况启动了降本降价措施。全球知名投行高盛集团的预测表示，到2026年电动汽车电池成本将在2024年的基础上下降近50%。 在国内新能源汽车增速放缓的情况下，动力电池企业积极探索海外市场，但受海外新能源汽车市场增速放缓等因素的影响，动力电池的出口增速在2024年大幅下降。据中国汽车动力电池产业创新联盟统计，2024年1—11月，我国动力电池累计出口量为115.8GWh，同比增长2.1%。而2023年，我国动力电池累计出口累计同比增长87.1％。 有行业观点指出，面对原材料价格的持续下跌和电池产能的过剩，动力电池市场在未来一段时间内将维持较低的价格水平。这一趋势或将迫使部分边缘电池企业面临破产压力，从而推动市场产能的出清与整合。",2025-01-17,腾讯新闻,https://news.qq.com/rain/a/20250117A08KVJ00,accepted
CNINFO-002756-1222365542,announcement,2024年度业绩预告,"1 证券代码：002756 证券简称：永兴材料 公告编号：2025-001 号 永兴特种材料科技股份有限公司 2024年度业绩预告 本公司及董事会全体成员保证信息披露的内容真实、准确、完整， 没有虚假记载、误导性陈述或重大遗漏。 一、本期业绩预计情况 1、业绩预告期间：2024 年 1 月 1 日至 2024 年 12 月 31 日 2、预计的业绩： □扭亏为盈 □同向上升 ■同向下降 项目 2024 年1 月1 日-2024 年 12 月 31 日 上年同期 归属于上市公司股 东的净利润 盈利：103,000.00 万元-123,000.00 万元 盈利：340,677.19 万元 比上年同期下降：63.90%-69.77% 扣除非经常性损益 后的净利润 盈利：88,000.00 万元-108,000.00 万元 盈利：323,887.84 万元 比上年同期下降：66.66%-72.83% 基本每股收益 盈利：1.93 元/股-2.26 元/股 盈利：6.33 元/股 二、与会计师事务所沟通情况 本次业绩预告的相关财务数据未经注册会计师预审计。公司已就业绩预告事项与 会计师事务所进行了预沟通，公司与会计师事务所在本次业绩预告方面不存在分歧。 三、业绩变动原因说明 2024 年度，公司特钢新材料业务加大市场开拓力度，持续推进产品结构的调整与 优化，维持盈利能力稳定； 公司锂电新能源业务产销正常， 第四季度随着碳酸锂价格趋
2 于稳定，单季度经营性利润环比有所好转，但全年 碳酸锂价格与去年同期相比 大幅下 降，加之技改项目资产减值等因素，2024 年度公司归属于上市公司股东净利润同比下 降。 四、风险提示 本次业绩预告数据是公司财务部门初步估算的结果，未经审计机构审计 ，敬请投 资者注意投资风险。 五、其他相关说明 与公司 2024 年度业绩相关的具体财务数据，以公司后续披露的 2024 年年度报告 中所记载的信息为准。 特此公告。 永兴特种材料科技股份有限公司董事会 2025 年 1 月 18 日",2025-01-18,巨潮资讯网,https://static.cninfo.com.cn/finalpage/2025-01-18/1222365542.PDF,accepted
CNINFO-002497-1222380040,announcement,2024年度业绩预告,"1 证券代码：002497 证券简称：雅化集团 公告编号：2025-06 四川雅化实业集团股份有限公司 2024 年度业绩预告 本公司及董事会全体成员保证信息披露内容的真实、 准确和完整， 没有虚假记载、 误导性陈述或重大遗漏。 一、本期业绩预计情况 1、业绩预告期间：2024 年 1 月 1 日至 2024 年 12 月 31 日 2、预计的业绩：预计净利润为正值 项目 2024年1月1日至2024年12月31日 上年同期 归属于上市公司 股东的净利润 盈利：28,000.00万元至33,000.00万元 盈利：4,021.47万元 比上年同期增长：596.26%至720.60% 扣除非经常性损 益后的净利润 盈利：18,500.00万元至23,500.00万元 亏损：21,420.80万元 比上年同期增长：186.36%至209.71% 基本每股收益 盈利：0.2429元/股至0.2863元/股 盈利：0.0349元/股 二、与会计事务所沟通情况 本次业绩预告相关财务数据未经会计师事务所预审计。公司就业绩预告已与注册会 计师进行了预沟通，与会计师事务所在业绩预告方面不存在分歧。 三、业绩变动原因说明 公司 2024 年度业绩较上年同期增长的主要原因是： 报告期内， 锂盐产品销量大幅增 加， 优质头部客户订单稳定，公司加强生产运营各环节管控， 加强矿、 产、 销平衡， 提高 效率，降低成本，使公司全年经营业绩回升向好，较去年同期有所增长。 四、风险提示 本次业绩预告是公司财务部门初步测算的结果，未经审计机构审计。 敬请广大投资 者注意投资风险。 五、其他相关说明 具体财务数据以公司 2024 年年度报告披露的数据为准。 特此公告。 四川雅化实业集团股份有限公司董事会
2 2025 年 1 月 21 日",2025-01-21,巨潮资讯网,https://static.cninfo.com.cn/finalpage/2025-01-21/1222380040.PDF,accepted
GFEX-WR-20250121,announcement,广期所碳酸锂仓单日报：仓单减少1177手,广州期货交易所2025-01-21仓单日报显示，碳酸锂仓单总量为49951手，减少1177手。,2025-01-21,广州期货交易所,https://www.gfex.com.cn/gfex/cdrb/hqsj_tjsj.shtml,accepted
CNINFO-002460-1222390209,announcement,关于公司及控股子公司开展商品期货期权套期保值业务的公告,"证券代码：002460 证券简称：赣锋锂业 编号：临2025-010 江西赣锋锂业集团股份有限公司 关于公司及控股子公司开展商品期货期权套期保值业务的公告 本公司及其董事会全体成员保证公告内容真实、 准确和完整， 没 有虚假记载、误导性陈述或重大遗漏。 重要内容提示： 1、为降低江西赣锋锂业集团股份有限公司 （以下简称 “公司” ） 锂盐产品市场价格波动给公司带来的经营风险， 公司拟利用金融工具 的套期保值功能， 对生产经营业务相关的产品风险敞口择机开展商品 期货期权套期保值业务。 公司及控股子公司开展商品期货期权套期保 值业务的品种仅限于与公司生产经营有直接关系的锂盐期货和品种。 公司及控股子公司 开展商品期货 期权套期保值业务的 交易保证金和 权利金上限 （包括为交易而提供的担保物价值、 预计占用的金融机构 授信额度、为应急措施所预留的保证金等）不超过人民币 20,000 万 元，且任一交易日持有的最高合约价值 不超过（含）人民币 30,000 万元， 上述额度在有效期限内可循环滚动使用。 授权有效期为董事会 审议通过之日起 12 个月内有效。 2、本次商品期货期权套期保值业务已经公司第五届董事会第八 十八次会议审议通过， 额度在董事会的审批权限内， 无需提交股东大 会审议。 3、特别风险提示：商品期货期权套期保值业务存在固有的市场 风险、 政策风险、 流动性风险及技术风险， 公司将积极落实管控制度 和风险防范措施， 审慎执行套期保值操作， 提醒投资者充分关注投资 风险。
公司于 2025 年 1 月 21 日召开第五届董事会第八十八次会议和第 五届监事会第六十次会议，审议通过了 《关于公司及控股子公司开展 商品期货期权套期保值业务的议案》 ，为降低产品价格波动给公司带 来的经营风险， 保持公司经营业绩持续、 稳定， 同意公司及控股子公 司开展商品期货期权套期保值业务， 交易保证金和权利金上限 （包括 为交易而提供的担保物价值、 预计占用的金融机构授信额度、 为应急 措施所预留的保证金等）不超过人民币 20,000 万元，且任一交易日 持有的最高合约价值不超过（含）人民币 30,000 万元。具体情况如 下： 一、投资情况概述 1、开展商品期货期权套期保值业务的目的 公司与控股子公司开展商品期货期权套期保值业务将以正常的 生产经营为基础， 与公司实际业务相匹配， 主要目的是降低碳酸锂价 格波动对公司经营带来的不利影响。 公司在锂行业深耕二十余年， 有 成熟且稳定的团队， 可以对锂行业动态保持时刻关注， 敏锐地感知锂 行业走势。公司制定了《期货及衍生品交易管理制度》，组建了期货 和衍生品交易工作小组， 对商品期货期权的操作规范、 审批权限、 组 织机构设置及职责、 业务流程、 风险管理等方面进行了明确规定， 并 在各岗位配备了专业人员， 设置了相应的风险控制措施， 公司将严格 按照相关制度的要求执行， 落实风险防范措施， 审慎操作。 公司开展 商品期货期权套期保值业务具有可行性。 2、交易金额 根据生产经营及业务需求情况，公司及控股子公司开展商品期货 期权套期保值业务的交易保证金和权利金上限 （包括为交易而提供的 担保物价值、 预计占用的金融机构授信额度、 为应急措施所预留的保
证金等）不超过人民币 20,000 万元，且任一交易日持有的最高合约 价值不超过（含）人民币 30,000 万元，上述额度在有效期限内可循 环滚动使用。 3、交易品种 公司开展商品期货 期权套期保值业务的品种仅限于与公司生产 经营有直接关系的锂盐期货和品种， 交易场所仅限于境内合法运营的 期货交易所。 4、业务期限 自公司董事会审议通过之日起十二个月内有效。 如单笔交易的存 续期超过了授权期限，则授权期限自动顺延至该笔交易终止时止。 5、资金来源 公司及控股子公司利用自有资金开展商品期货期权套期保值业务。 二、商品期货期权套期保值业务审议程序 本次商品期货 期权套期保值业务已经公司第 五届董事会第 八十 八次会议审议通过， 额度在董事会的审批权限内， 无需提交股东大会 审议。 三、开展商品期货期权套期保值业务的风险分析 公司进行套期保值交易的主要目的是为降低碳酸锂价格波动所 带来的相关经营风险，但同时也存在一定的交易风险，具体如下： 1、市场风险 在极个别的非理性市场情况下， 如市场发生系统性风险， 期货价 格与现货价格走势相背离等， 一旦价格预测发生方向性错误有可能给 公司造成损失。 2、政策风险 期货市场的法律法规等政策如发生重大变化， 可能引起市场剧烈
波动或无法交易，从而带来风险。 3、流动性风险 如果合约活跃度较低，可能会导致套期保值持仓无法成交或无法 在合适价位成交， 令实际交易结果与方案设计出现较大偏差， 甚至面 临因未能及时补足保证金而被强行平仓带来的损失。 4、操作风险 期货交易系统相对复杂， 专业性强， 可能存在操作不当产生的风 险。 5、技术风险 由于无法控制和不可预测的系统故障、 网络故障、 通讯故障等造 成交易系统非正常运行， 使交易指令出现延迟、 中断或数据错误等问 题从而带来相应风险。 公司应该针对以上可能出现的风险， 进行事前、 事中、 事后的风 险控制和管理， 有效防范、 发现和化解风险， 确保进行套期保值交易 的资金相对安全。 四、风险控制措施 1、公司严格遵守相关法律法规的要求，制定了《期货及衍生品 交易管理制度》 ， 对公司开展商品期货期权套期保值业务的审批权限、 操作流程及风险控制等方面做出明确的规定，建立有效的监督检查、 风险控制和交易止损机制，降低内部控制风险。 2、公司合理设置套期保值业务组织机构，明确各相关部门和岗 位的职责权限， 严格在董事会授权的范围内办理相关业务。 同时， 加 强相关人员的职业道德教育及业务培训，提高从业人员的专业素养。 3、公司商品期货期权套期保值业务仅限于与公司经营业务相关 性高的期货和期权品种， 业务规模将与公司经营业务相匹配， 最大程
度对冲价格波动风险。 在制订交易方案的同时做好资金测算， 以确保 可用资金充裕； 严格控制套期保值业务的资金规模， 合理规划和使用 资金，在市场剧烈波动时做到合理止损，有效规避风险。 4、公司内部审计部门定期及不定期对套期保值交易业务进行检 查， 监督套期保值交易业务人员执行风险管理制度和风险管理工作程 序，及时防范业务中的操作风险。 5、公司将密切跟踪市场行情变化，关注价格变化趋势，及时调 整套期保值方案，并结合现货销售，尽可能降低交易风险。 五、开展商品期货期权套期保值业务的会计核算原则 公司根据《企业会计准则第 22 号——金融工具确认和计量》《企 业会计准则第 24 号——套期会计》《企业会计准则第 37 号——金融 工具列报》《企业会计准则第 39 号——公允价值计量》等相关规定及 其指南， 对商品期货期权套期保值业务进行相应的核算处理， 并在财 务报告中正确列报。 六、董事会意见 公司开展商品期货期权套期保值业务旨在充分利用金融市场套 期保值功能，降低生产经营因锂盐价格波动给公司带来的经营风险， 提高公司整体抵御风险能力， 增强财务稳健性， 符合公司业务发展及 日常经营需要， 有利于公司长期稳健发展。 公司通过开展商品期货期 权套期保值业务来规避产品价格波动风险是合理的。 相关决策程序符 合国家相关法律、法规及《公司章程》的有关规定。公司已制定《期 货及衍生品交易管理制度》，明确了审批权限、专业管理、风险控制 等内部控制程序， 对公司控制商品期货期权套期保值风险起到了保障 的作用。 公司亦对商品期货期权套期保值业务的开展作出了明确规定， 不存在损害公司和全体股东尤其是中小股东利益的情形。
七、备查文件 1、第五届董事会第八十八次会议决议； 2、第五届监事会第六十次会议决议； 3、江西赣锋锂业集团股份有限公司关于开展商品套期保值业务 的可行性分析报告。 特此公告。 江西赣锋锂业集团股份有限公司 董事会 2025 年 1 月 22 日",2025-01-22,巨潮资讯网,https://static.cninfo.com.cn/finalpage/2025-01-22/1222390209.PDF,accepted
GFEX-WR-20250122,announcement,广期所碳酸锂仓单日报：仓单减少1985手,广州期货交易所2025-01-22仓单日报显示，碳酸锂仓单总量为47966手，减少1985手。,2025-01-22,广州期货交易所,https://www.gfex.com.cn/gfex/cdrb/hqsj_tjsj.shtml,accepted
LC-TEXT-0016,news,专家解读 | 2024年全年中国汽车出口市场分析_腾讯新闻,"专家解读 | 2024年全年中国汽车出口市场分析_腾讯新闻 
 专家解读 | 2024年全年中国汽车出口市场分析 中国汽车流通协会 2025-01-23 13:58 2024年12月中国汽车实现出口57万台，同比2023年12月增速25%、环比上月增5%，同、环比走势有改善；全年中国汽车实现出口641万台，出口增速23%。2024年12月新能源汽车出口量15万台，同比增7%，环比上月增12%；2024年全年新能源汽车累计出口量201万台，同比增长12%。2024年全年中国常规燃油车型出口440万，增26%，其中12月燃油车出口42万增31%。2024年全年中国纯电动车型出口170万，增6%，其中12月纯电动车出口12万增4%，相对2023年出口增速大幅放缓。2024年全年中国新能源插混车型出口32万，增128%，其中12月插混出口3.2万增59%。 2024年12月中国汽车出口总量的前10国家：俄罗斯97998辆、 阿联 酋38663辆、沙特33337辆、墨西哥22775辆、比利时22371辆、澳大利亚15361辆、哈萨克斯坦14975辆、菲律宾14331辆、英国14003辆、白俄罗斯13804辆；12月中国汽车出口增量的前五国家：俄罗斯29692辆、沙特16493辆、阿联酋16380辆、比利时6893辆、白俄罗斯5265辆。俄罗斯环比11月下降0.5万台的幅度较大。 2024年全年整车出口总量的前10国家：俄罗斯1157988辆、墨西哥445006辆、阿联酋330569辆、比利时280011辆、沙特275779辆、巴西236789辆、英国194781辆、澳大利亚178078辆、菲律宾169179辆、土耳其134334辆；全年中国汽车出口增量的前五国家：俄罗斯248939辆、阿联酋170572辆、巴西121984辆、比利时62640辆、沙特62213辆。增量前5国家的增量贡献度为56%，其中俄罗斯出口贡献巨大。2024年全年泰国、澳大利亚、英国等市场下降较大；12月的墨西哥、巴西、英国等市场都表现相对较差，俄罗斯、中东市场也成为增量的核心市场。 2024年12月中国新能源汽车出口总量的前10国家：比利时21446辆、泰国11260辆、阿联酋9584辆、菲律宾8756辆、英国7425辆、澳大利亚6415辆、乌兹别克斯坦6410辆、荷兰5463辆、西班牙5315辆、印度5166辆；12月中国新能源汽车出口同比2023年12月增量的前五国家：比利时9240辆、阿联酋4809辆、土耳其4101辆、荷兰3807辆、印度3083辆。 2024年全年新能源汽车出口总量的前10国家： 比利时 263743辆、巴西152204辆、英国119436辆、泰国117165辆、菲律宾114457辆、墨西哥80552辆、印度77940辆、阿联酋76822辆、澳大利亚75374辆、 以色列 65373辆；全年中国汽车出口增量的前五国家：巴西84016辆、比利时65713辆、墨西哥63499辆、阿联酋40372辆、印度尼西亚39762辆，增量前5国家的增量贡献度为106%，其中巴西出口贡献巨大。 出口增长动力是天帮忙、高质量、人努力、地缘变。首先是天帮忙—中国汽车产业链韧性强和国家鼓励出口的贸易政策支持；其次是高质量—新能源的出口贡献增大，新能源技术领先加之智能化优势凸显；第三是人努力—自主品牌企业很努力，产品质量提升、成本控制出色；第四是地缘变—中国出口的多元化分化发展。 中国新能源车出口向发达国家市场呈现高质量发展的局面，主要是出口西欧和东南亚市场，近两年西欧和南欧的比利时、西班牙、 斯洛文尼亚 和英国等发达国家持续成为出口亮点，12月稍有回落，而今年对巴西等美洲国出口走强。自主品牌的上汽乘用车、 比亚迪 等新能源车型表现较顽强。虽然新能源汽车出口欧洲12月暂时放缓，期待随着欧洲反补贴影响的逐步适应，中国对欧洲出口应该还能回升向上。 预计2025年总体汽车出口预计在增速10%，达到700万台。纯电的出口零增长，汽油车出口增9%，插混出口增70%。其中乘联会统计的乘用车出口预计在530万，增10%。随着欧美的电动化放缓，美国的退出新能源补贴政策。2025年电动车出口压力很大，2024年纯电动出口增速只有15%，2025年应该在零增长左右。2024年已经剧烈下滑，而且在4季度仍是持续下滑中，2025年的趋势仍是恶化中。当前外部环境变化带来的不利影响加深，通胀压力有所缓解，但世界经济增长动能不强，贸易壁垒迅速强化，特朗普的强力加关税政策的外溢效应会较明显。很多国家会采取更强硬的关税政策，尤其是对战略性的纯电动车产业的贸易保护会更严厉。 2025年燃油车出口仍是主力。2024年俄罗斯的燃油车市场贡献巨大，但11月出现暂时的负增长。2025年的俄乌危机如果停战，中国车企的压力将剧增。中国国内常规燃油车市场急剧萎缩，对出口燃油车的可持续发展也有影响。尤其是中国基本没有A0级和A00级燃油车，出口市场与国内市场脱节。中国国内市场的插混爆发增长已经对海外市场增长带来贡献，但规模还是很小。目前看增程的海外市场很差，尤其是高端增程的价格偏高。而中低价的插混表现好。 插混市场面临燃油车回归的机遇，插混与普混和燃油车都是可以实现不依赖充电基础设施的正常使用，插混的节油和智能化效果突出。2024年苏联的插混需求增长较快，而欧盟地区的中国插混车型需求剧烈减少。巴西的需求近期减弱。 一、中国汽车出口总体走势 1、汽车出口历年走势 中国汽车出口经历多年的百万量级平台期终于在2021年开始突破。在2013-2016年世界经济低迷下的剧烈下滑后，2017-2020年出口增速逐步企稳改善，年度出口量维持在100万台左右水平。2020年的出口达到108万台，同比下降13%，随后进入高增长期。 由于世界疫情冲击和 特斯拉 国产，中国汽车出口实现2021-2023年的巨大的销量和单价的突破。2023年中国汽车实现出口522万台，出口增速57%的持续强增长。2024年全年中国汽车出口641万台，同比增长23%。近期中国汽车超高速增长，未来只要国际上有稳定的市场环境，预期中国汽车出口发展仍有巨大空间。 2020年全年的销量达到108.5万台，同比下降13.1%。2021年的出口市场销量218.7万台，同比增长102%。 2022年的出口市场销量340万台，同比增长55%，主要是海外供给不足和中国车企出口竞争力的大幅增强。2023年中国汽车实现出口522万台，出口增速54%的持续强增长，表现超强，相对于国内汽车销量的逐步复苏，出口市场的表现仍是超强的。近两年的国际疫情+俄乌危机下的中国出口增长较大。 2024年12月中国汽车实现出口57万台，同比2023年12月增速25%、环比上月增5%，同、环比走势有改善；全年中国汽车实现出口641万台，出口增速23%。今年的主要动力仍是中国产品竞争力提升和全球南方国家市场的小幅增长及俄乌危机下的俄罗斯市场的国际品牌全面被中国车替代，尤其是中国的燃油车出口竞争力提升带来的出口增大。 2、整车出口月度走势 从月度走势看，近几年的出口仍呈现季节性特征，呈现夏季走高与国内反差走势特征。2022年车市出现开局较强，但受到上海疫情影响的2-4月呈现出口量逐月环比下降，5-12月持续攀升。而2023年出口继续保持强势，保持2022年4季度的销量，体现中国汽车产业的世界竞争力大幅提升。 2024年全年中国汽车出口基本符合前几年的逐步走强走势，1季度增速相对前三年的超高增速有所放缓，4-5月增速回升,6月偏弱，7月开始出口恢复增长，8月超强，9-11月放缓,12月走势大幅改善。今年1-2月的出口仅增长20%，3-5月增长30%以上，3季度汽车出口在近期外部环境复杂下反而走强。10-11月走势异常偏低,12月改变了历年的环比下降态势。 3、汽车整车出口结构特征 2020年前的中国汽车出口维持在百万规模。2021年整车出口(含底盘)出口219万台，增速102%的表现算很好。2021-2022年出口表现较好的是四驱SUV和其它乘用车。 2023年的汽车出口是全面走强，油车强，乘用车是出口主力，增速65%，其中四驱SUV、小客车出口较好。 今年海关卡车出口增17%，相对于国内的卡车低迷，近期各类卡车出口偏分化，轻卡和中重卡出口较好。 从结构看，乘用车出口占比不断提升，卡车占比和客车占比大幅下降。乘用车的几类主力车型表现较均衡，表现下降的是未列名乘用车的出口。2024年9座以下客车占比33%最高，12月达到38%；未列名乘用车12月的出口达到乘用车第三的地位，同比大幅下降。 卡车12月表现较稳，其中轻卡增长表现较好，重卡出口表现回落。客车中的大中型客车回暖，轻型客车出口稍弱。 4、出口动力结构特征 2024年的乘用车的出口增速回升，3季度走势好于上半年增速，4季度回落。2024年12月的纯电动乘用车出口回落到3%，插混和混合动力很强。今年混合动力乘用车的出口很强，超越插混的出口增速。今年卡车和客车出口低迷，但柴油卡车的和汽油轻客走势较强，增长动力转变。 12月乘用车的纯电动的占比大幅下降，汽油乘用车和汽油客车出口较强，纯电动乘用车12月份额较年均下降6个点。 二、汽车出口市场格局 1、出口厂家国内区域特征 近期上海的出口全国汽车龙头地位被安徽替代，但上海对中国出口的重要意义极其明显。2023年上海汽车出口95万台，乘用车85.5万台。这里主要是由于上海本地的企业相对比较优秀，尤其是上汽乘用车和特斯拉两家企业，出口量都相对较强，上汽通用出口表现平稳。但近期上海出口异常偏低，2024年全年降到80万台降9%，12月降5%。 安徽的出口表现相对较强，主要也是 奇瑞 和 江淮 的出口表现相对较强。陕西和河北、江苏的汽车出口贡献度上升较大。 2、出口分区域走势分析 2024年全年对大洋洲和欧洲、美加地区的纯电动出口明显放缓，但其它地区纯电动仍很强。欧盟政策导致中国新能源出口量下降一些，但12月的欧盟插混强势增长。目前12月增长是挖掘非洲、中东、苏联等市场的结果。 从销量看，2017-2022年的出口是逐步回升的态势，主要是欧洲的贡献。2022年后的俄罗斯市场增量巨大，成为核心增量。2024年欧盟占比下降，中南美和美加的出口有所增长。对日韩12月新能源车的出口下滑到26%。近期欧洲和北美发达市场的市场份额下降，发达国家的市场表现回落。 南美洲的新能源出口表现波动大。世界贫穷落后地方的出口需求不稳定，但未来将逐步恢复。 3、整车出口分国别走势分析 2021年出口均价1.6万美元，2022年汽车出口均价1.8万美元，2023年上升到1.9万美元，今年出口均价1.8万美元，同比去年的均价几乎持平。 前期俄罗斯市场巨变，其它外资退出，因此2023年以来中国对俄罗斯的出口也较多，2024年中国车企的俄罗斯表现依旧很强。去年出口是对比利时的出口车较多，今年2季度欧洲经济低迷，出口表现一般。 智利、秘鲁等车市2023年暴跌，今年有所恢复，巴西市场波动较大。亚洲仍是沙特和孟加拉市场。近期的墨西哥市场表现较强，暂未受到欧美加税的影响。 4、整车出口月度增减量走势 2024年12月中国汽车出口总量的前10国家：俄罗斯97998辆、阿联酋38663辆、沙特33337辆、墨西哥22775辆、比利时22371辆、澳大利亚15361辆、 哈萨克斯坦 14975辆、菲律宾14331辆、英国14003辆、白俄罗斯13804辆；12月中国汽车出口增量的前五国家：俄罗斯29692辆、沙特16493辆、阿联酋16380辆、比利时6893辆、白俄罗斯5265辆。俄罗斯环比11月下降0.5万台的幅度较大。 2024年全年整车出口总量的前10国家：俄罗斯1157988辆、墨西哥445006辆、阿联酋330569辆、比利时280011辆、沙特275779辆、巴西236789辆、英国194781辆、澳大利亚178078辆、菲律宾169179辆、土耳其134334辆；全年中国汽车出口增量的前五国家：俄罗斯248939辆、阿联酋170572辆、巴西121984辆、比利时62640辆、沙特62213辆。增量前5国家的增量贡献度为56%，其中俄罗斯出口贡献巨大。2024年全年泰国、澳大利亚、英国等市场下降较大；12月的墨西哥、巴西、英国等市场都表现相对较差，俄罗斯、中东市场也成为增量的核心市场。 5、历年出口主力国家变化分析 前期汽车出口的海外根据地效果并不理想，2020年汽车出口实现主要是沙特、孟加拉、埃及、智利等国家，波动剧烈。 2022年汽车出口主要市场来自墨西哥、沙特、智利、比利时、澳大利亚、菲律宾、俄罗斯等，不发达国家较多。 2023年汽车出口主要市场来自俄罗斯、墨西哥、比利时、澳大利亚、沙特、英国等国家，欧美市场走势较强。近期澳大利亚、比利时、英国等相对发达国家表现改善。 2024年12月汽车出口结构变化，俄罗斯仍是龙头，墨西哥下降较大，阿联酋和沙特的出口提升。澳大利亚的出口恢复，巴西出口剧烈下滑。 6、对俄罗斯出口变化分析 2022年中国对俄罗斯出口16万台，2023年中国对俄罗斯汽车出口91万台，同比增长459%。2024年全年中国对俄罗斯出口116万台，同比增长27%。2023年以来俄罗斯突然变成中国汽车出口第一大市场，这是时隔15年后中国汽车再一次的出口巨变。2008年中国自主品牌进军俄罗斯的市场表现很好，但随着俄罗斯对中国汽车巨额加征关税政策，当年中国汽车车企大面积退出俄罗斯。 近期由于其它国家汽车企业退出俄罗斯，2023年中国车企迅速保证了俄罗斯的车辆供给需求，目前的中国车企在俄罗斯应该暂时是安全的，但仍需谨慎观察俄乌危机变化。 2024年中国对俄罗斯的新能源车的出口剧烈波动，俄罗斯的进口规则根据供需不断调整。 2024年牵引车、重卡等产品的中国出口暴增后回落，近期乘用车的出口规模提升。 三、新能源车出口走势 1、历年新能源汽车整车出口特征 随着中国国内新能源车市场从补贴驱动向市场驱动的转型，中国新能源汽车的市场竞争力大幅增长。中国新能源汽车出口自2021年实现爆发增长，随后进入持续的高增长区间。虽然今年受到欧盟出口新能源的政策干扰，但2024年全年中国新能源汽车出口仍达到201万台，同比增长12%。 2024年12月新能源汽车出口量15万台，同比增7%，环比上月增12%；2024年全年新能源汽车累计出口量201万台，同比增长12%。   从6月后，新能源出口走势低迷，市场压力较大。11月出现异常负增长局面，说明海外销售新能源速度不快。 2、新能源汽车整车出口结构特征 2019年以前的新能源车的出口数量较大，但乘用车基本是微型低速电动车为主，实际的主流新能源车型数量不大。 新能源乘用车出口结构和数量表现有所改善。2020-2022年新能源出口表现好，2023年累计出口新能源汽车173万台。 2024年12月出口新能源汽车15万台、同比增12%；全年出口新能源车201万台、同比增长16%；2024年全年新能源乘用车出口195万台，同比增长16%，新能源乘用车出口占比新能源汽车出口总量的97%。近期新能源客车与专用车的出口稍有恢复，全年的新能源客车出口增速剧烈放缓到1.2万台，同比增长15%。 3、新能源出口地区变化分析 随着特斯拉进入中国，中国汽车出口格局改变，上海长期第一，但随着欧盟的进入暂时受阻，上海出口剧烈萎缩。2024年新能源汽车出口比较强的地区是广东、上海、江苏、浙江、陕西等。 从目前出口的增量来看，2024年陕西和安徽的增量相对是比较大的，但12月部分地区出口稍低。 4、历年新能源乘用车整车出口国家特征 2022年新能源汽车出口同比增长90%。新能源汽车出口主要是欧洲和亚洲两大市场。 2023年中国新能源乘用车出口173万台，达到55%的强势增长。2024年全年新能源汽车出口201万台，增长26%，12月的表现仍相对较好。但2024年的新能源车出口单价下降明显。 5、2024年新能源汽车整车出口变化分析 2024年12月中国新能源汽车出口总量的前10国家：比利时21446辆、泰国11260辆、阿联酋9584辆、菲律宾8756辆、英国7425辆、澳大利亚6415辆、乌兹别克斯坦6410辆、荷兰5463辆、西班牙5315辆、印度5166辆；12月中国新能源汽车出口同比2023年12月增量的前五国家：比利时9240辆、阿联酋4809辆、土耳其4101辆、荷兰3807辆、印度3083辆。 2024年全年新能源汽车出口总量的前10国家：比利时263743辆、巴西152204辆、英国119436辆、泰国117165辆、菲律宾114457辆、墨西哥80552辆、印度77940辆、阿联酋76822辆、澳大利亚75374辆、以色列65373辆；全年中国汽车出口增量的前五国家：巴西84016辆、比利时65713辆、墨西哥63499辆、阿联酋40372辆、印度尼西亚39762辆，增量前5国家的增量贡献度为106%，其中巴西出口贡献巨大。 2024年出口比利时、英国等欧洲国家和巴西、泰国等东南亚是几大主力方向。近期的泰国等市场出口恢复。非欧盟的欧洲国家和印度、印度尼西亚等两类市场表现较强。 6、2024年分动力整车出口变化分析 2024年全年中国新能源插混车型出口32万，增128%，其中12月插混出口3.2万增59%。苏联的插混需求增长较快，而欧盟地区的中国插混车型需求剧烈减少。巴西的需求近期减弱。 2024年全年中国常规燃油车型出口440万，增26%，其中12月燃油车出口42万增31%。今年俄罗斯的燃油车市场贡献巨大，另外是美国与加拿大市场的燃油车出口多，合资出口返销特色明显。 7、2024年纯电动汽车整车出口变化分析 2024年全年中国纯电动车型出口170万，增6%，其中12月纯电动车出口12万增4%，相对2023年出口增速大幅放缓。2022年中国新能源车出口的欧盟占比达到46%峰值，近期欧洲的纯电动出口占比下降，出口中南美的表现好，东南亚的纯电动出口表现持续走强。 四、乘用车分类别出口走势 1、乘用车分排量出口 乘用车出口的排量在1升-1.5升区间为主体，这也是中国自主乘用车的产品综合优势。近期1.5-2升车型出口增长较快，说明俄罗斯等更需求中国的高端高价SUV车型。 而电动车车型的产品档次分化，高端电动车出口改善较大，而入门级插混出口增长较好。 2、乘用车整车出口结构特征 中国燃油乘用车2024年全年出口表现较强的是俄罗斯、沙特、阿联酋、苏联等。2024年主要下滑市场是墨西哥、 乌兹别克斯坦 、厄瓜多尔、澳大利亚等。 中国纯电动乘用车2024年全年出口主要增长的是比利时、印尼、巴西、阿联酋等；下滑市场是泰国、西班牙、荷兰、法国等。 2024年插混的增量主要是巴西、墨西哥、中亚等市场；插混丢量市场是比利时、法国、日本等。 五、卡车分类别出口走势 1、卡车出口 货车市场出口近几年增速不强，在汽车出口市场占比表现处于持续小幅萎缩状态。 货车市场主力是5吨以下汽油和柴油货车较强，20吨以上柴油重卡货车总体来看也有较强需求。 2、卡车出口市场变化特征 卡车出口市场前几位总体表现稳定。2024年主力出口市场的俄罗斯、墨西哥、越南等表现的较好。俄罗斯、英国、澳大利亚等市场卡车出口下滑。墨西哥、沙特市场近期走强明显。 2024年新能源纯电动卡车出口市场前几位总体表现稳定，墨西哥和韩国、泰国等的出口较大，但总体不是主流产品。 对欧洲的新能源卡车出口市场表现较差，目前出现持续下滑。 六、客车分类别出口走势 1、客车出口总体 近期世界客车需求出现一定下降，导致前两年的中国客车出口持续萎缩，从2019年的6.4万台下降到2021年的3.7万台。 2023年以来的世界需求恢复，中国客车2023年出口恢复增长到7.1万台。2024年的全年达到8.2万台，增长16%。 2024年纯电动客车出口增长14%的表现较好，汽油客车出口增长较大，但柴油客车出口萎缩。 2、客车出口市场变化特征 中国客车出口主要市场比较分散，属于欠发达国家为主，市场比较复杂，难以有序持续开展出口。 今年中东、越南、中亚和东南亚国家需求较大，其中沙特、秘鲁、越南等国家的客车需求较强。今年的出口增量是沙特、埃及、越南等市场，萎缩的也是发展中国家，厄瓜多尔、中亚、玻利维亚、南非等市场下降较大。 新能源客车出口市场较小，数据波动较大，今年泰国、智利等主力地区表现较差，尼泊尔、越南等的出口客车较强。海外对中国客车电动化的需求不是很高。",2025-01-23,腾讯新闻,https://news.qq.com/rain/a/20250123A04X9700,accepted
CNINFO-002240-1222418663,announcement,2024年度业绩预告,"证券代码：002240 证券简称：盛新锂能 公告编号：2025-004 盛新锂能集团股份有限公司 2024 年度业绩预告 本公司及董事会全体成员保证信息披露内容的真实、准确和完整，没有虚 假记载、误导性陈述或重大遗漏。 一、本期业绩预计情况 （一）业绩预告期间 2024 年 1 月 1 日-2024 年 12 月 31 日。 （二）业绩预告情况 预计的业绩：√亏损 □扭亏为盈 □同向上升 □同向下降 项目 本报告期 上年同期 归属于上市公司股东的净利润 亏损：55,000.00 万元-69,000.00 万元 盈利：70,223.63 万元 比上年同期下降：178.32%-198.26% 扣除非经常性损益后的净利润 亏损：71,000.00 万元-85,000.00 万元 盈利：12,642.21 万元 比上年同期下降：661.61%-772.35% 基本每股收益 亏损：0.61 元/股-0.76 元/股 盈利：0.77 元/股 二、与会计师事务所沟通情况 本次业绩预告相关的财务数据未经过会计师事务所审计。 公司已就业绩预告 有关事项与年报审计会计师事务所进行了预沟通， 公司与会计师事务所在本报告 期的业绩预告方面不存在重大分歧。 三、业绩变动原因说明 公司 2024 年度业绩较上年同期下降，主要系报告期内，受锂电新能源行业 市场环境影响，锂盐价格较去年同期大幅下降，影响了公司本报告期的业绩。 四、风险提示 本次业绩预告是公司财务部门初步测算的结果，具体财务数据以公司披露的 2024 年年度报告为准。敬请广大投资者注意投资风险。 特此公告。
盛新锂能集团股份有限公司 董事会 二〇二五年一月二十三日",2025-01-24,巨潮资讯网,https://static.cninfo.com.cn/finalpage/2025-01-24/1222418663.PDF,accepted
CNINFO-002466-1222419650,announcement,2024年度业绩预告,"1 股票代码：002466 股票简称：天齐锂业 公告编号：2025-004 天齐锂业股份有限公司 2024 年度业绩预告 本公司及董事会全体成员保证信息披露的内容真实、准确、 完整，没有虚假记载、误导性陈述或重大遗漏。 一、本期业绩预计情况 1、业绩预告期间：2024年1月1日至2024年12月31日。 2、业绩预告情况：预计净利润为负值； 项目 本报告期 上年同期 归属于上市公司股东的 净利润 亏损：820,000万元–710,000万元 盈利：729,731.50 万元 扣除非经常性损益后的 净利润 亏损：820,000万元–710,000万元 盈利：717,652.79 万元 基本每股收益 亏损：5.00元/股–4.33元/股 盈利：4.45元/股 二、与会计师事务所沟通情况 天齐锂业股份有限公司（以下简称“公司” ）本期业绩预告相关的财务数据尚未经 会计师事务所预审计。 公司已就业绩预告有关事项与年报审计会计师事务所进行了预沟 通，截至本公告日，公司与会计师事务所在本报告期的业绩预告方面不存在重大分歧。 因2024年度审计工作尚在进行中，具体数据以审计结果为准。 三、业绩变动原因说明 2024年度公司业绩变动的主要原因是： 1、尽管公司2024年度及2024年第四季度锂化合物及衍生品的产销量分别实现同比、 环比增长，但受到锂产品市场波动的影响，本报告期内锂产品的市场价格整体呈现大幅 下滑趋势，公司锂产品销售价格及毛利较上年同期大幅下降。 同时受公司控股子公司 Talison Lithium Pty Ltd（以下简称 “泰利森” ） 化学级锂精矿定价机制与公司锂化工产品 销售定价机制存在时间周期的错配影响， 本报告期公司经营业绩出现阶段性亏损。2024 年， 化学级锂精矿的市场价格逐步降低， 公司向泰利森新采购的锂精矿价格也随之下降。
2 随新购低价锂精矿陆续入库及库存锂精矿的逐步消化， 公司各基地生产成本中耗用的化 学级锂精矿成本正逐渐贴近最新采购价格，锂精矿定价机制的阶段性错配也逐步减弱。 2、 截至本业绩预告公告日， 公司重要的联营公司Sociedad Química y Minera de Chile S.A.（以下简称“SQM” ）尚未公告其2024年第四季度业绩报告。公司全面考虑所能获 取的可靠信息，沿用一贯方式，通过财务测算模型并采用彭博社预测的SQM 2024 年第 四季度每股收益等信息为基础来计算同期公司对 SQM的投资收益。此外，SQM于2024 年第一季度业绩报告中披露，智利圣地亚哥法院于2024年4月对其2017年和2018年税务 年度的税务诉讼进行了裁决，撤销了税务和海关法庭在2022年11月7日对于该案件的裁 决结论，导致其确认了约11亿美元的所得税费用，并相应减少其净利润约11亿美元。 根据前述彭博社预测数据，预计SQM 2024 年度业绩将同比大幅下降，因此公司在 本报告期确认的对该联营公司的投资收益较2023年度大幅下降。 3、公司根据 《企业会计准则第8号—资产减值》 等相关规定，对 “年产2.4万吨电池 级单水氢氧化锂项目”和“第二期年产2.4万吨电池级单水氢氧化锂项目” （以下合并简 称“氢氧化锂项目” ）进行分析和评估，并据此执行减值测试。基于谨慎性原则，预计 公司本报告期计提的资产减值损失较2023年度增加。 4、2024年以来美元持续走强，本报告期内澳元及人民币兑美元的汇率变动导致汇 兑损失金额较2023年度增加。 四、风险提示 1、本次业绩预告是公司财务部门初步测算的结果，未经审计机构审计。公司2024 年具体财务数据以公司披露的《2024年年度报告》为准。 2、鉴于公司重要的联营公司SQM是在智利圣地亚哥和美国纽约证券交易所上市的 公司， 根据两地交易所信息披露规则，SQM披露季度财务报告的时间晚于公司业绩预告 的时间， 公司不能先于SQM公告季度财务信息前公告其业绩。 根据 《企业会计准则第32 号——中期财务报告》 第九条规定， 公司通过财务测算模型并结合彭博社(Bloomberg)预 测的SQM 2024年第四季度每股收益等信息预估SQM 2024年第四季度经营损益， 并按照 公司持股比例预估对SQM的投资收益。该项投资收益与SQM实际公告的净利润按本公 司持股比例计算的应计投资收益可能存在差异。 公司将根据差异的金额及对公司财务信 息的影响程度， 严格按照适用的会计准则的规定及时进行会计处理并按信息披露规定及 时进行信息披露。具体财务数据以公司披露的《2024年年度报告》为准。
3 3、公司所有公开披露的信息均以在指定的信息披露媒体《证券时报》 《证券日报》 《中国证券报》 《上海证券报》《经济参考报》及巨潮资讯网 （http://www.cninfo.com.cn） 刊登的信息为准，敬请广大投资者理性投资，注意风险。 特此公告。 天齐锂业股份有限公司董事会 二〇二五年一月二十四日",2025-01-24,巨潮资讯网,https://static.cninfo.com.cn/finalpage/2025-01-24/1222419650.PDF,accepted
CNINFO-002466-1222419651,announcement,关于2024年度计提资产减值准备的公告,"1 股票代码：002466 股票简称：天齐锂业 公告编号：2025-005 天齐锂业股份有限公司 关于 2024 年度计提资产减值准备的公告 本公司及董事会全体成员保证信息披露的内容真实、准确、 完整，没有虚假记载、误导性陈述或重大遗漏。 风险提示： 公司分别于2016年和2017年在澳大利亚启动了 “年产2.4万吨电池级单水氢氧化锂 项目” （以下简称“一期氢氧化锂项目” ）和“第二期年产2.4万吨电池级单水氢氧化锂 项目” （以下简称 “二期氢氧化锂项目” ） 建设相关工作。目前， 一期氢氧化锂项目处于 产能爬坡阶段，二期氢氧化锂项目处于暂缓建设阶段。 根据 《企业会计准则》 《深圳证券交易所上市公司自律监管指引第1号——主板上市 公司规范运作》 和公司会计政策等相关制度的规定， 公司正在结合最新情况对上述氢氧 化锂项 目进行减值测试，并 就相关信息与 公司控 股子公司 Tianqi Lithium Energy Australia Pty Ltd（以下简称“TLEA”）管理层进行持续沟通确认。经初步测算，公司 预计在2024年计提在建工程及使用权资产减值准备合计约 14.12亿元人民币（不包含一 期氢氧化锂项目（如有） ）。 此外，截至本公告日， 公司澳洲氢氧化锂项目的减值测试工作仍在进行中。如后续 相关减值金额确定且触及信息披露义务，公司将按照相关规则及制度的要求及时披露。 天齐锂业股份有限公司（以下简称“公司” ）根据《企业会计准则》 《深圳证券交易 所股票上市规则》 及公司相关制度， 基于谨慎性原则，对公司截至2024年12月31日合并 报表范围内的各项资产减值的可能性进行了充分的评估和分析， 对存在减值迹象的资产 计提相应减值准备。具体情况如下： 一、本次计提资产减值准备情况概述 根据 《企业会计准则》 和公司会计政策等相关制度的规定， 基于谨慎性原则， 为更 真实、 准确地反映公司截止2024年12月31日的财务状况、 资产价值及经营成果， 公司及 下属子公司对相关资产进行全面充分的清查、 分析和评估， 对截至2024年12月31日可能
2 发生减值迹象的资产进行减值测试后，预计计提资产减值 准备合计约21.63亿元人民币 （不包含一期氢氧化锂项目（如有） ）。具体如下： 项目 预计计提金额（单位：人民币亿元） 存货跌价准备 7.00 在建工程及使用权资产减值准备 14.12 应收账款坏账准备 0.59 其他应收账款坏账准备 -0.08 合计（不包含一期氢氧化锂项目（如有）） 21.63 注： 1、上述数据未经审计，最终结果以审计后的公司《2024年年度报告》为准。 2、截至本公告日，公司澳洲氢氧化锂项目的减值测试工作仍在进行中。 二、本次资产减值准备的计提依据及方法 （一）存货跌价准备 根据《企业会计准则第1号——存货》的相关规定，公司按照存货成本与可变现净 值测算存货跌价准备。 在资产负债表日，存货按成本与可变现净值孰低计量。当其可变 现净值低于成本时， 按差额计提存货跌价准备。库存商品、 在产品和用于出售的材料等 直接用于出售的商品存货， 其可变现净值按该存货的估计售价减去估计的销售费用和相 关税费后的金额确定； 用于生产而持有的材料存货， 其可变现净值按所生产的产成品的 估计售价减去至完工时估计将要发生的成本、 估计的销售费用和相关税费后的金额确定。 公司于资产负债表日对各项存货进行了减值测试， 根据测试结果， 预计2024年度对存货 计提减值准备约7.00亿元人民币。 本次计提的存货跌价准备主要系澳大利亚奎纳纳工厂 的存货。 因一期氢氧化锂项目尚处于产能爬坡阶段， 单位产成品成本相对较高， 而同期 氢氧化锂市场价格相对较低。 （二）在建工程及使用权资产减值准备 2025年1月23日，公司第六届董事会第二十次会议审议通过了《关于终止投资建设 “第二期年产2.4万吨电池级单水氢氧化锂项目”的议案》 ，基于市场环境及项目最新的 经济可行性分析， 公司拟终止投资建设二期氢氧化锂项目。公司根据 《企业会计准则第 8号—资产减值》等相关规定，对二期氢氧化锂项目进行审慎分析和评估，并据此执行 减值测试。经初步测算， 公司预计在2024年计提在建工程及使用权资产减值准备合计约
3 14.12亿元人民币。 根据 《企业会计准则》 《深圳证券交易所上市公司自律监管指引第1号——主板上市 公司规范运作》 和公司会计政策等相关制度的规定， 公司正在结合最新情况对上述氢氧 化锂项目进行减值测试，并就相关信息与TLEA管理层进行持续沟通确认，减值测试工 作仍在进行中。 （三）应收账款及其他应收款 根据《企业会计准则第22号——金融工具确认和计量》的相关规定，公司以预期信 用损失为基础， 对应收账款、 其他应收款等进行减值测试并确认损失准备。经测算， 预 计2024年度对应收账款计提坏账准备约0.59亿元人民币，其他应收款计提坏账准备约- 0.08亿元人民币。 三、本次计提资产减值准备的合理性说明及对公司的影响 上述资产减值主要为公司针对部分 在建工程及使用权资产等进行的一次性资产减 值处理，以及在日常经营过程中计提的存货和信用减值损失。 公司计提资产减值准备 （部 分为一次性） 符合公司资产实际情况， 符合会计准则和公司会计政策的相关规定， 真实、 公允地反映了公司的财务状况、资产价值和经营成果。 经公司财务部门初步测算 ，预计公司 2024年度计提资产减值 准备金额 合计约 为 21.63亿元人民币，预计将减少天齐锂业归属于母公司股东的净利润金额约7.70亿元人民 币，相应减少2024年末归属于母公司的所有者权益约7.70亿元人民币（不包含一期氢氧 化锂项目（如有） ）。 四、风险提示 目前， 公司正在结合最新情况对澳洲氢氧化锂项目进行减值测试， 并就相关信息与 TLEA管理层进行持续沟通确认。截至目前，各方尚未就上述氢氧化锂项目相关减值测 试假设及结果形成最终结论，相关减值测试工作仍在进行中。 本次预计计提的资产减值准备是公司财务部门初步测算的结果， 未经会计师事务所 审计， 最终财务数据以审计后的公司 《2024年年度报告》 为准， 敬请广大投资者注意投 资风险。 特此公告。 天齐锂业股份有限公司董事会 二〇二五年一月二十四日",2025-01-24,巨潮资讯网,https://static.cninfo.com.cn/finalpage/2025-01-24/1222419651.PDF,accepted
CNINFO-002466-1222419653,announcement,关于终止投资建设第二期年产2.4万吨电池级单水氢氧化锂项目的公告,"1 股票代码：002466 股票简称：天齐锂业 公告编号：2025-003 天齐锂业股份有限公司 关于终止投资建设“第二期年产 2.4 万吨电池级 单水氢氧化锂项目”的公告 本公司及董事会全体成员保证信息披露的内容真实、准确、 完整，没有虚假记载、误导性陈述或重大遗漏。 天齐锂业股份有限公司 （以下简称 “公司” ）于2025年1月23日召开第六届董事会第 二十次会议， 审议通过了 《关于终止投资建设“第二期年产2.4万吨电池级单水氢氧化锂 项目”的议案》。具体情况如下： 一、项目背景 公司于2017年6月19日召开第四届董事会第六次会议审议通过《关于启动“第二期 年产2.4万吨电池级单水氢氧化锂项目”可行性研究及前期投入的议案》 ，正式开展“第 二期年产2.4万吨电池级单水氢氧化锂项目” （以下简称“二期氢氧化锂项目”或“该项 目”）的可行性分析，并拟使用自筹资金进行前期投入。2017年10月26日，公司第四届 董事会第十次会议审议通过 《关于建设 “第二期年产2.4万吨电池级单水氢氧化锂项目” 的议案》 ，该项目总投资概算为3.28亿澳元（按照2017年9月29日中国外汇交易中心受权 公布的人民币汇率中间价折合人民币约17.09亿元），建设周期26个月。具体内容详见公 司分别于 2017年6月20日、2017年10月27日刊载在指定信息披露媒体及巨潮资讯网 （http://www.cninfo.com.cn）的《关于董事会授权管理层启动“第二期年产2.4万吨电池 级单水氢氧化锂项目”可行性分析及同意前期投入的公告》 （公告编号：2017-059）和 《关于建设“第二期年产2.4万吨电池级单水氢氧化锂项目”暨对全资子公司增资的公 告》 （公告编号：2017-092）。 2020年初， 公司结合自身财务资金状况， 决定调整 “年产2.4万吨电池级单水氢氧化 锂项目” （以下简称 “一期氢氧化锂项目” ） 的调试进度安排和项目目标， 放缓项目节奏。 同时， 考虑到与一期氢氧化锂项目具有极强关联性， 并结合市场变化、 公司资金流动性 等情况， 对二期氢氧化锂项目暂缓建设。截至2019年12月31日， 该项目累计投入金额折
2 合 人 民 币 约12.56 亿 元 。具 体 内 容 详 见 公 司 于2020 年4 月29 日 披 露 于 巨 潮 资 讯 网 （http://www.cninfo.com.cn）的《2019年年度报告》 。 2023年9月，公司控股子公司 Tianqi Lithium Energy Australia Pty Ltd（以下简称 “TLEA”）董事会审议通过了二期氢氧化锂项目前端工程设计合同。2023年11月，TLEA 之全资子公司Tianqi Lithium Kwinana Pty Ltd正式与承包商签订前端工程设计合同，拟 对项目经济可行性和投建节奏进行综合分析。 同时， 为适应市场环境等多种因素的影响， 公司管理层结合公司的经营发展规划等情况， 重新全面审视该项目进度和资本金投入计 划。具体内容详见公司于2024年8月31日披露于巨潮资讯网（http://www.cninfo.com.cn） 的《2024年半年度报告》 。 截至2024年12月31日，该项目相关投入累计约1.97亿美元（按照2024年12月31日中 国外汇交易中心受权公布的人民币汇率中间价折合人民币约14.12亿元） 。 二、项目最新进展情况 2025年1月23日，公司召开第六届董事会第二十次会议，全票审议通过了《关于终 止投资建设“第二期年产2.4万吨电池级单水氢氧化锂项目”的议案》，基于市场环境及 项目最新的经济可行性分析，公司拟终止投资建设二期氢氧化锂项目。 本次项目终止事项不构成关联交易，亦不构成《上市公司重大资产重组管理办法》 规定的重大资产重组。 根据 《深圳证券交易所股票上市规则》 《公司章程》 等相关规定， 该事项无需提交公司股东大会审议。 三、项目终止的原因 自公司审议通过投资建设二期氢氧化锂项目以来，公司结合市场情况、 资金状况等 因素审慎推进二期氢氧化锂项目建设相关工作并灵活调整项目建设节奏。 目前，结合产 品市场情况、一期氢氧化锂项目运行情况及公司经营发展规划， 在综合审视二期氢氧化 锂项目的前期投入和预计未来资本投入、未来运营费用、项目执行进度、 预计未来现金 净流量等情况后，公司认为继续建设二期氢氧化锂项目将不具备经济性。 为避免进一步 资源投入的浪费， 减少潜在的经济损失， 切实维护公司及全体股东利益， 基于审慎性原 则，公司决定终止二期氢氧化锂项目。 四、项目终止对公司的影响 本次项目终止是公司结合市场环境变化及投资运营最优化而做出的审慎决策， 对降 低投资风险、 改善公司运营、 提升公司竞争力具有积极意义。 公司深耕锂化工产品加工
3 多年，除奎纳纳一期氢氧化锂项目处于产能爬坡外，目前在国内有分别位于四川射洪、 四川安居、 江苏张家港和重庆铜梁的四个锂产品生产基地， 并正在建设江苏张家港年产 3万吨氢氧化锂项目 （可柔性调剂生产碳酸锂产品） 。同时， 为充分发挥控股子公司锂辉 石精矿产能优势， 近年来公司持续通过委托加工方式稳定市场占有率和客户资源。因此， 本次终止二期氢氧化锂项目不会对公司现有业务及经营发展产生重大不利影响。未来， 公司将延续既有的 “垂直一体化整合” 的商业模式， 在优质资源基地扎实的资源保障下， 结合市场情况选择在合适的时间、 地点稳步落实、 有序推进基础锂盐产能扩张计划， 进 一步发挥产业链协同效应。 截至2024年12月31日， 二期氢氧化锂项目前期相关投入累计约14.12亿元人民币，该 金额占公司上一年度经审计净资产的比例约为 2.74%；本次项目终止预计将减少公司 2024年度归属于母公司股东的净利润金额约5.01亿元， 占公司最近一个会计年度经审计 净利润的6.86%；以上对公司2024年财务状况和经营成果的影响系初步测算的结果，未 经审计机构审计；最终数据请以公司披露的 《2024年年度报告》为准。 敬请投资者注意 投资风险。 五、备查文件 1、 《第六届董事会第二十次会议决议》 。 特此公告。 天齐锂业股份有限公司董事会 二〇二五年一月二十四日",2025-01-24,巨潮资讯网,https://static.cninfo.com.cn/finalpage/2025-01-24/1222419653.PDF,accepted
CNINFO-002460-1222431395,announcement,2024年年度业绩预告,"证券代码：002460 证券简称：赣锋锂业 编号：临2025-016 江西赣锋锂业集团股份有限公司 2024 年年度业绩预告 一、本期业绩预计情况 1、业绩预告期间：2024 年 1 月 1 日—2024 年 12 月 31 日 2、预计的经营业绩： √亏损 扭亏为盈 同向上升 同向下降 项目 本报告期 上年同期 归属上市公司股 东的净利润 亏损：210,000.00 万元 – 140,000.00 万元 盈利： 494,680.95 万元 比上年同期下降 142.45% – 128.30% 扣除非经常性损 益后的净利润 亏损：96,000.00 万元 –48,000.00 万元 盈利： 267,592.62 万元 比上年同期下降 135.88% –117.94% 基本每股收益 亏损：1.05 元/股–0.70 元/股 盈利：2.46 元/股 二、与会计师事务所沟通情况 公司就业绩预告有关事项与年报审计会计师事务所进行了预沟 通， 与会计师事务所在本报告期业绩预告方面不存在重大分歧。 本次 业绩预告相关的财务数据是公司财务部门初步测算的结果， 未经会计 师事务所审计。 三、业绩变动原因 1、受锂产品价格波动的影响，公司所持有金融资产的价格在报 告期内受到明显冲击，较期初呈现下滑态势。其中，Pilbara Minerals Limited（PLS）的股价跌幅尤为显著，直接导致公司产生了较大规模 本公司及董事会全体成员保证公告内容的真实、 准确和完整， 没 有虚假记载、误导性陈述或重大遗漏。
的公允价值变动损失，约 16.40 亿元。为应对这一局面，公司积极采 取风险管理举措，运用领式期权策略来平衡 PLS 股价波动带来的风 险敞口。该策略实施后，在一定程度上对冲了 PLS 股价大幅下降对 公司造成的公允价值变动损失。 2、本报告期内，主要系受锂产品市场波动的影响，锂盐及锂电 池产品销售价格下跌， 虽然产品出货量同比增加， 但公司经营业绩同 比大幅下降。此外， 公司根据会计准则对存货等相关资产计提了资产 减值准备，故公司净利润同比大幅下降。 四、其他相关说明 本次业绩预告是公司财务部门初步测算的结果， 未经注册会计师 审计，具体财务数据请以公司披露的 2024 年年度报告为准。敬请广 大投资者谨慎决策，注意投资风险。 特此公告。 江西赣锋锂业集团股份有限公司 董事会 2025 年 1 月 25 日",2025-01-25,巨潮资讯网,https://static.cninfo.com.cn/finalpage/2025-01-25/1222431395.PDF,accepted
GFEX-WR-20250127,announcement,广期所碳酸锂仓单日报：仓单增加1000手,广州期货交易所2025-01-27仓单日报显示，碳酸锂仓单总量为48641手，增加1000手。,2025-01-27,广州期货交易所,https://www.gfex.com.cn/gfex/cdrb/hqsj_tjsj.shtml,accepted
LC-TEXT-0017,news,2024年248.5GWh储能采招结果和中标企业全景分析_财富号_东方财富网,"2024年248.5GWh储能采招结果和中标企业全景分析_财富号_东方财富网 
 财经 焦点 股票 新股 期指 期权 行情 数据 全球 美股 港股 期货 外汇 银行 基金 理财 债券 直播 股吧 基金吧 博客 财富号 搜索 
 行情中心 
 指数 期指 期权 个股 板块 排行 新股 基金 港股 美股 期货 外汇 黄金 自选股 自选基金 
 数据中心 
 资金流向 主力排名 板块资金 个股研报 新股申购 转债申购 北交所申购 AH股比价 年报大全 融资融券 龙虎榜 限售解禁 IPO审核 大宗交易 估值分析 
 首页 >
 社区 >
 正文 
 2024年248.5GWh储能采招结果和中标企业全景分析 
 维尚必牛 
 2025年02月04日 22:16 
 广东 
 返回 
 海博思创吧> 
 点赞 
 0 
 评论 
 0 
 收藏 
 大 
 中 
 小 
 根据寻熵研究院的统计分析，2024年针对储能项目的设备和EPC招标共计1279个，总采招规模为196.4GWh，对应储能系统的实际需求为169.5GWh（一个项目若先后完成EPC和设备招标，则只统计一次）。 项目遍及31个省市自治区，其中新疆的采招规模最大，达到了24.8GWh。 共计有271家储能系统集成商以参与了储能项目的投标，183家企业有所斩获，获取订单方式包括直接参与设备投标、参与EPC联合投标、参与业主的直流侧招标等不同方式。 在磷酸铁锂储能系统供应商中，中车株洲所以中标93个项目总规模12.8GWh名列第一，不论是中标项目数量还是中标总规模均。海博思创位居第二。远景储能、阳光电源、金风零碳、许继电气位居第3-6位，差距近在伯仲之间，融和元储、华能清研院、采日能源位居第7-10位。中标规模超过1GWh的企业共有23家。 根据寻熵研究院的统计分析，2024年针对储能项目的设备和EPC招标共计1279个，总采招规模为196.4GWh， 对应储能系统的实际需求为169.5GWh （一个项目若先后完成EPC和设备招标，则只统计一次）。 项目遍及31个省市自治区，其中 新疆的采招规模最大，达到了24.8GWh 。 共计有271家储能系统集成商以参与了储能项目的投标，183家企业有所斩获，获取订单方式包括直接参与设备投标、参与EPC联合投标、参与业主的直流侧招标等不同方式。 在磷酸铁锂储能系统供应商中， 中车株洲所以中标93个项目总规模12.8GWh名列第一，不论是中标项目数量还是中标总规模均 。海博思创位居第二。远景储能、阳光电源、金风零碳、许继电气位居第3-6位，差距近在伯仲之间，融和元储、华能清研院、采日能源位居第7-10位。中标规模超过1GWh的企业共有23家。 2024年共有19家开发商完成了共计51个标段的集采框采，采招规模达11.2GW/52.2GWh。其中针对锂电和液流电池储能系统、EPC、直流侧的集采合计规模为37.6GWh。 央国企依旧是2024年集采市场的主角，大唐、华电、中能建、新华水电等单位的集采规模都在5GWh以上。龙源电力、新源智储、东方电气、国能信控、中石油的直流侧集采也合计达到了9.88GWh。 与此同时，中核、中广核、中电建、华电、中石油、华能等六大央企在2024年末分别启动了12GWh、10.5GWh、16GWh、6GWh、2.5GWh、4GWh集采，相关集采已经在一月陆续完成。相比于此前一轮集采，各家业主的新一轮集采规模明显提升，足以显现2025年市场需求的进一步增长。 共计有160家单位参与了针对储能系统、EPC和直流侧的集采投标，共有82家企业有所收获。 在集采入围方面，入围标段数不低于4个的企业一共有11家。中车株洲所、海博思创、阳光电源分别入围了10个、9个和8个标段，位列集采入围的前三名。 
 追加内容 
 本文作者可以追加内容哦 ! 
 举报 
 郑重声明： 用户在社区发表的所有信息将由本网站记录保存，仅代表作者个人观点，与本网站立场无关，不对您构成任何投资建议，据此操作风险自担。 请勿相信代客理财、免费荐股和炒股培训等宣传内容，远离非法证券活动。请勿添加发言用户的手机号码、公众号、微博、微信及QQ等信息，谨防上当受骗！ 
 维尚必牛 
 关注 
 更多文章 
 投资组合 
 -- 
 总收益 
 20日收益 
 日收益 
 -- 
 -- 
 -- 
 最新操作 
 - 
 - 
 - 
 历史收益率走势(%) 
 Chart 
 自选股 
 代码 
 名称 
 最新价 
 涨跌幅 
 查看更多 
 浪客视频 
 - 
 郑重声明：东方财富网发布此信息的目的在于传播更多信息，与本站立场无关。东方财富网不保证该信息（包括但不限于文字、视频、音频、数据及图表）全部或者部分内容的准确性、真实性、完整性、有效性、及时性、原创性等。相关信息并未经过本网站证实，不对您构成任何投资建议，据此操作，风险自担。
 东方财富 
 扫一扫下载APP
 东方财富产品 
 东方财富免费版 
 东方财富Level-2 
 东方财富策略版 
 妙想投研助理 
 Choice金融终端 
 证券交易 
 东方财富证券开户 
 东方财富在线交易 
 东方财富证券交易 
 关注东方财富 
 东方财富网微博 
 东方财富网微信 
 意见与建议 
 天天基金 
 扫一扫下载APP
 基金交易 
 基金开户 
 基金交易 
 活期宝 
 基金产品 
 稳健理财 
 关注天天基金 
 天天基金网微博 
 天天基金网微信 
 东方财富期货 
 扫一扫下载APP
 期货交易 
 期货手机开户 
 期货电脑开户 
 期货官方网站 
 信息网络传播视听节目许可证：0908328号 经营证券期货业务许可证编号：913101046312860336 违法和不良信息举报:021-61278686 举报邮箱： jubao@eastmoney.com 
 沪ICP证:沪B2-20070217 网站备案号:沪ICP备05006054号-11 沪公网安备 31010402000120号 版权所有:东方财富网 意见与建议:4000300059/952500 
 关于我们 
 可持续发展 
 广告服务 
 供应商平台 
 联系我们 
 诚聘英才 
 法律声明 
 隐私保护 
 征稿启事 
 友情链接",2025-02-04,东方财富网,https://caifuhao.eastmoney.com/news/20250204221643886792100,accepted
CNINFO-002594-1222456351,announcement,2025年1月产销快报,"证券代码：002594 证券简称：比亚迪 公告编号：2025-004 比亚迪股份有限公司 2025年1月产销快报 本公司及董事会全体成员保证信息披露的内容真实、准确、完整，没有虚假记载、误导性陈述或重大遗漏。 比亚迪股份有限公司(以下简称“本公司”)2025年1月产销快报数据如下： 单位：辆 产量 销量 项目类别 本月 去年同期 本年累计 去年累计 累计同比 本月 去年同期 本年累计 去年累计 累计同比 新能源汽车 327,864 205,588 327,864 205,588 59.48% 300,538 201,493 300,538 201,493 49.16% -乘用车 323,811 205,114 323,811 205,114 57.87% 296,446 201,019 296,446 201,019 47.47% -纯电动 136,931 114,365 136,931 114,365 19.73% 125,377 105,304 125,377 105,304 19.06% -插电式混合动力 186,880 90,749 186,880 90,749 105.93% 171,069 95,715 171,069 95,715 78.73% -商用车 4,053 474 4,053 474 755.06% 4,092 474 4,092 474 763.29% -客车 286 325 286 325 -12.00% 286 325 286 325 -12.00% -其他 3,767 149 3,767 149 2428.19% 3,806 149 3,806 149 2454.36% 合计 327,864 205,588 327,864 205,588 59.48% 300,538 201,493 300,538 201,493 49.16% 注：本公司 2025 年 1 月海外销售新能源乘用车合计 66,336 辆； 本公司 2025 年 1 月新能源汽车动力电池及储能电池装机总量约为 15.511GWh，2025 年累计装机总量约为 15.511GWh。 务请注意，上述产、销量数字未经审核，亦未经本公司审计师确认，或会予以调整并有待最终确认。本公司刊发财务业绩后，股东及 潜在投资者务必详阅。
特此公告。 比亚迪股份有限公司董事会 2025 年 2 月 4 日",2025-02-05,巨潮资讯网,https://static.cninfo.com.cn/finalpage/2025-02-05/1222456351.pdf,accepted
CNINFO-300390-1222484334,announcement,关于签署锂资源开发投资协议的公告,"证券代码：300390 证券简称： 天华新能 公告编号：2025-006 苏州天华新能源科技股份有限公司 关于签署锂资源开发投资协议的公告 特别提示： 1、本协议为框架性协议，确立了各方战略合作关系，各方后续合作以具体 签订的正式协议为准，具体实施内容和进度尚存在不确定性。 2、本协议的履行对公司本年度经营成果不构成重大影响。 3、公司近三年披露的其它框架协议具体情况详见本公告“七、其他相关说明 第 1 条”之相关内容。 一、协议签署概况 尼日利亚具有丰富的锂资源，在全球锂资源供应中扮演重要角色；Kebbi 州 的锂资源开发走在尼日利亚前列， 希望引进有实力、 有技术的企业进行开发， 以 促进尼日利亚矿业繁荣和经济发展；三冠矿业有限公司（ Three Crown Mines Limited， 以下简称 “三冠矿业” ） 是一家尼日利亚矿业公司， 其位于Ngaski L.G.A, Kebbi State,Nigeria 编号为 45158 EL 及 46216 SSML 的矿权（以下简称“标的矿 权” ） 勘探工作已基本结束，钻探显示有良好的锂资源开发前景，需要引入战略 投资者共同开发； 在Kebbi 州政府招商引资和见证下，苏州天华新能源科技股份 有限公司（以下简称“公司”）与三冠矿业拟共同对标的矿权进行投资、开发和运 营（以下简称“项目投资”）。 2025年2月5日，公司召开第六届董事会第二十三次会议， 审议通过了《关于 拟签署<Kebbi州锂资源开发投资协议>的议案》。公司已与尼日利亚Kebbi州政府、 三冠矿业就项目合作框架签署《Kebbi州锂资源开发投资协议》 ，建立合作关系。 本次签署协议事项不构成关联交易，不构成 《上市公司重大资产重组管理办 法》中规定的重大资产重组。 本公司及董事会全体成员保证信息披露的内容真实、准确、完整，没有虚假 记载、误导性陈述或重大遗漏。
二、交易对手方介绍 1、尼日利亚 Kebbi 州政府（KEBBI STATE）是尼日利亚一级行政区，其锂 资源禀赋在尼日利亚所有州中居于前列。 2、三冠矿业是 2022 年依据尼日利亚公司法成立的有限责任公司，注册资本： 1000 万奈拉，主营业务：固体矿产的勘探、开采、提炼及出售，原材料出口， 以及加工固体矿物产品及副产品的零售、买卖和批发。 3、公司与尼日利亚 Kebbi 州政府、三冠矿业不存在关联关系。 三、协议的主要内容 1、投资模式：公司和三冠矿业（或者其股东）将通过适当方式，形成持有 标的矿权 100%权益并负责对标的矿权进行项目投资的合资公司。其中，公司将 持有合资公司 85%的股份，三冠矿业（或者其股东）将持有合资公司 15%的股 份。 2、项目概况：公司将通过合资公司建设一座尼日利亚领先的锂矿开采、选 矿、尾矿处理现代化工厂，并负责管理和运营。 3、项目见证：Kebbi 州政府作为本次项目投资的见证人，将积极有效地促 成公司与三冠矿业的合作，使项目投资尽早落地。 4、州政府支持：Kebbi 州政府为公司的项目投资提供投资优惠待遇，将指 定特定机构、 专门人员， 引导公司开展项目投资， 确保不被任何第三方阻挠， 促 进投资落地。 5、投资规模： 公司预计在Kebbi 州总投资额超过 2 亿美元， 最终投资总额、 投资规模以可行性研究报告为准。 6、三冠矿业承诺：就标的矿权，将且仅将与公司合作，并将及时与公司签 订详细的合作协议，进一步约定双方权利义务，尽早实现项目开发。 7、产品承销：公司在项目生命周期内，将承销合资公司的全部产品。具体 价格以公司和合资公司的约定为准。 四、对上市公司的影响 上述协议的履行对公司业务独立性无重大影响， 公司主营业务不会因履行协 议对协议当事人产生依赖性。本次协议的签署不会对公司当年经营业绩产生影响，
不存在损害上市公司及全体股东利益的情形。 五、风险提示 1、本次签署的协议为框架性协议，是各方合作意愿和基本原则的意向性文 件， 具体实施尚存在不确定性。协议的履行将在各方另行签署的正式协议中进一 步明确。 协议各方均具有履行能力， 但在协议履行过程中， 如遇政策、 市场环境 等不可预计因素的影响， 可能会导致协议无法如期或全面履行， 协议的履行存在 风险和不确定性。 2、公司目前指定的信息披露媒体为《证券时报》、《上海证券报》及巨潮 资讯网， 公司所有信息均以在上述指定媒体刊登的信息为准。 公司将严格按照有 关法律法规的规定和要求，认真履行信息披露义务，及时做好信息披露工作。 敬请广大投资者理性投资，注意风险。 六、审议程序 根据 《深圳证券交易所创业板股票上市规则》、《深圳证券交易所上市公司自 律监管指引第 2 号——创业板上市公司规范运作》、《公司章程》 等相关规定，本 次事项已经公司董事会审议通过。因实际投资额尚需根据可行性研究报告确定， 公司董事会授权经营管理层在董事会权限范围内签署正式投资协议。 但若投资金 额超出董事会的审议权限，则授权董事会直接将上述事项提交股东大会审议。 七、其他相关说明 1、截至本公告披露日，公司近三年披露的签订框架协议情况如下： 协议名称 协议对方 披露日期 进展情况 《销售合同（2023-2025）》 爱思开新能源（上海）有限公司 2022年10月13日 履行中 《2023-2025年战略合作 协议书》 成都巴莫科技有限责任公司 2022年11月24日 履行中 《氢氧化锂供应协议》 某全球知名汽车公司 2022年12月12日 已完成 《Kebbi州锂资源开发投 资协议》 尼日利亚Kebbi州政府、 三冠矿业 2025年2月5日 履行中 2、本协议签订前三个月内，公司控股股东暨实际控制人、其他持股5%以上
股东、 董监高不存在持股变动情况； 未来三个月内， 公司不存在控股股东、 持股 5%以上股东、董监高所持限售股份解除限售情况。 截至本公告披露日，公司未 收到控股股东、持股5%以上股东、董监高拟在未来三个月内减持公司股份的通 知。 八、备查文件 交易各方签署的《Kebbi 州锂资源开发投资协议》。 特此公告。 苏州天华新能源科技股份有限公司董事会 2025 年 2 月 7 日",2025-02-07,巨潮资讯网,https://static.cninfo.com.cn/finalpage/2025-02-07/1222484334.PDF,accepted
GFEX-WR-20250210,announcement,广期所碳酸锂仓单日报：仓单减少880手,广州期货交易所2025-02-10仓单日报显示，碳酸锂仓单总量为47507手，减少880手。,2025-02-10,广州期货交易所,https://www.gfex.com.cn/gfex/cdrb/hqsj_tjsj.shtml,accepted
GFEX-WR-20250213,announcement,广期所碳酸锂仓单日报：仓单减少1009手,广州期货交易所2025-02-13仓单日报显示，碳酸锂仓单总量为45753手，减少1009手。,2025-02-13,广州期货交易所,https://www.gfex.com.cn/gfex/cdrb/hqsj_tjsj.shtml,accepted
CNINFO-002460-1222536441,announcement,关于阿根廷Mariana锂盐湖项目正式投产的公告,证券代码：002460 证券简称：赣锋锂业 编号：临2025-018 江西赣锋锂业集团股份有限公司 关于阿根廷Mariana锂盐湖项目正式投产的公告 本公司及其董事会全体成员保证公告内容真实、准确和完整， 无虚假记载、误导性陈述或者重大遗漏。 江西赣锋锂业集团股份有限公司全资子公司 Litio Minera Argentina S.A.（以下简称“LMA”）旗下阿根廷Mariana锂盐湖项目 一期于当地时间 2025年2月12日在项目地 举办了投产仪式，标志着 Mariana锂盐湖项目一期正式投产。 Mariana锂盐湖项目位于阿根廷萨尔塔省，目前已勘探的锂资源 总量约合812.1万吨LCE。Mariana锂盐湖项目一期规划年产能2万吨氯 化锂生产线正式投产后，公司将积极加快推动该项目产能爬坡进度， 随着产能的逐步释放，将进一步优化公司锂资源的供应及成本结构， 提高公司的盈利能力，不断提升公司在全球市场的核心竞争力。 公司将根据相关事项后续进展情况履行相应程序和信息披露义 务。敬请广大投资者理性投资，注意投资风险。 特此公告。 江西赣锋锂业集团股份有限公司 董事会 2025 年 2 月 14 日,2025-02-14,巨潮资讯网,https://static.cninfo.com.cn/finalpage/2025-02-14/1222536441.PDF,accepted
CNINFO-002466-1222581162,announcement,关于2024年度计提资产减值准备的进展公告,"1 股票代码：002466 股票简称：天齐锂业 公告编号：2025-006 天齐锂业股份有限公司 关于 2024 年度计提资产减值准备的进展公告 本公司及董事会全体成员保证信息披露的内容真实、准确、 完整，没有虚假记载、误导性陈述或重大遗漏。 一、背景 天齐锂业股份有限公司（以下简称“公司” ）分别于2016年和2017年在澳大利亚启 动了 “年产2.4万吨电池级单水氢氧化锂项目” （以下简称 “一期氢氧化锂项目” ） 和 “第 二期年产2.4万吨电池级单水氢氧化锂项目” （以下简称 “二期氢氧化锂项目” ） 建设相关 工作。 目前， 一期氢氧化锂项目处于产能爬坡阶段；二期氢氧化锂项目经公司于2025年 1月23日召开的第六届董事会第二十次会议审议通过后，已终止投资建设。上述氢氧化 锂项目由公司在澳大利亚的控股子公司Tianqi Lithium Energy Australia Pty Ltd （以下简 称“TLEA” ） 之全资子公司Tianqi Lithium Kwinana Pty Ltd作为实施主体， 公司持有控股 子公司TLEA注册资本的51%，IGO Limited（以下简称“IGO”）全资子公司IGO Lithium Holdings Pty Ltd持有TLEA注册资本的49%。具体内容详见公司于2025年1月24日刊载在 指定信息披露媒体及巨潮资讯网（http://www.cninfo.com.cn）的《关于终止投资建设第 二期年产2.4万吨电池级单水氢氧化锂项目的公告》 （公告编号：2025-003）。 公司根据《企业会计准则》 《深圳证券交易所股票上市规则》及公司相关制度，基 于谨慎性原则，为更真实、 准确地反映公司截止2024年12月31日的财务状况、 资产价值 及经营成果， 公司及下属子公司对相关资产进行全面充分的清查、 分析和评估， 对截至 2024年12月31日可能发生减值迹象的资产进行减值测试后， 预计计提资产减值准备合计 约21.63亿元人民币（其中包括二期氢氧化锂项目相关资产减值14.12亿元，不包含一期 氢氧化锂项目（如有） ）。具体内容详见公司于2025年1月24日刊载在指定信息披露媒体 及巨潮资讯网 （http://www.cninfo.com.cn）的《关于2024年度计提资产减值准备的公告》 （公告编号：2025-005）。 二、本次计提资产减值准备进展情况 截至本公告披露日，公司控股子公司TLEA管理层已就上述氢氧化锂项目执行资产
2 减值测试， 根据TLEA管理层目前提交的管理账目，TLEA管理层结合第三方机构的价格 预测、第三方工程公司报告、公司历史运营情况等信息，综合评估认为，TLEA不需要 对一期氢氧化锂项目计提资产减值准备；本次减值测试的最终结论将以TLEA审计报告 为准。 三、风险提示 为了真实、准确地反映公司截至2024年12月31日的财务状况及2024年度经营成果， 基于谨慎性原则， 公司目前仍将根据 《企业会计准则》 等相关规定对公司相关资产进行 持续的减值测试。截至本公告披露日， 预计计提资产减值准备金额数据尚未经审计， 最 终的计提减值金额尚待进一步验证和确认，最终结果请以审计后的公司 《2024年年度报 告》 为准。如确认后的资产减值损失金额对公司2024年度经营业绩造成较大影响， 公司 将及时履行信息披露义务。 请投资者理性投资，注意投资风险。 特此公告。 天齐锂业股份有限公司董事会 二〇二五年二月二十日",2025-02-20,巨潮资讯网,https://static.cninfo.com.cn/finalpage/2025-02-20/1222581162.PDF,accepted
GFEX-WR-20250227,announcement,广期所碳酸锂仓单日报：仓单增加1564手,广州期货交易所2025-02-27仓单日报显示，碳酸锂仓单总量为46106手，增加1564手。,2025-02-27,广州期货交易所,https://www.gfex.com.cn/gfex/cdrb/hqsj_tjsj.shtml,accepted
CNINFO-002594-1222683514,announcement,2025年2月产销快报,"证券代码：002594 证券简称：比亚迪 公告编号：2025-005 比亚迪股份有限公司 2025年2月产销快报 本公司及董事会全体成员保证信息披露的内容真实、准确、完整，没有虚假记载、误导性陈述或重大遗漏。 比亚迪股份有限公司(以下简称“本公司”)2025年2月产销快报数据如下： 单位：辆 产量 销量 项目类别 本月 去年同期 本年累计 去年累计 累计同比 本月 去年同期 本年累计 去年累计 累计同比 新能源汽车 334,124 110,474 661,988 316,062 109.45% 322,846 122,311 623,384 323,804 92.52% -乘用车 329,211 109,911 653,022 315,025 107.29% 318,233 121,748 614,679 322,767 90.44% -纯电动 126,419 43,013 263,350 157,378 67.34% 124,902 54,908 250,279 160,212 56.22% -插电式混合动力 202,792 66,898 389,672 157,647 147.18% 193,331 66,840 364,400 162,555 124.17% -商用车 4,913 563 8,966 1,037 764.61% 4,613 563 8,705 1,037 739.44% -客车 453 201 739 526 40.49% 453 201 739 526 40.49% -其他 4,460 362 8,227 511 1509.98% 4,160 362 7,966 511 1458.90% 合计 334,124 110,474 661,988 316,062 109.45% 322,846 122,311 623,384 323,804 92.52% 注：本公司 2025 年 2 月海外销售新能源乘用车合计 67,025 辆； 本公司 2025 年 2 月新能源汽车动力电池及储能电池装机总量约为 16.695GWh，2025 年累计装机总量约为 32.206GWh。 务请注意，上述产、销量数字未经审核，亦未经本公司审计师确认，或会予以调整并有待最终确认。本公司刊发财务业绩后，股东及 潜在投资者务必详阅。
特此公告。 比亚迪股份有限公司董事会 2025 年 3 月 2 日",2025-03-03,巨潮资讯网,https://static.cninfo.com.cn/finalpage/2025-03-03/1222683514.pdf,accepted
GFEX-WR-20250306,announcement,广期所碳酸锂仓单日报：仓单减少1982手,广州期货交易所2025-03-06仓单日报显示，碳酸锂仓单总量为44439手，减少1982手。,2025-03-06,广州期货交易所,https://www.gfex.com.cn/gfex/cdrb/hqsj_tjsj.shtml,accepted
GFEX-WR-20250307,announcement,广期所碳酸锂仓单日报：仓单减少1993手,广州期货交易所2025-03-07仓单日报显示，碳酸锂仓单总量为42446手，减少1993手。,2025-03-07,广州期货交易所,https://www.gfex.com.cn/gfex/cdrb/hqsj_tjsj.shtml,accepted
GFEX-WR-20250310,announcement,广期所碳酸锂仓单日报：仓单减少3878手,广州期货交易所2025-03-10仓单日报显示，碳酸锂仓单总量为38568手，减少3878手。,2025-03-10,广州期货交易所,https://www.gfex.com.cn/gfex/cdrb/hqsj_tjsj.shtml,accepted
GFEX-WR-20250313,announcement,广期所碳酸锂仓单日报：仓单减少1610手,广州期货交易所2025-03-13仓单日报显示，碳酸锂仓单总量为36922手，减少1610手。,2025-03-13,广州期货交易所,https://www.gfex.com.cn/gfex/cdrb/hqsj_tjsj.shtml,accepted
GFEX-WR-20250314,announcement,广期所碳酸锂仓单日报：仓单减少967手,广州期货交易所2025-03-14仓单日报显示，碳酸锂仓单总量为35955手，减少967手。,2025-03-14,广州期货交易所,https://www.gfex.com.cn/gfex/cdrb/hqsj_tjsj.shtml,accepted
GFEX-WR-20250319,announcement,广期所碳酸锂仓单日报：仓单增加860手,广州期货交易所2025-03-19仓单日报显示，碳酸锂仓单总量为36832手，增加860手。,2025-03-19,广州期货交易所,https://www.gfex.com.cn/gfex/cdrb/hqsj_tjsj.shtml,accepted
CNINFO-300390-1222857555,announcement,关于宜春盛源取得江西省奉新县金子峰—宜丰县左家里矿区陶瓷土（含锂）矿采矿许可证的公告,"证券代码：300390 证券简称：天华新能 公告编号：2025-013 苏州天华新能源科技股份有限公司 关于宜春盛源取得江西省奉新县金子峰—宜丰县左家里矿区 陶瓷土（含锂）矿采矿许可证的公告 一、交易概述 苏州天华新能源科技股份有限公司（以下简称“公司”）于 2024 年 11 月 26 日召开第六届董事会第二十次会议， 审议通过了《关于孙公司拟参与江西省奉新 县金子峰—宜丰县左家里矿区陶瓷土 （含锂） 矿采矿权拍卖的议案》 ， 同意孙公 司宜春盛源锂业有限责任公司 （以下简称“宜春盛源”） 参与江西省奉新县金子峰 —宜丰县左家里矿区陶瓷土（含锂）矿采矿权拍卖。2024 年 11 月 28 日，宜春 盛源以 251,028 万元成功作为竞得入选人竞得江西省奉新县金子峰—宜丰县左家 里矿区陶瓷土 （含锂） 矿采矿权，具体内容详见公司于 2024 年 12 月 2 日在巨潮 资讯网（http://www.cninfo.com.cn）披露的《关于孙公司竞得江西省奉新县金子 峰—宜丰县左家里矿区陶瓷土 （含锂） 矿采矿权的公告》 （公告编号：2024-073）。 二、交易进展 近日， 公司收到宜春盛源的通知，宜春盛源已取得由宜春市自然资源局颁发 的江西省奉新县金子峰—宜丰县左家里矿区 陶瓷土 （含锂） 矿《采矿许可证》 ， 具体内容如下： 1、采矿权人：宜春盛源锂业有限责任公司 2、开采矿种：陶瓷土 3、地址：江西省宜春市奉新县 4、开采方式：露天开采 5、矿山名称：江西省奉新县金子峰—宜丰县左家里矿区 陶瓷土 （含锂） 矿 6、生产规模：900.00 万吨/年 本公司及董事会全体成员保证信息披露的内容真实、准确、完整，没有虚假 记载、误导性陈述或重大遗漏。
7、矿区面积：0.8429 平方公里 8、有效期限：贰拾叁年（自 2025 年 3 月 7 日至 2048 年 3 月 6 日） 9、证号：C3609002025037100158106 10、发证机关：宜春市自然资源局 三、对公司的影响 本次取得江西省奉新县金子峰—宜丰县左家里矿区陶瓷土 （含锂） 矿采矿权 证， 有助于公司增加锂矿资源的储备， 有效保障公司锂矿资源供应， 增强公司核 心竞争力。 四、风险提示 公司目前还未对矿区进行全面、 细致的开采工作， 存在预测有关矿体的规模、 形态、储量、品位等可能与实际开采有差距的风险。 敬请广大投资者注意投资风险，谨慎作出投资决策。 五、备查文件 1、《采矿许可证》。 特此公告。 苏州天华新能源科技股份有限公司董事会 2025 年 3 月 20 日",2025-03-20,巨潮资讯网,https://static.cninfo.com.cn/finalpage/2025-03-20/1222857555.PDF,accepted
CNINFO-300390-1222857559,announcement,关于开展期货套期保值业务的公告,"证券代码：300390 证券简称：天华新能 公告编号：2025-010 苏州天华新能源科技股份有限公司 关于开展期货套期保值业务的公告 重要内容提示： 1、 交易目的： 为避免锂电材料价格波动带来的不利影响， 苏州天华新能源科技 股份有限公司（以下简称“公司”）拟开展期货套期保值业务，通过期货套期保值的 避险机制降低市场价格波动给公司带来的经营风险，保持公司经营业绩持续稳定。 2、 交易金额：公司开展期货套期保值业务， 所需交易保证金上限不超过人民币 5 亿元； 任一交易日持有的最高合约价值不超过人民币20 亿元， 上述额度在有效期 限内可循环滚动使用。本次业务期限内任一时点的交易金额（含前述交易的收益进 行再交易的相关金额）将不超过前述已审议额度。 3、公司拟开展的期货套期保值的品种为与公司及控股子公司生产经营有直接关 系的锂盐及生产锂盐所需原材料等相关期货品种。交易场所包括符合国内监管要求 的公开交易所及具备合法资质的境外交易所。 4、 审议程序： 该事项已经公司第六届董事会第二十四次会议审议通过。 本次交 易事项在董事会审批权限内，无需提交股东大会审议。 5、 特别风险提示： 公司进行期货套期保值业务不以投机、 套利为目的， 均以正 常生产经营为基础， 主要为有效规避锂电材料价格剧烈波动对公司经营带来的影响， 但进行套期保值交易仍存在一定的风险。敬请投资者注意投资风险。 公司于 2025 年 3 月 20 日召开第六届董事会第二十四次会议，审议通过了《关 于开展期货套期保值业务的议案》，因公司业务发展的需要，拟开展期货套期保值 本公司及董事会全体成员保证 信息披露的内容真实、准确、完整，没有虚假 记载、误导性陈述或重大遗漏。
业务，现将有关情况公告如下： 一、开展期货套期保值业务的目的和必要性 近年来， 锂电材料价格波动巨大， 为降低市场价格波动给公司带来的经营风险， 保持公司经营业绩持续稳定，公司拟利用期货衍生品等工具的避险保值功能，根据 生产经营计划择机开展期货套期保值业务，增强公司抗风险能力，有效降低市场价 格波动风险，保障业务的持续规模化经营和企业稳步发展。 二、开展期货套期保值业务的基本情况 公司董事会授权经营管理层及其授权人士开展期货套期保值业务，并按照公司 制定的《期货套期保值业务管理制度》相关规定及流程，进行套期保值业务操作及 管理。 1、交易品种 公司开展期货套期保值业务的期货品种为与公司及控股子公司生产经营有直接 关系的锂盐及生产锂盐所需原材料等相关期货品种。 2、交易工具 远期、期货、期权等衍生品合约。 3、交易场所 交易场所包括符合国内监管要求的公开交易所及具备合法资质的境外交易所。 4、资金额度 公司开展期货套期保值业务，所需交易保证金上限不超过人民币 5 亿元；任一 交易日持有的最高合约价值不超过人民币 20 亿元，上述额度在有效期限内可循环滚 动使用。本次业务期限内任一时点的交易金额（含前述交易的收益进行再交易的相 关金额）将不超过前述已审议额度。 5、资金来源 公司自有及自筹资金，不涉及募集资金。
6、业务期限 自公司第六届董事会第二十四次会议审议通过之日起 12 个月内有效。 如单笔交 易的存续期超过了授权期限，则授权期限自动顺延至该笔交易终止时止。 三、期货套期保值业务审议程序 本次期货套期保值业务已经第六届董事会第二十四次会议审议通过，本次交易 事项在董事会的审批权限内，无需提交股东大会审议。 四、开展期货套期保值业务的风险分析 公司开展期货套期保值业务不以投机为目的，主要为有效降低新能源市场原材 料及产成品市场价格剧烈波动可能对公司经营带来的影响，但同时也会存在一定的 风险，具体如下： 1、市场风险 理论上，各期货交易品种在临近交割期时期货市场价格和现货市场价格将趋于 回归一致，但在极个别的非理性市场情况下，如市场发生系统性风险，期货价格与 现货价格走势相背离等，会对公司的套期保值操作方案带来影响，甚至造成损失。 2、政策风险 如期货市场相关法规政策发生重大变化，可能导致市场发生剧烈波动或无法交 易的风险。 3、流动性风险 期货交易采取保证金和逐日盯市制度，按照经公司审批的方案下单操作时，如 果合约活跃度较低，导致套期保值交易需求无法成交或无法在适当价位成交，令实 际交易结果与方案设计出现较大偏差，甚至面临因行情剧烈波动未能及时补足保证 金而被强行平仓带来的损失。 4、内部控制风险 期货交易专业性较强，复杂程度较高，可能会产生由于内控体系不完善造成的
风险。 5、技术风险 由于无法控制和不可预测的系统故障、网络故障、通讯故障等造成交易系统非 正常运行，导致交易指令延迟、中断或数据错误等问题。 五、风险控制措施 1、 公司严格执行有关法律法规， 制定 《期货套期保值业务管理制度》 ， 对公司 开展期货套期保值业务的审批权限、操作流程及风险控制等方面做出明确的规定， 建立有效的监督检查、风险控制和交易止损机制，降低内部控制风险； 2、 合理设置公司期货业务组织机构， 建立岗位责任制， 明确各相关部门和岗位 的职责权限，严格在董事会批准的权限内办理公司期货套期保值业务。同时，加强 相关人员的职业道德教育及业务培训，提高相关人员的综合素质，提升相关人员的 专业知识； 3、 公司期货套期保值业务仅限于与公司经营业务相关性高的期货品种， 业务规 模将与公司经营业务相匹配，最大程度对冲价格波动风险。在制订交易方案的同时 做好资金测算，以确保可用资金充裕；严格控制套期保值的资金规模，合理规划和 使用资金，在市场剧烈波动时做到合理止损，有效规避风险； 4、 公司内部审计部门定期及不定期对套期保值交易业务进行检查， 监督套期保 值交易业务人员执行风险管理制度和风险管理工作程序，及时防范业务中的操作风 险； 5、 公司不断加强相关工作人员的职业道德教育及业务培训， 提高综合素质。 加 强对国家及相关监管机构政策的把握和理解， 及时合理地调整套期保值思路与方案。 六、开展期货套期保值业务的会计核算原则 公司根据 《企业会计准则第22 号——金融工具确认和计量》 《企业会计准则第 24 号——套期会计》《企业会计准则第 37 号——金融工具列报》《企业会计准则 第 39 号——公允价值计量》 等相关规定及其指南， 对期货套期保值业务进行相应的
核算处理，并在财务报告中正确列报。 七、独立董事专门会议意见 经审议，全体独立董事认为： 公司开展期货套期保值业务是以风险防范为目的， 有利于降低原料或产品价格波动风险，符合公司业务发展及日常经营需要，有利于 公司长期稳健发展。公司通过开展期货套期保值业务来规避原料或产品价格波动风 险是合理的。相关决策程序符合国家相关法律、法规及《公司章程》的有关规定。 公司已制定《期货套期保值业务管理制度》，明确了审批权限、专业管理、风险控 制等内部控制程序，对公司控制期货套期保值风险起到了保障的作用。公司亦对期 货套期保值业务的开展作出了明确规定，不存在损害公司和全体股东尤其是中小股 东利益的情形。综上，我们一致同意公司开展期货套期保值业务。 八、备查文件 1、公司第六届董事会独立董事 2025 年第一次专门会议决议； 2、公司第六届董事会第二十四次会议决议； 3、关于开展期货套期保值业务的可行性分析报告。 特此公告。 苏州天华新能源科技股份有限公司董事会 2025 年 3 月 20 日",2025-03-20,巨潮资讯网,https://static.cninfo.com.cn/finalpage/2025-03-20/1222857559.PDF,accepted
GFEX-WR-20250320,announcement,广期所碳酸锂仓单日报：仓单增加1249手,广州期货交易所2025-03-20仓单日报显示，碳酸锂仓单总量为38081手，增加1249手。,2025-03-20,广州期货交易所,https://www.gfex.com.cn/gfex/cdrb/hqsj_tjsj.shtml,accepted
CNINFO-002240-1222870682,announcement,关于开展商品期货套期保值业务的公告,"证券代码：002240 证券简称：盛新锂能 公告编号：2025-016 盛新锂能集团股份有限公司 关于开展商品期货套期保值业务的公告 本公司及董事会全体成员保证信息披露内容的真实、准确和完整，没有虚 假记载、误导性陈述或重大遗漏。 盛新锂能集团股份有限公司（以下简称“公司” ）于 2025 年 3 月 21 日召开 第八届董事会第十八次会议， 审议通过了 《关于开展商品期货套期保值业务的议 案》，尚需提交 2024 年年度股东大会审议。因公司及控股子公司业务发展的需要， 拟开展商品期货套期保值业务，现将有关情况公告如下： 一、开展商品期货套期保值业务的目的 公司主要从事锂电新能源材料业务， 主要产品为碳酸锂、 氢氧化锂等锂盐产 品， 生产经营过程中需要纯碱和烧碱作为重要原材料。为降低原材料及产品价格 波动给公司带来的经营风险， 保持公司经营业绩持续、 稳定， 公司及控股子公司 拟利用期货工具的避险保值功能，根据生产经营计划择机开展锂盐、 纯碱和烧碱 的商品期货套期保值业务， 有效降低原材料及产品市场价格波动风险， 保障主营 业务稳步发展。 本次开展商品期货套期保值业务，工具选择为与公司生产经营相关的锂盐、 纯碱和烧碱期货品种，预计将有效控制原材料及产成品价格波动风险敞口。 二、开展商品期货套期保值业务的基本情况 公司将严格按照 《商品期货套期保值业务管理制度》 相关规定及流程， 进行 套期保值业务操作及管理。 1、交易品种 公司及控股子公司 开展商品期货套期保值业务的期货品种仅限于与公司生 产经营有直接关系的锂盐、纯碱和烧碱期货品种； 2、资金额度 公司及控股子公司开展套期保值业务的保证金金额不超过人民币 9 亿元（不 含期货标的实物交割款项） ，任一交易日持有的最高合约价值不超过 30 亿元，上
述额度在有效期限内可循环滚动使用； 3、资金来源 公司自有及自筹资金，不涉及募集资金； 4、业务期限 本次交易额度有效期自公司 2024 年年度股东大会审议通过之日起 12 个月内 有效。 如单笔交易的存续期超过了授权期限， 则授权期限自动顺延至该笔交易终 止时止。 三、商品期货套期保值业务审议程序 本次商品期货套期保值业务已经公司第八届董事会第十八次会议审议通过， 尚需提交 2024 年年度股东大会审议。 四、开展商品期货套期保值业务的风险分析 公司及控股子公司开展套期保值业务不以投机为目的， 主要为有效降低锂盐 产品、纯碱和烧碱市场价格剧烈波动可能对公司经营带来的影响， 但同时也会存 在一定的风险，具体如下： 1、市场风险 理论上， 各交易品种在临近交割期时期货市场价格和现货市场价格将趋于回 归一致， 但在极个别的非理性市场情况下， 如市场发生系统性风险， 期货价格与 现货价格走势相背离等， 会对公司的套期保值操作方案带来影响， 甚至造成损失； 2、政策风险 如期货市场相关法规政策发生重大变化， 可能导致市场发生剧烈波动或无法 交易的风险； 3、流动性风险 期货交易采取保证金和逐日盯市制度，按照经公司审批的方案下单操作时， 如果合约活跃度较低， 导致套期保值持仓无法成交或无法在合适价位成交， 令实 际交易结果与方案设计出现较大偏差， 甚至面临因未能及时补足保证金而被强行 平仓带来的损失； 4、内部控制风险 期货交易专业性较强， 复杂程度较高， 可能会产生由于内控体系不完善造成 的风险；
5、技术风险 由于无法控制和不可预测的系统故障、 网络故障、 通讯故障等造成交易系统 非正常运行， 使交易指令出现延迟、 中断或数据错误等问题， 从而带来相应风险。 五、风险控制措施 1、公司严格执行有关法律法规， 制定 《商品期货套期保值业务管理制度》 ， 对公司及控股子公司开展商品期货套期保值业务的审批权限、 操作流程及风险控 制等方面做出明确的规定， 建立有效的监督检查、 风险控制和交易止损机制， 降 低内部控制风险； 2、合理设置公司期货业务组织机构，建立岗位责任制，明确各相关部门和 岗位的职责权限， 严格在股东大会批准的权限内办理公司商品期货套期保值业务。 同时， 加强相关人员的职业道德教育及业务培训， 提高相关人员的综合素质， 提 升相关人员的专业知识； 3、公司及控股子公司商品期货套期保值业务仅限于与公司经营业务相关性 高的期货品种， 业务规模将与公司经营业务相匹配， 最大程度对冲价格波动风险。 在制订交易方案的同时做好资金测算， 以确保可用资金充裕； 严格控制套期保值 的资金规模， 合理规划和使用资金， 在市场剧烈波动时做到合理止损， 有效规避 风险； 4、公司内部审计部门定期及不定期对套期保值交易业务进行检查，监督套 期保值交易业务人员执行风险管理制度和风险管理工作程序， 及时防范业务中的 操作风险。 六、开展商品期货套期保值业务的会计核算原则 公司根据 《企业会计准则第22 号——金融工具确认和计量》《企业会计准则 第 24 号——套期会计》《企业会计准则第 37 号——金融工具列报》《企业会计准 则第 39 号——公允价值计量》等相关规定及其指南，对商品期货套期保值业务 进行相应的核算处理，并在财务报告中正确列报。 七、备查文件 1、公司第八届董事会第十八次会议决议； 2、关于开展商品期货套期保值业务的可行性分析报告。 特此公告。
盛新锂能集团股份有限公司 董事会 二〇二五年三月二十一日",2025-03-22,巨潮资讯网,https://static.cninfo.com.cn/finalpage/2025-03-22/1222870682.PDF,accepted
GFEX-WR-20250324,announcement,广期所碳酸锂仓单日报：仓单减少824手,广州期货交易所2025-03-24仓单日报显示，碳酸锂仓单总量为36763手，减少824手。,2025-03-24,广州期货交易所,https://www.gfex.com.cn/gfex/cdrb/hqsj_tjsj.shtml,accepted
CNINFO-002756-1222881575,announcement,关于开展套期保值业务的公告,"1 证券代码：002756 证券简称：永兴材料 公告编号：2025-013 号 永兴特种材料科技股份有限公司 关于开展套期保值业务的公告 本公司及董事会全体成员保证信息披露的内容真实、 准确、 完整， 没 有虚假记载、误导性陈述或重大遗漏。 重要提示： 1.交易目的、 交易品种、 交易工具、 交易场所和交易金额：鉴于永兴特种材料科技 股份有限公司 （以下简称 “公司” ） 全资子公司江西永兴特钢新能源科技有限公司的主 要产品碳酸锂的价格受市场价格波动影响明显，为降低产品价格波动给公司带来的经 营风险， 保持公司经营业绩持续、 稳定， 公司拟开展套期保值业务，以有效降低市场价 格波动风险， 保障主营业务稳步发展。 本次开展的套期保值业务， 交易品种仅限与公司 生产经营有直接关系的碳酸锂，交易工具包括但不限于期货、期权及相关场外衍生品 合约。公司拟在合规并满足公司套期保值业务条件的场内外市场交易 ，套期保值业务 的保证金和权利金金额不超过人民币 30,000 万元（不含标的实物交割款项），任一交 易日持有的最高合约价值不超过人民币 30,000 万元。 上述额度在有效期限内可循环滚 动使用。 2.已履行的审议程序：本次套期保值业务已经公司审计委员会、独立董事专门会 议、第六届董事会第六次会议审议通过，无须提交股东大会审议。 3.特别风险提示： 套期保值业务存在固有的市场风险、政策风险、流动性风险及技 术风险， 公司将积极落实管控制度和风险防范措施， 审慎执行套期保值操作， 提醒投资 者充分关注投资风险。 一、套期保值业务情况概述 由公司董事会授权经营管理层开展套期保值业务，并按照公司制定的《套期保值 业务管理制度》相关规定及流程，进行套期保值业务操作及管理。
2 （一）投资目的 鉴于公司全资子公司江西永兴特钢新能源科技有限公司的主要产品碳酸锂的价格 受市场价格波动影响明显，为降低产品价格波动给公司带来的经营风险，保持公司经 营业绩持续、稳定，公司拟根据生产经营计划择机开展套期保值业务，有效降低市场 价格波动风险，保障主营业务稳步发展，预计将有效控制碳酸锂价格波动风险敞口。 （二）交易金额 公司开展套期保值业务的保证金和权利金金额不超过人民币 30,000 万元（不含 标的实物交割款项），上述额度在有效期限内可循环滚动使用。 （三）交易方式 本次开展套期保值业务，公司在合规并满足公司套期保值业务条件的场内、外市 场开展，交易品种仅限与公司生产经营有直接关系的碳酸锂，交易工具包括但不限于 期货、期权及相关场外衍生品合约。 （四）业务期限 自公司董事会审议通过之日起十二个月内有效。如单笔交易的存续期超过了授权 期限，则授权期限自动顺延至该笔交易终止时止。 （五）资金来源 自有资金。 二、审议程序 本次套期保值业务已经公司审计委员会、独立董事专门会议、第六届董事会第 六 次会议审议通过，额度在董事会的审批权限内，无须提交股东大会审议。 三、开展套期保值业务的风险分析 公司开展套期保值业务不以逐利为目的，主要为有效降低产品市场价格剧烈波动 对公司经营带来的影响，但同时也会存在一定的风险，具体如下： （一）市场风险 理论上，各交易品种在临近交割期时期货市场价格和现货市场价格将趋于回归一 致，但在极个别的非理性市场情况下，如市场发生系统性风险，期货价格与现货价格 走势相背离等，会对公司的套期保值操作方案带来影响，甚至造成损失。 （二）政策风险
3 如市场相关法规政策发生重大变化，可能导致市场发生剧烈波动或无法交易的风 险。 （三）流动性风险 如果合约活跃度较低，导致套期保值持仓无法成交或无法在合适价位成交，令实 际交易结果与方案设计出现较大偏差，甚至面临因未能及时补足保证金而被强行平仓 带来的损失。 （四）内部控制风险 套期保值业务交易专业性较强，复杂程度较高，可能会产生由于内控体系不完善 造成的风险。 （五）技术风险 由于无法控制和不可预测的系统故障、网络故障、通讯故障等造成交易系统非正 常运行，使交易指令出现延迟、中断或数据错误等问题，从而带来相应风险。 四、风险控制措施 （一）公司严格执行有关法律法规，制定《套期保值业务管理制度》，对公司开 展套期保值业务的审批权限、操作流程及风险控制等方面做出明确的规定，建立有效 的监督检查、风险控制和交易止损机制，降低内部控制风险。 （二）合理设置公司套期保值业务组织机构，建立岗位责任制，明确各相关部门 和岗位的职责权限，严格在董事会批准的权限内办理公司套期保值业务。同时，加强 相关人员的职业道德教育及业务培训，提高相关人员的综合素质，提升相关人员的专 业知识。 （三）公司套期保值业务仅限于与公司经营业务相关性高的交易品种，业务规模 将与公司经营业务相匹配，最大程度对冲价格波动风险。在制订交易方案的同时做好 资金测算，以确保可用资金充裕；严格控制套期保值的资金规模，合理规划和使用资 金，在市场剧烈波动时做到合理止损，有效规避风险。 （四）公司审计部定期及不定期对套期保值交易业务进行检查，监督套期保值交 易业务人员执行风险管理制度和风险管理工作程序，及时防范业务中的操作风险。 五、开展套期保值业务的会计核算原则
4 公司将根据《企业会计准则第22 号——金融工具确认和计量》 《企业会计准则第 24 号——套期会计》 《企业会计准则第37 号——金融工具列报》 《企业会计准则第39 号——公允价值计量》等相关规定及其指南，对 开展的套期保值业务进行相应的核算 处理，并在财务报告中正确列报。 六、备查文件 1、公司第六届董事会第六次会议决议 2、关于开展套期保值业务的可行性分析报告 特此公告。 永兴特种材料科技股份有限公司董事会 2025 年 3 月 25 日",2025-03-25,巨潮资讯网,https://static.cninfo.com.cn/finalpage/2025-03-25/1222881575.PDF,accepted
CNINFO-002466-1222913085,announcement,关于“质量回报双提升”行动方案的进展公告,"1 股票代码：002466 股票简称：天齐锂业 公告编号：2025-018 天齐锂业股份有限公司 关于“质量回报双提升”行动方案的进展公告 本公司及董事会全体成员保证信息披露的内容真实、准确、完 整，没有虚假记载、误导性陈述或重大遗漏。 天齐锂业股份有限公司（以下简称“公司”或“本公司”）于2024年3月2日披露了《关于 质量回报双提升行动方案的公告》 ， 为践行 “以投资者为本” 的发展理念， 维护全体股东利益， 促进公司长期可持续发展， 基于对未来发展前景的信心和对公司价值的认可， 结合公司发展战 略、生产经营情况等制定了“质量回报双提升”行动方案。具体举措包括：继续秉持“夯实上 游、做强中游、渗透下游”的发展战略；加快科技转型步伐，打造招才引智平台；坚守匠心精 神，持续提升公司核心竞争力；持续提高信息披露质量，高效传递公司价值；以投资者为本， 重视投资者回报。具体内容详见公司于 2024年3月2日刊载在指定信息披露媒体及巨潮资讯网 （http://www.cninfo.com.cn） 的 《关于质量回报双提升行动方案的公告》 （公告编号：2024-006）。 为贯彻落实上述行动方案，公司现将公司2024年度主要开展的工作公告如下： 一、研发与创新 公司紧密围绕发展战略， 构建了以市场为导向、以研发项目为核心的研发管理体系， 形成 了矿产资源综合利用、 新型提锂技术、 下一代高性能锂电用新型锂材料、 电池回收与资源回收 四大研究方向。四大研究方向学术带头人及研究团队基本就位，团队硕士 /中级职称以上人员 占比达到 80.35%。2024 年，公司新增国家级科技项目 2 项、省级科技/人才项目 1 项。锂资源 综合利用和固态电池关键核心材料领域的 3 项科技成果经权威机构认定达到国际水平。 同时，公司加强创新项目孵化，通过寻找公司战略、研发、对外合作的良好协同模式，遴 选出符合公司战略发展的应用技术项目， 进行有序整合， 为实现公司发展战略和可持续发展奠 定坚实基础。2024 年， 公司与四川大学、 东南大学、 兰州大学、 西安建筑科技大学等多家高校 及科研机构新增 12 项合作项目， 建立起科学研究及人才培养的合作模式， 围绕 “锂资源开发 —基础锂电材料—下一代关键电池材料—电池回收—固废资源高值化综合回收利用” 全生命周 期，为锂资源全产业链技术创新突破提供动力源泉。 2024 年，公司进行锂渣高值化综合利用制备硅铝微粉成果转化，完成锂渣中回收钽铌中
2 试的试验（60 吨/批次）并掌握关键技术，完成锂渣制备矿物岩棉、无水石膏/半水石膏、高模 量玻纤、玄武岩纤维样品制备技术布局。通过合作研发，建立直接提锂技术（DLE）储备和能 力。 针对金属锂材料在新一代先进锂电池技术中的应用， 公司进行高能金属锂的绿色提炼新技 术研发， 积极推动金属锂智能电解装备及其工艺流程的开发。 截至目前， 已完成新型实验电解 槽的仿真设计， 并进入功能性验证试验阶段。 同时， 公司还着重攻克电解原料的循环回收及高 值化应用技术难题，现已完成 1 项原料除杂关键技术探索研究，为金属锂制备工艺实现节能 降耗与零废弃物排放提供了有力的技术支撑。 针对金属锂材料在新一代电池领域的运用， 公司 研发了一整套创新的技术解决方案， 涵盖材料创新与智能装备的工程化应用。 该方案已成功制 备出厚度在 10 微米以下的超薄锂膜样品，并通过卷对卷（R2R）工艺实现了稳定产出。 公司已顺利完成下一代固态电池核心原材料硫化锂的产业化筹备工作， 持续开展产品质量 提升和降本技术优化。公司成功研发出电池级硫化锂微粉级新品，相较于原高纯硫化锂产品， 其均一性与活性显著提升；同时，循环提纯技术的开发大幅削减了硫化锂的生产成本。 公司持续优化并创新电池回收工艺， 自主研发的第四代湿法回收技术， 实现了磷酸铁锂电 池中锂、铁、磷等关键元素的高效、精准提取与回收，回收率均位居行业前列。通过该技术再 生回收得到的碳酸锂与磷酸铁等产品均达到电池级标准， 且利用这些再生材料制备的正极材料， 在电性能测试中表现出与商用材料相当的性能。 在研发管理方面，公司全面梳理了现行研发制度和流程， 将研发项目管理流程嵌入正在搭 建的“研发项目信息化管理系统”，依靠网络化、平台化方式集中管控研发项目，向“互联网 +管理”模式转型，最大程度地提升业务透明度、团队协作度和监管有效度，促进管理标准快 速落地和复制。 同时， 将仪器设备预约、 试剂耗材管理等部分实验室管理内容纳入 “信息化管 理系统”，以提升实验室运营效率。 天齐锂业创新实验研究院已于 2024 年竣工，该研究院着眼于未来锂离子电池技术关键材 料的前沿科研和实验探索， 致力于构建一个集实用性、 安全性、 经济性、 扩展性和环保性于一 体的国内先进综合实验室，预计 2025 年初投入使用，这标志着天齐锂业将在科技创新领域迈 入新的里程碑。 二、工艺技术 公司自建电池级碳酸锂工厂安居工厂在 2024 年上半年顺利完成产能爬坡，下半年基本保 持满产状态， 全年产能达到公司预期规划。 在产品质量水平方面， 全年一次合格率在95%以上，
3 达到新工厂的首年预期目标。 公司推行全面质量管理， 持续开展客户交流活动， 积极响应客户要求， 紧跟锂行业的发展 趋势和需求，不断完善质量管理机制。2024 年基于锂电行业对材料金属异物的关注和要求趋 势， 多次主动走进客户对相关信息进行交流， 并自上而下、 从公司到车间建立了金属异物管控 体系，从点到面逐项识别了各项管控措施并逐步落实中；预计 2025 年实现全面管控和监控。 公司持续践行管理创新， 引入六西格玛管理工具和理念， 推动管理与思维革新。 为进一步 提升产品关键指标的质量水平，2024 年推进的六西格玛管理改善项目顺利完成，基本达到项 目设计目标，促进了产品的质量提升和质量成本的优化。 基地质量监管方面，2024 年通过自评、 审核、 抽查、 交流等多种形式， 对标质量管理成熟 度模型， 发现质量管理改进机会。 从供应商质量管理标准化、 产品质量管理标准化、 技术资料 管理标准化等方面进行系统规范管理， 输出管理系列文件6 项及多项协议规范等。 通过一系列 系统化的管控和预防机制，各基地的质量客户投诉数量稳中向好逐年下降；2024 年质量异常 数量明显下降。 在国家及行业数字化管理转型的倡导下，公司引进的 LIMS 与质量管理系统 2024 年在江 苏张家港、四川射洪、四川安居工厂上线使用， 实现了和其他业务职能数字化系统的链接， 有 效提升了管理效率和准确度。 公司持续在国际标准、 国内标准的建设方面积极主动承担领导及参与任务， 引领行业高质 量发展。2024 年公司新增 1 项行业标准修订主导项目； 提报国际、 国家、 行业标准项目6 项； 2 项参与标准分别荣获二、三等奖；其余主导及参与的国际标准、国家标准、行业标准、地方 标准共 27 项均按计划进行中。 三、以投资者为本的市值管理工作 公司于 2024 年 3 月 27 日、2024 年 5 月 28 日分别召开第六届董事会第十二次会议和 2023 年度股东大会， 审议通过了 《2023 年度利润分配预案》 ， 以实施权益分派股权登记日登记的享 有利润分配权的股本为基数，向全体股东派发现金红利，每 10 股派发现金股利 13.50 元（含 税），不实施资本公积转增股本，不派送红股。公司分别于2024 年 6 月 7 日、2024 年 7 月 22 日完成公司 A 股和 H 股的权益分派，其中 A 股派发现金红利总额为 1,993,452,412.95 元 （含 税），H 股派发现金红利总额为 221,564,970 元（含税）。 此外， 公司高度重视全体股东特别是中小股东的权益， 并持续从股东沟通、 股东关系维护、 股东服务、 保障股东利益等多方面做好相关工作。 公司了解和倾听中小股东的各项诉求、 意见
4 和建议，并及时将相关意见和建议转达至相关方。除接听投资者热线电话、回复互动易和 IR 邮箱中的投资者提问外，公司积极参加卖方组织的策略会，并组织和参与了多场投资者 /分析 师/股评家交流会议。 2024 年 4 月，公司在四个平台以视频直播的方式举行了 2023 年度业绩说明会，公司董事 长等主要领导及独立董事代表出席了本次业绩说明会， 并就投资者关注的问题进行解答， 充分 有效地展示了公司的业绩和经营情况。 公司于业绩说明会当晚及时发布了本次业绩说明会的交 流记录和公众号推文， 进一步拓宽信息传播渠道， 让更多的投资者能够充分了解公司最新的经 营情况。 报告期内，公司在披露《2024 年第一季度业绩预告》《2024 年前三季度业绩预告》后， 考虑到本期业绩情况与去年同期相比出现较大幅度变化， 于次日早间开盘前紧急组织主要面向 机构投资者、行业分析师的 2024 年一季度业绩预告和 2024 年前三季度业绩预告线上交流会， 就投资者重点关注的问题进行了深入交流， 并于交流会当日晚间上传投资者交流记录， 主动向 广大投资者说明公司业绩变动原因。 四、聚焦增产扩能，稳步有序推进项目建设 报告期内，公司继续聚焦增产扩能，积极稳步推进项目建设相关工作。 目前在国内有分别位于四川射洪、 四川安居、 江苏张家港和重庆铜梁的四个锂产品生产基 地，并正在建设江苏张家港年产 3 万吨氢氧化锂项目（可柔性调剂生产碳酸锂产品）和重庆 1,000 吨金属锂金及配套原料项目。 目前， 公司所有锂精矿原料来源于控股子公司拥有的澳洲格林布什锂辉石矿， 格林布什锂 辉石矿正在积极推进化学级三号工厂建设项目， 预计该项目将于2025 年 10 月生产出第一批锂 精矿产品。 建成后， 格林布什锂精矿总产能将达到214 万吨/年。 同时， 公司正在积极推进国内 措拉锂辉石矿采选厂建设相关工作。 此外，2025 年 1 月， 公司终止了预估不具有经济性的奎纳纳 “第二期年产2.4 万吨电池级 单水氢氧化锂项目”。 未来， 公司将延续既有的 “垂直一体化整合” 的商业模式， 在优质资源基地扎实的资源保 障下， 结合市场情况稳步落实、 有序推进基础锂盐产能扩张计划， 进一步发挥产业链协同效应。 特此公告。 天齐锂业股份有限公司董事会
5 二〇二五年三月二十七日",2025-03-27,巨潮资讯网,https://static.cninfo.com.cn/finalpage/2025-03-27/1222913085.PDF,accepted
CNINFO-002466-1222913106,announcement,关于开展碳酸锂商品期货套期保值业务的公告,"1 股票代码：002466 股票简称：天齐锂业 公告编号：2025-015 天齐锂业股份有限公司 关于开展碳酸锂商品期货套期保值业务的公告 本公司及董事会全体成员保证信息披露的内容真实、准确、 完整，没有虚假记载、误导性陈述或重大遗漏。 重要内容提示： 1、交易目的： 为减少天齐锂业股份有限公司 （以下简称 “公司” ）主营产品价格波动对公 司经营带来的潜在风险，公司拟开展最高保证金和权利金额度不超过 2 亿元人民币的商品期 货套期保值业务。 2、交易品种：公司开展商品期货期权套期保值业务的品种仅限于与公司生产经营有直接 关系的境内外期货交易所或其他合法经营机构挂牌交易的期货期权品种 。 3、交易金额：根据生产经营及业务需求情况，公司及控股子公司开展商品期货期权套期 保值业务的交易保证金和权利金上限 （包括为交易而提供的担保物价值、 预计占用的金融机构 授信额度、 为应急措施所预留的保证金等） 不超过人民币2 亿元， 任一交易日持有的最高合约 价值不超过人民币 8 亿元（含前述交易的收益进行再交易的相关金额） 。该额度在有效期限内 可循环滚动使用。 4、交易工具及场所：公司拟开展的交易方式主要为期货交易，主要用于对现货的套期保 值和期现基差套 期保值业务。公司拟开展商品期货期权套期保值业务的品种仅限于与公司生 产经营有直接关系的锂盐期货和品种，交易场所仅限于境内 外合法运营的期货交易所。 5、已履行的审议程序：该事项已经公司于 2025 年 3 月 26 日召开的第六届董事会第二十 一次会议及第六届监事会第十一次会议审议通过，无需提交公司股东大会审议。 6、特别风险提示：公司开展商品期货套期保值业务，以规避和防范风险为目的，不进行 投机、 套利操作， 但开展商品期货套期保值业务仍存在一定风险， 敬请投资者注意投资风险。 一、商品期货套期保值业务情况概述 1、投资目的 公司是一家以锂为核心的新能源材料企业。公司主营业务为锂矿开采、 锂精矿与锂化工产
2 品及衍生物的生产、 加工和销售。 近年来， 公司主营产品的市场价格波动较大， 给公司的生产 经营带来较大的风险。随着碳酸锂期货上市，给公司提供了价格发现和风险规避的重要途经。 因此， 公司拟开展与生产经营相关的商品期货套期保值业务， 并将期货和现货有效结合， 旨在 规避价格波动对公司经营带来的风险，保障公司健康持续运行。 2、交易金额 根据生产经营及业务需求情况， 公司及控股子公司开展商品期货期权套期保值业务的交易 保证金和权利金上限 （包括为交易而提供的担保物价值、 预计占用的金融机构授信额度、 为应 急措施所预留的保证金等） 不超过人民币 2 亿元， 任一交易日持有的最高合约价值不超过人民 币 8 亿元 （含前述交易的收益进行再交易的相关金额） 。 该额度在有效期限内可循环滚动使用。 3、交易方式及品种 公司拟开展的交易方式主要为套期保值业务，是根据公司的 《商品期货及衍生品套期保值 业务管理制度》 所指的通过境内外期货交易所或其他合法经营机构挂牌交易的期货合约、 互换 合约、 远期合约、 场内或场外期权等金融衍生品工具， 对相关品种进行商品期货及衍生品交易， 以锁定公司生产采购成本、 实现预销售或规避存货跌价风险。 根据《商品期货及衍生品套期保 值业务管理制度》相关规定， 公司拟开展的期货交易是指以期货合约或者标准化期权合约为交 易标的的交易活动； 衍生品交易是指期货交易以外的， 以互换合约、 远期合约和非标准化期权 合约及其组合为交易标的的交易活动。 4、授权期限 本次开展套期保值业务的期限自董事会批准之日起 12 个月内有效。 5、资金来源 资金来源为自有资金，不涉及募集资金和银行信贷资金。 二、审议程序 根据《深圳证券交易所上市公司自律监管指引第 1 号——主板上市公司规范运作》《深圳 证券交易所上市公司自律监管指引第 7 号——交易与关联交易》《公司章程》《商品期货及衍生 品套期保值业务管理制度》相关规定，本次开展商品期货套期保值业务属于董事会权限范围， 无需提交公司股东大会审议。《关于开展套期保值业务的议案》已经公司第六届董事会第二十 一次会议及第六届监事会第十一次会议审议通过。 三、开展商品期货套期保值业务的风险分析
3 公司开展商品期货套期保值业务不以投机为目的， 主要为有效降低锂盐产品市场价格剧烈 波动可能对公司经营业绩带来的影响，但同时也会存在一定的风险，具体如下： 1、市场风险 理论上， 各交易品种在临近交割期时期货市场价格和现货市场价格将趋于一致， 但在极个 别的非理性市场情况下， 如市场发生系统性风险， 期货价格与现货价格走势相背离等， 会对公 司的套期保值操作方案带来影响，甚至造成损失。 2、政策风险 如果金融衍生品市场以及套期保值交易业务相关政策、 法律、 法规发生重大变化， 可能导 致市场发生剧烈波动或无法交易的风险。 3、流动性风险 期货交易采取保证金和逐日盯市制度， 按照经公司审批的方案下单操作时， 如果合约活跃 度较低， 导致套期保值持仓无法成交或无法在合适价位成交， 令实际交易结果与方案设计出现 较大偏差，甚至面临因未能及时补足保证金而被强行平仓带来的损失。 4、内部控制风险 期货交易专业性较强，复杂程度较高，可能会产生由于内控体系不完善造成风险。 5、技术风险 由于无法控制和不可预测的系统故障、网络故障、通讯故障等造成交易系统非正常运行， 使交易指令出现延迟、中断或数据错误等问题，从而带来相应风险。 四、公司采取的风险控制措施 1、 公司严格执行有关法律法规， 制定 《商品期货及衍生品套期保值业务管理制度》 ， 对公 司开展商品期货套期保值业务的审批权限、 操作流程及风险控制等方面做出明确的规定， 建立 有效的监督检查、风险控制和交易止损机制，降低内部控制风险； 2、合理设置公司期货业务组织机构，建立岗位责任制，明确各相关部门和岗位的职责权 限， 严格在董事会批准的权限内办理公司商品期货套期保值业务。 同时， 加强相关人员的职业 道德教育及业务培训，提高相关人员的综合素质，提升相关人员的专业知识； 3、公司套期保值业务仅限于与公司经营业务相关性高的期货品种，业务规模将与公司经 营业务相匹配，并严格控制套期保值业务的资金使用规模； 4、公司在制订交易方案的同时做好资金测算，以确保可用资金充裕，严格按照《 商品期 货及衍生品套期保值业务管理制度》 进行业务操作， 合理规划和使用资金， 不影响公司正常生
4 产经营，在市场剧烈波动时做到合理止损，有效规避风险； 5、公司设立符合要求的期货期权交易、通讯及信息服务设施系统，保证交易系统的正常 运行，确保套期保值业务正常开展； 6、公司法务风控及合规部、监察审计部应对套期保值业务进行检查，监督套期保值业务 人员执行风险管理政策和风险管理工作程序，及时防范业务中的操作风险。 五、开展商品期货套期保值业务的可行性分析及对公司的影响 公司开展商品期货套期保值业务将以正常的生产经营为基础，与公司实际业务相匹配。 公司在锂行业深耕多年， 有成熟且稳定的团队， 可以对锂行业动态保持时刻关注， 敏锐地 感知锂行业走势。 公司组建了套期保值领导小组， 对商品期货期权的操作规范、 审批权限、 组织机构设置及 职责、业务流程、风险管理、财务处理等方面进行了明确规定，并在各岗位配备了专业人员， 设置了相应的风险控制措施。 公司已建立较为完善的商品期货套期保值业务制度， 就套期保值业务的额度、 品种、 具体 实施等做出了明确的规定， 采取的针对性风险控制措施是可行的， 且具有与拟开展套期保值业 务交易保证金相匹配的自营资金。公司将严格按照相关规定制度的要求，落实风险防范措施， 审慎操作。 通过开展商品期货套期保值业务， 可以实现以规避风险为目的的资产保值， 增强公司财务 的稳健性， 符合公司稳健经营的要求， 因此公司开展商品期货套期保值业务具有必要性和可行 性。 公司利用自有资金开展商品期货套期保值业务， 计划投入的保证金和权利金规模与自有资 金、 经营情况和实际需求相匹配， 不会影响公司主营业务的发展， 不会对公司资金使用安排产 生重大影响。 六、会计政策及核算原则 公司根据《企业会计准则第 22 号——金融工具确认和计量》 《企业会计准则第24 号—— 套期会计》 《企业会计准则第37 号——金融工具列报》 《企业会计准则第39 号——公允价值计 量》 等相关规定及其指南， 对商品期货套期保值业务进行相应的核算处理， 并在财务报告中正 确列报。 七、备查文件 1、《第六届董事会第二十一次会议决议》；
5 2、《第六届监事会第十一次会议决议》。 特此公告。 天齐锂业股份有限公司董事会 二〇二五年三月二十七日",2025-03-27,巨潮资讯网,https://static.cninfo.com.cn/finalpage/2025-03-27/1222913106.PDF,accepted
CNINFO-000408-1222950983,announcement,关于“质量回报双提升”行动方案的进展公告,"1 证券代码：000408 证券简称：藏格矿业 公告编号：2025-022 藏格矿业股份有限公司 关于“质量回报双提升”行动方案的进展公告 藏格矿业股份有限公司（以下简称“公司”）于 2024 年 3 月 2 日披露了《关 于“质量回报双提升”行动方案的公告》，具体内容及公司贯彻落实行动方案的具 体举措如下： 一、聚焦主业发展， 加快资源布局与开发， 致力打造多元化矿产资源的矿业 集团 公司是一家专业性的矿业公司， 自2002 年成立以来， 扎根青海察尔汗盐湖， 依托 724.35 平方公里的盐湖资源，专注于国家战略性矿产资源的投资和开发。 公司始终秉承“持续开发盐湖资源、作绿色发展引领者”的企业使命，主动服务国 家战略， 经过多年的发展已成长为国内第二大氯化钾生产企业， 并在此基础上进 一步布局碳酸锂开发， 逐步发展成以钾锂双轮驱动的增长模式。 同时， 公司利用 自身优势， 积极推进国内外钾锂矿产资源的挖掘、 储备与开发， 并通过股权投资 等方式布局矿产资源， 如参股巨龙铜业实现对铜矿资源的延伸布局， 逐步向多元 化矿产资源的矿业集团迈进。 二、创新引领发展，增强核心竞争力 公司以创新为发展根本， 深耕盐湖资源综合开发利用， 以氯化钾与碳酸锂的 生产销售为基础，实现了以“固转液”技术提取超低品位钾矿与从超低浓度卤水中 提取电池级碳酸锂的规模化生产工艺，在行业内已形成领先的技术优势。 截至 2024 年 12 月 31 日，公司累计申请专利 57 项，拥有 27 项有效专利， 其中 5 项为发明专利。公司持续加大研发投入力度，在保持已有技术优势的同 时， 以创新驱动发展， 关注行业前沿技术发展并科学布局， 持续保持技术领先优 本公司及董事会全体成员保证信息披露的内容真实、 准确、 完整， 没有虚 假记载、误导性陈述或重大遗漏。
2 势。 除市场领先的吸附加膜生产工艺， 公司还持续开展矿区卤水监测、 深层卤水 资源综合开发利用技术研究、 双极膜工艺制酸碱工艺试验、 卤水制淡水及低温纳 滤膜及浓缩工艺试验等， 把握绿色开采最前瞻的学术动向。 公司将持续强化研发 投入，通过不断的技术创新，不断培育新质生产力，引领公司高质量发展。 三、以高质量发展为目标，强化内部规范管理 公司不断夯实内部管理和控制体系， 不断完善公司治理结构， 进一步规范公 司运作，提高公司治理水平。规范公司及股东的权利义务，防止滥用股东权利、 管理层优势地位损害中小投资者权益。 公司不断健全、 完善公司法人治理结构和内部控制制度， 形成权力机构、 决 策机构、监督机构与管理层之间权责分明、各司其职、相互制衡、科学决策、协 调运作的法人治理结构，提升内部控制运行效率，保障公司及全体股东的利益。 公司管理层将进一步提升公司经营管理水平， 不断提高公司核心竞争力、 盈利能 力和全面风险管理能力，以期实现长远发展，回馈广大投资者。 公司在持续推动业务发展的同时， 积极践行社会责任与绿色环保发展。2022 年公司首次对外发布社会责任报告，并持续颁布包括《董事会成员多元化政策》 《人权政策》 《环境保护政策》 等系列围绕社会、 环境与公司治理 （ESG） 政策声 明。未来，公司将持续深入践行 ESG 理念，助力公司高质量发展。 四、信息披露透明，加强与投资者沟通交流 公司认真履行信息披露义务， 对经营管理情况和对公司产生重大影响的事项 进行真实、准确、完整、及时、公平、简明清晰、通俗易懂地披露，确保所有股 东平等的获得信息。 公司主动披露对投资者投资决策有用的信息， 强化行业竞争、 公司业务、 风险因素等关键信息披露， 减少冗余信息披露。 公司做好与投资者关 系管理工作， 常态化开展业绩说明会， 杜绝炒概念、 蹭热点行为， 防范股票炒作 风险。 公司高度重视投资者关系管理工作， 不断完善投资者关系管理的工作机制和 内容,通过组织投资者实地参观调研、 召开电话会议、 互动易回复、 投资者热线电 话接听等多元化的沟通渠道与投资者保持良好互动。 报告期内， 公司进一步加强
3 了与投资者的沟通交流， 增加沟通的频率、 深度和针对性， 通过线上线下结合的 方式，累计组织 10 场业绩说明会和多次投资者现场调研并及时披露投关活动记 录表；接听投资者热线电话 128 次；互动易回复问题 85 个，回复率超 83%，全 年先后交流投资者超过 1000 人次。 公司将企业价值有效传递给资本市场的同时， 及时将投资者的疑问和建议反馈给管理层，积极响应投资者需求。 五、践行以投资者为本的理念，注重股东回报 报告期内， 公司通过开展股份回购与现金分红结合的方式， 进一步增强投资 者投资获得感。股份回购方面，公司于 2024 年 8 月开展以注销为目的的股份回 购，截至本年末，公司累计回购股份 568.85 万股，回购金额约 1.51 亿元（不含 交易费用） 。现金分红方面，2024 年公司实施了中期分红，现金分红总额约 4.08 亿元（含税） 。2022-2024 年，公司累计派发现金红利合计 78.79 亿元（其中现金 分红约 74.29 亿元，回购金额约 4.51 亿元） ，分红水平位于行业上市公司前列。 特此公告。 藏格矿业股份有限公司董事会 2025 年 3 月 29 日",2025-03-29,巨潮资讯网,https://static.cninfo.com.cn/finalpage/2025-03-29/1222950983.PDF,accepted
CNINFO-000792-1222951139,announcement,2025年一季度业绩预告,"证券代码：000792 证券简称：盐湖股份 公告编号：2025-024 青海盐湖工业股份有限公司 2025 年一季度业绩预告 一、本期业绩预计情况 （一）业绩预告期间：2025 年 1 月 1 日-2025 年 3 月 31 日 （二）业绩预告情况：同向上涨 项目 本报告期 上年同期 归属于上市公司 股东的净利润 盈利：113,000 万元– 120,000 万元 盈利：93,410.65 万元 比上年同期增长：20.97%—28.47% 扣除非经常性损 益后的净利润 盈利：113,000 万元–119,000 万元 盈利：87,477.99 万元 比上年同期增长 28.83%—35.68% 基本每股收益 盈利：0.2135 元/股–0.2268 元/股 盈利：0.1765 元/股 二、业绩变动原因说明 报告期内， 公司核心产品氯化钾与碳酸锂的生产与销售态势平稳。 其中， 氯 化钾作为公司主要营收来源之一， 受市场供需关系等因素影响， 市场价格显著上 扬，进而推动公司业绩较上年同期实现增长 。 三、重大风险提示及其他说明 本次业绩预告由公司财务部初步估算， 未经审计机构审计。 有关具体财务数 据，公司将在 2025 年第一季度报告中进行详细披露，敬请投资者关注。 公司指定信息披露媒体为《证券时报》 《上海证券报》 《证券日报》 《中国 证券报》和巨潮资讯网（ www.cninfo.com.cn），公司所有信息均以在上述选定 媒体刊登的信息为准。 本公司及董事会全体成员保证信息披露的内容真实、准确、完整，没有虚 假记载、误导性陈述或重大遗漏。
特此公告。 青海盐湖工业股份有限公司董事会 2025 年 3 月 29 日",2025-03-29,巨潮资讯网,https://static.cninfo.com.cn/finalpage/2025-03-29/1222951139.PDF,accepted
CNINFO-000792-1222951148,announcement,青海盐湖工业股份有限公司关于2025年日常关联交易预计的公告,"证券代码：000792 证券简称：盐湖股份 公告编号：2025-0xx 青海盐湖工业股份有限公司 关于 2025 年度预计日常关联交易的公告 一、关联交易概述 （一）关联交易具体内容 1.公司及下属分子公司 与实际控制人中国五矿集团有限公司 （以下简称“中 国五矿”）下属企业开展产品采购/销售、委托金融产品、招标服务、物业管理、 租赁、住宿等业务； 2.公司及下属分子公司与 控股股东 中国盐湖工业集团有限公司 （以下简称 “中国盐湖”）及其下属企业开展原辅材料采购，产品销售、劳务服务、维保服务、 物业管理、铁路运输代发运、机械加工、土地租赁、租赁、住宿、产品委托加工 服务等业务； 3.公司及下属分子公司向关联方中化化肥有限公司 （以下简称“中化化肥”） 采购/销售产品； 4.公司及下属分子公司与关联方青海省国有资产投资管理有限公司（以下简 称“青海国投”）子公司开展产品销售、物业管理服务； 5.公司下属子公司向关联方山东农大肥业科技股份有限公司 （以下简称“农 大肥业”）销售产品。 6.公司及下属分子公司根据日常经营业务需要与中国工商银行股份有限公 司青海省分行、 青海银行股份有限公司、 国家开发银行青海省分行办理日常结算、 各档次的对公存款服务、 现金管理业务、 国际业务、 融资业务、 银企互联等业务。 （二）公司及控股子公司日常关联交易预计金额和类别 单位：人民币万元 关联交易 类别 关联人 关联交易内容 关联交易定价 原则 预计金 额（含税金 额） 截至披露日 已发生金额 上年发生金 额 （未经审 计） 本公司及董事会全体成员保证信息披露的内容真实、准确、完整，没有虚假记 载、误导性陈述或重大遗漏。
采购/销售商 品及劳务服 务 中国五矿及其子 公司 尿素、 氯化钾、 磷肥等产品 采购/销售、物业管理、租 赁服务等 市场化原则 2,700.00 0 0 中国盐湖及其子 公司 淡水、复用水、氯化钾、 卤 水等采购/销售；物业管理、 租赁服务、 维保维修、 危化 品运输服务、产品代加工、 劳务服务、 商标专利授权许 可等。 市场化原则或参 考市场价格确定 298,000.00 36,783.86 167,292.64 中化化肥 氯化钾、尿素、磷肥 市场化原则 128,000.00 194,74.01 90,390.35 青海国投及其子 公司 碳酸锂、物业管理 市场化原则 920 0 372.62 农大肥业 氢氧化钾、氯化钾、尿素 市场化原则 3,800.00 0 0 银行存 款、承兑 汇票托 管、融资 等业务 工商银行 存款金额、 银行承兑汇票托 管日均余额。 市场化原则 750,000.00 742,901.86 710,039.87 国家开发银行 市场化原则 220,000.00 30,831.83 30,746.23 青海银行 市场化原则 120,000.00 120,000.00 121,917.35 （三）上一年度日常关联交易实际发生情况 单位：人民币万元 关联交 易类别 关联人 关联交易内容 实际发生金额 预计金额（含 税金额） 实际发生额占 同类业务比例 （%） 实际发生额与 预计金额差异 （%） 披露日期及索 引 采购商 品及劳 务服务 中化化肥 销售氯化钾产品 90,390.35 120,000.00 5.47% -24.67% 详 见 公 司 在 巨 潮 资 讯 网 披 露 的《关于 2024 年 度 预 计 日 常 关 联 交 易 的 议 案》 （公告编号： （2024-019） 青海汇信 采购原辅材料采 购， 产品销售。 维 保维修、 危化品运 输服务、 产品代加 工、机械加工服 务、 管线维护、 劳 务服务等。 167,292.64 245,900.00 25.22% -31.97% 青海国投 物业管理、 劳务外 包服务 372.62 550.00 0.14% -32.25% 银行存 款、 承兑 汇票托 管、 融资 等业务 工商银行 存款金额、 银行承 兑汇票托管日均 余额。 710,039.87 800,000.00 88.75% -11.25% 国家开发 银行 30,746.23 200,000.00 15.37% -84.63% 青海银行 121,917.35 150,000.00 81.28% -18.72% 公司董事会对日常关联交易实际发生情况与预 计存在较大差异的说明（如适用） 公司日常关联交易实际发生情况与预计存在差异说明：2024 年，受市场环境等因素影 响，公司结合自身经营情况，调整了部分关联交易的业务往来。同时，因公司年初预 计关联交易时，全面充分地考虑了各类关联交易发生的可能性，因此使得公司与关联
方实际发生的关联交易金额与年初预计金额存在差异。 公司独立董事对日常关联交易实际发生情况与 预计存在较大差异的说明 公司董事会对 2024 年度日常关联交易实际发生情况与预计存在较大差异的说明符合 公司实际情况， 公司与关联方的交易是公司正常生产经营行为， 交易遵循公平、 公正、 公开的原则，未发现损害公司和全体股东利益的行为 二、关联人介绍和关联关系 （一）关联人介绍 1.公司名称：中国五矿集团有限公司 法定代表人：陈得信 注册资本：1,020,000 万元 经营范围：黑色金属、有色金属、矿产品及非金属矿产品的投资、销售；新 能源的开发和投资管理；金融、证券、信托、租赁、保险、基金、期货领域的投 资管理； 投资与资产管理； 各种工程技术咨询服务及工程设备租赁； 与工程建筑 相关的新材料、新工艺、新产品技术开发、技术服务、技术交流和技术转让；冶 金工业所需设备的开发、销售；承担国外各类工业、民用建筑工程咨询、勘察、 设计和设备租赁；机电产品、小轿车、建筑材料、仪器仪表、五金交电、机械设 备的销售；建筑及机电设备安装工程技术研究、规划勘察、设计、监理服务；房 地产开发与经营；物业管理；进出口业务；招标、投标及招标代理；承办展览展 示活动；设计、制作、代理、发布国内外广告；经济贸易咨询；技术服务、技术 交流；自有房屋租赁。 （市场主体依法自主选择经营项目，开展经营活动；依法 须经批准的项目， 经相关部门批准后依批准的内容开展经营活动； 不得从事国家 和本市产业政策禁止和限制类项目的经营活动。 ） 2.公司名称：中国盐湖工业集团有限公司 法定代表人：薛飞 注册资本：1,000,000 万元 经营范围：许可项目：非煤矿山矿产资源开采；矿产资源勘查；肥料生产； 水泥生产；建设工程监理；建设工程设计；公共铁路运输；道路货物运输（不含 危险货物） ；旅游业务；印刷品装订服务；食品销售；住宿服务；道路旅客运输 经营；餐饮服务(依法须经批准的项目，经相关部门批准后方可开展经营活动， 具体经营项目以审批结果为准)。一般项目：基础化学原料制造（不含危险化学 品等许可类化学品的制造） ； 化肥销售； 电子专用材料制造； 电子专用材料销售；
高纯元素及化合物销售；化工产品生产（不含许可类化工产品） ；化工产品销售 （不含许可类化工产品） ；建筑材料销售；水泥制品制造；水泥制品销售；塑料 制品销售；塑料制品制造；塑料包装箱及容器制造；电池制造；电池销售；技术 服务、技术开发、技术咨询、技术交流、技术转让、技术推广；专用化学产品销 售（不含危险化学品） ；专用化学产品制造（不含危险化学品） ；合成材料销售； 合成材料制造（不含危险化学品） ；新兴能源技术研发；有色金属合金制造；有 色金属合金销售；有色金属压延加工；资源再生利用技术研发；再生资源销售； 煤炭及制品销售(除依法须经批准的项目外，凭营业执照依法自主开展经营活动)。 3.公司名称：中化化肥有限公司 法定代表人：王铁林 注册资本：1,130,000 万元 经营范围：许可项目：肥料生产；农药批发；农药零售；危险化学品经营； 互联网信息服务；第一类增值电信业务；第二类增值电信业务。 （依法须经批准 的项目， 经相关部门批准后方可开展经营活动， 具体经营项目以相关部门批准文 件或许可证件为准）一般项目：化肥销售；肥料销售；生物有机肥料研发；农作 物病虫害防治服务； 农用薄膜销售； 农作物种子经营 （仅限不再分装的包装种子） ； 电子专用材料销售；化工产品销售（不含许可类化工产品） ；货物进出口；进出 口代理； 销售代理； 普通货物仓储服务 （不含危险化学品等需许可审批的项目） ； 技术服务、技术开发、技术咨询、技术交流、技术转让、技术推广；食用农产品 批发； 食用农产品初加工； 农副产品销售； 农业机械服务； 农林牧副渔业专业机 械的安装、维修；农、林、牧、副、渔业专业机械的销售；机械设备研发；机械 设备销售；机械设备租赁；谷物种植【分支机构经营】 ；薯类种植【分支机构经 营】 ；油料种植【分支机构经营】 ；豆类种植【分支机构经营】 ；棉花种植【分支 机构经营】 ；麻类作物种植（不含大麻） 【分支机构经营】 ；糖料作物种植【分支 机构经营】 ；烟草种植【分支机构经营】 ；蔬菜种植【分支机构经营】 ；花卉种植 【分支机构经营】 ；水果种植【分支机构经营】 ；坚果种植【分支机构经营】 ；中 草药种植【分支机构经营】 ；谷物销售；豆及薯类销售；棉、麻销售；畜牧渔业 饲料销售；物业管理；非居住房地产租赁。 （除依法须经批准的项目外，凭营业 执照依法自主开展经营活动） （不得从事国家和本市产业政策禁止和限制类项目
的经营活动。 ） 4.公司名称：青海省国有资产投资管理有限公司 法定代表人：李兴财 注册资本：881645.621326 万元 经营范围： 煤炭批发经营； 对服务省级战略的产业和优势产业、 金融业进行 投资； 受托管理和经营国有资产； 构建企业融资平台和信用担保体系； 发起和设 立基金； 提供相关管理和投资咨询理财服务； 经营矿产品、 金属及金属材料、 建 筑材料、 电子材料、 有色材料、 工业用盐、 化肥、 化工产品 （不含危险化学品） 、 石油制品（不含成品油） 、铝及铝合金、铁合金炉料经销；房屋土地租赁，经济 咨询服务，对外担保，实业投资及开发；矿产品开发（不含勘探开采）销售；普 通货物运输； 煤炭洗选与加工； 燃料油 （不含危险化学品） 、 页岩油、 乙烯焦油、 沥青销售。 （以上经营范围依法须经批准的项目，经相关部门批准后方可开展经 营活动） 5.公司名称：山东农大肥业科技股份有限公司 法定代表人：马学文 注册资本：6000 万元 经营范围：许可项目：肥料生产；农药生产；农药批发；农药登记试验；生 物农药生产；农药零售。 （依法须经批准的项目，经相关部门批准后方可开展经 营活动， 具体经营项目以相关部门批准文件或许可证件为准） 一般项目： 肥料销 售； 生物有机肥料研发； 土壤与肥料的复混加工； 复合微生物肥料研发； 化肥销 售；技术服务、技术开发、技术咨询、技术交流、技术转让、技术推广；智能农 业管理； 农业机械服务； 生物农药技术研发； 土壤污染治理与修复服务； 土壤环 境污染防治服务；互联网销售（除销售需要许可的商品） ；货物进出口；技术进 出口；互联网数据服务；产业用纺织制成品销售；塑料制品销售。 （除依法须经 批准的项目外，凭营业执照依法自主开展经营活动） 6.公司名称：中国工商银行股份有限公司青海省分行 法定代表人：博来
经营范围： 许可该机构经营中国银行业监督管理委员会依照有关法律、 行政 法规和其他规定批准的业务，经营范围以批准文件所列的为准。 7.公司名称：国家开发银行青海省分行 法定代表人：李洪振 经营范围：吸收对公存款；发放短期、中期和长期贷款；委托贷款；依托中 小金融机构发放转贷款； 办理国内外结算； 办理票据承兑与贴现； 发行金融债券 和其他有价证券；代理发行、代理兑付、承销政府债券、金融债券和信用债券； 买卖政府债券、金融债券、信用债券、从事同业拆借；买卖、代理买卖外汇；办 理结汇、 售汇业务； 开展自营和代客衍生品业务； 提供信用证服务及担保； 代理 收付款项及代理保险业务；提供保管箱服务；资产管理业务；资产证券化业务； 顾问咨询；海外分支机构在开发银行授权范围内经营当地法律许可的银行业务； 子行（子公司）依法开展投资和投资管理、证券、金融租赁、银行、资产管理等 业务；经国务院银行业监督管理机构批准的其他业务。 （以上经营范围依法须经 批准的项目，经相关部门批准后方可开展经营活动） 8.公司名称：青海银行股份有限公司 法定代表人：蔡洪锐 注册资本：255687.7093 万元 经营范围：吸收公众存款；发放短期、中期和长期贷款；办理国内结算；办 理票据贴现；发行金融债券；代理兑付、承销政府债券；从事同业拆借；提供收 付款项及代理保险业务； 提供保管箱业务； 办理地方财政信用周转使用资金的委 托存款业务；银行卡业务；买卖、代理买卖外汇；结汇、售汇、国库代理业务； 基金销售业务；经国务院银行业监督管理机构批准的其他业务。 (以上经营范围 依法须经批准的项目，经相关部门批准后方可开展经营活动） （二）关联关系说明 关联方名称 关联关系说明 中国五矿 中国五矿为公司实际控制人， 符合 《深交所股票上市规则》 第6.3.3条规定 是上市公司的关联法人。
中国盐湖 中国盐湖为公司控股股东， 符合 《深交所股票上市规则》 第6.3.3条规定是 上市公司的关联法人。 中化化肥 中化化肥为公司股东中化集团关联企业， 符合 《深交所股票上市规则》 第 6.3.3 条规定是上市公司的关联法人。 青海国投 公司关联自然人担任董监高的企业， 符合 《深交所股票上市规则》 第6.3.3 条规定是上市公司的关联法人。 农大肥业 农大肥业为公司独立董事关联企业， 符合 《深交所股票上市规则》 第6.3.3 条规定是上市公司的关联法人。 中国工商银行股 份有限公司青海 省分行 工商银行青海省分行与公司股东工银金融资产投资有限公司同属于中国 工商银行股份有限公司控制企业，符合《深圳证券交易所股票上市规则》 6.3.3 条规定是上市公司的关联法人。 国家开发银行 公司股东，符合《深圳证券交易所股票上市规则》6.3.3 条规定是上市公 司的关联法人。 青海银行股份有 限公司 公司关联自然人担任董监高的企业， 符合 《深交所股票上市规则》 第6.3.3 条规定是上市公司的关联法人。 （三）关联方最近一期财务数据 单位：万元 序号 关联方 总资产 净资产 营业收入 净利润 备注 1 中国五矿 126,580,000.00 29,930,000.00 43,220,000.00 1,210,000.00 截至 2024 年 6 月 2 中国盐湖 11,390,474.68 7,772,754.25 131,856.39 37,733.55 截至 2025 年 2 月 （未经审计） 3 中化化肥 1,938,610.04 1,033,495.83 1,942,613.56 4,739.37 截止 2023 年 12 月 31 日（已审计） 4 青海国投 12,953,624.12 8,760,480.94 2,629,367.04 420,147.35 截至 2024 年 12 月 （未经审计） 5 农大肥业 128,791.24 56,594.12 236,319.15 14,528.27 截至 2024 年 12 月 6 中国工商银行 股份有限公司 青海省分行 11,139,455.06 - 165,507.74 76,655.43 截至 2024 年 12 月 （未经审计） 7 国家开发银行 1,865,452,200.00 167,973,000.00 20,965,800.00 8,741,700.00 截止 2023 年 12 月 31 日（已审计）
8 青海银行股份 有限公司 11,300,275.36 986,287.07 382,820.21 22,023.98 截至 2024 年 12 月 （未经审计） 四、关联交易主要内容和定价政策 （一）关于与关联方购买/销售产品的关联交易 本公司与关联方之间产品销售按一般市场经营原则进行， 按批次结算， 交易 遵照公平、公正的市场原则进行。 公司下属分子公司与关联方间采购/销售产品，互供用于生产的基础性原辅 材料、生产要素及开展铁路代发运、机械加工、土地租赁、用电、供暖、仪器仪 表校验、 产品检测、 商标专利授权许可等合作。 由于公司相关下属分子公司与关 联方分子公司同处于察尔汗工业园区， 独特的园区供需环境， 双方产品互供不可 避免， 产品外运依靠公司铁路专用线， 相互之间产品具有销售唯一性和运输、 采 购唯一性。公司与关联方之间化工产品采购 /销售、产品代发运、机械加工、劳 务服务均以市场化原则进行结算。 公司与关联方产品购销等经济活动， 严格按照 市场化、 法治化的原则， 合理确定产品价格， 并签订购销合同。 双方就互供产品 的定价进行磋商， 制定指导价格， 该指导价格的基本定价思路与原则为，有市场 参考价格产品， 以当期市场价为依据；无市场参考价格产品，以完全成本经双方 磋商后确定价格。 （二）关于与提供或接受服务的关联交易 1．产品代加工。为充分发挥产业链协同优势，积极响应市场需求，公司旗 下分子公司与关联方开展合作，以委托加工的形式，利用氯化钾生产氢氧化钾、 碳酸钾产品。 这一合作模式不仅丰富了公司的产品种类， 更有效延伸了钾板块产 业链， 增强公司在市场中的竞争力； 在生产环节， 公司采用以销定产的策略， 确 保产品精准对接市场需求， 减少库存积压。 定价方面， 分子公司向关联方支付的 产品加工费， 以关联方产品加工完全制造成本为基础， 并充分参考市场价格综合 确定，确保定价公平合理，符合市场规律与双方利益。 2．物业管理服务业务。公司分子公司与关联方就办公楼宇开展的物业管理 服务，关联方将提供楼宇配套物业管理服务业务， 相关物业管理费用以市场化原 则进行，根据购置楼层建筑面积按年度进行结算。 （三）关于与关联银行开展银行存款、承兑汇票托管等业务 1．对公存款业务。盐湖股份公司在银行对公存款业务包括银行存款业务、",2025-03-29,巨潮资讯网,https://static.cninfo.com.cn/finalpage/2025-03-29/1222951148.PDF,accepted
CNINFO-000792-1222951150,announcement,青海盐湖工业股份有限公司2024年度董事会工作报告,"青海盐湖工业股份有限公司 2024 年董事会工作报告 2024 年，公司紧密围绕党的二十大以及二十届二中、三中 全会精神， 深入贯彻落实， 坚定不移地锚定 “建设世界级盐湖产 业基地”这一宏伟目标，以打造“四个盐湖”为关键任务，扎实 推进“三大工程” ，全面开展“集中攻坚行动” 。在公司董事会领 导下，公司生产经营、 内部发展、 企业管理以及风险防控等多方 面均取得了显著成效。现将 2024 年度董事会工作情况汇报如下： 一、公司经营情况 2024 年，公司坚定不移地将高质量发展作为首要任务，紧 密围绕既定的生产经营计划与奋斗目标，全力以赴，多管齐下。 在生产环节， 聚力稳定生产节奏， 保障产品供应； 在效益提升上， 全力挖潜增效， 优化成本控制与运营效率； 在改革推进中， 奋力 突破体制机制障碍， 激发创新活力； 在风险防范领域， 着力坚守 安全、环保、财务等底线，筑牢发展根基；同时，凝聚各方力量 狠抓落实， 确保各项决策部署高效执行。 通过这一系列举措， 公 司不断强化核心功能， 持续提升核心竞争力， 生产经营态势稳健 向好，在稳步前行中实现提质增效，高质量发展得以扎实推进。 即便公司核心主营产品氯化钾与碳酸锂， 因国际市场价格起 伏、 国内供需关系变化以及运输成本波动等因素， 价格出现一定
波动， 但公司迅速响应， 凭借科学持续地优化生产流程与精细化 管理库存， 有效确保了市场的稳定供应， 合理调控价格波动区间， 为公司经营稳定与盈利能力的维系提供了有力支撑。 报告期内， 公司实现营业总收入 151.34 亿元，归属于上市公司股东的净利 润 46.63 亿元，截至 2024 年底， 总资产457.83 亿元，负债 61.89 亿元，资产负债率 13.52%；归属于上市公司股东的所有者权益 365.75 亿元，较年初增长 14.63%。销售收入、实现利润、上缴 税费等指标好于预期。 一是生产经营交出新答卷。2024 年，公司生产氯化钾 496 万吨、 碳酸锂4 万吨，销售氯化钾 467.28 万吨、 碳酸锂4.16 万 吨。在质量效益方面，东卤西输、盐田渗漏治理、铁东 4#泵站 恢复等工作的开展， 为稳定生产提供了可靠的资源保障。 通过技 术创新、工艺优化、计量管控等持续发力，原卤采集、成矿卤水 供给、溶剂兑制超额完成年度计划，主营产品质量实现“双百” 佳绩。 品牌价值达到118.24 亿元， 位列2024 中国化肥企业百强 第七。4 万吨/年基础锂盐一体化项目基本完成全年建设目标， 储热熔盐等稳链、 补链、 延链项目稳步推进。 梦幻盐湖景区游客 接待量突破 100 万人次、营业收入大幅提升。 二是产业发展后劲增强。在盐湖产业发展进程中，钾、锂、 钠产品产销规模稳健提升。 商业模式创新初显成效， 代工生产等 新型模式已展开初步探索， 全口径钾产品在市场中的份额持续攀 升。 在技术革新与资源利用层面， 新型模块化布袋除尘技术、 纳
滤浓排淡水回收技术， 以及提锂装置工艺优化等一系列举措， 大 幅提高了资源回收率。 同时， 标准化建设成果显著， 新发布标准 达 24 个。积极践行节能减排，完成 735 台高耗能设备的更新改 造。 中试基地吸引力增强， 成功入驻6 个项目。 高品质钾肥产出 丰硕， 氯化钾含量95%以上的产品占全年钾肥产量比重高达 85%， 拓宽了盐湖资源高质量发展的道路。 三是资源开采更加科学。通过 《察尔汗盐湖资源精细化、 高 效利用应用基础研究》 等重点项目， 基本查明了盐湖资源禀赋特 征，掌握了资源家底，理清了资源配置思路，形成了《资源可持 续开发、 产业高质量发展保障建议》 《采区轮采实施方案》 《绿色 矿山建设方案》 等专题报告， 为盐湖资源可持续发展奠定了理论 基础。 创新平台提档扩容， 盐湖资源综合利用技术创新中心通过 验收。创新成果不断涌现，实施科研项目100 项，申请专利114 项，授权专利 102 项。 “氯化钾生产新型模块化布袋除尘装置产 业化研究” “沉锂母液高效分离（萃取）工业化推广应用”入选 “中国好技术” 。 四是产业升级优势明显。公司制定 《盐湖资源高质量开发利 用三年行动方案（2024—2026 年） 》 ，明确了未来发展路径，部 署 11 项重点任务、6 项保障措施， 推动增强盐湖资源保障能力。 实施数字化、智能化改造，建立“5G＋盐湖”产业创新实验室， 钾肥生产工艺、 设施、 能源数据实现自动采集。 加快建设财务升 级、设备管理平台、实验室平台等信息化与业务深度融合项目，
启动数据治理等顶层设计与架构项目，构建“上云”用数、赋智 “服务”新模式，助力“产业大脑＋未来工厂”模式加速形成。 钾肥分公司、 蓝科锂业公司获评国家级绿色工厂， 天石公司通过 省级绿色矿山评审。发展成效入选《全国低碳品牌 100 佳》 《中 国企业绿色转型实践报告 2024》。 五是锂板块发展成果显著。公司强化对重点领域的保障， 形 成 《建设世界级盐湖产业基地背景下盐湖矿产资源全产业链发展 战略与创新政策研究》 《锂矿产资源全产业链发展战略与创新政 策研究报告》 ，对支撑公司钾锂资源安全起到了重要作用。2024 年公司锂产业营收占总营收比重超过 20%，4 万吨/年基础锂盐一 体化项目工艺优化实现盐湖提锂最优，项目投资得到大幅优化； 蓝科锂业公司获评国务院国资委 “双百企业” 和国家级绿色工厂 称号，沉锂母液高效分离（萃取）工业化推广应用“入选”中国 好技术” ，锂盐领域，推动向高效化、高端化、多元化发展。 六是安全环保迈出新步伐。节能、 降碳、 减污协同推进， 发 布盐湖产业绿色发展标准规范 4 项， 太阳能供热工程、 钾肥污水 处理装置、 纳滤浓排水淡水回收项目、 新型模块化布袋除尘系统 等重点节能治污项目建成并高效运行。 扎实开展重大事故隐患排 查整治和安全生产治本攻坚三年行动。 “5831”安全型班组全过 程管控 17 个要素全面落地，与环境整治、可视化整治、跑冒滴 漏整治及 6S 管理等实现深度融合、一体化推进，安全文化建设
初显成效。 七是融入央企步伐加快。公司实际控制人变更为中国五矿集 团有限公司， 公司加入中国五矿管理体系后将与中国五矿实现业 务协同， 业务板块将更加清晰、 核心竞争力将更加突出、 经营管 理机制将更加科学， 加快高质量发展正逢其时、 恰逢其会。 公司 正在以“百日融合 焕新行动”为契机，全方位加快推进管理体 系与集团公司深度融合。 公司积极融入集团公司的管理理念， 落 实管理要求， 厘清发展脉络， 加快融入央企速度， 推动重塑产业 逻辑、经营理念、管理方法，为下一步推动企业战略实施，增强 核心功能、提升核心竞争力奠定了坚实基础。 二、2024 年度董事会工作开展情况 2024 年，公司董事会全体董事勤勉尽责，认真履行《中华 人民共和国公司法》 《中华人民共和国证券法》 《深圳证券交易所 股票上市规则》 等相关法律法规及规章制度的要求和 《公司章程》 的规定， 认真履行股东大会赋予的职责， 审慎、 科学决策公司重 大事项， 严格执行股东大会的各项决议， 充分发挥董事会在公司 治理中的核心作用， 不断优化公司法人治理结构， 积极推动公司 各项业务发展， 有效维护了公司和全体股东的合法权益， 为公司 持续健康发展奠定了良好的基础。 （一）董事会组织会议情况。2024 年，公司股东大会与董 事会的工作高效且有序开展。全年成 功召开 2 次股东大会，对 16 项重要议题进行审议，充分保障股东权益，促进股东参与公
司治理。董事会层面，共召开 7 次会议，审议议题 42 项。在会 议筹备阶段， 董事会成员针对审议事项， 进行了全面且细致的调 研与研究， 为决策筑牢坚实基础。 正因如此， 所有审议议题均顺 利通过，并且在后续执行过程中，各项决策精准契合预期目标， 有效推动公司业务稳健前行。 此外， 公司还充分利用召开董事会 的机会， 组织公司董事围绕公司发展战略展开深度研讨。 董事们 各抒己见、 建言献策， 为公司发展提供了众多富有建设性的思路。 这不仅强化了董事会对公司战略方向的把控能力， 更搭建起董事 会与公司管理层、 股东之间高效的沟通平台， 促进各方信息互通、 协同合作，共同为公司的长远发展凝聚强大合力 。 （二）董事会各专门委员会履职情况。公司董事会下设战略 与投资委员会、审计委员会、提名委员会、薪酬委员会、环境社 会和公司治理（ESG）委员会五个专门委员会。各专门委员会严 格依据《公司法》 《上市公司治理准则》等法律法规与规范性文 件，以及《公司章程》和各专门委员会工作细则的相关规定，认 真履行职责， 发挥专业优势。 各专门委员会共计召开11 次会议， 针对各自领域的关键问题开展深入研讨。 战略与投资委员会聚焦 公司战略规划和重大投资决策， 对市场趋势、 行业动态进行分析 研判， 为公司发展布局提供前瞻性建议； 审计委员会强化对公司 财务报告、 内控制度的监督审核， 确保财务信息的真实性与合规 性； 提名委员会严格把控董事、 高级管理人员的提名与选拔， 致 力于打造高素质的公司管理团队； 薪酬委员会合理制定薪酬激励
政策，激发员工积极性与创造力；环境社会和公司治理（ESG） 委员会积极推动公司在环境保护、 社会责任履行、 公司治理优化 等方面持续进步。 各专门委员会的高效运作， 进一步规范了公司治理结构， 使 董事会在面对专业性强、 复杂度高的事项时， 能够获得专业、 精 准的意见及建议， 为董事会科学决策提供了有力支撑， 推动公司 稳健、可持续发展。 （三）独立董事履职情况。2024 年，公司独立董事严格依 照《公司法》 《证券法》等一系列法律法规、规范性文件，以及 《公司章程》 的相关规定， 秉持高度的责任感与敬业精神， 认真 履行独立董事职责。 他们始终保持勤勉尽责的工作态度， 积极关 注公司运营动态与发展方向。对于 2024 年召开的历次董事会会 议所审议的全部议案， 以及公司其他相关事项， 独立董事经过审 慎考量后， 均未提出任何异议。 这不仅体现出公司决策的科学性 与合规性，也彰显了独立董事对公司管理层工作的认可与支持， 为公司的稳健发展贡献了重要力量 。 （四）信息披露情况。信息披露是连接上市公司与市场、 投 资者的重要纽带， 公司对此予以高度重视， 董事会更是将其视为 公司运营管理的关键环节。 董事会严格监督公司管理层严格遵循 《深圳证券交易所股票上市规则》 《深圳证券交易所上市公司自 律监管指引第 1 号——主板上市公司规范运作》 以及公司内部制 定的《上市公司信息披露管理办法》等一系列规章制度的要求，
切实履行信息披露义务。从信息的收集、整理，到审核、报送， 每个流程都建立了严格的把控机制， 确保在规定时间内， 将需要 披露的信息精准无误地报送至深圳证券交易所。 2024 年，公司累计披露 145 个公告，内容涵盖公司的生产 运营情况、 重大财务数据、 战略决策、 人事变动等各个关键领域， 真实、全面、及时且充分地完成信息披露工作。借助官网公告、 交易所指定平台等多元化信息披露途径， 公司将自身的生产、 经 营、 财务等重大事项第一时间传递给市场， 使投资者能够在充分 掌握信息的基础上， 做出合理的投资决策， 为投资者提供了强有 力的决策依据。 三、2025 年的主要工作思路及规划 2025 年是公司融入中国五矿体系和中国盐湖 的开局之年， 更是肩负新使命、 谱写新华章的重要之年。 在新的起点上， 公司 将牢牢把握好加入五矿体系的重大历史机遇，深入贯彻落实习近 平总书记重要指示批示精神，加快建设世界级盐湖产业基地， 借 助中国五矿全产业链一体化优势特别是科技力量优势，推动盐湖 产业高质量发展， 充分发挥其作为国家粮食安全的压舱石、 新能 源产业的稳定器、高端轻金属材料的生力军的作用。 一是把握历史机遇， 提升公司综合实力。公司将依托中国五 矿、 中国盐湖集团经验优势和投研建营一体化综合集成服务能力， 培育新质生产力带动产业转型升级， 大幅提升企业竞争力、 创新 力、控制力、影响力、抗风险能力，全面实现盐湖资源绿色高效",2025-03-29,巨潮资讯网,https://static.cninfo.com.cn/finalpage/2025-03-29/1222951150.PDF,accepted
CNINFO-002460-1222949713,announcement,证券投资专项说明,"江西赣锋锂业集团股份有限公司 关于2024年度证券与衍生品投资交易情况的专项说明 根据 《深圳证券交易所股票上市规则》 及 《深圳证券交易所上市 公司自律监管指南第1号——业务办理》有关规定的要求，江西赣锋 锂业集团股份有限公司（以下简称“公司”）董事会对2024年度证券 与衍生品投资交易情况进行了认真核查，现将有关情况说明如下： 一、证券与衍生品投资交易审议批准情况 （一）证券投资 根据公司《对外投资管理制度》 《风险投资管理制度》规定，公 司进行证券投资， 可以对未来十二个月内投资范围、 额度及期限等进 行合理预计， 投资额度占公司最近一期经审计净资产 10%以上， 且绝 对金额超过一千万元人民币的， 应当在投资之前经董事会审议通过并 及时履行信息披露义务； 投资额度占公司最近一期经审计净资产50% 以上且绝对金额超过五千万元人民币的，还应当提交股东大会审议。 相关额度的使用期限不应超过 12 个月，期限内任一时点的交易金额 （含前述投资的收益进行再投资的相关金额）不应超过投资额度。 （二）商品套期保值 1、关于公司及控股子公司开展商品期货期权套期保值业务的议 案 公司于 2024 年 2 月 5 日召开第五届董事会第七十三次会议审议 通过了 《关于公司及控股子公司开展商品期货期权套期保值业务的议 案》 ， 同意公司及控股子公司开展商品期货期权套期保值业务， 交易 保证金和权利金上限 （包括为交易而提供的担保物价值、 预计占用的 金融机构授信额度、为应急措施所预留的保证金等）不超过人民币 20,000 万元， 且任一交易日持有的最高合约价值不超过 （含） 人民币
30,000 万元。自公司董事会审议通过之日起十二个月内有效。 2、关于使用自有资金开展衍生品交易的议案 公司于 2024 年 7 月 15 日召开第五届董事会第八十一次会议、 于 2024 年 8 月 13 日召开 2024 年第二次临时股东大会审议通过了《关 于使用自有资金开展衍生品交易的议案》 ， 在授权有效期内， 拟动用 的交易保证金和权利金不超过人民币 80 亿元（或等值外币），任一 交易日持有的最高合约价值不超过人民币 80 亿元（或等值外币）， 额度使用期限自该事项获股东大会审议通过之日起 12 个月内有效， 上述额度在期限内可循环滚动使用。 二、2024 年度公司证券投资及商品套期保值交易情况 （一）证券投资情况 2024 年度，公司证券投资的具体明细如下表： 单位：人民币万元 资产 类别 初始投资 成本 本期公允 价值变动 损益 计入权益 的累计公 允价值变 动 报告期 内购入 金额 报告 期内 售出 金额 累计投资 收益 期末金额 资金 来源 股票 5,799.29 -4,537.76 -2,133.02 - - -4,537.76 3,571.59 自有 资金 其他 94,148.57 -140,999.08 184,995.25 9,931.31 500.52 -140,638.04 259,802.43 自有 资金 合计 99,947.86 -145,536.85 182,862.23 9,931.31 500.52 -145,175.81 263,374.03 -- 2024年， 公司开展了领式期权业务， 赣锋国际与与摩根士丹利及 美国银行签订了Equity Collar Transaction协议以进行领式期权交易。 即赣锋国际将所持有的105,401,972股Pilbara Minerals Limited（以下简 称“Pilbara”）股票质押给摩根士丹利及美国银行，同时摩根士丹利 及美国银行授予赣锋国际一项与质押股票数量相等的Pilbara股票的 看跌期权用于保证本金偿还， 赣锋国际授予摩根士丹利及美国银行一 项同等数量股票的看涨期权用于对冲资金成本。
（二）商品套期保值交易情况 2024 年，公司开展了商品期货套期保值业务，具体业务情况如 下： 单位：人民币万元 衍生品 投资类 型 初始投资 金额 期 初 金 额 本期公允 价值变动 损益 计入权益 的累计公 允价值变 动 报告期内 购入金额 报告期内 售出金额 期末金额 期末投资 金额占公 司报告期 末净资产 比例 卖出碳 酸锂期 货 3,845.05 - 342.75 342.75 3,502.30 3,845.05 - 0.00% 买入碳 酸锂期 货 55,891.97 - -2,345.19 -4,571.71 73,713.29 17,119.06 51,629.60 1.08% 合计 59,737.02 - -2,002.44 -4,228.96 77,215.59 20,964.11 51,629.60 1.08% 报告期 实际损 益情况 的说明 报告期碳酸锂期货亏损 2,117.21 万元。 套期保 值效果 的说明 套期保值可以实现企业对成本和销售价格的锁定，从而减少市场价格波动对企业盈利的影 响， 通过期货市场的交易规避现货价格不利变动带来的风险， 同时基差管理和动态调整可以 进一步提高保值效果，实现风险局限和潜在利润的平衡。 三、投资风险及风险控制措施 1、投资风险 金融市场受宏观经济的影响较大， 且风险投资存在许多不确定因 素， 公司将根据经济形势以及金融市场的变化适时适量的介入， 其实 际收益不可预期，同时不排除该项投资受到市场波动的影响。 2、针对投资风险，公司拟采取措施如下： （1）公司制订了《对外投资管理制度》《风险投资管理制度》 《期货及衍生品交易管理制度》等投资决策制度， 对公司证券和衍生 品交易等风险投资的原则、范围、权限、内部审核流程、内部报告程 序、 资金使用情况的监督、 责任部门及责任人等方面均作了详细规定，
能有效防范投资风险， 同时公司将加强市场分析和调研， 切实执行内 部有关管理制度，严控风险。 （2）管理层进行具体实施时，需得到公司董事长批准。具体实 施部门要及时分析和跟踪投向、 项目进展情况， 如评估发现存在可能 影响公司资金安全的风险因素， 将及时采取相应措施， 控制投资风险。 （3）审计监察部负责对风险投资项目的审计与监督，每个会计 年度末应对所有风险投资项目进行全面检查， 并根据谨慎性原则， 合 理的预计风险投资可能发生的收益和损失，并向审计委员会报告。 （4）审计委员会对风险投资进行事前审查，对风险投资项目的 风险、 履行的程序、 内控制度执行情况出具审查意见， 并向董事会报 告。 每个会计年度末， 公司审计委员会应对所有风险投资项目进展情 况进行检查，对于不能达到预期效益的项目将及时报告公司董事会。 （5）公司将持续加强对业务人员的培训，提升专业技能和业务 水平，增强风险管理及防范意识； （6）在业务操作过程中，严格遵守国家有关法律法规的规定， 防范法律风险， 定期对套期保值业务的规范性、 内控机制执行的有效 性等方面进行监督检查。 特此说明。 江西赣锋锂业集团股份有限公司 董事会 2025 年 3 月 28 日",2025-03-29,巨潮资讯网,https://static.cninfo.com.cn/finalpage/2025-03-29/1222949713.PDF,accepted
GFEX-WR-20250331,announcement,广期所碳酸锂仓单日报：仓单减少18027手,广州期货交易所2025-03-31仓单日报显示，碳酸锂仓单总量为17755手，减少18027手。,2025-03-31,广州期货交易所,https://www.gfex.com.cn/gfex/cdrb/hqsj_tjsj.shtml,accepted
GFEX-WR-20250401,announcement,广期所碳酸锂仓单日报：仓单增加1380手,广州期货交易所2025-04-01仓单日报显示，碳酸锂仓单总量为19135手，增加1380手。,2025-04-01,广州期货交易所,https://www.gfex.com.cn/gfex/cdrb/hqsj_tjsj.shtml,accepted
CNINFO-002594-1222982953,announcement,2025年3月产销快报,"证券代码：002594 证券简称：比亚迪 公告编号：2025-028 比亚迪股份有限公司 2025年3月产销快报 本公司及董事会全体成员保证信息披露的内容真实、准确、完整，没有虚假记载、误导性陈述或重大遗漏。 比亚迪股份有限公司(以下简称“本公司”)2025年3月产销快报数据如下： 单位：辆 产量 销量 项目类别 本月 去年同期 本年累计 去年累计 累计同比 本月 去年同期 本年累计 去年累计 累计同比 新能源汽车 395,091 296,253 1,057,079 612,315 72.64% 377,420 302,459 1,000,804 626,263 59.81% -乘用车 388,877 295,425 1,041,899 610,450 70.68% 371,419 301,631 986,098 624,398 57.93% -纯电动 187,599 134,352 450,949 291,730 54.58% 166,109 139,902 416,388 300,114 38.74% -插电式混合动力 201,278 161,073 590,950 318,720 85.41% 205,310 161,729 569,710 324,284 75.68% -商用车 6,214 828 15,180 1,865 713.94% 6,001 828 14,706 1,865 688.53% -客车 388 269 1,127 795 41.76% 388 269 1,127 795 41.76% -其他 5,826 559 14,053 1,070 1,213.36% 5,613 559 13,579 1,070 1,169.00% 合计 395,091 296,253 1,057,079 612,315 72.64% 377,420 302,459 1,000,804 626,263 59.81% 注：本公司 2025 年 3 月海外销售新能源汽车合计 72,723 辆； 本公司 2025 年 3 月新能源汽车动力电池及储能电池装机总量约为 20.347GWh，2025 年累计装机总量约为 52.553GWh。 务请注意，上述产、销量数字未经审核，亦未经本公司审计师确认，或会予以调整并有待最终确认。本公司刊发财务业绩后，股东及 潜在投资者务必详阅。
特此公告。 比亚迪股份有限公司董事会 2025 年 4 月 1 日",2025-04-02,巨潮资讯网,https://static.cninfo.com.cn/finalpage/2025-04-02/1222982953.PDF,accepted
GFEX-WR-20250402,announcement,广期所碳酸锂仓单日报：仓单增加2633手,广州期货交易所2025-04-02仓单日报显示，碳酸锂仓单总量为21768手，增加2633手。,2025-04-02,广州期货交易所,https://www.gfex.com.cn/gfex/cdrb/hqsj_tjsj.shtml,accepted
GFEX-WR-20250403,announcement,广期所碳酸锂仓单日报：仓单增加2835手,广州期货交易所2025-04-03仓单日报显示，碳酸锂仓单总量为24603手，增加2835手。,2025-04-03,广州期货交易所,https://www.gfex.com.cn/gfex/cdrb/hqsj_tjsj.shtml,accepted
GFEX-WR-20250407,announcement,广期所碳酸锂仓单日报：仓单增加2420手,广州期货交易所2025-04-07仓单日报显示，碳酸锂仓单总量为27023手，增加2420手。,2025-04-07,广州期货交易所,https://www.gfex.com.cn/gfex/cdrb/hqsj_tjsj.shtml,accepted
GFEX-WR-20250408,announcement,广期所碳酸锂仓单日报：仓单增加1380手,广州期货交易所2025-04-08仓单日报显示，碳酸锂仓单总量为28403手，增加1380手。,2025-04-08,广州期货交易所,https://www.gfex.com.cn/gfex/cdrb/hqsj_tjsj.shtml,accepted
LC-TEXT-0018,news,中国证券报 - 新能源汽车高增长 车企出海步伐加快,原文摘要：4月11日，中汽协发布的数据显示，今年一季度，国内汽车产销量分别完成756.1万辆和747万辆，同比分别增长14.5%和11.2%。其中，新能源汽车产销量完成318.2万辆和307.5万辆，同比分别增长50.4%和47.1%。 中国汽车工业协会副秘书长陈士华表示：“一季度，提振汽车消费政策措施得以延续并加速落地，消费市场提质向好，企业产品密集焕新，消费者信心增强，汽车产销呈现两位数增长，汽车行业开局运行良好。” 专家表示，相关政策组合效应将持续释放，车企开启新品密集发布周期，多地促销活动火热进行，有助于进一步释放消 来源为中国证券报，首次公开日期核验为2025-04-12。项目关联：本条样本用于 AlphaLens 的行业事实、关注扩散与主营业务相关性研究，不构成投资建议。,2025-04-12,中国证券报,https://epaper.cs.com.cn/zgzqb/html/2025-04/12/nw.D110000zgzqb_20250412_1-A05.htm,accepted
GFEX-WR-20250421,announcement,广期所碳酸锂仓单日报：仓单增加883手,广州期货交易所2025-04-21仓单日报显示，碳酸锂仓单总量为30445手，增加883手。,2025-04-21,广州期货交易所,https://www.gfex.com.cn/gfex/cdrb/hqsj_tjsj.shtml,accepted
GFEX-WR-20250422,announcement,广期所碳酸锂仓单日报：仓单增加940手,广州期货交易所2025-04-22仓单日报显示，碳酸锂仓单总量为31385手，增加940手。,2025-04-22,广州期货交易所,https://www.gfex.com.cn/gfex/cdrb/hqsj_tjsj.shtml,accepted
CNINFO-002466-1223235918,announcement,2025年第一季度业绩预告,"1 股票代码：002466 股票简称： 天齐锂业 公告编号：2025-030 天齐锂业股份有限公司 2025 年第一季度业绩预告 本公司及董事会全体成员保证信息披露的内容真实、准确、 完整，没有虚假记载、误导性陈述或重大遗漏。 一、本期业绩预计情况 1、业绩预告期间：2025年1月1日至2025年3月31日。 2、预计的经营业绩：预计净利润为正值且属于下列情形之一： √扭亏为盈 同向上升 同向下降 项目 本报告期 上年同期 归属于上市公司股东的净利润 盈利：8,200万元–12,300万元 亏损：389,678.48 万元 扣除非经常性损益后的净利润 盈利：3,200万元–4,800万元 亏损：391,673.39 万元 基本每股收益 盈利：0.05元/股–0.08元/股 亏损：2.38元/股 二、与会计师事务所沟通情况 本次业绩预告未经注册会计师预审计。 三、业绩变动原因说明 天齐锂业股份有限公司（以下简称“公司”）报告期业绩变动的主要原因： 1、尽管受锂产品市场波动的影响， 公司2025年第一季度锂产品销售价格较上年同期下降， 但得益于公司控股子公司Windfield Holdings Pty Ltd 锂矿定价周期缩短，其全资子公司Talison Lithium Pty Ltd 化学级锂精矿定价机制与公司锂化工产品销售定价机制在以前年度存在的时间 周期错配的影响已大幅减弱。随着国内新购锂精矿陆续入库及库存锂精矿的逐步消化， 公司各 生产基地生产成本中耗用的化学级锂精矿成本基本贴近最新采购价格。同时， 受自产工厂爬坡 及技改的积极影响，公司2025年第一季度锂化合物及衍生品的产销量实现同比增长。 2、截至本业绩预告公告日，公司重要的联营公司Sociedad Química y Minera de Chile S.A. （以下简称 “SQM” ） 尚未公告其2025年第一季度业绩报告。 公司全面考虑所能获取的可靠信 息，沿用一贯方式，采用彭博社预测的SQM 202 5年第一季度每股收益等信息为基础来计算同 期公司对SQM的投资收益。鉴于SQM税务争议裁决对其净利润的影响已于2024年度确认，根
2 据前述彭博社预测数据，SQM 202 5年第一季度业绩预计将同比增长，因此公司在本报告期确 认的对该联营公司的投资收益较上年同期增长。 四、风险提示 1、 本次业绩预告是公司财务部门初步测算结果， 未经审计机构审计，与公司 2025 年第一 季度报告中披露的最终数据可能存在差异。 具体财务数据将在公司 《2025 年第一季度报告》 中 详细披露。敬请广大投资者注意投资风险。 2、 鉴于公司重要的联营公司SQM 是在智利圣地亚哥和美国纽约证券交易所上市的公司， 根据两地交易所信息披露规则，SQM 披露季度财务报告的时间晚于公司业绩预告的时间，公 司不能先于 SQM 公告季度财务信息前公告其业绩。根据《企业会计准则第 32 号——中期财 务报告》 第九条规定， 公司通过财务测算模型并结合彭博社预测的SQM 2025 年第一季度每股 收益等信息预估 SQM 2025 年第一季度经营损益，并按照公司持股比例预估对 SQM 的投资收 益。该项投资收益与 SQM 实际公告的净利润按公司持股比例计算的应计投资收益可能存在差 异。 公司将根据差异的金额及对公司财务信息的影响程度， 严格按照企业会计准则的规定及时 进行会计处理并按信息披露规定及时进行信息披露。具体财务数据以公司披露的《2025 年第 一季度报告》为准。 3、由于有色金属行业属于周期性行业，受多种因素变化的影响（包括但不限于全球经济 增长情况、供需动力、生产成本变动、运输成本变动、商品库存以及技术发展等），锂产品价 格呈现波动性； 如果锂产品价格下降，可能对公司的业务、 财务状况及经营业绩产生不利影响。 同时，关税政策变动、 汇率变动等也会对公司业绩产生影响。公司后续报告期的经营业绩尚具 有不确定性，请以公司后续持续披露的定期报告为准。 4、公司所有公开披露的信息均以在指定的信息披露媒体《证券时报》《证券日报》《中 国证券报》 《上海证券报》《经济参考报》及巨潮资讯网 （http://www.cninfo.com.cn） 刊登的信 息为准，敬请广大投资者理性投资，注意风险。 特此公告。 天齐锂业股份有限公司董事会 二〇二五年四月二十四日",2025-04-24,巨潮资讯网,https://static.cninfo.com.cn/finalpage/2025-04-24/1223235918.PDF,accepted
CNINFO-002738-1223271317,announcement,公司关于申请广州期货交易所碳酸锂指定交割厂库的公告,中矿资源集团股份有限公司 证券代码：002738 证券简称：中矿资源 公告编号：2025-013 号 中矿资源集团股份有限公司 关于申请广州期货交易所碳酸锂指定交割厂库的公告 中矿资源集团股份有限公司（以下简称“公司”或“本公司”）于2025年4月 24日召开第六届董事会第十五次会议， 审议通过了 《关于申请广州期货交易所碳酸 锂指定交割厂库的议案》 ，同意公司下属子公司中矿资源 （江西） 锂业有限公司向 广州期货交易所申请碳酸锂指定交割厂库的资质，并授权公司所涉子公司及相关人 员向广州期货交易所提交申请材料，并办理具体相关事宜。 公司本次申请广州期货交易所碳酸锂指定交割厂库有利于公司将现货市场、 期 货市场和交割厂库三者有机结合，进一步增强公司抗风险能力和市场竞争力， 对公 司长期健康、可持续发展产生积极作用。 本次申请广州期货交易所碳酸锂指定交割厂库的资质尚存在不确定性， 最终以 广州期货交易所审核通过为准。 公司将持续关注本次申请事项的进展情况， 并及时 履行信息披露义务。 特此公告。 中矿资源集团股份有限公司董事会 2025 年 4 月 24 日 本公司及董事会全体成员保证信息披露的内容真实、准确、完整，没有虚 假记载、误导性陈述或重大遗漏。,2025-04-25,巨潮资讯网,https://static.cninfo.com.cn/finalpage/2025-04-25/1223271317.PDF,accepted
CNINFO-002738-1223271321,announcement,公司关于开展外汇套期保值业务和商品期货期权套期保值业务的公告,"中矿资源集团股份有限公司 证券代码：002738 证券简称：中矿资源 公告编号：2025-012 号 中矿资源集团股份有限公司 关于开展外汇套期保值业务和 商品期货期权套期保值业务的公告 重要内容提示： 1、交易目的：为进一步提高中矿资源集团股份有限公司（以下简称“公司” 或 “本公司” ）应对外汇波动风险和产品市场价格风险的能力， 增强公司财务稳健 性，防范各种风险对公司成本控制和经营业绩造成的不利影响。 2、交易品种：外汇套期保值业务交易品种为交易结构简单、风险较低的普通 远期产品；商品期货期权套期保值业务 交易品种为与公司生产经营有直接关系的 锂盐期货和期权品种。 3、交易额度：开展外汇套期保值业务和商品期货期权套期保值业务的总额度 不超过人民币310,000.00万元（人民币兑美元按汇率1: 1:7.25折算）。其中，公司 开展外汇套期保值业务 的额度不超过40,000.00万美元，开展商品期货期权套期保 值业务的保证金和权利金金额合计不超过人民币20,000.00万元。 4、已履行的审议程序：本次公司开展外汇套期保值业务和商品期货期权套期 保值业务已经公司第六届董事会第 十五次会议、第六届监事会第十二次会议和第 六届董事会独立董事专门会议 2025年第一次会议审议通过。本事项尚需提交股东 大会审议， 公司董事会提请股东大会授权董事会，并同意董事会进一步授权经营管 理层在上述额度范围内根据业务情况、实际需要运作和管理 外汇套期保值业务 和 商品期货期权套期保值业务， 包括调整交易主体及交易对手方， 负责签署相关协议 及文件等。 5、特别风险提示：外汇套期保值业务和商品期货期权套期保值业务均存在市 场风险、 内部控制风险、流动性风险、 技术风险等， 公司将积极落实管控制度和风 险防范措施， 审慎执行外汇套期保值业务和商品期货期权套期保值业务的操作， 提 本公司及董事会全体成员保证信息披露的内容真实、准确、完整，没有虚 假记载、误导性陈述或重大遗漏。
中矿资源集团股份有限公司 醒投资者充分关注投资风险。 公司于2025年4月24日召开第六届董事会第十五次会议，审议通过了《关于开 展外汇套期保值业务 和商品期货期权套期保值业务的议案 》，同意公司及子公司 2025年度开展 外汇套期保值业务 和商品期货期权套期保值业务的总额度不超过 310,000.00万元人民币（人民币兑美元按汇率1: 7.25折算）。其中，开展外汇套期 保值业务的额度不超过40,000.00万美元， 开展商品期货期权套期保值业务的保证金 和权利金金额合计不超过人民币20,000.00万元。上述议案尚需提交公司2024年度股 东大会审议批准， 业务授权有效期自公司2024年度股东大会审议通过之日起至2025 年度股东大会召开之日止，上述额度在有效期限内可循环滚动使用。 现将有关情况公告如下： 一、投资情况概述 （一）公司开展外汇套期保值业务的基本情况 1、交易目的 近年来， 受国际政治、经济不确定因素影响， 外汇市场波动较为频繁， 汇率震 荡幅度不断加大， 导致经营不确定因素增加。 公司经营业务活动开展过程中存在境 外销售、 境外采购、 境外投资及外币信贷业务， 交易币种涉及美元、 赞比亚克瓦查、 纳米比亚元等，当外汇汇率出现较大波动时， 汇兑损益对公司的经营业绩会造成较 大影响。 为合理降低财务费用，降低汇率波动对公司业绩的影响，在保证日常营运 资金需求的情况下， 公司及子公司拟在银行和境外金融机构开展外汇套期保值业务。 公司所开展的外汇套期保值业务与公司业务紧密相关， 均是以锁定成本、 规避和防 范汇率风险为目的， 不会影响公司主营业务。 该业务的开展进一步提高公司应对外 汇波动风险的能力， 更好地规避和防范公司所面临的外汇汇率、 利率波动风险， 增 强公司财务稳健性。 2、交易额度 公司及子公司开展外汇套期保值业务的额度不超过40,000.00万美元，上述额度 在有效期限内可循环滚动使用。 3、交易方式： 公司及子公司将在经国家外汇管理局和中国人民银行批准、具有外汇衍生品交 易业务经营资格的银行， 以及经营稳健、 资信良好且具有金融衍生品交易业务经营
中矿资源集团股份有限公司 资格的境外金融机构进行交易。 公司及子公司拟开展的外汇套期保值业务包括但不限于远期结售汇、外汇掉 期、货币掉期、外汇互换、外汇期货、外汇期权业务及其他外汇衍生产品相关组 合产品等业务，交易产品结构简单、风险较低。 4、交易期限 自公司2024年度股东大会审议通过之日起至2025年度股东大会召开之日止。如 单笔交易的存续期超过了授权期限， 则授权期限自动顺延至该笔交易终止时止， 但 该笔交易额度纳入下一个审批有效期计算。 5、资金来源 公司及相关子公司的自有资金。 （二）公司开展商品期货期权套期保值业务的基本情况 1、交易目的 公司主要从事锂电新能源原料开发与利用业务， 主要产品为氢氧化锂、 碳酸锂 等锂盐产品。 近年来， 公司锂盐产品的销售价格受市场价格波动的影响较大， 为降 低产品价格波动给公司带来的经营风险， 公司拟利用金融工具的套期保值功能， 对 生产经营业务相关的产品风险敞口择机开展商品期货期权套期保值业务， 有效降低 产品市场价格波动风险，保障主营业务稳定可持续发展。 2、交易额度 公司及子公司开展商品期货期权套期保值业务的保证金和权利金金额合计不 超过人民币20,000.00万元，上述额度在有效期限内可循环滚动使用。 3、交易品种 公司开展商品期货期权套期保值业务的品种仅限于与公司生产经营有直接关 系的锂盐期货和期权品种。 4、交易期限 自公司2024年度股东大会审议通过之日起至2025年度股东大会召开之日止。如 单笔交易的存续期超过了授权期限， 则授权期限自动顺延至该笔交易终止时止， 但 该笔交易额度纳入下一个审批有效期计算。 5、资金来源 公司及相关子公司的自有资金。
中矿资源集团股份有限公司 二、审议程序 本次公司开展外汇套期保值业务 和商品期货期权套期 保值业务已经公司第六 届董事会第十五次会议、第六届监事会第十二次会议和第六届董事会独立董事专门 会议2025年第一次会议审议通过。 本事项尚需提交股东大会审议， 公司董事会提请 股东大会授权董事会， 并同意董事会进一步授权经营管理层在上述额度范围与期限 内根据业务情况、 实际需要运作和管理外汇套期保值业务和商品期货期权套期保值 业务，包括调整交易主体及交易对手方，负责签署相关协议及文件等。 三、交易风险分析及风险控制措施 （一）开展外汇套期保值业务的风险分析及风险控制措施 1、风险分析 （1）市场风险：交易合约汇率、利率与到期日实际汇率、利率的差异将产生 交易损益； 在存续期内， 以公允价值进行计量， 每一会计期间将产生重估损益，至 到期日重估损益的累计值等于交易损益。 因此存在因标的汇率、 利率等市场价格波 动导致外汇套期保值产品公允价值变动而造成损益的市场风险。 （2）流动性风险：因开展的外汇套期保值业务均为通过金融机构操作，存在 因流动性不足，产生合约交易而须向银行支付费用的风险。 （3）内部控制风险：外汇套期保值业务专业性较强，复杂程度较高，可能会 由于内部控制机制不够完善而造成风险。 （4）收付款预测风险：公司根据销售订单、采购订单及外币借款合同等进行 收支预测， 实际执行过程中， 客户或供应商可能会调整订单， 外币借款可能会提前 还款或进行展期，造成公司对外币收支预测不准，导致交割风险。 （5）履约风险：套期保值交易对手出现违约，不能按照约定支付公司套保盈 利从而无法对冲公司实际的汇兑损失，将造成公司损失。 （6）技术风险：由于无法控制和不可预测的系统故障、网络故障、通讯故障 等造成交易系统非正常运行， 使交易指令出现延迟、 中断或数据错误等问题， 从而 带来相应风险。 2、风险控制措施 （1）为避免汇率大幅波动为公司带来的市场风险，公司会加强对汇率的研究 分析， 实时关注国际市场环境变化， 适时调整外汇套期操作策略， 最大限度避免汇
中矿资源集团股份有限公司 兑损失。 （2）为避免汇率波动与外汇套期保值业务合约偏差，优先选择可提前交割或 可展期交割的较灵活的外汇套期保值业务方式。 （3）公司制定了《外汇套期保值业务管理制度》，建立严格有效的风险管理 制度，利用事前、事中及事后的风险控制措施，预防、发现和降低各种风险。该制 度符合监管部门的有关要求， 满足实际操作的需要， 所制定的风险控制措施切实有 效。 （4）为避免内部控制风险，公司财务管理部、审计监察部、证券事务部和法 律风控部作为相关责任部门均有清晰的管理定位和职责， 通过分级管理， 形成监督 机制，从制度上杜绝单人或单独部门操作的风险，有效地控制操作风险。 （5）公司进行外汇套期保值业务必须基于公司出口项下的外币收款预测及进 口项下的外币付款预测， 或者公司的外币银行借款存量，外汇套期保值业务合约的 外币金额不得超过外币收款或外币付款预测量，外汇套期保值业务的交割期间需与 公司预测的外币回款时间或外币付款时间相匹配， 或者与对应的外币银行借款的还 款期限相匹配。 （6）公司审计监察部将定期及不定期对外汇套期保值业务的实际操作情况、 资金使用情况及盈亏情况进行审查。 （二）开展商品期货期权套期保值业务的风险分析及风险控制措施 1、风险分析 （1）市场风险：理论上，各交易品种在临近交割期时期货市场价格和现货市 场价格将趋于回归一致， 但在极个别的非理性市场情况下， 如市场发生系统性风险， 期货价格与现货价格走势相背离等， 会对公司的套期保值操作方案带来影响， 甚至 造成损失。 （2）政策风险：如期货市场相关法规政策发生重大变化，可能导致市场发生 剧烈波动或无法交易的风险。 （3）流动性风险：期货交易采取保证金和逐日盯市制度，按照经公司审批的 方案下单操作时， 如果合约活跃度较低， 导致套期保值持仓无法成交或无法在合适 价位成交， 令实际交易结果与方案设计出现较大偏差， 甚至面临因未能及时补足保 证金而被强行平仓带来的损失。
中矿资源集团股份有限公司 （4）内部控制风险：期货和期权交易专业性较强，复杂程度较高，可能会产 生由于内控体系不完善导致的风险。 （5）技术风险：由于无法控制和不可预测的系统故障、网络故障、通讯故障 等造成交易系统非正常运行， 使交易指令出现延迟、 中断或数据错误等问题， 从而 带来相应风险。 2、风险控制措施 （1）公司严格遵守相关法律法规的要求，制定了《商品期货期权套期保值业 务管理制度》 ， 对公司开展商品期货期权套期保值业务的审批权限、 操作流程及风 险控制等方面做出明确的规定，建立有效的监督检查、风险控制和交易止损机制， 降低内部控制风险。 （2）公司合理设置套期保值业务组织机构，明确各相关部门和岗位的职责权 限， 严格在董事会授权的范围内办理相关业务。 同时， 加强相关人员的职业道德教 育及业务培训，提高从业人员的专业素养。 （3）公司商品期货期权套期保值业务仅限于与公司经营业务相关性高的期货 和期权品种， 业务规模将与公司经营业务相匹配， 最大程度对冲价格波动风险。 在 制订交易方案的同时做好资金测算， 以确保可用资金充裕； 严格控制套期保值业务 的资金规模， 合理规划和使用资金， 在市场剧烈波动时做到合理止损， 有效规避风 险。 （4）公司审计监察部定期及不定期对套期保值交易业务进行检查，监督套期 保值交易业务人员执行风险管理制度和风险管理工作程序， 及时防范业务中的操作 风险。 （5）公司将密切跟踪市场行情变化，关注价格变化趋势，及时调整套期保值 方案，并结合现货销售，尽可能降低交易风险。 四、交易相关会计处理 公司根据 《企业会计准则第22号——金融工具确认和计量》 《企业会计准则第 24号——套期会计》 《企业会计准则第37号——金融工具列报》 《企业会计准则第 39号——公允价值计量》 等相关规定及其指南， 对公司开展外汇套期保值业务和商 品期货期权套期保值业务进行相应的核算处理，并在财务报告中正确列报。 五、备查文件
中矿资源集团股份有限公司 1、公司第六届董事会第十五次会议决议。 2、公司第六届监事会第十二次会议决议。 3、公司第六届董事会独立董事专门会议2025年第一次会议决议。 4、中矿资源集团股份有限公司关于开展外汇套期保值业务和商品期货期权套 期保值业务的可行性分析报告。 5、中矿资源集团股份有限公司外汇套期保值业务管理制度。 6、中矿资源集团股份有限公司商品期货期权套期保值业务管理制度。 特此公告。 中矿资源集团股份有限公司董事会 2025 年 4 月 24 日",2025-04-25,巨潮资讯网,https://static.cninfo.com.cn/finalpage/2025-04-25/1223271321.PDF,accepted
GFEX-WR-20250428,announcement,广期所碳酸锂仓单日报：仓单增加1052手,广州期货交易所2025-04-28仓单日报显示，碳酸锂仓单总量为32847手，增加1052手。,2025-04-28,广州期货交易所,https://www.gfex.com.cn/gfex/cdrb/hqsj_tjsj.shtml,accepted
CNINFO-002497-1223380001,announcement,关于公司开展期货期权和外汇套期保值业务的公告,"1 证券代码：002497 证券简称：雅化集团 公告编号：2025-23 四川雅化实业集团股份有限公司 关于公司开展期货期权和外汇套期保值业务的公告 本公司及董事会全体成员保证信息披露内容的真实、 准确和完整， 没有虚 假记载、误导性陈述或重大遗漏。 重要内容提示： 1、交易基本情况：为有效防范大宗物资市场价格波动对公司业绩的影响， 四川雅化实业集团股份有限公司 （以下简称 “公司” ） 及下属子公司拟对生产产 品、 建设所需大宗物资及生产所需相关大宗材料开展套期保值业务； 同时， 为规 范公司外汇套期保值业务， 保证公司外汇管理的需要， 公司及下属子公司拟使用 自有资金及银行授信额度开展总额不超过 40 亿元的外汇套期保值业务。上述交 易额度自董事会审议通过之日起一年内可循环使用， 授权公司管理层在额度范围 内具体实施上述套期保值业务相关事宜。 2、审议程序：公司及下属子公司本次开展商品期货期权和外汇套期保值业 务的事项已经第六届董事会第六次会议审议通过。 3、风险提示：期货期权套期保值业务存在固有的市场风险、政策风险、流 动性风险、 内部控制风险及技术风险， 外汇套期保值业务的交易操作可能存在汇 率波动风险、 内部控制风险、 履约风险等。 公司将积极落实管控制度和风险控制 措施，审慎执行套期保值操作，敬请广大投资者注意投资风险。 一、开展套期保值业务概述 （一）开展商品期货期权套期保值业务 1、目的 公司主要从事锂电新能源材料业务， 主要产品为氢氧化锂、 碳酸锂等锂盐产 品，主要原辅料涉及锂矿、硫酸、烧碱、纯碱等，公司工程项目建设所需材料设 备涉及钢材、铜、铝等。为降低原材料、产品价格波动给公司生产经营、项目建 设成本带来不利影响， 保持公司经营业绩持续、 稳定， 公司拟利用期货工具的避 险保值功能， 择机开展套期保值业务。 本次开展套期保值业务， 工具选择为与公
2 司生产经营、 工程建设相关的期货品种及其衍生品， 预计将有效控制成本波动风 险。 2、基本情况 公司董事会授权经营管理层及其授权人士开展套期保值业务， 并按照公司制 定的 《期货及衍生品套期保值业务管理制度》 相关规定及流程， 进行套期保值业 务操作及管理。 （1）交易品种 公司开展套期保值业务的品种限于与公司生产经营、 项目建设相关的大宗原 辅材料、产成品的期货、期权、场外衍生品及其组合。 （2）资金额度 公司开展套期保值交易的数量以签订订单所需原材料及产品产量为基础， 原 则上套期保值持仓数量不超过已签订单所需的材料数量或产品产量。 套期保值业务的保证金和权利金总额不超过人民币 2 亿元 （不含期货标的实 物交割款项） ，在实际工作中，套期保值业务的开展是结合公司的生产与销售情 况、 风险承受能力及对市场的基本判断逐步开展， 交易保证金和权利金在有效期 内循环使用；公司严格控制套期保值资金规模，不会影响公司正常生产经营。 （3）资金来源 公司开展套期保值业务资金来源为自有及自筹资金，不涉及募集资金。 （4）业务期限 自公司董事会审议通过之日起 12 个月内有效。如单笔交易的存续期超过授 权期限，则授权期限自动顺延至该笔交易终止时止。 （5）业务开展的主体 公司及下属子公司。 （二）开展外汇套期保值业务 1、目的 随着公司及下属子公司海外业务的不断拓展， 外汇收支规模亦同步增长。 鉴 于国际经济、 金融环境波动等因素影响， 全球货币汇率、 利率波动的不确定性增 强， 为防范汇率及利率波动风险， 增强财务稳健性， 公司及下属子公司拟根据外 币资产、 负债状况以及外汇收支业务具体情况， 通过外汇衍生品交易适度开展外
3 汇套期保值业务。 公司及下属子公司开展外汇套期保值业务是以规避外汇风险为 目的，不影响公司正常生产经营，不进行以投机为目的的交易。 2、基本情况 公司将严格按照 《外汇套期保值业务管理制度》 相关规定及流程， 进行套期 保值业务操作及管理。 （1）交易品种 公司及下属子公司生产经营所使用的主要结算货币相同的币种。 （2）交易工具 包括远期结售汇、外汇掉期、外汇期权、利率互换、货币互换、利率掉期、 利率期权等外汇衍生产品或前述产品的组合。 （3）交易场所/对手方 经监管机构批准、具有外汇衍生品交易业务经营资质的金融机构。 （4）业务额度 根据公司及下属子公司经营及业务需求情况， 公司拟对未来所需的部分外汇 开展外汇套期保值业务， 该业务所需交易保证金 （含占用金融机构授信额度的保 证金）上限不超过人民币 40 亿元或其他等值外币金额。 （5）资金来源 公司自有及自筹资金，不涉及募集资金。 （6）交易期限 本次交易额度有效期自公司董事会审议通过之日起 12 个月内有效。如单笔 交易的存续期超过了授权期限，则授权期限自动顺延至该笔交易终止时止。 二、审议程序 公司董事会于 2025 年 4 月 28 日召开第六届董事会第六次会议， 审议通过了 《关于开展商品期货期权和外汇套期保值业务及可行性分析的议案》 ，同意公司 及下属子公司使用自有资金开展保证金金额不超过 2 亿元人民币 （不含期货标的 实物交割款项） 的商品期货期权套期保值业务， 使用自有资金及银行授信额度开 展总额不超过 40 亿元的外汇套期保值业务。上述交易额度自董事会审议通过之 日起一年内可循环使用， 授权公司管理层在额度范围内具体实施上述套期保值业 务相关事宜。
4 三、投资风险及风险控制措施 （一）商品期货期权套期保值业务 1、风险分析 公司及下属子公司开展套期保值业务不以投机为目的， 主要为有效降低产成 品、 原材料市场价格剧烈波动可能对公司经营带来的影响， 但同时也会存在一定 的风险，具体如下： （1）市场风险 理论上， 各交易品种在临近交割期时期货市场价格和现货市场价格将趋于回 归一致， 但在极个别的非理性市场情况下， 如市场发生系统性风险， 期货价格与 现货价格走势相背离等， 会对公司的套期保值操作方案带来影响， 甚至造成损失。 （2）政策风险 如期货市场相关法规政策发生重大变化， 可能导致市场发生剧烈波动或无法 交易的风险。 （3）流动性风险 期货交易采取保证金和逐日盯市制度，按照经公司审批的方案下单操作时， 如果合约活跃度较低， 导致套期保值持仓无法成交或无法在合适价位成交， 令实 际交易结果与方案设计出现较大偏差， 甚至面临因未能及时补足保证金而被强行 平仓带来的损失。 （4）技术风险 由于无法控制和不可预测的系统故障、 网络故障、 通讯故障等造成交易系统 非正常运行， 使交易指令出现延迟、 中断或数据错误等问题， 从而带来相应风险。 2、风险控制措施 （1）公司严格执行有关法律法规，制定《期货及衍生品套期保值业务管理 制度》 ，对公司开展套期保值业务的审批权限、操作流程及风险控制等方面做出 明确的规定， 建立有效的监督检查、 风险控制和交易止损机制， 降低内部控制风 险。 （2）合理设置公司期货业务组织机构，建立岗位责任制，明确各相关部门 和岗位的职责权限， 严格在董事会批准的权限内办理公司套期保值业务。 同时， 加强相关人员的职业道德教育及业务培训， 提高相关人员的综合素质， 提升相关
5 人员的专业知识。 （3）公司套期保值业务仅限于与公司经营业务相关性高的期货品种，业务 规模将与公司经营业务相匹配， 最大程度对冲价格波动风险。 在制订交易方案的 同时做好资金测算， 以确保可用资金充裕； 严格控制套期保值的资金规模， 合理 规划和使用资金，在市场剧烈波动时做到合理止损，有效规避风险。 （4）公司内部审计部门定期及不定期对套期保值交易业务进行检查，监督 套期保值交易员执行风险管理制度和风险管理工作程序， 及时防范业务中的操作 风险。 （5）公司将加强对期货市场的研究分析，实时关注国内、国际套期保值政 策、市场环境变化，适时调整策略。 （二）外汇套期保值业务 1、风险分析 （1）汇率及利率波动风险： 在汇率或利率行情走势大幅偏离的情况下， 公司锁定汇率或利率成本后的成 本支出可能超过未锁定时的成本支出，从而造成潜在损失。 （2）流动性风险： 不合理的外汇衍生品的购买安排可能引发公司资金的流动性风险。客户应收 账款发生逾期、 支付给供应商的货款提前或延后支付， 可能使实际发生的现金流 与已操作的远期外汇交易业务期限或数额无法完全匹配的风险。 （3）履约风险： 远期外汇交易可能存在到期无法履约的风险。 （4）操作风险： 由于无法控制和不可预测的系统故障、 网络故障、 通讯故障等造成交易系统 非正常运行， 使交易指令出现延迟、 中断或数据错误等问题， 从而带来相应风险。 2、风险控制措施 （1）明确外汇套期保值业务交易原则 所有外汇套期保值业务均以正常跨境业务和外币投融资业务为基础， 以规避 和防范汇率利率风险为目的，不从事以投机为目的的外汇衍生品交易。 （2）产品选择
6 选择结构简单、 流动性强、 风险可控的套期保值产品开展外汇套期保值业务。 公司将严格控制套期保值的资金规模，合理计划和使用保证金，设置风险限额， 制定并执行严格的止损机制。 （3）交易对手选择 公司及下属子公司外汇套期保值业务的交易对手应选择资信良好、 与公司合 作历史长、信用记录良好的金融机构。 （4）配备专业人员 公司已配备具备金融衍生品专业知识的专门人员负责公司的汇率风险管理、 市场分析、 产品研究等具体工作。 公司将持续加强对业务人员的培训， 提升专业 技能和业务水平，增强风险管理及防范意识。 （5）建立健全风险预警及报告机制 实时关注市场动态， 及时监测、 评估风险敞口， 定期向管理层和董事会提供 风险分析报告； 在市场波动剧烈或风险增大情况下， 增加报告频度， 并及时制订 应对预案。 （6）内部审计部门根据情况对套期保值业务的实际操作情况、资金使用情 况及盈亏情况进行定期检查或审计。 四、开展套期保值业务的会计处理 公司根据《企业会计准则第 22 号——金融工具确认和计量》 《企业会计准 则 第 24 号——套期会计》 《企业会计准则第 37 号——金融工具列报》 《企业 会计准 则第 39 号——公允价值计量》等相关规定及其指南，对套期保值业务 进行相应的核算处理，并在财务报告中正确列报。 五、监事会意见 经认真审核， 公司监事会成员一致认为： 公司及下属子公司使用自有资金开 展商品期货期权套期保值业务和使用自有资金及银行授信额度开展外汇套期保 值业务， 是以正常生产经营需求为基础， 运用期货及衍生品工具规避或降低产品 价格波动带来的风险， 有利于公司经营业绩的稳定性和可持续性。 公司制定了 《期 货及衍生品套期保值业务管理制度》和《外汇套期保值业务管理制度》 ，完善了 相关内控流程， 并设置了相应的风险控制措施。 因此， 监事会同意公司开展套期 保值业务。
7 六、备查文件 1、公司第六届董事会第六次会议决议； 2、公司第六届监事会第五次会议决议。 特此公告。 四川雅化实业集团股份有限公司董事会 2025 年 4 月 28 日",2025-04-29,巨潮资讯网,https://static.cninfo.com.cn/finalpage/2025-04-29/1223380001.PDF,accepted
CNINFO-002594-1223470873,announcement,2025年4月产销快报,"证券代码：002594 证券简称：比亚迪 公告编号：2025-038 比亚迪股份有限公司 2025年4月产销快报 本公司及董事会全体成员保证信息披露的内容真实、准确、完整，没有虚假记载、误导性陈述或重大遗漏。 比亚迪股份有限公司(以下简称“本公司”)2025年4月产销快报数据如下： 单位：辆 产量 销量 项目类别 本月 去年同期 本年累计 去年累计 累计同比 本月 去年同期 本年累计 去年累计 累计同比 新能源汽车 385,064 334,039 1,442,143 946,354 52.39% 380,089 313,245 1,380,893 939,508 46.98% -乘用车 377,390 332,842 1,419,289 943,292 50.46% 372,615 312,048 1,358,713 936,446 45.09% -纯电动 204,093 145,576 655,042 437,306 49.79% 195,740 134,465 612,128 434,579 40.86% -插电式混合动力 173,297 187,266 764,247 505,986 51.04% 176,875 177,583 746,585 501,867 48.76% -商用车 7,674 1,197 22,854 3,062 646.37% 7,474 1,197 22,180 3,062 624.36% -客车 394 672 1,521 1,467 3.68% 394 672 1,521 1,467 3.68% -其他 7,280 525 21,333 1,595 1,237.49% 7,080 525 20,659 1,595 1,195.24% 合计 385,064 334,039 1,442,143 946,354 52.39% 380,089 313,245 1,380,893 939,508 46.98% 注：本公司 2025 年 4 月海外销售新能源汽车合计 79,086 辆； 本公司 2025 年 4 月新能源汽车动力电池及储能电池装机总量约为 26.478GWh，2025 年累计装机总量约为 79.031GWh。 务请注意，上述产、销量数字未经审核，亦未经本公司审计师确认，或会予以调整并有待最终确认。本公司刊发财务业绩后，股东及 潜在投资者务必详阅。
特此公告。 比亚迪股份有限公司董事会 2025 年 5 月 5 日",2025-05-06,巨潮资讯网,https://static.cninfo.com.cn/finalpage/2025-05-06/1223470873.pdf,accepted
GFEX-WR-20250506,announcement,广期所碳酸锂仓单日报：仓单增加1759手,广州期货交易所2025-05-06仓单日报显示，碳酸锂仓单总量为35236手，增加1759手。,2025-05-06,广州期货交易所,https://www.gfex.com.cn/gfex/cdrb/hqsj_tjsj.shtml,accepted
GFEX-WR-20250507,announcement,广期所碳酸锂仓单日报：仓单增加1008手,广州期货交易所2025-05-07仓单日报显示，碳酸锂仓单总量为36244手，增加1008手。,2025-05-07,广州期货交易所,https://www.gfex.com.cn/gfex/cdrb/hqsj_tjsj.shtml,accepted
CNINFO-002497-1223536034,announcement,关于与Core公司承购协议进展情况的公告,"1 证券代码：002497 证券简称：雅化集团 公告编号：2025-29 四川雅化实业集团股份有限公司 关于与 Core 公司承购协议进展情况的公告 本公司及董事会全体成员保证信息披露内容的真实、 准确和完整， 没有虚假记载、 误导性陈述或重大遗漏。 2025 年 5 月 12 日，四川雅化实业集团股份有限公司（以下简称“公司” ）下属全资 子公司雅化国际投资发展有限公司 （以下简称 “雅化国际” ） 与Core Lithium Ltd（以下简 称“Core 公司” ）的全资子公司Lithium Developments (Grants NT) Pty Ltd（以下简称“锂 业发展” ）签署了《和解、终止与解除契约》 。具体情况如下： 一、原合作协议签署情况 2019 年 3 月 29 日，雅化国际与锂业发展签署了关于锂精矿的《承购协议》 ，承购协 议约定， 从锂矿床开始商业化生产开始至2023 年 11 月 30 日， 雅化国际将向锂业发展购 买至少 30 万干吨约 6%的氧化锂精矿。在锂矿床开始投产后，雅化国际每年将购买至少 7.5 万干吨（上下浮动不超过 10%）的氧化锂精矿。具体内容详见公司在巨潮资讯网 （www.cninfo.com.cn）披露的相关公告。 2022 年 2 月 16 日， 雅化国际与锂业发展签署了上述 《承购协议》 的补充协议， 补充 协议对原协议锂精矿的参考价格、最高价格进行了调整，并对以离岸价交付产品的相关 条款进行了重新约定。具体内容详见公司在巨潮资讯网（ www.cninfo.com.cn）披露的相 关公告。 二、本次终止协议主要内容 2024 年 7 月，Core 宣布暂停其 Finniss 锂矿项目运营，且矿物加工已于 2024 年 6 月 停止， 经双方协商一致， 决定终止原锂精矿 《承购协议》 及补充协议。2025 年 5 月 12 日， 雅化国际与锂业发展签署了 《和解、 终止与解除契约》 ， 作为和解协议的一部分，Core 同 意向雅化国际支付 200 万美元的和解金。 三、本次签署终止协议对公司的影响 本次终止协议的签署是基于 Core 旗下 Finniss 锂矿实际生产运营情况，预计短时间 内无法供应公司锂精矿， 经双方友好协商， 决定终止原锂精矿 《承购协议》 及补充协议。 本次协议的终止不会对公司锂资源保障产生影响， 公司目前已形成自控矿+外购矿的多元 化渠道布局，构建了稳定的锂资源保障体系。自控矿方面，公司在津巴布韦的 Kamativi
2 锂矿第一和第二阶段项目已于 2024 年全线建成，目前可以达到年 230 万吨原矿处理能 力，产品已陆续运回国内用于生产；外购矿方面， 公司主要通过参股四川李家沟锂矿获 得优先供应权， 通过签订长期协议等方式获得锂矿包销权， 如澳洲Pilbara、 非洲DMCC、 巴西 Atlas 等资源，上述锂资源能够满足公司锂盐产能的生产所需。 本次终止协议的签署不会对公司的正常生产经营造成影响， 也不存在损害公司及全 体股东利益的情形。敬请广大投资者谨慎决策，注意投资风险。 四、备查文件 1、 《和解、终止与解除契约》 特此公告。 四川雅化实业集团股份有限公司董事会 2025 年 5 月 13 日",2025-05-14,巨潮资讯网,https://static.cninfo.com.cn/finalpage/2025-05-14/1223536034.PDF,accepted
CNINFO-002176-1223566764,announcement,关于购买控股子公司少数股东股权暨合作进展的公告,"1 证券代码：002176 证券简称:江特电机 公告编号：2025-024 江西特种电机股份有限公司 关于购买控股子公司少数股东股权暨合作进展的公告 本公司及董事会全体成员保证信息披露的内容真实、准确、完整，没有虚假记 载、误导性陈述或重大遗漏。 一、交易概述 江西特种电机股份有限公司 （以下简称 “公司” ） 于2022年10月28日在巨潮 资讯网披露了 《关于与富临精工签署战略合作协议的公告》，公司将与富临精工 股份有限公司（以下简称“富临精工”）签署《战略合作协议》，并围绕业务及 股权方面开展合作，其中合作项目之一为： 富临精工参股公司的宜丰锂盐项目 （参 股比例10%）。协议签署后，富临精工增资入股了公司控股的宜丰银锂锂电新能 源有限公司（以下简称“宜丰银锂”），并完成了工商注册变更手续。 鉴于公司已取得了茜坑锂矿的采矿权证，茜坑锂矿开采后将会大大提高公司 锂矿的自给率， 进一步降低生产成本， 提高产品利润率。 经友好协商，双方签署 了《宜丰银锂锂电新能源有限公司股权转让协议》 ，富临精工将其所持有的宜丰 银锂10%的股权转让给公司全资子公司江西江特矿业发展有限公司 （以下简称 “江 特矿业”）， 经股权交易双方充分协商， 鉴于富临精工在宜丰银锂的实缴注册资 本金为人民币100万元，故双方共同确认标的股权转让对价即为人民币 100万元 (大写:壹佰万元整)，该交易价格公允、合理。 根据《深圳证券交易所股票上市规则》等相关法律、法规及《公司章程》的 规定， 本次股权转让事项无需提交董事会、股东大会审议批准。 本次股权转让事 项不构成关联交易， 也不构成 《上市公司重大资产重组管理办法》 规定的重大资 产重组。 公司管理层已与交易对手方签署相关转让协议， 并将根据协议安排， 完 成后续交割及款项支付工作。 二、交易对方的基本情况 公司名称：富临精工股份有限公司 统一社会信用代码：91510700708956104R
2 企业类型：其他股份有限公司(上市) 法定代表人：王志红 注册资本：122086.1316万人民币 成立日期：1997年11月10日 住所：四川省绵阳高端制造产业园凤凰中路37号 经营范围： 研发、 制造和销售： 用于新能源汽车动力电池领域与储能电池领 域的磷酸铁锂、 磷酸锰铁锂及新型电池正极材料； 用于新能源智能汽车热管理系 统的智能热管理集成模块、 电子水泵、 电子油泵、 电控执行器、 电子水阀及电子 控制器；用于新能源汽车的电驱动系统、减速器、齿轴、壳体及差速器；用于汽 车智能悬架的可变阻尼减振系统、 电磁阀、 电子控制器及传感器； 用于汽车发动 机的电动VVT、液压VVT、VVL电磁阀、气门挺柱、气门摇臂、张紧器、喷嘴、喷 嘴电磁阀、油泵电磁阀及GDI泵壳；用于汽车变速箱的电磁阀及阀芯；用于工程 机械领域的电子泵、 微特电机及控制器； 非标设备及机电一体化产品 （不含汽车） 。 从事技术、 实验及检测服务； 从事货物及技术的进出口业务。 （依法须经批准的 项目，经相关部门批准后方可开展经营活动） 与本公司关系：富临精工与公司及公司前十名股东在产权、 业务、 资产、 债 权债务、人员等方面不存在其他可能或已经造成公司对其利益倾斜的其他关系。 富临精工是创业板上市公司， 其经营状况和财务状况良好， 具有良好的信誉 和履约能力，不是失信被执行人。 三、交易标的基本情况 公司名称：宜丰银锂锂电新能源有限公司 统一社会信用代码：91360924MABU6H468K 企业类型：其他有限责任公司 法定代表人：付列平 注册资本：10000万人民币 成立日期：2022年7月15日 住所：江西省宜春市宜丰县工业园时代大道3号 经营范围：一般项目： 基础化学原料制造 （不含危险化学品等许可类化学品 的制造），化工产品销售（不含许可类化工产品），常用有色金属冶炼，有色金 属合金制造， 有色金属合金销售， 新材料技术推广服务 （除许可业务外， 可自主
3 依法经营法律法规非禁止或限制的项目） 股权结构：本次转让前，江特矿业持有其90%股权，富临精工持有其10%股权； 本次转让后，江特矿业持有其100%股权。 宜丰银锂最近一年及一期的主要财务数据如下： 单位：元 项目 2024年12月31日 /2024年度（经审计） 2025年3月31日/ 2025年第一季度（未经审 计） 资产总额 31,911,381.24 31,911,520.20 负债总额 32,405,692.70 32,405,650.85 净资产 -494,311.46 -494,130.65 营业利润 -1,659,851.71 180.81 净利润 -1,244,888.78 180.81 经营活动产生的现金流量净额 638,708.06 138.96 宜丰银锂的资产产权关系清晰， 不存在担保、 抵押、 质押或者其他第三人权 利的情况， 亦不存在涉及有关资产的重大争议、 诉讼、 仲裁事项或查封、 冻结等 司法措施及妨碍权属转移的其他情况，不是失信被执行人。 四、交易协议的主要内容 甲方(转让方):富临精工股份有限公司 乙方(受让方):江西江特矿业发展有限公司 目标公司：宜丰银锂锂电新能源有限公司 （一）标的股权转让 本协议项下甲方转让、 乙方受让的股权为甲方合法持有目标公司全部注册资 本的10%的股权，以及依照该股权股东应当享有的对目标公司的各项权利及义务 包括但不限于未分配利润及股东各项财产权、 表决权、 人事权、 知情权以及其他 权益。 （二）标的股权转让对价的确定及支付 甲乙双方共同确认标的股权转让对价即为人民币100万元，乙方应自本协议 生效之日起10个工作日内将100万元股权转让款支付至甲方。 （三）标的股权转让的工商变更登记 自乙方向甲方付清股权转让款之日起10个工作日内， 甲方协助乙方及目标公
4 司办理完成标的股权转让的工商变更登记手续。 （四）标的股权转让税费的承担 标的股权转让所涉及的相关税费，由各方依照法律、法规各自缴纳和承担。 （五）其他 本协议经协议双方盖章并经有权机构批准后生效。 五、涉及购买资产的其他安排 本次交易不涉及人员安置、 土地租赁、 债务重组等情况； 不会产生关联交易； 亦不存在与关联人产生同业竞争的情形； 本次资产购买行为不会影响公司与公司 控股股东及其关联人， 在人员、 资产、 财务等方面的独立性； 本次购买资产所用 资金为自有资金。 六、购买资产的目的和对公司的影响 茜坑锂矿是我国第一个在国家自然资源部办理的锂云母型锂矿采矿权证， 开 采年限30年，对公司锂产业板块未来30年的发展将起到举足轻重的作用。本次交 易完成后，江特矿业对宜丰银锂的持股比例由90%增加至100%，宜丰银锂将成为 公司全资下属公司，有助于公司进一步加强对子公司的控制权，提高股东权益。 相关协议的签署，不会影响公司与富临精工在其他业务领域的合作和协同发展。 本次购买股权的资金来源为自有资金， 交易定价公允、 合理， 本次交易不会 导致公司合并报表范围发生变化， 不会对公司财务状况和经营产生重大不利影响， 不存在损害公司及全体股东利益的情形。 七、备查文件 《宜丰银锂锂电新能源有限公司股权转让协议》 特此公告 江西特种电机股份有限公司 董事会 二〇二五年五月十七日",2025-05-17,巨潮资讯网,https://static.cninfo.com.cn/finalpage/2025-05-17/1223566764.PDF,accepted
CNINFO-000792-1223683113,announcement,关于开展碳酸锂期货套期保值业务的公告,"证券代码：000792 证券简称：盐湖股份 公告编号：2025-035 青海盐湖工业股份有限公司 关于开展碳酸锂期货套期保值业务的公告 重要内容提示： 1.交易目的：青海盐湖工业股份有限公司（以下简称“公司”）为 减少公 司主营产品碳酸锂价格波动对公司生产经营的影响，有效规避市场风险，公司 拟择机开展碳酸锂期货套期保值业务。 2.交易品种：公司严格控制套期保值业务的种类及规模， 开展套期保值业务 的交易品种仅限于本公司核心主营产品碳酸锂的商品期货交易。 3.交易金额：根据公司经营及业务需求情况， 公司拟开展碳酸锂商品套期保 值业务的保证金及权利金上限 （包括为交易而提供的担保物价值、 预计占用的金 融机构授信额度、 为应急措施所预留的保证金等） 不超过人民币5,400.00 万元， 且任一交易日持有的最高合约价值不超过人民币 24,000.00 万元。该额度在审批 期限内可循环滚动使用。 4.交易场所：公司拟开展的碳酸锂商品期货套期保值业务的交易场所仅限于 境内合法运营的期货交易所。 5.已履行的审议程序： 该事项已经公司于2025 年 5 月 26 日召开的第九届董 事会第十一次（临时）会议审议通过，无需提交公司股东会审议。 6.特别风险提示： 公司开展商品期货套期保值业务， 以规避和防范风险为目 的， 不进行投机、 套利操作， 但开展商品期货套期保值业务仍存在一定风险， 敬 请投资者注意投资风险。 一、交易情况概述 （一）交易目的 近年来，碳酸锂行业竞争日益激烈，价格波动给公司碳酸锂传统业务模式 和生产经营带来了较大的不确定性，为有效规避市场风险，减少公司主营产品 本公司及董事会全体成员保证信息披露的内容真实、准确、完整，没有虚假记 载、误导性陈述或重大遗漏。
碳酸锂价格波动对公司生产经营的影响，更好地维护公司生产经营业绩，公司 拟择机开展碳酸锂期货套期保值业务。 （二）交易品种 公司严格控制套期保值业务的种类及规模， 开展套期保值业务的交易品种仅 限于本公司核心主营产品碳酸锂的商品期货交易。 （三）交易金额 根据公司经营及业务需求情况， 公司拟开展碳酸锂商品套期保值业务的保证 金及权利金上限 （包括为交易而提供的担保物价值、 预计占用的金融机构授信额 度、 为应急措施所预留的保证金等） 不超过人民币5,400.00 万元， 且任一交易日 持有的最高合约价值不超过人民币 24,000.00 万元。该额度在审批期限内可循环 滚动使用。 （四）资金来源 公司在碳酸锂套期保值业务中投入的资金来源 （含保证金） 为公司自有资金， 不涉及募集资金。 （五）交易场所 公司拟开展的 碳酸锂商品期货套期保值业务的交易场所仅限于境内合法运 营的期货交易所。 （六）交易授权 鉴于上述套期保值业务与公司的经营密切相关， 公司董事会授权期货业务由 公司管理层负责具体实施套期保值业务相关事宜。 （七）授权期限 公司开展碳酸锂期货套期保值业务有效期限为自公司董事会审议通过之日 起 12 个月内有效。额度在审批有效期内可循环滚动使用。如单笔交易的存续期 超过了授权期限，则授权期限自动顺延至该笔交易终止时止。
二、审议程序 公司于 2025 年 5 月 26 日召开的第九届董事会第十一次（临时）会议审议 通过《关于开展碳酸锂期货套期保值业务的议案》。本事项无需提交公司股东 会审议。 三、交易风险分析及风控措施 （一）风险分析 公司开展碳酸锂商品期货套期保值是以正常生产经营为基础， 以具体经营业 务为依托， 以规避和防范碳酸锂产品价格波动风险为目的， 不进行以套利、 投机 为目的交易。但进行套期保值业务也会存在一定的风险，主要包括： 1.市场风险：期货行情变动较大时，可能产生价格波动风险，造成期货交易 损失。 2.流动性风险：期货交易中，受市场流动性不足的限制，期货交易可能因为 成交不活跃，造成难以成交而带来流动风险。 3.操作风险：套期保值交易专业性较强，复杂程度较高，可能会产生由于内 控体系不完善造成操作不当或操作失败的相应风险。 4.技术风险：由于无法控制或不可预测的系统、网络、通讯故障等造成交易 系统非正常运行， 使交易指令出现延迟、 中断或数据错误等问题， 从而带来相应 风险。 5.政策风险：由于国家法律法规、政策变化以及衍生品交易规则的修改等原 因，从而导致衍生品市场发生剧烈变动或无法交易的风险。 （二）风险防控措施 1.公司碳酸锂套期保值业务将由具备丰富经验的专业第三方进行全方位的 指导和培训，并由经监管机构批准、具有衍生品交易业务经营资质的金融机构 开展碳酸锂套期保值业务，为公司开展套期保值业务提供强有力的技术支持。
2.为防范风险，公司制定了《青海盐湖工业股份有限公司商品衍生业务风险 管理办法》，对商品衍生业务组织机构与职责、管理内容、风险的识别、评估、 应对等关键环节做出了较为完善的规定， 并根据商品衍生业务开展流程关键环节 制定了标准化模板，为业务操作提供了明确的指引和规范。 3.公司开展套期保值业务，以保证主体业务经营为前提，不进行超出被套期 业务数量、期限外的交易。 4.公司将严格按照董事会审议批准的套期保值业务交易额度， 控制资金规模， 不得影响公司正常经营。 5.公司使用自有资金进行套期保值交易， 不得使用募集资金直接或间接进行 套期保值。 四、交易对公司的影响及相关会计处理 公司根据日常经营需要开展碳酸锂产品套期保值业务， 目的是借助期货市场 的价格发现、 风险对冲功能， 利用套期保值工具降低市场价格波动风险， 保证公 司经营的稳定性和可持续性， 不做投机性交易， 不会影响公司主营业务的正常发 展。 公司根据财政部发布的《企业会计准则第 22 号——金融工具确认和计量》 《企业会计准则第 24 号——套期会计》 《企业会计准则第37 号——金融工具列 报》等相关规定和指南，对套期保值业务进行相应的会计处理。 特此公告。 青海盐湖工业股份有限公司董事会 2025 年 5 月 27 日",2025-05-27,巨潮资讯网,https://static.cninfo.com.cn/finalpage/2025-05-27/1223683113.PDF,accepted
CNINFO-000792-1223683118,announcement,关于申请项目银团贷款暨关联交易的公告,"证券代码：000792 证券简称：盐湖股份 公告编号：2025-034 青海盐湖工业股份有限公司 关于申请项目银团贷款暨关联交易的公告 一、关联交易概述 为加快盐湖锂产业的发展，青海盐湖工业股份有限公司（ 以下简称（ 公司”）， 实施建设了 4 万吨/年基础锂盐一体化项目” 以下简称 4 万吨项目”），根据 《推动大规模设备更新和消费品以旧换新行动方案》《关于做好设备更新贷款财 政贴息工作的通知》 青财金字（ 2024】1271 号）等政策，该项目符合中央财政 设备更新贷款贴息条件，可享受银行贷款本金每年 1.5%的贴息。 为优化公司资本结构，提升资金使用效能并降低融资成本，公司拟向由中国 工商银行格尔木支行、国家开发银行青海省分行、中国银行格尔木分行、中国农 业银行格尔木分行、交通银行青海省分行五家金融机构组建的银团，申请总额不 超过 18 亿元的项目贷款，贷款期限为 2 年。叠加财政贴息政策后，项目建设资 金成本可进一步降低。 鉴于，中国工商银行股份有限公司格尔木支行、国家开发银行青海省分行根 据（《深圳证券交易所股票上市规则》6.3.3 条规定是上市公司的关联法人，故本次 交易构成关联交易。关联董事侯昭飞、王祥文、张铁华、卜一，关联监事余树广 需回避表决。根据《公司章程》《关联交易管理办法》相关规定，本议案无需公 司股东会的审议批准。 二、交易对手方的基本情况 一）中国工商银行股份有限公司格尔木支行 1、负责人：王军林 2、经营范围：许可该机构经营中国银行业监督管理委员依照有关法律、行 政法规和其他规定批准的业务，经营范围以批准文件所列的为准。 本公司及董事会全体成员保证信息披露的内容真实、准确、完整，没有虚假 记载、误导性陈述或重大遗漏。
3、主要财务状况：截止 2024 年 12 月 31 日，总资产 1,214,442 万元，负债 总额 1,214,481 万元，所有者权益总额-39 万元。2024 年实现营业收入 18,794 万 元，利润总额 12,616 万元，净利润 6,969 万元。 截止 2025 年 3 月 31 日总资产 1,256,201 万元，负债总额 1,252,551 万元，所 有者权益总额 3,651 万元。2025 年 1-3 月实现营业收入 6,444 万元，利润总额 5,071 万元，净利润 2,708 万元。 4、关联关系说明：中国工商银行股份有限公司格尔木支行与公司股东工银 金融资产投资有限公司同属于中国工商银行股份有限公司控制企业，符合（《深圳 证券交易所股票上市规则》6.3.3 条规定是上市公司的关联法人。 5、其他：经查询，中国工商银行股份有限公司格尔木支行不属于失信被执 行人。 二）国家开发银行青海省分行 1、负责人：李洪振 2、经营范围：吸收对公存款；发放短期、中期和长期贷款；委托贷款；依 托中小金融机构发放转贷款；办理国内外结算；办理票据承兑与贴现；发行金融 债券和其他有价证券；代理发行、代理兑付、承销政府债券、金融债券和信用债 券；买卖政府债券、金融债券、信用债券、从事同业拆借；买卖、代理买卖外汇； 办理结汇、售汇业务；开展自营和代客衍生品业务；提供信用证服务及担保；代 理收付款项及代理保险业务；提供保管箱服务；资产管理业务；资产证券化业务； 顾问咨询；海外分支机构在开发银行授权范围内经营当地法律许可的银行业务； 子行（ 子公司）依法开展投资和投资管理、证券、金融租赁、银行、资产管理等 业务；经国务院银行业监督管理机构批准的其他业务。 以上经营范围依法须经 批准的项目，经相关部门批准后方可开展经营活动） 3、主要财务状况：截止 2024 年 12 月 31 日，总资产 10,784,467.69 万元， 负债总额 10,627,455.3 万元，所有者权益总额 157,012.38 万元。2024 年实现营业 收入 33,705.49 万元，利润总额 157,012.38 万元，净利润 157,012.38 万元。 截止 2025 年 3 月 31 日总资产 10,255,170.54 万元，负债总额 10,092,972.5 万 元，所有者权益总额 162,198.03 万元。2025 年 1-3 月实现营业收入 11,450.74 万
元，利润总额 5,185.65 万元，净利润 5,185.65 万元。 4、国家开发银行青海省分行为公司股东国家开发银行分支机构，符合《深 圳证券交易所股票上市规则》6.3.3 条规定是上市公司的关联法人。 5、其他：经查询，国家开发银行青海省分行不属于失信被执行人。 三）中国银行股份有限公司格尔木分行 1、法定代表人：宋伟 2、经营范围：金融业务服务 金融许可证许可范围内）。 依法须经批准的 项目，经相关部门批准后方可开展经营活动） 3、中国银行股份有限公司格尔木分行与本公司不存在关联关系。 四）中国农业银行股份有限公司格尔木分行 1、负责人：魏绍捷 2、经营范围：办理人民币存款、贷款、结算；办理票据贴现；代理发行金 融债券；代理发行、兑付、销售政府债券；代理收付款项及代理保险业务；企业 年金业务；常年财务顾问业务、证券客户资金第三方存管业务；电话银行；手机 银行；外汇存款；外汇贷款；外汇汇款；外币兑换；国际结算；结汇、售汇；资 信调查、咨询、见证业务；经中国银行业监督管理机构等监管部门批准的其他业 务 涉及许可经营项目，应取得相关部门许可后方可经营） 3、中国农业银行股份有限公司格尔木分行与本公司不存在关联关系。 五）交通银行股份有限公司青海省分行 1、负责人：张春 2、经营范围：办理人民币存款、贷款、结算业务；办理票据承兑与贴现； 代理发行金融债券；代理发行、兑付、承销政府债券；买卖政府债券、金融债券； 代理收付款项；从事同业拆借；从事银行卡业务；提供信用证服务及担保；提供 保管箱服务；外汇存款、外汇贷款、外汇汇款、外币兑换，国际结算、结汇、售 汇；代客外汇买卖；办理在总行经营范围内经监管部门批准的其他业务。 3、交通银行股份有限公司青海省分行与本公司不存在关联关系。 三、银团贷款的基本情况 贷款主体：青海盐湖工业股份有限公司
牵头行：中国工商银行股份有限公司格尔木支行 联合银行和金融机构：国家开发银行青海省分行、中国银行股份有限公司格 尔木分行、中国农业银行股份有限公司格尔木分行、交通银行股份有限公司青海 省分行 贷款总额：不超过人民币 18 亿元，其中各银行和金融机构承诺的贷款额度 分别为：中国工商银行股份有限公司格尔木支行为人民币 5 亿元、国家开发银行 青海省分行为人民币 4 亿元、中国银行股份有限公司格尔木分行为人民币 3 亿 元、中国农业银行股份有限公司格尔木分行为人民币 3 亿元、交通银行股份有限 公司青海省分行为人民币 3 亿元。 贷款期限：不超过 2 年。 贷款利率：本合同项下每笔提款的贷款利率按照利率确定日全国银行间同业 拆借中心公布的一年期 LPR 减 86BP 执行。 资金用途：专项用于 4 万吨项目的基础建设和设备采购。 担保方式：信用。 相关合同的主要内容由公司与各家银行和金融机构共同协商确定，银团贷款 相关事项以正式签署的合同为准。 四、关于本次银团贷款的授权事项 为保证本次银团贷款工作能够有序、高效进行，公司提请董事会授权公司管 理层在上述贷款方案内办理与本次银团贷款有关的事宜，包括但不限于： 1）签 署与本次银团贷款有关的合同、协议和文件等； 2）办理与本次银团贷款有关的 其他一切必要事项。 五、对公司的影响 本次银团贷款申请系响应国家政策导向，项目符合中央财政贷款贴息条件， 通过每年 1.5%的贴息支持，能够降低融资成本，优化公司财务结构，符合公司 的经营计划。涉及的关联事项将严格遵循公平、公允、互利原则开展，不会对公 司生产经营造成不利影响，不存在损害公司及全体股东，特别是中小股东合法权 益的情况。 六、独立董事专门会议审议情况
公司第九届董事会独立董事专门会议第三次会议已就（《关于申请项目银团贷 款暨关联交易的议案》进行了审议。独立董事认为：公司本次申请银团贷款符合 国家政策指引，通过财政贴息支持，可有效降低融资成本，优化公司财务结构。 该事项审批严格遵循相关规定，关联董事已按要求回避表决，决策程序合法合规， 不存在损害公司及全体股东尤其是中小股东利益的情形。全体独立董事一致同意 提交公司董事会审议。 七、备查文件 1、公司第九届董事会第十一次 临时）会议决议； 2、公司第九届监事会第九次 临时）会议决议； 3、公司第九届董事会独立董事专门会议第三次会议决议。 特此公告。 青海盐湖工业股份有限公司董事会 2025 年 5 月 27 日",2025-05-27,巨潮资讯网,https://static.cninfo.com.cn/finalpage/2025-05-27/1223683118.PDF,accepted
CNINFO-000792-1223683123,announcement,青海盐湖工业股份有限公司商品衍生业务风险管理办法,"— 1 — 青海盐湖工业股份有限公司 商品衍生业务风险管理办法 第一章 总则 第一条 为进一步建立健全青海盐湖工业股份有限 公司（以 下简称“盐湖股份”）对商品衍生业务的管控机制和操作流程， 根据国家法律法规及商品衍生业务的相关规定，特制定本办法。 第二条 本办法所称商品衍生业务是指以商品为标的资产的 金融衍生业务，包括大宗商品期货、期权等。 第三条 本办法适用于盐湖股份及其所属全资、控股子公司 及实际控制的其他企业。 第四条 盐湖股份商品衍生业务遵循依法合规、稳健审慎、 套期保值、风险防控原则,不得开展任何形式的投机交易。 第二章 组织机构与职责 第五条 股东会、董事会（按照商品衍生业务规模确定） 主要职责包括： 1.审批开展商品衍生业务， 审批商品衍生业务年度计划和预 算。 2.批准关于商品衍生业务管理制度。 3.批准或授权管理商品衍生业务相关的重大事项。 4.对盐湖股份套期保值业务进行监督管理。 第六条 营销委员会
— 2 — 盐湖股份营销委员会是商品衍生业务管理的决策机构，营销 委员会副主任为商品衍生业务的分管负责人， 商品衍生业务决策 会议成员由营销委员会固定成员及临时成员组成 ，主要职责为： 1.审议商品衍生业务年度预算和套期保值方案， 并提交董事 会或股东会审批。 2.在董事会或股东会审议通过的年度套期保值计划范围内， 对日常经营套期保值方案进行审批。 3.审批期货经纪公司的选择。 4.对盐湖股份套期保值业务进行监督管理。 5.向盐湖股份董事会汇报套期保值工作情况。 6.对外交易和资金调拨授权。 7.协调处理盐湖股份套期保值重大事项。 营销委员会下设办公室， 由供应链部承担办公室职责， 主要 职责为： 1.负责沟通协调整理盐湖股份商品衍生业务年度计划、 预算 和套期保值方案。 2.负责沟通协调整理商品衍生业务相关报告。 3.做好商品衍生业务相关单位与营销委员会间的上呈下达。 4.按照营销委员会要求协调处理套期保值业务相关事项。 第七条 蓝科锂业 青海盐湖蓝科锂业股份有限公司 （以下简称“蓝科锂业”） 为碳酸锂期货业务发起方和期现业务损益承担方， 并出具委托协 议委托盐湖股份开展具体业务，主要职责包括： 1.负责将碳酸锂商品衍生业务相关事宜提交至本 公司董事
— 3 — 会决策，并签订委托协议。 2.在交易前合理安排保证金或银行信用额度， 保证套期保值 业务正常进行。 3.按照要求的内容及格式提交关于开展商品衍生业务资格 的请示和开户申请。 4.对销售分 公司开展商品衍生业务 期货保证金调拨申请进 行审核。 5.负责商品衍生业务账务处理工作， 按照监管部门规定和公 司制度要求对相应期货操作平台的衍生业务进行账务处理， 避免 期货业务与财务核算脱节。 第八条 销售分公司 销售分公司按照盐湖股份与蓝科锂业签订的委托协议， 负责 开展碳酸锂商品衍生业务具体工作， 同时也是商品衍生业务合规 性的第一责任人，主要职责包括： 1.负责商品衍生业务风险识别、 应急预案编制及风险控制工 作。 2.按照制度要求的内容及格式编制并提交本单位年度商品 衍生业务计划或调整计划。 在批复的年度计划范围内， 根据现货 经营情况制定并提交具体的保值方案， 并对业务合规性承担主体 责任。 3.负责选择经纪公司，报盐湖股份营销委员会决策。 4.根据现货经营情况及批复的保值方案向交易员下达交易 指令， 确保期货开平仓操作与所保值的实物操作相匹配， 并在 1 个工作日内完成期货管理系统相应头寸的确认。 在套保关系存续
— 4 — 期间， 如遇特殊情况， 应及时采取有效措施并向营销委员会进行 汇报。 5.按照企业会计准则要求，提供套期保值平仓说明。 6.负责编制商品衍生业务相关报告， 报送盐湖股份供应链部。 第九条 供应链部 由供应链部设置套期保值业务专岗提供期货专业支持服务， 并开展交易工作，主要职责包括： 1.收集销售分公司完成审批的套期保值方案， 做好台账记录。 2.核对销售分公司业务人员的期货操作资质授权。 3.根据销售分公司业务人员下单指令进行下单交易， 并及时 将成交记录与销售分公司业务人员确认成交。 第十条 审计与风险控制部 审计与风险控制部负责 盐湖股份 套期保值业务的风险管理 工作，并设置期货风险管理岗开展具体工作，主要职责为： 1.对销售分公司开展商品衍生业务保值方案进行审核。 2.复核期货管理系统成交记录与保值方案的匹配性， 核对期 货管理系统账单与保证金监控中心账单的匹配性。 3.牵头编制商品衍生业务风险报告， 监控商品衍生业务风险 情况，及时提示预警，并定期向管理层报告。。 4.负责对 商品衍生 业务进行专项审计及风险风控工作的监 督检查。 第十一条 财务部、会计核算中心 财务部、会计核算中心是盐湖股份商品衍生业务资金审核、 监管的部门，主要职责包括：
— 5 — 1.审批期货资金调拨申请，安排账户保证金，复核期货系统 资金调拨记录。 2.建立健全商品衍生业务相关财务制度。 3.财务部、会计核算中心负责对各商品衍生业务 资金使用、 授信、 财务核算等相关工作的监督、 指导和检查， 并对相关财务 风险进行分析和预警。 4.对销售分 公司开展商品衍生业务保值方案 和期货保证金 调拨申请进行审核。 第十二条 法律合规部 负责商品衍生业务合同文本的法律风险评估、合法合规性进 行审查，并根据相关监管要求， 对商品衍生业务相关法律管理工 作进行监督、评价和检查。 第三章 管理内容 第十三条 资质核准 由供应链部提交资质申请材料， 经逐级核准后，按照有关规 定审批通过后开展商品衍生业务。 资质申请材料包括本公司内部 审批决议、基本情况、业务可行性论证、基本管理制度、年度计 划和其他材料。 1.本公司内部审批决议由供应链部提交商品衍生业务资质 请示（模板见附件 1），经盐湖股份营销委员会、董事会或股东 会审批通过。 2.基本情况包括业务情况、开展商品衍生业务的类型、交易 品种、工具、交易场所等。交易品种应当与主业经营密切相关，
— 6 — 不得超越规定的经营范围。 商品衍生业务应当基于降低主业范围 内的实货风险敞口而开展， 具有客观需要； 持仓时间一般不得超 过 12 个月且实货合同规定的时间，不得盲目从事长期业务或展 期； 商品类衍生业务原则上应当仅开展场内业务， 确需开展场外 业务的，应当进行单独风险评估。 3.业务可行性论证包括开展业务的必要性， 管理制度完善性 和内控体系完整性、有效性，风险管理体系健全性，机构、岗位 设置合理性，人员配置完备性，财务承受能力适当性等内容。 第十四条 年度计划和预算 每年度销售分 公司编制商品衍生业务年度计划经本 公司内 部决策后，按照流程报送盐湖股份营销委员会审批后报股东会、 董事会决策。 商品衍生业务年度计划应符合公司发展规划、年度经营目标、 综合考虑财务承受能力及风险防控能力。 商品类衍生业务年度保 值规模不得超过年度实货经营规模的 90%，其中针对商品贸易 开展的金融衍生业务年度保值规模不得超过年度实货经营规模 的 80%。时点净持仓规模不得超过对应实货风险敞口。 年度计划的编制内容包括： 操作主体、 业务类型、 资金占用 规模、 品种、 套期保值策略、 年度实货经营规模、 年度保值规模、 工具、交易场所或对手、时点最大净持仓规模、保证金规模、授 信额度、亏损预警线等。 第十五条 代理机构申请 由销售分公司根据公司相关制度和流程， 选择合适的代理机 构后，完成开户工作（开户申请表见附件 2）。
— 7 — 第十六条 方案审批 由销售分公司编制完成商品衍生业务方案进行内部初审， 报 公司相关职能部室审核后， 提交公司营销委员会审批， 方案审批 通过后方可执行业务操作（审批表见附件 3）。 第十七条 业务授权及方案执行 供应链部的交易员需取得授权后方可下达期货指令 （授权书 见附件 4），授权书按照公司规定流程审批，并交审计与风险控 制部备案后生效。如业务员岗位变动，原授权自动失效。 1.开平仓： 销售分公司业务员应按照 “方案编号+合约+买/卖 +开/平+手数+价格”下达交易指令，如“YHGH230001 LC2601 卖开 10 手 80000 元” ， 如有特殊交易需求请与期货小组及时沟 通，具体以期货小组要求为准。 2.移仓： 销售分公司业务员按照可结合现货业务节奏对已有 持仓头寸移仓，对应交易指令需明确为移仓指令。 3.错单：如发生错单，供应链部交易员第一时间处理错单， 对于普通错单错单责任人应在 1 个工作日内完成错单情况说明， 对于重大错单应在 3 个工作日内完成错单情况说明（错单说明表 见附件 5） ， 错单说明审批完成后交公司审计与风险控制部备案。 第十八条 保证金调拨 销售分公司填写《期货保证金调拨申请表》（附件 6），审 批完成后由蓝科锂业财务部根据申请内容执行保证金调拨， 并根 据供应链部提供的 保证金监控中心或 经纪公司 账单在期货系统 或银行账户维护资金调拨信息，蓝科锂业在 1 个工作日内复核系 统记录与资金实际流转的匹配性。
— 8 — 入金调拨审批至盐湖股份财务部结束， 出金调拨由销售分公 司内部审批。 第十九条 会计处理 销售分公司应在保值方案平仓操作后 7 个工作日内完成 《套 期保值业务平仓说明》（附件 7），并连同对应平仓的现货合同 /协议，提交至蓝科锂业完成账务处理，并抄送供应链部。 第二十条 业务报告 1.销售分公司应于每月终了 3 个工作日内向盐湖股份供应链 部上报商品衍生业务月度报告。 商品衍生业务的月度报告内容至少应包括： 商品衍生计划执 行情况， 上月最后一个交易日截止时的持仓情况， 包括业务品种、 保值规模、持仓风险评估、相关市场分析、资金占用情况、保值 策略、 重大风险事项、 主要风险控制措施、 审计检查中发现的问 题及整改情况等，并重点对盈亏情况和套期保值效果进行分析。 2.销售分公司应于每季度终了 3 个工作日内向盐湖股份供应 链部和审计与风险控制部上报商品衍生业务季度报告。 除包含月 报内容外， 还应包含现货风险敞口、 现货盈亏等数据， 并对期现 匹配情况进行分析。 3.销售分公司应不定期进行自检、自查，每年完成年度总结 报告报送盐湖股份供应链部和审计与风险控制部。 内容至少应包 括： 市场分析、 年度商品衍生业务开展情况、 预算执行情况及与 年度预算的差异分析、 商品衍生业务套期保值效果评价、 对应现 货的经营情况和盈亏情况分析、 审计检查中发现的问题及整改情 况、其他重大事项等。",2025-05-27,巨潮资讯网,https://static.cninfo.com.cn/finalpage/2025-05-27/1223683123.PDF,accepted
GFEX-WR-20250527,announcement,广期所碳酸锂仓单日报：仓单减少825手,广州期货交易所2025-05-27仓单日报显示，碳酸锂仓单总量为34154手，减少825手。,2025-05-27,广州期货交易所,https://www.gfex.com.cn/gfex/cdrb/hqsj_tjsj.shtml,accepted
CNINFO-002594-1223739822,announcement,2025年5月产销快报,"证券代码：002594 证券简称：比亚迪 公告编号：2025-042 比亚迪股份有限公司 2025年5月产销快报 本公司及董事会全体成员保证信息披露的内容真实、准确、完整，没有虚假记载、误导性陈述或重大遗漏。 比亚迪股份有限公司(以下简称“本公司”)2025年5月产销快报数据如下： 单位：辆 产量 销量 项目类别 本月 去年同期 本年累计 去年累计 累计同比 本月 去年同期 本年累计 去年累计 累计同比 新能源汽车 349,824 344,008 1,791,967 1,290,362 38.87% 382,476 331,817 1,763,369 1,271,325 38.70% -乘用车 343,250 342,679 1,762,539 1,285,971 37.06% 376,930 330,488 1,735,643 1,266,934 37.00% -纯电动 184,293 151,747 839,335 589,053 42.49% 204,369 146,395 816,497 580,974 40.54% -插电式混合动力 158,957 190,932 923,204 696,918 32.47% 172,561 184,093 919,146 685,960 33.99% -商用车 6,574 1,329 29,428 4,391 570.19% 5,546 1,329 27,726 4,391 531.43% -客车 429 239 1,950 1,706 14.30% 429 239 1,950 1,706 14.30% -其他 6,145 1,090 27,478 2,685 923.39% 5,117 1,090 25,776 2,685 860.00% 合计 349,824 344,008 1,791,967 1,290,362 38.87% 382,476 331,817 1,763,369 1,271,325 38.70% 注：本公司 2025 年 5 月海外销售新能源汽车合计 89,047 辆； 本公司 2025 年 5 月新能源汽车动力电池及储能电池装机总量约为 28.476GWh，2025 年累计装机总量约为 107.507GWh。 务请注意，上述产、销量数字未经审核，亦未经本公司审计师确认，或会予以调整并有待最终确认。本公司刊发财务业绩后，股东及 潜在投资者务必详阅。
特此公告。 比亚迪股份有限公司董事会 2025 年 6 月 2 日",2025-06-03,巨潮资讯网,https://static.cninfo.com.cn/finalpage/2025-06-03/1223739822.pdf,accepted
LC-TEXT-0019,policy,关于促进大功率充电设施科学规划建设的通知_国务院部门文件_中国政府网,"关于促进大功率充电设施科学规划建设的通知_国务院部门文件_中国政府网 
 首页 
 | 
 简 
 | 
 繁 
 | 
 EN 
 | 
 登录 
 个人中心 
 退出 
 | 
 邮箱 
 | 
 无障碍 
 EN 
 https://www.gov.cn/ 
 首页  >  政策  >  国务院政策文件库  > 国务院部门文件
 字号： 默认 
 大 
 超大 
 | 
 打印 
 收藏 
 | 
 标    题： 
 关于促进大功率充电设施科学规划建设的通知 
 发文机关： 
 ​国家发展改革委办公厅 国家能源局综合司 工业和信息化部办公厅 交通运输部办公厅 
 发文字号： 
 发改办能源〔2025〕632号 
 来    源： 
 国家发展改革委网站 
 主题分类： 
 国民经济管理、国有资产监管\其他 
 公文种类： 
 通知 
 成文日期： 
 2025年06月13日 
 标       题： 
 关于促进大功率充电设施科学规划建设的通知
 发文机关： ​国家发展改革委办公厅 国家能源局综合司 工业和信息化部办公厅 交通运输部办公厅 
 发文字号： 发改办能源〔2025〕632号 
 来       源： 国家发展改革委网站 
 主题分类： 国民经济管理、国有资产监管\其他 
 公文种类： 通知 
 成文日期： 2025年06月13日 
 国家发展改革委办公厅等关于促进大功率充电设施科学规划建设的通知 发改办能源〔2025〕632号 各省、自治区、直辖市及新疆生产建设兵团发展改革委、能源局、工业和信息化主管部门、交通运输主管部门，北京市城市管理委员会、河南省住房和城乡建设厅，国家电网有限公司、中国南方电网有限责任公司、内蒙古电力（集团）有限责任公司，中国电力企业联合会，有关充电运营企业： 电动汽车充电基础设施是支撑新能源汽车产业发展和新型电力系统建设、促进交通能源领域绿色低碳转型的重要基础设施。随着产业迭代升级，单枪充电功率达到250千瓦以上的大功率充电设施得到进一步普及。为落实国务院办公厅《关于进一步构建高质量充电基础设施体系的指导意见》（国办发〔2023〕19号）有关要求，进一步优化完善我国充电设施网络布局，稳步构建布局合理、品质升级、技术先进的大功率充电基础设施体系，现将有关事项通知如下。 一、加强大功率充电设施专项规划统筹 结合当地经济发展水平、新能源汽车推广力度和电力资源分布，以即充即走场景为重点，因地制宜、适度超前、科学合理做好大功率充电设施发展布局。省级牵头负责充电设施发展的部门要会同其他相关部门在充电网络规划中合理确定大功率充电设施发展目标和建设任务，根据需要适时制定大功率充电设施专项规划，联合交通运输主管部门等优先明确高速公路服务区场景下的建设计划，率先对重大节假日期间利用率超过40%的充电设施实施大功率改造。规划编制要遵循市场规律，做好预测论证，并与国土空间规划、配电网规划、交通规划做好衔接，实现大功率充电网络与现有各类型充电设施的协同发展。到2027年底，力争全国范围内大功率充电设施超过10万台，服务品质和技术应用实现迭代升级。 二、引导大功率充电设施有序建设 项目建设单位应按照《企业投资项目核准和备案管理条例》等依法办理项目备案手续，各地牵头负责充电设施发展的部门要会同投资主管部门加强对大功率充电设施项目的监管，避免资源浪费和无序投建。发挥政府引导作用，推动要素资源集约化利用，支持具有良好投资能力和运营经验的优质运营商开展场站建设、改造和运营。积极布局公交、物流、中重型货运等专用大功率充电设施。新能源汽车企业自建的大功率充电设施网络，原则上应无差别开放。结合场站条件推广充电站与餐饮、娱乐、购物、汽车服务等融合的商业模式，提升充电服务体验。 三、强化大功率充电设施运营管理 充电运营企业要持续加强高安全、高质量、高效能的充电产品和服务供给，优化场站现场环境，完善操作指引、价格公示等现场标识，合理配置运维服务人员。充电运营企业要加快智能运维平台建设，实现大功率充电过程的故障数据记录，提升充电设施运行状态监测和故障处理能力，力争设备可用率不低于98%。大功率充电设施应全量接入政府监测服务平台。各地牵头负责充电设施发展的部门要常态化开展充电服务评价和运营质量专项检查，鼓励企业打造服务优质、特色鲜明的大功率充电品牌，树立高品质形象标杆。 四、加强大功率充电设施安全管理 牵头负责充电设施发展的部门要严格落实“管行业必须管安全、管业务必须管安全、管生产经营必须管安全”的工作要求，高度重视大功率充电设施安全管理，会同有关部门督促公共充电站设计、施工、监理等单位落实安全生产主体责任。充电建设运营企业要严格按照国家标准规定开展大功率充电站选址、设计、建设和消防设施布置。充电运营企业要加强设备采购管理，核验充电桩及配套设备产品合格证明、强制性产品认证（CCC认证）等信息，确保符合质量规定。 五、促进大功率充电设施与电网融合发展 电网企业要积极开展大功率充电负荷特性对区域配电系统的影响研究，分层分级评估电网对大功率充电设施接入能力。推动大功率充电设施布局规划与配电网规划融合衔接，适度超前进行电网建设并及时升级改造。鼓励打造智能有序大功率充电场站，建立大功率充电场站与配电网高效互动机制，因地制宜配建光伏发电和储能设施，探索针对智能有序大功率充电场站优化电力接入容量核定方法，合理利用配电设施低谷容量裕度，提升配电网对于大功率充电场站的接入能力。支持充电运营企业通过接入新型负荷管理系统参与电力市场交易和需求响应，通过价格信号促进电动汽车高水平消纳清洁能源。 六、完善大功率充电技术标准体系 有关研究机构、行业协会等要持续推动大功率充电技术标准体系建设，加快设备型式、计量检测、通讯协议、场站建设、运营管理、安全防护及数字化智能化等关键技术标准制修订，以标准提升促进产业高质量发展。坚持尊重市场、着眼长远的原则，推动大功率充电国家标准纳入车、桩市场准入条件，开展面向大功率充电国家标准的车桩互配测试和对比验证，综合考虑市场接受度、产品兼容性、技术先进性、运行安全性，分类推动大功率充电标准在高压平台乘用车型和重卡等商用车型上装车应用。加强大功率充电标准国际化工作，推动国内国际充电标准协同发展。 七、推动大功率充电技术创新应用 充电运营企业要加强充电装备技术升级，提高大功率充电设施的运行效率和使用寿命。鼓励对分体式设备采用大功率充电优先的功率分配策略。加快高压碳化硅模块、主控芯片等核心器件国产化替代，推动涵盖零部件、系统集成、运营服务的充电产业链整体升级。面向电动重卡、电动船舶、电动飞机等大容量、高倍率动力电池应用场景，开展单枪兆瓦级充电技术研究与试点应用。应用电力智能管理、无人机巡检、充电安全预警、智慧消防等技术，加强大功率充电站智能化安全管理，提升充电设施智能运维水平。 八、加强要素保障和支持力度 各地牵头负责充电设施发展的部门要会同相关部门进一步加强大功率充电设施发展要素保障，加大用地、供电、财政、金融等配套政策供给。鼓励给予充电场站10年以上租赁期限，引导企业长期稳定经营。电网企业应加强大功率充电设施的用电保障，重点解决高速公路服务区的用电容量，降低电力引入成本，缩短电力扩容周期。鼓励研究大功率充电设施建设运营补贴激励机制，通过地方政府专项债券等支持符合条件的大功率充电设施项目建设。 九、强化组织协调和工作督导 各地牵头负责充电设施发展的部门要加强工作统筹，积极会同能源、交通运输、工业和信息化、自然资源、住房城乡建设、市场监管、应急管理等部门，合力开展规划编制，细化政策落实措施。国家能源局将会同交通运输部等有关部门结合各地建设进展，依托政府充电监测服务平台定期开展实施情况评估，适时打造一批具有示范作用的大功率充电应用城市与高速走廊，推动大功率充电设施高质量发展。 国家发展改革委办公厅 国家能源局综合司 工业和信息化部办公厅 交通运输部办公厅 2025年6月13日 
 国家发展改革委办公厅等关于促进大功率充电设施科学规划建设的通知 发改办能源〔2025〕632号 各省、自治区、直辖市及新疆生产建设兵团发展改革委、能源局、工业和信息化主管部门、交通运输主管部门，北京市城市管理委员会、河南省住房和城乡建设厅，国家电网有限公司、中国南方电网有限责任公司、内蒙古电力（集团）有限责任公司，中国电力企业联合会，有关充电运营企业： 电动汽车充电基础设施是支撑新能源汽车产业发展和新型电力系统建设、促进交通能源领域绿色低碳转型的重要基础设施。随着产业迭代升级，单枪充电功率达到250千瓦以上的大功率充电设施得到进一步普及。为落实国务院办公厅《关于进一步构建高质量充电基础设施体系的指导意见》（国办发〔2023〕19号）有关要求，进一步优化完善我国充电设施网络布局，稳步构建布局合理、品质升级、技术先进的大功率充电基础设施体系，现将有关事项通知如下。 一、加强大功率充电设施专项规划统筹 结合当地经济发展水平、新能源汽车推广力度和电力资源分布，以即充即走场景为重点，因地制宜、适度超前、科学合理做好大功率充电设施发展布局。省级牵头负责充电设施发展的部门要会同其他相关部门在充电网络规划中合理确定大功率充电设施发展目标和建设任务，根据需要适时制定大功率充电设施专项规划，联合交通运输主管部门等优先明确高速公路服务区场景下的建设计划，率先对重大节假日期间利用率超过40%的充电设施实施大功率改造。规划编制要遵循市场规律，做好预测论证，并与国土空间规划、配电网规划、交通规划做好衔接，实现大功率充电网络与现有各类型充电设施的协同发展。到2027年底，力争全国范围内大功率充电设施超过10万台，服务品质和技术应用实现迭代升级。 二、引导大功率充电设施有序建设 项目建设单位应按照《企业投资项目核准和备案管理条例》等依法办理项目备案手续，各地牵头负责充电设施发展的部门要会同投资主管部门加强对大功率充电设施项目的监管，避免资源浪费和无序投建。发挥政府引导作用，推动要素资源集约化利用，支持具有良好投资能力和运营经验的优质运营商开展场站建设、改造和运营。积极布局公交、物流、中重型货运等专用大功率充电设施。新能源汽车企业自建的大功率充电设施网络，原则上应无差别开放。结合场站条件推广充电站与餐饮、娱乐、购物、汽车服务等融合的商业模式，提升充电服务体验。 三、强化大功率充电设施运营管理 充电运营企业要持续加强高安全、高质量、高效能的充电产品和服务供给，优化场站现场环境，完善操作指引、价格公示等现场标识，合理配置运维服务人员。充电运营企业要加快智能运维平台建设，实现大功率充电过程的故障数据记录，提升充电设施运行状态监测和故障处理能力，力争设备可用率不低于98%。大功率充电设施应全量接入政府监测服务平台。各地牵头负责充电设施发展的部门要常态化开展充电服务评价和运营质量专项检查，鼓励企业打造服务优质、特色鲜明的大功率充电品牌，树立高品质形象标杆。 四、加强大功率充电设施安全管理 牵头负责充电设施发展的部门要严格落实“管行业必须管安全、管业务必须管安全、管生产经营必须管安全”的工作要求，高度重视大功率充电设施安全管理，会同有关部门督促公共充电站设计、施工、监理等单位落实安全生产主体责任。充电建设运营企业要严格按照国家标准规定开展大功率充电站选址、设计、建设和消防设施布置。充电运营企业要加强设备采购管理，核验充电桩及配套设备产品合格证明、强制性产品认证（CCC认证）等信息，确保符合质量规定。 五、促进大功率充电设施与电网融合发展 电网企业要积极开展大功率充电负荷特性对区域配电系统的影响研究，分层分级评估电网对大功率充电设施接入能力。推动大功率充电设施布局规划与配电网规划融合衔接，适度超前进行电网建设并及时升级改造。鼓励打造智能有序大功率充电场站，建立大功率充电场站与配电网高效互动机制，因地制宜配建光伏发电和储能设施，探索针对智能有序大功率充电场站优化电力接入容量核定方法，合理利用配电设施低谷容量裕度，提升配电网对于大功率充电场站的接入能力。支持充电运营企业通过接入新型负荷管理系统参与电力市场交易和需求响应，通过价格信号促进电动汽车高水平消纳清洁能源。 六、完善大功率充电技术标准体系 有关研究机构、行业协会等要持续推动大功率充电技术标准体系建设，加快设备型式、计量检测、通讯协议、场站建设、运营管理、安全防护及数字化智能化等关键技术标准制修订，以标准提升促进产业高质量发展。坚持尊重市场、着眼长远的原则，推动大功率充电国家标准纳入车、桩市场准入条件，开展面向大功率充电国家标准的车桩互配测试和对比验证，综合考虑市场接受度、产品兼容性、技术先进性、运行安全性，分类推动大功率充电标准在高压平台乘用车型和重卡等商用车型上装车应用。加强大功率充电标准国际化工作，推动国内国际充电标准协同发展。 七、推动大功率充电技术创新应用 充电运营企业要加强充电装备技术升级，提高大功率充电设施的运行效率和使用寿命。鼓励对分体式设备采用大功率充电优先的功率分配策略。加快高压碳化硅模块、主控芯片等核心器件国产化替代，推动涵盖零部件、系统集成、运营服务的充电产业链整体升级。面向电动重卡、电动船舶、电动飞机等大容量、高倍率动力电池应用场景，开展单枪兆瓦级充电技术研究与试点应用。应用电力智能管理、无人机巡检、充电安全预警、智慧消防等技术，加强大功率充电站智能化安全管理，提升充电设施智能运维水平。 八、加强要素保障和支持力度 各地牵头负责充电设施发展的部门要会同相关部门进一步加强大功率充电设施发展要素保障，加大用地、供电、财政、金融等配套政策供给。鼓励给予充电场站10年以上租赁期限，引导企业长期稳定经营。电网企业应加强大功率充电设施的用电保障，重点解决高速公路服务区的用电容量，降低电力引入成本，缩短电力扩容周期。鼓励研究大功率充电设施建设运营补贴激励机制，通过地方政府专项债券等支持符合条件的大功率充电设施项目建设。 九、强化组织协调和工作督导 各地牵头负责充电设施发展的部门要加强工作统筹，积极会同能源、交通运输、工业和信息化、自然资源、住房城乡建设、市场监管、应急管理等部门，合力开展规划编制，细化政策落实措施。国家能源局将会同交通运输部等有关部门结合各地建设进展，依托政府充电监测服务平台定期开展实施情况评估，适时打造一批具有示范作用的大功率充电应用城市与高速走廊，推动大功率充电设施高质量发展。 国家发展改革委办公厅 国家能源局综合司 工业和信息化部办公厅 交通运输部办公厅 2025年6月13日 
 链接： 
 全国人大 
 | 
 全国政协 
 | 
 国家监察委员会 
 | 
 最高人民法院 
 | 
 最高人民检察院 
 国务院部门网站 
 | 
 地方政府网站 
 | 
 驻港澳机构网站 
 | 
 驻外机构 
 中国政府网 
 | 
 关于本网 
 | 
 网站声明 
 | 
 联系我们 
 | 
 网站纠错 
 主办单位：国务院办公厅　运行维护单位：中国政府网运行中心 
 版权所有：中国政府网　中文域名： 中国政府网.政务 
 网站标识码bm01000001　 京ICP备05070218号 　 京公网安备11010202000001号 
 国务院客户端 
 国务院客户端小程序 
 中国政府网微博、微信 
 电脑版 
 客户端 
 小程序 
 微博 
 微信 
 邮箱 
 退出 
 注册 
 登录 
 网站纠错 
 主办单位：国务院办公厅　运行维护单位：中国政府网运行中心 
 版权所有：中国政府网　中文域名： 中国政府网.政务 
 网站标识码bm01000001 
 京ICP备05070218号　京公网安备11010202000001号 
 回到顶部 
 登录 
 注册 
 × 
 × 
 × 
 关于促进大功率充电设施科学规划建设的通知 
 电动汽车充电基础设施是支撑新能源汽车产业发展和新型电力系统建设、促进交通能源领域绿色低碳转型的重要基础设施。随着产业迭代升级，单枪充电功率达到250千瓦以上的大功率充电设施得到进一步普及。",2025-06-13,中国政府网,https://www.gov.cn/zhengce/zhengceku/202507/content_7030863.htm,accepted
GFEX-WR-20250618,announcement,广期所碳酸锂仓单日报：仓单减少1746手,广州期货交易所2025-06-18仓单日报显示，碳酸锂仓单总量为29967手，减少1746手。,2025-06-18,广州期货交易所,https://www.gfex.com.cn/gfex/cdrb/hqsj_tjsj.shtml,accepted
GFEX-WR-20250620,announcement,广期所碳酸锂仓单日报：仓单减少2164手,广州期货交易所2025-06-20仓单日报显示，碳酸锂仓单总量为27793手，减少2164手。,2025-06-20,广州期货交易所,https://www.gfex.com.cn/gfex/cdrb/hqsj_tjsj.shtml,accepted
CNINFO-000408-1223955178,announcement,关于签订《金融服务协议》暨关联交易的公告,"1 证券代码：000408 证券简称： 藏格矿业 公告编号：2025-053 藏格矿业股份有限公司 关于签订《金融服务协议》暨关联交易的公告 一、关联交易基本情况 （一）关联交易概述 为提升藏格矿业股份有限公司 （以下简称 “公司” ） 现金管理水平和拓展融 资渠道， 进一步提升资金使用效率， 提高现金管理收益， 降低融资成本。公司拟 定与紫金矿业集团财务有限公司（以下简称“紫金财务公司”）在平等自愿、互 惠互利的原则下签订 《金融服务协议》 ， 申请成为紫金财务公司的成员单位， 期 限三年。 根据协议内容， 公司拟与紫金财务公司开展存贷款业务、 结算业务及其 他金融服务业务。 其中，公司在紫金财务公司每日最高存款余额与利息之和不超 过人民币 20 亿元，紫金财务公司向公司提供的每日最高贷款余额与利息之和不 超过人民币 10 亿元。 根据 《深圳证券交易所股票上市规则》 的规定，紫金财务公司是公司关联方 紫金矿业集团股份有限公司的控股子公司， 本次公司在紫金财务公司办理金融服 务业务构成关联交易。吴健辉先生、曹三星先生作为关联董事已回避本次表决， 本次事项已经独立董事专门会议审议通过。 （二）关联交易履行的审议程序 2025 年 6 月 20 日，公司召开 2025 年第二次独立董事专门会议，审议通过 了《关于公司与紫金矿业集团财务有限公司签订〈金融服务协议〉的议案》，并 同意提交董事会审议。 2025 年 6 月 20 日，公司召开第十届董事会第三次（临时）会议，审议通过 了《关于公司与紫金矿业集团财务有限公司签订〈金融服务协议〉的议案》。吴 本公司及董事会全体成员保证信息披露的内容真实、准确、完整，没有虚 假记载、误导性陈述或重大遗漏。
2 健辉先生、曹三星先生作为关联董事已回避本次表决。 此项交易尚需获得股东会的批准， 与该关联交易有利害关系的关联人将回避 表决。 本次关联交易不构成 《上市公司重大资产重组管理办法》 规定的重大资产 重组、不构成重组上市，不需要经过有关部门批准。 二、关联方基本情况 关联方名称：紫金矿业集团财务有限公司 统一社会信用代码：913508236943778565 企业类型：其他有限责任公司 注册地点：上杭县紫金大道 1 号紫金办公大楼 14 层 法定代表人：吴红辉 成立日期：2009 年 9 月 24 日 注册资本：100,314.60 万元 经营范围：许可项目：非银行金融业务。 （依法须经批准的项目，经相关部 门批准后方可开展经营活动，具体经营项目以相关部门批准文件或许可证件为 准）。 紫金财务公司业务发展稳健， 经营状况良好。 主要业务包括： 吸收成员单位 存款； 办理成员单位贷款； 办理成员单位票据贴现； 办理成员单位资金结算与收 付；提供成员单位委托贷款、债券承销、非融资性保函、财务顾问、信用鉴证及 咨询代理业务； 从事同业拆借； 办理成员单位票据承兑； 办理成员单位产品买方 信贷；从事固定收益类有价证券投资；从事套期保值类衍生产品交易。 主要股东和实际控制人： 紫金矿业集团股份有限公司为该公司控股股东， 上 杭县财政局为该公司实际控制人。具体股东构成如下： 序号 股东名称 认缴出资额 （万元） 持股比例 （%） 实缴出资额 （万元） 1 紫金矿业集团股份有限公司 96,302.016 96.00 50,497.915 2 兴业国际信托有限公司 4,012.584 4.00 2,657.785
3 与公司的关联关系： 紫金财务公司是公司关联方紫金矿业集团股份有限公司 控股子公司。根据《深圳证券交易所股票上市规则》第 6.3.3 条第二款第（二） 项规定，该公司属于公司的关联法人。 是否为失信被执行人：否 主要财务数据： 单位：人民币万元 项目 2025年3月31日（未经审计） 2024年12月31日（经审计） 总资产 2,062,740.71 1,996,732.58 净资产 182,069.19 177,569.03 项目 2025年1-3月份（未经审计） 2024年度（经审计） 营业收入 6,967.89 31,385.62 净利润 4,500.16 18,040.61 履约能力分析： 紫金财务公司能按合同约定履行责任和义务， 不存在无法正 常履约的风险。 三、关联交易标的基本情况 紫金财务公司将向公司提供存贷款业务、结算业务及其他金融服务业务。 四、拟签订的《金融服务协议》主要内容、定价政策及依据 公司将根据生产经营实际的需求， 与紫金财务公司在本次授权范围内签订合 同进行交易。 （一）服务内容及费用 1、存款服务 紫金财务公司提供存款服务时， 存款利率执行中国人民银行颁布的同期同类 存款利率。 在 《金融服务协议》 有效期内， 公司在紫金财务公司账户上的日存款 余额最高不超过 20 亿元人民币（含存款利息）。 2、贷款业务 紫金财务公司根据有关规定、 自身资金状况和公司的生产经营状况决定并按 另行订立的贷款协议向公司提供贷款， 紫金财务公司收取的贷款利率按中国人民
4 银行及紫金财务公司的有关规定执行。 在 《金融服务协议》 有效期内， 紫金财务 公司向公司提供日贷款余额最高不超过 10 亿元人民币（含贷款利息）。 3、结算业务 公司在紫金财务公司开立结算户，紫金财务公司为公司提供付款服务和收款 服务， 以及其他与结算业务相关的辅助服务。 提供上述结算服务收费按有关规定 收取，不低于其他成员单位收费标准。 4、其他金融业务 紫金财务公司在监管机构批准的经营范围内为公司提供其他金融服务， 按有 关规定收取费用，收费标准不低于其他成员单位同类业务水平。 （二）协议生效条件 双方法定代表人或授权代表签署， 并自紫金财务公司股东大会批准之日起生 效，有效期限为三年。 五、关联交易对公司的影响 公司通过查验紫金财务公司的证件资料， 审阅财务公司财务报表， 对其经营 资质、 业务和风险状况进行了评估， 出具了 《关于对紫金矿业集团财务有限公司 的风险评估报告》，并于 2025 年 6 月 20 日经公司第十届董事会第三次（临时） 会议审议通过。 公司未发现紫金财务公司风险管理存在重大缺陷，紫金财务公司 也不存在违反 《企业集团财务公司管理办法》 规定的情形， 各项监管指标均符合 该办法的规定要求。 为规范与紫金财务公司的关联交易， 公司已制订了 《藏格矿业股份有限公司 与紫金矿业集团财务有限公司开展金融业务风险处置预案》，并于 2025 年 6 月 20 日经公司第十届董事会第三次（临时）会议审议通过。公司将按照风险处置 预案的要求做好相关风险防范及处置工作， 以切实保障本公司在紫金财务公司存 贷款的安全性、流动性。 本公司以生产、 销售钾肥和碳酸锂为主， 主要收入、 利润来源不依赖上述关 联交易， 独立性不受上述关联交易的影响。 紫金财务公司为公司提供的多元化金
5 融服务， 有利于公司灵活运用融资资源， 拓宽融资渠道， 降低资金成本及融资风 险， 有利于公司生产经营的正常开展和经营目标的实现， 不存在损害上市公司及 其股东特别是中、 小股东利益的情形， 此次关联交易对公司本期财务状况、 经营 成果无不利影响。 六、与该关联人累计已发生的各类关联交易情况 当年年初至本公告披露日， 公司及下属子公司与该关联人 （包含受同一主体 控制或相互存在控制关系的其他关联人）未发生关联交易。 七、独立董事过半数同意意见 公司全体独立董事于 2025 年 6 月 20 日召开 2025 年第二次独立董事专门会 议， 会议由过半数独立董事共同推举刘娅女士召集和主持， 本次会议应参加表决 的独立董事 3 人，实际参与表决的独立董事 3 人，最终以 3 票同意、0 票反对、 0 票弃权的表决结果审议通过了《 关于公司与紫金矿业集团财务有限公司签订 〈金融服务协议〉的议案》。 独立董事对本事项发表的意见如下： 紫金财务公司是紫金矿业集团股份有限公司控股的非银行金融机构， 在其经 营范围内为公司提供金融服务符合国家有关法律法规的规定， 公司与其发生存贷 款等金融业务属于公司生产经营正常需要， 交易定价合理， 不存在利用关联方关 系损害上市公司利益的情形， 不损害公司其他股东特别是中小股东的利益， 同意 将本议案提交公司董事会审议。 八、备查文件 1、第十届董事会第三次（临时）会议决议； 2、2025 年第二次独立董事专门会议决议。 特此公告。
6 藏格矿业股份有限公司董事会 2025 年 6 月 23 日",2025-06-23,巨潮资讯网,https://static.cninfo.com.cn/finalpage/2025-06-23/1223955178.PDF,accepted
GFEX-WR-20250623,announcement,广期所碳酸锂仓单日报：仓单减少1014手,广州期货交易所2025-06-23仓单日报显示，碳酸锂仓单总量为26779手，减少1014手。,2025-06-23,广州期货交易所,https://www.gfex.com.cn/gfex/cdrb/hqsj_tjsj.shtml,accepted
CNINFO-000408-1223958965,announcement,关于麻米错项目获西藏自治区发展和改革委员会立项核准批复的公告,"1 证券代码：000408 证券简称：藏格矿业 公告编号：2025-057 藏格矿业股份有限公司 关于麻米错盐湖项目获西藏自治区发展和改革委员会 立项核准批复的公告 2025 年 6 月 23 日，藏格矿业股份有限公司全资子公司藏格矿业投资 （成都） 有限公司参与认购的江苏藏青新能源产业发展基金合伙企业（有限合伙）投资控 股的西藏阿里麻米措 矿业开发有限公司收到西藏自治区发展和改革委员会出具 的《关于阿里地区改则县麻米错盐湖矿区锂硼矿开采项目核准的批复》（藏发改 产业〔2025〕363 号），批复的主要内容为： 1、核准阿里地区改则县麻米错盐湖矿区锂硼矿开采项目。 2、项目单位：西藏阿里麻米措矿业开发有限公司。 3、项目建设地点：西藏阿里改则县麻米乡。 4、 项目建设规模和主要内容： 项目以麻米错盐湖卤水为原料提取盐湖中的锂 资源， 卤水经管道直接输送至加工车间， 提锂工艺采用 “连续吸附法+膜法除杂浓 缩+一步法沉锂” 技术路线， 主要建设内容包括取卤泵站、 输卤管线、 回卤管线、 预处理吸附装置、纳滤反渗透装置、双极膜电渗析装置、沉锂 MVR 装置、碳酸 锂成品库及配套公辅设施等。产品方案为年产电池级碳酸锂 5 万吨，同时收回硼 元素，副产硼砂 1.7 万吨。矿山生产服务期 33 年（不含建设期 2 年）。 5、项目估算总投资：453,699 万元，全部为企业投资。 6、 如需对本项目核准文件所规定的有关内容进行调整， 应及时以书面形式向 西藏自治区发展与改革委员会提出调整申请，该委将根据项目具体情况，出具书 面确认意见或者重新办理核准手续。 本公司及董事会全体成员保证信息披露内容真实、 准确、 完整， 没有虚假 记载、误导性陈述或重大遗漏。
2 7、本核准文件有效期为 2 年，自发布之日（2025 年 6 月 23 日）起计算。在 核准文件有效期内未开工建设的，项目单位应在核准文件届满 30 个工作日前向 西藏自治区发展与改革委员会 申请延期开工建设，项目开工建设只能延期一次， 期限最长不得超过 1 年。项目在核准文件有效期内未开工建设也未按规定申请延 期的，或虽提出延期申请但未获批准的，本核准文件自动失效。 8、 风险提示：麻米错盐湖位于西藏阿里地区改则县， 地处高原， 自然环境恶 劣，基础设施不完善，可能存在项目 建设不及预期。敬请广大投资者理性投资， 注意投资风险。 特此公告。 藏格矿业股份有限公司董事会 2025 年 6 月 24 日",2025-06-24,巨潮资讯网,https://static.cninfo.com.cn/finalpage/2025-06-24/1223958965.PDF,accepted
GFEX-WR-20250624,announcement,广期所碳酸锂仓单日报：仓单减少4404手,广州期货交易所2025-06-24仓单日报显示，碳酸锂仓单总量为22375手，减少4404手。,2025-06-24,广州期货交易所,https://www.gfex.com.cn/gfex/cdrb/hqsj_tjsj.shtml,accepted
CNINFO-002738-1224015569,announcement,关于投资建设年产3万吨高纯锂盐技改项目的公告,"中矿资源集团股份有限公司 证券代码：002738 证券简称：中矿资源 公告编号：2025-032 号 中矿资源集团股份有限公司 关于投资建设年产3万吨高纯锂盐技改项目的公告 一、投资项目概述 为进一步降低锂盐业务生产成本， 加速推进智能制造转型升级， 深化绿色低碳 发展模式，中矿资源集团股份有限公司（以下简称“公司”或“本公司”）下属全 资公司中矿资源 （江西） 锂业有限公司 （以下简称 “中矿锂业” ） 拟对年产2.5万吨 锂盐生产线进行综合技术升级改造，投资建设年产3万吨高纯锂盐技改项目（以下 简称“项目”或“本项目”）。项目总投资额为12,074.42万元，资金来源为中矿锂 业自有资金或自筹资金，停产检修及技改时间约为6个月。 本次投资不构成关联交易， 亦不构成 《上市公司重大资产重组管理办法》 规定 的重大资产重组。 本次投资金额在公司经理层审批权限范围内， 无需提交公司董事 会及股东会审议。 二、投资项目介绍 1、项目基本情况 （1）项目名称：年产3万吨高纯锂盐技改项目。 （2）建设地点：江西省新余市高新技术产业开发区化工园区。 2、项目实施主体情况 （1）项目实施主体：中矿资源（江西）锂业有限公司。 （2）统一社会信用代码：91360504MA7CCKPQ29。 （3）住所地址：江西省新余市高新开发区阳光大道1998号。 （4）注册资本：贰亿元整。 （5）成立时间：2021年11月22日。 （6）经营范围： 许可项目:危险化学品生产， 危险化学品经营， 危险化学品仓 储（依法须经批准的项目，经相关部门批准后在许可有效期内方可开展经营活动， 本公司及董事会全体成员保证信息披露的内容真实、准确、完整，没有虚 假记载、误导性陈述或重大遗漏。
中矿资源集团股份有限公司 具体经营项目和许可期限以相关部门批准文件或许可证件为准）。一般项目:化工 产品生产（不含许可类化工产品），化工产品销售（不含许可类化工产品），有色 金属铸造，高性能有色金属及合金材料销售，货物进出口，金属矿石销售，选矿， 新材料技术研发， 新材料技术推广服务 （除依法须经批准的项目外， 凭营业执照依 法自主开展经营活动）。 （7）与本公司的产权关系：中矿锂业由本公司的全资子公司中矿资源 （江西） 新材料有限公司 （简称 “中矿新材” ）100%持股。中矿锂业现有年产2.5万吨锂盐生 产线和年产 3.5万吨高纯锂盐生产线，其中年产 2.5万吨锂盐生产线由 中矿新材于 2021年8月投资建设完成，本公司为提升运营效率对锂盐业务进行了有效整合，于 2025年4月将2.5万吨锂盐生产线由中矿新材划转至中矿锂业。本项目是围绕年产2.5 万吨锂盐生产线的停产技改项目，不会对年产3.5万吨高纯锂盐生产线造成影响。 （8）中矿锂业不属于失信被执行人。 3、项目建设规模及产品 本项目建设规模为年产3万吨高纯锂盐技改项目，主产品为电池级碳酸锂、电 池级氢氧化锂，两种主产品产能可根据市场需求灵活调节，副产品为元明粉。 4、项目建设内容及进度安排 本次技改工程主要涉及建筑物有： 转型酸化浸取车间、 冷冻站、 结晶烘干包装 车间、碳酸锂成品车间、硫酸钠蒸发车间，新建萃取工序、新建片碱仓库、新建片 碱废袋库、新建雨棚及其它零星技改。本项目计划于2025年6月27日起进行停产检 修及技改工作，停产时间约为6个月。 5、项目投资规模及资金来源 本项目计划总投资额为12,074.42万元， 其中建设投资10,499.49万元， 资金来源 为中矿锂业自有资金或自筹资金。 三、项目投资的目的、对公司的影响和存在的风险 1、项目投资的目的和对公司的影响 本项目生产工艺技术水平、 能耗及原料消耗等各项指标均达到国内同类装置先 进水平， 污染物排放达到国家相关标准。项目最大限度地减少了三废的排放，生产 废渣可作为建材原料， 系统水除蒸发外可实现封闭循环，实现低碳绿色生产。 项目 优化了传统的焙烧设备、焙料处理手段和溶液处理工序，进一步提高锂金属回收率，
中矿资源集团股份有限公司 有效降低锂盐生产成本。因此， 本项目在工艺技术方面和经济效益方面均切实可行， 将助力公司实现高质量、可持续发展。 项目建成投产后， 公司将合计拥有年产7.1万吨电池级锂盐产能， 公司锂盐业务 的综合竞争力进一步增强，将更好地应对行业变革与市场挑战。 2、存在的风险 （1）项目建设尚须报相关部门履行审批手续，存在不确定性。 （2）本项目是围绕年产2.5万吨锂盐生产线的停产技改项目， 在项目建设期间， 将会对公司锂盐业务的产量和销量产生一定影响。 （3）锂盐产品价格受下游需求、全球宏观经济形势变化、相关国家的政策变 化等多种因素影响，项目投产后实际效益可能存在与预期不一致的情况。 公司将根据本次投资事项的进展情况， 及时履行信息披露义务。 敬请广大投资 者注意投资风险。 特此公告。 中矿资源集团股份有限公司董事会 2025 年 6 月 27 日",2025-06-28,巨潮资讯网,https://static.cninfo.com.cn/finalpage/2025-06-28/1224015569.PDF,accepted
CNINFO-002594-1224058406,announcement,2025年6月产销快报,"证券代码：002594 证券简称：比亚迪 公告编号：2025-044 比亚迪股份有限公司 2025年6月产销快报 本公司及董事会全体成员保证信息披露的内容真实、准确、完整，没有虚假记载、误导性陈述或重大遗漏。 比亚迪股份有限公司(以下简称“本公司”)2025年6月产销快报数据如下： 单位：辆 产量 销量 项目类别 本月 去年同期 本年累计 去年累计 累计同比 本月 去年同期 本年累计 去年累计 累计同比 新能源汽车 345,066 341,671 2,137,033 1,632,033 30.94% 382,585 341,658 2,145,954 1,612,983 33.04% -乘用车 340,570 340,224 2,103,109 1,626,195 29.33% 377,628 340,211 2,113,271 1,607,145 31.49% -纯电动 189,079 141,030 1,028,414 730,083 40.86% 206,884 145,179 1,023,381 726,153 40.93% -插电式混合动力 151,491 199,194 1,074,695 896,112 19.93% 170,744 195,032 1,089,890 880,992 23.71% -商用车 4,496 1,447 33,924 5,838 481.09% 4,957 1,447 32,683 5,838 459.83% -客车 389 392 2,339 2,098 11.49% 389 392 2,339 2,098 11.49% -其他 4,107 1,055 31,585 3,740 744.52% 4,568 1,055 30,344 3,740 711.34% 合计 345,066 341,671 2,137,033 1,632,033 30.94% 382,585 341,658 2,145,954 1,612,983 33.04% 注：本公司 2025 年 6 月海外销售新能源汽车合计 90,049 辆； 本公司 2025 年 6 月新能源汽车动力电池及储能电池装机总量约为 27.019GWh，2025 年累计装机总量约为 134.526GWh。 务请注意，上述产、销量数字未经审核，亦未经本公司审计师确认，或会予以调整并有待最终确认。本公司刊发财务业绩后，股东及 潜在投资者务必详阅。
特此公告。 比亚迪股份有限公司董事会 2025 年 7 月 1 日",2025-07-02,巨潮资讯网,https://static.cninfo.com.cn/finalpage/2025-07-02/1224058406.PDF,accepted
CNINFO-002460-1224068866,announcement,关于收购Mali Lithium公司部分股权涉及矿业权投资的进展公告,"证券代码：002460 证券简称：赣锋锂业 编号：临2025-083 江西赣锋锂业集团股份有限公司 关于收购Mali Lithium公司部分股权涉及矿业权投资的进展公告 本公司及其董事会全体成员保证公告内容真实、 准确和完整， 无 虚假记载、误导性陈述或者重大遗漏。 江西赣锋锂业集团股份有限公司（以下简称“公司”）于 2025 年 5 月 6 日召开第五届董事会第七十八次会议审议通过了 《关于收购Mali Lithium 公司部分股权涉及矿业权投资的议案》，同意全资子公司赣 锋国际有限公司（以下简称“赣锋国际”）拟以自有资金3.427 亿美 元向 Leo Lithium Limited（以下简称“Leo Lithium”）收购旗下 Mali Lithium B.V .（以下简称“Mali Lithium”）剩余 40%股权，授权公司 经营层全权办理本次交易的相关事宜。（详见公告：2024-032） 近日，公司已向Leo Lithium 交付收购Mali Lithium 股权的全部对 价款，并完成股权交割工作。截至本公告披露日，公司持有 Mali Lithium100%股权，Mali Lithium 旗下马里Goulamina锂辉石项目一期 年产能50.6万吨锂精矿已正式投产，产能逐步释放。从马里发往中国 的锂矿出口运输线顺利开通， 标志着公司在非洲的锂矿资源布局已迈 入实质性产出阶段， 为公司提供稳定优质的锂资源供应， 有利于提升 公司锂资源自给率， 提高公司的盈利能力， 对公司未来的经营业绩有 积极影响。 公司将根据相关事项后续进展情况履行相应程序和信息披露义 务。敬请广大投资者理性投资，注意投资风险。 特此公告。
江西赣锋锂业集团股份有限公司 董事会 2025 年 7 月 3 日",2025-07-03,巨潮资讯网,https://static.cninfo.com.cn/finalpage/2025-07-03/1224068866.PDF,accepted
GFEX-WR-20250704,announcement,广期所碳酸锂仓单日报：仓单减少1844手,广州期货交易所2025-07-04仓单日报显示，碳酸锂仓单总量为21036手，减少1844手。,2025-07-04,广州期货交易所,https://www.gfex.com.cn/gfex/cdrb/hqsj_tjsj.shtml,accepted
GFEX-WR-20250707,announcement,广期所碳酸锂仓单日报：仓单减少5481手,广州期货交易所2025-07-07仓单日报显示，碳酸锂仓单总量为15555手，减少5481手。,2025-07-07,广州期货交易所,https://www.gfex.com.cn/gfex/cdrb/hqsj_tjsj.shtml,accepted
GFEX-WR-20250708,announcement,广期所碳酸锂仓单日报：仓单减少2900手,广州期货交易所2025-07-08仓单日报显示，碳酸锂仓单总量为12655手，减少2900手。,2025-07-08,广州期货交易所,https://www.gfex.com.cn/gfex/cdrb/hqsj_tjsj.shtml,accepted
GFEX-WR-20250711,announcement,广期所碳酸锂仓单日报：仓单减少1588手,广州期货交易所2025-07-11仓单日报显示，碳酸锂仓单总量为11603手，减少1588手。,2025-07-11,广州期货交易所,https://www.gfex.com.cn/gfex/cdrb/hqsj_tjsj.shtml,accepted
CNINFO-000408-1224162516,announcement,关于麻米措矿业取得采矿许可证的公告,"1 证券代码：000408 证券简称：藏格矿业 公告编号：2025-065 藏格矿业股份有限公司 关于麻米措矿业取得采矿许可证的公告 一、 二、 近日， 藏格矿业股份有限公司（以下简称 “公司” ）全资子公司藏格矿业投资 （成都） 有限公司参与认购的江苏藏青新能源产业发展基金合伙企业 （有限合伙） 投资控股的西藏阿里麻米措矿业开发有限公司（以下简称 “麻米措矿业” ）收到西 藏自治区自然资源厅颁发的纸质版《中华人民共和国采矿许可证》（以下简称 《采 矿许可证》），现将相关事项公告如下： 一、《采矿许可证》主要内容 1、证号：C5400002020045210149743 2、采矿权人：西藏阿里麻米措矿业开发有限公司 3、地址：西藏阿里地区狮泉河镇建设大街 6 号 4、矿山名称：西藏阿里麻米措矿业开发有限公司西藏阿里改则县麻米错盐湖 矿区锂硼矿 5、经济类型：有限责任公司 6、开采矿种：锂矿、硼、钾 7、开采方式：露天开采 8、生产规模：36.45 万吨/年 9、矿区面积：115.36 平方公里 10、有效期限：壹拾年 自 2020 年 4 月 30 日至 2030 年 4 月 30 日 二、对公司的影响及风险提示 《采矿许可证》的取得， 赋予了麻米措矿业合法开采盐湖资源的权利， 公司能 够按照规划对麻米错盐湖的锂硼矿资源进行有序开发；有利于取得当地金融机构 的授信支持， 为项目建设提供充足的资金保障； 有利于与其他企业开展合作， 加快 本公司及董事会全体成员保证信息披露的内容真实、 准确、 完整， 没有虚 假记载、误导性陈述或重大遗漏。
2 项目建设的推进。 由于矿产资源的开发和利用可能受到自然因素、社会因素以及与采矿相关的 法律法规和政策调整影响， 能否达到预期开采效果尚存在不确定性， 敬请广大投资 者注意投资风险。 三、备查文件 《中华人民共和国采矿许可证》 特此公告。 藏格矿业股份有限公司董事会 2025 年 7 月 15 日",2025-07-15,巨潮资讯网,https://static.cninfo.com.cn/finalpage/2025-07-15/1224162516.PDF,accepted
CNINFO-002176-1224163294,announcement,2025年半年度业绩预告,"证券代码：002176 证券简称：江特电机 公告编号：2025-032 江西特种电机股份有限公司 2025年半年度业绩预告 本公司及董事会全体成员保证信息披露的内容真实、准确、完整，没有虚假记 载、误导性陈述或重大遗漏。 一、本期业绩预计情况 1、业绩预告期间 2025 年 1 月 1 日-2025 年 6 月 30 日 2、业绩预告情况：预计净利润为负值 项目 本报告期 上年同期 归属于上市公司股东 的净利润 亏损：9,500 万元-12,500 万元 亏损：6,406.56 万元 扣除非经常性损益后 的净利润 亏损：13,500 万元-16,500 万元 亏损 14,493.82 万元 基本每股收益 亏损：0.06 元/股–0.07 元/股 亏损：0.04 元/股 二、与会计师事务所沟通情况 本次业绩预告相关的财务数据未经过注册会计师预审计。 三、业绩变动原因说明 1、报告期内，公司进一步加大了电机板块的研发和投入，有力地增强了电 机产品的竞争优势，电机板块实现了稳步增长； 2、报告期内，受市场供求关系影响，碳酸锂价格持续下跌，导致锂盐板块 亏损。 四、风险提示 本次业绩预告是公司财务部门初步测算结果，具体财务数据以公司披露的 2025 年半年度报告为准。敬请广大投资者注意投资风险。
特此公告。 江西特种电机股份有限公司 董 事 会 二〇二五年七月十五日",2025-07-15,巨潮资讯网,https://static.cninfo.com.cn/finalpage/2025-07-15/1224163294.PDF,accepted
CNINFO-002240-1224164694,announcement,2025-039 2025年半年度业绩预告,"证券代码：002240 证券简称：盛新锂能 公告编号：2025-039 盛新锂能集团股份有限公司 2025年半年度业绩预告 本公司及董事会全体成员保证信息披露内容的真实、准确和完整，没有虚 假记载、误导性陈述或重大遗漏。 一、本期业绩预计情况 （一）业绩预告期间 2025 年 1 月 1 日-2025 年 6 月 30 日。 （二）业绩预告情况 预计的业绩：√亏损 □扭亏为盈 □同向上升 □同向下降 项目 本报告期 上年同期 归属于上市公司股 东的净利润 亏损：72,000.00 万元-85,000.00 万元 亏损：18,694.79 万元 比上年同期下降：285.13%-354.67% 扣除非经常性损益 后的净利润 亏损：76,000.00 万元-89,000.00 万元 亏损：28,271.65 万元 比上年同期下降：168.82%-214.80% 基本每股收益 亏损：0.79 元/股-0.93 元/股 亏损：0.20 元/股 二、与会计师事务所沟通情况 本次业绩预告相关的财务数据未经过会计师事务所预审计。 三、业绩变动原因说明 公司 2025 年上半年业绩较上年同期下降， 主要受行业供需格局等因素影响， 锂产品的市场价格在第二季度继续下跌， 使得公司毛利较上年同期有所下降，同 时公司根据会计准则对存货计提了资产减值准备，预计公司本报告期计提的资产 减值准备较上年同期大幅增加，影响了公司本报告期的利润。 四、风险提示 本次业绩预告是公司财务部门初步测算的结果，具体财务数据以公司披露的 2025 年半年度报告为准。敬请广大投资者注意投资风险。 特此公告。
盛新锂能集团股份有限公司 董事会 二○二五年七月十四日",2025-07-15,巨潮资讯网,https://static.cninfo.com.cn/finalpage/2025-07-15/1224164694.PDF,accepted
CNINFO-002460-1224164382,announcement,2025年半年度业绩预告,"证券代码：002460 证券简称：赣锋锂业 编号：临2025-087 江西赣锋锂业集团股份有限公司 2025 年半年度业绩预告 一、本期业绩预计情况 1、业绩预告期间：2025 年 1 月 1 日—2025 年 6 月 30 日 2、预计的经营业绩： √亏损 扭亏为盈 同向上升 同向下降 项目 本报告期 上年同期 归属上市公司股 东的净利润 亏损：55,000 万元 – 30,000 万元 亏损： 76,037.69 万元 扣除非经常性损 益后的净利润 亏损：95,000 万元 –50,000 万元 亏损： 16,039.11 万元 基本每股收益 亏损：0.27 元/股–0.15 元/股 亏损：0.38 元/股 二、与会计师事务所沟通情况 本次业绩预告相关的财务数据是公司财务部门初步测算的结果， 未经会计师事务所审计。 三、业绩变动原因 1、本报告期内，锂盐及锂电池产品销售价格持续下跌，虽公司 本公司及董事会全体成员保证公告内容的真实、 准确和完整， 没 有虚假记载、误导性陈述或重大遗漏。
电池板块的产能有序释放、 销售增长， 但公司整体经营业绩遭受一定 冲击。 此外， 公司根据会计准则对存货等相关资产计提了资产减值准 备。 2、本报告期内，公司产生较大非经常性收益。主要系投资收益 与公允价值变动损失迭加所致。 （1）公司控股子公司深圳易储能源科技有限公司处置旗下部分 储能电站项目，以及公司处置部分其他公司股权产生投资收益； （2）公司持有的以 Pilbara Minerals Limited （PLS）为主的金融 资产的价格持续下降， 造成公允价值变动损失。 同时， 公司运用领式 期权策略来平衡 PLS 股价下降带来的风险敞口，对冲了部分公允价 值变动损失。 四、其他相关说明 本次业绩预告是公司财务部门初步测算的结果， 未经注册会计师 审计，具体财务数据请以公司披露的 2025 年半年度报告为准。 公 司 指 定 的 信 息 披 露 媒 体 为 《 证 券 日 报 》 和 巨 潮 资 讯 网 （www.cninfo.com.cn） ， 公司所有信息均以在上述指定媒体披露的信 息为准。敬请广大投资者谨慎决策，注意投资风险。 特此公告。 江西赣锋锂业集团股份有限公司 董事会 2025 年 7 月 15 日",2025-07-15,巨潮资讯网,https://static.cninfo.com.cn/finalpage/2025-07-15/1224164382.PDF,accepted
CNINFO-002466-1224164259,announcement,2025年半年度业绩预告,"1 股票代码：002466 股票简称：天齐锂业 公告编号：2025-039 天齐锂业股份有限公司 2025 年半年度业绩预告 本公司及董事会全体成员保证信息披露的内容真实、准确、 完整，没有虚假记载、误导性陈述或重大遗漏。 一、本期业绩预计情况 1、业绩预告期间：2025年1月1日至2025年6月30日。 2、业绩预告情况：预计净利润为正值且属于下列情形之一： √扭亏为盈 同向上升 同向下降 项目 本报告期 上年同期 归属于上市公司股东的 净利润 盈利：0万元–15,500万元 亏损：520,576.91 万元 比上年同期增长：100.00%-102.98% 扣除非经常性损益后的 净利润 盈利：0万元–8,900万元 亏损：522,085.99 万元 比上年同期增长：100.00%-101.70% 基本每股收益 盈利：0元/股–0.09元/股 亏损：3.18元/股 二、与会计师事务所沟通情况 本次业绩预告未经注册会计师预审计。 三、业绩变动原因说明 天齐锂业股份有限公司（以下简称“公司”）报告期业绩变动的主要原因： 1、尽管受锂产品市场波动的影响，公司锂产品销售价格较上年同期下降，但得益于 公司控股子公司 Windfield Holdings Pty Ltd 锂矿定价周期缩短，其全资子公司 Talison Lithium Pty Ltd 化学级锂精矿定价机制与公司锂化工产品销售定价机制在以前年度存在 的时间周期错配的影响已大幅减弱。随着国内新购锂精矿陆续入库及库存锂精矿的逐步 消化，公司各锂化工产品生产基地生产成本中耗用的化学级锂精矿成本基本贴近最新采 购价格。 2、截至本业绩预告公告日，公司重要的联营公司 Sociedad Química y Minera de Chile
2 S.A.（以下简称“SQM”）尚未公告其 2025 年第二季度业绩报告。公司全面考虑所能获 取的可靠信息， 沿用一贯方式， 采用彭博社预测的SQM 2025 年第二季度每股收益等信息 为基础来计算同期公司对 SQM 的投资收益。根据前述预测数据，SQM 2025 年上半年业 绩预计将同比增长，因此公司在本报告期确认的对该联营公司的投资收益较上年同期增 长。 3、2025 年以来澳元持续走强， 本报告期内澳元兑美元的汇率变动导致汇兑收益金额 较上年同期增加。 四、风险提示 1、本次业绩预告是公司财务部门初步测算结果，未经审计机构审计，与公司2025年 半年度报告中披露的最终数据可能存在差异。具体财务数据将在公司《 2025年半年度报 告》中详细披露。敬请广大投资者注意投资风险。 2、 鉴于公司重要的联营公司SQM是在智利圣地亚哥和美国纽约证券交易所上市的公 司，根据两地交易所信息披露规则，SQM披露季度财务报告的时间晚于公司业绩预告的 时间，公司不能先于SQM公告季度财务信息前公告其业绩。根据《企业会计准则第 32号 ——中期财务报告》第九条规定，公司通过财务测算模型并结合彭博社预测的SQM 2025 年第二季度每股收益等信息预估SQM 2025年第二季度经营损益，并按照公司持股比例预 估对SQM的投资收益。该项投资收益与SQM实际公告的净利润按公司持股比例计算的应 计投资收益可能存在差异。 公司将根据差异的金额及对公司财务信息的影响程度， 严格按 照企业会计准则的规定及时进行会计处理并按信息披露规定及时进行信息披露。具体财 务数据以公司披露的《2025年半年度报告》为准。 3、由于有色金属行业属于周期性行业，受多种因素变化的影响（包括但不限于全球 经济增长情况、 供需动力、 生产成本变动、 运输成本变动、 商品库存以及技术发展等） ， 锂产品价格呈现波动性； 如果锂产品价格下降， 可能对公司的业务、 财务状况及经营业绩 产生不利影响。 同时， 关税政策变动、 汇率变动等也会对公司业绩产生影响。 公司后续报 告期的经营业绩尚具有不确定性，请以公司后续持续披露的定期报告为准。 4、公司所有公开披露的信息均以在指定的信息披露媒体《证券时报》《证券日报》 《中国证券报》 《上海证券报》 《经济参考报》 及巨潮资讯网 （http://www.cninfo.com.cn） 刊登的信息为准，敬请广大投资者理性投资，注意风险。 特此公告。
3 天齐锂业股份有限公司董事会 二〇二五年七月十五日",2025-07-15,巨潮资讯网,https://static.cninfo.com.cn/finalpage/2025-07-15/1224164259.PDF,accepted
CNINFO-002738-1224163658,announcement,2025年半年度业绩预告,"中矿资源集团股份有限公司 1 证券代码：002738 证券简称：中矿资源 公告编号：2025-033号 中矿资源集团股份有限公司 2025年半年度业绩预告 一、本期业绩预计情况 1、业绩预告期间：2025 年 1 月 1 日至 2025 年 6 月 30 日。 2、业绩预告情况： □扭亏为盈 □同向上升 ▇同向下降 项 目 本报告期 上年同期 归属于上市公司 股东的净利润 盈利：6,500 万元–9,000 万元 盈利：47,299.16 万元 比上年同期下降：80.97% - 86.26% 扣除非经常性损 益后的净利润 盈利：500 万元–1,500 万元 盈利：44,491.54 万元 比上年同期下降：96.63% - 98.88% 基本每股收益 盈利：0.0901 元/股–0.1247 元/股 盈利：0.6556 元/股 二、与会计师事务所沟通情况 本期业绩预告相关的财务数据未经会计师事务所审计。 三、业绩变动原因说明 1、2025 年上半年，中矿资源集团股份有限公司（以下简称“公司”）具有 核心竞争力的稀有轻金属 （铯、铷） 业务继续发挥优势，保持了良好的增长态势 和盈利能力，是公司业绩的重要支撑。报告期内，稀有轻金属 （铯、铷） 业务共 实现营业收入约 7.10 亿元，同比增长约 50.88%；实现毛利约 4.90 亿元，同比增 长约 43.78%。 2、2025 年上半年，公司实现自有锂盐产品销量约 1.78 万吨，同比增长约 5.95%。但受锂电新能源行业市场波动影响，锂盐产品市场价格较去年同期出现 较大幅度回调。尽管公司持续优化锂盐业务 经营模式，努力降低综合成本，但 本公司及董事会全体成员保证信息披露的内容真实、准确、完整，没有虚 假记载、误导性陈述或重大遗漏。
中矿资源集团股份有限公司 2 在行业性价格下行背景下，该板块的销售收入及毛利率同比受到显著影响。 3、2025 年上半年，公司所属纳米比亚 Tsumeb 冶炼厂铜冶炼业务受全球铜 精矿供应紧张导致行业加工费 （TC/RC） 水平显著下降影响，造成净利润亏损人 民币约 2.00 亿元，对公司报告期内业绩造成了阶段性影响。公司已制定相应降 本措施尽快关停铜冶炼产线，并通过释放锗业务产能，形成新的利润增长点， 力争尽早实现纳米比亚 Tsumeb 子公司扭亏为盈。 四、其他相关说明 本次业绩预告数据是公司财务 管理部初步测算的结果， 具体财务数据将在 公司 2025 年半年度报告中详细披露，敬请广大投资者注意投资风险。 特此公告。 中矿资源集团股份有限公司董事会 2025 年 7 月 14 日",2025-07-15,巨潮资讯网,https://static.cninfo.com.cn/finalpage/2025-07-15/1224163658.PDF,accepted
CNINFO-000408-1224198116,announcement,关于子公司收到海西州自然资源局、海西州盐湖管理局《责令立即停止锂资源开发利用活动通知》的公告,"1 证券代码：000408 证券简称：藏格矿业 公告编号：2025-067 藏格矿业股份有限公司 关于子公司收到海西州自然资源局、 海西州盐湖管理局《责令立 即停止锂资源开发利用活动通知》的公告 藏格矿业股份有限公司 （以下简称 “公司” ）全资子公司格尔木藏格钾肥有 限公司（以下简称“藏格钾肥”）于2025年7月16日收到海西州自然资源局、海 西州盐湖管理局下发的 《关于责令立即停止锂资源开发利用活动的通知》 （西自 然资〔2025〕213号）（以下简称《通知》），现将有关事项公告如下： 一、《通知》主要内容 《通知》 要求严格依照国家法律法规， 切实履行企业主体责任， 立即停止违 规开采行为并积极整改， 完善锂资源合法手续， 待锂资源手续合法合规后， 向海 西州盐湖管理局申请复产，经申请通过后方可复产。 二、公司已采取的措施 收到《通知》后，公司全资子公司格尔木藏格锂业有限公司（以下简称“藏 格锂业”）已按要求停产；同时，公司正积极推进锂资源开采手续办理，待锂资 源开采手续办理完成后，将及时向海西州盐湖管理局申请复产。 三、对公司的影响 2025 年，藏格锂业计划实现碳酸锂产量 11,000 吨、销量 11,000 吨；上半年 预计实现碳酸锂产量 5,350 吨、销量 4,470 吨，预计实现净利润 4,900 万元、占 公司整体净利润的比例很低， 对公司经营业绩的影响较小。（上述数据系公司财 务部门初步测算的结果， 未经会计师事务所审计， 具体数据请以公司后续披露的 《2025 年半年度报告》数据为准）。 本公司及董事会全体成员保证信息披露的内容真实、准确、完整，没有虚 假记载、误导性陈述或重大遗漏。
2 除藏格锂业临时停产外， 公司、 藏格钾肥及公司其他子公司的经营活动处于 正常开展中，暂不会导致公司经营业绩受到重大影响。 鉴于目前尚无法确定藏格锂业恢复生产的具体时间， 对公司造成的影响暂无 法预测。 公司将持续关注后续进展并及时履行信息披露义务， 敬请广大投资者注 意投资风险。 特此公告。 藏格矿业股份有限公司董事会 2025年7月17日",2025-07-17,巨潮资讯网,https://static.cninfo.com.cn/finalpage/2025-07-17/1224198116.PDF,accepted
CNINFO-002176-1224236733,announcement,关于子公司停产检修的公告,证券代码：002176 证券简称：江特电机 公告编号：2025-033 江西特种电机股份有限公司 关于子公司停产检修的公告 本公司及董事会全体成员保证信息披露的内容真实、准确、完整，没有虚假记 载、误导性陈述或重大遗漏。 江西特种电机股份有限公司 （以下简称 “公司” ） 于近日接到全资下属公司 宜春银锂新能源有限责任公司（以下简称“宜春银锂”）的通知，为进一步降低 生产成本， 确保生产设备后续的安全稳定运行， 宜春银锂拟于近日停产进行设备 检修。现将有关事项公告如下： 一、停产检修的基本情况 本次停产检修范围为宜春银锂的全部锂盐生产线。 二、停产检修期间的安排 本次停产期间， 宜春银锂将组织技术团队对生产设备进行全面检修， 并对部 分设备进行技术改造，使生产设备达到最佳的运行水平。 三、对公司的影响 本次宜春银锂停产检修， 预计对全年的经营业绩不会产生重大不利影响，具 体影响以公司披露的财务报告为准。宜春银锂本次停产检修完成后， 有助于进一 步提高产线设备的稳定性和运行水平， 进一步降低生产成本， 提升综合效益，符 合公司和全体股东的利益。 本次检修不会影响已有销售合同和未来一段时间的供货。宜春银锂预计于 2025 年 7 月 25 日对产线进行设备检修，预计检修时间 26 天左右。除上述情况 外，公司其他业务生产运营情况一切正常。 公司将密切关注本次宜春银锂停产检修的后续进展， 依照相关规定及时履行 信息披露义务。敬请广大投资者理性投资并注意投资风险。 特此公告。 江西特种电机股份有限公司 董事会 二〇二五年七月二十二日,2025-07-22,巨潮资讯网,https://static.cninfo.com.cn/finalpage/2025-07-22/1224236733.PDF,accepted
GFEX-WR-20250724,announcement,广期所碳酸锂仓单日报：仓单增加900手,广州期货交易所2025-07-24仓单日报显示，碳酸锂仓单总量为11654手，增加900手。,2025-07-24,广州期货交易所,https://www.gfex.com.cn/gfex/cdrb/hqsj_tjsj.shtml,accepted
GFEX-WR-20250730,announcement,广期所碳酸锂仓单日报：仓单增加855手,广州期货交易所2025-07-30仓单日报显示，碳酸锂仓单总量为13131手，增加855手。,2025-07-30,广州期货交易所,https://www.gfex.com.cn/gfex/cdrb/hqsj_tjsj.shtml,accepted
GFEX-WR-20250731,announcement,广期所碳酸锂仓单日报：仓单减少7586手,广州期货交易所2025-07-31仓单日报显示，碳酸锂仓单总量为5545手，减少7586手。,2025-07-31,广州期货交易所,https://www.gfex.com.cn/gfex/cdrb/hqsj_tjsj.shtml,accepted
GFEX-WR-20250801,announcement,广期所碳酸锂仓单日报：仓单增加1060手,广州期货交易所2025-08-01仓单日报显示，碳酸锂仓单总量为6605手，增加1060手。,2025-08-01,广州期货交易所,https://www.gfex.com.cn/gfex/cdrb/hqsj_tjsj.shtml,accepted
CNINFO-002594-1224368797,announcement,2025年7月产销快报,"证券代码：002594 证券简称：比亚迪 公告编号：2025-051 比亚迪股份有限公司 2025年7月产销快报 本公司及董事会全体成员保证信息披露的内容真实、准确、完整，没有虚假记载、误导性陈述或重大遗漏。 比亚迪股份有限公司(以下简称“本公司”)2025年7月产销快报数据如下： 单位：辆 产量 销量 项目类别 本月 去年同期 本年累计 去年累计 累计同比 本月 去年同期 本年累计 去年累计 累计同比 新能源汽车 317,892 320,852 2,454,925 1,952,885 25.71% 344,296 342,383 2,490,250 1,955,366 27.35% -乘用车 315,269 319,268 2,418,378 1,945,463 24.31% 341,030 340,799 2,454,301 1,947,944 25.99% -纯电动 160,050 125,808 1,188,464 855,891 38.86% 177,887 130,000 1,201,268 856,153 40.31% -插电式混合动力 155,219 193,460 1,229,914 1,089,572 12.88% 163,143 210,799 1,253,033 1,091,791 14.77% -商用车 2,623 1,584 36,547 7,422 392.41% 3,266 1,584 35,949 7,422 384.36% -客车 610 267 2,949 2,365 24.69% 610 267 2,949 2,365 24.69% -其他 2,013 1,317 33,598 5,057 564.39% 2,656 1,317 33,000 5,057 552.56% 合计 317,892 320,852 2,454,925 1,952,885 25.71% 344,296 342,383 2,490,250 1,955,366 27.35% 注：本公司 2025 年 7 月出口新能源汽车合计 80,737 辆； 本公司 2025 年 7 月新能源汽车动力电池及储能电池装机总量约为 22.350GWh，2025 年累计装机总量约为 156.876GWh。 务请注意，上述产、销量数字未经审核，亦未经本公司审计师确认，或会予以调整并有待最终确认。本公司刊发财务业绩后，股东及 潜在投资者务必详阅。
特此公告。 比亚迪股份有限公司董事会 2025 年 8 月 1 日",2025-08-02,巨潮资讯网,https://static.cninfo.com.cn/finalpage/2025-08-02/1224368797.PDF,accepted
GFEX-WR-20250804,announcement,广期所碳酸锂仓单日报：仓单增加5998手,广州期货交易所2025-08-04仓单日报显示，碳酸锂仓单总量为12603手，增加5998手。,2025-08-04,广州期货交易所,https://www.gfex.com.cn/gfex/cdrb/hqsj_tjsj.shtml,accepted
GFEX-WR-20250805,announcement,广期所碳酸锂仓单日报：仓单增加1840手,广州期货交易所2025-08-05仓单日报显示，碳酸锂仓单总量为14443手，增加1840手。,2025-08-05,广州期货交易所,https://www.gfex.com.cn/gfex/cdrb/hqsj_tjsj.shtml,accepted
GFEX-WR-20250807,announcement,广期所碳酸锂仓单日报：仓单增加1420手,广州期货交易所2025-08-07仓单日报显示，碳酸锂仓单总量为16443手，增加1420手。,2025-08-07,广州期货交易所,https://www.gfex.com.cn/gfex/cdrb/hqsj_tjsj.shtml,accepted
GFEX-WR-20250808,announcement,广期所碳酸锂仓单日报：仓单增加2386手,广州期货交易所2025-08-08仓单日报显示，碳酸锂仓单总量为18829手，增加2386手。,2025-08-08,广州期货交易所,https://www.gfex.com.cn/gfex/cdrb/hqsj_tjsj.shtml,accepted
GFEX-WR-20250812,announcement,广期所碳酸锂仓单日报：仓单增加1440手,广州期货交易所2025-08-12仓单日报显示，碳酸锂仓单总量为20829手，增加1440手。,2025-08-12,广州期货交易所,https://www.gfex.com.cn/gfex/cdrb/hqsj_tjsj.shtml,accepted
GFEX-WR-20250813,announcement,广期所碳酸锂仓单日报：仓单增加850手,广州期货交易所2025-08-13仓单日报显示，碳酸锂仓单总量为21679手，增加850手。,2025-08-13,广州期货交易所,https://www.gfex.com.cn/gfex/cdrb/hqsj_tjsj.shtml,accepted
GFEX-WR-20250815,announcement,广期所碳酸锂仓单日报：仓单增加1546手,广州期货交易所2025-08-15仓单日报显示，碳酸锂仓单总量为23485手，增加1546手。,2025-08-15,广州期货交易所,https://www.gfex.com.cn/gfex/cdrb/hqsj_tjsj.shtml,accepted
GFEX-WR-20250826,announcement,广期所碳酸锂仓单日报：仓单增加1060手,广州期货交易所2025-08-26仓单日报显示，碳酸锂仓单总量为26690手，增加1060手。,2025-08-26,广州期货交易所,https://www.gfex.com.cn/gfex/cdrb/hqsj_tjsj.shtml,accepted
LC-TEXT-0020,policy,关于印发《新型储能规模化建设专项行动方案(2025—2027年)》的通知,"关于印发《新型储能规模化建设专项行动方案(2025—2027年)》的通知-新华网 
 您当前位置： 首页 > 正文 目录项的基本信息 公开事项名称: 
 关于印发《新型储能规模化建设专项行动方案(2025—2027年)》的通知 
 索引号: 
 000019705/2025-000291 
 主办单位: 
 国家能源局 
 制发日期: 
 2025-08-27 
      国家发展改革委 国家能源局关于印发《新型储能规模化建设专项行动方案（2025—2027年）》的通知 发改能源〔2025〕1144号   各省、自治区、直辖市及新疆生产建设兵团发展改革委、能源局，北京市城市管理委，国家能源局各派出机构，有关中央企业：   为推动新型储能高质量发展，国家发展改革委、国家能源局研究制定了《新型储能规模化建设专项行动方案（2025—2027年）》。现予印发，请结合实际认真抓好贯彻落实。   国家发展改革委   国 家 能 源 局   2025年8月27日    附件：    《新型储能规模化建设专项行动方案（2025—2027年）》 .pdf        解读：    国家能源局有关负责同志就《新型储能规模化建设专项行动方案（2025—2027年）》答记者问",2025-08-27,国家能源局,https://www.nea.gov.cn/20250912/73455a1a61b248d4aef65cc124631398/c.html,accepted
LC-TEXT-0021,policy,关于印发《新型储能规模化建设专项行动方案(2025—2027年)》的通知_国务院部门文件_中国政府网,"关于印发《新型储能规模化建设专项行动方案(2025—2027年)》的通知_国务院部门文件_中国政府网 
 首页 
 | 
 简 
 | 
 繁 
 | 
 EN 
 | 
 登录 
 个人中心 
 退出 
 | 
 邮箱 
 | 
 无障碍 
 EN 
 https://www.gov.cn/ 
 首页  >  政策  >  国务院政策文件库  > 国务院部门文件
 字号： 默认 
 大 
 超大 
 | 
 打印 
 收藏 
 | 
 标    题： 
 关于印发《新型储能规模化建设专项行动方案(2025—2027年)》的通知 
 发文机关： 
 国家发展改革委 国家能源局 
 发文字号： 
 发改能源〔2025〕1144号 
 来    源： 
 国家发展改革委网站 
 主题分类： 
 国土资源、能源\其他 
 公文种类： 
 通知 
 成文日期： 
 2025年08月27日 
 标       题： 
 关于印发《新型储能规模化建设专项行动方案(2025—2027年)》的通知
 发文机关： 国家发展改革委 国家能源局 
 发文字号： 发改能源〔2025〕1144号 
 来       源： 国家发展改革委网站 
 主题分类： 国土资源、能源\其他 
 公文种类： 通知 
 成文日期： 2025年08月27日 
 国家发展改革委 国家能源局关于印发《新型储能规模化建设专项行动方案（2025—2027年）》的通知 发改能源〔2025〕1144号 各省、自治区、直辖市及新疆生产建设兵团发展改革委、能源局，北京市城市管理委，国家能源局各派出机构，有关中央企业： 为推动新型储能高质量发展，国家发展改革委、国家能源局研究制定了《新型储能规模化建设专项行动方案（2025—2027年）》。现予印发，请结合实际认真抓好贯彻落实。 国家发展改革委 国家能源局 2025年8月27日 附件： 《新型储能规模化建设专项行动方案（2025—2027年）》.pdf 《新型储能规模化建设专项行动方案（2025—2027年）》.zip 
 国家发展改革委 国家能源局关于印发《新型储能规模化建设专项行动方案（2025—2027年）》的通知 发改能源〔2025〕1144号 各省、自治区、直辖市及新疆生产建设兵团发展改革委、能源局，北京市城市管理委，国家能源局各派出机构，有关中央企业： 为推动新型储能高质量发展，国家发展改革委、国家能源局研究制定了《新型储能规模化建设专项行动方案（2025—2027年）》。现予印发，请结合实际认真抓好贯彻落实。 国家发展改革委 国家能源局 2025年8月27日 附件： 《新型储能规模化建设专项行动方案（2025—2027年）》.pdf 《新型储能规模化建设专项行动方案（2025—2027年）》.zip 
 链接： 
 全国人大 
 | 
 全国政协 
 | 
 国家监察委员会 
 | 
 最高人民法院 
 | 
 最高人民检察院 
 国务院部门网站 
 | 
 地方政府网站 
 | 
 驻港澳机构网站 
 | 
 驻外机构 
 中国政府网 
 | 
 关于本网 
 | 
 网站声明 
 | 
 联系我们 
 | 
 网站纠错 
 主办单位：国务院办公厅　运行维护单位：中国政府网运行中心 
 版权所有：中国政府网　中文域名： 中国政府网.政务 
 网站标识码bm01000001　 京ICP备05070218号 　 京公网安备11010202000001号 
 国务院客户端 
 国务院客户端小程序 
 中国政府网微博、微信 
 电脑版 
 客户端 
 小程序 
 微博 
 微信 
 邮箱 
 退出 
 注册 
 登录 
 网站纠错 
 主办单位：国务院办公厅　运行维护单位：中国政府网运行中心 
 版权所有：中国政府网　中文域名： 中国政府网.政务 
 网站标识码bm01000001 
 京ICP备05070218号　京公网安备11010202000001号 
 回到顶部 
 登录 
 注册 
 × 
 × 
 × 
 关于印发《新型储能规模化建设专项行动方案(2025—2027年)》的通知 
 为推动新型储能高质量发展，国家发展改革委、国家能源局研究制定了《新型储能规模化建设专项行动方案（2025—2027年）》。现予印发，请结合实际认真抓好贯彻落实。",2025-08-27,中国政府网,https://www.gov.cn/zhengce/zhengceku/202509/content_7040296.htm,accepted
GFEX-WR-20250828,announcement,广期所碳酸锂仓单日报：仓单增加1480手,广州期货交易所2025-08-28仓单日报显示，碳酸锂仓单总量为28957手，增加1480手。,2025-08-28,广州期货交易所,https://www.gfex.com.cn/gfex/cdrb/hqsj_tjsj.shtml,accepted
GFEX-WR-20250829,announcement,广期所碳酸锂仓单日报：仓单增加930手,广州期货交易所2025-08-29仓单日报显示，碳酸锂仓单总量为29887手，增加930手。,2025-08-29,广州期货交易所,https://www.gfex.com.cn/gfex/cdrb/hqsj_tjsj.shtml,accepted
GFEX-WR-20250901,announcement,广期所碳酸锂仓单日报：仓单增加1310手,广州期货交易所2025-09-01仓单日报显示，碳酸锂仓单总量为31197手，增加1310手。,2025-09-01,广州期货交易所,https://www.gfex.com.cn/gfex/cdrb/hqsj_tjsj.shtml,accepted
CNINFO-002594-1224632702,announcement,2025年8月产销快报,"证券代码：002594 证券简称：比亚迪 公告编号：2025-054 比亚迪股份有限公司 2025年8月产销快报 本公司及董事会全体成员保证信息披露的内容真实、准确、完整，没有虚假记载、误导性陈述或重大遗漏。 比亚迪股份有限公司(以下简称“本公司”)2025年8月产销快报数据如下： 单位：辆 产量 销量 项目类别 本月 去年同期 本年累计 去年累计 累计同比 本月 去年同期 本年累计 去年累计 累计同比 新能源汽车 353,090 366,973 2,808,015 2,319,858 21.04% 373,626 373,083 2,863,876 2,328,449 23.00% -乘用车 351,080 364,744 2,769,458 2,310,207 19.88% 371,501 370,854 2,825,802 2,318,798 21.86% -纯电动 184,874 146,690 1,373,338 1,002,581 36.98% 199,585 148,470 1,400,853 1,004,623 39.44% -插电式混合动力 166,206 218,054 1,396,120 1,307,626 6.77% 171,916 222,384 1,424,949 1,314,175 8.43% -商用车 2,010 2,229 38,557 9,651 299.51% 2,125 2,229 38,074 9,651 294.51% -客车 382 647 3,331 3,012 10.59% 382 647 3,331 3,012 10.59% -其他 1,628 1,582 35,226 6,639 430.59% 1,743 1,582 34,743 6,639 423.32% 合计 353,090 366,973 2,808,015 2,319,858 21.04% 373,626 373,083 2,863,876 2,328,449 23.00% 注：本公司 2025 年 8 月出口新能源汽车合计 80,813 辆； 本公司 2025 年 8 月新能源汽车动力电池及储能电池装机总量约为 23.175 GWh，2025 年累计装机总量约为 180.051 GWh。 务请注意，上述产、销量数字未经审核，亦未经本公司审计师确认，或会予以调整并有待最终确认。本公司刊发财务业绩后，股东及 潜在投资者务必详阅。
特此公告。 比亚迪股份有限公司董事会 2025 年 9 月 1 日",2025-09-02,巨潮资讯网,https://static.cninfo.com.cn/finalpage/2025-09-02/1224632702.PDF,accepted
GFEX-WR-20250903,announcement,广期所碳酸锂仓单日报：仓单增加2111手,广州期货交易所2025-09-03仓单日报显示，碳酸锂仓单总量为34118手，增加2111手。,2025-09-03,广州期货交易所,https://www.gfex.com.cn/gfex/cdrb/hqsj_tjsj.shtml,accepted
GFEX-WR-20250904,announcement,广期所碳酸锂仓单日报：仓单增加830手,广州期货交易所2025-09-04仓单日报显示，碳酸锂仓单总量为34948手，增加830手。,2025-09-04,广州期货交易所,https://www.gfex.com.cn/gfex/cdrb/hqsj_tjsj.shtml,accepted
GFEX-WR-20250905,announcement,广期所碳酸锂仓单日报：仓单增加1683手,广州期货交易所2025-09-05仓单日报显示，碳酸锂仓单总量为36631手，增加1683手。,2025-09-05,广州期货交易所,https://www.gfex.com.cn/gfex/cdrb/hqsj_tjsj.shtml,accepted
GFEX-WR-20250908,announcement,广期所碳酸锂仓单日报：仓单增加820手,广州期货交易所2025-09-08仓单日报显示，碳酸锂仓单总量为37451手，增加820手。,2025-09-08,广州期货交易所,https://www.gfex.com.cn/gfex/cdrb/hqsj_tjsj.shtml,accepted
CNINFO-300390-1224658106,announcement,关于公司收购苏州天华时代新能源产业投资有限责任公司75%的股权暨关联交易的公告,"证券代码：300390 证券简称：天华新能 公告编号：2025-048 苏州天华新能源科技股份有限公司 关于公司收购苏州天华时代新能源产业投资有限责任公司 75%的股权暨关联交易的公告  重要内容提示 1、本次交易构成关联交易，不构成《上市公司重大资产重组管理办法》规 定的重大资产重组，根据《深圳证券交易所创业板股票上市规则》、《深圳证券交 易所上市公司自律监管指引第 2 号——创业板上市公司规范运作》以及《公司章 程》等相关规定，本次交易由公司董事会审议通过后，尚需提交股东大会审议。 2、本次交易拟取得苏州天华时代新能源产业投资有限责任公司 75%股权， 该公司聚焦海外锂矿资源投资和开发，相关锂矿资源的投资和开发存在不确定性。 本次交易有利于公司长远发展布局和未来经济效益提升，对公司 2025 年度报告 期的营业收入、净利润预计不会构成重大不利影响。 一、关联交易概述 1、苏州天华新能源科技股份有限公司（以下简称“公司”或“天华新能”）与 裴振华先生拟签署《关于苏州天华时代新能源产业投资有限责任公司之股权收购 协议》，公司拟收购裴振华先生持有的苏州天华时代新能源产业投资有限责任公 司（以下简称“苏州天华时代”或“标的公司”）75%的股权。 2、本次交易对方裴振华先生为公司控股股东、实际控制人、董事长，根据 《深圳证券交易所创业板股票上市规则》等相关规定，裴振华先生为公司关联人， 本次交易构成关联交易。 3、根据《深圳证券交易所创业板股票上市规则》、《深圳证券交易所上市公 司自律监管指引第 2 号——创业板上市公司规范运作》以及《公司章程》等相关 本公司及董事会全体成员保证信息披露的内容真实、准确、完整，没有虚假 记载、误导性陈述或重大遗漏。
规定，本次交易由公司董事会审议通过后，尚需提交股东大会审议。 4、本次交易不构成《上市公司重大资产重组管理办法》规定的重大资产重 组，不构成重组上市，无需有关部门批准。 5、本次交易前，苏州天华时代股权结构如下： 序号 名称 出资额（万元） 出资比例 出资方式 1 裴振华 120,000 75% 货币 2 宁德时代新能源科技 股份有限公司（以下 简称“宁德时代”） 40,000 25% 货币 合计 160,000 100% -- 本次交易完成后，苏州天华时代股权结构如下： 序号 名称 出资额（万元） 出资比例 出资方式 1 天华新能 120,000 75% 货币 2 宁德时代 40,000 25% 货币 合计 160,000 100% -- 二、关联方基本情况 本次交易的交易对方为公司控股股东、实际控制人、董事长裴振华先生，基 本情况如下： （1）姓名：裴振华，中国国籍，身份证号码：3202031959********，住址： 江苏省苏州市沧浪区**********。 （2）裴振华先生为公司控股股东、实际控制人、董事长，根据《深圳证券 交易所创业板股票上市规则》第 7.2.5 条的规定，裴振华先生为公司关联自然人， 本次交易构成关联交易。 （3）裴振华先生不属于失信被执行人。 三、交易标的基本情况 1、标的公司概况
名称：苏州天华时代新能源产业投资有限责任公司 统一社会信用代码：91320594MA26XYXJ4T 注册资本：160,000 万人民币 企业类型：有限责任公司（自然人投资或控股） 成立日期：2021 年 8 月 27 日 法定代表人：裴振华 注册地址：中国（江苏）自由贸易试验区苏州片区苏州工业园区旺墩路 269 号星座商务广场 1 幢 3201 室 经营范围：一般项目：以自有资金从事投资活动；金属矿石销售；货物进出 口；技术进出口；进出口代理；技术服务、技术开发、技术咨询、技术交流、技 术转让、技术推广（除依法须经批准的项目外，凭营业执照依法自主开展经营活 动） 2、标的公司主要财务数据 单位：万元 主要财务指标 2025 年 6 月 30 日/2025 年 1-6 月（经审计） 总资产 181,639.61 净资产 167,119.82 营业收入 0 净利润 8,643.70 注：标的公司净利润主要为其他应收款计提的坏账准备冲回和闲置资金理财收益。 3、标的公司不存在为他人提供担保、财务资助行为；标的公司不涉及诉讼 与仲裁事项；标的公司不是失信被执行人。 4、标的公司主要从事锂矿资源的投资与开发，截至本公告披露日，标的公 司的相关投资存在较大不确定性，提醒广大投资者注意投资风险。 5、本次交易所涉股权权属清晰，不存在抵押、质押或者其他第三人权利， 不存在权属争议或纠纷、不涉及诉讼或仲裁事项，不存在查封、冻结等情形。 四、关联交易的定价政策及定价依据
根据中水致远资产评估有限公司以 2025 年 6 月 30 日为评估基准日出具的中 水致远评报字【2025】第 020689 号《资产评估报告》，苏州天华时代 100%股权 在交易基准日的评估价值为人民币 167,195.20 万元。经双方协商确认并同意，裴 振华先生拟将其在苏州天华时代 75%的股权（对应认缴出资额人民币 120,000 万 元，已全部实缴）以 125,396.40 万元的价格转让给公司。本次交易遵循公平、自 愿、合理的原则，符合法律、法规的规定，不存在损害公司及中小股东利益的情 形。 五、关联交易协议的主要内容 （一）签署各方 出让方：裴振华（“甲方”） 收购方：苏州天华新能源科技股份有限公司（“乙方”） 标的公司：苏州天华时代新能源产业投资有限责任公司（“丙方”） （二）转让标的、价款及支付 1、根据本协议所述之条款及条件，出让方同意向收购方出售其持有的标的 公司 75%的股权（对应标的公司 120,000 万元的注册资本，均已实缴），收购方 同意购买无任何权利负担的上述标的股权，包括所有现在和将来附属于该等股权 的权利和利益。 2、根据中水致远资产评估有限公司以 2025 年 6 月 30 日为评估基准日出具 的《资产评估报告》并经各方协商确认，本次出让的标的股权合计作价 125,396.40 万元，收购方应当向出让方支付 125,396.40 万元（下称“收购价款”）。前述收购 价款均为含税价款，本次股权收购过程中涉及的税费由各方依法负担，收购方依 法履行代扣代缴义务（如涉及）。 3、收购方应于交割日后的三十（30）个工作日内，向出让方支付全部股权 收购价款。 （三）交割后公司治理安排及承诺 1、交割完成后，标的公司成为收购方的控股子公司，其独立法人地位未发 生变化，标的公司员工的劳动关系将不发生变化。 2、标的公司的经营管理和重大事项的决策应符合其所适用的法律法规、监 管规则，同时作为天华新能的子公司，也应遵守其内部汇报、管理制度；如涉及
本协议或公司章程规定的相关由公司股东会、董事会、其他有权人士/机构决策 事项，依据天华新能的内部汇报及决策制度，应先内部汇报或内部汇报后由天华 新能有权机构决策的，未经汇报或未取得天华新能有权机构决策批准前，公司不 得擅自就相关事项做出决定。 3、各方同意，收购方应当聘请符合《中华人民共和国证券法》规定的会计 师事务所以 2027 年 12 月 31 日为基准日对标的股权进行减值测试，并出具专项 审核意见。如果标的股权存在减值，针对减值额，出让方应按照本次股权收购实 施之前的持股比例以现金方式对收购方进行补偿。标的股权的减值额应考虑收购 完成至 2027 年 12 月 31 日期间标的公司增资、减资、接受赠与以及利润分配的 影响，且若标的股权的减值系因交割后收购方的经营行为导致的，出让方不承担 责任。 4、出让方应在专项审核意见及减值测试结果正式出具后三十（30）个工作 日内对收购方进行一次性现金补偿，未能按照约定日期支付的，每逾期一天应按 照未支付补偿金额的万分之一向收购方支付逾期违约金。 （四）协议的生效、变更和解除 1、本协议自各方中的甲方签字，乙方、丙方的法定代表人或授权代表签字 并盖章后成立，自标的公司股东会、收购方股东大会审议通过后生效。 2、经本协议各方协商一致，可以对本协议进行修改或变更。任何修改或变 更必须经本协议各方签署及有权机关审议通过后生效。 （五）法律适用和争议解决 1、本协议的订立、效力、解释、履行和争议的解决应受中国法律的管辖， 并依其解释。 2、凡因执行本协议所发生的或与本协议有关的一切争议，各方应通过友好 协商解决。若任何争议无法在争议发生后十五（15）个工作日内通过协商解决， 则任何一方有权将该争议提交本协议签署地有管辖权的人民法院诉讼解决。 3、争议解决及诉讼期间，各方继续拥有各自在本协议项下的其他权利并应 继续履行其在本协议下的相应义务。 六、交易目的和对公司的影响 公司拟通过本次收购，将实际控制人在锂矿资源的投资和开发转至上市公司
体内，并消除潜在同业竞争风险。 本次股权收购暨关联交易事项遵循了公平、自愿、合理的原则，定价公允、 结算方式合理，不存在向关联方输送利益的情形，不存在损害公司及股东利益的 情形，对公司未来财务状况、经营成果无不利影响。 七、该关联交易履行的审议程序 1、独立董事专门会议审议情况 2025 年 9 月 10 日，公司召开第六届董事会独立董事 2025 年第四次专门会 议，审议通过《关于公司收购苏州天华时代新能源产业投资有限责任公司 75% 的股权暨关联交易的议案》。全体独立董事一致同意该议案，并发表审核意见如 下： 公司本次股权收购暨关联交易事项遵循了公平、自愿、合理的原则，定价公 允、结算方式合理，不存在向关联方输送利益的情形，不存在损害公司及股东利 益的情形。我们同意上述关联交易事项并同意提交至公司第六届董事会第二十七 次会议审议。 2、董事会表决情况 2025 年 9 月 12 日，公司以现场表决方式召开的第六届董事会第二十七次会 议对上述股权收购暨关联交易事项进行了审议，关联董事裴振华、费赟超回避表 决，其余非关联董事一致同意该项议案。 3、监事会表决情况 2025 年 9 月 12 日，公司召开第六届监事会第十九次会议对上述事项进行了 审议，监事会认为公司本次股权收购暨关联交易事项定价公允、结算方式合理， 对公司未来财务状况、经营成果无不利影响，议案审议程序合法有效，不存在损 害公司及股东利益的情形。全体监事一致同意该项议案。 4、本次股权收购暨关联交易事项，尚需提交公司股东大会审议。 八、2025 年年初至披露日与本次交易关联人累计已发生的各类关联交易的 总金额
自 2025 年 1 月 1 日起至本公告披露日，除按照公司薪酬管理制度向董事长 裴振华先生发放薪酬外，公司与裴振华先生未发生其他关联交易。 九、备查文件 1、公司第六届董事会独立董事 2025 年第四次专门会议决议； 2、公司第六届董事会第二十七次会议决议； 3、公司第六届监事会第十九次会议决议； 4、相关方签署的《关于苏州天华时代新能源产业投资有限责任公司之股权 收购协议》。 特此公告。 苏州天华新能源科技股份有限公司董事会 2025 年 9 月 12 日",2025-09-13,巨潮资讯网,https://static.cninfo.com.cn/finalpage/2025-09-13/1224658106.PDF,accepted
LC-TEXT-0022,policy,关于2026—2027年减免车辆购置税新能源汽车产品技术要求的公告_国务院部门文件_中国政府网,"关于2026—2027年减免车辆购置税新能源汽车产品技术要求的公告_国务院部门文件_中国政府网 
 首页 
 | 
 简 
 | 
 繁 
 | 
 EN 
 | 
 登录 
 个人中心 
 退出 
 | 
 邮箱 
 | 
 无障碍 
 EN 
 https://www.gov.cn/ 
 首页  >  政策  >  国务院政策文件库  > 国务院部门文件
 字号： 默认 
 大 
 超大 
 | 
 打印 
 收藏 
 | 
 标    题： 
 关于2026—2027年减免车辆购置税新能源汽车产品技术要求的公告 
 发文机关： 
 工业和信息化部 财政部 税务总局 
 发文字号： 
 2025年第24号 
 来    源： 
 工业和信息化部网站 
 主题分类： 
 工业、交通\机械制造与重工业 
 公文种类： 
 公告 
 成文日期： 
 2025年09月22日 
 标       题： 
 关于2026—2027年减免车辆购置税新能源汽车产品技术要求的公告
 发文机关： 工业和信息化部 财政部 税务总局 
 发文字号： 2025年第24号 
 来       源： 工业和信息化部网站 
 主题分类： 工业、交通\机械制造与重工业 
 公文种类： 公告 
 成文日期： 2025年09月22日 
 关于2026—2027年减免车辆购置税新能源汽车产品技术要求的公告 2025年第24号 根据《关于延续和优化新能源汽车车辆购置税减免政策的公告》（财政部 税务总局 工业和信息化部公告2023年第10号），结合新能源汽车技术进步、标准体系发展和车型变化情况，现就2026—2027年减免车辆购置税新能源汽车产品技术要求有关事项公告如下： 一、纯电动乘用车有关技术要求调整如下：纯电动乘用车百公里电能消耗量应不高于《电动汽车能量消耗量限值 第1部分：乘用车》（GB 36980.1—2025）对应车型的电能消耗量限值。最大设计总质量超过3500kg的乘用车电能消耗量限值要求，参照GB 36980.1—2025中最大设计总质量为3500kg乘用车电能消耗量限值执行。 二、插电式（含增程式）混合动力乘用车有关技术要求调整如下： （一）插电式（含增程式）混合动力乘用车纯电动续驶里程应满足有条件的等效全电里程不低于100公里。 （二）插电式（含增程式）混合动力乘用车电量保持模式试验的燃料消耗量（不含电能转化的燃料消耗量）与《乘用车燃料消耗量限值》（GB 19578—2024）中对应车型的燃料消耗量限值相比：整备质量为2510kg以下的乘用车，应小于70%；整备质量为2510kg及以上的乘用车，应小于75%；最大设计总质量超过3500kg的乘用车燃料消耗量限值要求，参照GB 19578—2024中最大设计总质量为3500kg乘用车燃料消耗量限值执行。非汽柴油插电式（含增程式）混合动力乘用车燃料消耗量不作要求。 （三）插电式（含增程式）混合动力乘用车电量消耗模式试验的电能消耗量与《电动汽车能量消耗量限值 第1部分：乘用车》（GB 36980.1—2025）中对应车型的电能消耗量限值相比：整备质量为2510kg以下的乘用车，应小于140%；整备质量为2510kg及以上的乘用车，应小于145%；最大设计总质量超过3500kg的乘用车电能消耗量限值要求，参照GB 36980.1—2025中最大设计总质量为3500kg乘用车电能消耗量限值执行。 三、其他技术要求继续按照《关于调整减免车辆购置税新能源汽车产品技术要求的公告》（工业和信息化部 财政部 税务总局公告2023年第32号）规定执行。 四、2026年1月1日起，列入《减免车辆购置税的新能源汽车车型目录》（以下简称《减免税目录》）的车型，需符合本公告要求；2025年12月31日前已列入《减免税目录》且符合本公告技术要求的车型，自动转入2026年第1期《减免税目录》，不符合要求的车型将从《减免税目录》中撤销。不符合本公告要求、拟列入2026年第1期《减免税目录》的车型，应在2025年12月12日之前完成申报。被撤销的车型，可重新申请列入《减免税目录》。 五、2026年1月1日（含）起，在2026年及以后生效的《减免税目录》发布后，购置列入《减免税目录》的新能源汽车，可按规定享受车辆购置税减免政策。税务机关依据《减免税目录》、减免税标识以及办理车辆购置税纳税申报所需要提供的其他资料，办理车辆购置税减税手续。 特此公告。 工业和信息化部 财政部 税务总局 2025年9月22日 
 关于2026—2027年减免车辆购置税新能源汽车产品技术要求的公告 2025年第24号 根据《关于延续和优化新能源汽车车辆购置税减免政策的公告》（财政部 税务总局 工业和信息化部公告2023年第10号），结合新能源汽车技术进步、标准体系发展和车型变化情况，现就2026—2027年减免车辆购置税新能源汽车产品技术要求有关事项公告如下： 一、纯电动乘用车有关技术要求调整如下：纯电动乘用车百公里电能消耗量应不高于《电动汽车能量消耗量限值 第1部分：乘用车》（GB 36980.1—2025）对应车型的电能消耗量限值。最大设计总质量超过3500kg的乘用车电能消耗量限值要求，参照GB 36980.1—2025中最大设计总质量为3500kg乘用车电能消耗量限值执行。 二、插电式（含增程式）混合动力乘用车有关技术要求调整如下： （一）插电式（含增程式）混合动力乘用车纯电动续驶里程应满足有条件的等效全电里程不低于100公里。 （二）插电式（含增程式）混合动力乘用车电量保持模式试验的燃料消耗量（不含电能转化的燃料消耗量）与《乘用车燃料消耗量限值》（GB 19578—2024）中对应车型的燃料消耗量限值相比：整备质量为2510kg以下的乘用车，应小于70%；整备质量为2510kg及以上的乘用车，应小于75%；最大设计总质量超过3500kg的乘用车燃料消耗量限值要求，参照GB 19578—2024中最大设计总质量为3500kg乘用车燃料消耗量限值执行。非汽柴油插电式（含增程式）混合动力乘用车燃料消耗量不作要求。 （三）插电式（含增程式）混合动力乘用车电量消耗模式试验的电能消耗量与《电动汽车能量消耗量限值 第1部分：乘用车》（GB 36980.1—2025）中对应车型的电能消耗量限值相比：整备质量为2510kg以下的乘用车，应小于140%；整备质量为2510kg及以上的乘用车，应小于145%；最大设计总质量超过3500kg的乘用车电能消耗量限值要求，参照GB 36980.1—2025中最大设计总质量为3500kg乘用车电能消耗量限值执行。 三、其他技术要求继续按照《关于调整减免车辆购置税新能源汽车产品技术要求的公告》（工业和信息化部 财政部 税务总局公告2023年第32号）规定执行。 四、2026年1月1日起，列入《减免车辆购置税的新能源汽车车型目录》（以下简称《减免税目录》）的车型，需符合本公告要求；2025年12月31日前已列入《减免税目录》且符合本公告技术要求的车型，自动转入2026年第1期《减免税目录》，不符合要求的车型将从《减免税目录》中撤销。不符合本公告要求、拟列入2026年第1期《减免税目录》的车型，应在2025年12月12日之前完成申报。被撤销的车型，可重新申请列入《减免税目录》。 五、2026年1月1日（含）起，在2026年及以后生效的《减免税目录》发布后，购置列入《减免税目录》的新能源汽车，可按规定享受车辆购置税减免政策。税务机关依据《减免税目录》、减免税标识以及办理车辆购置税纳税申报所需要提供的其他资料，办理车辆购置税减税手续。 特此公告。 工业和信息化部 财政部 税务总局 2025年9月22日 
 链接： 
 全国人大 
 | 
 全国政协 
 | 
 国家监察委员会 
 | 
 最高人民法院 
 | 
 最高人民检察院 
 国务院部门网站 
 | 
 地方政府网站 
 | 
 驻港澳机构网站 
 | 
 驻外机构 
 中国政府网 
 | 
 关于本网 
 | 
 网站声明 
 | 
 联系我们 
 | 
 网站纠错 
 主办单位：国务院办公厅　运行维护单位：中国政府网运行中心 
 版权所有：中国政府网　中文域名： 中国政府网.政务 
 网站标识码bm01000001　 京ICP备05070218号 　 京公网安备11010202000001号 
 国务院客户端 
 国务院客户端小程序 
 中国政府网微博、微信 
 电脑版 
 客户端 
 小程序 
 微博 
 微信 
 邮箱 
 退出 
 注册 
 登录 
 网站纠错 
 主办单位：国务院办公厅　运行维护单位：中国政府网运行中心 
 版权所有：中国政府网　中文域名： 中国政府网.政务 
 网站标识码bm01000001 
 京ICP备05070218号　京公网安备11010202000001号 
 回到顶部 
 登录 
 注册 
 × 
 × 
 × 
 关于2026—2027年减免车辆购置税新能源汽车产品技术要求的公告 
 根据《关于延续和优化新能源汽车车辆购置税减免政策的公告》，结合新能源汽车技术进步、标准体系发展和车型变化情况，现就2026—2027年减免车辆购置税新能源汽车产品技术要求有关事项公告如下。",2025-09-22,中国政府网,https://www.gov.cn/zhengce/zhengceku/202510/content_7053638.htm,accepted
CNINFO-002240-1224674863,announcement,关于全资子公司收购启成矿业股权暨增加与关联方共同投资的公告,"证券代码：002240 证券简称：盛新锂能 公告编号：2025-057 盛新锂能集团股份有限公司 关于全资子公司收购启成矿业股权暨增加与关联方共 同投资的公告 本公司及董事会全体成员保证信息披露内容的真实、准确和完整，没有虚 假记载、误导性陈述或重大遗漏。 特别提示： 1、盛新锂能集团股份有限公司（以下简称“公司”或“盛新锂能”）拟通 过全资子公司四川盛屯锂业有限公司（以下简称“盛屯锂业”）以现金人民币 145,600.00万元收购四川启成矿业有限公司（以下简称“启成矿业”或“标的公 司”）21%股权，本次交易完成后，公司将直接持有启成矿业70%股权，启成矿 业及其控股子公司雅江县惠绒矿业有限责任公司（以下简称“惠绒矿业”）将纳 入公司合并报表范围。 2、本次交易已经公司第八届董事会第二十二次会议审议通过。本次交易对 方四川泰宸矿业有限公司（以下简称“泰宸矿业”）不构成公司的关联方，因此 本次股权收购事项不构成关联交易。本次股权收购完成后，公司将增加与关联方 的共同投资，本次增加关联共同投资事项构成关联交易，尚需获得股东大会的批 准，与该关联交易有利害关系的关联人将回避表决。本次交易不构成《上市公司 重大资产重组管理办法》规定的重大资产重组。 3、本次交易的对价款公司以自有或自筹资金进行支付，本次交易会使公司 现金流产生一定的净流出，但不会对公司正常生产经营、财务稳定性和流动性产 生重大不利影响。 4、本次交易的评估值较历史交易评估值有所增加，主要系标的公司下属锂 矿探明的资源量增加、采矿权证的获得以及矿山开采方案的优化和确定性增强， 具体内容详见本公告“五、交易标的评估和定价情况”。 5、本次交易存在一定风险，包括与矿业权相关的风险、与公司经营相关的 风险以及其他风险，具体内容详见本公告“十二、本次交易的风险提示”。
敬请广大投资者注意投资风险。 公司于 2025 年 9 月 22 日召开第八届董事会第二十二次会议，审议通过了《关 于全资子公司收购启成矿业股权暨增加与关联方共同投资的议案》，具体情况如 下： 一、本次收购股权暨增加与关联方共同投资事项概述 1、启成矿业为公司全资子公司盛屯锂业的参股公司，盛屯锂业和泰宸矿业 分别持有启成矿业 49%和 51%股权。启成矿业控股子公司惠绒矿业拥有木绒锂 矿的采矿权证，木绒锂矿已查明 Li2O 资源量 98.96 万吨，平均品位 1.62%，为四 川地区锂矿品位最高的矿山之一，生产规模为 300 万吨/年，目前正在积极推进 矿山开发建设。本次交易完成前，标的公司启成矿业及其控股子公司惠绒矿业的 股权结构如下： 随着公司锂盐产能的持续增加，为进一步增强公司锂矿资源的供应保障能力， 持续提升锂矿原料的自给率，公司拟通过全资子公司盛屯锂业与泰宸矿业签署 《股权转让协议》，盛屯锂业以 145,600.00 万元受让泰宸矿业持有的启成矿业 21%股权。上述交易完成后，盛屯锂业将持有启成矿业 70%股权，并间接控制惠 绒矿业。 2、本次股权收购事项不构成关联交易。本次交易完成后，启成矿业将成为 公司控股子公司，公司子公司盛屯锂业和启成矿业分别持有惠绒矿业 15.10%和 70.97%股权，厦门创益盛屯新能源产业投资合伙企业（有限合伙）（以下简称“厦 门创益”）持有惠绒矿业剩余 13.93%股权。公司控股股东深圳盛屯集团有限公司 （以下简称“盛屯集团”）及其子公司（除盛新锂能及其子公司外）合计对厦门 创益的出资份额为 10 亿元，占其出资总额的 33.33%，且盛屯集团全资子公司厦
门盛屯天宇私募基金管理有限公司为厦门创益的执行事务合伙人、基金管理人， 根据《深圳证券交易所股票上市规则》等相关规定，厦门创益为公司关联方，本 次股权收购完成后，公司将增加与关联方厦门创益的共同投资，本次增加关联共 同投资事项构成关联交易。 3、2025 年 9 月 22 日，公司召开第八届董事会第二十二次会议，以 7 票同 意、关联董事姚婧女士和李凯先生回避表决、0 票反对、0 票弃权的表决结果审 议通过了《关于全资子公司收购启成矿业股权暨增加与关联方共同投资的议案》。 公司独立董事召开第八届独立董事第七次专门会议审议通过了上述议案。本次交 易系公司购买非关联人所持启成矿业的股权而增加与关联方厦门创益在惠绒矿 业的共同投资金额，需要以交易金额作为计算标准适用《深圳证券交易所股票上 市规则》关于关联交易的相关规定，根据本次交易金额及公司连续十二个月内与 关联方累计已发生的关联交易金额，本次交易尚需获得股东大会的批准，与该关 联交易有利害关系的关联人将回避表决。 4、本次交易不构成《上市公司重大资产重组管理办法》规定的重大资产重 组，亦不构成重组上市。本次交易不需要经过有关部门批准。 二、交易对方的基本情况 1、基本情况 公司名称：四川泰宸矿业有限公司 注册地址：四川省成都市双流区彭镇国芯大道 388 号 5 栋 419 号（A6-5-419） 企业类型：有限责任公司(自然人独资) 统一社会信用代码：91510116MAD2L9AH40 成立日期：2023 年 10 月 26 日 法定代表人：高莹 注册资本：100 万元人民币 经营范围：一般项目：国内贸易代理；金属矿石销售；金属材料销售；金属 制品销售。（除依法须经批准的项目外，凭营业执照依法自主开展经营活动） 主营业务：泰宸矿业除拥有启成矿业 51%股权外，无实质经营业务。 股东情况：自然人高莹持有其 100%的股权。 2、公司本次收购泰宸矿业持有的启成矿业 21%股权事项不构成关联交易。
公司在日常生产经营中，向高莹间接控股的四川省什邡市金诺金属有限公司采购 了生产辅料硫酸，除该等交易以及与投资标的公司股权相关交易之外，公司与高 莹及其控制的相关企业未发生其他交易。除此之外，泰宸矿业及其实际控制人高 莹与公司、盛屯锂业及公司前十名股东不存在产权、业务、资产、债权债务、人 员等方面的其他关系以及其他可能或已经造成公司对其利益倾斜的其他关系。 3、经查询，截至本公告披露日，泰宸矿业不是失信被执行人。 三、关联方基本情况 1、基本情况 公司名称：厦门创益盛屯新能源产业投资合伙企业（有限合伙） 统一社会信用代码：91350203MA8T481H7F 企业类型：有限合伙企业 住所：厦门市翔安区莲亭路 827 号 309-2 单元 成立日期：2021 年 4 月 30 日 认缴出资总额：300,000 万元人民币 执行事务合伙人：国投创益产业基金管理有限公司、厦门盛屯天宇私募基金 管理有限公司 经营范围：一般项目：以自有资金从事投资活动。（除依法须经批准的项目 外，凭营业执照依法自主开展经营活动） 出资人情况：
2、历史沿革、主要业务及主要财务数据 厦门创益于 2021 年 4 月 30 日成立，已在中国证券投资基金业协会备案。厦 门创益的主要投资方向为新能源汽车产业链的优质企业，包括上游锂资源、锂电 材料、中游电池以及下游整车等；且主要投资于服务乡村振兴战略的企业。 2024 年，厦门创益实现营业收入 0 元、营业利润 4,736.97 万元、净利润 4,736.97 万元（经审计）；截至 2024 年末，厦门创益资产总额 316,048.69 万元、 负债总额 24.06 万元、合伙人权益合计 316,024.63 万元（经审计）。 3、公司控股股东盛屯集团及其子公司（除盛新锂能及其子公司外）合计对 厦门创益的出资份额为 10 亿元，占其出资总额的 33.33%，且盛屯集团全资子公 司厦门盛屯天宇私募基金管理有限公司为厦门创益的执行事务合伙人、基金管理 人，根据《深圳证券交易所股票上市规则》等相关规定，厦门创益为公司关联方。 4、经查询，截至本公告披露日，厦门创益不是失信被执行人。 四、标的公司基本情况 1、标的公司基本情况 公司名称：四川启成矿业有限公司 成立日期：2020 年 12 月 8 日 统一社会信用代码：91510116MA680U4B2W 企业类型：其他有限责任公司 注册资本：90,924.0076 万元人民币 住所：四川省成都市双流区东升街道成双大道南段 669 号 经营范围：一般项目：国内贸易代理；金属材料销售；金属制品销售（除依 法须经批准的项目外，凭营业执照依法自主开展经营活动）。 股权结构：本次交易前，盛屯锂业和泰宸矿业分别持有启成矿业 49%和 51% 股权。 截至本公告披露日，启成矿业未有实质生产经营活动，其主要资产为控股子 公司惠绒矿业持有四川省雅江县木绒锂矿的采矿权，木绒锂矿已于 2024 年 10 月 17 日取得自然资源部颁发的采矿许可证，生产规模为 300 万吨/年，目前正在 积极推进矿山开发建设。 2、标的公司主要财务数据
启成矿业最近一年又一期主要财务数据如下： 单位：万元 项目 2025 年 8 月 31 日（经审计） 2024 年 12 月 31 日（经审计） 资产总额 230,197.24 244,115.37 负债总额 18,445.61 16,868.65 净资产 211,751.63 227,246.72 项目 2025 年 1-8 月（经审计） 2024 年（经审计） 营业收入 0 0 营业利润 -12,027.68 4,095.98 净利润 -15,495.10 3,531.42 经营活动产生的现金流量净额 7,479.73 4,437.16 注：以上财务数据为合并报表口径。 3、本次交易标的为启成矿业 21%股权，该标的不存在抵押、质押，也不存 在重大争议、诉讼或仲裁事项、查封、冻结等司法措施等情况。 4、标的公司间接拥有的矿业权情况 （1）启成矿业的控股子公司惠绒矿业目前拥有 1 项采矿权，位于四川省甘 孜藏族自治州雅江县。根据四川省矿产资源储量评审中心 2023 年 8 月出具的《< 四川省雅江县木绒矿区锂矿勘探报告>矿产资源储量评审意见书》（川矿评储 [2023]25 号），探矿权内 I、II 号矿体总计探明的资源情况为：（探明+控制+推断） 矿石资源量 6,109.5 万吨，金属氧化物量：Li2O 989,636 吨，平均品位 1.62%； Nb2O5 5,888 吨，平均品位 0.01%；Ta2O5 3,013 吨，平均品位 0.005%。 惠绒矿业已于 2024 年 10 月 17 日取得了自然资源部颁发的采矿许可证，证 号：C1000002024105218000723；矿区面积：0.5978 平方公里；开采矿种：锂矿、 铌、钽；生产规模：300 万吨/年；有效期限：贰拾肆年，自 2024 年 9 月 5 日至 2048 年 9 月 5 日。 木绒锂矿平均品位 1.62%，为四川地区锂矿品位最高的矿山之一，目前正在 积极推进该矿山开发建设。 （2）惠绒矿业子公司成都惠绒矿业有限公司的全资孙公司阿坝州安泰矿业 有限公司（以下简称“安泰矿业”）目前拥有 1 项采矿权，位于四川省阿坝州金 川县观音桥镇，截至 2017 年 11 月底，观音桥锂辉石矿累计查明锂辉石矿石资源 /储量（122b+332+333）210.64 万吨，Li2O 金属量（122b+332+333）24,970 吨；
保有锂辉石矿石资源/储量（332+333）79.53 万吨，Li2O 金属量（332+333）8,992 吨。 安泰矿业已于 2009 年 1 月 1 日取得了阿坝藏族羌族自治州国土资源局颁发 的采矿许可证，证号：5132000911203；矿区面积：0.0716 平方公里；开采矿种： 锂矿、（铌矿、钽矿、铍矿、锡矿）；生产规模：4.5 万吨/年；有效期限：壹拾年， 自 2009 年 1 月 1 日至 2019 年 1 月 1 日。安泰矿业目前正在积极办理该采矿权的 延期手续。 5、标的公司及其核心资产的历史沿革 启成矿业于 2020 年 12 月 8 日成立，注册资本 5,000 万元，分别由彭艳朝、 袁大为出资 3,500 万元和 1,500 万元。 序号 启成矿业股东名称 注册资本（万元） 占总股本比例 1 彭艳朝 3500 70% 2 袁大为 1500 30% 合计 5000 100.00% 2020 年 12 月，彭艳朝、盛屯锂业、厦门道合智联投资合伙企业（有限合伙） （以下简称“道合智联”）分别向启成矿业增资，分别认缴注册资本 9,000 万元、 5,000 万元和 6,000 万元，合计增加注册资本 2 亿元，启成矿业注册资本由 5,000 万元增加至 2.5 亿元。 序号 启成矿业股东名称 注册资本（万元） 占总股本比例 1 彭艳朝 12500 50% 2 道合智联 6000 24% 3 盛屯锂业 5000 20% 4 袁大为 1500 6% 合计 25000 100.00% 2021 年 1 月，彭艳朝、袁大为分别将启成矿业 50%股权、6%股权转让给四 川志星矿业合伙企业（有限合伙）（以下简称“四川志星”）。同月，福建华闽进 出口有限公司向启成矿业增资，认缴注册资本 8,000 万元，启成矿业注册资本从 2.5 亿元增加至 3.3 亿元。 序号 启成矿业股东名称 注册资本（万元） 占总股本比例 1 四川志星 14000 42.42% 2 福建华闽 8000 24.24%
3 道合智联 6000 18.18% 4 盛屯锂业 5000 15.15% 合计 33000 100.00% 2021 年 2 月，道合智联、四川志星和福建省诚心合一控股有限公司（以下 简称“诚心合一”）分别向启成矿业增资，分别认缴注册资本 1 亿元、5,000 万元 和 2,000 万元，合计增加注册资本 1.7 亿元，启成矿业注册资本从 3.3 亿元增加 至 5.0 亿元。 序号 启成矿业股东名称 注册资本（万元） 占总股本比例 1 四川志星 19000 38% 2 道合智联 16000 32% 3 福建华闽 8000 16% 4 盛屯锂业 5000 10% 5 诚心合一 2000 4% 合计 50000 100.00% 2021 年 4 月，四川志星、道合智联分别将持有的启成矿业 6%股权和 4%股 权转让给盛屯锂业。 序号 启成矿业股东名称 注册资本（万元） 占总股本比例 1 四川志星 16000 32% 2 道合智联 14000 28% 3 盛屯锂业 10000 20% 4 福建华闽 8000 16% 5 诚心合一 2000 4% 合计 50000 100.00% 2021 年 6 月，南京瑞椿向启成矿业增资，认缴注册资本 33,333.3333 万元， 启成矿业注册资本从 50,000 万元增加至 83,333.3333 万元。 序号 启成矿业股东名称 注册资本（万元） 占总股本比例 1 南京瑞椿 33333.3333 40% 2 四川志星 16000 19.2% 3 道合智联 14000 16.8% 4 盛屯锂业 10000 12% 5 福建华闽 8000 9.6% 6 诚心合一 2000 2.4%",2025-09-23,巨潮资讯网,https://static.cninfo.com.cn/finalpage/2025-09-23/1224674863.PDF,accepted
CNINFO-000762-1224680350,announcement,关于西藏扎布耶盐湖绿色综合开发利用万吨电池级碳酸锂项目的进展公告,"股票代码：000762 股票简称：西藏矿业 编号：临 2025-004 西藏矿业发展股份有限公司 关于西藏扎布耶盐湖绿色综合开发利用万吨电池级碳 酸锂项目的进展公告 本公司及董事会全体成员保证信息披露的内容真实、准确、完整，没有虚假记载、误导性陈述或重大遗 漏。 西藏矿业发展股份有限公司（以下简称“公司”）于 2021 年 8 月 27 日披露了《关于西藏扎布耶盐湖绿色综合开发利用 万吨电池级碳酸锂项目的公告》（编号:2021-055），2023 年 11 月 21 日披露了《关于西藏扎布耶盐湖绿色综合开发利 用 万吨 电 池级 碳酸 锂 项目 建 设的 进展 公 告》 （ 编号 ： 临 2023-023）,2024 年 7 月 1 日披露了《关于西藏扎布耶盐湖绿 色综合开发利用万吨电池级碳酸锂项目的进展公告》（编号： 临 2024-003）。 该项目属于大型工业装置，系全球首套采用膜分离+MVR 盐湖提锂工艺的项目，涉及较为复杂的技术调试、环境适配 和产品验证等，同时地处高寒地带，面临艰苦建设条件。经 全力奋战，项目于 2025 年 9 月 20 日至 24 日顺利完成 120 小 时的功能考核，标志着该项目正式投产。 公司将合规履行信息披露义务，敬请广大投资者注意投 资风险。 特此公告。 西藏矿业发展股份有限公司 董 事 会 2025 年 9 月 25 日",2025-09-26,巨潮资讯网,https://static.cninfo.com.cn/finalpage/2025-09-26/1224680350.PDF,accepted
CNINFO-000792-1224684751,announcement,关于4万吨/年基础锂盐一体化项目投料试车的公告,证券代码：000792 证券简称：盐湖股份 公告编号：2025-055 青海盐湖工业股份有限公司 关于 4 万吨/年基础锂盐一体化项目投料试车的公告 本公司及董事会全体成员保证信息披露的内容真实、准确、完整，没有虚 假记载、误导性陈述或重大遗漏。 为落实青海盐湖工业股份有限公司（以下简称“公司”）“十四五”生态 盐湖产业发展规划中“扩大锂”战略部署，公司此前启动投资建设 4 万吨/年基 础锂盐一体化项目（具体详见《关于投资新建 4 万吨/年基础锂盐一体化项目的 公告》，2022-038）。截至本公告披露日，该项目已基本建成，关键装置吸附提 锂装置试车产出合格液，纳滤反渗透系统完成膜安装及水联动，沉锂及公辅工程 完成核心设备单机试车，正式进入投料试车阶段并产出合格的电池级碳酸锂产品。 4 万吨/年基础锂盐一体化项目投料试车，将进一步提升公司锂盐产能规模， 增强公司锂盐产品市场竞争力、盈利能力和抗风险能力，为公司生态盐湖产业高 质量发展提供核心支撑，为盐湖可持续发展注入了强劲动力。 特此公告。 青海盐湖工业股份有限公司董事会 2025 年 9 月 29 日,2025-09-29,巨潮资讯网,https://static.cninfo.com.cn/finalpage/2025-09-29/1224684751.PDF,accepted
CNINFO-002594-1224697528,announcement,2025年9月产销快报,"证券代码：002594 证券简称：比亚迪 公告编号：2025-056 比亚迪股份有限公司 2025年9月产销快报 本公司及董事会全体成员保证信息披露的内容真实、准确、完整，没有虚假记载、误导性陈述或重大遗漏。 比亚迪股份有限公司(以下简称“本公司”)2025年9月产销快报数据如下： 单位：辆 产量 销量 项目类别 本月 去年同期 本年累计 去年累计 累计同比 本月 去年同期 本年累计 去年累计 累计同比 新能源汽车 405,554 441,052 3,213,569 2,760,910 16.40% 396,270 419,426 3,260,146 2,747,875 18.64% -乘用车 402,008 439,229 3,171,466 2,749,436 15.35% 393,060 417,603 3,218,862 2,736,401 17.63% -纯电动 204,838 170,267 1,578,176 1,172,848 34.56% 205,050 164,956 1,605,903 1,169,579 37.31% -插电式混合动力 197,170 268,962 1,593,290 1,576,588 1.06% 188,010 252,647 1,612,959 1,566,822 2.94% -商用车 3,546 1,823 42,103 11,474 266.94% 3,210 1,823 41,284 11,474 259.80% -客车 375 306 3,706 3,318 11.69% 375 306 3,706 3,318 11.69% -其他 3,171 1,517 38,397 8,156 370.78% 2,835 1,517 37,578 8,156 360.74% 合计 405,554 441,052 3,213,569 2,760,910 16.40% 396,270 419,426 3,260,146 2,747,875 18.64% 注：本公司 2025 年 9 月出口新能源汽车合计 71,256 辆； 本公司 2025 年 9 月新能源汽车动力电池及储能电池装机总量约为 23.200 GWh，2025 年累计装机总量约为 203.251 GWh。 务请注意，上述产、销量数字未经审核，亦未经本公司审计师确认，或会予以调整并有待最终确认。本公司刊发财务业绩后，股东及 潜在投资者务必详阅。
特此公告。 比亚迪股份有限公司董事会 2025 年 10 月 8 日",2025-10-09,巨潮资讯网,https://static.cninfo.com.cn/finalpage/2025-10-09/1224697528.PDF,accepted
LC-TEXT-0023,policy,关于2026—2027年减免车辆购置税新能源汽车产品技术要求的公告,"关于2026—2027年减免车辆购置税新能源汽车产品技术要求的公告 
 首页 > 
 政务公开 > 
 政策文件 > 
 文件发布 > 
 公告 
 发文机关： 工业和信息化部 财政部 税务总局 
 标　　题： 关于2026—2027年减免车辆购置税新能源汽车产品技术要求的公告 
 发文字号： 中华人民共和国工业和信息化部 财政部 税务总局公告2025年第24号 
 成文日期： 2025-09-22 
 发布日期： 2025-10-09 
 发布机构： 装备工业一司 
 分　　类： 产业政策 
 关于2026—2027年减免车辆购置税新能源汽车产品技术要求的公告 
 发布时间：2025-10-09 15:49 来源：装备工业一司 
 根据《关于延续和优化新能源汽车车辆购置税减免政策的公告》（财政部 税务总局 工业和信息化部公告2023年第10号），结合新能源汽车技术进步、标准体系发展和车型变化情况，现就2026—2027年减免车辆购置税新能源汽车产品技术要求有关事项公告如下： 一、纯电动乘用车有关技术要求调整如下：纯电动乘用车百公里电能消耗量应不高于《电动汽车能量消耗量限值 第1部分：乘用车》（GB 36980.1—2025）对应车型的电能消耗量限值。最大设计总质量超过3500kg的乘用车电能消耗量限值要求，参照GB 36980.1—2025中最大设计总质量为3500kg乘用车电能消耗量限值执行。 二、插电式（含增程式）混合动力乘用车有关技术要求调整如下： （一）插电式（含增程式）混合动力乘用车纯电动续驶里程应满足有条件的等效全电里程不低于100公里。 （二）插电式（含增程式）混合动力乘用车电量保持模式试验的燃料消耗量（不含电能转化的燃料消耗量）与《乘用车燃料消耗量限值》（GB 19578—2024）中对应车型的燃料消耗量限值相比：整备质量为2510kg以下的乘用车，应小于70%；整备质量为2510kg及以上的乘用车，应小于75%；最大设计总质量超过3500kg的乘用车燃料消耗量限值要求，参照GB 19578—2024中最大设计总质量为3500kg乘用车燃料消耗量限值执行。非汽柴油插电式（含增程式）混合动力乘用车燃料消耗量不作要求。 （三）插电式（含增程式）混合动力乘用车电量消耗模式试验的电能消耗量与《电动汽车能量消耗量限值 第1部分：乘用车》（GB 36980.1—2025）中对应车型的电能消耗量限值相比：整备质量为2510kg以下的乘用车，应小于140%；整备质量为2510kg及以上的乘用车，应小于145%；最大设计总质量超过3500kg的乘用车电能消耗量限值要求，参照GB 36980.1—2025中最大设计总质量为3500kg乘用车电能消耗量限值执行。 三、其他技术要求继续按照《关于调整减免车辆购置税新能源汽车产品技术要求的公告》（工业和信息化部 财政部 税务总局公告2023年第32号）规定执行。 四、2026年1月1日起，列入《减免车辆购置税的新能源汽车车型目录》（以下简称《减免税目录》）的车型，需符合本公告要求；2025年12月31日前已列入《减免税目录》且符合本公告技术要求的车型，自动转入2026年第1期《减免税目录》，不符合要求的车型将从《减免税目录》中撤销。不符合本公告要求、拟列入2026年第1期《减免税目录》的车型，应在2025年12月12日之前完成申报。被撤销的车型，可重新申请列入《减免税目录》。 五、2026年1月1日（含）起，在2026年及以后生效的《减免税目录》发布后，购置列入《减免税目录》的新能源汽车，可按规定享受车辆购置税减免政策。税务机关依据《减免税目录》、减免税标识以及办理车辆购置税纳税申报所需要提供的其他资料，办理车辆购置税减税手续。 特此公告。 工业和信息化部 财政部 税务总局 2025年9月22日 
 【返回顶部】 
 【关闭窗口】 
 【打印本页】",2025-10-09,工业和信息化部,https://www.miit.gov.cn/zwgk/zcwj/wjfb/gg/art/2025/art_cc2e2f43c220460f96b57405b49bae7c.html,accepted
CNINFO-000408-1224705558,announcement,关于藏格钾肥取得不动产权证书（采矿权）与采矿许可证的公告,"1 证券代码：000408 证券简称：藏格矿业 公告编号：2025-078 藏格矿业股份有限公司 关于藏格钾肥取得不动产权证书 （采矿权） 与采矿许可证的公告 近日，藏格矿业股份有限公司（以下简称“公司”）全资子公司格尔木藏格 钾肥有限公司 （以下简称 “藏格钾肥” ） 收到了中华人民共和国自然资源部颁发 的《不动产权证书（采矿权）》与《采矿许可证》。具体情况如下： 一、《不动产权证书（采矿权）》主要信息 1、证号：DC6300002010066120068127 2、 矿山名称：格尔木藏格钾肥有限公司察尔汗盐湖钾镁矿 3、矿山地址：青海省海西蒙古族藏族自治州格尔木市 4、面积：724.3493 平方公里 5、开采深度：由 2680 米至 2658 米标高 6、开采矿种：主矿种为钾盐，共伴生矿种为矿盐、镁盐、锂矿、硼矿 7、权利期限：2025 年 08 月 10 日至 2029 年 12 月 01 日 8、采矿权人：格尔木藏格钾肥有限公司（统一社会信用代码：9163000071 059531XC） 二、《采矿许可证》主要信息 1、证号：XC6300002010066120068127 2、采矿权人：格尔木藏格钾肥有限公司（统一社会信用代码：9163000071 059531XC） 3、单位地址：青海省海西州格尔木市昆仑南路 15-02 号 本公司及董事会全体成员保证信息披露的内容真实、准确、完整，没有虚 假记载、误导性陈述或重大遗漏。
2 4、企业类型：有限责任公司 5、矿山名称及地址：与《不动产权证书（采矿权）》一致 6、开采矿种：钾盐、矿盐、镁盐、锂矿、硼矿 7、开采方式：露天/地下 8、面积及有效期限：与《不动产权证书（采矿权）》一致 三、对公司的影响 本次藏格钾肥取得《不动产权证书（采矿权）》与《采矿许可证》，在延续 主矿种钾盐的基础上，新增矿盐、镁盐、锂矿、硼矿共伴生矿种，对公司意义重 大：1、保障钾盐长期开发，稳定氯化钾供应，助力国家粮食安全；2、明晰公司 开发锂资源的用益物权基础， 为盐湖提锂业务提供法定支撑， 助力新能源产业发 展；3、推动共伴生矿综合利用，最大化资源价值，增强公司核心竞争力。 四、风险提示 矿产资源开发利用受自然条件、 开采技术、 市场需求、 政策变化等因素影响， 预期效果存在不确定性，敬请投资者注意投资风险。 五、备查文件 1、《中华人民共和国不动产权证书（采矿权）》； 2、《中华人民共和国采矿许可证》。 特此公告。 藏格矿业股份有限公司董事会 2025年10月10日",2025-10-10,巨潮资讯网,https://static.cninfo.com.cn/finalpage/2025-10-10/1224705558.pdf,accepted
GFEX-WR-20251013,announcement,广期所碳酸锂仓单日报：仓单减少5951手,广州期货交易所2025-10-13仓单日报显示，碳酸锂仓单总量为36718手，减少5951手。,2025-10-13,广州期货交易所,https://www.gfex.com.cn/gfex/cdrb/hqsj_tjsj.shtml,accepted
CNINFO-000408-1224709769,announcement,关于子公司收到海西州自然资源局、海西州盐湖管理局《关于同意恢复锂资源开发利用活动的批复》的公告,"1 证券代码：000408 证券简称：藏格矿业 公告编号：2025-079 藏格矿业股份有限公司 关于子公司收到海西州自然资源局、海西州盐湖管理局 《关于同意恢复锂资源开发利用活动的批复》的公告 近日，藏格矿业股份有限公司（以下简称“公司”）全资子公司格尔木藏格 钾肥有限公司（以下简称“藏格钾肥”）收到海西州自然资源局、海西州盐湖管 理局下发的《关于同意恢复锂资源开发利用活动的批复》（西自然资〔2025〕312 号）（以下简称《批复》），该《批复》明确同意藏格钾肥恢复锂资源开发利用 活动。根据《批复》要求，公司全资子公司格尔木藏格锂业有限公司（以下简称 “藏格锂业”）于 2025 年 10 月 11 日正式复产。现将相关情况公告如下： 一、《批复》主要内容 鉴于藏格钾肥于 2025 年 9 月 30 日取得自然资源部颁发的不动产权利证书 (采矿权)和采矿许可证，完成增加锂矿矿种手续办理，现同意藏格钾肥依法依规 有序恢复锂资源开发利用活动。 二、前期临时停产背景 2025 年 7 月 16 日，藏格钾肥收到海西州自然资源局、海西州盐湖管理局下 发的《关于责令立即停止锂资源开发利用活动的通知》（西自然资〔2025〕213 号），藏格锂业按要求停产。相关详情见公司在巨潮资讯网（https://www.cninfo. com.cn）披露的《关于子公司收到海西州自然资源局、海西州盐湖管理局〈责令 立即停止锂资源开发利用活动通知〉的公告》（公告编号：2025-067）。 本公司及董事会全体成员保证信息披露的内容真实、准确、完整，没有虚 假记载、误导性陈述或重大遗漏。
2 三、前期临时停产期间工作安排 藏格锂业“停产不停班”，重点开展三项工作：对生产期间无法停机的关键 核心设备进行系统性检修保养，保障设备正常运行状态；实施吸附剂补填、设备 防腐、线路维护等专项工作，消除安全隐患；开展生产、工艺、设备等领域培训， 优化自动化控制系统，提升员工操作技能与整体生产效率。 四、本次临时停产对公司的影响 藏格锂业2025年计划实现碳酸锂产量11,000吨、销量11,000吨，上半年已实 现碳酸锂产量5,170吨、销量4,470吨。本次临时停产累计时长87天，公司将结合 2025年剩余有效生产时间，精准测算复产后可实现产量，并适时调整全年产销计 划。经初步估计，本次藏格锂业临时停产预计对公司2025年度经营业绩影响较小。 对此，公司将通过采取设备检修维护、提升设备运行稳定性，精准规划复产 安排、确保在有限时间内实现高效生产，关注客户需求变化、灵活调整销售策略， 降低单位产品生产成本、提升利润空间等措施，最大限度降低碳酸锂产销量下降 对公司经营业绩的影响。 五、备查文件 1、《关于同意格尔木藏格钾肥有限公司恢复锂资源开发利用活动的批复》。 特此公告。 藏格矿业股份有限公司董事会 2025年10月14日",2025-10-14,巨潮资讯网,https://static.cninfo.com.cn/finalpage/2025-10-14/1224709769.PDF,accepted
CNINFO-000792-1224708917,announcement,2025年三季度业绩预告,"证券代码：000792 证券简称：盐湖股份 公告编号：2025-056 青海盐湖工业股份有限公司 2025 年前三季度业绩预告 一、本期业绩预计情况 1.业绩预告期间：2025 年 1 月 1 日至 2025 年 9 月 30 日 2.预计的经营业绩：同向上升 项目 本报告期（2025 年 1 月 1 日至 2025 年 9 月 30 日） 上年同期（2024 年 1 月 1 日至 2024 年 9 月 30 日） 归属于上市公司 股东的净利润 盈利：430,000.00 万元–470,000.00 万元 盈利：314,125.07 万元 比上年同期增长：36.89%—49.62% 扣除非经常性损 益后的净利润 盈利：430,000.00 万元–470,000.00 万元 盈利：307,041.87 万元 比上年同期增长 40.05%—53.07% 基本每股收益 盈利：0.8100 元/股–0.8900 元/股 盈利：0.5936 元/股 其中，2025 年 7 月 1 日至 9 月 30 日业绩预计情况如下： 项目 本报告期（2025 年 7 月 1 日至 2025 年 9 月 30 日） 上年同期（2024 年 7 月 1 日至 2024 年 9 月 30 日） 归属于上市公司 股东的净利润 盈利：180,000.00 万元–220,000.00 万元 盈利：92,892.47 万元 比上年同期增长：93.77%—136.83% 扣除非经常性损 益后的净利润 盈利：180,000.00 万元–220,000.00 万元 盈利：91,181.24 万元 比上年同期增长 97.41%—141.28% 基本每股收益 盈利：0.3400 元/股–0.4200 元/股 盈利：0.1755/股 本公司及董事会全体成员保证信息披露的内容真实、准确、完整，没有虚假 记载、误导性陈述或重大遗漏。
二、与会计师事务所沟通情况 本次业绩预告的相关财务数据未经注册会计师审计。公司就业绩预告有关 重大事项与会计师事务所进行了沟通，公司与会计师事务所在业绩预告方面不存 在重大分歧。 三、业绩变动原因说明 报告期，氯化钾产量约 326.62 万吨，销量约 286.09 万吨；碳酸锂产量约 3.16 万吨，销量约 3.15 万吨。报告期内，氯化钾价格较上年同期有所上升，带动该 业务板块盈利增长；碳酸锂市场价格出现下行调整，但综合来看，公司整体业绩 较上年同期实现增长。 四、风险提示 本次业绩预告是公司财务部的初步估算，未经审计，具体财务数据将在公 司 2025 年前三季度报告中详细披露。 五、其他相关说明 公司指定信息披露媒体为《证券时报》《上海证券报》《证券日报》《中国证 券报》和巨潮资讯网（www.cninfo.com.cn），公司所有信息均以在上述选定媒体 刊登的信息为准。 特此公告。 青海盐湖工业股份有限公司董事会 2025 年 10 月 14 日",2025-10-14,巨潮资讯网,https://static.cninfo.com.cn/finalpage/2025-10-14/1224708917.PDF,accepted
GFEX-WR-20251014,announcement,广期所碳酸锂仓单日报：仓单减少1538手,广州期货交易所2025-10-14仓单日报显示，碳酸锂仓单总量为35180手，减少1538手。,2025-10-14,广州期货交易所,https://www.gfex.com.cn/gfex/cdrb/hqsj_tjsj.shtml,accepted
GFEX-WR-20251015,announcement,广期所碳酸锂仓单日报：仓单减少2104手,广州期货交易所2025-10-15仓单日报显示，碳酸锂仓单总量为33076手，减少2104手。,2025-10-15,广州期货交易所,https://www.gfex.com.cn/gfex/cdrb/hqsj_tjsj.shtml,accepted
GFEX-WR-20251016,announcement,广期所碳酸锂仓单日报：仓单减少2620手,广州期货交易所2025-10-16仓单日报显示，碳酸锂仓单总量为30456手，减少2620手。,2025-10-16,广州期货交易所,https://www.gfex.com.cn/gfex/cdrb/hqsj_tjsj.shtml,accepted
CNINFO-002466-1224717739,announcement,关于江苏张家港年产3万吨电池级单水氢氧化锂项目进展情况的公告,"1 股票代码：002466 股票简称：天齐锂业 公告编号：2025-049 天齐锂业股份有限公司关于 江苏张家港年产 3 万吨电池级单水氢氧化锂项目进展情况的公告 本公司及董事会全体成员保证信息披露的内容真实、准确、完 整，没有虚假记载、误导性陈述或重大遗漏。 一、项目概述 天齐锂业股份有限公司（以下简称“公司”）于2023年5月12日召开第六届董事会第三次 会议，审议通过了《关于建设年产3万吨电池级单水氢氧化锂项目暨签署<投资协议书>的议案》， 同意公司于江苏省苏州市张家港保税区建设电池级氢氧化锂生产基地（以下简称“项目”或“江 苏张家港年产3万吨氢氧化锂项目”）。该项目为年产3万吨电池级单水氢氧化锂项目，包括主 产品电池级单水氢氧化锂（3万吨/年）和副产品无水硫酸钠（6万吨/年）。项目总投资不超过 20亿元人民币（含购置土地及预留土地建设，以最终可行性研究报告金额为准），资金来源为 公司自筹。该项目可柔性调剂生产碳酸锂产品，公司可根据市场需求进行氢氧化锂和碳酸锂产 品生产的切换。具体内容详见公司于2023年5月13日在《证券时报》《证券日报》《中国证券 报》《上海证券报》及巨潮资讯网（http://www.cninfo.com.cn）披露的《关于建设年产3万吨电 池级单水氢氧化锂项目暨签署<投资协议书>的公告》（公告编号：2023-030）。 截至2025年7月30日，该项目已竣工，并进入联动试车阶段。具体内容详见公司于2025年8 月30日披露于巨潮资讯网（http://www.cninfo.com.cn）的《2025年半年度报告》。 二、项目进展情况 经过反复调试和优化，江苏张家港年产 3 万吨氢氧化锂项目首袋电池级氢氧化锂产品通过 公司内部实验室取样检查，并于 2025 年 10 月 17 日确认所有参数达到电池级氢氧化锂标准。 后续，公司将持续调试和优化该项目，以实现产品的连续稳定生产和碳酸锂柔性切换。 三、对公司的影响及风险提示 （一）对公司的影响 该项目成功生产出首袋电池级氢氧化锂产品，为工厂后续连续量产奠定基础；待实现产品 的连续稳定生产后，产品将提供给不同客户进行品质认证；待客户认证通过后，将逐步实现产 能提升以达到设计产能。该项目的投产将进一步扩大公司的锂盐加工产能，增强公司盈利能力
2 和利润增长的稳定性。同时，本项目生产出首袋电池级氢氧化锂产品不会对公司当期财务状况 和经营成果造成重大影响。 （二）风险提示 1、市场风险 受多种因素（包括但不限于产品供求关系、全球经济增长、生产成本、劳动力成本、技术 发展）变化影响，锂产品价格呈现波动性。该等因素导致锂产品价格下跌可能对该项目的经济 性产生不利影响。 另一方面，如果锂产品价格大幅或持续大幅上升，则可能导致客户寻求其他更实惠的产品 替代锂产品，从而导致市场对该项目生产的锂产品的需求减少，进而影响项目收益。 2、产品实现连续稳定生产、第三方实验室、客户认证、商业化生产及达产时间不达预期 的风险 公司将持续调试和优化江苏张家港年产 3 万吨氢氧化锂项目，以实现产品的连续稳定生产 和碳酸锂柔性切换；待产品实现连续稳定生产，产品尚需送往第三方实验室进行检测，尚需取 得下游客户认证通过，保持工厂稳定、连续和可靠运营后方能实现商业化生产；项目正式商业 化生产后，达产之前还需要按照逐步提高负荷率进行产能爬坡；在产能爬坡过程中，如出现对 质量和产量有影响的问题，还需要进行局部工艺优化和技术改造，以逐步达到设计产能。如上 述各步骤的实现时间不达预期，将延缓项目收益的实现，并对公司业绩产生不利影响。 特此公告。 天齐锂业股份有限公司董事会 二〇二五年十月十八日",2025-10-18,巨潮资讯网,https://static.cninfo.com.cn/finalpage/2025-10-18/1224717739.PDF,accepted
GFEX-WR-20251022,announcement,广期所碳酸锂仓单日报：仓单减少873手,广州期货交易所2025-10-22仓单日报显示，碳酸锂仓单总量为29019手，减少873手。,2025-10-22,广州期货交易所,https://www.gfex.com.cn/gfex/cdrb/hqsj_tjsj.shtml,accepted
CNINFO-300390-1224736852,announcement,关于申请广州期货交易所氢氧化锂指定交割厂库的公告,证券代码：300390 证券简称：天华新能 公告编号：2025-055 苏州天华新能源科技股份有限公司 关于申请广州期货交易所氢氧化锂指定交割厂库的公告 本公司及董事会全体成员保证信息披露的内容真实、准确、完整，没有虚假 记载、误导性陈述或重大遗漏。 苏州天华新能源科技股份有限公司（以下简称“公司”）于2025年10月24日 召开第六届董事会第二十八次会议，审议通过了《关于申请广州期货交易所氢氧 化锂指定交割厂库的议案》，同意公司及控股子公司向广州期货交易所申请氢氧 化锂指定交割厂库的资质，授权公司管理层提交申请材料，并办理其他相关事宜。 本次申请广州期货交易所氢氧化锂指定交割厂库，可充分利用公司现有资源， 提升公司的规范管理水平，同时有利于公司将现货市场、期货市场、交割厂库三 者有机结合，进一步增强公司的抗风险能力和市场竞争力，提高公司的盈利水平。 本次申请氢氧化锂交割厂库事宜尚存在不确定性，最终以广州期货交易所审 核通过为准。公司将持续关注本次申请事宜，并及时履行信息披露义务。 特此公告。 苏州天华新能源科技股份有限公司董事会 2025 年10月24日,2025-10-25,巨潮资讯网,https://static.cninfo.com.cn/finalpage/2025-10-25/1224736852.PDF,accepted
GFEX-WR-20251027,announcement,广期所碳酸锂仓单日报：仓单减少960手,广州期货交易所2025-10-27仓单日报显示，碳酸锂仓单总量为27739手，减少960手。,2025-10-27,广州期货交易所,https://www.gfex.com.cn/gfex/cdrb/hqsj_tjsj.shtml,accepted
CNINFO-002460-1224755096,announcement,关于调整商品期货期权套期保值业务的公告,"证券代码：002460 证券简称：赣锋锂业 编号：临2025-127 江西赣锋锂业集团股份有限公司 关于调整商品期货期权套期保值业务的公告 本公司及其董事会全体成员保证公告内容真实、准确和完整，没 有虚假记载、误导性陈述或重大遗漏。 特别提示：  交易目的：为应对和控制江西赣锋锂业集团股份有限公司（以 下简称“公司”）锂盐产品、锂电池原材料、锂原料等相关市场价格 波动给公司带来的经营风险和影响，公司拟利用金融工具的套期保值 功能，对生产经营业务相关的产品风险敞口择机开展商品期货期权套 期保值业务。公司及控股子公司开展商品期货期权套期保值业务的品 种仅限于与公司生产经营有直接关系的锂盐产品、锂电池原材料、锂 原料等。  交易品种调整：公司开展商品期货期权套期保值业务的品种仅 限于与公司生产经营有直接关系的境内外期货交易所或其他合法经 营机构挂牌交易的期货期权品种。  交易金额调整：公司及控股子公司开展商品期货期权套期保值 业务的交易保证金和权利金上限（包括为交易而提供的担保物价值、 预计占用的金融机构授信额度、为应急措施所预留的保证金等）由不 超过人民币 20,000 万元调整为不超过人民币 75,000 万元，且任一交 易日持有的最高合约价值由不超过（含）人民币 30,000 万元调整为 不超过人民币 250,000 万元，上述额度在有效期限内可循环滚动使用。  本次调整商品期货期权套期保值业务已经公司第六届董事会 第九次会议审议通过，额度在董事会的审批权限内，无需提交股东会
审议。  特别风险提示：商品期货期权套期保值业务存在固有的市场风 险、政策风险、流动性风险及技术风险，公司将积极落实管控制度和 风险防范措施，审慎执行套期保值操作。敬请广大投资者理性投资， 注意投资风险。 公司于 2025 年 1 月 21 日召开第五届董事会第八十八次会议审议 通过了《关于公司及控股子公司开展商品期货期权套期保值业务的议 案》，同意公司及控股子公司开展商品期货期权套期保值业务，交易 保证金和权利金上限（包括为交易而提供的担保物价值、预计占用的 金融机构授信额度、为应急措施所预留的保证金等）不超过人民币 20,000 万元，且任一交易日持有的最高合约价值不超过（含）人民币 30,000 万元。（详见公告：2025-010） 因公司商品期货期权套期保值业务实际开展需要，公司拟增加商 品期货期权套期保值业务额度和交易品种。公司于 2025 年 10 月 28 日召开第六届董事会第九次会议审议通过了《关于调整商品期货期权 套期保值业务的议案》，同意公司及控股子公司开展商品期货期权套 期保值业务，交易保证金和权利金上限（包括为交易而提供的担保物 价值、预计占用的金融机构授信额度、为应急措施所预留的保证金等） 调整为不超过人民币 75,000 万元，且任一交易日持有的最高合约价 值调整为不超过（含）人民币 250,000 万元。公司开展商品期货期权 套期保值业务的品种仅限于与公司生产经营有直接关系的锂盐产品、 锂电池原材料、锂原料等。 具体情况如下： 一、投资情况概述 （一）开展商品期货期权套期保值业务的目的
公司与控股子公司开展商品期货期权套期保值业务将以正常的 生产经营为基础，与公司实际业务相匹配，主要目的是降低含锂原材 料价格波动对公司经营带来的不利影响。公司在锂行业深耕二十余 年，有成熟且稳定的团队，可以对锂行业动态保持时刻关注，敏锐地 感知锂行业走势。公司制定了《期货及衍生品交易管理制度》，组建 了期货和衍生品交易工作小组，对商品期货期权的操作规范、审批权 限、组织机构设置及职责、业务流程、风险管理等方面进行了明确规 定，并在各岗位配备了专业人员，设置了相应的风险控制措施，公司 将严格按照相关制度的要求执行，落实风险防范措施，审慎操作。公 司开展商品期货期权套期保值业务具有可行性。 （二）交易金额调整 考虑到公司锂电池及储能业务的快速发展，以及降低含锂原材料 价格波动对公司锂电池及储能业务带来的不利影响，根据生产经营及 业务需求情况，公司及控股子公司开展商品期货期权套期保值业务的 交易保证金和权利金上限（包括为交易而提供的担保物价值、预计占 用的金融机构授信额度、为应急措施所预留的保证金等）由不超过人 民币 20,000 万元增加至不超过人民币 75,000 万元，且任一交易日持 有的最高合约价值由不超过（含）人民币 30,000 万元增加至不超过 （含）人民币 250,000 万元。上述额度在有效期限内可循环滚动使用。 （三）交易品种和方式 公司开展商品期货期权套期保值业务的品种仅限于与公司生产 经营有直接关系的锂盐产品、锂电池原材料、锂原料等。公司拟开展 的交易方式主要为套期保值业务，是根据公司的《商品期货及衍生品 套期保值业务管理制度》所指的通过境内外期货交易所或其他合法经 营机构挂牌交易的期货合约、互换合约、远期合约、场内或场外期权
等金融衍生品工具，对相关品种进行商品期货及衍生品交易，以锁定 公司生产采购成本、实现预销售或规避存货跌价风险。根据《商品期 货及衍生品套期保值业务管理制度》相关规定，公司拟开展的期货交 易是指以期货合约或者标准化期权合约为交易标的的交易活动；衍生 品交易是指期货交易以外的，以互换合约、远期合约和非标准化期权 合约及其组合为交易标的的交易活动。 （四）业务期限 自公司第五届董事会第八十八次会议审议通过之日起十二个月 内有效。如单笔交易的存续期超过了授权期限，则授权期限自动顺延 至该笔交易终止时止。 （五）资金来源 公司及控股子公司利用自有资金开展商品期货期权套期保值业 务。 二、商品期货期权套期保值业务调整的审议程序 本次商品期货期权套期保值业务调整已经公司第六届董事会第 九次会议审议通过，额度在董事会的审批权限内，无需提交股东大会 审议。 三、开展商品期货期权套期保值业务的风险分析 公司进行套期保值交易的主要目的是为降低含锂原材料价格波 动所带来的相关经营风险，但同时也存在一定的交易风险，具体如下： （一）市场风险 在极个别的非理性市场情况下，如市场发生系统性风险，期货价 格与现货价格走势相背离等，一旦价格预测发生方向性错误有可能给 公司造成损失。 （二）政策风险
期货市场的法律法规等政策如发生重大变化，可能引起市场剧烈 波动或无法交易，从而带来风险。 （三）流动性风险 如果合约活跃度较低，可能会导致套期保值持仓无法成交或无法 在合适价位成交，令实际交易结果与方案设计出现较大偏差，甚至面 临因未能及时补足保证金而被强行平仓带来的损失。 （四）操作风险 期货交易系统相对复杂，专业性强，可能存在操作不当产生的风 险。 （五）技术风险 由于无法控制和不可预测的系统故障、网络故障、通讯故障等造 成交易系统非正常运行，使交易指令出现延迟、中断或数据错误等问 题从而带来相应风险。 公司应该针对以上可能出现的风险，进行事前、事中、事后的风 险控制和管理，有效防范、发现和化解风险，确保进行套期保值交易 的资金相对安全。 四、风险控制措施 1、公司严格遵守相关法律法规的要求，制定了《期货及衍生品 交易管理制度》，对公司开展商品期货期权套期保值业务的审批权限、 操作流程及风险控制等方面做出明确的规定，建立有效的监督检查、 风险控制和交易止损机制，降低内部控制风险。 2、公司合理设置套期保值业务组织机构，明确各相关部门和岗 位的职责权限，严格在董事会授权的范围内办理相关业务。同时，加 强相关人员的职业道德教育及业务培训，提高从业人员的专业素养。 3、公司商品期货期权套期保值业务仅限于与公司经营业务相关
性高的期货和期权品种，业务规模将与公司经营业务相匹配，最大程 度对冲价格波动风险。在制订交易方案的同时做好资金测算，以确保 可用资金充裕；严格控制套期保值业务的资金规模，合理规划和使用 资金，在市场剧烈波动时做到合理止损，有效规避风险。 4、公司内部审计部门定期及不定期对套期保值交易业务进行检 查，监督套期保值交易业务人员执行风险管理制度和风险管理工作程 序，及时防范业务中的操作风险。 5、公司将密切跟踪市场行情变化，关注价格变化趋势，及时调 整套期保值方案，并结合现货销售，尽可能降低交易风险。 五、开展商品期货期权套期保值业务的会计核算原则 公司根据《企业会计准则第 22 号——金融工具确认和计量》《企 业会计准则第 24 号——套期会计》《企业会计准则第 37 号——金融 工具列报》《企业会计准则第 39 号——公允价值计量》等相关规定 及其指南，对商品期货期权套期保值业务进行相应的核算处理，并在 财务报告中正确列报。 六、对公司的影响 公司在锂行业深耕二十余年，有成熟且稳定的团队，可以对锂行 业动态保持时刻关注，敏锐地感知锂行业走势。公司及子公司开展商 品期货期权套期保值业务，不以投机和套利交易为目的，不会对日常 资金正常周转及主营业务正常开展造成影响。通过开展商品期货期权 套期保值业务，可以充分利用套期保值的避险机制，增强财务稳健性， 保障公司经营业务的发展。 七、董事会意见 公司开展商品期货期权套期保值业务旨在充分利用金融市场套 期保值功能，降低生产经营因相关产品价格波动给公司带来的经营风
险，提高公司整体抵御风险能力，增强财务稳健性，符合公司业务发 展及日常经营需要，有利于公司长期稳健发展。公司通过开展商品期 货期权套期保值业务来规避产品价格波动风险是合理的。相关决策程 序符合国家相关法律、法规及《公司章程》的有关规定。公司已制定 《期货及衍生品交易管理制度》，明确了审批权限、专业管理、风险 控制等内部控制程序，对公司控制商品期货期权套期保值风险起到了 保障的作用。公司亦对商品期货期权套期保值业务的开展作出了明确 规定，不存在损害公司和全体股东尤其是中小股东利益的情形。 八、备查文件 1、公司第六届董事会第九次会议决议； 2、江西赣锋锂业集团股份有限公司关于调整商品套期保值业务 的可行性分析报告。 特此公告。 江西赣锋锂业集团股份有限公司 董事会 2025 年 10 月 29 日",2025-10-29,巨潮资讯网,https://static.cninfo.com.cn/finalpage/2025-10-29/1224755096.PDF,accepted
CNINFO-002240-1224781544,announcement,盛新锂能集团股份有限公司关于引进战略投资者并签署战略合作协议的公告,"证券代码：002240 证券简称：盛新锂能 公告编号：2025-071 盛新锂能集团股份有限公司 关于引进战略投资者并签署战略合作协议的公告 本公司及董事会全体成员保证信息披露内容的真实、准确和完整，没有虚 假记载、误导性陈述或重大遗漏。 盛新锂能集团股份有限公司（以下简称“盛新锂能”或“公司”）于 2025 年 10 月 31 日召开第八届董事会第二十四次会议，审议通过公司本次向特定对象 发行 A 股股票（以下简称“本次发行”）相关事项。为有效实施公司发展战略和 经营规划，公司与中创新航科技集团股份有限公司（以下简称“中创新航”）和 华友控股集团有限公司（以下简称“华友控股集团”）分别签署了《附条件生效 的战略合作协议》，就战略合作具体事宜进行约定，具体情况如下： 一、引入战略投资者的目的 公司拟通过向特定对象发行 A 股股票的方式，引入中创新航和华友控股集 团作为战略投资者。 中创新航是专业从事锂电池、电池管理系统及相关集成产品和锂电池材料的 研制、生产、销售和市场应用开发的新能源高科技企业，以持续领先的技术创新 能力和规模化智能制造实力，构建全方位能源运营体系，为以动力及储能为代表 的新能源全场景应用市场提供完善的产品解决方案和全生命周期管理。根据 SNE Research 最新统计，中创新航 2024 年度动力电池装车量同比增长 16.6%，装车 量排名全球第四、国内第三，为动力电池龙头企业。根据 InfoLink 数据，中创新 航 2024 年度储能电芯出货量排名全球第五。 华友控股集团经过 20 多年的发展，已成为拥有华友钴业（603799.SH）、安 徽华创新材料股份有限公司、浙江友山新材料科技有限公司等多家控参股公司的 大型投资集团，旗下产品主要围绕锂电材料产业展开，涉及钴镍资源开发、有色 冶金、电池材料、回收利用等新能源锂电材料一体化产业链及其相关投资业务。 其中华友控股集团控股子公司华友钴业是全球锂电正极材料和三元前驱体产品 主要供应商之一，产销规模和技术开发能力处于行业前列；华友控股集团全资子
公司浙江友山新材料科技有限公司 2024 年度磷酸铁锂市占率为行业前五，产品 产量超 14 万吨。2025 年上半年，友山科技磷酸铁锂市占率已跻身行业前三。 本次发行有助于公司与下游龙头客户中创新航和华友控股集团进一步深化 产业链合作及协同，加快实现“致力于成为全球锂电新能源材料领先企业”战略 目标。 二、引入战略投资者的商业合理性 公司拟通过向特定对象发行 A 股股票的方式，引入中创新航和华友控股集 团作为战略投资者。中创新航和华友控股集团均是中国锂电池产业链的头部企业。 盛新锂能主要业务为锂矿采选、基础锂盐和金属锂产品的生产与销售，锂产 品业务技术先进成熟，产品主要应用于锂离子动力电池、储能领域。 盛新锂能是中创新航的上游原材料供应商。未来随着储能行业、新能源汽车 行业的蓬勃发展和中创新航产能投资计划的不断落地，中创新航的锂产品需求将 会持续释放，为双方业务合作打下坚实的基础。中创新航将进一步加大锂产品采 购，在保障中创新航自身原材料需求的同时，助力盛新锂能扩大销售规模、提升 销售业绩。此外，中创新航在新能源储能电池、动力电池领域拥有丰富的行业资 源，中创新航重点布局的新能源储能电池、动力电池业务是盛新锂能锂盐产品的 核心应用领域。中创新航成为盛新锂能的战略投资者后，将充分发挥并利用自身 优势，积极协助盛新锂能与行业内的优质企业开展合作，包括但不限于市场、渠 道、品牌、技术、资源、投融资等，为盛新锂能业务拓展提供战略支撑。 盛新锂能与华友控股集团的业务布局有一定互补关系，双方合作可增强上游 资源保障能力与成本控制力。华友控股集团通过参股盛新锂能可进一步增强锂资 源和锂盐产品供应，完善新能源产业版图；盛新锂能通过战略合作，可锁定下游 优质客户，增加产品消纳渠道，保障销售稳定。此外，华友控股集团已建立广泛 的国际客户网络，包括与多家头部新能源汽车企业的合作，有助于盛新锂能进一 步拓展下游市场，提升产品渗透率。华友控股集团成为盛新锂能的战略投资者后， 将充分发挥并利用自身优势，积极协助盛新锂能与行业内的优质企业开展合作， 包括但不限于市场、渠道、品牌、技术、资源、投融资等，为盛新锂能业务拓展 提供战略支撑。 基于上述情况，公司引入中创新航和华友控股集团作为战略投资者并开展全
方位的业务合作，具备商业合理性。 三、战略投资者的基本情况 （一）中创新航科技集团股份有限公司 1、基本情况 公司名称：中创新航科技集团股份有限公司 统一社会信用代码：91320413MA1MCGA52K 法定代表人：刘静瑜 注册资本：177,230.1858 万元 注册地址：常州市金坛区江东大道 1 号 成立日期：2015 年 12 月 8 日 主要业务：中创新航主要从事动力电池及储能系统产品的研发、生产及销售。 2、股权结构 中创新航为股权结构多元化的公众公司（证券代码 03931.HK），无控股股东、 无实际控制人。截至 2025 年 9 月 30 日，其股权结构如下： 注 1：“香港结算代理人”指香港中央结算（代理人）有限公司（HKSCC NOMINEES LIMITED），为香港中央结算有限公司的全资附属公司，作为中创新航 H 股非登记股东所持 H 股股份的名义持有人，其所持有的 H 股已包括了由部分内资股经全流通所转换成为的 H 股， 该部分 H 股已分别于 2024 年 3 月 28 日及 2025 年 9 月 5 日在联交所上市。 注 2：“其他股东”指除图中前十名股东以外的股东，包括内资股股东及 H 股股东，因单 个股东持股比例较低且分散，故汇总计算列示。 3、主要财务数据
最近一年及一期，中创新航的主要财务数据如下表所示： 单位：万元 项目 2025 年 6 月 30 日 2024 年 12 月 31 日 总资产 13,054,014.10 12,247,338.30 负债合计 8,172,893.10 7,441,945.80 所有者权益合计 4,881,121.00 4,805,392.50 项目 2025 年 1-6 月 2024 年度 营业收入 1,641,887.80 2,775,152.60 净利润 75,298.70 84,362.60 归属于母公司所有 者的净利润 46,595.70 59,119.60 注：以上数据来源于中创新航 2024 年年度报告、2025 年中期报告。 4、与公司的关联关系 本次发行完成前，中创新航未直接或间接持有公司股份，不存在关联关系。 本次发行完成后，中创新航持有公司的股份预计超过 5%，根据《深圳证券 交易所股票上市规则》等相关法律、法规和规范性文件、《公司章程》等规定， 中创新航构成公司关联方。 （二）华友控股集团有限公司 1、基本情况 公司名称：华友控股集团有限公司 统一社会信用代码：913304837964928985 法定代表人：陈雪华 注册资本：7,500.00 万元 注册地址：浙江省嘉兴市桐乡市桐乡经济开发区发展大道 288 号 6 幢 103 室 成立日期：2006 年 12 月 19 日 主 要 业 务 ： 华 友 控 股 集 团 经 过 20 多 年 的 发 展 ， 已 成 为 拥 有 华 友 钴 业 （603799.SH）、安徽华创新材料股份有限公司、浙江友山新材料科技有限公司 等多家控参股公司的大型投资集团，旗下产品主要围绕锂电材料产业展开，涉及 钴镍资源开发、有色冶金、电池材料、回收利用等新能源锂电材料一体化产业链 及其相关投资业务。
2、股权结构 截至本公告披露日，华友控股集团股东持股情况如下： 序号 股东名称 持股比例 认缴出资额（万元） 1 陈雪华 60.00% 4,500 2 TMA 国际私人有限公司 33.33% 2,500 3 邱锦华 6.67% 500 陈雪华先生为华友控股集团的控股股东及实际控制人。 3、主要财务数据 最近一年及一期，华友控股集团的主要财务数据如下表所示： 单位：万元 项目 2025 年 6 月 30 日 2024 年 12 月 31 日 总资产 17,949,292.63 16,511,841.34 负债合计 12,691,800.25 11,525,138.41 所有者权益合计 5,257,492.38 4,986,702.94 项目 2025 年 1-6 月 2024 年度 营业收入 4,256,484.20 7,159,770.16 净利润 335,520.26 396,587.01 归属于母公司所有 者的净利润 48,985.10 -41,767.01 注：2024 年度财务数据已经审计，2025 年半年度财务数据未经审计。 4、公司的关联关系 本次发行完成前，华友控股集团未直接或间接持有公司股份，不存在关联关 系。 本次发行完成后，华友控股集团持有公司的股份预计超过 5%，根据《深圳 证券交易所股票上市规则》等相关法律、法规和规范性文件、《公司章程》等规 定，华友控股集团构成公司关联方。 四、募集资金使用安排 本次发行募集资金总额（含发行费用）不超过 320,000.00 万元，募集资金总 额扣除发行费用后拟用于补充流动资金及偿还债务。 五、战略合作协议的主要内容
2025 年 10 月 31 日，公司分别与中创新航和华友控股集团签署了《附条件生 效的战略合作协议》，主要内容如下： （一）公司与中创新航签署的战略合作协议 1、协议签订对象 甲方（发行人）：盛新锂能集团股份有限公司 乙方（战略投资者）：中创新航科技集团股份有限公司 2、战略投资者具备的优势及其与上市公司的协同效应 （1）战略投资者具备的优势 中创新航以领先的技术和产品力服务新能源高质量发展，坚持把终端用户与 客户的需求和社会可持续发展作为技术发展的根本追求，致力于为用户提供高安 全、高可靠、高性能的产品，以技术创新为驱动，通过持续创新，打造顶尖的技 术和产品，实现技术的自我突破，不断提升企业核心竞争力。结合自身技术能力 和产业化实力，不断追求动力电池的高能量密度和稳定的安全性能，推出更具竞 争力的三元系、磷酸盐系新产品；深耕电力储能（新能源发电侧、电网侧）、工 商业储能、户用储能等应用场景，持续保持产品力领先。作为国际领先的新能源 科技企业，中创新航连续多年实现动力电池装机量和储能电芯出货量倍数级增长， 是全球发展最快的动力及储能电池企业之一。 （2）乙方作为战略投资者参与甲方本次发行后的协同效应 1）锂产品采购的产业链协同 甲方是乙方的上游原材料供应商。未来随着新能源汽车行业、储能行业的蓬 勃发展和乙方产能投资计划的不断落地，乙方的锂产品的需求将会持续释放，为 双方业务合作打下坚实的基础。 乙方将进一步加大锂产品采购，在保障乙方自身原材料需求的同时，助力甲 方扩大销售规模、提升销售业绩。 2）全球产业链资源的协调合作
乙方拥有广泛的新能源产业的行业资源，乙方的全球化布局与甲方的全球化 发展方向高度吻合。乙方作为甲方的战略投资者后，将充分发挥并利用其优势， 积极协助甲方与行业内的优质企业开展合作，包括但不限于市场、渠道、品牌、 技术、资源、投融资等。 乙方可以与甲方合作，提供业务拓展的战略支撑和面向全球的商务协同。 3、合作目标、合作领域与合作方式、合作期限 （1）合作目标 双方本着“互利、共赢、合作、发展”的基本原则，拟以资本市场为纽带， 发挥各自在市场、渠道、品牌、技术、资源等方面的优势，深入开展战略合作， 增强双方在锂产业领域的技术创新能力和市场竞争能力，切实提升双方的销售业 绩和盈利能力，促进双方共同发展。 （2）合作领域 双方将在锂电材料产业领域开展以下长期合作，且双方可以根据具体合作需 要进一步扩大合作领域。 1）原材料购销合作 甲方属于乙方的上游原材料供应商，乙方已将甲方纳入长期战略合作的供应 商名录，在符合乙方自身采购管理体系要求且不违反乙方在本协议签署前已生效 的其他采购相关协议约定的前提下，在同等条件下将甲方作为优先采购对象，保 持长期战略合作关系。甲方承诺同等条件下优先保障乙方的锂产品供应且保证给 乙方的价格为同等条件下乙方采购价格的最优惠价格，双方达到合作共赢的目的。 本次战略合作协议签署后，随着乙方产能投资计划的不断落地，乙方同意进 一步加大对甲方锂产品的采购量。 2）原材料加工合作 乙方拥有的需委托第三方加工的锂矿石，在同等条件下优先委托甲方进行加 工。甲方承诺同等条件下优先保障乙方的锂盐加工产能，双方达到合作共赢的目 的。
3）矿产资源合作开发 甲方与乙方将共同锁定全球优质锂矿资源，甲方凭借锂矿勘探开发经验，结 合中创新航的电池级锂盐需求标准，精准筛选高品位、低成本矿源，双方将通过 长协机制锁定锂资源供应，降低原料价格波动风险。 4）产业链资源合作 甲方作为上游锂材料核心供应商，与乙方在锂电产业链形成深度协同。乙方 凭借多年动力电池及储能系统领域的市场积累，已构建成熟的产业链资源网络， 乘用车领域，为小鹏、零跑、吉利、长安等客户多个车型配套，国际市场进入丰 田、大众、现代车企集团；商用车领域，与奇瑞、吉利、东风、长安、重汽、徐 工等客户进行全方位的合作；在储能领域，与阳光电源、华为、国家电投、三峡 新能源等深化战略合作，并成为行业头部企业的核心供货商和战略合作伙伴。因 此，乙方可为甲方导入优质锂电材料客户资源，并通过其行业品牌影响力联合拓 展市场。双方基于平等互利原则，将充分融合甲方的锂资源开发技术、原材料供 应优势，以及乙方的渠道覆盖能力、电池应用场景数据，在锂资源开发、材料技 术升级、供应链协同等维度开展战略合作。通过市场信息共享、技术联合研发及 产能精准匹配，共同强化锂电产业链韧性，实现从资源端到应用端的全链条价值 提升，建立长期稳定的战略合作伙伴关系。 5）其他 双方将在产业发展战略、企业运营管理、人才引进、资本投资等其他领域开 展合作，并根据需要进一步扩大合作领域。 （3）合作方式 1）高层互访。双方建立高层领导定期会晤机制和日常沟通协调机制，协调 合作过程中的重大事项，推进本协议的执行与深化。 2）战略伙伴。双方结成战略伙伴关系，并将对方纳入双方各自的战略合作 伙伴库，优先满足双方合作需求。 3）对接小组。双方同意在本协议签署后，建立双方合作对接机制，成立相 应的对接小组，加强沟通与协调，统一行动策略，推动双方战略合作执行落地与",2025-11-01,巨潮资讯网,https://static.cninfo.com.cn/finalpage/2025-11-01/1224781544.PDF,accepted
CNINFO-002594-1224781922,announcement,2025年10月产销快报,"证券代码：002594 证券简称：比亚迪 公告编号：2025-060 比亚迪股份有限公司 2025年10月产销快报 本公司及董事会全体成员保证信息披露的内容真实、准确、完整，没有虚假记载、误导性陈述或重大遗漏。 比亚迪股份有限公司(以下简称“本公司”)2025年10月产销快报数据如下： 单位：辆 产量 销量 项目类别 本月 去年同期 本年累计 去年累计 累计同比 本月 去年同期 本年累计 去年累计 累计同比 新能源汽车 429,808 536,134 3,643,377 3,297,044 10.50% 441,706 502,657 3,701,852 3,250,532 13.88% -乘用车 424,174 534,003 3,595,640 3,283,439 9.51% 436,856 500,526 3,655,718 3,236,927 12.94% -纯电动 219,382 206,499 1,797,558 1,379,347 30.32% 222,559 189,614 1,828,462 1,359,193 34.53% -插电式混合动力 204,792 327,504 1,798,082 1,904,092 -5.57% 214,297 310,912 1,827,256 1,877,734 -2.69% -商用车 5,634 2,131 47,737 13,605 250.88% 4,850 2,131 46,134 13,605 239.10% -客车 367 438 4,073 3,756 8.44% 367 438 4,073 3,756 8.44% -其他 5,267 1,693 43,664 9,849 343.33% 4,483 1,693 42,061 9,849 327.06% 合计 429,808 536,134 3,643,377 3,297,044 10.50% 441,706 502,657 3,701,852 3,250,532 13.88% 注：本公司 2025 年 10 月出口新能源汽车合计 83,904 辆； 本公司 2025 年 10 月新能源汽车动力电池及储能电池装机总量约为 27.362 GWh，2025 年累计装机总量约为 230.613 GWh。 务请注意，上述产、销量数字未经审核，亦未经本公司审计师确认，或会予以调整并有待最终确认。本公司刊发财务业绩后，股东及 潜在投资者务必详阅。
特此公告。 比亚迪股份有限公司董事会 2025 年 11 月 2 日",2025-11-03,巨潮资讯网,https://static.cninfo.com.cn/finalpage/2025-11-03/1224781922.PDF,accepted
GFEX-WR-20251107,announcement,广期所碳酸锂仓单日报：仓单增加912手,广州期货交易所2025-11-07仓单日报显示，碳酸锂仓单总量为27332手，增加912手。,2025-11-07,广州期货交易所,https://www.gfex.com.cn/gfex/cdrb/hqsj_tjsj.shtml,accepted
CNINFO-002460-1224795440,announcement,关于公司与LAR共同开发PPGS锂盐湖的进展公告,"证券代码：002460 证券简称：赣锋锂业 编号：临2025-133 江西赣锋锂业集团股份有限公司 关于公司与LAR共同开发PPGS锂盐湖的进展公告 本公司及其董事会全体成员保证公告内容真实、准确和完整，无 虚假记载、误导性陈述或者重大遗漏。 一、项目进展情况 江西赣锋锂业集团股份有限公司（以下简称“公司”或“赣锋 锂业”）于2025年8月12日召开第六届董事会第四次会议审议通过了 《关于赣锋国际与LAR共同整合合资公司并为LAR提供财务资助的 议案》。同意GFL International Co.,Ltd（以下简称“赣锋国际”）与 Lithium Argentina AG （ 以 下 简 称 “ LAR ” ） 共 同 开 发 阿 根 廷 Pozuelos-Pastos Grandes盐湖盆地，通过整合Millennial，将公司全资 持有的PPG锂盐湖项目，双方共同持有的PG锂盐湖项目以及Puna锂 盐湖项目整合至Millennial旗下（三个盐湖项目整合后统称“PPGS 锂 盐 湖 项 目 ” ） 。 整 合 完 成 后 ， 赣 锋 国 际 和 LAR 将 分 别 持 有 Millennial67%和33%的股权，并按份额共同持有PPGS锂盐湖项目。 （详见公告：2025-094） 近日，阿根廷萨尔塔省矿业和能源秘书处已为PPGS锂盐湖项目 一期颁发了《环境影响评估报告》（以下简称“DIA”），标志着 该项目取得关键进展。PPGS锂盐湖项目计划于2026年上半年向阿根 廷政府提交大型招商引资制度（RIGI）申请，以获得当地政府的支 持和财税激励政策。 二、矿产资源估算 根据Golder Associates Inc.(""Golder"")和Atacama Waters出具的技
术报告，对整合后的PPGS锂盐湖项目的卤水矿产资源估算如下： 资源类别 Pozuelos Pastos Grandes (包括 SDLP) LCE 小计（公吨） 锂（毫克/升） LCE（公吨） 锂（毫克/升） LCE（公吨） 探明资源量 491 5,836,244 451 7,406,000 13,242,244 控制资源量 529 1,180,383 78 654,000 1,834,383 推断资源量 581 3,920,437 456 2,793,000 6,713,437 整合后的PPGS锂盐湖项目拥有约1,507万吨LCE探明+控制资源 量，将成为最大的未开发锂卤水资源之一。 三、项目可研评估 PPGS锂盐湖项目设计年产能约为15万吨LCE，分三期建设，项 目寿命为30年。Golder依据相关行业标准和规则，对该项目的运营 成本估算进行了审查和确认，分别测算年产15万吨LCE及项目一期 年产5万吨LCE的平均运营成本： （一）年产15万吨LCE的平均运营成本： 每公吨 LCE 的运营成本 类别 成本（美元） 采矿和加工 4,026 美元 管理费用 98 美元 其他 664 美元 小计 4,788 美元 应急开支 239 美元 合计 5,027 美元 （二）项目一期年产5万吨LCE的平均运营成本： 项目一期每公吨 LCE 运营成本 类别 成本（美元） 采矿和加工 4,228 美元 管理费用 154 美元 其他 707 美元 小计 5,089 美元 应急开支 254 美元 合计 5,344 美元
PPGS锂盐湖项目采用赣锋锂业直接提锂工艺与太阳能蒸发池 技术，旨在提高生产效率、减少淡水消耗，并有望提升产品一致性 与质量，同时显著降低生产成本。该项目保留了产品路径的灵活性， 可根据包销规格与市场条件定制最终锂产品。 上述的评估与预测仅基于现时的第三方报告，所提及的方案有 可能实施或可能不实施，其内容涉及的未来计划和预测等前瞻性陈 述不构成本公司对投资者任何实质承诺。公司董事会将积极关注项 目进展情况，及时履行信息披露义务。敬请广大投资者理性投资， 注意投资风险。 特此公告。 江西赣锋锂业集团股份有限公司 董事会 2025 年 11 月 11 日",2025-11-11,巨潮资讯网,https://static.cninfo.com.cn/finalpage/2025-11-11/1224795440.PDF,accepted
CNINFO-002176-1224806565,announcement,关于开展2026年度商品期货和衍生品业务及可行性分析的公告,"1 证券代码：002176 证券简称：江特电机 公告编号：2025-064 江西特种电机股份有限公司 关于开展 2026 年度商品期货和衍生品业务及可行性分析的公告 本公司及董事会全体成员保证信息披露的内容真实、准确、完整，没有虚假记 载、误导性陈述或重大遗漏。 江西特种电机股份有限公司（以下简称“公司”）于 2025 年 11 月 14 日召 开第十一届董事会第二次会议，审议通过了《关于开展 2026 年度商品期货和衍 生品业务及可行性分析的议案》，同意公司及子公司开展商品期货和衍生品业务。 现将相关事项公告如下： 一、开展商品期货和衍生品业务的目的和必要性 碳酸锂、纯碱、铜（漆包线）分别是公司的主要产品和主要原材料。为规避 产品价格波动给公司带来的经营风险，和减少因原材料价格波动造成的成本波动 对生产经营影响，公司及子公司拟根据生产经营计划，择机开展商品期货和衍生 品业务，利用期货市场的套期保值功能，降低原料、产品等市场价格波动对公司 生产经营成本及主营产品价格的影响，提升公司整体抵御风险能力，保障主营业 务稳步发展。 交易品种为碳酸锂、纯碱和铜，交易工具包括但不限于期货（卖出或买入 期货合约）、期权（卖出或买入看涨期权、看跌期权）及相关场外衍生品合约。 二、开展商品期货和衍生品业务的基本情况 （一）交易金额 公司及子公司本次开展商品期货和衍生品业务的保证金和权利金金额上限 合计不超过人民币 3 亿元，上述额度在投资期限内可循环滚动使用。任一交易日 持有的最高合约价值不超过 23 亿元,其中当任一交易日持有的最高合约价值达 到 16 亿元时公司将不再新开期货合约。董事会提请股东会授权可追加不超过 7 亿元保证金和权利金用于期货市场极端行情,如启用追加额度内的保证金和权利
2 金公司将不再新开期货合约。 根据《深圳证券交易所上市公司自律监管指引第 7 号——交易与关联交易》 的规定，本事项需提交公司股东会审议通过后生效。 （二）资金来源 公司开展商品期货和衍生品业务资金来源为公司自有或自筹资金。 （三）交易方式和品种 在合规并满足公司商品期货和衍生品业务条件的场内外市场交易，包括场 内标准化合约或场外非标准化产品工具，交易品种仅限于与上述公司生产经营相 关的碳酸锂、纯碱、铜。 （四）交易期限 自股东会审议通过起十二个月内有效。如单笔交易的存续期超过了授权期 限，则授权期限自动顺延至该笔交易终止时止。 三、开展商品期货和衍生品业务的风险分析 公司开展商品期货和衍生品业务不以逐利为目的，且将严格控制资金规模， 但仍存在一定的风险，具体如下： （一）市场风险 如市场发生系统性风险，原料及产品价格行情变动较大时，可能产生价格 波动风险，造成交易损失。 （二）政策风险 如市场相关法规政策发生重大变化，可能导致市场发生剧烈波动或无法交 易的风险。 （三）流动性风险 如果合约活跃度较低，导致期货或期权持仓无法成交或无法在合适价位成 交，令实际交易结果与方案设计出现较大偏差，造成交易损失。 （四）操作风险 期货交易专业性较强，复杂程度较高，可能会产生由于内控体系不完善或 操作失误所造成的风险。
3 （五）技术风险 由于无法控制和不可预测的系统故障、网络故障、通讯故障等造成交易系 统非正常运行，使交易指令出现延迟、中断或数据错误等问题，从而带来相应风 险。 四、风险控制措施 （一）严格执行有关法律法规，建立有效的监督检查、风险控制和交易止 损机制，并严格在有权机构批准的权限内办理公司商品期货和衍生品业务。 （二）在制订交易方案的同时做好资金测算，以确保可用资金充裕；严格 控制商品期货和衍生品业务的资金规模，合理规划和使用资金，在市场剧烈波动 时做到合理止损，有效规避风险。 （三）合理设置公司商品期货和衍生品业务组织机构，明确各相关部门和 岗位的职责权限。同时提升相关人员的专业知识，定期组织业务关联岗位培训， 强化业务流程学习，增加风险管理及防范意识，提高从业人员专业素养。 （四）根据业务需要，在公司财务部门安排指定人员进行账目处理、资金 调拨，并跟踪账目结算，并向上级主管领导汇报资金使用情况，完善内部资金监 管机制。 （五）公司将密切跟踪市场行情变化，关注价格走势，合理计划和安排使 用保证金，尽可能降低交易风险。 五、会计政策及核算原则 公司将根据《企业会计准则第 22 号--金融工具确认和计量》《企业会计准 则第 24 号--套期会计》《企业会计准则第 37 号--金融工具列报》《企业会计准 则第 39 号—公允价值计量》等相关规定及其指南，对拟开展的商品期货和衍生 品业务进行相应的核算处理。 六、公司开展商品期货和衍生品业务的可行性分析 公司本次使用自有资金开展商品期货和衍生品业务，是在保证公司正常生 产经营的前提下进行的，主要目的是为了规避相关原材料价格波动风险和降低产 品市场价格波动风险，提高公司整体抵御风险能力。拟交易品种均与公司生产经
4 营相关，不存在损害公司和全体股东利益的情况。 公司已建立了完备的业务管理制度及内部控制制度，具有与开展商品期货 和衍生品业务交易保证金相匹配的资金，公司将严格按照相关制度的要求，落实 风险防范措施，审慎操作。 综上所述，公司开展商品期货和衍生品业务是切实可行的，有利于公司生 产经营发展。 特此公告。 江西特种电机股份有限公司 董 事 会 二〇二五年十一月十五日",2025-11-15,巨潮资讯网,https://static.cninfo.com.cn/finalpage/2025-11-15/1224806565.PDF,accepted
CNINFO-002240-1224812521,announcement,关于签署锂盐产品合作框架协议暨关联交易的公告,"证券代码：002240 证券简称：盛新锂能 公告编号：2025-080 盛新锂能集团股份有限公司 关于签署锂盐产品合作框架协议暨关联交易的公告 本公司及董事会全体成员保证信息披露内容的真实、准确和完整，没有虚 假记载、误导性陈述或重大遗漏。 特别提示： 1、本协议属于双方合作意愿和基本原则的框架性约定，双方后续的合作以 具体签订的协议为准，具体实施内容和进度尚存在不确定性。 2、本次拟签署的合作框架协议对公司本年度经营业绩不会产生影响，对公 司未来年度经营业绩的影响将视公司与合作方后续签订的具体协议以及实施情 况而确定。公司将根据框架协议进展情况严格按照相关法律法规和《公司章程》 等规定履行相应的审批程序和信息披露义务。 一、关联交易概述 1、盛新锂能集团股份有限公司（以下简称“公司”）与华友控股集团有限公 司（以下简称“华友控股集团”）就锂盐产品业务合作拟签署《2026-2030 年合作 框架协议》，根据协议约定，华友控股集团（在该业务合作中，合作双方均包含 其指定的子公司）在 2026 年至 2030 年期间向公司采购锂盐产品 22.14 万吨，具 体年度采购量将在双方签订的子订单中进行约定。 2、公司分别于 2025 年 10 月 31 日、2025 年 11 月 17 日召开第八届董事会 第二十四次会议、2025 年第二次（临时）股东大会，审议通过了《关于公司向 特定对象发行 A 股股票方案的议案》等相关议案，同意公司向特定对象深圳盛 屯集团有限公司、中创新航科技集团股份有限公司和华友控股集团发行 A 股股 票（以下简称“本次发行”），上述认购主体根据本次发行方案与公司签署了《附 条件生效的股份认购协议》。本次发行完成后，华友控股集团将成为公司持股 5%以上股东，根据《深圳证券交易所股票上市规则》等相关规定，华友控股集 团构成公司关联方，本次交易构成关联交易。
3、2025 年 11 月 18 日，公司召开第八届董事会第二十五次会议，以 9 票同 意，0 票反对，0 票弃权的表决结果审议通过了《关于签署锂盐产品合作框架协 议暨关联交易的议案》，根据《深圳证券交易所股票上市规则》及《公司章程》 的相关规定，本次交易事项尚需提交公司股东会审议；由于本次发行尚未完成， 华友控股集团尚未持有公司股份，届时如有其他与本次关联交易有利害关系的关 联人，应回避表决。 4、本次关联交易不构成《上市公司重大资产重组管理办法》规定的重大资 产重组，亦不构成重组上市。本次关联交易不需要经过有关部门批准。 二、关联方基本情况 1、基本情况 公司名称：华友控股集团有限公司 统一社会信用代码：913304837964928985 法定代表人：陈雪华 注册资本：7,500 万元 注册地址：浙江省嘉兴市桐乡经济开发区发展大道 288 号 6 幢 103 室 成立日期：2006 年 12 月 19 日 主要业务：华友控股集团是拥有华友钴业（603799.SH）、安徽华创新材料股 份有限公司、浙江友山新材料科技有限公司等多家控参股公司的大型投资集团， 旗下产品主要围绕锂电材料产业展开，涉及钴镍资源开发、有色冶金、电池材料、 回收利用等新能源锂电材料一体化产业链及其相关投资业务。 2、股权结构 截至本公告披露日，华友控股集团股东持股情况如下： 序号 股东名称 持股比例 认缴出资额（万元） 1 陈雪华 60.00% 4,500 2 TMA 国际私人有限公司 33.33% 2,500 3 邱锦华 6.67% 500 陈雪华先生为华友控股集团的控股股东及实际控制人。 3、主要财务数据 华友控股集团最近一年及一期的主要财务数据如下： 单位：万元
项目 2025 年 6 月 30 日 2024 年 12 月 31 日 总资产 17,949,292.63 16,511,841.34 负债合计 12,691,800.25 11,525,138.41 所有者权益合计 5,257,492.38 4,986,702.94 项目 2025 年 1-6 月 2024 年度 营业收入 4,256,484.20 7,159,770.16 净利润 335,520.26 396,587.01 归属于母公司所有 者的净利润 48,985.10 -41,767.01 注：2024 年度财务数据已经审计，2025 年半年度财务数据未经审计。 4、关联关系说明 本次发行前，华友控股集团未直接或间接持有公司股份，不存在关联关系。 本次发行完成后，华友控股集团将成为公司持股 5%以上股东，根据《深圳证券交 易所股票上市规则》等相关规定，华友控股集团构成公司关联方。 公司本次发行尚需深圳证券交易所审核通过并经中国证监会同意注册后方 可实施。 5、华友控股集团为聚焦锂电材料全产业链布局的大型投资集团，具有较好 的履约能力。截至本公告日，华友控股集团不是失信被执行人。 三、关联交易协议的定价政策及定价依据 本次关联交易为华友控股集团向公司采购锂盐产品，买卖双方基于公平、公 正、公开的原则，结算价格以双方均认可的市场价格为基础协商确定。交易定价 公允、合理，不存在损害非关联股东利益的情形。 四、关联交易协议的主要内容 甲方：华友控股集团有限公司 乙方：盛新锂能集团股份有限公司 1、甲乙双方同意在本框架协议采购期限内，甲方预计从乙方处总计采购锂 盐产品 22.14 万吨。具体年度采购量将由甲方或甲方指定的子公司与乙方或乙方 指定的子公司签订的子订单中进行约定。 2、本合同有效期自乙方产品在甲方认证通过之日起至 2030 年 12 月 31 日止。 3、乙方承诺以不高于同等级产品销售给其他客户的价格向甲方供应产品。 具体商务条款，以双方签订的子订单为准。以上价格均指乙方产品运抵甲方指定
收货地点的含税价格，包含包装、运输、装卸、保险等产生的费用，该等费用由 乙方承担。 4、凡因本协议引起的或与本协议有关的任何争议，由甲乙双方友好协商解 决，协商不成的，任何一方均有权向原告方所在地有管辖权的人民法院提起诉讼。 除双方发生争议的事项外，双方仍应当本着善意的原则按照本协议的约定继续履 行各自的义务。 5、本协议自甲、乙双方盖章且经乙方董事会和股东会审议通过之日起生效， 至双方就本协议所述内容执行完毕止。 五、涉及关联交易的其他安排 本次交易不涉及人员安置等情况，不存在与关联人产生同业竞争的情形，不 存在公司股权转让或者高层人事变动计划等其他安排。交易完成后不存在可能导 致公司控股股东、实际控制人及其关联人对公司形成非经营性资金占用的情形。 六、交易目的和对公司的影响 随着全球新能源汽车和储能行业的快速发展，锂产品市场需求持续增长，为 公司提供了巨大的市场空间及发展机会。公司作为领先的锂盐生产企业，积极拓 展、巩固下游优质客户，持续提升市场竞争力。公司与华友控股集团签署 《2026-2030 年合作框架协议》，有利于公司锂盐业务的拓展，有利于强化公司与 优质客户之间长期稳定的战略合作伙伴关系，有利于提升公司未来经营的稳定性 和可持续性，增强市场竞争力，符合公司的经营发展战略。 本协议的履行对公司本年度经营业绩不会产生影响，预计将会对公司未来的 经营业绩产生积极影响，不存在损害全体股东特别是中小股东利益的情形。公司 主要业务亦不会因上述合作框架协议对关联方形成依赖，不会影响公司的独立 性。 七、与该关联人累计已发生的各类关联交易情况 今年年初至本公告披露日，公司与华友控股集团（包含受同一主体控制或相 互存在控制关系的其他关联人）未发生交易。 八、独立董事过半数同意意见 公司独立董事召开第八届独立董事第九次专门会议对本次关联交易事项进行 了审核，全体独立董事一致同意将该议案提交董事会审议，并发表意见如下：由
于公司拟向特定对象发行A股股票，发行完成后，华友控股集团将成为公司持股 5%以上股东，根据《深圳证券交易所股票上市规则》等相关规定，华友控股集 团构成公司关联方。公司与华友控股集团签署锂盐产品合作框架协议系公司正常 经营业务需要，交易价格依据市场价格水平，经双方平等、友好协商确定，定价 公允，未损害上市公司及公司全体股东特别是中小股东的利益。 九、风险提示 本协议属于双方合作意愿和基本原则的框架性约定，双方后续的合作以具体 签订的协议为准，具体实施内容和进度尚存在不确定性。本次拟签署的合作框架 协议对公司本年度经营业绩不会产生影响，对公司未来年度经营业绩的影响将视 公司与合作方后续签订的具体协议以及实施情况而确定。 公司将根据框架协议进展情况严格按照相关法律法规和《公司章程》等规定 履行相应的审批程序和信息披露义务。敬请广大投资者谨慎决策，注意投资风险。 十、备查文件 1、第八届董事会第二十五次会议决议； 2、第八届独立董事第九次专门会议决议； 3、公司与华友控股集团拟签署的《2026-2030 年合作框架协议》。 特此公告。 盛新锂能集团股份有限公司 董事会 二○二五年十一月十八日",2025-11-19,巨潮资讯网,https://static.cninfo.com.cn/finalpage/2025-11-19/1224812521.PDF,accepted
GFEX-WR-20251128,announcement,广期所碳酸锂仓单日报：仓单减少21340手,广州期货交易所2025-11-28仓单日报显示，碳酸锂仓单总量为5441手，减少21340手。,2025-11-28,广州期货交易所,https://www.gfex.com.cn/gfex/cdrb/hqsj_tjsj.shtml,accepted
GFEX-WR-20251201,announcement,广期所碳酸锂仓单日报：仓单增加2781手,广州期货交易所2025-12-01仓单日报显示，碳酸锂仓单总量为8222手，增加2781手。,2025-12-01,广州期货交易所,https://www.gfex.com.cn/gfex/cdrb/hqsj_tjsj.shtml,accepted
CNINFO-002594-1224841562,announcement,2025年11月产销快报,"证券代码：002594 证券简称：比亚迪 公告编号：2025-063 比亚迪股份有限公司 2025年11月产销快报 本公司及董事会全体成员保证信息披露的内容真实、准确、完整，没有虚假记载、误导性陈述或重大遗漏。 比亚迪股份有限公司(以下简称“本公司”)2025年11月产销快报数据如下： 单位：辆 产量 销量 项目类别 本月 去年同期 本年累计 去年累计 累计同比 本月 去年同期 本年累计 去年累计 累计同比 新能源汽车 474,175 540,588 4,117,552 3,837,632 7.29% 480,186 506,804 4,182,038 3,757,336 11.30% -乘用车 469,199 536,926 4,064,839 3,820,365 6.40% 474,921 504,003 4,130,639 3,740,930 10.42% -纯电动 233,631 208,859 2,031,189 1,588,206 27.89% 237,540 198,065 2,066,002 1,557,258 32.67% -插电式混合动力 235,568 328,067 2,033,650 2,232,159 -8.89% 237,381 305,938 2,064,637 2,183,672 -5.45% -商用车 4,976 3,662 52,713 17,267 205.28% 5,265 2,801 51,399 16,406 213.29% -客车 349 449 4,422 4,205 5.16% 349 449 4,422 4,205 5.16% -其他 4,627 3,213 48,291 13,062 269.71% 4,916 2,352 46,977 12,201 285.03% 合计 474,175 540,588 4,117,552 3,837,632 7.29% 480,186 506,804 4,182,038 3,757,336 11.30% 注：本公司 2025 年 11 月出口新能源汽车合计 131,935 辆； 本公司 2025 年 11 月新能源汽车动力电池及储能电池装机总量约为 27.669 GWh，2025 年累计装机总量约为 258.282 GWh。 务请注意，上述产、销量数字未经审核，亦未经本公司审计师确认，或会予以调整并有待最终确认。本公司刊发财务业绩后，股东及 潜在投资者务必详阅。
特此公告。 比亚迪股份有限公司董事会 2025 年 12 月 1 日",2025-12-02,巨潮资讯网,https://static.cninfo.com.cn/finalpage/2025-12-02/1224841562.PDF,accepted
LC-TEXT-0024,news,中国锂电产业全面“走出去”-证券日报网,"中国锂电产业全面“走出去”-证券日报网 
 证券日报官方网站 
 网站首页 
 | 
 登录/注册 
 | 
 证券日报电子报 
 客户端 
 证券日报APP 
 安卓 
 IOS 
 微 信 
 证券日报微信 
 微 博 
 证券日报微博 
 首页 
 财经 
 公司 
 金融 
 农金 
 视频 
 ESG 
 路演 
 投服 
 地产 
 汽车 
 食品 
 TMT 
 您所在的位置： 
 网站首页 > 
 公司产业 > 
 上市公司 > 
 正文 
 中国锂电产业全面“走出去” 
 2025-12-02 23:48  来源：证券日报  
     本报记者 李万晨曦     据工业和信息化部12月1日官网消息，工业和信息化部党组书记、部长李乐成在署名文章《加快中国制造绿色低碳转型促进全球可持续发展》中提到，鼓励中国光伏、风电、锂电池、新能源汽车等优势企业“走出去”。     北京艾文智略投资管理有限公司首席投资官曹辙在接受《证券日报》记者采访时表示，2025年，在全球能源转型与国内产业升级的双重牵引下，我国锂电产业“出海”呈现出显著的结构变化。      锂电“出海”跑出“加速度”     “‘出海’已是我国锂电产业实现可持续发展的核心路径。”国际智能运载科技协会秘书长、黄河科技学院客座教授张翔在接受《证券日报》记者采访时表示，近年来，国内锂电行业产品与材料价格持续下行、行业竞争加剧。在此背景下，国内企业加速布局海外市场。     坚实的产业根基是锂电产业加速“出海”的底气所在。“我国是全球最大的锂电池生产国，锂电产业目前已构建起覆盖上游原材料、中游制造、下游终端应用的完整产业链。”深度科技研究院院长张孝荣在接受《证券日报》记者采访时表示。     在全球市场中，中国锂电产业已占据核心地位。根据工业和信息化部今年年初发布的数据，我国向全球供应70%的电池材料和60%的动力电池。海关总署统计数据显示，我国锂离子电池出口额已由2020年的159.4亿美元增长至2024年的611.21亿美元。     “从需求端来看，锂电产业积极‘出海’主要得益于全球动力电池与储能产业的蓬勃发展，这两大领域的高景气拉动我国锂电池出货量持续攀升，为行业注入强劲增长动力。”福州公孙策公关咨询有限公司合伙人詹军豪在接受《证券日报》记者采访时表示。     中国汽车动力电池产业创新联盟的数据显示，2025年1月份至10月份，中国动力和其他电池累计出口量达228.1GWh，同比增长43.9%。据24潮产业研究院（TTIR）不完全统计，2025年初至11月份，中国储能企业签订海外订单总规模合计达269.05GWh，这已经是2024年海外新型储能市场新增装机量（81.5GWh）的3.3倍。     “锂电产业‘出海’的价值不只是消化产能，更能通过规模化分摊企业研发成本，形成‘规模效应—技术迭代—成本优化’的良性循环；同时，还能带动上下游配套企业嵌入全球供应链，共享全球化红利。”中国电子商务专家服务中心副主任郭涛在接受《证券日报》记者采访时表示。      产业链企业多维度布局     “随着海外锂电市场规模持续扩容，国内锂电企业的‘出海’策略正加速迭代升级。”萨摩耶云科技集团首席经济学家郑磊在接受《证券日报》记者采访时表示，从最初的产品“出海”到如今的产能、技术、资本协同“出海”，锂电产业链已在多个维度全面“走出去”，并依托灵活的市场及运营策略，加速步入红利释放期。     作为锂电池领域龙头企业，宁德时代新能源科技股份有限公司海外布局成效显著，该公司近期在接受调研时表示，匈牙利工厂正按计划推进建设进度，其中一期规划超过30GWh，预计2025年底建成并完成安装调试，二期也在有序推进中。     除了电池企业，作为配套环节的锂电池材料企业也是“出海”动作频频。深圳新宙邦科技股份有限公司相关负责人表示，公司积极实施全球化、一体化产业链布局。CapchemPolandSp.zo.o.（波兰新宙邦）锂离子电池电解液项目是落实公司海外战略布局的重要举措，自成功投产以来，波兰新宙邦已实现电解液欧洲本地化供应并与许多海外优质客户建立了长期稳定的合作关系，实现高效交付。     广州天赐高新材料股份有限公司相关负责人表示，该公司海外建设项目主要包括摩洛哥及美国项目，摩洛哥项目目前已完成土地勘察整理，计划于2025年底至2026年一季度开工建设；美国项目已完成工厂设计及相关前期手续办理，计划2025年四季度开始土建施工，现有海外建设项目均计划于2027年底至2028年上半年完成建设。     北京科方得科技发展有限公司研究负责人张新原在接受《证券日报》记者采访时表示，锂电池产业链企业在“出海”时可采用“分步建厂+本地化采购”的策略，上游绑定海外资源，中游跟随电池客户就近配套，下游则输出高端技术与服务；提前完成合规认证，通过技术授权、合资模式规避贸易壁垒；同时搭建海外售后与回收体系，筑牢企业竞争力。 
 -证券日报网 
 热点新闻 
 私募坐得住“冷板凳”才能投得好硬科技 
 年内熊猫债发行规模超2000亿元创历史新高 
 仰望具身智能未来星空 莫忘立足产业现实支撑 
 年内318家A股公司发布定增预案 同比增长82.76% 
 24小时排行 
 一周排行 
 1 2 3 4 5 6 7 8 9 10 国新证券：打造具有央企券商特色的证券服务能力 证券日报第二届金骏马奖获奖名单 寄语龙年资本市场 国家市场监督管理总局就“加强市场监管 维护市场秩序”答记者问 共达电声重大资产重组媒体说明会现场（图片） 霞客环保重大资产重组媒体说明会现场（图片） 青云科技入选“中国信息自主资深/上市的新物种企业名单” 青云科技前三季度实现营收2.33亿元 青云科技2022上半年毛利同比增三倍 持续推进“四新”战略 东晶电子重大资产重组说明会现场（图片） 
 1 2 3 4 5 6 7 8 9 10 证券日报第二届金骏马奖获奖名单 霞客环保重大资产重组媒体说明会现场（图片） 共达电声重大资产重组媒体说明会现场（图片） 寄语龙年资本市场 国家市场监督管理总局就“加强市场监管 维护市场秩序”答记者问 青云科技入选“中国信息自主资深/上市的新物种企业名单” 青云科技前三季度实现营收2.33亿元 东晶电子重大资产重组说明会现场（图片） 青云科技2022上半年毛利同比增三倍 持续推进“四新”战略 百合股份上半年营收增长19.81% 研发与智能制造双轮驱动穿越行业周期 
 深度策划 
 新一轮以旧换新落地 激发消费新动能 
 首先，一些地方在出台与消费品以旧换新相关的…… [详情] 
 中国自动驾驶加速驶向城市道路 商业航天万亿赛道的机遇解码 
 市场快讯 
 12:41 
 亮源新创完成数亿元Pre-A轮融资 前... 
 12:26 
 七鲜咖啡24小时智能化无人咖啡店落... 
 12:25 
 “源头直采+生熟联动” 永辉超市开... 
 12:14 
 全球首款机器人手机荣耀Robot Phon... 
 12:11 
 建元信托上半年新增信托规模同比增... 
 11:16 
 上半年营收净利双增 盈康生命科技... 
 01:12 
 技术协同难 落地成本高 如何兼顾当... 
 01:12 
 生态环境部：截至7月底全国碳排放... 
 01:12 
 中国人民银行今日开展10000亿元6个... 
 01:12 
 私募坐得住“冷板凳”才能投得好硬... 
 01:12 
 让赛事流量变成消费增量 
 01:12 
 端侧AI赛道进入业绩兑现期 
 版权所有 《证券日报》社有限责任公司 
 互联网新闻信息服务许可证 10120240020 增值电信业务经营许可证 京B2-20250455 
 京公网安备 11010602201377号 京ICP备19002521号 
 证券日报网所载文章、数据仅供参考，使用前务请仔细阅读法律申明，风险自负。 
 证券日报社电话：010-83251700 网站电话：010-83251800 网站传真：010-83251801 电子邮件：xmtzx@zqrb.net 
 官方客户端 
 安卓 
 IOS 
 官方微信 
 扫一扫，加关注 
 官方微博 
 扫一扫，加关注",2025-12-02,证券日报,http://www.zqrb.cn/gscy/gongsi/2025-12-02/A1764664492934.html,accepted
GFEX-WR-20251208,announcement,广期所碳酸锂仓单日报：仓单增加2198手,广州期货交易所2025-12-08仓单日报显示，碳酸锂仓单总量为13120手，增加2198手。,2025-12-08,广州期货交易所,https://www.gfex.com.cn/gfex/cdrb/hqsj_tjsj.shtml,accepted
CNINFO-002466-1224858142,announcement,关于申请广州期货交易所氢氧化锂指定交割厂库的公告,1 证券代码：002466 证券简称：天齐锂业 公告编号：2025-058 天齐锂业股份有限公司 关于申请广州期货交易所氢氧化锂指定交割厂库的公告 本公司及董事会全体成员保证信息披露的内容真实、准确、完 整，没有虚假记载、误导性陈述或重大遗漏。 天齐锂业股份有限公司（以下简称“公司”）于2025年12月8日召开第六届董事会第二十 七次会议，审议通过了《关于申请广州期货交易所氢氧化锂指定交割厂库的议案》，同意公司 向广州期货交易所（以下简称“广期所”）申请氢氧化锂指定交割厂库的资质，并授权公司管 理层提交申请材料，并办理其他相关事宜。 氢氧化锂是公司的核心产品之一，本次申请广州期货交易所氢氧化锂指定交割厂库有利于 进一步扩大公司在业内的知名度和影响力，提高公司的规范管理水平；同时有利于公司将现货 市场、期货市场、交割厂库三者有机结合，进一步增强公司的抗风险能力和市场竞争力，提高 公司的盈利水平。 本次申请氢氧化锂交割厂库事宜尚存在不确定性，最终以广期所审核通过为准。公司将持 续关注本次申请事宜，并及时履行信息披露义务。请投资者谨慎投资并注意投资风险。 特此公告。 天齐锂业股份有限公司董事会 二〇二五年十二月九日,2025-12-09,巨潮资讯网,https://static.cninfo.com.cn/finalpage/2025-12-09/1224858142.PDF,accepted
CNINFO-300390-1224862955,announcement,关于增加期货套期保值业务额度的公告,"证券代码：300390 证券简称：天华新能 公告编号：2025-065 苏州天华新能源科技股份有限公司 关于增加期货套期保值业务额度的公告 重要内容提示： 1、交易目的：为避免锂电材料价格波动带来的不利影响，苏州天华新能源科技 股份有限公司（以下简称“上市公司”）及控股子公司（上市公司与控股子公司以 下统称“公司”）拟开展期货套期保值业务，通过期货套期保值的避险机制降低市场 价格波动给公司带来的经营风险，保持公司经营业绩持续稳定。 2、交易金额：根据业务实际需要，拟将公司开展期货套期保值业务所需交易保 证金上限由不超过人民币 5 亿元增加至不超过人民币 10 亿元；任一交易日持有的最 高合约价值由不超过人民币 20 亿元增加至不超过人民币 25 亿元，上述额度在有效 期限内可循环滚动使用。本次业务期限内任一时点的交易金额（含前述交易的收益 进行再交易的相关金额）将不超过前述已审议额度。 3、公司拟开展的期货套期保值的品种为与上市公司及控股子公司生产经营有直 接关系的锂盐及生产锂盐所需原材料等相关期货品种。交易场所包括符合国内监管 要求的公开交易所及具备合法资质的境外交易所。 4、审议程序：该事项已经上市公司第六届董事会第二十九次会议审议通过，尚 需提交上市公司 2025 年第四次临时股东大会审议。 5、特别风险提示：公司进行期货套期保值业务不以投机、套利为目的，均以正 常生产经营为基础，主要为有效规避锂电材料价格剧烈波动对公司经营带来的影响， 但进行套期保值交易仍存在一定的风险。敬请投资者注意投资风险。 上市公司于 2025 年 12 月 9 日召开第六届董事会第二十九次会议和第六届监事 本公司及董事会全体成员保证信息披露的内容真实、准确、完整，没有虚假 记载、误导性陈述或重大遗漏。
会第二十一次会议，审议通过了《关于增加期货套期保值业务额度的议案》，因公 司业务发展的需要，拟开展期货套期保值业务，现将有关情况公告如下： 一、开展期货套期保值业务的目的和必要性 近年来，锂电材料价格波动巨大，为降低市场价格波动给公司带来的经营风险， 保持公司经营业绩持续稳定，公司拟利用期货衍生品等工具的避险保值功能，根据 生产经营计划择机开展期货套期保值业务，增强公司抗风险能力，有效降低市场价 格波动风险，保障业务的持续规模化经营和企业稳步发展。 二、开展期货套期保值业务的基本情况 上市公司董事会授权经营管理层及其授权人士开展期货套期保值业务，并按照 上市公司制定的《期货套期保值业务管理制度》相关规定及流程，进行套期保值业 务操作及管理。 1、交易品种 公司开展期货套期保值业务的期货品种为与上市公司及控股子公司生产经营有 直接关系的锂盐及生产锂盐所需原材料等相关期货品种。 2、交易工具 远期、期货、期权等衍生品合约。 3、交易场所 交易场所包括符合国内监管要求的公开交易所及具备合法资质的境外交易所。 4、资金额度 根据业务实际需要，拟将公司开展期货套期保值业务所需交易保证金上限由不 超过人民币 5 亿元增加至不超过人民币 10 亿元；任一交易日持有的最高合约价值由 不超过人民币 20 亿元增加至不超过人民币 25 亿元，上述额度在有效期限内可循环 滚动使用。本次业务期限内任一时点的交易金额（含前述交易的收益进行再交易的 相关金额）将不超过前述已审议额度。
5、资金来源 公司自有及自筹资金，不涉及募集资金。 6、业务期限 自上市公司 2025 年第四次临时股东大会审议通过之日起 12 个月内有效。如单 笔交易的存续期超过了授权期限，则授权期限自动顺延至该笔交易终止时止。 三、期货套期保值业务审议程序 本次期货套期保值业务已经上市公司第六届董事会第二十九次会议和第六届监 事会第二十一次会议审议通过，尚需提交上市公司股东大会审议。 四、开展期货套期保值业务的风险分析 公司开展期货套期保值业务不以投机为目的，主要为有效降低新能源市场原材 料及产成品市场价格剧烈波动可能对公司经营带来的影响，但同时也会存在一定的 风险，具体如下： 1、市场风险 理论上，各期货交易品种在临近交割期时期货市场价格和现货市场价格将趋于 回归一致，但在极个别的非理性市场情况下，如市场发生系统性风险，期货价格与 现货价格走势相背离等，会对公司的套期保值操作方案带来影响，甚至造成损失。 2、政策风险 如期货市场相关法规政策发生重大变化，可能导致市场发生剧烈波动或无法交 易的风险。 3、流动性风险 期货交易采取保证金和逐日盯市制度，按照经上市公司审批的方案下单操作时， 如果合约活跃度较低，导致套期保值交易需求无法成交或无法在适当价位成交，令 实际交易结果与方案设计出现较大偏差，甚至面临因行情剧烈波动未能及时补足保 证金而被强行平仓带来的损失。
4、内部控制风险 期货交易专业性较强，复杂程度较高，可能会产生由于内控体系不完善造成的 风险。 5、技术风险 由于无法控制和不可预测的系统故障、网络故障、通讯故障等造成交易系统非 正常运行，导致交易指令延迟、中断或数据错误等问题。 五、风险控制措施 1、上市公司已依据有关法律法规制定《期货套期保值业务管理制度》，对公司 开展期货套期保值业务的审批权限、操作流程及风险控制等方面做出明确的规定， 建立有效的监督检查、风险控制和交易止损机制，降低内部控制风险； 2、合理设置公司期货业务组织机构，建立岗位责任制，明确各相关部门和岗位 的职责权限，严格在上市公司批准的权限内办理公司期货套期保值业务。同时，加 强相关人员的职业道德教育及业务培训，提高相关人员的综合素质，提升相关人员 的专业知识； 3、公司期货套期保值业务仅限于与公司经营业务相关性高的期货品种，业务规 模将与公司经营业务相匹配，最大程度对冲价格波动风险。在制订交易方案的同时 做好资金测算，以确保可用资金充裕；严格控制套期保值的资金规模，合理规划和 使用资金，在市场剧烈波动时做到合理止损，有效规避风险； 4、公司内部审计部门定期及不定期对套期保值交易业务进行检查，监督套期保 值交易业务人员执行风险管理制度和风险管理工作程序，及时防范业务中的操作风 险； 5、公司不断加强相关工作人员的职业道德教育及业务培训，提高综合素质。加 强对国家及相关监管机构政策的把握和理解，及时合理地调整套期保值思路与方案。 六、开展期货套期保值业务的会计核算原则 公司根据《企业会计准则第 22 号——金融工具确认和计量》《企业会计准则第
24 号——套期会计》《企业会计准则第 37 号——金融工具列报》《企业会计准则 第 39 号——公允价值计量》等相关规定及其指南，对期货套期保值业务进行相应的 核算处理，并在财务报告中正确列报。 七、独立董事专门会议意见 经审议，全体独立董事认为：公司开展期货套期保值业务是以风险防范为目的， 有利于降低原料或产品价格波动风险，符合公司业务发展及日常经营需要，有利于 公司长期稳健发展。公司通过开展期货套期保值业务来规避原料或产品价格波动风 险是合理的。相关决策程序符合国家相关法律、法规及《公司章程》的有关规定。 上市公司已制定《期货套期保值业务管理制度》，明确了审批权限、专业管理、风 险控制等内部控制程序，对公司控制期货套期保值风险起到了保障的作用。上市公 司亦对期货套期保值业务的开展作出了明确规定，不存在损害上市公司和全体股东 尤其是中小股东利益的情形。综上，我们一致同意公司增加期货套期保值业务额度 事项。 八、备查文件 1、上市公司第六届董事会独立董事 2025 年第五次专门会议决议； 2、上市公司第六届董事会第二十九次会议决议； 3、上市公司第六届监事会第二十一次会议决议； 4、《苏州天华新能源科技股份有限公司关于增加期货套期保值业务额度的可行 性分析报告》。 特此公告。 苏州天华新能源科技股份有限公司董事会 2025 年 12 月 9 日",2025-12-10,巨潮资讯网,https://static.cninfo.com.cn/finalpage/2025-12-10/1224862955.PDF,accepted
GFEX-WR-20251211,announcement,广期所碳酸锂仓单日报：仓单增加1070手,广州期货交易所2025-12-11仓单日报显示，碳酸锂仓单总量为14750手，增加1070手。,2025-12-11,广州期货交易所,https://www.gfex.com.cn/gfex/cdrb/hqsj_tjsj.shtml,accepted
LC-TEXT-0025,news,锂电池企业纷纷涨价,"锂电池企业，纷纷涨价_天天基金网 
 财经 焦点 股票 新股 期指 期权 行情 数据 全球 美股 港股 期货 外汇 银行 基金 理财 债券 直播 股吧 基金吧 博客 财富号 搜索 
 基 金 
 基 金 
 基金经理 
 基金公司 
 请输入基金代码、名称或简拼 
 搜索 
 进基金吧 
 搜资讯 
 代码查询 | 费率查询 | 公司查询 
 关闭 
 热门： 
 基金申购费率全面1折(个别除外) | 发现好基金 | 稳健理财最高年化收益3-8% | 基金公司大全 | 基金经理大全 | 新发基金 | 80岁老人也能买的保险 | 下载App随时买基金 
 首页 > 正文 
 锂电池企业，纷纷涨价 
 2025年12月11日 11:33 
 来源： 
 上海证券报 
 编辑： 东方财富网 
 天天基金网APP 
 方便、快捷 
 浏览财经快讯 
 随时、随地 
 查净值买基金 
 手机上阅读文章 
 提示： 
 微信扫一扫 
 分享到您的 
 朋友圈 
 大 
 中 
 小 
 　　临近年末价格谈判窗口期，上游锂电材料的涨价已蔓延至产业链下游。 　　12月9日， 锂电池 厂商德加能源发布通知称，因上游原材料价格持续上涨， 电池 生产成本提升，公司决定自12月16日起对旗下 电池 系列产品售价上调15%。 　　同日，软包 电池 龙头 孚能科技 也在互动平台表示，目前公司正在和客户积极沟通涨价事宜，部分产品已经实现涨价。 　　从2024年的库存去化，到2025年下半年的供不应求，锂电产业链在一年多时间里经历了一轮价格大幅波动。开源 证券 在最新研报中表示，动力、 储能 、 消费电子 等下游需求旺盛，驱动行业供需关系改善，产业链中格局较好、产能偏紧的环节已率先开启涨价。 多家 锂电池 企业宣布提价 　　“自2025年11月以来， 锂电池 核心原材料价格出现结构性大幅上涨。”谈及涨价原因，德加能源在通知中表示，近期，受锂电池原材料价格大幅上涨的影响，电池生产成本提高。 　　据介绍，六氟磷酸锂两个月内从5.5万元/吨上涨至12万元/吨，涨幅超118%；钴酸锂价格从年初的14万元/吨飙升至11月的35万元/吨，涨幅超150%；电池级碳酸锂目前价格已突破9.4万元/吨，11月单月涨幅超16%；头部厂商宣布，自2026年起磷酸铁锂正极加工费上调3000元/吨。 　　德加能源表示，本次价格调整系为应对短期原材料成本波动，后续公司将根据市场供需及成本变化动态优化价格体系。 　　无独有偶， 孚能科技 也向市场透露：公司正在和客户沟通涨价事宜，部分产品已经实现涨价。 　　对此， 孚能科技 相关负责人向上海 证券 报记者介绍，目前部分产品已经实现涨价，一方面是上游电解液、正极等材料确有涨价，公司已建立完善的价格联动机制去传导原材料涨价，另一方面当下需求景气度对价格也有支撑。 　　12月5日，孚能科技宣布收到广汽埃安 新能源 汽车股份有限公司（以下简称“广汽埃安”）第二代AION V（霸王龙）欧洲版、AION UT 欧洲版项目定点，以上车型预计将成为广汽埃安在欧洲市场销售的主要车型。此次定点将搭载孚能科技SPS磷酸铁锂电池系统方案，订单总电量超10GWh。 产业链涨价潮或将延续 　　受2026年需求向好及市场情绪推动，当前锂电产业链产能利用率攀升，多个环节陆续涨价。 　　据鑫椤锂电发布的锂电产业链12月预排产数据，样本企业中电池排产143.3GWh，环比增长2.3%。同时，继六氟磷酸锂、电解液添加剂VC等锂电材料涨价后，近期隔膜行业和磷酸铁锂行业也迎来大幅调价，产业链景气度持续向好。 　　据悉，多家磷酸铁锂企业已向客户发出明确的涨价通知。一家磷酸铁锂龙头企业在近期的价格调整方案中称，自2026年1月1日起，公司全系列铁锂产品加工费在现有基础上，上调3000元（未税价）每吨。后续若市场或者原材料价格发生重大波动，产品价格再重新进行商议。 　　此外，某隔膜行业一梯队企业近期也发布调价通知书，宣布对其湿法隔膜产品售价进行调整，上调幅度达30%。鑫椤锂电分析师陈雷雨表示，预计本轮锂电隔膜整体涨价幅度可达20%以上，有望带动隔膜企业业绩由亏损或盈亏打平转为盈利。 　　 湖南裕能 近日在投资者电话会中表示，涨价主要是基于公司产品供不应求，尤其是新产品供需矛盾突出；其次原材料价格上涨带来成本压力，目前公司与客户的涨价谈判已取得较好效果。 　　“上游原材料成本上涨，叠加前期价格战导致企业利润微薄甚至亏损，涨价成为修复盈利的必然选择。”有锂电行业人士对记者表示。 　　工银瑞信基金相关研报认为，2025年锂电需求超预期，头部企业订单持续火爆，供需格局改善带来产业链盈利预期提升。2026年，全球 储能 景气度高增，成为锂电需求增长的最大来源，叠加国内外 新能源 汽车渗透率有望进一步提升、 固态电池 产业催化，板块高景气度有望延续。 （文章来源：上海 证券 报） 
 (原标题：锂电池企业，纷纷涨价) 
 (责任编辑：6) 
 [热门]   免费查看板块强弱指标   重要机构持股数据   主力逆势布局的奥秘(附股) [关注]   捕捉还原主力交易现场   低风险套利机会出现   买热门基金申购费率全面1折 
 理财助手 天天基金手机版，移动理财好助手 
 基金交易 
 活期宝 
 稳健理财 
 指数宝 
 自选基金 
 基金净值 
 投顾管家 
 基金排行 
 高端理财 
 基金评级 
 资讯 
 基金吧 
 品牌基金公司 更多 
 A 安信 B 博时 宝盈 C 长安 长城 长盛 财通 长信 D 德邦 大成 东方 东海 东吴 F 富安达 富国 方正富邦 G 光大 广发 国富 国金 国开泰富 国联安 国寿安保 国泰 国投瑞银 工银 H 华安 华宝 华宸未来 华富 汇丰晋信 海富通 华润 华融证券 华商 华泰柏瑞 红土创新 汇添富 红塔红土 华夏 J 嘉合 景顺长城 嘉实 九泰 江信 建信 金鹰 金元顺安 交银 M 大摩 民生 N 诺安 诺德 南方 农银 P 平安 鹏华 浦银 Q 前海开源 R 融通 S 东方资管 上投 申万 X 兴业 兴银 Y 易方达 Z 招商 中银 
 网友点击排行 
 基金 
 财经 
 股票 
 基金吧 
 1 
 黑天鹅突袭！大宗商品集体跳水！日本加息突生大变数 
 2 
 A股三大指数集体收跌 创新药概念股逆市走强 
 3 
 利好突至！A股芯片巨头业绩大超预期 
 4 
 A股跳空高开 尾盘却突发跳水 超4300股下跌！发生了什么？ 
 5 
 8月13日晚间沪深上市公司重大事项公告最新快递 
 6 
 DeepSeek正式涨价！算力供需缺口凸显 国产AI芯片或迎价值重估(附股) 
 7 
 高达100% 美国将对进口无人机及零部件征收关税 
 8 
 午后爆发！600亿光模块龙头 1秒涨停后又炸板 网友：好深的套路 幸好没买 
 9 
 长鑫科技市值今日超越腾讯控股 
 10 
 央行：8月14日开展10000亿元买断式逆回购操作 
 1 
 黑天鹅突袭！大宗商品集体跳水！日本加息突生大变数 
 2 
 A股三大指数集体收跌 创新药概念股逆市走强 
 3 
 利好突至！A股芯片巨头业绩大超预期 
 4 
 A股跳空高开 尾盘却突发跳水 超4300股下跌！发生了什么？ 
 5 
 8月13日晚间沪深上市公司重大事项公告最新快递 
 6 
 DeepSeek正式涨价！算力供需缺口凸显 国产AI芯片或迎价值重估(附股) 
 7 
 高达100% 美国将对进口无人机及零部件征收关税 
 8 
 午后爆发！600亿光模块龙头 1秒涨停后又炸板 网友：好深的套路 幸好没买 
 9 
 长鑫科技市值今日超越腾讯控股 
 10 
 20%涨停！万亿巨头17亿重仓杀入！26万手封单锁死 引爆算力硬件赛道 
 1 
 黑天鹅突袭！大宗商品集体跳水！日本加息突生大变数 
 2 
 A股三大指数集体收跌 创新药概念股逆市走强 
 3 
 利好突至！A股芯片巨头业绩大超预期 
 4 
 A股跳空高开 尾盘却突发跳水 超4300股下跌！发生了什么？ 
 5 
 8月13日晚间沪深上市公司重大事项公告最新快递 
 6 
 DeepSeek正式涨价！算力供需缺口凸显 国产AI芯片或迎价值重估(附股) 
 7 
 高达100% 美国将对进口无人机及零部件征收关税 
 8 
 午后爆发！600亿光模块龙头 1秒涨停后又炸板 网友：好深的套路 幸好没买 
 9 
 20%涨停！万亿巨头17亿重仓杀入！26万手封单锁死 引爆算力硬件赛道 
 10 
 韩国股市重回技术性牛市 AI交易回归 但多元化变得更重要 
 1 
 央行买金不停！黄金持续上涨，还追吗？ 
 59927 
 2 
 创新药狂飙！百花医药6连板，医药主升浪刚刚开始！ 
 59163 
 3 
 美伊僵局油价四连涨，黄金照涨拐点确认！ 
 59107 
 4 
 美AI概念大反弹，我坚定看好人工智能，继续做多 
 58079 
 5 
 脑机接口密集催化！商业化元年将至！ 
 57803 
 6 
 宇树上市倒计时！人形机器人现在有机会吗？ 
 57664 
 7 
 宇树上市带动产业链重估！人形机器人机会真的来了！ 
 57269 
 8 
 融资935亿！机器人从炫技走向量产，风口正当时！ 
 57206 
 9 
 人形机器人第一股！宇树上市进入倒计时 
 56808 
 10 
 日韩集体爆拉！我找到了亚太这波科技行情的上车姿势 
 32372 
郑重声明：天天基金网发布此信息目的在于传播更多信息，与本网站立场无关。天天基金网不保证该信息（包括但不限于文字、数据及图表）全部或者部分内容的准确性、真实性、完整性、有效性、及时性、原创性等。相关信息并未经过本网站证实，不对您构成任何投资决策建议，据此操作，风险自担。数据来源：东方财富Choice数据。 
 将天天基金网设为上网首页吗？        将天天基金网添加到收藏夹吗？ 
 关于我们 | 资质证明 | 研究中心 | 联系我们 | 安全指引 | 免责条款 | 隐私条款 | 风险提示函 | 意见建议 | 在线客服 | 诚聘英才 
 天天基金客服热线：95021  | 客服邮箱： vip@1234567.com.cn | 人工服务时间：工作日 7:30-21:30 双休日 9:00-21:30 郑重声明： 天天基金系证监会批准的基金销售机构[000000303] 。天天基金网所载文章、数据仅供参考，使用前请核实，风险自负。 中国证监会上海监管局网址： www.csrc.gov.cn/pub/shanghai CopyRight  上海天天基金销售有限公司  2011-现在  沪ICP证：沪B2-20130026   网站备案号：沪ICP备11042629号-1 
 A 安联基金 安信基金 B 博道基金 渤海汇金 北京京管泰富基金 百嘉基金 贝莱德基金管理 博时基金 宝盈基金 博远基金 C 长安基金 长城基金 长城证券 财达证券 淳厚基金 创金合信基金 长江证券(上海)资管 长盛基金 财通基金 财通资管 诚通证券 长信基金 财信基金 财信证券 D 德邦基金 德邦证券资管 大成基金 东财基金 达诚基金 东方阿尔法基金 东方红资产管理 东方基金 东莞证券 东海基金 东海证券 东吴基金 东吴证券 东兴基金 东兴证券 第一创业 东证融汇证券资产管理 F 富安达基金 蜂巢基金 富达基金(中国) 富国基金 富荣基金 方正富邦基金 方正证券 G 光大保德信基金 国都证券 广发基金 广发资产管理 国海富兰克林基金 国海证券 国金基金 国联安基金 国联基金 格林基金 国联民生 国联证券资产管理 国融基金 国寿安保基金 国泰海通资管 国泰基金 国投瑞银基金 国投证券 国投证券资产管理 国新国证基金 国信资管 国信证券 国新证券股份 工银瑞信基金 国元证券 H 华安基金 汇安基金 华安证券 华安证券资产管理 汇百川基金 华宝基金 华宸未来基金 华创证券 泓德基金 华富基金 汇丰晋信基金 海富通基金 宏利基金 汇泉基金 华润元大基金 华商基金 惠升基金 恒生前海基金 华泰柏瑞基金 华泰保兴基金 红土创新基金 汇添富基金 红塔红土 华泰证券(上海)资产管理 华夏基金 华西基金 华鑫证券 合煦智远基金 华银基金 恒越基金 弘毅远方基金 J 嘉合基金 金融街证券 景顺长城基金 嘉实基金 九泰基金 建信基金 江信基金 金信基金 金鹰基金 金元顺安基金 交银施罗德基金 K 凯石基金 L 联博基金 路博迈基金(中国) M 摩根基金(中国) 摩根士丹利基金 民生加银基金 明亚基金 N 诺安基金 诺德基金 南方基金 南华基金 南京证券 农银汇理基金 P 平安基金 鹏安基金管理 平安证券 鹏华基金 浦银基金 鹏扬基金 Q 泉果基金 前海开源基金 前海联合 R 人保资产 瑞达基金 融通基金 睿远基金 S 上海光大证券资产管理 上海海通证券资产管理 上海证券 施罗德基金(中国) 申万宏源证券 申万宏源证券资产管理 申万菱信基金 苏新基金 山西证券 上银基金 尚正基金 山证(上海)资管 T 天风(上海)证券资产管理 天风证券 天弘基金 泰康基金 太平基金 太平洋 同泰基金 泰信基金 天治基金 W 万家基金 万联资管 X 西部利得基金 西部证券 湘财基金 湘财证券 信达澳亚基金 信达证券 先锋基金 新华基金 兴合基金 兴华基金 西南证券 新沃基金 兴业基金 鑫元基金 兴银基金管理 兴证全球基金 兴证资管 Y 英大基金 易方达基金 银河金汇证券 银华基金 银河基金 粤开证券 益民基金 易米基金 圆信永丰基金 永赢基金 Z 中庚基金 中海基金 中航基金 中金财富 中金公司 中加基金 中金基金 中欧基金 朱雀基金 招商基金 浙商基金 浙商证券资管 招商证券资管 中泰证券(上海)资管 中信保诚基金 中信建投 中信建投基金 中信证券 中信证券资产管理 中银基金 中邮基金 众盈基金 中银证券 中原证券 
 举报 
 举报原因： 
 广告 
 色情 
 人身攻击 
 恶意灌水 
 谣言 
 侵权（诽谤、抄袭、冒用等） 
 确定   
 取消 
 举报邮箱： jubao@eastmoney.com 
 举报 
 举报成功！ 
 关闭",2025-12-11,东方财富网,https://fund.eastmoney.com/a/202512113588688012.html,accepted
LC-TEXT-0026,news,磷酸铁锂企业涨声四起 多家企业回复涨价事宜,"磷酸铁锂企业涨声四起 多家企业回复涨价事宜 多数企业订单已饱和 
 广告 人民日报主管 《中国能源报》社有限公司主办 网站地图 联系我们 
 首页 
 即时新闻 
 能源要闻 
 焦点关注 
 能源评论 
 能源党建 
 热点专题 
 生态环保 
 人事动态 
 能源城市 
 环球视野 
 产业聚焦 
 电网电力 
 新能源 
 油气 
 磷酸铁锂企业涨声四起 多家企业回复涨价事宜 多数企业订单已饱和 来源：上海有色网 2025年12月17日 16:16 近期，市场关于磷酸铁锂企业酝酿涨价的消息层出不穷。12月15日，财联社方面还表示，在近期召开的中国化学与物理电源行业协会磷酸铁锂材料分会第一届第三次理事会会议上获悉，多家头部企业已开始对产品价格进行调整。磷酸铁锂行业正掀起一波密集的提价浪潮。据了解，一家主要厂商已明确2026年起全系列磷酸铁锂产品加工费将统一上调。 另有行业人士透露，前期已经对客户落地提价。也有企业仍在与客户进行紧锣密鼓地谈判，但也表示“涨价已成为大势所趋”，这有望修复行业企业利润水平。 据不完全了解，目前已经有包括龙蟠科技、湖南裕能、万润新能、德方纳米、安达科技等在内的多家企业在回复投资者问询或是接受媒体采访时回应了涨价的相关事宜。SMM大致整理如下： 龙蟠科技在12月4日前后接受《华夏时报网》记者的采访时曾表示，公司销售目前正在与客户商议相关的涨价事宜，但并没有公开发布提价函。提及涨价的原因，龙蟠科技表示，一是成本提升，二是下游需求增长，另外，行业也在反内卷。 而湖南裕能身为国内磷酸铁锂头部厂商之一，其此前也透露出涨价的消息，在接受投资者活动调研时被问及公司涨价的基础，湖南裕能表示，主要是基于公司产品供不应求的市场情况，尤其是新产品系列供需矛盾突出，以及部分原材料价格上涨带来的压力，公司与客户积极开展商务谈判，目前已取得较好的效果。 万润新能也在此前接受投资者活动调研时被问及这段时间产品涨价的背景和落地情况，公司回应称，下游储能、动力市场持续高景气，尤其是在政策推动、经济性和 AIDC 配储等国内外新型增量场景频出等因素共同催化下，储能市场对于磷酸铁锂产品的需求大增。同时，行业整体经过两年多的亏损，扩产节奏放缓，2025 年第三季度，公司综合毛利率较上年同期上升 3.28%，业绩亏损逐步收窄。目前，公司已与客户开展商务谈判，并取得积极效果。 德方纳米在11月20日接受投资者问询时被问及“反内卷背景下，公司磷酸铁锂价格是否存在提价空间”的问题，彼时，公司回应称，“反内卷”可以促进行业回归良性竞争、有序发展，有利于促进产业链上下游逐步形成供需动态平衡、技术持续创新、产品质量跃迁的正向循环。公司将根据市场及产品综合情况，适时调整销售策略。之后，在接受媒体采访相关涨价事宜时表示，公司正在跟客户针对涨价的事情进行商务谈判，公司表示， “目前磷酸铁锂价格本来就处于低位，叠加现在需求特别好。磷酸铁锂和碳酸锂是联动的，碳酸锂涨价，磷酸铁锂售价也会上涨的。我们产品价格就是市场的价格。” 安达科技方面在接受媒体采访时也提到，今年公司的产品价格肯定有上调，因为每家客户的议价能力不一样，议价结果也不一样。其表示，当前整个磷酸铁锂厂家的涨价意愿都比较强烈，当前具备三代产品（高压实）以上产品量产能力的企业基本是满产满销的状态，也给大家提供了涨价的基础。 而针对磷酸铁锂企业酝酿涨价相关事宜的情况，SMM近期也有跟进调研，据SMM了解，近期，磷酸铁锂企业与下游电芯厂继续展开涨价谈判，头部企业本次展开的是第二轮谈涨，但大部分其他的材料厂第一轮谈涨仍未落地。下游电芯厂整体仍处于接受原料涨价导致正极材料有涨价的趋势，但实际涨价落地仍需进一步等待上下游的谈判结果。 原材料价格上涨、下游需求超预期、反内卷等因素带动磷酸铁锂报价上涨 磷酸铁锂现货报价方面，随着碳酸锂价格的持续上涨，不同压实密度的磷酸铁锂价格也均有不同程度的上涨，以磷酸铁锂动力型压实密度≥2.55g/cm³的价格为例，截止12月16日，其现货报价涨至40850~46050元/吨，均价报43450元/吨，较6月24日的32930低点上涨10520元/吨，涨幅达31.95%；磷酸铁锂储能型压实密度≥2.50g/cm³现货报价在12月16日涨至38750~42050元/吨，均价报40400元/吨，较6月23日的低点31000元/吨上涨9400元/吨，涨幅达30.32%。 对于磷酸铁锂涨价的原因，前文磷酸铁锂企业已经有所提及，主要便是原材料碳酸锂涨价，下游需求持续向好，磷酸铁锂高端产品供应偏紧以及行业反内卷等因素综合带动。具体来看： 碳酸锂价格方面，据SMM现货报价显示，自6月底以来，随着国内“反内卷”政策的持续发力以及碳酸锂供应端的扰动，叠加“金九银十”带来的超预期下游旺盛需求的提振，国内碳酸锂市场进入去库周期，现货报价整体呈现上涨态势，带动以碳酸锂为原材料的六氟磷酸锂、磷酸铁锂等环节价格也有所上行。截至12月16日，国产电池级碳酸锂现货报价涨至94000~97000元/吨，均价报95850元/吨，较6月24日年内低点上涨35950元/吨，涨幅达60.02%。 下游需求方面，据SMM了解，自进入“金九银十”传统下游消费旺季以来，动力电池及储能的需求便维持增长态势，且9月份储能电芯市场便已经处于供需偏紧的态势，产量与出货量相较8月份实现环比双增；10月正极材料延续了9月的增长态势，动力与储能市场表现均十分亮眼，10月新能源汽车市场在假期消费，延续的车贷贴息政策及重点新车型交付放量的共同驱动下，零售与批发端的表现双双超预期；储能市场则延续供不应求的态势，出货量级维持高位。 进入11月，下游需求持续向好，拉动正极材料产量延续增长态势。新能源汽车板块得益于消费前置和车企提前冲量的双重驱动，11月销量仍有增长；储能电芯市场则依旧延续供不应求的态势，供应偏紧的格局持续。 而进入12月份以来，下游需求的预期表现依旧可圈可点，新能源汽车市场，SMM预计12月份，市场或迎来全年销售峰值，在厂商压价冲量与地方补贴政策窗口期临近的推动下，销量有望创下新高。但动力电芯在终端去库冲销的背景下，排产会小幅下滑；储能方面，SMM预计，为满足国内年底并网节点及海外需求增长，储能电芯排产维持高位。因此整体来看，SMM预计12月电芯排产将继续维持高位，但环比11月出现温和回落。 行业反内卷方面，11月18日，以以“合规筑基 创新降本 共生破局”为主题的《磷酸铁锂材料行业成本研究》研讨会在工业和信息化部新闻宣传中心发布厅召开。会议提到，自2022年以来，磷酸铁锂材料行业深陷产能过剩、同质化竞争泥潭，成本与价格矛盾突出，已成为锂电产业链利润承压最为严重的环节。中国化学与物理电源行业协会副秘书长汤雁表示，尽管2025年以来，受下游新能源汽车和储能市场快速增长带动，磷酸铁锂材料需求大增，头部企业订单已排至2026年，产能满产，但磷酸铁锂材料成本压力仍未根本缓解，无序竞争叠加产业链利润分配不合理，正不断瓦解我国来之不易的全球供应链优势。 针对这些痛点，汤雁发出协同行动倡议：以成本指数为“度量衡”，重建市场定价逻辑，遏制“内卷式”恶性竞争；以创新升级为“突破口”，开辟价值增长新赛道，推动行业从“规模竞争”向“质量竞争”跨越；以供需平衡为“着力点”，构建协同发展生态，引导产能有序释放。 目前大部分磷酸铁锂企业订单已饱和 这一情况能持续到几时？ 从当前磷酸铁锂产能来看，SMM表示，自2025年第三季度起，伴随下游需求持续增量，中国磷酸铁锂材料产能逐渐达到满产状态，单月开工率达到近80%，部分闲置产能投入生产。预计2026年，需求短期内不会有太大缩减，多数头部企业将扩建新产能以满足更多订单需求，预计产能将进一步增加。 而现货市场方面，据SMM了解，当前磷酸铁锂市场的订单量依旧可观。据SMM上周了解，磷酸铁锂材料厂整体生产维持稳定，大部分磷酸铁锂企业订单仍处在饱和状态，增量困难。部分中小企业逐渐成为代工厂，且订单也相对饱和，可见目前下游订单的起量让市场上原本的闲置产能逐渐运转起来。 需求端， 上周下游订单需求量维持较高水平，并预计这一现象将延续到年末。 预计12月下游电芯厂和材料厂整体排产均持平微减，比上一版本预期表现好，主要因为：虽然乘用车订单在本月表现将有小幅减弱，但由于储能和商用车订单整体仍仍有较好表现，导致下游电芯厂整体需求仍能保持相对稳定的水平。另外，头部电芯厂订单整体保持几乎满产且部分厂家维持增无可增的状态，但小电芯厂订单有所回落。 至于磷酸铁锂价格与成本的变化， SMM预计，2025年四季度磷酸铁锂正极材料价格整体随碳酸锂小幅抬升而走高，但增幅有限。更重要的取决于加工费涨价谈判结果，近期由于行业下游需求向好，导致各材料厂挺价意愿坚决，包括原料磷酸铁环节展示出较强的谈涨情绪。分细节来看，高压实材料涨价可能性较大，但中低压实由于产能过剩，以及技术门槛较低，最终涨价可能性较低。成本方面，目前而言内行业整体成本已处在相对较低水平，短期内较难有明显变化，长远来看，降低原料成本（如：部分掺混回收材料）或将成为企业考虑降本的趋势。 远期价格来看，SMM认为，中低粉压材料（粉体压实低于2.45g/cc）由于技术门槛较低，产品同质化严重，且产能过剩，其加工费涨幅将难以继续提升。相比之下，高粉压材料（粉体压实超过2.55g/cc）由于产量有限，能够实现批量生产和交付的企业较少，因此较为稀缺，具有更强的议价能力，这类材料有望在未来提升加工费价格。同时也需要关注后续碳酸锂等原材料价格的走势对磷酸铁锂成本的影响。 根据国金证券研报，预计2025年，行业对高压密磷酸铁锂产品的需求、供给分别为73万吨、78万吨，供需整体偏紧。业内分析认为，随着2026年动力电池对高端产品需求的进一步扩大，以及储能厂商自身产品迭代，需要高端铁锂产品的支撑，预计明年高压密产品的供需，仍将持续偏紧。 东莞证券指出，当前海内外市场储能需求共振，一二线储能电芯厂商持续处于满产满销的状态。与此同时，新能源汽车市场处于传统旺季，10月新能源汽车月度销量再创新高，市场渗透率突破50%，锂电池整体需求维持景气。在下游需求旺盛带动下，近期碳酸锂、磷酸铁锂正极、6F等环节持续涨价。Q4产业链有望量价齐升，业绩逐季向上可期。对于明年锂电池整体需求的展望保持乐观，产业链供需格局趋于改善。 而全球储能市场的持续扩张也令市场对储能行业对未来锂市场的带动情况十分看好，据财联社方面消息，行业咨询机构Adamas Intelligence指出，随着电动汽车普及进入相对成熟阶段，储能需求的增长将成为2026年电池生产进而影响锂需求的“最大波动因素”。花旗集团、瑞银集团和伯恩斯坦预测，这种扩张将推动全球锂市在明年出现供不应求的局面。储能领域对锂的需求明年可能增长55%，远超电动汽车领域19%的增幅。 投稿与新闻线索: 微信/手机: 15910626987 邮箱: 95866527@qq.com 欢迎关注中国能源官方网站 分享让更多人看到 中国能源网版权作品，未经书面授权，严禁转载或镜像，违者将被追究法律责任。 即时新闻 加载更多新闻 要闻推荐 生态环境部：碳排放权交易市场将扩至石化、化工等行业 截至今年6月 我国可再生能源制氢产能规模超140万吨 煤炭产业发展最新路线图：到2030年五大供应保障基地产量占全国比重超80% 《煤炭工业发展“十五五”规划》印发 资金保障充足 政策协同用力 “六张网”等重大项目加快推进 扩投资稳增长有支撑 热点专题 精彩视频 华为浙江政企业务总经理白骋宇专访——深耕AI数据安全打造制造标杆 织密低空智联天网 赋能数字全民共享 华为浙江政企业务总经理白骋宇专访——联创共生赋能本地长效发展 华为浙江政企业务总经理白骋宇专访——筑数字基座赋能产业治理升级 精彩图集 “镍都”金昌：变矿山伤疤为绿地公园 【图片新闻】南水北调东中线一期工程调水超900亿立方米 英雄之路启程 自驾逐梦瀚海 匈牙利将关闭唯一核电站 磷酸铁锂企业涨声四起 多家企业回复涨价事宜 多数企业订单已饱和 分享到： 
 合作伙伴 
 国家发改委 
 国资委 
 国家工信部 
 自然资源部 
 生态环境部 
 国家能源局 
 矿山安监局 
 中电联 
 中煤协 
 中国华能集团公司 
 中国能建 
 中国电建 
 中国能源学会 
 中国汽车报 
 新华网-能源 
 中经网能源 
 光明网经济 
 扫描二维码关注""中国能源报""官方微信 
 关于我们 
 联系我们 
 版权声明 
 广告服务 
 本网公示 
 地址：北京市金台西路2号人民日报社新媒体大厦 联系电话：010-65369469 
 违法和不良信息举报电话：010-65369452     举报邮箱：95866527@qq.com 
 互联网新闻信息服务许可证10120190006 | 
 增值电信业务经营许可证 京B2-20240802 | 
 广播电视节目制作经营许可证(京)字第29656号 | 
 网络出版服务许可证(京)字第406号 
 中国能源网版权所有 @ 2019 中国能源报社 | 
 京ICP备14049483号-5 | 
 京公网安备 11010502033025号",2025-12-16,中国能源新闻网,https://www.cnenergynews.cn/article/4Pa065zug7k,accepted
CNINFO-000408-1224882118,announcement,关于全资子公司参与产业发展基金扩募并签署合伙协议的公告,"1 证券代码：000408 证券简称：藏格矿业 公告编号：2025-087 藏格矿业股份有限公司 关于全资子公司参与产业发展基金扩募 并签署合伙协议的公告 一、基金扩募背景 江苏藏青新能源产业发展基金合伙企业（有限合伙）（以下简称“藏青基金”） 为扩大投资规模，拟新增募集资金 14 亿元人民币。2025 年 10 月 16 日，藏格矿 业股份有限公司（以下简称“公司”）召开第十届董事会第五次（临时）会议， 审议通过了《关于全资子公司追加认购基金份额暨关联交易的议案》，同意公司 全资子公司藏格矿业投资（成都）有限公司（以下简称“藏格矿业投资”）作为 有限合伙人，使用自有资金不超过人民币 65,913.37 万元追加认购藏青基金本次 扩募份额。本次追加投资旨在保障公司前期投资价值，增强公司在盐湖提锂领域 的资源布局和持续发展能力，预期将为公司带来良好的投资回报。具体内容详见 公司在巨潮资讯网（http://www.cninfo.com.cn）披露的《关于全资子公司与专业 投资机构共同投资追加认购基金份额暨关联交易的公告》（公告编号：2025-081）。 二、最新进展情况 近日，藏格矿业投资及其他各合伙人已正式签署《江苏藏青新能源产业发展 基金合伙企业（有限合伙）合伙协议》（以下简称《合伙协议》）。本次藏青基 金扩募及合伙人变更的核心事项包括： （一）扩募实施：藏青基金计划扩募 140,000 万元，总规模从 531,000 万元 增至 671,000 万元； （二）合伙人变更：原有限合伙人宁波青出于蓝股权投资合伙企业（有限合 伙）将其所持藏青基金份额全部转让至江苏沙钢集团有限公司并退伙。其余合伙 本公司及董事会全体成员保证信息披露内容真实、准确、完整，没有虚 假记载、误导性陈述或重大遗漏。
2 人成员不变，各合伙人增资情况详见本公告中“三、基金扩募后的基本情况”。 三、基金扩募后的基本情况 藏青基金计划扩募 140,000 万元，总规模从 531,000 万元增至 671,000 万元， 各合伙人出资方式均为人民币现金出资。扩募前后各合伙人的认缴情况如下： 序号 合伙人名称 合伙人 类型 扩募前 本次追加认 缴金额 扩募后 认缴金额 （万元） 认缴比例 认缴金额 （万元） 认缴比例 1 无锡拓海股权 投资基金管理 有限公司 普通合 伙人 1,000.0000 0.1883% 8,173.2580 9,173.2580 1.3671% 2 藏格矿业投资 （成都）有限 公司 有限合 伙人 250,000.0000 47.0810% 65,913.3710 315,913.3710 47.0810% 3 江苏沙钢集团 有限公司 有限合 伙人 100,000.0000 18.8324% 52,730.6968 252,730.6968 37.6648% 4 宁波青出于蓝 股权投资合伙 企业（有限合 伙） 有限合 伙人 100,000.0000 18.8324% - - - 5 成都云图控股 股份有限公司 有限合 伙人 50,000.0000 9.4162% 13,182.6742 63,182.6742 9.4162% 6 无锡威孚高科 技集团股份有 限公司 有限合 伙人 30,000.0000 5.6497% - 30,000.0000 4.4709% 合计 -- 531,000.0000 100.0000% 140,000.0000 671,000.0000 100.0000% 注：1、上表中藏青基金扩募后的认缴出资数据源自各合伙人签署的合伙协议，各方最终出 资结果以藏青基金实际募集情况为准；2、本次扩募同时，宁波青出于蓝股权投资合伙企业（有 限合伙）将持有的藏青基金 100,000.0000 万元份额全部转让给江苏沙钢集团有限公司。 四、《合伙协议》主要内容 1、存续期 合伙企业首次交割日起的十年为合伙企业的“存续期”；其中合伙企业首次 交割日起的六年为合伙企业的“投资期”，投资期后的三年为合伙企业的“退出
3 期”，退出期满后如合伙企业的投资项目未能达到预期，普通合伙人可以视情况 延长退出期限，但最长不超出合伙企业的“存续期”。虽有前述约定，若合伙企 业投资项目已实现退出，经合伙企业全体合伙人同意，合伙企业可提前清算。 2、管理费 （1）管理费是作为执行事务合伙人（基金管理人）对本合伙企业提供管理 服务以及其他服务而获得的报酬与对价，全体合伙人同意自 2021 年 11 月 9 日至 2024 年 11 月 8 日期间，按合伙企业当时实缴出资总额的 2%/年计付管理费。2024 年 11 月 9 日至 2027 年 11 月 8 日期间，按合伙企业当时实缴出资总额的 1.8%/ 年计付管理费。2027 年 11 月 9 日起不再收取任何管理费。 （2）就首次交割日所作出资，应自合伙企业设立且本基金备案通过之日起 30 日内计提并支付第一年的管理费，第二年至第六年的管理费应于每年第一季度 支付。 （3）就合伙企业自 2025 年 10 月 31 日以后所发生的新的实缴出资（包括但 不限于新合伙人入伙、现有合伙人追加出资、现有合伙人实缴其尚未缴纳的出资 份额等任何导致合伙企业实缴出资总额增加的情形），应按以下方式计付管理费： 1）一次性计提首次管理费：执行事务合伙人（基金管理人）应在新增实缴 出资到达募集结算资金专用账户之日起 7 日内，按照第（1）条约定各期间所对 应的费率分段计算 2021 年 11 月 9 日起至该笔出资实际到达募集结算资金专用账 户之日间应计的管理费金额，并一次性收取该期间的全部管理费。 2）后续管理费的收取：自该笔新增实缴出资的支付义务履行完毕之日起， 其后续的管理费计提与支付，应按照第（1）条所确定的期间和费率执行，并按 照第（2）条约定的节点支付。 3、合伙人的权利和义务 （1）普通合伙人的权利 全体合伙人一致同意，合伙企业执行事务合伙人为无锡拓海股权投资基金管 理有限公司，普通合伙人享有对合伙企业事务独占及排他的执行权，包括但不限 于：
4 1）以合伙企业的名义，作为合伙企业执行事务合伙人，代表合伙企业取得、 持有、管理、维持和处置合伙企业的资产； 2）代表合伙企业行使作为被投资企业的股东或相关权益人所享有的权利， 包括但不限于对相关事项作出决定并行使表决权； 3）采取为维持合伙企业合法存续、以合伙企业身份开展经营活动所必需或 适合的一切行动； 4）聘用专业人士、中介及顾问机构（承办审计业务的会计师事务所除外） 向合伙企业提供服务； 5）为合伙企业的投资项目或合伙企业费用决定合理的预留； 6）聘请、更换为合伙企业提供投资管理、行政管理、日常运营管理等方面 的服务的管理人或其他管理机构，订立与合伙企业投资管理、行政管理、日常运 营管理有关的协议； 7）为合伙企业的利益提起诉讼、应诉、进行仲裁、与争议对方进行谈判、 和解、采取其他法律行动或履行其他法律程序； 8）采取行动以保障合伙企业的财产安全，减少因合伙企业的业务活动而对 合伙企业、合伙人及其财产可能带来的风险； 9）根据适用法律的规定及税务监管的要求，处理合伙企业的涉税事项； 10）代表合伙企业对外签署、交付和履行协议或其他有约束力的文件而无需 任何合伙人或其他人士的任何进一步行动、批准或表决； 11）采取为实现合伙企业目的、维护或争取合伙企业合法权益所必需的、符 合适用法律或本协议约定的其他行动。 （2）普通合伙人的无限责任 普通合伙人对于合伙企业的债务承担无限连带责任。 （3）有限合伙人的权利 1）根据相关适用法律和本协议的规定，就相关事项行使表决权；
5 2）获取本协议约定的定期报告； 3）按照本协议约定参与合伙企业收益分配的权利； 4）按照本协议约定转让其在合伙企业中权益的权利； 5）按照本协议约定决定普通合伙人除名和更换的权利； 6）按照本协议约定的属于有限合伙人的其他权利。 （4）有限合伙人的有限责任 有限合伙人以其认缴出资额为限对合伙企业债务承担责任。 4、投资业务 （1）投资范围 本基金将投资于盐湖锂矿企业。 （2）投资目标 合伙企业募集资金将投资于全球新能源电池原料盐湖锂矿企业，并进行并购 整合，通过基金管理公司的专业管理能力，基金发起人的技术优势，为目标企业 提供整套产业化方案，资源整合，资本市场对接，给目标企业带来生产和经营的 规模经济效应，大幅提升公司价值。 （3）投资决策 合伙企业将成立投资决策委员会，负责基金投资、退出的相关决策。投资决 策委员会由 3 人组成，全部由管理人委派。投资委员会按照一人一票的方式对基 金投资、退出相关事项作出决议。除本协议另有约定外，投资决策委员会作出决 议应取得全部委员通过。 （4）举债 本合伙企业对外举债应在认缴出资 20%以内，且需经所有合伙人同意。 5、收益分配与亏损分担 （1）合伙企业的可分配收入，应按下述原则进行分配：
6 1）合伙企业原则上应在任一投资项目退出（包括部分退出）并取得可分配 收入后的九十（90）日内对截至届时合伙企业所有的可分配收入进行分配； 2）就源于临时投资收入、未使用出资额及其他现金收入的可分配收入，原 则上应在该等收入达到累计人民币壹佰万元之时或普通合伙人合理决定的其他 时点进行分配； （2）在受限于本协议相关条款的前提下，归属每一合伙人的金额应当按照 下列顺序进行实际分配： 1）返还本金：首先按照出资返本的原则分配收益。项目退出时，首先按照 基金实缴金额 100%向全体合伙人进行分配，直至该合伙人在本阶段下获得的分 配总额等于其累计实缴出资额。 2）收益分配：当全体合伙人实缴出资额分配完成后如有余额，先向各合伙 人按其实缴出资额的年化 8%（按照合伙企业实际占用合伙人投资资金的实际天 数加权计算的年化单利收益率 8%，占用合伙人投资资金的实际天数以合伙人实 缴出资到达募集结算资金专用账户作为起算日）进行分配。以上分配完毕后，若 仍有剩余，基金管理人首先计提剩余收益的 20%作为业绩报酬，剩余收益的 80% 按照合伙人出资比例进行分配，即基金管理人与合伙人按 20%和 80%的比例分配 投资收益。 （3）非现金资产分配 合伙企业的经营期限届满前，合伙企业的分配原则上应以现金进行。在合伙 企业清算结束前，普通合伙人应尽合理努力将合伙企业的投资以现金方式变现、 在现实可行的情况下避免以非现金方式进行分配；如合伙企业的投资项目仍然难 以变现，合伙企业可以非现金方式进行分配。如所分配的非现金资产为公开交易 的有价证券，则以分配完成之日前十五个证券交易日内该等有价证券的平均交易 价格确定其价值；其他非现金资产的价值将由普通合伙人按照市场公允价格合理 确定或由普通合伙人选定的具有相关资质的独立第三方评估机构评估确认，相关 费用计入合伙企业费用，由合伙企业承担。各合伙人同意，对投资项目或合伙企 业持有的其他证券的公允市场价值的认定应当以前述方式进行。 6、合伙权益转让及退伙
7 （1）有限合伙人权益转让 未经普通合伙人事先书面同意，有限合伙人不得以任何方式转让其在合伙企 业的全部或部分合伙权益；但是，有限合伙人拟向其关联方转让合伙权益的，普 通合伙人原则上不应不合理地拒绝。不符合本协议约定之合伙权益转让皆无效， 并可能导致普通合伙人认定该转让方为违约，普通合伙人有权要求其承担违约责 任，给合伙企业或普通合伙人造成损失的，该有限合伙人还应赔偿合伙企业或普 通合伙人因此遭受的损失。 （2）普通合伙人权益转让 除非经普通合伙人及持有合伙企业实缴出资总额三分之二以上的有限合伙 人同意，普通合伙人不应向其任何非关联方全部或部分转让其持有的任何合伙权 益。 如普通合伙人出现清算、破产、解散等法定退伙情形，确需转让其权益，且 受让人承诺承担原普通合伙人之全部责任和义务，并已经有权决策机构同意接纳 新的普通合伙人，普通合伙人方可进行转让，否则合伙企业进入清算程序。 经普通合伙人及持有合伙企业实缴出资总额三分之二（2/3）以上的有限合伙 人同意，普通合伙人可以指定一个或多个人成为普通合伙人的继受人或成为新增 的普通合伙人。 在普通合伙人转让其持有的合伙权益时，应同时转让其在本协议项下的责任 和义务，但该普通合伙人应对其作为普通合伙人期间合伙企业发生的债务承担无 限连带责任。 （3）有限合伙人退伙 经普通合伙人事先书面同意，有限合伙人可依据本协议约定转让其持有的合 伙权益或通过其他方式退出合伙企业，除此之外，有限合伙人不得提出退伙或提 前收回出资额的要求。 如有限合伙人为满足法律、法规及有权机关的监管规定的变化而不得不提出 退伙，则该有限合伙人应依据本协议的约定通过转让其持有的合伙权益的方式退 出合伙企业。
8 在合伙企业的经营期限内，有限合伙人有下列情形之一的，普通合伙人可以 认定该有限合伙人当然退伙（视具体情况，及于该有限合伙人的全部或部分合伙 权益）： 1）依法被吊销营业执照、责令关闭撤销，或者被宣告破产； 2）持有的合伙权益被法院强制执行； 3）自然人有限合伙人死亡或法律上被宣告死亡； 4）普通合伙人经合理判断认为有限合伙人继续作为合伙企业的有限合伙人 将构成或导致违反适用法律，或导致合伙企业或普通合伙人、管理人及/或其各自 关联方受限于不可避免的法律、税务或其他监管要求带来的重大负担； 5）发生根据《合伙企业法》规定被视为当然退伙的其他情形。有限合伙人 依上述约定当然退伙时，合伙企业不应因此解散。 （4）普通合伙人退伙 普通合伙人在此承诺，除非适用法律或本协议另有规定或经普通合伙人及持 有合伙企业实缴出资总额三分之二以上的有限合伙人另行同意，在合伙企业按照 本协议约定解散或清算之前普通合伙人将始终履行本协议项下的职责，在合伙企 业解散或清算之前不会要求退伙，且其自身亦不会采取任何行动主动解散或终止。 普通合伙人发生下列任何情形之一时，当然退伙： 1）出现清算、解散、被责令关闭，或者被宣告破产的情形之一； 2）持有的全部合伙权益被法院强制执行； 3）发生根据《合伙企业法》规定被视为当然退伙的其他情形。 五、本次追加投资对公司的影响及后续安排 本次藏格矿业投资追加认购藏青基金扩募份额，有助于巩固公司在藏青基金 中的投资地位（持股比例维持 47.08%），保障对麻米措矿业、国能矿业等核心资 产的投资权益，符合公司聚焦盐湖锂资源开发的战略方向，有利于提升公司长期 竞争力和未来投资收益。 本次藏青基金扩募尚需完成工商变更登记及中国证券投资基金业协会的变",2025-12-17,巨潮资讯网,https://static.cninfo.com.cn/finalpage/2025-12-17/1224882118.PDF,accepted
CNINFO-002176-1224880823,announcement,关于公司狮子岭矿区含锂瓷石矿采矿权拟注销的公告,"1 证券代码：002176 证券简称:江特电机 公告编号：2025-074 江西特种电机股份有限公司 关于公司狮子岭矿区含锂瓷石矿采矿权拟注销的公告 本公司及董事会全体成员保证信息披露的内容真实、准确、完整，没有虚假记 载、误导性陈述或重大遗漏。 一、拟注销情况概述 宜春市自然资源局网站于近日发布了《关于拟公告注销 27 个采矿权的公示》， 内容如下：“根据《中华人民共和国矿产资源法》《矿产资源开采登记管理办法》 《自然资源部关于进一步完善矿产资源勘查开采登记管理的通知》《关于过期勘 查许可证采矿许可证数据清理工作的通知》，拟对 27 宗采矿许可证予以注销， 现向社会公示，公示时间 30 个工作日，公示期满后予以公告注销，注销后生态 修复等相关义务由原矿权人履行。”公司的江西省宜丰县狮子岭矿区含锂瓷石矿 （许可证号：C3609002014057110135188）是本次公示拟注销的 27 个采矿权之一。 二、狮子岭矿区情况 公司于 2014 年取得宜春市国土资源局颁发的江西省宜丰县狮子岭矿区含锂 瓷石矿《中华人民共和国采矿许可证》，并于 2019 年完成续期，其生产规模为 120 万吨/年，矿区面积 0.1114 平方公里。目前，原采矿证范围内的露天可采储 量已采完，根据宜春市自然资源局《江西省宜丰县狮子岭矿区陶瓷土矿资源储量 核实报告矿产资源储量评审意见书》，采矿许可证范围内仍保有(探明+控制+推 断)类矿石量(含锂瓷石矿)16413.53 千吨、伴生 Li2O 量 62393 吨，Li2O 平均品位 0.38%，未采部分主要系受到采矿许可证范围过窄的影响。 三、公司采取的措施 公司已向宜春市自然资源局提交了《关于宜丰县狮子岭矿区含锂瓷石矿拟注 销公示的异议申请》，提出相关解决方案，尽最大努力争取延续狮子岭矿区采矿 证。同时，公司正在全力办理茜坑锂矿投产前的各项准备工作，力争早日投产。 茜坑锂矿品位高、储量大、开采条件好，是我国第一个在国家自然资源部办理的 锂云母型锂矿采矿权证，开采年限 30 年，茜坑锂矿开采后，将大大提高公司锂 矿的自给率，进一步降低生产成本，提高产品利润率，对公司锂产业未来 30 年
2 的发展将起到举足轻重的作用。 本次公示为拟注销公示，是否注销以宜春市自然资源局的最终公示为准。公 司将根据有关法律法规对该事项进行处理。 特此公告。 江西特种电机股份有限公司 董事会 二〇二五年十二月十七日",2025-12-17,巨潮资讯网,https://static.cninfo.com.cn/finalpage/2025-12-17/1224880823.PDF,accepted
CNINFO-002240-1224888567,announcement,关于签署锂盐产品合作框架协议暨关联交易的公告,"证券代码：002240 证券简称：盛新锂能 公告编号：2025-089 盛新锂能集团股份有限公司 关于签署锂盐产品合作框架协议暨关联交易的公告 本公司及董事会全体成员保证信息披露内容的真实、准确和完整，没有虚 假记载、误导性陈述或重大遗漏。 特别提示： 1、本协议属于双方合作意愿和基本原则的框架性约定，双方后续的合作以 具体签订的协议为准，具体实施内容和进度尚存在不确定性。 2、本次拟签署的合作框架协议对公司本年度经营业绩不会产生影响，对公 司未来年度经营业绩的影响将视公司与合作方后续签订的具体协议以及实施情 况而确定。公司将根据框架协议进展情况严格按照相关法律法规和《公司章程》 等规定履行相应的审批程序和信息披露义务。 一、关联交易概述 1、盛新锂能集团股份有限公司（以下简称“公司”）与中创新航科技集团股 份有限公司（以下简称“中创新航”）就锂盐产品业务合作拟签署《2026-2030 年合作框架协议》，根据协议约定，中创新航（在该业务合作中，合作双方均包 含其指定的子公司）在 2026 年至 2030 年期间向公司采购锂盐产品 20 万吨，具 体年度采购量将在双方签订的子订单中进行约定。 2、公司分别于 2025 年 10 月 31 日、2025 年 11 月 17 日召开第八届董事会 第二十四次会议、2025 年第二次（临时）股东大会，审议通过了《关于公司向 特定对象发行 A 股股票方案的议案》等相关议案，同意公司向特定对象深圳盛 屯集团有限公司、中创新航和华友控股集团有限公司发行 A 股股票（以下简称 “本次发行”），上述认购主体根据本次发行方案与公司签署了《附条件生效的股 份认购协议》。本次发行完成后，中创新航将成为公司持股 5%以上股东，根据《深 圳证券交易所股票上市规则》等相关规定，中创新航构成公司关联方，本次交易 构成关联交易。
3、2025 年 12 月 19 日，公司召开第八届董事会第二十六次会议，以 9 票同 意，0 票反对，0 票弃权的表决结果审议通过了《关于签署锂盐产品合作框架协 议暨关联交易的议案》，根据《深圳证券交易所股票上市规则》及《公司章程》 的相关规定，本次交易事项尚需提交公司股东会审议；由于本次发行尚未完成， 中创新航尚未持有公司股份，届时如有其他与本次关联交易有利害关系的关联 人，应回避表决。 4、本次关联交易不构成《上市公司重大资产重组管理办法》规定的重大资 产重组，亦不构成重组上市。本次关联交易不需要经过有关部门批准。 二、关联方基本情况 1、基本情况 公司名称：中创新航科技集团股份有限公司 统一社会信用代码：91320413MA1MCGA52K 法定代表人：刘静瑜 注册资本：177,230.1858 万元 注册地址：常州市金坛区江东大道 1 号 成立日期：2015 年 12 月 08 日 主要业务：中创新航主要从事动力电池及储能系统产品的研发、生产及销售。 2、股权结构 中创新航为股权结构多元化的公众公司（证券代码 03931.HK），无控股股东、 无实际控制人。截至 2025 年 9 月 30 日，其股权结构如下： 注 1：“香港结算代理人”指香港中央结算（代理人）有限公司（HKSCC NOMINEES LIMITED），为香港中央结算有限公司的全资附属公司，作为中创新航 H 股非登记股东所持 H
股股份的名义持有人，其所持有的 H 股已包括了由部分内资股经全流通所转换成为的 H 股， 该部分 H 股已分别于 2024 年 3 月 28 日及 2025 年 9 月 5 日在联交所上市。 注 2：“其他股东”指除图中前十名股东以外的股东，包括内资股股东及 H 股股东，因单 个股东持股比例较低且分散，故汇总计算列示。 3、主要财务数据 中创新航最近一年及一期的主要财务数据如下： 单位：万元 项目 2025 年 9 月 30 日（未经审计） 2024 年 12 月 31 日（经审计） 总资产 13,808,745.94 12,247,338.30 负债合计 8,811,402.34 7,441,945.80 所有者权益合计 4,997,343.60 4,805,392.50 项目 2025 年 1-9 月（未经审计） 2024 年度（经审计） 营业收入 2,853,815.06 2,775,152.60 净利润 119,702.89 84,362.60 归属于母公司所有 者的净利润 68,459.67 59,119.60 注：以上数据来源于中创新航 2024 年年度报告、2025 年第三季度报告。 4、关联关系说明 本次发行前，中创新航未直接或间接持有公司股份，不存在关联关系。本次 发行完成后，中创新航将成为公司持股 5%以上股东，根据《深圳证券交易所股票 上市规则》等相关规定，中创新航构成公司关联方。 公司本次发行尚需深圳证券交易所审核通过并经中国证监会同意注册后方 可实施。 5、中创新航为公众公司，具有较好的履约能力。截至本公告日，中创新航 不是失信被执行人。 三、关联交易协议的定价政策及定价依据 本次关联交易为中创新航向公司采购锂盐产品，买卖双方基于公平、公正、 公开的原则，结算价格以双方均认可的市场价格为基础协商确定。交易定价公允、 合理，不存在损害非关联股东利益的情形。 四、关联交易协议的主要内容 甲方：中创新航科技集团股份有限公司 乙方：盛新锂能集团股份有限公司
1、甲乙双方同意在本框架协议采购期限内，甲方预计从乙方处总计采购锂 盐产品 20 万吨。具体年度采购量将由甲方或甲方指定的子公司与乙方或乙方指 定的子公司签订的子订单中进行约定。 2、本合同有效期自 2026 年 1 月 1 日起至 2030 年 12 月 31 日止。 3、乙方承诺以不高于同等级产品销售给其他客户的价格向甲方供应产品。 具体商务条款，以双方签订的子订单为准。以上价格均指乙方产品运抵甲方指定 收货地点的含税价格，包含包装、运输、装卸、保险等产生的费用，该等费用由 乙方承担。 4、凡因本协议引起的或与本协议有关的任何争议，由甲乙双方友好协商解 决，协商不成的，任何一方均有权向原告方所在地有管辖权的人民法院提起诉讼。 除双方发生争议的事项外，双方仍应当本着善意的原则按照本协议的约定继续履 行各自的义务。 5、本协议自甲、乙双方盖章且经乙方董事会和股东会审议通过之日起生效， 至双方就本协议所述内容执行完毕止。 公司已于 2025 年 11 月 19 日披露了《关于新增 2025 年度日常关联交易及 2026 年度日常关联交易预计的公告》，其中预计 2026 年公司与中创新航发生日 常关联交易合计不超过 30 亿元，双方 2026 年日常关联交易预计在该合作框架协 议的范围内。 五、涉及关联交易的其他安排 本次交易不涉及人员安置等情况，不存在与关联人产生同业竞争的情形，不 存在公司股权转让或者高层人事变动计划等其他安排。交易完成后不存在可能导 致公司控股股东、实际控制人及其关联人对公司形成非经营性资金占用的情形。 六、交易目的和对公司的影响 随着全球新能源汽车和储能行业的快速发展，锂产品市场需求持续增长，为 公司提供了巨大的市场空间及发展机会。公司作为领先的锂盐生产企业，积极拓 展、巩固下游优质客户，持续提升市场竞争力。公司与中创新航签署《2026-2030 年合作框架协议》，有利于公司锂盐业务的拓展，有利于强化公司与优质客户之 间长期稳定的战略合作伙伴关系，有利于提升公司未来经营的稳定性和可持续 性，增强市场竞争力，符合公司的经营发展战略。
本协议的履行对公司本年度经营业绩不会产生影响，预计将会对公司未来的 经营业绩产生积极影响，不存在损害全体股东特别是中小股东利益的情形。公司 主要业务亦不会因上述合作框架协议对关联方形成依赖，不会影响公司的独立 性。 七、与该关联人累计已发生的各类关联交易情况 截至2025年11月末，公司与中创新航（包含受同一主体控制或相互存在控制 关系的其他关联人）累计发生关联交易金额为12,252.90万元。 八、独立董事过半数同意意见 公司独立董事召开第八届独立董事第十次专门会议对本次关联交易事项进行 了审核，全体独立董事一致同意将该议案提交董事会审议，并发表意见如下：由 于公司拟向特定对象发行A股股票，发行完成后，中创新航将成为公司持股5% 以上股东，根据《深圳证券交易所股票上市规则》等相关规定，中创新航构成公 司关联方。公司与中创新航签署锂盐产品合作框架协议系公司正常经营业务需 要，交易价格依据市场价格水平，经双方平等、友好协商确定，定价公允，未损 害上市公司及公司全体股东特别是中小股东的利益。 九、风险提示 本协议属于双方合作意愿和基本原则的框架性约定，双方后续的合作以具体 签订的协议为准，具体实施内容和进度尚存在不确定性。本次拟签署的合作框架 协议对公司本年度经营业绩不会产生影响，对公司未来年度经营业绩的影响将视 公司与合作方后续签订的具体协议以及实施情况而确定。 公司将根据框架协议进展情况严格按照相关法律法规和《公司章程》等规定 履行相应的审批程序和信息披露义务。敬请广大投资者谨慎决策，注意投资风险。 十、备查文件 1、第八届董事会第二十六次会议决议； 2、第八届独立董事第十次专门会议决议； 3、公司与中创新航签署的《2026-2030 年合作框架协议》。 特此公告。
盛新锂能集团股份有限公司 董事会 二○二五年十二月十九日",2025-12-20,巨潮资讯网,https://static.cninfo.com.cn/finalpage/2025-12-20/1224888567.PDF,accepted
CNINFO-002466-1224887213,announcement,关于泰利森第三期化学级锂精矿扩产项目进展情况的公告,"1 证券代码：002466 证券简称：天齐锂业 公告编号：2025-061 天齐锂业股份有限公司 关于泰利森第三期化学级锂精矿扩产项目进展情况的公告 本公司及董事会全体成员保证信息披露的内容真实、准确、完 整，没有虚假记载、误导性陈述或重大遗漏。 一、项目概述 2018年7月24日，天齐锂业股份有限公司（以下简称“公司”）召开第四届董事会第十八 次会议审议通过了《关于同意泰利森第三期锂精矿扩产计划的议案》，同意公司控股子公司 Windfield Holdings Pty Ltd（以下简称“文菲尔德”）之全资子公司Talison Lithium Pty Ltd（以 下简称“泰利森”）正式启动化学级锂精矿产能继续扩产的建设工作，建造一个独立的、专用 的大型化学级锂精矿生产设施和新的矿石破碎设施，同时为后续扩产做好配套基础设施建设工 作（以下简称“泰利森第三期化学级锂精矿扩产项目”或“项目”）。项目选址位于西澳大利 亚州格林布什，资金来源为泰利森自筹；该项目原计划于2020年第四季度竣工并开始试生产； 2020年12月22日文菲尔德董事会决定将泰利森第三期锂精矿扩产计划试运行时间推迟到2025 年。 二、项目进展情况 2025 年 12 月 18 日，泰利森第三期化学级锂精矿扩产项目己经建设完成并正式投料试车。 后续，项目将加紧进行调试和优化，争取尽快生产出符合标准的化学级锂精矿产品并完成项目 产能爬坡。 该项目建成投产后，泰利森锂精矿项目总建成产能达到 214 万吨/年。 三、对公司的影响及风险提示 （一）对公司的影响 目前，公司国内外各锂化工产品生产基地所需化学级锂精矿主要来源于公司控股子公司文 菲尔德之全资子公司泰利森所拥有的格林布什锂辉石矿。泰利森第三期化学级锂精矿扩产项目 建成投产后，将为公司国内外各锂化工产品生产基地提供持续且充足的原料保障，有助于实现 公司产能与资源的高效匹配，增强产业链上下游的协同效应，有望进一步提高公司的盈利能力。 （二）风险提示
2 1、市场风险 有色金属行业属于周期性行业，受多种因素变化的影响，锂产品价格呈现波动性，当前以 及预期的供求变动都可能影响锂产品的当前及预期价格。锂精矿价格的波动可能为公司的业务、 财务状况及经营业绩带来不确定性。 2、项目实施风险 在项目后续试车和达产的过程中，尚存在能否及时生产出符合标准的化学级锂精矿、爬坡 方案是否能有效实施等不确定性，存在项目后续进度可能不及预期的风险。 公司将督促泰利森审慎进行项目管理，以降低实施风险。 特此公告。 天齐锂业股份有限公司董事会 二〇二五年十二月二十日",2025-12-20,巨潮资讯网,https://static.cninfo.com.cn/finalpage/2025-12-20/1224887213.PDF,accepted
GFEX-WR-20251222,announcement,广期所碳酸锂仓单日报：仓单增加900手,广州期货交易所2025-12-22仓单日报显示，碳酸锂仓单总量为16411手，增加900手。,2025-12-22,广州期货交易所,https://www.gfex.com.cn/gfex/cdrb/hqsj_tjsj.shtml,accepted
CNINFO-300390-1224893767,announcement,关于申请广州期货交易所碳酸锂指定交割厂库的进展公告,证券代码：300390 证券简称：天华新能 公告编号：2025-070 苏州天华新能源科技股份有限公司 关于申请广州期货交易所碳酸锂指定交割厂库的进展公告 苏州天华新能源科技股份有限公司（以下简称“公司”）于 2024 年 11 月 19 日召开第六届董事会第十九次会议，审议通过了《关于申请广州期货交易所 碳酸锂指定交割厂库的议案》，同意公司控股子公司向广州期货交易所申请碳酸 锂指定交割厂库的资质，授权公司管理层提交申请材料，并办理其他相关事宜。 具体内容详见公司于 2024 年 11 月 19 日在巨潮资讯网披露的《关于申请广州期 货交易所碳酸锂指定交割厂库的公告》（公告编号：2024-070）。 广州期货交易所于 2025 年 12 月 22 日发布《关于调整碳酸锂期货指定交割 库的公告》（广期所发〔2025〕431 号），新增公司控股子公司四川天华时代锂能 有限公司为碳酸锂期货交割厂库。 子公司被指定为碳酸锂期货交割厂库，可充分利用公司现有资源，提升公司 的规范管理水平，同时有利于公司将现货市场、期货市场、交割厂库三者有机结 合，进一步增强公司的抗风险能力和市场竞争力，提高公司的盈利水平。 特此公告。 苏州天华新能源科技股份有限公司董事会 2025 年 12 月 23 日 本公司及董事会全体成员保证信息披露的内容真实、准确、完整，没有虚假 记载、误导性陈述或重大遗漏。,2025-12-23,巨潮资讯网,https://static.cninfo.com.cn/finalpage/2025-12-23/1224893767.PDF,accepted
CNINFO-002738-1224893161,announcement,关于申请广州期货交易所碳酸锂指定交割厂库的进展公告,中矿资源集团股份有限公司 1 证券代码：002738 证券简称：中矿资源 公告编号：2025-056 号 中矿资源集团股份有限公司 关于申请广州期货交易所碳酸锂指定交割厂库的进展公告 本公司及董事会全体成员保证信息披露的内容真实、准确、完整，没有虚假记载、 误导性陈述或重大遗漏。 中矿资源集团股份有限公司（以下简称“公司”或“本公司”）于 2025 年 4 月 24 日召开第六届董事会第十五次会议，审议通过了《关于申请广州期货交易所碳酸锂指定 交割厂库的议案》，同意公司下属子公司向广州期货交易所（以下简称“广期所”）申请 碳酸锂指定交割厂库的资质，授权所涉子公司及相关人员向广期所提交申请材料，并办 理具体相关事宜。具体内容详见公司于 2025 年 4 月 25 日在《中国证券报》《证券时报》 和巨潮资讯网（http://www.cninfo.com.cn）上的公告（公告编号：2025-013 号）。 2025 年 12 月 22 日，广期所发布了《关于调整碳酸锂期货指定交割库的公告》（广 期所发〔2025〕431 号），决定新增公司为碳酸锂期货交割厂库，厂库地址为江西省新 余市高新技术开发区阳光大道 1998 号，自广期所公告之日起生效。 公司本次申请广期所碳酸锂指定交割厂库有利于公司将现货市场、期货市场和交割 厂库三者有机结合，进一步增强公司抗风险能力和市场竞争力，对公司长期健康、可持 续发展产生积极作用。 特此公告。 中矿资源集团股份有限公司董事会 2025 年 12 月 23 日,2025-12-24,巨潮资讯网,https://static.cninfo.com.cn/finalpage/2025-12-24/1224893161.PDF,accepted
CNINFO-002176-1224896476,announcement,关于开展商品期货和衍生品业务的进展公告,"1 证券代码：002176 证券简称：江特电机 公告编号：2025-075 江西特种电机股份有限公司 关于开展商品期货和衍生品业务的进展公告 本公司及董事会全体成员保证信息披露的内容真实、准确、完整，没有虚假记 载、误导性陈述或重大遗漏。 一、情况概述 江西特种电机股份有限公司(以下简称“公司”)于2025年11月14日和2025 年12月1日分别召开了第十一届董事会第二次会议和2025年第三次临时股东会， 审议通过了《关于开展 2026 年度商品期货和衍生品业务及可行性分析的议案》， 同意公司及子公司开展商品期货和衍生品业务，交易品种为碳酸锂、纯碱和铜。 近日，经公司初步测算，公司商品期货和衍生品交易已确认损益及浮动亏损 金额已达到公司最近一年经审计的归属于上市公司股东净利润的 10%且绝对金 额超过一千万元人民币，具体以会计师事务所的审计结果为准。 二、形成亏损的主要原因 为规避产品价格波动给公司带来的经营风险，和减少因原材料价格波动造成 的成本波动对生产经营影响，公司及子公司根据生产经营计划，开展了商品期货 和衍生品业务，以降低原料、产品等市场价格波动对公司生产经营成本及主营产 品价格的影响。但因近期碳酸锂期货价格持续上涨，导致公司期货账户出现亏损。 三、对公司的影响 上述事项不会影响公司的日常经营活动，公司将根据《企业会计准则第 24 号-套期会计》对公司商品期货和衍生品业务进行账务处理，是否对全年的利润 产生影响以实际盈亏为准。 四、风险提示 1、上述事项的最终会计处理及对公司的年度损益的最终影响需以会计师事 务所的审计结果为准。 2、公 司 指 定 的 信 息 披 露 媒 体 为 《 证 券 时 报 》 和 巨 潮 资 讯 网 （http://www.cninfo.com.cn），有关公司的信息均以在上述指定媒体披露的信 息为准，敬请广大投资者注意投资风险。
2 特此公告。 江西特种电机股份有限公司 董事会 二〇二五年十二月二十五日",2025-12-25,巨潮资讯网,https://static.cninfo.com.cn/finalpage/2025-12-25/1224896476.PDF,accepted
CNINFO-002466-1224904358,announcement,关于公司重要参股公司签署重大合同的进展公告,"1 证券代码：002466 证券简称：天齐锂业 公告编号：2025-062 天齐锂业股份有限公司 关于公司重要参股公司签署重大合同的进展公告 本公司及董事会全体成员保证信息披露的内容真实、准确、完 整，没有虚假记载、误导性陈述或重大遗漏。 一、背景概述 2024 年 5 月 31 日，天齐锂业股份有限公司（以下简称“公司”）参股公司 Sociedad Química y Minera de Chile S.A.（智利化工矿业公司，以下简称“SQM”）与 Corporación Nacional del Cobre de Chile（智利国家铜业公司，以下简称“Codelco”）签署了 Partnership Agreement（以下简 称“《合伙协议》”）。该协议确立了双方的权利和义务，拟通过将 Codelco 之子公司 Minera Tarar SpA（以下简称“Minera Tarar”）并入 SQM 子公司 Salar S. A.（以下简称“SQM Salar”， 并入后的公司以下简称“合营公司”）的方式，建立合作伙伴关系，以开发 SQM 目前从智利 政府经济部下属的生产促进局（Corporación de Fomento de la Producción de Chile，以下简称 “Corfo”）租赁的阿塔卡马盐湖地区及生产锂、钾及其他产品的活动和后续销售（直接或通过 合营公司子公司或代表处进行）。具体内容详见公司于 2024 年 6 月 3 日在《证券时报》《证 券日报》《中国证券报》《上海证券报》《经济参考报》及巨潮资讯网（http://www.cninfo.com.cn） 披露的《关于公司重要参股公司签署重大合同的公告》（公告编号：2024-031）。 智利当地时间 2024 年 6 月 18 日，智利金融市场委员会（以下简称“CMF”）公开发布 了一份名为 CMF informa que publicó respuesta a presentación de Inversiones TLC SpA 的文件（中 文译文：《CMF 关于对天齐智利提交材料的回复》）。CMF 认为：《合伙协议》不适宜由 SQM 的特别股东大会作出裁决，该交易应由 SQM 的董事会进行分析和决议；这不影响股东在认为 对 SQM 和股东造成损害的情况下，根据一般规则追究董事责任的权利（如适用）。因此，CMF 不同意公司全资子公司 Inversiones TLC SpA（以下简称“天齐智利”）于 2024 年 5 月 21 日向 CMF 提出的禁令诉求。具体内容详见公司于 2024 年 6 月 20 日在《证券时报》《证券日报》 《中国证券报》《上海证券报》《经济参考报》及巨潮资讯网（http://www.cninfo.com.cn）披 露的《关于公司重要参股公司签署重大合同的进展公告》（公告编号：2024-033）。
2 智利当地时间 2024 年 6 月 26 日，公司全资子公司天齐智利对上述 CMF 的该决定向 CMF 提出行政复议，要求 CMF 取消该决定，并要求 SQM 根据智利《公司法》的相关规定召开特 别股东大会或者采取 CMF 认为必要的所有其他预防或纠正措施，以保护天齐智利及 SQM 所 有少数股东的利益，同时要求 CMF 在处理行政复议期间暂停该决定的效力，直至作出最终复 议决定为止。智利当地时间 2024 年 7 月 15 日，公司收到 CMF 关于行政复议诉求的回复：不 接受天齐智利于 2024 年 6 月 26 日行政复议申请中提出的请求，将维持该决定（以下简称“复 议决定”）。根据智利相关法律规定，诉求申请人可自行政复议决定通知之日起 10 个工作日 内向智利法院提起诉讼。 智利当地时间 2024 年 7 月 26 日，公司全资子公司天齐智利就 CMF 的该决定向智利法院 提起诉讼，该案于智利时间 2025 年 5 月 14 日进行开庭审理。2025 年 11 月 12 日，公司全资 子公司天齐智利收到智利法院就本次诉讼作出的判决书，其驳回了天齐智利的诉讼请求。根据 智利相关法律规定，该判决非终审判决。具体内容详见公司分别于 2024 年 7 月 30 日、2025 年 11 月 13 日在《证券时报》《证券日报》《中国证券报》《上海证券报》《经济参考报》及 巨潮资讯网（http://www.cninfo.com.cn）披露的《关于全资子公司提起诉讼的公告》（公告编 号：2024-035）、《关于全资子公司提起诉讼的进展公告》（公告编号：2025-053）。 智利当地时间 2025 年 11 月 21 日，因不服智利法院就本次诉讼作出的判决（以下简称“被 上诉判决”），公司全资子公司天齐智利通过智利法院向智利最高法院提起上诉，请求：针对 智利法院于智利时间 2025 年 11 月 11 日作出的判决提起上诉，请求受理此项上诉，并将上诉 案件提交智利最高法院，以便智利最高法院能够基于上诉理由撤销被上诉判决，并支持天齐智 利的主张。具体内容详见公司于 2025 年 11 月 25 日在《证券时报》《证券日报》《中国证券 报》《上海证券报》《经济参考报》及巨潮资讯网（http://www.cninfo.com.cn）披露的《关于 全资子公司提起诉讼的进展公告》（公告编号：2025-054）。 二、相关进展情况 智利当地时间 2025 年 12 月 27 日，SQM 披露称已完成其与 Codelco 之间的战略合作，合 营公司 SQM Salar 名称将变更为 Nova Andino Litio SpA。本次合并系按照双方于 2024 年 5 月 31 日签署的《合伙协议》中所约定的条款执行，但目前仍受一项解除性条件约束，即有待智 利最高法院就公司全资子公司天齐智利向智利最高法院提起的上诉作出裁决。 SQM 公告称：根据《合伙协议》的约定，合营公司 A 类股份（由 Codelco 持有）与 B 类 股份（由 SQM 持有）所享有的优先权及经济权利已于 2025 年 1 月 1 日起生效。上述权利包
3 括依照协议所规定的方法进行股息的分配与支付。目前，SQM 与合营公司正在依据该方法确 定拟分配的股息，并同时审查因本次合并产生的其他会计影响。上述事项将体现在 SQM 2025 年度合并财务报表以及合营公司的财务报表中。 （注：以上提到的主要内容来自 SQM 披露的西班牙语公告翻译的解读；具体内容请以其 披露的西班牙语文本为准。） 三、对公司的影响及风险提示 （一）对公司的影响 根据 SQM 的公告，交易仍受一项解除性条件约束，即有待智利最高法院就公司全资子公 司天齐智利提起的上诉作出裁决。 若交易按照 SQM 公告所述完成，《合伙协议》自 2025 年 1 月 1 日生效，该协议生效后 预计将对公司持有 SQM 长期股权应享有的投资收益及分红金额产生影响。由于 SQM 与合营 公司目前正依据《合伙协议》约定的方法确定拟分配的股息，并同步审查本次交易产生的其他 会计影响，相关事项将体现在 SQM 2025 年度合并财务报表及合营公司财务报表中；截至本公 告披露日，公司暂未取得 SQM 2025 年度合并财务报表，暂无法预估该事项对 2025 年度财务 状况和经营成果的具体影响。 公司针对 SQM 长期股权投资的减值测试均基于 SQM 披露的《合伙协议》内容及相关信 息，该协议生效不改变前述减值测试相关假设，预计暂不会对当期利润产生重大影响；同时， 《合伙协议》生效后预计不影响公司继续采用长期股权投资权益法对 SQM 进行核算与后续计 量。公司会继续密切关注 SQM 的更新信息，结合相关交易后续进展及未来市场情况等多方面 因素，持续动态评估其影响。未来如有重要信息更新或重大进展，公司将及时按照相关法律法 规的要求履行披露义务。 （二）风险提示 1、交易可能无法完成的风险 由于 SQM 在阿塔卡马盐湖锂业务的开采经营权原定于 2030 年到期，如果该交易无法完 成且后续无更好的替代方案，且 SQM 未能及时取得阿塔卡马盐湖开采锂的新配额，SQM 在阿 塔卡马盐湖的锂业务将可能无法继续开展。根据该部分业务所占其营业收入和利润的比例， SQM 的经营业绩将受到重大影响，从而对公司在 SQM 的投资收益造成负面影响。公司会持续 关注相关交易后续的进展，动态评估对公司的影响，及时采取相应的风险控制措施，加强与相 关方面的沟通协调，积极应对可能出现的各种情况，以尽可能维护公司作为 SQM 股东之一的
4 合法权益，保护公司及全体股东的利益不受损害。 2、SQM 丧失其核心锂业务控制权的风险 目前，SQM 拥有其在智利的锂业务的控制权。SQM 与 Codelco 的合作伙伴关系生效后， 虽然 SQM 在阿塔卡马盐湖锂业务的开采经营权拟从 2030 年到期延期至 2060 年，且 2025 年 至 2030 年间在阿塔卡马盐湖开采锂的授权生产配额拟增加，但自《合伙协议》生效起阿塔卡 马盐湖的核心锂业务将由 Codelco 对合营公司持有多数股权，并将由 Codelco 自第二阶段合并 报表。未来，预计从 2031 年开始，SQM 不再拥有其智利阿塔卡马核心锂业务的控制权，控制 权缺失可能导致 SQM 的战略规划发生调整，或既有的战略规划无法得以有效实施，或因决策 效率、决策出发点不同进而影响 SQM 的持续发展。 3、SQM 锂业务收益受到影响进而影响公司投资回报和经济利益的风险 根据 SQM 此前的公告，尽管《合伙协议》约定，SQM 将与 Corfo 签署修订后的 Corfo-SQM 合同，在 2030 年前增加 30 万吨碳酸锂当量（LCE）的生产配额，但该部分生产配额是否能够 全额达成以及可能带来的经济效益存在一定的不确定性；叠加该交易完成后，合营公司未来 2031 年至 2060 年增加锂业务配额可能对应的成本具有不确定性，且 Codelco 将获得 SQM 在 智利阿塔卡马盐湖 50%以上的权益，SQM 未来收益变化可能减少，进而影响公司在 SQM 的 投资收益及分红；未来或存在需要对该投资计提减值准备的可能性。公司会继续密切关注 SQM 的更新信息，并及时从财务、商业、法律和治理等角度进行相应的谨慎评估。 4、公司参与 SQM 公司治理的权益受到影响的风险 SQM 是公司的重要参股公司之一，根据先前的投资协议，公司可向 SQM 董事会委派三名 独立董事。根据 SQM 披露的《合伙协议》，SQM 拟将与业务相关但截至目前不属于合营公司 的资产、合同、员工和资源转移至合营公司，从子公司层面与 Codelco 成立合营公司并达成合 营公司治理层面的相关约定。在此情形下，不排除公司派出董事在 SQM 股份公司层面的合法 权利和监督力将被削弱，从而使得公司作为其第二大股东或包括其他中小股东的权益不能得到 有效保障。公司将密切关注相关情况的变化，及时调整战略和措施，以保障公司的合法权益不 受损害。 后续公司将持续关注该事项的进展、积极行使合理的股东权利，并谨慎做好相关分析和研 判。未来如有重要信息更新或重大进展，公司将及时按照相关法律法规的要求履行披露义务， 请投资者注意投资风险，谨慎投资。 特此公告。
5 天齐锂业股份有限公司董事会 二〇二五年十二月三十日",2025-12-30,巨潮资讯网,https://static.cninfo.com.cn/finalpage/2025-12-30/1224904358.PDF,accepted
GFEX-WR-20251230,announcement,广期所碳酸锂仓单日报：仓单增加1300手,广州期货交易所2025-12-30仓单日报显示，碳酸锂仓单总量为19491手，增加1300手。,2025-12-30,广州期货交易所,https://www.gfex.com.cn/gfex/cdrb/hqsj_tjsj.shtml,accepted
CNINFO-000792-1224910262,announcement,关于现金收购五矿盐湖有限公司51%股权暨关联交易的公告,"1 证券代码：000792 证券简称：盐湖股份 公告编号：2025-063 青海盐湖工业股份有限公司 关于现金收购五矿盐湖有限公司 51%股权暨关联交易的公告 特别提示： 1．青海盐湖工业股份有限公司（以下简称“公司”或“上市公司”）拟以支 付现金方式购买公司控股股东中国盐湖工业集团有限公司（以下简称“中国盐湖”） 持有的五矿盐湖有限公司（以下简称“五矿盐湖”或“标的公司”）51%股权（以 下简称“本次交易”）。本次交易以评估机构出具的评估报告为定价参考，并经交 易双方协商，确定转让价格为人民币460,516.23 万元（最终交易价格参照经有权 国资监管机构备案的评估值确定）。本次交易完成后，五矿盐湖将成为公司的控 股子公司，并纳入公司合并报表范围。 2．中国盐湖为公司控股股东，根据《深圳证券交易所股票上市规则》、《深 圳证券交易所上市公司自律监管指引第7 号——交易与关联交易》等相关法律法 规要求，本次交易构成关联交易，关联董事已回避表决。本次交易事项尚须提交 股东会审议通过后实施，关联股东在股东会上对该议案回避表决。 3．本次交易不构成《上市公司重大资产重组管理办法》规定的重大资产重 组。 4．本次交易设置业绩承诺，业绩承诺期2026 年、2027 年和2028 年，业绩 承诺方中国盐湖承诺，五矿盐湖业绩承诺期每年实现的经审计的净利润数如下： 单位：万元 项目 2026 年 2027 年 2028 年 承诺净利润 66,841.68 69,166.25 74,497.50 5．本次收购尚需提交公司股东会审议通过后方可实施，本次交易的评估报 告及评估结果尚需经有权国资监管部门备案。本次交易标的可能面临经济环境、 宏观政策、行业发展及市场变化等多方面不确定性因素带来的风险，同时也存在 标的公司业绩承诺未能实现的风险、标的公司的估值风险。敬请广大投资者理性 本公司及董事会全体成员保证信息披露的内容真实、准确、完整，没有虚假记 载、误导性陈述或重大遗漏。
2 判断，注意投资风险。 一、关联交易概述 （一）本次交易概况 为加快推进世界级盐湖产业基地建设，推动盐湖产业整合融合，妥善解决同 业竞争问题，持续提升上市公司质量，2025 年12 月30 日，公司与中国盐湖签 署了《青海盐湖工业股份有限公司与中国盐湖工业集团有限公司关于五矿盐湖有 限公司之股权转让协议》（以下简称“《股权转让协议》”）。根据《股权转让协议》 约定，公司拟以支付现金方式收购五矿盐湖 51%股权，交易价格为人民币 460,516.23 万元（最终交易价格参照经有权国资监管机构备案的评估值确定）。 本次交易完成后，公司将成为五矿盐湖的控股股东，五矿盐湖将纳入公司合并报 表范围。 （二）本次交易构成关联交易 中国盐湖为公司的控股股东，根据《深圳证券交易所股票上市规则》的有关 规定，属于上市公司的关联法人，因此本次交易构成关联交易。 （三）审议情况 2025 年12 月30 日，公司召开第九届董事会第十六次（临时）会议，审议 通过了《关于现金收购五矿盐湖有限公司51%股权暨关联交易的议案》，关联董 事侯昭飞、张铁华、王祥文已对该事项回避表决，表决结果为：同意8 票，反对 0 票，弃权0 票。该事项已经公司独立董事专门会议审议，全体独立董事发表了 一致的同意意见，并同意将该议案提交董事会审议。 本次关联交易事项尚需提交公司股东会审议，关联股东中国盐湖、中国五矿 集团有限公司（以下简称“中国五矿”）及其一致行动人工银金融资产投资有限 公司（以下简称“工银投资”）、青海汇信资产管理有限责任公司（以下简称“青 海汇信”）需回避表决。 （四）本次交易不构成重大资产组 本次关联交易不构成《上市公司重大资产重组管理办法》规定的重大资产重 组。
3 二、交易对方基本情况 （一）中国盐湖的基本情况 截至本公告披露日，中国盐湖的基本情况具体如下： 企业名称 中国盐湖工业集团有限公司 企业类型 其他有限责任公司 统一社会信用代码 91630000MAE2QMMP0P 主营业务 盐湖钾锂资源开发 住所 青海省西宁市城西区五四西路66 号5 号楼1111 室 注册资本 1,000,000 万元 法定代表人 薛飞 成立日期 2024 年10 月24 日 控股股东、实际控制人 中国五矿集团有限公司 股权结构 序号 股东姓名 认缴出资额（万元） 出资比例（%） 1 中国五矿集团有限公司 530,000.00 53.0000 2 青海省国有资产投资管理有限公司 295,047.00 29.5047 3 青海省政府国有资产监督管理委员会 174,953.00 17.4953 合计 1,000,000.00 100.0000 （二）中国盐湖的历史沿革 中国盐湖于2024 年10 月24 日成立，为中国五矿集团有限公司、青海省国 有资产投资管理有限公司及青海省政府国有资产监督管理委员会共同投资的有 限责任公司。 （三）中国盐湖的财务数据 中国盐湖于2024 年10 月24 日成立，2024 年底前尚未完成出资实缴和资产 注入，因此未列示该公司2024 年度财务数据。 （四）关联关系 中国盐湖为公司的控股股东，直接持有公司12.87%股权，并通过全资子公 司青海汇信间接持有公司1.34%股权。根据《深圳证券交易所股票上市规则》的 有关规定，中国盐湖属于上市公司的关联法人。
4 （五）与公司前十大股东的关系 截至2025 年9 月30 日，在公司前十大股东中，第二大股东中国五矿为中国 盐湖的控股股东，第三大股东工银投资为中国五矿的一致行动人，第十大股东青 海汇信为中国盐湖的全资子公司。 （六）其他情况 经查询公开信息，中国盐湖不属于失信被执行人。 三、标的公司的基本情况 （一）基本情况 标的公司名称 五矿盐湖有限公司 标的公司类型 其他有限责任公司 统一社会信用代码 91632800698518572T 主营业务 盐湖锂钾资源开发 住所 青海省茫崖市花土沟镇一里坪地区（国道315K1004 里程碑南50 米） 注册资本 115,185 万元 法定代表人 侯昭飞 成立日期 2009 年9 月18 日 控股股东 中国盐湖工业集团有限公司 实际控制人 中国五矿集团有限公司 （二）标的公司股东及持股情况 截至本公告披露日，五矿盐湖的股权结构如下： 序号 股东名称 认缴出资额/万元 持股比例 1 中国盐湖工业集团有限公司 58,744.35 51.00% 2 青海良承矿业有限公司 56,440.65 49.00% 合计 115,185.00 100.00% 公司拟向中国盐湖购买其持有的五矿盐湖51%股权。本次交易完成后，五矿 盐湖股权结构如下： 序号 股东名称 认缴出资额/万元 持股比例 1 青海盐湖工业股份有限公司 58,744.35 51.00%
5 2 青海良承矿业有限公司 56,440.65 49.00% 合计 115,185.00 100.00% （三）主要业务情况 五矿盐湖的主要产品为碳酸锂、磷酸锂、氢氧化锂和氯化钾，目前已建成碳 酸锂产能1.5 万吨/年、磷酸锂产能0.2 万吨/年、氢氧化锂产能0.1 万吨/年以及钾 肥产能30 万吨/年。在生产经营方面，五矿盐湖锂盐产品的收率、质量、成本等 指标在盐湖行业领先。在研发技术方面，五矿盐湖承担国家重点研发计划项目1 项“盐湖资源开采与综合利用关键技术研究与示范”，参与国家级科研项目3 项。 近五年标志性科技成果8 项，其中“梯度耦合膜分离提锂技术”“盐湖原卤短流 程高效直接提锂关键技术及产业化应用”2 项成果水平达到国际领先；“盐湖原 卤高效提锂技术研究”等2 项达到国内领先水平，填补国内盐湖行业空白。 五矿盐湖主要通过一里坪盐湖从事盐湖锂、钾资源的开发，一里坪盐湖位于 柴达木盆地中部盐湖带的中西部，矿区面积为422.73 平方千米，是一个以液体 锂矿为主，共（伴）生有硼、钾、镁等有益组分的大型综合性盐湖矿床。根据《青 海省冷湖行委一里坪盐湖锂矿2024 年储量年度报告》，截至2024 年末，五矿盐 湖氯化锂保有资源量为164.59 万吨，氯化钾保有资源量为1,463.11 万吨。 （四）主要财务数据 公司聘请了天职国际会计师事务所（特殊普通合伙），对五矿盐湖最近一 年及一期的财务报表进行了审计，并出具了标准无保留意见的审计报告。主 要财务数据如下： 单位：万元 合并资产负债表项目 2024 年 12 月 31 日 2025 年 8 月 31 日 资产总额 753,271.50 513,046.53 负债总额 84,252.08 297,678.53 所有者权益 669,019.42 215,368.00 合并利润表项目 2024 年度 2025 年 1-8 月 营业收入 208,379.81 79,810.54 利润总额 82,269.74 32,985.80 净利润 69,004.83 31,647.74 归属于母公司股东的净利润 69,004.83 31,647.74
6 经营活动产生的现金流量净额 98,393.96 27,977.07 注：2025 年8 月末，五矿盐湖资产总额及所有者权益较2024 年末下降，主要系其实施 分红所致，相关分红金额已计入评估报告的测算口径，并按规则进行扣减处理。 （五）优先购买权情况 根据《五矿盐湖有限公司章程》相关规定，股东可按其自由裁量，向控制其 的、其控制的、或受同一主体控制的公司转让其在合资公司中的股权，该等转让 无需获得其他股东同意，但须事先以书面形式通知其他股东。中国盐湖已就本次 交易事项向五矿盐湖其他股东发出书面通知。 （六）其他情况说明 1．截至本公告披露日，本次交易标的股权权属清晰。标的股权不存在其他 抵押、质押或者第三人权利情形；亦不存在涉及标的股权的重大争议、诉讼或仲 裁事项，标的股权未被采取查封、冻结等司法措施，不存在影响标的股权依法转 让及过户的法律障碍。 2．经查询公开信息，截至本公告披露日，标的公司非失信被执行人。 3．除前述“（五）优先购买权情况”事项外，标的公司章程或其他文件中， 不存在法律法规之外其他限制股东权利的条款。 四、交易标的资产评估情况及交易作价依据 （一）标的资产评估情况 公司聘请具有从事证券服务业务资格的资产评估机构中水致远资产评估有 限公司以2025 年1 月31 日为评估基准日，对标的公司五矿盐湖股东全部权益在 评估基准日的市场价值进行了评估，并出具编号为中水致远评报字[2025]第 010107 号的《资产评估报告》。 （二）评估对象及评估范围 本次评估对象为五矿盐湖股东在评估基准日的全部权益价值，评估范围为经 过审计后五矿盐湖的全部资产和负债。 （三）评估方法 采用收益法和资产基础法进行评估，两种评估结果具体如下： （1）收益法评估结果 经采用收益法评估，五矿盐湖评估基准日股东全部权益价值评估值为
7 887,476.88 万元人民币，较评估基准日母公司口径账面所有者权益199,587.64 万 元相比，评估增值687,889.24 万元，增值率344.66%；较评估基准日合并口径账 面归属于母公司所有者权益 187,681.98 万元，增值 699,794.90 万元，增值率 372.86%。 （2）资产基础法评估结果 经采用资产基础法评估，截至评估基准日，五矿盐湖母公司口径的总资产账 面价值为764,136.91 万元，评估值为1,466,859.26 万元，评估增值702,722.35 万 元，增值率为91.96%；总负债账面价值为564,549.26 万元，评估值为563,886.26 万元，评估减值663.00 万元，减值率0.12%；所有者权益账面价值为199,587.64 万元，评估值为902,973.00 万元，增值703,385.35 万元，增值率为352.42%。 （四）评估结果分析及最终评估结论 从以上结果可以看出，收益法评估后的股东全部权益价值为887,476.88 万元， 资产基础法评估后的股东全部权益价值为902,973.00 万元，两者相差15,496.12 万元，差异率为1.72%。 两种方法评估结果差异的主要原因是：资产基础法是指以评估对象在评估基 准日的资产负债表为基础，评估表内及可识别的表外各项资产、负债价值，确定 其价值的评估方法。资产基础法是从资产的再取得途径考虑的，反映的是企业现 有资产在评估基准日的重置价值。收益法是指通过将被评估企业预期收益资本化 或折现以确定评估对象价值的评估思路，从企业预期收益的角度来估算企业价值， 反映了企业各项资产的综合获利能力。 评估选用资产基础法评估结果，资产基础法中相关矿业权评估结果已采用收 益口径测算。 根据上述分析，资产评估报告评估结论采用资产基础法评估结果，即：五矿 盐湖的股东全部权益价值评估结果为902,973.00 万元。 （五）评估增值原因 在评估基准日2025 年1 月31 日，经资产基础法评估，五矿盐湖股东全部权 益价值评估增值率为352.42%。五矿盐湖评估增值主要受无形资产-采矿权增值 约69 亿元影响，具体原因如下：（1）五矿盐湖采矿权于2013 年取得，取得采矿 权时碳酸锂市场价格为4 万元/吨左右，对应采矿权账面值仅为3.77 亿元；当前 碳酸锂市场价格较2013 年水平大幅上涨，采矿权整体价值随之提升；（2）技术
8 迭代升级带动矿山产量增加，同时推动矿山服务年限较取得时的规划年限大幅延 长；（3）五矿盐湖采矿权取得时间较早，经十余年摊销后，账面价值已降至2 亿元左右。 （六）关联交易的定价政策及定价依据 本次交易以第三方专业评估机构出具的《资产评估报告》（中水致远评报字 [2025]第010107 号）所记载的标的公司评估价值作为交易对价的依据。根据《资 产评估报告》，五矿盐湖100%股权在评估基准日的评估价值为902,973.00 万元， 五矿盐湖51%股权所对应的评估值即交易价格为460,516.23 万元（最终交易价格 参照经有权国资监管机构备案的评估值确定）。 五、转让方的业绩承诺情况 中国盐湖作为本次交易的转让方，已就五矿盐湖在业绩承诺期内（2026 年、 2027 年和2028 年）每年可实现的净利润作出承诺，具体情况如下： 单位：万元 项目 2026 年 2027 年 2028 年 承诺净利润 66,841.68 69,166.25 74,497.50 本次交易的业绩承诺具体约定及补偿安排，详见本公告之“六、交易协议主 要内容”之“（六）业绩承诺”。 六、交易协议主要内容 针对本次交易，本公司与中国盐湖于2025 年12 月30 日签署《股权转让协 议》，协议主要内容如下： （一）交易各方 收购方：青海盐湖工业股份有限公司（以下简称“收购方”） 转让方：中国盐湖工业集团有限公司（以下简称“转让方”） （二）本次股权转让 转让方同意按照协议约定的条款和条件将其持有的标的股权转让给收购方， 收购方同意按照协议约定的条款和条件受让转让方持有的标的股权。双方同意， 自本次股权转让交割日起，收购方即成为五矿盐湖的股东，按照本次股权转让完",2025-12-31,巨潮资讯网,https://static.cninfo.com.cn/finalpage/2025-12-31/1224910262.PDF,accepted
CNINFO-000792-1224913914,announcement,青海盐湖工业股份有限公司2025年度业绩预告,"证券代码：000792 证券简称：盐湖股份 公告编号：2025-067 青海盐湖工业股份有限公司 2025 年度业绩预告 一、本期业绩预计情况 1、业绩预告期间：2025 年 1 月 1 日至 2025 年 12 月 31 日。 2、业绩预告情况：预计净利润为正值且属于同向上升 50%以上情形 单位：万元 项 目 本报告期 上年同期 归属于上市公司股东的 净利润 829,000 ～ 889,000 466,311.65 比上年同期增长 77.78% ～ 90.65% 扣除非经常性损益后的 净利润 823,000 ～ 883,000 440,051.86 比上年同期增长 87.02% ～ 100.66% 基本每股收益（元/股） 1.56 ～ 1.69 0.8812 二、与会计师事务所沟通情况 本次业绩预告的相关财务数据未经注册会计师审计。公司就业绩预告有关 重大事项与会计师事务所进行了沟通，公司与会计师事务所在业绩预告方面不 存在重大分歧。 三、业绩变动原因说明 （一）报告期，公司主营业务保持稳健，氯化钾产量约 490 万吨，销量约 381.43 万吨；碳酸锂产量约 4.65 万吨，销量约 4.56 万吨；两钾（氢氧化钾、碳 酸钾）合计产量约 38.22 万吨，销量约 38.89 万吨。报告期内，氯化钾产品价格 较上年同期有所上升，碳酸锂产品价格虽波动较大，但下半年逐步回暖，整体 带动公司业绩同比实现增长。 （二）近日，公司凭借在盐湖资源综合利用领域的持续技术突破、稳定的 研发投入力度及突出的创新成果，顺利通过高新技术企业资格复审。依据《企 业会计准则第 18 号——所得税》的相关规定，公司在本年度末对可抵扣暂时性 差异确认递延所得税资产，导致公司净利润增加。 本公司及董事会全体成员保证信息披露的内容真实、准确、完整，没有虚假记 载、误导性陈述或重大遗漏。
四、风险提示 本次业绩预告是公司财务部的初步估算，未经审计，具体财务数据将在公 司 2025 年度报告中详细披露。 公司指定信息披露媒体为《证券时报》《上海证券报》《证券日报》《中 国证券报》和巨潮资讯网（www.cninfo.com.cn），公司所有信息均以在上述选 定媒体刊登的信息为准。 特此公告。 青海盐湖工业股份有限公司董事会 2025 年 12 月 31 日",2025-12-31,巨潮资讯网,https://static.cninfo.com.cn/finalpage/2025-12-31/1224913914.PDF,accepted
CNINFO-002240-1224910270,announcement,关于全资子公司收购启成矿业股权暨增加与关联方共同投资的公告,"证券代码：002240 证券简称：盛新锂能 公告编号：2025-098 盛新锂能集团股份有限公司 关于全资子公司收购启成矿业股权暨增加与关联方共 同投资的公告 本公司及董事会全体成员保证信息披露内容的真实、准确和完整，没有虚 假记载、误导性陈述或重大遗漏。 特别提示： 1、盛新锂能集团股份有限公司（以下简称“公司”或“盛新锂能”）拟通 过全资子公司四川盛屯锂业有限公司（以下简称“盛屯锂业”）以现金人民币 208,000.00万元收购四川启成矿业有限公司（以下简称“启成矿业”或“标的公 司”）30%股权，本次交易完成后，公司持有启成矿业100%股权。 2、本次交易已经公司第八届董事会第二十七次会议审议通过。本次交易对 方四川泰宸矿业有限公司（以下简称“泰宸矿业”）不构成公司的关联方，因此 本次股权收购事项不构成关联交易。本次股权收购完成后，公司将间接增加与关 联方的共同投资，本次增加关联共同投资事项构成关联交易，尚需获得股东会的 批准，与该关联交易有利害关系的关联人将回避表决。本次交易不构成《上市公 司重大资产重组管理办法》规定的重大资产重组。 3、本次交易的对价款公司以自有或自筹资金进行支付，本次交易会使公司 现金流产生一定的净流出，但不会对公司正常生产经营、财务稳定性和流动性产 生重大不利影响。 4、本次交易存在一定风险，包括与矿业权相关的风险、与公司经营相关的 风险以及其他风险，具体内容详见本公告“十二、本次交易的风险提示”。 敬请广大投资者注意投资风险。 公司于 2025 年 12 月 30 日召开第八届董事会第二十七次会议，审议通过了 《关于全资子公司收购启成矿业股权暨增加与关联方共同投资的议案》，具体情 况如下：
一、本次收购股权暨增加与关联方共同投资事项概述 1、启成矿业为公司全资子公司盛屯锂业的控股子公司，盛屯锂业和泰宸矿 业分别持有启成矿业 70%和 30%股权。启成矿业控股子公司惠绒矿业拥有木绒 锂矿的采矿权证，木绒锂矿已查明 Li2O 资源量 98.96 万吨，平均品位 1.62%，为 四川地区锂矿品位最高的矿山之一，生产规模为 300 万吨/年，目前正在积极推 进矿山开发建设。本次交易完成前，标的公司启成矿业及其控股子公司惠绒矿业 的股权结构如下： 随着公司锂盐产能的持续增加，为进一步增强公司锂矿资源的供应保障能力， 持续提升锂矿原料的自给率，公司拟通过全资子公司盛屯锂业与泰宸矿业签署 《股权转让协议》，盛屯锂业以 208,000.00 万元受让泰宸矿业持有的启成矿业 30%股权。上述交易完成后，盛屯锂业将持有启成矿业 100%股权，并进一步加 大对惠绒矿业的控股权。 2、本次股权收购事项不构成关联交易。本次交易完成后，启成矿业将成为 公司全资子公司，公司子公司盛屯锂业和启成矿业分别持有惠绒矿业 15.10%和 70.97%股权，厦门创益盛屯新能源产业投资合伙企业（有限合伙）（以下简称“厦 门创益”）持有惠绒矿业剩余 13.93%股权。公司控股股东深圳盛屯集团有限公司 （以下简称“盛屯集团”）及其子公司（除盛新锂能及其子公司外）合计对厦门 创益的出资份额为 10 亿元，占其出资总额的 33.33%，且盛屯集团全资子公司厦 门盛屯天宇私募基金管理有限公司为厦门创益的执行事务合伙人、基金管理人， 根据《深圳证券交易所股票上市规则》等相关规定，厦门创益为公司关联方，本 次股权收购完成后，公司将间接增加与关联方厦门创益的共同投资，本次增加关 联共同投资事项构成关联交易。
3、2025 年 12 月 30 日，公司召开第八届董事会第二十七次会议，以 7 票同 意、关联董事姚婧女士和李凯先生回避表决、0 票反对、0 票弃权的表决结果审 议通过了《关于全资子公司收购启成矿业股权暨增加与关联方共同投资的议案》。 公司独立董事召开第八届独立董事第十一次专门会议审议通过了上述议案。本次 交易系公司购买非关联人所持启成矿业的股权而间接增加与关联方厦门创益在 惠绒矿业的共同投资金额，需要以交易金额作为计算标准适用《深圳证券交易所 股票上市规则》关于关联交易的相关规定，本次交易尚需获得股东会的批准，与 该关联交易有利害关系的关联人将回避表决。 4、本次交易不构成《上市公司重大资产重组管理办法》规定的重大资产重 组，亦不构成重组上市。本次交易不需要经过有关部门批准。 二、交易对方的基本情况 1、基本情况 公司名称：四川泰宸矿业有限公司 注册地址：四川省成都市双流区彭镇国芯大道 388 号 5 栋 419 号（A6-5-419） 企业类型：有限责任公司(自然人独资) 统一社会信用代码：91510116MAD2L9AH40 成立日期：2023 年 10 月 26 日 法定代表人：高莹 注册资本：100 万元人民币 经营范围：一般项目：国内贸易代理；金属矿石销售；金属材料销售；金属 制品销售。（除依法须经批准的项目外，凭营业执照依法自主开展经营活动） 主营业务：泰宸矿业除拥有启成矿业 30%股权外，无实质经营业务。 股东情况：自然人高莹持有其 100%的股权。 2、公司本次收购泰宸矿业持有的启成矿业 30%股权事项不构成关联交易。 公司在日常生产经营中，向高莹间接控股的四川省什邡市金诺金属有限公司采购 了生产辅料硫酸，除该等交易以及与投资标的公司股权相关交易之外，公司与高 莹及其控制的相关企业未发生其他交易。除此之外，泰宸矿业及其实际控制人高 莹与公司、盛屯锂业及公司前十名股东不存在产权、业务、资产、债权债务、人 员等方面的其他关系以及其他可能或已经造成公司对其利益倾斜的其他关系。
3、经查询，截至本公告披露日，泰宸矿业不是失信被执行人。 三、关联方基本情况 1、基本情况 公司名称：厦门创益盛屯新能源产业投资合伙企业（有限合伙） 统一社会信用代码：91350203MA8T481H7F 企业类型：有限合伙企业 住所：厦门市翔安区莲亭路 827 号 309-2 单元 成立日期：2021 年 4 月 30 日 认缴出资总额：300,000 万元人民币 执行事务合伙人：国投创益产业基金管理有限公司、厦门盛屯天宇私募基金 管理有限公司 经营范围：一般项目：以自有资金从事投资活动。（除依法须经批准的项目 外，凭营业执照依法自主开展经营活动） 出资人情况： 2、历史沿革、主要业务及主要财务数据 厦门创益于 2021 年 4 月 30 日成立，已在中国证券投资基金业协会备案。厦 门创益的主要投资方向为新能源汽车产业链的优质企业，包括上游锂资源、锂电 材料、中游电池以及下游整车等；且主要投资于服务乡村振兴战略的企业。 2024 年，厦门创益实现营业收入 0 元、营业利润 4,736.97 万元、净利润
4,736.97 万元（经审计）；截至 2024 年末，厦门创益资产总额 316,048.69 万元、 负债总额 24.06 万元、合伙人权益合计 316,024.63 万元（经审计）。 3、公司控股股东盛屯集团及其子公司（除盛新锂能及其子公司外）合计对 厦门创益的出资份额为 10 亿元，占其出资总额的 33.33%，且盛屯集团全资子公 司厦门盛屯天宇私募基金管理有限公司为厦门创益的执行事务合伙人、基金管理 人，根据《深圳证券交易所股票上市规则》等相关规定，厦门创益为公司关联方。 4、经查询，截至本公告披露日，厦门创益不是失信被执行人。 四、标的公司基本情况 1、标的公司基本情况 公司名称：四川启成矿业有限公司 成立日期：2020 年 12 月 8 日 统一社会信用代码：91510116MA680U4B2W 企业类型：其他有限责任公司 注册资本：90,924.0076 万元人民币 住所：四川省成都市双流区东升街道成双大道南段 669 号 经营范围：一般项目：国内贸易代理；金属材料销售；金属制品销售（除依 法须经批准的项目外，凭营业执照依法自主开展经营活动）。 股权结构：本次交易前，盛屯锂业和泰宸矿业分别持有启成矿业 70%和 30% 股权。 截至本公告披露日，启成矿业未有实质生产经营活动，其主要资产为控股子 公司惠绒矿业持有四川省雅江县木绒锂矿的采矿权，木绒锂矿已于 2024 年 10 月 17 日取得自然资源部颁发的采矿许可证，生产规模为 300 万吨/年，目前正在 积极推进矿山开发建设。 2、标的公司主要财务数据 启成矿业最近一年又一期主要财务数据如下： 单位：万元 项目 2025 年 8 月 31 日（经审计） 2024 年 12 月 31 日（经审计） 资产总额 230,197.24 244,115.37 负债总额 18,445.61 16,868.65 净资产 211,751.63 227,246.72
项目 2025 年 1-8 月（经审计） 2024 年（经审计） 营业收入 0 0 营业利润 -12,027.68 4,095.98 净利润 -15,495.10 3,531.42 经营活动产生的现金流量净额 7,479.73 4,437.16 注：以上财务数据为合并报表口径，具体详见公司于 2025 年 9 月 23 日在巨潮资讯网 （www.cninfo.com.cn）披露的《四川启成矿业有限公司审计报告》。 3、本次交易标的为启成矿业 30%股权，该标的不存在抵押、质押，也不存 在重大争议、诉讼或仲裁事项、查封、冻结等司法措施等情况。 4、标的公司间接拥有的矿业权情况 （1）启成矿业的控股子公司惠绒矿业目前拥有 1 项采矿权，位于四川省甘 孜藏族自治州雅江县。根据四川省矿产资源储量评审中心 2023 年 8 月出具的《< 四川省雅江县木绒矿区锂矿勘探报告>矿产资源储量评审意见书》（川矿评储 [2023]25 号），探矿权内 I、II 号矿体总计探明的资源情况为：（探明+控制+推断） 矿石资源量 6,109.5 万吨，金属氧化物量：Li2O 989,636 吨，平均品位 1.62%； Nb2O5 5,888 吨，平均品位 0.01%；Ta2O5 3,013 吨，平均品位 0.005%。 惠绒矿业已于 2024 年 10 月 17 日取得了自然资源部颁发的采矿许可证，证 号：C1000002024105218000723；矿区面积：0.5978 平方公里；开采矿种：锂矿、 铌、钽；生产规模：300 万吨/年；有效期限：贰拾肆年，自 2024 年 9 月 5 日至 2048 年 9 月 5 日。 木绒锂矿平均品位 1.62%，为四川地区锂矿品位最高的矿山之一，目前正在 积极推进该矿山开发建设。 （2）惠绒矿业子公司成都惠绒矿业有限公司的全资孙公司阿坝州安泰矿业 有限公司（以下简称“安泰矿业”）目前拥有 1 项采矿权，位于四川省阿坝州金 川县观音桥镇，截至 2017 年 11 月底，观音桥锂辉石矿累计查明锂辉石矿石资源 /储量（122b+332+333）210.64 万吨，Li2O 金属量（122b+332+333）24,970 吨； 保有锂辉石矿石资源/储量（332+333）79.53 万吨，Li2O 金属量（332+333）8,992 吨。 安泰矿业已于 2009 年 1 月 1 日取得了阿坝藏族羌族自治州国土资源局颁发 的采矿许可证，证号：5132000911203；矿区面积：0.0716 平方公里；开采矿种：
锂矿、（铌矿、钽矿、铍矿、锡矿）；生产规模：4.5 万吨/年；有效期限：壹拾年， 自 2009 年 1 月 1 日至 2019 年 1 月 1 日。安泰矿业目前正在积极办理该采矿权的 延期手续。 5、标的公司及其核心资产的历史沿革 启成矿业于 2020 年 12 月 8 日成立，注册资本 5,000 万元，分别由彭艳朝、 袁大为出资 3,500 万元和 1,500 万元。 序号 启成矿业股东名称 注册资本（万元） 占总股本比例 1 彭艳朝 3500 70% 2 袁大为 1500 30% 合计 5000 100.00% 2020 年 12 月，彭艳朝、盛屯锂业、厦门道合智联投资合伙企业（有限合伙） （以下简称“道合智联”）分别向启成矿业增资，分别认缴注册资本 9,000 万元、 5,000 万元和 6,000 万元，合计增加注册资本 2 亿元，启成矿业注册资本由 5,000 万元增加至 2.5 亿元。 序号 启成矿业股东名称 注册资本（万元） 占总股本比例 1 彭艳朝 12500 50% 2 道合智联 6000 24% 3 盛屯锂业 5000 20% 4 袁大为 1500 6% 合计 25000 100.00% 2021 年 1 月，彭艳朝、袁大为分别将启成矿业 50%股权、6%股权转让给四 川志星矿业合伙企业（有限合伙）（以下简称“四川志星”）。同月，福建华闽进 出口有限公司向启成矿业增资，认缴注册资本 8,000 万元，启成矿业注册资本从 2.5 亿元增加至 3.3 亿元。 序号 启成矿业股东名称 注册资本（万元） 占总股本比例 1 四川志星 14000 42.42% 2 福建华闽 8000 24.24% 3 道合智联 6000 18.18% 4 盛屯锂业 5000 15.15% 合计 33000 100.00% 2021 年 2 月，道合智联、四川志星和福建省诚心合一控股有限公司（以下
简称“诚心合一”）分别向启成矿业增资，分别认缴注册资本 1 亿元、5,000 万元 和 2,000 万元，合计增加注册资本 1.7 亿元，启成矿业注册资本从 3.3 亿元增加 至 5.0 亿元。 序号 启成矿业股东名称 注册资本（万元） 占总股本比例 1 四川志星 19000 38% 2 道合智联 16000 32% 3 福建华闽 8000 16% 4 盛屯锂业 5000 10% 5 诚心合一 2000 4% 合计 50000 100.00% 2021 年 4 月，四川志星、道合智联分别将持有的启成矿业 6%股权和 4%股 权转让给盛屯锂业。 序号 启成矿业股东名称 注册资本（万元） 占总股本比例 1 四川志星 16000 32% 2 道合智联 14000 28% 3 盛屯锂业 10000 20% 4 福建华闽 8000 16% 5 诚心合一 2000 4% 合计 50000 100.00% 2021 年 6 月，南京瑞椿向启成矿业增资，认缴注册资本 33,333.3333 万元， 启成矿业注册资本从 50,000 万元增加至 83,333.3333 万元。 序号 启成矿业股东名称 注册资本（万元） 占总股本比例 1 南京瑞椿 33333.3333 40% 2 四川志星 16000 19.2% 3 道合智联 14000 16.8% 4 盛屯锂业 10000 12% 5 福建华闽 8000 9.6% 6 诚心合一 2000 2.4% 合计 83333.3333 100.00% 2022 年 5 月，道合智联将持有的启成矿业 16.8%股权转让给四川志星。 序号 启成矿业股东名称 注册资本（万元） 占总股本比例 1 南京瑞椿 33333.3333 40%",2025-12-31,巨潮资讯网,https://static.cninfo.com.cn/finalpage/2025-12-31/1224910270.PDF,accepted
CNINFO-300390-1224913939,announcement,关于与甘眉工业园区签订项目投资合同的进展公告,"证券代码：300390 证券简称：天华新能 公告编号：2025-076 苏州天华新能源科技股份有限公司 关于与甘眉工业园区签订项目投资合同的进展公告 一、对外投资概述 苏州天华新能源科技股份有限公司（以下简称“公司”）于 2023 年 7 月 10 日 召开第六届董事会第七次会议，审议通过了《关于与甘眉工业园区拟签订项目投 资合同的议案》。为不断完善公司新能源锂电材料业务领域的产能布局，公司与 四川省眉山市甘眉工业园区管理委员会（以下简称“甘眉工业园区”）于 2023 年 7 月 10 日签订了新能源锂电材料项目的《项目投资合同》，拟建设新能源锂电 材料生产线及相关生产设施、配套设施，项目预计总投资人民币 50 亿元（以下 简称“项目”）。具体详见公司于 2023 年 7 月 10 日披露的《关于与甘眉工业园 区拟签订项目投资合同的公告》（公告编号：2023-049）。 二、对外投资的进展情况 因市场变化，公司与甘眉工业园区于 2025 年 12 月 30 日签订了新能源锂电 材料项目投资补充合同，双方同意就项目建设内容及时间作出调整，具体如下： 项目一期为年产 6 万吨电池级碳酸锂装置的建设，将在 2027 年 3 月底前全 部建成竣工；项目二期的具体建设内容根据后续市场需求情况确定，具体启动时 间及竣工时间待定，如因市场变化，公司需改变项目建设内容时，双方协商变更。 三、风险提示 1、本次签订的项目投资补充合同所涉及项目的实施，尚需向政府有关主管 部门办理项目备案、环评审批、建设规划许可、施工许可等前置审批工作，如因 国家或地方有关政策调整、项目备案等实施条件因素发生变化，项目的实施可能 存在变更、延期、中止或终止的风险。 本公司及董事会全体成员保证信息披露的内容真实、准确、完整，没有虚假 记载、误导性陈述或重大遗漏。
2、公司将根据项目投资合作事项的进展情况，严格按照相关法律法规、规 范性文件的要求，及时履行信息披露义务，敬请广大投资者注意投资风险。 特此公告。 苏州天华新能源科技股份有限公司董事会 2025 年 12 月 31 日",2025-12-31,巨潮资讯网,https://static.cninfo.com.cn/finalpage/2025-12-31/1224913939.PDF,accepted
GFEX-WR-20260106,announcement,广期所碳酸锂仓单日报：仓单增加2860手,广州期货交易所2026-01-06仓单日报显示，碳酸锂仓单总量为23141手，增加2860手。,2026-01-06,广州期货交易所,https://www.gfex.com.cn/gfex/cdrb/hqsj_tjsj.shtml,accepted
GFEX-WR-20260107,announcement,广期所碳酸锂仓单日报：仓单增加2039手,广州期货交易所2026-01-07仓单日报显示，碳酸锂仓单总量为25180手，增加2039手。,2026-01-07,广州期货交易所,https://www.gfex.com.cn/gfex/cdrb/hqsj_tjsj.shtml,accepted
LC-TEXT-0027,policy,关于2026年实施大规模设备更新和消费品以旧换新政策的通知,"【国家发展改革委 财政部关于2026年实施大规模设备更新和消费品以旧换新政策的通知（发改环资〔2025〕1745号）】-国家发展和改革委员会 
 首页  >  新闻动态  >  专题专栏  >  推动大规模设备更新和消费品以旧换新  >  工作动态 
 国家发展改革委 财政部关于2026年实施大规模设备更新和消费品以旧换新政策的通知（发改环资〔2025〕1745号） 
 2026/01/08 环资司 
 各省、自治区、直辖市人民政府，国务院各部委、各直属机构： 　　 为全面贯彻党的二十大和二十届历次全会精神，认真落实中央经济工作会议部署，根据《推动大规模设备更新和消费品以旧换新行动方案》（国发〔2024〕7号），经国务院同意，现就2026年实施大规模设备更新和消费品以旧换新政策通知如下。 　　 一、推进大规模设备更新 　　 （一）支持设备更新项目。在继续支持工业、电子信息、能源电力、交通运输、物流、教育、文旅、医疗、设施农业、粮油加工、安全生产、海关查验、住宅老旧电梯、节能降碳环保等领域设备更新项目的基础上，将老旧小区加装电梯、养老机构、消防救援设施、检验检测等领域设备更新纳入支持范围，更好满足民生和安全需要。支持商业综合体、购物中心、百货店、大型超市等线下消费商业设施设备更新。优化申报条件和审核流程，进一步降低申报设备更新项目的投资额门槛，加大对中小企业设备更新的支持力度，扩大政策惠及面。 　　 （二）支持老旧营运货车报废更新。继续支持报废国四及以下排放标准营运货车更新为低排放货车，优先支持更新为电动货车，补贴标准按照《关于实施老旧营运货车报废更新的通知》（交规划发〔2025〕17号）执行。 　　 （三）支持新能源城市公交车更新。推动城市公交车电动化替代，继续支持新能源城市公交车及动力电池更新，补贴标准按照《2025年新能源城市公交车及动力电池更新补贴实施细则》（交办运〔2025〕4号）执行。 　　 （四）支持老旧农机报废更新。继续支持老旧农机报废更新，补贴范围、补贴标准按照《关于实施好2025年农业机械报废更新补贴政策的通知》（农办机〔2025〕3号）执行。各地区可结合农业生产需要和农业机械化发展水平阶段，优化调整可自主选择的12个报废更新补贴农机种类。 　　 （五）加强项目和资金全链条管理。加强项目储备、申报、审核、下达、实施和资金支付使用等全链条管理。细化完善各领域项目支持条件和审核标准，进一步强化审核把关，持续提高项目质量。综合不同行业设备平均折旧年限、技术更新周期等因素，分领域细化完善淘汰设备的最低使用年限、技术指标等定量要求，将设备折旧和最低使用年限等作为申报项目的硬性条件。严格设备淘汰和报废处置，规范资产管理，避免资源浪费。 　　 二、实施消费品以旧换新 　　 （六）优化资金分配。综合各地区常住人口数量、地区生产总值、汽车和家电保有量，以及消费品以旧换新政策及资金执行情况、审计发现问题等因素，系统评估地方工作成效，合理确定各地资金分配规模。重点补贴覆盖人群更广、带动效应更强的品类，注重推广绿色低碳智能产品。 　　 （七）支持汽车报废更新。个人消费者报废登记在本人名下的乘用车，并购买纳入《减免车辆购置税的新能源汽车车型目录》的新能源乘用车或2.0升及以下排量燃油乘用车的，给予汽车报废更新补贴支持，购买新能源乘用车补贴车价的12%（最高不超过2万元）、购买2.0升及以下排量燃油乘用车补贴车价的10%（最高不超过1.5万元）。 　　 （八）支持汽车置换更新。个人消费者转让登记在本人名下的乘用车，并购买纳入《减免车辆购置税的新能源汽车车型目录》的新能源乘用车或2.0升及以下排量燃油乘用车的，给予汽车置换更新补贴支持，购买新能源乘用车补贴车价的8%（最高不超过1.5万元）、购买2.0升及以下排量燃油乘用车补贴车价的6%（最高不超过1.3万元）。 　　 （九）支持家电以旧换新。个人消费者购买冰箱、洗衣机、电视、空调、电脑、热水器等6类家电中1级能效或水效标准的产品，按产品销售价格的15%给予补贴，每位消费者每类产品可补贴1件，每件补贴不超过1500元。 　　 （十）支持数码和智能产品购新。个人消费者购买手机、平板、智能手表手环、智能眼镜等4类产品（单件销售价格不超过6000元），按产品销售价格的15%给予补贴，每位消费者每类产品可补贴1件，每件补贴不超过500元。支持智能家居产品（含适老化家居产品）购新补贴，具体补贴品类、补贴标准由地方结合实际自主合理制定。 　　 （十一）完善实施制度。落实全国统一大市场建设要求，本通知明确的汽车报废更新、汽车置换更新、6类家电以旧换新以及4类数码和智能产品购新，在全国范围执行统一的补贴标准。各地要统一规范消费品以旧换新管理制度，完善参与经营主体名单管理、产品销售价格备案、补贴资格发放、资金审核兑付等全链条实施细则。建立补贴资金预拨制度，在落实预算安排的基础上，根据企业销售和垫资情况，向相应企业或支付平台预拨部分补贴资金，缓解企业垫资压力。充分发挥不同销售渠道优势，支持线下实体零售；通过增加农村地区线下经营主体、引导线上渠道向农村地区倾斜等方式，提高农村地区消费便利度。 　　 三、畅通回收循环利用网络 　　 （十二）完善废旧设备和消费品回收网络。完善再生资源交投点、中转站、分拣中心三级回收体系，畅通废旧设备和消费品交售渠道。支持中国资源循环集团有限公司加快建设全国性、功能性资源回收再利用平台。支持供销合作社系统健全覆盖县以下基层的回收网络。引导“互联网＋回收”企业拓展品类，提升废旧设备和消费品回收能力。 　　 （十三）规范二手商品交易和废旧设备再制造。鼓励“互联网＋二手”模式发展。支持有条件的地区建设集中规范的二手商品交易市场。完善旧货交易管理、评估鉴定等制度。提升废旧机电设备、汽车零部件等再制造产业水平，再制造产品质量特性和安全环保性能应不低于原型新品。 　　 （十四）壮大资源循环利用产业。安排超长期特别国债资金支持高水平资源循环利用项目建设。加强资源循环利用重大技术装备科技攻关。推广应用再生材料。加强对报废回收拆解企业的监管，提升废旧设备回收利用规范化水平。强化生态环境执法监管，严厉打击回收拆解环节环境违法行为。持续推动落实资源回收企业向自然人报废产品出售者“反向开票”制度并加强监管。 　　 四、发挥标准提升牵引作用 　　 （十五）加快完善标准体系。对标国际先进水平，提升重点行业节能降碳标准和污染物排放标准，严格实施废弃电器电子产品处理污染控制技术规范。强化家电、电子等消费品能效和水效标准应用。 　　 （十六）加强标准执行监督。严格执行机动车强制报废标准规定和车辆安全环保检验标准，依法依规淘汰达到强制报废标准的老旧汽车。鼓励达到推荐使用年限的家电产品及时报废。强化对家电、新能源汽车等重点消费品质量监督抽查，严厉打击以假充真、以次充好、以旧充新、冒充合格产品、伪造冒用能效水效标识等行为。 　　 五、强化组织实施 　　 （十七）加强组织领导。国家发展改革委发挥“两新”部际联席会议制度牵头部门作用，会同财政部安排超长期特别国债资金实施“两新”政策，加强统筹协调和跟踪调度。商务部、交通运输部、农业农村部等部门按职责分工制定分领域实施细则，并组织地方落实好相关领域政策。各省级人民政府要结合实际抓紧组织落实，压实各方责任，把握工作节奏，强化协调推进，持续提升“两新”政策效能。 　　 （十八）明确资金渠道。国家发展改革委会同各有关部门安排超长期特别国债资金支持设备更新，用于落实本通知第（一）（二）（三）（四），以及（十四）条所列支持政策和符合条件的项目建设；直接向地方安排超长期特别国债资金支持消费品以旧换新，用于落实本通知第（七）（八）（九）（十）条所列支持政策。直接向地方安排的消费品以旧换新资金总体按照9:1的原则实行央地共担，东部、中部、西部地区中央承担比例分别为85%、90%、95%。各省级财政根据中央资金分配情况按比例安排配套资金，省以下经费分担办法由省级财政确定。若某地区用完中央下达的消费品以旧换新资金额度，则超出部分由该地区通过地方资金支持，中央不再负担。对存在较大规模未兑付补贴资金等问题的地区，通过适当方式加大督促或惩戒力度。截至2026年12月31日未用完的中央下达消费品以旧换新资金额度收回中央。 　　 （十九）规范资金使用。国家发展改革委、财政部合理把握节奏，按季度分批次向地方下达超长期特别国债支持消费品以旧换新资金。各地方要分领域合理制定资金均衡使用计划，平稳有序实施消费品以旧换新政策。中央下达的超长期特别国债支持消费品以旧换新资金用于执行本通知明确的相关领域补贴政策。给予地方更多自主空间，各地按比例配套的资金，如用于落实本通知明确的汽车报废更新、汽车置换更新、6类家电以旧换新和4类数码和智能产品购新，补贴标准、组织实施方式需与本通知保持一致；如用于实施智能家居产品（含适老化家居产品）购新补贴，具体补贴品类、补贴标准由地方结合实际自主合理制定；此外，地方可在消费品以旧换新政策框架内自主合理确定补贴品类、补贴标准、组织实施方式等，鼓励优先支持能效、水效、环保水平高的产品。各地区要及时完成2025年消费品以旧换新补贴资金清算，做好相关支持政策跨年度顺畅衔接和平稳有序过渡。 　　 （二十）加强监督管理。有关部门要按照职责分工，加强对设备更新项目实施和资金使用的全链条监管，统筹开展线上监控预警和线下实地核查，坚决防范资金分配不及时、使用迟缓、挤占挪用等问题。各省级人民政府是项目和资金管理第一责任主体，要严格管理超长期特别国债资金，开展设备更新项目日常调度和现场评估，加强消费品以旧换新资金监管；要严格执行国库集中支付制度，守牢资金使用红线底线，不得虚列支出、虚报支出、以拨代支，避免资金沉淀闲置。各地要加强跨部门数据联通共享，立足中央和地方已建成的补贴数据平台，建立商务、交通运输、农业农村、财政、公安、税务、工业和信息化等部门数据共享渠道，实现补贴资格、新能源汽车车型信息、车辆登记信息、商品发票信息、物流信息、财政资金支出信息等关键数据比对和交叉验证。对于不符合上述要求、违反财经纪律的，要及时收回资金，依法依规严肃追究相关人员责任。 　　 （二十一）营造公平参与环境。各地要一视同仁平等对待线上、线下经营主体，以及不同所有制、不同注册地、不同规模经营主体参与大规模设备更新和消费品以旧换新。依法依规严肃处理骗补套补、“先涨后补”等违法违规行为，涉嫌犯罪的移送司法机关依法严厉查处。 　　 （二十二）及时跟踪评估。国家发展改革委会同有关部门加强对各地区、各领域实施“两新”政策的评估指导，督促重点任务落实，及时发现问题并快速响应解决。各省级人民政府要对政策执行、项目实施、资金使用、绩效目标实现等情况开展自评自查，及时报送国家发展改革委、财政部，并将相关信息抄送交通运输部、农业农村部、商务部等部门。国家发展改革委商财政部汇总形成绩效评估报告，并将评估结果作为后续优化资金安排的重要依据。 　　 （二十三）凝聚社会共识。各地区各有关部门要加强“两新”政策宣传解读。充分利用消费者权益热线和官方平台监督投诉功能，及时回应社会关切。通过省级政务平台或经省级政府委托并备案的第三方平台，定期汇总发布补贴使用、违规行为查处等情况，提升政策实施透明度，营造良好社会氛围。 　　 国家发展改革委 　　 财政部 　　 2025年12月29日   
 附件：",2026-01-08,国家发展改革委 财政部,https://www.ndrc.gov.cn/xwdt/ztzl/tddgmsbgxhxfpyjhx/gzdt/202601/t20260108_1403124_ext.html,accepted
LC-TEXT-0028,policy,关于深化新能源上网电价市场化改革促进新能源高质量发展的通知,"国家发展改革委 国家能源局关于深化新能源上网电价市场化改革促进新能源高质量发展的通知 
 综合新闻 
 国内陆上单机容量最大风电机组成功吊装 全球首座风电行业“灯塔工厂”在中国诞生 全球首座张力腿式风电平台下水 第三十七届全国风能装备行业年会暨产业发展高峰论坛在重庆隆重开幕 “2025全国中小型风能设备行业发展交流会”在北京召开 关于召开“第三十七届全国风能装备行业年会暨产业发展高峰论坛”的通知 
 政策法规 
 《风电场改造升级和退役管理办法》 《国家能源局关于进一步加强海上风电项目安全风险防控相关工作的通知》 《财政支持做好碳达峰碳中和工作的意见》 国家发展改革委、国家能源局 《关于促进新时代新能源高质量发展的实施方案》 财政部：推动解决补贴资金缺口 大力发展可再生能源 《“十四五”新型储能发展实施方案》印发 
 会议展览 
 “第三十七届全国风能装备行业年会暨产业发展高峰论坛”在重庆召开 “2025全国中小型风能设备行业发展交流会”在北京召开 2025海外可再生能源项目风险管理创新会议在沪圆满召开 风电技能型人才发展与合作创新论坛在大兴安岭新能源产业学院召开 第十二届中国风电后市场交流合作大会在江苏太仓隆重召开 “2024全国中小型风能设备行业发展交流会”在北京召开 
 国家发展改革委 国家能源局关于深化新能源上网电价市场化改革促进新能源高质量发展的通知 
 来源： （ 作者： 时间： 2026-01-12 16:12 Tag： ） 
 　　各省、自治区、直辖市及新疆生产建设兵团发展改革委、能源局，天津市工业和信息化局、辽宁省工业和信息化厅、重庆市经济和信息化委员会、甘肃省工业和信息化厅，北京市城市管理委员会，国家能源局各派出机构，国家电网有限公司、中国南方电网有限责任公司、内蒙古电力（集团）有限责任公司、中国核工业集团有限公司、中国华能集团有限公司、中国大唐集团有限公司、中国华电集团有限公司、国家电力投资集团有限公司、中国长江三峡集团有限公司、国家能源投资集团有限责任公司、国家开发投资集团有限公司、华润（集团）有限公司、中国广核集团有限公司： 　　为贯彻落实党的二十届三中全会精神和党中央、国务院关于加快构建新型电力系统、健全绿色低碳发展机制的决策部署，充分发挥市场在资源配置中的决定性作用，大力推动新能源高质量发展，现就深化新能源上网电价市场化改革有关事项通知如下。 　　一、总体思路 　　按照价格市场形成、责任公平承担、区分存量增量、政策统筹协调的要求，深化新能源上网电价市场化改革。坚持市场化改革方向，推动新能源上网电量全面进入电力市场、通过市场交易形成价格。坚持责任公平承担，完善适应新能源发展的市场交易和价格机制，推动新能源公平参与市场交易。坚持分类施策，区分存量项目和增量项目，建立新能源可持续发展价格结算机制，保持存量项目政策衔接，稳定增量项目收益预期。坚持统筹协调，行业管理、价格机制、绿色能源消费等政策协同发力，完善电力市场体系，更好支撑新能源发展规划目标实现。 　　二、推动新能源上网电价全面由市场形成 　　（一）推动新能源上网电量参与市场交易。新能源项目（风电、太阳能发电，下同）上网电量原则上全部进入电力市场，上网电价通过市场交易形成。新能源项目可报量报价参与交易，也可接受市场形成的价格。 　　参与跨省跨区交易的新能源电量，上网电价和交易机制按照跨省跨区送电相关政策执行。 　　（二）完善现货市场交易和价格机制。完善现货市场交易规则，推动新能源公平参与实时市场，加快实现自愿参与日前市场。适当放宽现货市场限价，现货市场申报价格上限考虑各地目前工商业用户尖峰电价水平等因素确定，申报价格下限考虑新能源在电力市场外可获得的其他收益等因素确定，具体由省级价格主管部门商有关部门制定并适时调整。 　　（三）健全中长期市场交易和价格机制。不断完善中长期市场交易规则，缩短交易周期，提高交易频次，实现周、多日、逐日开市。允许供需双方结合新能源出力特点，合理确定中长期合同的量价、曲线等内容，并根据实际灵活调整。完善绿色电力交易政策，申报和成交价格应分别明确电能量价格和相应绿色电力证书（以下简称绿证）价格；省内绿色电力交易中不单独组织集中竞价和滚动撮合交易。 　　鼓励新能源发电企业与电力用户签订多年期购电协议，提前管理市场风险，形成稳定供求关系。指导电力交易机构在合理衔接、风险可控的前提下，探索组织开展多年期交易。 　　三、建立健全支持新能源高质量发展的制度机制 　　（四）建立新能源可持续发展价格结算机制。新能源参与电力市场交易后，在市场外建立差价结算的机制，纳入机制的新能源电价水平（以下简称机制电价）、电量规模、执行期限等由省级价格主管部门会同省级能源主管部门、电力运行主管部门等明确。对纳入机制的电量，市场交易均价低于或高于机制电价的部分，由电网企业按规定开展差价结算，结算费用纳入当地系统运行费用。 　　（五）新能源可持续发展价格结算机制的电量规模、机制电价和执行期限。2025年6月1日以前投产的新能源存量项目：（1）电量规模，由各地妥善衔接现行具有保障性质的相关电量规模政策。新能源项目在规模范围内每年自主确定执行机制的电量比例、但不得高于上一年。鼓励新能源项目通过设备更新改造升级等方式提升竞争力，主动参与市场竞争。（2）机制电价，按现行价格政策执行，不高于当地煤电基准价。（3）执行期限，按照现行相关政策保障期限确定。光热发电项目、已开展竞争性配置的海上风电项目，按照各地现行政策执行。 　　2025年6月1日起投产的新能源增量项目：（1）每年新增纳入机制的电量规模，由各地根据国家下达的年度非水电可再生能源电力消纳责任权重完成情况，以及用户承受能力等因素确定。超出消纳责任权重的，次年纳入机制的电量规模可适当减少；未完成的，次年纳入机制的电量规模可适当增加。通知实施后第一年新增纳入机制的电量占当地增量项目新能源上网电量的比例，要与现有新能源价格非市场化比例适当衔接、避免过度波动。单个项目申请纳入机制的电量，可适当低于其全部发电量。（2）机制电价，由各地每年组织已投产和未来12个月内投产、且未纳入过机制执行范围的项目自愿参与竞价形成，初期对成本差异大的可按技术类型分类组织。竞价时按报价从低到高确定入选项目，机制电价原则上按入选项目最高报价确定、但不得高于竞价上限。竞价上限由省级价格主管部门考虑合理成本收益、绿色价值、电力市场供需形势、用户承受能力等因素确定，初期可考虑成本因素、避免无序竞争等设定竞价下限。（3）执行期限，按照同类项目回收初始投资的平均期限确定，起始时间按项目申报的投产时间确定，入选时已投产的项目按入选时间确定。 　　（六）新能源可持续发展价格结算机制的结算方式。对纳入机制的电量，电网企业每月按机制电价开展差价结算，将市场交易均价与机制电价的差额纳入当地系统运行费用；初期不再开展其他形式的差价结算。电力现货市场连续运行地区，市场交易均价原则上按照月度发电侧实时市场同类项目加权平均价格确定；电力现货市场未连续运行地区，市场交易均价原则上按照交易活跃周期的发电侧中长期交易同类项目加权平均价格确定。各地将每年纳入机制的电量分解至月度，各月实际上网电量低于当月分解电量的，按实际上网电量结算，并在年内按月滚动清算。 　　（七）新能源可持续发展价格结算机制的退出规则。已纳入机制的新能源项目，执行期限内可自愿申请退出。新能源项目执行到期，或者在期限内自愿退出的，均不再纳入机制执行范围。 　　四、保障措施 　　（八）加强组织落实。各省级价格主管部门会同能源主管部门、电力运行主管部门等制定具体方案，做好影响测算分析，充分听取有关方面意见，周密组织落实，主动协调解决实施过程中遇到的问题；加强政策宣传解读，及时回应社会关切，凝聚改革共识。国家能源局派出机构会同有关部门加强市场监管，保障新能源公平参与交易，促进市场平稳运行。电网企业做好结算和合同签订等相关工作，对新能源可持续发展价格结算机制执行结果单独归集。 　　（九）强化政策协同。强化规划协同，各地改革实施方案要有利于国家新能源发展规划目标的落实，并做好与国家能源电力规划的衔接。强化改革与绿证政策协同，纳入可持续发展价格结算机制的电量，不重复获得绿证收益。电网企业可通过市场化方式采购新能源电量作为代理购电来源。强化改革与市场协同，新能源参与市场后因报价等因素未上网电量，不纳入新能源利用率统计与考核。强化改革与优化环境协同，坚决纠正不当干预电力市场行为，不得向新能源不合理分摊费用，不得将配置储能作为新建新能源项目核准、并网、上网等的前置条件。享有财政补贴的新能源项目，全生命周期合理利用小时数内的补贴标准按照原有规定执行。 　　（十）做好跟踪评估。各地要密切跟踪市场价格波动、新能源发电成本和收益变化、终端用户电价水平等，认真评估改革对行业发展和企业经营等方面的影响，及时总结改革成效，优化政策实施，持续增强市场价格信号对新能源发展的引导作用。国家结合新能源技术进步、电力市场发展、绿色电力消费增长和绿证市场发展等情况，不断完善可再生能源消纳责任权重制度，适时对新能源可持续发展价格结算机制进行评估优化、条件成熟时择机退出。 　　各地要在2025年底前出台并实施具体方案，实施过程中遇有问题及时向国家发展改革委、国家能源局报告，国家将加强指导。现行政策相关规定与本通知不符的，以本通知为准。对生物质、地热等发电项目，各地可参照本通知研究制定市场化方案。 　　国家发展改革委 　　国 家 能 源 局 　　2025年1月27日",2026-01-12,国家发展改革委 国家能源局,https://www.cweea.com.cn/zcfg/html/41078.html,accepted
GFEX-WR-20260113,announcement,广期所碳酸锂仓单日报：仓单增加928手,广州期货交易所2026-01-13仓单日报显示，碳酸锂仓单总量为26898手，增加928手。,2026-01-13,广州期货交易所,https://www.gfex.com.cn/gfex/cdrb/hqsj_tjsj.shtml,accepted
LC-TEXT-0029,news,2025年国内动力电池装车量769.7GWh 同比增长40.4%_腾讯新闻,"2025年国内动力电池装车量769.7GWh 同比增长40.4%_腾讯新闻 
 2025年国内动力电池装车量769.7GWh 同比增长40.4% 财联社 2026-01-16 15:27 发布于 上海 上海报业集团旗下《财联社》官方账号 问AI  ·  动力电池技术迭代如何支撑装车量的持续攀升？ 【2025年国内动力电池装车量769.7GWh 同比增长40.4%】财联社1月16日电，中国汽车动力电池产业创新联盟发布数据，2025年12月，国内动力电池装车量98.1GWh，环比增长4.9%，同比增长35.1%。2025年1—12月，国内动力电池累计装车量769.7GWh, 累计同比增长40.4%。",2026-01-16,腾讯新闻,https://news.qq.com/rain/a/20260116A04UNO00,accepted
GFEX-WR-20260121,announcement,广期所碳酸锂仓单日报：仓单增加975手,广州期货交易所2026-01-21仓单日报显示，碳酸锂仓单总量为28656手，增加975手。,2026-01-21,广州期货交易所,https://www.gfex.com.cn/gfex/cdrb/hqsj_tjsj.shtml,accepted
LC-TEXT-0030,news,光伏行业2025：全行业亏损下，谁能率先突围？_财富号_东方财富网,"光伏行业2025：全行业亏损下，谁能率先突围？_财富号_东方财富网 
 财经 焦点 股票 新股 期指 期权 行情 数据 全球 美股 港股 期货 外汇 银行 基金 理财 债券 直播 股吧 基金吧 博客 财富号 搜索 
 行情中心 
 指数 期指 期权 个股 板块 排行 新股 基金 港股 美股 期货 外汇 黄金 自选股 自选基金 
 数据中心 
 资金流向 主力排名 板块资金 个股研报 新股申购 转债申购 北交所申购 AH股比价 年报大全 融资融券 龙虎榜 限售解禁 IPO审核 大宗交易 估值分析 
 首页 >
 社区 >
 正文 
 光伏行业2025：全行业亏损下，谁能率先突围？ 
 未名财经 
 2026年01月22日 10:37 
 四川 
 返回 
 财富号评论吧> 
 点赞 
 0 
 评论 
 0 
 收藏 
 大 
 中 
 小 
 2025年，全球光伏行业分化态势显著：部分传统厂商仍在持续亏损，而更多企业则争相布局储能赛道，或自建电芯产能，或寻求战略合作，或通过收购快速入场。 图源|网络 2025年，至少11家光伏行业上市公司预计2025年亏损，其中9家预亏企业合计亏损超420亿元。 业绩全景：行业整体困境，亏损企业增加 光伏行业2025年的业绩表现显示，行业调整仍在继续。超过11家光伏企业发布了业绩预亏公告。 这其中包括全球硅料、电池和组件巨头通威股份，硅片龙头TCL中环，以及组件领军企业隆基绿能、晶澳科技和天合光能等。 从规模上看，这些企业均是晶硅主材环节的代表，亏损程度基本与产能规模正相关。 受行业价格战、资产减值及海外业务失利影响，TCL中环预计亏损82亿元至96亿元。 隆基绿能预计净亏损60亿元到65亿元，晶澳科技预计净亏损45亿元-48亿元，爱旭股份预计净亏损12亿元-19亿元。 虽然2025年前三季度行业曾浮现减亏曙光，但四季度各家企业业绩再度陷入分化，多家龙头企业已连续九个季度亏损。 减亏亮点：技术差异化带来曙光 尽管多数企业仍在亏损，部分龙头企业通过技术优势实现了显著减亏。 隆基绿能和爱旭股份两家主推BC技术的企业减亏幅度较明显。隆基绿能2025年度同比减亏25%—30%；爱旭股份同比减亏幅度高达64%—77%。 这两家企业通过BC技术实现了产品差异化，带来了技术溢价。 在2025年上半年，爱旭股份在二季度已实现单季度盈利，成为当时为数不多的亮点。公司称这得益于ABC组件的销量提升与高价值市场的持续突破。 在行业整体亏损加剧的情况下，这些减亏案例表明技术差异化带来的溢价以及成本管控能力，成为部分亏损企业减亏的主要原因。 亏损扩大：四季度成本压力加剧 多数光伏企业在2025年前三季度均实现不同程度的减亏，然而“滑铁卢”出现在四季度。 多家企业在公告中解释，多晶硅和银价等大宗辅材价格持续上涨，给光伏组件成本控制带来巨大压力。尤其是去年四季度，银浆、硅料成本大幅上涨，显著推升了硅片、电池及组件产品成本。 光伏龙头隆基绿能就是典型一例：经历Q3亏损收窄后，Q4因原材料价格飙升与产品价格低迷的双重挤压，亏损再次扩大，导致全年预亏60-65亿元。 与此同时，供需失衡的状况仍未显著改善，各环节产品价格持续低迷。价格传导不足也加大了行业压力，尤其在组件环节，价格传导速度较慢，导致该环节的改善不如其他环节明显。   储能转型：企业寻找第二增长曲线 面对持续的盈利压力，多家龙头企业积极探索突围路径，储能业务正成为光伏企业转型突围的重要着力点。 光伏企业进军储能领域有不同的策略：有的企业选择自建电芯产能，如阿特斯和天合光能；有的则选择与储能电芯厂商合作，如晶澳科技与楚能新能源的战略合作。隆基绿能选择通过收购储能企业切入储能领域。 值得注意的是，已有企业从储能业务中获益。阿特斯在2025年二季度储能交付量达2.2GWh，环比增长超140%。 公司储能系统已签署合同的在手订单金额达30亿美元，为后续业绩增长提供坚实支撑。预计三季度储能出货量为2.1GWh至2.3GWh，全年储能出货量将达7GWh至9GWh。  政策环境：“反内卷”行动全面展开 2025年，针对光伏行业持续的“内卷”式竞争，国家层面主管部门和监管单位开展了全方位专项“反内卷”治理工作。 7月1日，中央财经委员会第六次会议明确指出，要依法依规治理企业低价无序竞争，引导企业提升产品品质，推动落后产能有序退出。 此后，工信部召集14家光伏企业及行业协会负责人座谈，进一步强调“综合治理光伏行业低价无序竞争，引导企业提升产品品质，推动落后产能有序退出”。 8月，中国光伏行业协会发布了《关于进一步加强行业自律，共同维护公平竞争、优胜劣汰的光伏市场秩序的倡议》。 业内人士指出，这些政策旨在引导市场通过综合成本优势筛选领先产能，淘汰落后产能，推动行业从价格竞争向价值竞争转变。 行业展望：出清与结构优化势在必行 多位行业人士表示，全行业普遍亏损的局面短期内难以扭转，可能仍将持续一段时间。产能出清与结构优化势在必行。 行业将竞争已从规模转向“减亏”能力的较量。企业需要打破同质化竞争，构建技术、产品、场景与生态的综合优势。 市场分析师预测，2026年全球新增光伏装机约488GW，同比下降10.07%。供需失衡的状况可能需要更长时间才能缓解。 龙头企业押注储能业务寻求突围，但储能行业同样处于白热化竞争状态。光伏企业进入储能领域也面临技术和市场的双重挑战。 2025年下半年以来，储能需求增长迅猛。2025年10月，储能电池出货量为59.9GWh，同比增长67.6%。独立储能项目占到完成采招规模的九成以上。 储能行业的大爆发，正是从电源侧强制配储转向独立储能。独立储能凭借“不依附特定电源”的属性，可灵活接入多场景，成为电网侧储能的重要实现形式之一。 2025年，全球光伏行业呈现出典型的分化态势：一面是持续亏损的传统厂商，另一面则是向储能赛道转型的探索者。越来越多企业将目光投向储能领域——有的自建电芯产能，有的寻求战略合作，有的则通过收购快速入场。 当产业寒意弥漫，光伏企业仍在积极探寻破局之道。 一位头部组件企业人士称：“‘反内卷’不能仅依赖减产保价，更需企业打破同质化竞争，构建技术、产品、场景与生态的综合优势。” 通威集团董事局刘汉元表示，当前，面对宏观经济下行、外部环境复杂严峻的新形势，无论现在行业如何，在长的发展周期和一个未来巨大的光伏需求面前，只要“身体好”，只要真有核心竞争力，就一定会冬去春来！面对未来，我们对中国光伏仍然充满信心。 
 追加内容 
 本文作者可以追加内容哦 ! 
 举报 
 郑重声明： 用户在社区发表的所有信息将由本网站记录保存，仅代表作者个人观点，与本网站立场无关，不对您构成任何投资建议，据此操作风险自担。 请勿相信代客理财、免费荐股和炒股培训等宣传内容，远离非法证券活动。请勿添加发言用户的手机号码、公众号、微博、微信及QQ等信息，谨防上当受骗！ 
 未名财经 
 关注 
 更多文章 
 投资组合 
 -- 
 总收益 
 20日收益 
 日收益 
 -- 
 -- 
 -- 
 最新操作 
 - 
 - 
 - 
 历史收益率走势(%) 
 Chart 
 自选股 
 代码 
 名称 
 最新价 
 涨跌幅 
 查看更多 
 浪客视频 
 - 
 郑重声明：东方财富网发布此信息的目的在于传播更多信息，与本站立场无关。东方财富网不保证该信息（包括但不限于文字、视频、音频、数据及图表）全部或者部分内容的准确性、真实性、完整性、有效性、及时性、原创性等。相关信息并未经过本网站证实，不对您构成任何投资建议，据此操作，风险自担。
 东方财富 
 扫一扫下载APP
 东方财富产品 
 东方财富免费版 
 东方财富Level-2 
 东方财富策略版 
 妙想投研助理 
 Choice金融终端 
 证券交易 
 东方财富证券开户 
 东方财富在线交易 
 东方财富证券交易 
 关注东方财富 
 东方财富网微博 
 东方财富网微信 
 意见与建议 
 天天基金 
 扫一扫下载APP
 基金交易 
 基金开户 
 基金交易 
 活期宝 
 基金产品 
 稳健理财 
 关注天天基金 
 天天基金网微博 
 天天基金网微信 
 东方财富期货 
 扫一扫下载APP
 期货交易 
 期货手机开户 
 期货电脑开户 
 期货官方网站 
 信息网络传播视听节目许可证：0908328号 经营证券期货业务许可证编号：913101046312860336 违法和不良信息举报:021-61278686 举报邮箱： jubao@eastmoney.com 
 沪ICP证:沪B2-20070217 网站备案号:沪ICP备05006054号-11 沪公网安备 31010402000120号 版权所有:东方财富网 意见与建议:4000300059/952500 
 关于我们 
 可持续发展 
 广告服务 
 供应商平台 
 联系我们 
 诚聘英才 
 法律声明 
 隐私保护 
 征稿启事 
 友情链接",2026-01-22,东方财富网,https://caifuhao.eastmoney.com/news/20260122103734951243020,accepted
LC-TEXT-0031,policy,关于完善发电侧容量电价机制的通知,"关于完善发电侧容量电价机制的通知(发改价格〔2026〕114号) - 湖南省发展和改革委员会 
 中国政府网 
 | 
 国家发改委 
 | 
 湖南省政府门户网站 
 无障碍浏览 | 
 网站首页 
 信息公开 
 办事服务 
 互动交流 
 机关党建 
 发展改革 
 专题专栏",2026-01-30,国家发展改革委 国家能源局,https://fgw.hunan.gov.cn/fgw/xxgk_70899/zcfg/gjjfg/202602/t20260203_33908548.html,accepted
LC-TEXT-0032,news,国家能源局举行新闻发布会介绍2025年新型储能发展情况,"国家能源局举行新闻发布会介绍2025年新型储能发展情况---国家能源局 
 您当前位置： 首页 > 正文 
 国家能源局举行新闻发布会介绍2025年新型储能发展情况 
 发布时间：2026-01-30 
 来源：国家能源局 
 大 中 小   国家能源局举行新闻发布会，介绍2025年全国能源形势、迎峰度冬能源保供、新型储能发展、全国电力市场交易等情况，并回答记者提问。    【能源节约和科技装备司副司长边广琦】 下面我来介绍2025年新型储能发展情况。党中央、国务院高度重视新型储能发展，党的二十届四中全会明确提出“大力发展新型储能”。国家能源局深入贯彻落实党中央、国务院决策部署，统筹谋划、多措并举，推动新型储能发展取得扎实成效，为构建新型能源体系和新型电力系统提供有力支撑。   新型储能装机较2024年底增长84%。截至2025年底，全国已建成投运新型储能装机规模达到1.36亿千瓦/3.51亿千瓦时，与“十三五”末相比增长超40倍，实现跨越式发展。平均储能时长2.58小时，相较于2024年底增加0.30小时。   分地域来看，华北地区装机占比最大。华北地区已投运新型储能装机规模占全国32.5%，西北地区占28.2%，华东地区占14.4%，南方地区占13.1%，华中地区占11.1%，东北地区占0.7%。过去一年里，华北、西北为新型储能主要增长区，新增装机分别为2188万千瓦、1966万千瓦，分别占全国新增装机的35.2%、31.6%。   分省份来看，新疆、内蒙古等省区发展迅速。受电力需求稳步增长、新能源快速发展及有力政策支持等多重驱动，新疆、内蒙古、云南、河北、山东等省区新型储能发展迅速，新增装机分别为1023万千瓦、1003万千瓦、613万千瓦、569万千瓦、404万千瓦。累计装机规模排名前3的省份分别为：内蒙古2026万千瓦，新疆1880万千瓦，山东1121万千瓦，河北、江苏、宁夏、云南、甘肃、浙江、河南、广东等8省区装机规模超500万千瓦。   从单站规模来看，10万千瓦以上的大型化发展趋势明显。截至2025年底，10万千瓦及以上项目装机占比达72%，较2024年底提高约10个百分点；4小时及以上新型储能电站项目逐步增加，装机占比达27.6%，较2024年底提高约12个百分点。从应用场景来看，独立储能占比提升。2025年，独立储能新增装机3543万千瓦，累计装机规模占比为51.2%，较2024年底提高约5个百分点。从技术路线来看，锂离子电池储能仍占主导地位，装机占比达96.1%，压缩空气储能、液流电池储能及飞轮电池储能等装机占比合计3.9%。   与此同时，新型储能调用水平进一步提升。据初步统计，2025年全国新型储能等效利用小时数达1195小时，较2024年提升近300小时。其中，国家电网、南方电网经营区新型储能等效利用小时数分别为1175小时、1294小时。新型储能灵活调节能力日益凸显，在促进新能源开发消纳、提高电力系统安全稳定运行和电力保供水平等方面作用逐步增强。   下一步，国家能源局将认真贯彻落实党的二十届四中全会精神，科学编制好“十五五”新型储能发展实施方案，健全完善新型储能政策管理体系，持续深化技术产业创新，大力推动新型储能高质量发展，有力支撑新型能源体系和新型电力系统建设。",2026-01-30,国家能源局,https://www.nea.gov.cn/20260130/50f657ce87f848e1a9a1861d1fd9aa23/c.html,accepted
LC-TEXT-0033,announcement,2025年年度业绩预告,"证券代码：688390 证券简称：固德威 公告编号：2026-010
固德威技术股份有限公司
2025 年年度业绩预告
本公司董事会及全体董事保证本公告内容不存在任何虚假记载、误导性陈述
或者重大遗漏，并对其内容的真实性、准确性和完整性依法承担法律责任。
一、本期业绩预告情况
（一）业绩预告期间
2025 年 1 月 1 日至 2025 年 12 月 31 日。
（二）业绩预告情况
（1）经财务部门初步测算，预计 2025 年年度实现归属于母公司所有者的净
利润与上年同期（法定披露数据）相比，将实现扭亏为盈，归属于母公司所有者
的净利润 12,500.00 万元到 16,200.00 万元，与上年同期相比，将增加 18,681.04
万元到 22,381.04 万元。
（2）经财务部门初步测算，预计归属于母公司所有者扣除非经常性损益后
的净利润 3,400.00 万元到 7,100.00 万元，与上年同期相比，将增加 22,757.40 万
元到 26,457.40 万元。
（三）本次业绩预告未经注册会计师审计。
二、上年同期业绩情况和财务状况
（一）利润总额：-6,675.91 万元。归属于母公司所有者的净利润：-6,181.04
万元。归属于母公司所有者扣除非经常性损益的净利润：-19,357.40 万元。
（二）每股收益：-0.26 元。
三、本期业绩变化的主要原因
公司 2025 年度业绩较上年同期实现扭亏为盈，主要原因如下：
（1）受益于国内光伏抢装潮、澳大利亚户储补贴政策落地及欧洲市场走出
库存调整期，公司逆变器及储能电池销量与毛利额显著提升；
（2）公司持续加大研发投入并优化全球市场布局，期间费用虽同比有所增
加，但营收增长与产品结构优化有效提升了整体盈利能力。
综上，公司 2025 年归属于母公司所有者的净利润预计约为 12,500.00 万元到
16,200.00 万元，归属于母公司所有者扣除非经常性损益后的净利润亦较上年同
期增加。
四、风险提示
本次业绩预告是公司财务部门基于自身专业判断进行的初步核算，尚未经注
册会计师审计。公司尚未发现影响本次业绩预告内容准确性的重大不确定因素。
由于公司 2025 年实现扭亏为盈，部分收入确认时点仍存在一定不确定性，故业
绩预告区间适当放宽，敬请投资者注意风险。
五、其他说明事项
以上预告数据仅为初步核算数据，具体准确的财务数据以公司正式披露的经
审计后的 2025 年年报为准，敬请广大投资者注意投资风险。
特此公告。
固德威技术股份有限公司
董事会
2026 年 1 月 30 日",2026-01-30,巨潮资讯网,http://static.cninfo.com.cn/finalpage/2026-01-30/1224956453.PDF,accepted
GFEX-WR-20260202,announcement,广期所碳酸锂仓单日报：仓单增加1610手,广州期货交易所2026-02-02仓单日报显示，碳酸锂仓单总量为32241手，增加1610手。,2026-02-02,广州期货交易所,https://www.gfex.com.cn/gfex/cdrb/hqsj_tjsj.shtml,accepted
GFEX-WR-20260203,announcement,广期所碳酸锂仓单日报：仓单增加843手,广州期货交易所2026-02-03仓单日报显示，碳酸锂仓单总量为33084手，增加843手。,2026-02-03,广州期货交易所,https://www.gfex.com.cn/gfex/cdrb/hqsj_tjsj.shtml,accepted
GFEX-WR-20260204,announcement,广期所碳酸锂仓单日报：仓单增加1030手,广州期货交易所2026-02-04仓单日报显示，碳酸锂仓单总量为34114手，增加1030手。,2026-02-04,广州期货交易所,https://www.gfex.com.cn/gfex/cdrb/hqsj_tjsj.shtml,accepted
LC-TEXT-0034,policy,2026年湖北省汽车以旧换新补贴实施细则,"省商务厅等8部门关于印发《2026年湖北省汽车以旧换新补贴实施细则》的通知-监利市商务局-政府信息公开 
 监利市商务局 
 政府信息公开 
 您现在的位置： 信息公开 > 其他主动公开文件 
 索引号： 
 MB0X91416/2026-00006 
 信息分类： 
 政务公开 
 发文单位： 
 湖北省商务厅 
 发文字号： 
 鄂商务发〔2026〕6号 
 发文日期： 
 2026-02-04 
 效力状态： 
 有效 
 省商务厅等8部门关于印发《2026年湖北省汽车以旧换新补贴实施细则》的通知 
 发布时间： 2026-02-09 16:27 
 各市、州、直管市、神农架林区商务、发展改革、经济和信息化、公安、财政、生态环境、市场监管、税务主管部门： 
 按照《国家发展改革委财政部关于2026年实施大规模设备更新和消费品以旧换新政策的通知》（发改环资〔2025〕1745号）、《商务部等7部门关于提质增效实施2026年消费品以旧换新政策的通知》（商消费函〔2025〕697号）和《商务部等8部门办公厅关于印发〈2026年汽车以旧换新补贴实施细则〉的通知》（商办消费函〔2025〕467号）要求，为更好实施2026年湖北省汽车以旧换新补贴政策，现将《2026年湖北省汽车以旧换新补贴实施细则》印发给你们，请认真抓好贯彻执行。 
 湖北省商务厅 
 湖北省发展和改革委员会 
 湖北省经济和信息化厅 
 湖北省公安厅 
 湖北省财政厅 
 湖北省生态环境厅 
 湖北省市场监督管理局 
 国家税务总局湖北省税务局 
 2026年2月4日 
 2026年湖北省汽车以旧换新补贴实施细则 
 一、汽车报废更新 
 （一）补贴范围和标准 
 2026年，对个人消费者报废2013年6月30日（含当日，下同）前注册登记的汽油乘用车、2015年6月30日前注册登记的柴油及其他燃料乘用车，或2019年12月31日前注册登记的新能源乘用车，并购买纳入工业和信息化部《减免车辆购置税的新能源汽车车型目录》的新能源乘用车或2.0升及以下排量的燃油乘用车，给予一次性补贴。对报废上述符合条件旧车并购买新能源乘用车的，按新车销售价格（价税合计，下同）的12％给予补贴，补贴金额（向上取整至整元，下同）最高2万元；对报废上述符合条件燃油乘用车并购买2.0升及以下排量燃油乘用车的，按新车销售价格的10％给予补贴，补贴金额最高1.5万元。 
 （二）相关要求和条件 
 补贴对象为个人消费者，须同时满足以下条件： 
 1．新购置的乘用车《机动车销售统一发票》和《机动车登记证书》在湖北省开具或办理。 
 2．报废的符合条件的旧车应于2025年1月8日前登记在本人名下，且至报废注销前一直登记在本人名下。 
 3．参与申请补贴的报废汽车所有人和新购置乘用车所有人应为同一个人消费者。 
 4．《报废机动车回收证明》《机动车注销证明》《机动车销售统一发票》《机动车登记证书》，均应自2026年1月1日起取得。其中，《报废机动车回收证明》应由有资质的报废机动车回收拆解企业开具。报废旧车和购买新车没有先后顺序要求。《报废机动车回收证明》所载明的交车日期、《机动车注销证明》所载明的注销日期、《机动车销售统一发票》所载明的开票日期、《机动车登记证书》所载明的注册登记日期，均应在2026年1月1日之后。 
 5．在补贴申请审核期间，新车应登记在申请人名下，不得转让。 
 6．2026年汽车以旧换新政策实施期间，每位个人消费者只能选择享受一次汽车报废更新补贴或一次汽车置换更新补贴，且就同一辆新车只能选择申领其中一项补贴。 
 （三）补贴申请 
 拟申请汽车报废更新补贴的个人消费者，通过登录全国汽车流通信息管理系统网站或“汽车以旧换新”小程序（以下简称全国汽车以旧换新平台），进入“汽车报废更新补贴申请入口”，填报申请补贴信息，在补贴受理地（即新车《机动车销售统一发票》开具地）提交补贴申请。申请人应完整、准确、清晰填写申请信息和上传申请材料，主要包括： 
 1．申请人身份信息，身份证需上传正、反面照片或扫描件，其他证件类型需上传证件照片或扫描件； 
 2．申请人银行账户信息，须为商业银行在中国境内发行的借记卡且为Ⅰ类账户（请与开户银行核实账户类型）； 
 3．报废旧车信息，填写车辆识别代号等，上传《报废机动车回收证明》《机动车注销证明》原件照片或扫描件； 
 4．购置新车信息，填写车辆识别代号等，上传《机动车销售统一发票》《机动车登记证书》（第1页和第2页）原件照片或扫描件。 
 申请人须认真核对所填报的申请信息及申请材料，个人身份信息、银行卡信息和车辆票证相关信息须保持一致。若有更改姓名、身份证号码变更、车辆票证涉及身份证件不一致等特殊情况的，需提交相关补充材料，具体以补贴受理地市州商务部门要求为准。 
 对申请汽车报废更新补贴资金实行按月限额调控，省商务厅按月制定全省补贴资金使用计划，并指导各市州商务部门拟定本地区每周受理补贴资金额度，原则上均衡到每天，根据本地区实际情况可适当动态调整，达到当天额度后即暂停受理补贴申请，未申领到补贴的消费者可在政策存续期内继续申请。2026年汽车报废更新补贴资金全部使用完后不再接受新的申请，未在补贴资金用完前或未在后续明确的申请截止时间前提交申请的，自动丧失补贴资格。 
 二、汽车置换更新 
 （一）补贴范围和标准 
 2026年，对个人消费者通过售卖方式转让登记在本人名下的乘用车，并购买纳入工业和信息化部《减免车辆购置税的新能源汽车车型目录》的新能源乘用车或2.0升及以下排量的燃油乘用车，给予一次性补贴。对换购符合上述条件新能源乘用车的，按新车销售价格的8％给予补贴，补贴金额最高1.5万元；对换购符合上述条件燃油乘用车的，按新车销售价格的6％给予补贴，补贴金额最高1.3万元。 
 （二）相关要求和条件 
 补贴对象为个人消费者，须同时满足以下条件： 
 1．新购置的乘用车《机动车销售统一发票》和《机动车登记证书》在湖北省开具或办理。 
 2．转让的乘用车旧车应于2025年1月8日前登记在本人名下，且至最近一次转让登记前一直登记在本人名下。 
 3．参与申请补贴的乘用车旧车所有人和新购置乘用车所有人应为同一个人消费者。 
 4．《二手车销售统一发票》和《机动车销售统一发票》所载明的开票日期，以及转让的乘用车旧车《机动车登记证书》所载明的最近一次转让登记日期和新购置乘用车《机动车登记证书》所载明的注册登记日期，均应在2026年1月1日之后。转让旧车和购买新车无先后顺序要求。 
 5．在补贴申请审核期间，新车应登记在申请人名下，不得转让，已转让的旧车不得转回申请人名下。 
 6．2026年汽车以旧换新政策实施期间，每位个人消费者只能选择享受一次汽车报废更新补贴或一次汽车置换更新补贴，且就同一辆新车只能选择申领其中一项补贴。 
 （三）补贴申请 
 拟申请汽车置换更新补贴的个人消费者，通过登录“湖北省汽车置换更新服务平台”，进入“2026年补贴申请入口”，填报申请补贴信息，在补贴受理地（即新车《机动车销售统一发票》开具地）提交补贴申请。申请人应完整、准确、清晰填写申请信息和上传申请材料，主要包括： 
 1．申请人身份信息，身份证需上传正、反面照片或扫描件，其他证件类型需上传证件照片或扫描件； 
 2．申请人银行账户信息，须为商业银行在中国境内发行的借记卡且为Ⅰ类账户（请与开户银行核实账户类型）； 
 3．售卖转让旧车信息，填写车辆识别代号等，上传旧车《二手车销售统一发票》和办理转让登记后的《机动车登记证书》（第1页至第4页，包含登记栏所载明的车辆登记全部信息）原件照片或扫描件； 
 4．购置新车信息，填写车辆识别代号等，上传新车《机动车销售统一发票》《机动车登记证书》（第1页和第2页）原件照片或扫描件。 
 申请人须认真核对所填报的申请信息及申请材料，个人身份信息、银行卡信息和车辆票证相关信息须保持一致。若有更改姓名、身份证号码变更、车辆票证涉及身份证件不一致等特殊情况的，需提交相关补充材料，具体以补贴受理地市州商务部门要求为准。 
 对申请汽车置换更新补贴资金实行按月限额调控，省商务厅按月制定全省补贴资金使用计划，并指导各市州商务部门通过我省汽车置换更新服务平台设定本地区每周申请补贴资金额度，原则上均衡到每天，根据本地区实际情况可适当动态调整，达到当天额度后即暂停受理补贴申请，未申领到补贴的消费者可在政策存续期内继续申请。2026年汽车置换更新补贴资金全部使用完后不再接受新的申请，未在补贴资金用完前或未在后续明确的申请截止时间前提交申请的，自动丧失补贴资格。 
 三、补贴审核与兑付 
 （一）补贴审核 
 市州商务部门收到全国汽车以旧换新平台和我省汽车置换更新服务平台（以下统称平台）推送的补贴申请材料后，按照提交申请的先后顺序，会同同级经信、公安、财政、税务等部门按照职能职责进行审核，参考平台提供的报废乘用车回收和注销登记、新购置乘用车注册和转让登记、乘用车旧车转让登记、新能源乘用车车型、新购置乘用车的《机动车销售统一发票》、转让的乘用车旧车的《二手车销售统一发票》等信息核查比对结果，提出审核意见，通过平台及时反馈审核结果。如平台无法线上核验或线上审核出现异议，由市州商务部门会同有关部门进行线下核实处理。市州商务部门可委托第三方机构协助开展补贴审核工作。 
 申请人提交的信息真实完整，符合本细则要求的，予以审核通过。对提交信息不完整、不清晰或无法辨识、填报有误等原因予以退回的申请，受理地通过平台将补正信息要求反馈申请人，申请人按要求及时通过原渠道补正有关信息。对不符合补贴条件不予审核通过的申请，受理地通过平台告知理由。申请人应及时通过平台查询审核进度和结果，未在政策实施期内或后续明确的补正申请材料截止时间前补正相关申请信息的，视为自动放弃补贴申请。 
 全国汽车报废更新和我省汽车置换更新补贴审核系统上线后，对符合条件的补贴申请，原则上在提交申请之日起，3个工作日内完成受理，15个工作日内完成审核，30个工作日内兑付补贴。 
 （二）补贴发放 
 受理地按照审核通过的先后顺序发放补贴。市州商务部门及时汇总符合补贴条件的申请人信息，审核后确定补贴金额，履行公示程序并向同级财政部门提出资金申请。市州财政部门根据商务部门提出的资金安排建议，按程序将补贴资金拨付申请人。市州商务部门向同级财政部门报送资金申请时，需将资金安排建议一并报财政部湖北监管局和同级发展改革部门。每批次补贴资金发放到位后，市州商务部门3个工作日内在平台进行补贴发放确认。 
 我省汽车置换更新服务平台按统一标准与全国汽车以旧换新平台对接，通过数据接口按要求实时全量推送补贴申请发放等相关数据。 
 四、补贴资金管理 
 根据发改环资〔2025〕1745号文要求，我省按要求安排配套资金，用于支持实施汽车以旧换新等补贴政策。 
 按照补贴资金“总额控制、逐月安排、均衡使用”的原则，省商务厅制定全省2026年汽车以旧换新补贴资金按月使用计划，并指导各市州结合本地区支持资金规模，细化明确每周补贴资金使用计划，根据资金使用情况采取调控补贴资金额度、发放补贴资格等方式实行动态调整，做好月内每周和跨月、跨季度之间的平稳衔接，合理把握工作节奏，确保全年政策不断档。 
 2026年汽车以旧换新政策实施期结束后，市州商务、财政部门按要求将补贴资金发放情况报送省商务厅、省财政厅，并抄报省发改委，省商务厅、省财政厅汇总各市州补贴资金发放情况报送商务部、财政部，并抄报国家发展改革委，省、市有关部门按要求进行资金清算。 
 五、部门职责分工 
 （一）省级相关部门 
 省商务厅负责牵头实施，制定全省补贴资金按月使用计划，督促指导市州商务部门按计划均衡使用资金，严格补贴资金审核，在确保财政资金安全的前提下，加快补贴审核兑付进度；组织开展数据统计、政策宣传和咨询服务，提出资金分配和清算建议，委托第三方机构对各市州审核情况进行抽查复核，做好补贴资金审核监管、绩效评价和审计等工作。 
 省发改委发挥“两新”工作牵头抓总职能，负责切块资金安排，加强工作统筹协调和跟踪调度。 
 省经信厅负责协助开展《减免车辆购置税的新能源汽车车型目录》信息核查工作。 
 省公安厅负责督促指导市州公安交管部门开展车辆登记相关信息核查比对，配合商务部门查询特殊情形的申请人身份信息及车辆信息，组织各地公安机关依法严厉查处伪造票证、骗取补贴等违法犯罪行为。 
 省财政厅负责向市州下达补贴资金并落实地方配套资金，督导市州财政部门及时拨付补贴资金，做好资金拨付监管，会同省商务厅进行资金清算。 
 省市场监管局负责依法查处生产销售质量不合格汽车产品、不正当竞争、虚假宣传、合同违法、价格违法等行为，指导属地市场监管部门接受消费者投诉举报，依法查处违规行为。 
 省税务局负责指导市州税务部门配合开展车辆发票核验，做好《机动车销售统一发票》《二手车销售统一发票》管理，组织各地税务机关依法查处发票违法违规行为。 
 （二）市州相关部门 
 市州商务部门会同同级有关部门按照本细则要求开展本地区汽车以旧换新补贴工作，细化落实补贴资金每周使用计划，负责受理和审核补贴申请，开展数据监测分析，有序均衡使用资金；宣传推广补贴政策，承担本地区消费者咨询及投诉处理等事务；会同财政部门做好补贴发放、监督核查、资金清算、绩效评价和审计等工作。 
 市州财政部门负责拨付补贴资金，会同商务部门做好补贴发放、监督核查、资金清算、绩效评价和审计等工作。 
 市州、区县有关部门参照上述职责分工，结合自身工作内容明确职责分工。 
 六、监督管理 
 （一）强化部门协同联动 
 各地、各相关部门按照发改环资〔2025〕1745号文、商消费函〔2025〕697号文、商办消费函〔2025〕467号文等规定，对汽车以旧换新补贴工作实施监督管理，建立健全各级商务、发改、经信、公安、财政、市场监管、税务等部门联合监管机制，开展跨部门信息共享和核查比对，加强补贴审核和资金兑付全过程监管，强化对补贴资金管理使用等情况的检查抽查，市州相关部门按职责分工做好补贴资金审核兑付、车辆登记、发票管理以及信息统计上报等相关工作，保障补贴政策规范有序实施，确保资金安全、发放及时。 
 （二）强化政策利企惠民 
 各地要深入推进公平竞争政策实施，落实公平竞争审查相关要求，一视同仁支持各类经营主体参与汽车以旧换新，不得要求将拟转让或报废的旧车交售给指定企业，不得另行设定具有地域性、技术产品指向性的补贴目录或企业名单。市州商务部门会同财政等部门优化补贴审核兑付流程，形成每周“报送一批、公示一批、兑付一批”的补贴发放工作滚动机制，推动补贴资金高效直达。各地要广泛开展汽车以旧换新政策解读和宣传引导，提升政策知晓度和影响力，畅通政策咨询渠道，健全政策咨询和投诉举报机制，及时回应公众诉求，接受社会监督，营造良好氛围。要组织行业商协会、汽车生产企业、销售企业、金融机构等开展汽车以旧换新政策宣介及促消费活动，鼓励叠加市场化优惠措施，让政策红利更好惠及广大消费者。 
 （三）强化资金安全监管 
 市州商务等部门要配备足额审核人员，加强业务培训，严格审核把关，认真做好补贴审核工作。如发现错发、多发补贴资金，受理地商务部门会同公安等部门依法依规予以追回，对拒不退回补贴资金的申请人，追究其法律责任。申请人须按照本细则有关规定如实填报申请信息，并对其真实性、有效性负责。参与湖北省汽车以旧换新活动的汽车销售企业、二手车流通企业、报废机动车回收企业应依法经营、诚信经营，自觉接受监督检查，不得借政策实施之机变相获利，不得以协助办理补贴申请为名，收取任何费用。 
 各地要加强产品质量和价格监管，严防骗补套补等问题，提升资金管理和风险防范水平，及时追回违规发放的补贴资金。对发现存在利用不正当手段骗取补贴资金、生产销售不符合强制性产品认证汽车产品、价格违法等行为的，各级市场监管、公安、经信等部门要依法依规严肃处理，涉嫌违法犯罪的依法严厉查处。对买卖、伪造、变造《报废机动车回收证明》，拼装车以及将回收的报废车辆上路行驶或流向社会的，有关部门依据国务院令第715号《报废机动车回收管理办法》进行处理。对挪用、骗取补贴资金的单位和个人，有关部门依据国务院令第427号《财政违法行为处罚处分条例》及其他有关法规进行处理。 
 七、附则 
 本细则所称乘用车是指在公安交管部门注册登记的小型、微型载客汽车，符合公安部《道路交通管理机动车类型》（GA802—2019）中机动车规格分类表规定的相应车型。 
 本细则自2026年1月1日起执行。市州商务部门会同相关部门根据本细则制定完善本地区汽车以旧换新资金限额管理措施及补贴审核兑付工作机制，稳妥推进补贴政策顺畅有序实施。 
 湖北省汽车置换更新服务平台客服电话：400—140—2188，各地商务部门咨询电话在平台上公布。 
 本细则由省商务厅会同省级有关部门负责解释。如遇政策调整，以最新政策规定为准。 
 相关链接 
 相关解读 
 【图片解读】一图读懂2026年湖北省汽车以旧换新补贴 
 相关文档 
 相关图片 
 相关音频 
 相关视频 
 相关附件 
 扫一扫在手机上查看当前页面 
 打印 | 
 关闭 
 监利市商务局主办 荆州新闻网承办 
 地址：监利市容城镇章华大道民政大楼 
 联系电话：0716-3262913 传真： 
 鄂ICP备17019740号-1 鄂公网安备 42102302000006号 网站标识码：4210230004",2026-02-04,湖北省商务厅等8部门,http://zwgk.jianli.gov.cn/jlsswj/12036/103220263/t110220263034/676278.shtml,accepted
GFEX-WR-20260209,announcement,广期所碳酸锂仓单日报：仓单增加820手,广州期货交易所2026-02-09仓单日报显示，碳酸锂仓单总量为34597手，增加820手。,2026-02-09,广州期货交易所,https://www.gfex.com.cn/gfex/cdrb/hqsj_tjsj.shtml,accepted
GFEX-WR-20260210,announcement,广期所碳酸锂仓单日报：仓单增加940手,广州期货交易所2026-02-10仓单日报显示，碳酸锂仓单总量为35537手，增加940手。,2026-02-10,广州期货交易所,https://www.gfex.com.cn/gfex/cdrb/hqsj_tjsj.shtml,accepted
GFEX-WR-20260212,announcement,广期所碳酸锂仓单日报：仓单增加1755手,广州期货交易所2026-02-12仓单日报显示，碳酸锂仓单总量为37282手，增加1755手。,2026-02-12,广州期货交易所,https://www.gfex.com.cn/gfex/cdrb/hqsj_tjsj.shtml,accepted
GFEX-WR-20260213,announcement,广期所碳酸锂仓单日报：仓单增加1477手,广州期货交易所2026-02-13仓单日报显示，碳酸锂仓单总量为38759手，增加1477手。,2026-02-13,广州期货交易所,https://www.gfex.com.cn/gfex/cdrb/hqsj_tjsj.shtml,accepted
LC-TEXT-0035,news,0.77~0.925元/W，华电8GW光伏组件集采中标候选人公示,"﻿ 
 0.77~0.925元/W，华电8GW光伏组件集采中标候选人公示！ _SOLARZOOM光储亿家 
 微信 
 微博 
 设为首页 收藏本站 联系我们 
 登录 
 自动登录 
 首页 | 
 资讯 | 
 智库 | 
 论坛 | 
 杂志 | 
 专题 | 
 人物 | 
 电商 | 
 电站交易 | 
 分布式 
 新闻 
 新闻 
 新闻 
 视频 
 人物 
 帖子 
 首页 >> 资讯 >> 产业要闻 >> 查看内容 0.77~0.925元/W，华电8GW光伏组件集采中标候选人公示！ 2026-03-04 15:29:47 浏览： 2646 次 来自：华电 分享： 
 3月3日，中国华电集团有限公司2026年光伏组件集中采购批次评标结果公示。项目招标情况如下： 
 根据中标候选公告，标段一（N型高效组件框架）由 协鑫集成、爱旭太阳能、TCL中环、隆基乐叶、天合光能、恒羲光伏、晶澳太阳能、晶科能源、正泰新能、华耀光电 等10家企业入围，投标单价在 0.820~0.925元/W 。 
 标段二（N型常规组件框架）由 协鑫集成、晶科能源、一道新能、通威、正泰新能、恒羲光伏、弘元绿能、晶澳太阳能、TCL中环、隆基乐叶 等10家企业入围，投标单价在 0.770~0.893元/W 。 
 【责任编辑：ada.sun】 漂亮 鲜花 雷人 鸡蛋 刚表态过的朋友 ( 0 人 ) 投稿、咨询、爆料——电话：(021)50315221-812，邮箱：edit@solarzoom.com，QQ：2880163182 关键字阅读： 华电 光伏组件 集采 中标 相关阅读 最低0.325元/瓦，12家企业入围华电1GW光伏EPC招标 广东华电广州番禺化龙站200MW/400MWh储能项目备案通过 总投资5亿元 华电新能：控股股东拟将29%股份无偿划转至中国华电 产权层级提升为二级单位 华电科工签署2.19亿元首个柔性支架农光互补光伏发电项目EPC总承包合同 2.19亿元！华电科工签署首个柔性支架农光互补项目EPC总承包合同 徐树彪任中国华电集团有限公司董事、总经理、党组副书记 华电新乡公司厂区分布式光伏项目实现全容量并网发电 注册资本30亿元！华电集团新增1家二级子公司 内蒙古华电腾格里光伏基地完成七千余亩固沙作业 最低2.643元/W！浙江华电82.7MWp农光互补光伏EPC中标候选人公示 0条评论 还没有人评论过，赶快抢沙发吧！ 已有0条评论，发表评论 最新评论 评论 匿名发表 重磅 他们在中国高效 SunPower因涉嫌财报不实 光伏概念股午后持续 665W！阿特斯正式发布7 重磅 他们在中国高效异质结俱乐部第二次圆桌会上都讨论了些啥？ 异在当下，叠出未来 2023HJT异质结&叠层产业峰会来袭 专访赛拉弗CEO杨勇：N型风口无限可能，加大国内布局势在必行！ 【独家】SNEC展会价格下行仍是主旋律，下游继续观望 一周光伏产业链价格 10GW级规模化量产！HJT异质结迎来加速爆发 更多文章 >> 微信公众号： Solarzoom光伏太阳能网 微博公众号： SOLARZOOM光伏太阳能网 河北300MW光伏项目EPC再生变！ 太空算力硬件成本降至几百元 全国产 2026年08月14日今日实时AI热点速递 江苏发布三年行动计划打造商业航天 云南凤庆县60MW光伏项目竞配候选人公 SOLARZOOM专栏 >> HJT/叠层一周最新动态8.31 HJT/叠层一周最新动态8.24 HJT/叠层一周最新动态8.17 HJT/叠层一周最新动态7.26 HJT/叠层一周最新动态7.20 十大热门文章 一天 一周 一月 美股算力租赁商CoreWeave、Nebius双双暴 百万出货与百亿扩产：AI算力引擎下 入选大摩""算力制造生态""推荐阵容 联 【独家】海外需求修复电池硅片环节 企业AI应用步伐加快！大摩示警：算 绕开黄仁勋，国产算力甩出两副王炸 四川发布算力网建设政策 适度超前布 太空算力硬件成本降至几百元！全国 最低0.325元/瓦，12家企业入围华电1GW 近600亿债务悬顶，光伏正在经历一场 订阅电子邮件 每日资讯 光伏杂志 专题 每日光伏市场参考 马上订阅 专题推荐 更多>> 光伏杂志 更多>> 2017年SOLARZOOM光伏杂志7月刊 印度商工部反倾销局(DGAD)正式公告，将对中国大陆、台湾、马来西亚等地进口的太阳能电池展开反倾销调查。同时，欧盟对中国大陆的 
 关于我们 | 
 资讯服务 | 
 一站式服务 | 
 推广方案 | 
 行情报告 | 
 活动合作 | 
 法律声明 | 
 意见反馈 | 
 诚征英才 | 
 网站导航 | 
 友情链接 | 
 联系我们 | 
 网站动态 
 Copyright:2014 SOLARZOOM All Right Reservered.沪ICP备10206511号 
 联系我们：021-50315221 服务邮箱：10000@solarzoom.com",2026-03-03,SOLARZOOM光储亿家,http://m.solarzoom.com/article-199464-1.html,accepted
LC-TEXT-0036,news,中国华电2026年磷酸铁锂电化学储能系统框架采购评标结果公示,"多地储能EPC密集开标！单价区间0.705-1.594 元/Wh，价格分化显著，国企央企成中标主力_绿色智汇能源技术研究院 
 首页 
 数说 
 闻说 
 咖说 
 报告 
 专题 
 上市公司 
 下载专区 
 推荐 
 会刊 
 专家 
 原创 
 动态 
 视频 
 资本 
 星闻 
 前沿 
 招贤榜 
 绿色智汇能源技术研究院 > 闻说 > 市场 > 
 多地储能EPC密集开标！单价区间0.705-1.594 元/Wh，价格分化显著，国企央企成中标主力 
 时间: 2026-03-25 08:58   作者: 子蕊    
 近一周内，上海、河北、广西、山西、新疆、湖北六大省区密集发布新型储能项目 EPC/PC总承包中标候选人公示，项目覆盖独立储能、共享储能、氢储融合、源网荷储一体化等多元类型，装机规模从30MW/60MWh到300MW/600MWh不等， 投标单价区间集中在0.7055 元/Wh-1.5936 元/Wh ，不同项目间价格分化特征显著。 
 ​ 
 本次开标第一中标候选人阵营以国企央企为绝对主力，汇聚了平高储能、中国电建、中国能建、中建八局、中交三公局等头部企业，同时地方建工电力集团、新能源龙头企业也深度参与，联合体投标成为大型项目的主流模式。本次密集开标也印证了国内储能市场的高景气度，同时折射出行业从低价内卷向价值导向、从规模扩张向高质量发展转型的核心趋势。 
 一、各区域开标项目核心详情 
 上海：崇明长兴岛50MW/200MWh独立储能电站EPC 
 3月20日，大唐上海崇明长兴岛50MW/200MWh独立储能电站EPC项目发布中标候选人公示， 第一中标候选人为平高储能、上海勘测设计院、中建八局联合体 ，投标总价 16196万元，折合单价约 0.8098 元/Wh 。 
 项目核心信息： 
 建设地点：上海市崇明区长兴岛，计划工期仅3个月（2026年4月1日至6月30日），对交付履约能力要求极高； 
 招标范围：为“交钥匙”EPC总承包，涵盖电化学储能场、升压站、办公区的设计、采购、施工、调试、全周期质保服务，仅开工手续办理、甲供设备、地勘报告由招标人负责，其余内容全部纳入总包范围。 
 河北：隆尧县国顺独立储能示范项目二期200MW/800MWhEPC 
 3 月 20 日，河北隆尧县国顺新型独立储能示范项目二期200MW/800MWh工程EPC发布中标候选人公示，本次开标创下本次公示的最低单价区间，前三名投标单价均在 0.705-0.707元/Wh 之间。 
 第一中标候选人：中交三公局第二工程、邢台市华兴电力、金风零碳联合体，投标单价约0.7061元/Wh； 
 第二中标候选人：保定中京电力建设、北京东冉电力设计联合体，投标单价约0.7055元/ Wh（本次开标最低单价）； 
 第三中标候选人：邢台兴力集团、河北恒投电力工程联合体，投标单价约0.7067 元/Wh。 
 项目核心信息： 
 项目终期规划300MW/1000MWh，一期已建成100MW/200MWh，本期为扩建工程，储能单元就地升压接入一期已建升压站，仅需扩建1台220MVA主变，无需新建220kV升压站，大幅降低了建设成本； 
 招标范围：涵盖初步设计、施工图设计、施工、设备采购安装、竣工验收、缺陷修复等全流程EPC工作。 
 广西：梧州蒙山县200MW/400MWh独立储能项目EPC 
 3月19日，广西梧州蒙山县200MW/400MWh独立储能项目EPC发布中标候选人公示，投标单价集中在1.27-1.31 元/Wh 区间。 
 第一中标候选人：中国电建湖北电力规划设计院、亿能国信联合体，投标单价约1.2986元/ Wh； 
 第二中标候选人：中国电建集团昆明勘测设计研究院，投标单价约1.2725元/Wh； 
 第三中标候选人：中国能建广西电力设计研究院，投标单价约1.3117元/Wh。 
 项目核心信息： 
 项目总投资 52470.2万元，折合投资单价约1.3118元/Wh，配套新建1座220kV升压站，安装1台200MVA有载调压变压器； 
 招标范围：涵盖项目勘察、设计、土建、安装、调试、送电全流程，设备采购包含储能系统、升压站、消防等全套设备，同时负责消防报建验收、并网验收、水土保持等全部配套工作，为全流程 “交钥匙” 工程。 
 山西：2 个储能项目开标，覆盖源网储能与共享储能两大类型 
 本次山西共有2个储能项目发布中标公示，分别为源网储能EPC项目与共享储能PC项目，单价区间0.95-1.23 元/Wh。 
 山西岚县200MW/400MWh源网储能、智慧电网建设项目EPC3月20日发布中标候选人公示，第一中标候选人为中国能建山西电建第三公司、中国电建海南电力设计院联合体，投标单价约1.2032元/Wh；其余两家投标人单价分别为1.2257元/Wh、1.2280元/Wh。项目配套新建220kV升压站，招标范围涵盖勘察设计、全品类设备采购、安装调试、消防验收、并网验收、水土保持等全流程工作。 
 山西神池县华夏义井共享储能电站二期200MW/400MWhPC项目3月17日发布中标候选人公示，第一中标候选人为山西晋开电力科技有限公司，投标单价0.950 元/Wh；第二、第三中标候选人单价分别为0.9751元/Wh、0.9951元/Wh。项目总体规划 300MW/600MWh，本期为二期扩建工程，与一期光伏项目共用 220kV 升压站，无需新建主升压设施，招标范围覆盖设备采购、土建施工、安装调试、送出线路施工、并网验收及质保全流程PC工作。 
 新疆：哈密100MW/800MWh 氢储融合项目EPC，创下本次最高单价 
 3月18日，新疆哈密伊州区氢储星舰100MW/800MWh氢储能 - 独立新型储能项目EPC 发布中标候选人公示， 第一中标候选人为深圳建安集团、黑龙江省林业设计研究院、新余市长兴电力设备安装联合体 ，投标单价约 1.5936 元/Wh ，为本次开标最高单价。 
 ​ 
 项目核心信息： 
 项目为氢储能与独立新型储能复合型重点工程，是当地优化能源结构、提升绿电消纳能力的标杆项目，技术复杂度远高于常规储能项目； 
 招标范围覆盖项目设计、设备采购、土建安装、调试试验、全容量并网试运行、配套送出线路、电网接入施工及全周期质保服务，为全流程 EPC 总承包。 
 湖北：钟祥30MW/60MWh 储能电站总承包项目，业主自有子公司中标 
 3月20日，天顺钟祥洋梓30MW/60MWh 储能电站设备采购及施工总承包项目发布评标结果公示， 第一中标候选人为天顺风能全资子公司湖北省天顺零碳技术有限公司 ，投标报价5073.17万元，折合单价约 0.8455 元/Wh ；第二、第三中标候选人单价分别为 0.8949 元/Wh、0.8924 元/Wh。 
 项目核心信息： 
 项目位于湖北荆门钟祥市，总占地约10亩，配套1回35kV线路接入电网，招标人为天顺风能与钟祥市国企合资成立的项目公司，本次中标方为业主自有产业链主体，实现了投资 - 建设 - 运营的全链条闭环； 
 招标范围涵盖储能电站全套设备材料采购、工程施工、安装调试、并网验收及质保服务。 
 二、核心价格分化原因拆解 
 本次开标项目单价跨度超125%，从 0.705元/Wh 到1.594 元/Wh 的显著差异，核心源于五大关键因素： 
 项目类型与技术复杂度差异单价最高的新疆氢储融合项目，为“氢储能+长时独立储能”复合型工程，技术复杂度、建设难度远高于常规储能项目；而单价最低的河北项目为常规磷酸铁锂独立储能扩建工程，技术成熟、建设难度低，是价格分化的核心原因。 
 招标范围与配套建设内容差异低价项目多为扩建工程，依托一期已建升压站、送出线路等基础设施，无需新建核心配套，且部分项目甲供核心设备，EPC仅涵盖施工与部分采购；而高价项目多为新建工程，EPC范围涵盖勘察设计、设备采购、升压站建设、送出线路、并网验收、合规手续办理等全流程工作，建设内容差异直接决定了报价区间。 
 项目建设条件与区域差异新疆、山西等新能源大基地项目地处偏远，土建、设备运输、人工成本显著高于东部地区；而上海、河北、湖北等区域供应链成熟、配套完善，建设成本更低，同时东部项目电网接入条件更优，也降低了配套建设成本。 
 工期与交付要求差异上海崇明项目工期仅3个月，对供应链保障、施工组织、交付能力要求极高，推高了项目报价；而多数常规项目工期在6-12个月，建设周期更宽松，报价也相对更低。 
 储能时长与系统配置差异本次项目涵盖2小时、4小时、8小时等不同储能时长，长时储能项目对 电池 循环寿命、系统稳定性要求更高，设备与建设成本也随之提升；同时不同项目的消防、温控、EMS系统配置标准差异，也带来了报价的分化。 
 ​ 
 三、中标主体核心特征 
 国企央企为绝对主力，主导大型项目市场本次开标中，中国电建、中国能建、中交、中建等八大建筑央企，以及平高储能这类国网系国企，占据了绝大多数200MWh以上大型项目的第一中标候选人位置。这类企业凭借雄厚的资金实力、全行业最高等级的资质、全流程服务能力与成熟的供应链体系，成为储能EPC市场的绝对主导者。 
 联合体投标成大型项目主流模式本次开标中，80%以上的大型EPC项目均采用联合体投标模式，主流组合为“电力设计院+施工总包单位+新能源技术企业”，实现了设计能力、施工能力、设备技术能力的优势互补，既降低了项目建设风险，也能更好地满足业主全流程“交钥匙”的需求。 
 地方企业深耕区域市场，占据中小型项目份额山西、河北等地的中小型项目，第一中标候选人多为地方电力工程、建工集团，这类企业凭借本地资源优势、更低的属地化建设成本，以及对当地电网接入、合规流程的熟悉度，在区域中小型储能项目中占据了稳定的市场份额。 
 新能源龙头企业全链条布局，自有项目自主承接以天顺风能为代表的新能源投资企业，通过设立自有EPC子公司，实现了项目投资、建设、运营的全链条闭环，既降低了项目建设成本，也实现了产业链利润的内部留存，成为新能源企业布局储能赛道的主流模式。 
 ​ 
 四、行业趋势总结 
 本次多地储能EPC密集开标，清晰折射出国内储能行业的三大发展趋势： 
 行业从低价内卷转向价值导向，价格分化成常态过去储能EPC市场普遍存在 “唯低价是取” 的内卷现象，而本次开标中，业主更看重项目的技术方案、交付能力、全生命周期稳定性，而非单纯的低价。不同类型、不同要求的项目报价分化显著，标志着行业正在回归理性，从规模扩张向高质量发展转型。 
 市场集中度持续提升，头部企业马太效应加剧储能EPC项目对资金、资质、技术、供应链、全流程服务能力的要求持续提升，中小玩家的生存空间持续收窄，市场资源加速向具备全产业链能力的国企央企、头部新能源企业集中，行业马太效应愈发显著。 
 储能类型多元化发展，对总包方技术能力要求持续提升从常规的2小时独立储能，到4小时共享储能、8小时长时储能，再到氢储融合、源网荷储一体化等复合型项目，储能应用场景持续多元化，对EPC总包方的技术能力、多场景适配能力、全流程服务能力提出了更高要求，具备技术储备与综合服务能力的企业将在市场竞争中占据更有利的位置。 
 ​ 
 来源: 未知    (责任编辑：admin) 
 文章标签： 
 上一篇： 内蒙古首座！浩普新能源重卡“光储充换”一体化示范站开工，单日可满足1000辆重卡补能 
 下一篇： 纯电重卡，2026锂电增量“新战场” 
 最近关注 
 工业和信息化部批准690项行业标准（含电池相关领域） 
 2026电池制造工程师报考全解析！零基础也能直接报初级！ 
 一周连爆四大百亿级电池项目新动态 
 全球电动汽车销量3月恢复增长 
 硬核突破！大连化物所研发高能量密度锂/氟化碳电池，解锁极端环 
 热点内容 
 起大早赶晚集，欧洲动力电池产业何时崛起？ 
 重磅！新能源突传三大利好！固态电池赛道即将爆发 
 彭博新能源财经报告：锂离子电池储能势将面对来自新型长时储能的 
 动力电池回收现“冰火两重天”，行业洗牌下产业链一体化成新趋势 
 “电池荒”来袭，生产纯电动汽车的车企要被卡脖子了？",2026-03-03,华电集团电子商务平台,http://www.cbcu.com.cn:81/m/view.php?aid=45445,accepted
LC-TEXT-0037,policy,关于开展2026年县域充换电设施补短板试点申报有关工作的通知,"财政部办公厅 工业和信息化部办公厅 交通运输部办公厅关于开展2026年县域充换电设施补短板试点申报有关工作的通知 - 广东省财政厅 
 开启长者助手 
 开启网站无障碍 
 移动门户 
 搜索 
 首页 
 政务公开 
 本厅概况 厅长之窗 时政要闻 
 财政新闻 政策文件 政策解读 通知公告 会议报道 机关党建 财政服务 媒体关注 人事管理 地市财政信息 
 数据解读 政府信息公开 
 信用信息双公示 重点领域信息公开（财政数据） 
 政务服务 
 广东省财政厅网上服务窗口 
 政务服务事项实施清单 
 公共服务支付平台 
 专题聚焦 
 聚焦2026广东两会 
 减税降费 
 互动交流 
 在线访谈 
 征集调查 
 领导信箱 网上信访 
 业务咨询 
 投诉举报 
 智能互动 
 答问知识库 
 返回首页 
 资讯平台 
 图片新闻 时政要闻 
 财政新闻 
 政务公开 
 政策文件 财政数据 政策解读 通知公告 
 办事平台 
 政务服务 
 咨询反馈 
 您所在的位置： 首页  >  政务公开  >  财政新闻 
 您所在的位置： 首页  >  政务公开  >  财政新闻 
 财政部办公厅 工业和信息化部办公厅 交通运输部办公厅关于开展2026年县域充换电设施补短板试点申报有关工作的通知 
 2026年03月13日 
 来源：财政部 
 财办建〔2026〕8号 有关省、自治区、直辖市财政厅（局）、工业和信息化主管部门、交通运输厅（局、委）： 　　为加快补齐农村地区公共充换电设施短板，进一步释放新能源汽车消费潜力，根据财政部、工业和信息化部、交通运输部（以下统称三部门）《关于开展县域充换电设施补短板试点工作的通知》（财建〔2024〕57号，以下简称《试点通知》）以及三部门办公厅《关于开展2025年县域充换电设施补短板试点申报有关工作的通知》（财办建〔2025〕3号，以下简称《2025年通知》）、《关于2024年、2025年县域充换电设施补短板试点工作的补充通知》（财办建〔2026〕2号，以下简称《补充通知》），现就2026年有关工作通知如下： 　　 一、试点县名额。 2026年，三部门支持两个及以上的县联合申报试点（以下简称联合试点县），共计划支持59个联合试点县。联合试点县应明确一个牵头县，具备条件的市辖区可参与联合试点县。三部门根据地方当前新能源汽车和公共充换电设施发展状况及未来潜力、地域面积、省内县（县级市）数量、当前财力状况、2025年试点省公共充换电设施接入新能源汽车公共充换电基础设施奖励资金清算平台（以下简称清算平台）情况、年度监督检查结果、各省试点县及地级市覆盖率，以及2025年绩效考核结果等因素分配省级试点县名额（见附件1）。2026年申报联合试点县的牵头县所在地级市2025年汽车保有量应不低于25万辆。 　　 二、鼓励绿电应用。 贯彻落实中央经济工作会议关于扩大绿电应用的决策部署，对于通过光伏发电的充换电场站，“自发自用”电量超过总充电量40%的，其“自发自用”年度总充电量可按1.2倍折算。2024—2025年通过备案的试点县参照执行。 　　 三、鼓励扩大试点覆盖范围。 为进一步扩大试点成效，鼓励各省在分配试点县名额时，综合考虑2024、2025年度备案试点县的区域布局情况，优先向尚未获得试点县备案的地级市倾斜。 　　 四、开展优秀案例征集工作。 为总结县域充换电设施建设运营好经验和好做法，面向已备案试点县征集优秀案例，模板见附件4。请各省于2026年6月30日前将汇总后的优秀案例材料（Word版）同步上传至清算平台。 　　 五、组织实施。 各省应加强统筹协调，指导第三批试点县因地制宜、科学合理制定数量目标。为进一步发挥稳投资、促消费作用，提升中央财政资金使用效益，各县应按照有关规划基本完成充换电设施建设运营前期准备工作后，再按程序向省级申报试点，力争试点县名单备案审查通过后即可开工建设，尽快形成实物工作量。原则上试点县应在名单确定后三个月内开工建设，确因土地征用、电力改造以及不可抗力等因素无法完成建设投运的，可适当延长，最多不超过一个月。试点县在选择充换电设施运营企业时应“优中选优”，选择质量可靠、服务优质、技术先进、群众满意的企业开展合作，并具备与清算平台互联互通和直连能力，充换电设施建成后1个月内完成与清算平台的对接。 　　 六、加强财政资金管理。 中央财政资金下达后，试点县应加快预算执行进度，项目执行中要及时汇总整理相应资金支付凭证，按照有关要求完成绩效评价，确保中央财政资金专款专用。 　　 七、其他申报要求。 各省应按照《试点通知》、《2025年通知》有关要求，组织试点县编制试点申报实施方案（实施方案正文继续按照《试点通知》附件1，实施方案附表按照本通知附件3）。通过竞争性评审的方式择优确定本省试点县名单，并于2026年3月18日前将试点县名单及试点实施方案按程序上报三部门备案，相关材料电子版一并上传至清算平台。 　　本通知未作规定事项按照《试点通知》、《补充通知》执行。 　　附件：1. 第三批试点县分省名额分配数量 　　　　　2. 第三批试点县年度考核指标及奖励标准 　　　　　3. 试点实施方案编制大纲附表 　　　　　4. 县域充换电设施补短板应用案例申报书 财政部办公厅  工业和信息化部办公厅  交通运输部办公厅 2026年3月6日 
 相关新闻： 
 · title 
 分享到：
 政府信息公开 
 网站地图 |
 联系方式 |
 交通指引 |
 版权声明 |
 网址域名 |
 浏览建议 |
 隐私保护 |
 法律责任 
 copyright 2006 www.gd.gov.cn All Rights Reserved 
 主办：广东省财政厅 
 技术支持：广东南方网络信息科技有限公司   
 粤公网安备44010402001407号 
 粤ICP备20008773号 
 网站标识码4400000038 
 建议使用1024×768分辨率 IE9.0以上版本浏览器 
 联系电话：020-83170170 仅受理网站建设维护相关事宜 
 ""广东财政"" 
 微信公众号 
 主办： 广东省财政厅 
 技术支持： 广东南方网络信息科技有限公司 
 粤ICP备20008773号 
 粤公网安备44010402001407号 
 网站标识码4400000038 
 联系电话：020-83170170",2026-03-06,财政部办公厅 工业和信息化部办公厅 交通运输部办公厅,https://czt.gd.gov.cn/czxw/content/post_4867133.html,accepted
LC-TEXT-0038,news,中汽协：1-2月汽车行业运行平稳 新能源渗透率41.2%,"中汽协：1-2月汽车行业运行平稳 新能源渗透率41.2%-经济参考网 _ 新华社《经济参考报》官方网站 
 新华通讯社主管 首页 >> 正文 中汽协：1-2月汽车行业运行平稳 新能源渗透率41.2% 
 2026-03-12 
 来源：经济参考网 
 【 大 中 小 】 近日，中国汽车工业协会在京召开 2026 年 3 月信息发布会，发布 2026 年 2 月汽车产销数据及行业运行情况。   据中国汽车工业协会数据，今年 2 月，我国汽车产销分别完成 167.2 万辆和 180.5 万辆。 1-2 月累计，汽车产销分别完成 412.2 万辆和 415.2 万辆。中国汽车工业协会副秘书长陈士华表示，今年春节在 2 月中下旬且假期有所延长， 2 月有效工作日仅 16 天，企业生产经营受到一定影响，市场活跃度总体有所下降。从 1-2 月累计看，汽车产销受政策切换、需求前置释放、春节假期错位等多重因素叠加影响，同比有所下滑，但行业结构性亮点依然突出。 新能源汽车渗透率维持高位 数据显示， 1-2 月新能源汽车累计产销分别完成 173.5 万辆和 171 万辆，其中 2 月新能源汽车新车销量达到汽车新车总销量的 42.4% ， 1-2 月累计渗透率为 41.2% ，尽管 1-2 月新能源汽车销量同比有所下降，但市场渗透率仍保持在较高水平。 中国品牌乘用车市占率超七成 在乘用车领域， 2 月，中国品牌乘用车共销售 107.8 万辆，占乘用车销售总量的 70.2% 。 1-2 月累计，中国品牌销量占比继续保持高位。从价格区间看，新能源乘用车在 15 万元以上价格区间的多个细分市场均实现同比增长，显示中国品牌在高端化方面取得积极进展。 与此同时，头部企业表现稳健。从重点企业看，比亚迪 1 月销量同比增长 17.5% ，环比增长 13.2% ；上汽集团 1 月销量同比增长 12.3% ，环比增长 11.1% 。 商用车市场持续向好 与乘用车市场短期调整形成对比，商用车市场延续向好趋势。数据显示， 1-2 月，商用车产销分别完成 66 万辆和 62.7 万辆，同比分别增长 7% 和 3.9% 。其中，重型货车销量 17.9 万辆，同比增长 16.5% ；中型货车销量 2.2 万辆，同比增长 169% ，增速显著。 新能源商用车方面， 1-2 月国内销量 9.9 万辆，占商用车国内销量比例为 22% ，同比增长 25.3% 。天然气商用车 1-2 月销量 3.6 万辆，整体保持平稳。 汽车出口保持快速增长 值得一提的是，汽车出口继续保持高增长态势。 2 月，汽车出口 67.2 万辆，同比增长 52.4% 。 1-2 月累计汽车出口 135.2 万辆，同比增长 48.4% 。其中，新能源汽车出口增速更为显著， 1-2 月累计出口 58.3 万辆，同比增长超过 110% 。 从企业表现看，整车出口前十企业均实现正增长。 1-2 月，奇瑞出口量达 24.3 万辆，同比增长 45.6% ，占出口总量的 18% ；吉利出口增速最为显著，出口 15.6 万辆，同比增长超过 150% ；特斯拉 2 月出口 2 万辆，同比增长 4.2 倍。 展望未来，陈士华表示，今年的政府工作报告明确提出要“激发居民消费内生动力和促消费政策并举”，“持续放大‘组合拳’效应”，“深入整治‘内卷式’竞争，营造良好市场生态”。他指出，随着节后地方补贴细则全面落地、春季车展促销启动、车企新品陆续上市，有助于提振居民消费信心，激发汽车市场活力，推动行业健康平稳运行。（钱琨） 
 凡标注来源为“经济参考报”或“经济参考网”的所有文字、图片、音视频稿件，及电子杂志等数字媒体产品，版权均属《经济参考报》社有限责任公司，未经书面授权，不得以任何形式刊载、播放。 获取授权 关于我们 版权声明 媒体刊例 信披平台 商务合作 《经济参考报》社有限责任公司版权所有 
 本站所有新闻内容未经协议授权，禁止转载使用 
 新闻线索提供热线：010-63074375 
 63072334　报社地址：北京市宣武门西大街57号 
 JJCKB.CN 京ICP备2024066810号-1 新闻线索提供热线：010-63074375 63072334 
 JJCKB.CN 《经济参考报》社有限责任公司版权所有 
 本站内容未经协议授权，禁止转载使用 京ICP备18039543号-1 中汽协：1-2月汽车行业运行平稳 新能源渗透率41.2%",2026-03-12,经济参考网,http://jjckb.xinhuanet.com/20260312/8c28af2af136426bafc8ad2b4eb665d0/c.html,accepted
LC-TEXT-0039,news,2026年2月中国动力电池企业装车量排行榜TOP10,"2026年2月中国动力电池企业装车量排行榜TOP10（附榜单）-排行榜-中商情报网 
 中商官网 
 中商情报网 
 数据库 
 行业与市场地位证明 
 十五五规划 
 报告库 
 特色服务 
 排行榜 
 首   页 
 金融排行榜 
 产业排行榜 
 全球排行榜 
 中商排行榜 
 报告库 
 数据库 
 研究院  
 研究报告 
 可研报告 
 商业计划 
 产业规划 
 首页 
 › 
 产业排行榜 
 2026年2月中国动力电池企业装车量排行榜TOP10（附榜单） 
 动力电池 
 中商产业研究院 
 2026-03-13 10:37 
 分享到： 
 中商情报网讯：2月，国内动力电池装车量26.3GWh，同比下降24.6%。TOP10企业动力电池装车量合计24.82GWh，市占率合计94.43%。 宁德时代动力电池装车量最高达12.90GWh，市占率49.10%。比亚迪、中创新航排名第二和第三，动力电池装车量分别为3.56GWh、1.58GWh，市占率分别为13.56%、6.00%。LG新能源、国轩高科、亿纬锂能、瑞浦兰钧、欣旺达、吉曜通行、正力新能进入前十，依次排名第4-10名。 数据来源：中国汽车动力电池产业创新联盟、中商产业研究院整理 更多资料请参考中商产业研究院发布的 《2026-2031年全球动力电池行业深度调研及投资前景预测报告 》 ， 同时中商产业研究院还提供 产业大数据 、 产业情报 、 行业研究报告 、 行业白皮书 、 行业地位证明 、 可行性研究报告 、 产业规划 、 产业链招商图谱 、 产业招商指引 、 产业链招商考察&推介会 、 “十五五”规划 等咨询服务。 
 中商情报网倡导尊重与保护知识产权。如发现本站文章存在版权问题，烦请联系 editor@askci.com， 我们将及时沟通与处理。 
 相关研究 
 更多 
 2025-2030年中国宽温域高比能动力电池市场调研分析及投资前景研究预测报告 
 2025-2031年中国动力电池回收行业市场深度分析及发展趋势研究预测报告 
 2025-2030年中国动力电池技术研究及发展前景投资预测分析报告 
 2025-2030年中国动力电池行业深度研究及发展前景投资预测分析报告 
 2025-2030年中国新能源动力电池散热系统市场调研分析及投资前景研究预测报告 
 2025-2030年中国动力电池回收行业深度研究及发展前景投资预测分析报告 
 相关排行 
 更多 
 2026年2月中国动力电池产销情况：销量同比增长11.4%（图） 
 动力电池 
 2026年2月中国动力电池装机量情况：磷酸铁锂电池装车量同比下降27.5%（图） 
 动力电池 
 2025年全球动力电池装机量前十企业排行榜（附榜单） 
 动力电池 
 2025年全球动力电池装机量前十国家排行榜（附榜单） 
 动力电池 
 2026年1月中国磷酸铁锂动力电池企业装车量排行榜TOP10（附榜单） 
 动力电池 
 2026年1月中国动力电池企业装车量排行榜TOP10（附榜单） 
 动力电池 
 最新报告 
 更多 
 2025-2030全球及中国焊接破碎锤除渣工具行业研究及十四五规划分析报告 
 焊接破碎锤除渣工具 
 2025-2030全球与中国焊接破碎锤除渣工具市场现状及未来发展趋势 
 焊接破碎锤除渣工具 
 2025-2030中国焊接镜片市场现状研究分析与发展前景预测报告 
 焊接镜片 
 2025-2030全球及中国焊接镜片行业研究及十四五规划分析报告 
 焊接镜片 
 2026-2031中国离子交换与吸附树脂市场现状研究分析与发展前景预测报告 
 塑料 
 2026-2031全球与中国离子交换与吸附树脂市场现状及未来发展趋势 
 塑料 
 最新信息 
 更多 
 2025年度中国协作机器人品牌销量排行榜TOP10（附榜单） 
 2025年全国各省市汽车产量排行榜 
 2025年全国各省市大气污染防治设备产量排行榜 
 2025年全国各省市包装专用设备产量排行榜 
 2026年1-2月中国汽车销量前十企业（集团）排行榜（附榜单） 
 2026年1-2月中国整车出口前十企业排行榜（附榜单） 
 2026年2月中国整车出口量前十企业排行榜（附榜单） 
 2025年全国各省市金属切削机床产量排行榜 
 2025年全国各省市交流电动机产量排行榜 
 中商情报网 
 更多 
 2026年中国物联网市场规模预测及重点企业分析（图） 
 2026年中国生成式人工智能用户规模及使用率预测分析（图） 
 2026年中国协作机器人行业销量预测分析（图） 
 2025年我国在线政务服务用户规模达9.40亿人 占网民整体83.5%（图） 
 2026年3月13日全国各地最新鸡蛋价格行情走势分析 
 2026年3月13日全国各地最新白条鸡价格行情走势分析 
 2025年我国在线教育用户规模达3.27亿人 占网民整体29.1%（图） 
 2025年我国互联网医疗用户规模达4.11亿人 占网民整体36.5%（图） 
 2026年3月13日全国各地最新白条猪价格行情走势分析 
 中商产业研究院 | 
 招商通 | 
 报告库 | 
 数据库 | 
 特色服务 
 地址：深圳市福田中心区红荔路1001号银盛大 厦7层(团市委办公大楼) 
 Copyright 2003-2026 askci Corporation, All Rights Reserved 中商产业研究院 版权所有 
 排行榜-内容页",2026-03-13,中商情报网,https://www.askci.com/news/20260313/103800277336947915573174.shtml,accepted
GFEX-WR-20260319,announcement,广期所碳酸锂仓单日报：仓单减少1029手,广州期货交易所2026-03-19仓单日报显示，碳酸锂仓单总量为34740手，减少1029手。,2026-03-19,广州期货交易所,https://www.gfex.com.cn/gfex/cdrb/hqsj_tjsj.shtml,accepted
LC-TEXT-0040,policy,"天津市电动汽车充电设施服务能力""质效双增""实施方案","关于印发《天津市电动汽车充电设施服务能力“质效双增”实施方案》的通知_委内文件_政务公开 
 天津政务网
 2019年12月3日星期二 
 简体 | 
 繁体 
 无障碍 
 长者模式 
 政务公开   >   政策文件   >   委内文件 
 名　　　 称 ： 
 关于印发《天津市电动汽车充电设施服务能力“质效双增”实施方案》的通知 
 索   引  号 ： 
 111200000001252098/2026-00004 
 发 布 机 构 ： 
 天津市发展和改革委员会 
 发 文 字 号 ： 
 津发改工业〔2026〕26号 
 主　　　 题 ： 
 国民经济和社会发展\产业发展规划 
 成 文 日 期 ： 
 发 文 日 期 ： 
 市级有关部门、 各区 充电设施管理部门 、各有关单位： 为贯彻落实《国家发展改革委等部门关于印发〈电动汽车充电设施服务能力 “ 三年倍增 ” 行动方案（ 2025-2027 年 ）〉的通知》（发改能源〔 2025 〕 1250 号 ）要求，市发展改革委会同相关单位研究制定了《天津市电动汽车充电设施服务能力 “ 质效双增 ” 实施方案》，现印发给你们，请结合工作实际，认真贯彻执行。 附件：天津市电动汽车充电设施服务能力 “ 质效双增 ” 实施方 案 20 2 6 年 1 月 23 日 附件   天津市 电动汽车充电设施服务能力 “ 质效双增 ” 实施方案   为贯彻落实《国家发展改革委等部门关于印发〈电动汽车充电设施服务能力 “ 三年倍增 ” 行动方案（ 2025-2027 年 ）〉的通知》（发改能源〔 2025 〕 1250 号 ）要求 ，加大力度完善电动汽车充电设施服务网络，服务能力 “ 质量 ” 和 “ 效能 ” 双重提升，促进新能源汽车等大宗消费 ，助力新能源汽车产业 高质量发展 ，结合我市实际制定本实施方案。 一、工作目标 通过持续健全 全市 充电网络，实现充电基础设施智能开放 、 充电设备快慢结合 、 充电服务安全便捷 、 充电信息互联互通，基本建成覆盖广泛、规模 适配 、结构合理、功能 完备、服务优质 的充电基础设施体系。到 2027 年底，在全市范围内建成 超 50 万台充电设施，充电容量达到 530 万千瓦，满足超过 100 万辆电动汽车充电需求。 二、公共充电设施提质升级行动 （一）补强城市快速充电网络体系。 以城市道路交通网络为依托，以 “ 两区 ” （居住区、办公区）、 “ 三中心 ” （商业中心、工业中心、休闲中心）为重点，推动城市充电网络从中心 区域 向城区边缘有序延伸。城市道路临近空间建设以快充为主、慢充为辅的公共充电基础设施， 加快建设 具有一定规模的集中式 大功率 充电基础设施 ，适时打造示范应用场景 。各区在 谋划实施 城市更新 和停车场建设 项目时， 应 因地制宜将充电基础设施纳入改造 或建设 范围，实现城市各类停车场景 100% 覆盖。 （市发展改革委、市住房城乡建设委、市城市管理委、市商务局、 国网天津 市电力公司、各区 充电设施管理部门等 按职责分工负责） （二）补全高速公路服务区充电服务能力。 推动 既有服务区充电设施 加快实施 升级改造和 扩容 ，新建高速公路服务区同步 配建 充电基础设施， 鼓励更新建设大功率充电设施，全面提高充电功率 。 推进津石高速静海西服务区、京津高速梅厂服务区等一批充电设施 重点项目 建设。到 2027 年 底 ，辖区内高速公路服务区大功率充电设施不少于 200 台。 （市交通运输委、市发展改革委、 国网天津 市电力公司等 按职责分工负责 ） （三）补齐 村镇 充电设施建设短板。 推动公共直流快充站建设， 重点 在乡镇行政许可服务中心、医院、学校等对外公共服务机构所属公共停车场， A 级景区、乡村旅游重点村、农家院、村委会等地配套建设公共充电基础设施，实现 “ 充电站区区全覆盖、充电桩 镇镇 全覆盖 ” 。推动规范充电基础设施共建共享， 统筹保障充电场站建设空间，为充电站提供用地支撑 。 提高资源利用节约集约水平 ，加大配套电网建设改造力度， 增强农村电网的支撑保障能力。（市发展改革委、市规划资源局、市工业和信息化局、市文化和旅游局、 国网天津 市电力公司、相关区 充电设施管理部门 等 按职责分工负责） 三、居住区充电条件优化行动 （四）加强居住区配建规定执行。 落 实新建居住区建设单位主体责任，严格落实国家 及 我市对新建小区充电基础设施配建要求，固定车位按规定 1 00% 建设充电基础设施或预留安装条件，满足直接装表接电要求。规划主管部门应在新建住宅规划条件和建设工程规划许可证阶段严格执行配建或预留充电基础设施的比例要求，建设 主管部门 要将充电基础设施配建情况纳入整体工程验收 范畴 。 鼓励各区 因地制宜 将充电基础设施纳入老旧小区 基础类设施 改造范围 ，并同步开展配套供配电设施建设 。 （市 住房城乡建设委、市规划资源局、市发展改革委、 国网天津 市电力公司、 各区 充电设施管理部门等 按职责分工负责） （五）推广居住区 “ 统建统营 ” 模式 。 重点在 电动汽车渗透率高、接入容量受限、私人桩建设存在制约的 居住 区 ， 持续开展公共充电基础设施建设，对具备安装条件的小区应建尽建，满足居民充电需求。 到 2027 年 底 ， “ 统建统 营 ” 小区公共充电基础设施不少于 5.2 万台 ， 实现 居住区充电桩 “ 有人建、有人管、可持续 ” 的发展格局 。 （ 市发展改革委、 市 住房城乡建设委、 国网天津 市电力公司、 各区 充电设施管理部门等 按职责分工负责） 四、车网互动规模化应用推广行动 （六）持续开展车网互动试点示范。 根据国家推动车网互动规模化应用试点有关工作要求，积极争取车网互动城市试点， 扎实推进车网互动试点项目建设。全面推广新能源汽车有序充电，扩大双向充放电（ V2G ）项目规模，丰富车网互动应用场景。 到 2027 年底，重点在社会化场站、社区居住区、公交场站等特殊场景，推广建设 V2G 桩 300 个，放电功率 5000 千瓦，实现 车网互动规模化应用有效扩大，互动资源可观、可测、可调、可控。 （市发展改革委、 国网天津 市电力公司等按职责分工负责） （七）组织电网企业等开展场景实测。 探索电动汽车负荷参与不同市场类型的技术实现方式，制定通信、控制、系统等标准，聚焦交通枢纽、景区、物流园区等充电场景，加强电动汽车与电网双向互动（ V2G ）新技术研究，充分挖掘电动汽车移动储能资源潜力。加强车网互动关键技术研究，加快车网互动充电示范场站建设，形成 “ 大型充电示范场站 + 小区有序充电站 ” 的车网互动充电网络。开展源网荷储一体化、光储充换一体站等试点示范 。 （市发展改革委、市工业和信息化局、 市科技局 、 国网天津 市电力公司、 各区 充电设施管理部门等按职责分工负责） 五、供电能力和供电服务改善行动 （八）加快配电网升级改造。 加强充电配电网络建设，新建居民区合理配置变压器容量， 加快 老旧社区 电力设施升级改造， 满足用户直接装表接电需要。 鼓励电网企业在电网接入、增容等方面 重点 服务充电基础设施建设。 加快推进快速充换电、大功率充电、智能有序充电、光储充协同控制等技术应用。（市发展改革委、市工业和信息化局、市住房城乡建设委、 国网天津 市电力公司、 各区 充电设施管理部门等 按职责分工负责） （九）强化报装接电服务保障。 持续优化 “ 联网通办 ” 政策，支持新能源汽车销售企业与电网、充电基础设施建设运营企业合作，为购买新能源车的百姓提供购车、接电、装桩 “ 一站式 ” 服务。落实 “ 三零 ”“ 三省 ” 服务举措，优化内部审批流程，提高接电服务效率。 供电企业在居民个人报装环节主动与物业服务企业、业主委员会等居住社区管理单位协商， 统一出具允许施工证明，备案制受理居民申请 。 物业服务企业、业主委员会等居住社区管理单位应积极配合用户安装充电基础设施并提供必要协助。 （ 市住房城乡建设委 、 市工业和信息化局、市发展改革委、 国网天津 市电力公司 等 按职责分工负责 ） 六、充电运营服务质量提升行动 （十）提升公共充电场站服务水平。 完善充电基础设施运维体系，落实充电基础设施建设运营企业主体责任，提升设施可用率和故障处理能力。 鼓励充电运营企业对现有充电设备 实施 升级改造 ，遵循 “ 科学布局、适度超前、安全可靠 ” 的原则，结合 新能源汽车发展趋势、充电需求 、区域 配电网容量 与电网承载能力精准 布局，全面清理 “ 僵尸桩 ” ， 避免低效无序建设造成的公共资源浪费。 通过优化场站环境、规范收费标准、做好价格公示、改进运维手段等措施，切实提升用户充电体验。（市发展改革委、 国网天津 市电力公司、 各区 充电设施管理部门等 按职责分工负责） （十一）加强 “ 国家 - 省 - 市 ” 三级监管平台体系建设。 完善 新能源汽车充电设施综合服务平台功能，推动充电基础设施全量接入，加强充电基础设施运营服务、行业监管、考核评价、运行分析、居民支付结算互联互通。引导充电基础设施建设运营企业参与市场化电力需求响应，开展绿电交易，支撑新型电力系统建设。分步骤、按阶段有序接入国家充电设施监测服务平台，支撑国家级平台建设。鼓励私人充电基础设施自愿接入。基于平台开展 “ 津 e 充 ”APP 建设，满足居民综合查询、智能导航、便捷支付等需求，实现充电服务 “ 一张网 ” 。（市发展改革委、市工业和信息化局、市交通运输委、 国网天津 市电力公司、 各区 充电设施管理部门等 按职责分工负责） 七、保障措施 （十二） 加强 组织保障 。 建立市发展改革委牵头，市住房城乡建设委、市工业和信息化局、 市交通运输委 等有关单位 组成 的协调机制，统筹全市充电基础设施建设，推进各项措施落实落地 ， 加强规划 设计 ，创新建设运营模式，定期开展实施情况评估，及时总结推广典型经验做法，构建智能高效、可持续发展的充电 基础 设施生态体系 。 （十 三 ）加强 落地实施 。 各区各部门要因地制宜，分类施策，加大推动力度，确保相关措施 落地见效 。落实建设全国统一大市场相关要求，鼓励充电运营企业、新能源车企和传统能源企业等各类企业公平参与市场竞争，支持民营经济在充电领域发展。能源主管部门要加大配套电网建设改造支持力度，指导电网规划与充电网络规划有效衔接。电网企业要加强配套电网建设和供电服务水平，加大 村镇 地区保障型充电设施的建设力度。充电设施运营企业要不断提升充电设施建设规模和服务品质。 （十 四 ）加强安全管理。 各区各部门 要 严格落实 《国务院安全生产委员会关于加强新能源汽车充电基础设施安全管理的意见》（安委〔 2024 〕 11 号 ）和 《 天津市贯彻落实 〈 国务院安全生产委员会关于加强新能源汽车充电基础设施安全管理的意见 〉 实施方案》 （ 津安生〔 20 25 〕 1 号 ）等文件要求 ， 依据职责分工 ， 加强充电设施安全管理， 督促 充电设施建设运营企业及 各类公共充换电场站管理单位严格按照 “ 三管三必须 ” 要求， 落实 各方安全责任 。 加强全生命周期安全管理，提升全链条安全风险防范水平，打造安全、可靠、规范、便捷的新能源汽车充换电基础设施网络 。 （十五）加强宣传引导。 通过新闻报道、互联网新媒体等渠道，加大政策宣传力度，及时发布充电设施建设动态，深度开展政策解读，做好试点跟踪报道。加强跨行业、跨领域交流，丰富互动形式，形成有利于新能源汽车消费和充电基础设施提质升级的良好氛围。     
 附件： 
 | 政策解读
 | 相关政策
 | 相关报道
 版权声明
 | 
 网站地图
 | 
 使用帮助
 | 
 联系我们
 主办单位：天津市发展和改革委员会 
 联系电话：23142050 技术支持：市大数据管理中心 
 网站标识码：1200000015 津ICP备 08100007号-14 
 津公网安备12010102001387号
 系统检测到您正在使用ie11以下内核的浏览器，不能实现完美体验，请更换或升级浏览器访问！
 版权声明 | 网站地图 | 使用帮助 | 联系我们 
 主办单位：天津市发展和改革委员会 
 联系电话：23142050 技术支持：天津市信息中心 
 网站标识码：1200000015 津ICP备 08100007号-14 
 津公网安备12010102001387号",2026-03-23,天津市发展改革委,https://fzgg.tj.gov.cn/zwgk_47325/zcfg_47338/zcwjx/fgwj/202603/t20260323_7267626.html,accepted
GFEX-WR-20260324,announcement,广期所碳酸锂仓单日报：仓单减少1459手,广州期货交易所2026-03-24仓单日报显示，碳酸锂仓单总量为32078手，减少1459手。,2026-03-24,广州期货交易所,https://www.gfex.com.cn/gfex/cdrb/hqsj_tjsj.shtml,accepted
LC-TEXT-0041,news,广东潮州200MW/400MWh独立储能电站EPC中标候选人公示,"中国储能网 -国内新闻 - 今日招中标动态｜1.315元/Wh！广东潮州200MW/400MWh独立储能电站EPC中标公示 } 
 中国储能网欢迎您！ 
 数字储能网 | 中国国际储能大会 
 微信公众号 微信小程序 
 搜索 
 首页 
 价格指数 
 企业指数 
 装机规模 
 产能与出货量 
 电价与交易 
 国际市场 
 市场预测 
 政策与解读 
 标准与规范 
 主要活动 
 当前位置： 
 首页 
 > 新闻动态 > 国内新闻   返回 
 今日招中标动态｜1.315元/Wh！广东潮州200MW/400MWh独立储能电站EPC中标公示 
 作者：王谊秀 
 来源：中国储能网 
 发布时间：2026-04-02 
 浏览： 次 
 中国储能网讯： 共计3个中标动态，3个招标动态。 
 中标方面，4月1日，深能锡林郭勒西乌珠穆沁旗电网侧压缩空气储能项目地下储气库工程EPC总承包中标候选人公示，中铁十八局集团有限公司预中标， 投标报价10.84亿元 ；3月31日，广东潮州200MW/400MWh独立储能EPC中标结果公示，中建八局广西建设有限公司成功中标， 折合单价1.315元/Wh ；3月27日，中石油2026年逆变器集中采购项目中标候选人公示，本次集采分为4个标包，合计容量5GW， 科华/阳光/华为等11家企业入围。 
 招标方面，4月1日，宁夏中宁100MW/400MWh增容储能电站项目EPC发布招标公告；山西沁源能量池200MW400MWh独立储能电站项目工程设计服务直接招标。 
 【中标项目】 
 1、10.84亿，内蒙古电网侧压缩空气储能项目地下储气库工程EPC中标候选人公示 
 4月1日，深能锡林郭勒西乌珠穆沁旗电网侧压缩空气储能项目地下储气库工程EPC总承包中标候选人公示。 
 第一中标候选人为中铁十八局集团有限公司，投标报价：1083902717.28元；第二中标候选人为中交一公局集团有限公司，投标报价：1099951303.00元。 
 招标范围：中标人负责完成深能锡林郭勒西乌珠穆沁旗电网侧压缩空气储能项目地下储气库工程勘察、设计、采购、施工一体化EPC总承包工程，储气库运行压力范围为9.6-17MPa，须满足在额定工况下充电时长6.5小时，达到满功率持续发电4小时的能力，储气库总容积不少于63.9万m。 
 2、1.315元/Wh！广东潮州200MW/400MWh独立储能电站EPC中标公示 
 3月31日，广东省潮州市200MW/400MWh独立储能电站项目EPC总承包工程中标结果公示，中建八局广西建设有限公司成功中标，中标金额为52600.78万元，折合单价1.315元/Wh。 
 据悉，该项目总建设容量400MWh，功率200MW，分为储能场区和220kV升压站区两部分。储能场区采用户外一体舱布置，电池舱与PCS舱分舱设计，选用磷酸铁锂电池，PCS舱采用逆变升压一体结构；升压站配置1台200MVA主变，以1回约0.5km的220kV线路接入220kV岗华变电站。 
 3、科华/阳光/华为等11家企业入围！中石油5GW逆变器集采中标候选人公示 
 3月27日，中国石油天然气集团有限公司2026年逆变器集中采购（定商定价）项目中标候选人公示，本次集采分为4个标包，合计容量5GW。阳光电源、上能电气、科士达在4个标段均有入围，固德威则入围3个标段，其余企业则入围2个标段。 
 根据招标公告，中标供应商应提供满足逆变器产品本体及其附属设备、配套服务等。包含逆变器及其设备正常运行所必需的附属装置、备品备件及专用工具的设计、制造、试验、包装、运输、交货和指导现场安装、提供工厂图纸（如有）及资料，以及现场安装调试阶段的质量检查、试验、配合试运行和验收、技术文件的编制等工作。 
 【招标项目】 
 1、宁夏100MW/400MWh储能电站项目EPC招标！ 
 4月1日，宁夏中宁县泰源能源科技发展有限公司恩和400MWh增容储能电站项目EPC发布招标公告，项目总投资30000万元，合单价0.75元/Wh。招标人为中宁县泰源能源科技发展有限公司。 
 本项目扩建100MW/400MWh储能，共设置20个5.016MW/20.064MWh储能单元。其中单个5.016MW/20.064MWh储能单元采用4台1254kW/5016kWh交直流一体组串式储能预制舱与1台5500kVA三相干式双绕组变压器组成；单台1254k/5016kWh交直流一体组串式储能预制舱由1套电池仓和3台418kW组串式PCS组成。原储能项目改造将原华严一期200MW/400MWh储能项目规模容量降为100MW/400MWh储能，合计储能规模容量为200MW/800MWh，共通过8回集电线路接至储能系统原配套110kV升压站35kV配电室，通过110kV升压站升压接至电网。 
 2、山西沁源能量池200MW400MWh独立储能电站工程设计招标 
 4月1日，山西沁源能量池200MW400MWh独立储能电站项目工程设计服务直接招标，储能电站占地约43.88亩。项目规划建设一座独立电化学储能电站，建设规模为200MW/400MWh，采用磷酸铁锂电池储能系统，升压站及储能设备采用站房式模块化安装。储能部分:配置40套5MW/10MWh储能单元。储能区内每5套储能单元的升压变压器35kV侧，汇集为1回35kV储能汇集线，储能系统共8回储能汇集线接入220kV升压站的35kV母线。 
 3、山东10MW/20MWh分布式云储能电站项目(EPC+O)招标 
 3月31日，山东峻储市中10MW/20MWh分布式云储能电站项目(EPC+O)招标，招标人为枣庄峻储新能源技术有限责任公司，10MW/20MWh磷酸铁锂电池储能系统，包括储能电池预制舱、PCS升压变流一体舱(包括升压变压器、高压开关柜等)，包括自初步设计至竣工验收移交、质保期服务的全过程工作及运营，具体涵盖勘察设计、设备材料采购供应、工程施工、系统调试与试验等。 
 分享到： 
 关键字： 招中标 
 中国储能网版权说明： 
 1、凡注明来源为“中国储能网：xxx（署名）”，除与中国储能网签署内容授权协议的网站外，未经本网授权，任何单位及个人不得转载、摘编或以其它方式使用上述作品。 
 2、凡本网注明“来源：xxx（非中国储能网）”的作品，均转载与其他媒体，目的在于传播更多信息，但并不代表中国储能网赞同其观点、立场或证实其描述。其他媒体如需转载，请与稿件来源方联系，如产生任何版权问题与本网无关。 
 3、如因作品内容、版权以及引用的图片（或配图）内容仅供参考，如有涉及版权问题，可联系我们直接删除处理。请在30日内进行。 
 4、有关作品版权事宜请联系：13661266197、 邮箱：ly83518@126.com 
 版权所有：中国储能网© Copyright 2009 - 2026. All Rights 未经授权，禁止复制或建立镜像 
 新闻和版权信息联电话：010-88337719、010-88337717 
 中国储能网 
 联系我们 
 免责声明 
 版权声明 
 诚聘英才 
 广告热线：010-88337719、010-88337717 
 联系地址：北京市西城区阜成门外大街1号四川大厦东塔楼30层 
 京ICP备12023756号-1 　　　 京公网安备11010202010553 　　　 违法和不良信息举报电话",2026-03-27,北极星储能网,https://www.escn.com.cn/news/show-2245284.html,accepted
GFEX-WR-20260330,announcement,广期所碳酸锂仓单日报：仓单增加953手,广州期货交易所2026-03-30仓单日报显示，碳酸锂仓单总量为31064手，增加953手。,2026-03-30,广州期货交易所,https://www.gfex.com.cn/gfex/cdrb/hqsj_tjsj.shtml,accepted
GFEX-WR-20260331,announcement,广期所碳酸锂仓单日报：仓单减少19746手,广州期货交易所2026-03-31仓单日报显示，碳酸锂仓单总量为11318手，减少19746手。,2026-03-31,广州期货交易所,https://www.gfex.com.cn/gfex/cdrb/hqsj_tjsj.shtml,accepted
GFEX-WR-20260401,announcement,广期所碳酸锂仓单日报：仓单增加6340手,广州期货交易所2026-04-01仓单日报显示，碳酸锂仓单总量为17658手，增加6340手。,2026-04-01,广州期货交易所,https://www.gfex.com.cn/gfex/cdrb/hqsj_tjsj.shtml,accepted
LC-TEXT-0042,announcement,关于2025年第四季度计提资产减值准备的公告,"1/2
证券代码：688063 证券简称：派能科技 公告编号：2026-014
上海派能能源科技股份有限公司
关于 2025 年第四季度计提资产减值准备的公告
本公司董事会及全体董事保证本公告内容不存在任何虚假记载、误导性陈述
或者重大遗漏，并对其内容的真实性、准确性和完整性依法承担法律责任。
一、计提减值准备的情况概述
根据《企业会计准则》和上海派能能源科技股份有限公司（以下简称“公司”）
会计政策的相关规定，为客观、公允地反映公司截至2025年12月31日的财务状况
和2025年第四季度经营成果，公司及子公司对截至2025年12月31日合并范围内可
能存在减值损失的各项资产进行了评估和分析，本着谨慎性原则，公司对相关资
产进行了减值测试并计提了相应的减值准备。2025年第四季度，公司计提各类信
用及资产减值损失合计人民币22,345,025.28元，具体如下：
单位：人民币元
项目 2025 年第四季度计提金额
信用减值损失
应收票据坏账损失 -788,125.14
应收账款坏账损失 12,520,642.28
其他应收款坏账损失 54,264.93
资产减值损失
存货跌价损失 10,422,215.12
合同资产减值损失 136,028.09
合计 22,345,025.28
二、计提减值准备事项的具体说明
（一）信用减值损失
公司以预期信用损失为基础，对应收票据、应收账款、其他应收款进行减值
测试。经测试，公司2025 年第四季度需计提信用减值损失金额共计人民币
11,786,782.07元。
2/2
（二）资产减值损失
公司在资产负债表日有迹象表明发生减值的，估计其可收回金额，进行减值
测试。对存货资产，在资产负债表日存货成本高于可变现净值部分，计提了存货
跌价准备；按预期信用为基础，计提合同资产减值损失。经测试，公司2025年第
四季度需计提资产减值损失金额共计人民币10,558,243.21元。
三、本次计提减值准备对公司的影响
2025年第四季度，公司合并报表口径计提信用减值损失和资产减值损失合计
人 民 币 22,345,025.28 元 ， 对 公 司 合 并 报 表 利 润 总 额 影 响 数 为 人 民 币
22,345,025.28元（合并利润总额未计算所得税影响）。本次2025年第四季度计
提信用减值损失和资产减值损失数据已经天健会计师事务所（特殊普通合伙）审
计确认。
四、其他说明
公司2025年第四季度计提减值准备的依据充分，计提方式、计提比例合理，
符合《企业会计准则》及公司会计政策的相关规定，能够真实客观反映公司截至
2025年12月31日的财务状况和2025年第四季度经营成果，符合相关法律法规的规
定和公司实际情况，不存在损害公司和股东利益的情形，不会影响公司正常经营。
敬请广大投资者注意投资风险。
特此公告。
上海派能能源科技股份有限公司董事会
2026 年 3 月 31 日",2026-04-01,巨潮资讯网,http://static.cninfo.com.cn/finalpage/2026-04-01/1225068737.PDF,accepted
GFEX-WR-20260402,announcement,广期所碳酸锂仓单日报：仓单增加1580手,广州期货交易所2026-04-02仓单日报显示，碳酸锂仓单总量为19238手，增加1580手。,2026-04-02,广州期货交易所,https://www.gfex.com.cn/gfex/cdrb/hqsj_tjsj.shtml,accepted
GFEX-WR-20260403,announcement,广期所碳酸锂仓单日报：仓单增加2000手,广州期货交易所2026-04-03仓单日报显示，碳酸锂仓单总量为21238手，增加2000手。,2026-04-03,广州期货交易所,https://www.gfex.com.cn/gfex/cdrb/hqsj_tjsj.shtml,accepted
GFEX-WR-20260408,announcement,广期所碳酸锂仓单日报：仓单增加2146手,广州期货交易所2026-04-08仓单日报显示，碳酸锂仓单总量为23654手，增加2146手。,2026-04-08,广州期货交易所,https://www.gfex.com.cn/gfex/cdrb/hqsj_tjsj.shtml,accepted
LC-TEXT-0043,policy,关于开展2026年电力领域综合监管工作的通知,"包括电源、储能等接入电网流程和时限执行情况！国家能源局发布开展2026年电力领域综合监管工作通知 - 储能中国网 
 设为首页 
 收藏本站 
为创新服务，专业的新型储能信息平台！ 
 储能电池 
 储能材料 
 储能系统 
 消防与监控 
 项目案例 
 网站首页 
 要闻头条 
 政策规范 
 企业动态 
 行业资讯 
 技术应用 
 新型储能技术 
 抽水储能 
 氢储能 
 综合能源服务 
 产品与系统 
 储能电池 
 储能材料 
 储能系统 
 消防与监控 
 工程项目 
 电源侧 
 电网侧 
 用户侧 
 微电网 
 新型电力系统 
 观点与研究 
 产业观点 
 产业研究 
 招标与数据 
 项目招标 
 报告数据 
 活动动态 
 最新通知 
 市场动态 
 储能视讯 
 行业直播 
 人才招聘 
 会展推荐 
 会展信息 
 会展报道 
 创新者联盟 
 关于联盟 
 会员中心 
当前位置： 首页  >  行业资讯 
 包括电源、储能等接入电网流程和时限执行情况！国家能源局发布开展2026年电力领域综合监管工作通知 
 2026-04-08 11:47:13 
 来源：国家能源局 
 关键词： 
 新能源 储能 
 　　储能中国网获悉，近日，国家能源局发布关于开展2026年电力领域综合监管工作的通知。决定在河北省、吉林省、福建省、湖南省、广东省、新疆维吾尔自治区开展电力领域综合监管工作。 
 　　工作内容方面指出，包括节能降碳任务落实、自然垄断环节规范运营、电力市场建设和市场秩序、电力基础设施运营和用电营商环境四个方面。 
 　　电网公平开发情况方面指出， 
 　　重点监管电网企业接网工程投资建设和回购情况，电源、储能等各类主体接入电网流程和时限执行情况，电网互联项目流程和时限执行情况，公平开放工作制度建立和落实情况，电网企业信息公开和报送情况等。 
 　　节能降碳任务落实方面表示， 
 　　重点监管“沙戈荒”新能源基地规划电源、送出工程建设情况，“沙戈荒”新能源消纳情况，外送输电通道工程与基地电源工程协同建设情况，外送电量中新能源电量占比情况等。调研了解“沙戈荒”新能源基地项目规划落实情况等。 
 　　重点监管2025年以来新能源外送和就地消纲情况，促进新能源消纳的重点电网工程建设情况，调节能力优化专项行动落实情况，可再生能源调度运行情况，新能源利用率监测统计报送情沉等。调研了解可再生能源电力消纳贵任权重落实情况，根据新能源利用率目标确定年度开发规模上限情况，新能源集成融合发展情况等。 
 　　调研了解零碳园区建设过程中绿电直连项目建设实施落地情况、绿电直连项目发电量和向公共电网购电量情况，碳排放置换的新上“两高”工业项目实际发用电情况，碳排放置换源企业的绿电直连潜代、自备电厂煤电机组发电量压减、煤炭消费压减情况等。 
 　　电力市场建设和市场秩序方面主要包括： 
 　　1.全国统一电力市场建设情况。重点监管2025年以来电力中长期、现货、辅助服务等市场建设情况，相关制度规则的合规性、制修订及时性情况等。调研了解全国统一电力市场建设。 
 　　2.电力市场公平竞争情况。重点监管2025年以来电力市场合规交易情况、规范报价情况、按规则披露相关信息情况，是否存在利用市场支配地位行使市场力、串通报价、利用“发售一体”优势进行不正当竞争情况等。 
 　　3.电力市场规范运行情况。重点监管2025年以来电网企业、市场运营机构执行国家法律法规及有关政策、交易规则情况，独立规范运行、规范开展结算、组织各类交易情况，履行市场风险防控职责情况，市场信息披露和报送情况等。 
 　　通知表示，5月上旬至6月中旬现场监管、调研。国家能源局组成现场工作组，通过调阅资料、实地察看等方式，对6个省份有关电力企业、电力交易机构开展现场监管;对电力领域新业态、新模式和能源主管部门相关工作开展调研。现场工作安排另行通知。 
 　　原文如下： 
 上一篇： 新疆四大绿电直连项目获批！ 
 下一篇： 返回列表 
 储能中国网版权及免责声明： 
 1）储能中国网转载其他网站内容文字或图片，出于传递更多行业信息而非盈利之目的，同时本网站并不代表赞成其观点或证实其描述，内容仅供参考。版权归原网站、作者所有，若有侵权，请联系我们删除。 
 2）凡注明“来源-储能中国网” 的内容属储能中国网原创，转载需授权，转载应并注明“来源：储能中国网”。 
热点图文 
 新疆哈密“全钒液流”独立储能电站转入商业运营​ 
 含1.2GW/4h储能！全国已获批新能源装机规模最大和绿电占比最高“沙 
 含5GWh储能！总投资988亿元！内蒙古库布其沙漠12GW风光大基地全面开 
 国家地方共建新型储能创新中心总部基地正式启用 
 150MW/600MWh！全球海拔最高、规模最大！华能海南州储能项目顺利并网 
精彩看点 
 SNEC ES+第十二届(2026)国际储能和电池(上海)大会暨展览会 邀请 
 构建“超弛豫临界态” 我国团队突破无铅介质陶瓷高效脉冲储能关 
 2025第三届储能行业年会在京隆重举办 
 含1.2GW/4h储能！全国已获批新能源装机规模最大和绿电占比最高“沙 
 构网型储能如何担当电网的“定星盘” 
24小时排行榜 
 1 《“十四五”新型储能发展实施方案》解读 
 2 150MW/600MWh！全球海拔最高、规模最大！华能海南州储能项目顺利并网 
 3 构网型储能：让新能源并网更稳更灵活 
 4 国家标准丨《电化学储能电站环境影响评价导则（征求意见稿）》 
 5 《储能产业研究白皮书2022》发布：2021年中国新型储能新增投运2.4G 
 6 33家中央企业携手！中央企业新型储能创新联合体正式启动 
 7 中国全钒液流电池创业图谱 
 8 国家地方共建新型储能创新中心总部基地正式启用 
 9 华为入手钠离子电池 储能技术格局或将颠覆 
 10 阳光电源-首推中国1500V储能系统 
 关于我们 
 | 
 联系我们 
 | 
 宣传合作 
 | 
 人才招聘 
 本网站部分内容均由编辑从互联网收集整理，如果您发现不合适的内容，请联系我们进行处理，谢谢合作！ 
 版权所有：储能中国网 
 备案信息: 京ICP备2022014822号-1 
 投稿邮箱：cnnes2022@163.com 
 Copyright ©2010-2022 储能中国网 www.cnnes.cc 
 京公网安备 11010502049734号",2026-04-08,国家能源局,http://www.cnnes.cc/hangye/20260408/13148.html,accepted
GFEX-WR-20260409,announcement,广期所碳酸锂仓单日报：仓单增加1010手,广州期货交易所2026-04-09仓单日报显示，碳酸锂仓单总量为24664手，增加1010手。,2026-04-09,广州期货交易所,https://www.gfex.com.cn/gfex/cdrb/hqsj_tjsj.shtml,accepted
LC-TEXT-0044,news,中车株洲所中标290MW/1.16GWh储能系统采购,"招中标日报｜0.496元/Wh！中车株洲所中标290MW/1.16GWh储能系统采购_世纪新能源网 Century New Energy Network 
 分享好友 
 资讯首页 
 网站导航 
 招中标日报｜0.496元/Wh！中车株洲所中标290MW/1.16GWh储能系统采购 
 2026-04-14 09:00 1181 0 
 刘英丽 
 2026-04-14 09:00 · 头闻号 储能项目 
 TA的动态 
 01  招标情报 1、0.73元/Wh！重庆綦江削峰填谷储能项目招标 4月10日，重庆綦江工业园区管委会发布綦江区削峰填谷储能建设项目招标公告，招标人为重庆綦创建设开发有限公司，该项目最高限价20917.98万元，其中，储能柜储能系统的综合单价为0.73元/Wh。据了解，重庆綦创建设开发有限公司的实际控制人为重庆市綦江区国有资产监督管理委员会属于国资公司。本项目不接受联合体参与投标，否则按无效处理。 2、湖北能源集团80MW/160MWh储能电站EPC总承包招标 4月10日，湖北能源集团江陵构网型风储一体化电站示范项目EPC总承包工程招标。装机规模100MW，配置总装机规模80%（80MW/160MWh）的磷酸铁锂电化学储能。其中，风电升压站就地配套建设湖北能源集团江陵沙岗70MW/140MWh电化学储能电站，异地配套建设湖北能源集团江陵资市10MW/20MWh电化学储能电站。招标范围包括但不限于江陵沙岗风储电站、江陵资市储能电站（含送出线路和资市变10kV间隔扩建）的全部勘察设计；除甲供设备（风机及塔筒、储能系统设备）外的设备、材料的采购；建筑及安装工程施工等。 3、石家庄100MW/400MWh独立储能试点项目EPC招标 4月11日，石家庄平山县财东100MW/400MWh独立储能试点项目EPC总承包工程招标。本项目新建储能系统容量为100MW/400MWh，其中磷酸铁锂储能系统为85MW/340MWh、钠离子储能系统为15MW/60MWh，220KV升压站一座、电气综合楼一座及相关附属配套设施。本次招标为石家庄平山县财东100MW/400MWh独立储能试点项目EPC总承包的设计、设备采购及工程施工等与本项目相关的全部工作。 4、河北平山县100MW/400MWh独立储能试点项目启动EPC招标 4月13日，河北财东新能源开发有限公司发布石家庄平山县财东100MW/400MWh独立储能试点项目EPC总承包工程招标公告。项目建设地点位于石家庄市平山县西大吾乡西大吾村、尤家庄村，新建储能系统总容量为100MW/400MWh，其中磷酸铁锂储能系统85MW/340MWh，钠离子储能系统15MW/60MWh，同时配套建设220kV升压站一座、电气综合楼及相关附属设施。 02 中标情报 1、中车株洲所中标290MW/1160MWh储能系统采购 4月13日，(大唐国际)大唐河北张家口发电厂百万新能源基地290MW/1160MWh配套储能项目磷酸铁锂电池储能系统采购中标结果公示，中车株洲电力机车研究所有限公司中标，中标金额为57540万元，折合单价为0.496元/Wh。据悉，本项目储能分为两个场址进行布置，100MW/400MWh储能系统布置于张家口发电厂500kV升压站旁，190MW/760MWh储能系统布置在龙关300MW 光伏 项目升压站旁。 2、0.6777元/Wh！中卫工业园区50兆瓦/100兆瓦时负荷侧储能项目EPC开标 4月11日，中卫工业园区50兆瓦/100兆瓦时负荷侧储能项目EPC总承包中标公示，中标单位为中国能源建设集团(甘肃)工程有限公司&大唐环境产业集团股份有限公司，中标金额为6777.0027万元，折合单价0.6777元/Wh。招标范围包括负责设计及施工建设一套50MW/100MWh储能系统,配套建设35KV线路及其相关设施设备，其中变流升压一体机总容量50MW，储能电池总容量100MWh。 3、0.519元/Wh！济柴动力预中标甘肃80MW/320MWh风电储能系统 4月9日，甘肃玉门油田红柳泉新能源基地一期50万千瓦风电项目储能系统采购中标候选人公示。第一中标候选人为中国石油集团济柴动力有限公司，投标报价16596.71万元，折合单价0.519元/Wh；第二中标候选人为广州智光储能科技有限公司，投标报价16627.8万元，折合单价0.520元/Wh；第三中标候选人为远景能源有限公司，投标报价16320万元，折合单价0.510元/Wh。 4、中国能建葛洲坝二公司中标北海威昱新型独立共享储能电站项目 近日，中国能建葛洲坝二公司成功中标北海威昱新型独立共享。储能电站项目（一期）。据悉，该项目位于广西壮族自治区北海市，占地约41.75亩，建筑面积约1000平方米，规划建设规模为200兆瓦/362兆瓦时的电化学与超级电容混合储能电站，并配套建设主控中心、主控室、低压配电室等设施。 免责声明：本平台仅供信息发布交流之途，请谨慎判断信息真伪。如遇虚假诈骗信息，请立即举报 举报 
 反对 0 
 分享 40 
 更多 相关文章 
 储能电芯榜单生变！黑马猛冲第六，“腰部”席位厮杀升级 
 21秒前更新 
 储能系统的构网能力哪家强？主流品牌硬核实力对比 
 21秒前更新 
 储能成为配套刚需后，底层技术赛点在于芯片？ 
 21秒前更新 
 储能出货暴涨188%！300亿龙头半年报里的“减亏密码” 
 21秒前更新 
 储能上市公司董事长、总经理辞职！ 
 21秒前更新 
 储能出海为啥必须死磕ESG？ 
 21秒前更新 
 储能安全，进入“AI+全链路”时代 
 21秒前更新 
 储能系统循环效率排名测评：五大品牌深度较量，谁是效率标杆？ 
 21秒前更新 
 储能全线涨价：头部企业的狂欢，中小厂的“生死劫”！ 
 21秒前更新 
 储能系统哪家好？利星能TRITON-6251以“光储同寿”重新定义25年价值周期 
 21秒前更新 
 评论 0 
 收藏 
 点赞",2026-04-13,世纪新能源网,https://m.ne21.com/news/show-226386.html,accepted
LC-TEXT-0045,news,财联社汽车早报4月13日,"财联社汽车早报4月13日|新能源汽车_新浪财经_新浪网 
 新浪首页 
 新闻 
 体育 
 财经 
 娱乐 
 科技 
 博客 
 图片 
 专栏 
 更多 
 汽车 
 教育 
 时尚 
 女性 
 星座 
 健康 
 房产 历史 视频 收藏 育儿 读书 
 佛学 游戏 旅游 邮箱 导航 
 移动客户端 
 新浪微博 
 新浪新闻 
 新浪财经 
 新浪体育 
 新浪众测 
 新浪博客 
 新浪视频 
 新浪游戏 
 天气通 
 我的收藏 
 注册 
 登录 
 滚动新闻 > 
 正文 
 行情 
 股吧 
 新闻 
 外汇 
 新三板 
 财联社汽车早报4月13日 
 财联社汽车早报4月13日 
 2026年04月13日 08:52 
 财联社 
 新浪财经APP 
 缩小字体 
 放大字体 
 收藏 
 微博 
 分享 
 MD 
 微信 
 腾讯QQ 
 QQ空间 
 转自：财联社 工信部原副部长苏波：2030年新能源汽车市场渗透率预计超过70% 4月11日，智能电动汽车发展高层论坛（2026）在北京召开，国家制造强国建设战略咨询委副主任、工信部原副部长苏波表示，“十五五”是我国由汽车大国建成汽车强国的决胜期，新能源汽车要承担制造强国、科技强国、交通强国、“双碳”目标的国家使命。到2030年，新能源汽车将成为汽车市场绝对主体，国内渗透率将超过70%。到“十五五”末期，建成新能源汽车强国目标有望提前实现。 财联社汽车：2030年新能源车将成市场绝对主体。 中国科学院院士欧阳明高：纯电驱动汽车优势将愈发突出 2040年新能源保有量将达3亿-3.8亿辆 4月11日，中国科学院院士欧阳明高表示，随着技术发展，纯电驱动新能汽车的优势将越来越突出，是中国在全球市场最具竞争优势的车，出口增速最快。“我国从汽车大国迈向汽车强国的必由之路，路径就是电动化加智能化加低碳化，构建中国新能源汽车技术强国，市场优势全球化，新能源汽车成为占领全球国际市场的主攻产品。”欧阳明高预计，至2030年，中国新能源乘用车70%以上、2035年80%以上都将是纯电汽车，其余将会是大电池混合动力；2030年，纯电与插混增程车的比例至少是7：3，2035年为8：2，2040年为9：1。欧阳明高同时预计，我国新能源汽车保有量2030年将达到1亿-1.5亿辆，2035年2亿-3亿辆，2040年3亿-3.8亿辆。 财联社汽车：中国新能源将凭技术与成本优势主导全球市场。 中国工程院院士李克强：安全依然是智能驾驶行业亟待解决的首要问题 4月11日，中国工程院院士、清华大学车辆与运载学院教授李克强表示，安全依然是行业亟待解决的首要问题。当前智能驾驶存在固有的技术瓶颈，成为威胁道路交通安全和智能驾驶规模化健康发展的重要因素。李克强提出，车路云一体化系统为车辆提供多维数据输入，实现车路云全域协同感知，增强环境感知与风险预判能力，为智能驾驶汽车建立“数字轨道”，提升智能网联汽车驾驶安全性与通行效率，支撑智慧交通高效稳定运行。车路云一体化系统的数据兼具“海量性”与“完备性”，融合车辆自主上报、路侧感知，与交通指挥信号、交通事件等全维度数据获取模式，打破数据孤岛，为AI大模型训练建立了提升安探索产全的“数字发电站”，在保障智能驾驶安全的同时，降低模型训练成本，提升训练效率。 财联社汽车：智能驾驶规模化的核心瓶颈在安全，单车智能存在感知极限，“车路云一体化” 可以全域协同补盲、筑牢防线。 乘联分会崔东树：预计2026年汽车总批发量3480万辆 同比增长1% 4月12日，乘联分会秘书长崔东树表示，预计2026年汽车总批发量3480万辆，同比增长1%；厂家乘用车总批发量为3009万辆，同比增长2%。预计国内销量2359万辆，同比下降1%；厂家出口量650万辆，同比增长13%。预计新能源乘用车批发销量1730万辆，同比13%。 财联社汽车：2026年车市呈现内需微降、出口高增、新能源领跑的分化格局，行业进入存量竞争与结构升级并行的稳健期。 京东新“国民好车”合作品牌为深蓝汽车 4月11日，财联社记者从多个信源获悉，京东新“国民好车”合作品牌为长安汽车旗下深蓝汽车。京东集团副总裁、京东汽车总裁缪钦透露，继与广汽埃安合作后，京东将再携手一位重要主机厂推出国民好车的合作，并于4月13日揭晓。 财联社汽车：京东继广汽埃安后牵手长安深蓝，以“电商+主机厂”模式深化汽车新零售。 理想汽车：对恶意拉踩帖文取证报案 4月11日，理想汽车法务部声明称，在某品牌新车上市后，网络平台上集中出现大量将理想i6车型、理想L6车型与该品牌车型进行不当比对、恶意拉踩的帖文。对此，理想汽车已经完成全部取证工作，将通过向公安机关报案、向监督管理部门举报以及提起诉讼等一切法律途径，追究幕后策划者、组织者及具体实施者的法律责任。在发布声明之前，理想汽车董事长李想在朋友圈发文称，某日系品牌大量雇用营销号对理想汽车的产品进行拉踩并海量使用空白账号的黑水军，捏造虚假信息攻陷产品的评论区，严重影响了理想汽车的正常经营。 财联社汽车：行业竞争白热化催生网络黑公关乱象，理想为整治汽车圈舆论生态、抵制恶性竞争树立了强硬范本。 广汽科技日连发三大创新技术 4月12日，广汽集团以“科技向心”为主题举办2026广汽科技日，发布了新一代全域混动、端云一体智能座舱、新一代电子电气架构三张王牌——混动不再妥协，智能不再割裂，产业链最底层的“芯”也牢牢握在了自己手里。其中，广汽宣布芯片生态建设的重大突破—— 昊铂GT攀登版将于5月份上市，这是中国第一台芯片设计100%国产化智能新能源汽车。据悉，昊铂GT攀登版将全车搭载1004个芯片实现了国产芯片100%覆盖。 财联社汽车：广汽正走出一条自主可控、协同创新的特色发展路径。 （财联社记者 徐昊整理/点评） （财联社记者 徐昊） 
 海量资讯、精准解读，尽在新浪财经APP 
 文章关键词： 
 新能源汽车 智能驾驶 理想汽车 欧阳明高 
 VIP课程推荐 
 加载中...
 APP专享直播 
 上一页 下一页 
 1 / 10 
 热门推荐 
 收起 
 新浪财经公众号 
 24小时滚动播报最新的财经资讯和视频，更多粉丝福利扫描二维码关注（sinafinance） 
 相关新闻 
 财经头条作者库 
 股市直播 
 图文直播间 
 视频直播间 
 最近访问 
 我的自选 
 01 / 伊朗官员称在谈判中抵制了美方三大“无理要求” 02 / 清晨，全线杀跌！美军，重大宣布！伊朗总统最新发声 03 / 海南金融监管局：深化开放创新 筑牢自贸港金融安全屏障 04 / 美军4月13日起封锁伊朗港口海上交通，国际油价狂飙 05 / 100元“卖脸”来做AI短剧，你愿意吗 06 / 美媒：美以伊战事致化肥涨价，东南亚水稻种植遭重创 07 / 港股早报｜美伊会谈未达成共识 我国成功发射卫星互联网技术试验卫星 08 / 一廊串联双景，“馆园融合”即将开放 09 / 东方财富财经早餐 4月13日周一 10 / 最高321倍！一季报近九成预喜 这些公司净利预增超10倍 
 01 / 特朗普声称封锁霍尔木兹海峡 并将拦截已支付通行费的船只 02 / 伊朗议会议长回应特朗普表态：此类威胁对伊朗民族毫无作用 03 / 操盘必读：影响股市利好或利空消息_2026年4月13日_财经新闻 04 / 伊朗议会议长：美国人必须决定是否准备好赢得伊朗的信任 05 / 美伊没谈成！下周A股怎么走 06 / 特朗普：对霍尔木兹海峡的封锁将“很快”生效 07 / A股突发！涉嫌严重违纪违法，程亮被查 08 / 伊朗警告称将对任何在霍尔木兹海峡的“错误行动”予以报复 09 / IMF总裁：伊朗战争过后，全球物价需时日才能回落 10 / 伊朗总统称已为达成 “公平公正” 协议做好充分准备 
 01 / “农业保险+期货”赋能乡村振兴 灵璧县 生猪养殖筑牢风险“防护网” 
 7X24小时 
 徐小明 凯恩斯 占豪 花荣 金鼎 wu2198 丁大卫 易宪容 叶荣添 沙黾农 冯矿伟 趋势之友 空空道人 股市风云 股海光头 
 杨伟民 
 付一夫 ：
 为何此时要将服务业推向C位？ 
 蔡昉 ：
 关于投资于人需要澄清的认识 
 杨轶清 ：
 杉杉易主背后的警示 
 沈建光 ：
 政策加减乘除如何激活内需？ 
 王剑 ：
 股份行这几年经历了什么？ 
 交易提示 
 操盘必读 
 证券报 
 最新公告 
 限售解禁 
 数据中心 
 条件选股 
 券商评级 
 股价预测 
 板块行情 
 千股千评 
 个股诊断 
 大宗交易 
 财报查询 
 业绩预告 
 ETF期权 
 类余额宝 
 基金净值 
 基金对比 
 基金排名 商品行情 
 外盘期货 
 商品持仓 
 现货报价 
 CFTC持仓 
 期指行情 
 期指持仓 
 期指研究 
 行业指数 
 权重股票 
 期货名人 
 专家坐堂 
 高清解盘 
 期货入门 
 各国国债 
 期市要闻 
 期货研究 
 机构评论 
 品种大全 外汇计算器 
 人民币牌价 
 中间价 
 美元指数 
 直盘行情 
 所有行情 
 美元相关 
 人民币相关 
 交叉盘 
 拆借利率 
 货币分析 
 机构观点 
 经济数据 
 专家坐堂 
 分析师圈 
 国债收益率 
 全球滚动 
 CFTC持仓 
 比特币 外汇计算器 
 黄金资讯 
 白银分析 
 实物金价 
 ETF持仓 
 黄金TD 
 白银TD 
 金银币 
 专家坐堂 
 基础知识 
 现货黄金 
 现货白银 
 现货铂金 
 现货钯金 
 高清解盘 
 黄金吧 白银吧 
 黄金分析 
 CFTC持仓 
 叶檀
 凯恩斯
 曹中铭
 股民大张
 宇辉战舰
 股市风云
 余岳桐
 股海战神
 郭一鸣
 赵力行
 重庆市场监督管理局：将在全市范围内开展食品安全突出问题综合治理 
 叶檀
 凯恩斯
 曹中铭
 股民大张
 宇辉战舰
 股市风云
 余岳桐
 股海战神
 郭一鸣
 赵力行
 重庆市场监督管理局：将在全市范围内开展食品安全突出问题综合治理 
 董明珠还能为格力奋战多久？|《至少一个小时》 
 梁建章：中国人口衰竭的速度前所未有 
 冷友斌回应网友质疑：说价格高 对飞鹤不公平！ 
 王中军：我喜欢比较“江湖”一点的人 
 7x24快讯 ： 9月19日沪深两市涨停分析 非凡哥哥samm ： 不想做任何操作 飞我eight ： 今天才这点成交量 和你天天向上 ： 全部清除了 一分不剩 用户7048726012 ： 想红但是又有点怕羞 江东子弟93949 ： 还对中芯抱有幻想的人 和你天天向上 ： 拉升一下吧 给我清仓的机会 用户7763476192 ： 再玩下去6000亿都守不住了，没人玩了 
 04-20 
 中科仪 
 920186 
 -- 04-20 
 理奇智能 
 301599 
 -- 04-14 
 联讯仪器 
 688808 
 81.88 04-13 
 鸿仕达 
 920125 
 16.57 04-10 
 福恩股份 
 001312 
 18.38 
 新浪财经意见反馈留言板 
 新浪简介 | 广告服务 | About Sina 
 联系我们 | 招聘信息 | 通行证注册 
 产品答疑 | 网站律师 | SINA English 
 Copyright © 1996-2026 SINA Corporation 
 All Rights Reserved 新浪公司 版权所有 
 新浪首页 
 语音播报 
 相关新闻 
 返回顶部",2026-04-13,新浪财经,https://finance.sina.com.cn/roll/2026-04-13/doc-inhuihzi9772164.shtml,accepted
GFEX-WR-20260414,announcement,广期所碳酸锂仓单日报：仓单增加1320手,广州期货交易所2026-04-14仓单日报显示，碳酸锂仓单总量为27523手，增加1320手。,2026-04-14,广州期货交易所,https://www.gfex.com.cn/gfex/cdrb/hqsj_tjsj.shtml,accepted
GFEX-WR-20260415,announcement,广期所碳酸锂仓单日报：仓单增加860手,广州期货交易所2026-04-15仓单日报显示，碳酸锂仓单总量为28383手，增加860手。,2026-04-15,广州期货交易所,https://www.gfex.com.cn/gfex/cdrb/hqsj_tjsj.shtml,accepted
GFEX-WR-20260416,announcement,广期所碳酸锂仓单日报：仓单增加1040手,广州期货交易所2026-04-16仓单日报显示，碳酸锂仓单总量为29423手，增加1040手。,2026-04-16,广州期货交易所,https://www.gfex.com.cn/gfex/cdrb/hqsj_tjsj.shtml,accepted
LC-TEXT-0046,policy,新型储能产业从“跟跑”变“领跑”,"新型储能产业从“跟跑”变“领跑”---国家能源局 
 您当前位置： 首页 > 正文 
 新型储能产业从“跟跑”变“领跑” 
 发布时间：2026-04-17 
 来源：人民网 
 大 中 小 800余家参展商、六大主题展馆，固态电池、AI大模型、大容量电芯等前沿技术与产品集中亮相。在近日举办的第十四届储能国际峰会暨展览会（ESIE 2026）上，全球储能产业链核心力量汇聚一堂，成为观察我国新型储能产业发展的重要窗口。 　　当前，我国新型储能行业在政策机制完善、技术创新突破和市场需求爆发的驱动下，正深度融入新型电力系统建设，成为新能源消纳与绿色低碳发展的重要支撑。 　　中关村储能产业技术联盟（CNESA）在会上发布的《储能产业研究白皮书2026》指出，截至2025年底，中国新型储能累计装机规模达到144.7GW，首次占据全球市场半数以上份额，占比达51.9%，表明中国储能产业已经从“跟跑者”成长为全球市场的“领跑者”。 　　从装机结构看，新型储能占国内电力储能总规模的三分之二以上，较“十三五”末增长45倍。2025年全年新增投运规模达到66.4GW/189.5GWh，功率规模和能量规模分别同比增长约52%和73%，连续四年位居全球首位。 　　值得关注的是，这一增速是在政策导向从“强制配储”转向“市场化用储”的背景下实现的，说明行业的内生动力正在增强，市场机制开始发挥主导作用。 　　2025年年初，国家发展改革委、国家能源局发布的《关于深化新能源上网电价市场化改革促进新能源高质量发展的通知》取消了新能源项目强制配储要求，将储能从行政命令下的“成本项”推向市场化竞争的“价值项”。 　　今年以来，政策指挥棒继续发挥作用。2026年1月，国家发展改革委、国家能源局联合印发《关于完善发电侧容量电价机制的通知》，首次在国家层面明确建立电网侧独立新型储能容量电价机制。这一政策被业内称为“定心丸”，让储能电站有了稳定的收益预期，有效激发了社会资本的投资热情。 　　上市公司业绩印证了这一趋势。据《证券时报》统计，截至2026年4月初，按照2025年年报、业绩快报、预告归母净利润下限计算，2025年归母净利润同比增长（含扭亏为盈）的储能概念股达23只，储能产业链整体盈利能力正在改善。 　　随着“电能量+容量补偿+辅助服务”多元收益模式逐步落地，储能项目盈利模式日益清晰。国家能源局总工程师刘德顺在“ESIE 2026”大会上表示，将加快完善新型储能的市场机制，健全新型储能容量电价机制，有序建立可靠的容量补偿机制，引导新型储能合理发展。 　　展望下一阶段，多家研究机构对2026年储能行业发展持积极态度。 　　兴业证券发布的研报认为，2026年储能各细分赛道景气上行。储能容量电价政策落地，行业将凭政策、刚需、经济性三重红利提速增长。特别值得关注的是，在AI数据中心规模化发展背景下，储能正成为保障其稳定运行的关键支撑。 　　毕马威在《全球技术报告2026：能源行业洞察》中指出，新型储能与全固态电池领域将迎来爆发，调节资源从辅助手段向支撑新型电力系统关键要素转变，能源消费结构向绿色能源主体跃升。 　　中关村储能产业技术联盟预计，行业在经历前期爆发式增长后，将进入增速换挡期，但庞大的基数仍将催生可观的绝对增量。 　　面向“十五五”，随着电力市场化改革深入推进、多元技术路线持续突破，新型储能有望在保障能源安全、推动绿色低碳转型中发挥越来越重要的作用。（杨曦）",2026-04-17,国家能源局,https://www.nea.gov.cn/20260417/a6ef89bc89eb4814872959c4b10fd731/c.html,accepted
GFEX-WR-20260421,announcement,广期所碳酸锂仓单日报：仓单增加1580手,广州期货交易所2026-04-21仓单日报显示，碳酸锂仓单总量为32268手，增加1580手。,2026-04-21,广州期货交易所,https://www.gfex.com.cn/gfex/cdrb/hqsj_tjsj.shtml,accepted
LC-TEXT-0047,news,江西赣州100MW/200MWh独立储能试点项目EPC中标候选人公示,"中国储能网 -图片新闻 - 今日招中标动态｜0.8194-0.8846元/Wh！江西100MW/200MWh储能项目EPC中标候选人公示 } 
 中国储能网欢迎您！ 
 数字储能网 | 中国国际储能大会 
 微信公众号 微信小程序 
 搜索 
 首页 
 价格指数 
 企业指数 
 装机规模 
 产能与出货量 
 电价与交易 
 国际市场 
 市场预测 
 政策与解读 
 标准与规范 
 主要活动 
 当前位置： 
 首页 
 > 首页栏目 > 图片新闻   返回 
 今日招中标动态｜0.8194-0.8846元/Wh！江西100MW/200MWh储能项目EPC中标候选人公示 
 作者：王谊秀 
 来源：中国储能网 
 发布时间：2026-04-22 
 浏览： 次 
 中国储能网讯： 共计2个中标动态，5个招标动态。 
 中标方面，4月21日，江西赣州100MW/200MWh独立储能试点示范项目EPC中标候选人公示，第1中标候选人为中国电建集团江西省水电工程局有限公司，折合单价约0.8846元/Wh；中国电建河北燕赵沽源300MW/600MWh储能示范项目储能设备采购中标候选人正式公示，第一中标候选人：中车株洲电力机车研究所有限公司，折合单价约0.5160元/Wh。 
 招标方面，宁夏共3个共享储能电站项目EPC总承包及监理招标公告发布，合计规模600MW/2400MWh。 
 【中标项目】 
 1、0.8194-0.8846元/Wh！江西100MW/200MWh储能项目EPC中标候选人公示 
 4月21日，江西赣州市宁都县赣州国投新能源公司独立储能试点示范项目设备及施工工程项目中标候选人公示。该项目建设规模为100MW/200MWh电化学储能项目，工期90天。 
 其中，第1中标候选人为中国电建集团江西省水电工程局有限公司，投标报价176923618.3元，折合单价约0.8846元/Wh；第2中标候选人为中国电建集团江西省电力设计院有限公司，投标报价174881084.52元，折合单价约0.8744元/Wh；第3中标候选人为西北水利水电工程有限责任公司（中国电建集团西北勘测设计研究院有限公司全资子公司），投标报价163885868.84元，折合单价约0.8194元/Wh。 
 本项目为100MW/200MWh电化学储能项目，招标范围包括但不限于储能系统及场区、110kV储能升压站、110kV外送工程、35kV集电线路、通信工程、综合楼、电气楼、危废暂存间、储能电站并网性能测试等所涉及的所有设备和材料采购、建筑安装工程、调试工程，以及为保证项目顺利实施与投产运行所必需的项目管理、工程保险、工程检测试验、协调工作、临建、消防验收、专项报告编制、培训等。 
 2、0.5160元/Wh！河北张家口300MW/600MWh储能设备中标公示 
 4月20日，中国电建河北燕赵沽源储能示范项目储能设备采购中标候选人正式公示。 
 第一中标候选人：中车株洲电力机车研究所有限公司，投标报价30,960万元，折合单价约0.5160元/Wh。第二中标候选人：远景能源有限公司，投标报价33,300万元，折合单价约0.5550元/Wh。 
 该项目规模为300MW/600MWh磷酸铁锂储能系统，要求首批设备于2026年5月15日前运抵张家口市沽源县西辛营乡项目现场，5月30日前全部到货。项目同步建设一座220kV升压站，配置2台165MVA主变压器，采用单母线接线，本期新建1回220kV出线（预留1回），户内GIS布置。35kV侧为两段单母线，含储能集电线路12回、SVG出线2回、站用变及接地变各1回/2回；380/220V站用电系统采用单母线、双ATS切换，主备电源分别引自35kV母线及站外10kV电源。 
 【招标项目】 
 1、600MW/2400MWh！宁夏三大共享储能电站EPC及监理招标 
 4月21日，宁夏有3个共享储能电站项目EPC总承包及监理招标，值得注意的是，三个项目的备案名称规模虽为200MW/400MWh，但实际招标中提供的工程量清单为200MW/800MWh，公告提到，如最终项目未能变更为200MW/800MWh系统则由中标单位与招标人协商解决。投标人进行投标时价格单价计算以200MW/800MWh计算。 
 其中，宁夏创能科技有限公司发布200MW/400MWh共享储能电站项目EPC总承包及监理招标公告、宁夏探维能源科技有限公司200MW/400MWh共享储能电站项目EPC总承包及监理招标公告、宁夏安创能源科技有限公司200MW/400MWh共享储能电站项目EPC总承包及监理招标公告。 
 招标范围：EPC总承包招标范围：不论本招标文件是否提及，凡关联本工程前期服务、勘察设计、施工设计、设备采购、工程施工及安装、竣工投产、档案验收、竣工结算、工程验收、整体竣工验收等全部工 作内容均属于投标方的工作范围。 
 2、100MW/200MWh！安徽用户侧储能电站EPCO招标！ 
 4月20日，安徽泗县100MW/200MWh 用户侧储能电站项目发布招标公告，项目地点为宿州市泗县境内。 
 招标人泗县虹景城市亮化有限公司为国有企业，是泗县财政局全资控股公司。项目不仅能有效破解新能源发电间歇性与波动性难题，更能依托峰谷电价套利、辅助服务等多元收益模式，提供广阔的投资空间与丰厚回报。合作方式可采用共建共享、合作开发、联合运营等多种模式，具体合作细节根据项目实际情况，由双方协商确定。 
 3、限价20亿！宁夏500MW/2000MWh电网侧共享储能电站EPC招标 
 4月20日，宁夏中卫市电网侧共享储能电站系列EPC总承包项目招标公告发布。项目由宁夏融炎新能源科技有限公司作为招标人，建设地点位于中卫市沙坡头区永康镇，项目限价20亿元，总工期225日历天。 
 本次招标项目含4个储能电站，建设规模分别为150MW/600MWh、100MW/400MWh、150MW/600MWh、100MW/400MWh，主要建设内容包括储能设备、电气设备控制保护设备、通风空调设备、消防设备、附属用房等，同时新建1座330千伏升压站，通过330千伏线路接入天都山750千伏变电站。项目采用EPC交钥匙总承包模式，承包人工作范围涵盖工程勘察、设计、施工、设备采购及监造、运输、安装调试、并网验收、质保期服务等全过程工作。 
 分享到： 
 关键字： 招中标 
 中国储能网版权说明： 
 1、凡注明来源为“中国储能网：xxx（署名）”，除与中国储能网签署内容授权协议的网站外，未经本网授权，任何单位及个人不得转载、摘编或以其它方式使用上述作品。 
 2、凡本网注明“来源：xxx（非中国储能网）”的作品，均转载与其他媒体，目的在于传播更多信息，但并不代表中国储能网赞同其观点、立场或证实其描述。其他媒体如需转载，请与稿件来源方联系，如产生任何版权问题与本网无关。 
 3、如因作品内容、版权以及引用的图片（或配图）内容仅供参考，如有涉及版权问题，可联系我们直接删除处理。请在30日内进行。 
 4、有关作品版权事宜请联系：13661266197、 邮箱：ly83518@126.com 
 版权所有：中国储能网© Copyright 2009 - 2026. All Rights 未经授权，禁止复制或建立镜像 
 新闻和版权信息联电话：010-88337719、010-88337717 
 中国储能网 
 联系我们 
 免责声明 
 版权声明 
 诚聘英才 
 广告热线：010-88337719、010-88337717 
 联系地址：北京市西城区阜成门外大街1号四川大厦东塔楼30层 
 京ICP备12023756号-1 　　　 京公网安备11010202010553 　　　 违法和不良信息举报电话",2026-04-21,中国储能网,https://www.escn.com.cn/news/show-2248541.html,accepted
GFEX-WR-20260424,announcement,广期所碳酸锂仓单日报：仓单增加939手,广州期货交易所2026-04-24仓单日报显示，碳酸锂仓单总量为34298手，增加939手。,2026-04-24,广州期货交易所,https://www.gfex.com.cn/gfex/cdrb/hqsj_tjsj.shtml,accepted
GFEX-WR-20260427,announcement,广期所碳酸锂仓单日报：仓单增加1029手,广州期货交易所2026-04-27仓单日报显示，碳酸锂仓单总量为35327手，增加1029手。,2026-04-27,广州期货交易所,https://www.gfex.com.cn/gfex/cdrb/hqsj_tjsj.shtml,accepted
LC-TEXT-0048,policy,关于开展规范废旧动力电池回收利用联合执法专项行动的通知,"规范废旧动力电池回收利用 五部门联合开展执法专项行动__中国政府网 
 首页 
 | 
 简 
 | 
 繁 
 | 
 EN 
 | 
 登录 
 个人中心 
 退出 
 | 
 邮箱 
 | 
 无障碍 
 EN 
 https://www.gov.cn/ 
 规范废旧动力电池回收利用 五部门联合开展执法专项行动
 2026-04-28 08:13
 来源： 
 新华社
 字号： 默认 
 大 
 超大 
 | 
 打印 
 | 
 新华社北京4月27日电（记者周圆）工业和信息化部等五部门4月27日联合印发通知，开展规范废旧动力电池回收利用联合执法专项行动。专项行动将聚焦新能源汽车废旧动力电池回收利用面临的突出问题，依法依规查处一批违法行为。 工业和信息化部节能与综合利用司有关负责人介绍，近年来，我国废旧动力电池回收利用体系建设取得积极进展。但行业仍存在违规交售废旧动力电池、利用废旧动力电池生产不合格产品、不履行信息溯源责任、非法拆解污染环境、无照经营等情况，亟需进一步规范行业秩序、保障关键资源供给、化解安全环保风险。 通知明确，工业和信息化领域，将重点监管动力电池溯源信息上传、废旧动力电池移交环节，会同相关部门依法依规查处拒不报送或报送虚假溯源信息、违规交售等行为；生态环境领域，聚焦污染防治、工业固体废物管理等活动，依法依规查处未批先建、违法排污以及违反工业固体废物管理规定等环境违法行为。 此外，交通运输领域，聚焦废旧动力电池运输、规范移交等活动；商务领域，依法依规查处报废机动车拆解企业违规开具《报废机动车回收证明》等行为；市场监督管理领域，加强电动自行车用锂电池产品质量监管，严厉打击将废旧动力电池用于电动自行车、电动平衡车、电动滑板车等行为。 专项行动于2026年4月启动，6月底结束。其中，4月底前，各方将广泛收集非法拆解、违规交售等问题线索；5月底前，将开展联合执法，严惩违法违规主体，督促企业落实主体责任；6月底前，将曝光一批违法违规典型案例，强化警示震慑效应。 通知提出，相关部门要联动协作，通过共享信息、联合执法等方式，提升部门协同监管水平。各地要落实严格规范涉企行政检查的要求，切实减轻企业负担，要进一步拓宽社会监督渠道，鼓励社会公众参与监督、举报违法违规线索等。 据悉，2025年，我国新能源汽车废旧动力电池综合利用量超过40万吨，同比增长32.9%，骨干企业锂、钴、镍等金属回收率处于国际先进水平。 
 【我要纠错】 责任编辑：沙鹏程 
 相关稿件 
 链接： 
 全国人大 
 | 
 全国政协 
 | 
 国家监察委员会 
 | 
 最高人民法院 
 | 
 最高人民检察院 
 国务院部门网站 
 | 
 地方政府网站 
 | 
 驻港澳机构网站 
 | 
 驻外机构 
 中国政府网 
 | 
 关于本网 
 | 
 网站声明 
 | 
 联系我们 
 | 
 网站纠错 
 主办单位：国务院办公厅　运行维护单位：中国政府网运行中心 
 版权所有：中国政府网　中文域名： 中国政府网.政务 
 网站标识码bm01000001　 京ICP备05070218号 　 京公网安备11010202000001号 
 国务院客户端 
 国务院客户端小程序 
 中国政府网微博、微信 
 电脑版 
 客户端 
 小程序 
 微博 
 微信 
 邮箱 
 退出 
 注册 
 登录 
 网站纠错 
 主办单位：国务院办公厅　运行维护单位：中国政府网运行中心 
 版权所有：中国政府网　中文域名： 中国政府网.政务 
 网站标识码bm01000001 
 京ICP备05070218号　京公网安备11010202000001号 
 规范废旧动力电池回收利用 五部门联合开展执法专项行动 
 工业和信息化部等五部门4月27日联合印发通知，开展规范废旧动力电池回收利用联合执法专项行动。",2026-04-27,工业和信息化部办公厅等五部门,https://www.gov.cn/lianbo/202604/content_7067154.htm,accepted
LC-TEXT-0049,announcement,关于计提资产减值准备的公告,"1
证券代码：002335 证券简称：科华数据 公告编号：2026-017
科华数据股份有限公司
关于计提资产减值准备的公告
本公司及董事会全体成员保证公告内容的真实、准确和完整，并对公告中的虚
假记载、误导性陈述或重大遗漏承担责任。
科华数据股份有限公司（以下简称“公司”）于 2026 年 4 月 24 日召开第十
届董事会第二次会议，审议通过了《关于计提资产减值准备的议案》。现将有关情
况公告如下：
一、本次计提资产减值准备情况概述
为了真实、准确、客观地反映公司截至 2025 年 12 月 31 日的财务状况及经
营成果，根据《企业会计准则》《深圳证券交易所上市公司自律监管指引第 1 号—
—主板上市公司规范运作》及公司会计政策相关规定，本着谨慎性原则，公司对合
并报表范围内的各类资产进行了全面清查和减值测试，对存在减值迹象的相关资产
计提相应的减值损失测试后，公司 2025 年度计提的资产减值准备合计21,860.84万
元。具体情况如下：
单位：万元
项目 报告期计提减值准备金额
一、信用减值损失 9,086.47
应收账款坏账准备 7,543.42
其他应收款坏账准备 242.26
应收票据坏账准备 1,326.32
长期应收账款坏账准备 -25.53
二、资产减值损失 12,774.37
存货跌价准备 11,260.14
固定资产减值准备 2,277.26
合同资产减值准备 -763.03
合计 21,860.84
本次计提资产减值准备计入的报告期间为 2025 年 1 月 1 日至 2025 年 12
2
月 31 日。
二、本次计提资产减值准备的确认标准及计提方法
（一）金融资产减值准备的计提方法
本公司对于以摊余成本计量的金融资产、合同资产、租赁应收款等，以预期信
用损失为基础确认损失准备。
1、预期信用损失的计量
预期信用损失，是指以发生违约的风险为权重的金融工具信用损失的加权平均
值。信用损失，是指本公司按照原实际利率折现的、根据合同应收的所有合同现金
流量与预期收取的所有现金流量之间的差额，即全部现金短缺的现值。其中，对于
本公司购买或源生的已发生信用减值的金融资产，应按照该金融资产经信用调整的
实际利率折现。
整个存续期预期信用损失，是指因金融工具整个预计存续期内所有可能发生的
违约事件而导致的预期信用损失。
未来12个月内预期信用损失，是指因资产负债表日后12个月内（若金融工具的
预计存续期少于12个月，则为预计存续期）可能发生的金融工具违约事件而导致的
预期信用损失，是整个存续期预期信用损失的一部分。
于每个资产负债表日，本公司对于处于不同阶段的金融工具的预期信用损失分
别进行计量。金融工具自初始确认后信用风险未显著增加的，处于第一阶段，本公
司按照未来12个月内的预期信用损失计量损失准备；金融工具自初始确认后信用风
险已显著增加但尚未发生信用减值的，处于第二阶段，本公司按照该工具整个存续
期的预期信用损失计量损失准备；金融工具自初始确认后已经发生信用减值的，处
于第三阶段，本公司按照该工具整个存续期的预期信用损失计量损失准备。
对于在资产负债表日具有较低信用风险的金融工具，本公司假设其信用风险自
初始确认后并未显著增加，按照未来12个月内的预期信用损失计量损失准备。
本公司对于处于第一阶段和第二阶段、以及较低信用风险的金融工具，按照其
未扣除减值准备的账面余额和实际利率计算利息收入。对于处于第三阶段的金融工
具，按照其账面余额减已计提减值准备后的摊余成本和实际利率计算利息收入。
对于应收票据、应收账款、应收款项融资、合同资产及长期应收款，无论是否
存在重大融资成分，本公司均按照整个存续期的预期信用损失计量损失准备。
3
A.应收款项/合同资产
对于存在客观证据表明存在减值，以及其他适用于单项评估的应收票据、应收
账款，其他应收款、应收款项融资、合同资产及长期应收款等单独进行减值测试，
确认预期信用损失，计提单项减值准备。对于不存在减值客观证据的应收票据、应
收账款、其他应收款、应收款项融资、合同资产及长期应收款或当单项金融资产无
法以合理成本评估预期信用损失的信息时，本公司依据信用风险特征将应收票据、
应收账款、其他应收款、应收款项融资、合同资产及长期应收款等划分为若干组合，
在组合基础上计算预期信用损失，确定组合的依据如下：
应收票据确定组合的依据如下：
应收票据组合1 承兑人为合并范围内关联方的商业承兑汇票
应收票据组合2 承兑人为除合并范围内关联方的商业承兑汇票
应收票据组合3 银行承兑汇票
应收票据组合4 信用证
对于划分为组合的应收票据，本公司参考历史信用损失经验，结合当前状况以
及对未来经济状况的预测，通过违约风险敞口和整个存续期预期信用损失率，计算
预期信用损失。
应收账款确定组合的依据如下：
应收账款组合1 合并范围内关联方货款
应收账款组合2 其他客户货款
对于划分为组合的应收账款，本公司参考历史信用损失经验，结合当前状况以
及对未来经济状况的预测，编制应收账款账龄与整个存续期预期信用损失率对照表，
计算预期信用损失。
其他应收款确定组合的依据如下：
其他应收款组合1 应收利息
其他应收款组合2 应收股利
其他应收款组合3 合并范围内的关联方往来款、贷款及利息、数据中心机房保
证金
其他应收款组合4 其他款项
对于划分为组合的其他应收款，本公司参考历史信用损失经验，结合当前状况
4
以及对未来经济状况的预测，通过违约风险敞口和未来 12 个月内或整个存续期预
期信用损失率，计算预期信用损失。
应收款项融资确定组合的依据如下：
应收款项融资组合1 应收信用等级较高的银行承兑汇票
应收款项融资组合2 应收账款
对于划分为组合的应收款项融资，本公司参考历史信用损失经验，结合当前状
况以及对未来经济状况的预测，通过违约风险敞口和整个存续期预期信用损失率，
计算预期信用损失。
合同资产确定组合的依据如下：
合同资产组合1 已完工未结算资产-工程施工项目
合同资产组合2 未到期质保金
对于划分为组合的合同资产，本公司参考历史信用损失经验，结合当前状况以
及对未来经济状况的预测，通过违约风险敞口与整个存续期预期信用损失率，计算
预期信用损失。
长期应收款确定组合的依据如下：
长期应收款组合 融资租赁款
对于划分为组合的长期应收款，本公司参考历史信用损失经验，结合当前状况
以及对未来经济状况的预测，通过违约风险敞口和整个存续期预期信用损失率，计
算预期信用损失。
B.债权投资、其他债权投资
对于债权投资和其他债权投资，本公司按照投资的性质，根据交易对手和风险
敞口的各种类型，通过违约风险敞口和未来 12 个月内或整个存续期预期信用损失
率，计算预期信用损失。
2、具有较低的信用风险
如果金融工具的违约风险较低，借款人在短期内履行其合同现金流量义务的能
力很强，并且即便较长时期内经济形势和经营环境存在不利变化但未必一定降低借
款人履行其合同现金流量义务的能力，该金融工具被视为具有较低的信用风险。
3、信用风险显著增加
本公司通过比较金融工具在资产负债表日所确定的预计存续期内的违约概率与
5
在初始确认时所确定的预计存续期内的违约概率，以确定金融工具预计存续期内发
生违约概率的相对变化，以评估金融工具的信用风险自初始确认后是否已显著增加。
在确定信用风险自初始确认后是否显著增加时，本公司考虑无须付出不必要的
额外成本或努力即可获得的合理且有依据的信息，包括前瞻性信息。本公司考虑的
信息包括：
A.信用风险变化所导致的内部价格指标是否发生显著变化；
B.预期将导致债务人履行其偿债义务的能力是否发生显著变化的业务、财务或
经济状况的不利变化；
C.债务人经营成果实际或预期是否发生显著变化；债务人所处的监管、经济或
技术环境是否发生显著不利变化；
D.作为债务抵押的担保物价值或第三方提供的担保或信用增级质量是否发生显
著变化。这些变化预期将降低债务人按合同规定期限还款的经济动机或者影响违约
概率；
E.预期将降低债务人按合同约定期限还款的经济动机是否发生显著变化；
F.借款合同的预期变更，包括预计违反合同的行为是否可能导致的合同义务的
免除或修订、给予免息期、利率跳升、要求追加抵押品或担保或者对金融工具的合
同框架做出其他变更；
G.债务人预期表现和还款行为是否发生显著变化；
H.合同付款是否发生逾期超过（含）30日。
根据金融工具的性质，本公司以单项金融工具或金融工具组合为基础评估信用
风险是否显著增加。以金融工具组合为基础进行评估时，本公司可基于共同信用风
险特征对金融工具进行分类，例如逾期信息和信用风险评级。
通常情况下，如果逾期超过30日，本公司确定金融工具的信用风险已经显著增
加。除非本公司无需付出过多成本或努力即可获得合理且有依据的信息，证明虽然
超过合同约定的付款期限30天，但信用风险自初始确认以来并未显著增加。
4、已发生信用减值的金融资产
本公司在资产负债表日评估以摊余成本计量的金融资产和以公允价值计量且其
变动计入其他综合收益的债权投资是否已发生信用减值。当对金融资产预期未来现
金流量具有不利影响的一项或多项事件发生时，该金融资产成为已发生信用减值的
6
金融资产。金融资产已发生信用减值的证据包括下列可观察信息：
发行方或债务人发生重大财务困难；债务人违反合同，如偿付利息或本金违约
或逾期等；债权人出于与债务人财务困难有关的经济或合同考虑，给予债务人在任
何其他情况下都不会做出的让步；债务人很可能破产或进行其他财务重组；发行方
或债务人财务困难导致该金融资产的活跃市场消失；以大幅折扣购买或源生一项金
融资产，该折扣反映了发生信用损失的事实。
5、预期信用损失准备的列报
为反映金融工具的信用风险自初始确认后的变化，本公司在每个资产负债表日
重新计量预期信用损失，由此形成的损失准备的增加或转回金额，应当作为减值损
失或利得计入当期损益。对于以摊余成本计量的金融资产，损失准备抵减该金融资
产在资产负债表中列示的账面价值；对于以公允价值计量且其变动计入其他综合收
益的债权投资，本公司在其他综合收益中确认其损失准备，不抵减该金融资产的账
面价值。
6、核销
如果本公司不再合理预期金融资产合同现金流量能够全部或部分收回，则直接
减记该金融资产的账面余额。这种减记构成相关金融资产的终止确认。这种情况通
常发生在本公司确定债务人没有资产或收入来源可产生足够的现金流量以偿还将被
减记的金额。
已减记的金融资产以后又收回的，作为减值损失的转回计入收回当期的损益。
2025年度，公司按照上述方法计提信用减值损失9,086.47万元，合同资产减值损
失-763.03万元。
（二）存货跌价准备的计提方法
资产负债表日按成本与可变现净值孰低计量，存货成本高于其可变现净值的，
计提存货跌价准备，计入当期损益。
在确定存货的可变现净值时，以取得的可靠证据为基础，并且考虑持有存货的
目的、资产负债表日后事项的影响等因素。
1、产成品、商品和用于出售的材料等直接用于出售的存货，在正常生产经营过
程中，以该存货的估计售价减去估计的销售费用和相关税费后的金额确定其可变现
净值。为执行销售合同或者劳务合同而持有的存货，以合同价格作为其可变现净值
7
的计量基础；如果持有存货的数量多于销售合同订购数量，超出部分的存货可变现
净值以一般销售价格为计量基础。用于出售的材料等，以市场价格作为其可变现净
值的计量基础。
2、需要经过加工的材料存货，在正常生产经营过程中，以所生产的产成品的估
计售价减去至完工时估计将要发生的成本、估计的销售费用和相关税费后的金额确
定其可变现净值。如果用其生产的产成品的可变现净值高于成本，则该材料按成本
计量；如果材料价格的下降表明产成品的可变现净值低于成本，则该材料按可变现
净值计量，按其差额计提存货跌价准备。
3、本公司一般按单个存货项目计提存货跌价准备；对于数量繁多、单价较低的
存货，按存货类别计提。
4、资产负债表日如果以前减记存货价值的影响因素已经消失，则减记的金额予
以恢复，并在原已计提的存货跌价准备的金额内转回，转回的金额计入当期损益。
2025年度，公司对存货成本高于其可变现净值的存货，计提存货跌价准备
11,260.14万元。
（三）固定资产减值准备的计提方法
于资产负债表日判断资产是否存在可能发生减值的迹象，存在减值迹象的，本
公司将估计其可收回金额，进行减值测试。可收回金额根据资产的公允价值减去处
置费用后的净额与资产预计未来现金流量的现值两者之间较高者确定。本公司以单
项资产为基础估计其可收回金额；难以对单项资产的可收回金额进行估计的，以该
资产所属的资产组为基础确定资产组的可收回金额。资产组的认定，以资产组产生
的主要现金流入是否独立于其他资产或者资产组的现金流入为依据。
当资产或资产组的可收回金额低于其账面价值时，本公司将其账面价值减记至
可收回金额，减记的金额计入当期损益，同时计提相应的资产减值准备。
固定资产减值损失确认后，减值固定资产的折旧在未来期间做相应的调整，以
使该固定资产在剩余使用寿命内，分摊调整后的固定资产账面价值（扣除预计净残
值）。固定资产减值损失一经确认，在以后会计期间不再转回。
2025年度，公司对可回收金额低于账面价值的固定资产，计提减值准备2,277.26
万元。
三、本次计提资产减值准备对公司的影响
8
本次公司计提各类资产减值准备共计21,860.84万元，将导致公司2025年度利润
总额减少21,860.84万元。本次计提信用减值损失和资产减值损失数据已经容诚会计
师事务所（特殊普通合伙）审计。公司本次计提资产减值准备的程序遵守并符合会
计准则和相关政策法规等相关规定，符合谨慎性原则，符合公司实际情况，依据充
分，计提后能够客观、公允、真实的反映截至2025年12月31日公司的财务状况、资
产价值及经营成果，有利于进一步夯实公司资产，进一步增强企业的风险防范能力，
确保公司的可持续发展，不存在损害公司和股东利益的行为。
四、董事会审计委员会关于本次计提资产减值准备的审核意见
董事会审计委员会认为：公司基于谨慎性原则及公司资产实际情况计提资产减
值准备，符合《企业会计准则》和公司会计政策的相关规定，更加公允、准确地反
映了公司的资产状况，因此，同意本次计提资产减值准备。
五、备查文件
（一）第十届董事会第二次会议决议；
（二）董事会审计委员会2026年第一次会议决议。
特此公告。
科华数据股份有限公司
董 事 会
2026 年 4 月 27 日",2026-04-27,巨潮资讯网,http://static.cninfo.com.cn/finalpage/2026-04-27/1225194956.PDF,accepted
GFEX-WR-20260428,announcement,广期所碳酸锂仓单日报：仓单增加1065手,广州期货交易所2026-04-28仓单日报显示，碳酸锂仓单总量为36392手，增加1065手。,2026-04-28,广州期货交易所,https://www.gfex.com.cn/gfex/cdrb/hqsj_tjsj.shtml,accepted
LC-TEXT-0050,ir_qa,投资者问答：阳光电源回应“现在美国对中国储能产品的关税是多少？2026年阳光电源还有美国的储能订单”,原文摘要：投资者在深交所互动易向阳光电源提问，问题摘要为“现在美国对中国储能产品的关税是多少？2026年阳光电源还有美国的储能订单吗？如有的话，是增长还是减少？”。公司回复摘要为“感谢您对公司的关注。目前美国对中国储能产品关税是38.4%。2026年有新签订单，但受OBBBA法案政策调整影响，为充分利用安全港条款窗口期推进项目落地，很多客户已于2025年提前下单。谢谢！”。项目关联：阳光电源属于新能源股票池的光伏板块。单条问答只作为证据文本，不直接代表提问压力增加；不包含收益判断或股价方向判断。,2026-04-28,深交所互动易,https://irm.cninfo.com.cn/ircs/question/questionDetail?questionId=2255848637597982720,accepted
GFEX-WR-20260430,announcement,广期所碳酸锂仓单日报：仓单增加1050手,广州期货交易所2026-04-30仓单日报显示，碳酸锂仓单总量为38012手，增加1050手。,2026-04-30,广州期货交易所,https://www.gfex.com.cn/gfex/cdrb/hqsj_tjsj.shtml,accepted
GFEX-WR-20260506,announcement,广期所碳酸锂仓单日报：仓单增加1029手,广州期货交易所2026-05-06仓单日报显示，碳酸锂仓单总量为39041手，增加1029手。,2026-05-06,广州期货交易所,https://www.gfex.com.cn/gfex/cdrb/hqsj_tjsj.shtml,accepted
GFEX-WR-20260507,announcement,广期所碳酸锂仓单日报：仓单增加3590手,广州期货交易所2026-05-07仓单日报显示，碳酸锂仓单总量为42631手，增加3590手。,2026-05-07,广州期货交易所,https://www.gfex.com.cn/gfex/cdrb/hqsj_tjsj.shtml,accepted
GFEX-WR-20260508,announcement,广期所碳酸锂仓单日报：仓单增加1299手,广州期货交易所2026-05-08仓单日报显示，碳酸锂仓单总量为43930手，增加1299手。,2026-05-08,广州期货交易所,https://www.gfex.com.cn/gfex/cdrb/hqsj_tjsj.shtml,accepted
LC-TEXT-0051,policy,减免车辆购置税的新能源汽车车型目录（第三十批）,"《道路机动车辆生产企业及产品》（第406批）、《享受车船税减免优惠的节约能源 使用新能源汽车车型目录》（第八十五批）、《减免车辆购置税的新能源汽车车型目录》（第三十批） 
 首页 > 
 政务公开 > 
 政策文件 > 
 文件发布 > 
 公告 
 发文机关： 工业和信息化部 
 标　　题： 《道路机动车辆生产企业及产品》（第406批）、《享受车船税减免优惠的节约能源 使用新能源汽车车型目录》（第八十五批）、《减免车辆购置税的新能源汽车车型目录》（第三十批） 
 发文字号： 中华人民共和国工业和信息化部公告2026年第10号 
 成文日期： 2026-05-09 
 发布日期： 2026-05-09 
 发布机构： 装备工业一司 
 分　　类： 装备工业行业管理 
 《道路机动车辆生产企业及产品》（第406批）、《享受车船税减免优惠的节约能源 使用新能源汽车车型目录》（第八十五批）、《减免车辆购置税的新能源汽车车型目录》（第三十批） 
 发布时间：2026-05-09 18:34 来源：装备工业一司 
 根据《中华人民共和国行政许可法》、《国务院对确需保留的行政审批项目设定行政许可的决定》、《财政部 税务总局 工业和信息化部 交通运输部关于节能 新能源车船享受车船税优惠政策的通知》（财税〔2018〕74号）、《工业和信息化部 财政部 税务总局关于调整享受车船税优惠的节能 新能源汽车产品技术要求的公告》（2025年第25号）、《财政部 税务总局 工业和信息化部 科技部关于免征新能源汽车车辆购置税的公告》（2017年第172号）、《财政部 税务总局 工业和信息化部关于延续和优化新能源汽车车辆购置税减免政策的公告》（2023年第10号）、《工业和信息化部 财政部 税务总局关于2026—2027减免车辆购置税新能源汽车产品技术要求的公告》（2025年第24号）等有关规定，现将许可的《道路机动车辆生产企业及产品》（第406批）以及经商国家税务总局同意的《享受车船税减免优惠的节约能源 使用新能源汽车车型目录》（第八十五批）、《减免车辆购置税的新能源汽车车型目录》（第三十批）予以公告。 附件： 1.道路机动车辆生产企业及产品（第406批）.doc        2.享受车船税减免优惠的节约能源 使用新能源汽车车型目录（第八十五批）.doc          3.减免车辆购置税的新能源汽车车型目录（第三十批）.doc         工业和信息化部 2026年5月9日 
 【返回顶部】 
 【关闭窗口】 
 【打印本页】",2026-05-09,工业和信息化部,https://www.miit.gov.cn/zwgk/zcwj/wjfb/gg/art/2026/art_1b3cc214aff949839f8e7f63c8fc7549.html,accepted
GFEX-WR-20260512,announcement,广期所碳酸锂仓单日报：仓单增加2074手,广州期货交易所2026-05-12仓单日报显示，碳酸锂仓单总量为45954手，增加2074手。,2026-05-12,广州期货交易所,https://www.gfex.com.cn/gfex/cdrb/hqsj_tjsj.shtml,accepted
GFEX-WR-20260513,announcement,广期所碳酸锂仓单日报：仓单增加1766手,广州期货交易所2026-05-13仓单日报显示，碳酸锂仓单总量为47720手，增加1766手。,2026-05-13,广州期货交易所,https://www.gfex.com.cn/gfex/cdrb/hqsj_tjsj.shtml,accepted
GFEX-WR-20260514,announcement,广期所碳酸锂仓单日报：仓单增加1590手,广州期货交易所2026-05-14仓单日报显示，碳酸锂仓单总量为49310手，增加1590手。,2026-05-14,广州期货交易所,https://www.gfex.com.cn/gfex/cdrb/hqsj_tjsj.shtml,accepted
GFEX-WR-20260515,announcement,广期所碳酸锂仓单日报：仓单增加1329手,广州期货交易所2026-05-15仓单日报显示，碳酸锂仓单总量为50639手，增加1329手。,2026-05-15,广州期货交易所,https://www.gfex.com.cn/gfex/cdrb/hqsj_tjsj.shtml,accepted
GFEX-WR-20260518,announcement,广期所碳酸锂仓单日报：仓单增加1165手,广州期货交易所2026-05-18仓单日报显示，碳酸锂仓单总量为51804手，增加1165手。,2026-05-18,广州期货交易所,https://www.gfex.com.cn/gfex/cdrb/hqsj_tjsj.shtml,accepted
LC-TEXT-0052,ir_qa,投资者问答：国轩高科回应“请问，国轩高科目前原材料端的主要布局，后续原材料布局完成后，国轩高科原材”,原文摘要：投资者在深交所互动易向国轩高科提问，问题摘要为“请问，国轩高科目前原材料端的主要布局，后续原材料布局完成后，国轩高科原材料自给率预计达到多少？”。公司回复摘要为“您好，公司在原材料端已有系统性布局。目前，正极磷酸铁锂材料、碳酸锂材料、负极材料实现部分自供，其中正极材料达到较高自给率水平；其他关键材料也已通过战略合作等方式开展布局。具体经营信息请以公司公开披露为”。项目关联：国轩高科属于新能源股票池的锂电板块。单条问答只作为证据文本，不直接代表提问压力增加；不包含收益判断或股价方向判断。,2026-05-18,深交所互动易,https://irm.cninfo.com.cn/ircs/question/questionDetail?questionId=2270765178556080128,accepted
GFEX-WR-20260525,announcement,广期所碳酸锂仓单日报：仓单减少904手,广州期货交易所2026-05-25仓单日报显示，碳酸锂仓单总量为52143手，减少904手。,2026-05-25,广州期货交易所,https://www.gfex.com.cn/gfex/cdrb/hqsj_tjsj.shtml,accepted
GFEX-WR-20260526,announcement,广期所碳酸锂仓单日报：仓单增加1620手,广州期货交易所2026-05-26仓单日报显示，碳酸锂仓单总量为53763手，增加1620手。,2026-05-26,广州期货交易所,https://www.gfex.com.cn/gfex/cdrb/hqsj_tjsj.shtml,accepted
LC-TEXT-0053,ir_qa,投资者问答：当升科技回应“贵公司公告称与辉能科技达成框架协议，但辉能科技官网无任何公告。基于目前双”,原文摘要：投资者在深交所互动易向当升科技提问，问题摘要为“贵公司公告称与辉能科技达成框架协议，但辉能科技官网无任何公告。基于目前双方在经营账目往来等于零，请问：双方的框架协议有没有具体的执行时间，比如2030、2040”。公司回复摘要为“您好，公司与辉能科技在固态锂电材料领域开展了多个项目合作，建立了长期紧密的合作关系。2026年2月6日，公司与辉能科技正式签署《策略合作框架协议书》，双方建立了涵盖股权投资、电池材料合作、产品量产与供”。项目关联：当升科技属于新能源股票池的锂电板块。单条问答只作为证据文本，不直接代表提问压力增加；不包含收益判断或股价方向判断。,2026-05-27,深交所互动易,https://irm.cninfo.com.cn/ircs/question/questionDetail?questionId=2277484989699702784,accepted
GFEX-WR-20260601,announcement,广期所碳酸锂仓单日报：仓单增加1020手,广州期货交易所2026-06-01仓单日报显示，碳酸锂仓单总量为55215手，增加1020手。,2026-06-01,广州期货交易所,https://www.gfex.com.cn/gfex/cdrb/hqsj_tjsj.shtml,accepted
LC-TEXT-0054,ir_qa,投资者问答：恩捷股份回应“尊敬的董秘你好，恩捷股份在2026年公布了钠电隔膜，请问这和宁德时代的钠”,原文摘要：投资者在深交所互动易向恩捷股份提问，问题摘要为“尊敬的董秘你好，恩捷股份在2026年公布了钠电隔膜，请问这和宁德时代的钠电池是否匹配使用？有没有合作关系呢？在未来钠电池储能是电能储存的主力军，请问恩捷股份是否”。公司回复摘要为“尊敬的投资者，您好！公司会根据市场和下游客户需求合理开展具体产品生产，公司和国内外头部电池厂商均保持深度良好合作，公司与具体客户的合作信息涉及商业保密协议的约束，不便透露。谢谢关注！”。项目关联：恩捷股份属于新能源股票池的锂电板块。单条问答只作为证据文本，不直接代表提问压力增加；不包含收益判断或股价方向判断。,2026-06-01,深交所互动易,https://irm.cninfo.com.cn/ircs/question/questionDetail?questionId=2280805952902250496,accepted
GFEX-WR-20260605,announcement,广期所碳酸锂仓单日报：仓单减少912手,广州期货交易所2026-06-05仓单日报显示，碳酸锂仓单总量为55687手，减少912手。,2026-06-05,广州期货交易所,https://www.gfex.com.cn/gfex/cdrb/hqsj_tjsj.shtml,accepted
LC-TEXT-0055,policy,关于组织推进非公共电网可再生能源发电项目绿证核发的通知,"中国储能网 -绿电直供与绿电交易 - 国家能源局发布《关于组织推进非公共电网可再生能源发电项目绿证核发的通知》 } 
 中国储能网欢迎您！ 
 数字储能网 | 中国国际储能大会 
 微信公众号 微信小程序 
 搜索 
 首页 
 价格指数 
 企业指数 
 装机规模 
 产能与出货量 
 电价与交易 
 国际市场 
 市场预测 
 政策与解读 
 标准与规范 
 主要活动 
 当前位置： 
 首页 
 > 双碳目标 > 绿电直供与绿电交易   返回 
 国家能源局发布《关于组织推进非公共电网可再生能源发电项目绿证核发的通知》 
 作者：中国储能网新闻中心 
 来源：国家能源局网站 
 发布时间：2026-06-23 
 浏览： 次 
 中国储能网讯： 6月23日，国家能源局发布《关于组织推进非公共电网可再生能源发电项目绿证核发的通知》。 
 国家能源局综合司关于组织推进非公共电网可再生能源发电项目绿证核发的通知 
 国能综通资质〔2026〕60号 
 各派出机构，各省（自治区、直辖市）能源局、有关省（自治区、直辖市）及新疆生产建设兵团发展改革委、北京市城市管理委，有关电网企业、电力交易机构，可再生能源信息管理中心： 
 为落实《中华人民共和国能源法》《国家发展改革委 财政部 国家能源局关于做好可再生能源绿色电力证书全覆盖工作 促进可再生能源电力消费的通知》（发改能源〔2023〕1044号）等法规政策有关要求，加快建立绿色能源消费促进机制，进一步深化可再生能源绿色电力证书（以下简称绿证）核发全覆盖，推动绿证市场高质量发展，现就推进非公共电网可再生能源发电项目（以下简称非公共电网项目）的绿证核发工作通知如下。 
 一、本通知所指的非公共电网项目是指不直接接入公共电网的可再生能源发电项目，包括离网型项目、接入用户侧内部（或绿电直连等项目内部）的并网型项目。 
 二、由电网企业、电力交易机构归集报送基础数据的非公共电网项目绿证核发。参照《国家发展改革委 国家能源局关于完善价格机制促进新能源发电就近消纳的通知》（发改价格〔2025〕1192号）、《国家发展改革委 国家能源局关于有序推动绿电直连发展有关事项的通知》（发改能源〔2025〕650号）、《国家发展改革委 国家能源局关于有序推动多用户绿电直连发展有关事项的通知》（发改能源〔2026〕688号）等文件中关于发电项目计量装置安装的要求，由电网企业安装电量计量装置准确计量各环节电量数据的非公共电网项目，其绿证核发、划转、核销流程与公共电网项目一致，由北京、广州、内蒙古电力交易中心按照绿证核发相关数据接口要求，归集报送基础数据至国家绿证核发交易系统，经审核后核发绿证。 
 三、由项目业主自行报送（含委托非公共电网运营单位报送）基础数据的非公共电网项目绿证核发。对于不由电网企业安装电量计量装置并归集电量数据的非公共电网项目，相关单位按流程（见附件）归集报送电量数据，经审核后核发绿证。数据报送单位应留存相关材料至少5年备查。 
 四、国家能源局各派出机构、省级能源主管部门按照职责分工，确保项目建档立卡、电量数据归集、绿证核发等工作有效衔接，做好事中事后监管；优先开展涉及可再生能源消费最低比重目标考核的重点用能行业企业相关非公共电网项目绿证核发。可再生能源信息管理中心做好项目建档立卡、绿证核发划转技术支撑保障工作。 
 附件：项目业主自行报送数据的非公共电网项目绿证核发工作流程 
 国家能源局综合司 
 2026年6月5日 
 附件 
 项目业主自行报送数据的非公共电网项目绿证核发工作流程 
 一、建档立卡 
 非公共电网项目业主按照单个项目对应单个发电户号（电量采集单元）的原则，完成项目建档立卡。打包、分期投产等形式备案的，单个子项目、单期项目应具有单独发电户号。 
 二、信用承诺 
 非公共电网项目业主作出信用承诺，并通过国家绿证核发交易系统上传承诺书，接受社会监督。 
 三、电量归集 
 非公共电网项目业主通过国家绿证核发交易系统电量申报模块填报绿证核发基础数据和相关证明材料（以下简称手动填报方式）。具备条件的还可自行或委托所接入的非公共电网运营单位，通过建设与国家绿证核发交易系统的数据归集接口，批量填报绿证核发基础数据和相关证明材料（以下简称接口归集方式）。 
 （一）报送数据 
 1．手动填报方式报送数据和材料的，按要求提供非公共电网项目电量计量装置编码、电量生产年月、上网电量（即送入公共电网电量）、自发自用电量（含项目业主自用电量和用户侧其他用户绿电用电量）等基础数据。 
 2．接口归集方式报送数据和材料的，按《国家能源局综合司关于组织增量配电网、地方电网企业开展绿证核发涉及数据归集工作的通知》（国能综通资质〔2024〕108号）中数据归集清单要求提供基础数据，并按绿证核发、划转需要，提供项目信息、电量计量装置信息、电量信息、电力用户信息和绿电用电量信息等方面扩展数据。通过接口归集方式报送的信息系统需满足接口技术规范和相关安全管理要求。 
 3．上网电量按公共电网企业结算凭据填报，上网电量可以为0。自发自用电量可按发电量扣除上网电量填报。 
 （二）法定电能计量检定机构出具的发电量、自发自用电量等计量装置检定证明（按检定证明有效期定期上传）。 
 （三）与公共电网存在电量结算关系的（即上网电量大于0的），应提供公共电网提供的结算证明。 
 四、数据校核 
 （一）国家绿证核发交易系统自动对报送的数据进行合理性校核，并标识不合理数据。 
 （二）可再生能源信息管理中心对系统标识的不合理数据进行校核，并对其他数据和材料进行形式校核；退回不符合要求的数据，并告知退回原因。 
 五、复核及核发 
 通过校核的基础数据，经国家能源局资质中心复核后核发绿证，其中，上网电量核发可交易绿证，其余电量核发不可交易绿证。 
 六、绿证划转 
 绿证核发后，不可交易绿证有划转需求的，应提供电力用户信息和绿电用电量信息，以及非公共电网项目与电力用户的电量结算证明，电量结算证明应含非公共电网项目业主电子签章与电力用户电子签章。依据提交的数据和材料，国家能源局资质中心依托国家绿证核发交易系统将绿证划转至电力用户绿证账户。 
 七、异议处理 
 对绿证核发结果存在异议的，异议申请方上传相关证明材料、提出处理建议，国家能源局派出机构核实信息并提出处理意见，相关项目业主、电网企业、电力交易机构配合做好核实工作，国家能源局资质中心审核确认后作出处理，并反馈异议申请方。 
 八、事后核查 
 国家能源局派出机构根据项目业主信用状况，对绿证核发数据真实性进行监督。经核实存在数据报送质量问题的，责令改正；拒不改正的，暂停相关项目绿证核发、划转；涉及数据造假等违纪违法行为的相关主体，按程序移交纪检监察或公安机关处理。 
 分享到： 
 关键字： 绿证 
 中国储能网版权说明： 
 1、凡注明来源为“中国储能网：xxx（署名）”，除与中国储能网签署内容授权协议的网站外，未经本网授权，任何单位及个人不得转载、摘编或以其它方式使用上述作品。 
 2、凡本网注明“来源：xxx（非中国储能网）”的作品，均转载与其他媒体，目的在于传播更多信息，但并不代表中国储能网赞同其观点、立场或证实其描述。其他媒体如需转载，请与稿件来源方联系，如产生任何版权问题与本网无关。 
 3、如因作品内容、版权以及引用的图片（或配图）内容仅供参考，如有涉及版权问题，可联系我们直接删除处理。请在30日内进行。 
 4、有关作品版权事宜请联系：13661266197、 邮箱：ly83518@126.com 
 版权所有：中国储能网© Copyright 2009 - 2026. All Rights 未经授权，禁止复制或建立镜像 
 新闻和版权信息联电话：010-88337719、010-88337717 
 中国储能网 
 联系我们 
 免责声明 
 版权声明 
 诚聘英才 
 广告热线：010-88337719、010-88337717 
 联系地址：北京市西城区阜成门外大街1号四川大厦东塔楼30层 
 京ICP备12023756号-1 　　　 京公网安备11010202010553 　　　 违法和不良信息举报电话",2026-06-05,国家能源局综合司,https://www.escn.com.cn/news/show-2258423.html,accepted
LC-TEXT-0056,policy,山西省新型储能高质量发展实施方案,"山西省人民政府驻广州办事处 
 首页 
 广办之窗 
 广办简介 
 机构设置 
 领导信息 
 工作荣誉 
 通告公示 
 走进山西 
 要闻动态 
 广办资讯 
 广办动态 
 省内要闻 
 湾区新闻 
 商会动态 
 党建引领 
 广办党建 
 八项规定 
 党建信息 
 四中全会 
 招商合作 
 投资政策 
 投资动态 
 招商项目 
 园区介绍 
 劳务输出 
 组织架构 
 主要职责 
 省内站点 
 省内高校联盟 
 珠三角站点 
 工作动态 
 专题栏目 
 新闻详情 
 关于印发《新型储能高质量发展实施方案》的通知 
 发表时间： 
 2026-06-08 11:02 
 来源： 
 省能源局 
 山西省能源局　山西省发展和改革委员会 山西省工业和信息化厅　国家能源局山西监管办公室 关于印发《新型储能高质量发展实施方案》的通知 晋能源新能源发〔2026〕70号 各市能源局、发展改革委、工信局，国网山西省电力有限公司、山西地方电力有限公司： 为贯彻落实国家《新型储能规模化建设专项行动方案（2025—2027年）》部署要求，加快推动我省新型储能高质量发展，现将《新型储能高质量发展实施方案》印发给你们，请结合实际，认真抓好贯彻落实。 山西省能源局　山西省发展和改革委员会 山西省工业和信息化厅　国家能源局山西监管办公室 2026年5月13日 （此件公开发布） 新型储能高质量发展实施方案 为深入贯彻落实国家发展改革委、国家能源局印发的《新型储能规模化建设专项行动方案（2025—2027年）》《关于促进电网高质量发展的指导意见》部署要求，紧抓能源革命战略机遇，推动我省新型储能高质量发展，充分发挥新型储能作为提升电网调节能力、保障电力可靠供应的重要手段作用，助力构建清洁低碳、安全高效的新型能源体系，制定本实施方案。 一、总体要求 坚持以习近平新时代中国特色社会主义思想为指导，全面贯彻党的二十大和二十届历次全会精神，以“双碳”目标为引领。遵循市场主导、政府引导、统筹规划、多元发展、安全高效的原则，聚焦提升电力系统调节能力和新能源消纳水平。强化电网对新型储能的支撑接纳能力，推动技术创新与产业协同，统筹推进新型储能规模化与高质量发展，为全省全面绿色转型和能源安全提供坚实支撑。 到2027年，全省新型储能装机规模达到800万千瓦以上，带动直接投资超100亿元，产业链协同与技术创新能力稳步增强，锂离子电池储能持续主导，压缩空气储能、全钒液流电池等长时储能技术实现商业化示范应用，市场机制初步完善，形成一批可复制推广的典型应用场景和商业模式，新型储能对电力系统安全稳定运行的支撑作用显著提升；到2030年，新型储能作为支撑高比例新能源消纳的关键环节，装机规模与全省风电、光伏规模相匹配，新能源利用率满足国家要求，形成技术先进、机制健全、运行高效、安全可控的新型储能体系，成为全国新型储能高质量发展示范省份。 二、实施路径 （一）重点布局方向 1．规模化发展方向。立足各地实际条件与多元化场景需求，因地制宜推进锂离子电池、全钒液流电池、压缩空气储能、飞轮储能等相对成熟的技术路线，扩大项目规模，促进成熟技术在电力系统中的调节支撑能力持续提升。 2．示范应用方向。鼓励有条件的地区聚焦钠离子电池、半固态锂电池、重力储能、构网型储能系统等前沿技术领域，率先落地一批示范工程，加快关键技术迭代进程与工程转化能力，逐步形成符合省情的应用模式与商业化路径。 3．试点探索方向。在确保安全可控的基础上，围绕氢储能等具备长时储能发展潜力的技术方向开展试点项目，推动关键技术研发与能效提升，为后续更大范围应用储备经验。 （二）关键应用场景 4．发展电源侧储能。推动利用新型储能和智慧联合调控手段建设系统友好型新能源电站，鼓励省内百万千瓦能源转型与生态治理风光示范基地合理规划建设配套储能，平滑新能源出力曲线。大力推进电源侧储能配置与协同运行，鼓励新增并网新能源项目按不低于装机容量15％、时长4小时以上配置储能设施，探索性发展可全天候发电的光储一体化示范项目（储能按光伏装机容量100％、时长3小时以上配置）。推广火电机组与电化学储能、飞轮储能等联合调频技术应用，鼓励利用关停淘汰火电厂既有厂址、送出线路规划建设储能电站。 5．推进电网侧储能。在主变严重过载的500千伏变电站周边、新能源汇集站及外送通道送端站附近，科学布局一批大容量独立储能电站。在新能源高占比区域，积极推进构网型储能示范工程，加大构网型技术应用，充分释放新型储能的调峰、调频、调压、事故备用、爬坡、黑启动等多重效能，切实提升电网安全稳定水平和顶峰保供能力。同时，在配电网扩容升级困难或偏远地区，支持建设分布式独立储能和电网替代型储能，进一步提升配电网与各类并网电力新业态的交互水平。 6．创新多场景应用。在工业园区、数据中心、5G基站、商业综合体、交通枢纽等场景，鼓励建设分布式储能设施。全面推进“光储充放”一体化充电站建设，促进电动汽车与电网智能互动。支持虚拟电厂运营商整合用户侧分散储能资源，参与电力现货和辅助服务市场。推动源网荷储一体化、绿电园区、绿电直连等项目配置合理规模储能，提升系统调节能力。依托大数据、云计算、人工智能等先进技术，培育“人工智能＋”新型储能应用试点场景。 三、重点任务 （一）统筹规划与协同推进 1．科学衔接发展规划。依据全省“十五五”新能源发展规划和消纳需求，结合发展基础，做好本实施方案与能源、电力、城乡建设等相关规划的衔接。各市能源主管部门要会同电网公司根据新能源消纳需求、电网接入条件和周边负荷情况，结合新型储能“优、良、中、差”四级评价结果，合理确定储能规模、布局和时序，推动新型储能高质量发展。电网公司要结合新型储能项目发展规划布局，适度超前并及时调整电网规划建设方案和投资计划安排，促进源网协调发展。（责任单位：省能源局、山西能源监管办、国网山西省电力有限公司、山西地方电力有限公司按职责分工负责） 2．健全项目库管理机制。根据国家能源局《电网公平开放监管办法》关于向电网企业申请接入电网的电源项目应已列入政府能源主管部门批准的电力发展规划或专项规划，或已纳入省级及以上政府能源主管部门年度实施方案的要求，省能源局相应建立并动态更新新型储能项目库，优化项目规模与布局，有序引导项目开发建设。入库项目实行建设时序管理，未达序时进度的项目坚决移出项目库。省电力公司依据省级新型储能项目库，对入库项目受理接入系统办理事宜。（责任单位：省能源局、山西能源监管办、国网山西省电力有限公司、山西地方电力有限公司按职责分工负责） （二）拓展多元化应用场景 3．打造融合应用示范场景。以“绿电＋储能”“储能＋微电网”等融合模式为抓手，重点围绕源网荷储一体化、智能微电网、虚拟电厂、低碳园区、光储充一体化、车（站）网互动等方向，打造一批技术领先、应用前景良好、可复制推广的新型储能创新应用场景。（责任单位：省能源局、省发展改革委、国网山西省电力有限公司、山西地方电力有限公司按职责分工负责） 4．促进应用场景供需对接。各市要积极搭建新型储能供需对接平台，开展供需对接，收集风电、光伏电站配储需求和电网侧独立储能项目共享容量，分享供需信息，促进独立储能容量租赁业务发展。鼓励具备相应技术条件的配建储能，转为独立储能参与电力市场。（责任单位：省能源局、山西能源监管办、国网山西省电力有限公司、山西地方电力有限公司按职责分工负责） （三）强化技术攻关与产业培育 5．推动储能技术创新突破。支持磷酸铁锂电池在安全性、循环寿命、能量密度等方面持续提升，攻关钠离子电池、固态电池、水系有机液流电池等新一代电化学储能技术。在具备条件的地区，重点推动压缩空气储能、全钒液流电池储能等长时储能（4小时以上）技术示范应用，推广“电化学＋飞轮”“锂电＋液流”等混合储能系统。（责任单位：省科技厅、省工信厅、省能源局、相关高校及科研院所按职责分工负责） 6．打造特色产业集群。依托本省材料、装备制造基础，延伸发展电池电芯、正负极材料、隔膜、电解液、储能变流器、储能系统、电池管理系统、能量管理系统等关键环节，提升本地配套能力与产业韧性。引进和培育一批生态主导型储能系统集成企业、运营服务龙头企业与“专精特新”中小企业，加强上下游产业协同，形成大中小企业融通发展的产业生态。（责任单位：省工信厅、省能源局、省投资促进局按职责分工负责） 7．加强人才队伍建设。依托太原理工大学、中北大学、太原科技大学等高校及科研院所，加强储能相关学科专业建设，支持申报增列储能相关博士点、硕士点，扩大本硕博培养规模。实施高层次人才引进计划，吸引国内外顶尖技术团队和经营管理人才来晋创业，开展新型储能产教融合试点，加强运维管理人员培训。（责任单位：省教育厅、省科技厅、省人社厅按职责分工负责） （四）深化市场机制改革 8．完善容量补偿与价格机制。加快研究出台符合我省实际的独立储能容量电价或可靠容量补偿机制政策，有效疏导储能固定投资成本。推动储能作为独立主体全面参与电力中长期、现货与辅助服务市场，进一步拉大现货市场峰谷价差，结合实际探索建立爬坡、惯量等新型辅助服务交易品种。（责任单位：省发展改革委、省能源局、山西能源监管办、国网山西省电力有限公司、山西地方电力有限公司按职责分工负责） 9．创新调度运行机制。按照国家关于促进电网高质量发展的部署要求，加快构建适应高比例新能源与规模化储能接入的新型调度体系。推动电网调度系统与独立储能、分布式储能、虚拟电厂等实现信息互联、协同控制，提升规模化储能集群的智能调度水平。电力调度机构科学制定新型储能调度细则，明确运行方式与调用区间，通过市场化手段促进新型储能“一体多用、分时复用”，丰富商业模式。积极推进源储协同优化、储能集群智能调度及分布式储能虚拟电厂聚合调控等模式创新。推进新能源配套储能与新能源电源协同优化运行，以“新能源＋储能”一体化主体参与电力市场，利用市场化价格机制破解发用时空错配矛盾，改善配储经济性。（责任单位：省能源局、山西能源监管办、国网山西省电力有限公司、山西地方电力有限公司按职责分工负责） 四、保障措施 （一）加强组织领导 省能源局、省发展改革委、省工信厅、山西能源监管办要会同省财政厅、省自然资源厅、省生态环境厅、省应急厅及国网山西省电力有限公司、山西地方电力有限公司，加强部门协同和信息共享，共同推进本方案落地实施。各市要落实属地责任，由市能源、发改、工信部门牵头，组织相关职能部门和电网企业加强工作联动，统筹做好项目规划、要素保障和督导服务。（责任单位：省能源局、省发展改革委、省工信厅、山西能源监管办、省财政厅、省自然资源厅、省生态环境厅、省应急厅、国网山西省电力有限公司、山西地方电力有限公司按职责分工负责） （二）加大政策扶持 积极争取国家专项资金，统筹利用省级相关财政资金，对符合条件的示范项目、关键技术研发给予支持。鼓励引导企业积极开展技术研发与应用模式创新，支持申报国家级示范应用项目或优秀案例。落实税收优惠政策，加强对新型储能项目的土地、能耗等要素保障力度。引导金融机构加大对新型储能领域企业的信贷支持力度，探索融资租赁支持新型储能设备采购，推动研究开发面向新型储能项目的保险产品。（责任单位：省发展改革委、省工信厅、省财政厅、省自然资源厅、人民银行山西省分行、山西金融监管局、省税务局、省地方金融管理局、省能源局按职责分工负责） （三）优化建设管理 全面推行“工作并联、审批串联”，压缩审批时限、提升效率，加快项目建设，推动早开工、早建成、早投用。电网公司优化储能项目并网流程，同步推进配套送出工程衔接，确保“能并尽并、早并早用”。（责任单位：省自然资源厅、省生态环境厅、省能源局、省审批服务管理局、国网山西省电力有限公司、山西地方电力有限公司按职责分工负责） （四）落实安全责任 各级有关部门和企业要严格落实《关于加强电化学储能安全管理有关工作的通知》（国能综通安全〔2025〕65号）等文件要求，强化安全管理责任。项目备案机关备案时，在备案文件中明确项目单位的安全生产主体责任，并落实项目安全监管责任。已备案的项目，应尽快逐项补充明确项目安全监管责任。各相关部门认真贯彻落实《山西省安全生产委员会办公室关于印发〈全省电化学储能电站安全监管职责分工及工作机制（试行）〉的通知》（晋安办发〔2022〕174号），各司其职，各负其责，确保新型储能产业高质量发展。（责任单位：省能源局、省发展改革委、省工信厅、省自然资源厅、省住建厅、省应急厅、省市场监管局、省审批服务管理局、省消防救援总队、国网山西省电力有限公司、山西地方电力有限公司按职责分工负责） 
 上一篇: 
 商务部 国家发展改革委 财政部关于印发《利用外资固稳促优行动方案》的通知 
 下一篇: 
 山西省人民政府办公厅关于印发山西省文旅产业融合发展2026年行动计划的通知 
 文字分类： 投资政策 
 分享到：",2026-06-08,山西省能源局 山西省发展改革委,http://sxszfzgzb.shanxi.gov.cn/zshz/tzzc/202606/t20260608_10141806.shtml,accepted
LC-TEXT-0057,ir_qa,投资者问答：欣旺达回应“董秘你好，请问欣旺达母公司出售子公司欣旺达动力股权融资这件事上，在欣旺达”,原文摘要：投资者在深交所互动易向欣旺达提问，问题摘要为“董秘你好，请问欣旺达母公司出售子公司欣旺达动力股权融资这件事上，在欣旺达动力已经扭亏，产能、营收大幅增加，前景向好的情况下，为什么其估值下降了100多亿？母公司”。公司回复摘要为“您好！感谢您对公司的关注与支持。本次融资估值主要由资本市场融资环境和欣旺达动力自身经营情况双重因素影响，动力电池行业二级市场估值水平较上轮融资时明显下降。本轮估值以专业资产评估机构评估的评估值为依据，”。项目关联：欣旺达属于新能源股票池的锂电板块。单条问答只作为证据文本，不直接代表提问压力增加；不包含收益判断或股价方向判断。,2026-06-09,深交所互动易,https://irm.cninfo.com.cn/ircs/question/questionDetail?questionId=2286982656973606912,accepted
LC-TEXT-0058,announcement,关于全资项目子公司股权转让涉及2022年度向特定对象发行股票募投项目的进展公告,"证券代码：300763 证券简称：锦浪科技 公告编号：2026-040
债券代码：123259 债券简称：锦浪转 02
锦浪科技股份有限公司
关于全资项目子公司股权转让涉及 2022 年度向特定
对象发行股票募投项目的进展公告
锦浪科技股份有限公司（以下简称“公司”）于 2026 年 5 月 20 日召开第四
届董事会第十八次会议，审议通过了《关于全资项目子公司股权转让涉及 2022
年度向特定对象发行股票募投项目的议案》。公司全资子公司宁波锦浪智慧能源
有限公司（以下简称“锦浪智慧”）和浙江海速信息技术服务有限公司（以下简
称“浙江海速”，锦浪智慧的全资子公司）拟将其持有的全资项目子公司巨鹿县
泽源新能源科技有限公司（以下简称“巨鹿泽源”）100%股权出让给石家庄正刚
新能源科技有限公司（以下简称“石家庄正刚”），股权转让对价为人民币 425.96
万元，涉及的光伏电站合计装机容量约 1.15MW。标的公司为已建成投运的 2022
年度向特定对象发行股票募集资金投资项目中的分布式光伏电站建设项目投资
建 设 主 体 。 具 体 内 容 详 见 公 司 于 2026 年 5 月 21 日 在 巨 潮 资 讯 网
（http://www.cninfo.com.cn/）披露的《关于全资项目子公司股权转让涉及 2022
年度向特定对象发行股票募投项目公告》（公告编号：2026-032）。
截至本公告披露日，锦浪智慧和浙江海速已与石家庄正刚正式签署了关于巨
鹿泽源的股权收购协议，锦浪智慧和浙江海速共计收到股权转让款人民币 425.96
万元。近日，本次股权转让所需的工商变更登记手续已经完成，公司不再持有巨
鹿泽源的股权，该项目公司不再纳入公司合并报表范围。敬请广大投资者注意投
资风险。
特此公告。
锦浪科技股份有限公司董事会
2026 年 6 月 9 日
本公司及董事会全体成员保证公告内容真实、准确和完整，不存在任何虚假
记载、误导性陈述或者重大遗漏。",2026-06-09,巨潮资讯网,http://static.cninfo.com.cn/finalpage/2026-06-09/1225356678.PDF,accepted
GFEX-WR-20260611,announcement,广期所碳酸锂仓单日报：仓单减少898手,广州期货交易所2026-06-11仓单日报显示，碳酸锂仓单总量为54683手，减少898手。,2026-06-11,广州期货交易所,https://www.gfex.com.cn/gfex/cdrb/hqsj_tjsj.shtml,accepted
GFEX-WR-20260612,announcement,广期所碳酸锂仓单日报：仓单减少896手,广州期货交易所2026-06-12仓单日报显示，碳酸锂仓单总量为53787手，减少896手。,2026-06-12,广州期货交易所,https://www.gfex.com.cn/gfex/cdrb/hqsj_tjsj.shtml,accepted
LC-TEXT-0059,news,5月电池装车71.9GWh，宁德时代、比亚迪合计拿下超六成市场_腾讯新闻,"5月电池装车71.9GWh，宁德时代、比亚迪合计拿下超六成市场_腾讯新闻 
 5月电池装车71.9GWh，宁德时代、比亚迪合计拿下超六成市场 电车汇 2026-06-15 16:49 发布于 四川 电车汇官方账号 问AI  ·  磷酸铁锂技术为何持续主导动力电池市场？ 新能源汽车市场的热度，正在实实在在传导到动力电池端。中国汽车动力电池产业创新联盟最新出炉的数据显示，2026年5月国内动力电池装车量达到71.9GWh，同比大涨25.9%，环比也有15.2%的增幅，整个行业的回暖势头较为明显。 2024-2026年动力电池月度装车量 算下来，今年前5个月累计装车已经做到了259.1GWh。特别是5月份的装车量，直接创下了年内新高，环比增幅还在扩大，说明下游车企确实在加速生产，终端需求起来了。照这个节奏走下去，全年的数据应该会相当好看。 2026年5月动力电池企业装车量TOP15 企业端的格局基本没太大变化，头部两家依然稳得很。宁德时代5月装了33.08GWh，市占率46.14%，比上个月略降0.51个百分点，但龙头位置没人能撼动。 比亚迪 这边是11.87GWh，占比16.56%，也微降了0.27个百分点，自供体系的优势摆在那里，第二的位置也很稳。两家加起来，吃掉了整个市场62.7%的份额。 后面几名基本还是老面孔，国轩高科4.44GWh、中创新航4.3GWh、亿纬锂能3.23GWh，三家加起来差不多16.7%的市场，位次没怎么动。倒是有几家二线厂商这个月冲得很凶——LG新能源直接涨了1.58个百分点，占到2.14%，挤进了前十； 欣旺达 也涨了0.68个百分点到3.08%，排到了第八。二线厂商的竞争，确实是越来越热闹了。 2026年1-5月动力电池企业装车量TOP1 5 宁德时代、比亚迪2025-2026年5月电池装车量 部分电池企业2025-2026年5月电池装车量 从累计数据看企业格局，头部效应更加明显。1-5 月宁德时代累计装车 121.66GWh，市占率高达 47.02%，较年初大幅提升了 4.12 个百分点，龙头优势还在扩大。比亚迪累计装车 43.31GWh，占比 16.74%，虽然 5 月单月表现稳定，但累计占比较年初下滑了 7.32 个百分点。两家合计拿下了超 63% 的市场份额，行业集中度进一步提升。 2026年5月动力电池装车量前十名 2026年1-5月动力电池装车量前十名 技术路线方面，磷酸铁锂还在继续扩大优势。5月磷酸铁锂电池装车59.5GWh，占比到了82.8%，又刷新了纪录；三元电池只有12.4GWh，占比17.2%。累计来看也是同样趋势，1-5 月磷酸铁锂占比超过 80%，比亚迪、国轩高科、瑞浦兰钧等企业几乎全路线押注磷酸铁锂。说白了，性价比高、循环寿命长的磷酸铁锂，现在就是主流车型和商用车的首选，三元锂电池就剩高端车对长续航和快充的需求。 总的来说，5月这组数据相当亮眼，单月和累计销量都在增长，头部企业稳中有进，二线厂商各显神通，技术路线的分化也越来越清晰。新能源汽车渗透率还在往上走，储能那边又是一个新的大市场，中国动力电池这条赛道，接下来只会更热闹。",2026-06-15,腾讯新闻,https://news.qq.com/rain/a/20260615A071YK00,accepted
LC-TEXT-0060,policy,关于开展2026年新能源汽车下乡活动的通知,"工业和信息化部 商务部等五部门办公厅（综合司）关于开展2026年新能源汽车下乡活动的通知 
 首页 > 
 政务公开 > 
 政策文件 > 
 文件发布 > 
 通知 
 发文机关： 工业和信息化部办公厅 商务部办公厅 国家发展改革委办公厅 农业农村部办公厅 国家能源局综合司 
 标　　题： 工业和信息化部 商务部等五部门办公厅（综合司）关于开展2026年新能源汽车下乡活动的通知 
 发文字号： 工信厅联通装函〔2026〕280号 
 成文日期： 2026-06-12 
 发布日期： 2026-06-18 
 发布机构： 装备工业一司 
 分　　类： 汽车工业行业管理 
 工业和信息化部 商务部等五部门办公厅（综合司）关于开展2026年新能源汽车下乡活动的通知 
 发布时间：2026-06-18 10:33 来源：装备工业一司 
 工信厅联通装函〔2026〕280号 各省、自治区、直辖市、计划单列市及新疆生产建设兵团工业和信息化主管部门、商务主管部门、发展改革委、农业农村（农牧）厅（局、委）、能源主管部门： 为深入贯彻党的二十大和二十届历次全会精神，落实中央一号文件关于全面推进乡村振兴、扩大乡村消费的部署要求，推进美丽乡村建设，活跃线下消费，激发下沉市场消费活力，加快补齐乡村地区绿色出行基础设施短板，推广绿色低碳、智能安全的乡村出行新体验，工业和信息化部、商务部会同国家发展改革委、农业农村部、国家能源局组织开展2026年新能源汽车下乡活动。有关事项通知如下： 一、活动主题 绿色、低碳、智能、安全——智行千县万镇，绿惠乡村万家 二、组织形式 （一）选取满足乡村地区使用需求、口碑好、质量可靠的新能源车型，有关车型目录在“新能源汽车下乡服务平台”公众号中动态更新。落实车购税、车船税减免、县域充换电设施补短板等政策，积极扩大新能源汽车乡村地区消费。 （二）深入推进汽车以旧换新进乡村。在新能源汽车下乡活动中设置以旧换新专区，开展补贴政策宣介推广，提供旧车检测评估回收、补贴申请手续代办等“一站式”服务，进一步提高优惠政策知晓度、覆盖面，便利乡村地区消费者参与享受补贴。对换购新能源汽车的乡村地区消费者，均可按政策要求申领汽车以旧换新补贴，不受补贴资格数量限制。 （三）加强与“千县万镇新能源汽车消费季”等已有品牌活动统筹融合。选取一批新能源汽车推广比例不高、市场潜力较大的典型县域城市，开展线下特色活动，创新打造车型展示、试乘试驾等线下体验式消费场景，通过直播引流、在线咨询等方式，吸引周边乡镇消费者到店选购新能源汽车，辐射带动线下实体零售发展。 （四）组织新能源汽车销售网点、售后维保服务企业，充换电服务企业，保险、信贷等金融服务企业协同下乡，持续优化乡村地区新能源汽车应用配套环境，提升服务水平。推动智能网联技术、新型充换电技术、“光储充”一体化、车网互动技术等在乡村地区应用。 （五）活动委托中国汽车工业协会、中国汽车流通协会、中国电动汽车充电基础设施促进联盟、中国电子信息产业发展研究院牵头组织实施，充分发挥不同行业渠道优势，组织汽车生产企业、汽车销售企业、金融机构等积极参与，推出新能源汽车下乡活动配套优惠举措。各地工业和信息化、商务、发展改革、农业农村、能源等主管部门做好配合工作。 三、保障措施 加强组织领导，强化部门协同，切实落实好相关政策，确保活动实效。坚决贯彻执行中央八项规定及其实施细则精神，坚持节俭办活动。严格遵守当地社会治安管理规定，制定安全防范工作应急预案，加强全过程安全防护，确保活动安全有序。注重舆论引导，做好活动宣传，加大新能源汽车科普宣传力度，营造良好舆论氛围。 联系方式： 中国汽车工业协会　　　　　　　　　姜建娜 18515329258 中国汽车流通协会　　　　　　　　　王　都 13901198337 中国电动汽车充电基础设施促进联盟　李　康 15210280579 中国电子信息产业发展研究院　　　　郭文佳 18001359269 工业和信息化部办公厅 商务部办公厅 国家发展改革委办公厅 农业农村部办公厅 国家能源局综合司 2026年6月12日 “新能源汽车下乡服务平台”公众号 
 【返回顶部】 
 【关闭窗口】 
 【打印本页】",2026-06-18,工业和信息化部等五部门,https://www.miit.gov.cn/zwgk/zcwj/wjfb/tz/art/2026/art_addcc0a2fd3f4bf6993e3e48f7b8d4c3.html?dzb=true,accepted
GFEX-WR-20260622,announcement,广期所碳酸锂仓单日报：仓单减少1560手,广州期货交易所2026-06-22仓单日报显示，碳酸锂仓单总量为50415手，减少1560手。,2026-06-22,广州期货交易所,https://www.gfex.com.cn/gfex/cdrb/hqsj_tjsj.shtml,accepted
GFEX-WR-20260624,announcement,广期所碳酸锂仓单日报：仓单减少1345手,广州期货交易所2026-06-24仓单日报显示，碳酸锂仓单总量为49115手，减少1345手。,2026-06-24,广州期货交易所,https://www.gfex.com.cn/gfex/cdrb/hqsj_tjsj.shtml,accepted
LC-TEXT-0061,announcement,关于全资子公司签署二期投资协议暨对外投资进展公告,"证券代码：605117 证券简称：德业股份 公告编号：2026-043
宁波德业科技股份有限公司
关于全资子公司签署二期投资协议暨对外投资
进展公告
本公司董事会及全体董事保证本公告内容不存在任何虚假记载、误导性陈述
或者重大遗漏，并对其内容的真实性、准确性和完整性承担法律责任。
重要内容提示：
投资标的名称 年 产 16GWh 工 商 储 生 产 线 项 目 （ 二 期
9GWh）
投资金额 不少于 12.32 亿元（具体以实际投资额为准）
投资进展情况 完成 终止 √交易要素变更
特别风险提示（如有） 无
一、对外投资基本情况
宁波德业科技股份有限公司（以下简称“公司”）已于 2025 年 4 月 1 日召
开第三届董事会第十二次会议审议通过《关于全资子公司签署项目投资协议的议
案》，同意宁波德业储能科技有限公司（以下简称“德业储能”）与慈溪滨海经
济开发区管理委员会签署《投资协议书》，在慈溪滨海经济开发区投资建设年产
16GWh 工商储生产线项目（分两期投入，一期 7GWh，二期 9GWh）一期固定资
产投资预计不少于 8.95 亿元，二期固定资产投资预计不少于 12.32 亿元（具体以
实际投资额为准），并授权公司管理层负责办理与本次对外投资有关的相关事宜，
包括但不限于签署与本对外投资建设相关协议、投资项目备案登记等事宜。具体
内容详见公司 2025 年 4 月 2 日披露于上海证券交易所官网（www.sse.com.cn）
的《关于全资子公司签署项目投资协议的公告》（公告编号：2025-012）。
2025 年 4 月 2 日，德业储能按照法定程序参与慈溪市一宗国有建设用地使
用权的挂牌出让竞拍，并最终以人民币 9,407.80 万元竞得慈溪滨海经济开发区
II202409#地块国有建设用地使用权，该地块用于实施年产 16GWh 工商储生产线
项目（一期 7GWh）。具体内容详见公司 2025 年 4 月 3 日披露于上海证券交易
所官网（www.sse.com.cn）的《关于全资子公司竞得土地使用权暨对外投资进展
的公告》（公告编号：2025-014）。
经公司 2025 年 10 月 29 日召开的第三届董事会第十八次会议、第三届监事
会第十六次会议及 2025 年 11 月 14 日召开的 2025 年第二次临时股东会审议通
过《关于变更部分募集资金用途及新增募投项目和实施地点的议案》，同意终止
投入“年产 25.5GW 组串式、储能式逆变器生产线建设项目”，新增建设“年产
7GWh 工商储生产线项目”，投资总金额为人民币 111,196 万元。具体内容详见公
司 2025 年 10 月 30 日披露于上海证券交易所官网（www.sse.com.cn）的《关于
变更部分募集资金用途及新增募投项目和实施地点的公告》（公告编号：2025-
092）。
二、本次对外投资要素变更情况
近年来，全球工商储需求快速提升，行业迎来快速放量阶段。结合市场发展
趋势及公司产业布局情况，全资子公司德业储能与慈溪滨海经济开发区管理委员
会签署《投资协议书（二期）》。主要内容如下：
（一）协议双方
甲方：慈溪滨海经济开发区管理委员会
乙方：宁波德业储能科技有限公司
（二）项目概况条款
1.项目名称： 年产 9GWh 工商储生产线项目 。
2.经济指标：固定资产投资强度≥ 333 万元/亩；年亩均税收≥ 50 万元/亩。
3.建设指标：建筑容积率≥ 2.0 。
4.其他指标：单位能耗增加值≥ 6.7 万元/吨标煤；单位排放增加值≥ 5590 万
元/吨；研发费支出与营业收入之比≥百分之 3.8 。
（三）土地概况条款
项 目 宗地编号 慈溪滨海Ⅱ202603# ，合 计宗地面 积 246,635 平方 米（即
369.9525 亩）。项目宗地在浙江省自然资源网上交易中心进行拍卖，拍卖起始价
约 28 万元/亩（30 年产权），具体以项目宗地的出让公告为准。
（四）履约保证金条款
乙方应向甲方缴纳 30 万元/亩的履约保证金，履约保证金不抵扣土地出让价
款，分四期退还。具体缴纳、退还方式如下：
履约保证金缴纳方式：乙方应在签订《国有建设用地使用权出让合同》前以
现金方式缴纳 4 万元/亩的现金保证金；在签订《国有建设用地使用权出让合同》
后 1 个月内以银行保函方式缴纳 26 万元/亩的保函保证金。
履约保证金退还方式：乙方按时开工并通过开工确认的，退还现金保证金 2
万元/亩；按时竣工并通过竣工验收的，退还现金保证金 2 万元/亩；按时达产并
通过达产复核的，退还保函保证金 18.2 万元/亩；达产期后三年，开展年均亩均
税收定期考核，经甲方认定达到约定标准的，退还保函保证金 7.8 万元/亩。保证
金均为无息退还。
（五）甲方承诺条款
1.项目地块内土方基本平整，无明显高低起伏。地块周边道路贯通，水、电、
汽在合理范围内按乙方的需求规划，同时水、电、汽、通信、天然气、排水、排
污管线按地块建设进度达到基本接入条件，开户由乙方自行负责。其中排污管线
需有压输送，由乙方自建污水泵站。
2.协助乙方做好项目立项、环评能评、规划建设、分段施工、分批验收等相
关事务，全力协调市级相关部门以最快速度审批，积极帮助乙方解决困难问题，
推动项目顺利建设投产。
3.根据国家、浙江省、宁波市、慈溪市各级相关政策，协助乙方申请各类政
策奖励。项目技改在满足的政策条件下，优先按最高补助进行支持。
4.乙方在开发区缴纳社保且符合条件的员工在购买开发区人才房、子女在开
发区入学可享受开发区优惠政策，积极协助乙方关键人才获得慈溪市优秀学校的
入学资格。
（六）乙方承诺条款
1.乙方在拿到宗地红线图后，应尽快做好总体方案设计及申报预审、施工图
设计，并签订设计、施工、监理、勘察合同，及时申报施工图预审，为“拿地即
开工”做好前期准备工作。
2.乙方在竞得土地签署《国有建设用地使用权出让合同》后及时办理并通过
项目立项、环境影响评价、能源评估、规划审批等报批手续。
3.若将来乙方上市，则上市主体须在开发区内。
（七）项目进度条款
乙方应在签订《国有建设用地使用权出让合同》后迅速启动项目开工建设，
并在拿地后 30 个月内竣工投产、54 个月内达产复核。具体开工建设、竣工投产、
达产复核、定期考核的进度要求及考核验收方式，以双方另行签订的《慈溪市企
业投资工业项目“标准地”投资建设协议》为准。
本项目为甲乙双方于 2025 年 4 月 1 日签订的《投资协议书》中的二期项目，
本项目达产考核与一期项目（慈滨海Ⅱ202409#（268.8 亩））地块规划、经济指
标、标准地投资指标统筹考虑，进行分批验收、合并考核。
三、对公司的影响及对外投资风险分析
随着海外工商储市场需求进一步释放，公司管理层基于当前行业环境及前景
判断，满足未来工商储销售规模增长需要，提前进行产能布局。本次对外投资不
会对公司 2026 年度经营业绩产生重大不利影响，后续项目成功实施将对未来经
营业绩产生积极影响。
本投资项目是基于公司战略发展的需要及对工商业储能系统市场前景的判
断，但工商业储能系统的发展趋势及市场行情的变化等均存在不确定性，可能对
投资项目的建设运营和预期效益产生不确定性影响。
本投资项目尚需通过项目立项、备案、环评、安评、能评、联审等审批程序，
能否通过相关政府部门审批存在不确定性；本投资项目建设所需用地尚未完成必
要的用地手续，能否在拟定地点取得约定的建设用地尚存在不确定性。
本投资项目建设过程中可能会面临各种不确定因素，或建设资金筹措不到位
等，将导致项目的实施存在顺延、变更、中止或终止的风险。
本投资协议涉及的预计产值、税收等数值均为预估数，实际执行情况可能与
预期存在差距，相关数据并不代表公司对未来业绩的预测和承诺。敬请投资者理
性投资，注意投资风险。
特此公告。
宁波德业科技股份有限公司董事会
2026 年 6 月 24 日",2026-06-24,巨潮资讯网,http://static.cninfo.com.cn/finalpage/2026-06-24/1225383163.PDF,accepted
GFEX-WR-20260706,announcement,广期所碳酸锂仓单日报：仓单减少1498手,广州期货交易所2026-07-06仓单日报显示，碳酸锂仓单总量为46708手，减少1498手。,2026-07-06,广州期货交易所,https://www.gfex.com.cn/gfex/cdrb/hqsj_tjsj.shtml,accepted
GFEX-WR-20260708,announcement,广期所碳酸锂仓单日报：仓单减少2445手,广州期货交易所2026-07-08仓单日报显示，碳酸锂仓单总量为43640手，减少2445手。,2026-07-08,广州期货交易所,https://www.gfex.com.cn/gfex/cdrb/hqsj_tjsj.shtml,accepted
GFEX-WR-20260710,announcement,广期所碳酸锂仓单日报：仓单减少1953手,广州期货交易所2026-07-10仓单日报显示，碳酸锂仓单总量为42067手，减少1953手。,2026-07-10,广州期货交易所,https://www.gfex.com.cn/gfex/cdrb/hqsj_tjsj.shtml,accepted
GFEX-WR-20260716,announcement,广期所碳酸锂仓单日报：仓单减少1189手,广州期货交易所2026-07-16仓单日报显示，碳酸锂仓单总量为41231手，减少1189手。,2026-07-16,广州期货交易所,https://www.gfex.com.cn/gfex/cdrb/hqsj_tjsj.shtml,accepted
GFEX-WR-20260717,announcement,广期所碳酸锂仓单日报：仓单减少886手,广州期货交易所2026-07-17仓单日报显示，碳酸锂仓单总量为40345手，减少886手。,2026-07-17,广州期货交易所,https://www.gfex.com.cn/gfex/cdrb/hqsj_tjsj.shtml,accepted
GFEX-WR-20260720,announcement,广期所碳酸锂仓单日报：仓单增加1014手,广州期货交易所2026-07-20仓单日报显示，碳酸锂仓单总量为41359手，增加1014手。,2026-07-20,广州期货交易所,https://www.gfex.com.cn/gfex/cdrb/hqsj_tjsj.shtml,accepted
GFEX-WR-20260727,announcement,广期所碳酸锂仓单日报：仓单减少1461手,广州期货交易所2026-07-27仓单日报显示，碳酸锂仓单总量为38418手，减少1461手。,2026-07-27,广州期货交易所,https://www.gfex.com.cn/gfex/cdrb/hqsj_tjsj.shtml,accepted
GFEX-WR-20260729,announcement,广期所碳酸锂仓单日报：仓单增加1037手,广州期货交易所2026-07-29仓单日报显示，碳酸锂仓单总量为39315手，增加1037手。,2026-07-29,广州期货交易所,https://www.gfex.com.cn/gfex/cdrb/hqsj_tjsj.shtml,accepted
GFEX-WR-20260731,announcement,广期所碳酸锂仓单日报：仓单减少13939手,广州期货交易所2026-07-31仓单日报显示，碳酸锂仓单总量为25042手，减少13939手。,2026-07-31,广州期货交易所,https://www.gfex.com.cn/gfex/cdrb/hqsj_tjsj.shtml,accepted
GFEX-WR-20260803,announcement,广期所碳酸锂仓单日报：仓单增加1510手,广州期货交易所2026-08-03仓单日报显示，碳酸锂仓单总量为26552手，增加1510手。,2026-08-03,广州期货交易所,https://www.gfex.com.cn/gfex/cdrb/hqsj_tjsj.shtml,accepted
GFEX-WR-20260804,announcement,广期所碳酸锂仓单日报：仓单增加1101手,广州期货交易所2026-08-04仓单日报显示，碳酸锂仓单总量为27653手，增加1101手。,2026-08-04,广州期货交易所,https://www.gfex.com.cn/gfex/cdrb/hqsj_tjsj.shtml,accepted
GFEX-WR-20260807,announcement,广期所碳酸锂仓单日报：仓单增加1420手,广州期货交易所2026-08-07仓单日报显示，碳酸锂仓单总量为29873手，增加1420手。,2026-08-07,广州期货交易所,https://www.gfex.com.cn/gfex/cdrb/hqsj_tjsj.shtml,accepted
GFEX-WR-20260810,announcement,广期所碳酸锂仓单日报：仓单增加1748手,广州期货交易所2026-08-10仓单日报显示，碳酸锂仓单总量为31621手，增加1748手。,2026-08-10,广州期货交易所,https://www.gfex.com.cn/gfex/cdrb/hqsj_tjsj.shtml,accepted
GFEX-WR-20260811,announcement,广期所碳酸锂仓单日报：仓单增加930手,广州期货交易所2026-08-11仓单日报显示，碳酸锂仓单总量为32551手，增加930手。,2026-08-11,广州期货交易所,https://www.gfex.com.cn/gfex/cdrb/hqsj_tjsj.shtml,accepted
GFEX-WR-20260812,announcement,广期所碳酸锂仓单日报：仓单增加2550手,广州期货交易所2026-08-12仓单日报显示，碳酸锂仓单总量为35101手，增加2550手。,2026-08-12,广州期货交易所,https://www.gfex.com.cn/gfex/cdrb/hqsj_tjsj.shtml,accepted
