doc_id,publish_time,status,error,annotation_input_sha256,prompt_version,annotated_at
CNINFO-002738-1217358968,2023-07-22,accepted,supply_expansion:unverifiable_true_demoted;authoritative_source:true_shorthand_anchored;quantitative_evidence:true_shorthand_anchored;uncertainty_high:true_shorthand_anchored,a0e5a91d9ce8a4a61d3ea95f29368494c38a3437d5c315ebf24ce61805f8b197,lithium-v3-deepseek-v4-flash-predicate-v6-conservative,2026-08-14T19:28:47+08:00
CNINFO-000408-1217375668,2023-07-25,accepted,,6545894b74a305561b036c8c8c3e42baa83ab02f263597d2ac8e306d07fc245e,lithium-v3-deepseek-v4-flash-predicate-v6-conservative,2026-08-14T19:28:47+08:00
CNINFO-000762-1217374402,2023-07-25,accepted,,33b078134c2472833a402c68b1a56375c0c704e7b091747a296aa901e663265e,lithium-v3-deepseek-v4-flash-predicate-v6-conservative,2026-08-14T19:28:47+08:00
CNINFO-002460-1217404026,2023-07-28,accepted,uncertainty_high:unverifiable_quote_demoted,dc45cfd82c9a00be7001dd44bc486d1f11b63cb287d695d9a848361826ac1e68,lithium-v3-deepseek-v4-flash-predicate-v6-conservative,2026-08-14T19:28:48+08:00
CNINFO-002497-1217444659,2023-08-02,accepted,demand_ev_positive:unverifiable_quote_demoted;demand_storage_positive:unverifiable_quote_demoted,6a76eef18f02bbd2f5c8b3c226b81dec49712c0fbb55d5d048570ff233dc9a7d,lithium-v3-deepseek-v4-flash-predicate-v6-conservative,2026-08-14T19:28:47+08:00
CNINFO-002594-1217445214,2023-08-02,accepted,,181943f96cd880f5dce3762089d7d71fa4f0f7ccb639c3bb4353631b69920ef8,lithium-v3-deepseek-v4-flash-predicate-v6-conservative,2026-08-14T19:28:48+08:00
CNINFO-002497-1217452811,2023-08-03,accepted,supply_expansion:true_shorthand_anchored;demand_ev_positive:unverifiable_true_demoted;authoritative_source:true_shorthand_anchored;quantitative_evidence:unverifiable_true_demoted,7119c33e9d0323256632f6aeb1006c65fb15db629e0a4af9f9e0ca95cb603502,lithium-v3-deepseek-v4-flash-predicate-v6-conservative,2026-08-14T19:28:47+08:00
CNINFO-300390-1217501930,2023-08-09,accepted,authoritative_source:true_shorthand_anchored;uncertainty_high:true_shorthand_anchored,73e19fc36650324aba4e2ac4f43130ff531ab1b3861b85438171da3b9f435d0c,lithium-v3-deepseek-v4-flash-predicate-v6-conservative,2026-08-14T19:28:46+08:00
LC-TEXT-0001,2023-08-15,accepted,,c3a13b8a455405bba48a9faebc445e3032182b750e91e9abc9b1e00b1f6a8675,lithium-v3-deepseek-v4-flash-predicate-v6-conservative,2026-08-14T19:28:48+08:00
CNINFO-002738-1217599122,2023-08-22,accepted,authoritative_source:true_shorthand_anchored;uncertainty_high:true_shorthand_anchored,2f07a119e7df08bb5b12ab3664e16b3f94d378bf70d32a9be0601a509a015c0d,lithium-v3-deepseek-v4-flash-predicate-v6-conservative,2026-08-14T19:28:48+08:00
CNINFO-002738-1217599123,2023-08-22,accepted,authoritative_source:true_shorthand_anchored;uncertainty_high:true_shorthand_anchored,2ec129df1b791d926a477ad0a52e458a82536f9f03a54fb479c6151b720e0b4a,lithium-v3-deepseek-v4-flash-predicate-v6-conservative,2026-08-14T19:29:00+08:00
CNINFO-002466-1217718807,2023-08-31,accepted,authoritative_source:true_shorthand_anchored;uncertainty_high:true_shorthand_anchored,767a5189b8e89bd9f05b705493ee4dad6e9d13ffe4b86a3336039c88bda8a272,lithium-v3-deepseek-v4-flash-predicate-v6-conservative,2026-08-14T19:28:59+08:00
CNINFO-002594-1217758661,2023-09-02,accepted,demand_ev_positive:quote_replaced_by_rule_anchor,7f7361f1f89c83789c40d2f7f97981a5f5f0b356047c73b437e3ba41cd078bef,lithium-v3-deepseek-v4-flash-predicate-v6-conservative,2026-08-14T19:29:01+08:00
LC-TEXT-0002,2023-09-15,accepted,demand_ev_positive:unverifiable_true_demoted;authoritative_source:true_shorthand_anchored;quantitative_evidence:true_shorthand_anchored,937d60ae0c6ee620842abf2814b4a8b05a0c74c05d66d5c9379e2845319beef4,lithium-v3-deepseek-v4-flash-predicate-v6-conservative,2026-08-14T19:28:59+08:00
CNINFO-000792-1217886002,2023-09-19,accepted,uncertainty_high:quote_replaced_by_rule_anchor,c243bf2578e141a3734d480198cec450ea5fa897c965e21a529c34996df07160,lithium-v3-deepseek-v4-flash-predicate-v6-conservative,2026-08-14T19:29:00+08:00
CNINFO-000792-1217888488,2023-09-19,accepted,,2afd02e54cfbcdf9a20b565e83edc288ed40846e0db65bf58d3ae8240d7e44b1,lithium-v3-deepseek-v4-flash-predicate-v6-conservative,2026-08-14T19:29:01+08:00
CNINFO-002460-1217971863,2023-09-28,accepted,supply_expansion:unverifiable_true_demoted;authoritative_source:true_shorthand_anchored;quantitative_evidence:unverifiable_true_demoted,6c6ef219a270afef79fd2db3a1e26be843512ce18dce6f0bc2812b9d645a2ca5,lithium-v3-deepseek-v4-flash-predicate-v6-conservative,2026-08-14T19:29:00+08:00
CNINFO-002594-1217994677,2023-10-09,accepted,demand_ev_positive:quote_replaced_by_rule_anchor;authoritative_source:quote_replaced_by_rule_anchor;quantitative_evidence:quote_replaced_by_rule_anchor,d9384d6a42a007ceb60464d58d1ed3af40cdb48ca707588283e77552434c9c47,lithium-v3-deepseek-v4-flash-predicate-v6-conservative,2026-08-14T19:29:02+08:00
CNINFO-000762-1218020027,2023-10-13,accepted,,a26fb5017011afc9cc9f4a8938d939f72f3c49838e2700304aee0709d2af5cc8,lithium-v3-deepseek-v4-flash-predicate-v6-conservative,2026-08-14T19:29:01+08:00
CNINFO-000792-1218031533,2023-10-14,accepted,authoritative_source:true_shorthand_anchored,c75fe78d6fdfe9bbe4d08548ea2ef49547d99906be0f2a744ed7f8b45bfe0843,lithium-v3-deepseek-v4-flash-predicate-v6-conservative,2026-08-14T19:28:59+08:00
CNINFO-002460-1218047768,2023-10-17,accepted,authoritative_source:true_shorthand_anchored;uncertainty_high:true_shorthand_anchored,ec3a3b89f0bc784b5fdf79b196275e89c2c15dade9b3b47a28a668cb55926895,lithium-v3-deepseek-v4-flash-predicate-v6-conservative,2026-08-14T19:28:59+08:00
LC-TEXT-0003,2023-10-18,accepted,,d392251d6420ce0bac25ed4ab44afbce67ed87c0ea3db7da8c07b0e8ff0aa562,lithium-v3-deepseek-v4-flash-predicate-v6-conservative,2026-08-14T19:29:00+08:00
CNINFO-002594-1218232006,2023-11-02,accepted,demand_ev_positive:true_shorthand_anchored;demand_storage_positive:unverifiable_true_demoted;authoritative_source:true_shorthand_anchored;quantitative_evidence:true_shorthand_anchored,36a97f17e61ca991ef51a71f1dbcf7efb01f860d8971a263a04ef02f094f9764,lithium-v3-deepseek-v4-flash-predicate-v6-conservative,2026-08-14T19:29:02+08:00
CNINFO-000408-1218269063,2023-11-07,accepted,,d11a0beeda23f3d29dbc43a3bed99753e8a2b2594eae099f2ad56c7a02e5198f,lithium-v3-deepseek-v4-flash-predicate-v6-conservative,2026-08-14T19:29:02+08:00
CNINFO-000408-1218292119,2023-11-10,accepted,,d1f6418c17d67ee76c447b876b8cbdafdc6c1ed07f2506494ff17a0ec159cc6e,lithium-v3-deepseek-v4-flash-predicate-v6-conservative,2026-08-14T19:29:02+08:00
CNINFO-002738-1218293311,2023-11-10,accepted,supply_expansion:unverifiable_quote_demoted,0a7256bc0f14b3f4741829e3046db88bf099b6876e528e2819c0b507a29dd043,lithium-v3-deepseek-v4-flash-predicate-v6-conservative,2026-08-14T19:29:03+08:00
LC-TEXT-0004,2023-11-15,accepted,,0175a48776b562ccc84663f04107bec4d3b5ad6e7fdf6bb6240f93666fcb3aac,lithium-v3-deepseek-v4-flash-predicate-v6-conservative,2026-08-14T19:29:01+08:00
CNINFO-002738-1218362142,2023-11-17,accepted,supply_expansion:true_shorthand_anchored;authoritative_source:true_shorthand_anchored;quantitative_evidence:true_shorthand_anchored,8d6330705ede43b59b2e304b8f282b020262c1e79159f8fd85d58d9344524f71,lithium-v3-deepseek-v4-flash-predicate-v6-conservative,2026-08-14T19:29:03+08:00
CNINFO-002738-1218369754,2023-11-18,accepted,,d9f8de2a9ed7acb7f10d391c92e58e632e6263ffabfe35fb1b6884106c0cb3e6,lithium-v3-deepseek-v4-flash-predicate-v6-conservative,2026-08-14T19:29:03+08:00
CNINFO-000762-1218378825,2023-11-21,accepted,,fce6c97605934371d73d795eb7f0ad73402bd38807a9ce35c188a2ff9820a462,lithium-v3-deepseek-v4-flash-predicate-v6-conservative,2026-08-14T19:29:03+08:00
CNINFO-000762-1218382501,2023-11-21,accepted,,bf807efa74837d4dc163774e1d89996ebe274c19b0238ef3e037571656bd5773,lithium-v3-deepseek-v4-flash-predicate-v6-conservative,2026-08-14T19:29:03+08:00
CNINFO-002466-1218455746,2023-11-28,accepted,,f67f45039c3ff27ecadb8828a2ad2046e9bb3f2b4babdd68e6ff5f3ae8740a46,lithium-v3-deepseek-v4-flash-predicate-v6-conservative,2026-08-14T19:29:03+08:00
CNINFO-002497-1218483826,2023-12-01,accepted,authoritative_source:true_shorthand_anchored;quantitative_evidence:unverifiable_true_demoted,0c43354a66c9998ff2a99d62e76cf8967ffcafb71fa826c07a51517a5341e04f,lithium-v3-deepseek-v4-flash-predicate-v6-conservative,2026-08-14T19:29:03+08:00
CNINFO-002594-1218498293,2023-12-02,accepted,demand_ev_positive:true_shorthand_anchored;demand_storage_positive:unverifiable_true_demoted;authoritative_source:true_shorthand_anchored;quantitative_evidence:true_shorthand_anchored,9be5231216962374eeb64febec4b3657d90c5f448a26f07022222d28b3b596c9,lithium-v3-deepseek-v4-flash-predicate-v6-conservative,2026-08-14T19:29:03+08:00
CNINFO-300390-1218562450,2023-12-08,accepted,,b8fe39ec990589fc8e00051f659ebb4cb0ee5faf8770329c003d5bcf3a0444e5,lithium-v3-deepseek-v4-flash-predicate-v6-conservative,2026-08-14T19:29:05+08:00
CNINFO-002240-1218593292,2023-12-13,accepted,,c8d8c5091476dec4caec53f16cb51b7778211a8fad9d71216e11566392853f3d,lithium-v3-deepseek-v4-flash-predicate-v6-conservative,2026-08-14T19:29:04+08:00
LC-TEXT-0005,2023-12-15,accepted,,dbf4532fd8cc21114d9727c84665381c370f6f0aa1ddfa81a8ec9ea3e1d9d7ca,lithium-v3-deepseek-v4-flash-predicate-v6-conservative,2026-08-14T19:29:05+08:00
CNINFO-002240-1218645646,2023-12-18,accepted,authoritative_source:true_shorthand_anchored;quantitative_evidence:true_shorthand_anchored,0be9eba66585f4bb74528e6f91d00cfa72d042276c4a7177441ea4dda9caf9a0,lithium-v3-deepseek-v4-flash-predicate-v6-conservative,2026-08-14T19:29:04+08:00
CNINFO-000762-1218653636,2023-12-19,accepted,,820f2ebd0f8259295be0757c0a554031e2e4a87ec005e605c5ff3e64f7b6fd93,lithium-v3-deepseek-v4-flash-predicate-v6-conservative,2026-08-14T19:29:05+08:00
GFEX-WR-20231222,2023-12-22,accepted,warehouse_receipt_increase:true_shorthand_anchored;delivery_pressure:unverifiable_true_demoted;authoritative_source:true_shorthand_anchored;quantitative_evidence:true_shorthand_anchored,e451bafd617552e5e5b889512844c9459d667acceb4053bed520f0d29de17720,lithium-v3-deepseek-v4-flash-predicate-v6-conservative,2026-08-14T19:29:05+08:00
CNINFO-002466-1218706313,2023-12-23,accepted,supply_expansion:quote_replaced_by_rule_anchor,196acd9de4db653493c2e5bde1ec91473f136408c8fcb9e2fc0529bae83f1be8,lithium-v3-deepseek-v4-flash-predicate-v6-conservative,2026-08-14T19:29:06+08:00
GFEX-WR-20231229,2023-12-29,accepted,,d8169e10332254284aa27c5e5324f5af6ac446fd58b294f559310103a8817f41,lithium-v3-deepseek-v4-flash-predicate-v6-conservative,2026-08-14T19:29:06+08:00
CNINFO-002594-1218785061,2024-01-02,accepted,demand_ev_positive:true_shorthand_anchored;demand_storage_positive:unverifiable_true_demoted;authoritative_source:true_shorthand_anchored;quantitative_evidence:true_shorthand_anchored;uncertainty_high:unverifiable_true_demoted,f18113ca901628ea83245b112369d7ce4e4164fb67d623c3852e81ba5ae928c9,lithium-v3-deepseek-v4-flash-predicate-v6-conservative,2026-08-14T19:29:06+08:00
GFEX-WR-20240105,2024-01-05,accepted,warehouse_receipt_increase:true_shorthand_anchored;authoritative_source:true_shorthand_anchored;quantitative_evidence:true_shorthand_anchored,42bde7031c35a4fc7a4eba0eceee4d79c2401b357034382680588903918baa13,lithium-v3-deepseek-v4-flash-predicate-v6-conservative,2026-08-14T19:29:05+08:00
CNINFO-002497-1218858098,2024-01-12,accepted,authoritative_source:true_shorthand_anchored;uncertainty_high:true_shorthand_anchored,8b7279262c698940a32464fcb2e8ae9fecfce5a6ca3ed470f739e38b6c773a32,lithium-v3-deepseek-v4-flash-predicate-v6-conservative,2026-08-14T19:29:06+08:00
GFEX-WR-20240112,2024-01-12,accepted,warehouse_receipt_increase:true_shorthand_anchored;authoritative_source:true_shorthand_anchored;quantitative_evidence:true_shorthand_anchored,bee25e3b589daa85cbd79ed76f7538bfaab7760c698f3ade6cabe72f65649e95,lithium-v3-deepseek-v4-flash-predicate-v6-conservative,2026-08-14T19:29:05+08:00
CNINFO-002460-1218933296,2024-01-18,accepted,supply_expansion:unverifiable_true_demoted;authoritative_source:true_shorthand_anchored;quantitative_evidence:true_shorthand_anchored;uncertainty_high:true_shorthand_anchored,5ce7d55cb4d9861a7652a547b221c89d51a3a76c70b06c0320c087a7a6b958df,lithium-v3-deepseek-v4-flash-predicate-v6-conservative,2026-08-14T19:29:06+08:00
CNINFO-002460-1218944991,2024-01-19,accepted,authoritative_source:true_shorthand_anchored;quantitative_evidence:true_shorthand_anchored;uncertainty_high:true_shorthand_anchored,6b038a143509438b81452eae49a3d9e1f0407c82667ee3a74cb2beb4d5964840,lithium-v3-deepseek-v4-flash-predicate-v6-conservative,2026-08-14T19:29:06+08:00
CNINFO-000762-1219011817,2024-01-27,accepted,,d9b32d2914d87c01c4cae5a9119232270f92ab40e2ff80c6d6111e8dc7abb5a9,lithium-v3-deepseek-v4-flash-predicate-v6-conservative,2026-08-14T19:29:08+08:00
CNINFO-000792-1219011301,2024-01-27,accepted,,978ad23c07ddbe0a1a857a3ba98f8e16ea22717d83d598663a0d278859fc6c09,lithium-v3-deepseek-v4-flash-predicate-v6-conservative,2026-08-14T19:29:07+08:00
CNINFO-002176-1219042708,2024-01-31,accepted,import_supply_pressure:unverifiable_quote_demoted,fb0f4d2a4808f8e8df381069c29fd36e70196b8ae07d17f91f177842858d8458,lithium-v3-deepseek-v4-flash-predicate-v6-conservative,2026-08-14T19:29:08+08:00
CNINFO-002240-1219042589,2024-01-31,accepted,demand_weak_or_price_war:unverifiable_true_demoted;cost_support:unverifiable_true_demoted;authoritative_source:true_shorthand_anchored,67c1092f1602d74de100b7f54e71b3fe009b1630643b101ba7377e9b926cee2e,lithium-v3-deepseek-v4-flash-predicate-v6-conservative,2026-08-14T19:29:06+08:00
CNINFO-002460-1219044219,2024-01-31,accepted,,a40536458a599ddfeb8da0bdb6d67a94f2f0dfab6cce2f7af0d5beace402b743,lithium-v3-deepseek-v4-flash-predicate-v6-conservative,2026-08-14T19:29:08+08:00
CNINFO-002497-1219043653,2024-01-31,accepted,,cf6f47c987f1e72225d3fb994d7ef5000353c9ab3fbe50aab0f43e5428c2e1cf,lithium-v3-deepseek-v4-flash-predicate-v6-conservative,2026-08-14T19:29:08+08:00
CNINFO-300390-1219053089,2024-01-31,accepted,demand_weak_or_price_war:unverifiable_quote_demoted,f4f30b10b32aaf83e60afe623c65805211f7b8adf9efaa9101423d1b17fdc151,lithium-v3-deepseek-v4-flash-predicate-v6-conservative,2026-08-14T19:29:08+08:00
CNINFO-002594-1219066887,2024-02-02,accepted,quantitative_evidence:quote_replaced_by_rule_anchor,0801882873b51497ef2fda95b6a5e0bb80c4c5137849a860d987a7c12c873eca,lithium-v3-deepseek-v4-flash-predicate-v6-conservative,2026-08-14T19:29:09+08:00
CNINFO-002460-1219099255,2024-02-06,accepted,authoritative_source:true_shorthand_anchored;quantitative_evidence:unverifiable_true_demoted,1177d1a8b617010958b515274f9b09532a6613c0d3fe47d3ddd921deed96dd75,lithium-v3-deepseek-v4-flash-predicate-v6-conservative,2026-08-14T19:29:08+08:00
GFEX-WR-20240207,2024-02-07,accepted,warehouse_receipt_increase:true_shorthand_anchored;authoritative_source:true_shorthand_anchored;quantitative_evidence:true_shorthand_anchored,2233213857dddf472a0a35fc5d946b1fee92900b1cd03589654dd5768fcab801,lithium-v3-deepseek-v4-flash-predicate-v6-conservative,2026-08-14T19:29:08+08:00
CNINFO-002240-1219122892,2024-02-08,accepted,supply_expansion:unverifiable_quote_demoted,0e1b824489e558e3406780b3c87b1fcfcf9d458768a2c23c974fb5321661e562,lithium-v3-deepseek-v4-flash-predicate-v6-conservative,2026-08-14T19:29:09+08:00
LC-TEXT-0006,2024-02-20,accepted,demand_ev_positive:unverifiable_true_demoted;demand_weak_or_price_war:unverifiable_true_demoted;authoritative_source:true_shorthand_anchored;quantitative_evidence:true_shorthand_anchored;uncertainty_high:unverifiable_true_demoted,ad76775b1e33d8c64381c0d1c12905362cd4eef0c98289cfebd1c0b66826ad13,lithium-v3-deepseek-v4-flash-predicate-v6-conservative,2026-08-14T19:29:10+08:00
CNINFO-002466-1219143415,2024-02-21,accepted,,6f33538d840fbf75ca185f6b413925910f39fe02aaa5a99f18230d44e0e0adbb,lithium-v3-deepseek-v4-flash-predicate-v6-conservative,2026-08-14T19:29:10+08:00
CNINFO-002594-1219219983,2024-03-02,accepted,demand_weak_or_price_war:unverifiable_quote_demoted,8f4f369feef8c106c8f1c019e48a76c82a1c552c8cc32d470b2f452e00d1bffb,lithium-v3-deepseek-v4-flash-predicate-v6-conservative,2026-08-14T19:29:10+08:00
CNINFO-002176-1219230277,2024-03-05,accepted,authoritative_source:true_shorthand_anchored;quantitative_evidence:true_shorthand_anchored;uncertainty_high:true_shorthand_anchored,a0f68997924e847754e3d24281f7185c91436679f7875507557749ae18544ce4,lithium-v3-deepseek-v4-flash-predicate-v6-conservative,2026-08-14T19:29:09+08:00
CNINFO-002460-1219242382,2024-03-06,accepted,,f2b70344aa11b01f439f1e994744b2c83335b1640a4cd8b686b5972ad9f850e3,lithium-v3-deepseek-v4-flash-predicate-v6-conservative,2026-08-14T19:29:11+08:00
GFEX-WR-20240306,2024-03-06,accepted,inventory_drawdown:unverifiable_true_demoted;warehouse_receipt_decline:true_shorthand_anchored;authoritative_source:true_shorthand_anchored;quantitative_evidence:true_shorthand_anchored,18c0adcd29eb93938a8ad97c38c9139702fb94f0a687b865905fcba924083881,lithium-v3-deepseek-v4-flash-predicate-v6-conservative,2026-08-14T19:29:10+08:00
CNINFO-002497-1219296584,2024-03-13,accepted,,afbe9a4c6b750dc81017c029a62cf19f30b1386b8bb08ad988fc79919a68df41,lithium-v3-deepseek-v4-flash-predicate-v6-conservative,2026-08-14T19:29:11+08:00
CNINFO-002497-1219301007,2024-03-14,accepted,authoritative_source:true_shorthand_anchored;quantitative_evidence:unverifiable_true_demoted;uncertainty_high:true_shorthand_anchored,472982ab5fb59d438ca1199518a18db9b6cc57564f0fffeee77eac2c0e886aec,lithium-v3-deepseek-v4-flash-predicate-v6-conservative,2026-08-14T19:29:10+08:00
CNINFO-300390-1219330639,2024-03-18,accepted,authoritative_source:true_shorthand_anchored;quantitative_evidence:unverifiable_true_demoted,55be150fb617b4e6c5f323871e682d873e88ba1f42000b640ff860474513187d,lithium-v3-deepseek-v4-flash-predicate-v6-conservative,2026-08-14T19:29:10+08:00
CNINFO-002466-1219347936,2024-03-20,accepted,authoritative_source:true_shorthand_anchored;quantitative_evidence:true_shorthand_anchored;uncertainty_high:true_shorthand_anchored,d3e2afd8cf8399b21d5bcdc7ce5046d638783518c6cc9e55a057893e8eaecaa0,lithium-v3-deepseek-v4-flash-predicate-v6-conservative,2026-08-14T19:29:12+08:00
GFEX-WR-20240325,2024-03-25,accepted,,540017573b9c82d2742f98b554ce7f9989f09ba3d66cf46a79d80573b43d491d,lithium-v3-deepseek-v4-flash-predicate-v6-conservative,2026-08-14T19:29:12+08:00
CNINFO-002460-1219401841,2024-03-26,accepted,supply_expansion:unverifiable_true_demoted;authoritative_source:true_shorthand_anchored;quantitative_evidence:true_shorthand_anchored;uncertainty_high:true_shorthand_anchored,fee181376ff2160dd57fa719e61348a1eb95d60ac00826f65aa23b31825360e1,lithium-v3-deepseek-v4-flash-predicate-v6-conservative,2026-08-14T19:29:12+08:00
CNINFO-002240-1219425393,2024-03-28,accepted,,243723a2b5e1f2f11fc086bfee6c30814e2ef931de8a6062aba9ed3c7ea2171a,lithium-v3-deepseek-v4-flash-predicate-v6-conservative,2026-08-14T19:29:12+08:00
CNINFO-002466-1219430718,2024-03-28,accepted,authoritative_source:true_shorthand_anchored;quantitative_evidence:unverifiable_true_demoted,916dbb3fe289066f07f20c74bac2d11ee632de58120cf7155ffb3b14560d0a4b,lithium-v3-deepseek-v4-flash-predicate-v6-conservative,2026-08-14T19:29:11+08:00
GFEX-WR-20240328,2024-03-28,accepted,,01a6489b65c33c6bb1d27b295ac07a35d1f28b3ad3af1a13e6c0f1b05f4d9f24,lithium-v3-deepseek-v4-flash-predicate-v6-conservative,2026-08-14T19:29:12+08:00
GFEX-WR-20240329,2024-03-29,accepted,warehouse_receipt_decline:true_shorthand_anchored;authoritative_source:true_shorthand_anchored;quantitative_evidence:true_shorthand_anchored,5247c3fa7b25daf314052822bc525423e0e71b6ef345e32a70809a699c9f389c,lithium-v3-deepseek-v4-flash-predicate-v6-conservative,2026-08-14T19:29:11+08:00
GFEX-WR-20240401,2024-04-01,accepted,inventory_build:unverifiable_true_demoted;warehouse_receipt_increase:true_shorthand_anchored;authoritative_source:true_shorthand_anchored;quantitative_evidence:true_shorthand_anchored,b5046255d29e64e7a290667b98fe1450b254cd2f2f78151e5a98c6085be1763d,lithium-v3-deepseek-v4-flash-predicate-v6-conservative,2026-08-14T19:29:12+08:00
CNINFO-002594-1219491915,2024-04-02,accepted,demand_ev_positive:true_shorthand_anchored;demand_storage_positive:unverifiable_true_demoted;authoritative_source:true_shorthand_anchored;quantitative_evidence:true_shorthand_anchored,629fd113c300ae531a5951606ad3e65b3193dee411f49704ab1f35260fa60a42,lithium-v3-deepseek-v4-flash-predicate-v6-conservative,2026-08-14T19:29:17+08:00
CNINFO-002738-1219491527,2024-04-02,accepted,,f59ac15c1d25299e54d8605ff4c5b5d65a81fbc897880cc7314c73eb2821a9ed,lithium-v3-deepseek-v4-flash-predicate-v6-conservative,2026-08-14T19:29:13+08:00
GFEX-WR-20240402,2024-04-02,accepted,warehouse_receipt_increase:true_shorthand_anchored;authoritative_source:true_shorthand_anchored;quantitative_evidence:true_shorthand_anchored,d7c69179427697a2e3f4db0ebeffb2ed80c75c94b2354b4aac1030d39a335a0b,lithium-v3-deepseek-v4-flash-predicate-v6-conservative,2026-08-14T19:29:12+08:00
LC-TEXT-0007,2024-04-02,accepted,,03c2ada44997b713982094ea9289845f31774d33bf2e099b15a01b6bdc9a443f,lithium-v3-deepseek-v4-flash-predicate-v6-conservative,2026-08-14T19:29:13+08:00
GFEX-WR-20240403,2024-04-03,accepted,warehouse_receipt_increase:true_shorthand_anchored;authoritative_source:true_shorthand_anchored;quantitative_evidence:true_shorthand_anchored,24755427343dcb261342656782d80360b3b77d0ee098d8952255c8260b3c48d1,lithium-v3-deepseek-v4-flash-predicate-v6-conservative,2026-08-14T19:29:14+08:00
GFEX-WR-20240408,2024-04-08,accepted,warehouse_receipt_increase:true_shorthand_anchored;authoritative_source:true_shorthand_anchored;quantitative_evidence:true_shorthand_anchored,941d24ba80801704b2e7b2b2d889539c981047eb3fe1b19b9d1a4c4b4ec73e37,lithium-v3-deepseek-v4-flash-predicate-v6-conservative,2026-08-14T19:29:13+08:00
GFEX-WR-20240409,2024-04-09,accepted,warehouse_receipt_increase:true_shorthand_anchored;authoritative_source:true_shorthand_anchored;quantitative_evidence:true_shorthand_anchored,3d00366e0b0f408b3298e3bff9c00ea7e5552c0288b4fbbc2fdf624fba21bc41,lithium-v3-deepseek-v4-flash-predicate-v6-conservative,2026-08-14T19:29:13+08:00
GFEX-WR-20240411,2024-04-11,accepted,,2513d297eda9c7b793cf471de725441abdf44105540d3eb14b22913b7260e7c1,lithium-v3-deepseek-v4-flash-predicate-v6-conservative,2026-08-14T19:29:14+08:00
GFEX-WR-20240416,2024-04-16,accepted,warehouse_receipt_increase:true_shorthand_anchored;authoritative_source:true_shorthand_anchored;quantitative_evidence:true_shorthand_anchored,ec226504d79d80a22a00a0991466576aa8ea260e2b0bc15353abf20ad7f82d14,lithium-v3-deepseek-v4-flash-predicate-v6-conservative,2026-08-14T19:29:14+08:00
CNINFO-002466-1219771342,2024-04-24,accepted,authoritative_source:true_shorthand_anchored,6454131071fa9311f9c0582c39a702acf07a53aae59282e152b2dcc7619b40db,lithium-v3-deepseek-v4-flash-predicate-v6-conservative,2026-08-14T19:29:14+08:00
CNINFO-300390-1219770187,2024-04-24,accepted,authoritative_source:true_shorthand_anchored;uncertainty_high:true_shorthand_anchored,100839899dac43ef4b7b8019b6ff4a5ee198d5bbeef8c05cf658179af1e278f6,lithium-v3-deepseek-v4-flash-predicate-v6-conservative,2026-08-14T19:29:14+08:00
CNINFO-002497-1219832476,2024-04-26,accepted,,e34346479b35b7abbcced14666705f1e23db7c8d5f3005a7c438e20df1e3f148,lithium-v3-deepseek-v4-flash-predicate-v6-conservative,2026-08-14T19:29:15+08:00
CNINFO-002738-1219841869,2024-04-26,accepted,authoritative_source:true_shorthand_anchored;uncertainty_high:true_shorthand_anchored,84802126533ccf5a65ec5972c5ab42826717109cb2c84c7cc468c69f10eabb94,lithium-v3-deepseek-v4-flash-predicate-v6-conservative,2026-08-14T19:29:14+08:00
CNINFO-002738-1219841871,2024-04-26,accepted,supply_expansion:unverifiable_true_demoted;authoritative_source:true_shorthand_anchored;quantitative_evidence:true_shorthand_anchored;uncertainty_high:true_shorthand_anchored,d100c5cbc497e5878966460cba4e8df83bc89fcbafa9333feae7af3774bbaf89,lithium-v3-deepseek-v4-flash-predicate-v6-conservative,2026-08-14T19:29:15+08:00
CNINFO-002176-1219864608,2024-04-29,accepted,,9de18fdd396e70e5995e5bd6a616e8657de1ef0ec66e7b192bc5710d154d0484,lithium-v3-deepseek-v4-flash-predicate-v6-conservative,2026-08-14T19:29:16+08:00
CNINFO-002756-1219908495,2024-04-30,accepted,authoritative_source:true_shorthand_anchored;quantitative_evidence:unverifiable_true_demoted;uncertainty_high:true_shorthand_anchored,45b67112b85d394638cefcf74fe11f8b8d5d603037ab0774c87d6d101b566f84,lithium-v3-deepseek-v4-flash-predicate-v6-conservative,2026-08-14T19:29:16+08:00
CNINFO-002594-1219973138,2024-05-06,accepted,,0e9d08af5fe28ae5842f6614a4adb90486cfcceb9651d5b57316d823fc80650a,lithium-v3-deepseek-v4-flash-predicate-v6-conservative,2026-08-14T19:29:17+08:00
CNINFO-002460-1219998128,2024-05-08,accepted,uncertainty_high:quote_replaced_by_rule_anchor,8dfa071098667cb39d0455f112253814bf8db572cbfdf10e80ba9e517e8715e4,lithium-v3-deepseek-v4-flash-predicate-v6-conservative,2026-08-14T19:29:16+08:00
GFEX-WR-20240508,2024-05-08,accepted,warehouse_receipt_increase:true_shorthand_anchored;authoritative_source:true_shorthand_anchored;quantitative_evidence:true_shorthand_anchored,d1f369c25a52d881c9461e67bdbc9a3f8b85e0de8e0496ce56cabfa009e4c334,lithium-v3-deepseek-v4-flash-predicate-v6-conservative,2026-08-14T19:29:16+08:00
CNINFO-002176-1220039679,2024-05-14,accepted,quantitative_evidence:quote_replaced_by_rule_anchor,540242181b1ed26b0bb49afda1f1cbc87fd487ba3f4d663a94951fddea07f73a,lithium-v3-deepseek-v4-flash-predicate-v6-conservative,2026-08-14T19:29:17+08:00
LC-TEXT-0008,2024-05-15,accepted,demand_ev_positive:true_shorthand_anchored;policy_demand_support:true_shorthand_anchored;authoritative_source:true_shorthand_anchored;quantitative_evidence:unverifiable_true_demoted,78e8e2d17416a501a10395a8bb298526bba2d4bbdf6e4105c970d367bded4c0c,lithium-v3-deepseek-v4-flash-predicate-v6-conservative,2026-08-14T19:29:16+08:00
CNINFO-002497-1220173618,2024-05-28,accepted,authoritative_source:true_shorthand_anchored;quantitative_evidence:true_shorthand_anchored;uncertainty_high:true_shorthand_anchored,8f3f201ed47d18441a2c116cf0dc11ecc339ec10895a61677667c7688eae48ee,lithium-v3-deepseek-v4-flash-predicate-v6-conservative,2026-08-14T19:29:17+08:00
CNINFO-002466-1220237440,2024-06-03,accepted,supply_expansion:unverifiable_quote_demoted;quantitative_evidence:quote_replaced_by_rule_anchor;uncertainty_high:quote_replaced_by_rule_anchor,893d0453bb4f5b6c14b55c0ec53a251083c12d82f5876d646387ae22834f8a99,lithium-v3-deepseek-v4-flash-predicate-v6-conservative,2026-08-14T19:29:17+08:00
CNINFO-002594-1220237186,2024-06-03,accepted,demand_ev_positive:quote_replaced_by_rule_anchor;quantitative_evidence:quote_replaced_by_rule_anchor,36b55992df0407504d1114b5a610290141f97522a15095a2587edaf50364852e,lithium-v3-deepseek-v4-flash-predicate-v6-conservative,2026-08-14T19:29:22+08:00
GFEX-WR-20240603,2024-06-03,accepted,warehouse_receipt_increase:true_shorthand_anchored;delivery_pressure:unverifiable_true_demoted;authoritative_source:true_shorthand_anchored;quantitative_evidence:true_shorthand_anchored,79fa0a9e84451c005f15c80e80b8bf5ffaeadf6aa2599a70b62183908dfbb71e,lithium-v3-deepseek-v4-flash-predicate-v6-conservative,2026-08-14T19:29:18+08:00
GFEX-WR-20240605,2024-06-05,accepted,,9c00406f9474188c1fbe87d2af0c70a8dd95e96581fec355a3701f5d42d7d0ec,lithium-v3-deepseek-v4-flash-predicate-v6-conservative,2026-08-14T19:29:18+08:00
CNINFO-002466-1220402634,2024-06-20,accepted,authoritative_source:true_shorthand_anchored;quantitative_evidence:true_shorthand_anchored;uncertainty_high:true_shorthand_anchored,7989c91177c741f35f8c161db1de5123f302bd52e93b05d264153463d7e00fe0,lithium-v3-deepseek-v4-flash-predicate-v6-conservative,2026-08-14T19:29:17+08:00
CNINFO-002497-1220401652,2024-06-20,accepted,,faafaf8458e778c67a09a6ee1c2ad7f5b61074a81bebf6de99c6314319443a26,lithium-v3-deepseek-v4-flash-predicate-v6-conservative,2026-08-14T19:29:19+08:00
CNINFO-002756-1220425354,2024-06-22,accepted,,9b3fec02e519e0eb4cd2906cff842980ffa4826117dcda802b239fade072a4e0,lithium-v3-deepseek-v4-flash-predicate-v6-conservative,2026-08-14T19:29:19+08:00
CNINFO-000762-1220505656,2024-07-01,accepted,supply_expansion:unverifiable_true_demoted;authoritative_source:true_shorthand_anchored;quantitative_evidence:unverifiable_true_demoted;uncertainty_high:unverifiable_true_demoted,80f96928468bd18f4f0f2d1a30b5cf763db9823725fed3507ac09ea3c1c53cd2,lithium-v3-deepseek-v4-flash-predicate-v6-conservative,2026-08-14T19:29:19+08:00
CNINFO-002594-1220512819,2024-07-02,accepted,demand_ev_positive:quote_replaced_by_rule_anchor,08dab2d94b1b1c33fb49ed48d4deb017c71204982f9c96ff0954044197ac77a4,lithium-v3-deepseek-v4-flash-predicate-v6-conservative,2026-08-14T19:29:21+08:00
GFEX-WR-20240704,2024-07-04,accepted,,007c6e654978365e819b202b6608323bc7dd687d68298f31e74e085bcedc54d9,lithium-v3-deepseek-v4-flash-predicate-v6-conservative,2026-08-14T19:29:19+08:00
CNINFO-002460-1220542580,2024-07-06,accepted,,87a6117d572fd377509ab2ea6bdfa871b1f88c700750301f40bfcdebec24b642,lithium-v3-deepseek-v4-flash-predicate-v6-conservative,2026-08-14T19:29:20+08:00
GFEX-WR-20240708,2024-07-08,accepted,warehouse_receipt_increase:true_shorthand_anchored;authoritative_source:true_shorthand_anchored;quantitative_evidence:true_shorthand_anchored,12413c6ea192ed8ef1e4618792e198f33e67183494bf542640d6004cf951ad27,lithium-v3-deepseek-v4-flash-predicate-v6-conservative,2026-08-14T19:29:19+08:00
CNINFO-000762-1220589658,2024-07-10,accepted,,e23311a01f5c4558f665d97fb63bf72385d30ed6bc49241d0d0568c6bf75f9bb,lithium-v3-deepseek-v4-flash-predicate-v6-conservative,2026-08-14T19:29:20+08:00
CNINFO-000792-1220588490,2024-07-10,accepted,demand_weak_or_price_war:unverifiable_true_demoted;authoritative_source:true_shorthand_anchored;quantitative_evidence:true_shorthand_anchored,0d397e802612998494be50fe55c558523f6500a59d5b77e991dbdde8872a7c92,lithium-v3-deepseek-v4-flash-predicate-v6-conservative,2026-08-14T19:29:19+08:00
CNINFO-002176-1220587120,2024-07-10,accepted,authoritative_source:true_shorthand_anchored;quantitative_evidence:true_shorthand_anchored;uncertainty_high:true_shorthand_anchored,d1492c3ccc0bd7a98f1eda1acd02154e0eba427859ca7ccd8843a24ea776e9db,lithium-v3-deepseek-v4-flash-predicate-v6-conservative,2026-08-14T19:29:20+08:00
CNINFO-002460-1220590149,2024-07-10,accepted,,130a6f6457b9e6446aaec8c053cfae5be0c269361fc88df95206072810b9d138,lithium-v3-deepseek-v4-flash-predicate-v6-conservative,2026-08-14T19:29:21+08:00
CNINFO-002466-1220590042,2024-07-10,accepted,supply_expansion:unverifiable_true_demoted;authoritative_source:true_shorthand_anchored;quantitative_evidence:unverifiable_true_demoted,1942788df650fd51bc49098f59ee1d4b214624e0c0d8fdb2c7c3eab95c634031,lithium-v3-deepseek-v4-flash-predicate-v6-conservative,2026-08-14T19:29:21+08:00
CNINFO-002756-1220589339,2024-07-10,accepted,,2bf0eb461f1904253bd7e883575aed9c987b6a6a67985ae0f5c8676457fb1a63,lithium-v3-deepseek-v4-flash-predicate-v6-conservative,2026-08-14T19:29:21+08:00
CNINFO-002240-1220602374,2024-07-11,accepted,demand_weak_or_price_war:unverifiable_true_demoted;authoritative_source:true_shorthand_anchored,6da8b3268c6b82f6c16067c4b2e2ae629bec3d656fc7e1cba564caf6e594cbb3,lithium-v3-deepseek-v4-flash-predicate-v6-conservative,2026-08-14T19:29:22+08:00
CNINFO-002497-1220603707,2024-07-11,accepted,uncertainty_high:quote_replaced_by_rule_anchor,4e717f7dbf6affa9ce68ab915d7789d0c6f6e12f940cd949270889ba97c5c48e,lithium-v3-deepseek-v4-flash-predicate-v6-conservative,2026-08-14T19:29:22+08:00
GFEX-WR-20240717,2024-07-17,accepted,,9ed542cdf3e10e1dc46dd654605697f191ee5fbfb90242990d70edee244e8a28,lithium-v3-deepseek-v4-flash-predicate-v6-conservative,2026-08-14T19:29:21+08:00
GFEX-WR-20240719,2024-07-19,accepted,,b1c6bb958abab5a5db63cd95d6fa899e7391f216f99bcf7407be00891e39e55f,lithium-v3-deepseek-v4-flash-predicate-v6-conservative,2026-08-14T19:29:22+08:00
GFEX-WR-20240723,2024-07-23,accepted,,6b8056aacd2b4d0b5d9557312a6c6105d3a694ba8c065e26c53ca9ec86777fb4,lithium-v3-deepseek-v4-flash-predicate-v6-conservative,2026-08-14T19:29:22+08:00
GFEX-WR-20240729,2024-07-29,accepted,warehouse_receipt_decline:true_shorthand_anchored;authoritative_source:true_shorthand_anchored;quantitative_evidence:true_shorthand_anchored,6ba61eb9771f5e5edcb9ab237df229a8655a6b36847e26289783d459096b6613,lithium-v3-deepseek-v4-flash-predicate-v6-conservative,2026-08-14T19:29:21+08:00
GFEX-WR-20240730,2024-07-30,accepted,,b6a2c525043ef238b5d9742e6460380d42fce2f1cae74c64231e5c6080295c80,lithium-v3-deepseek-v4-flash-predicate-v6-conservative,2026-08-14T19:29:22+08:00
GFEX-WR-20240731,2024-07-31,accepted,warehouse_receipt_decline:true_shorthand_anchored;authoritative_source:true_shorthand_anchored;quantitative_evidence:true_shorthand_anchored,fb70646f005f855002f334e624860f4fdabde0f7ce515bbc664649ab26fa3acf,lithium-v3-deepseek-v4-flash-predicate-v6-conservative,2026-08-14T19:29:23+08:00
GFEX-WR-20240801,2024-08-01,accepted,inventory_build:unverifiable_true_demoted;warehouse_receipt_increase:true_shorthand_anchored;delivery_pressure:unverifiable_true_demoted;authoritative_source:true_shorthand_anchored;quantitative_evidence:true_shorthand_anchored,445e4b0c2c6941c2d1d5348da6863aa95ab1d82446a6c2933fa5023ec0bf833f,lithium-v3-deepseek-v4-flash-predicate-v6-conservative,2026-08-14T19:29:23+08:00
CNINFO-002594-1220779562,2024-08-02,accepted,demand_ev_positive:quote_replaced_by_rule_anchor;quantitative_evidence:quote_replaced_by_rule_anchor,e23c926d16e72064b61ca08f6ca0c46369edc407de4ed41789a47a44c6a01378,lithium-v3-deepseek-v4-flash-predicate-v6-conservative,2026-08-14T19:29:24+08:00
GFEX-WR-20240802,2024-08-02,accepted,inventory_build:unverifiable_true_demoted;warehouse_receipt_increase:true_shorthand_anchored;authoritative_source:true_shorthand_anchored;quantitative_evidence:true_shorthand_anchored,6b8b394b0f402de82228b3c104e8811f86cce956a99aa6a3ed0694b53fdd679a,lithium-v3-deepseek-v4-flash-predicate-v6-conservative,2026-08-14T19:29:23+08:00
GFEX-WR-20240805,2024-08-05,accepted,warehouse_receipt_increase:true_shorthand_anchored;authoritative_source:true_shorthand_anchored;quantitative_evidence:true_shorthand_anchored,f7879ef0699df2ca90a2911ce4ff673618de0463acc612b5ca01490a51e7d2bc,lithium-v3-deepseek-v4-flash-predicate-v6-conservative,2026-08-14T19:29:23+08:00
GFEX-WR-20240806,2024-08-06,accepted,,5da60f9ca26cdc71ea12ab4d54066326a0dfbe66475e3037fe912852188165fc,lithium-v3-deepseek-v4-flash-predicate-v6-conservative,2026-08-14T19:29:24+08:00
GFEX-WR-20240807,2024-08-07,accepted,warehouse_receipt_increase:true_shorthand_anchored;authoritative_source:true_shorthand_anchored;quantitative_evidence:true_shorthand_anchored,defaec3fe869cd3aecca4b9b686233ac9f5e942d8839b9544b91e2377a2bdbef,lithium-v3-deepseek-v4-flash-predicate-v6-conservative,2026-08-14T19:29:23+08:00
GFEX-WR-20240812,2024-08-12,accepted,warehouse_receipt_increase:true_shorthand_anchored;authoritative_source:true_shorthand_anchored;quantitative_evidence:true_shorthand_anchored,121444bba20376c5a3dd3deea79f6a77ae01264f7cb53dea9e87d0c28915db9d,lithium-v3-deepseek-v4-flash-predicate-v6-conservative,2026-08-14T19:29:24+08:00
LC-TEXT-0009,2024-08-16,accepted,supply_expansion:unverifiable_true_demoted;demand_ev_positive:unverifiable_true_demoted;demand_storage_positive:unverifiable_true_demoted;policy_demand_support:unverifiable_true_demoted;authoritative_source:true_shorthand_anchored;quantitative_evidence:true_shorthand_anchored,f44fb17f1ad87137002f2392840a18ea295881cf12ee2aedc0defe04024f2569,lithium-v3-deepseek-v4-flash-predicate-v6-conservative,2026-08-14T19:29:23+08:00
CNINFO-002460-1220895995,2024-08-17,accepted,,2036a6e4a477e2a14d6b03ce080184fb1840a2e89a2fad78644c3bf3d2081c4c,lithium-v3-deepseek-v4-flash-predicate-v6-conservative,2026-08-14T19:29:25+08:00
GFEX-WR-20240821,2024-08-21,accepted,,72f7f3380ce8b6268e650d17ae5b86bdd7c0fff2d37898d09f77bd64cc5799e5,lithium-v3-deepseek-v4-flash-predicate-v6-conservative,2026-08-14T19:29:24+08:00
GFEX-WR-20240823,2024-08-23,accepted,,17939bedec89a63e2a3ae66f41bac4207b9d8b52ad4ebad65db620dc53c3809e,lithium-v3-deepseek-v4-flash-predicate-v6-conservative,2026-08-14T19:29:24+08:00
GFEX-WR-20240827,2024-08-27,accepted,,43f11f85ddfe6b193ae9faffe4d14743ddf18ae40d0822dfe98b2bf8a2a77bd2,lithium-v3-deepseek-v4-flash-predicate-v6-conservative,2026-08-14T19:29:25+08:00
CNINFO-002497-1221049752,2024-08-30,accepted,,1fd8ad87e35bc3a78716d9437839fa9c519bbb2e0df97308a7fabe5f606161e4,lithium-v3-deepseek-v4-flash-predicate-v6-conservative,2026-08-14T19:29:25+08:00
GFEX-WR-20240830,2024-08-30,accepted,warehouse_receipt_increase:true_shorthand_anchored;authoritative_source:true_shorthand_anchored;quantitative_evidence:true_shorthand_anchored,ef2414118928dccbebf59a0f9a0805ff317919287c610639de0742ee56097f3a,lithium-v3-deepseek-v4-flash-predicate-v6-conservative,2026-08-14T19:29:26+08:00
CNINFO-002594-1221107186,2024-09-02,accepted,,322c92150f71b986ab269d3bb33e1615007fd0d270e8ca2824365f39cb6f1157,lithium-v3-deepseek-v4-flash-predicate-v6-conservative,2026-08-14T19:29:27+08:00
GFEX-WR-20240904,2024-09-04,accepted,warehouse_receipt_increase:true_shorthand_anchored;authoritative_source:true_shorthand_anchored;quantitative_evidence:true_shorthand_anchored,88e8f68af5459ce4a36c9c3a6643ed382f8387e7bd8a89c4d91f37ad32285089,lithium-v3-deepseek-v4-flash-predicate-v6-conservative,2026-08-14T19:29:25+08:00
CNINFO-002497-1221137985,2024-09-05,accepted,supply_expansion:true_shorthand_anchored;authoritative_source:true_shorthand_anchored;quantitative_evidence:true_shorthand_anchored,85375bc237eb23a713070a9d2ed9768ed52ac427f8fd61cc351cac641f09f4ad,lithium-v3-deepseek-v4-flash-predicate-v6-conservative,2026-08-14T19:29:26+08:00
GFEX-WR-20240912,2024-09-12,accepted,,560e08672800cba0f20a39b47b1fe8d472ea32e616540523c2a550c197a04a34,lithium-v3-deepseek-v4-flash-predicate-v6-conservative,2026-08-14T19:29:26+08:00
CNINFO-002594-1221336622,2024-10-08,accepted,demand_ev_positive:true_shorthand_anchored;demand_storage_positive:unverifiable_true_demoted;authoritative_source:true_shorthand_anchored;quantitative_evidence:true_shorthand_anchored,33688d3d4f8a8a8236e463948afd88256f934db693786302cb845a46a713d188,lithium-v3-deepseek-v4-flash-predicate-v6-conservative,2026-08-14T19:29:29+08:00
GFEX-WR-20241008,2024-10-08,accepted,warehouse_receipt_increase:true_shorthand_anchored;authoritative_source:true_shorthand_anchored;quantitative_evidence:true_shorthand_anchored,45e876473e74641fd28a8272b306982482b84e763a8f747be0982eb1e5ca5905,lithium-v3-deepseek-v4-flash-predicate-v6-conservative,2026-08-14T19:29:26+08:00
CNINFO-002460-1221360099,2024-10-11,accepted,authoritative_source:true_shorthand_anchored,a3c333e7ab45d8c5adf9b7d7fea29b708beed84f20ef4553111c010d72bcf184,lithium-v3-deepseek-v4-flash-predicate-v6-conservative,2026-08-14T19:29:27+08:00
GFEX-WR-20241014,2024-10-14,accepted,warehouse_receipt_increase:true_shorthand_anchored;authoritative_source:true_shorthand_anchored;quantitative_evidence:true_shorthand_anchored,ac9760563d92e11f0d849f038c26ec23fbb25594b2d6d0a5e30149972a137037,lithium-v3-deepseek-v4-flash-predicate-v6-conservative,2026-08-14T19:29:26+08:00
CNINFO-002240-1221418596,2024-10-18,accepted,,518e5c5e79cb5445dd9fa1a0f15e3404bfb16a808cf7afc5cda3521ed1a396e1,lithium-v3-deepseek-v4-flash-predicate-v6-conservative,2026-08-14T19:29:28+08:00
GFEX-WR-20241021,2024-10-21,accepted,,f9d1543daacecfabd5243fa94df40bb4812dcda6efa06ff7ef0f2f61f2225d1a,lithium-v3-deepseek-v4-flash-predicate-v6-conservative,2026-08-14T19:29:27+08:00
CNINFO-002240-1221452426,2024-10-22,accepted,quantitative_evidence:quote_replaced_by_rule_anchor,d3b07c6138b9330659acb492c43dc530c9e3998ec2ec56c23ff2bdb07479005f,lithium-v3-deepseek-v4-flash-predicate-v6-conservative,2026-08-14T19:29:28+08:00
CNINFO-002466-1221508432,2024-10-25,accepted,inventory_drawdown:unverifiable_quote_demoted,845fea1f7cd963bf365df348be9ca3aedf2c08f364113b2aea9ad0aad284829c,lithium-v3-deepseek-v4-flash-predicate-v6-conservative,2026-08-14T19:29:28+08:00
CNINFO-002466-1221575510,2024-10-31,accepted,,3351266bb29569e6bdd592ba6844708e151a2e46bf6a634b2109962306e06aa2,lithium-v3-deepseek-v4-flash-predicate-v6-conservative,2026-08-14T19:29:28+08:00
CNINFO-002594-1221604106,2024-11-02,accepted,demand_ev_positive:true_shorthand_anchored;demand_storage_positive:unverifiable_true_demoted;authoritative_source:true_shorthand_anchored;quantitative_evidence:true_shorthand_anchored;uncertainty_high:unverifiable_true_demoted,2747a8b47499f36caa76e4485c72a93e651aadb68119d82d2893538a54716724,lithium-v3-deepseek-v4-flash-predicate-v6-conservative,2026-08-14T19:29:32+08:00
GFEX-WR-20241104,2024-11-04,accepted,,abe6f9f35a851400b89442449d757d0b4cb355d21b1d8206603492c8c8ddef2d,lithium-v3-deepseek-v4-flash-predicate-v6-conservative,2026-08-14T19:29:28+08:00
GFEX-WR-20241105,2024-11-05,accepted,,d797ade85d7d29e6444f8e1569c8368b77f967ca233b0cc083efb06462cd3dff,lithium-v3-deepseek-v4-flash-predicate-v6-conservative,2026-08-14T19:29:29+08:00
GFEX-WR-20241111,2024-11-11,accepted,,8187744f939173d25466a449452c55d90dd18af331679da758f9d80dabfd285e,lithium-v3-deepseek-v4-flash-predicate-v6-conservative,2026-08-14T19:29:29+08:00
GFEX-WR-20241113,2024-11-13,accepted,warehouse_receipt_increase:true_shorthand_anchored;authoritative_source:true_shorthand_anchored;quantitative_evidence:true_shorthand_anchored,07f3913595cf70540056ac4f37f3f2d2745b91d360b5f531040fb269f1598753,lithium-v3-deepseek-v4-flash-predicate-v6-conservative,2026-08-14T19:29:28+08:00
GFEX-WR-20241118,2024-11-18,accepted,warehouse_receipt_increase:true_shorthand_anchored;authoritative_source:true_shorthand_anchored;quantitative_evidence:true_shorthand_anchored,c882c27e66d7a83a0e3373efe76d7908704dfa34735f396bd5bf28a93b389b22,lithium-v3-deepseek-v4-flash-predicate-v6-conservative,2026-08-14T19:29:28+08:00
CNINFO-300390-1221777100,2024-11-19,accepted,,f7f89d34c4b33cda654f380260c056b98b887c2abf019c558a2ed2955ccda1e8,lithium-v3-deepseek-v4-flash-predicate-v6-conservative,2026-08-14T19:29:30+08:00
CNINFO-300390-1221777102,2024-11-19,accepted,supply_expansion:unverifiable_true_demoted;authoritative_source:true_shorthand_anchored;uncertainty_high:true_shorthand_anchored,752c083022da0943943fed54953fec616a903bfbbb31344f44b5fb19a8459de5,lithium-v3-deepseek-v4-flash-predicate-v6-conservative,2026-08-14T19:29:31+08:00
CNINFO-300390-1221854244,2024-11-26,accepted,,95388bdf66fc9f779f239d6aeef8caf57eb6250f85af826dfe010a58341b90fc,lithium-v3-deepseek-v4-flash-predicate-v6-conservative,2026-08-14T19:29:30+08:00
GFEX-WR-20241127,2024-11-27,accepted,,ac1b86acb07c2f31688a34d93d0f26e9a280064bd3c3b44ca4c4024dd474c058,lithium-v3-deepseek-v4-flash-predicate-v6-conservative,2026-08-14T19:29:30+08:00
CNINFO-000408-1221866723,2024-11-28,accepted,delivery_pressure:unverifiable_true_demoted;authoritative_source:true_shorthand_anchored;quantitative_evidence:unverifiable_true_demoted,72733579def0768aa3bf86b6e1d8f33e511cb35d251847a460ed74da904ca4ac,lithium-v3-deepseek-v4-flash-predicate-v6-conservative,2026-08-14T19:29:31+08:00
CNINFO-002176-1221866003,2024-11-28,accepted,authoritative_source:quote_replaced_by_rule_anchor,eda7f7e37644ec657c0e815b783b1236ef948dc66b49e1306910bd5246aa04bf,lithium-v3-deepseek-v4-flash-predicate-v6-conservative,2026-08-14T19:29:31+08:00
CNINFO-002497-1221866074,2024-11-28,accepted,authoritative_source:true_shorthand_anchored;quantitative_evidence:unverifiable_true_demoted,6ec90b674f58a5847ea0a159aa84be3beac4ce2adc054301f8398d683a91903e,lithium-v3-deepseek-v4-flash-predicate-v6-conservative,2026-08-14T19:29:30+08:00
GFEX-WR-20241129,2024-11-29,accepted,warehouse_receipt_decline:true_shorthand_anchored;authoritative_source:true_shorthand_anchored;quantitative_evidence:true_shorthand_anchored,52d725c7375b813ff9ad14f9f47023a926168d505db7ef45a1b1c9a52b44bead,lithium-v3-deepseek-v4-flash-predicate-v6-conservative,2026-08-14T19:29:31+08:00
CNINFO-002594-1221902564,2024-12-02,accepted,demand_ev_positive:true_shorthand_anchored;demand_storage_positive:unverifiable_true_demoted;authoritative_source:true_shorthand_anchored;quantitative_evidence:true_shorthand_anchored,866ad3e951d3883d28e0e89e5805851d092c7d31e86fb4c8f64894e3fe570256,lithium-v3-deepseek-v4-flash-predicate-v6-conservative,2026-08-14T19:29:31+08:00
CNINFO-300390-1221902856,2024-12-02,accepted,,e65e06557ed272964d6e20579808c54f1d8d323f806c0bdf1d974fafbfc8765a,lithium-v3-deepseek-v4-flash-predicate-v6-conservative,2026-08-14T19:29:31+08:00
GFEX-WR-20241202,2024-12-02,accepted,warehouse_receipt_increase:true_shorthand_anchored;authoritative_source:true_shorthand_anchored;quantitative_evidence:true_shorthand_anchored,cffb0dcfbde1bfecc14213d8c09dd84b4d46ea7af6c99b65ad60bec5ec45eb0c,lithium-v3-deepseek-v4-flash-predicate-v6-conservative,2026-08-14T19:29:30+08:00
GFEX-WR-20241204,2024-12-04,accepted,warehouse_receipt_increase:true_shorthand_anchored;authoritative_source:true_shorthand_anchored;quantitative_evidence:true_shorthand_anchored,a4894a13de79f92f3b0cec879a11654ba3046ba8a662cbc5987546d0529b7f7e,lithium-v3-deepseek-v4-flash-predicate-v6-conservative,2026-08-14T19:29:32+08:00
GFEX-WR-20241205,2024-12-05,accepted,warehouse_receipt_increase:true_shorthand_anchored;authoritative_source:true_shorthand_anchored;quantitative_evidence:true_shorthand_anchored,d784c8a25f13d998160d770eee07dfcaa60c1a792bf29f472df227be9938db6d,lithium-v3-deepseek-v4-flash-predicate-v6-conservative,2026-08-14T19:29:32+08:00
CNINFO-002460-1221941167,2024-12-06,accepted,,37769ffee58c8714d0f790eb642d01150582f56c6ed2400d2082ac5e761266b7,lithium-v3-deepseek-v4-flash-predicate-v6-conservative,2026-08-14T19:29:33+08:00
GFEX-WR-20241206,2024-12-06,accepted,warehouse_receipt_increase:true_shorthand_anchored;authoritative_source:true_shorthand_anchored;quantitative_evidence:true_shorthand_anchored,63f24a3483748767496c6930527d3a1097d6bfa03ba68f2d46422aeb143c0868,lithium-v3-deepseek-v4-flash-predicate-v6-conservative,2026-08-14T19:29:32+08:00
GFEX-WR-20241209,2024-12-09,accepted,warehouse_receipt_increase:true_shorthand_anchored;authoritative_source:true_shorthand_anchored;quantitative_evidence:true_shorthand_anchored,ecddb2e80e7911bd10febc77287913776cf234ee319087f104f14608b609e725,lithium-v3-deepseek-v4-flash-predicate-v6-conservative,2026-08-14T19:29:32+08:00
GFEX-WR-20241210,2024-12-10,accepted,warehouse_receipt_increase:true_shorthand_anchored;authoritative_source:true_shorthand_anchored;quantitative_evidence:true_shorthand_anchored,3f6f357b733fe383a6ce913685aaae7a02c0a47da97f4d2619e3a0db710e77a1,lithium-v3-deepseek-v4-flash-predicate-v6-conservative,2026-08-14T19:29:32+08:00
GFEX-WR-20241211,2024-12-11,accepted,warehouse_receipt_increase:true_shorthand_anchored;authoritative_source:true_shorthand_anchored;quantitative_evidence:true_shorthand_anchored,5879985d5409118448eb60221b10d84cc1a1283ee8c29127a4ab542eec813f3b,lithium-v3-deepseek-v4-flash-predicate-v6-conservative,2026-08-14T19:29:32+08:00
GFEX-WR-20241212,2024-12-12,accepted,inventory_build:unverifiable_true_demoted;warehouse_receipt_increase:true_shorthand_anchored;authoritative_source:true_shorthand_anchored;quantitative_evidence:true_shorthand_anchored,c8891356017906b38544048c30101624fc39d04b8709988476a142fdb6f970e4,lithium-v3-deepseek-v4-flash-predicate-v6-conservative,2026-08-14T19:29:32+08:00
CNINFO-002460-1222028365,2024-12-16,accepted,supply_expansion:true_shorthand_anchored;authoritative_source:true_shorthand_anchored;quantitative_evidence:true_shorthand_anchored,fb0bd827e18c390f18ee619ceb9a10d09b961df3d9bd61b0c48ac948dc445b61,lithium-v3-deepseek-v4-flash-predicate-v6-conservative,2026-08-14T19:29:34+08:00
GFEX-WR-20241217,2024-12-17,accepted,warehouse_receipt_increase:true_shorthand_anchored;authoritative_source:true_shorthand_anchored;quantitative_evidence:true_shorthand_anchored,7e2b19ca43babb10c33a76a015262ef100ee56f767944dea985c4228a685168a,lithium-v3-deepseek-v4-flash-predicate-v6-conservative,2026-08-14T19:29:32+08:00
GFEX-WR-20241218,2024-12-18,accepted,inventory_build:unverifiable_true_demoted;warehouse_receipt_increase:true_shorthand_anchored;authoritative_source:true_shorthand_anchored;quantitative_evidence:true_shorthand_anchored,c0a50685d9f2756c0212a2b58fb26db8651f6609634d6365886cfbcb33daa85f,lithium-v3-deepseek-v4-flash-predicate-v6-conservative,2026-08-14T19:29:34+08:00
GFEX-WR-20241220,2024-12-20,accepted,warehouse_receipt_increase:true_shorthand_anchored;authoritative_source:true_shorthand_anchored;quantitative_evidence:true_shorthand_anchored,fe23aa00544e98c03b487df74997a4c1fcf64ae9f2cedbc39565dd91844ccd03,lithium-v3-deepseek-v4-flash-predicate-v6-conservative,2026-08-14T19:29:33+08:00
LC-TEXT-0010,2024-12-20,accepted,,e25adfbe7b3b82361210219700fab728e7f26107e60084311aa8ea9f1490c13e,lithium-v3-deepseek-v4-flash-predicate-v6-conservative,2026-08-14T19:29:33+08:00
GFEX-WR-20241224,2024-12-24,accepted,warehouse_receipt_increase:true_shorthand_anchored;authoritative_source:true_shorthand_anchored;quantitative_evidence:true_shorthand_anchored,83c628d2244ad4416ee5528a252f829503e635f5605f618070676cf566289de6,lithium-v3-deepseek-v4-flash-predicate-v6-conservative,2026-08-14T19:29:35+08:00
LC-TEXT-0011,2024-12-24,accepted,policy_demand_support:unverifiable_true_demoted;authoritative_source:true_shorthand_anchored,889e5b9be9ac9b18c6e5f9545daa391fa6758b35294aa1d7919bd3f90499dba9,lithium-v3-deepseek-v4-flash-predicate-v6-conservative,2026-08-14T19:29:35+08:00
GFEX-WR-20241226,2024-12-26,accepted,warehouse_receipt_increase:true_shorthand_anchored;authoritative_source:true_shorthand_anchored;quantitative_evidence:true_shorthand_anchored,a1d2f0e414b28eaaaa641fd804eda2e8a916e2dcd8e3badc941bde64c2790d0b,lithium-v3-deepseek-v4-flash-predicate-v6-conservative,2026-08-14T19:29:34+08:00
LC-TEXT-0012,2024-12-26,accepted,demand_ev_positive:unverifiable_true_demoted;authoritative_source:true_shorthand_anchored;quantitative_evidence:true_shorthand_anchored,80ca543eb9db81b479b7e171d3ad96285d4b0afb6658b098d42f8d00973b5f78,lithium-v3-deepseek-v4-flash-predicate-v6-conservative,2026-08-14T19:29:35+08:00
GFEX-WR-20241231,2024-12-31,accepted,warehouse_receipt_increase:true_shorthand_anchored;authoritative_source:true_shorthand_anchored;quantitative_evidence:true_shorthand_anchored,392d2d7d2881ca3e9eb07a2b60eac9a0862a9299bd7b23e5760243d42192a9fc,lithium-v3-deepseek-v4-flash-predicate-v6-conservative,2026-08-14T19:29:35+08:00
CNINFO-002594-1222201503,2025-01-02,accepted,demand_ev_positive:quote_replaced_by_rule_anchor;quantitative_evidence:quote_replaced_by_rule_anchor,6a9c427b048a33089a686c7a7aa5bc487391466091fe8ea20401127f209aa5f5,lithium-v3-deepseek-v4-flash-predicate-v6-conservative,2026-08-14T19:29:35+08:00
GFEX-WR-20250102,2025-01-02,accepted,inventory_build:unverifiable_true_demoted;warehouse_receipt_increase:true_shorthand_anchored;delivery_pressure:unverifiable_true_demoted;authoritative_source:true_shorthand_anchored;quantitative_evidence:true_shorthand_anchored,66d5b810daf0bcb562e0b36ec9317cc943f4129f94491d10b461952058bee8d7,lithium-v3-deepseek-v4-flash-predicate-v6-conservative,2026-08-14T19:29:35+08:00
GFEX-WR-20250108,2025-01-08,accepted,warehouse_receipt_decline:true_shorthand_anchored;authoritative_source:true_shorthand_anchored;quantitative_evidence:true_shorthand_anchored,e7995527cfb4eac8899070737646eec9b67ed6725a318dbd5f07f7277969d3c3,lithium-v3-deepseek-v4-flash-predicate-v6-conservative,2026-08-14T19:29:36+08:00
GFEX-WR-20250110,2025-01-10,accepted,inventory_drawdown:unverifiable_true_demoted;warehouse_receipt_decline:true_shorthand_anchored;authoritative_source:true_shorthand_anchored;quantitative_evidence:true_shorthand_anchored,4b35dd1d44a1aeed218b80e7f1657ec4aa3fe3be977c8dfc7f4713e3f3472bb7,lithium-v3-deepseek-v4-flash-predicate-v6-conservative,2026-08-14T19:29:36+08:00
CNINFO-002176-1222320892,2025-01-14,accepted,demand_weak_or_price_war:unverifiable_true_demoted;authoritative_source:true_shorthand_anchored;quantitative_evidence:true_shorthand_anchored;uncertainty_high:true_shorthand_anchored,77c028964dcce7c47356c3a03d98787bd992a702f9a688d8fba774ba67c0645c,lithium-v3-deepseek-v4-flash-predicate-v6-conservative,2026-08-14T19:29:36+08:00
CNINFO-002176-1222320893,2025-01-14,accepted,,b76c17f456824e2c896545a33b63364703e32b3f0b8f699f178f46efaf3fb9e2,lithium-v3-deepseek-v4-flash-predicate-v6-conservative,2026-08-14T19:29:36+08:00
LC-TEXT-0013,2025-01-14,accepted,demand_ev_positive:true_shorthand_anchored;policy_demand_support:true_shorthand_anchored;authoritative_source:true_shorthand_anchored;quantitative_evidence:true_shorthand_anchored,8eb58755a11b54efdf85356e4a9bfc345c84475c53f01ea14cba7a54c360f2b4,lithium-v3-deepseek-v4-flash-predicate-v6-conservative,2026-08-14T19:29:36+08:00
GFEX-WR-20250116,2025-01-16,accepted,warehouse_receipt_decline:true_shorthand_anchored;authoritative_source:true_shorthand_anchored;quantitative_evidence:true_shorthand_anchored,0be319550ecc69e666822930d3c0805a1b91d734a849f77d08802528bb245a8a,lithium-v3-deepseek-v4-flash-predicate-v6-conservative,2026-08-14T19:29:36+08:00
LC-TEXT-0014,2025-01-16,accepted,demand_storage_positive:true_shorthand_anchored;authoritative_source:unverifiable_true_demoted;quantitative_evidence:true_shorthand_anchored;uncertainty_high:true_shorthand_anchored,c05c581205eb7ce0ceca026e4ea0be725fa86902bd7cf0d8a83dc053ac548b56,lithium-v3-deepseek-v4-flash-predicate-v6-conservative,2026-08-14T19:29:37+08:00
LC-TEXT-0015,2025-01-17,accepted,,e651d39c5c57dbdfb6b0a6c896883352778f9a26b22dda16724d952f27bdcfe0,lithium-v3-deepseek-v4-flash-predicate-v6-conservative,2026-08-14T19:29:38+08:00
CNINFO-002756-1222365542,2025-01-18,accepted,,9a1d070997e3a00fc5ce34ec93b2e7439e3412b8086a81d17931a433630fa3b0,lithium-v3-deepseek-v4-flash-predicate-v6-conservative,2026-08-14T19:29:37+08:00
CNINFO-002497-1222380040,2025-01-21,accepted,authoritative_source:true_shorthand_anchored;quantitative_evidence:true_shorthand_anchored;uncertainty_high:true_shorthand_anchored,7156d7aba1215ee399e038d4ce5f0978a21210ca72aec1d6e19ff10e0f0a84e1,lithium-v3-deepseek-v4-flash-predicate-v6-conservative,2026-08-14T19:29:37+08:00
GFEX-WR-20250121,2025-01-21,accepted,inventory_drawdown:unverifiable_true_demoted;warehouse_receipt_decline:true_shorthand_anchored;authoritative_source:true_shorthand_anchored;quantitative_evidence:true_shorthand_anchored,f0151c2a9213aceab835edfa72aee59bc2dac24f11e1f12a41290df1155b109c,lithium-v3-deepseek-v4-flash-predicate-v6-conservative,2026-08-14T19:29:37+08:00
CNINFO-002460-1222390209,2025-01-22,accepted,,adaf396d748308720edcd7891739867cf73f1b3644777d2675f09688dcf3be56,lithium-v3-deepseek-v4-flash-predicate-v6-conservative,2026-08-14T19:29:38+08:00
GFEX-WR-20250122,2025-01-22,accepted,quantitative_evidence:quote_replaced_by_rule_anchor,57e18755cc4147a7db60d64facf571dbde2eb66d160eaa43745302c2504fb46c,lithium-v3-deepseek-v4-flash-predicate-v6-conservative,2026-08-14T19:29:38+08:00
LC-TEXT-0016,2025-01-23,accepted,demand_ev_positive:unverifiable_true_demoted;authoritative_source:unverifiable_true_demoted;quantitative_evidence:true_shorthand_anchored;uncertainty_high:true_shorthand_anchored,76454bfbc624918c2a9ba8c4c4a30ebce9752882b57dbba9dd85e98c662916b1,lithium-v3-deepseek-v4-flash-predicate-v6-conservative,2026-08-14T19:29:38+08:00
CNINFO-002240-1222418663,2025-01-24,accepted,demand_weak_or_price_war:unverifiable_true_demoted;authoritative_source:true_shorthand_anchored;quantitative_evidence:true_shorthand_anchored,627e640c1205e6fe38a74bada5f1cd8d334bcd69523c26f8c605ef601fbb01fe,lithium-v3-deepseek-v4-flash-predicate-v6-conservative,2026-08-14T19:29:37+08:00
CNINFO-002466-1222419650,2025-01-24,accepted,authoritative_source:quote_replaced_by_rule_anchor,4a98ed5932e66fb9232360c181bcdf40c44556528543571cc57cdc5d0d7127b8,lithium-v3-deepseek-v4-flash-predicate-v6-conservative,2026-08-14T19:29:38+08:00
CNINFO-002466-1222419651,2025-01-24,accepted,authoritative_source:true_shorthand_anchored;quantitative_evidence:true_shorthand_anchored;uncertainty_high:true_shorthand_anchored,f6e9f41feebb684bc60f4c9ef7c460e119970af4d3f37e10ba86cc4575396b46,lithium-v3-deepseek-v4-flash-predicate-v6-conservative,2026-08-14T19:29:37+08:00
CNINFO-002466-1222419653,2025-01-24,accepted,,f7433e6a07b94a209d9ef0dc62e6f1d772ba65607fd1ea99a28a30fffa369716,lithium-v3-deepseek-v4-flash-predicate-v6-conservative,2026-08-14T19:29:39+08:00
CNINFO-002460-1222431395,2025-01-25,accepted,,ff05679b6697cbfc2dfc79e1895a9f61b6a70c23b25e527e37935f138094f938,lithium-v3-deepseek-v4-flash-predicate-v6-conservative,2026-08-14T19:29:41+08:00
GFEX-WR-20250127,2025-01-27,accepted,warehouse_receipt_increase:true_shorthand_anchored;authoritative_source:true_shorthand_anchored;quantitative_evidence:true_shorthand_anchored,6ed00e34c63c7037def4033b55343b6a95ca24dfce30364df4b6d0df96810b21,lithium-v3-deepseek-v4-flash-predicate-v6-conservative,2026-08-14T19:29:39+08:00
LC-TEXT-0017,2025-02-04,accepted,,8d5e5212f146515742f5f988785194687beac3fd1f02aaeced08f38492eb1796,lithium-v3-deepseek-v4-flash-predicate-v6-conservative,2026-08-14T19:29:40+08:00
CNINFO-002594-1222456351,2025-02-05,accepted,demand_ev_positive:quote_replaced_by_rule_anchor,cc0e658f234324e07e8a7fc85172aea8ffa2acfc310c13c744c1191f4fdad6b3,lithium-v3-deepseek-v4-flash-predicate-v6-conservative,2026-08-14T19:29:40+08:00
CNINFO-300390-1222484334,2025-02-07,accepted,supply_expansion:unverifiable_true_demoted;authoritative_source:true_shorthand_anchored;uncertainty_high:true_shorthand_anchored,e20139cb23af71708a8d48fdd1732df59ec373c35bbbec0ff23c0ec5ad5b6aba,lithium-v3-deepseek-v4-flash-predicate-v6-conservative,2026-08-14T19:29:39+08:00
GFEX-WR-20250210,2025-02-10,accepted,,b50f7392821f0313c513860ba0c0a678dbe58312056a78d37d0bae82ac05d808,lithium-v3-deepseek-v4-flash-predicate-v6-conservative,2026-08-14T19:29:40+08:00
GFEX-WR-20250213,2025-02-13,accepted,,73c0667fb622f36e43d9ec754745266c04de16aa6cd18b4c1f4abecb1c3e49e2,lithium-v3-deepseek-v4-flash-predicate-v6-conservative,2026-08-14T19:29:40+08:00
CNINFO-002460-1222536441,2025-02-14,accepted,,43ffd1efa1a383b6d13c8a2c1937175585caa0662c4b434c631790fc0ece39f1,lithium-v3-deepseek-v4-flash-predicate-v6-conservative,2026-08-14T19:29:41+08:00
CNINFO-002466-1222581162,2025-02-20,accepted,,6ce68154f6435bc0b7e73a6f93399723522cabe86bb1947eeff62438892abe88,lithium-v3-deepseek-v4-flash-predicate-v6-conservative,2026-08-14T19:29:41+08:00
GFEX-WR-20250227,2025-02-27,accepted,warehouse_receipt_increase:true_shorthand_anchored;authoritative_source:true_shorthand_anchored;quantitative_evidence:true_shorthand_anchored,b9897c33f14b95a418ad622468372a8597c07975fd5cae349f44140c180209d4,lithium-v3-deepseek-v4-flash-predicate-v6-conservative,2026-08-14T19:29:40+08:00
CNINFO-002594-1222683514,2025-03-03,accepted,,ac677fc053d6920fb91c0ea1b17be666e3eb63e8ee3ea71204679fd5f782cc75,lithium-v3-deepseek-v4-flash-predicate-v6-conservative,2026-08-14T19:29:41+08:00
GFEX-WR-20250306,2025-03-06,accepted,warehouse_receipt_decline:true_shorthand_anchored;authoritative_source:true_shorthand_anchored;quantitative_evidence:true_shorthand_anchored,2086fe8955b85ee6e314aacdaed4f49799f76d4dacf533c2c3e8fb56fee52542,lithium-v3-deepseek-v4-flash-predicate-v6-conservative,2026-08-14T19:29:41+08:00
GFEX-WR-20250307,2025-03-07,accepted,warehouse_receipt_decline:true_shorthand_anchored;authoritative_source:true_shorthand_anchored;quantitative_evidence:true_shorthand_anchored,1209108e135d913991c829c7a1fb5a89a42413c621c3c7a5afff3a79cdf295f5,lithium-v3-deepseek-v4-flash-predicate-v6-conservative,2026-08-14T19:29:41+08:00
GFEX-WR-20250310,2025-03-10,accepted,,cb7cae8bc189f5d80c711e48848ea02476055591581897cbccd8a113df3a2429,lithium-v3-deepseek-v4-flash-predicate-v6-conservative,2026-08-14T19:29:41+08:00
GFEX-WR-20250313,2025-03-13,accepted,inventory_drawdown:unverifiable_true_demoted;warehouse_receipt_decline:true_shorthand_anchored;authoritative_source:true_shorthand_anchored;quantitative_evidence:true_shorthand_anchored,b0e0c70d3a038614e670f1687822d615de36523a07f07b0ceae2c72487314302,lithium-v3-deepseek-v4-flash-predicate-v6-conservative,2026-08-14T19:29:42+08:00
GFEX-WR-20250314,2025-03-14,accepted,warehouse_receipt_decline:true_shorthand_anchored;authoritative_source:true_shorthand_anchored;quantitative_evidence:true_shorthand_anchored,700d7df23cf174c7b86d40ece2ef43089805c0f9d9f1fda89855c161c38cee89,lithium-v3-deepseek-v4-flash-predicate-v6-conservative,2026-08-14T19:29:42+08:00
GFEX-WR-20250319,2025-03-19,accepted,warehouse_receipt_increase:true_shorthand_anchored;authoritative_source:true_shorthand_anchored;quantitative_evidence:true_shorthand_anchored,a6625c6176b6b91a0c1c557f0eb8ffe26d964b26cc7ff2a0a92d52f87bb8f3b4,lithium-v3-deepseek-v4-flash-predicate-v6-conservative,2026-08-14T19:29:42+08:00
CNINFO-300390-1222857555,2025-03-20,accepted,authoritative_source:true_shorthand_anchored;quantitative_evidence:unverifiable_true_demoted,142cbe2ccd7b78a30d8c4c0c9398d158d0aeb29605d0e8099226be0b0a92cb10,lithium-v3-deepseek-v4-flash-predicate-v6-conservative,2026-08-14T19:29:43+08:00
CNINFO-300390-1222857559,2025-03-20,accepted,authoritative_source:true_shorthand_anchored;quantitative_evidence:unverifiable_true_demoted;uncertainty_high:true_shorthand_anchored,617d660e09eaaf7e7e5f7ca0498a12ec611cb751e136e88ebd8c41133d46ff23,lithium-v3-deepseek-v4-flash-predicate-v6-conservative,2026-08-14T19:29:42+08:00
GFEX-WR-20250320,2025-03-20,accepted,warehouse_receipt_increase:true_shorthand_anchored;authoritative_source:true_shorthand_anchored;quantitative_evidence:true_shorthand_anchored,216cb67c24ef0a0837094291a6a410cb899ae563275a6dcd23b310fdcd06c5ec,lithium-v3-deepseek-v4-flash-predicate-v6-conservative,2026-08-14T19:29:42+08:00
CNINFO-002240-1222870682,2025-03-22,accepted,,0940eadd181086798dd5cdf8bc93149fa08687ad0f9a7ac6492673cd396b5fa9,lithium-v3-deepseek-v4-flash-predicate-v6-conservative,2026-08-14T19:29:43+08:00
GFEX-WR-20250324,2025-03-24,accepted,,1dd9391d528596817d9230bfdd2c8c9c181c59748f0229eecdc237181548352c,lithium-v3-deepseek-v4-flash-predicate-v6-conservative,2026-08-14T19:29:43+08:00
CNINFO-002756-1222881575,2025-03-25,accepted,authoritative_source:true_shorthand_anchored;quantitative_evidence:unverifiable_true_demoted,1a997024bef0534a72a7f6af4052db7f1490a329f4a52268196883e15a2fee82,lithium-v3-deepseek-v4-flash-predicate-v6-conservative,2026-08-14T19:29:43+08:00
CNINFO-002466-1222913085,2025-03-27,accepted,supply_expansion:unverifiable_quote_demoted,e36b4b45f0149fde2e3ccc38ee1bf1140350900ef369e7a94c7e19de01e992e8,lithium-v3-deepseek-v4-flash-predicate-v6-conservative,2026-08-14T19:29:45+08:00
CNINFO-002466-1222913106,2025-03-27,accepted,authoritative_source:true_shorthand_anchored;quantitative_evidence:unverifiable_true_demoted;uncertainty_high:true_shorthand_anchored,ac18b4f489d9b5fe76bd07814a1d4d3113c76f47e63c558d5b213d9f0b5dc511,lithium-v3-deepseek-v4-flash-predicate-v6-conservative,2026-08-14T19:29:43+08:00
CNINFO-000408-1222950983,2025-03-29,accepted,authoritative_source:true_shorthand_anchored,93403719116ffdc0b0849a33ef85df0d4a591f1a751d594b2a62a1c086b94d15,lithium-v3-deepseek-v4-flash-predicate-v6-conservative,2026-08-14T19:29:43+08:00
CNINFO-000792-1222951139,2025-03-29,accepted,,2ef274624e5a93220d23136e8ee16e069d0ac113285f38843f94c6e3c5cd44a5,lithium-v3-deepseek-v4-flash-predicate-v6-conservative,2026-08-14T19:29:44+08:00
CNINFO-000792-1222951148,2025-03-29,accepted,authoritative_source:true_shorthand_anchored;quantitative_evidence:true_shorthand_anchored,cb58b6e18a2617e4fb94606950685d5f6010b4b7324597b27f5aa85f22fbc542,lithium-v3-deepseek-v4-flash-predicate-v6-conservative,2026-08-14T19:29:44+08:00
CNINFO-000792-1222951150,2025-03-29,accepted,,3672d1357b6d278a2e4ee79b15453876c6d60e1f7b3deb0a8604f8dd989d2e25,lithium-v3-deepseek-v4-flash-predicate-v6-conservative,2026-08-14T19:29:45+08:00
CNINFO-002460-1222949713,2025-03-29,accepted,authoritative_source:true_shorthand_anchored;quantitative_evidence:true_shorthand_anchored,20ed91d91eaf15c3fe0a8e7b8683530caf3197fce1ea5f235d2cdf60f28233fd,lithium-v3-deepseek-v4-flash-predicate-v6-conservative,2026-08-14T19:29:43+08:00
GFEX-WR-20250331,2025-03-31,accepted,warehouse_receipt_decline:true_shorthand_anchored;authoritative_source:true_shorthand_anchored;quantitative_evidence:true_shorthand_anchored,2f7676290b4187e04613046bbee68d3e59ae8675f113b70a481b751a73abcd44,lithium-v3-deepseek-v4-flash-predicate-v6-conservative,2026-08-14T19:29:44+08:00
GFEX-WR-20250401,2025-04-01,accepted,,507d3c6ba40c20d18ec0915a104050bcb731adacb1337bcbfbe2524b3216703f,lithium-v3-deepseek-v4-flash-predicate-v6-conservative,2026-08-14T19:29:45+08:00
CNINFO-002594-1222982953,2025-04-02,accepted,demand_ev_positive:true_shorthand_anchored;demand_storage_positive:unverifiable_true_demoted;authoritative_source:true_shorthand_anchored;quantitative_evidence:true_shorthand_anchored;uncertainty_high:unverifiable_true_demoted,f55d4aeabbb4aa612601a2c8fa3fe1f455c62a943fb5e4c5ef7a3eb0c441e4a6,lithium-v3-deepseek-v4-flash-predicate-v6-conservative,2026-08-14T19:29:45+08:00
GFEX-WR-20250402,2025-04-02,accepted,warehouse_receipt_increase:true_shorthand_anchored;authoritative_source:true_shorthand_anchored;quantitative_evidence:true_shorthand_anchored,3cd1d6ea0a66f9d3dd926c06717765987eac11c36b1ece78f6c0ee7ac005aa66,lithium-v3-deepseek-v4-flash-predicate-v6-conservative,2026-08-14T19:29:45+08:00
GFEX-WR-20250403,2025-04-03,accepted,inventory_build:unverifiable_true_demoted;warehouse_receipt_increase:true_shorthand_anchored;authoritative_source:true_shorthand_anchored;quantitative_evidence:true_shorthand_anchored,3a08b297592fe02ba32409859bb51946d29d256aad9c87324bd0381579a80ec2,lithium-v3-deepseek-v4-flash-predicate-v6-conservative,2026-08-14T19:29:45+08:00
GFEX-WR-20250407,2025-04-07,accepted,warehouse_receipt_increase:true_shorthand_anchored;authoritative_source:true_shorthand_anchored;quantitative_evidence:true_shorthand_anchored,14e6ceadcdca1e7f62e746a525641febaf8568ecf79c48ab895a01dcf82bc1cb,lithium-v3-deepseek-v4-flash-predicate-v6-conservative,2026-08-14T19:29:45+08:00
GFEX-WR-20250408,2025-04-08,accepted,warehouse_receipt_increase:true_shorthand_anchored;delivery_pressure:unverifiable_true_demoted;authoritative_source:true_shorthand_anchored;quantitative_evidence:true_shorthand_anchored,da75530143a46ad2ec615adeb2d85563ea159e92a9c2d105c7a8f20613f9ed7e,lithium-v3-deepseek-v4-flash-predicate-v6-conservative,2026-08-14T19:29:45+08:00
LC-TEXT-0018,2025-04-12,accepted,demand_ev_positive:unverifiable_true_demoted;authoritative_source:unverifiable_true_demoted;quantitative_evidence:true_shorthand_anchored,61c37cc10fbfdf0b17afc7008e1eaf573416695ed6517467d38caf05b31a5578,lithium-v3-deepseek-v4-flash-predicate-v6-conservative,2026-08-14T19:29:46+08:00
GFEX-WR-20250421,2025-04-21,accepted,warehouse_receipt_increase:true_shorthand_anchored;authoritative_source:true_shorthand_anchored;quantitative_evidence:true_shorthand_anchored,3639abc6bbad03bec5b190a250766c9062ca1eccee6025c18278c455d4c0030a,lithium-v3-deepseek-v4-flash-predicate-v6-conservative,2026-08-14T19:29:46+08:00
GFEX-WR-20250422,2025-04-22,accepted,warehouse_receipt_increase:true_shorthand_anchored;authoritative_source:true_shorthand_anchored;quantitative_evidence:true_shorthand_anchored,db20cab1faeac5cf0e0d300e724d8efc947463f304e051137e07934ad6ca2fd1,lithium-v3-deepseek-v4-flash-predicate-v6-conservative,2026-08-14T19:29:47+08:00
CNINFO-002466-1223235918,2025-04-24,accepted,inventory_drawdown:unverifiable_true_demoted;inventory_build:unverifiable_true_demoted;authoritative_source:true_shorthand_anchored;quantitative_evidence:unverifiable_true_demoted;uncertainty_high:true_shorthand_anchored,ed8d8dc97f688ca8955638d1977fe050bb3a937ca9543259fbd273b92285626b,lithium-v3-deepseek-v4-flash-predicate-v6-conservative,2026-08-14T19:29:46+08:00
CNINFO-002738-1223271317,2025-04-25,accepted,authoritative_source:true_shorthand_anchored;uncertainty_high:true_shorthand_anchored,c1b8e2d960c5ac8eefbe12463d8052cd9756dc013dffed6c5a5186028fd36b2f,lithium-v3-deepseek-v4-flash-predicate-v6-conservative,2026-08-14T19:29:46+08:00
CNINFO-002738-1223271321,2025-04-25,accepted,,da9f8d46bf2f644a00a79d221e9dc37650e91d9505d454a84151a86d0263be21,lithium-v3-deepseek-v4-flash-predicate-v6-conservative,2026-08-14T19:29:47+08:00
GFEX-WR-20250428,2025-04-28,accepted,,307b3b2aad1c27c8abf1560ff21874902198b9469ee09c137e02e1e576a0e71f,lithium-v3-deepseek-v4-flash-predicate-v6-conservative,2026-08-14T19:29:47+08:00
CNINFO-002497-1223380001,2025-04-29,accepted,,519bbcdfe0a9228f204bd320eeda485a557e7442673dbb508f2b340a7210df4d,lithium-v3-deepseek-v4-flash-predicate-v6-conservative,2026-08-14T19:29:47+08:00
CNINFO-002594-1223470873,2025-05-06,accepted,,33e8c18704e63e7946efe667d294b9821da742594710c6a44f6cdc7a00141d0f,lithium-v3-deepseek-v4-flash-predicate-v6-conservative,2026-08-14T19:29:53+08:00
GFEX-WR-20250506,2025-05-06,accepted,warehouse_receipt_increase:true_shorthand_anchored;authoritative_source:true_shorthand_anchored;quantitative_evidence:true_shorthand_anchored,c16f51fb71136931f75ad5b38bbc4d9666d7d652c94fa5cdb3ebdf6de7e9a637,lithium-v3-deepseek-v4-flash-predicate-v6-conservative,2026-08-14T19:29:47+08:00
GFEX-WR-20250507,2025-05-07,accepted,,46c54cba9a1b19983b7c9baba556055c4a38a2d025e76ae087631eec7e294cd4,lithium-v3-deepseek-v4-flash-predicate-v6-conservative,2026-08-14T19:29:48+08:00
CNINFO-002497-1223536034,2025-05-14,accepted,supply_expansion:quote_replaced_by_rule_anchor,e177d509cde9c15f6358d6d6a7392da53e383c6f2a0395d5713723cb82a24b6d,lithium-v3-deepseek-v4-flash-predicate-v6-conservative,2026-08-14T19:29:48+08:00
CNINFO-002176-1223566764,2025-05-17,accepted,authoritative_source:true_shorthand_anchored;quantitative_evidence:true_shorthand_anchored,8796e8005c34962009d007a342e9f79ef891c02e54dd0ddb6e783a8580575240,lithium-v3-deepseek-v4-flash-predicate-v6-conservative,2026-08-14T19:29:48+08:00
CNINFO-000792-1223683113,2025-05-27,accepted,quantitative_evidence:unverifiable_quote_demoted,2c28fed11737577518a49e61924c82fa16efa4a6ed771945a3ce82f18e9ead55,lithium-v3-deepseek-v4-flash-predicate-v6-conservative,2026-08-14T19:29:48+08:00
CNINFO-000792-1223683118,2025-05-27,accepted,supply_expansion:unverifiable_true_demoted;authoritative_source:true_shorthand_anchored;quantitative_evidence:true_shorthand_anchored,4d9eb8496f6c12b6c28117bdec70c76cd5f1a7b97adc6574f455b17ffd144603,lithium-v3-deepseek-v4-flash-predicate-v6-conservative,2026-08-14T19:29:49+08:00
CNINFO-000792-1223683123,2025-05-27,accepted,authoritative_source:true_shorthand_anchored,b605aee978d917026de5f1fd1efd34bb414383680261a75b6bc2929e69d29831,lithium-v3-deepseek-v4-flash-predicate-v6-conservative,2026-08-14T19:29:49+08:00
GFEX-WR-20250527,2025-05-27,accepted,warehouse_receipt_decline:true_shorthand_anchored;authoritative_source:true_shorthand_anchored;quantitative_evidence:true_shorthand_anchored,2952cc45ca950080106f9070814cfbebf309a4b869f01409e08c5479ee8f0c2a,lithium-v3-deepseek-v4-flash-predicate-v6-conservative,2026-08-14T19:29:49+08:00
CNINFO-002594-1223739822,2025-06-03,accepted,,5c266b62438435e646f4bcf688f0ebf630a7f5f2230d261b06b9baa05d9c67c4,lithium-v3-deepseek-v4-flash-predicate-v6-conservative,2026-08-14T19:29:50+08:00
LC-TEXT-0019,2025-06-13,accepted,demand_ev_positive:unverifiable_true_demoted;demand_storage_positive:unverifiable_true_demoted;policy_demand_support:unverifiable_true_demoted;authoritative_source:true_shorthand_anchored,369a7128fa6af720329b74f1bb681d6be2c309cbe3196541777f7fa91bae6542,lithium-v3-deepseek-v4-flash-predicate-v6-conservative,2026-08-14T19:29:49+08:00
GFEX-WR-20250618,2025-06-18,accepted,warehouse_receipt_decline:true_shorthand_anchored;authoritative_source:true_shorthand_anchored;quantitative_evidence:true_shorthand_anchored,38564dd09fdd0c0a1ef8155f63cb78cc1a5c5348538f137017a3d37014199e07,lithium-v3-deepseek-v4-flash-predicate-v6-conservative,2026-08-14T19:29:49+08:00
GFEX-WR-20250620,2025-06-20,accepted,warehouse_receipt_decline:true_shorthand_anchored;authoritative_source:true_shorthand_anchored;quantitative_evidence:true_shorthand_anchored,bfe49e4ea15dec29bed8fdcf27a14b8f8ba0d005780976b1cb1a16c8b9130375,lithium-v3-deepseek-v4-flash-predicate-v6-conservative,2026-08-14T19:29:49+08:00
CNINFO-000408-1223955178,2025-06-23,accepted,authoritative_source:true_shorthand_anchored,11ad39d40747bde6f89f8f560cbce4a1c57bf71f7346d1d9869ab08c80700bd6,lithium-v3-deepseek-v4-flash-predicate-v6-conservative,2026-08-14T19:29:49+08:00
GFEX-WR-20250623,2025-06-23,accepted,warehouse_receipt_decline:true_shorthand_anchored;authoritative_source:true_shorthand_anchored;quantitative_evidence:true_shorthand_anchored,5954b4172d27ee141dc8ab02504b0f890ffae2b19edc3d9aa3d42eb93fcec5bc,lithium-v3-deepseek-v4-flash-predicate-v6-conservative,2026-08-14T19:29:50+08:00
CNINFO-000408-1223958965,2025-06-24,accepted,,01a1af6371e8d095a49f311893cdb700fcd7f4f940ecf29509b239a445932fad,lithium-v3-deepseek-v4-flash-predicate-v6-conservative,2026-08-14T19:29:51+08:00
GFEX-WR-20250624,2025-06-24,accepted,inventory_drawdown:unverifiable_true_demoted;warehouse_receipt_decline:true_shorthand_anchored;authoritative_source:true_shorthand_anchored;quantitative_evidence:true_shorthand_anchored,94aac715f6adba7d505390b5803b7a110cf75b51426477b41c8be026ad7fee6a,lithium-v3-deepseek-v4-flash-predicate-v6-conservative,2026-08-14T19:29:51+08:00
CNINFO-002738-1224015569,2025-06-28,accepted,,5374ba858b58e302dadd9dfe76e7f96da44ace40cf70e1b3329b19b3346fba26,lithium-v3-deepseek-v4-flash-predicate-v6-conservative,2026-08-14T19:29:52+08:00
CNINFO-002594-1224058406,2025-07-02,accepted,demand_ev_positive:true_shorthand_anchored;demand_storage_positive:unverifiable_true_demoted;authoritative_source:true_shorthand_anchored;quantitative_evidence:true_shorthand_anchored,f3844b8126f843d738400129b30af9a4e193894b6063c9078d1a1ef22a277b5e,lithium-v3-deepseek-v4-flash-predicate-v6-conservative,2026-08-14T19:29:50+08:00
CNINFO-002460-1224068866,2025-07-03,accepted,supply_expansion:true_shorthand_anchored;authoritative_source:true_shorthand_anchored;quantitative_evidence:true_shorthand_anchored,ca06c89cca324779edc9099b9caea5d00eb41183db9f2e335483b899e455e8df,lithium-v3-deepseek-v4-flash-predicate-v6-conservative,2026-08-14T19:29:50+08:00
GFEX-WR-20250704,2025-07-04,accepted,warehouse_receipt_decline:true_shorthand_anchored;authoritative_source:true_shorthand_anchored;quantitative_evidence:true_shorthand_anchored,f881136a408d34a76721686a0a6dcfc571d2cc12fca75921cd5b80ecf0648e6a,lithium-v3-deepseek-v4-flash-predicate-v6-conservative,2026-08-14T19:29:51+08:00
GFEX-WR-20250707,2025-07-07,accepted,warehouse_receipt_decline:true_shorthand_anchored;authoritative_source:true_shorthand_anchored;quantitative_evidence:true_shorthand_anchored,b42f6097de13f5cd8d38db60761747627410c1afd1e6c14cefa32e1f1f05e445,lithium-v3-deepseek-v4-flash-predicate-v6-conservative,2026-08-14T19:29:51+08:00
GFEX-WR-20250708,2025-07-08,accepted,warehouse_receipt_decline:true_shorthand_anchored;authoritative_source:true_shorthand_anchored;quantitative_evidence:true_shorthand_anchored,53542ef5de39da06e355712382dbb34f8301b2911f18a2e81c49e1257aa6f327,lithium-v3-deepseek-v4-flash-predicate-v6-conservative,2026-08-14T19:29:51+08:00
GFEX-WR-20250711,2025-07-11,accepted,inventory_drawdown:unverifiable_true_demoted;warehouse_receipt_decline:true_shorthand_anchored;authoritative_source:true_shorthand_anchored;quantitative_evidence:true_shorthand_anchored,25eaf940eabb321b4348fa7200983e4b3183cf2030ea8d91c5c73230a01a8577,lithium-v3-deepseek-v4-flash-predicate-v6-conservative,2026-08-14T19:29:51+08:00
CNINFO-000408-1224162516,2025-07-15,accepted,supply_expansion:unverifiable_true_demoted;authoritative_source:true_shorthand_anchored;quantitative_evidence:unverifiable_true_demoted,db2c71e98f50a0bf0dca96faae60ebff73d4ce8f90a33b8a7cff13d0770cc8ad,lithium-v3-deepseek-v4-flash-predicate-v6-conservative,2026-08-14T19:29:53+08:00
CNINFO-002176-1224163294,2025-07-15,accepted,,b6c64f177ce6ac914a5302d246035fb751a9c7752e15b15609a6fc4b8f7f234f,lithium-v3-deepseek-v4-flash-predicate-v6-conservative,2026-08-14T19:29:55+08:00
CNINFO-002240-1224164694,2025-07-15,accepted,,8fc1abe7fb946a48ad3a42f5cb0ddf65681a076ea8f000b9c02da4ce55f72c4f,lithium-v3-deepseek-v4-flash-predicate-v6-conservative,2026-08-14T19:29:53+08:00
CNINFO-002460-1224164382,2025-07-15,accepted,,bf7a7b897c8fe50a104d6fc04b9ef6e41f35889f83ac18d0bff51a80257f7eaa,lithium-v3-deepseek-v4-flash-predicate-v6-conservative,2026-08-14T19:29:53+08:00
CNINFO-002466-1224164259,2025-07-15,accepted,,1388be3fce00d14e3af9315f7760f849bd29260e02b3945b3ee4df4024f0e34b,lithium-v3-deepseek-v4-flash-predicate-v6-conservative,2026-08-14T19:29:53+08:00
CNINFO-002738-1224163658,2025-07-15,accepted,,6343b975956eb7492be72ffa32dbe26bc260f5c806ca4e08f3b9392ed2da4a99,lithium-v3-deepseek-v4-flash-predicate-v6-conservative,2026-08-14T19:29:53+08:00
CNINFO-000408-1224198116,2025-07-17,accepted,,e31b5005288497cd96c469545518b7ca5b216b8b6457c2538723419a380a652c,lithium-v3-deepseek-v4-flash-predicate-v6-conservative,2026-08-14T19:29:54+08:00
CNINFO-002176-1224236733,2025-07-22,accepted,,d4961f905afb903c3639081fab9f78b6aba69280370a0a3e382cc69394f66cb5,lithium-v3-deepseek-v4-flash-predicate-v6-conservative,2026-08-14T19:29:54+08:00
GFEX-WR-20250724,2025-07-24,accepted,warehouse_receipt_increase:true_shorthand_anchored;authoritative_source:true_shorthand_anchored;quantitative_evidence:true_shorthand_anchored,484fd83a36c906f0ddecdca1b2fee8b16bfeadf4f9feee3aa441d0a4b8b5dc08,lithium-v3-deepseek-v4-flash-predicate-v6-conservative,2026-08-14T19:29:53+08:00
GFEX-WR-20250730,2025-07-30,accepted,warehouse_receipt_increase:true_shorthand_anchored;authoritative_source:true_shorthand_anchored;quantitative_evidence:true_shorthand_anchored,7c0aabd20c5776652580db6a8109bdffcaaec255f6e72dd77ae0b6c887f034f5,lithium-v3-deepseek-v4-flash-predicate-v6-conservative,2026-08-14T19:29:53+08:00
GFEX-WR-20250731,2025-07-31,accepted,warehouse_receipt_decline:true_shorthand_anchored;authoritative_source:true_shorthand_anchored;quantitative_evidence:true_shorthand_anchored,13443b176797ffc756ba1c5d59754989382277d38baba13c4dadb8ecad3f4c9b,lithium-v3-deepseek-v4-flash-predicate-v6-conservative,2026-08-14T19:29:54+08:00
GFEX-WR-20250801,2025-08-01,accepted,warehouse_receipt_increase:true_shorthand_anchored;authoritative_source:true_shorthand_anchored;quantitative_evidence:true_shorthand_anchored,f851d6710750cfd97933f6d33818d0b8fa99a79a4d7c5ae9eb90519284a1de72,lithium-v3-deepseek-v4-flash-predicate-v6-conservative,2026-08-14T19:29:54+08:00
CNINFO-002594-1224368797,2025-08-02,accepted,demand_ev_positive:quote_replaced_by_rule_anchor,bd9d6d2af92c3155f896f5a182013655f0a9df689abe540670488f5452ea1ac3,lithium-v3-deepseek-v4-flash-predicate-v6-conservative,2026-08-14T19:29:57+08:00
GFEX-WR-20250804,2025-08-04,accepted,warehouse_receipt_increase:true_shorthand_anchored;authoritative_source:true_shorthand_anchored;quantitative_evidence:true_shorthand_anchored,f28762c903a06873e2678d9e09d96e53bd1abf942585166794d038d68d920044,lithium-v3-deepseek-v4-flash-predicate-v6-conservative,2026-08-14T19:29:55+08:00
GFEX-WR-20250805,2025-08-05,accepted,warehouse_receipt_increase:true_shorthand_anchored;authoritative_source:true_shorthand_anchored;quantitative_evidence:true_shorthand_anchored,d44ff1ed98f1217f468abaebf31d9e82fdeb2f61b84229a9f7a7c3cdb1eedeca,lithium-v3-deepseek-v4-flash-predicate-v6-conservative,2026-08-14T19:29:54+08:00
GFEX-WR-20250807,2025-08-07,accepted,,846207e355db820648eb728719486da3b0495c32bc5262175aea31a07f659f8f,lithium-v3-deepseek-v4-flash-predicate-v6-conservative,2026-08-14T19:29:55+08:00
GFEX-WR-20250808,2025-08-08,accepted,warehouse_receipt_increase:true_shorthand_anchored;authoritative_source:true_shorthand_anchored;quantitative_evidence:true_shorthand_anchored,d32743b0efafbef501676144b0addb2c30327b3d00b50deeb9faf66b12e36a21,lithium-v3-deepseek-v4-flash-predicate-v6-conservative,2026-08-14T19:29:55+08:00
GFEX-WR-20250812,2025-08-12,accepted,warehouse_receipt_increase:true_shorthand_anchored;delivery_pressure:unverifiable_true_demoted;authoritative_source:true_shorthand_anchored;quantitative_evidence:true_shorthand_anchored,ffcfef08944115630be4dee233e09bd47b2d8c2cba44b515a676a9b7501cbd43,lithium-v3-deepseek-v4-flash-predicate-v6-conservative,2026-08-14T19:29:55+08:00
GFEX-WR-20250813,2025-08-13,accepted,warehouse_receipt_increase:true_shorthand_anchored;authoritative_source:true_shorthand_anchored;quantitative_evidence:true_shorthand_anchored,527a640c95de82c81f46d2f5a046d86c272e2f23357996c3bd8eb62bc746152a,lithium-v3-deepseek-v4-flash-predicate-v6-conservative,2026-08-14T19:29:56+08:00
GFEX-WR-20250815,2025-08-15,accepted,inventory_build:unverifiable_true_demoted;warehouse_receipt_increase:true_shorthand_anchored;delivery_pressure:unverifiable_true_demoted;authoritative_source:true_shorthand_anchored;quantitative_evidence:true_shorthand_anchored,6b21ae5c10862b371b0848d17b3c989b4a88326e32dade1ce97c015c783acacf,lithium-v3-deepseek-v4-flash-predicate-v6-conservative,2026-08-14T19:29:56+08:00
GFEX-WR-20250826,2025-08-26,accepted,inventory_build:unverifiable_true_demoted;warehouse_receipt_increase:true_shorthand_anchored;authoritative_source:true_shorthand_anchored;quantitative_evidence:true_shorthand_anchored,b60b8cf53c35e87f133193eab995fcb248d3a44f043e846f076a67e668b38734,lithium-v3-deepseek-v4-flash-predicate-v6-conservative,2026-08-14T19:29:57+08:00
LC-TEXT-0020,2025-08-27,accepted,,3e7aa5330daec6aa24db687cd96b8d3fe4d8ea253be495a55dda0ef01bdb7935,lithium-v3-deepseek-v4-flash-predicate-v6-conservative,2026-08-14T19:29:57+08:00
LC-TEXT-0021,2025-08-27,accepted,demand_storage_positive:true_shorthand_anchored;policy_demand_support:true_shorthand_anchored;authoritative_source:true_shorthand_anchored;uncertainty_high:unverifiable_true_demoted,5eac951298cf9a0f019a021361e1b4f05ef27542a6a9b9086a1e939e0e7a27bf,lithium-v3-deepseek-v4-flash-predicate-v6-conservative,2026-08-14T19:29:57+08:00
GFEX-WR-20250828,2025-08-28,accepted,inventory_build:unverifiable_true_demoted;warehouse_receipt_increase:true_shorthand_anchored;authoritative_source:true_shorthand_anchored;quantitative_evidence:true_shorthand_anchored,4f601ac2583afa3e04c635324b9671a1835ccd32370c57b0f55b48f2b73fd9d7,lithium-v3-deepseek-v4-flash-predicate-v6-conservative,2026-08-14T19:29:57+08:00
GFEX-WR-20250829,2025-08-29,accepted,warehouse_receipt_increase:true_shorthand_anchored;authoritative_source:true_shorthand_anchored;quantitative_evidence:true_shorthand_anchored,91f4f45648661b3383b667c4a7e9d98e43cc4396f5633492ca2e3eabdea51080,lithium-v3-deepseek-v4-flash-predicate-v6-conservative,2026-08-14T19:29:57+08:00
GFEX-WR-20250901,2025-09-01,accepted,warehouse_receipt_increase:true_shorthand_anchored;authoritative_source:true_shorthand_anchored;quantitative_evidence:true_shorthand_anchored,d002ea18f0d5711debbbbb498d1a17acb2571ec897af266ef5cb96eeb5f572d2,lithium-v3-deepseek-v4-flash-predicate-v6-conservative,2026-08-14T19:29:57+08:00
CNINFO-002594-1224632702,2025-09-02,accepted,demand_ev_positive:quote_replaced_by_rule_anchor,72b771370c24bcda009894ba2d27296f0f5ec17976fa176e3ba3a4eec8d3eec5,lithium-v3-deepseek-v4-flash-predicate-v6-conservative,2026-08-14T19:29:58+08:00
GFEX-WR-20250903,2025-09-03,accepted,,c2c26810b0e7cc5f69980875686b3a57169013e844261e61fbecfab3dc6df46a,lithium-v3-deepseek-v4-flash-predicate-v6-conservative,2026-08-14T19:29:58+08:00
GFEX-WR-20250904,2025-09-04,accepted,,f889c9c7b5879b030388532177b8477f26916f9f4e09515e60fdd6e18818b7b5,lithium-v3-deepseek-v4-flash-predicate-v6-conservative,2026-08-14T19:29:58+08:00
GFEX-WR-20250905,2025-09-05,accepted,warehouse_receipt_increase:true_shorthand_anchored;authoritative_source:true_shorthand_anchored;quantitative_evidence:true_shorthand_anchored,baee5b284d4fa4dc1bfb0420f85273b7feca1028c3ffdeb0dd298c1ccf6f2d8b,lithium-v3-deepseek-v4-flash-predicate-v6-conservative,2026-08-14T19:29:58+08:00
GFEX-WR-20250908,2025-09-08,accepted,warehouse_receipt_increase:true_shorthand_anchored;authoritative_source:true_shorthand_anchored;quantitative_evidence:true_shorthand_anchored,94894e0bf1dd133d401aafd37439ea7e91505414921874697f1d940a797a754a,lithium-v3-deepseek-v4-flash-predicate-v6-conservative,2026-08-14T19:29:58+08:00
CNINFO-300390-1224658106,2025-09-13,accepted,,e8329330941025900e75eca76d02f7467db8159d61f86b37790698d42ffeed18,lithium-v3-deepseek-v4-flash-predicate-v6-conservative,2026-08-14T19:29:59+08:00
LC-TEXT-0022,2025-09-22,accepted,demand_ev_positive:unverifiable_true_demoted;policy_demand_support:true_shorthand_anchored;authoritative_source:true_shorthand_anchored;quantitative_evidence:true_shorthand_anchored;uncertainty_high:unverifiable_true_demoted,f71729eeb9a6320a05c322bb3105a9fd5d38792618534424513be3c70b3f0dae,lithium-v3-deepseek-v4-flash-predicate-v6-conservative,2026-08-14T19:29:58+08:00
CNINFO-002240-1224674863,2025-09-23,accepted,supply_expansion:unverifiable_true_demoted;authoritative_source:true_shorthand_anchored;quantitative_evidence:true_shorthand_anchored;uncertainty_high:true_shorthand_anchored,8556dedd133ce49ea41e91b869e714573794a11ac568f6f11af2b52fd5bf0b26,lithium-v3-deepseek-v4-flash-predicate-v6-conservative,2026-08-14T19:29:59+08:00
CNINFO-000762-1224680350,2025-09-26,accepted,,09ca3d9341f3539ed6f4d007ece08f6a74c3731ada601f4e93aed9cd2812ac04,lithium-v3-deepseek-v4-flash-predicate-v6-conservative,2026-08-14T19:30:00+08:00
CNINFO-000792-1224684751,2025-09-29,accepted,,dcc873e4a6633889e01648b46e42aabc796077d32462682f04c0e46352939840,lithium-v3-deepseek-v4-flash-predicate-v6-conservative,2026-08-14T19:29:59+08:00
CNINFO-002594-1224697528,2025-10-09,accepted,demand_ev_positive:true_shorthand_anchored;demand_storage_positive:unverifiable_true_demoted;authoritative_source:true_shorthand_anchored;quantitative_evidence:true_shorthand_anchored,f54fa98cd211996834a5995f73a71e817f2fcb48a7a0b9c877e8d63eb9a8e379,lithium-v3-deepseek-v4-flash-predicate-v6-conservative,2026-08-14T19:29:59+08:00
LC-TEXT-0023,2025-10-09,accepted,demand_ev_positive:unverifiable_true_demoted;policy_demand_support:true_shorthand_anchored;authoritative_source:true_shorthand_anchored;quantitative_evidence:true_shorthand_anchored,65186b8155a953985291f988f65ab3b255deae7b60bec70038ff389318c3418b,lithium-v3-deepseek-v4-flash-predicate-v6-conservative,2026-08-14T19:30:00+08:00
CNINFO-000408-1224705558,2025-10-10,accepted,supply_expansion:unverifiable_quote_demoted,64fa7f1ac8c348007205a88029c2e02d31e72c2fc61301904ae145d54df64d94,lithium-v3-deepseek-v4-flash-predicate-v6-conservative,2026-08-14T19:30:01+08:00
GFEX-WR-20251013,2025-10-13,accepted,warehouse_receipt_decline:true_shorthand_anchored;authoritative_source:true_shorthand_anchored;quantitative_evidence:true_shorthand_anchored,bd3d7eb9f84e1ab82b31ba314f7fb7982ec1d258f21c1a08405a7de50d6d8b88,lithium-v3-deepseek-v4-flash-predicate-v6-conservative,2026-08-14T19:30:00+08:00
CNINFO-000408-1224709769,2025-10-14,accepted,production_resumption:quote_replaced_by_rule_anchor,7b0234f895130b04abf676fd0f7efbc0a6a6b140eaf9b03a70b4bdda091a945c,lithium-v3-deepseek-v4-flash-predicate-v6-conservative,2026-08-14T19:30:02+08:00
CNINFO-000792-1224708917,2025-10-14,accepted,authoritative_source:true_shorthand_anchored;quantitative_evidence:true_shorthand_anchored,1d8014c2a020b2337b5afbb2ee94366a5cdb58e8ca292b09528fc19903928d07,lithium-v3-deepseek-v4-flash-predicate-v6-conservative,2026-08-14T19:30:00+08:00
GFEX-WR-20251014,2025-10-14,accepted,warehouse_receipt_decline:true_shorthand_anchored;authoritative_source:true_shorthand_anchored;quantitative_evidence:true_shorthand_anchored,d348ccbe7dea85a31149c6d361b035ed9162077e49418be6b20f122cf0814527,lithium-v3-deepseek-v4-flash-predicate-v6-conservative,2026-08-14T19:30:00+08:00
GFEX-WR-20251015,2025-10-15,accepted,,be549478d3a1c4c0a96c6e04f5182d1f9f8d37709778095808550300b0b82672,lithium-v3-deepseek-v4-flash-predicate-v6-conservative,2026-08-14T19:30:01+08:00
GFEX-WR-20251016,2025-10-16,accepted,warehouse_receipt_decline:true_shorthand_anchored;authoritative_source:true_shorthand_anchored;quantitative_evidence:true_shorthand_anchored,a86e0adf89318b9a16442572ac68508da2d4ffb912e87033bda8933645707c35,lithium-v3-deepseek-v4-flash-predicate-v6-conservative,2026-08-14T19:30:01+08:00
CNINFO-002466-1224717739,2025-10-18,accepted,supply_expansion:true_shorthand_anchored;authoritative_source:true_shorthand_anchored;quantitative_evidence:true_shorthand_anchored;uncertainty_high:true_shorthand_anchored,bc12427aa7437fa2ad5e1c7cde657456eeff2b20fa7fcbc2eec651c3b18d7d0e,lithium-v3-deepseek-v4-flash-predicate-v6-conservative,2026-08-14T19:30:02+08:00
GFEX-WR-20251022,2025-10-22,accepted,,19f149d3620cd41ce823a8af7e0fb01a22a68044aaee5fda3772c9608ca7565b,lithium-v3-deepseek-v4-flash-predicate-v6-conservative,2026-08-14T19:30:02+08:00
CNINFO-300390-1224736852,2025-10-25,accepted,authoritative_source:true_shorthand_anchored;quantitative_evidence:unverifiable_true_demoted;uncertainty_high:true_shorthand_anchored,bf16e04e0db9cb251b4996e3cff4aa61aaa6ba6e8b633c6992ce29d14dae7310,lithium-v3-deepseek-v4-flash-predicate-v6-conservative,2026-08-14T19:30:01+08:00
GFEX-WR-20251027,2025-10-27,accepted,warehouse_receipt_decline:true_shorthand_anchored;authoritative_source:true_shorthand_anchored;quantitative_evidence:true_shorthand_anchored,4d95b804e4cd1b28434e9e8da0f5e941d6a13d2c882d0145c85e76d8c550ebe8,lithium-v3-deepseek-v4-flash-predicate-v6-conservative,2026-08-14T19:30:02+08:00
CNINFO-002460-1224755096,2025-10-29,accepted,demand_storage_positive:unverifiable_true_demoted;authoritative_source:true_shorthand_anchored;quantitative_evidence:unverifiable_true_demoted,260d8c85bf63ad9c18befe66fe922a2ae0c9f3e45c73e639124fddbf16afa116,lithium-v3-deepseek-v4-flash-predicate-v6-conservative,2026-08-14T19:30:02+08:00
CNINFO-002240-1224781544,2025-11-01,accepted,demand_ev_positive:unverifiable_true_demoted;demand_storage_positive:unverifiable_true_demoted;policy_demand_support:unverifiable_true_demoted;cost_support:unverifiable_true_demoted;authoritative_source:true_shorthand_anchored;quantitative_evidence:true_shorthand_anchored;uncertainty_high:true_shorthand_anchored,f3799f8309d8f757d39caaf4963dc28ad00a0d71b4caa53f5817cb7e6f5695d6,lithium-v3-deepseek-v4-flash-predicate-v6-conservative,2026-08-14T19:30:04+08:00
CNINFO-002594-1224781922,2025-11-03,accepted,demand_ev_positive:true_shorthand_anchored;demand_storage_positive:unverifiable_true_demoted;authoritative_source:true_shorthand_anchored;quantitative_evidence:true_shorthand_anchored,55ab35648dccfad60f7df592ca87e4f15848c5c9420194a1f64c7c18c0fc70ee,lithium-v3-deepseek-v4-flash-predicate-v6-conservative,2026-08-14T19:30:03+08:00
GFEX-WR-20251107,2025-11-07,accepted,warehouse_receipt_increase:true_shorthand_anchored;authoritative_source:true_shorthand_anchored;quantitative_evidence:true_shorthand_anchored,f216c7fc720458598dde009b1de123b03510228f8210419b8eb1e18f725dbced,lithium-v3-deepseek-v4-flash-predicate-v6-conservative,2026-08-14T19:30:02+08:00
CNINFO-002460-1224795440,2025-11-11,accepted,supply_expansion:unverifiable_true_demoted;authoritative_source:true_shorthand_anchored;quantitative_evidence:true_shorthand_anchored;uncertainty_high:true_shorthand_anchored,bdd9e156aeed61389ed2c2884f47f725131da38059fedba44986fd4c9d540d0c,lithium-v3-deepseek-v4-flash-predicate-v6-conservative,2026-08-14T19:30:04+08:00
CNINFO-002176-1224806565,2025-11-15,accepted,,7d529100b637b570b6c304c9cc178a51bac4f961f0b764e792f09592bc2e8fe1,lithium-v3-deepseek-v4-flash-predicate-v6-conservative,2026-08-14T19:30:03+08:00
CNINFO-002240-1224812521,2025-11-19,accepted,authoritative_source:true_shorthand_anchored;quantitative_evidence:true_shorthand_anchored;uncertainty_high:true_shorthand_anchored,aa87a39218f19b5b1caae17ba5a7658f7cbafe5bee3ef8d158d7f1f244439aab,lithium-v3-deepseek-v4-flash-predicate-v6-conservative,2026-08-14T19:30:04+08:00
GFEX-WR-20251128,2025-11-28,accepted,,9625e78ae81b5ca3cea0071c7b77a5bab64e661c5634eba5b7db4a5aa9253e68,lithium-v3-deepseek-v4-flash-predicate-v6-conservative,2026-08-14T19:30:04+08:00
GFEX-WR-20251201,2025-12-01,accepted,warehouse_receipt_increase:true_shorthand_anchored;authoritative_source:true_shorthand_anchored;quantitative_evidence:true_shorthand_anchored,5e80155f4eff3692ad1612bfd495a39d74f19ae61871d38afb7d9f5b501501d8,lithium-v3-deepseek-v4-flash-predicate-v6-conservative,2026-08-14T19:30:04+08:00
CNINFO-002594-1224841562,2025-12-02,accepted,demand_ev_positive:true_shorthand_anchored;demand_storage_positive:unverifiable_true_demoted;authoritative_source:true_shorthand_anchored;quantitative_evidence:true_shorthand_anchored,202a6cb48babf42481951426dd594864792c9c4021deb281f3205edc9a1e5f68,lithium-v3-deepseek-v4-flash-predicate-v6-conservative,2026-08-14T19:30:03+08:00
LC-TEXT-0024,2025-12-02,accepted,authoritative_source:true_shorthand_anchored;quantitative_evidence:true_shorthand_anchored,a80fa40cf92570ce04394a1444e5238d1c501254648bc3f2a3e217ccbffea230,lithium-v3-deepseek-v4-flash-predicate-v6-conservative,2026-08-14T19:30:04+08:00
GFEX-WR-20251208,2025-12-08,accepted,warehouse_receipt_increase:true_shorthand_anchored;authoritative_source:true_shorthand_anchored;quantitative_evidence:true_shorthand_anchored,d095ec65518c19b51b9db423f26e72fff4611073cc10a07c0ab9ac18e59b4b17,lithium-v3-deepseek-v4-flash-predicate-v6-conservative,2026-08-14T19:30:04+08:00
CNINFO-002466-1224858142,2025-12-09,accepted,authoritative_source:true_shorthand_anchored;uncertainty_high:true_shorthand_anchored,36962ed7ddd94666c22a358f4424f4f95124585a1e7cc8ed1e0fc9f892a70b4c,lithium-v3-deepseek-v4-flash-predicate-v6-conservative,2026-08-14T19:30:04+08:00
CNINFO-300390-1224862955,2025-12-10,accepted,,2dd16b5716b701d4a3115d9fbd00bce11f7373de44520413744e1f78d53333df,lithium-v3-deepseek-v4-flash-predicate-v6-conservative,2026-08-14T19:30:05+08:00
GFEX-WR-20251211,2025-12-11,accepted,warehouse_receipt_increase:true_shorthand_anchored;authoritative_source:true_shorthand_anchored;quantitative_evidence:true_shorthand_anchored,70dbc578c6c97535b742e93c4e9c9c9ab8c451b37a602f88fe2c93ee73bd64c5,lithium-v3-deepseek-v4-flash-predicate-v6-conservative,2026-08-14T19:30:06+08:00
LC-TEXT-0025,2025-12-11,accepted,,0853af9da07e5837c84fb4f1160a2062e90eb5c290bb14610de4267d249f3feb,lithium-v3-deepseek-v4-flash-predicate-v6-conservative,2026-08-14T19:30:06+08:00
LC-TEXT-0026,2025-12-16,accepted,supply_disruption:unverifiable_quote_demoted,e9502732d1abc0e8c3d70bacb9c0c4a60a35b7b292b042dc66602caaca13e847,lithium-v3-deepseek-v4-flash-predicate-v6-conservative,2026-08-14T19:30:07+08:00
CNINFO-000408-1224882118,2025-12-17,accepted,,c273d1e701385615471ac65e7b4ad93776ff2fd57967b04b48949acfccfeca17,lithium-v3-deepseek-v4-flash-predicate-v6-conservative,2026-08-14T19:30:06+08:00
CNINFO-002176-1224880823,2025-12-17,accepted,,4f040f445efc9fc4c008b6f8b7f2e7174dbac2811ecf578d725202638267c587,lithium-v3-deepseek-v4-flash-predicate-v6-conservative,2026-08-14T19:30:07+08:00
CNINFO-002240-1224888567,2025-12-20,accepted,quantitative_evidence:quote_replaced_by_rule_anchor,7a658ed951fc6736cc5a0db4c7f909c46e51a13be5a630443fd26a189f2a66c9,lithium-v3-deepseek-v4-flash-predicate-v6-conservative,2026-08-14T19:30:07+08:00
CNINFO-002466-1224887213,2025-12-20,accepted,,57dbc42304f9255d29c410cfa1c41aba55cd5ff170425538076b5d3479a86762,lithium-v3-deepseek-v4-flash-predicate-v6-conservative,2026-08-14T19:30:06+08:00
GFEX-WR-20251222,2025-12-22,accepted,warehouse_receipt_increase:true_shorthand_anchored;authoritative_source:true_shorthand_anchored;quantitative_evidence:true_shorthand_anchored,5d517acc880099d037a316eba3e33f8faa836ef2d2c26c261c86ca493b6752cf,lithium-v3-deepseek-v4-flash-predicate-v6-conservative,2026-08-14T19:30:06+08:00
CNINFO-300390-1224893767,2025-12-23,accepted,,aec8814efaaebb4475007081fc4f202ce23cff028ceba3d383d6783ae9fb9f08,lithium-v3-deepseek-v4-flash-predicate-v6-conservative,2026-08-14T19:30:07+08:00
CNINFO-002738-1224893161,2025-12-24,accepted,delivery_pressure:unverifiable_true_demoted;authoritative_source:true_shorthand_anchored;quantitative_evidence:unverifiable_true_demoted,2f5e95cc908f60e8d3c27880af30c36a02c7be567786e7e1e50e924043fac94c,lithium-v3-deepseek-v4-flash-predicate-v6-conservative,2026-08-14T19:30:07+08:00
CNINFO-002176-1224896476,2025-12-25,accepted,,f46595dbfeae117452755c9ef35f02783395d4e932ded28dbf6473d543afd7cd,lithium-v3-deepseek-v4-flash-predicate-v6-conservative,2026-08-14T19:30:07+08:00
CNINFO-002466-1224904358,2025-12-30,accepted,,c7a837df005f48d2f8f21ccbc3e05f5f145aaffb8122010d8cfde20648ea7dd9,lithium-v3-deepseek-v4-flash-predicate-v6-conservative,2026-08-14T19:30:07+08:00
GFEX-WR-20251230,2025-12-30,accepted,,b618b23efd4173ed9d9727ccdb5fb1b6f861e8b1863149650caad2f76ba99b8e,lithium-v3-deepseek-v4-flash-predicate-v6-conservative,2026-08-14T19:30:08+08:00
CNINFO-000792-1224910262,2025-12-31,accepted,quantitative_evidence:quote_replaced_by_rule_anchor,6795112c44dcf7cf5a905313a51d1d233f079243d0349e5151a7e32c98968a68,lithium-v3-deepseek-v4-flash-predicate-v6-conservative,2026-08-14T19:30:08+08:00
CNINFO-000792-1224913914,2025-12-31,accepted,,58a89b489de9cf1174b1855dafb7d678c315ab073890c73bf732db1addbb9b0f,lithium-v3-deepseek-v4-flash-predicate-v6-conservative,2026-08-14T19:30:08+08:00
CNINFO-002240-1224910270,2025-12-31,accepted,supply_expansion:unverifiable_true_demoted;authoritative_source:true_shorthand_anchored;quantitative_evidence:true_shorthand_anchored;uncertainty_high:true_shorthand_anchored,9b7c0cfff2fa5114cea9ab9572e9b2418783261fcd931f366b859ad647fdc7c9,lithium-v3-deepseek-v4-flash-predicate-v6-conservative,2026-08-14T19:30:08+08:00
CNINFO-300390-1224913939,2025-12-31,accepted,supply_expansion:unverifiable_true_demoted;authoritative_source:true_shorthand_anchored;quantitative_evidence:unverifiable_true_demoted;uncertainty_high:true_shorthand_anchored,3c625374ccf3e74b164c3c511872341d39c5c6fa7738558298797428e52d1628,lithium-v3-deepseek-v4-flash-predicate-v6-conservative,2026-08-14T19:30:08+08:00
GFEX-WR-20260106,2026-01-06,accepted,warehouse_receipt_increase:true_shorthand_anchored;authoritative_source:true_shorthand_anchored;quantitative_evidence:true_shorthand_anchored,46ea307c4e481fe8d59aec6d08d699eae7ba5e83a9c74e1c3f9933b2bcc938ad,lithium-v3-deepseek-v4-flash-predicate-v6-conservative,2026-08-14T19:30:09+08:00
GFEX-WR-20260107,2026-01-07,accepted,,353bf6d81697ec91662d0391b4d23daf57e82f4036e34ad9cc54ad9f4065aaca,lithium-v3-deepseek-v4-flash-predicate-v6-conservative,2026-08-14T19:30:09+08:00
LC-TEXT-0027,2026-01-08,accepted,,5558a82c220a7cca375132a482788fe5600cae8293eec23d43972f5d1730c302,lithium-v3-deepseek-v4-flash-predicate-v6-conservative,2026-08-14T19:30:10+08:00
LC-TEXT-0028,2026-01-12,accepted,authoritative_source:true_shorthand_anchored,6bdb3247508cf721c64faa693b20b2d23e8a2f2fa255b7ca0de1dc2cb6767eda,lithium-v3-deepseek-v4-flash-predicate-v6-conservative,2026-08-14T19:30:09+08:00
GFEX-WR-20260113,2026-01-13,accepted,,9e4dc9b543231adc16c2015a423355a3287d3f8b99182358ae1823967180be83,lithium-v3-deepseek-v4-flash-predicate-v6-conservative,2026-08-14T19:30:10+08:00
LC-TEXT-0029,2026-01-16,accepted,demand_ev_positive:unverifiable_true_demoted;authoritative_source:unverifiable_true_demoted;quantitative_evidence:true_shorthand_anchored,a8a64409338dbfc4b9c79b2827009f8fa051eac59de9f9d85b5bec3bd3e570cc,lithium-v3-deepseek-v4-flash-predicate-v6-conservative,2026-08-14T19:30:09+08:00
GFEX-WR-20260121,2026-01-21,accepted,warehouse_receipt_increase:true_shorthand_anchored;authoritative_source:true_shorthand_anchored;quantitative_evidence:true_shorthand_anchored,16fb684b64989f81f6d580b1094457e3e3101cd68fa4328e4ecdd4b9bdd03ab0,lithium-v3-deepseek-v4-flash-predicate-v6-conservative,2026-08-14T19:30:09+08:00
LC-TEXT-0030,2026-01-22,accepted,,ea9fc3eec6b42277d7244bda381b530648ee6b7aa293dc44d970ca29caa77a53,lithium-v3-deepseek-v4-flash-predicate-v6-conservative,2026-08-14T19:30:11+08:00
LC-TEXT-0031,2026-01-30,accepted,,90c521b0c181382818155112822cc9e971164b004dedbcb748c1be838c1cdcf2,lithium-v3-deepseek-v4-flash-predicate-v6-conservative,2026-08-14T19:30:09+08:00
LC-TEXT-0032,2026-01-30,accepted,policy_demand_support:quote_replaced_by_rule_anchor,9970ba86659bb432925867b92684d44fbd3a5894465a78b4e03a0a89d4b71dab,lithium-v3-deepseek-v4-flash-predicate-v6-conservative,2026-08-14T19:30:11+08:00
LC-TEXT-0033,2026-01-30,accepted,demand_storage_positive:unverifiable_true_demoted;policy_demand_support:unverifiable_true_demoted;authoritative_source:true_shorthand_anchored,8afc746f0c033534e07e667681f8be2938bde64e8d3599a1a6192e58acce639d,lithium-v3-deepseek-v4-flash-predicate-v6-conservative,2026-08-14T19:30:10+08:00
GFEX-WR-20260202,2026-02-02,accepted,warehouse_receipt_increase:true_shorthand_anchored;authoritative_source:true_shorthand_anchored;quantitative_evidence:true_shorthand_anchored,af2c04a97445d5e0e22f363ac97b4ee5ad59c9a0b0ae73ea84f42caca1299ece,lithium-v3-deepseek-v4-flash-predicate-v6-conservative,2026-08-14T19:30:11+08:00
GFEX-WR-20260203,2026-02-03,accepted,warehouse_receipt_increase:true_shorthand_anchored;authoritative_source:true_shorthand_anchored;quantitative_evidence:true_shorthand_anchored,828429cb94409d486687c28c900fc99f747ed905c23f856d85d5a646eef9792e,lithium-v3-deepseek-v4-flash-predicate-v6-conservative,2026-08-14T19:30:10+08:00
GFEX-WR-20260204,2026-02-04,accepted,,e20efb16e7b7e519c09b9080ebdf7fd78f18bd04f15e17bf496e2523595287bb,lithium-v3-deepseek-v4-flash-predicate-v6-conservative,2026-08-14T19:30:11+08:00
LC-TEXT-0034,2026-02-04,accepted,demand_ev_positive:true_shorthand_anchored;policy_demand_support:true_shorthand_anchored;authoritative_source:true_shorthand_anchored;quantitative_evidence:true_shorthand_anchored,29a2427f395e2b10c15bc3b794500a54355257c2728f8543b3018a042e5ea223,lithium-v3-deepseek-v4-flash-predicate-v6-conservative,2026-08-14T19:30:12+08:00
GFEX-WR-20260209,2026-02-09,accepted,inventory_build:unverifiable_true_demoted;warehouse_receipt_increase:true_shorthand_anchored;delivery_pressure:unverifiable_true_demoted;authoritative_source:true_shorthand_anchored;quantitative_evidence:true_shorthand_anchored,1da2ad3dde8abf9e2981a279bad0f9a5996a89b17a72e1bfa155ad0adc88e40b,lithium-v3-deepseek-v4-flash-predicate-v6-conservative,2026-08-14T19:30:12+08:00
GFEX-WR-20260210,2026-02-10,accepted,warehouse_receipt_increase:true_shorthand_anchored;delivery_pressure:unverifiable_true_demoted;authoritative_source:true_shorthand_anchored;quantitative_evidence:true_shorthand_anchored,5d608e79c3d54f77dc444f7ed45d0c12e2d3b6e31e6a599ab0a9359095644acc,lithium-v3-deepseek-v4-flash-predicate-v6-conservative,2026-08-14T19:30:12+08:00
GFEX-WR-20260212,2026-02-12,accepted,,7d7cfa7776b12ab32ce6be693aa9117b40c4abf220fc3ad6368f4553bb2b2d41,lithium-v3-deepseek-v4-flash-predicate-v6-conservative,2026-08-14T19:30:12+08:00
GFEX-WR-20260213,2026-02-13,accepted,warehouse_receipt_increase:true_shorthand_anchored;delivery_pressure:unverifiable_true_demoted;authoritative_source:true_shorthand_anchored;quantitative_evidence:true_shorthand_anchored,41afdf2def9f4cbf7d2ffd5f490db174c52e61130bfa2fbd51b55d991d6f0690,lithium-v3-deepseek-v4-flash-predicate-v6-conservative,2026-08-14T19:30:11+08:00
LC-TEXT-0035,2026-03-03,accepted,,a4baa85544006e978d1b18c614a1336e0c7837b20a4bc0be0ab5fd15f59fbd26,lithium-v3-deepseek-v4-flash-predicate-v6-conservative,2026-08-14T19:30:11+08:00
LC-TEXT-0036,2026-03-03,accepted,quantitative_evidence:quote_replaced_by_rule_anchor,541faa1d6c41f76a43c82db4e3b85e5b75118ec429322f62c643f39811e3f407,lithium-v3-deepseek-v4-flash-predicate-v6-conservative,2026-08-14T19:30:12+08:00
LC-TEXT-0037,2026-03-06,accepted,demand_ev_positive:unverifiable_true_demoted;policy_demand_support:unverifiable_true_demoted;authoritative_source:true_shorthand_anchored;quantitative_evidence:true_shorthand_anchored;uncertainty_high:unverifiable_true_demoted,11d368b181c7709ba7bfb967c8ea63e6a69b60c248b01203a796a4e29c072b00,lithium-v3-deepseek-v4-flash-predicate-v6-conservative,2026-08-14T19:30:12+08:00
LC-TEXT-0038,2026-03-12,accepted,demand_ev_positive:unverifiable_true_demoted;authoritative_source:unverifiable_true_demoted;quantitative_evidence:true_shorthand_anchored,77d1dd0f43adc7ba152c49077472843fe279493d4bd0ad9e9f4966c9778cb91d,lithium-v3-deepseek-v4-flash-predicate-v6-conservative,2026-08-14T19:30:13+08:00
LC-TEXT-0039,2026-03-13,accepted,,1c53e848e8ce5bbcf5b00db0260f8ed7dd046be3700757d7d53ce1bfc5629146,lithium-v3-deepseek-v4-flash-predicate-v6-conservative,2026-08-14T19:30:13+08:00
GFEX-WR-20260319,2026-03-19,accepted,inventory_drawdown:unverifiable_true_demoted;warehouse_receipt_decline:true_shorthand_anchored;authoritative_source:true_shorthand_anchored;quantitative_evidence:true_shorthand_anchored,e4d7733af71f719565896d9d04ed5b40b6f81156bd09f3a03cd7a8e4fa9fa976,lithium-v3-deepseek-v4-flash-predicate-v6-conservative,2026-08-14T19:30:13+08:00
LC-TEXT-0040,2026-03-23,accepted,demand_ev_positive:unverifiable_true_demoted;policy_demand_support:unverifiable_true_demoted;authoritative_source:true_shorthand_anchored,5c7fb70a3cdcbc0924f4deecf3c8666286385d1a8067eb25e7211069bf0ee133,lithium-v3-deepseek-v4-flash-predicate-v6-conservative,2026-08-14T19:30:13+08:00
GFEX-WR-20260324,2026-03-24,accepted,warehouse_receipt_decline:true_shorthand_anchored;authoritative_source:true_shorthand_anchored;quantitative_evidence:true_shorthand_anchored,5d7f67fd4907301894946081c94559fe75c15e1366dc228e6444d317bac18a9e,lithium-v3-deepseek-v4-flash-predicate-v6-conservative,2026-08-14T19:30:13+08:00
LC-TEXT-0041,2026-03-27,accepted,demand_storage_positive:unverifiable_quote_demoted,4c78f14b099b25939f11ce9097b70590ed1af0324e838436e58cba1932ba30c6,lithium-v3-deepseek-v4-flash-predicate-v6-conservative,2026-08-14T19:30:15+08:00
GFEX-WR-20260330,2026-03-30,accepted,inventory_build:unverifiable_true_demoted;warehouse_receipt_increase:true_shorthand_anchored;delivery_pressure:unverifiable_true_demoted;authoritative_source:true_shorthand_anchored;quantitative_evidence:true_shorthand_anchored,1eb49a6ab9968fe37ef30b95f6dea53bd91e65a9c4206a94480d7911498bf272,lithium-v3-deepseek-v4-flash-predicate-v6-conservative,2026-08-14T19:30:14+08:00
GFEX-WR-20260331,2026-03-31,accepted,warehouse_receipt_decline:true_shorthand_anchored;authoritative_source:true_shorthand_anchored;quantitative_evidence:true_shorthand_anchored,cdca4edf861d4d1461589f35d75abae63a073314114f5cf82329f0b959b9023d,lithium-v3-deepseek-v4-flash-predicate-v6-conservative,2026-08-14T19:30:14+08:00
GFEX-WR-20260401,2026-04-01,accepted,warehouse_receipt_increase:true_shorthand_anchored;authoritative_source:true_shorthand_anchored;quantitative_evidence:true_shorthand_anchored,b5d06ef7f048bddbc6c7b6fe1fc0f5e4b526000f237612c903a677f3306f4225,lithium-v3-deepseek-v4-flash-predicate-v6-conservative,2026-08-14T19:30:14+08:00
LC-TEXT-0042,2026-04-01,accepted,authoritative_source:true_shorthand_anchored,5e9c191108a2be72a35fd71c04d5e1f23be9188ae16e82085de367ac85f5b4b6,lithium-v3-deepseek-v4-flash-predicate-v6-conservative,2026-08-14T19:30:14+08:00
GFEX-WR-20260402,2026-04-02,accepted,,84ab4dd30de5d2625952d321df9ff3aa5ca954a1997b1060b5bfd55449b7569a,lithium-v3-deepseek-v4-flash-predicate-v6-conservative,2026-08-14T19:30:14+08:00
GFEX-WR-20260403,2026-04-03,accepted,inventory_build:unverifiable_true_demoted;warehouse_receipt_increase:true_shorthand_anchored;authoritative_source:true_shorthand_anchored;quantitative_evidence:true_shorthand_anchored,2e75a8a26904369d35a87dda1559c4259a314312c80f3374eceb7fdbc0a6bd9e,lithium-v3-deepseek-v4-flash-predicate-v6-conservative,2026-08-14T19:30:15+08:00
GFEX-WR-20260408,2026-04-08,accepted,warehouse_receipt_increase:true_shorthand_anchored;authoritative_source:true_shorthand_anchored;quantitative_evidence:true_shorthand_anchored,d5338323590a9e01332e2ab197c342c41a137aef548094ea83a2e0627f250221,lithium-v3-deepseek-v4-flash-predicate-v6-conservative,2026-08-14T19:30:14+08:00
LC-TEXT-0043,2026-04-08,accepted,,8bcfbce75ad2fd721a0268cc05fc7cffe182eac9f6b258b613d9150916dbe9c7,lithium-v3-deepseek-v4-flash-predicate-v6-conservative,2026-08-14T19:30:15+08:00
GFEX-WR-20260409,2026-04-09,accepted,warehouse_receipt_increase:true_shorthand_anchored;authoritative_source:true_shorthand_anchored;quantitative_evidence:true_shorthand_anchored,a563cf601923377fb114e0f9c99e7a1bc3811f24e1880ed90f24945b5402a3dc,lithium-v3-deepseek-v4-flash-predicate-v6-conservative,2026-08-14T19:30:15+08:00
LC-TEXT-0044,2026-04-13,accepted,demand_storage_positive:unverifiable_true_demoted;authoritative_source:true_shorthand_anchored;quantitative_evidence:true_shorthand_anchored,0f34bc71b7a090bb38af6b7caf6678d719d90c0492ff60b6a5f4b0f01cc0ce4b,lithium-v3-deepseek-v4-flash-predicate-v6-conservative,2026-08-14T19:30:16+08:00
LC-TEXT-0045,2026-04-13,accepted,,25dcd205b225ed6088785e8589f95c1e8062b9145a22b5ce43afe2bf6103203c,lithium-v3-deepseek-v4-flash-predicate-v6-conservative,2026-08-14T19:30:16+08:00
GFEX-WR-20260414,2026-04-14,accepted,warehouse_receipt_increase:true_shorthand_anchored;authoritative_source:true_shorthand_anchored;quantitative_evidence:true_shorthand_anchored,67509b59d727d0dc1a7831a3828db6b6fab1495254648e61ecd30ff52055f413,lithium-v3-deepseek-v4-flash-predicate-v6-conservative,2026-08-14T19:30:15+08:00
GFEX-WR-20260415,2026-04-15,accepted,warehouse_receipt_increase:true_shorthand_anchored;authoritative_source:true_shorthand_anchored;quantitative_evidence:true_shorthand_anchored,4ffc69718fd5bf49c5bf6c6c29c9fcfa85196ef3f8573f66b6c9e193b8de69af,lithium-v3-deepseek-v4-flash-predicate-v6-conservative,2026-08-14T19:30:16+08:00
GFEX-WR-20260416,2026-04-16,accepted,warehouse_receipt_increase:true_shorthand_anchored;authoritative_source:true_shorthand_anchored;quantitative_evidence:true_shorthand_anchored,96b69b58a3af8b9eab4e596620898d533801879ecafea5a2c91d4dfdb1ff1c2a,lithium-v3-deepseek-v4-flash-predicate-v6-conservative,2026-08-14T19:30:16+08:00
LC-TEXT-0046,2026-04-17,accepted,,834f7285fc9ae94736461ea5c9d461b60887d1aa7e79936a8251d05544054c24,lithium-v3-deepseek-v4-flash-predicate-v6-conservative,2026-08-14T19:30:17+08:00
GFEX-WR-20260421,2026-04-21,accepted,warehouse_receipt_increase:true_shorthand_anchored;authoritative_source:true_shorthand_anchored;quantitative_evidence:true_shorthand_anchored,c36ccbebf4a45c47391a242556432eca70036cc63604758a3ddf388b77bd9639,lithium-v3-deepseek-v4-flash-predicate-v6-conservative,2026-08-14T19:30:16+08:00
LC-TEXT-0047,2026-04-21,accepted,,2c5647512e7e8c61f71f52095197979147c0fb254a0766201ce3f40e35707aa2,lithium-v3-deepseek-v4-flash-predicate-v6-conservative,2026-08-14T19:30:17+08:00
GFEX-WR-20260424,2026-04-24,accepted,warehouse_receipt_increase:true_shorthand_anchored;authoritative_source:true_shorthand_anchored;quantitative_evidence:true_shorthand_anchored,24032dd2883c9418588012412cdd635ace8c57ca056678d8c143202cc3ee73d9,lithium-v3-deepseek-v4-flash-predicate-v6-conservative,2026-08-14T19:30:17+08:00
GFEX-WR-20260427,2026-04-27,accepted,warehouse_receipt_increase:true_shorthand_anchored;authoritative_source:true_shorthand_anchored;quantitative_evidence:true_shorthand_anchored,0aa9427b17da7aa959778c44d747e6f908e3400713792f6181a913f19f491de0,lithium-v3-deepseek-v4-flash-predicate-v6-conservative,2026-08-14T19:30:16+08:00
LC-TEXT-0048,2026-04-27,accepted,authoritative_source:true_shorthand_anchored,83ce726cac834bcf8d8cadd1812f3dbe51b63a9d3bb9fa13875b8de45910a440,lithium-v3-deepseek-v4-flash-predicate-v6-conservative,2026-08-14T19:30:17+08:00
LC-TEXT-0049,2026-04-27,accepted,authoritative_source:true_shorthand_anchored;quantitative_evidence:true_shorthand_anchored,85bd60ad6ea8ce3dd4df46fce5e9c7e04b881bf390ae990e159e9f32ebfce095,lithium-v3-deepseek-v4-flash-predicate-v6-conservative,2026-08-14T19:30:18+08:00
GFEX-WR-20260428,2026-04-28,accepted,warehouse_receipt_increase:true_shorthand_anchored;delivery_pressure:unverifiable_true_demoted;authoritative_source:true_shorthand_anchored;quantitative_evidence:true_shorthand_anchored,8d431d748a16e06040c2aa3866f55ba03cf3a049b40609b18c90f5a2b52a061f,lithium-v3-deepseek-v4-flash-predicate-v6-conservative,2026-08-14T19:30:18+08:00
LC-TEXT-0050,2026-04-28,accepted,authoritative_source:unverifiable_true_demoted;quantitative_evidence:true_shorthand_anchored,791d50ed4dfc38aa8f190d7f5ab06427b13a5a235859d7e8819b6d8975846861,lithium-v3-deepseek-v4-flash-predicate-v6-conservative,2026-08-14T19:30:18+08:00
GFEX-WR-20260430,2026-04-30,accepted,warehouse_receipt_increase:true_shorthand_anchored;authoritative_source:true_shorthand_anchored;quantitative_evidence:true_shorthand_anchored,43cfb758ab6e908775e348b551e59e4410f764e979f2876a00abf3571a5fa71e,lithium-v3-deepseek-v4-flash-predicate-v6-conservative,2026-08-14T19:30:18+08:00
GFEX-WR-20260506,2026-05-06,accepted,warehouse_receipt_increase:true_shorthand_anchored;authoritative_source:true_shorthand_anchored;quantitative_evidence:true_shorthand_anchored,f918b39c901073a712373c797e91fdb1fe8b0474376a2efa5e89a236e999a005,lithium-v3-deepseek-v4-flash-predicate-v6-conservative,2026-08-14T19:30:17+08:00
GFEX-WR-20260507,2026-05-07,accepted,inventory_build:unverifiable_true_demoted;warehouse_receipt_increase:true_shorthand_anchored;delivery_pressure:unverifiable_true_demoted;authoritative_source:true_shorthand_anchored;quantitative_evidence:true_shorthand_anchored,b315130f7eb9813b1935673917b8b45a2cd84fa0853251b4098888da4dc4011c,lithium-v3-deepseek-v4-flash-predicate-v6-conservative,2026-08-14T19:30:18+08:00
GFEX-WR-20260508,2026-05-08,accepted,warehouse_receipt_increase:true_shorthand_anchored;authoritative_source:true_shorthand_anchored;quantitative_evidence:true_shorthand_anchored,2329e8c1e60617dd1fe8401cf4eb13ae6a8ccd25d7d5f3900a6ca91820b9ef5b,lithium-v3-deepseek-v4-flash-predicate-v6-conservative,2026-08-14T19:30:18+08:00
LC-TEXT-0051,2026-05-09,accepted,policy_demand_support:true_shorthand_anchored;authoritative_source:true_shorthand_anchored,d1d2504548ceeb566d149171dd1ec68d570dfab5783b4d5e127037e06315ed53,lithium-v3-deepseek-v4-flash-predicate-v6-conservative,2026-08-14T19:30:19+08:00
GFEX-WR-20260512,2026-05-12,accepted,warehouse_receipt_increase:true_shorthand_anchored;authoritative_source:true_shorthand_anchored;quantitative_evidence:true_shorthand_anchored,00f862db0853e79b437d85386a4ea7c81372dbc090abcfb313df887ec9731f48,lithium-v3-deepseek-v4-flash-predicate-v6-conservative,2026-08-14T19:30:18+08:00
GFEX-WR-20260513,2026-05-13,accepted,warehouse_receipt_increase:true_shorthand_anchored;authoritative_source:true_shorthand_anchored;quantitative_evidence:true_shorthand_anchored,3496057f69a5dfd5963da3a763dec3c72c67d9fc3db7d231ab893e012c3277ba,lithium-v3-deepseek-v4-flash-predicate-v6-conservative,2026-08-14T19:30:18+08:00
GFEX-WR-20260514,2026-05-14,accepted,warehouse_receipt_increase:true_shorthand_anchored;authoritative_source:true_shorthand_anchored;quantitative_evidence:true_shorthand_anchored,7062266b7757b9081adb8c8a72e098a69ca6bda793d5bb3a77d4b7ed6a734617,lithium-v3-deepseek-v4-flash-predicate-v6-conservative,2026-08-14T19:30:19+08:00
GFEX-WR-20260515,2026-05-15,accepted,warehouse_receipt_increase:true_shorthand_anchored;authoritative_source:true_shorthand_anchored;quantitative_evidence:true_shorthand_anchored,51a2159cc5a06fb7af1c68d6fce45d830ce6a9ce252982f800db049278937a3d,lithium-v3-deepseek-v4-flash-predicate-v6-conservative,2026-08-14T19:30:18+08:00
GFEX-WR-20260518,2026-05-18,accepted,,d8caf56fa1142d640457de609971c8c5c629aa69811083ff82696f29c58d28f5,lithium-v3-deepseek-v4-flash-predicate-v6-conservative,2026-08-14T19:30:19+08:00
LC-TEXT-0052,2026-05-18,accepted,authoritative_source:unverifiable_true_demoted,1e773e752ed2e377875f110f9a5040c89b405e15eab63bb01d7ee10281e9ff12,lithium-v3-deepseek-v4-flash-predicate-v6-conservative,2026-08-14T19:30:19+08:00
GFEX-WR-20260525,2026-05-25,accepted,warehouse_receipt_decline:true_shorthand_anchored;authoritative_source:true_shorthand_anchored;quantitative_evidence:true_shorthand_anchored,98c472098cba772a004f3a716804c56357aa03b368ea776a7dcf089c4cad8c99,lithium-v3-deepseek-v4-flash-predicate-v6-conservative,2026-08-14T19:30:20+08:00
GFEX-WR-20260526,2026-05-26,accepted,warehouse_receipt_increase:true_shorthand_anchored;authoritative_source:true_shorthand_anchored;quantitative_evidence:true_shorthand_anchored,57dfa02ff1378805fb4f724970b40fc9c81774c2455bf44ee0cc629349a09934,lithium-v3-deepseek-v4-flash-predicate-v6-conservative,2026-08-14T19:30:20+08:00
LC-TEXT-0053,2026-05-27,accepted,authoritative_source:true_shorthand_anchored;uncertainty_high:unverifiable_true_demoted,f5adedc4578c890c4f5a769b6008048abc27f3a9e33fbaed9d78fc9145b7a12a,lithium-v3-deepseek-v4-flash-predicate-v6-conservative,2026-08-14T19:30:19+08:00
GFEX-WR-20260601,2026-06-01,accepted,,eb3321ca9a528f25c32d87097584f69e6c748ffa5b1d2de84da15b9f0af27de6,lithium-v3-deepseek-v4-flash-predicate-v6-conservative,2026-08-14T19:30:20+08:00
LC-TEXT-0054,2026-06-01,accepted,authoritative_source:unverifiable_true_demoted;uncertainty_high:unverifiable_true_demoted,8d54a65fa43430c796bc8e7a68d38ef93cf0362bd5766203107777f4cc13ddd7,lithium-v3-deepseek-v4-flash-predicate-v6-conservative,2026-08-14T19:30:20+08:00
GFEX-WR-20260605,2026-06-05,accepted,inventory_drawdown:unverifiable_true_demoted;warehouse_receipt_decline:true_shorthand_anchored;authoritative_source:true_shorthand_anchored;quantitative_evidence:true_shorthand_anchored,e9125820fd3abed95ae810249d523cc16300748824a1eee3c2f59b4516be29d9,lithium-v3-deepseek-v4-flash-predicate-v6-conservative,2026-08-14T19:30:20+08:00
LC-TEXT-0055,2026-06-05,accepted,,cbd373645f885214afd3660f1b0923ce0bdf10227165492b54153a64c6060f9a,lithium-v3-deepseek-v4-flash-predicate-v6-conservative,2026-08-14T19:30:21+08:00
LC-TEXT-0056,2026-06-08,accepted,demand_storage_positive:true_shorthand_anchored;policy_demand_support:true_shorthand_anchored;authoritative_source:true_shorthand_anchored;quantitative_evidence:true_shorthand_anchored;uncertainty_high:unverifiable_true_demoted,b09ba18527d942c5b701f651e7623ca30bfc37e6a6882823d0afb673bd7d206b,lithium-v3-deepseek-v4-flash-predicate-v6-conservative,2026-08-14T19:30:20+08:00
LC-TEXT-0057,2026-06-09,accepted,,6cc0d23e9b1c370973d45ac0cb3c1ecc33b51ab384b637071e5d3b697dc3de15,lithium-v3-deepseek-v4-flash-predicate-v6-conservative,2026-08-14T19:30:21+08:00
LC-TEXT-0058,2026-06-09,accepted,,919db5c8b452967a7c631d76f3ce7b1d6d76537b380bd293bc11580aa39e5bc3,lithium-v3-deepseek-v4-flash-predicate-v6-conservative,2026-08-14T19:30:21+08:00
GFEX-WR-20260611,2026-06-11,accepted,warehouse_receipt_decline:true_shorthand_anchored;authoritative_source:true_shorthand_anchored;quantitative_evidence:true_shorthand_anchored,7e0cb3e30e420e88ee391dac8b28931df2f56d9c089514c20e96049e408e5957,lithium-v3-deepseek-v4-flash-predicate-v6-conservative,2026-08-14T19:30:22+08:00
GFEX-WR-20260612,2026-06-12,accepted,inventory_drawdown:unverifiable_true_demoted;warehouse_receipt_decline:true_shorthand_anchored;authoritative_source:true_shorthand_anchored;quantitative_evidence:true_shorthand_anchored,7532c2aa0acf96a75c3000b3e56787197110ebde497e15faebb32645f8f2eef4,lithium-v3-deepseek-v4-flash-predicate-v6-conservative,2026-08-14T19:30:22+08:00
LC-TEXT-0059,2026-06-15,accepted,demand_ev_positive:unverifiable_true_demoted;authoritative_source:unverifiable_true_demoted;quantitative_evidence:true_shorthand_anchored,1d5bdd935560769ea5d8dde046f200167c00c21d088b32309591656d6159c165,lithium-v3-deepseek-v4-flash-predicate-v6-conservative,2026-08-14T19:30:21+08:00
LC-TEXT-0060,2026-06-18,accepted,,598f5a74d889f2deb0ce01de640b4c0d20ac89939014b66fa10f9e297cc3668b,lithium-v3-deepseek-v4-flash-predicate-v6-conservative,2026-08-14T19:30:23+08:00
GFEX-WR-20260622,2026-06-22,accepted,warehouse_receipt_decline:true_shorthand_anchored;authoritative_source:true_shorthand_anchored;quantitative_evidence:true_shorthand_anchored,7483fa43d3af2d0efd15ee52233a921b523908190af2eb490e12df2cb9ea5f74,lithium-v3-deepseek-v4-flash-predicate-v6-conservative,2026-08-14T19:30:22+08:00
GFEX-WR-20260624,2026-06-24,accepted,,b0501f6ed74b540e2d15fbc3c175da3e70a275048f1664e8cabca03570d927c9,lithium-v3-deepseek-v4-flash-predicate-v6-conservative,2026-08-14T19:30:23+08:00
LC-TEXT-0061,2026-06-24,accepted,,343f02b2ffe67ff3d583bc81764d4fcb088c4c7fdfe396f274df360736a7918f,lithium-v3-deepseek-v4-flash-predicate-v6-conservative,2026-08-14T19:30:23+08:00
GFEX-WR-20260706,2026-07-06,accepted,warehouse_receipt_decline:true_shorthand_anchored;authoritative_source:true_shorthand_anchored;quantitative_evidence:true_shorthand_anchored,7dd654de2df9d77ebb586af0f9114e96866380dd9b9c365ef21fe8eb4571fc09,lithium-v3-deepseek-v4-flash-predicate-v6-conservative,2026-08-14T19:30:22+08:00
GFEX-WR-20260708,2026-07-08,accepted,warehouse_receipt_decline:true_shorthand_anchored;authoritative_source:true_shorthand_anchored;quantitative_evidence:true_shorthand_anchored,dd05a9231ed2ea600e9ba861b8e1bba2bf8a32280238754ea98a1a83c57e3764,lithium-v3-deepseek-v4-flash-predicate-v6-conservative,2026-08-14T19:30:23+08:00
GFEX-WR-20260710,2026-07-10,accepted,warehouse_receipt_decline:true_shorthand_anchored;authoritative_source:true_shorthand_anchored;quantitative_evidence:true_shorthand_anchored,19f232580985b777936d570b757322dea925f85e25f3e3f5093f70af77a7cd23,lithium-v3-deepseek-v4-flash-predicate-v6-conservative,2026-08-14T19:30:23+08:00
GFEX-WR-20260716,2026-07-16,accepted,warehouse_receipt_decline:true_shorthand_anchored;authoritative_source:true_shorthand_anchored;quantitative_evidence:true_shorthand_anchored,041ecb2a446d87f15be50efe72965085a2a87b99dce1e61b12eb77368e127cb7,lithium-v3-deepseek-v4-flash-predicate-v6-conservative,2026-08-14T19:30:22+08:00
GFEX-WR-20260717,2026-07-17,accepted,warehouse_receipt_decline:true_shorthand_anchored;authoritative_source:true_shorthand_anchored;quantitative_evidence:true_shorthand_anchored,5b7d5f5d0eddc3a0568e5794b2316d2ec0f636099e357f53bc9c12fec1ed0248,lithium-v3-deepseek-v4-flash-predicate-v6-conservative,2026-08-14T19:30:24+08:00
GFEX-WR-20260720,2026-07-20,accepted,quantitative_evidence:quote_replaced_by_rule_anchor,45637455369e0b7201e0cb854fd8dba6fd0a26c3b9043d21988ef8047dd4fee9,lithium-v3-deepseek-v4-flash-predicate-v6-conservative,2026-08-14T19:30:24+08:00
GFEX-WR-20260727,2026-07-27,accepted,warehouse_receipt_decline:true_shorthand_anchored;authoritative_source:true_shorthand_anchored;quantitative_evidence:true_shorthand_anchored,04c32428e97f257c3d9444bc532336d9ef588e3842abc6febd8135fa48bfdf99,lithium-v3-deepseek-v4-flash-predicate-v6-conservative,2026-08-14T19:30:24+08:00
GFEX-WR-20260729,2026-07-29,accepted,warehouse_receipt_increase:true_shorthand_anchored;authoritative_source:true_shorthand_anchored;quantitative_evidence:true_shorthand_anchored,a57132140438d315b7cb61fc25bbab5c64c06cfd1a8885e70d0a419db6c9359b,lithium-v3-deepseek-v4-flash-predicate-v6-conservative,2026-08-14T19:30:24+08:00
GFEX-WR-20260731,2026-07-31,accepted,inventory_drawdown:unverifiable_true_demoted;warehouse_receipt_decline:true_shorthand_anchored;authoritative_source:true_shorthand_anchored;quantitative_evidence:true_shorthand_anchored,116073e76a26dde1e02a6a526fad98c360e62205c8fbea0afd0ff768cbf9a802,lithium-v3-deepseek-v4-flash-predicate-v6-conservative,2026-08-14T19:30:24+08:00
GFEX-WR-20260803,2026-08-03,accepted,inventory_build:unverifiable_true_demoted;warehouse_receipt_increase:true_shorthand_anchored;authoritative_source:true_shorthand_anchored;quantitative_evidence:true_shorthand_anchored,bd8369ec255f6c602316a4f3338e11e0cf894f389a52b406941b827c674f725c,lithium-v3-deepseek-v4-flash-predicate-v6-conservative,2026-08-14T19:30:24+08:00
GFEX-WR-20260804,2026-08-04,accepted,warehouse_receipt_increase:true_shorthand_anchored;authoritative_source:true_shorthand_anchored;quantitative_evidence:true_shorthand_anchored,d5f9f4585c39f403b08e87ea24d0f5cd35f8bda95eb979c22de691639105cf33,lithium-v3-deepseek-v4-flash-predicate-v6-conservative,2026-08-14T19:30:24+08:00
GFEX-WR-20260807,2026-08-07,accepted,,0e0c8b4fb6c834c912447d700bce29edd9a29ad8743e91aaade157042cbee3fe,lithium-v3-deepseek-v4-flash-predicate-v6-conservative,2026-08-14T19:30:26+08:00
GFEX-WR-20260810,2026-08-10,accepted,warehouse_receipt_increase:true_shorthand_anchored;authoritative_source:true_shorthand_anchored;quantitative_evidence:true_shorthand_anchored,b0e8ed139d15ec7e50da39e8115699d80b262b91d55273a278300661d4fe0793,lithium-v3-deepseek-v4-flash-predicate-v6-conservative,2026-08-14T19:30:25+08:00
GFEX-WR-20260811,2026-08-11,accepted,warehouse_receipt_increase:true_shorthand_anchored;authoritative_source:true_shorthand_anchored;quantitative_evidence:true_shorthand_anchored,255b28e7174b0c3111337c26c1e9363f3f681c0c110bb3da5ba4141d57738b92,lithium-v3-deepseek-v4-flash-predicate-v6-conservative,2026-08-14T19:30:25+08:00
GFEX-WR-20260812,2026-08-12,accepted,quantitative_evidence:quote_replaced_by_rule_anchor,0a64370f879a08c076e7fa5b0071f159502a196d1bbdc73869a86c626caf10d7,lithium-v3-deepseek-v4-flash-predicate-v6-conservative,2026-08-14T19:30:25+08:00
