doc_id,source_type,title,content,publish_time,source_name,url,review_status
LC-TEXT-0001,news,2023年7月份规模以上工业增加值增长3.7%,"2023年7月份规模以上工业增加值增长3.7% - 国家统计局 
 EN 
 搜索 
 首页 
 机构 
 新闻 
 时政要闻
 统计新闻
 数据 
 公开 
 服务 
 互动 
 知识 
 专题 
 2023年7月份规模以上工业增加值增长3.7%
 2023/08/15 10:00
 | 
 Aa 
 字体： 
 小
 中
 大
 | 
 分享到： 
 　　 7 月份，规模以上工业增加值同比实际增长 3.7% （增加值增速均为扣除价格因素的实际增长率）。从环比看， 7 月份，规模以上工业增加值比上月增长 0.01% 。 1 — 7 月份，规模以上工业增加值同比增长 3.8% 。 
 　　分三大门类看， 7 月份，采矿业增加值同比增长 1.3% ，制造业增长 3.9% ，电力、热力、燃气及水生产和供应业增长 4.1% 。 
 　　分经济类型看， 7 月份，国有控股企业增加值同比增长 3.4% ；股份制企业增长 5.0% ，外商及港澳台商投资企业下降 1.8% ；私营企业增长 2.5% 。 
 　　分行业看， 7 月份， 41 个大类行业中有 23 个行业增加值保持同比增长。其中煤炭开采和洗选业增长 0.4% ，石油和天然气开采业增长 4.2% ，农副食品加工业增长 3.0% ，酒、饮料和精制茶制造业下降 3.1% ，纺织业下降 0.3% ，化学原料和化学制品制造业增长 9.8% ，非金属矿物制品业下降 3.4% ，黑色金属冶炼和压延加工业增长 15.6% ，有色金属冶炼和压延加工业增长 8.9% ，通用设备制造业下降 1.4% ，专用设备制造业增长 1.5% ，汽车制造业增长 6.2% ，铁路、船舶、航空航天和其他运输设备制造业增长 1.0% ，电气机械和器材制造业增长 10.6% ，计算机、通信和其他电子设备制造业增长 0.7% ，电力、热力生产和供应业增长 4.6% 。 
 　　分产品看， 7 月份， 620 种产品中有 303 种产品产量同比增长。钢材 11653 万吨，同比增长 14.5% ；水泥 17618 万吨，下降 5.7% ；十种有色金属 603 万吨，增长 4.2% ；乙烯 241 万吨，增长 5.2% ；汽车 232.4 万辆，下降 3.8% ，其中新能源汽车 75.2 万辆，增长 24.9% ；发电量 8462 亿千瓦时，增长 3.6% ；原油加工量 6313 万吨，增长 17.4% 。 
 　　 7 月份，工业企业产品销售率为 97.8% ，同比提高 0.1 个百分点；工业企业实现出口交货值 12023 亿元，同比名义下降 6.4% 。 
 2023 年 7 月份规模以上工业生产主要数据 
 指标 
 7 月 
 1 — 7 月 
 绝对量 
 同比增长 
 （ % ） 
 绝对量 
 同比增长 
 （ % ） 
 规模以上工业增加值 
 … 
 3.7 
 … 
 3.8 
 分三大门类 
 　采矿业 
 … 
 1.3 
 … 
 1.7 
 　制造业 
 … 
 3.9 
 … 
 4.2 
 　　其中：高技术制造业 
 … 
 0.7 
 … 
 1.6 
 　电力、热力、燃气及水生产和供应业 
 … 
 4.1 
 … 
 4.1 
 分经济类型 
 　其中：国有控股企业 
 … 
 3.4 
 … 
 4.3 
 　其中：股份制企业 
 … 
 5.0 
 … 
 4.5 
 　　　　外商及港澳台商投资企业 
 … 
 -1.8 
 … 
 0.4 
 　其中：私营企业 
 … 
 2.5 
 … 
 2.0 
 主要行业增加值 
 　煤炭开采和洗选业 
 … 
 0.4 
 … 
 1.5 
 　石油和天然气开采业 
 … 
 4.2 
 … 
 4.0 
 　农副食品加工业 
 … 
 3.0 
 … 
 -0.3 
 　食品制造业 
 … 
 0.0 
 … 
 2.3 
 　酒、饮料和精制茶制造业 
 … 
 -3.1 
 … 
 -0.3 
 　纺织业 
 … 
 -0.3 
 … 
 -2.1 
 　化学原料和化学制品制造业 
 … 
 9.8 
 … 
 7.8 
 　医药制造业 
 … 
 -3.5 
 … 
 -4.6 
 　橡胶和塑料制品业 
 … 
 3.6 
 … 
 1.1 
 　非金属矿物制品业 
 … 
 -3.4 
 … 
 -0.1 
 　黑色金属冶炼和压延加工业 
 … 
 15.6 
 … 
 6.7 
 　有色金属冶炼和压延加工业 
 … 
 8.9 
 … 
 7.6 
 　金属制品业 
 … 
 1.4 
 … 
 1.6 
 　通用设备制造业 
 … 
 -1.4 
 … 
 2.8 
 　专用设备制造业 
 … 
 1.5 
 … 
 4.9 
 　汽车制造业 
 … 
 6.2 
 … 
 12.0 
 　铁路、船舶、航空航天和其他运输设备制造业 
 … 
 1.0 
 … 
 6.9 
 　电气机械和器材制造业 
 … 
 10.6 
 … 
 15.1 
 　计算机、通信和其他电子设备制造业 
 … 
 0.7 
 … 
 0.1 
 　电力、热力生产和供应业 
 … 
 4.6 
 … 
 4.4 
 主要产品产量 
 　布（亿米） 
 26 
 -5.9 
 176 
 -5.4 
 　硫酸（折 100 ％）（万吨） 
 765 
 2.1 
 5443 
 0.7 
 　烧碱（折 100 ％）（万吨） 
 329 
 -0.8 
 2345 
 2.0 
 　乙烯（万吨） 
 241 
 5.2 
 1783 
 5.3 
 　化学纤维（万吨） 
 632 
 17.1 
 3988 
 5.0 
 　水泥（万吨） 
 17618 
 -5.7 
 112677 
 0.6 
 　平板玻璃（万重量箱） 
 8221 
 -5.4 
 55054 
 -8.7 
 　生铁（万吨） 
 7760 
 10.2 
 52892 
 3.5 
 　粗钢（万吨） 
 9080 
 11.5 
 62651 
 2.5 
 　钢材（万吨） 
 11653 
 14.5 
 78900 
 5.4 
 　十种有色金属（万吨） 
 603 
 4.2 
 4232 
 7.0 
 　　其中：原铝（电解铝）（万吨） 
 348 
 1.5 
 2362 
 2.8 
 　金属切削机床（万台） 
 5 
 -2.1 
 35 
 -1.7 
 　工业机器人（套） 
 34274 
 -13.3 
 256260 
 3.8 
 　汽车（万辆） 
 232.4 
 -3.8 
 1540.8 
 4.5 
 　　其中：轿车（万辆） 
 82.5 
 -12.2 
 552.1 
 0.8 
 　　　　　运动型多用途乘用车（ SUV ）（万辆） 
 92.5 
 0.5 
 589.2 
 4.1 
 　　其中：新能源汽车（万辆） 
 75.2 
 24.9 
 435.8 
 33.2 
 　发电机组（发电设备）（万千瓦） 
 1128 
 15.7 
 10958 
 29.0 
 　太阳能电池（光伏电池）（万千瓦） 
 4450 
 65.1 
 27661 
 56.3 
 　微型计算机设备（万台） 
 2642 
 -22.3 
 18877 
 -24.4 
 　移动通信手持机（万台） 
 12101 
 5.2 
 81002 
 -1.6 
 　　其中：智能手机（万台） 
 8880 
 1.6 
 59251 
 -7.9 
 　集成电路（亿块） 
 292 
 4.1 
 1912 
 -3.9 
 　原煤（万吨） 
 37754 
 0.1 
 267182 
 3.6 
 　焦炭（万吨） 
 4043 
 3.7 
 28434 
 1.9 
 　原油（万吨） 
 1731 
 1.0 
 12237 
 1.9 
 　原油加工量（万吨） 
 6313 
 17.4 
 42671 
 10.9 
 　天然气（亿立方米） 
 184 
 7.6 
 1340 
 5.7 
 　发电量（亿千瓦时） 
 8462 
 3.6 
 50130 
 3.8 
 　　火力发电量（亿千瓦时） 
 5997 
 7.2 
 35474 
 7.5 
 　　水力发电量（亿千瓦时） 
 1211 
 -17.5 
 5717 
 -21.8 
 　　核能发电量（亿千瓦时） 
 380 
 2.9 
 2499 
 5.9 
 　　风力发电量（亿千瓦时） 
 614 
 25.0 
 4836 
 16.8 
 　　太阳能发电量（亿千瓦时） 
 259 
 6.4 
 1604 
 7.9 
 　产品销售率（ % ） 
 97.8 
 0.1( 百分点 ) 
 97.5 
 0.5( 百分点 ) 
 　出口交货值（亿元） 
 12023 
 -6.4 
 82477 
 -4.9 
 　　 点击下载： 相关数据表 
 　　附注 
 　　 1 、指标解释 
 　　工业增加值增长速度 : 即工业增长速度，是用来反映一定时期工业生产物量增减变动程度的指标。利用该指标，可以判断短期工业经济的运行走势和经济的景气程度，也是制定和调整经济政策、实施宏观调控的重要参考和依据。 
 　　产品销售率：是销售产值和工业总产值的比率，用来反映工业产品的产销衔接情况。 
 　　出口交货值：是指工业企业自营（委托）出口（包括销往香港、澳门、台湾地区）或交给外贸部门出口的产品价值，以及外商来样、来料加工、来件装配和补偿贸易等生产的产品价值。 
 　　日均产品产量：是以当月公布的规模以上工业企业总产量除以该月日历天数计算得到。 
 　　 2 、统计范围 
 　　规模以上工业的统计范围为年主营业务收入 2000 万元及以上的工业企业。 
 　　由于规模以上工业企业范围每年发生变化，为保证本年数据与上年可比，计算产品产量等各项指标同比增长速度所采用的同期数与本期的企业统计范围尽可能相一致，和上年公布的数据存在口径差异。主要原因是：（一）统计单位范围发生变化。每年有部分企业达到规模纳入调查范围，也有部分企业因规模变小退出调查范围，还有新建投产企业、破产、注（吊）销企业等影响；（二）部分企业集团（公司）产品产量数据存在跨地区重复统计现象，根据专项调查对企业集团（公司）跨地区重复产量进行了剔重。 
 　　 3 、调查方法 
 　　规模以上工业企业工业生产报表按月进行全面调查（ 1 月份数据免报）。 
 　　 4 、行业分类标准 
 　　执行国民经济行业分类标准（ GB/T 4754-2017 ）。 
 　　 5 、环比数据修订 
 　　根据季节调整模型自动修正结果，对 2022 年 7 月至 2023 年 6 月份规模以上工业增加值环比增速进行修订。修订结果及 2023 年 7 月份环比数据如下： 
 年份 
 月份 
 环比增速（ % ） 
 2022 年 
 7 月 
 0.35 
 8 月 
 0.24 
 9 月 
 0.83 
 10 月 
 0.18 
 11 月 
 -0.24 
 12 月 
 0.13 
 2023 年 
 1 月 
 0.42 
 2 月 
 0.27 
 3 月 
 0.56 
 4 月 
 -0.23 
 5 月 
 0.63 
 6 月 
 0.68 
 7 月 
 0.01 
 　　 7 月份，规模以上工业增加值同比实际增长 3.7% （增加值增速均为扣除价格因素的实际增长率）。从环比看， 7 月份，规模以上工业增加值比上月增长 0.01% 。 1 — 7 月份，规模以上工业增加值同比增长 3.8% 。 
 　　分三大门类看， 7 月份，采矿业增加值同比增长 1.3% ，制造业增长 3.9% ，电力、热力、燃气及水生产和供应业增长 4.1% 。 
 　　分经济类型看， 7 月份，国有控股企业增加值同比增长 3.4% ；股份制企业增长 5.0% ，外商及港澳台商投资企业下降 1.8% ；私营企业增长 2.5% 。 
 　　分行业看， 7 月份， 41 个大类行业中有 23 个行业增加值保持同比增长。其中煤炭开采和洗选业增长 0.4% ，石油和天然气开采业增长 4.2% ，农副食品加工业增长 3.0% ，酒、饮料和精制茶制造业下降 3.1% ，纺织业下降 0.3% ，化学原料和化学制品制造业增长 9.8% ，非金属矿物制品业下降 3.4% ，黑色金属冶炼和压延加工业增长 15.6% ，有色金属冶炼和压延加工业增长 8.9% ，通用设备制造业下降 1.4% ，专用设备制造业增长 1.5% ，汽车制造业增长 6.2% ，铁路、船舶、航空航天和其他运输设备制造业增长 1.0% ，电气机械和器材制造业增长 10.6% ，计算机、通信和其他电子设备制造业增长 0.7% ，电力、热力生产和供应业增长 4.6% 。 
 　　分产品看， 7 月份， 620 种产品中有 303 种产品产量同比增长。钢材 11653 万吨，同比增长 14.5% ；水泥 17618 万吨，下降 5.7% ；十种有色金属 603 万吨，增长 4.2% ；乙烯 241 万吨，增长 5.2% ；汽车 232.4 万辆，下降 3.8% ，其中新能源汽车 75.2 万辆，增长 24.9% ；发电量 8462 亿千瓦时，增长 3.6% ；原油加工量 6313 万吨，增长 17.4% 。 
 　　 7 月份，工业企业产品销售率为 97.8% ，同比提高 0.1 个百分点；工业企业实现出口交货值 12023 亿元，同比名义下降 6.4% 。 
 2023 年 7 月份规模以上工业生产主要数据 
 指标 
 7 月 
 1 — 7 月 
 绝对量 
 同比增长 
 （ % ） 
 绝对量 
 同比增长 
 （ % ） 
 规模以上工业增加值 
 … 
 3.7 
 … 
 3.8 
 分三大门类 
 　采矿业 
 … 
 1.3 
 … 
 1.7 
 　制造业 
 … 
 3.9 
 … 
 4.2 
 　　其中：高技术制造业 
 … 
 0.7 
 … 
 1.6 
 　电力、热力、燃气及水生产和供应业 
 … 
 4.1 
 … 
 4.1 
 分经济类型 
 　其中：国有控股企业 
 … 
 3.4 
 … 
 4.3 
 　其中：股份制企业 
 … 
 5.0 
 … 
 4.5 
 　　　　外商及港澳台商投资企业 
 … 
 -1.8 
 … 
 0.4 
 　其中：私营企业 
 … 
 2.5 
 … 
 2.0 
 主要行业增加值 
 　煤炭开采和洗选业 
 … 
 0.4 
 … 
 1.5 
 　石油和天然气开采业 
 … 
 4.2 
 … 
 4.0 
 　农副食品加工业 
 … 
 3.0 
 … 
 -0.3 
 　食品制造业 
 … 
 0.0 
 … 
 2.3 
 　酒、饮料和精制茶制造业 
 … 
 -3.1 
 … 
 -0.3 
 　纺织业 
 … 
 -0.3 
 … 
 -2.1 
 　化学原料和化学制品制造业 
 … 
 9.8 
 … 
 7.8 
 　医药制造业 
 … 
 -3.5 
 … 
 -4.6 
 　橡胶和塑料制品业 
 … 
 3.6 
 … 
 1.1 
 　非金属矿物制品业 
 … 
 -3.4 
 … 
 -0.1 
 　黑色金属冶炼和压延加工业 
 … 
 15.6 
 … 
 6.7 
 　有色金属冶炼和压延加工业 
 … 
 8.9 
 … 
 7.6 
 　金属制品业 
 … 
 1.4 
 … 
 1.6 
 　通用设备制造业 
 … 
 -1.4 
 … 
 2.8 
 　专用设备制造业 
 … 
 1.5 
 … 
 4.9 
 　汽车制造业 
 … 
 6.2 
 … 
 12.0 
 　铁路、船舶、航空航天和其他运输设备制造业 
 … 
 1.0 
 … 
 6.9 
 　电气机械和器材制造业 
 … 
 10.6 
 … 
 15.1 
 　计算机、通信和其他电子设备制造业 
 … 
 0.7 
 … 
 0.1 
 　电力、热力生产和供应业 
 … 
 4.6 
 … 
 4.4 
 主要产品产量 
 　布（亿米） 
 26 
 -5.9 
 176 
 -5.4 
 　硫酸（折 100 ％）（万吨） 
 765 
 2.1 
 5443 
 0.7 
 　烧碱（折 100 ％）（万吨） 
 329 
 -0.8 
 2345 
 2.0 
 　乙烯（万吨） 
 241 
 5.2 
 1783 
 5.3 
 　化学纤维（万吨） 
 632 
 17.1 
 3988 
 5.0 
 　水泥（万吨） 
 17618 
 -5.7 
 112677 
 0.6 
 　平板玻璃（万重量箱） 
 8221 
 -5.4 
 55054 
 -8.7 
 　生铁（万吨） 
 7760 
 10.2 
 52892 
 3.5 
 　粗钢（万吨） 
 9080 
 11.5 
 62651 
 2.5 
 　钢材（万吨） 
 11653 
 14.5 
 78900 
 5.4 
 　十种有色金属（万吨） 
 603 
 4.2 
 4232 
 7.0 
 　　其中：原铝（电解铝）（万吨） 
 348 
 1.5 
 2362 
 2.8 
 　金属切削机床（万台） 
 5 
 -2.1 
 35 
 -1.7 
 　工业机器人（套） 
 34274 
 -13.3 
 256260 
 3.8 
 　汽车（万辆） 
 232.4 
 -3.8 
 1540.8 
 4.5 
 　　其中：轿车（万辆） 
 82.5 
 -12.2 
 552.1 
 0.8 
 　　　　　运动型多用途乘用车（ SUV ）（万辆） 
 92.5 
 0.5 
 589.2 
 4.1 
 　　其中：新能源汽车（万辆） 
 75.2 
 24.9 
 435.8 
 33.2 
 　发电机组（发电设备）（万千瓦） 
 1128 
 15.7 
 10958 
 29.0 
 　太阳能电池（光伏电池）（万千瓦） 
 4450 
 65.1 
 27661 
 56.3 
 　微型计算机设备（万台） 
 2642 
 -22.3 
 18877 
 -24.4 
 　移动通信手持机（万台） 
 12101 
 5.2 
 81002 
 -1.6 
 　　其中：智能手机（万台） 
 8880 
 1.6 
 59251 
 -7.9 
 　集成电路（亿块） 
 292 
 4.1 
 1912 
 -3.9 
 　原煤（万吨） 
 37754 
 0.1 
 267182 
 3.6 
 　焦炭（万吨） 
 4043 
 3.7 
 28434 
 1.9 
 　原油（万吨） 
 1731 
 1.0 
 12237 
 1.9 
 　原油加工量（万吨） 
 6313 
 17.4 
 42671 
 10.9 
 　天然气（亿立方米） 
 184 
 7.6 
 1340 
 5.7 
 　发电量（亿千瓦时） 
 8462 
 3.6 
 50130 
 3.8 
 　　火力发电量（亿千瓦时） 
 5997 
 7.2 
 35474 
 7.5 
 　　水力发电量（亿千瓦时） 
 1211 
 -17.5 
 5717 
 -21.8 
 　　核能发电量（亿千瓦时） 
 380 
 2.9 
 2499 
 5.9 
 　　风力发电量（亿千瓦时） 
 614 
 25.0 
 4836 
 16.8 
 　　太阳能发电量（亿千瓦时） 
 259 
 6.4 
 1604 
 7.9 
 　产品销售率（ % ） 
 97.8 
 0.1( 百分点 ) 
 97.5 
 0.5( 百分点 ) 
 　出口交货值（亿元） 
 12023 
 -6.4 
 82477 
 -4.9 
 　　 点击下载： 相关数据表 
 　　附注 
 　　 1 、指标解释 
 　　工业增加值增长速度 : 即工业增长速度，是用来反映一定时期工业生产物量增减变动程度的指标。利用该指标，可以判断短期工业经济的运行走势和经济的景气程度，也是制定和调整经济政策、实施宏观调控的重要参考和依据。 
 　　产品销售率：是销售产值和工业总产值的比率，用来反映工业产品的产销衔接情况。 
 　　出口交货值：是指工业企业自营（委托）出口（包括销往香港、澳门、台湾地区）或交给外贸部门出口的产品价值，以及外商来样、来料加工、来件装配和补偿贸易等生产的产品价值。 
 　　日均产品产量：是以当月公布的规模以上工业企业总产量除以该月日历天数计算得到。 
 　　 2 、统计范围 
 　　规模以上工业的统计范围为年主营业务收入 2000 万元及以上的工业企业。 
 　　由于规模以上工业企业范围每年发生变化，为保证本年数据与上年可比，计算产品产量等各项指标同比增长速度所采用的同期数与本期的企业统计范围尽可能相一致，和上年公布的数据存在口径差异。主要原因是：（一）统计单位范围发生变化。每年有部分企业达到规模纳入调查范围，也有部分企业因规模变小退出调查范围，还有新建投产企业、破产、注（吊）销企业等影响；（二）部分企业集团（公司）产品产量数据存在跨地区重复统计现象，根据专项调查对企业集团（公司）跨地区重复产量进行了剔重。 
 　　 3 、调查方法 
 　　规模以上工业企业工业生产报表按月进行全面调查（ 1 月份数据免报）。 
 　　 4 、行业分类标准 
 　　执行国民经济行业分类标准（ GB/T 4754-2017 ）。 
 　　 5 、环比数据修订 
 　　根据季节调整模型自动修正结果，对 2022 年 7 月至 2023 年 6 月份规模以上工业增加值环比增速进行修订。修订结果及 2023 年 7 月份环比数据如下： 
 年份 
 月份 
 环比增速（ % ） 
 2022 年 
 7 月 
 0.35 
 8 月 
 0.24 
 9 月 
 0.83 
 10 月 
 0.18 
 11 月 
 -0.24 
 12 月 
 0.13 
 2023 年 
 1 月 
 0.42 
 2 月 
 0.27 
 3 月 
 0.56 
 4 月 
 -0.23 
 5 月 
 0.63 
 6 月 
 0.68 
 7 月 
 0.01 
 [责任编辑:]
 相关链接 
 政府机构网站
 地方政府网站
 地方统计网站
 社会团体网站
 国际组织网站
 政府机构网站
 地方政府网站
 地方统计网站
 社会团体网站
 国际组织网站
 中央人民政府门户网站
 外交部
 国防部
 国家发展改革委
 教育部
 科技部
 工业和信息化部
 国家民委
 公安部
 国家安全部
 民政部
 司法部
 财政部
 人力资源社会保障部
 自然资源部
 生态环境部
 住房城乡建设部
 交通运输部
 水利部
 农业农村部
 商务部
 文化和旅游部
 国家卫生健康委
 退役军人事务部
 应急管理部
 中国人民银行
 审计署
 国务院国资委
 海关总署
 税务总局
 市场监管总局
 金融监管总局
 中国证监会
 广电总局
 体育总局
 国家信访局
 国家统计局
 国家知识产权局
 国家国际发展合作署
 国家医保局
 国务院参事室
 国管局
 国务院研究室
 国务院侨办
 国务院港澳办
 国务院台办
 国家网信办
 国务院新闻办
 新华社
 中国科学院
 中国社科院
 中国工程院
 国务院发展研究中心
 中央广电总台
 中国气象局
 国家粮食和物资储备局
 国家能源局
 国家国防科工局
 国家烟草局
 国家移民局
 国家林草局
 国家铁路局
 中国民航局
 国家邮政局
 国家文物局
 国家中医药局
 国家疾控局
 国家矿山安监局
 国家消防救援局
 国家外汇局
 国家药监局
 北京
 天津
 河北
 山西
 内蒙古
 辽宁
 吉林
 黑龙江
 上海
 江苏
 浙江
 安徽
 福建
 江西
 山东
 河南
 湖北
 湖南
 广东
 广西
 海南
 重庆
 四川
 贵州
 云南
 西藏
 陕西
 甘肃
 青海
 宁夏
 新疆
 兵团
 北京局
 天津局
 河北局
 山西局
 内蒙古局
 辽宁局
 吉林局
 黑龙江局
 上海局
 江苏局
 浙江局
 安徽局
 福建局
 江西局
 山东局
 河南局
 湖北局
 湖南局
 广东局
 广西局
 海南局
 重庆局
 四川局
 贵州局
 云南局
 西藏局
 陕西局
 甘肃局
 青海局
 宁夏局
 新疆局
 兵团局
 天津总队
 山西总队
 江苏总队
 浙江总队
 安徽总队
 河南总队
 湖南总队
 广东总队
 云南总队
 陕西总队
 新疆总队
 兵团总队
 中国统计学会
 联合国
 联合国经济和社会事务部
 联合国统计司
 世贸组织
 粮农组织
 劳工组织
 基金组织
 工发组织
 教科文组织
 世卫组织
 世界银行
 欧盟
 经合组织
 联合国开发署
 联合国人口基金
 联合国环境署
 联合国儿童基金
 世界粮食计划署
 国际组织网站
 版权所有: 国家统计局   联系我们    服务条款    网站地图 
 地址: 北京市西城区月坛南街57号 (100826) 
 京ICP备05034670号-2 
 京公网安备 11040102700142号 
 网站标识码bm36000002 
 中央人民政府门户网站
 外交部
 国防部
 国家发展改革委
 教育部
 科技部
 工业和信息化部
 国家民委
 公安部
 国家安全部
 民政部
 司法部
 财政部
 人力资源社会保障部
 自然资源部
 生态环境部
 住房城乡建设部
 交通运输部
 水利部
 农业农村部
 商务部
 文化和旅游部
 国家卫生健康委
 退役军人事务部
 应急管理部
 中国人民银行
 审计署
 国务院国资委
 海关总署
 税务总局
 市场监管总局
 金融监管总局
 中国证监会
 广电总局
 体育总局
 国家信访局
 国家统计局
 国家知识产权局
 国家国际发展合作署
 国家医保局
 国务院参事室
 国管局
 国务院研究室
 国务院侨办
 国务院港澳办
 国务院台办
 国家网信办
 国务院新闻办
 新华社
 中国科学院
 中国社科院
 中国工程院
 国务院发展研究中心
 中央广电总台
 中国气象局
 国家粮食和物资储备局
 国家能源局
 国家国防科工局
 国家烟草局
 国家移民局
 国家林草局
 国家铁路局
 中国民航局
 国家邮政局
 国家文物局
 国家中医药局
 国家疾控局
 国家矿山安监局
 国家消防救援局
 国家外汇局
 国家药监局
 北京
 天津
 河北
 山西
 内蒙古
 辽宁
 吉林
 黑龙江
 上海
 江苏
 浙江
 安徽
 福建
 江西
 山东
 河南
 湖北
 湖南
 广东
 广西
 海南
 重庆
 四川
 贵州
 云南
 西藏
 陕西
 甘肃
 青海
 宁夏
 新疆
 兵团
 北京局
 天津局
 河北局
 山西局
 内蒙古局
 辽宁局
 吉林局
 黑龙江局
 上海局
 江苏局
 浙江局
 安徽局
 福建局
 江西局
 山东局
 河南局
 湖北局
 湖南局
 广东局
 广西局
 海南局
 重庆局
 四川局
 贵州局
 云南局
 西藏局
 陕西局
 甘肃局
 青海局
 宁夏局
 新疆局
 兵团局
 天津总队
 山西总队
 江苏总队
 浙江总队
 安徽总队
 河南总队
 湖南总队
 广东总队
 云南总队
 陕西总队
 新疆总队
 兵团总队
 中国统计学会
 联合国
 联合国经济和社会事务部
 联合国统计司
 世贸组织
 粮农组织
 劳工组织
 基金组织
 工发组织
 教科文组织
 世卫组织
 世界银行
 欧盟
 经合组织
 联合国开发署
 联合国人口基金
 联合国环境署
 联合国儿童基金
 世界粮食计划署
 国际组织网站",2023-08-15,国家统计局,https://www.stats.gov.cn/sj/zxfb/202308/t20230815_1941959.html,accepted
LC-TEXT-0002,news,2023年8月份规模以上工业增加值增长4.5%,"2023年8月份规模以上工业增加值增长4.5% - 国家统计局 
 EN 
 搜索 
 首页 
 机构 
 新闻 
 时政要闻
 统计新闻
 数据 
 公开 
 服务 
 互动 
 知识 
 专题 
 2023年8月份规模以上工业增加值增长4.5%
 2023/09/15 10:00
 | 
 Aa 
 字体： 
 小
 中
 大
 | 
 分享到： 
 　　 8 月份，规模以上工业增加值同比实际增长 4.5% （增加值增速均为扣除价格因素的实际增长率）。从环比看， 8 月份，规模以上工业增加值比上月增长 0.50% 。 1 — 8 月份，规模以上工业增加值同比增长 3.9% 。 
 　　分三大门类看， 8 月份，采矿业增加值同比增长 2.3% ，制造业增长 5.4% ，电力、热力、燃气及水生产和供应业增长 0.2% 。 
 　　分经济类型看， 8 月份，国有控股企业增加值同比增长 5.2% ；股份制企业增长 5.7% ，外商及港澳台商投资企业增长 0.8% ；私营企业增长 3.4% 。 
 　　分行业看， 8 月份， 41 个大类行业中有 23 个行业增加值保持同比增长。其中煤炭开采和洗选业增长 1.6% ，石油和天然气开采业增长 7.2% ，农副食品加工业增长 3.1% ，酒、饮料和精制茶制造业下降 2.9% ，纺织业增长 1.4% ，化学原料和化学制品制造业增长 14.8% ，非金属矿物制品业下降 1.6% ，黑色金属冶炼和压延加工业增长 14.5% ，有色金属冶炼和压延加工业增长 8.8% ，通用设备制造业下降 0.8% ，专用设备制造业下降 0.5% ，汽车制造业增长 9.9% ，铁路、船舶、航空航天和其他运输设备制造业增长 3.1% ，电气机械和器材制造业增长 10.2% ，计算机、通信和其他电子设备制造业增长 5.8% ，电力、热力生产和供应业增长 0.2% 。 
 　　分产品看， 8 月份， 620 种产品中有 356 种产品产量同比增长。钢材 11652 万吨，同比增长 11.4% ；水泥 17925 万吨，下降 2.0% ；十种有色金属 629 万吨，增长 6.1% ；乙烯 264 万吨，增长 16.8% ；汽车 251.3 万辆，增长 4.5% ，其中新能源汽车 80.0 万辆，增长 13.8% ；发电量 8450 亿千瓦时，增长 1.1% ；原油加工量 6469 万吨，增长 19.6% 。 
 　　 8 月份，工业企业产品销售率为 97.4% ，同比下降 0.7 个百分点；工业企业实现出口交货值 12266 亿元，同比名义下降 4.5% 。 
 2023 年 8 月份规模以上工业生产主要数据 
 指标 
 8 月 
 1 — 8 月 
 绝对量 
 同比增长 
 （ % ） 
 绝对量 
 同比增长 
 （ % ） 
 规模以上工业增加值 
 … 
 4.5 
 … 
 3.9 
 分三大门类 
 　采矿业 
 … 
 2.3 
 … 
 1.7 
 　制造业 
 … 
 5.4 
 … 
 4.3 
 　　其中：高技术制造业 
 … 
 2.9 
 … 
 1.8 
 　电力、热力、燃气及水生产和供应业 
 … 
 0.2 
 … 
 3.5 
 分经济类型 
 　其中：国有控股企业 
 … 
 5.2 
 … 
 4.4 
 　其中：股份制企业 
 … 
 5.7 
 … 
 4.7 
 　　　　外商及港澳台商投资企业 
 … 
 0.8 
 … 
 0.5 
 　其中：私营企业 
 … 
 3.4 
 … 
 2.2 
 主要行业增加值 
 　煤炭开采和洗选业 
 … 
 1.6 
 … 
 1.5 
 　石油和天然气开采业 
 … 
 7.2 
 … 
 4.4 
 　农副食品加工业 
 … 
 3.1 
 … 
 0.2 
 　食品制造业 
 … 
 2.5 
 … 
 2.3 
 　酒、饮料和精制茶制造业 
 … 
 -2.9 
 … 
 -0.6 
 　纺织业 
 … 
 1.4 
 … 
 -1.6 
 　化学原料和化学制品制造业 
 … 
 14.8 
 … 
 8.6 
 　医药制造业 
 … 
 -6.2 
 … 
 -4.9 
 　橡胶和塑料制品业 
 … 
 5.4 
 … 
 1.7 
 　非金属矿物制品业 
 … 
 -1.6 
 … 
 -0.3 
 　黑色金属冶炼和压延加工业 
 … 
 14.5 
 … 
 7.6 
 　有色金属冶炼和压延加工业 
 … 
 8.8 
 … 
 7.7 
 　金属制品业 
 … 
 1.4 
 … 
 1.6 
 　通用设备制造业 
 … 
 -0.8 
 … 
 2.4 
 　专用设备制造业 
 … 
 -0.5 
 … 
 4.2 
 　汽车制造业 
 … 
 9.9 
 … 
 11.7 
 　铁路、船舶、航空航天和其他运输设备制造业 
 … 
 3.1 
 … 
 6.3 
 　电气机械和器材制造业 
 … 
 10.2 
 … 
 14.5 
 　计算机、通信和其他电子设备制造业 
 … 
 5.8 
 … 
 0.9 
 　电力、热力生产和供应业 
 … 
 0.2 
 … 
 3.8 
 主要产品产量 
 　布（亿米） 
 26 
 -2.2 
 202 
 -4.6 
 　硫酸（折 100 ％）（万吨） 
 792 
 7.1 
 6218 
 1.4 
 　烧碱（折 100 ％）（万吨） 
 340 
 5.6 
 2684 
 2.2 
 　乙烯（万吨） 
 264 
 16.8 
 2048 
 6.7 
 　化学纤维（万吨） 
 635 
 17.3 
 4620 
 6.9 
 　水泥（万吨） 
 17925 
 -2.0 
 130600 
 0.4 
 　平板玻璃（万重量箱） 
 8228 
 -7.2 
 63253 
 -8.2 
 　生铁（万吨） 
 7462 
 4.8 
 60359 
 3.7 
 　粗钢（万吨） 
 8641 
 3.2 
 71293 
 2.6 
 　钢材（万吨） 
 11652 
 11.4 
 90920 
 6.3 
 　十种有色金属（万吨） 
 629 
 6.1 
 4856 
 6.8 
 　　其中：原铝（电解铝）（万吨） 
 360 
 3.1 
 2723 
 2.9 
 　金属切削机床（万台） 
 5 
 0.0 
 40 
 -1.0 
 　工业机器人（套） 
 33193 
 -18.6 
 281515 
 2.3 
 　汽车（万辆） 
 251.3 
 4.5 
 1792.0 
 4.8 
 　　其中：轿车（万辆） 
 92.5 
 0.4 
 642.6 
 0.6 
 　　　　　运动型多用途乘用车（ SUV ）（万辆） 
 95.4 
 3.9 
 683.6 
 4.7 
 　　其中：新能源汽车（万辆） 
 80.0 
 13.8 
 515.7 
 29.6 
 　发电机组（发电设备）（万千瓦） 
 1616 
 32.4 
 12370 
 27.9 
 　太阳能电池（光伏电池）（万千瓦） 
 4881 
 77.8 
 33325 
 60.2 
 　微型计算机设备（万台） 
 3092 
 -1.8 
 22031 
 -21.7 
 　移动通信手持机（万台） 
 12765 
 7.0 
 93459 
 -0.9 
 　　其中：智能手机（万台） 
 9009 
 0.8 
 67863 
 -7.5 
 　集成电路（亿块） 
 312 
 21.1 
 2214 
 -1.4 
 　原煤（万吨） 
 38217 
 2.0 
 305084 
 3.4 
 　焦炭（万吨） 
 4158 
 6.0 
 32593 
 2.3 
 　原油（万吨） 
 1747 
 3.1 
 13985 
 2.1 
 　原油加工量（万吨） 
 6469 
 19.6 
 49140 
 11.9 
 　天然气（亿立方米） 
 181 
 6.3 
 1521 
 5.7 
 　发电量（亿千瓦时） 
 8450 
 1.1 
 58663 
 3.6 
 　　火力发电量（亿千瓦时） 
 5891 
 -2.2 
 41390 
 6.1 
 　　水力发电量（亿千瓦时） 
 1466 
 18.5 
 7187 
 -15.9 
 　　核能发电量（亿千瓦时） 
 383 
 5.5 
 2883 
 5.9 
 　　风力发电量（亿千瓦时） 
 441 
 -11.5 
 5308 
 14.4 
 　　太阳能发电量（亿千瓦时） 
 269 
 13.9 
 1894 
 9.9 
 　产品销售率（ % ） 
 97.4 
 -0.7( 百分点 ) 
 96.7 
 -0.7( 百分点 ) 
 　出口交货值（亿元） 
 12266 
 -4.5 
 94872 
 -4.6 
 　　 点击下载： 相关数据表      
 　　附注 
 　　 1 、指标解释 
 　　工业增加值增长速度 : 即工业增长速度，是用来反映一定时期工业生产物量增减变动程度的指标。利用该指标，可以判断短期工业经济的运行走势和经济的景气程度，也是制定和调整经济政策、实施宏观调控的重要参考和依据。 
 　　产品销售率：是销售产值和工业总产值的比率，用来反映工业产品的产销衔接情况。 
 　　出口交货值：是指工业企业自营（委托）出口（包括销往香港、澳门、台湾地区）或交给外贸部门出口的产品价值，以及外商来样、来料加工、来件装配和补偿贸易等生产的产品价值。 
 　　日均产品产量：是以当月公布的规模以上工业企业总产量除以该月日历天数计算得到。 
 　　 2 、统计范围 
 　　规模以上工业的统计范围为年主营业务收入 2000 万元及以上的工业企业。 
 　　由于规模以上工业企业范围每年发生变化，为保证本年数据与上年可比，计算产品产量等各项指标同比增长速度所采用的同期数与本期的企业统计范围尽可能相一致，和上年公布的数据存在口径差异。主要原因是：（一）统计单位范围发生变化。每年有部分企业达到规模纳入调查范围，也有部分企业因规模变小退出调查范围，还有新建投产企业、破产、注（吊）销企业等影响；（二）部分企业集团（公司）产品产量数据存在跨地区重复统计现象，根据专项调查对企业集团（公司）跨地区重复产量进行了剔重。 
 　　 3 、调查方法 
 　　规模以上工业企业工业生产报表按月进行全面调查（ 1 月份数据免报）。 
 　　 4 、行业分类标准 
 　　执行国民经济行业分类标准（ GB/T 4754-2017 ）。 
 　　 5 、环比数据修订 
 　　根据季节调整模型自动修正结果，对 2022 年 8 月至 2023 年 7 月份规模以上工业增加值环比增速进行修订。修订结果及 2023 年 8 月份环比数据如下： 
 年份 
 月份 
 环比增速（ % ） 
 2022 年 
 8 月 
 0.24 
 9 月 
 0.80 
 10 月 
 0.18 
 11 月 
 -0.24 
 12 月 
 0.13 
 2023 年 
 1 月 
 0.54 
 2 月 
 0.36 
 3 月 
 0.56 
 4 月 
 -0.23 
 5 月 
 0.69 
 6 月 
 0.68 
 7 月 
 0.01 
 8 月 
 0.50 
 　　 8 月份，规模以上工业增加值同比实际增长 4.5% （增加值增速均为扣除价格因素的实际增长率）。从环比看， 8 月份，规模以上工业增加值比上月增长 0.50% 。 1 — 8 月份，规模以上工业增加值同比增长 3.9% 。 
 　　分三大门类看， 8 月份，采矿业增加值同比增长 2.3% ，制造业增长 5.4% ，电力、热力、燃气及水生产和供应业增长 0.2% 。 
 　　分经济类型看， 8 月份，国有控股企业增加值同比增长 5.2% ；股份制企业增长 5.7% ，外商及港澳台商投资企业增长 0.8% ；私营企业增长 3.4% 。 
 　　分行业看， 8 月份， 41 个大类行业中有 23 个行业增加值保持同比增长。其中煤炭开采和洗选业增长 1.6% ，石油和天然气开采业增长 7.2% ，农副食品加工业增长 3.1% ，酒、饮料和精制茶制造业下降 2.9% ，纺织业增长 1.4% ，化学原料和化学制品制造业增长 14.8% ，非金属矿物制品业下降 1.6% ，黑色金属冶炼和压延加工业增长 14.5% ，有色金属冶炼和压延加工业增长 8.8% ，通用设备制造业下降 0.8% ，专用设备制造业下降 0.5% ，汽车制造业增长 9.9% ，铁路、船舶、航空航天和其他运输设备制造业增长 3.1% ，电气机械和器材制造业增长 10.2% ，计算机、通信和其他电子设备制造业增长 5.8% ，电力、热力生产和供应业增长 0.2% 。 
 　　分产品看， 8 月份， 620 种产品中有 356 种产品产量同比增长。钢材 11652 万吨，同比增长 11.4% ；水泥 17925 万吨，下降 2.0% ；十种有色金属 629 万吨，增长 6.1% ；乙烯 264 万吨，增长 16.8% ；汽车 251.3 万辆，增长 4.5% ，其中新能源汽车 80.0 万辆，增长 13.8% ；发电量 8450 亿千瓦时，增长 1.1% ；原油加工量 6469 万吨，增长 19.6% 。 
 　　 8 月份，工业企业产品销售率为 97.4% ，同比下降 0.7 个百分点；工业企业实现出口交货值 12266 亿元，同比名义下降 4.5% 。 
 2023 年 8 月份规模以上工业生产主要数据 
 指标 
 8 月 
 1 — 8 月 
 绝对量 
 同比增长 
 （ % ） 
 绝对量 
 同比增长 
 （ % ） 
 规模以上工业增加值 
 … 
 4.5 
 … 
 3.9 
 分三大门类 
 　采矿业 
 … 
 2.3 
 … 
 1.7 
 　制造业 
 … 
 5.4 
 … 
 4.3 
 　　其中：高技术制造业 
 … 
 2.9 
 … 
 1.8 
 　电力、热力、燃气及水生产和供应业 
 … 
 0.2 
 … 
 3.5 
 分经济类型 
 　其中：国有控股企业 
 … 
 5.2 
 … 
 4.4 
 　其中：股份制企业 
 … 
 5.7 
 … 
 4.7 
 　　　　外商及港澳台商投资企业 
 … 
 0.8 
 … 
 0.5 
 　其中：私营企业 
 … 
 3.4 
 … 
 2.2 
 主要行业增加值 
 　煤炭开采和洗选业 
 … 
 1.6 
 … 
 1.5 
 　石油和天然气开采业 
 … 
 7.2 
 … 
 4.4 
 　农副食品加工业 
 … 
 3.1 
 … 
 0.2 
 　食品制造业 
 … 
 2.5 
 … 
 2.3 
 　酒、饮料和精制茶制造业 
 … 
 -2.9 
 … 
 -0.6 
 　纺织业 
 … 
 1.4 
 … 
 -1.6 
 　化学原料和化学制品制造业 
 … 
 14.8 
 … 
 8.6 
 　医药制造业 
 … 
 -6.2 
 … 
 -4.9 
 　橡胶和塑料制品业 
 … 
 5.4 
 … 
 1.7 
 　非金属矿物制品业 
 … 
 -1.6 
 … 
 -0.3 
 　黑色金属冶炼和压延加工业 
 … 
 14.5 
 … 
 7.6 
 　有色金属冶炼和压延加工业 
 … 
 8.8 
 … 
 7.7 
 　金属制品业 
 … 
 1.4 
 … 
 1.6 
 　通用设备制造业 
 … 
 -0.8 
 … 
 2.4 
 　专用设备制造业 
 … 
 -0.5 
 … 
 4.2 
 　汽车制造业 
 … 
 9.9 
 … 
 11.7 
 　铁路、船舶、航空航天和其他运输设备制造业 
 … 
 3.1 
 … 
 6.3 
 　电气机械和器材制造业 
 … 
 10.2 
 … 
 14.5 
 　计算机、通信和其他电子设备制造业 
 … 
 5.8 
 … 
 0.9 
 　电力、热力生产和供应业 
 … 
 0.2 
 … 
 3.8 
 主要产品产量 
 　布（亿米） 
 26 
 -2.2 
 202 
 -4.6 
 　硫酸（折 100 ％）（万吨） 
 792 
 7.1 
 6218 
 1.4 
 　烧碱（折 100 ％）（万吨） 
 340 
 5.6 
 2684 
 2.2 
 　乙烯（万吨） 
 264 
 16.8 
 2048 
 6.7 
 　化学纤维（万吨） 
 635 
 17.3 
 4620 
 6.9 
 　水泥（万吨） 
 17925 
 -2.0 
 130600 
 0.4 
 　平板玻璃（万重量箱） 
 8228 
 -7.2 
 63253 
 -8.2 
 　生铁（万吨） 
 7462 
 4.8 
 60359 
 3.7 
 　粗钢（万吨） 
 8641 
 3.2 
 71293 
 2.6 
 　钢材（万吨） 
 11652 
 11.4 
 90920 
 6.3 
 　十种有色金属（万吨） 
 629 
 6.1 
 4856 
 6.8 
 　　其中：原铝（电解铝）（万吨） 
 360 
 3.1 
 2723 
 2.9 
 　金属切削机床（万台） 
 5 
 0.0 
 40 
 -1.0 
 　工业机器人（套） 
 33193 
 -18.6 
 281515 
 2.3 
 　汽车（万辆） 
 251.3 
 4.5 
 1792.0 
 4.8 
 　　其中：轿车（万辆） 
 92.5 
 0.4 
 642.6 
 0.6 
 　　　　　运动型多用途乘用车（ SUV ）（万辆） 
 95.4 
 3.9 
 683.6 
 4.7 
 　　其中：新能源汽车（万辆） 
 80.0 
 13.8 
 515.7 
 29.6 
 　发电机组（发电设备）（万千瓦） 
 1616 
 32.4 
 12370 
 27.9 
 　太阳能电池（光伏电池）（万千瓦） 
 4881 
 77.8 
 33325 
 60.2 
 　微型计算机设备（万台） 
 3092 
 -1.8 
 22031 
 -21.7 
 　移动通信手持机（万台） 
 12765 
 7.0 
 93459 
 -0.9 
 　　其中：智能手机（万台） 
 9009 
 0.8 
 67863 
 -7.5 
 　集成电路（亿块） 
 312 
 21.1 
 2214 
 -1.4 
 　原煤（万吨） 
 38217 
 2.0 
 305084 
 3.4 
 　焦炭（万吨） 
 4158 
 6.0 
 32593 
 2.3 
 　原油（万吨） 
 1747 
 3.1 
 13985 
 2.1 
 　原油加工量（万吨） 
 6469 
 19.6 
 49140 
 11.9 
 　天然气（亿立方米） 
 181 
 6.3 
 1521 
 5.7 
 　发电量（亿千瓦时） 
 8450 
 1.1 
 58663 
 3.6 
 　　火力发电量（亿千瓦时） 
 5891 
 -2.2 
 41390 
 6.1 
 　　水力发电量（亿千瓦时） 
 1466 
 18.5 
 7187 
 -15.9 
 　　核能发电量（亿千瓦时） 
 383 
 5.5 
 2883 
 5.9 
 　　风力发电量（亿千瓦时） 
 441 
 -11.5 
 5308 
 14.4 
 　　太阳能发电量（亿千瓦时） 
 269 
 13.9 
 1894 
 9.9 
 　产品销售率（ % ） 
 97.4 
 -0.7( 百分点 ) 
 96.7 
 -0.7( 百分点 ) 
 　出口交货值（亿元） 
 12266 
 -4.5 
 94872 
 -4.6 
 　　 点击下载： 相关数据表      
 　　附注 
 　　 1 、指标解释 
 　　工业增加值增长速度 : 即工业增长速度，是用来反映一定时期工业生产物量增减变动程度的指标。利用该指标，可以判断短期工业经济的运行走势和经济的景气程度，也是制定和调整经济政策、实施宏观调控的重要参考和依据。 
 　　产品销售率：是销售产值和工业总产值的比率，用来反映工业产品的产销衔接情况。 
 　　出口交货值：是指工业企业自营（委托）出口（包括销往香港、澳门、台湾地区）或交给外贸部门出口的产品价值，以及外商来样、来料加工、来件装配和补偿贸易等生产的产品价值。 
 　　日均产品产量：是以当月公布的规模以上工业企业总产量除以该月日历天数计算得到。 
 　　 2 、统计范围 
 　　规模以上工业的统计范围为年主营业务收入 2000 万元及以上的工业企业。 
 　　由于规模以上工业企业范围每年发生变化，为保证本年数据与上年可比，计算产品产量等各项指标同比增长速度所采用的同期数与本期的企业统计范围尽可能相一致，和上年公布的数据存在口径差异。主要原因是：（一）统计单位范围发生变化。每年有部分企业达到规模纳入调查范围，也有部分企业因规模变小退出调查范围，还有新建投产企业、破产、注（吊）销企业等影响；（二）部分企业集团（公司）产品产量数据存在跨地区重复统计现象，根据专项调查对企业集团（公司）跨地区重复产量进行了剔重。 
 　　 3 、调查方法 
 　　规模以上工业企业工业生产报表按月进行全面调查（ 1 月份数据免报）。 
 　　 4 、行业分类标准 
 　　执行国民经济行业分类标准（ GB/T 4754-2017 ）。 
 　　 5 、环比数据修订 
 　　根据季节调整模型自动修正结果，对 2022 年 8 月至 2023 年 7 月份规模以上工业增加值环比增速进行修订。修订结果及 2023 年 8 月份环比数据如下： 
 年份 
 月份 
 环比增速（ % ） 
 2022 年 
 8 月 
 0.24 
 9 月 
 0.80 
 10 月 
 0.18 
 11 月 
 -0.24 
 12 月 
 0.13 
 2023 年 
 1 月 
 0.54 
 2 月 
 0.36 
 3 月 
 0.56 
 4 月 
 -0.23 
 5 月 
 0.69 
 6 月 
 0.68 
 7 月 
 0.01 
 8 月 
 0.50 
 [责任编辑:]
 相关链接 
 政府机构网站
 地方政府网站
 地方统计网站
 社会团体网站
 国际组织网站
 政府机构网站
 地方政府网站
 地方统计网站
 社会团体网站
 国际组织网站
 中央人民政府门户网站
 外交部
 国防部
 国家发展改革委
 教育部
 科技部
 工业和信息化部
 国家民委
 公安部
 国家安全部
 民政部
 司法部
 财政部
 人力资源社会保障部
 自然资源部
 生态环境部
 住房城乡建设部
 交通运输部
 水利部
 农业农村部
 商务部
 文化和旅游部
 国家卫生健康委
 退役军人事务部
 应急管理部
 中国人民银行
 审计署
 国务院国资委
 海关总署
 税务总局
 市场监管总局
 金融监管总局
 中国证监会
 广电总局
 体育总局
 国家信访局
 国家统计局
 国家知识产权局
 国家国际发展合作署
 国家医保局
 国务院参事室
 国管局
 国务院研究室
 国务院侨办
 国务院港澳办
 国务院台办
 国家网信办
 国务院新闻办
 新华社
 中国科学院
 中国社科院
 中国工程院
 国务院发展研究中心
 中央广电总台
 中国气象局
 国家粮食和物资储备局
 国家能源局
 国家国防科工局
 国家烟草局
 国家移民局
 国家林草局
 国家铁路局
 中国民航局
 国家邮政局
 国家文物局
 国家中医药局
 国家疾控局
 国家矿山安监局
 国家消防救援局
 国家外汇局
 国家药监局
 北京
 天津
 河北
 山西
 内蒙古
 辽宁
 吉林
 黑龙江
 上海
 江苏
 浙江
 安徽
 福建
 江西
 山东
 河南
 湖北
 湖南
 广东
 广西
 海南
 重庆
 四川
 贵州
 云南
 西藏
 陕西
 甘肃
 青海
 宁夏
 新疆
 兵团
 北京局
 天津局
 河北局
 山西局
 内蒙古局
 辽宁局
 吉林局
 黑龙江局
 上海局
 江苏局
 浙江局
 安徽局
 福建局
 江西局
 山东局
 河南局
 湖北局
 湖南局
 广东局
 广西局
 海南局
 重庆局
 四川局
 贵州局
 云南局
 西藏局
 陕西局
 甘肃局
 青海局
 宁夏局
 新疆局
 兵团局
 天津总队
 山西总队
 江苏总队
 浙江总队
 安徽总队
 河南总队
 湖南总队
 广东总队
 云南总队
 陕西总队
 新疆总队
 兵团总队
 中国统计学会
 联合国
 联合国经济和社会事务部
 联合国统计司
 世贸组织
 粮农组织
 劳工组织
 基金组织
 工发组织
 教科文组织
 世卫组织
 世界银行
 欧盟
 经合组织
 联合国开发署
 联合国人口基金
 联合国环境署
 联合国儿童基金
 世界粮食计划署
 国际组织网站
 版权所有: 国家统计局   联系我们    服务条款    网站地图 
 地址: 北京市西城区月坛南街57号 (100826) 
 京ICP备05034670号-2 
 京公网安备 11040102700142号 
 网站标识码bm36000002 
 中央人民政府门户网站
 外交部
 国防部
 国家发展改革委
 教育部
 科技部
 工业和信息化部
 国家民委
 公安部
 国家安全部
 民政部
 司法部
 财政部
 人力资源社会保障部
 自然资源部
 生态环境部
 住房城乡建设部
 交通运输部
 水利部
 农业农村部
 商务部
 文化和旅游部
 国家卫生健康委
 退役军人事务部
 应急管理部
 中国人民银行
 审计署
 国务院国资委
 海关总署
 税务总局
 市场监管总局
 金融监管总局
 中国证监会
 广电总局
 体育总局
 国家信访局
 国家统计局
 国家知识产权局
 国家国际发展合作署
 国家医保局
 国务院参事室
 国管局
 国务院研究室
 国务院侨办
 国务院港澳办
 国务院台办
 国家网信办
 国务院新闻办
 新华社
 中国科学院
 中国社科院
 中国工程院
 国务院发展研究中心
 中央广电总台
 中国气象局
 国家粮食和物资储备局
 国家能源局
 国家国防科工局
 国家烟草局
 国家移民局
 国家林草局
 国家铁路局
 中国民航局
 国家邮政局
 国家文物局
 国家中医药局
 国家疾控局
 国家矿山安监局
 国家消防救援局
 国家外汇局
 国家药监局
 北京
 天津
 河北
 山西
 内蒙古
 辽宁
 吉林
 黑龙江
 上海
 江苏
 浙江
 安徽
 福建
 江西
 山东
 河南
 湖北
 湖南
 广东
 广西
 海南
 重庆
 四川
 贵州
 云南
 西藏
 陕西
 甘肃
 青海
 宁夏
 新疆
 兵团
 北京局
 天津局
 河北局
 山西局
 内蒙古局
 辽宁局
 吉林局
 黑龙江局
 上海局
 江苏局
 浙江局
 安徽局
 福建局
 江西局
 山东局
 河南局
 湖北局
 湖南局
 广东局
 广西局
 海南局
 重庆局
 四川局
 贵州局
 云南局
 西藏局
 陕西局
 甘肃局
 青海局
 宁夏局
 新疆局
 兵团局
 天津总队
 山西总队
 江苏总队
 浙江总队
 安徽总队
 河南总队
 湖南总队
 广东总队
 云南总队
 陕西总队
 新疆总队
 兵团总队
 中国统计学会
 联合国
 联合国经济和社会事务部
 联合国统计司
 世贸组织
 粮农组织
 劳工组织
 基金组织
 工发组织
 教科文组织
 世卫组织
 世界银行
 欧盟
 经合组织
 联合国开发署
 联合国人口基金
 联合国环境署
 联合国儿童基金
 世界粮食计划署
 国际组织网站",2023-09-15,国家统计局,https://www.stats.gov.cn/sj/zxfb/202309/t20230915_1942845.html,accepted
LC-TEXT-0003,news,2023年9月份规模以上工业增加值增长4.5%,"2023年9月份规模以上工业增加值增长4.5% - 国家统计局 
 EN 
 搜索 
 首页 
 机构 
 新闻 
 时政要闻
 统计新闻
 数据 
 公开 
 服务 
 互动 
 知识 
 专题 
 2023年9月份规模以上工业增加值增长4.5%
 2023/10/18 10:00
 | 
 Aa 
 字体： 
 小
 中
 大
 | 
 分享到： 
 　　 9 月份，规模以上工业增加值同比实际增长 4.5% （增加值增速均为扣除价格因素的实际增长率）。从环比看， 9 月份，规模以上工业增加值比上月增长 0.36% 。 1 — 9 月份，规模以上工业增加值同比增长 4.0% 。 
 　　分三大门类看， 9 月份，采矿业增加值同比增长 1.5% ，制造业增长 5.0% ，电力、热力、燃气及水生产和供应业增长 3.5% 。 
 　　分经济类型看， 9 月份，国有控股企业增加值同比增长 5.9% ；股份制企业增长 5.6% ，外商及港澳台商投资企业增长 0.4% ；私营企业增长 3.3% 。 
 　　分行业看， 9 月份， 41 个大类行业中有 26 个行业增加值保持同比增长。其中煤炭开采和洗选业增长 1.4% ，石油和天然气开采业增长 3.4% ，农副食品加工业增长 1.2% ，酒、饮料和精制茶制造业增长 2.7% ，纺织业增长 0.8% ，化学原料和化学制品制造业增长 13.4% ，非金属矿物制品业下降 1.7% ，黑色金属冶炼和压延加工业增长 9.9% ，有色金属冶炼和压延加工业增长 8.4% ，通用设备制造业同比持平，专用设备制造业增长 1.6% ，汽车制造业增长 9.0% ，铁路、船舶、航空航天和其他运输设备制造业增长 2.6% ，电气机械和器材制造业增长 11.5% ，计算机、通信和其他电子设备制造业增长 4.5% ，电力、热力生产和供应业增长 4.6% 。 
 　　分产品看， 9 月份， 620 种产品中有 337 种产品产量同比增长。钢材 11782 万吨，同比增长 5.5% ；水泥 18887 万吨，下降 7.2% ；十种有色金属 642 万吨，增长 7.3% ；乙烯 264 万吨，增长 5.7% ；汽车 283.3 万辆，增长 3.4% ，其中新能源汽车 84.7 万辆，增长 12.5% ；发电量 7456 亿千瓦时，增长 7.7% ；原油加工量 6362 万吨，增长 12.0% 。 
 　　 9 月份，工业企业产品销售率为 97.4% ，同比下降 0.4 个百分点；工业企业实现出口交货值 13683 亿元，同比名义下降 3.6% 。 
 2023 年 9 月份规模以上工业生产主要数据 
 指标 
 9 月 
 1 — 9 月 
 绝对量 
 同比增长 
 （ % ） 
 绝对量 
 同比增长 
 （ % ） 
 规模以上工业增加值 
 … 
 4.5 
 … 
 4.0 
 分三大门类 
 　采矿业 
 … 
 1.5 
 … 
 1.7 
 　制造业 
 … 
 5.0 
 … 
 4.4 
 　　其中：高技术制造业 
 … 
 2.3 
 … 
 1.9 
 　电力、热力、燃气及水生产和供应业 
 … 
 3.5 
 … 
 3.5 
 分经济类型 
 　其中：国有控股企业 
 … 
 5.9 
 … 
 4.6 
 　其中：股份制企业 
 … 
 5.6 
 … 
 4.8 
 　　　　外商及港澳台商投资企业 
 … 
 0.4 
 … 
 0.5 
 　其中：私营企业 
 … 
 3.3 
 … 
 2.3 
 主要行业增加值 
 　煤炭开采和洗选业 
 … 
 1.4 
 … 
 1.4 
 　石油和天然气开采业 
 … 
 3.4 
 … 
 4.3 
 　农副食品加工业 
 … 
 1.2 
 … 
 0.4 
 　食品制造业 
 … 
 6.4 
 … 
 2.9 
 　酒、饮料和精制茶制造业 
 … 
 2.7 
 … 
 -0.2 
 　纺织业 
 … 
 0.8 
 … 
 -1.3 
 　化学原料和化学制品制造业 
 … 
 13.4 
 … 
 9.2 
 　医药制造业 
 … 
 -7.7 
 … 
 -5.2 
 　橡胶和塑料制品业 
 … 
 6.0 
 … 
 2.2 
 　非金属矿物制品业 
 … 
 -1.7 
 … 
 -0.5 
 　黑色金属冶炼和压延加工业 
 … 
 9.9 
 … 
 7.8 
 　有色金属冶炼和压延加工业 
 … 
 8.4 
 … 
 7.8 
 　金属制品业 
 … 
 3.7 
 … 
 1.9 
 　通用设备制造业 
 … 
 0.0 
 … 
 2.1 
 　专用设备制造业 
 … 
 1.6 
 … 
 3.9 
 　汽车制造业 
 … 
 9.0 
 … 
 11.4 
 　铁路、船舶、航空航天和其他运输设备制造业 
 … 
 2.6 
 … 
 5.9 
 　电气机械和器材制造业 
 … 
 11.5 
 … 
 14.1 
 　计算机、通信和其他电子设备制造业 
 … 
 4.5 
 … 
 1.4 
 　电力、热力生产和供应业 
 … 
 4.6 
 … 
 3.9 
 主要产品产量 
 　布（亿米） 
 27 
 -3.5 
 230 
 -3.4 
 　硫酸（折 100 ％）（万吨） 
 808 
 8.5 
 7039 
 2.3 
 　烧碱（折 100 ％）（万吨） 
 346 
 2.6 
 3025 
 2.1 
 　乙烯（万吨） 
 264 
 5.7 
 2364 
 6.7 
 　化学纤维（万吨） 
 631 
 12.1 
 5230 
 6.9 
 　水泥（万吨） 
 18887 
 -7.2 
 149521 
 -0.7 
 　平板玻璃（万重量箱） 
 8107 
 -6.0 
 71990 
 -7.4 
 　生铁（万吨） 
 7154 
 -3.3 
 67516 
 2.8 
 　粗钢（万吨） 
 8211 
 -5.6 
 79507 
 1.7 
 　钢材（万吨） 
 11782 
 5.5 
 102887 
 6.1 
 　十种有色金属（万吨） 
 642 
 7.3 
 5502 
 6.8 
 　　其中：原铝（电解铝）（万吨） 
 358 
 5.3 
 3081 
 3.3 
 　金属切削机床（万台） 
 5 
 12.5 
 45 
 1.6 
 　工业机器人（套） 
 36096 
 -14.3 
 320478 
 0.4 
 　汽车（万辆） 
 283.3 
 3.4 
 2090.5 
 4.6 
 　　其中：轿车（万辆） 
 101.1 
 -2.1 
 744.1 
 0.3 
 　　　　　运动型多用途乘用车（ SUV ）（万辆） 
 107.4 
 1.4 
 793.1 
 4.5 
 　　其中：新能源汽车（万辆） 
 84.7 
 12.5 
 609.0 
 26.7 
 　发电机组（发电设备）（万千瓦） 
 2757 
 25.6 
 14915 
 28.4 
 　太阳能电池（光伏电池）（万千瓦） 
 5140 
 65.4 
 38428 
 63.2 
 　微型计算机设备（万台） 
 3256 
 -16.3 
 25312 
 -21.1 
 　移动通信手持机（万台） 
 15941 
 11.8 
 109376 
 0.8 
 　　其中：智能手机（万台） 
 11339 
 3.2 
 79202 
 -6.1 
 　集成电路（亿块） 
 305 
 13.9 
 2447 
 -2.5 
 　原煤（万吨） 
 39298 
 0.4 
 344215 
 3.0 
 　焦炭（万吨） 
 4144 
 3.6 
 36831 
 2.6 
 　原油（万吨） 
 1687 
 0.3 
 15672 
 1.9 
 　原油加工量（万吨） 
 6362 
 12.0 
 55484 
 11.5 
 　天然气（亿立方米） 
 179 
 9.3 
 1704 
 6.4 
 　发电量（亿千瓦时） 
 7456 
 7.7 
 66219 
 4.2 
 　　火力发电量（亿千瓦时） 
 4973 
 2.3 
 46397 
 5.8 
 　　水力发电量（亿千瓦时） 
 1394 
 39.2 
 8584 
 -10.1 
 　　核能发电量（亿千瓦时） 
 345 
 6.7 
 3228 
 6.0 
 　　风力发电量（亿千瓦时） 
 498 
 -1.6 
 5837 
 13.4 
 　　太阳能发电量（亿千瓦时） 
 246 
 6.8 
 2173 
 11.3 
 　产品销售率（ % ） 
 97.4 
 -0.4( 百分点 ) 
 96.8 
 -0.5( 百分点 ) 
 　出口交货值（亿元） 
 13683 
 -3.6 
 108549 
 -4.8 
 　　 点击下载： 相关数据表 
 　　附注 
 　　 1 、指标解释 
 　　工业增加值增长速度 : 即工业增长速度，是用来反映一定时期工业生产物量增减变动程度的指标。利用该指标，可以判断短期工业经济的运行走势和经济的景气程度，也是制定和调整经济政策、实施宏观调控的重要参考和依据。 
 　　产品销售率：是销售产值和工业总产值的比率，用来反映工业产品的产销衔接情况。 
 　　出口交货值：是指工业企业自营（委托）出口（包括销往香港、澳门、台湾地区）或交给外贸部门出口的产品价值，以及外商来样、来料加工、来件装配和补偿贸易等生产的产品价值。 
 　　日均产品产量：是以当月公布的规模以上工业企业总产量除以该月日历天数计算得到。 
 　　 2 、统计范围 
 　　规模以上工业的统计范围为年主营业务收入 2000 万元及以上的工业企业。 
 　　由于规模以上工业企业范围每年发生变化，为保证本年数据与上年可比，计算产品产量等各项指标同比增长速度所采用的同期数与本期的企业统计范围尽可能相一致，和上年公布的数据存在口径差异。主要原因是：（一）统计单位范围发生变化。每年有部分企业达到规模纳入调查范围，也有部分企业因规模变小退出调查范围，还有新建投产企业、破产、注（吊）销企业等影响；（二）部分企业集团（公司）产品产量数据存在跨地区重复统计现象，根据专项调查对企业集团（公司）跨地区重复产量进行了剔重。 
 　　 3 、调查方法 
 　　规模以上工业企业工业生产报表按月进行全面调查（ 1 月份数据免报）。 
 　　 4 、行业分类标准 
 　　执行国民经济行业分类标准（ GB/T 4754-2017 ）。 
 　　 5 、环比数据修订 
 　　根据季节调整模型自动修正结果，对 2022 年 9 月至 2023 年 8 月份规模以上工业增加值环比增速进行修订。修订结果及 2023 年 9 月份环比数据如下： 
 年份 
 月份 
 环比增速（ % ） 
 2022 年 
 9 月 
 0.80 
 10 月 
 0.18 
 11 月 
 -0.24 
 12 月 
 0.19 
 2023 年 
 1 月 
 0.54 
 2 月 
 0.36 
 3 月 
 0.59 
 4 月 
 -0.23 
 5 月 
 0.69 
 6 月 
 0.68 
 7 月 
 0.04 
 8 月 
 0.50 
 9 月 
 0.36 
 　　 9 月份，规模以上工业增加值同比实际增长 4.5% （增加值增速均为扣除价格因素的实际增长率）。从环比看， 9 月份，规模以上工业增加值比上月增长 0.36% 。 1 — 9 月份，规模以上工业增加值同比增长 4.0% 。 
 　　分三大门类看， 9 月份，采矿业增加值同比增长 1.5% ，制造业增长 5.0% ，电力、热力、燃气及水生产和供应业增长 3.5% 。 
 　　分经济类型看， 9 月份，国有控股企业增加值同比增长 5.9% ；股份制企业增长 5.6% ，外商及港澳台商投资企业增长 0.4% ；私营企业增长 3.3% 。 
 　　分行业看， 9 月份， 41 个大类行业中有 26 个行业增加值保持同比增长。其中煤炭开采和洗选业增长 1.4% ，石油和天然气开采业增长 3.4% ，农副食品加工业增长 1.2% ，酒、饮料和精制茶制造业增长 2.7% ，纺织业增长 0.8% ，化学原料和化学制品制造业增长 13.4% ，非金属矿物制品业下降 1.7% ，黑色金属冶炼和压延加工业增长 9.9% ，有色金属冶炼和压延加工业增长 8.4% ，通用设备制造业同比持平，专用设备制造业增长 1.6% ，汽车制造业增长 9.0% ，铁路、船舶、航空航天和其他运输设备制造业增长 2.6% ，电气机械和器材制造业增长 11.5% ，计算机、通信和其他电子设备制造业增长 4.5% ，电力、热力生产和供应业增长 4.6% 。 
 　　分产品看， 9 月份， 620 种产品中有 337 种产品产量同比增长。钢材 11782 万吨，同比增长 5.5% ；水泥 18887 万吨，下降 7.2% ；十种有色金属 642 万吨，增长 7.3% ；乙烯 264 万吨，增长 5.7% ；汽车 283.3 万辆，增长 3.4% ，其中新能源汽车 84.7 万辆，增长 12.5% ；发电量 7456 亿千瓦时，增长 7.7% ；原油加工量 6362 万吨，增长 12.0% 。 
 　　 9 月份，工业企业产品销售率为 97.4% ，同比下降 0.4 个百分点；工业企业实现出口交货值 13683 亿元，同比名义下降 3.6% 。 
 2023 年 9 月份规模以上工业生产主要数据 
 指标 
 9 月 
 1 — 9 月 
 绝对量 
 同比增长 
 （ % ） 
 绝对量 
 同比增长 
 （ % ） 
 规模以上工业增加值 
 … 
 4.5 
 … 
 4.0 
 分三大门类 
 　采矿业 
 … 
 1.5 
 … 
 1.7 
 　制造业 
 … 
 5.0 
 … 
 4.4 
 　　其中：高技术制造业 
 … 
 2.3 
 … 
 1.9 
 　电力、热力、燃气及水生产和供应业 
 … 
 3.5 
 … 
 3.5 
 分经济类型 
 　其中：国有控股企业 
 … 
 5.9 
 … 
 4.6 
 　其中：股份制企业 
 … 
 5.6 
 … 
 4.8 
 　　　　外商及港澳台商投资企业 
 … 
 0.4 
 … 
 0.5 
 　其中：私营企业 
 … 
 3.3 
 … 
 2.3 
 主要行业增加值 
 　煤炭开采和洗选业 
 … 
 1.4 
 … 
 1.4 
 　石油和天然气开采业 
 … 
 3.4 
 … 
 4.3 
 　农副食品加工业 
 … 
 1.2 
 … 
 0.4 
 　食品制造业 
 … 
 6.4 
 … 
 2.9 
 　酒、饮料和精制茶制造业 
 … 
 2.7 
 … 
 -0.2 
 　纺织业 
 … 
 0.8 
 … 
 -1.3 
 　化学原料和化学制品制造业 
 … 
 13.4 
 … 
 9.2 
 　医药制造业 
 … 
 -7.7 
 … 
 -5.2 
 　橡胶和塑料制品业 
 … 
 6.0 
 … 
 2.2 
 　非金属矿物制品业 
 … 
 -1.7 
 … 
 -0.5 
 　黑色金属冶炼和压延加工业 
 … 
 9.9 
 … 
 7.8 
 　有色金属冶炼和压延加工业 
 … 
 8.4 
 … 
 7.8 
 　金属制品业 
 … 
 3.7 
 … 
 1.9 
 　通用设备制造业 
 … 
 0.0 
 … 
 2.1 
 　专用设备制造业 
 … 
 1.6 
 … 
 3.9 
 　汽车制造业 
 … 
 9.0 
 … 
 11.4 
 　铁路、船舶、航空航天和其他运输设备制造业 
 … 
 2.6 
 … 
 5.9 
 　电气机械和器材制造业 
 … 
 11.5 
 … 
 14.1 
 　计算机、通信和其他电子设备制造业 
 … 
 4.5 
 … 
 1.4 
 　电力、热力生产和供应业 
 … 
 4.6 
 … 
 3.9 
 主要产品产量 
 　布（亿米） 
 27 
 -3.5 
 230 
 -3.4 
 　硫酸（折 100 ％）（万吨） 
 808 
 8.5 
 7039 
 2.3 
 　烧碱（折 100 ％）（万吨） 
 346 
 2.6 
 3025 
 2.1 
 　乙烯（万吨） 
 264 
 5.7 
 2364 
 6.7 
 　化学纤维（万吨） 
 631 
 12.1 
 5230 
 6.9 
 　水泥（万吨） 
 18887 
 -7.2 
 149521 
 -0.7 
 　平板玻璃（万重量箱） 
 8107 
 -6.0 
 71990 
 -7.4 
 　生铁（万吨） 
 7154 
 -3.3 
 67516 
 2.8 
 　粗钢（万吨） 
 8211 
 -5.6 
 79507 
 1.7 
 　钢材（万吨） 
 11782 
 5.5 
 102887 
 6.1 
 　十种有色金属（万吨） 
 642 
 7.3 
 5502 
 6.8 
 　　其中：原铝（电解铝）（万吨） 
 358 
 5.3 
 3081 
 3.3 
 　金属切削机床（万台） 
 5 
 12.5 
 45 
 1.6 
 　工业机器人（套） 
 36096 
 -14.3 
 320478 
 0.4 
 　汽车（万辆） 
 283.3 
 3.4 
 2090.5 
 4.6 
 　　其中：轿车（万辆） 
 101.1 
 -2.1 
 744.1 
 0.3 
 　　　　　运动型多用途乘用车（ SUV ）（万辆） 
 107.4 
 1.4 
 793.1 
 4.5 
 　　其中：新能源汽车（万辆） 
 84.7 
 12.5 
 609.0 
 26.7 
 　发电机组（发电设备）（万千瓦） 
 2757 
 25.6 
 14915 
 28.4 
 　太阳能电池（光伏电池）（万千瓦） 
 5140 
 65.4 
 38428 
 63.2 
 　微型计算机设备（万台） 
 3256 
 -16.3 
 25312 
 -21.1 
 　移动通信手持机（万台） 
 15941 
 11.8 
 109376 
 0.8 
 　　其中：智能手机（万台） 
 11339 
 3.2 
 79202 
 -6.1 
 　集成电路（亿块） 
 305 
 13.9 
 2447 
 -2.5 
 　原煤（万吨） 
 39298 
 0.4 
 344215 
 3.0 
 　焦炭（万吨） 
 4144 
 3.6 
 36831 
 2.6 
 　原油（万吨） 
 1687 
 0.3 
 15672 
 1.9 
 　原油加工量（万吨） 
 6362 
 12.0 
 55484 
 11.5 
 　天然气（亿立方米） 
 179 
 9.3 
 1704 
 6.4 
 　发电量（亿千瓦时） 
 7456 
 7.7 
 66219 
 4.2 
 　　火力发电量（亿千瓦时） 
 4973 
 2.3 
 46397 
 5.8 
 　　水力发电量（亿千瓦时） 
 1394 
 39.2 
 8584 
 -10.1 
 　　核能发电量（亿千瓦时） 
 345 
 6.7 
 3228 
 6.0 
 　　风力发电量（亿千瓦时） 
 498 
 -1.6 
 5837 
 13.4 
 　　太阳能发电量（亿千瓦时） 
 246 
 6.8 
 2173 
 11.3 
 　产品销售率（ % ） 
 97.4 
 -0.4( 百分点 ) 
 96.8 
 -0.5( 百分点 ) 
 　出口交货值（亿元） 
 13683 
 -3.6 
 108549 
 -4.8 
 　　 点击下载： 相关数据表 
 　　附注 
 　　 1 、指标解释 
 　　工业增加值增长速度 : 即工业增长速度，是用来反映一定时期工业生产物量增减变动程度的指标。利用该指标，可以判断短期工业经济的运行走势和经济的景气程度，也是制定和调整经济政策、实施宏观调控的重要参考和依据。 
 　　产品销售率：是销售产值和工业总产值的比率，用来反映工业产品的产销衔接情况。 
 　　出口交货值：是指工业企业自营（委托）出口（包括销往香港、澳门、台湾地区）或交给外贸部门出口的产品价值，以及外商来样、来料加工、来件装配和补偿贸易等生产的产品价值。 
 　　日均产品产量：是以当月公布的规模以上工业企业总产量除以该月日历天数计算得到。 
 　　 2 、统计范围 
 　　规模以上工业的统计范围为年主营业务收入 2000 万元及以上的工业企业。 
 　　由于规模以上工业企业范围每年发生变化，为保证本年数据与上年可比，计算产品产量等各项指标同比增长速度所采用的同期数与本期的企业统计范围尽可能相一致，和上年公布的数据存在口径差异。主要原因是：（一）统计单位范围发生变化。每年有部分企业达到规模纳入调查范围，也有部分企业因规模变小退出调查范围，还有新建投产企业、破产、注（吊）销企业等影响；（二）部分企业集团（公司）产品产量数据存在跨地区重复统计现象，根据专项调查对企业集团（公司）跨地区重复产量进行了剔重。 
 　　 3 、调查方法 
 　　规模以上工业企业工业生产报表按月进行全面调查（ 1 月份数据免报）。 
 　　 4 、行业分类标准 
 　　执行国民经济行业分类标准（ GB/T 4754-2017 ）。 
 　　 5 、环比数据修订 
 　　根据季节调整模型自动修正结果，对 2022 年 9 月至 2023 年 8 月份规模以上工业增加值环比增速进行修订。修订结果及 2023 年 9 月份环比数据如下： 
 年份 
 月份 
 环比增速（ % ） 
 2022 年 
 9 月 
 0.80 
 10 月 
 0.18 
 11 月 
 -0.24 
 12 月 
 0.19 
 2023 年 
 1 月 
 0.54 
 2 月 
 0.36 
 3 月 
 0.59 
 4 月 
 -0.23 
 5 月 
 0.69 
 6 月 
 0.68 
 7 月 
 0.04 
 8 月 
 0.50 
 9 月 
 0.36 
 [责任编辑:]
 相关链接 
 政府机构网站
 地方政府网站
 地方统计网站
 社会团体网站
 国际组织网站
 政府机构网站
 地方政府网站
 地方统计网站
 社会团体网站
 国际组织网站
 中央人民政府门户网站
 外交部
 国防部
 国家发展改革委
 教育部
 科技部
 工业和信息化部
 国家民委
 公安部
 国家安全部
 民政部
 司法部
 财政部
 人力资源社会保障部
 自然资源部
 生态环境部
 住房城乡建设部
 交通运输部
 水利部
 农业农村部
 商务部
 文化和旅游部
 国家卫生健康委
 退役军人事务部
 应急管理部
 中国人民银行
 审计署
 国务院国资委
 海关总署
 税务总局
 市场监管总局
 金融监管总局
 中国证监会
 广电总局
 体育总局
 国家信访局
 国家统计局
 国家知识产权局
 国家国际发展合作署
 国家医保局
 国务院参事室
 国管局
 国务院研究室
 国务院侨办
 国务院港澳办
 国务院台办
 国家网信办
 国务院新闻办
 新华社
 中国科学院
 中国社科院
 中国工程院
 国务院发展研究中心
 中央广电总台
 中国气象局
 国家粮食和物资储备局
 国家能源局
 国家国防科工局
 国家烟草局
 国家移民局
 国家林草局
 国家铁路局
 中国民航局
 国家邮政局
 国家文物局
 国家中医药局
 国家疾控局
 国家矿山安监局
 国家消防救援局
 国家外汇局
 国家药监局
 北京
 天津
 河北
 山西
 内蒙古
 辽宁
 吉林
 黑龙江
 上海
 江苏
 浙江
 安徽
 福建
 江西
 山东
 河南
 湖北
 湖南
 广东
 广西
 海南
 重庆
 四川
 贵州
 云南
 西藏
 陕西
 甘肃
 青海
 宁夏
 新疆
 兵团
 北京局
 天津局
 河北局
 山西局
 内蒙古局
 辽宁局
 吉林局
 黑龙江局
 上海局
 江苏局
 浙江局
 安徽局
 福建局
 江西局
 山东局
 河南局
 湖北局
 湖南局
 广东局
 广西局
 海南局
 重庆局
 四川局
 贵州局
 云南局
 西藏局
 陕西局
 甘肃局
 青海局
 宁夏局
 新疆局
 兵团局
 天津总队
 山西总队
 江苏总队
 浙江总队
 安徽总队
 河南总队
 湖南总队
 广东总队
 云南总队
 陕西总队
 新疆总队
 兵团总队
 中国统计学会
 联合国
 联合国经济和社会事务部
 联合国统计司
 世贸组织
 粮农组织
 劳工组织
 基金组织
 工发组织
 教科文组织
 世卫组织
 世界银行
 欧盟
 经合组织
 联合国开发署
 联合国人口基金
 联合国环境署
 联合国儿童基金
 世界粮食计划署
 国际组织网站
 版权所有: 国家统计局   联系我们    服务条款    网站地图 
 地址: 北京市西城区月坛南街57号 (100826) 
 京ICP备05034670号-2 
 京公网安备 11040102700142号 
 网站标识码bm36000002 
 中央人民政府门户网站
 外交部
 国防部
 国家发展改革委
 教育部
 科技部
 工业和信息化部
 国家民委
 公安部
 国家安全部
 民政部
 司法部
 财政部
 人力资源社会保障部
 自然资源部
 生态环境部
 住房城乡建设部
 交通运输部
 水利部
 农业农村部
 商务部
 文化和旅游部
 国家卫生健康委
 退役军人事务部
 应急管理部
 中国人民银行
 审计署
 国务院国资委
 海关总署
 税务总局
 市场监管总局
 金融监管总局
 中国证监会
 广电总局
 体育总局
 国家信访局
 国家统计局
 国家知识产权局
 国家国际发展合作署
 国家医保局
 国务院参事室
 国管局
 国务院研究室
 国务院侨办
 国务院港澳办
 国务院台办
 国家网信办
 国务院新闻办
 新华社
 中国科学院
 中国社科院
 中国工程院
 国务院发展研究中心
 中央广电总台
 中国气象局
 国家粮食和物资储备局
 国家能源局
 国家国防科工局
 国家烟草局
 国家移民局
 国家林草局
 国家铁路局
 中国民航局
 国家邮政局
 国家文物局
 国家中医药局
 国家疾控局
 国家矿山安监局
 国家消防救援局
 国家外汇局
 国家药监局
 北京
 天津
 河北
 山西
 内蒙古
 辽宁
 吉林
 黑龙江
 上海
 江苏
 浙江
 安徽
 福建
 江西
 山东
 河南
 湖北
 湖南
 广东
 广西
 海南
 重庆
 四川
 贵州
 云南
 西藏
 陕西
 甘肃
 青海
 宁夏
 新疆
 兵团
 北京局
 天津局
 河北局
 山西局
 内蒙古局
 辽宁局
 吉林局
 黑龙江局
 上海局
 江苏局
 浙江局
 安徽局
 福建局
 江西局
 山东局
 河南局
 湖北局
 湖南局
 广东局
 广西局
 海南局
 重庆局
 四川局
 贵州局
 云南局
 西藏局
 陕西局
 甘肃局
 青海局
 宁夏局
 新疆局
 兵团局
 天津总队
 山西总队
 江苏总队
 浙江总队
 安徽总队
 河南总队
 湖南总队
 广东总队
 云南总队
 陕西总队
 新疆总队
 兵团总队
 中国统计学会
 联合国
 联合国经济和社会事务部
 联合国统计司
 世贸组织
 粮农组织
 劳工组织
 基金组织
 工发组织
 教科文组织
 世卫组织
 世界银行
 欧盟
 经合组织
 联合国开发署
 联合国人口基金
 联合国环境署
 联合国儿童基金
 世界粮食计划署
 国际组织网站",2023-10-18,国家统计局,https://www.stats.gov.cn/sj/zxfb/202310/t20231018_1943655.html,accepted
LC-TEXT-0004,news,2023-10规模以上工业增加值官方发布,"国家统计局信息公开 
 无障碍浏览 
 索 引 号 410A04-0402-202311-0006 
 信息类别 最新发布 
 发布机构 国家统计局 
 成文日期 2023年11月15日 
 文  号 
 有 效 性 有效 
 2023年10月份规模以上工业增加值增长4.6% 
 　　 10 月份，规模以上工业增加值同比实际增长 4.6% （增加值增速均为扣除价格因素的实际增长率）。从环比看， 10 月份，规模以上工业增加值比上月增长 0.39% 。 1 — 10 月份，规模以上工业增加值同比增长 4.1% 。 
 　　分三大门类看， 10 月份，采矿业增加值同比增长 2.9% ，制造业增长 5.1% ，电力、热力、燃气及水生产和供应业增长 1.5% 。 
 　　分经济类型看， 10 月份，国有控股企业增加值同比增长 4.9% ；股份制企业增长 5.6% ，外商及港澳台商投资企业增长 0.9% ；私营企业增长 3.9% 。 
 　　分行业看， 10 月份， 41 个大类行业中有 28 个行业增加值保持同比增长。其中煤炭开采和洗选业增长 3.3% ，石油和天然气开采业增长 0.4% ，农副食品加工业增长 0.7% ，酒、饮料和精制茶制造业增长 3.4% ，纺织业增长 2.0% ，化学原料和化学制品制造业增长 12.1% ，非金属矿物制品业下降 1.1% ，黑色金属冶炼和压延加工业增长 7.3% ，有色金属冶炼和压延加工业增长 12.5% ，通用设备制造业下降 0.1% ，专用设备制造业增长 2.7% ，汽车制造业增长 10.8% ，铁路、船舶、航空航天和其他运输设备制造业增长 9.6% ，电气机械和器材制造业增长 9.8% ，计算机、通信和其他电子设备制造业增长 4.8% ，电力、热力生产和供应业增长 0.9% 。 
 　　分产品看， 10 月份， 620 种产品中有 371 种产品产量同比增长。钢材 11371 万吨，同比增长 3.0% ；水泥 19121 万吨，下降 4.0% ；十种有色金属 655 万吨，增长 8.2% ；乙烯 282 万吨，增长 5.6% ；汽车 277.9 万辆，增长 8.5% ，其中新能源汽车 92.7 万辆，增长 27.9% ；发电量 7044 亿千瓦时，增长 5.2% ；原油加工量 6393 万吨，增长 9.1% 。 
 　　 10 月份，工业企业产品销售率为 97.4% ，同比上升 0.4 个百分点；工业企业实现出口交货值 12941 亿元，同比名义下降 0.5% 。 
 2023 年 10 月份规模以上工业生产主要数据 
 指标 
 10 月 
 1 — 10 月 
 绝对量 
 同比增长 
 （ % ） 
 绝对量 
 同比增长 
 （ % ） 
 规模以上工业增加值 
 … 
 4.6 
 … 
 4.1 
 分三大门类 
 　采矿业 
 … 
 2.9 
 … 
 1.8 
 　制造业 
 … 
 5.1 
 … 
 4.5 
 　　其中：高技术制造业 
 … 
 1.8 
 … 
 1.9 
 　电力、热力、燃气及水生产和供应业 
 … 
 1.5 
 … 
 3.3 
 分经济类型 
 　其中：国有控股企业 
 … 
 4.9 
 … 
 4.6 
 　其中：股份制企业 
 … 
 5.6 
 … 
 4.9 
 　　　　外商及港澳台商投资企业 
 … 
 0.9 
 … 
 0.5 
 　其中：私营企业 
 … 
 3.9 
 … 
 2.5 
 主要行业增加值 
 　煤炭开采和洗选业 
 … 
 3.3 
 … 
 1.6 
 　石油和天然气开采业 
 … 
 0.4 
 … 
 3.9 
 　农副食品加工业 
 … 
 0.7 
 … 
 0.4 
 　食品制造业 
 … 
 4.7 
 … 
 3.1 
 　酒、饮料和精制茶制造业 
 … 
 3.4 
 … 
 0.1 
 　纺织业 
 … 
 2.0 
 … 
 -1.0 
 　化学原料和化学制品制造业 
 … 
 12.1 
 … 
 9.5 
 　医药制造业 
 … 
 -10.4 
 … 
 -5.7 
 　橡胶和塑料制品业 
 … 
 6.0 
 … 
 2.6 
 　非金属矿物制品业 
 … 
 -1.1 
 … 
 -0.6 
 　黑色金属冶炼和压延加工业 
 … 
 7.3 
 … 
 7.8 
 　有色金属冶炼和压延加工业 
 … 
 12.5 
 … 
 8.3 
 　金属制品业 
 … 
 5.5 
 … 
 2.3 
 　通用设备制造业 
 … 
 -0.1 
 … 
 1.8 
 　专用设备制造业 
 … 
 2.7 
 … 
 3.8 
 　汽车制造业 
 … 
 10.8 
 … 
 11.3 
 　铁路、船舶、航空航天和其他运输设备制造业 
 … 
 9.6 
 … 
 6.3 
 　电气机械和器材制造业 
 … 
 9.8 
 … 
 13.6 
 　计算机、通信和其他电子设备制造业 
 … 
 4.8 
 … 
 1.7 
 　电力、热力生产和供应业 
 … 
 0.9 
 … 
 3.5 
 主要产品产量 
 　布（亿米） 
 27 
 -5.3 
 255 
 -4.2 
 　硫酸（折 100 ％）（万吨） 
 822 
 6.1 
 7860 
 2.7 
 　烧碱（折 100 ％）（万吨） 
 353 
 5.8 
 3378 
 2.5 
 　乙烯（万吨） 
 282 
 5.6 
 2646 
 6.6 
 　化学纤维（万吨） 
 645 
 15.5 
 5912 
 8.8 
 　水泥（万吨） 
 19121 
 -4.0 
 168585 
 -1.1 
 　平板玻璃（万重量箱） 
 8256 
 -1.0 
 79592 
 -7.6 
 　生铁（万吨） 
 6919 
 -2.8 
 74475 
 2.3 
 　粗钢（万吨） 
 7909 
 -1.8 
 87470 
 1.4 
 　钢材（万吨） 
 11371 
 3.0 
 114418 
 5.7 
 　十种有色金属（万吨） 
 655 
 8.2 
 6158 
 7.0 
 　　其中：原铝（电解铝）（万吨） 
 362 
 6.0 
 3446 
 3.7 
 　金属切削机床（万台） 
 5 
 23.3 
 51 
 3.7 
 　工业机器人（套） 
 33074 
 -17.7 
 352912 
 -3.7 
 　汽车（万辆） 
 277.9 
 8.5 
 2366.3 
 4.9 
 　　其中：轿车（万辆） 
 96.4 
 0.4 
 843.2 
 0.6 
 　　　　　运动型多用途乘用车（ SUV ）（万辆） 
 106.1 
 2.5 
 924.0 
 4.9 
 　　其中：新能源汽车（万辆） 
 92.7 
 27.9 
 699.8 
 26.7 
 　发电机组（发电设备）（万千瓦） 
 2122 
 9.2 
 17011 
 24.6 
 　太阳能电池（光伏电池）（万千瓦） 
 5224 
 62.8 
 43643 
 63.7 
 　微型计算机设备（万台） 
 2837 
 -17.9 
 28135 
 -20.8 
 　移动通信手持机（万台） 
 15002 
 2.6 
 124772 
 1.6 
 　　其中：智能手机（万台） 
 11297 
 1.1 
 90643 
 -4.8 
 　集成电路（亿块） 
 313 
 34.5 
 2765 
 0.9 
 　原煤（万吨） 
 38875 
 3.8 
 382922 
 3.1 
 　焦炭（万吨） 
 4154 
 5.8 
 41001 
 2.9 
 　原油（万吨） 
 1733 
 0.5 
 17405 
 1.7 
 　原油加工量（万吨） 
 6393 
 9.1 
 61876 
 11.2 
 　天然气（亿立方米） 
 190 
 2.6 
 1896 
 6.1 
 　发电量（亿千瓦时） 
 7044 
 5.2 
 73330 
 4.4 
 　　火力发电量（亿千瓦时） 
 4654 
 4.0 
 51077 
 5.7 
 　　水力发电量（亿千瓦时） 
 1223 
 21.8 
 9805 
 -7.1 
 　　核能发电量（亿千瓦时） 
 359 
 -0.2 
 3587 
 5.3 
 　　风力发电量（亿千瓦时） 
 563 
 -13.1 
 6424 
 10.8 
 　　太阳能发电量（亿千瓦时） 
 244 
 15.3 
 2436 
 12.5 
 　产品销售率（ % ） 
 97.4 
 0.4( 百分点 ) 
 96.8 
 -0.3( 百分点 ) 
 　出口交货值（亿元） 
 12941 
 -0.5 
 121053 
 -4.2 
 　　点击下载： 相关数据表 
 　　附注 
 　　 1 、指标解释 
 　　工业增加值增长速度 : 即工业增长速度，是用来反映一定时期工业生产物量增减变动程度的指标。利用该指标，可以判断短期工业经济的运行走势和经济的景气程度，也是制定和调整经济政策、实施宏观调控的重要参考和依据。 
 　　产品销售率：是销售产值和工业总产值的比率，用来反映工业产品的产销衔接情况。 
 　　出口交货值：是指工业企业自营（委托）出口（包括销往香港、澳门、台湾地区）或交给外贸部门出口的产品价值，以及外商来样、来料加工、来件装配和补偿贸易等生产的产品价值。 
 　　日均产品产量：是以当月公布的规模以上工业企业总产量除以该月日历天数计算得到。 
 　　 2 、统计范围 
 　　规模以上工业的统计范围为年主营业务收入 2000 万元及以上的工业企业。 
 　　由于规模以上工业企业范围每年发生变化，为保证本年数据与上年可比，计算产品产量等各项指标同比增长速度所采用的同期数与本期的企业统计范围尽可能相一致，和上年公布的数据存在口径差异。主要原因是：（一）统计单位范围发生变化。每年有部分企业达到规模纳入调查范围，也有部分企业因规模变小退出调查范围，还有新建投产企业、破产、注（吊）销企业等影响；（二）部分企业集团（公司）产品产量数据存在跨地区重复统计现象，根据专项调查对企业集团（公司）跨地区重复产量进行了剔重。 
 　　 3 、调查方法 
 　　规模以上工业企业工业生产报表按月进行全面调查（ 1 月份数据免报）。 
 　　 4 、行业分类标准 
 　　执行国民经济行业分类标准（ GB/T 4754-2017 ）。 
 　　 5 、环比数据修订 
 　　根据季节调整模型自动修正结果，对 2022 年 10 月至 2023 年 9 月份规模以上工业增加值环比增速进行修订。修订结果及 2023 年 10 月份环比数据如下： 
 年份 
 月份 
 环比增速（ % ） 
 2022 年 
 10 月 
 0.18 
 11 月 
 -0.13 
 12 月 
 0.19 
 2023 年 
 1 月 
 0.54 
 2 月 
 0.36 
 3 月 
 0.65 
 4 月 
 -0.19 
 5 月 
 0.70 
 6 月 
 0.68 
 7 月 
 0.08 
 8 月 
 0.50 
 9 月 
 0.36 
 10 月 
 0.39",2023-11-15,国家统计局,https://www.stats.gov.cn/xxgk/sjfb/zxfb2020/202311/t20231115_1944543.html,accepted
LC-TEXT-0005,news,2023-11规模以上工业增加值官方发布,"国家统计局信息公开 
 无障碍浏览 
 索 引 号 410A04-0402-202312-0008 
 信息类别 最新发布 
 发布机构 国家统计局 
 成文日期 2023年12月15日 
 文  号 
 有 效 性 有效 
 2023年11月份规模以上工业增加值增长6.6% 
 　　 11 月份，规模以上工业增加值同比实际增长 6.6% （增加值增速均为扣除价格因素的实际增长率）。从环比看， 11 月份，规模以上工业增加值比上月增长 0.87% 。 1 — 11 月份，规模以上工业增加值同比增长 4.3% 。 
 　　分三大门类看， 11 月份，采矿业增加值同比增长 3.9% ，制造业增长 6.7% ，电力、热力、燃气及水生产和供应业增长 9.9% 。 
 　　分经济类型看， 11 月份，国有控股企业增加值同比增长 7.3% ；股份制企业增长 7.2% ，外商及港澳台商投资企业增长 4.4% ；私营企业增长 5.2% 。 
 　　分行业看， 11 月份， 41 个大类行业中有 28 个行业增加值保持同比增长。其中，煤炭开采和洗选业增长 5.2% ，石油和天然气开采业增长 1.8% ，农副食品加工业下降 0.5% ，酒、饮料和精制茶制造业增长 4.8% ，纺织业增长 2.1% ，化学原料和化学制品制造业增长 9.6% ，非金属矿物制品业下降 0.6% ，黑色金属冶炼和压延加工业增长 5.1% ，有色金属冶炼和压延加工业增长 10.2% ，通用设备制造业增长 0.8% ，专用设备制造业增长 1.9% ，汽车制造业增长 20.7% ，铁路、船舶、航空航天和其他运输设备制造业增长 12.7% ，电气机械和器材制造业增长 10.2% ，计算机、通信和其他电子设备制造业增长 10.6% ，电力、热力生产和供应业增长 9.2% 。 
 　　分产品看， 11 月份， 620 种产品中有 367 种产品产量同比增长。其中，钢材 11044 万吨，同比增长 4.2% ；水泥 18979 万吨，增长 1.6% ；十种有色金属 650 万吨，增长 7.1% ；乙烯 269 万吨，增长 4.8% ；汽车 295.3 万辆，增长 23.6% ，其中新能源汽车 100.6 万辆，增长 35.6% ；发电量 7310 亿千瓦时，增长 8.4% ；原油加工量 5953 万吨，增长 0.2% 。 
 　　 11 月份，工业企业产品销售率为 97.4% ，同比上升 0.5 个百分点；工业企业实现出口交货值 12580 亿元，同比名义下降 3.0% 。 
 2023 年 11 月份规模以上工业生产主要数据 
 指标 
 11 月 
 1 — 11 月 
 绝对量 
 同比增长 
 （ % ） 
 绝对量 
 同比增长 
 （ % ） 
 规模以上工业增加值 
 … 
 6.6 
 … 
 4.3 
 分三大门类 
 　采矿业 
 … 
 3.9 
 … 
 2.1 
 　制造业 
 … 
 6.7 
 … 
 4.7 
 　　其中：高技术制造业 
 … 
 6.2 
 … 
 2.3 
 　电力、热力、燃气及水生产和供应业 
 … 
 9.9 
 … 
 3.9 
 分经济类型 
 　其中：国有控股企业 
 … 
 7.3 
 … 
 4.8 
 　其中：股份制企业 
 … 
 7.2 
 … 
 5.1 
 　　　　外商及港澳台商投资企业 
 … 
 4.4 
 … 
 0.9 
 　其中：私营企业 
 … 
 5.2 
 … 
 2.8 
 主要行业增加值 
 　煤炭开采和洗选业 
 … 
 5.2 
 … 
 2.0 
 　石油和天然气开采业 
 … 
 1.8 
 … 
 3.7 
 　农副食品加工业 
 … 
 -0.5 
 … 
 0.3 
 　食品制造业 
 … 
 3.8 
 … 
 3.1 
 　酒、饮料和精制茶制造业 
 … 
 4.8 
 … 
 0.6 
 　纺织业 
 … 
 2.1 
 … 
 -0.8 
 　化学原料和化学制品制造业 
 … 
 9.6 
 … 
 9.5 
 　医药制造业 
 … 
 -8.1 
 … 
 -6.0 
 　橡胶和塑料制品业 
 … 
 7.4 
 … 
 3.1 
 　非金属矿物制品业 
 … 
 -0.6 
 … 
 -0.6 
 　黑色金属冶炼和压延加工业 
 … 
 5.1 
 … 
 7.5 
 　有色金属冶炼和压延加工业 
 … 
 10.2 
 … 
 8.4 
 　金属制品业 
 … 
 6.0 
 … 
 2.7 
 　通用设备制造业 
 … 
 0.8 
 … 
 1.7 
 　专用设备制造业 
 … 
 1.9 
 … 
 3.6 
 　汽车制造业 
 … 
 20.7 
 … 
 12.3 
 　铁路、船舶、航空航天和其他运输设备制造业 
 … 
 12.7 
 … 
 6.9 
 　电气机械和器材制造业 
 … 
 10.2 
 … 
 13.2 
 　计算机、通信和其他电子设备制造业 
 … 
 10.6 
 … 
 2.6 
 　电力、热力生产和供应业 
 … 
 9.2 
 … 
 4.1 
 主要产品产量 
 　布（亿米） 
 28 
 -3.4 
 283 
 -3.8 
 　硫酸（折 100 ％）（万吨） 
 817 
 3.1 
 8680 
 2.8 
 　烧碱（折 100 ％）（万吨） 
 350 
 6.6 
 3727 
 3.0 
 　乙烯（万吨） 
 269 
 4.8 
 2915 
 6.4 
 　化学纤维（万吨） 
 654 
 23.2 
 6570 
 10.0 
 　水泥（万吨） 
 18979 
 1.6 
 186735 
 -0.9 
 　平板玻璃（万重量箱） 
 8186 
 3.5 
 87754 
 -6.0 
 　生铁（万吨） 
 6484 
 -4.8 
 81031 
 1.8 
 　粗钢（万吨） 
 7610 
 0.4 
 95214 
 1.5 
 　钢材（万吨） 
 11044 
 4.2 
 125282 
 5.7 
 　十种有色金属（万吨） 
 650 
 7.1 
 6796 
 7.2 
 　　其中：原铝（电解铝）（万吨） 
 354 
 4.8 
 3800 
 3.9 
 　金属切削机床（万台） 
 6 
 21.3 
 60 
 7.3 
 　工业机器人（套） 
 36352 
 -12.6 
 387605 
 -2.8 
 　汽车（万辆） 
 295.3 
 23.6 
 2666.1 
 6.8 
 　　其中：轿车（万辆） 
 102.1 
 14.7 
 945.4 
 1.5 
 　　　　　运动型多用途乘用车（ SUV ）（万辆） 
 116.0 
 17.2 
 1043.9 
 6.6 
 　　其中：新能源汽车（万辆） 
 100.6 
 35.6 
 804.9 
 27.7 
 　发电机组（发电设备）（万千瓦） 
 3016 
 57.8 
 20118 
 28.8 
 　太阳能电池（光伏电池）（万千瓦） 
 5310 
 44.5 
 49035 
 56.2 
 　微型计算机设备（万台） 
 2995 
 -2.8 
 31127 
 -19.3 
 　移动通信手持机（万台） 
 16101 
 21.6 
 140928 
 3.6 
 　　其中：智能手机（万台） 
 12127 
 25.1 
 102779 
 -2.0 
 　集成电路（亿块） 
 335 
 27.9 
 3114 
 3.7 
 　原煤（万吨） 
 41400 
 4.6 
 423877 
 2.9 
 　焦炭（万吨） 
 4037 
 7.2 
 45040 
 3.3 
 　原油（万吨） 
 1720 
 2.6 
 19125 
 1.8 
 　原油加工量（万吨） 
 5953 
 0.2 
 67622 
 10.1 
 　天然气（亿立方米） 
 199 
 5.3 
 2096 
 6.0 
 　发电量（亿千瓦时） 
 7310 
 8.4 
 80732 
 4.8 
 　　火力发电量（亿千瓦时） 
 5077 
 6.3 
 56178 
 5.7 
 　　水力发电量（亿千瓦时） 
 830 
 5.4 
 10636 
 -6.2 
 　　核能发电量（亿千瓦时） 
 365 
 -2.4 
 3952 
 4.5 
 　　风力发电量（亿千瓦时） 
 804 
 26.6 
 7252 
 12.5 
 　　太阳能发电量（亿千瓦时） 
 235 
 35.4 
 2714 
 16.8 
 　产品销售率（ % ） 
 97.4 
 0.5( 百分点 ) 
 96.9 
 -0.2( 百分点 ) 
 　出口交货值（亿元） 
 12580 
 -3.0 
 133645 
 -4.1 
 　　 点击下载： 相关数据表 
 　　附注 
 　　 1 、指标解释 
 　　工业增加值增长速度 : 即工业增长速度，是用来反映一定时期工业生产物量增减变动程度的指标。利用该指标，可以判断短期工业经济的运行走势和经济的景气程度，也是制定和调整经济政策、实施宏观调控的重要参考和依据。 
 　　产品销售率：是销售产值和工业总产值的比率，用来反映工业产品的产销衔接情况。 
 　　出口交货值：是指工业企业自营（委托）出口（包括销往香港、澳门、台湾地区）或交给外贸部门出口的产品价值，以及外商来样、来料加工、来件装配和补偿贸易等生产的产品价值。 
 　　日均产品产量：是以当月公布的规模以上工业企业总产量除以该月日历天数计算得到。 
 　　 2 、统计范围 
 　　规模以上工业的统计范围为年主营业务收入 2000 万元及以上的工业企业。 
 　　由于规模以上工业企业范围每年发生变化，为保证本年数据与上年可比，计算产品产量等各项指标同比增长速度所采用的同期数与本期的企业统计范围尽可能相一致，和上年公布的数据存在口径差异。主要原因是：（一）统计单位范围发生变化。每年有部分企业达到规模纳入调查范围，也有部分企业因规模变小退出调查范围，还有新建投产企业、破产、注（吊）销企业等影响；（二）部分企业集团（公司）产品产量数据存在跨地区重复统计现象，根据专项调查对企业集团（公司）跨地区重复产量进行了剔重。 
 　　 3 、调查方法 
 　　规模以上工业企业工业生产报表按月进行全面调查（ 1 月份数据免报）。 
 　　 4 、行业分类标准 
 　　执行国民经济行业分类标准（ GB/T 4754-2017 ）。 
 　　 5 、环比数据修订 
 　　根据季节调整模型自动修正结果，对 2022 年 11 月至 2023 年 10 月份规模以上工业增加值环比增速进行修订。修订结果及 2023 年 11 月份环比数据如下： 
 年份 
 月份 
 环比增速（ % ） 
 2022 年 
 11 月 
 -0.24 
 12 月 
 0.37 
 2023 年 
 1 月 
 0.55 
 2 月 
 0.36 
 3 月 
 0.64 
 4 月 
 -0.18 
 5 月 
 0.77 
 6 月 
 0.76 
 7 月 
 0.13 
 8 月 
 0.61 
 9 月 
 0.36 
 10 月 
 0.39 
 11 月 
 0.87",2023-12-15,国家统计局,https://www.stats.gov.cn/xxgk/sjfb/zxfb2020/202312/t20231215_1945587.html,accepted
GFEX-WR-20231222,announcement,广期所碳酸锂仓单日报：仓单增加970手,广州期货交易所2023-12-22仓单日报显示，碳酸锂仓单总量为3550手，增加970手。,2023-12-22,广州期货交易所,https://www.gfex.com.cn/gfex/cdrb/hqsj_tjsj.shtml,accepted
GFEX-WR-20231229,announcement,广期所碳酸锂仓单日报：仓单增加820手,广州期货交易所2023-12-29仓单日报显示，碳酸锂仓单总量为7530手，增加820手。,2023-12-29,广州期货交易所,https://www.gfex.com.cn/gfex/cdrb/hqsj_tjsj.shtml,accepted
GFEX-WR-20240105,announcement,广期所碳酸锂仓单日报：仓单增加1022手,广州期货交易所2024-01-05仓单日报显示，碳酸锂仓单总量为10740手，增加1022手。,2024-01-05,广州期货交易所,https://www.gfex.com.cn/gfex/cdrb/hqsj_tjsj.shtml,accepted
GFEX-WR-20240112,announcement,广期所碳酸锂仓单日报：仓单增加1650手,广州期货交易所2024-01-12仓单日报显示，碳酸锂仓单总量为13238手，增加1650手。,2024-01-12,广州期货交易所,https://www.gfex.com.cn/gfex/cdrb/hqsj_tjsj.shtml,accepted
GFEX-WR-20240207,announcement,广期所碳酸锂仓单日报：仓单增加840手,广州期货交易所2024-02-07仓单日报显示，碳酸锂仓单总量为16894手，增加840手。,2024-02-07,广州期货交易所,https://www.gfex.com.cn/gfex/cdrb/hqsj_tjsj.shtml,accepted
LC-TEXT-0006,news,动力电池的2024年：产能装车率仅52% 价格持续下跌,"动力电池的2024年：产能装车率仅52% 价格持续下跌__财经头条__新浪财经 
 注册 
 登录 
 新闻 
 头条号 
 新浪财经APP 
 宏观经济 
 A股 
 港股 
 美股 
 基金 
 理财 
 黄金 
 期货 
 能源 
 互联网金融 
 房地产 
 更多 
 外汇 
 管理 
 消费 
 科技 
 互联网 
 手机 
 保险 
 数码 
 科普 
 创业 
 银行 
 新三板 
 其他 
 动力电池的2024年：产能装车率仅52% 价格持续下跌 
 动力电池的2024年：产能装车率仅52% 价格持续下跌 
 2025年01月17日 19:42 
 经济观察报 
 语音播报 
 缩小字体 
 放大字体 
 微博 
 微信 
 分享 
 0 
 腾讯QQ 
 QQ空间 
 经济观察网 记者 周菊 2024年，国内动力电池装机量持续增长。据中国汽车动力电池产业创新联盟发布的数据，2024年我国动力电池累计装车量548.4GWh，累计同比增长41.5%。这一增长主要得益于新能源汽车产销量的攀升，中国汽车工业协会的数据显示，2024年国内新能源汽车产量为1288.8万辆，同比增长34.4%；销量为1286.6万辆，同比增长35.5%，新能源渗透率达40.9%。 在装机量上升的同时，动力电池的市场格局也发生了多重变化。首先，磷酸铁锂电池市场占有率在2024年再创新高。2024年，磷酸铁锂电池累计装车量409.0GWh，占总装车量的74.6%，同比增长56.7%，12月的装车量占比更是高达80.9%。相比之下，三元电池累计装车量139.0GWh，占比25.3%，同比增长10.2%。磷酸铁锂电池凭借低成本和高安全性优势，市场份额持续扩大。 其次，在动力电池企业装机量排名中，2024年宁德时代、 比亚迪 、中创新航稳居动力电池企业装机量前三名。其中，宁德时代以45.08%的市占率排名第一，比亚迪位居第二，市占率为24.74%。 总体来看，宁德时代2024年总装机量为256.01GWh，市占率同比上升1.89个百分点，但与几年前超50%的高点相比仍有较大差距。比亚迪则在2024年结束了市场份额的上升，总装机量为135.02GWh，市占率同比下滑2.52个百分点。 此外，头部企业之外的动力电池市场呈现出新的竞争格局，孚能科技被挤出TOP10榜单，取而代之的是瑞浦兰钧。数据显示，国轩高科、亿纬锂能、蜂巢能源、欣旺达、瑞浦兰钧、正力新能、爱尔集新能源（LG新能源）分别位列第4至第10名，份额均在5%以下。其中，瑞浦兰钧排名从去年同期第11位升至8位，是TOP10企业增速最快的。 据工信部公告，瑞浦兰钧的主要客户是上汽乘用车、上汽通用五菱等上汽系车企及吉利等。而连续9个月装机量不足0.4GWh的孚能科技，其主要客户是 北京奔驰 、广汽乘用车、东风、江铃等。 值得关注的是，汽车主机厂下属的电池厂也开始崭露头角。极电新能源、因湃电池、耀宁新能源等主机厂电池新势力登上TOP15榜单，显示出主机厂自研自产电池的策略正在逐步影响市场格局。其中，极电和耀宁隶属于 吉利集团 ，因湃电池则属于广汽集团。 尽管出货量持续增长，动力电池产业面临的产能过剩和价格下跌的挑战也不容忽视。据中国汽车动力电池产业联盟发布的数据，20024年前8个月，动力电池的总产量达到了419.7GWh，然而实际的装车量仅为219.2GWh，装车率仅为52%。 与此同时，2024年碳酸锂原材料的价格大幅下降，动力电池的价格随之持续下跌。2024年，宁德时代、比亚迪弗迪电池、蜂巢能源等动力电池制造商均根据市场情况启动了降本降价措施。全球知名投行高盛集团的预测表示，到2026年电动汽车电池成本将在2024年的基础上下降近50%。 在国内新能源汽车增速放缓的情况下，动力电池企业积极探索海外市场，但受海外新能源汽车市场增速放缓等因素的影响，动力电池的出口增速在2024年大幅下降。据中国汽车动力电池产业创新联盟统计，2024年1—11月，我国动力电池累计出口量为115.8GWh，同比增长2.1%。而2023年，我国动力电池累计出口累计同比增长87.1％。 有行业观点指出，面对原材料价格的持续下跌和电池产能的过剩，动力电池市场在未来一段时间内将维持较低的价格水平。这一趋势或将迫使部分边缘电池企业面临破产压力，从而推动市场产能的出清与整合。 
 相关新闻 
 加载中
 点击加载更多 
 头条号入驻 
 经济观察报 
 经济观察报专注财经新闻与经济分析 
 虚增利润总额1195.22万 南新制药财务造假被处罚 
 消费承压下保持稳健增长，卫龙多元业务结构释放发展韧性 
 路德科技上半年销售费用大增70.27%，其中销售代理服务费同比翻三倍 
 财经自媒体联盟 更多自媒体作者 
 今日推荐 
 优秀作者 
 看点月榜 
 排行 
 看点昵称 
 看点指数 
 热文排行榜 
 日榜 
 周榜 
 月榜 
 01 任志强：房地产不管怎么调也不能让它掉下去，因为…
 02 台胞感叹两岸差距：大陆吃饭掏手机，台湾却掏信用卡
 03 王健林的妻子，背景才是真的深……
 04 年产6亿头猪为何一头也进不了香港？互害社会怪谁？
 05 刚刚，美国两房又崩盘了，中国投资了数千亿美元啊！
 06 你们这样说杨振宁，问过邓稼先吗？
 07 深扒隐形富豪：马云王健林算什么？他才是真首富！
 08 香港前特首的七大罪状，看到第六条我笑了
 09 蒙古不知羞耻又来讨钱，但这次中国的手段妙到毫巅！
 10 欧洲大变局！这个比肩特朗普的女人或让欧盟走向末日
 01 背负高房贷，中年失业，一个深圳男子的财务悲剧
 02 45万亿来了！中国经济和房市、股市将迎来大变化？
 03 高铁票价涨70%！终于找到真实原因
 04 在美国，我感受到“越南制造”在取代“中国制造”
 05 能拿下万科，为何完败格力？姚振华的吃相与吃向！
 06 三星“宫心计”：儿子检举父亲，父母逼死女儿
 07 新加坡贼心不死，对中国又出一毒计，北京不忍了！
 08 2017年、45万亿，这是让货币毁灭的节奏么？
 09 杀死金正男的究竟是何方神圣？揭秘惊人美女特工组织
 10 楼市重磅：日本式泡沫即将袭击中国内地房地产市场？
 01 背负高房贷，中年失业，一个深圳男子的财务悲剧
 02 在五环六环之间，有最真实的北京
 03 谁是中国经济的元凶：它曾让日本30年没翻身！
 04 奶茶妹妹4万元裙子抢镜京东年会：富人世界屌丝不懂
 05 45万亿来了！中国经济和房市、股市将迎来大变化？
 06 大势 | 未来5年，它将成为全国第一大城市
 07 看你还敢不敢继续炒房！三年之后房子你还能卖给谁？
 08 因为一纸公文300万人面临失业 为什么大家还拍手叫好
 09 反转！日本拿下印尼74亿美元铁路合同，发现亏大了
 10 56岁创业，年利是华为1.5倍，他是让对手发抖的人！
 新浪财经头条意见反馈留言板 
 4001102288 欢迎批评指正 
 关于头条 
 | 
 如何入驻 
 | 
 发稿平台 
 | 
 奖励机制 
 版权声明 
 | 
 用户协议 
 | 
 帮助中心 
 Copyright © 1996-2019 SINA Corporation
 All Rights Reserved 新浪公司 版权所有
 新浪首页 
 语音播报 
 相关新闻 
 返回顶部",2024-02-20,新浪财经,https://cj.sina.com.cn/articles/view/1641561812/61d83ed40270191x4,accepted
GFEX-WR-20240306,announcement,广期所碳酸锂仓单日报：仓单减少2062手,广州期货交易所2024-03-06仓单日报显示，碳酸锂仓单总量为13415手，减少2062手。,2024-03-06,广州期货交易所,https://www.gfex.com.cn/gfex/cdrb/hqsj_tjsj.shtml,accepted
GFEX-WR-20240325,announcement,广期所碳酸锂仓单日报：仓单减少901手,广州期货交易所2024-03-25仓单日报显示，碳酸锂仓单总量为13101手，减少901手。,2024-03-25,广州期货交易所,https://www.gfex.com.cn/gfex/cdrb/hqsj_tjsj.shtml,accepted
GFEX-WR-20240328,announcement,广期所碳酸锂仓单日报：仓单减少1311手,广州期货交易所2024-03-28仓单日报显示，碳酸锂仓单总量为12980手，减少1311手。,2024-03-28,广州期货交易所,https://www.gfex.com.cn/gfex/cdrb/hqsj_tjsj.shtml,accepted
GFEX-WR-20240329,announcement,广期所碳酸锂仓单日报：仓单减少12980手,广州期货交易所2024-03-29仓单日报显示，碳酸锂仓单总量为0手，减少12980手。,2024-03-29,广州期货交易所,https://www.gfex.com.cn/gfex/cdrb/hqsj_tjsj.shtml,accepted
GFEX-WR-20240401,announcement,广期所碳酸锂仓单日报：仓单增加9995手,广州期货交易所2024-04-01仓单日报显示，碳酸锂仓单总量为9995手，增加9995手。,2024-04-01,广州期货交易所,https://www.gfex.com.cn/gfex/cdrb/hqsj_tjsj.shtml,accepted
GFEX-WR-20240402,announcement,广期所碳酸锂仓单日报：仓单增加1447手,广州期货交易所2024-04-02仓单日报显示，碳酸锂仓单总量为11442手，增加1447手。,2024-04-02,广州期货交易所,https://www.gfex.com.cn/gfex/cdrb/hqsj_tjsj.shtml,accepted
LC-TEXT-0007,policy,国家能源局关于促进新型储能并网和调度运用的通知 国能发科技规〔2024〕26号,"国家能源局关于促进新型储能并网和调度运用的通知 国能发科技规〔2024〕26号-国家能源局网站 
 您当前位置： 首页 > 正文 
 目录项的基本信息 
 公开事项名称: 
国家能源局关于促进新型储能并网和调度运用的通知 国能发科技规〔2024〕26号 
 索引号: 
000019705/2024-00121 
 主办单位: 
国家能源局 
 制发日期: 
2024-04-02 
国家能源局关于促进新型储能并网和调度运用的通知 国能发科技规〔2024〕26号 
 国家能源局关于促进新型储能并网和调度运用的通知 
 国能发科技规〔2024〕26号 
 各省（自治区、直辖市）能源局，有关省（自治区、直辖市）及新疆生产建设兵团发展改革委、工业和信息化主管部门、城市管理委，各派出机构，有关中央企业： 
 　　为深入贯彻党的二十大精神，加快规划建设新型能源体系，落实《关于加快推动新型储能发展的指导意见》（发改能源规〔2021〕1051号）、《新型储能项目管理规范（暂行）》（国能发科技规〔2021〕47号）、《关于进一步推动新型储能参与电力市场和调度运用的通知》（发改办运行〔2022〕475号）有关要求，规范新型储能并网接入管理，优化调度运行机制，充分发挥新型储能作用，支撑构建新型电力系统，现就有关事项通知如下。 
 　　 一、总体要求 
 　　（一）准确把握新型储能功能定位。新型储能是指除抽水蓄能外，以输出电力为主要形式，并对外提供服务的储能技术，具有建设周期短、布局灵活、响应速度快等优势，可在电力系统运行中发挥调峰、调频、调压、备用、黑启动、惯量响应等多种功能，是构建新型电力系统的重要支撑技术。随着装机规模迅速增长，新型储能在促进新能源开发消纳和电力系统安全稳定运行等方面的作用正在逐步显现。应结合新型储能功能定位和市场化要求，进一步规范新型储能并网管理，持续完善新型储能调度机制，保障新型储能合理高效利用，有力支撑新型电力系统建设。 
 　　（二）明确接受电力系统调度新型储能范围。接入电力系统并签订调度协议的新型储能，可分为调度调用新型储能和电站自用新型储能两类。调度调用新型储能指具备独立计量装置，并且按照市场出清结果或电力调度机构指令运行的新型储能，包括独立储能电站、具备条件独立运行的新能源配建储能等；电站自用新型储能指与发电企业、用户等联合运行，由发电企业、用户等根据自身需求进行控制的新型储能，包括未独立运行的新能源配建储能、火电联合调频储能、具备接受调度指令能力的用户侧储能等。 
 　　二、加强新型储能并网和调度运行管理 
 　　（三）规范新型储能并网接入管理。电网企业及电力调度机构须制定新型储能并网细则及并网服务工作指引等，明确并网流程、相关标准和涉网试验要求。电力调度机构按照平等互利、协商一致和确保电力系统安全运行的原则，组织新型储能开展并网验收并签订并网调度协议，新型储能应在并网后规定时间内完成全部涉网试验。 
 　　（四）优化新型储能调度方式。电力调度机构应根据系统需求，制定新型储能调度运行规程，科学确定新型储能调度运行方式，公平调用新型储能调节资源。积极支持新能源+储能、聚合储能、光储充一体化等联合调用模式发展，优先调用新型储能试点示范项目，充分发挥各类储能价值。调用新型储能时，对于参与电力市场的新型储能，按照市场出清结果安排新型储能运行，对于暂不具备参与电力市场条件的新型储能，通过调度指令进行调用。在发生危及电力系统安全事故（事件）及其他必要情况时，所有调管范围内的新型储能应接受电力调度机构统一直接调用，直接调用期间按照独立储能充放电价格机制执行。 
 　　（五）加强新型储能运行管理。各地在制修订电力市场规则或《电力辅助服务管理实施细则》《电力并网运行管理实施细则》时，明确、细化各类新型储能的考核实施细则。新型储能应按电力调度机构要求及时报送运行信息，电力调度机构定期向全国新型储能大数据平台推送新型储能调用情况。 
 　　三、明确新型储能并网和调度技术要求 
 　　（六）规范新型储能并网接入技术要求。新型储能接入系统应符合电力系统安全稳定运行要求，完成相应性能试验及涉网试验，新型储能设备应满足国家、行业技术标准及管理规范有关要求，确保安全稳定运行。新型储能项目单位需制定详细的运行维护规程、现场操作规程、事故预案及应急管理措施、停运检修计划等，并定期向电力调度机构报备。 
 　　（七）明确新型储能调度运行技术要求。新型储能应配备功率控制系统或协调控制系统。所有调管范围内的新型储能应具备按照调度指令进行有功功率和无功功率自动调节的能力，接入所属电力调度机构的AGC、AVC等系统，接受并执行调度指令，并具备信息安全防护措施。新能源基地配建新型储能调度原则按照《新能源基地送电配置新型储能规划技术导则》（NB/T 11194-2023）执行。 
 　　（八）鼓励存量新型储能技术改造。鼓励存量新型储能开展技术改造，具备接受调度指令能力。满足相应技术条件后，电力调度机构应及时开展新型储能并网及调度工作。 
 　　（九）推动新型储能智慧调控技术创新。结合新型储能多场景和市场化运行需求，积极开展新型储能与其他电源协同优化调度技术、规模化储能系统集群智能调度关键技术、基于新型储能的电网主动支撑技术、电动汽车等分布式储能虚拟电厂聚合互动调控技术等研发攻关工作，着力推动新技术应用。 
 　 　四、强化新型储能并网和调度协调保障 
 　　（十）加强新型储能项目管理。省级能源主管部门应会同有关单位加强新型储能项目管理体系建设，加强本地区新型储能规划、备案、建设、运行、调用管理。 
 　　（十一）做好新型储能并网服务。电网企业及电力调度机构应公平无歧视地向新型储能提供电网接入服务，做好技术指导，优化并网接入流程，保障新型储能安全高效并网。 
 　　（十二）以市场化方式促进新型储能调用。各地充分考虑新型储能特点，加快推进完善新型储能参与电能量市场和辅助服务市场有关细则，丰富交易品种，考虑配套政策、电力供需情况，通过灵活有效的市场化手段，促进新型储能“一体多用、分时复用”，进一步丰富新型储能的市场化商业模式。 
 　　（十三）加强新型储能并网调度监督管理。国家能源局派出机构、省级能源主管部门按照各自职责加强新型储能并网和调度运行的监督与管理，建立健全新型储能并网和调度运行管理协调机制，协调处理有关争议。工作中发现的重大问题及时向国家能源局报告。 
 　　本通知自发布之日起施行，有效期五年。 
 　　国家能源局 
 　　2024年4月2日 
 《关于促进新型储能并网和调度运用的通知》政策解读 
 010090050000000000000000011100001310771072",2024-04-02,国家能源局,https://zfxxgk.nea.gov.cn/2024-04/02/c_1310771072.htm,accepted
GFEX-WR-20240403,announcement,广期所碳酸锂仓单日报：仓单增加1260手,广州期货交易所2024-04-03仓单日报显示，碳酸锂仓单总量为12702手，增加1260手。,2024-04-03,广州期货交易所,https://www.gfex.com.cn/gfex/cdrb/hqsj_tjsj.shtml,accepted
GFEX-WR-20240408,announcement,广期所碳酸锂仓单日报：仓单增加990手,广州期货交易所2024-04-08仓单日报显示，碳酸锂仓单总量为13692手，增加990手。,2024-04-08,广州期货交易所,https://www.gfex.com.cn/gfex/cdrb/hqsj_tjsj.shtml,accepted
GFEX-WR-20240409,announcement,广期所碳酸锂仓单日报：仓单增加1540手,广州期货交易所2024-04-09仓单日报显示，碳酸锂仓单总量为15232手，增加1540手。,2024-04-09,广州期货交易所,https://www.gfex.com.cn/gfex/cdrb/hqsj_tjsj.shtml,accepted
GFEX-WR-20240411,announcement,广期所碳酸锂仓单日报：仓单增加1052手,广州期货交易所2024-04-11仓单日报显示，碳酸锂仓单总量为16830手，增加1052手。,2024-04-11,广州期货交易所,https://www.gfex.com.cn/gfex/cdrb/hqsj_tjsj.shtml,accepted
GFEX-WR-20240416,announcement,广期所碳酸锂仓单日报：仓单增加1013手,广州期货交易所2024-04-16仓单日报显示，碳酸锂仓单总量为18882手，增加1013手。,2024-04-16,广州期货交易所,https://www.gfex.com.cn/gfex/cdrb/hqsj_tjsj.shtml,accepted
GFEX-WR-20240508,announcement,广期所碳酸锂仓单日报：仓单增加1850手,广州期货交易所2024-05-08仓单日报显示，碳酸锂仓单总量为22834手，增加1850手。,2024-05-08,广州期货交易所,https://www.gfex.com.cn/gfex/cdrb/hqsj_tjsj.shtml,accepted
LC-TEXT-0008,policy,五部门关于开展2024年新能源汽车下乡活动的通知_国务院部门文件_中国政府网,"五部门关于开展2024年新能源汽车下乡活动的通知_国务院部门文件_中国政府网 
 首页 
 | 
 简 
 | 
 繁 
 | 
 EN 
 | 
 登录 
 个人中心 
 退出 
 | 
 邮箱 
 | 
 无障碍 
 EN 
 https://www.gov.cn/ 
 首页  >  政策  >  国务院政策文件库  > 国务院部门文件
 字号： 默认 
 大 
 超大 
 | 
 打印 
 收藏 
 | 
 标    题： 
 五部门关于开展2024年新能源汽车下乡活动的通知 
 发文机关： 
 工业和信息化部办公厅 国家发展改革委办公厅 农业农村部办公厅 商务部办公厅 国家能源局综合司 
 发文字号： 
 工信厅联通装函〔2024〕158号 
 来    源： 
 工业和信息化部网站 
 主题分类： 
 工业、交通\其他 
 公文种类： 
 通知 
 成文日期： 
 2024年05月15日 
 标       题： 
 五部门关于开展2024年新能源汽车下乡活动的通知
 发文机关： 工业和信息化部办公厅 国家发展改革委办公厅 农业农村部办公厅 商务部办公厅 国家能源局综合司 
 发文字号： 工信厅联通装函〔2024〕158号 
 来       源： 工业和信息化部网站 
 主题分类： 工业、交通\其他 
 公文种类： 通知 
 成文日期： 2024年05月15日 
 工业和信息化部办公厅 国家发展改革委办公厅 农业农村部办公厅 商务部办公厅 国家能源局综合司关于开展2024年新能源汽车下乡活动的通知 工信厅联通装函〔2024〕158号 各省、自治区、直辖市及计划单列市工业和信息化主管部门、发展改革委、农业农村（农牧）厅（局、委）、商务主管部门、能源主管部门： 为贯彻落实党中央、国务院相关决策部署，加快补齐农村地区新能源汽车消费使用短板，提升居民绿色安全出行水平，赋能美丽乡村建设和乡村振兴，工业和信息化部、国家发展改革委、农业农村部、商务部、国家能源局联合组织开展2024年新能源汽车下乡活动。 一、活动主题 绿色、低碳、智能、安全——赋能新生活，乐享新出行 二、活动时间 2024年5月—12月 三、活动内容 选取适宜农村市场、口碑较好、质量可靠的新能源汽车车型（车型目录见附件），开展集中展览展示、试乘试驾等活动，丰富消费体验，提供多样化选择。组织充换电服务，新能源汽车承保、理赔、信贷等金融服务，以及维保等售后服务协同下乡，补齐农村地区配套环境短板。落实汽车以旧换新、县域充换电设施补短板等支持政策，将“真金白银”的优惠直达消费者。 四、组织方式 （一）活动进一步下沉到县域，选取一批新能源汽车推广应用比例不高、未来市场潜力大的典型县域城市，举行若干场专场活动；以此为中心辐射周边乡镇，结合地区实际开展若干场特色活动，形成“1+N”活动布局。 （二）鼓励各新能源汽车生产企业、销售企业、金融机构、充换电设施企业、销售和售后服务企业积极参加，结合以旧换新和县域充换电设施补短板等支持政策制定促销方案，建立完善售后服务体系。 （三）活动采取“现场+云上”相结合的方式开展。“线下”活动通过典型县域专场活动与周边乡镇特色活动相结合的方式开展。“线上”活动主要包括线上展销、直播互动等，通过电商、互联网平台配合线下活动开展。 （四）系列活动委托中国汽车工业协会、中国充电联盟牵头组织实施，各地工业和信息化、发展改革、农业农村、商务、能源主管部门做好配合工作。 五、保障措施 （一）加强组织领导。强化工作协同，做好汽车以旧换新、县域充换电设施补短板试点落实。加强人员和经费保障，动员企业、机构积极参与，确保各项活动取得实效。坚决贯彻执行中央八项规定及其实施细则精神，坚持节俭办活动。 （二）做好安全保障。严格遵守当地社会治安管理规定，试点地区提前做好风险评估，制定工作方案、安全防范工作应急预案，细化措施、责任到人、落实到位。加强安全防护，严防事故发生。 （三）注重舆论引导。相关部门、地方要综合运用官方网站、微博微信、广播电视、新媒体短视频等渠道，开展活动全过程全覆盖宣传引导，加大新能源汽车科普宣传力度，加强活动前预热宣传，营造良好舆论环境。 联系方式： 中国汽车工业协会 姜建娜 18610271728 中国电动汽车充电基础设施促进联盟 仝宗旗 18614242868 附件： 2024年新能源汽车下乡车型目录 工业和信息化部办公厅 国家发展改革委办公厅 农业农村部办公厅 商务部办公厅 国家能源局综合司 2024年5月15日 
 工业和信息化部办公厅 国家发展改革委办公厅 农业农村部办公厅 商务部办公厅 国家能源局综合司关于开展2024年新能源汽车下乡活动的通知 工信厅联通装函〔2024〕158号 各省、自治区、直辖市及计划单列市工业和信息化主管部门、发展改革委、农业农村（农牧）厅（局、委）、商务主管部门、能源主管部门： 为贯彻落实党中央、国务院相关决策部署，加快补齐农村地区新能源汽车消费使用短板，提升居民绿色安全出行水平，赋能美丽乡村建设和乡村振兴，工业和信息化部、国家发展改革委、农业农村部、商务部、国家能源局联合组织开展2024年新能源汽车下乡活动。 一、活动主题 绿色、低碳、智能、安全——赋能新生活，乐享新出行 二、活动时间 2024年5月—12月 三、活动内容 选取适宜农村市场、口碑较好、质量可靠的新能源汽车车型（车型目录见附件），开展集中展览展示、试乘试驾等活动，丰富消费体验，提供多样化选择。组织充换电服务，新能源汽车承保、理赔、信贷等金融服务，以及维保等售后服务协同下乡，补齐农村地区配套环境短板。落实汽车以旧换新、县域充换电设施补短板等支持政策，将“真金白银”的优惠直达消费者。 四、组织方式 （一）活动进一步下沉到县域，选取一批新能源汽车推广应用比例不高、未来市场潜力大的典型县域城市，举行若干场专场活动；以此为中心辐射周边乡镇，结合地区实际开展若干场特色活动，形成“1+N”活动布局。 （二）鼓励各新能源汽车生产企业、销售企业、金融机构、充换电设施企业、销售和售后服务企业积极参加，结合以旧换新和县域充换电设施补短板等支持政策制定促销方案，建立完善售后服务体系。 （三）活动采取“现场+云上”相结合的方式开展。“线下”活动通过典型县域专场活动与周边乡镇特色活动相结合的方式开展。“线上”活动主要包括线上展销、直播互动等，通过电商、互联网平台配合线下活动开展。 （四）系列活动委托中国汽车工业协会、中国充电联盟牵头组织实施，各地工业和信息化、发展改革、农业农村、商务、能源主管部门做好配合工作。 五、保障措施 （一）加强组织领导。强化工作协同，做好汽车以旧换新、县域充换电设施补短板试点落实。加强人员和经费保障，动员企业、机构积极参与，确保各项活动取得实效。坚决贯彻执行中央八项规定及其实施细则精神，坚持节俭办活动。 （二）做好安全保障。严格遵守当地社会治安管理规定，试点地区提前做好风险评估，制定工作方案、安全防范工作应急预案，细化措施、责任到人、落实到位。加强安全防护，严防事故发生。 （三）注重舆论引导。相关部门、地方要综合运用官方网站、微博微信、广播电视、新媒体短视频等渠道，开展活动全过程全覆盖宣传引导，加大新能源汽车科普宣传力度，加强活动前预热宣传，营造良好舆论环境。 联系方式： 中国汽车工业协会 姜建娜 18610271728 中国电动汽车充电基础设施促进联盟 仝宗旗 18614242868 附件： 2024年新能源汽车下乡车型目录 工业和信息化部办公厅 国家发展改革委办公厅 农业农村部办公厅 商务部办公厅 国家能源局综合司 2024年5月15日 
 链接： 
 全国人大 
 | 
 全国政协 
 | 
 国家监察委员会 
 | 
 最高人民法院 
 | 
 最高人民检察院 
 国务院部门网站 
 | 
 地方政府网站 
 | 
 驻港澳机构网站 
 | 
 驻外机构 
 中国政府网 
 | 
 关于本网 
 | 
 网站声明 
 | 
 联系我们 
 | 
 网站纠错 
 主办单位：国务院办公厅　运行维护单位：中国政府网运行中心 
 版权所有：中国政府网　中文域名： 中国政府网.政务 
 网站标识码bm01000001　 京ICP备05070218号 　 京公网安备11010202000001号 
 国务院客户端 
 国务院客户端小程序 
 中国政府网微博、微信 
 电脑版 
 客户端 
 小程序 
 微博 
 微信 
 邮箱 
 退出 
 注册 
 登录 
 网站纠错 
 主办单位：国务院办公厅　运行维护单位：中国政府网运行中心 
 版权所有：中国政府网　中文域名： 中国政府网.政务 
 网站标识码bm01000001 
 京ICP备05070218号　京公网安备11010202000001号 
 回到顶部 
 登录 
 注册 
 × 
 × 
 × 
 五部门关于开展2024年新能源汽车下乡活动的通知 
 为贯彻落实党中央、国务院相关决策部署，加快补齐农村地区新能源汽车消费使用短板，提升居民绿色安全出行水平，赋能美丽乡村建设和乡村振兴，工业和信息化部、国家发展改革委、农业农村部、商务部、国家能源局联合组织开展2024年新能源汽车下乡活动。",2024-05-15,中国政府网,https://www.gov.cn/zhengce/zhengceku/202405/content_6951174.htm,accepted
GFEX-WR-20240603,announcement,广期所碳酸锂仓单日报：仓单增加1180手,广州期货交易所2024-06-03仓单日报显示，碳酸锂仓单总量为26176手，增加1180手。,2024-06-03,广州期货交易所,https://www.gfex.com.cn/gfex/cdrb/hqsj_tjsj.shtml,accepted
GFEX-WR-20240605,announcement,广期所碳酸锂仓单日报：仓单增加841手,广州期货交易所2024-06-05仓单日报显示，碳酸锂仓单总量为27424手，增加841手。,2024-06-05,广州期货交易所,https://www.gfex.com.cn/gfex/cdrb/hqsj_tjsj.shtml,accepted
GFEX-WR-20240704,announcement,广期所碳酸锂仓单日报：仓单减少1392手,广州期货交易所2024-07-04仓单日报显示，碳酸锂仓单总量为27311手，减少1392手。,2024-07-04,广州期货交易所,https://www.gfex.com.cn/gfex/cdrb/hqsj_tjsj.shtml,accepted
GFEX-WR-20240708,announcement,广期所碳酸锂仓单日报：仓单增加2919手,广州期货交易所2024-07-08仓单日报显示，碳酸锂仓单总量为30216手，增加2919手。,2024-07-08,广州期货交易所,https://www.gfex.com.cn/gfex/cdrb/hqsj_tjsj.shtml,accepted
GFEX-WR-20240717,announcement,广期所碳酸锂仓单日报：仓单增加3297手,广州期货交易所2024-07-17仓单日报显示，碳酸锂仓单总量为33102手，增加3297手。,2024-07-17,广州期货交易所,https://www.gfex.com.cn/gfex/cdrb/hqsj_tjsj.shtml,accepted
GFEX-WR-20240719,announcement,广期所碳酸锂仓单日报：仓单增加1683手,广州期货交易所2024-07-19仓单日报显示，碳酸锂仓单总量为34349手，增加1683手。,2024-07-19,广州期货交易所,https://www.gfex.com.cn/gfex/cdrb/hqsj_tjsj.shtml,accepted
GFEX-WR-20240723,announcement,广期所碳酸锂仓单日报：仓单增加1423手,广州期货交易所2024-07-23仓单日报显示，碳酸锂仓单总量为36125手，增加1423手。,2024-07-23,广州期货交易所,https://www.gfex.com.cn/gfex/cdrb/hqsj_tjsj.shtml,accepted
GFEX-WR-20240729,announcement,广期所碳酸锂仓单日报：仓单减少2422手,广州期货交易所2024-07-29仓单日报显示，碳酸锂仓单总量为33645手，减少2422手。,2024-07-29,广州期货交易所,https://www.gfex.com.cn/gfex/cdrb/hqsj_tjsj.shtml,accepted
GFEX-WR-20240730,announcement,广期所碳酸锂仓单日报：仓单减少1468手,广州期货交易所2024-07-30仓单日报显示，碳酸锂仓单总量为32177手，减少1468手。,2024-07-30,广州期货交易所,https://www.gfex.com.cn/gfex/cdrb/hqsj_tjsj.shtml,accepted
GFEX-WR-20240731,announcement,广期所碳酸锂仓单日报：仓单减少32177手,广州期货交易所2024-07-31仓单日报显示，碳酸锂仓单总量为0手，减少32177手。,2024-07-31,广州期货交易所,https://www.gfex.com.cn/gfex/cdrb/hqsj_tjsj.shtml,accepted
GFEX-WR-20240801,announcement,广期所碳酸锂仓单日报：仓单增加13419手,广州期货交易所2024-08-01仓单日报显示，碳酸锂仓单总量为13419手，增加13419手。,2024-08-01,广州期货交易所,https://www.gfex.com.cn/gfex/cdrb/hqsj_tjsj.shtml,accepted
GFEX-WR-20240802,announcement,广期所碳酸锂仓单日报：仓单增加13503手,广州期货交易所2024-08-02仓单日报显示，碳酸锂仓单总量为26922手，增加13503手。,2024-08-02,广州期货交易所,https://www.gfex.com.cn/gfex/cdrb/hqsj_tjsj.shtml,accepted
GFEX-WR-20240805,announcement,广期所碳酸锂仓单日报：仓单增加2051手,广州期货交易所2024-08-05仓单日报显示，碳酸锂仓单总量为28973手，增加2051手。,2024-08-05,广州期货交易所,https://www.gfex.com.cn/gfex/cdrb/hqsj_tjsj.shtml,accepted
GFEX-WR-20240806,announcement,广期所碳酸锂仓单日报：仓单增加2780手,广州期货交易所2024-08-06仓单日报显示，碳酸锂仓单总量为31753手，增加2780手。,2024-08-06,广州期货交易所,https://www.gfex.com.cn/gfex/cdrb/hqsj_tjsj.shtml,accepted
GFEX-WR-20240807,announcement,广期所碳酸锂仓单日报：仓单增加1340手,广州期货交易所2024-08-07仓单日报显示，碳酸锂仓单总量为33093手，增加1340手。,2024-08-07,广州期货交易所,https://www.gfex.com.cn/gfex/cdrb/hqsj_tjsj.shtml,accepted
GFEX-WR-20240812,announcement,广期所碳酸锂仓单日报：仓单增加2889手,广州期货交易所2024-08-12仓单日报显示，碳酸锂仓单总量为36080手，增加2889手。,2024-08-12,广州期货交易所,https://www.gfex.com.cn/gfex/cdrb/hqsj_tjsj.shtml,accepted
LC-TEXT-0009,news,2024年上半年全国锂离子电池行业运行情况,"2024年上半年全国锂离子电池行业运行情况 
 首页 > 
 工业和信息化部 > 
 历史栏目 > 
 电子信息司旧版 > 
 工作动态 
 2024年上半年全国锂离子电池行业运行情况 
 发布时间：2024-08-16 17:25 来源：电子信息司 
 2024年上半年，我国锂离子电池（下称“锂电池”）产业延续增长态势。根据锂电池行业规范公告企业信息和行业协会测算，上半年全国锂电池总产量480GWh，同比增长20%。 电池环节，1–6月储能型锂电池产量超过110GWh。新能源汽车用动力型锂电池装车量约203GWh。1–6月全国锂电池出口总额达到1934亿元。 一阶材料环节，1–6月全国正极材料、负极材料、隔膜、电解液产量分别达126万吨、82万吨、83亿平方米、51万吨，同比增幅均在16%以上。 二阶材料环节，1–6月全国碳酸锂、氢氧化锂产量分别为29.8万吨、17.5万吨，电池级碳酸锂和氢氧化锂（微粉级）均价分别为10.3万元/吨和9.3万元/吨。 
 【返回顶部】 
 【关闭窗口】 
 【打印本页】",2024-08-16,工业和信息化部,https://wap.miit.gov.cn/jgsj/dzs/gzdt/art/2024/art_46a61eb9ee544ba38364f5576a014b84.html,accepted
GFEX-WR-20240821,announcement,广期所碳酸锂仓单日报：仓单增加1098手,广州期货交易所2024-08-21仓单日报显示，碳酸锂仓单总量为37917手，增加1098手。,2024-08-21,广州期货交易所,https://www.gfex.com.cn/gfex/cdrb/hqsj_tjsj.shtml,accepted
GFEX-WR-20240823,announcement,广期所碳酸锂仓单日报：仓单增加858手,广州期货交易所2024-08-23仓单日报显示，碳酸锂仓单总量为38935手，增加858手。,2024-08-23,广州期货交易所,https://www.gfex.com.cn/gfex/cdrb/hqsj_tjsj.shtml,accepted
GFEX-WR-20240827,announcement,广期所碳酸锂仓单日报：仓单增加1186手,广州期货交易所2024-08-27仓单日报显示，碳酸锂仓单总量为40061手，增加1186手。,2024-08-27,广州期货交易所,https://www.gfex.com.cn/gfex/cdrb/hqsj_tjsj.shtml,accepted
GFEX-WR-20240830,announcement,广期所碳酸锂仓单日报：仓单增加1847手,广州期货交易所2024-08-30仓单日报显示，碳酸锂仓单总量为41908手，增加1847手。,2024-08-30,广州期货交易所,https://www.gfex.com.cn/gfex/cdrb/hqsj_tjsj.shtml,accepted
GFEX-WR-20240904,announcement,广期所碳酸锂仓单日报：仓单增加819手,广州期货交易所2024-09-04仓单日报显示，碳酸锂仓单总量为43707手，增加819手。,2024-09-04,广州期货交易所,https://www.gfex.com.cn/gfex/cdrb/hqsj_tjsj.shtml,accepted
GFEX-WR-20240912,announcement,广期所碳酸锂仓单日报：仓单减少981手,广州期货交易所2024-09-12仓单日报显示，碳酸锂仓单总量为42511手，减少981手。,2024-09-12,广州期货交易所,https://www.gfex.com.cn/gfex/cdrb/hqsj_tjsj.shtml,accepted
GFEX-WR-20241008,announcement,广期所碳酸锂仓单日报：仓单增加1120手,广州期货交易所2024-10-08仓单日报显示，碳酸锂仓单总量为44683手，增加1120手。,2024-10-08,广州期货交易所,https://www.gfex.com.cn/gfex/cdrb/hqsj_tjsj.shtml,accepted
GFEX-WR-20241014,announcement,广期所碳酸锂仓单日报：仓单增加997手,广州期货交易所2024-10-14仓单日报显示，碳酸锂仓单总量为45084手，增加997手。,2024-10-14,广州期货交易所,https://www.gfex.com.cn/gfex/cdrb/hqsj_tjsj.shtml,accepted
GFEX-WR-20241021,announcement,广期所碳酸锂仓单日报：仓单减少902手,广州期货交易所2024-10-21仓单日报显示，碳酸锂仓单总量为43439手，减少902手。,2024-10-21,广州期货交易所,https://www.gfex.com.cn/gfex/cdrb/hqsj_tjsj.shtml,accepted
GFEX-WR-20241104,announcement,广期所碳酸锂仓单日报：仓单增加1361手,广州期货交易所2024-11-04仓单日报显示，碳酸锂仓单总量为46522手，增加1361手。,2024-11-04,广州期货交易所,https://www.gfex.com.cn/gfex/cdrb/hqsj_tjsj.shtml,accepted
GFEX-WR-20241105,announcement,广期所碳酸锂仓单日报：仓单增加1339手,广州期货交易所2024-11-05仓单日报显示，碳酸锂仓单总量为47861手，增加1339手。,2024-11-05,广州期货交易所,https://www.gfex.com.cn/gfex/cdrb/hqsj_tjsj.shtml,accepted
GFEX-WR-20241111,announcement,广期所碳酸锂仓单日报：仓单增加1147手,广州期货交易所2024-11-11仓单日报显示，碳酸锂仓单总量为49106手，增加1147手。,2024-11-11,广州期货交易所,https://www.gfex.com.cn/gfex/cdrb/hqsj_tjsj.shtml,accepted
GFEX-WR-20241113,announcement,广期所碳酸锂仓单日报：仓单增加1270手,广州期货交易所2024-11-13仓单日报显示，碳酸锂仓单总量为50196手，增加1270手。,2024-11-13,广州期货交易所,https://www.gfex.com.cn/gfex/cdrb/hqsj_tjsj.shtml,accepted
GFEX-WR-20241118,announcement,广期所碳酸锂仓单日报：仓单增加3396手,广州期货交易所2024-11-18仓单日报显示，碳酸锂仓单总量为53115手，增加3396手。,2024-11-18,广州期货交易所,https://www.gfex.com.cn/gfex/cdrb/hqsj_tjsj.shtml,accepted
GFEX-WR-20241127,announcement,广期所碳酸锂仓单日报：仓单减少2171手,广州期货交易所2024-11-27仓单日报显示，碳酸锂仓单总量为50385手，减少2171手。,2024-11-27,广州期货交易所,https://www.gfex.com.cn/gfex/cdrb/hqsj_tjsj.shtml,accepted
GFEX-WR-20241129,announcement,广期所碳酸锂仓单日报：仓单减少28123手,广州期货交易所2024-11-29仓单日报显示，碳酸锂仓单总量为21706手，减少28123手。,2024-11-29,广州期货交易所,https://www.gfex.com.cn/gfex/cdrb/hqsj_tjsj.shtml,accepted
GFEX-WR-20241202,announcement,广期所碳酸锂仓单日报：仓单增加1260手,广州期货交易所2024-12-02仓单日报显示，碳酸锂仓单总量为22966手，增加1260手。,2024-12-02,广州期货交易所,https://www.gfex.com.cn/gfex/cdrb/hqsj_tjsj.shtml,accepted
GFEX-WR-20241204,announcement,广期所碳酸锂仓单日报：仓单增加4590手,广州期货交易所2024-12-04仓单日报显示，碳酸锂仓单总量为27686手，增加4590手。,2024-12-04,广州期货交易所,https://www.gfex.com.cn/gfex/cdrb/hqsj_tjsj.shtml,accepted
GFEX-WR-20241205,announcement,广期所碳酸锂仓单日报：仓单增加1760手,广州期货交易所2024-12-05仓单日报显示，碳酸锂仓单总量为29446手，增加1760手。,2024-12-05,广州期货交易所,https://www.gfex.com.cn/gfex/cdrb/hqsj_tjsj.shtml,accepted
GFEX-WR-20241206,announcement,广期所碳酸锂仓单日报：仓单增加5248手,广州期货交易所2024-12-06仓单日报显示，碳酸锂仓单总量为34694手，增加5248手。,2024-12-06,广州期货交易所,https://www.gfex.com.cn/gfex/cdrb/hqsj_tjsj.shtml,accepted
GFEX-WR-20241209,announcement,广期所碳酸锂仓单日报：仓单增加2247手,广州期货交易所2024-12-09仓单日报显示，碳酸锂仓单总量为36941手，增加2247手。,2024-12-09,广州期货交易所,https://www.gfex.com.cn/gfex/cdrb/hqsj_tjsj.shtml,accepted
GFEX-WR-20241210,announcement,广期所碳酸锂仓单日报：仓单增加1843手,广州期货交易所2024-12-10仓单日报显示，碳酸锂仓单总量为38784手，增加1843手。,2024-12-10,广州期货交易所,https://www.gfex.com.cn/gfex/cdrb/hqsj_tjsj.shtml,accepted
GFEX-WR-20241211,announcement,广期所碳酸锂仓单日报：仓单增加1043手,广州期货交易所2024-12-11仓单日报显示，碳酸锂仓单总量为39827手，增加1043手。,2024-12-11,广州期货交易所,https://www.gfex.com.cn/gfex/cdrb/hqsj_tjsj.shtml,accepted
GFEX-WR-20241212,announcement,广期所碳酸锂仓单日报：仓单增加1806手,广州期货交易所2024-12-12仓单日报显示，碳酸锂仓单总量为41633手，增加1806手。,2024-12-12,广州期货交易所,https://www.gfex.com.cn/gfex/cdrb/hqsj_tjsj.shtml,accepted
GFEX-WR-20241217,announcement,广期所碳酸锂仓单日报：仓单增加1370手,广州期货交易所2024-12-17仓单日报显示，碳酸锂仓单总量为44255手，增加1370手。,2024-12-17,广州期货交易所,https://www.gfex.com.cn/gfex/cdrb/hqsj_tjsj.shtml,accepted
GFEX-WR-20241218,announcement,广期所碳酸锂仓单日报：仓单增加2198手,广州期货交易所2024-12-18仓单日报显示，碳酸锂仓单总量为46453手，增加2198手。,2024-12-18,广州期货交易所,https://www.gfex.com.cn/gfex/cdrb/hqsj_tjsj.shtml,accepted
GFEX-WR-20241220,announcement,广期所碳酸锂仓单日报：仓单增加1368手,广州期货交易所2024-12-20仓单日报显示，碳酸锂仓单总量为47721手，增加1368手。,2024-12-20,广州期货交易所,https://www.gfex.com.cn/gfex/cdrb/hqsj_tjsj.shtml,accepted
LC-TEXT-0010,policy,关于印发《电力系统调节能力优化专项行动实施方案（2025—2027年）》的通知_国务院部门文件_中国政府网,"关于印发《电力系统调节能力优化专项行动实施方案（2025—2027年）》的通知_国务院部门文件_中国政府网 
 首页 
 | 
 简 
 | 
 繁 
 | 
 EN 
 | 
 登录 
 个人中心 
 退出 
 | 
 邮箱 
 | 
 无障碍 
 EN 
 https://www.gov.cn/ 
 首页  >  政策  >  国务院政策文件库  > 国务院部门文件
 字号： 默认 
 大 
 超大 
 | 
 打印 
 收藏 
 | 
 标    题： 
 关于印发《电力系统调节能力优化专项行动实施方案（2025—2027年）》的通知 
 发文机关： 
 国家发展改革委 国家能源局 
 发文字号： 
 ​发改能源〔2024〕1803号 
 来    源： 
 国家发展改革委网站 
 主题分类： 
 国土资源、能源\电力 
 公文种类： 
 通知 
 成文日期： 
 2024年12月20日 
 标       题： 
 关于印发《电力系统调节能力优化专项行动实施方案（2025—2027年）》的通知
 发文机关： 国家发展改革委 国家能源局 
 发文字号： ​发改能源〔2024〕1803号 
 来       源： 国家发展改革委网站 
 主题分类： 国土资源、能源\电力 
 公文种类： 通知 
 成文日期： 2024年12月20日 
 国家发展改革委 国家能源局关于印发 《电力系统调节能力优化专项行动实施方案 （2025—2027年）》的通知 发改能源〔2024〕1803号 各省、自治区、直辖市、新疆生产建设兵团发展改革委、能源局，北京市城市管理委员会，天津市、辽宁省、上海市、重庆市、四川省、甘肃省工信厅（经信委），国家能源局各派出机构，国家电网有限公司、中国南方电网有限责任公司、内蒙古电力（集团）有限责任公司、中国华能集团有限公司、中国大唐集团有限公司、中国华电集团有限公司、国家电力投资集团有限公司、中国长江三峡集团有限公司、国家能源投资集团有限责任公司、国家开发投资集团有限公司、华润（集团）有限公司、中国中煤能源集团有限公司、中国国际工程咨询有限公司，中国电力企业联合会，电力规划设计总院、水电水利规划设计总院、国核电力规划设计研究院有限公司： 为进一步落实《加快构建新型电力系统行动方案（2024—2027年）》和《关于加强电网调峰储能和智能化调度能力建设的指导意见》，着力提升电力系统调节能力和调用水平，有效支撑新能源消纳利用，国家发展改革委、国家能源局制定了《电力系统调节能力优化专项行动实施方案（2025—2027年）》。现印发给你们，请认真组织落实，因地制宜推进调节能力建设。 国家发展改革委 国家能源局 2024年12月20日 附件： 《电力系统调节能力优化专项行动实施方案（2025—2027年）》.pdf 《电力系统调节能力优化专项行动实施方案（2025—2027年）》.zip 
 国家发展改革委 国家能源局关于印发 《电力系统调节能力优化专项行动实施方案 （2025—2027年）》的通知 发改能源〔2024〕1803号 各省、自治区、直辖市、新疆生产建设兵团发展改革委、能源局，北京市城市管理委员会，天津市、辽宁省、上海市、重庆市、四川省、甘肃省工信厅（经信委），国家能源局各派出机构，国家电网有限公司、中国南方电网有限责任公司、内蒙古电力（集团）有限责任公司、中国华能集团有限公司、中国大唐集团有限公司、中国华电集团有限公司、国家电力投资集团有限公司、中国长江三峡集团有限公司、国家能源投资集团有限责任公司、国家开发投资集团有限公司、华润（集团）有限公司、中国中煤能源集团有限公司、中国国际工程咨询有限公司，中国电力企业联合会，电力规划设计总院、水电水利规划设计总院、国核电力规划设计研究院有限公司： 为进一步落实《加快构建新型电力系统行动方案（2024—2027年）》和《关于加强电网调峰储能和智能化调度能力建设的指导意见》，着力提升电力系统调节能力和调用水平，有效支撑新能源消纳利用，国家发展改革委、国家能源局制定了《电力系统调节能力优化专项行动实施方案（2025—2027年）》。现印发给你们，请认真组织落实，因地制宜推进调节能力建设。 国家发展改革委 国家能源局 2024年12月20日 附件： 《电力系统调节能力优化专项行动实施方案（2025—2027年）》.pdf 《电力系统调节能力优化专项行动实施方案（2025—2027年）》.zip 
 链接： 
 全国人大 
 | 
 全国政协 
 | 
 国家监察委员会 
 | 
 最高人民法院 
 | 
 最高人民检察院 
 国务院部门网站 
 | 
 地方政府网站 
 | 
 驻港澳机构网站 
 | 
 驻外机构 
 中国政府网 
 | 
 关于本网 
 | 
 网站声明 
 | 
 联系我们 
 | 
 网站纠错 
 主办单位：国务院办公厅　运行维护单位：中国政府网运行中心 
 版权所有：中国政府网　中文域名： 中国政府网.政务 
 网站标识码bm01000001　 京ICP备05070218号 　 京公网安备11010202000001号 
 国务院客户端 
 国务院客户端小程序 
 中国政府网微博、微信 
 电脑版 
 客户端 
 小程序 
 微博 
 微信 
 邮箱 
 退出 
 注册 
 登录 
 网站纠错 
 主办单位：国务院办公厅　运行维护单位：中国政府网运行中心 
 版权所有：中国政府网　中文域名： 中国政府网.政务 
 网站标识码bm01000001 
 京ICP备05070218号　京公网安备11010202000001号 
 回到顶部 
 登录 
 注册 
 × 
 × 
 × 
 关于印发《电力系统调节能力优化专项行动实施方案（2025—2027年）》的通知 
 为进一步落实《加快构建新型电力系统行动方案（2024—2027年）》和《关于加强电网调峰储能和智能化调度能力建设的指导意见》，着力提升电力系统调节能力和调用水平，有效支撑新能源消纳利用，国家发展改革委、国家能源局制定了《电力系统调节能力优化专项行动实施方案（2025—2027年）》。现印发给你们，请认真组织落实，因地制宜推进调节能力建设。",2024-12-20,中国政府网,https://www.gov.cn/zhengce/zhengceku/202501/content_6996643.htm,accepted
GFEX-WR-20241224,announcement,广期所碳酸锂仓单日报：仓单增加1268手,广州期货交易所2024-12-24仓单日报显示，碳酸锂仓单总量为49609手，增加1268手。,2024-12-24,广州期货交易所,https://www.gfex.com.cn/gfex/cdrb/hqsj_tjsj.shtml,accepted
LC-TEXT-0011,policy,中华人民共和国工业和信息化部公告2024年第42号,"中华人民共和国工业和信息化部公告2024年第42号 
 首页 > 
 政务公开 > 
 政策文件 > 
 文件发布 > 
 公告 
 发文机关： 工业和信息化部 
 标　　题： 中华人民共和国工业和信息化部公告2024年第42号 
 发文字号： 中华人民共和国工业和信息化部公告2024年第42号 
 成文日期： 2024-12-16 
 发布日期： 2024-12-23 
 发布机构： 节能与综合利用司 
 分　　类： 节能与综合利用 
 中华人民共和国工业和信息化部公告2024年第42号 
 发布时间：2024-12-23 19:41 来源：节能与综合利用司 
 为加强新能源汽车废旧动力电池综合利用行业管理，提高废旧动力电池综合利用水平，我部对《新能源汽车废旧动力蓄电池综合利用行业规范条件（2019年本）》进行了修订，形成《新能源汽车废旧动力电池综合利用行业规范条件（2024年本）》，现予以公告。《新能源汽车废旧动力蓄电池综合利用行业规范条件（2019年本）》《新能源汽车废旧动力蓄电池综合利用行业规范公告管理暂行办法（2019年本）》（工业和信息化部公告2019年第59号）同时废止。 附件：新能源汽车废旧动力电池综合利用行业规范条件（2024年本） 工业和信息化部 2024年12月16日 
 【返回顶部】 
 【关闭窗口】 
 【打印本页】 
 相关解读 
 一图读懂《新能源汽车废旧动力电池综合利用行业规范条件(2024年本)》 2024-12-23 
 《新能源汽车废旧动力电池综合利用行业规范条件（2024年本）》解读 2024-12-24 
 相关新闻 
 工业和信息化部发布2024版新能源汽车废旧动力电池综合利用行业规范条件 2024-12-24",2024-12-24,工业和信息化部,https://www.miit.gov.cn/zwgk/zcwj/wjfb/gg/art/2024/art_2ca9a4ed31de469d9da26ca70c83a868.html,accepted
GFEX-WR-20241226,announcement,广期所碳酸锂仓单日报：仓单增加1140手,广州期货交易所2024-12-26仓单日报显示，碳酸锂仓单总量为51565手，增加1140手。,2024-12-26,广州期货交易所,https://www.gfex.com.cn/gfex/cdrb/hqsj_tjsj.shtml,accepted
LC-TEXT-0012,news,2024年11月新能源汽车产销情况简析,"2024年11月新能源汽车产销情况简析 
 [邮箱登录] 
 | 旧版网站 
 | English 
 邮箱登陆 
 @caam.org.cn 
 首页 
 协会概况 
 协会工作 
 统计数据 
 会员专区 
 行业政策 
 标准法规 
 电动·智能 
 行业动态 
 党建专栏 
 社会责任 
 首页> 
 统计数据 > 产销 
 >正文 
 2024年11月新能源汽车产销情况简析 
 发布时间： 2024-12-26 
 来源： 中汽协会行业信息部 
 据中国汽车工业协会分析，2024年11月，新能源汽车继续保持快速增长，月度产销再创历史新高。 2024 年11月，新能源汽车产销分别完成156.6万辆和151.2万辆，同比分别增长45.8%和47.4%。 2024 年1-11月，新能源汽车产销分别完成1134.5万辆和1126.2万辆，同比分别增长34.6%和35.6%。 2024 年11月，新能源汽车国内销量142.9万辆，环比增长9.7%，同比增长53.8%。 2024 年1-11月，新能源汽车国内销量1012.1万辆，同比增长40.3%。 2024 年11月，新能源汽车出口8.3万辆，环比下降35.2%，同比下降14.1%。 2024 年1-11月，新能源汽车出口114.1万辆，同比增长4.5%。   　　本文摘自《中国汽车工业产销快讯》2024年第12期，内容有所精减，如需了解更多内容，请联系我们：高丽莉 13020028333、刘建荣 13521607432。   
 友情链接 
 ---- 合作协会 ---- 
 日本自动车工业会 
 欧洲汽车工业协会 
 美国汽车行动集团 
 德国汽车工业协会 
 泰国汽车零部件协会 
 印度汽车零部件协会 
 印度汽车工业协会 
 加拿大汽车零部件协会 
 韩国汽车工业协会 
 日本自动车部品工业会 
 日本自动车工业会北京代表处 
 台湾区车辆工业同业工会 
 ---- 相关链接 ---- 
 中央人民政府 
 工业和信息化部 
 民政部 
 中国机械工业联合会 
 国家认证认可监督管理委员会 
 公安部 
 国家标准化管理委员会 
 商务部 
 国家发展和改革委员会 
 国家质量监督检验检疫总局 
 国务院国有资产监督管理委员会 
 海关总署 
 科学技术部 
 财政部 
 交通运输部 
 生态环境部 
 国家统计局 
 国务院发展研究中心 
 国家市场监督管理总局 
 国家能源局 
 中国证券监督管理委员会 
 中国保险监督管理委员会 
 国家知识产权局 
 国家税务总局 
 中国国际进口博览会 
 ---- 合作媒体 ---- 
 关于我们 | 联系方式 | 服务内容 | 广告刊例 | 网站地图 
 Copyright©
中国汽车工业协会
 | 
京ICP备05030302-7
 | 
京公网安备 11010602104120号
 地址：北京市丰台区汽车博物馆东路诺德中心11号楼33层 | 邮编：100160 | E-mail:caam@caam.org.cn 
 电话：010-63979900 
 电话：010-63979900",2024-12-26,中国汽车工业协会,http://www.caam.org.cn/chn/4/cate_30/con_5236607.html,accepted
GFEX-WR-20241231,announcement,广期所碳酸锂仓单日报：仓单增加950手,广州期货交易所2024-12-31仓单日报显示，碳酸锂仓单总量为53356手，增加950手。,2024-12-31,广州期货交易所,https://www.gfex.com.cn/gfex/cdrb/hqsj_tjsj.shtml,accepted
GFEX-WR-20250102,announcement,广期所碳酸锂仓单日报：仓单增加930手,广州期货交易所2025-01-02仓单日报显示，碳酸锂仓单总量为54286手，增加930手。,2025-01-02,广州期货交易所,https://www.gfex.com.cn/gfex/cdrb/hqsj_tjsj.shtml,accepted
GFEX-WR-20250108,announcement,广期所碳酸锂仓单日报：仓单减少1021手,广州期货交易所2025-01-08仓单日报显示，碳酸锂仓单总量为52772手，减少1021手。,2025-01-08,广州期货交易所,https://www.gfex.com.cn/gfex/cdrb/hqsj_tjsj.shtml,accepted
GFEX-WR-20250110,announcement,广期所碳酸锂仓单日报：仓单减少1210手,广州期货交易所2025-01-10仓单日报显示，碳酸锂仓单总量为51663手，减少1210手。,2025-01-10,广州期货交易所,https://www.gfex.com.cn/gfex/cdrb/hqsj_tjsj.shtml,accepted
LC-TEXT-0013,news,2024年产销均超1280万辆 中国新能源汽车连续十年全球领跑|上海证券报,"2024年产销均超1280万辆 中国新能源汽车连续十年全球领跑|上海证券报 
 主管主办 | 证监会法定信息披露平台 
 客户端 
 电子报 
 首页 
 快讯 
 时政 
 证券 
 金融 
 公司 
 产经 
 盈视频 
 信披 
 路演 
 投教 
 活动 
 专题 
 关注 
 5版 公司   
 上一版 
 下一版 
 又见“绩优生” 多家上市公司预喜2024年业绩 
 吉峰科技李勇：全力打造农机产业链平台公司 
 2024年产销均超1280万辆 中国新能源汽车连续十年全球领跑 
 上海证券报网络版郑重声明 
 经上海证券报社授权，中国证券网独家全权代理《上海证券报》信息登载业务。本页内容未经书面授权许可，不得转载、复制或在非中国证券网所属服务器建立镜像。欲咨询授权事宜请与中国证券网联系 (021-38967792) 。 
 2025年 
 1月14日 
 查看其他日期 
 返回首页 
 版面导航 
 1：封面 
 2：要闻 
 3：市场 
 4：基金 
 5：公司 
 6：公司 
 7：公司与产经 
 8：债券 
 9：信息披露 
 10：信息披露 
 11：信息披露 
 12：信息披露 
 13：信息披露 
 14：信息披露 
 15：信息披露 
 16：信息披露 
 17：信息披露 
 18：信息披露 
 19：信息披露 
 20：信息披露 
 21：信息披露 
 22：信息披露 
 23：信息披露 
 24：信息披露 
 25：信息披露 
 26：信息披露 
 27：信息披露 
 28：信息披露 
 29：信息披露 
 30：信息披露 
 31：信息披露 
 32：信息披露 
 33：信息披露 
 34：信息披露 
 35：信息披露 
 36：信息披露 
 37：信息披露 
 38：信息披露 
 39：信息披露 
 40：信息披露 
 41：信息披露 
 42：信息披露 
 43：信息披露 
 44：信息披露 
 45：信息披露 
 46：信息披露 
 47：信息披露 
 48：信息披露 
 49：信息披露 
 50：信息披露 
 51：信息披露 
 52：信息披露 
 53：信息披露 
 54：信息披露 
 55：信息披露 
 56：信息披露 
 57：信息披露 
 58：信息披露 
 59：信息披露 
 60：信息披露 
 61：信息披露 
 62：信息披露 
 63：信息披露 
 64：信息披露 
 65：信息披露 
 66：信息披露 
 67：信息披露 
 68：信息披露 
 69：信息披露 
 70：信息披露 
 71：信息披露 
 72：信息披露 
 稿件搜索 
 2024年产销均超1280万辆 中国新能源汽车连续十年全球领跑 
 2025-01-14 
 来源：上海证券报 
 ◎记者 俞立严 中国新能源汽车再次刷新年度纪录。1月13日，中国汽车工业协会（简称“中汽协”）召开沟通会发布最新统计，中国汽车和新能源汽车2024年各项主要数据实现增长。其中，新能源汽车2024年产销量均突破1280万辆，连续十年位居全球第一。同时，中国2024年新能源汽车渗透率（新能源新车销量占到汽车新车总销量的比率）达到40.9%。 中汽协有关负责人表示，2024年，在全行业共同努力下，汽车产业转型步伐加快，高质量发展扎实推进，全年产销稳中有进，表现出强大的发展韧性和活力，成为拉动经济增长的重要引擎。 新能源汽车渗透率 较2023年提高9.3个百分点 根据中汽协最新数据，2024年12月，中国汽车市场继续发力，以旧换新政策效果持续显现，加之企业年底冲量，购车需求得到进一步释放。当月，汽车产销分别完成336.6万辆和348.9万辆，产量环比下降2%，销量环比增长5.2%，同比分别增长9.3%和10.5%。 2024年，中国汽车产销累计完成3128.2万辆和3143.6万辆，同比分别增长3.7%和4.5%。中汽协副秘书长陈士华分析，中国全年汽车产销稳中有进，产销量继续保持在3000万辆以上规模，并且再创新高。其中，乘用车产销持续增长，为稳住汽车消费基本盘发挥积极作用。 “中国新能源汽车继续快速增长，年产销首次突破1000万辆，销量占比超过40%，迎来高质量发展新阶段。”陈士华说。根据中汽协数据，2024年12月，中国新能源汽车继续保持快速增长，月度销量再创新高。当月，新能源汽车产销分别完成153万辆和159.6万辆，产量环比下降2.3%、销量环比增长5.6%，同比分别增长30.5%和34%，新能源汽车新车销量达到汽车新车总销量的45.8%。 2024年，中国新能源汽车产销分别完成1288.8万辆和1286.6万辆，同比分别增长34.4%和35.5%，新能源汽车新车销量达到汽车新车总销量的40.9%，较2023年提高9.3个百分点。其中，纯电动汽车销量占新能源汽车比例为60%，较2023年下降10.4个百分点；插混汽车销量占新能源汽车比例为40%，较2023年提高10.4个百分点。 全年汽车出口同比增长19.3% 回顾2024年，中国汽车出口为全球消费者提供了多样化消费选择。中汽协介绍，2021年以来，中国车企海外开拓持续见效，出口数量快速提升，成为拉动中国汽车产销总量增长的重要力量。2024年仍保持较快增长，全年出口585.9万辆，同比增长19.3%。分车型看，乘用车出口495.5万辆，同比增长19.7%；商用车出口90.4万辆，同比增长17.5%。 其中，2024年12月，中国汽车出口50.4万辆，环比增长2.9%，同比增长1.1%。分车型看，乘用车出口42.6万辆，环比增长1.6%，同比增长1.1%；商用车出口7.8万辆，环比增长10.9%，同比增长1%。 从不同能源类型的车型数据看，2024年12月，中国传统燃料汽车出口37.1万辆，环比下降8.8%，同比下降4.3%；新能源汽车出口13.4万辆，环比增长60.7%，同比增长19.8%。2024年，传统燃料汽车出口457.4万辆，同比增长23.5%；新能源汽车出口128.4万辆，同比增长6.7%。从新能源车型分类看，2024年，纯电动汽车出口98.7万辆，同比下降10.4%；插混汽车出口29.7万辆，同比增长190%以上。 从企业数据看，2024年12月，整车出口前十企业中，奇瑞出口量达9.8万辆，同比增长12.3%，占总出口量的19.5%。与2023年同期相比，比亚迪出口增速最为显著，出口达6.1万辆，同比增长68.1%。2024年，整车出口前十企业中，从增速上来看，比亚迪出口43.3万辆，同比增长71.8%；长安汽车出口53.6万辆，同比增长49.6%；江淮汽车出口24.9万辆，同比增长46.7%。 2025年汽车产销有望继续增长 中汽协表示，当前汽车行业仍面临不少困难和挑战，主要表现为：外部环境变化带来的不利影响在加深；汽车消费内生动力欠佳；行业竞争加剧，盈利持续承压，影响行业健康可持续发展。 陈士华表示，国家发展改革委和财政部2025年1月8日发布了《关于2025年加力扩围实施大规模设备更新和消费品以旧换新政策的通知》，相信随着系列政策出台落地，政策组合效应不断释放，将进一步释放汽车市场潜力。预计2025年，中国汽车市场将继续呈现稳中向好发展态势，汽车产销将继续保持增长。 “2024年促进汽车消费的国家报废更新和各地以旧换新政策取得超预期的良好效果，尤其是四季度的乘用车零售增速达到14%的超强水平，部分消费者赶在年末抓紧换车。”乘联会秘书长崔东树说。 崔东树介绍，2024年的各地以旧换新的政策拉动销量日益突出，2025年的以旧换新基本保持2024年的补贴力度，粗略估计报废更新和以旧换新的总体补贴资金的需求估计要超过2000亿元，远超历史补贴峰值。乘联会预测2025年国内车市乘用车零售2340万辆，增长2%，新能源乘用车零售1330万辆，增长20%，渗透率57%。 
 上一篇：吉峰科技李勇：全力打造农机产业链平台公司 
 下一版：6：公司 
 上海证券报社有限公司版权所有。本网站提供之资料或信息，仅供投资者参考，不构成投资建议。 
 Copyright 1998 Shanghai Securities News Co. Ltd. All rights reserved. 
 联系电话：021-38967777 转新媒体部 地址：上海浦东新区陆家嘴金融城东园路18号 邮编：200120 E-MAIL:webmaster@cnstock.com 投诉、举报电话：021-38967777 
 互联网新闻信息服务许可证：10120190013      网络出版服务许可证：（总）网出证（沪）字第010号      增值电信业务经营许可证：沪B2-20180571 
 广播电视节目制作经营许可证：（沪）字第2676号       沪ICP备17054524号-2       上海工商      沪公网安备31011502Q05973号",2025-01-14,上海证券报,https://paper.cnstock.com/html/2025-01/14/content_2018079.htm,accepted
GFEX-WR-20250116,announcement,广期所碳酸锂仓单日报：仓单减少1462手,广州期货交易所2025-01-16仓单日报显示，碳酸锂仓单总量为51198手，减少1462手。,2025-01-16,广州期货交易所,https://www.gfex.com.cn/gfex/cdrb/hqsj_tjsj.shtml,accepted
LC-TEXT-0014,news,2024年度CNESA储能数据发布：新型储能装机规模首次超过抽水蓄能_腾讯新闻,"2024年度CNESA储能数据发布：新型储能装机规模首次超过抽水蓄能_腾讯新闻 
 2024年度CNESA储能数据发布：新型储能装机规模首次超过抽水蓄能 经济观察报 2025-01-16 10:36 发布于 北京 经济观察报官方账号 经济观察网 记者 田进 1月15日，在中关村储能产业技术联盟（CNESA）主办的“储能国际峰会暨展览会2025新闻发布会暨CNESA DataLink 2024年度储能数据发布”上，中关村储能产业技术联盟理事长、中国科学院工程热物理研究所所长、研究员陈海生表示，截至2024年底，中国电力储能累计装机达到137.9GW。其中，新型储能装机规模首次超过抽水蓄能，达到78.3GW/184.2GWh，功率/能量规模同比增长126.5%／147.5%。 根据CNESA全球储能数据库不完全统计，2024年中国新型储能新增投运43.7GW/109.8GWh，同比增长103%／136%。从区域分布看，新疆和内蒙古分列能量规模和功率规模第一，这两个也是分别以新能源配储和独立储能为主导的省份。 与此同时，新型储能招标市场规模持续增长。2024年共有528家企业发布储能系统招采信息，1105家发布EPC招采信息，同比分别增长68%、115%。由于储能系统的标准化程度趋高，越来越多的大型国央企选择采用集采/框采的形式。2024年共有217个中标标段，TOP15企业中标量达到集采/框采标段总数的46%。 在储能锂电池方面，据陈海生介绍，从产量上来看，2024年1—10月，中国企业在全球市场中储能型锂电池产量超过200GWh；预计全年产量超过300GWh。根据CNESA全球储能数据库不完全统计，中国企业2024年度全球市场储能电池出货量TOP10分别为：宁德时代、亿纬储能、海辰储能、比亚迪、瑞浦兰钧、中创新航、远景动力、楚能新能源、力神、赣锋锂电。 陈海生称，新型储能作为经济增长新引擎，在多个地方的产业规划中被重点提及，以2025年为时间节点的产值目标统计已超过3万亿元。此外，还有多个地区提出了2027年和2030年的产值目标，这体现了地方政府对新型储能产业规划布局的重视。 从储能出海来看，2024年，中国储能企业签约海外储能大单规模超过150GWh。主要市场来自美洲、欧洲、澳洲、非洲、东南亚、中东等地。其中，出海企业中以电池类企业和光储类企业居多，占比超87%。 在投融资方面，据CNESA全球储能数据库不完全统计，2024年， 一级市场 储能相关企业投融资事件超过107起，披露金额近176亿元，相较于2023年同比下降70%。融资方向中，45起面向系统集成、充换电、锂电及材料。非锂电技术领域，钠电、固态电池关注度较高。 展望未来，CNESA预测，2025年新型储能新增装机预计在40.8GW至51.9GW之间，平均在45GW左右。同时，该领域将呈现出五大显著特征：第一，从储能价值看，规模化调节与保供的价值将不断提升；第二，在电力市场参与方面，随着市场衔接机制的不断完善，储能服务将向“一体多用、分时复用”的模式演变；第三，行业洗牌加剧，2024年注销、吊销等异常的储能相关企业数量翻了一番；第四，技术革新推进行业从“卷价格”向”卷价值“转变；第五，从市场规模来看，预计2025年，新型储能累计装机将突破一亿千瓦。",2025-01-16,腾讯新闻,https://news.qq.com/rain/a/20250116A030UG00,accepted
LC-TEXT-0015,news,动力电池的2024年：产能装车率仅52% 价格持续下跌_腾讯新闻,"动力电池的2024年：产能装车率仅52% 价格持续下跌_腾讯新闻 
 动力电池的2024年：产能装车率仅52% 价格持续下跌 经济观察报 2025-01-17 19:44 发布于 北京 经济观察报官方账号 经济观察网 记者 周菊 2024年，国内动力电池装机量持续增长。据中国汽车动力电池产业创新联盟发布的数据，2024年我国动力电池累计装车量548.4GWh，累计同比增长41.5%。这一增长主要得益于新能源汽车产销量的攀升，中国汽车工业协会的数据显示，2024年国内新能源汽车产量为1288.8万辆，同比增长34.4%；销量为1286.6万辆，同比增长35.5%，新能源渗透率达40.9%。 在装机量上升的同时，动力电池的市场格局也发生了多重变化。首先，磷酸铁锂电池市场占有率在2024年再创新高。2024年，磷酸铁锂电池累计装车量409.0GWh，占总装车量的74.6%，同比增长56.7%，12月的装车量占比更是高达80.9%。相比之下，三元电池累计装车量139.0GWh，占比25.3%，同比增长10.2%。磷酸铁锂电池凭借低成本和高安全性优势，市场份额持续扩大。 其次，在动力电池企业装机量排名中，2024年宁德时代、 比亚迪 、中创新航稳居动力电池企业装机量前三名。其中，宁德时代以45.08%的市占率排名第一，比亚迪位居第二，市占率为24.74%。 总体来看，宁德时代2024年总装机量为256.01GWh，市占率同比上升1.89个百分点，但与几年前超50%的高点相比仍有较大差距。比亚迪则在2024年结束了市场份额的上升，总装机量为135.02GWh，市占率同比下滑2.52个百分点。 此外，头部企业之外的动力电池市场呈现出新的竞争格局，孚能科技被挤出TOP10榜单，取而代之的是瑞浦兰钧。数据显示，国轩高科、亿纬锂能、蜂巢能源、 欣旺达 、瑞浦兰钧、正力新能、爱尔集新能源（LG新能源）分别位列第4至第10名，份额均在5%以下。其中，瑞浦兰钧排名从去年同期第11位升至8位，是TOP10企业增速最快的。 据工信部公告，瑞浦兰钧的主要客户是上汽乘用车、 上汽通用五菱 等上汽系车企及 吉利 等。而连续9个月装机量不足0.4GWh的孚能科技，其主要客户是 北京奔驰 、广汽乘用车、东风、 江铃 等。 值得关注的是，汽车主机厂下属的电池厂也开始崭露头角。极电新能源、因湃电池、耀宁新能源等主机厂电池新势力登上TOP15榜单，显示出主机厂自研自产电池的策略正在逐步影响市场格局。其中，极电和耀宁隶属于吉利集团，因湃电池则属于广汽集团。 尽管出货量持续增长，动力电池产业面临的产能过剩和价格下跌的挑战也不容忽视。据中国汽车动力电池产业联盟发布的数据，20024年前8个月，动力电池的总产量达到了419.7GWh，然而实际的装车量仅为219.2GWh，装车率仅为52%。 与此同时，2024年 碳酸锂 原材料的价格大幅下降，动力电池的价格随之持续下跌。2024年，宁德时代、比亚迪弗迪电池、蜂巢能源等动力电池制造商均根据市场情况启动了降本降价措施。全球知名投行高盛集团的预测表示，到2026年电动汽车电池成本将在2024年的基础上下降近50%。 在国内新能源汽车增速放缓的情况下，动力电池企业积极探索海外市场，但受海外新能源汽车市场增速放缓等因素的影响，动力电池的出口增速在2024年大幅下降。据中国汽车动力电池产业创新联盟统计，2024年1—11月，我国动力电池累计出口量为115.8GWh，同比增长2.1%。而2023年，我国动力电池累计出口累计同比增长87.1％。 有行业观点指出，面对原材料价格的持续下跌和电池产能的过剩，动力电池市场在未来一段时间内将维持较低的价格水平。这一趋势或将迫使部分边缘电池企业面临破产压力，从而推动市场产能的出清与整合。",2025-01-17,腾讯新闻,https://news.qq.com/rain/a/20250117A08KVJ00,accepted
GFEX-WR-20250121,announcement,广期所碳酸锂仓单日报：仓单减少1177手,广州期货交易所2025-01-21仓单日报显示，碳酸锂仓单总量为49951手，减少1177手。,2025-01-21,广州期货交易所,https://www.gfex.com.cn/gfex/cdrb/hqsj_tjsj.shtml,accepted
GFEX-WR-20250122,announcement,广期所碳酸锂仓单日报：仓单减少1985手,广州期货交易所2025-01-22仓单日报显示，碳酸锂仓单总量为47966手，减少1985手。,2025-01-22,广州期货交易所,https://www.gfex.com.cn/gfex/cdrb/hqsj_tjsj.shtml,accepted
LC-TEXT-0016,news,专家解读 | 2024年全年中国汽车出口市场分析_腾讯新闻,"专家解读 | 2024年全年中国汽车出口市场分析_腾讯新闻 
 专家解读 | 2024年全年中国汽车出口市场分析 中国汽车流通协会 2025-01-23 13:58 2024年12月中国汽车实现出口57万台，同比2023年12月增速25%、环比上月增5%，同、环比走势有改善；全年中国汽车实现出口641万台，出口增速23%。2024年12月新能源汽车出口量15万台，同比增7%，环比上月增12%；2024年全年新能源汽车累计出口量201万台，同比增长12%。2024年全年中国常规燃油车型出口440万，增26%，其中12月燃油车出口42万增31%。2024年全年中国纯电动车型出口170万，增6%，其中12月纯电动车出口12万增4%，相对2023年出口增速大幅放缓。2024年全年中国新能源插混车型出口32万，增128%，其中12月插混出口3.2万增59%。 2024年12月中国汽车出口总量的前10国家：俄罗斯97998辆、 阿联 酋38663辆、沙特33337辆、墨西哥22775辆、比利时22371辆、澳大利亚15361辆、哈萨克斯坦14975辆、菲律宾14331辆、英国14003辆、白俄罗斯13804辆；12月中国汽车出口增量的前五国家：俄罗斯29692辆、沙特16493辆、阿联酋16380辆、比利时6893辆、白俄罗斯5265辆。俄罗斯环比11月下降0.5万台的幅度较大。 2024年全年整车出口总量的前10国家：俄罗斯1157988辆、墨西哥445006辆、阿联酋330569辆、比利时280011辆、沙特275779辆、巴西236789辆、英国194781辆、澳大利亚178078辆、菲律宾169179辆、土耳其134334辆；全年中国汽车出口增量的前五国家：俄罗斯248939辆、阿联酋170572辆、巴西121984辆、比利时62640辆、沙特62213辆。增量前5国家的增量贡献度为56%，其中俄罗斯出口贡献巨大。2024年全年泰国、澳大利亚、英国等市场下降较大；12月的墨西哥、巴西、英国等市场都表现相对较差，俄罗斯、中东市场也成为增量的核心市场。 2024年12月中国新能源汽车出口总量的前10国家：比利时21446辆、泰国11260辆、阿联酋9584辆、菲律宾8756辆、英国7425辆、澳大利亚6415辆、乌兹别克斯坦6410辆、荷兰5463辆、西班牙5315辆、印度5166辆；12月中国新能源汽车出口同比2023年12月增量的前五国家：比利时9240辆、阿联酋4809辆、土耳其4101辆、荷兰3807辆、印度3083辆。 2024年全年新能源汽车出口总量的前10国家： 比利时 263743辆、巴西152204辆、英国119436辆、泰国117165辆、菲律宾114457辆、墨西哥80552辆、印度77940辆、阿联酋76822辆、澳大利亚75374辆、 以色列 65373辆；全年中国汽车出口增量的前五国家：巴西84016辆、比利时65713辆、墨西哥63499辆、阿联酋40372辆、印度尼西亚39762辆，增量前5国家的增量贡献度为106%，其中巴西出口贡献巨大。 出口增长动力是天帮忙、高质量、人努力、地缘变。首先是天帮忙—中国汽车产业链韧性强和国家鼓励出口的贸易政策支持；其次是高质量—新能源的出口贡献增大，新能源技术领先加之智能化优势凸显；第三是人努力—自主品牌企业很努力，产品质量提升、成本控制出色；第四是地缘变—中国出口的多元化分化发展。 中国新能源车出口向发达国家市场呈现高质量发展的局面，主要是出口西欧和东南亚市场，近两年西欧和南欧的比利时、西班牙、 斯洛文尼亚 和英国等发达国家持续成为出口亮点，12月稍有回落，而今年对巴西等美洲国出口走强。自主品牌的上汽乘用车、 比亚迪 等新能源车型表现较顽强。虽然新能源汽车出口欧洲12月暂时放缓，期待随着欧洲反补贴影响的逐步适应，中国对欧洲出口应该还能回升向上。 预计2025年总体汽车出口预计在增速10%，达到700万台。纯电的出口零增长，汽油车出口增9%，插混出口增70%。其中乘联会统计的乘用车出口预计在530万，增10%。随着欧美的电动化放缓，美国的退出新能源补贴政策。2025年电动车出口压力很大，2024年纯电动出口增速只有15%，2025年应该在零增长左右。2024年已经剧烈下滑，而且在4季度仍是持续下滑中，2025年的趋势仍是恶化中。当前外部环境变化带来的不利影响加深，通胀压力有所缓解，但世界经济增长动能不强，贸易壁垒迅速强化，特朗普的强力加关税政策的外溢效应会较明显。很多国家会采取更强硬的关税政策，尤其是对战略性的纯电动车产业的贸易保护会更严厉。 2025年燃油车出口仍是主力。2024年俄罗斯的燃油车市场贡献巨大，但11月出现暂时的负增长。2025年的俄乌危机如果停战，中国车企的压力将剧增。中国国内常规燃油车市场急剧萎缩，对出口燃油车的可持续发展也有影响。尤其是中国基本没有A0级和A00级燃油车，出口市场与国内市场脱节。中国国内市场的插混爆发增长已经对海外市场增长带来贡献，但规模还是很小。目前看增程的海外市场很差，尤其是高端增程的价格偏高。而中低价的插混表现好。 插混市场面临燃油车回归的机遇，插混与普混和燃油车都是可以实现不依赖充电基础设施的正常使用，插混的节油和智能化效果突出。2024年苏联的插混需求增长较快，而欧盟地区的中国插混车型需求剧烈减少。巴西的需求近期减弱。 一、中国汽车出口总体走势 1、汽车出口历年走势 中国汽车出口经历多年的百万量级平台期终于在2021年开始突破。在2013-2016年世界经济低迷下的剧烈下滑后，2017-2020年出口增速逐步企稳改善，年度出口量维持在100万台左右水平。2020年的出口达到108万台，同比下降13%，随后进入高增长期。 由于世界疫情冲击和 特斯拉 国产，中国汽车出口实现2021-2023年的巨大的销量和单价的突破。2023年中国汽车实现出口522万台，出口增速57%的持续强增长。2024年全年中国汽车出口641万台，同比增长23%。近期中国汽车超高速增长，未来只要国际上有稳定的市场环境，预期中国汽车出口发展仍有巨大空间。 2020年全年的销量达到108.5万台，同比下降13.1%。2021年的出口市场销量218.7万台，同比增长102%。 2022年的出口市场销量340万台，同比增长55%，主要是海外供给不足和中国车企出口竞争力的大幅增强。2023年中国汽车实现出口522万台，出口增速54%的持续强增长，表现超强，相对于国内汽车销量的逐步复苏，出口市场的表现仍是超强的。近两年的国际疫情+俄乌危机下的中国出口增长较大。 2024年12月中国汽车实现出口57万台，同比2023年12月增速25%、环比上月增5%，同、环比走势有改善；全年中国汽车实现出口641万台，出口增速23%。今年的主要动力仍是中国产品竞争力提升和全球南方国家市场的小幅增长及俄乌危机下的俄罗斯市场的国际品牌全面被中国车替代，尤其是中国的燃油车出口竞争力提升带来的出口增大。 2、整车出口月度走势 从月度走势看，近几年的出口仍呈现季节性特征，呈现夏季走高与国内反差走势特征。2022年车市出现开局较强，但受到上海疫情影响的2-4月呈现出口量逐月环比下降，5-12月持续攀升。而2023年出口继续保持强势，保持2022年4季度的销量，体现中国汽车产业的世界竞争力大幅提升。 2024年全年中国汽车出口基本符合前几年的逐步走强走势，1季度增速相对前三年的超高增速有所放缓，4-5月增速回升,6月偏弱，7月开始出口恢复增长，8月超强，9-11月放缓,12月走势大幅改善。今年1-2月的出口仅增长20%，3-5月增长30%以上，3季度汽车出口在近期外部环境复杂下反而走强。10-11月走势异常偏低,12月改变了历年的环比下降态势。 3、汽车整车出口结构特征 2020年前的中国汽车出口维持在百万规模。2021年整车出口(含底盘)出口219万台，增速102%的表现算很好。2021-2022年出口表现较好的是四驱SUV和其它乘用车。 2023年的汽车出口是全面走强，油车强，乘用车是出口主力，增速65%，其中四驱SUV、小客车出口较好。 今年海关卡车出口增17%，相对于国内的卡车低迷，近期各类卡车出口偏分化，轻卡和中重卡出口较好。 从结构看，乘用车出口占比不断提升，卡车占比和客车占比大幅下降。乘用车的几类主力车型表现较均衡，表现下降的是未列名乘用车的出口。2024年9座以下客车占比33%最高，12月达到38%；未列名乘用车12月的出口达到乘用车第三的地位，同比大幅下降。 卡车12月表现较稳，其中轻卡增长表现较好，重卡出口表现回落。客车中的大中型客车回暖，轻型客车出口稍弱。 4、出口动力结构特征 2024年的乘用车的出口增速回升，3季度走势好于上半年增速，4季度回落。2024年12月的纯电动乘用车出口回落到3%，插混和混合动力很强。今年混合动力乘用车的出口很强，超越插混的出口增速。今年卡车和客车出口低迷，但柴油卡车的和汽油轻客走势较强，增长动力转变。 12月乘用车的纯电动的占比大幅下降，汽油乘用车和汽油客车出口较强，纯电动乘用车12月份额较年均下降6个点。 二、汽车出口市场格局 1、出口厂家国内区域特征 近期上海的出口全国汽车龙头地位被安徽替代，但上海对中国出口的重要意义极其明显。2023年上海汽车出口95万台，乘用车85.5万台。这里主要是由于上海本地的企业相对比较优秀，尤其是上汽乘用车和特斯拉两家企业，出口量都相对较强，上汽通用出口表现平稳。但近期上海出口异常偏低，2024年全年降到80万台降9%，12月降5%。 安徽的出口表现相对较强，主要也是 奇瑞 和 江淮 的出口表现相对较强。陕西和河北、江苏的汽车出口贡献度上升较大。 2、出口分区域走势分析 2024年全年对大洋洲和欧洲、美加地区的纯电动出口明显放缓，但其它地区纯电动仍很强。欧盟政策导致中国新能源出口量下降一些，但12月的欧盟插混强势增长。目前12月增长是挖掘非洲、中东、苏联等市场的结果。 从销量看，2017-2022年的出口是逐步回升的态势，主要是欧洲的贡献。2022年后的俄罗斯市场增量巨大，成为核心增量。2024年欧盟占比下降，中南美和美加的出口有所增长。对日韩12月新能源车的出口下滑到26%。近期欧洲和北美发达市场的市场份额下降，发达国家的市场表现回落。 南美洲的新能源出口表现波动大。世界贫穷落后地方的出口需求不稳定，但未来将逐步恢复。 3、整车出口分国别走势分析 2021年出口均价1.6万美元，2022年汽车出口均价1.8万美元，2023年上升到1.9万美元，今年出口均价1.8万美元，同比去年的均价几乎持平。 前期俄罗斯市场巨变，其它外资退出，因此2023年以来中国对俄罗斯的出口也较多，2024年中国车企的俄罗斯表现依旧很强。去年出口是对比利时的出口车较多，今年2季度欧洲经济低迷，出口表现一般。 智利、秘鲁等车市2023年暴跌，今年有所恢复，巴西市场波动较大。亚洲仍是沙特和孟加拉市场。近期的墨西哥市场表现较强，暂未受到欧美加税的影响。 4、整车出口月度增减量走势 2024年12月中国汽车出口总量的前10国家：俄罗斯97998辆、阿联酋38663辆、沙特33337辆、墨西哥22775辆、比利时22371辆、澳大利亚15361辆、 哈萨克斯坦 14975辆、菲律宾14331辆、英国14003辆、白俄罗斯13804辆；12月中国汽车出口增量的前五国家：俄罗斯29692辆、沙特16493辆、阿联酋16380辆、比利时6893辆、白俄罗斯5265辆。俄罗斯环比11月下降0.5万台的幅度较大。 2024年全年整车出口总量的前10国家：俄罗斯1157988辆、墨西哥445006辆、阿联酋330569辆、比利时280011辆、沙特275779辆、巴西236789辆、英国194781辆、澳大利亚178078辆、菲律宾169179辆、土耳其134334辆；全年中国汽车出口增量的前五国家：俄罗斯248939辆、阿联酋170572辆、巴西121984辆、比利时62640辆、沙特62213辆。增量前5国家的增量贡献度为56%，其中俄罗斯出口贡献巨大。2024年全年泰国、澳大利亚、英国等市场下降较大；12月的墨西哥、巴西、英国等市场都表现相对较差，俄罗斯、中东市场也成为增量的核心市场。 5、历年出口主力国家变化分析 前期汽车出口的海外根据地效果并不理想，2020年汽车出口实现主要是沙特、孟加拉、埃及、智利等国家，波动剧烈。 2022年汽车出口主要市场来自墨西哥、沙特、智利、比利时、澳大利亚、菲律宾、俄罗斯等，不发达国家较多。 2023年汽车出口主要市场来自俄罗斯、墨西哥、比利时、澳大利亚、沙特、英国等国家，欧美市场走势较强。近期澳大利亚、比利时、英国等相对发达国家表现改善。 2024年12月汽车出口结构变化，俄罗斯仍是龙头，墨西哥下降较大，阿联酋和沙特的出口提升。澳大利亚的出口恢复，巴西出口剧烈下滑。 6、对俄罗斯出口变化分析 2022年中国对俄罗斯出口16万台，2023年中国对俄罗斯汽车出口91万台，同比增长459%。2024年全年中国对俄罗斯出口116万台，同比增长27%。2023年以来俄罗斯突然变成中国汽车出口第一大市场，这是时隔15年后中国汽车再一次的出口巨变。2008年中国自主品牌进军俄罗斯的市场表现很好，但随着俄罗斯对中国汽车巨额加征关税政策，当年中国汽车车企大面积退出俄罗斯。 近期由于其它国家汽车企业退出俄罗斯，2023年中国车企迅速保证了俄罗斯的车辆供给需求，目前的中国车企在俄罗斯应该暂时是安全的，但仍需谨慎观察俄乌危机变化。 2024年中国对俄罗斯的新能源车的出口剧烈波动，俄罗斯的进口规则根据供需不断调整。 2024年牵引车、重卡等产品的中国出口暴增后回落，近期乘用车的出口规模提升。 三、新能源车出口走势 1、历年新能源汽车整车出口特征 随着中国国内新能源车市场从补贴驱动向市场驱动的转型，中国新能源汽车的市场竞争力大幅增长。中国新能源汽车出口自2021年实现爆发增长，随后进入持续的高增长区间。虽然今年受到欧盟出口新能源的政策干扰，但2024年全年中国新能源汽车出口仍达到201万台，同比增长12%。 2024年12月新能源汽车出口量15万台，同比增7%，环比上月增12%；2024年全年新能源汽车累计出口量201万台，同比增长12%。   从6月后，新能源出口走势低迷，市场压力较大。11月出现异常负增长局面，说明海外销售新能源速度不快。 2、新能源汽车整车出口结构特征 2019年以前的新能源车的出口数量较大，但乘用车基本是微型低速电动车为主，实际的主流新能源车型数量不大。 新能源乘用车出口结构和数量表现有所改善。2020-2022年新能源出口表现好，2023年累计出口新能源汽车173万台。 2024年12月出口新能源汽车15万台、同比增12%；全年出口新能源车201万台、同比增长16%；2024年全年新能源乘用车出口195万台，同比增长16%，新能源乘用车出口占比新能源汽车出口总量的97%。近期新能源客车与专用车的出口稍有恢复，全年的新能源客车出口增速剧烈放缓到1.2万台，同比增长15%。 3、新能源出口地区变化分析 随着特斯拉进入中国，中国汽车出口格局改变，上海长期第一，但随着欧盟的进入暂时受阻，上海出口剧烈萎缩。2024年新能源汽车出口比较强的地区是广东、上海、江苏、浙江、陕西等。 从目前出口的增量来看，2024年陕西和安徽的增量相对是比较大的，但12月部分地区出口稍低。 4、历年新能源乘用车整车出口国家特征 2022年新能源汽车出口同比增长90%。新能源汽车出口主要是欧洲和亚洲两大市场。 2023年中国新能源乘用车出口173万台，达到55%的强势增长。2024年全年新能源汽车出口201万台，增长26%，12月的表现仍相对较好。但2024年的新能源车出口单价下降明显。 5、2024年新能源汽车整车出口变化分析 2024年12月中国新能源汽车出口总量的前10国家：比利时21446辆、泰国11260辆、阿联酋9584辆、菲律宾8756辆、英国7425辆、澳大利亚6415辆、乌兹别克斯坦6410辆、荷兰5463辆、西班牙5315辆、印度5166辆；12月中国新能源汽车出口同比2023年12月增量的前五国家：比利时9240辆、阿联酋4809辆、土耳其4101辆、荷兰3807辆、印度3083辆。 2024年全年新能源汽车出口总量的前10国家：比利时263743辆、巴西152204辆、英国119436辆、泰国117165辆、菲律宾114457辆、墨西哥80552辆、印度77940辆、阿联酋76822辆、澳大利亚75374辆、以色列65373辆；全年中国汽车出口增量的前五国家：巴西84016辆、比利时65713辆、墨西哥63499辆、阿联酋40372辆、印度尼西亚39762辆，增量前5国家的增量贡献度为106%，其中巴西出口贡献巨大。 2024年出口比利时、英国等欧洲国家和巴西、泰国等东南亚是几大主力方向。近期的泰国等市场出口恢复。非欧盟的欧洲国家和印度、印度尼西亚等两类市场表现较强。 6、2024年分动力整车出口变化分析 2024年全年中国新能源插混车型出口32万，增128%，其中12月插混出口3.2万增59%。苏联的插混需求增长较快，而欧盟地区的中国插混车型需求剧烈减少。巴西的需求近期减弱。 2024年全年中国常规燃油车型出口440万，增26%，其中12月燃油车出口42万增31%。今年俄罗斯的燃油车市场贡献巨大，另外是美国与加拿大市场的燃油车出口多，合资出口返销特色明显。 7、2024年纯电动汽车整车出口变化分析 2024年全年中国纯电动车型出口170万，增6%，其中12月纯电动车出口12万增4%，相对2023年出口增速大幅放缓。2022年中国新能源车出口的欧盟占比达到46%峰值，近期欧洲的纯电动出口占比下降，出口中南美的表现好，东南亚的纯电动出口表现持续走强。 四、乘用车分类别出口走势 1、乘用车分排量出口 乘用车出口的排量在1升-1.5升区间为主体，这也是中国自主乘用车的产品综合优势。近期1.5-2升车型出口增长较快，说明俄罗斯等更需求中国的高端高价SUV车型。 而电动车车型的产品档次分化，高端电动车出口改善较大，而入门级插混出口增长较好。 2、乘用车整车出口结构特征 中国燃油乘用车2024年全年出口表现较强的是俄罗斯、沙特、阿联酋、苏联等。2024年主要下滑市场是墨西哥、 乌兹别克斯坦 、厄瓜多尔、澳大利亚等。 中国纯电动乘用车2024年全年出口主要增长的是比利时、印尼、巴西、阿联酋等；下滑市场是泰国、西班牙、荷兰、法国等。 2024年插混的增量主要是巴西、墨西哥、中亚等市场；插混丢量市场是比利时、法国、日本等。 五、卡车分类别出口走势 1、卡车出口 货车市场出口近几年增速不强，在汽车出口市场占比表现处于持续小幅萎缩状态。 货车市场主力是5吨以下汽油和柴油货车较强，20吨以上柴油重卡货车总体来看也有较强需求。 2、卡车出口市场变化特征 卡车出口市场前几位总体表现稳定。2024年主力出口市场的俄罗斯、墨西哥、越南等表现的较好。俄罗斯、英国、澳大利亚等市场卡车出口下滑。墨西哥、沙特市场近期走强明显。 2024年新能源纯电动卡车出口市场前几位总体表现稳定，墨西哥和韩国、泰国等的出口较大，但总体不是主流产品。 对欧洲的新能源卡车出口市场表现较差，目前出现持续下滑。 六、客车分类别出口走势 1、客车出口总体 近期世界客车需求出现一定下降，导致前两年的中国客车出口持续萎缩，从2019年的6.4万台下降到2021年的3.7万台。 2023年以来的世界需求恢复，中国客车2023年出口恢复增长到7.1万台。2024年的全年达到8.2万台，增长16%。 2024年纯电动客车出口增长14%的表现较好，汽油客车出口增长较大，但柴油客车出口萎缩。 2、客车出口市场变化特征 中国客车出口主要市场比较分散，属于欠发达国家为主，市场比较复杂，难以有序持续开展出口。 今年中东、越南、中亚和东南亚国家需求较大，其中沙特、秘鲁、越南等国家的客车需求较强。今年的出口增量是沙特、埃及、越南等市场，萎缩的也是发展中国家，厄瓜多尔、中亚、玻利维亚、南非等市场下降较大。 新能源客车出口市场较小，数据波动较大，今年泰国、智利等主力地区表现较差，尼泊尔、越南等的出口客车较强。海外对中国客车电动化的需求不是很高。",2025-01-23,腾讯新闻,https://news.qq.com/rain/a/20250123A04X9700,accepted
GFEX-WR-20250127,announcement,广期所碳酸锂仓单日报：仓单增加1000手,广州期货交易所2025-01-27仓单日报显示，碳酸锂仓单总量为48641手，增加1000手。,2025-01-27,广州期货交易所,https://www.gfex.com.cn/gfex/cdrb/hqsj_tjsj.shtml,accepted
LC-TEXT-0017,news,2024年248.5GWh储能采招结果和中标企业全景分析_财富号_东方财富网,"2024年248.5GWh储能采招结果和中标企业全景分析_财富号_东方财富网 
 财经 焦点 股票 新股 期指 期权 行情 数据 全球 美股 港股 期货 外汇 银行 基金 理财 债券 直播 股吧 基金吧 博客 财富号 搜索 
 行情中心 
 指数 期指 期权 个股 板块 排行 新股 基金 港股 美股 期货 外汇 黄金 自选股 自选基金 
 数据中心 
 资金流向 主力排名 板块资金 个股研报 新股申购 转债申购 北交所申购 AH股比价 年报大全 融资融券 龙虎榜 限售解禁 IPO审核 大宗交易 估值分析 
 首页 >
 社区 >
 正文 
 2024年248.5GWh储能采招结果和中标企业全景分析 
 维尚必牛 
 2025年02月04日 22:16 
 广东 
 返回 
 海博思创吧> 
 点赞 
 0 
 评论 
 0 
 收藏 
 大 
 中 
 小 
 根据寻熵研究院的统计分析，2024年针对储能项目的设备和EPC招标共计1279个，总采招规模为196.4GWh，对应储能系统的实际需求为169.5GWh（一个项目若先后完成EPC和设备招标，则只统计一次）。 项目遍及31个省市自治区，其中新疆的采招规模最大，达到了24.8GWh。 共计有271家储能系统集成商以参与了储能项目的投标，183家企业有所斩获，获取订单方式包括直接参与设备投标、参与EPC联合投标、参与业主的直流侧招标等不同方式。 在磷酸铁锂储能系统供应商中，中车株洲所以中标93个项目总规模12.8GWh名列第一，不论是中标项目数量还是中标总规模均。海博思创位居第二。远景储能、阳光电源、金风零碳、许继电气位居第3-6位，差距近在伯仲之间，融和元储、华能清研院、采日能源位居第7-10位。中标规模超过1GWh的企业共有23家。 根据寻熵研究院的统计分析，2024年针对储能项目的设备和EPC招标共计1279个，总采招规模为196.4GWh， 对应储能系统的实际需求为169.5GWh （一个项目若先后完成EPC和设备招标，则只统计一次）。 项目遍及31个省市自治区，其中 新疆的采招规模最大，达到了24.8GWh 。 共计有271家储能系统集成商以参与了储能项目的投标，183家企业有所斩获，获取订单方式包括直接参与设备投标、参与EPC联合投标、参与业主的直流侧招标等不同方式。 在磷酸铁锂储能系统供应商中， 中车株洲所以中标93个项目总规模12.8GWh名列第一，不论是中标项目数量还是中标总规模均 。海博思创位居第二。远景储能、阳光电源、金风零碳、许继电气位居第3-6位，差距近在伯仲之间，融和元储、华能清研院、采日能源位居第7-10位。中标规模超过1GWh的企业共有23家。 2024年共有19家开发商完成了共计51个标段的集采框采，采招规模达11.2GW/52.2GWh。其中针对锂电和液流电池储能系统、EPC、直流侧的集采合计规模为37.6GWh。 央国企依旧是2024年集采市场的主角，大唐、华电、中能建、新华水电等单位的集采规模都在5GWh以上。龙源电力、新源智储、东方电气、国能信控、中石油的直流侧集采也合计达到了9.88GWh。 与此同时，中核、中广核、中电建、华电、中石油、华能等六大央企在2024年末分别启动了12GWh、10.5GWh、16GWh、6GWh、2.5GWh、4GWh集采，相关集采已经在一月陆续完成。相比于此前一轮集采，各家业主的新一轮集采规模明显提升，足以显现2025年市场需求的进一步增长。 共计有160家单位参与了针对储能系统、EPC和直流侧的集采投标，共有82家企业有所收获。 在集采入围方面，入围标段数不低于4个的企业一共有11家。中车株洲所、海博思创、阳光电源分别入围了10个、9个和8个标段，位列集采入围的前三名。 
 追加内容 
 本文作者可以追加内容哦 ! 
 举报 
 郑重声明： 用户在社区发表的所有信息将由本网站记录保存，仅代表作者个人观点，与本网站立场无关，不对您构成任何投资建议，据此操作风险自担。 请勿相信代客理财、免费荐股和炒股培训等宣传内容，远离非法证券活动。请勿添加发言用户的手机号码、公众号、微博、微信及QQ等信息，谨防上当受骗！ 
 维尚必牛 
 关注 
 更多文章 
 投资组合 
 -- 
 总收益 
 20日收益 
 日收益 
 -- 
 -- 
 -- 
 最新操作 
 - 
 - 
 - 
 历史收益率走势(%) 
 Chart 
 自选股 
 代码 
 名称 
 最新价 
 涨跌幅 
 查看更多 
 浪客视频 
 - 
 郑重声明：东方财富网发布此信息的目的在于传播更多信息，与本站立场无关。东方财富网不保证该信息（包括但不限于文字、视频、音频、数据及图表）全部或者部分内容的准确性、真实性、完整性、有效性、及时性、原创性等。相关信息并未经过本网站证实，不对您构成任何投资建议，据此操作，风险自担。
 东方财富 
 扫一扫下载APP
 东方财富产品 
 东方财富免费版 
 东方财富Level-2 
 东方财富策略版 
 妙想投研助理 
 Choice金融终端 
 证券交易 
 东方财富证券开户 
 东方财富在线交易 
 东方财富证券交易 
 关注东方财富 
 东方财富网微博 
 东方财富网微信 
 意见与建议 
 天天基金 
 扫一扫下载APP
 基金交易 
 基金开户 
 基金交易 
 活期宝 
 基金产品 
 稳健理财 
 关注天天基金 
 天天基金网微博 
 天天基金网微信 
 东方财富期货 
 扫一扫下载APP
 期货交易 
 期货手机开户 
 期货电脑开户 
 期货官方网站 
 信息网络传播视听节目许可证：0908328号 经营证券期货业务许可证编号：913101046312860336 违法和不良信息举报:021-61278686 举报邮箱： jubao@eastmoney.com 
 沪ICP证:沪B2-20070217 网站备案号:沪ICP备05006054号-11 沪公网安备 31010402000120号 版权所有:东方财富网 意见与建议:4000300059/952500 
 关于我们 
 可持续发展 
 广告服务 
 供应商平台 
 联系我们 
 诚聘英才 
 法律声明 
 隐私保护 
 征稿启事 
 友情链接",2025-02-04,东方财富网,https://caifuhao.eastmoney.com/news/20250204221643886792100,accepted
GFEX-WR-20250210,announcement,广期所碳酸锂仓单日报：仓单减少880手,广州期货交易所2025-02-10仓单日报显示，碳酸锂仓单总量为47507手，减少880手。,2025-02-10,广州期货交易所,https://www.gfex.com.cn/gfex/cdrb/hqsj_tjsj.shtml,accepted
GFEX-WR-20250213,announcement,广期所碳酸锂仓单日报：仓单减少1009手,广州期货交易所2025-02-13仓单日报显示，碳酸锂仓单总量为45753手，减少1009手。,2025-02-13,广州期货交易所,https://www.gfex.com.cn/gfex/cdrb/hqsj_tjsj.shtml,accepted
GFEX-WR-20250227,announcement,广期所碳酸锂仓单日报：仓单增加1564手,广州期货交易所2025-02-27仓单日报显示，碳酸锂仓单总量为46106手，增加1564手。,2025-02-27,广州期货交易所,https://www.gfex.com.cn/gfex/cdrb/hqsj_tjsj.shtml,accepted
GFEX-WR-20250306,announcement,广期所碳酸锂仓单日报：仓单减少1982手,广州期货交易所2025-03-06仓单日报显示，碳酸锂仓单总量为44439手，减少1982手。,2025-03-06,广州期货交易所,https://www.gfex.com.cn/gfex/cdrb/hqsj_tjsj.shtml,accepted
GFEX-WR-20250307,announcement,广期所碳酸锂仓单日报：仓单减少1993手,广州期货交易所2025-03-07仓单日报显示，碳酸锂仓单总量为42446手，减少1993手。,2025-03-07,广州期货交易所,https://www.gfex.com.cn/gfex/cdrb/hqsj_tjsj.shtml,accepted
GFEX-WR-20250310,announcement,广期所碳酸锂仓单日报：仓单减少3878手,广州期货交易所2025-03-10仓单日报显示，碳酸锂仓单总量为38568手，减少3878手。,2025-03-10,广州期货交易所,https://www.gfex.com.cn/gfex/cdrb/hqsj_tjsj.shtml,accepted
GFEX-WR-20250313,announcement,广期所碳酸锂仓单日报：仓单减少1610手,广州期货交易所2025-03-13仓单日报显示，碳酸锂仓单总量为36922手，减少1610手。,2025-03-13,广州期货交易所,https://www.gfex.com.cn/gfex/cdrb/hqsj_tjsj.shtml,accepted
GFEX-WR-20250314,announcement,广期所碳酸锂仓单日报：仓单减少967手,广州期货交易所2025-03-14仓单日报显示，碳酸锂仓单总量为35955手，减少967手。,2025-03-14,广州期货交易所,https://www.gfex.com.cn/gfex/cdrb/hqsj_tjsj.shtml,accepted
GFEX-WR-20250319,announcement,广期所碳酸锂仓单日报：仓单增加860手,广州期货交易所2025-03-19仓单日报显示，碳酸锂仓单总量为36832手，增加860手。,2025-03-19,广州期货交易所,https://www.gfex.com.cn/gfex/cdrb/hqsj_tjsj.shtml,accepted
GFEX-WR-20250320,announcement,广期所碳酸锂仓单日报：仓单增加1249手,广州期货交易所2025-03-20仓单日报显示，碳酸锂仓单总量为38081手，增加1249手。,2025-03-20,广州期货交易所,https://www.gfex.com.cn/gfex/cdrb/hqsj_tjsj.shtml,accepted
GFEX-WR-20250324,announcement,广期所碳酸锂仓单日报：仓单减少824手,广州期货交易所2025-03-24仓单日报显示，碳酸锂仓单总量为36763手，减少824手。,2025-03-24,广州期货交易所,https://www.gfex.com.cn/gfex/cdrb/hqsj_tjsj.shtml,accepted
GFEX-WR-20250331,announcement,广期所碳酸锂仓单日报：仓单减少18027手,广州期货交易所2025-03-31仓单日报显示，碳酸锂仓单总量为17755手，减少18027手。,2025-03-31,广州期货交易所,https://www.gfex.com.cn/gfex/cdrb/hqsj_tjsj.shtml,accepted
GFEX-WR-20250401,announcement,广期所碳酸锂仓单日报：仓单增加1380手,广州期货交易所2025-04-01仓单日报显示，碳酸锂仓单总量为19135手，增加1380手。,2025-04-01,广州期货交易所,https://www.gfex.com.cn/gfex/cdrb/hqsj_tjsj.shtml,accepted
GFEX-WR-20250402,announcement,广期所碳酸锂仓单日报：仓单增加2633手,广州期货交易所2025-04-02仓单日报显示，碳酸锂仓单总量为21768手，增加2633手。,2025-04-02,广州期货交易所,https://www.gfex.com.cn/gfex/cdrb/hqsj_tjsj.shtml,accepted
GFEX-WR-20250403,announcement,广期所碳酸锂仓单日报：仓单增加2835手,广州期货交易所2025-04-03仓单日报显示，碳酸锂仓单总量为24603手，增加2835手。,2025-04-03,广州期货交易所,https://www.gfex.com.cn/gfex/cdrb/hqsj_tjsj.shtml,accepted
GFEX-WR-20250407,announcement,广期所碳酸锂仓单日报：仓单增加2420手,广州期货交易所2025-04-07仓单日报显示，碳酸锂仓单总量为27023手，增加2420手。,2025-04-07,广州期货交易所,https://www.gfex.com.cn/gfex/cdrb/hqsj_tjsj.shtml,accepted
GFEX-WR-20250408,announcement,广期所碳酸锂仓单日报：仓单增加1380手,广州期货交易所2025-04-08仓单日报显示，碳酸锂仓单总量为28403手，增加1380手。,2025-04-08,广州期货交易所,https://www.gfex.com.cn/gfex/cdrb/hqsj_tjsj.shtml,accepted
LC-TEXT-0018,news,中国证券报 - 新能源汽车高增长 车企出海步伐加快,原文摘要：4月11日，中汽协发布的数据显示，今年一季度，国内汽车产销量分别完成756.1万辆和747万辆，同比分别增长14.5%和11.2%。其中，新能源汽车产销量完成318.2万辆和307.5万辆，同比分别增长50.4%和47.1%。 中国汽车工业协会副秘书长陈士华表示：“一季度，提振汽车消费政策措施得以延续并加速落地，消费市场提质向好，企业产品密集焕新，消费者信心增强，汽车产销呈现两位数增长，汽车行业开局运行良好。” 专家表示，相关政策组合效应将持续释放，车企开启新品密集发布周期，多地促销活动火热进行，有助于进一步释放消 来源为中国证券报，首次公开日期核验为2025-04-12。项目关联：本条样本用于 AlphaLens 的行业事实、关注扩散与主营业务相关性研究，不构成投资建议。,2025-04-12,中国证券报,https://epaper.cs.com.cn/zgzqb/html/2025-04/12/nw.D110000zgzqb_20250412_1-A05.htm,accepted
GFEX-WR-20250421,announcement,广期所碳酸锂仓单日报：仓单增加883手,广州期货交易所2025-04-21仓单日报显示，碳酸锂仓单总量为30445手，增加883手。,2025-04-21,广州期货交易所,https://www.gfex.com.cn/gfex/cdrb/hqsj_tjsj.shtml,accepted
GFEX-WR-20250422,announcement,广期所碳酸锂仓单日报：仓单增加940手,广州期货交易所2025-04-22仓单日报显示，碳酸锂仓单总量为31385手，增加940手。,2025-04-22,广州期货交易所,https://www.gfex.com.cn/gfex/cdrb/hqsj_tjsj.shtml,accepted
GFEX-WR-20250428,announcement,广期所碳酸锂仓单日报：仓单增加1052手,广州期货交易所2025-04-28仓单日报显示，碳酸锂仓单总量为32847手，增加1052手。,2025-04-28,广州期货交易所,https://www.gfex.com.cn/gfex/cdrb/hqsj_tjsj.shtml,accepted
GFEX-WR-20250506,announcement,广期所碳酸锂仓单日报：仓单增加1759手,广州期货交易所2025-05-06仓单日报显示，碳酸锂仓单总量为35236手，增加1759手。,2025-05-06,广州期货交易所,https://www.gfex.com.cn/gfex/cdrb/hqsj_tjsj.shtml,accepted
GFEX-WR-20250507,announcement,广期所碳酸锂仓单日报：仓单增加1008手,广州期货交易所2025-05-07仓单日报显示，碳酸锂仓单总量为36244手，增加1008手。,2025-05-07,广州期货交易所,https://www.gfex.com.cn/gfex/cdrb/hqsj_tjsj.shtml,accepted
GFEX-WR-20250527,announcement,广期所碳酸锂仓单日报：仓单减少825手,广州期货交易所2025-05-27仓单日报显示，碳酸锂仓单总量为34154手，减少825手。,2025-05-27,广州期货交易所,https://www.gfex.com.cn/gfex/cdrb/hqsj_tjsj.shtml,accepted
LC-TEXT-0019,policy,关于促进大功率充电设施科学规划建设的通知_国务院部门文件_中国政府网,"关于促进大功率充电设施科学规划建设的通知_国务院部门文件_中国政府网 
 首页 
 | 
 简 
 | 
 繁 
 | 
 EN 
 | 
 登录 
 个人中心 
 退出 
 | 
 邮箱 
 | 
 无障碍 
 EN 
 https://www.gov.cn/ 
 首页  >  政策  >  国务院政策文件库  > 国务院部门文件
 字号： 默认 
 大 
 超大 
 | 
 打印 
 收藏 
 | 
 标    题： 
 关于促进大功率充电设施科学规划建设的通知 
 发文机关： 
 ​国家发展改革委办公厅 国家能源局综合司 工业和信息化部办公厅 交通运输部办公厅 
 发文字号： 
 发改办能源〔2025〕632号 
 来    源： 
 国家发展改革委网站 
 主题分类： 
 国民经济管理、国有资产监管\其他 
 公文种类： 
 通知 
 成文日期： 
 2025年06月13日 
 标       题： 
 关于促进大功率充电设施科学规划建设的通知
 发文机关： ​国家发展改革委办公厅 国家能源局综合司 工业和信息化部办公厅 交通运输部办公厅 
 发文字号： 发改办能源〔2025〕632号 
 来       源： 国家发展改革委网站 
 主题分类： 国民经济管理、国有资产监管\其他 
 公文种类： 通知 
 成文日期： 2025年06月13日 
 国家发展改革委办公厅等关于促进大功率充电设施科学规划建设的通知 发改办能源〔2025〕632号 各省、自治区、直辖市及新疆生产建设兵团发展改革委、能源局、工业和信息化主管部门、交通运输主管部门，北京市城市管理委员会、河南省住房和城乡建设厅，国家电网有限公司、中国南方电网有限责任公司、内蒙古电力（集团）有限责任公司，中国电力企业联合会，有关充电运营企业： 电动汽车充电基础设施是支撑新能源汽车产业发展和新型电力系统建设、促进交通能源领域绿色低碳转型的重要基础设施。随着产业迭代升级，单枪充电功率达到250千瓦以上的大功率充电设施得到进一步普及。为落实国务院办公厅《关于进一步构建高质量充电基础设施体系的指导意见》（国办发〔2023〕19号）有关要求，进一步优化完善我国充电设施网络布局，稳步构建布局合理、品质升级、技术先进的大功率充电基础设施体系，现将有关事项通知如下。 一、加强大功率充电设施专项规划统筹 结合当地经济发展水平、新能源汽车推广力度和电力资源分布，以即充即走场景为重点，因地制宜、适度超前、科学合理做好大功率充电设施发展布局。省级牵头负责充电设施发展的部门要会同其他相关部门在充电网络规划中合理确定大功率充电设施发展目标和建设任务，根据需要适时制定大功率充电设施专项规划，联合交通运输主管部门等优先明确高速公路服务区场景下的建设计划，率先对重大节假日期间利用率超过40%的充电设施实施大功率改造。规划编制要遵循市场规律，做好预测论证，并与国土空间规划、配电网规划、交通规划做好衔接，实现大功率充电网络与现有各类型充电设施的协同发展。到2027年底，力争全国范围内大功率充电设施超过10万台，服务品质和技术应用实现迭代升级。 二、引导大功率充电设施有序建设 项目建设单位应按照《企业投资项目核准和备案管理条例》等依法办理项目备案手续，各地牵头负责充电设施发展的部门要会同投资主管部门加强对大功率充电设施项目的监管，避免资源浪费和无序投建。发挥政府引导作用，推动要素资源集约化利用，支持具有良好投资能力和运营经验的优质运营商开展场站建设、改造和运营。积极布局公交、物流、中重型货运等专用大功率充电设施。新能源汽车企业自建的大功率充电设施网络，原则上应无差别开放。结合场站条件推广充电站与餐饮、娱乐、购物、汽车服务等融合的商业模式，提升充电服务体验。 三、强化大功率充电设施运营管理 充电运营企业要持续加强高安全、高质量、高效能的充电产品和服务供给，优化场站现场环境，完善操作指引、价格公示等现场标识，合理配置运维服务人员。充电运营企业要加快智能运维平台建设，实现大功率充电过程的故障数据记录，提升充电设施运行状态监测和故障处理能力，力争设备可用率不低于98%。大功率充电设施应全量接入政府监测服务平台。各地牵头负责充电设施发展的部门要常态化开展充电服务评价和运营质量专项检查，鼓励企业打造服务优质、特色鲜明的大功率充电品牌，树立高品质形象标杆。 四、加强大功率充电设施安全管理 牵头负责充电设施发展的部门要严格落实“管行业必须管安全、管业务必须管安全、管生产经营必须管安全”的工作要求，高度重视大功率充电设施安全管理，会同有关部门督促公共充电站设计、施工、监理等单位落实安全生产主体责任。充电建设运营企业要严格按照国家标准规定开展大功率充电站选址、设计、建设和消防设施布置。充电运营企业要加强设备采购管理，核验充电桩及配套设备产品合格证明、强制性产品认证（CCC认证）等信息，确保符合质量规定。 五、促进大功率充电设施与电网融合发展 电网企业要积极开展大功率充电负荷特性对区域配电系统的影响研究，分层分级评估电网对大功率充电设施接入能力。推动大功率充电设施布局规划与配电网规划融合衔接，适度超前进行电网建设并及时升级改造。鼓励打造智能有序大功率充电场站，建立大功率充电场站与配电网高效互动机制，因地制宜配建光伏发电和储能设施，探索针对智能有序大功率充电场站优化电力接入容量核定方法，合理利用配电设施低谷容量裕度，提升配电网对于大功率充电场站的接入能力。支持充电运营企业通过接入新型负荷管理系统参与电力市场交易和需求响应，通过价格信号促进电动汽车高水平消纳清洁能源。 六、完善大功率充电技术标准体系 有关研究机构、行业协会等要持续推动大功率充电技术标准体系建设，加快设备型式、计量检测、通讯协议、场站建设、运营管理、安全防护及数字化智能化等关键技术标准制修订，以标准提升促进产业高质量发展。坚持尊重市场、着眼长远的原则，推动大功率充电国家标准纳入车、桩市场准入条件，开展面向大功率充电国家标准的车桩互配测试和对比验证，综合考虑市场接受度、产品兼容性、技术先进性、运行安全性，分类推动大功率充电标准在高压平台乘用车型和重卡等商用车型上装车应用。加强大功率充电标准国际化工作，推动国内国际充电标准协同发展。 七、推动大功率充电技术创新应用 充电运营企业要加强充电装备技术升级，提高大功率充电设施的运行效率和使用寿命。鼓励对分体式设备采用大功率充电优先的功率分配策略。加快高压碳化硅模块、主控芯片等核心器件国产化替代，推动涵盖零部件、系统集成、运营服务的充电产业链整体升级。面向电动重卡、电动船舶、电动飞机等大容量、高倍率动力电池应用场景，开展单枪兆瓦级充电技术研究与试点应用。应用电力智能管理、无人机巡检、充电安全预警、智慧消防等技术，加强大功率充电站智能化安全管理，提升充电设施智能运维水平。 八、加强要素保障和支持力度 各地牵头负责充电设施发展的部门要会同相关部门进一步加强大功率充电设施发展要素保障，加大用地、供电、财政、金融等配套政策供给。鼓励给予充电场站10年以上租赁期限，引导企业长期稳定经营。电网企业应加强大功率充电设施的用电保障，重点解决高速公路服务区的用电容量，降低电力引入成本，缩短电力扩容周期。鼓励研究大功率充电设施建设运营补贴激励机制，通过地方政府专项债券等支持符合条件的大功率充电设施项目建设。 九、强化组织协调和工作督导 各地牵头负责充电设施发展的部门要加强工作统筹，积极会同能源、交通运输、工业和信息化、自然资源、住房城乡建设、市场监管、应急管理等部门，合力开展规划编制，细化政策落实措施。国家能源局将会同交通运输部等有关部门结合各地建设进展，依托政府充电监测服务平台定期开展实施情况评估，适时打造一批具有示范作用的大功率充电应用城市与高速走廊，推动大功率充电设施高质量发展。 国家发展改革委办公厅 国家能源局综合司 工业和信息化部办公厅 交通运输部办公厅 2025年6月13日 
 国家发展改革委办公厅等关于促进大功率充电设施科学规划建设的通知 发改办能源〔2025〕632号 各省、自治区、直辖市及新疆生产建设兵团发展改革委、能源局、工业和信息化主管部门、交通运输主管部门，北京市城市管理委员会、河南省住房和城乡建设厅，国家电网有限公司、中国南方电网有限责任公司、内蒙古电力（集团）有限责任公司，中国电力企业联合会，有关充电运营企业： 电动汽车充电基础设施是支撑新能源汽车产业发展和新型电力系统建设、促进交通能源领域绿色低碳转型的重要基础设施。随着产业迭代升级，单枪充电功率达到250千瓦以上的大功率充电设施得到进一步普及。为落实国务院办公厅《关于进一步构建高质量充电基础设施体系的指导意见》（国办发〔2023〕19号）有关要求，进一步优化完善我国充电设施网络布局，稳步构建布局合理、品质升级、技术先进的大功率充电基础设施体系，现将有关事项通知如下。 一、加强大功率充电设施专项规划统筹 结合当地经济发展水平、新能源汽车推广力度和电力资源分布，以即充即走场景为重点，因地制宜、适度超前、科学合理做好大功率充电设施发展布局。省级牵头负责充电设施发展的部门要会同其他相关部门在充电网络规划中合理确定大功率充电设施发展目标和建设任务，根据需要适时制定大功率充电设施专项规划，联合交通运输主管部门等优先明确高速公路服务区场景下的建设计划，率先对重大节假日期间利用率超过40%的充电设施实施大功率改造。规划编制要遵循市场规律，做好预测论证，并与国土空间规划、配电网规划、交通规划做好衔接，实现大功率充电网络与现有各类型充电设施的协同发展。到2027年底，力争全国范围内大功率充电设施超过10万台，服务品质和技术应用实现迭代升级。 二、引导大功率充电设施有序建设 项目建设单位应按照《企业投资项目核准和备案管理条例》等依法办理项目备案手续，各地牵头负责充电设施发展的部门要会同投资主管部门加强对大功率充电设施项目的监管，避免资源浪费和无序投建。发挥政府引导作用，推动要素资源集约化利用，支持具有良好投资能力和运营经验的优质运营商开展场站建设、改造和运营。积极布局公交、物流、中重型货运等专用大功率充电设施。新能源汽车企业自建的大功率充电设施网络，原则上应无差别开放。结合场站条件推广充电站与餐饮、娱乐、购物、汽车服务等融合的商业模式，提升充电服务体验。 三、强化大功率充电设施运营管理 充电运营企业要持续加强高安全、高质量、高效能的充电产品和服务供给，优化场站现场环境，完善操作指引、价格公示等现场标识，合理配置运维服务人员。充电运营企业要加快智能运维平台建设，实现大功率充电过程的故障数据记录，提升充电设施运行状态监测和故障处理能力，力争设备可用率不低于98%。大功率充电设施应全量接入政府监测服务平台。各地牵头负责充电设施发展的部门要常态化开展充电服务评价和运营质量专项检查，鼓励企业打造服务优质、特色鲜明的大功率充电品牌，树立高品质形象标杆。 四、加强大功率充电设施安全管理 牵头负责充电设施发展的部门要严格落实“管行业必须管安全、管业务必须管安全、管生产经营必须管安全”的工作要求，高度重视大功率充电设施安全管理，会同有关部门督促公共充电站设计、施工、监理等单位落实安全生产主体责任。充电建设运营企业要严格按照国家标准规定开展大功率充电站选址、设计、建设和消防设施布置。充电运营企业要加强设备采购管理，核验充电桩及配套设备产品合格证明、强制性产品认证（CCC认证）等信息，确保符合质量规定。 五、促进大功率充电设施与电网融合发展 电网企业要积极开展大功率充电负荷特性对区域配电系统的影响研究，分层分级评估电网对大功率充电设施接入能力。推动大功率充电设施布局规划与配电网规划融合衔接，适度超前进行电网建设并及时升级改造。鼓励打造智能有序大功率充电场站，建立大功率充电场站与配电网高效互动机制，因地制宜配建光伏发电和储能设施，探索针对智能有序大功率充电场站优化电力接入容量核定方法，合理利用配电设施低谷容量裕度，提升配电网对于大功率充电场站的接入能力。支持充电运营企业通过接入新型负荷管理系统参与电力市场交易和需求响应，通过价格信号促进电动汽车高水平消纳清洁能源。 六、完善大功率充电技术标准体系 有关研究机构、行业协会等要持续推动大功率充电技术标准体系建设，加快设备型式、计量检测、通讯协议、场站建设、运营管理、安全防护及数字化智能化等关键技术标准制修订，以标准提升促进产业高质量发展。坚持尊重市场、着眼长远的原则，推动大功率充电国家标准纳入车、桩市场准入条件，开展面向大功率充电国家标准的车桩互配测试和对比验证，综合考虑市场接受度、产品兼容性、技术先进性、运行安全性，分类推动大功率充电标准在高压平台乘用车型和重卡等商用车型上装车应用。加强大功率充电标准国际化工作，推动国内国际充电标准协同发展。 七、推动大功率充电技术创新应用 充电运营企业要加强充电装备技术升级，提高大功率充电设施的运行效率和使用寿命。鼓励对分体式设备采用大功率充电优先的功率分配策略。加快高压碳化硅模块、主控芯片等核心器件国产化替代，推动涵盖零部件、系统集成、运营服务的充电产业链整体升级。面向电动重卡、电动船舶、电动飞机等大容量、高倍率动力电池应用场景，开展单枪兆瓦级充电技术研究与试点应用。应用电力智能管理、无人机巡检、充电安全预警、智慧消防等技术，加强大功率充电站智能化安全管理，提升充电设施智能运维水平。 八、加强要素保障和支持力度 各地牵头负责充电设施发展的部门要会同相关部门进一步加强大功率充电设施发展要素保障，加大用地、供电、财政、金融等配套政策供给。鼓励给予充电场站10年以上租赁期限，引导企业长期稳定经营。电网企业应加强大功率充电设施的用电保障，重点解决高速公路服务区的用电容量，降低电力引入成本，缩短电力扩容周期。鼓励研究大功率充电设施建设运营补贴激励机制，通过地方政府专项债券等支持符合条件的大功率充电设施项目建设。 九、强化组织协调和工作督导 各地牵头负责充电设施发展的部门要加强工作统筹，积极会同能源、交通运输、工业和信息化、自然资源、住房城乡建设、市场监管、应急管理等部门，合力开展规划编制，细化政策落实措施。国家能源局将会同交通运输部等有关部门结合各地建设进展，依托政府充电监测服务平台定期开展实施情况评估，适时打造一批具有示范作用的大功率充电应用城市与高速走廊，推动大功率充电设施高质量发展。 国家发展改革委办公厅 国家能源局综合司 工业和信息化部办公厅 交通运输部办公厅 2025年6月13日 
 链接： 
 全国人大 
 | 
 全国政协 
 | 
 国家监察委员会 
 | 
 最高人民法院 
 | 
 最高人民检察院 
 国务院部门网站 
 | 
 地方政府网站 
 | 
 驻港澳机构网站 
 | 
 驻外机构 
 中国政府网 
 | 
 关于本网 
 | 
 网站声明 
 | 
 联系我们 
 | 
 网站纠错 
 主办单位：国务院办公厅　运行维护单位：中国政府网运行中心 
 版权所有：中国政府网　中文域名： 中国政府网.政务 
 网站标识码bm01000001　 京ICP备05070218号 　 京公网安备11010202000001号 
 国务院客户端 
 国务院客户端小程序 
 中国政府网微博、微信 
 电脑版 
 客户端 
 小程序 
 微博 
 微信 
 邮箱 
 退出 
 注册 
 登录 
 网站纠错 
 主办单位：国务院办公厅　运行维护单位：中国政府网运行中心 
 版权所有：中国政府网　中文域名： 中国政府网.政务 
 网站标识码bm01000001 
 京ICP备05070218号　京公网安备11010202000001号 
 回到顶部 
 登录 
 注册 
 × 
 × 
 × 
 关于促进大功率充电设施科学规划建设的通知 
 电动汽车充电基础设施是支撑新能源汽车产业发展和新型电力系统建设、促进交通能源领域绿色低碳转型的重要基础设施。随着产业迭代升级，单枪充电功率达到250千瓦以上的大功率充电设施得到进一步普及。",2025-06-13,中国政府网,https://www.gov.cn/zhengce/zhengceku/202507/content_7030863.htm,accepted
GFEX-WR-20250618,announcement,广期所碳酸锂仓单日报：仓单减少1746手,广州期货交易所2025-06-18仓单日报显示，碳酸锂仓单总量为29967手，减少1746手。,2025-06-18,广州期货交易所,https://www.gfex.com.cn/gfex/cdrb/hqsj_tjsj.shtml,accepted
GFEX-WR-20250620,announcement,广期所碳酸锂仓单日报：仓单减少2164手,广州期货交易所2025-06-20仓单日报显示，碳酸锂仓单总量为27793手，减少2164手。,2025-06-20,广州期货交易所,https://www.gfex.com.cn/gfex/cdrb/hqsj_tjsj.shtml,accepted
GFEX-WR-20250623,announcement,广期所碳酸锂仓单日报：仓单减少1014手,广州期货交易所2025-06-23仓单日报显示，碳酸锂仓单总量为26779手，减少1014手。,2025-06-23,广州期货交易所,https://www.gfex.com.cn/gfex/cdrb/hqsj_tjsj.shtml,accepted
GFEX-WR-20250624,announcement,广期所碳酸锂仓单日报：仓单减少4404手,广州期货交易所2025-06-24仓单日报显示，碳酸锂仓单总量为22375手，减少4404手。,2025-06-24,广州期货交易所,https://www.gfex.com.cn/gfex/cdrb/hqsj_tjsj.shtml,accepted
GFEX-WR-20250704,announcement,广期所碳酸锂仓单日报：仓单减少1844手,广州期货交易所2025-07-04仓单日报显示，碳酸锂仓单总量为21036手，减少1844手。,2025-07-04,广州期货交易所,https://www.gfex.com.cn/gfex/cdrb/hqsj_tjsj.shtml,accepted
GFEX-WR-20250707,announcement,广期所碳酸锂仓单日报：仓单减少5481手,广州期货交易所2025-07-07仓单日报显示，碳酸锂仓单总量为15555手，减少5481手。,2025-07-07,广州期货交易所,https://www.gfex.com.cn/gfex/cdrb/hqsj_tjsj.shtml,accepted
GFEX-WR-20250708,announcement,广期所碳酸锂仓单日报：仓单减少2900手,广州期货交易所2025-07-08仓单日报显示，碳酸锂仓单总量为12655手，减少2900手。,2025-07-08,广州期货交易所,https://www.gfex.com.cn/gfex/cdrb/hqsj_tjsj.shtml,accepted
GFEX-WR-20250711,announcement,广期所碳酸锂仓单日报：仓单减少1588手,广州期货交易所2025-07-11仓单日报显示，碳酸锂仓单总量为11603手，减少1588手。,2025-07-11,广州期货交易所,https://www.gfex.com.cn/gfex/cdrb/hqsj_tjsj.shtml,accepted
GFEX-WR-20250724,announcement,广期所碳酸锂仓单日报：仓单增加900手,广州期货交易所2025-07-24仓单日报显示，碳酸锂仓单总量为11654手，增加900手。,2025-07-24,广州期货交易所,https://www.gfex.com.cn/gfex/cdrb/hqsj_tjsj.shtml,accepted
GFEX-WR-20250730,announcement,广期所碳酸锂仓单日报：仓单增加855手,广州期货交易所2025-07-30仓单日报显示，碳酸锂仓单总量为13131手，增加855手。,2025-07-30,广州期货交易所,https://www.gfex.com.cn/gfex/cdrb/hqsj_tjsj.shtml,accepted
GFEX-WR-20250731,announcement,广期所碳酸锂仓单日报：仓单减少7586手,广州期货交易所2025-07-31仓单日报显示，碳酸锂仓单总量为5545手，减少7586手。,2025-07-31,广州期货交易所,https://www.gfex.com.cn/gfex/cdrb/hqsj_tjsj.shtml,accepted
GFEX-WR-20250801,announcement,广期所碳酸锂仓单日报：仓单增加1060手,广州期货交易所2025-08-01仓单日报显示，碳酸锂仓单总量为6605手，增加1060手。,2025-08-01,广州期货交易所,https://www.gfex.com.cn/gfex/cdrb/hqsj_tjsj.shtml,accepted
GFEX-WR-20250804,announcement,广期所碳酸锂仓单日报：仓单增加5998手,广州期货交易所2025-08-04仓单日报显示，碳酸锂仓单总量为12603手，增加5998手。,2025-08-04,广州期货交易所,https://www.gfex.com.cn/gfex/cdrb/hqsj_tjsj.shtml,accepted
GFEX-WR-20250805,announcement,广期所碳酸锂仓单日报：仓单增加1840手,广州期货交易所2025-08-05仓单日报显示，碳酸锂仓单总量为14443手，增加1840手。,2025-08-05,广州期货交易所,https://www.gfex.com.cn/gfex/cdrb/hqsj_tjsj.shtml,accepted
GFEX-WR-20250807,announcement,广期所碳酸锂仓单日报：仓单增加1420手,广州期货交易所2025-08-07仓单日报显示，碳酸锂仓单总量为16443手，增加1420手。,2025-08-07,广州期货交易所,https://www.gfex.com.cn/gfex/cdrb/hqsj_tjsj.shtml,accepted
GFEX-WR-20250808,announcement,广期所碳酸锂仓单日报：仓单增加2386手,广州期货交易所2025-08-08仓单日报显示，碳酸锂仓单总量为18829手，增加2386手。,2025-08-08,广州期货交易所,https://www.gfex.com.cn/gfex/cdrb/hqsj_tjsj.shtml,accepted
GFEX-WR-20250812,announcement,广期所碳酸锂仓单日报：仓单增加1440手,广州期货交易所2025-08-12仓单日报显示，碳酸锂仓单总量为20829手，增加1440手。,2025-08-12,广州期货交易所,https://www.gfex.com.cn/gfex/cdrb/hqsj_tjsj.shtml,accepted
GFEX-WR-20250813,announcement,广期所碳酸锂仓单日报：仓单增加850手,广州期货交易所2025-08-13仓单日报显示，碳酸锂仓单总量为21679手，增加850手。,2025-08-13,广州期货交易所,https://www.gfex.com.cn/gfex/cdrb/hqsj_tjsj.shtml,accepted
GFEX-WR-20250815,announcement,广期所碳酸锂仓单日报：仓单增加1546手,广州期货交易所2025-08-15仓单日报显示，碳酸锂仓单总量为23485手，增加1546手。,2025-08-15,广州期货交易所,https://www.gfex.com.cn/gfex/cdrb/hqsj_tjsj.shtml,accepted
GFEX-WR-20250826,announcement,广期所碳酸锂仓单日报：仓单增加1060手,广州期货交易所2025-08-26仓单日报显示，碳酸锂仓单总量为26690手，增加1060手。,2025-08-26,广州期货交易所,https://www.gfex.com.cn/gfex/cdrb/hqsj_tjsj.shtml,accepted
LC-TEXT-0020,policy,关于印发《新型储能规模化建设专项行动方案(2025—2027年)》的通知,"关于印发《新型储能规模化建设专项行动方案(2025—2027年)》的通知-新华网 
 您当前位置： 首页 > 正文 目录项的基本信息 公开事项名称: 
 关于印发《新型储能规模化建设专项行动方案(2025—2027年)》的通知 
 索引号: 
 000019705/2025-000291 
 主办单位: 
 国家能源局 
 制发日期: 
 2025-08-27 
      国家发展改革委 国家能源局关于印发《新型储能规模化建设专项行动方案（2025—2027年）》的通知 发改能源〔2025〕1144号   各省、自治区、直辖市及新疆生产建设兵团发展改革委、能源局，北京市城市管理委，国家能源局各派出机构，有关中央企业：   为推动新型储能高质量发展，国家发展改革委、国家能源局研究制定了《新型储能规模化建设专项行动方案（2025—2027年）》。现予印发，请结合实际认真抓好贯彻落实。   国家发展改革委   国 家 能 源 局   2025年8月27日    附件：    《新型储能规模化建设专项行动方案（2025—2027年）》 .pdf        解读：    国家能源局有关负责同志就《新型储能规模化建设专项行动方案（2025—2027年）》答记者问",2025-08-27,国家能源局,https://www.nea.gov.cn/20250912/73455a1a61b248d4aef65cc124631398/c.html,accepted
LC-TEXT-0021,policy,关于印发《新型储能规模化建设专项行动方案(2025—2027年)》的通知_国务院部门文件_中国政府网,"关于印发《新型储能规模化建设专项行动方案(2025—2027年)》的通知_国务院部门文件_中国政府网 
 首页 
 | 
 简 
 | 
 繁 
 | 
 EN 
 | 
 登录 
 个人中心 
 退出 
 | 
 邮箱 
 | 
 无障碍 
 EN 
 https://www.gov.cn/ 
 首页  >  政策  >  国务院政策文件库  > 国务院部门文件
 字号： 默认 
 大 
 超大 
 | 
 打印 
 收藏 
 | 
 标    题： 
 关于印发《新型储能规模化建设专项行动方案(2025—2027年)》的通知 
 发文机关： 
 国家发展改革委 国家能源局 
 发文字号： 
 发改能源〔2025〕1144号 
 来    源： 
 国家发展改革委网站 
 主题分类： 
 国土资源、能源\其他 
 公文种类： 
 通知 
 成文日期： 
 2025年08月27日 
 标       题： 
 关于印发《新型储能规模化建设专项行动方案(2025—2027年)》的通知
 发文机关： 国家发展改革委 国家能源局 
 发文字号： 发改能源〔2025〕1144号 
 来       源： 国家发展改革委网站 
 主题分类： 国土资源、能源\其他 
 公文种类： 通知 
 成文日期： 2025年08月27日 
 国家发展改革委 国家能源局关于印发《新型储能规模化建设专项行动方案（2025—2027年）》的通知 发改能源〔2025〕1144号 各省、自治区、直辖市及新疆生产建设兵团发展改革委、能源局，北京市城市管理委，国家能源局各派出机构，有关中央企业： 为推动新型储能高质量发展，国家发展改革委、国家能源局研究制定了《新型储能规模化建设专项行动方案（2025—2027年）》。现予印发，请结合实际认真抓好贯彻落实。 国家发展改革委 国家能源局 2025年8月27日 附件： 《新型储能规模化建设专项行动方案（2025—2027年）》.pdf 《新型储能规模化建设专项行动方案（2025—2027年）》.zip 
 国家发展改革委 国家能源局关于印发《新型储能规模化建设专项行动方案（2025—2027年）》的通知 发改能源〔2025〕1144号 各省、自治区、直辖市及新疆生产建设兵团发展改革委、能源局，北京市城市管理委，国家能源局各派出机构，有关中央企业： 为推动新型储能高质量发展，国家发展改革委、国家能源局研究制定了《新型储能规模化建设专项行动方案（2025—2027年）》。现予印发，请结合实际认真抓好贯彻落实。 国家发展改革委 国家能源局 2025年8月27日 附件： 《新型储能规模化建设专项行动方案（2025—2027年）》.pdf 《新型储能规模化建设专项行动方案（2025—2027年）》.zip 
 链接： 
 全国人大 
 | 
 全国政协 
 | 
 国家监察委员会 
 | 
 最高人民法院 
 | 
 最高人民检察院 
 国务院部门网站 
 | 
 地方政府网站 
 | 
 驻港澳机构网站 
 | 
 驻外机构 
 中国政府网 
 | 
 关于本网 
 | 
 网站声明 
 | 
 联系我们 
 | 
 网站纠错 
 主办单位：国务院办公厅　运行维护单位：中国政府网运行中心 
 版权所有：中国政府网　中文域名： 中国政府网.政务 
 网站标识码bm01000001　 京ICP备05070218号 　 京公网安备11010202000001号 
 国务院客户端 
 国务院客户端小程序 
 中国政府网微博、微信 
 电脑版 
 客户端 
 小程序 
 微博 
 微信 
 邮箱 
 退出 
 注册 
 登录 
 网站纠错 
 主办单位：国务院办公厅　运行维护单位：中国政府网运行中心 
 版权所有：中国政府网　中文域名： 中国政府网.政务 
 网站标识码bm01000001 
 京ICP备05070218号　京公网安备11010202000001号 
 回到顶部 
 登录 
 注册 
 × 
 × 
 × 
 关于印发《新型储能规模化建设专项行动方案(2025—2027年)》的通知 
 为推动新型储能高质量发展，国家发展改革委、国家能源局研究制定了《新型储能规模化建设专项行动方案（2025—2027年）》。现予印发，请结合实际认真抓好贯彻落实。",2025-08-27,中国政府网,https://www.gov.cn/zhengce/zhengceku/202509/content_7040296.htm,accepted
GFEX-WR-20250828,announcement,广期所碳酸锂仓单日报：仓单增加1480手,广州期货交易所2025-08-28仓单日报显示，碳酸锂仓单总量为28957手，增加1480手。,2025-08-28,广州期货交易所,https://www.gfex.com.cn/gfex/cdrb/hqsj_tjsj.shtml,accepted
GFEX-WR-20250829,announcement,广期所碳酸锂仓单日报：仓单增加930手,广州期货交易所2025-08-29仓单日报显示，碳酸锂仓单总量为29887手，增加930手。,2025-08-29,广州期货交易所,https://www.gfex.com.cn/gfex/cdrb/hqsj_tjsj.shtml,accepted
GFEX-WR-20250901,announcement,广期所碳酸锂仓单日报：仓单增加1310手,广州期货交易所2025-09-01仓单日报显示，碳酸锂仓单总量为31197手，增加1310手。,2025-09-01,广州期货交易所,https://www.gfex.com.cn/gfex/cdrb/hqsj_tjsj.shtml,accepted
GFEX-WR-20250903,announcement,广期所碳酸锂仓单日报：仓单增加2111手,广州期货交易所2025-09-03仓单日报显示，碳酸锂仓单总量为34118手，增加2111手。,2025-09-03,广州期货交易所,https://www.gfex.com.cn/gfex/cdrb/hqsj_tjsj.shtml,accepted
GFEX-WR-20250904,announcement,广期所碳酸锂仓单日报：仓单增加830手,广州期货交易所2025-09-04仓单日报显示，碳酸锂仓单总量为34948手，增加830手。,2025-09-04,广州期货交易所,https://www.gfex.com.cn/gfex/cdrb/hqsj_tjsj.shtml,accepted
GFEX-WR-20250905,announcement,广期所碳酸锂仓单日报：仓单增加1683手,广州期货交易所2025-09-05仓单日报显示，碳酸锂仓单总量为36631手，增加1683手。,2025-09-05,广州期货交易所,https://www.gfex.com.cn/gfex/cdrb/hqsj_tjsj.shtml,accepted
GFEX-WR-20250908,announcement,广期所碳酸锂仓单日报：仓单增加820手,广州期货交易所2025-09-08仓单日报显示，碳酸锂仓单总量为37451手，增加820手。,2025-09-08,广州期货交易所,https://www.gfex.com.cn/gfex/cdrb/hqsj_tjsj.shtml,accepted
LC-TEXT-0022,policy,关于2026—2027年减免车辆购置税新能源汽车产品技术要求的公告_国务院部门文件_中国政府网,"关于2026—2027年减免车辆购置税新能源汽车产品技术要求的公告_国务院部门文件_中国政府网 
 首页 
 | 
 简 
 | 
 繁 
 | 
 EN 
 | 
 登录 
 个人中心 
 退出 
 | 
 邮箱 
 | 
 无障碍 
 EN 
 https://www.gov.cn/ 
 首页  >  政策  >  国务院政策文件库  > 国务院部门文件
 字号： 默认 
 大 
 超大 
 | 
 打印 
 收藏 
 | 
 标    题： 
 关于2026—2027年减免车辆购置税新能源汽车产品技术要求的公告 
 发文机关： 
 工业和信息化部 财政部 税务总局 
 发文字号： 
 2025年第24号 
 来    源： 
 工业和信息化部网站 
 主题分类： 
 工业、交通\机械制造与重工业 
 公文种类： 
 公告 
 成文日期： 
 2025年09月22日 
 标       题： 
 关于2026—2027年减免车辆购置税新能源汽车产品技术要求的公告
 发文机关： 工业和信息化部 财政部 税务总局 
 发文字号： 2025年第24号 
 来       源： 工业和信息化部网站 
 主题分类： 工业、交通\机械制造与重工业 
 公文种类： 公告 
 成文日期： 2025年09月22日 
 关于2026—2027年减免车辆购置税新能源汽车产品技术要求的公告 2025年第24号 根据《关于延续和优化新能源汽车车辆购置税减免政策的公告》（财政部 税务总局 工业和信息化部公告2023年第10号），结合新能源汽车技术进步、标准体系发展和车型变化情况，现就2026—2027年减免车辆购置税新能源汽车产品技术要求有关事项公告如下： 一、纯电动乘用车有关技术要求调整如下：纯电动乘用车百公里电能消耗量应不高于《电动汽车能量消耗量限值 第1部分：乘用车》（GB 36980.1—2025）对应车型的电能消耗量限值。最大设计总质量超过3500kg的乘用车电能消耗量限值要求，参照GB 36980.1—2025中最大设计总质量为3500kg乘用车电能消耗量限值执行。 二、插电式（含增程式）混合动力乘用车有关技术要求调整如下： （一）插电式（含增程式）混合动力乘用车纯电动续驶里程应满足有条件的等效全电里程不低于100公里。 （二）插电式（含增程式）混合动力乘用车电量保持模式试验的燃料消耗量（不含电能转化的燃料消耗量）与《乘用车燃料消耗量限值》（GB 19578—2024）中对应车型的燃料消耗量限值相比：整备质量为2510kg以下的乘用车，应小于70%；整备质量为2510kg及以上的乘用车，应小于75%；最大设计总质量超过3500kg的乘用车燃料消耗量限值要求，参照GB 19578—2024中最大设计总质量为3500kg乘用车燃料消耗量限值执行。非汽柴油插电式（含增程式）混合动力乘用车燃料消耗量不作要求。 （三）插电式（含增程式）混合动力乘用车电量消耗模式试验的电能消耗量与《电动汽车能量消耗量限值 第1部分：乘用车》（GB 36980.1—2025）中对应车型的电能消耗量限值相比：整备质量为2510kg以下的乘用车，应小于140%；整备质量为2510kg及以上的乘用车，应小于145%；最大设计总质量超过3500kg的乘用车电能消耗量限值要求，参照GB 36980.1—2025中最大设计总质量为3500kg乘用车电能消耗量限值执行。 三、其他技术要求继续按照《关于调整减免车辆购置税新能源汽车产品技术要求的公告》（工业和信息化部 财政部 税务总局公告2023年第32号）规定执行。 四、2026年1月1日起，列入《减免车辆购置税的新能源汽车车型目录》（以下简称《减免税目录》）的车型，需符合本公告要求；2025年12月31日前已列入《减免税目录》且符合本公告技术要求的车型，自动转入2026年第1期《减免税目录》，不符合要求的车型将从《减免税目录》中撤销。不符合本公告要求、拟列入2026年第1期《减免税目录》的车型，应在2025年12月12日之前完成申报。被撤销的车型，可重新申请列入《减免税目录》。 五、2026年1月1日（含）起，在2026年及以后生效的《减免税目录》发布后，购置列入《减免税目录》的新能源汽车，可按规定享受车辆购置税减免政策。税务机关依据《减免税目录》、减免税标识以及办理车辆购置税纳税申报所需要提供的其他资料，办理车辆购置税减税手续。 特此公告。 工业和信息化部 财政部 税务总局 2025年9月22日 
 关于2026—2027年减免车辆购置税新能源汽车产品技术要求的公告 2025年第24号 根据《关于延续和优化新能源汽车车辆购置税减免政策的公告》（财政部 税务总局 工业和信息化部公告2023年第10号），结合新能源汽车技术进步、标准体系发展和车型变化情况，现就2026—2027年减免车辆购置税新能源汽车产品技术要求有关事项公告如下： 一、纯电动乘用车有关技术要求调整如下：纯电动乘用车百公里电能消耗量应不高于《电动汽车能量消耗量限值 第1部分：乘用车》（GB 36980.1—2025）对应车型的电能消耗量限值。最大设计总质量超过3500kg的乘用车电能消耗量限值要求，参照GB 36980.1—2025中最大设计总质量为3500kg乘用车电能消耗量限值执行。 二、插电式（含增程式）混合动力乘用车有关技术要求调整如下： （一）插电式（含增程式）混合动力乘用车纯电动续驶里程应满足有条件的等效全电里程不低于100公里。 （二）插电式（含增程式）混合动力乘用车电量保持模式试验的燃料消耗量（不含电能转化的燃料消耗量）与《乘用车燃料消耗量限值》（GB 19578—2024）中对应车型的燃料消耗量限值相比：整备质量为2510kg以下的乘用车，应小于70%；整备质量为2510kg及以上的乘用车，应小于75%；最大设计总质量超过3500kg的乘用车燃料消耗量限值要求，参照GB 19578—2024中最大设计总质量为3500kg乘用车燃料消耗量限值执行。非汽柴油插电式（含增程式）混合动力乘用车燃料消耗量不作要求。 （三）插电式（含增程式）混合动力乘用车电量消耗模式试验的电能消耗量与《电动汽车能量消耗量限值 第1部分：乘用车》（GB 36980.1—2025）中对应车型的电能消耗量限值相比：整备质量为2510kg以下的乘用车，应小于140%；整备质量为2510kg及以上的乘用车，应小于145%；最大设计总质量超过3500kg的乘用车电能消耗量限值要求，参照GB 36980.1—2025中最大设计总质量为3500kg乘用车电能消耗量限值执行。 三、其他技术要求继续按照《关于调整减免车辆购置税新能源汽车产品技术要求的公告》（工业和信息化部 财政部 税务总局公告2023年第32号）规定执行。 四、2026年1月1日起，列入《减免车辆购置税的新能源汽车车型目录》（以下简称《减免税目录》）的车型，需符合本公告要求；2025年12月31日前已列入《减免税目录》且符合本公告技术要求的车型，自动转入2026年第1期《减免税目录》，不符合要求的车型将从《减免税目录》中撤销。不符合本公告要求、拟列入2026年第1期《减免税目录》的车型，应在2025年12月12日之前完成申报。被撤销的车型，可重新申请列入《减免税目录》。 五、2026年1月1日（含）起，在2026年及以后生效的《减免税目录》发布后，购置列入《减免税目录》的新能源汽车，可按规定享受车辆购置税减免政策。税务机关依据《减免税目录》、减免税标识以及办理车辆购置税纳税申报所需要提供的其他资料，办理车辆购置税减税手续。 特此公告。 工业和信息化部 财政部 税务总局 2025年9月22日 
 链接： 
 全国人大 
 | 
 全国政协 
 | 
 国家监察委员会 
 | 
 最高人民法院 
 | 
 最高人民检察院 
 国务院部门网站 
 | 
 地方政府网站 
 | 
 驻港澳机构网站 
 | 
 驻外机构 
 中国政府网 
 | 
 关于本网 
 | 
 网站声明 
 | 
 联系我们 
 | 
 网站纠错 
 主办单位：国务院办公厅　运行维护单位：中国政府网运行中心 
 版权所有：中国政府网　中文域名： 中国政府网.政务 
 网站标识码bm01000001　 京ICP备05070218号 　 京公网安备11010202000001号 
 国务院客户端 
 国务院客户端小程序 
 中国政府网微博、微信 
 电脑版 
 客户端 
 小程序 
 微博 
 微信 
 邮箱 
 退出 
 注册 
 登录 
 网站纠错 
 主办单位：国务院办公厅　运行维护单位：中国政府网运行中心 
 版权所有：中国政府网　中文域名： 中国政府网.政务 
 网站标识码bm01000001 
 京ICP备05070218号　京公网安备11010202000001号 
 回到顶部 
 登录 
 注册 
 × 
 × 
 × 
 关于2026—2027年减免车辆购置税新能源汽车产品技术要求的公告 
 根据《关于延续和优化新能源汽车车辆购置税减免政策的公告》，结合新能源汽车技术进步、标准体系发展和车型变化情况，现就2026—2027年减免车辆购置税新能源汽车产品技术要求有关事项公告如下。",2025-09-22,中国政府网,https://www.gov.cn/zhengce/zhengceku/202510/content_7053638.htm,accepted
LC-TEXT-0023,policy,关于2026—2027年减免车辆购置税新能源汽车产品技术要求的公告,"关于2026—2027年减免车辆购置税新能源汽车产品技术要求的公告 
 首页 > 
 政务公开 > 
 政策文件 > 
 文件发布 > 
 公告 
 发文机关： 工业和信息化部 财政部 税务总局 
 标　　题： 关于2026—2027年减免车辆购置税新能源汽车产品技术要求的公告 
 发文字号： 中华人民共和国工业和信息化部 财政部 税务总局公告2025年第24号 
 成文日期： 2025-09-22 
 发布日期： 2025-10-09 
 发布机构： 装备工业一司 
 分　　类： 产业政策 
 关于2026—2027年减免车辆购置税新能源汽车产品技术要求的公告 
 发布时间：2025-10-09 15:49 来源：装备工业一司 
 根据《关于延续和优化新能源汽车车辆购置税减免政策的公告》（财政部 税务总局 工业和信息化部公告2023年第10号），结合新能源汽车技术进步、标准体系发展和车型变化情况，现就2026—2027年减免车辆购置税新能源汽车产品技术要求有关事项公告如下： 一、纯电动乘用车有关技术要求调整如下：纯电动乘用车百公里电能消耗量应不高于《电动汽车能量消耗量限值 第1部分：乘用车》（GB 36980.1—2025）对应车型的电能消耗量限值。最大设计总质量超过3500kg的乘用车电能消耗量限值要求，参照GB 36980.1—2025中最大设计总质量为3500kg乘用车电能消耗量限值执行。 二、插电式（含增程式）混合动力乘用车有关技术要求调整如下： （一）插电式（含增程式）混合动力乘用车纯电动续驶里程应满足有条件的等效全电里程不低于100公里。 （二）插电式（含增程式）混合动力乘用车电量保持模式试验的燃料消耗量（不含电能转化的燃料消耗量）与《乘用车燃料消耗量限值》（GB 19578—2024）中对应车型的燃料消耗量限值相比：整备质量为2510kg以下的乘用车，应小于70%；整备质量为2510kg及以上的乘用车，应小于75%；最大设计总质量超过3500kg的乘用车燃料消耗量限值要求，参照GB 19578—2024中最大设计总质量为3500kg乘用车燃料消耗量限值执行。非汽柴油插电式（含增程式）混合动力乘用车燃料消耗量不作要求。 （三）插电式（含增程式）混合动力乘用车电量消耗模式试验的电能消耗量与《电动汽车能量消耗量限值 第1部分：乘用车》（GB 36980.1—2025）中对应车型的电能消耗量限值相比：整备质量为2510kg以下的乘用车，应小于140%；整备质量为2510kg及以上的乘用车，应小于145%；最大设计总质量超过3500kg的乘用车电能消耗量限值要求，参照GB 36980.1—2025中最大设计总质量为3500kg乘用车电能消耗量限值执行。 三、其他技术要求继续按照《关于调整减免车辆购置税新能源汽车产品技术要求的公告》（工业和信息化部 财政部 税务总局公告2023年第32号）规定执行。 四、2026年1月1日起，列入《减免车辆购置税的新能源汽车车型目录》（以下简称《减免税目录》）的车型，需符合本公告要求；2025年12月31日前已列入《减免税目录》且符合本公告技术要求的车型，自动转入2026年第1期《减免税目录》，不符合要求的车型将从《减免税目录》中撤销。不符合本公告要求、拟列入2026年第1期《减免税目录》的车型，应在2025年12月12日之前完成申报。被撤销的车型，可重新申请列入《减免税目录》。 五、2026年1月1日（含）起，在2026年及以后生效的《减免税目录》发布后，购置列入《减免税目录》的新能源汽车，可按规定享受车辆购置税减免政策。税务机关依据《减免税目录》、减免税标识以及办理车辆购置税纳税申报所需要提供的其他资料，办理车辆购置税减税手续。 特此公告。 工业和信息化部 财政部 税务总局 2025年9月22日 
 【返回顶部】 
 【关闭窗口】 
 【打印本页】",2025-10-09,工业和信息化部,https://www.miit.gov.cn/zwgk/zcwj/wjfb/gg/art/2025/art_cc2e2f43c220460f96b57405b49bae7c.html,accepted
GFEX-WR-20251013,announcement,广期所碳酸锂仓单日报：仓单减少5951手,广州期货交易所2025-10-13仓单日报显示，碳酸锂仓单总量为36718手，减少5951手。,2025-10-13,广州期货交易所,https://www.gfex.com.cn/gfex/cdrb/hqsj_tjsj.shtml,accepted
GFEX-WR-20251014,announcement,广期所碳酸锂仓单日报：仓单减少1538手,广州期货交易所2025-10-14仓单日报显示，碳酸锂仓单总量为35180手，减少1538手。,2025-10-14,广州期货交易所,https://www.gfex.com.cn/gfex/cdrb/hqsj_tjsj.shtml,accepted
GFEX-WR-20251015,announcement,广期所碳酸锂仓单日报：仓单减少2104手,广州期货交易所2025-10-15仓单日报显示，碳酸锂仓单总量为33076手，减少2104手。,2025-10-15,广州期货交易所,https://www.gfex.com.cn/gfex/cdrb/hqsj_tjsj.shtml,accepted
GFEX-WR-20251016,announcement,广期所碳酸锂仓单日报：仓单减少2620手,广州期货交易所2025-10-16仓单日报显示，碳酸锂仓单总量为30456手，减少2620手。,2025-10-16,广州期货交易所,https://www.gfex.com.cn/gfex/cdrb/hqsj_tjsj.shtml,accepted
GFEX-WR-20251022,announcement,广期所碳酸锂仓单日报：仓单减少873手,广州期货交易所2025-10-22仓单日报显示，碳酸锂仓单总量为29019手，减少873手。,2025-10-22,广州期货交易所,https://www.gfex.com.cn/gfex/cdrb/hqsj_tjsj.shtml,accepted
GFEX-WR-20251027,announcement,广期所碳酸锂仓单日报：仓单减少960手,广州期货交易所2025-10-27仓单日报显示，碳酸锂仓单总量为27739手，减少960手。,2025-10-27,广州期货交易所,https://www.gfex.com.cn/gfex/cdrb/hqsj_tjsj.shtml,accepted
GFEX-WR-20251107,announcement,广期所碳酸锂仓单日报：仓单增加912手,广州期货交易所2025-11-07仓单日报显示，碳酸锂仓单总量为27332手，增加912手。,2025-11-07,广州期货交易所,https://www.gfex.com.cn/gfex/cdrb/hqsj_tjsj.shtml,accepted
GFEX-WR-20251128,announcement,广期所碳酸锂仓单日报：仓单减少21340手,广州期货交易所2025-11-28仓单日报显示，碳酸锂仓单总量为5441手，减少21340手。,2025-11-28,广州期货交易所,https://www.gfex.com.cn/gfex/cdrb/hqsj_tjsj.shtml,accepted
GFEX-WR-20251201,announcement,广期所碳酸锂仓单日报：仓单增加2781手,广州期货交易所2025-12-01仓单日报显示，碳酸锂仓单总量为8222手，增加2781手。,2025-12-01,广州期货交易所,https://www.gfex.com.cn/gfex/cdrb/hqsj_tjsj.shtml,accepted
LC-TEXT-0024,news,中国锂电产业全面“走出去”-证券日报网,"中国锂电产业全面“走出去”-证券日报网 
 证券日报官方网站 
 网站首页 
 | 
 登录/注册 
 | 
 证券日报电子报 
 客户端 
 证券日报APP 
 安卓 
 IOS 
 微 信 
 证券日报微信 
 微 博 
 证券日报微博 
 首页 
 财经 
 公司 
 金融 
 农金 
 视频 
 ESG 
 路演 
 投服 
 地产 
 汽车 
 食品 
 TMT 
 您所在的位置： 
 网站首页 > 
 公司产业 > 
 上市公司 > 
 正文 
 中国锂电产业全面“走出去” 
 2025-12-02 23:48  来源：证券日报  
     本报记者 李万晨曦     据工业和信息化部12月1日官网消息，工业和信息化部党组书记、部长李乐成在署名文章《加快中国制造绿色低碳转型促进全球可持续发展》中提到，鼓励中国光伏、风电、锂电池、新能源汽车等优势企业“走出去”。     北京艾文智略投资管理有限公司首席投资官曹辙在接受《证券日报》记者采访时表示，2025年，在全球能源转型与国内产业升级的双重牵引下，我国锂电产业“出海”呈现出显著的结构变化。      锂电“出海”跑出“加速度”     “‘出海’已是我国锂电产业实现可持续发展的核心路径。”国际智能运载科技协会秘书长、黄河科技学院客座教授张翔在接受《证券日报》记者采访时表示，近年来，国内锂电行业产品与材料价格持续下行、行业竞争加剧。在此背景下，国内企业加速布局海外市场。     坚实的产业根基是锂电产业加速“出海”的底气所在。“我国是全球最大的锂电池生产国，锂电产业目前已构建起覆盖上游原材料、中游制造、下游终端应用的完整产业链。”深度科技研究院院长张孝荣在接受《证券日报》记者采访时表示。     在全球市场中，中国锂电产业已占据核心地位。根据工业和信息化部今年年初发布的数据，我国向全球供应70%的电池材料和60%的动力电池。海关总署统计数据显示，我国锂离子电池出口额已由2020年的159.4亿美元增长至2024年的611.21亿美元。     “从需求端来看，锂电产业积极‘出海’主要得益于全球动力电池与储能产业的蓬勃发展，这两大领域的高景气拉动我国锂电池出货量持续攀升，为行业注入强劲增长动力。”福州公孙策公关咨询有限公司合伙人詹军豪在接受《证券日报》记者采访时表示。     中国汽车动力电池产业创新联盟的数据显示，2025年1月份至10月份，中国动力和其他电池累计出口量达228.1GWh，同比增长43.9%。据24潮产业研究院（TTIR）不完全统计，2025年初至11月份，中国储能企业签订海外订单总规模合计达269.05GWh，这已经是2024年海外新型储能市场新增装机量（81.5GWh）的3.3倍。     “锂电产业‘出海’的价值不只是消化产能，更能通过规模化分摊企业研发成本，形成‘规模效应—技术迭代—成本优化’的良性循环；同时，还能带动上下游配套企业嵌入全球供应链，共享全球化红利。”中国电子商务专家服务中心副主任郭涛在接受《证券日报》记者采访时表示。      产业链企业多维度布局     “随着海外锂电市场规模持续扩容，国内锂电企业的‘出海’策略正加速迭代升级。”萨摩耶云科技集团首席经济学家郑磊在接受《证券日报》记者采访时表示，从最初的产品“出海”到如今的产能、技术、资本协同“出海”，锂电产业链已在多个维度全面“走出去”，并依托灵活的市场及运营策略，加速步入红利释放期。     作为锂电池领域龙头企业，宁德时代新能源科技股份有限公司海外布局成效显著，该公司近期在接受调研时表示，匈牙利工厂正按计划推进建设进度，其中一期规划超过30GWh，预计2025年底建成并完成安装调试，二期也在有序推进中。     除了电池企业，作为配套环节的锂电池材料企业也是“出海”动作频频。深圳新宙邦科技股份有限公司相关负责人表示，公司积极实施全球化、一体化产业链布局。CapchemPolandSp.zo.o.（波兰新宙邦）锂离子电池电解液项目是落实公司海外战略布局的重要举措，自成功投产以来，波兰新宙邦已实现电解液欧洲本地化供应并与许多海外优质客户建立了长期稳定的合作关系，实现高效交付。     广州天赐高新材料股份有限公司相关负责人表示，该公司海外建设项目主要包括摩洛哥及美国项目，摩洛哥项目目前已完成土地勘察整理，计划于2025年底至2026年一季度开工建设；美国项目已完成工厂设计及相关前期手续办理，计划2025年四季度开始土建施工，现有海外建设项目均计划于2027年底至2028年上半年完成建设。     北京科方得科技发展有限公司研究负责人张新原在接受《证券日报》记者采访时表示，锂电池产业链企业在“出海”时可采用“分步建厂+本地化采购”的策略，上游绑定海外资源，中游跟随电池客户就近配套，下游则输出高端技术与服务；提前完成合规认证，通过技术授权、合资模式规避贸易壁垒；同时搭建海外售后与回收体系，筑牢企业竞争力。 
 -证券日报网 
 热点新闻 
 私募坐得住“冷板凳”才能投得好硬科技 
 年内熊猫债发行规模超2000亿元创历史新高 
 仰望具身智能未来星空 莫忘立足产业现实支撑 
 年内318家A股公司发布定增预案 同比增长82.76% 
 24小时排行 
 一周排行 
 1 2 3 4 5 6 7 8 9 10 国新证券：打造具有央企券商特色的证券服务能力 证券日报第二届金骏马奖获奖名单 寄语龙年资本市场 国家市场监督管理总局就“加强市场监管 维护市场秩序”答记者问 共达电声重大资产重组媒体说明会现场（图片） 霞客环保重大资产重组媒体说明会现场（图片） 青云科技入选“中国信息自主资深/上市的新物种企业名单” 青云科技前三季度实现营收2.33亿元 青云科技2022上半年毛利同比增三倍 持续推进“四新”战略 东晶电子重大资产重组说明会现场（图片） 
 1 2 3 4 5 6 7 8 9 10 证券日报第二届金骏马奖获奖名单 霞客环保重大资产重组媒体说明会现场（图片） 共达电声重大资产重组媒体说明会现场（图片） 寄语龙年资本市场 国家市场监督管理总局就“加强市场监管 维护市场秩序”答记者问 青云科技入选“中国信息自主资深/上市的新物种企业名单” 青云科技前三季度实现营收2.33亿元 东晶电子重大资产重组说明会现场（图片） 青云科技2022上半年毛利同比增三倍 持续推进“四新”战略 百合股份上半年营收增长19.81% 研发与智能制造双轮驱动穿越行业周期 
 深度策划 
 新一轮以旧换新落地 激发消费新动能 
 首先，一些地方在出台与消费品以旧换新相关的…… [详情] 
 中国自动驾驶加速驶向城市道路 商业航天万亿赛道的机遇解码 
 市场快讯 
 12:41 
 亮源新创完成数亿元Pre-A轮融资 前... 
 12:26 
 七鲜咖啡24小时智能化无人咖啡店落... 
 12:25 
 “源头直采+生熟联动” 永辉超市开... 
 12:14 
 全球首款机器人手机荣耀Robot Phon... 
 12:11 
 建元信托上半年新增信托规模同比增... 
 11:16 
 上半年营收净利双增 盈康生命科技... 
 01:12 
 技术协同难 落地成本高 如何兼顾当... 
 01:12 
 生态环境部：截至7月底全国碳排放... 
 01:12 
 中国人民银行今日开展10000亿元6个... 
 01:12 
 私募坐得住“冷板凳”才能投得好硬... 
 01:12 
 让赛事流量变成消费增量 
 01:12 
 端侧AI赛道进入业绩兑现期 
 版权所有 《证券日报》社有限责任公司 
 互联网新闻信息服务许可证 10120240020 增值电信业务经营许可证 京B2-20250455 
 京公网安备 11010602201377号 京ICP备19002521号 
 证券日报网所载文章、数据仅供参考，使用前务请仔细阅读法律申明，风险自负。 
 证券日报社电话：010-83251700 网站电话：010-83251800 网站传真：010-83251801 电子邮件：xmtzx@zqrb.net 
 官方客户端 
 安卓 
 IOS 
 官方微信 
 扫一扫，加关注 
 官方微博 
 扫一扫，加关注",2025-12-02,证券日报,http://www.zqrb.cn/gscy/gongsi/2025-12-02/A1764664492934.html,accepted
GFEX-WR-20251208,announcement,广期所碳酸锂仓单日报：仓单增加2198手,广州期货交易所2025-12-08仓单日报显示，碳酸锂仓单总量为13120手，增加2198手。,2025-12-08,广州期货交易所,https://www.gfex.com.cn/gfex/cdrb/hqsj_tjsj.shtml,accepted
GFEX-WR-20251211,announcement,广期所碳酸锂仓单日报：仓单增加1070手,广州期货交易所2025-12-11仓单日报显示，碳酸锂仓单总量为14750手，增加1070手。,2025-12-11,广州期货交易所,https://www.gfex.com.cn/gfex/cdrb/hqsj_tjsj.shtml,accepted
LC-TEXT-0025,news,锂电池企业纷纷涨价,"锂电池企业，纷纷涨价_天天基金网 
 财经 焦点 股票 新股 期指 期权 行情 数据 全球 美股 港股 期货 外汇 银行 基金 理财 债券 直播 股吧 基金吧 博客 财富号 搜索 
 基 金 
 基 金 
 基金经理 
 基金公司 
 请输入基金代码、名称或简拼 
 搜索 
 进基金吧 
 搜资讯 
 代码查询 | 费率查询 | 公司查询 
 关闭 
 热门： 
 基金申购费率全面1折(个别除外) | 发现好基金 | 稳健理财最高年化收益3-8% | 基金公司大全 | 基金经理大全 | 新发基金 | 80岁老人也能买的保险 | 下载App随时买基金 
 首页 > 正文 
 锂电池企业，纷纷涨价 
 2025年12月11日 11:33 
 来源： 
 上海证券报 
 编辑： 东方财富网 
 天天基金网APP 
 方便、快捷 
 浏览财经快讯 
 随时、随地 
 查净值买基金 
 手机上阅读文章 
 提示： 
 微信扫一扫 
 分享到您的 
 朋友圈 
 大 
 中 
 小 
 　　临近年末价格谈判窗口期，上游锂电材料的涨价已蔓延至产业链下游。 　　12月9日， 锂电池 厂商德加能源发布通知称，因上游原材料价格持续上涨， 电池 生产成本提升，公司决定自12月16日起对旗下 电池 系列产品售价上调15%。 　　同日，软包 电池 龙头 孚能科技 也在互动平台表示，目前公司正在和客户积极沟通涨价事宜，部分产品已经实现涨价。 　　从2024年的库存去化，到2025年下半年的供不应求，锂电产业链在一年多时间里经历了一轮价格大幅波动。开源 证券 在最新研报中表示，动力、 储能 、 消费电子 等下游需求旺盛，驱动行业供需关系改善，产业链中格局较好、产能偏紧的环节已率先开启涨价。 多家 锂电池 企业宣布提价 　　“自2025年11月以来， 锂电池 核心原材料价格出现结构性大幅上涨。”谈及涨价原因，德加能源在通知中表示，近期，受锂电池原材料价格大幅上涨的影响，电池生产成本提高。 　　据介绍，六氟磷酸锂两个月内从5.5万元/吨上涨至12万元/吨，涨幅超118%；钴酸锂价格从年初的14万元/吨飙升至11月的35万元/吨，涨幅超150%；电池级碳酸锂目前价格已突破9.4万元/吨，11月单月涨幅超16%；头部厂商宣布，自2026年起磷酸铁锂正极加工费上调3000元/吨。 　　德加能源表示，本次价格调整系为应对短期原材料成本波动，后续公司将根据市场供需及成本变化动态优化价格体系。 　　无独有偶， 孚能科技 也向市场透露：公司正在和客户沟通涨价事宜，部分产品已经实现涨价。 　　对此， 孚能科技 相关负责人向上海 证券 报记者介绍，目前部分产品已经实现涨价，一方面是上游电解液、正极等材料确有涨价，公司已建立完善的价格联动机制去传导原材料涨价，另一方面当下需求景气度对价格也有支撑。 　　12月5日，孚能科技宣布收到广汽埃安 新能源 汽车股份有限公司（以下简称“广汽埃安”）第二代AION V（霸王龙）欧洲版、AION UT 欧洲版项目定点，以上车型预计将成为广汽埃安在欧洲市场销售的主要车型。此次定点将搭载孚能科技SPS磷酸铁锂电池系统方案，订单总电量超10GWh。 产业链涨价潮或将延续 　　受2026年需求向好及市场情绪推动，当前锂电产业链产能利用率攀升，多个环节陆续涨价。 　　据鑫椤锂电发布的锂电产业链12月预排产数据，样本企业中电池排产143.3GWh，环比增长2.3%。同时，继六氟磷酸锂、电解液添加剂VC等锂电材料涨价后，近期隔膜行业和磷酸铁锂行业也迎来大幅调价，产业链景气度持续向好。 　　据悉，多家磷酸铁锂企业已向客户发出明确的涨价通知。一家磷酸铁锂龙头企业在近期的价格调整方案中称，自2026年1月1日起，公司全系列铁锂产品加工费在现有基础上，上调3000元（未税价）每吨。后续若市场或者原材料价格发生重大波动，产品价格再重新进行商议。 　　此外，某隔膜行业一梯队企业近期也发布调价通知书，宣布对其湿法隔膜产品售价进行调整，上调幅度达30%。鑫椤锂电分析师陈雷雨表示，预计本轮锂电隔膜整体涨价幅度可达20%以上，有望带动隔膜企业业绩由亏损或盈亏打平转为盈利。 　　 湖南裕能 近日在投资者电话会中表示，涨价主要是基于公司产品供不应求，尤其是新产品供需矛盾突出；其次原材料价格上涨带来成本压力，目前公司与客户的涨价谈判已取得较好效果。 　　“上游原材料成本上涨，叠加前期价格战导致企业利润微薄甚至亏损，涨价成为修复盈利的必然选择。”有锂电行业人士对记者表示。 　　工银瑞信基金相关研报认为，2025年锂电需求超预期，头部企业订单持续火爆，供需格局改善带来产业链盈利预期提升。2026年，全球 储能 景气度高增，成为锂电需求增长的最大来源，叠加国内外 新能源 汽车渗透率有望进一步提升、 固态电池 产业催化，板块高景气度有望延续。 （文章来源：上海 证券 报） 
 (原标题：锂电池企业，纷纷涨价) 
 (责任编辑：6) 
 [热门]   免费查看板块强弱指标   重要机构持股数据   主力逆势布局的奥秘(附股) [关注]   捕捉还原主力交易现场   低风险套利机会出现   买热门基金申购费率全面1折 
 理财助手 天天基金手机版，移动理财好助手 
 基金交易 
 活期宝 
 稳健理财 
 指数宝 
 自选基金 
 基金净值 
 投顾管家 
 基金排行 
 高端理财 
 基金评级 
 资讯 
 基金吧 
 品牌基金公司 更多 
 A 安信 B 博时 宝盈 C 长安 长城 长盛 财通 长信 D 德邦 大成 东方 东海 东吴 F 富安达 富国 方正富邦 G 光大 广发 国富 国金 国开泰富 国联安 国寿安保 国泰 国投瑞银 工银 H 华安 华宝 华宸未来 华富 汇丰晋信 海富通 华润 华融证券 华商 华泰柏瑞 红土创新 汇添富 红塔红土 华夏 J 嘉合 景顺长城 嘉实 九泰 江信 建信 金鹰 金元顺安 交银 M 大摩 民生 N 诺安 诺德 南方 农银 P 平安 鹏华 浦银 Q 前海开源 R 融通 S 东方资管 上投 申万 X 兴业 兴银 Y 易方达 Z 招商 中银 
 网友点击排行 
 基金 
 财经 
 股票 
 基金吧 
 1 
 黑天鹅突袭！大宗商品集体跳水！日本加息突生大变数 
 2 
 A股三大指数集体收跌 创新药概念股逆市走强 
 3 
 利好突至！A股芯片巨头业绩大超预期 
 4 
 A股跳空高开 尾盘却突发跳水 超4300股下跌！发生了什么？ 
 5 
 8月13日晚间沪深上市公司重大事项公告最新快递 
 6 
 DeepSeek正式涨价！算力供需缺口凸显 国产AI芯片或迎价值重估(附股) 
 7 
 高达100% 美国将对进口无人机及零部件征收关税 
 8 
 午后爆发！600亿光模块龙头 1秒涨停后又炸板 网友：好深的套路 幸好没买 
 9 
 长鑫科技市值今日超越腾讯控股 
 10 
 央行：8月14日开展10000亿元买断式逆回购操作 
 1 
 黑天鹅突袭！大宗商品集体跳水！日本加息突生大变数 
 2 
 A股三大指数集体收跌 创新药概念股逆市走强 
 3 
 利好突至！A股芯片巨头业绩大超预期 
 4 
 A股跳空高开 尾盘却突发跳水 超4300股下跌！发生了什么？ 
 5 
 8月13日晚间沪深上市公司重大事项公告最新快递 
 6 
 DeepSeek正式涨价！算力供需缺口凸显 国产AI芯片或迎价值重估(附股) 
 7 
 高达100% 美国将对进口无人机及零部件征收关税 
 8 
 午后爆发！600亿光模块龙头 1秒涨停后又炸板 网友：好深的套路 幸好没买 
 9 
 长鑫科技市值今日超越腾讯控股 
 10 
 20%涨停！万亿巨头17亿重仓杀入！26万手封单锁死 引爆算力硬件赛道 
 1 
 黑天鹅突袭！大宗商品集体跳水！日本加息突生大变数 
 2 
 A股三大指数集体收跌 创新药概念股逆市走强 
 3 
 利好突至！A股芯片巨头业绩大超预期 
 4 
 A股跳空高开 尾盘却突发跳水 超4300股下跌！发生了什么？ 
 5 
 8月13日晚间沪深上市公司重大事项公告最新快递 
 6 
 DeepSeek正式涨价！算力供需缺口凸显 国产AI芯片或迎价值重估(附股) 
 7 
 高达100% 美国将对进口无人机及零部件征收关税 
 8 
 午后爆发！600亿光模块龙头 1秒涨停后又炸板 网友：好深的套路 幸好没买 
 9 
 20%涨停！万亿巨头17亿重仓杀入！26万手封单锁死 引爆算力硬件赛道 
 10 
 韩国股市重回技术性牛市 AI交易回归 但多元化变得更重要 
 1 
 央行买金不停！黄金持续上涨，还追吗？ 
 59927 
 2 
 创新药狂飙！百花医药6连板，医药主升浪刚刚开始！ 
 59163 
 3 
 美伊僵局油价四连涨，黄金照涨拐点确认！ 
 59107 
 4 
 美AI概念大反弹，我坚定看好人工智能，继续做多 
 58079 
 5 
 脑机接口密集催化！商业化元年将至！ 
 57803 
 6 
 宇树上市倒计时！人形机器人现在有机会吗？ 
 57664 
 7 
 宇树上市带动产业链重估！人形机器人机会真的来了！ 
 57269 
 8 
 融资935亿！机器人从炫技走向量产，风口正当时！ 
 57206 
 9 
 人形机器人第一股！宇树上市进入倒计时 
 56808 
 10 
 日韩集体爆拉！我找到了亚太这波科技行情的上车姿势 
 32372 
郑重声明：天天基金网发布此信息目的在于传播更多信息，与本网站立场无关。天天基金网不保证该信息（包括但不限于文字、数据及图表）全部或者部分内容的准确性、真实性、完整性、有效性、及时性、原创性等。相关信息并未经过本网站证实，不对您构成任何投资决策建议，据此操作，风险自担。数据来源：东方财富Choice数据。 
 将天天基金网设为上网首页吗？        将天天基金网添加到收藏夹吗？ 
 关于我们 | 资质证明 | 研究中心 | 联系我们 | 安全指引 | 免责条款 | 隐私条款 | 风险提示函 | 意见建议 | 在线客服 | 诚聘英才 
 天天基金客服热线：95021  | 客服邮箱： vip@1234567.com.cn | 人工服务时间：工作日 7:30-21:30 双休日 9:00-21:30 郑重声明： 天天基金系证监会批准的基金销售机构[000000303] 。天天基金网所载文章、数据仅供参考，使用前请核实，风险自负。 中国证监会上海监管局网址： www.csrc.gov.cn/pub/shanghai CopyRight  上海天天基金销售有限公司  2011-现在  沪ICP证：沪B2-20130026   网站备案号：沪ICP备11042629号-1 
 A 安联基金 安信基金 B 博道基金 渤海汇金 北京京管泰富基金 百嘉基金 贝莱德基金管理 博时基金 宝盈基金 博远基金 C 长安基金 长城基金 长城证券 财达证券 淳厚基金 创金合信基金 长江证券(上海)资管 长盛基金 财通基金 财通资管 诚通证券 长信基金 财信基金 财信证券 D 德邦基金 德邦证券资管 大成基金 东财基金 达诚基金 东方阿尔法基金 东方红资产管理 东方基金 东莞证券 东海基金 东海证券 东吴基金 东吴证券 东兴基金 东兴证券 第一创业 东证融汇证券资产管理 F 富安达基金 蜂巢基金 富达基金(中国) 富国基金 富荣基金 方正富邦基金 方正证券 G 光大保德信基金 国都证券 广发基金 广发资产管理 国海富兰克林基金 国海证券 国金基金 国联安基金 国联基金 格林基金 国联民生 国联证券资产管理 国融基金 国寿安保基金 国泰海通资管 国泰基金 国投瑞银基金 国投证券 国投证券资产管理 国新国证基金 国信资管 国信证券 国新证券股份 工银瑞信基金 国元证券 H 华安基金 汇安基金 华安证券 华安证券资产管理 汇百川基金 华宝基金 华宸未来基金 华创证券 泓德基金 华富基金 汇丰晋信基金 海富通基金 宏利基金 汇泉基金 华润元大基金 华商基金 惠升基金 恒生前海基金 华泰柏瑞基金 华泰保兴基金 红土创新基金 汇添富基金 红塔红土 华泰证券(上海)资产管理 华夏基金 华西基金 华鑫证券 合煦智远基金 华银基金 恒越基金 弘毅远方基金 J 嘉合基金 金融街证券 景顺长城基金 嘉实基金 九泰基金 建信基金 江信基金 金信基金 金鹰基金 金元顺安基金 交银施罗德基金 K 凯石基金 L 联博基金 路博迈基金(中国) M 摩根基金(中国) 摩根士丹利基金 民生加银基金 明亚基金 N 诺安基金 诺德基金 南方基金 南华基金 南京证券 农银汇理基金 P 平安基金 鹏安基金管理 平安证券 鹏华基金 浦银基金 鹏扬基金 Q 泉果基金 前海开源基金 前海联合 R 人保资产 瑞达基金 融通基金 睿远基金 S 上海光大证券资产管理 上海海通证券资产管理 上海证券 施罗德基金(中国) 申万宏源证券 申万宏源证券资产管理 申万菱信基金 苏新基金 山西证券 上银基金 尚正基金 山证(上海)资管 T 天风(上海)证券资产管理 天风证券 天弘基金 泰康基金 太平基金 太平洋 同泰基金 泰信基金 天治基金 W 万家基金 万联资管 X 西部利得基金 西部证券 湘财基金 湘财证券 信达澳亚基金 信达证券 先锋基金 新华基金 兴合基金 兴华基金 西南证券 新沃基金 兴业基金 鑫元基金 兴银基金管理 兴证全球基金 兴证资管 Y 英大基金 易方达基金 银河金汇证券 银华基金 银河基金 粤开证券 益民基金 易米基金 圆信永丰基金 永赢基金 Z 中庚基金 中海基金 中航基金 中金财富 中金公司 中加基金 中金基金 中欧基金 朱雀基金 招商基金 浙商基金 浙商证券资管 招商证券资管 中泰证券(上海)资管 中信保诚基金 中信建投 中信建投基金 中信证券 中信证券资产管理 中银基金 中邮基金 众盈基金 中银证券 中原证券 
 举报 
 举报原因： 
 广告 
 色情 
 人身攻击 
 恶意灌水 
 谣言 
 侵权（诽谤、抄袭、冒用等） 
 确定   
 取消 
 举报邮箱： jubao@eastmoney.com 
 举报 
 举报成功！ 
 关闭",2025-12-11,东方财富网,https://fund.eastmoney.com/a/202512113588688012.html,accepted
LC-TEXT-0026,news,磷酸铁锂企业涨声四起 多家企业回复涨价事宜,"磷酸铁锂企业涨声四起 多家企业回复涨价事宜 多数企业订单已饱和 
 广告 人民日报主管 《中国能源报》社有限公司主办 网站地图 联系我们 
 首页 
 即时新闻 
 能源要闻 
 焦点关注 
 能源评论 
 能源党建 
 热点专题 
 生态环保 
 人事动态 
 能源城市 
 环球视野 
 产业聚焦 
 电网电力 
 新能源 
 油气 
 磷酸铁锂企业涨声四起 多家企业回复涨价事宜 多数企业订单已饱和 来源：上海有色网 2025年12月17日 16:16 近期，市场关于磷酸铁锂企业酝酿涨价的消息层出不穷。12月15日，财联社方面还表示，在近期召开的中国化学与物理电源行业协会磷酸铁锂材料分会第一届第三次理事会会议上获悉，多家头部企业已开始对产品价格进行调整。磷酸铁锂行业正掀起一波密集的提价浪潮。据了解，一家主要厂商已明确2026年起全系列磷酸铁锂产品加工费将统一上调。 另有行业人士透露，前期已经对客户落地提价。也有企业仍在与客户进行紧锣密鼓地谈判，但也表示“涨价已成为大势所趋”，这有望修复行业企业利润水平。 据不完全了解，目前已经有包括龙蟠科技、湖南裕能、万润新能、德方纳米、安达科技等在内的多家企业在回复投资者问询或是接受媒体采访时回应了涨价的相关事宜。SMM大致整理如下： 龙蟠科技在12月4日前后接受《华夏时报网》记者的采访时曾表示，公司销售目前正在与客户商议相关的涨价事宜，但并没有公开发布提价函。提及涨价的原因，龙蟠科技表示，一是成本提升，二是下游需求增长，另外，行业也在反内卷。 而湖南裕能身为国内磷酸铁锂头部厂商之一，其此前也透露出涨价的消息，在接受投资者活动调研时被问及公司涨价的基础，湖南裕能表示，主要是基于公司产品供不应求的市场情况，尤其是新产品系列供需矛盾突出，以及部分原材料价格上涨带来的压力，公司与客户积极开展商务谈判，目前已取得较好的效果。 万润新能也在此前接受投资者活动调研时被问及这段时间产品涨价的背景和落地情况，公司回应称，下游储能、动力市场持续高景气，尤其是在政策推动、经济性和 AIDC 配储等国内外新型增量场景频出等因素共同催化下，储能市场对于磷酸铁锂产品的需求大增。同时，行业整体经过两年多的亏损，扩产节奏放缓，2025 年第三季度，公司综合毛利率较上年同期上升 3.28%，业绩亏损逐步收窄。目前，公司已与客户开展商务谈判，并取得积极效果。 德方纳米在11月20日接受投资者问询时被问及“反内卷背景下，公司磷酸铁锂价格是否存在提价空间”的问题，彼时，公司回应称，“反内卷”可以促进行业回归良性竞争、有序发展，有利于促进产业链上下游逐步形成供需动态平衡、技术持续创新、产品质量跃迁的正向循环。公司将根据市场及产品综合情况，适时调整销售策略。之后，在接受媒体采访相关涨价事宜时表示，公司正在跟客户针对涨价的事情进行商务谈判，公司表示， “目前磷酸铁锂价格本来就处于低位，叠加现在需求特别好。磷酸铁锂和碳酸锂是联动的，碳酸锂涨价，磷酸铁锂售价也会上涨的。我们产品价格就是市场的价格。” 安达科技方面在接受媒体采访时也提到，今年公司的产品价格肯定有上调，因为每家客户的议价能力不一样，议价结果也不一样。其表示，当前整个磷酸铁锂厂家的涨价意愿都比较强烈，当前具备三代产品（高压实）以上产品量产能力的企业基本是满产满销的状态，也给大家提供了涨价的基础。 而针对磷酸铁锂企业酝酿涨价相关事宜的情况，SMM近期也有跟进调研，据SMM了解，近期，磷酸铁锂企业与下游电芯厂继续展开涨价谈判，头部企业本次展开的是第二轮谈涨，但大部分其他的材料厂第一轮谈涨仍未落地。下游电芯厂整体仍处于接受原料涨价导致正极材料有涨价的趋势，但实际涨价落地仍需进一步等待上下游的谈判结果。 原材料价格上涨、下游需求超预期、反内卷等因素带动磷酸铁锂报价上涨 磷酸铁锂现货报价方面，随着碳酸锂价格的持续上涨，不同压实密度的磷酸铁锂价格也均有不同程度的上涨，以磷酸铁锂动力型压实密度≥2.55g/cm³的价格为例，截止12月16日，其现货报价涨至40850~46050元/吨，均价报43450元/吨，较6月24日的32930低点上涨10520元/吨，涨幅达31.95%；磷酸铁锂储能型压实密度≥2.50g/cm³现货报价在12月16日涨至38750~42050元/吨，均价报40400元/吨，较6月23日的低点31000元/吨上涨9400元/吨，涨幅达30.32%。 对于磷酸铁锂涨价的原因，前文磷酸铁锂企业已经有所提及，主要便是原材料碳酸锂涨价，下游需求持续向好，磷酸铁锂高端产品供应偏紧以及行业反内卷等因素综合带动。具体来看： 碳酸锂价格方面，据SMM现货报价显示，自6月底以来，随着国内“反内卷”政策的持续发力以及碳酸锂供应端的扰动，叠加“金九银十”带来的超预期下游旺盛需求的提振，国内碳酸锂市场进入去库周期，现货报价整体呈现上涨态势，带动以碳酸锂为原材料的六氟磷酸锂、磷酸铁锂等环节价格也有所上行。截至12月16日，国产电池级碳酸锂现货报价涨至94000~97000元/吨，均价报95850元/吨，较6月24日年内低点上涨35950元/吨，涨幅达60.02%。 下游需求方面，据SMM了解，自进入“金九银十”传统下游消费旺季以来，动力电池及储能的需求便维持增长态势，且9月份储能电芯市场便已经处于供需偏紧的态势，产量与出货量相较8月份实现环比双增；10月正极材料延续了9月的增长态势，动力与储能市场表现均十分亮眼，10月新能源汽车市场在假期消费，延续的车贷贴息政策及重点新车型交付放量的共同驱动下，零售与批发端的表现双双超预期；储能市场则延续供不应求的态势，出货量级维持高位。 进入11月，下游需求持续向好，拉动正极材料产量延续增长态势。新能源汽车板块得益于消费前置和车企提前冲量的双重驱动，11月销量仍有增长；储能电芯市场则依旧延续供不应求的态势，供应偏紧的格局持续。 而进入12月份以来，下游需求的预期表现依旧可圈可点，新能源汽车市场，SMM预计12月份，市场或迎来全年销售峰值，在厂商压价冲量与地方补贴政策窗口期临近的推动下，销量有望创下新高。但动力电芯在终端去库冲销的背景下，排产会小幅下滑；储能方面，SMM预计，为满足国内年底并网节点及海外需求增长，储能电芯排产维持高位。因此整体来看，SMM预计12月电芯排产将继续维持高位，但环比11月出现温和回落。 行业反内卷方面，11月18日，以以“合规筑基 创新降本 共生破局”为主题的《磷酸铁锂材料行业成本研究》研讨会在工业和信息化部新闻宣传中心发布厅召开。会议提到，自2022年以来，磷酸铁锂材料行业深陷产能过剩、同质化竞争泥潭，成本与价格矛盾突出，已成为锂电产业链利润承压最为严重的环节。中国化学与物理电源行业协会副秘书长汤雁表示，尽管2025年以来，受下游新能源汽车和储能市场快速增长带动，磷酸铁锂材料需求大增，头部企业订单已排至2026年，产能满产，但磷酸铁锂材料成本压力仍未根本缓解，无序竞争叠加产业链利润分配不合理，正不断瓦解我国来之不易的全球供应链优势。 针对这些痛点，汤雁发出协同行动倡议：以成本指数为“度量衡”，重建市场定价逻辑，遏制“内卷式”恶性竞争；以创新升级为“突破口”，开辟价值增长新赛道，推动行业从“规模竞争”向“质量竞争”跨越；以供需平衡为“着力点”，构建协同发展生态，引导产能有序释放。 目前大部分磷酸铁锂企业订单已饱和 这一情况能持续到几时？ 从当前磷酸铁锂产能来看，SMM表示，自2025年第三季度起，伴随下游需求持续增量，中国磷酸铁锂材料产能逐渐达到满产状态，单月开工率达到近80%，部分闲置产能投入生产。预计2026年，需求短期内不会有太大缩减，多数头部企业将扩建新产能以满足更多订单需求，预计产能将进一步增加。 而现货市场方面，据SMM了解，当前磷酸铁锂市场的订单量依旧可观。据SMM上周了解，磷酸铁锂材料厂整体生产维持稳定，大部分磷酸铁锂企业订单仍处在饱和状态，增量困难。部分中小企业逐渐成为代工厂，且订单也相对饱和，可见目前下游订单的起量让市场上原本的闲置产能逐渐运转起来。 需求端， 上周下游订单需求量维持较高水平，并预计这一现象将延续到年末。 预计12月下游电芯厂和材料厂整体排产均持平微减，比上一版本预期表现好，主要因为：虽然乘用车订单在本月表现将有小幅减弱，但由于储能和商用车订单整体仍仍有较好表现，导致下游电芯厂整体需求仍能保持相对稳定的水平。另外，头部电芯厂订单整体保持几乎满产且部分厂家维持增无可增的状态，但小电芯厂订单有所回落。 至于磷酸铁锂价格与成本的变化， SMM预计，2025年四季度磷酸铁锂正极材料价格整体随碳酸锂小幅抬升而走高，但增幅有限。更重要的取决于加工费涨价谈判结果，近期由于行业下游需求向好，导致各材料厂挺价意愿坚决，包括原料磷酸铁环节展示出较强的谈涨情绪。分细节来看，高压实材料涨价可能性较大，但中低压实由于产能过剩，以及技术门槛较低，最终涨价可能性较低。成本方面，目前而言内行业整体成本已处在相对较低水平，短期内较难有明显变化，长远来看，降低原料成本（如：部分掺混回收材料）或将成为企业考虑降本的趋势。 远期价格来看，SMM认为，中低粉压材料（粉体压实低于2.45g/cc）由于技术门槛较低，产品同质化严重，且产能过剩，其加工费涨幅将难以继续提升。相比之下，高粉压材料（粉体压实超过2.55g/cc）由于产量有限，能够实现批量生产和交付的企业较少，因此较为稀缺，具有更强的议价能力，这类材料有望在未来提升加工费价格。同时也需要关注后续碳酸锂等原材料价格的走势对磷酸铁锂成本的影响。 根据国金证券研报，预计2025年，行业对高压密磷酸铁锂产品的需求、供给分别为73万吨、78万吨，供需整体偏紧。业内分析认为，随着2026年动力电池对高端产品需求的进一步扩大，以及储能厂商自身产品迭代，需要高端铁锂产品的支撑，预计明年高压密产品的供需，仍将持续偏紧。 东莞证券指出，当前海内外市场储能需求共振，一二线储能电芯厂商持续处于满产满销的状态。与此同时，新能源汽车市场处于传统旺季，10月新能源汽车月度销量再创新高，市场渗透率突破50%，锂电池整体需求维持景气。在下游需求旺盛带动下，近期碳酸锂、磷酸铁锂正极、6F等环节持续涨价。Q4产业链有望量价齐升，业绩逐季向上可期。对于明年锂电池整体需求的展望保持乐观，产业链供需格局趋于改善。 而全球储能市场的持续扩张也令市场对储能行业对未来锂市场的带动情况十分看好，据财联社方面消息，行业咨询机构Adamas Intelligence指出，随着电动汽车普及进入相对成熟阶段，储能需求的增长将成为2026年电池生产进而影响锂需求的“最大波动因素”。花旗集团、瑞银集团和伯恩斯坦预测，这种扩张将推动全球锂市在明年出现供不应求的局面。储能领域对锂的需求明年可能增长55%，远超电动汽车领域19%的增幅。 投稿与新闻线索: 微信/手机: 15910626987 邮箱: 95866527@qq.com 欢迎关注中国能源官方网站 分享让更多人看到 中国能源网版权作品，未经书面授权，严禁转载或镜像，违者将被追究法律责任。 即时新闻 加载更多新闻 要闻推荐 生态环境部：碳排放权交易市场将扩至石化、化工等行业 截至今年6月 我国可再生能源制氢产能规模超140万吨 煤炭产业发展最新路线图：到2030年五大供应保障基地产量占全国比重超80% 《煤炭工业发展“十五五”规划》印发 资金保障充足 政策协同用力 “六张网”等重大项目加快推进 扩投资稳增长有支撑 热点专题 精彩视频 华为浙江政企业务总经理白骋宇专访——深耕AI数据安全打造制造标杆 织密低空智联天网 赋能数字全民共享 华为浙江政企业务总经理白骋宇专访——联创共生赋能本地长效发展 华为浙江政企业务总经理白骋宇专访——筑数字基座赋能产业治理升级 精彩图集 “镍都”金昌：变矿山伤疤为绿地公园 【图片新闻】南水北调东中线一期工程调水超900亿立方米 英雄之路启程 自驾逐梦瀚海 匈牙利将关闭唯一核电站 磷酸铁锂企业涨声四起 多家企业回复涨价事宜 多数企业订单已饱和 分享到： 
 合作伙伴 
 国家发改委 
 国资委 
 国家工信部 
 自然资源部 
 生态环境部 
 国家能源局 
 矿山安监局 
 中电联 
 中煤协 
 中国华能集团公司 
 中国能建 
 中国电建 
 中国能源学会 
 中国汽车报 
 新华网-能源 
 中经网能源 
 光明网经济 
 扫描二维码关注""中国能源报""官方微信 
 关于我们 
 联系我们 
 版权声明 
 广告服务 
 本网公示 
 地址：北京市金台西路2号人民日报社新媒体大厦 联系电话：010-65369469 
 违法和不良信息举报电话：010-65369452     举报邮箱：95866527@qq.com 
 互联网新闻信息服务许可证10120190006 | 
 增值电信业务经营许可证 京B2-20240802 | 
 广播电视节目制作经营许可证(京)字第29656号 | 
 网络出版服务许可证(京)字第406号 
 中国能源网版权所有 @ 2019 中国能源报社 | 
 京ICP备14049483号-5 | 
 京公网安备 11010502033025号",2025-12-16,中国能源新闻网,https://www.cnenergynews.cn/article/4Pa065zug7k,accepted
GFEX-WR-20251222,announcement,广期所碳酸锂仓单日报：仓单增加900手,广州期货交易所2025-12-22仓单日报显示，碳酸锂仓单总量为16411手，增加900手。,2025-12-22,广州期货交易所,https://www.gfex.com.cn/gfex/cdrb/hqsj_tjsj.shtml,accepted
GFEX-WR-20251230,announcement,广期所碳酸锂仓单日报：仓单增加1300手,广州期货交易所2025-12-30仓单日报显示，碳酸锂仓单总量为19491手，增加1300手。,2025-12-30,广州期货交易所,https://www.gfex.com.cn/gfex/cdrb/hqsj_tjsj.shtml,accepted
GFEX-WR-20260106,announcement,广期所碳酸锂仓单日报：仓单增加2860手,广州期货交易所2026-01-06仓单日报显示，碳酸锂仓单总量为23141手，增加2860手。,2026-01-06,广州期货交易所,https://www.gfex.com.cn/gfex/cdrb/hqsj_tjsj.shtml,accepted
GFEX-WR-20260107,announcement,广期所碳酸锂仓单日报：仓单增加2039手,广州期货交易所2026-01-07仓单日报显示，碳酸锂仓单总量为25180手，增加2039手。,2026-01-07,广州期货交易所,https://www.gfex.com.cn/gfex/cdrb/hqsj_tjsj.shtml,accepted
LC-TEXT-0027,policy,关于2026年实施大规模设备更新和消费品以旧换新政策的通知,"【国家发展改革委 财政部关于2026年实施大规模设备更新和消费品以旧换新政策的通知（发改环资〔2025〕1745号）】-国家发展和改革委员会 
 首页  >  新闻动态  >  专题专栏  >  推动大规模设备更新和消费品以旧换新  >  工作动态 
 国家发展改革委 财政部关于2026年实施大规模设备更新和消费品以旧换新政策的通知（发改环资〔2025〕1745号） 
 2026/01/08 环资司 
 各省、自治区、直辖市人民政府，国务院各部委、各直属机构： 　　 为全面贯彻党的二十大和二十届历次全会精神，认真落实中央经济工作会议部署，根据《推动大规模设备更新和消费品以旧换新行动方案》（国发〔2024〕7号），经国务院同意，现就2026年实施大规模设备更新和消费品以旧换新政策通知如下。 　　 一、推进大规模设备更新 　　 （一）支持设备更新项目。在继续支持工业、电子信息、能源电力、交通运输、物流、教育、文旅、医疗、设施农业、粮油加工、安全生产、海关查验、住宅老旧电梯、节能降碳环保等领域设备更新项目的基础上，将老旧小区加装电梯、养老机构、消防救援设施、检验检测等领域设备更新纳入支持范围，更好满足民生和安全需要。支持商业综合体、购物中心、百货店、大型超市等线下消费商业设施设备更新。优化申报条件和审核流程，进一步降低申报设备更新项目的投资额门槛，加大对中小企业设备更新的支持力度，扩大政策惠及面。 　　 （二）支持老旧营运货车报废更新。继续支持报废国四及以下排放标准营运货车更新为低排放货车，优先支持更新为电动货车，补贴标准按照《关于实施老旧营运货车报废更新的通知》（交规划发〔2025〕17号）执行。 　　 （三）支持新能源城市公交车更新。推动城市公交车电动化替代，继续支持新能源城市公交车及动力电池更新，补贴标准按照《2025年新能源城市公交车及动力电池更新补贴实施细则》（交办运〔2025〕4号）执行。 　　 （四）支持老旧农机报废更新。继续支持老旧农机报废更新，补贴范围、补贴标准按照《关于实施好2025年农业机械报废更新补贴政策的通知》（农办机〔2025〕3号）执行。各地区可结合农业生产需要和农业机械化发展水平阶段，优化调整可自主选择的12个报废更新补贴农机种类。 　　 （五）加强项目和资金全链条管理。加强项目储备、申报、审核、下达、实施和资金支付使用等全链条管理。细化完善各领域项目支持条件和审核标准，进一步强化审核把关，持续提高项目质量。综合不同行业设备平均折旧年限、技术更新周期等因素，分领域细化完善淘汰设备的最低使用年限、技术指标等定量要求，将设备折旧和最低使用年限等作为申报项目的硬性条件。严格设备淘汰和报废处置，规范资产管理，避免资源浪费。 　　 二、实施消费品以旧换新 　　 （六）优化资金分配。综合各地区常住人口数量、地区生产总值、汽车和家电保有量，以及消费品以旧换新政策及资金执行情况、审计发现问题等因素，系统评估地方工作成效，合理确定各地资金分配规模。重点补贴覆盖人群更广、带动效应更强的品类，注重推广绿色低碳智能产品。 　　 （七）支持汽车报废更新。个人消费者报废登记在本人名下的乘用车，并购买纳入《减免车辆购置税的新能源汽车车型目录》的新能源乘用车或2.0升及以下排量燃油乘用车的，给予汽车报废更新补贴支持，购买新能源乘用车补贴车价的12%（最高不超过2万元）、购买2.0升及以下排量燃油乘用车补贴车价的10%（最高不超过1.5万元）。 　　 （八）支持汽车置换更新。个人消费者转让登记在本人名下的乘用车，并购买纳入《减免车辆购置税的新能源汽车车型目录》的新能源乘用车或2.0升及以下排量燃油乘用车的，给予汽车置换更新补贴支持，购买新能源乘用车补贴车价的8%（最高不超过1.5万元）、购买2.0升及以下排量燃油乘用车补贴车价的6%（最高不超过1.3万元）。 　　 （九）支持家电以旧换新。个人消费者购买冰箱、洗衣机、电视、空调、电脑、热水器等6类家电中1级能效或水效标准的产品，按产品销售价格的15%给予补贴，每位消费者每类产品可补贴1件，每件补贴不超过1500元。 　　 （十）支持数码和智能产品购新。个人消费者购买手机、平板、智能手表手环、智能眼镜等4类产品（单件销售价格不超过6000元），按产品销售价格的15%给予补贴，每位消费者每类产品可补贴1件，每件补贴不超过500元。支持智能家居产品（含适老化家居产品）购新补贴，具体补贴品类、补贴标准由地方结合实际自主合理制定。 　　 （十一）完善实施制度。落实全国统一大市场建设要求，本通知明确的汽车报废更新、汽车置换更新、6类家电以旧换新以及4类数码和智能产品购新，在全国范围执行统一的补贴标准。各地要统一规范消费品以旧换新管理制度，完善参与经营主体名单管理、产品销售价格备案、补贴资格发放、资金审核兑付等全链条实施细则。建立补贴资金预拨制度，在落实预算安排的基础上，根据企业销售和垫资情况，向相应企业或支付平台预拨部分补贴资金，缓解企业垫资压力。充分发挥不同销售渠道优势，支持线下实体零售；通过增加农村地区线下经营主体、引导线上渠道向农村地区倾斜等方式，提高农村地区消费便利度。 　　 三、畅通回收循环利用网络 　　 （十二）完善废旧设备和消费品回收网络。完善再生资源交投点、中转站、分拣中心三级回收体系，畅通废旧设备和消费品交售渠道。支持中国资源循环集团有限公司加快建设全国性、功能性资源回收再利用平台。支持供销合作社系统健全覆盖县以下基层的回收网络。引导“互联网＋回收”企业拓展品类，提升废旧设备和消费品回收能力。 　　 （十三）规范二手商品交易和废旧设备再制造。鼓励“互联网＋二手”模式发展。支持有条件的地区建设集中规范的二手商品交易市场。完善旧货交易管理、评估鉴定等制度。提升废旧机电设备、汽车零部件等再制造产业水平，再制造产品质量特性和安全环保性能应不低于原型新品。 　　 （十四）壮大资源循环利用产业。安排超长期特别国债资金支持高水平资源循环利用项目建设。加强资源循环利用重大技术装备科技攻关。推广应用再生材料。加强对报废回收拆解企业的监管，提升废旧设备回收利用规范化水平。强化生态环境执法监管，严厉打击回收拆解环节环境违法行为。持续推动落实资源回收企业向自然人报废产品出售者“反向开票”制度并加强监管。 　　 四、发挥标准提升牵引作用 　　 （十五）加快完善标准体系。对标国际先进水平，提升重点行业节能降碳标准和污染物排放标准，严格实施废弃电器电子产品处理污染控制技术规范。强化家电、电子等消费品能效和水效标准应用。 　　 （十六）加强标准执行监督。严格执行机动车强制报废标准规定和车辆安全环保检验标准，依法依规淘汰达到强制报废标准的老旧汽车。鼓励达到推荐使用年限的家电产品及时报废。强化对家电、新能源汽车等重点消费品质量监督抽查，严厉打击以假充真、以次充好、以旧充新、冒充合格产品、伪造冒用能效水效标识等行为。 　　 五、强化组织实施 　　 （十七）加强组织领导。国家发展改革委发挥“两新”部际联席会议制度牵头部门作用，会同财政部安排超长期特别国债资金实施“两新”政策，加强统筹协调和跟踪调度。商务部、交通运输部、农业农村部等部门按职责分工制定分领域实施细则，并组织地方落实好相关领域政策。各省级人民政府要结合实际抓紧组织落实，压实各方责任，把握工作节奏，强化协调推进，持续提升“两新”政策效能。 　　 （十八）明确资金渠道。国家发展改革委会同各有关部门安排超长期特别国债资金支持设备更新，用于落实本通知第（一）（二）（三）（四），以及（十四）条所列支持政策和符合条件的项目建设；直接向地方安排超长期特别国债资金支持消费品以旧换新，用于落实本通知第（七）（八）（九）（十）条所列支持政策。直接向地方安排的消费品以旧换新资金总体按照9:1的原则实行央地共担，东部、中部、西部地区中央承担比例分别为85%、90%、95%。各省级财政根据中央资金分配情况按比例安排配套资金，省以下经费分担办法由省级财政确定。若某地区用完中央下达的消费品以旧换新资金额度，则超出部分由该地区通过地方资金支持，中央不再负担。对存在较大规模未兑付补贴资金等问题的地区，通过适当方式加大督促或惩戒力度。截至2026年12月31日未用完的中央下达消费品以旧换新资金额度收回中央。 　　 （十九）规范资金使用。国家发展改革委、财政部合理把握节奏，按季度分批次向地方下达超长期特别国债支持消费品以旧换新资金。各地方要分领域合理制定资金均衡使用计划，平稳有序实施消费品以旧换新政策。中央下达的超长期特别国债支持消费品以旧换新资金用于执行本通知明确的相关领域补贴政策。给予地方更多自主空间，各地按比例配套的资金，如用于落实本通知明确的汽车报废更新、汽车置换更新、6类家电以旧换新和4类数码和智能产品购新，补贴标准、组织实施方式需与本通知保持一致；如用于实施智能家居产品（含适老化家居产品）购新补贴，具体补贴品类、补贴标准由地方结合实际自主合理制定；此外，地方可在消费品以旧换新政策框架内自主合理确定补贴品类、补贴标准、组织实施方式等，鼓励优先支持能效、水效、环保水平高的产品。各地区要及时完成2025年消费品以旧换新补贴资金清算，做好相关支持政策跨年度顺畅衔接和平稳有序过渡。 　　 （二十）加强监督管理。有关部门要按照职责分工，加强对设备更新项目实施和资金使用的全链条监管，统筹开展线上监控预警和线下实地核查，坚决防范资金分配不及时、使用迟缓、挤占挪用等问题。各省级人民政府是项目和资金管理第一责任主体，要严格管理超长期特别国债资金，开展设备更新项目日常调度和现场评估，加强消费品以旧换新资金监管；要严格执行国库集中支付制度，守牢资金使用红线底线，不得虚列支出、虚报支出、以拨代支，避免资金沉淀闲置。各地要加强跨部门数据联通共享，立足中央和地方已建成的补贴数据平台，建立商务、交通运输、农业农村、财政、公安、税务、工业和信息化等部门数据共享渠道，实现补贴资格、新能源汽车车型信息、车辆登记信息、商品发票信息、物流信息、财政资金支出信息等关键数据比对和交叉验证。对于不符合上述要求、违反财经纪律的，要及时收回资金，依法依规严肃追究相关人员责任。 　　 （二十一）营造公平参与环境。各地要一视同仁平等对待线上、线下经营主体，以及不同所有制、不同注册地、不同规模经营主体参与大规模设备更新和消费品以旧换新。依法依规严肃处理骗补套补、“先涨后补”等违法违规行为，涉嫌犯罪的移送司法机关依法严厉查处。 　　 （二十二）及时跟踪评估。国家发展改革委会同有关部门加强对各地区、各领域实施“两新”政策的评估指导，督促重点任务落实，及时发现问题并快速响应解决。各省级人民政府要对政策执行、项目实施、资金使用、绩效目标实现等情况开展自评自查，及时报送国家发展改革委、财政部，并将相关信息抄送交通运输部、农业农村部、商务部等部门。国家发展改革委商财政部汇总形成绩效评估报告，并将评估结果作为后续优化资金安排的重要依据。 　　 （二十三）凝聚社会共识。各地区各有关部门要加强“两新”政策宣传解读。充分利用消费者权益热线和官方平台监督投诉功能，及时回应社会关切。通过省级政务平台或经省级政府委托并备案的第三方平台，定期汇总发布补贴使用、违规行为查处等情况，提升政策实施透明度，营造良好社会氛围。 　　 国家发展改革委 　　 财政部 　　 2025年12月29日   
 附件：",2026-01-08,国家发展改革委 财政部,https://www.ndrc.gov.cn/xwdt/ztzl/tddgmsbgxhxfpyjhx/gzdt/202601/t20260108_1403124_ext.html,accepted
LC-TEXT-0028,policy,关于深化新能源上网电价市场化改革促进新能源高质量发展的通知,"国家发展改革委 国家能源局关于深化新能源上网电价市场化改革促进新能源高质量发展的通知 
 综合新闻 
 国内陆上单机容量最大风电机组成功吊装 全球首座风电行业“灯塔工厂”在中国诞生 全球首座张力腿式风电平台下水 第三十七届全国风能装备行业年会暨产业发展高峰论坛在重庆隆重开幕 “2025全国中小型风能设备行业发展交流会”在北京召开 关于召开“第三十七届全国风能装备行业年会暨产业发展高峰论坛”的通知 
 政策法规 
 《风电场改造升级和退役管理办法》 《国家能源局关于进一步加强海上风电项目安全风险防控相关工作的通知》 《财政支持做好碳达峰碳中和工作的意见》 国家发展改革委、国家能源局 《关于促进新时代新能源高质量发展的实施方案》 财政部：推动解决补贴资金缺口 大力发展可再生能源 《“十四五”新型储能发展实施方案》印发 
 会议展览 
 “第三十七届全国风能装备行业年会暨产业发展高峰论坛”在重庆召开 “2025全国中小型风能设备行业发展交流会”在北京召开 2025海外可再生能源项目风险管理创新会议在沪圆满召开 风电技能型人才发展与合作创新论坛在大兴安岭新能源产业学院召开 第十二届中国风电后市场交流合作大会在江苏太仓隆重召开 “2024全国中小型风能设备行业发展交流会”在北京召开 
 国家发展改革委 国家能源局关于深化新能源上网电价市场化改革促进新能源高质量发展的通知 
 来源： （ 作者： 时间： 2026-01-12 16:12 Tag： ） 
 　　各省、自治区、直辖市及新疆生产建设兵团发展改革委、能源局，天津市工业和信息化局、辽宁省工业和信息化厅、重庆市经济和信息化委员会、甘肃省工业和信息化厅，北京市城市管理委员会，国家能源局各派出机构，国家电网有限公司、中国南方电网有限责任公司、内蒙古电力（集团）有限责任公司、中国核工业集团有限公司、中国华能集团有限公司、中国大唐集团有限公司、中国华电集团有限公司、国家电力投资集团有限公司、中国长江三峡集团有限公司、国家能源投资集团有限责任公司、国家开发投资集团有限公司、华润（集团）有限公司、中国广核集团有限公司： 　　为贯彻落实党的二十届三中全会精神和党中央、国务院关于加快构建新型电力系统、健全绿色低碳发展机制的决策部署，充分发挥市场在资源配置中的决定性作用，大力推动新能源高质量发展，现就深化新能源上网电价市场化改革有关事项通知如下。 　　一、总体思路 　　按照价格市场形成、责任公平承担、区分存量增量、政策统筹协调的要求，深化新能源上网电价市场化改革。坚持市场化改革方向，推动新能源上网电量全面进入电力市场、通过市场交易形成价格。坚持责任公平承担，完善适应新能源发展的市场交易和价格机制，推动新能源公平参与市场交易。坚持分类施策，区分存量项目和增量项目，建立新能源可持续发展价格结算机制，保持存量项目政策衔接，稳定增量项目收益预期。坚持统筹协调，行业管理、价格机制、绿色能源消费等政策协同发力，完善电力市场体系，更好支撑新能源发展规划目标实现。 　　二、推动新能源上网电价全面由市场形成 　　（一）推动新能源上网电量参与市场交易。新能源项目（风电、太阳能发电，下同）上网电量原则上全部进入电力市场，上网电价通过市场交易形成。新能源项目可报量报价参与交易，也可接受市场形成的价格。 　　参与跨省跨区交易的新能源电量，上网电价和交易机制按照跨省跨区送电相关政策执行。 　　（二）完善现货市场交易和价格机制。完善现货市场交易规则，推动新能源公平参与实时市场，加快实现自愿参与日前市场。适当放宽现货市场限价，现货市场申报价格上限考虑各地目前工商业用户尖峰电价水平等因素确定，申报价格下限考虑新能源在电力市场外可获得的其他收益等因素确定，具体由省级价格主管部门商有关部门制定并适时调整。 　　（三）健全中长期市场交易和价格机制。不断完善中长期市场交易规则，缩短交易周期，提高交易频次，实现周、多日、逐日开市。允许供需双方结合新能源出力特点，合理确定中长期合同的量价、曲线等内容，并根据实际灵活调整。完善绿色电力交易政策，申报和成交价格应分别明确电能量价格和相应绿色电力证书（以下简称绿证）价格；省内绿色电力交易中不单独组织集中竞价和滚动撮合交易。 　　鼓励新能源发电企业与电力用户签订多年期购电协议，提前管理市场风险，形成稳定供求关系。指导电力交易机构在合理衔接、风险可控的前提下，探索组织开展多年期交易。 　　三、建立健全支持新能源高质量发展的制度机制 　　（四）建立新能源可持续发展价格结算机制。新能源参与电力市场交易后，在市场外建立差价结算的机制，纳入机制的新能源电价水平（以下简称机制电价）、电量规模、执行期限等由省级价格主管部门会同省级能源主管部门、电力运行主管部门等明确。对纳入机制的电量，市场交易均价低于或高于机制电价的部分，由电网企业按规定开展差价结算，结算费用纳入当地系统运行费用。 　　（五）新能源可持续发展价格结算机制的电量规模、机制电价和执行期限。2025年6月1日以前投产的新能源存量项目：（1）电量规模，由各地妥善衔接现行具有保障性质的相关电量规模政策。新能源项目在规模范围内每年自主确定执行机制的电量比例、但不得高于上一年。鼓励新能源项目通过设备更新改造升级等方式提升竞争力，主动参与市场竞争。（2）机制电价，按现行价格政策执行，不高于当地煤电基准价。（3）执行期限，按照现行相关政策保障期限确定。光热发电项目、已开展竞争性配置的海上风电项目，按照各地现行政策执行。 　　2025年6月1日起投产的新能源增量项目：（1）每年新增纳入机制的电量规模，由各地根据国家下达的年度非水电可再生能源电力消纳责任权重完成情况，以及用户承受能力等因素确定。超出消纳责任权重的，次年纳入机制的电量规模可适当减少；未完成的，次年纳入机制的电量规模可适当增加。通知实施后第一年新增纳入机制的电量占当地增量项目新能源上网电量的比例，要与现有新能源价格非市场化比例适当衔接、避免过度波动。单个项目申请纳入机制的电量，可适当低于其全部发电量。（2）机制电价，由各地每年组织已投产和未来12个月内投产、且未纳入过机制执行范围的项目自愿参与竞价形成，初期对成本差异大的可按技术类型分类组织。竞价时按报价从低到高确定入选项目，机制电价原则上按入选项目最高报价确定、但不得高于竞价上限。竞价上限由省级价格主管部门考虑合理成本收益、绿色价值、电力市场供需形势、用户承受能力等因素确定，初期可考虑成本因素、避免无序竞争等设定竞价下限。（3）执行期限，按照同类项目回收初始投资的平均期限确定，起始时间按项目申报的投产时间确定，入选时已投产的项目按入选时间确定。 　　（六）新能源可持续发展价格结算机制的结算方式。对纳入机制的电量，电网企业每月按机制电价开展差价结算，将市场交易均价与机制电价的差额纳入当地系统运行费用；初期不再开展其他形式的差价结算。电力现货市场连续运行地区，市场交易均价原则上按照月度发电侧实时市场同类项目加权平均价格确定；电力现货市场未连续运行地区，市场交易均价原则上按照交易活跃周期的发电侧中长期交易同类项目加权平均价格确定。各地将每年纳入机制的电量分解至月度，各月实际上网电量低于当月分解电量的，按实际上网电量结算，并在年内按月滚动清算。 　　（七）新能源可持续发展价格结算机制的退出规则。已纳入机制的新能源项目，执行期限内可自愿申请退出。新能源项目执行到期，或者在期限内自愿退出的，均不再纳入机制执行范围。 　　四、保障措施 　　（八）加强组织落实。各省级价格主管部门会同能源主管部门、电力运行主管部门等制定具体方案，做好影响测算分析，充分听取有关方面意见，周密组织落实，主动协调解决实施过程中遇到的问题；加强政策宣传解读，及时回应社会关切，凝聚改革共识。国家能源局派出机构会同有关部门加强市场监管，保障新能源公平参与交易，促进市场平稳运行。电网企业做好结算和合同签订等相关工作，对新能源可持续发展价格结算机制执行结果单独归集。 　　（九）强化政策协同。强化规划协同，各地改革实施方案要有利于国家新能源发展规划目标的落实，并做好与国家能源电力规划的衔接。强化改革与绿证政策协同，纳入可持续发展价格结算机制的电量，不重复获得绿证收益。电网企业可通过市场化方式采购新能源电量作为代理购电来源。强化改革与市场协同，新能源参与市场后因报价等因素未上网电量，不纳入新能源利用率统计与考核。强化改革与优化环境协同，坚决纠正不当干预电力市场行为，不得向新能源不合理分摊费用，不得将配置储能作为新建新能源项目核准、并网、上网等的前置条件。享有财政补贴的新能源项目，全生命周期合理利用小时数内的补贴标准按照原有规定执行。 　　（十）做好跟踪评估。各地要密切跟踪市场价格波动、新能源发电成本和收益变化、终端用户电价水平等，认真评估改革对行业发展和企业经营等方面的影响，及时总结改革成效，优化政策实施，持续增强市场价格信号对新能源发展的引导作用。国家结合新能源技术进步、电力市场发展、绿色电力消费增长和绿证市场发展等情况，不断完善可再生能源消纳责任权重制度，适时对新能源可持续发展价格结算机制进行评估优化、条件成熟时择机退出。 　　各地要在2025年底前出台并实施具体方案，实施过程中遇有问题及时向国家发展改革委、国家能源局报告，国家将加强指导。现行政策相关规定与本通知不符的，以本通知为准。对生物质、地热等发电项目，各地可参照本通知研究制定市场化方案。 　　国家发展改革委 　　国 家 能 源 局 　　2025年1月27日",2026-01-12,国家发展改革委 国家能源局,https://www.cweea.com.cn/zcfg/html/41078.html,accepted
GFEX-WR-20260113,announcement,广期所碳酸锂仓单日报：仓单增加928手,广州期货交易所2026-01-13仓单日报显示，碳酸锂仓单总量为26898手，增加928手。,2026-01-13,广州期货交易所,https://www.gfex.com.cn/gfex/cdrb/hqsj_tjsj.shtml,accepted
LC-TEXT-0029,news,2025年国内动力电池装车量769.7GWh 同比增长40.4%_腾讯新闻,"2025年国内动力电池装车量769.7GWh 同比增长40.4%_腾讯新闻 
 2025年国内动力电池装车量769.7GWh 同比增长40.4% 财联社 2026-01-16 15:27 发布于 上海 上海报业集团旗下《财联社》官方账号 问AI  ·  动力电池技术迭代如何支撑装车量的持续攀升？ 【2025年国内动力电池装车量769.7GWh 同比增长40.4%】财联社1月16日电，中国汽车动力电池产业创新联盟发布数据，2025年12月，国内动力电池装车量98.1GWh，环比增长4.9%，同比增长35.1%。2025年1—12月，国内动力电池累计装车量769.7GWh, 累计同比增长40.4%。",2026-01-16,腾讯新闻,https://news.qq.com/rain/a/20260116A04UNO00,accepted
GFEX-WR-20260121,announcement,广期所碳酸锂仓单日报：仓单增加975手,广州期货交易所2026-01-21仓单日报显示，碳酸锂仓单总量为28656手，增加975手。,2026-01-21,广州期货交易所,https://www.gfex.com.cn/gfex/cdrb/hqsj_tjsj.shtml,accepted
LC-TEXT-0030,news,光伏行业2025：全行业亏损下，谁能率先突围？_财富号_东方财富网,"光伏行业2025：全行业亏损下，谁能率先突围？_财富号_东方财富网 
 财经 焦点 股票 新股 期指 期权 行情 数据 全球 美股 港股 期货 外汇 银行 基金 理财 债券 直播 股吧 基金吧 博客 财富号 搜索 
 行情中心 
 指数 期指 期权 个股 板块 排行 新股 基金 港股 美股 期货 外汇 黄金 自选股 自选基金 
 数据中心 
 资金流向 主力排名 板块资金 个股研报 新股申购 转债申购 北交所申购 AH股比价 年报大全 融资融券 龙虎榜 限售解禁 IPO审核 大宗交易 估值分析 
 首页 >
 社区 >
 正文 
 光伏行业2025：全行业亏损下，谁能率先突围？ 
 未名财经 
 2026年01月22日 10:37 
 四川 
 返回 
 财富号评论吧> 
 点赞 
 0 
 评论 
 0 
 收藏 
 大 
 中 
 小 
 2025年，全球光伏行业分化态势显著：部分传统厂商仍在持续亏损，而更多企业则争相布局储能赛道，或自建电芯产能，或寻求战略合作，或通过收购快速入场。 图源|网络 2025年，至少11家光伏行业上市公司预计2025年亏损，其中9家预亏企业合计亏损超420亿元。 业绩全景：行业整体困境，亏损企业增加 光伏行业2025年的业绩表现显示，行业调整仍在继续。超过11家光伏企业发布了业绩预亏公告。 这其中包括全球硅料、电池和组件巨头通威股份，硅片龙头TCL中环，以及组件领军企业隆基绿能、晶澳科技和天合光能等。 从规模上看，这些企业均是晶硅主材环节的代表，亏损程度基本与产能规模正相关。 受行业价格战、资产减值及海外业务失利影响，TCL中环预计亏损82亿元至96亿元。 隆基绿能预计净亏损60亿元到65亿元，晶澳科技预计净亏损45亿元-48亿元，爱旭股份预计净亏损12亿元-19亿元。 虽然2025年前三季度行业曾浮现减亏曙光，但四季度各家企业业绩再度陷入分化，多家龙头企业已连续九个季度亏损。 减亏亮点：技术差异化带来曙光 尽管多数企业仍在亏损，部分龙头企业通过技术优势实现了显著减亏。 隆基绿能和爱旭股份两家主推BC技术的企业减亏幅度较明显。隆基绿能2025年度同比减亏25%—30%；爱旭股份同比减亏幅度高达64%—77%。 这两家企业通过BC技术实现了产品差异化，带来了技术溢价。 在2025年上半年，爱旭股份在二季度已实现单季度盈利，成为当时为数不多的亮点。公司称这得益于ABC组件的销量提升与高价值市场的持续突破。 在行业整体亏损加剧的情况下，这些减亏案例表明技术差异化带来的溢价以及成本管控能力，成为部分亏损企业减亏的主要原因。 亏损扩大：四季度成本压力加剧 多数光伏企业在2025年前三季度均实现不同程度的减亏，然而“滑铁卢”出现在四季度。 多家企业在公告中解释，多晶硅和银价等大宗辅材价格持续上涨，给光伏组件成本控制带来巨大压力。尤其是去年四季度，银浆、硅料成本大幅上涨，显著推升了硅片、电池及组件产品成本。 光伏龙头隆基绿能就是典型一例：经历Q3亏损收窄后，Q4因原材料价格飙升与产品价格低迷的双重挤压，亏损再次扩大，导致全年预亏60-65亿元。 与此同时，供需失衡的状况仍未显著改善，各环节产品价格持续低迷。价格传导不足也加大了行业压力，尤其在组件环节，价格传导速度较慢，导致该环节的改善不如其他环节明显。   储能转型：企业寻找第二增长曲线 面对持续的盈利压力，多家龙头企业积极探索突围路径，储能业务正成为光伏企业转型突围的重要着力点。 光伏企业进军储能领域有不同的策略：有的企业选择自建电芯产能，如阿特斯和天合光能；有的则选择与储能电芯厂商合作，如晶澳科技与楚能新能源的战略合作。隆基绿能选择通过收购储能企业切入储能领域。 值得注意的是，已有企业从储能业务中获益。阿特斯在2025年二季度储能交付量达2.2GWh，环比增长超140%。 公司储能系统已签署合同的在手订单金额达30亿美元，为后续业绩增长提供坚实支撑。预计三季度储能出货量为2.1GWh至2.3GWh，全年储能出货量将达7GWh至9GWh。  政策环境：“反内卷”行动全面展开 2025年，针对光伏行业持续的“内卷”式竞争，国家层面主管部门和监管单位开展了全方位专项“反内卷”治理工作。 7月1日，中央财经委员会第六次会议明确指出，要依法依规治理企业低价无序竞争，引导企业提升产品品质，推动落后产能有序退出。 此后，工信部召集14家光伏企业及行业协会负责人座谈，进一步强调“综合治理光伏行业低价无序竞争，引导企业提升产品品质，推动落后产能有序退出”。 8月，中国光伏行业协会发布了《关于进一步加强行业自律，共同维护公平竞争、优胜劣汰的光伏市场秩序的倡议》。 业内人士指出，这些政策旨在引导市场通过综合成本优势筛选领先产能，淘汰落后产能，推动行业从价格竞争向价值竞争转变。 行业展望：出清与结构优化势在必行 多位行业人士表示，全行业普遍亏损的局面短期内难以扭转，可能仍将持续一段时间。产能出清与结构优化势在必行。 行业将竞争已从规模转向“减亏”能力的较量。企业需要打破同质化竞争，构建技术、产品、场景与生态的综合优势。 市场分析师预测，2026年全球新增光伏装机约488GW，同比下降10.07%。供需失衡的状况可能需要更长时间才能缓解。 龙头企业押注储能业务寻求突围，但储能行业同样处于白热化竞争状态。光伏企业进入储能领域也面临技术和市场的双重挑战。 2025年下半年以来，储能需求增长迅猛。2025年10月，储能电池出货量为59.9GWh，同比增长67.6%。独立储能项目占到完成采招规模的九成以上。 储能行业的大爆发，正是从电源侧强制配储转向独立储能。独立储能凭借“不依附特定电源”的属性，可灵活接入多场景，成为电网侧储能的重要实现形式之一。 2025年，全球光伏行业呈现出典型的分化态势：一面是持续亏损的传统厂商，另一面则是向储能赛道转型的探索者。越来越多企业将目光投向储能领域——有的自建电芯产能，有的寻求战略合作，有的则通过收购快速入场。 当产业寒意弥漫，光伏企业仍在积极探寻破局之道。 一位头部组件企业人士称：“‘反内卷’不能仅依赖减产保价，更需企业打破同质化竞争，构建技术、产品、场景与生态的综合优势。” 通威集团董事局刘汉元表示，当前，面对宏观经济下行、外部环境复杂严峻的新形势，无论现在行业如何，在长的发展周期和一个未来巨大的光伏需求面前，只要“身体好”，只要真有核心竞争力，就一定会冬去春来！面对未来，我们对中国光伏仍然充满信心。 
 追加内容 
 本文作者可以追加内容哦 ! 
 举报 
 郑重声明： 用户在社区发表的所有信息将由本网站记录保存，仅代表作者个人观点，与本网站立场无关，不对您构成任何投资建议，据此操作风险自担。 请勿相信代客理财、免费荐股和炒股培训等宣传内容，远离非法证券活动。请勿添加发言用户的手机号码、公众号、微博、微信及QQ等信息，谨防上当受骗！ 
 未名财经 
 关注 
 更多文章 
 投资组合 
 -- 
 总收益 
 20日收益 
 日收益 
 -- 
 -- 
 -- 
 最新操作 
 - 
 - 
 - 
 历史收益率走势(%) 
 Chart 
 自选股 
 代码 
 名称 
 最新价 
 涨跌幅 
 查看更多 
 浪客视频 
 - 
 郑重声明：东方财富网发布此信息的目的在于传播更多信息，与本站立场无关。东方财富网不保证该信息（包括但不限于文字、视频、音频、数据及图表）全部或者部分内容的准确性、真实性、完整性、有效性、及时性、原创性等。相关信息并未经过本网站证实，不对您构成任何投资建议，据此操作，风险自担。
 东方财富 
 扫一扫下载APP
 东方财富产品 
 东方财富免费版 
 东方财富Level-2 
 东方财富策略版 
 妙想投研助理 
 Choice金融终端 
 证券交易 
 东方财富证券开户 
 东方财富在线交易 
 东方财富证券交易 
 关注东方财富 
 东方财富网微博 
 东方财富网微信 
 意见与建议 
 天天基金 
 扫一扫下载APP
 基金交易 
 基金开户 
 基金交易 
 活期宝 
 基金产品 
 稳健理财 
 关注天天基金 
 天天基金网微博 
 天天基金网微信 
 东方财富期货 
 扫一扫下载APP
 期货交易 
 期货手机开户 
 期货电脑开户 
 期货官方网站 
 信息网络传播视听节目许可证：0908328号 经营证券期货业务许可证编号：913101046312860336 违法和不良信息举报:021-61278686 举报邮箱： jubao@eastmoney.com 
 沪ICP证:沪B2-20070217 网站备案号:沪ICP备05006054号-11 沪公网安备 31010402000120号 版权所有:东方财富网 意见与建议:4000300059/952500 
 关于我们 
 可持续发展 
 广告服务 
 供应商平台 
 联系我们 
 诚聘英才 
 法律声明 
 隐私保护 
 征稿启事 
 友情链接",2026-01-22,东方财富网,https://caifuhao.eastmoney.com/news/20260122103734951243020,accepted
LC-TEXT-0031,policy,关于完善发电侧容量电价机制的通知,"关于完善发电侧容量电价机制的通知(发改价格〔2026〕114号) - 湖南省发展和改革委员会 
 中国政府网 
 | 
 国家发改委 
 | 
 湖南省政府门户网站 
 无障碍浏览 | 
 网站首页 
 信息公开 
 办事服务 
 互动交流 
 机关党建 
 发展改革 
 专题专栏",2026-01-30,国家发展改革委 国家能源局,https://fgw.hunan.gov.cn/fgw/xxgk_70899/zcfg/gjjfg/202602/t20260203_33908548.html,accepted
LC-TEXT-0032,news,国家能源局举行新闻发布会介绍2025年新型储能发展情况,"国家能源局举行新闻发布会介绍2025年新型储能发展情况---国家能源局 
 您当前位置： 首页 > 正文 
 国家能源局举行新闻发布会介绍2025年新型储能发展情况 
 发布时间：2026-01-30 
 来源：国家能源局 
 大 中 小   国家能源局举行新闻发布会，介绍2025年全国能源形势、迎峰度冬能源保供、新型储能发展、全国电力市场交易等情况，并回答记者提问。    【能源节约和科技装备司副司长边广琦】 下面我来介绍2025年新型储能发展情况。党中央、国务院高度重视新型储能发展，党的二十届四中全会明确提出“大力发展新型储能”。国家能源局深入贯彻落实党中央、国务院决策部署，统筹谋划、多措并举，推动新型储能发展取得扎实成效，为构建新型能源体系和新型电力系统提供有力支撑。   新型储能装机较2024年底增长84%。截至2025年底，全国已建成投运新型储能装机规模达到1.36亿千瓦/3.51亿千瓦时，与“十三五”末相比增长超40倍，实现跨越式发展。平均储能时长2.58小时，相较于2024年底增加0.30小时。   分地域来看，华北地区装机占比最大。华北地区已投运新型储能装机规模占全国32.5%，西北地区占28.2%，华东地区占14.4%，南方地区占13.1%，华中地区占11.1%，东北地区占0.7%。过去一年里，华北、西北为新型储能主要增长区，新增装机分别为2188万千瓦、1966万千瓦，分别占全国新增装机的35.2%、31.6%。   分省份来看，新疆、内蒙古等省区发展迅速。受电力需求稳步增长、新能源快速发展及有力政策支持等多重驱动，新疆、内蒙古、云南、河北、山东等省区新型储能发展迅速，新增装机分别为1023万千瓦、1003万千瓦、613万千瓦、569万千瓦、404万千瓦。累计装机规模排名前3的省份分别为：内蒙古2026万千瓦，新疆1880万千瓦，山东1121万千瓦，河北、江苏、宁夏、云南、甘肃、浙江、河南、广东等8省区装机规模超500万千瓦。   从单站规模来看，10万千瓦以上的大型化发展趋势明显。截至2025年底，10万千瓦及以上项目装机占比达72%，较2024年底提高约10个百分点；4小时及以上新型储能电站项目逐步增加，装机占比达27.6%，较2024年底提高约12个百分点。从应用场景来看，独立储能占比提升。2025年，独立储能新增装机3543万千瓦，累计装机规模占比为51.2%，较2024年底提高约5个百分点。从技术路线来看，锂离子电池储能仍占主导地位，装机占比达96.1%，压缩空气储能、液流电池储能及飞轮电池储能等装机占比合计3.9%。   与此同时，新型储能调用水平进一步提升。据初步统计，2025年全国新型储能等效利用小时数达1195小时，较2024年提升近300小时。其中，国家电网、南方电网经营区新型储能等效利用小时数分别为1175小时、1294小时。新型储能灵活调节能力日益凸显，在促进新能源开发消纳、提高电力系统安全稳定运行和电力保供水平等方面作用逐步增强。   下一步，国家能源局将认真贯彻落实党的二十届四中全会精神，科学编制好“十五五”新型储能发展实施方案，健全完善新型储能政策管理体系，持续深化技术产业创新，大力推动新型储能高质量发展，有力支撑新型能源体系和新型电力系统建设。",2026-01-30,国家能源局,https://www.nea.gov.cn/20260130/50f657ce87f848e1a9a1861d1fd9aa23/c.html,accepted
LC-TEXT-0033,announcement,2025年年度业绩预告,"证券代码：688390 证券简称：固德威 公告编号：2026-010
固德威技术股份有限公司
2025 年年度业绩预告
本公司董事会及全体董事保证本公告内容不存在任何虚假记载、误导性陈述
或者重大遗漏，并对其内容的真实性、准确性和完整性依法承担法律责任。
一、本期业绩预告情况
（一）业绩预告期间
2025 年 1 月 1 日至 2025 年 12 月 31 日。
（二）业绩预告情况
（1）经财务部门初步测算，预计 2025 年年度实现归属于母公司所有者的净
利润与上年同期（法定披露数据）相比，将实现扭亏为盈，归属于母公司所有者
的净利润 12,500.00 万元到 16,200.00 万元，与上年同期相比，将增加 18,681.04
万元到 22,381.04 万元。
（2）经财务部门初步测算，预计归属于母公司所有者扣除非经常性损益后
的净利润 3,400.00 万元到 7,100.00 万元，与上年同期相比，将增加 22,757.40 万
元到 26,457.40 万元。
（三）本次业绩预告未经注册会计师审计。
二、上年同期业绩情况和财务状况
（一）利润总额：-6,675.91 万元。归属于母公司所有者的净利润：-6,181.04
万元。归属于母公司所有者扣除非经常性损益的净利润：-19,357.40 万元。
（二）每股收益：-0.26 元。
三、本期业绩变化的主要原因
公司 2025 年度业绩较上年同期实现扭亏为盈，主要原因如下：
（1）受益于国内光伏抢装潮、澳大利亚户储补贴政策落地及欧洲市场走出
库存调整期，公司逆变器及储能电池销量与毛利额显著提升；
（2）公司持续加大研发投入并优化全球市场布局，期间费用虽同比有所增
加，但营收增长与产品结构优化有效提升了整体盈利能力。
综上，公司 2025 年归属于母公司所有者的净利润预计约为 12,500.00 万元到
16,200.00 万元，归属于母公司所有者扣除非经常性损益后的净利润亦较上年同
期增加。
四、风险提示
本次业绩预告是公司财务部门基于自身专业判断进行的初步核算，尚未经注
册会计师审计。公司尚未发现影响本次业绩预告内容准确性的重大不确定因素。
由于公司 2025 年实现扭亏为盈，部分收入确认时点仍存在一定不确定性，故业
绩预告区间适当放宽，敬请投资者注意风险。
五、其他说明事项
以上预告数据仅为初步核算数据，具体准确的财务数据以公司正式披露的经
审计后的 2025 年年报为准，敬请广大投资者注意投资风险。
特此公告。
固德威技术股份有限公司
董事会
2026 年 1 月 30 日",2026-01-30,巨潮资讯网,http://static.cninfo.com.cn/finalpage/2026-01-30/1224956453.PDF,accepted
GFEX-WR-20260202,announcement,广期所碳酸锂仓单日报：仓单增加1610手,广州期货交易所2026-02-02仓单日报显示，碳酸锂仓单总量为32241手，增加1610手。,2026-02-02,广州期货交易所,https://www.gfex.com.cn/gfex/cdrb/hqsj_tjsj.shtml,accepted
GFEX-WR-20260203,announcement,广期所碳酸锂仓单日报：仓单增加843手,广州期货交易所2026-02-03仓单日报显示，碳酸锂仓单总量为33084手，增加843手。,2026-02-03,广州期货交易所,https://www.gfex.com.cn/gfex/cdrb/hqsj_tjsj.shtml,accepted
GFEX-WR-20260204,announcement,广期所碳酸锂仓单日报：仓单增加1030手,广州期货交易所2026-02-04仓单日报显示，碳酸锂仓单总量为34114手，增加1030手。,2026-02-04,广州期货交易所,https://www.gfex.com.cn/gfex/cdrb/hqsj_tjsj.shtml,accepted
LC-TEXT-0034,policy,2026年湖北省汽车以旧换新补贴实施细则,"省商务厅等8部门关于印发《2026年湖北省汽车以旧换新补贴实施细则》的通知-监利市商务局-政府信息公开 
 监利市商务局 
 政府信息公开 
 您现在的位置： 信息公开 > 其他主动公开文件 
 索引号： 
 MB0X91416/2026-00006 
 信息分类： 
 政务公开 
 发文单位： 
 湖北省商务厅 
 发文字号： 
 鄂商务发〔2026〕6号 
 发文日期： 
 2026-02-04 
 效力状态： 
 有效 
 省商务厅等8部门关于印发《2026年湖北省汽车以旧换新补贴实施细则》的通知 
 发布时间： 2026-02-09 16:27 
 各市、州、直管市、神农架林区商务、发展改革、经济和信息化、公安、财政、生态环境、市场监管、税务主管部门： 
 按照《国家发展改革委财政部关于2026年实施大规模设备更新和消费品以旧换新政策的通知》（发改环资〔2025〕1745号）、《商务部等7部门关于提质增效实施2026年消费品以旧换新政策的通知》（商消费函〔2025〕697号）和《商务部等8部门办公厅关于印发〈2026年汽车以旧换新补贴实施细则〉的通知》（商办消费函〔2025〕467号）要求，为更好实施2026年湖北省汽车以旧换新补贴政策，现将《2026年湖北省汽车以旧换新补贴实施细则》印发给你们，请认真抓好贯彻执行。 
 湖北省商务厅 
 湖北省发展和改革委员会 
 湖北省经济和信息化厅 
 湖北省公安厅 
 湖北省财政厅 
 湖北省生态环境厅 
 湖北省市场监督管理局 
 国家税务总局湖北省税务局 
 2026年2月4日 
 2026年湖北省汽车以旧换新补贴实施细则 
 一、汽车报废更新 
 （一）补贴范围和标准 
 2026年，对个人消费者报废2013年6月30日（含当日，下同）前注册登记的汽油乘用车、2015年6月30日前注册登记的柴油及其他燃料乘用车，或2019年12月31日前注册登记的新能源乘用车，并购买纳入工业和信息化部《减免车辆购置税的新能源汽车车型目录》的新能源乘用车或2.0升及以下排量的燃油乘用车，给予一次性补贴。对报废上述符合条件旧车并购买新能源乘用车的，按新车销售价格（价税合计，下同）的12％给予补贴，补贴金额（向上取整至整元，下同）最高2万元；对报废上述符合条件燃油乘用车并购买2.0升及以下排量燃油乘用车的，按新车销售价格的10％给予补贴，补贴金额最高1.5万元。 
 （二）相关要求和条件 
 补贴对象为个人消费者，须同时满足以下条件： 
 1．新购置的乘用车《机动车销售统一发票》和《机动车登记证书》在湖北省开具或办理。 
 2．报废的符合条件的旧车应于2025年1月8日前登记在本人名下，且至报废注销前一直登记在本人名下。 
 3．参与申请补贴的报废汽车所有人和新购置乘用车所有人应为同一个人消费者。 
 4．《报废机动车回收证明》《机动车注销证明》《机动车销售统一发票》《机动车登记证书》，均应自2026年1月1日起取得。其中，《报废机动车回收证明》应由有资质的报废机动车回收拆解企业开具。报废旧车和购买新车没有先后顺序要求。《报废机动车回收证明》所载明的交车日期、《机动车注销证明》所载明的注销日期、《机动车销售统一发票》所载明的开票日期、《机动车登记证书》所载明的注册登记日期，均应在2026年1月1日之后。 
 5．在补贴申请审核期间，新车应登记在申请人名下，不得转让。 
 6．2026年汽车以旧换新政策实施期间，每位个人消费者只能选择享受一次汽车报废更新补贴或一次汽车置换更新补贴，且就同一辆新车只能选择申领其中一项补贴。 
 （三）补贴申请 
 拟申请汽车报废更新补贴的个人消费者，通过登录全国汽车流通信息管理系统网站或“汽车以旧换新”小程序（以下简称全国汽车以旧换新平台），进入“汽车报废更新补贴申请入口”，填报申请补贴信息，在补贴受理地（即新车《机动车销售统一发票》开具地）提交补贴申请。申请人应完整、准确、清晰填写申请信息和上传申请材料，主要包括： 
 1．申请人身份信息，身份证需上传正、反面照片或扫描件，其他证件类型需上传证件照片或扫描件； 
 2．申请人银行账户信息，须为商业银行在中国境内发行的借记卡且为Ⅰ类账户（请与开户银行核实账户类型）； 
 3．报废旧车信息，填写车辆识别代号等，上传《报废机动车回收证明》《机动车注销证明》原件照片或扫描件； 
 4．购置新车信息，填写车辆识别代号等，上传《机动车销售统一发票》《机动车登记证书》（第1页和第2页）原件照片或扫描件。 
 申请人须认真核对所填报的申请信息及申请材料，个人身份信息、银行卡信息和车辆票证相关信息须保持一致。若有更改姓名、身份证号码变更、车辆票证涉及身份证件不一致等特殊情况的，需提交相关补充材料，具体以补贴受理地市州商务部门要求为准。 
 对申请汽车报废更新补贴资金实行按月限额调控，省商务厅按月制定全省补贴资金使用计划，并指导各市州商务部门拟定本地区每周受理补贴资金额度，原则上均衡到每天，根据本地区实际情况可适当动态调整，达到当天额度后即暂停受理补贴申请，未申领到补贴的消费者可在政策存续期内继续申请。2026年汽车报废更新补贴资金全部使用完后不再接受新的申请，未在补贴资金用完前或未在后续明确的申请截止时间前提交申请的，自动丧失补贴资格。 
 二、汽车置换更新 
 （一）补贴范围和标准 
 2026年，对个人消费者通过售卖方式转让登记在本人名下的乘用车，并购买纳入工业和信息化部《减免车辆购置税的新能源汽车车型目录》的新能源乘用车或2.0升及以下排量的燃油乘用车，给予一次性补贴。对换购符合上述条件新能源乘用车的，按新车销售价格的8％给予补贴，补贴金额最高1.5万元；对换购符合上述条件燃油乘用车的，按新车销售价格的6％给予补贴，补贴金额最高1.3万元。 
 （二）相关要求和条件 
 补贴对象为个人消费者，须同时满足以下条件： 
 1．新购置的乘用车《机动车销售统一发票》和《机动车登记证书》在湖北省开具或办理。 
 2．转让的乘用车旧车应于2025年1月8日前登记在本人名下，且至最近一次转让登记前一直登记在本人名下。 
 3．参与申请补贴的乘用车旧车所有人和新购置乘用车所有人应为同一个人消费者。 
 4．《二手车销售统一发票》和《机动车销售统一发票》所载明的开票日期，以及转让的乘用车旧车《机动车登记证书》所载明的最近一次转让登记日期和新购置乘用车《机动车登记证书》所载明的注册登记日期，均应在2026年1月1日之后。转让旧车和购买新车无先后顺序要求。 
 5．在补贴申请审核期间，新车应登记在申请人名下，不得转让，已转让的旧车不得转回申请人名下。 
 6．2026年汽车以旧换新政策实施期间，每位个人消费者只能选择享受一次汽车报废更新补贴或一次汽车置换更新补贴，且就同一辆新车只能选择申领其中一项补贴。 
 （三）补贴申请 
 拟申请汽车置换更新补贴的个人消费者，通过登录“湖北省汽车置换更新服务平台”，进入“2026年补贴申请入口”，填报申请补贴信息，在补贴受理地（即新车《机动车销售统一发票》开具地）提交补贴申请。申请人应完整、准确、清晰填写申请信息和上传申请材料，主要包括： 
 1．申请人身份信息，身份证需上传正、反面照片或扫描件，其他证件类型需上传证件照片或扫描件； 
 2．申请人银行账户信息，须为商业银行在中国境内发行的借记卡且为Ⅰ类账户（请与开户银行核实账户类型）； 
 3．售卖转让旧车信息，填写车辆识别代号等，上传旧车《二手车销售统一发票》和办理转让登记后的《机动车登记证书》（第1页至第4页，包含登记栏所载明的车辆登记全部信息）原件照片或扫描件； 
 4．购置新车信息，填写车辆识别代号等，上传新车《机动车销售统一发票》《机动车登记证书》（第1页和第2页）原件照片或扫描件。 
 申请人须认真核对所填报的申请信息及申请材料，个人身份信息、银行卡信息和车辆票证相关信息须保持一致。若有更改姓名、身份证号码变更、车辆票证涉及身份证件不一致等特殊情况的，需提交相关补充材料，具体以补贴受理地市州商务部门要求为准。 
 对申请汽车置换更新补贴资金实行按月限额调控，省商务厅按月制定全省补贴资金使用计划，并指导各市州商务部门通过我省汽车置换更新服务平台设定本地区每周申请补贴资金额度，原则上均衡到每天，根据本地区实际情况可适当动态调整，达到当天额度后即暂停受理补贴申请，未申领到补贴的消费者可在政策存续期内继续申请。2026年汽车置换更新补贴资金全部使用完后不再接受新的申请，未在补贴资金用完前或未在后续明确的申请截止时间前提交申请的，自动丧失补贴资格。 
 三、补贴审核与兑付 
 （一）补贴审核 
 市州商务部门收到全国汽车以旧换新平台和我省汽车置换更新服务平台（以下统称平台）推送的补贴申请材料后，按照提交申请的先后顺序，会同同级经信、公安、财政、税务等部门按照职能职责进行审核，参考平台提供的报废乘用车回收和注销登记、新购置乘用车注册和转让登记、乘用车旧车转让登记、新能源乘用车车型、新购置乘用车的《机动车销售统一发票》、转让的乘用车旧车的《二手车销售统一发票》等信息核查比对结果，提出审核意见，通过平台及时反馈审核结果。如平台无法线上核验或线上审核出现异议，由市州商务部门会同有关部门进行线下核实处理。市州商务部门可委托第三方机构协助开展补贴审核工作。 
 申请人提交的信息真实完整，符合本细则要求的，予以审核通过。对提交信息不完整、不清晰或无法辨识、填报有误等原因予以退回的申请，受理地通过平台将补正信息要求反馈申请人，申请人按要求及时通过原渠道补正有关信息。对不符合补贴条件不予审核通过的申请，受理地通过平台告知理由。申请人应及时通过平台查询审核进度和结果，未在政策实施期内或后续明确的补正申请材料截止时间前补正相关申请信息的，视为自动放弃补贴申请。 
 全国汽车报废更新和我省汽车置换更新补贴审核系统上线后，对符合条件的补贴申请，原则上在提交申请之日起，3个工作日内完成受理，15个工作日内完成审核，30个工作日内兑付补贴。 
 （二）补贴发放 
 受理地按照审核通过的先后顺序发放补贴。市州商务部门及时汇总符合补贴条件的申请人信息，审核后确定补贴金额，履行公示程序并向同级财政部门提出资金申请。市州财政部门根据商务部门提出的资金安排建议，按程序将补贴资金拨付申请人。市州商务部门向同级财政部门报送资金申请时，需将资金安排建议一并报财政部湖北监管局和同级发展改革部门。每批次补贴资金发放到位后，市州商务部门3个工作日内在平台进行补贴发放确认。 
 我省汽车置换更新服务平台按统一标准与全国汽车以旧换新平台对接，通过数据接口按要求实时全量推送补贴申请发放等相关数据。 
 四、补贴资金管理 
 根据发改环资〔2025〕1745号文要求，我省按要求安排配套资金，用于支持实施汽车以旧换新等补贴政策。 
 按照补贴资金“总额控制、逐月安排、均衡使用”的原则，省商务厅制定全省2026年汽车以旧换新补贴资金按月使用计划，并指导各市州结合本地区支持资金规模，细化明确每周补贴资金使用计划，根据资金使用情况采取调控补贴资金额度、发放补贴资格等方式实行动态调整，做好月内每周和跨月、跨季度之间的平稳衔接，合理把握工作节奏，确保全年政策不断档。 
 2026年汽车以旧换新政策实施期结束后，市州商务、财政部门按要求将补贴资金发放情况报送省商务厅、省财政厅，并抄报省发改委，省商务厅、省财政厅汇总各市州补贴资金发放情况报送商务部、财政部，并抄报国家发展改革委，省、市有关部门按要求进行资金清算。 
 五、部门职责分工 
 （一）省级相关部门 
 省商务厅负责牵头实施，制定全省补贴资金按月使用计划，督促指导市州商务部门按计划均衡使用资金，严格补贴资金审核，在确保财政资金安全的前提下，加快补贴审核兑付进度；组织开展数据统计、政策宣传和咨询服务，提出资金分配和清算建议，委托第三方机构对各市州审核情况进行抽查复核，做好补贴资金审核监管、绩效评价和审计等工作。 
 省发改委发挥“两新”工作牵头抓总职能，负责切块资金安排，加强工作统筹协调和跟踪调度。 
 省经信厅负责协助开展《减免车辆购置税的新能源汽车车型目录》信息核查工作。 
 省公安厅负责督促指导市州公安交管部门开展车辆登记相关信息核查比对，配合商务部门查询特殊情形的申请人身份信息及车辆信息，组织各地公安机关依法严厉查处伪造票证、骗取补贴等违法犯罪行为。 
 省财政厅负责向市州下达补贴资金并落实地方配套资金，督导市州财政部门及时拨付补贴资金，做好资金拨付监管，会同省商务厅进行资金清算。 
 省市场监管局负责依法查处生产销售质量不合格汽车产品、不正当竞争、虚假宣传、合同违法、价格违法等行为，指导属地市场监管部门接受消费者投诉举报，依法查处违规行为。 
 省税务局负责指导市州税务部门配合开展车辆发票核验，做好《机动车销售统一发票》《二手车销售统一发票》管理，组织各地税务机关依法查处发票违法违规行为。 
 （二）市州相关部门 
 市州商务部门会同同级有关部门按照本细则要求开展本地区汽车以旧换新补贴工作，细化落实补贴资金每周使用计划，负责受理和审核补贴申请，开展数据监测分析，有序均衡使用资金；宣传推广补贴政策，承担本地区消费者咨询及投诉处理等事务；会同财政部门做好补贴发放、监督核查、资金清算、绩效评价和审计等工作。 
 市州财政部门负责拨付补贴资金，会同商务部门做好补贴发放、监督核查、资金清算、绩效评价和审计等工作。 
 市州、区县有关部门参照上述职责分工，结合自身工作内容明确职责分工。 
 六、监督管理 
 （一）强化部门协同联动 
 各地、各相关部门按照发改环资〔2025〕1745号文、商消费函〔2025〕697号文、商办消费函〔2025〕467号文等规定，对汽车以旧换新补贴工作实施监督管理，建立健全各级商务、发改、经信、公安、财政、市场监管、税务等部门联合监管机制，开展跨部门信息共享和核查比对，加强补贴审核和资金兑付全过程监管，强化对补贴资金管理使用等情况的检查抽查，市州相关部门按职责分工做好补贴资金审核兑付、车辆登记、发票管理以及信息统计上报等相关工作，保障补贴政策规范有序实施，确保资金安全、发放及时。 
 （二）强化政策利企惠民 
 各地要深入推进公平竞争政策实施，落实公平竞争审查相关要求，一视同仁支持各类经营主体参与汽车以旧换新，不得要求将拟转让或报废的旧车交售给指定企业，不得另行设定具有地域性、技术产品指向性的补贴目录或企业名单。市州商务部门会同财政等部门优化补贴审核兑付流程，形成每周“报送一批、公示一批、兑付一批”的补贴发放工作滚动机制，推动补贴资金高效直达。各地要广泛开展汽车以旧换新政策解读和宣传引导，提升政策知晓度和影响力，畅通政策咨询渠道，健全政策咨询和投诉举报机制，及时回应公众诉求，接受社会监督，营造良好氛围。要组织行业商协会、汽车生产企业、销售企业、金融机构等开展汽车以旧换新政策宣介及促消费活动，鼓励叠加市场化优惠措施，让政策红利更好惠及广大消费者。 
 （三）强化资金安全监管 
 市州商务等部门要配备足额审核人员，加强业务培训，严格审核把关，认真做好补贴审核工作。如发现错发、多发补贴资金，受理地商务部门会同公安等部门依法依规予以追回，对拒不退回补贴资金的申请人，追究其法律责任。申请人须按照本细则有关规定如实填报申请信息，并对其真实性、有效性负责。参与湖北省汽车以旧换新活动的汽车销售企业、二手车流通企业、报废机动车回收企业应依法经营、诚信经营，自觉接受监督检查，不得借政策实施之机变相获利，不得以协助办理补贴申请为名，收取任何费用。 
 各地要加强产品质量和价格监管，严防骗补套补等问题，提升资金管理和风险防范水平，及时追回违规发放的补贴资金。对发现存在利用不正当手段骗取补贴资金、生产销售不符合强制性产品认证汽车产品、价格违法等行为的，各级市场监管、公安、经信等部门要依法依规严肃处理，涉嫌违法犯罪的依法严厉查处。对买卖、伪造、变造《报废机动车回收证明》，拼装车以及将回收的报废车辆上路行驶或流向社会的，有关部门依据国务院令第715号《报废机动车回收管理办法》进行处理。对挪用、骗取补贴资金的单位和个人，有关部门依据国务院令第427号《财政违法行为处罚处分条例》及其他有关法规进行处理。 
 七、附则 
 本细则所称乘用车是指在公安交管部门注册登记的小型、微型载客汽车，符合公安部《道路交通管理机动车类型》（GA802—2019）中机动车规格分类表规定的相应车型。 
 本细则自2026年1月1日起执行。市州商务部门会同相关部门根据本细则制定完善本地区汽车以旧换新资金限额管理措施及补贴审核兑付工作机制，稳妥推进补贴政策顺畅有序实施。 
 湖北省汽车置换更新服务平台客服电话：400—140—2188，各地商务部门咨询电话在平台上公布。 
 本细则由省商务厅会同省级有关部门负责解释。如遇政策调整，以最新政策规定为准。 
 相关链接 
 相关解读 
 【图片解读】一图读懂2026年湖北省汽车以旧换新补贴 
 相关文档 
 相关图片 
 相关音频 
 相关视频 
 相关附件 
 扫一扫在手机上查看当前页面 
 打印 | 
 关闭 
 监利市商务局主办 荆州新闻网承办 
 地址：监利市容城镇章华大道民政大楼 
 联系电话：0716-3262913 传真： 
 鄂ICP备17019740号-1 鄂公网安备 42102302000006号 网站标识码：4210230004",2026-02-04,湖北省商务厅等8部门,http://zwgk.jianli.gov.cn/jlsswj/12036/103220263/t110220263034/676278.shtml,accepted
GFEX-WR-20260209,announcement,广期所碳酸锂仓单日报：仓单增加820手,广州期货交易所2026-02-09仓单日报显示，碳酸锂仓单总量为34597手，增加820手。,2026-02-09,广州期货交易所,https://www.gfex.com.cn/gfex/cdrb/hqsj_tjsj.shtml,accepted
GFEX-WR-20260210,announcement,广期所碳酸锂仓单日报：仓单增加940手,广州期货交易所2026-02-10仓单日报显示，碳酸锂仓单总量为35537手，增加940手。,2026-02-10,广州期货交易所,https://www.gfex.com.cn/gfex/cdrb/hqsj_tjsj.shtml,accepted
GFEX-WR-20260212,announcement,广期所碳酸锂仓单日报：仓单增加1755手,广州期货交易所2026-02-12仓单日报显示，碳酸锂仓单总量为37282手，增加1755手。,2026-02-12,广州期货交易所,https://www.gfex.com.cn/gfex/cdrb/hqsj_tjsj.shtml,accepted
GFEX-WR-20260213,announcement,广期所碳酸锂仓单日报：仓单增加1477手,广州期货交易所2026-02-13仓单日报显示，碳酸锂仓单总量为38759手，增加1477手。,2026-02-13,广州期货交易所,https://www.gfex.com.cn/gfex/cdrb/hqsj_tjsj.shtml,accepted
LC-TEXT-0035,news,0.77~0.925元/W，华电8GW光伏组件集采中标候选人公示,"﻿ 
 0.77~0.925元/W，华电8GW光伏组件集采中标候选人公示！ _SOLARZOOM光储亿家 
 微信 
 微博 
 设为首页 收藏本站 联系我们 
 登录 
 自动登录 
 首页 | 
 资讯 | 
 智库 | 
 论坛 | 
 杂志 | 
 专题 | 
 人物 | 
 电商 | 
 电站交易 | 
 分布式 
 新闻 
 新闻 
 新闻 
 视频 
 人物 
 帖子 
 首页 >> 资讯 >> 产业要闻 >> 查看内容 0.77~0.925元/W，华电8GW光伏组件集采中标候选人公示！ 2026-03-04 15:29:47 浏览： 2646 次 来自：华电 分享： 
 3月3日，中国华电集团有限公司2026年光伏组件集中采购批次评标结果公示。项目招标情况如下： 
 根据中标候选公告，标段一（N型高效组件框架）由 协鑫集成、爱旭太阳能、TCL中环、隆基乐叶、天合光能、恒羲光伏、晶澳太阳能、晶科能源、正泰新能、华耀光电 等10家企业入围，投标单价在 0.820~0.925元/W 。 
 标段二（N型常规组件框架）由 协鑫集成、晶科能源、一道新能、通威、正泰新能、恒羲光伏、弘元绿能、晶澳太阳能、TCL中环、隆基乐叶 等10家企业入围，投标单价在 0.770~0.893元/W 。 
 【责任编辑：ada.sun】 漂亮 鲜花 雷人 鸡蛋 刚表态过的朋友 ( 0 人 ) 投稿、咨询、爆料——电话：(021)50315221-812，邮箱：edit@solarzoom.com，QQ：2880163182 关键字阅读： 华电 光伏组件 集采 中标 相关阅读 最低0.325元/瓦，12家企业入围华电1GW光伏EPC招标 广东华电广州番禺化龙站200MW/400MWh储能项目备案通过 总投资5亿元 华电新能：控股股东拟将29%股份无偿划转至中国华电 产权层级提升为二级单位 华电科工签署2.19亿元首个柔性支架农光互补光伏发电项目EPC总承包合同 2.19亿元！华电科工签署首个柔性支架农光互补项目EPC总承包合同 徐树彪任中国华电集团有限公司董事、总经理、党组副书记 华电新乡公司厂区分布式光伏项目实现全容量并网发电 注册资本30亿元！华电集团新增1家二级子公司 内蒙古华电腾格里光伏基地完成七千余亩固沙作业 最低2.643元/W！浙江华电82.7MWp农光互补光伏EPC中标候选人公示 0条评论 还没有人评论过，赶快抢沙发吧！ 已有0条评论，发表评论 最新评论 评论 匿名发表 重磅 他们在中国高效 SunPower因涉嫌财报不实 光伏概念股午后持续 665W！阿特斯正式发布7 重磅 他们在中国高效异质结俱乐部第二次圆桌会上都讨论了些啥？ 异在当下，叠出未来 2023HJT异质结&叠层产业峰会来袭 专访赛拉弗CEO杨勇：N型风口无限可能，加大国内布局势在必行！ 【独家】SNEC展会价格下行仍是主旋律，下游继续观望 一周光伏产业链价格 10GW级规模化量产！HJT异质结迎来加速爆发 更多文章 >> 微信公众号： Solarzoom光伏太阳能网 微博公众号： SOLARZOOM光伏太阳能网 河北300MW光伏项目EPC再生变！ 太空算力硬件成本降至几百元 全国产 2026年08月14日今日实时AI热点速递 江苏发布三年行动计划打造商业航天 云南凤庆县60MW光伏项目竞配候选人公 SOLARZOOM专栏 >> HJT/叠层一周最新动态8.31 HJT/叠层一周最新动态8.24 HJT/叠层一周最新动态8.17 HJT/叠层一周最新动态7.26 HJT/叠层一周最新动态7.20 十大热门文章 一天 一周 一月 美股算力租赁商CoreWeave、Nebius双双暴 百万出货与百亿扩产：AI算力引擎下 入选大摩""算力制造生态""推荐阵容 联 【独家】海外需求修复电池硅片环节 企业AI应用步伐加快！大摩示警：算 绕开黄仁勋，国产算力甩出两副王炸 四川发布算力网建设政策 适度超前布 太空算力硬件成本降至几百元！全国 最低0.325元/瓦，12家企业入围华电1GW 近600亿债务悬顶，光伏正在经历一场 订阅电子邮件 每日资讯 光伏杂志 专题 每日光伏市场参考 马上订阅 专题推荐 更多>> 光伏杂志 更多>> 2017年SOLARZOOM光伏杂志7月刊 印度商工部反倾销局(DGAD)正式公告，将对中国大陆、台湾、马来西亚等地进口的太阳能电池展开反倾销调查。同时，欧盟对中国大陆的 
 关于我们 | 
 资讯服务 | 
 一站式服务 | 
 推广方案 | 
 行情报告 | 
 活动合作 | 
 法律声明 | 
 意见反馈 | 
 诚征英才 | 
 网站导航 | 
 友情链接 | 
 联系我们 | 
 网站动态 
 Copyright:2014 SOLARZOOM All Right Reservered.沪ICP备10206511号 
 联系我们：021-50315221 服务邮箱：10000@solarzoom.com",2026-03-03,SOLARZOOM光储亿家,http://m.solarzoom.com/article-199464-1.html,accepted
LC-TEXT-0036,news,中国华电2026年磷酸铁锂电化学储能系统框架采购评标结果公示,"多地储能EPC密集开标！单价区间0.705-1.594 元/Wh，价格分化显著，国企央企成中标主力_绿色智汇能源技术研究院 
 首页 
 数说 
 闻说 
 咖说 
 报告 
 专题 
 上市公司 
 下载专区 
 推荐 
 会刊 
 专家 
 原创 
 动态 
 视频 
 资本 
 星闻 
 前沿 
 招贤榜 
 绿色智汇能源技术研究院 > 闻说 > 市场 > 
 多地储能EPC密集开标！单价区间0.705-1.594 元/Wh，价格分化显著，国企央企成中标主力 
 时间: 2026-03-25 08:58   作者: 子蕊    
 近一周内，上海、河北、广西、山西、新疆、湖北六大省区密集发布新型储能项目 EPC/PC总承包中标候选人公示，项目覆盖独立储能、共享储能、氢储融合、源网荷储一体化等多元类型，装机规模从30MW/60MWh到300MW/600MWh不等， 投标单价区间集中在0.7055 元/Wh-1.5936 元/Wh ，不同项目间价格分化特征显著。 
 ​ 
 本次开标第一中标候选人阵营以国企央企为绝对主力，汇聚了平高储能、中国电建、中国能建、中建八局、中交三公局等头部企业，同时地方建工电力集团、新能源龙头企业也深度参与，联合体投标成为大型项目的主流模式。本次密集开标也印证了国内储能市场的高景气度，同时折射出行业从低价内卷向价值导向、从规模扩张向高质量发展转型的核心趋势。 
 一、各区域开标项目核心详情 
 上海：崇明长兴岛50MW/200MWh独立储能电站EPC 
 3月20日，大唐上海崇明长兴岛50MW/200MWh独立储能电站EPC项目发布中标候选人公示， 第一中标候选人为平高储能、上海勘测设计院、中建八局联合体 ，投标总价 16196万元，折合单价约 0.8098 元/Wh 。 
 项目核心信息： 
 建设地点：上海市崇明区长兴岛，计划工期仅3个月（2026年4月1日至6月30日），对交付履约能力要求极高； 
 招标范围：为“交钥匙”EPC总承包，涵盖电化学储能场、升压站、办公区的设计、采购、施工、调试、全周期质保服务，仅开工手续办理、甲供设备、地勘报告由招标人负责，其余内容全部纳入总包范围。 
 河北：隆尧县国顺独立储能示范项目二期200MW/800MWhEPC 
 3 月 20 日，河北隆尧县国顺新型独立储能示范项目二期200MW/800MWh工程EPC发布中标候选人公示，本次开标创下本次公示的最低单价区间，前三名投标单价均在 0.705-0.707元/Wh 之间。 
 第一中标候选人：中交三公局第二工程、邢台市华兴电力、金风零碳联合体，投标单价约0.7061元/Wh； 
 第二中标候选人：保定中京电力建设、北京东冉电力设计联合体，投标单价约0.7055元/ Wh（本次开标最低单价）； 
 第三中标候选人：邢台兴力集团、河北恒投电力工程联合体，投标单价约0.7067 元/Wh。 
 项目核心信息： 
 项目终期规划300MW/1000MWh，一期已建成100MW/200MWh，本期为扩建工程，储能单元就地升压接入一期已建升压站，仅需扩建1台220MVA主变，无需新建220kV升压站，大幅降低了建设成本； 
 招标范围：涵盖初步设计、施工图设计、施工、设备采购安装、竣工验收、缺陷修复等全流程EPC工作。 
 广西：梧州蒙山县200MW/400MWh独立储能项目EPC 
 3月19日，广西梧州蒙山县200MW/400MWh独立储能项目EPC发布中标候选人公示，投标单价集中在1.27-1.31 元/Wh 区间。 
 第一中标候选人：中国电建湖北电力规划设计院、亿能国信联合体，投标单价约1.2986元/ Wh； 
 第二中标候选人：中国电建集团昆明勘测设计研究院，投标单价约1.2725元/Wh； 
 第三中标候选人：中国能建广西电力设计研究院，投标单价约1.3117元/Wh。 
 项目核心信息： 
 项目总投资 52470.2万元，折合投资单价约1.3118元/Wh，配套新建1座220kV升压站，安装1台200MVA有载调压变压器； 
 招标范围：涵盖项目勘察、设计、土建、安装、调试、送电全流程，设备采购包含储能系统、升压站、消防等全套设备，同时负责消防报建验收、并网验收、水土保持等全部配套工作，为全流程 “交钥匙” 工程。 
 山西：2 个储能项目开标，覆盖源网储能与共享储能两大类型 
 本次山西共有2个储能项目发布中标公示，分别为源网储能EPC项目与共享储能PC项目，单价区间0.95-1.23 元/Wh。 
 山西岚县200MW/400MWh源网储能、智慧电网建设项目EPC3月20日发布中标候选人公示，第一中标候选人为中国能建山西电建第三公司、中国电建海南电力设计院联合体，投标单价约1.2032元/Wh；其余两家投标人单价分别为1.2257元/Wh、1.2280元/Wh。项目配套新建220kV升压站，招标范围涵盖勘察设计、全品类设备采购、安装调试、消防验收、并网验收、水土保持等全流程工作。 
 山西神池县华夏义井共享储能电站二期200MW/400MWhPC项目3月17日发布中标候选人公示，第一中标候选人为山西晋开电力科技有限公司，投标单价0.950 元/Wh；第二、第三中标候选人单价分别为0.9751元/Wh、0.9951元/Wh。项目总体规划 300MW/600MWh，本期为二期扩建工程，与一期光伏项目共用 220kV 升压站，无需新建主升压设施，招标范围覆盖设备采购、土建施工、安装调试、送出线路施工、并网验收及质保全流程PC工作。 
 新疆：哈密100MW/800MWh 氢储融合项目EPC，创下本次最高单价 
 3月18日，新疆哈密伊州区氢储星舰100MW/800MWh氢储能 - 独立新型储能项目EPC 发布中标候选人公示， 第一中标候选人为深圳建安集团、黑龙江省林业设计研究院、新余市长兴电力设备安装联合体 ，投标单价约 1.5936 元/Wh ，为本次开标最高单价。 
 ​ 
 项目核心信息： 
 项目为氢储能与独立新型储能复合型重点工程，是当地优化能源结构、提升绿电消纳能力的标杆项目，技术复杂度远高于常规储能项目； 
 招标范围覆盖项目设计、设备采购、土建安装、调试试验、全容量并网试运行、配套送出线路、电网接入施工及全周期质保服务，为全流程 EPC 总承包。 
 湖北：钟祥30MW/60MWh 储能电站总承包项目，业主自有子公司中标 
 3月20日，天顺钟祥洋梓30MW/60MWh 储能电站设备采购及施工总承包项目发布评标结果公示， 第一中标候选人为天顺风能全资子公司湖北省天顺零碳技术有限公司 ，投标报价5073.17万元，折合单价约 0.8455 元/Wh ；第二、第三中标候选人单价分别为 0.8949 元/Wh、0.8924 元/Wh。 
 项目核心信息： 
 项目位于湖北荆门钟祥市，总占地约10亩，配套1回35kV线路接入电网，招标人为天顺风能与钟祥市国企合资成立的项目公司，本次中标方为业主自有产业链主体，实现了投资 - 建设 - 运营的全链条闭环； 
 招标范围涵盖储能电站全套设备材料采购、工程施工、安装调试、并网验收及质保服务。 
 二、核心价格分化原因拆解 
 本次开标项目单价跨度超125%，从 0.705元/Wh 到1.594 元/Wh 的显著差异，核心源于五大关键因素： 
 项目类型与技术复杂度差异单价最高的新疆氢储融合项目，为“氢储能+长时独立储能”复合型工程，技术复杂度、建设难度远高于常规储能项目；而单价最低的河北项目为常规磷酸铁锂独立储能扩建工程，技术成熟、建设难度低，是价格分化的核心原因。 
 招标范围与配套建设内容差异低价项目多为扩建工程，依托一期已建升压站、送出线路等基础设施，无需新建核心配套，且部分项目甲供核心设备，EPC仅涵盖施工与部分采购；而高价项目多为新建工程，EPC范围涵盖勘察设计、设备采购、升压站建设、送出线路、并网验收、合规手续办理等全流程工作，建设内容差异直接决定了报价区间。 
 项目建设条件与区域差异新疆、山西等新能源大基地项目地处偏远，土建、设备运输、人工成本显著高于东部地区；而上海、河北、湖北等区域供应链成熟、配套完善，建设成本更低，同时东部项目电网接入条件更优，也降低了配套建设成本。 
 工期与交付要求差异上海崇明项目工期仅3个月，对供应链保障、施工组织、交付能力要求极高，推高了项目报价；而多数常规项目工期在6-12个月，建设周期更宽松，报价也相对更低。 
 储能时长与系统配置差异本次项目涵盖2小时、4小时、8小时等不同储能时长，长时储能项目对 电池 循环寿命、系统稳定性要求更高，设备与建设成本也随之提升；同时不同项目的消防、温控、EMS系统配置标准差异，也带来了报价的分化。 
 ​ 
 三、中标主体核心特征 
 国企央企为绝对主力，主导大型项目市场本次开标中，中国电建、中国能建、中交、中建等八大建筑央企，以及平高储能这类国网系国企，占据了绝大多数200MWh以上大型项目的第一中标候选人位置。这类企业凭借雄厚的资金实力、全行业最高等级的资质、全流程服务能力与成熟的供应链体系，成为储能EPC市场的绝对主导者。 
 联合体投标成大型项目主流模式本次开标中，80%以上的大型EPC项目均采用联合体投标模式，主流组合为“电力设计院+施工总包单位+新能源技术企业”，实现了设计能力、施工能力、设备技术能力的优势互补，既降低了项目建设风险，也能更好地满足业主全流程“交钥匙”的需求。 
 地方企业深耕区域市场，占据中小型项目份额山西、河北等地的中小型项目，第一中标候选人多为地方电力工程、建工集团，这类企业凭借本地资源优势、更低的属地化建设成本，以及对当地电网接入、合规流程的熟悉度，在区域中小型储能项目中占据了稳定的市场份额。 
 新能源龙头企业全链条布局，自有项目自主承接以天顺风能为代表的新能源投资企业，通过设立自有EPC子公司，实现了项目投资、建设、运营的全链条闭环，既降低了项目建设成本，也实现了产业链利润的内部留存，成为新能源企业布局储能赛道的主流模式。 
 ​ 
 四、行业趋势总结 
 本次多地储能EPC密集开标，清晰折射出国内储能行业的三大发展趋势： 
 行业从低价内卷转向价值导向，价格分化成常态过去储能EPC市场普遍存在 “唯低价是取” 的内卷现象，而本次开标中，业主更看重项目的技术方案、交付能力、全生命周期稳定性，而非单纯的低价。不同类型、不同要求的项目报价分化显著，标志着行业正在回归理性，从规模扩张向高质量发展转型。 
 市场集中度持续提升，头部企业马太效应加剧储能EPC项目对资金、资质、技术、供应链、全流程服务能力的要求持续提升，中小玩家的生存空间持续收窄，市场资源加速向具备全产业链能力的国企央企、头部新能源企业集中，行业马太效应愈发显著。 
 储能类型多元化发展，对总包方技术能力要求持续提升从常规的2小时独立储能，到4小时共享储能、8小时长时储能，再到氢储融合、源网荷储一体化等复合型项目，储能应用场景持续多元化，对EPC总包方的技术能力、多场景适配能力、全流程服务能力提出了更高要求，具备技术储备与综合服务能力的企业将在市场竞争中占据更有利的位置。 
 ​ 
 来源: 未知    (责任编辑：admin) 
 文章标签： 
 上一篇： 内蒙古首座！浩普新能源重卡“光储充换”一体化示范站开工，单日可满足1000辆重卡补能 
 下一篇： 纯电重卡，2026锂电增量“新战场” 
 最近关注 
 工业和信息化部批准690项行业标准（含电池相关领域） 
 2026电池制造工程师报考全解析！零基础也能直接报初级！ 
 一周连爆四大百亿级电池项目新动态 
 全球电动汽车销量3月恢复增长 
 硬核突破！大连化物所研发高能量密度锂/氟化碳电池，解锁极端环 
 热点内容 
 起大早赶晚集，欧洲动力电池产业何时崛起？ 
 重磅！新能源突传三大利好！固态电池赛道即将爆发 
 彭博新能源财经报告：锂离子电池储能势将面对来自新型长时储能的 
 动力电池回收现“冰火两重天”，行业洗牌下产业链一体化成新趋势 
 “电池荒”来袭，生产纯电动汽车的车企要被卡脖子了？",2026-03-03,华电集团电子商务平台,http://www.cbcu.com.cn:81/m/view.php?aid=45445,accepted
LC-TEXT-0037,policy,关于开展2026年县域充换电设施补短板试点申报有关工作的通知,"财政部办公厅 工业和信息化部办公厅 交通运输部办公厅关于开展2026年县域充换电设施补短板试点申报有关工作的通知 - 广东省财政厅 
 开启长者助手 
 开启网站无障碍 
 移动门户 
 搜索 
 首页 
 政务公开 
 本厅概况 厅长之窗 时政要闻 
 财政新闻 政策文件 政策解读 通知公告 会议报道 机关党建 财政服务 媒体关注 人事管理 地市财政信息 
 数据解读 政府信息公开 
 信用信息双公示 重点领域信息公开（财政数据） 
 政务服务 
 广东省财政厅网上服务窗口 
 政务服务事项实施清单 
 公共服务支付平台 
 专题聚焦 
 聚焦2026广东两会 
 减税降费 
 互动交流 
 在线访谈 
 征集调查 
 领导信箱 网上信访 
 业务咨询 
 投诉举报 
 智能互动 
 答问知识库 
 返回首页 
 资讯平台 
 图片新闻 时政要闻 
 财政新闻 
 政务公开 
 政策文件 财政数据 政策解读 通知公告 
 办事平台 
 政务服务 
 咨询反馈 
 您所在的位置： 首页  >  政务公开  >  财政新闻 
 您所在的位置： 首页  >  政务公开  >  财政新闻 
 财政部办公厅 工业和信息化部办公厅 交通运输部办公厅关于开展2026年县域充换电设施补短板试点申报有关工作的通知 
 2026年03月13日 
 来源：财政部 
 财办建〔2026〕8号 有关省、自治区、直辖市财政厅（局）、工业和信息化主管部门、交通运输厅（局、委）： 　　为加快补齐农村地区公共充换电设施短板，进一步释放新能源汽车消费潜力，根据财政部、工业和信息化部、交通运输部（以下统称三部门）《关于开展县域充换电设施补短板试点工作的通知》（财建〔2024〕57号，以下简称《试点通知》）以及三部门办公厅《关于开展2025年县域充换电设施补短板试点申报有关工作的通知》（财办建〔2025〕3号，以下简称《2025年通知》）、《关于2024年、2025年县域充换电设施补短板试点工作的补充通知》（财办建〔2026〕2号，以下简称《补充通知》），现就2026年有关工作通知如下： 　　 一、试点县名额。 2026年，三部门支持两个及以上的县联合申报试点（以下简称联合试点县），共计划支持59个联合试点县。联合试点县应明确一个牵头县，具备条件的市辖区可参与联合试点县。三部门根据地方当前新能源汽车和公共充换电设施发展状况及未来潜力、地域面积、省内县（县级市）数量、当前财力状况、2025年试点省公共充换电设施接入新能源汽车公共充换电基础设施奖励资金清算平台（以下简称清算平台）情况、年度监督检查结果、各省试点县及地级市覆盖率，以及2025年绩效考核结果等因素分配省级试点县名额（见附件1）。2026年申报联合试点县的牵头县所在地级市2025年汽车保有量应不低于25万辆。 　　 二、鼓励绿电应用。 贯彻落实中央经济工作会议关于扩大绿电应用的决策部署，对于通过光伏发电的充换电场站，“自发自用”电量超过总充电量40%的，其“自发自用”年度总充电量可按1.2倍折算。2024—2025年通过备案的试点县参照执行。 　　 三、鼓励扩大试点覆盖范围。 为进一步扩大试点成效，鼓励各省在分配试点县名额时，综合考虑2024、2025年度备案试点县的区域布局情况，优先向尚未获得试点县备案的地级市倾斜。 　　 四、开展优秀案例征集工作。 为总结县域充换电设施建设运营好经验和好做法，面向已备案试点县征集优秀案例，模板见附件4。请各省于2026年6月30日前将汇总后的优秀案例材料（Word版）同步上传至清算平台。 　　 五、组织实施。 各省应加强统筹协调，指导第三批试点县因地制宜、科学合理制定数量目标。为进一步发挥稳投资、促消费作用，提升中央财政资金使用效益，各县应按照有关规划基本完成充换电设施建设运营前期准备工作后，再按程序向省级申报试点，力争试点县名单备案审查通过后即可开工建设，尽快形成实物工作量。原则上试点县应在名单确定后三个月内开工建设，确因土地征用、电力改造以及不可抗力等因素无法完成建设投运的，可适当延长，最多不超过一个月。试点县在选择充换电设施运营企业时应“优中选优”，选择质量可靠、服务优质、技术先进、群众满意的企业开展合作，并具备与清算平台互联互通和直连能力，充换电设施建成后1个月内完成与清算平台的对接。 　　 六、加强财政资金管理。 中央财政资金下达后，试点县应加快预算执行进度，项目执行中要及时汇总整理相应资金支付凭证，按照有关要求完成绩效评价，确保中央财政资金专款专用。 　　 七、其他申报要求。 各省应按照《试点通知》、《2025年通知》有关要求，组织试点县编制试点申报实施方案（实施方案正文继续按照《试点通知》附件1，实施方案附表按照本通知附件3）。通过竞争性评审的方式择优确定本省试点县名单，并于2026年3月18日前将试点县名单及试点实施方案按程序上报三部门备案，相关材料电子版一并上传至清算平台。 　　本通知未作规定事项按照《试点通知》、《补充通知》执行。 　　附件：1. 第三批试点县分省名额分配数量 　　　　　2. 第三批试点县年度考核指标及奖励标准 　　　　　3. 试点实施方案编制大纲附表 　　　　　4. 县域充换电设施补短板应用案例申报书 财政部办公厅  工业和信息化部办公厅  交通运输部办公厅 2026年3月6日 
 相关新闻： 
 · title 
 分享到：
 政府信息公开 
 网站地图 |
 联系方式 |
 交通指引 |
 版权声明 |
 网址域名 |
 浏览建议 |
 隐私保护 |
 法律责任 
 copyright 2006 www.gd.gov.cn All Rights Reserved 
 主办：广东省财政厅 
 技术支持：广东南方网络信息科技有限公司   
 粤公网安备44010402001407号 
 粤ICP备20008773号 
 网站标识码4400000038 
 建议使用1024×768分辨率 IE9.0以上版本浏览器 
 联系电话：020-83170170 仅受理网站建设维护相关事宜 
 ""广东财政"" 
 微信公众号 
 主办： 广东省财政厅 
 技术支持： 广东南方网络信息科技有限公司 
 粤ICP备20008773号 
 粤公网安备44010402001407号 
 网站标识码4400000038 
 联系电话：020-83170170",2026-03-06,财政部办公厅 工业和信息化部办公厅 交通运输部办公厅,https://czt.gd.gov.cn/czxw/content/post_4867133.html,accepted
LC-TEXT-0038,news,中汽协：1-2月汽车行业运行平稳 新能源渗透率41.2%,"中汽协：1-2月汽车行业运行平稳 新能源渗透率41.2%-经济参考网 _ 新华社《经济参考报》官方网站 
 新华通讯社主管 首页 >> 正文 中汽协：1-2月汽车行业运行平稳 新能源渗透率41.2% 
 2026-03-12 
 来源：经济参考网 
 【 大 中 小 】 近日，中国汽车工业协会在京召开 2026 年 3 月信息发布会，发布 2026 年 2 月汽车产销数据及行业运行情况。   据中国汽车工业协会数据，今年 2 月，我国汽车产销分别完成 167.2 万辆和 180.5 万辆。 1-2 月累计，汽车产销分别完成 412.2 万辆和 415.2 万辆。中国汽车工业协会副秘书长陈士华表示，今年春节在 2 月中下旬且假期有所延长， 2 月有效工作日仅 16 天，企业生产经营受到一定影响，市场活跃度总体有所下降。从 1-2 月累计看，汽车产销受政策切换、需求前置释放、春节假期错位等多重因素叠加影响，同比有所下滑，但行业结构性亮点依然突出。 新能源汽车渗透率维持高位 数据显示， 1-2 月新能源汽车累计产销分别完成 173.5 万辆和 171 万辆，其中 2 月新能源汽车新车销量达到汽车新车总销量的 42.4% ， 1-2 月累计渗透率为 41.2% ，尽管 1-2 月新能源汽车销量同比有所下降，但市场渗透率仍保持在较高水平。 中国品牌乘用车市占率超七成 在乘用车领域， 2 月，中国品牌乘用车共销售 107.8 万辆，占乘用车销售总量的 70.2% 。 1-2 月累计，中国品牌销量占比继续保持高位。从价格区间看，新能源乘用车在 15 万元以上价格区间的多个细分市场均实现同比增长，显示中国品牌在高端化方面取得积极进展。 与此同时，头部企业表现稳健。从重点企业看，比亚迪 1 月销量同比增长 17.5% ，环比增长 13.2% ；上汽集团 1 月销量同比增长 12.3% ，环比增长 11.1% 。 商用车市场持续向好 与乘用车市场短期调整形成对比，商用车市场延续向好趋势。数据显示， 1-2 月，商用车产销分别完成 66 万辆和 62.7 万辆，同比分别增长 7% 和 3.9% 。其中，重型货车销量 17.9 万辆，同比增长 16.5% ；中型货车销量 2.2 万辆，同比增长 169% ，增速显著。 新能源商用车方面， 1-2 月国内销量 9.9 万辆，占商用车国内销量比例为 22% ，同比增长 25.3% 。天然气商用车 1-2 月销量 3.6 万辆，整体保持平稳。 汽车出口保持快速增长 值得一提的是，汽车出口继续保持高增长态势。 2 月，汽车出口 67.2 万辆，同比增长 52.4% 。 1-2 月累计汽车出口 135.2 万辆，同比增长 48.4% 。其中，新能源汽车出口增速更为显著， 1-2 月累计出口 58.3 万辆，同比增长超过 110% 。 从企业表现看，整车出口前十企业均实现正增长。 1-2 月，奇瑞出口量达 24.3 万辆，同比增长 45.6% ，占出口总量的 18% ；吉利出口增速最为显著，出口 15.6 万辆，同比增长超过 150% ；特斯拉 2 月出口 2 万辆，同比增长 4.2 倍。 展望未来，陈士华表示，今年的政府工作报告明确提出要“激发居民消费内生动力和促消费政策并举”，“持续放大‘组合拳’效应”，“深入整治‘内卷式’竞争，营造良好市场生态”。他指出，随着节后地方补贴细则全面落地、春季车展促销启动、车企新品陆续上市，有助于提振居民消费信心，激发汽车市场活力，推动行业健康平稳运行。（钱琨） 
 凡标注来源为“经济参考报”或“经济参考网”的所有文字、图片、音视频稿件，及电子杂志等数字媒体产品，版权均属《经济参考报》社有限责任公司，未经书面授权，不得以任何形式刊载、播放。 获取授权 关于我们 版权声明 媒体刊例 信披平台 商务合作 《经济参考报》社有限责任公司版权所有 
 本站所有新闻内容未经协议授权，禁止转载使用 
 新闻线索提供热线：010-63074375 
 63072334　报社地址：北京市宣武门西大街57号 
 JJCKB.CN 京ICP备2024066810号-1 新闻线索提供热线：010-63074375 63072334 
 JJCKB.CN 《经济参考报》社有限责任公司版权所有 
 本站内容未经协议授权，禁止转载使用 京ICP备18039543号-1 中汽协：1-2月汽车行业运行平稳 新能源渗透率41.2%",2026-03-12,经济参考网,http://jjckb.xinhuanet.com/20260312/8c28af2af136426bafc8ad2b4eb665d0/c.html,accepted
LC-TEXT-0039,news,2026年2月中国动力电池企业装车量排行榜TOP10,"2026年2月中国动力电池企业装车量排行榜TOP10（附榜单）-排行榜-中商情报网 
 中商官网 
 中商情报网 
 数据库 
 行业与市场地位证明 
 十五五规划 
 报告库 
 特色服务 
 排行榜 
 首   页 
 金融排行榜 
 产业排行榜 
 全球排行榜 
 中商排行榜 
 报告库 
 数据库 
 研究院  
 研究报告 
 可研报告 
 商业计划 
 产业规划 
 首页 
 › 
 产业排行榜 
 2026年2月中国动力电池企业装车量排行榜TOP10（附榜单） 
 动力电池 
 中商产业研究院 
 2026-03-13 10:37 
 分享到： 
 中商情报网讯：2月，国内动力电池装车量26.3GWh，同比下降24.6%。TOP10企业动力电池装车量合计24.82GWh，市占率合计94.43%。 宁德时代动力电池装车量最高达12.90GWh，市占率49.10%。比亚迪、中创新航排名第二和第三，动力电池装车量分别为3.56GWh、1.58GWh，市占率分别为13.56%、6.00%。LG新能源、国轩高科、亿纬锂能、瑞浦兰钧、欣旺达、吉曜通行、正力新能进入前十，依次排名第4-10名。 数据来源：中国汽车动力电池产业创新联盟、中商产业研究院整理 更多资料请参考中商产业研究院发布的 《2026-2031年全球动力电池行业深度调研及投资前景预测报告 》 ， 同时中商产业研究院还提供 产业大数据 、 产业情报 、 行业研究报告 、 行业白皮书 、 行业地位证明 、 可行性研究报告 、 产业规划 、 产业链招商图谱 、 产业招商指引 、 产业链招商考察&推介会 、 “十五五”规划 等咨询服务。 
 中商情报网倡导尊重与保护知识产权。如发现本站文章存在版权问题，烦请联系 editor@askci.com， 我们将及时沟通与处理。 
 相关研究 
 更多 
 2025-2030年中国宽温域高比能动力电池市场调研分析及投资前景研究预测报告 
 2025-2031年中国动力电池回收行业市场深度分析及发展趋势研究预测报告 
 2025-2030年中国动力电池技术研究及发展前景投资预测分析报告 
 2025-2030年中国动力电池行业深度研究及发展前景投资预测分析报告 
 2025-2030年中国新能源动力电池散热系统市场调研分析及投资前景研究预测报告 
 2025-2030年中国动力电池回收行业深度研究及发展前景投资预测分析报告 
 相关排行 
 更多 
 2026年2月中国动力电池产销情况：销量同比增长11.4%（图） 
 动力电池 
 2026年2月中国动力电池装机量情况：磷酸铁锂电池装车量同比下降27.5%（图） 
 动力电池 
 2025年全球动力电池装机量前十企业排行榜（附榜单） 
 动力电池 
 2025年全球动力电池装机量前十国家排行榜（附榜单） 
 动力电池 
 2026年1月中国磷酸铁锂动力电池企业装车量排行榜TOP10（附榜单） 
 动力电池 
 2026年1月中国动力电池企业装车量排行榜TOP10（附榜单） 
 动力电池 
 最新报告 
 更多 
 2025-2030全球及中国焊接破碎锤除渣工具行业研究及十四五规划分析报告 
 焊接破碎锤除渣工具 
 2025-2030全球与中国焊接破碎锤除渣工具市场现状及未来发展趋势 
 焊接破碎锤除渣工具 
 2025-2030中国焊接镜片市场现状研究分析与发展前景预测报告 
 焊接镜片 
 2025-2030全球及中国焊接镜片行业研究及十四五规划分析报告 
 焊接镜片 
 2026-2031中国离子交换与吸附树脂市场现状研究分析与发展前景预测报告 
 塑料 
 2026-2031全球与中国离子交换与吸附树脂市场现状及未来发展趋势 
 塑料 
 最新信息 
 更多 
 2025年度中国协作机器人品牌销量排行榜TOP10（附榜单） 
 2025年全国各省市汽车产量排行榜 
 2025年全国各省市大气污染防治设备产量排行榜 
 2025年全国各省市包装专用设备产量排行榜 
 2026年1-2月中国汽车销量前十企业（集团）排行榜（附榜单） 
 2026年1-2月中国整车出口前十企业排行榜（附榜单） 
 2026年2月中国整车出口量前十企业排行榜（附榜单） 
 2025年全国各省市金属切削机床产量排行榜 
 2025年全国各省市交流电动机产量排行榜 
 中商情报网 
 更多 
 2026年中国物联网市场规模预测及重点企业分析（图） 
 2026年中国生成式人工智能用户规模及使用率预测分析（图） 
 2026年中国协作机器人行业销量预测分析（图） 
 2025年我国在线政务服务用户规模达9.40亿人 占网民整体83.5%（图） 
 2026年3月13日全国各地最新鸡蛋价格行情走势分析 
 2026年3月13日全国各地最新白条鸡价格行情走势分析 
 2025年我国在线教育用户规模达3.27亿人 占网民整体29.1%（图） 
 2025年我国互联网医疗用户规模达4.11亿人 占网民整体36.5%（图） 
 2026年3月13日全国各地最新白条猪价格行情走势分析 
 中商产业研究院 | 
 招商通 | 
 报告库 | 
 数据库 | 
 特色服务 
 地址：深圳市福田中心区红荔路1001号银盛大 厦7层(团市委办公大楼) 
 Copyright 2003-2026 askci Corporation, All Rights Reserved 中商产业研究院 版权所有 
 排行榜-内容页",2026-03-13,中商情报网,https://www.askci.com/news/20260313/103800277336947915573174.shtml,accepted
GFEX-WR-20260319,announcement,广期所碳酸锂仓单日报：仓单减少1029手,广州期货交易所2026-03-19仓单日报显示，碳酸锂仓单总量为34740手，减少1029手。,2026-03-19,广州期货交易所,https://www.gfex.com.cn/gfex/cdrb/hqsj_tjsj.shtml,accepted
LC-TEXT-0040,policy,"天津市电动汽车充电设施服务能力""质效双增""实施方案","关于印发《天津市电动汽车充电设施服务能力“质效双增”实施方案》的通知_委内文件_政务公开 
 天津政务网
 2019年12月3日星期二 
 简体 | 
 繁体 
 无障碍 
 长者模式 
 政务公开   >   政策文件   >   委内文件 
 名　　　 称 ： 
 关于印发《天津市电动汽车充电设施服务能力“质效双增”实施方案》的通知 
 索   引  号 ： 
 111200000001252098/2026-00004 
 发 布 机 构 ： 
 天津市发展和改革委员会 
 发 文 字 号 ： 
 津发改工业〔2026〕26号 
 主　　　 题 ： 
 国民经济和社会发展\产业发展规划 
 成 文 日 期 ： 
 发 文 日 期 ： 
 市级有关部门、 各区 充电设施管理部门 、各有关单位： 为贯彻落实《国家发展改革委等部门关于印发〈电动汽车充电设施服务能力 “ 三年倍增 ” 行动方案（ 2025-2027 年 ）〉的通知》（发改能源〔 2025 〕 1250 号 ）要求，市发展改革委会同相关单位研究制定了《天津市电动汽车充电设施服务能力 “ 质效双增 ” 实施方案》，现印发给你们，请结合工作实际，认真贯彻执行。 附件：天津市电动汽车充电设施服务能力 “ 质效双增 ” 实施方 案 20 2 6 年 1 月 23 日 附件   天津市 电动汽车充电设施服务能力 “ 质效双增 ” 实施方案   为贯彻落实《国家发展改革委等部门关于印发〈电动汽车充电设施服务能力 “ 三年倍增 ” 行动方案（ 2025-2027 年 ）〉的通知》（发改能源〔 2025 〕 1250 号 ）要求 ，加大力度完善电动汽车充电设施服务网络，服务能力 “ 质量 ” 和 “ 效能 ” 双重提升，促进新能源汽车等大宗消费 ，助力新能源汽车产业 高质量发展 ，结合我市实际制定本实施方案。 一、工作目标 通过持续健全 全市 充电网络，实现充电基础设施智能开放 、 充电设备快慢结合 、 充电服务安全便捷 、 充电信息互联互通，基本建成覆盖广泛、规模 适配 、结构合理、功能 完备、服务优质 的充电基础设施体系。到 2027 年底，在全市范围内建成 超 50 万台充电设施，充电容量达到 530 万千瓦，满足超过 100 万辆电动汽车充电需求。 二、公共充电设施提质升级行动 （一）补强城市快速充电网络体系。 以城市道路交通网络为依托，以 “ 两区 ” （居住区、办公区）、 “ 三中心 ” （商业中心、工业中心、休闲中心）为重点，推动城市充电网络从中心 区域 向城区边缘有序延伸。城市道路临近空间建设以快充为主、慢充为辅的公共充电基础设施， 加快建设 具有一定规模的集中式 大功率 充电基础设施 ，适时打造示范应用场景 。各区在 谋划实施 城市更新 和停车场建设 项目时， 应 因地制宜将充电基础设施纳入改造 或建设 范围，实现城市各类停车场景 100% 覆盖。 （市发展改革委、市住房城乡建设委、市城市管理委、市商务局、 国网天津 市电力公司、各区 充电设施管理部门等 按职责分工负责） （二）补全高速公路服务区充电服务能力。 推动 既有服务区充电设施 加快实施 升级改造和 扩容 ，新建高速公路服务区同步 配建 充电基础设施， 鼓励更新建设大功率充电设施，全面提高充电功率 。 推进津石高速静海西服务区、京津高速梅厂服务区等一批充电设施 重点项目 建设。到 2027 年 底 ，辖区内高速公路服务区大功率充电设施不少于 200 台。 （市交通运输委、市发展改革委、 国网天津 市电力公司等 按职责分工负责 ） （三）补齐 村镇 充电设施建设短板。 推动公共直流快充站建设， 重点 在乡镇行政许可服务中心、医院、学校等对外公共服务机构所属公共停车场， A 级景区、乡村旅游重点村、农家院、村委会等地配套建设公共充电基础设施，实现 “ 充电站区区全覆盖、充电桩 镇镇 全覆盖 ” 。推动规范充电基础设施共建共享， 统筹保障充电场站建设空间，为充电站提供用地支撑 。 提高资源利用节约集约水平 ，加大配套电网建设改造力度， 增强农村电网的支撑保障能力。（市发展改革委、市规划资源局、市工业和信息化局、市文化和旅游局、 国网天津 市电力公司、相关区 充电设施管理部门 等 按职责分工负责） 三、居住区充电条件优化行动 （四）加强居住区配建规定执行。 落 实新建居住区建设单位主体责任，严格落实国家 及 我市对新建小区充电基础设施配建要求，固定车位按规定 1 00% 建设充电基础设施或预留安装条件，满足直接装表接电要求。规划主管部门应在新建住宅规划条件和建设工程规划许可证阶段严格执行配建或预留充电基础设施的比例要求，建设 主管部门 要将充电基础设施配建情况纳入整体工程验收 范畴 。 鼓励各区 因地制宜 将充电基础设施纳入老旧小区 基础类设施 改造范围 ，并同步开展配套供配电设施建设 。 （市 住房城乡建设委、市规划资源局、市发展改革委、 国网天津 市电力公司、 各区 充电设施管理部门等 按职责分工负责） （五）推广居住区 “ 统建统营 ” 模式 。 重点在 电动汽车渗透率高、接入容量受限、私人桩建设存在制约的 居住 区 ， 持续开展公共充电基础设施建设，对具备安装条件的小区应建尽建，满足居民充电需求。 到 2027 年 底 ， “ 统建统 营 ” 小区公共充电基础设施不少于 5.2 万台 ， 实现 居住区充电桩 “ 有人建、有人管、可持续 ” 的发展格局 。 （ 市发展改革委、 市 住房城乡建设委、 国网天津 市电力公司、 各区 充电设施管理部门等 按职责分工负责） 四、车网互动规模化应用推广行动 （六）持续开展车网互动试点示范。 根据国家推动车网互动规模化应用试点有关工作要求，积极争取车网互动城市试点， 扎实推进车网互动试点项目建设。全面推广新能源汽车有序充电，扩大双向充放电（ V2G ）项目规模，丰富车网互动应用场景。 到 2027 年底，重点在社会化场站、社区居住区、公交场站等特殊场景，推广建设 V2G 桩 300 个，放电功率 5000 千瓦，实现 车网互动规模化应用有效扩大，互动资源可观、可测、可调、可控。 （市发展改革委、 国网天津 市电力公司等按职责分工负责） （七）组织电网企业等开展场景实测。 探索电动汽车负荷参与不同市场类型的技术实现方式，制定通信、控制、系统等标准，聚焦交通枢纽、景区、物流园区等充电场景，加强电动汽车与电网双向互动（ V2G ）新技术研究，充分挖掘电动汽车移动储能资源潜力。加强车网互动关键技术研究，加快车网互动充电示范场站建设，形成 “ 大型充电示范场站 + 小区有序充电站 ” 的车网互动充电网络。开展源网荷储一体化、光储充换一体站等试点示范 。 （市发展改革委、市工业和信息化局、 市科技局 、 国网天津 市电力公司、 各区 充电设施管理部门等按职责分工负责） 五、供电能力和供电服务改善行动 （八）加快配电网升级改造。 加强充电配电网络建设，新建居民区合理配置变压器容量， 加快 老旧社区 电力设施升级改造， 满足用户直接装表接电需要。 鼓励电网企业在电网接入、增容等方面 重点 服务充电基础设施建设。 加快推进快速充换电、大功率充电、智能有序充电、光储充协同控制等技术应用。（市发展改革委、市工业和信息化局、市住房城乡建设委、 国网天津 市电力公司、 各区 充电设施管理部门等 按职责分工负责） （九）强化报装接电服务保障。 持续优化 “ 联网通办 ” 政策，支持新能源汽车销售企业与电网、充电基础设施建设运营企业合作，为购买新能源车的百姓提供购车、接电、装桩 “ 一站式 ” 服务。落实 “ 三零 ”“ 三省 ” 服务举措，优化内部审批流程，提高接电服务效率。 供电企业在居民个人报装环节主动与物业服务企业、业主委员会等居住社区管理单位协商， 统一出具允许施工证明，备案制受理居民申请 。 物业服务企业、业主委员会等居住社区管理单位应积极配合用户安装充电基础设施并提供必要协助。 （ 市住房城乡建设委 、 市工业和信息化局、市发展改革委、 国网天津 市电力公司 等 按职责分工负责 ） 六、充电运营服务质量提升行动 （十）提升公共充电场站服务水平。 完善充电基础设施运维体系，落实充电基础设施建设运营企业主体责任，提升设施可用率和故障处理能力。 鼓励充电运营企业对现有充电设备 实施 升级改造 ，遵循 “ 科学布局、适度超前、安全可靠 ” 的原则，结合 新能源汽车发展趋势、充电需求 、区域 配电网容量 与电网承载能力精准 布局，全面清理 “ 僵尸桩 ” ， 避免低效无序建设造成的公共资源浪费。 通过优化场站环境、规范收费标准、做好价格公示、改进运维手段等措施，切实提升用户充电体验。（市发展改革委、 国网天津 市电力公司、 各区 充电设施管理部门等 按职责分工负责） （十一）加强 “ 国家 - 省 - 市 ” 三级监管平台体系建设。 完善 新能源汽车充电设施综合服务平台功能，推动充电基础设施全量接入，加强充电基础设施运营服务、行业监管、考核评价、运行分析、居民支付结算互联互通。引导充电基础设施建设运营企业参与市场化电力需求响应，开展绿电交易，支撑新型电力系统建设。分步骤、按阶段有序接入国家充电设施监测服务平台，支撑国家级平台建设。鼓励私人充电基础设施自愿接入。基于平台开展 “ 津 e 充 ”APP 建设，满足居民综合查询、智能导航、便捷支付等需求，实现充电服务 “ 一张网 ” 。（市发展改革委、市工业和信息化局、市交通运输委、 国网天津 市电力公司、 各区 充电设施管理部门等 按职责分工负责） 七、保障措施 （十二） 加强 组织保障 。 建立市发展改革委牵头，市住房城乡建设委、市工业和信息化局、 市交通运输委 等有关单位 组成 的协调机制，统筹全市充电基础设施建设，推进各项措施落实落地 ， 加强规划 设计 ，创新建设运营模式，定期开展实施情况评估，及时总结推广典型经验做法，构建智能高效、可持续发展的充电 基础 设施生态体系 。 （十 三 ）加强 落地实施 。 各区各部门要因地制宜，分类施策，加大推动力度，确保相关措施 落地见效 。落实建设全国统一大市场相关要求，鼓励充电运营企业、新能源车企和传统能源企业等各类企业公平参与市场竞争，支持民营经济在充电领域发展。能源主管部门要加大配套电网建设改造支持力度，指导电网规划与充电网络规划有效衔接。电网企业要加强配套电网建设和供电服务水平，加大 村镇 地区保障型充电设施的建设力度。充电设施运营企业要不断提升充电设施建设规模和服务品质。 （十 四 ）加强安全管理。 各区各部门 要 严格落实 《国务院安全生产委员会关于加强新能源汽车充电基础设施安全管理的意见》（安委〔 2024 〕 11 号 ）和 《 天津市贯彻落实 〈 国务院安全生产委员会关于加强新能源汽车充电基础设施安全管理的意见 〉 实施方案》 （ 津安生〔 20 25 〕 1 号 ）等文件要求 ， 依据职责分工 ， 加强充电设施安全管理， 督促 充电设施建设运营企业及 各类公共充换电场站管理单位严格按照 “ 三管三必须 ” 要求， 落实 各方安全责任 。 加强全生命周期安全管理，提升全链条安全风险防范水平，打造安全、可靠、规范、便捷的新能源汽车充换电基础设施网络 。 （十五）加强宣传引导。 通过新闻报道、互联网新媒体等渠道，加大政策宣传力度，及时发布充电设施建设动态，深度开展政策解读，做好试点跟踪报道。加强跨行业、跨领域交流，丰富互动形式，形成有利于新能源汽车消费和充电基础设施提质升级的良好氛围。     
 附件： 
 | 政策解读
 | 相关政策
 | 相关报道
 版权声明
 | 
 网站地图
 | 
 使用帮助
 | 
 联系我们
 主办单位：天津市发展和改革委员会 
 联系电话：23142050 技术支持：市大数据管理中心 
 网站标识码：1200000015 津ICP备 08100007号-14 
 津公网安备12010102001387号
 系统检测到您正在使用ie11以下内核的浏览器，不能实现完美体验，请更换或升级浏览器访问！
 版权声明 | 网站地图 | 使用帮助 | 联系我们 
 主办单位：天津市发展和改革委员会 
 联系电话：23142050 技术支持：天津市信息中心 
 网站标识码：1200000015 津ICP备 08100007号-14 
 津公网安备12010102001387号",2026-03-23,天津市发展改革委,https://fzgg.tj.gov.cn/zwgk_47325/zcfg_47338/zcwjx/fgwj/202603/t20260323_7267626.html,accepted
GFEX-WR-20260324,announcement,广期所碳酸锂仓单日报：仓单减少1459手,广州期货交易所2026-03-24仓单日报显示，碳酸锂仓单总量为32078手，减少1459手。,2026-03-24,广州期货交易所,https://www.gfex.com.cn/gfex/cdrb/hqsj_tjsj.shtml,accepted
LC-TEXT-0041,news,广东潮州200MW/400MWh独立储能电站EPC中标候选人公示,"中国储能网 -国内新闻 - 今日招中标动态｜1.315元/Wh！广东潮州200MW/400MWh独立储能电站EPC中标公示 } 
 中国储能网欢迎您！ 
 数字储能网 | 中国国际储能大会 
 微信公众号 微信小程序 
 搜索 
 首页 
 价格指数 
 企业指数 
 装机规模 
 产能与出货量 
 电价与交易 
 国际市场 
 市场预测 
 政策与解读 
 标准与规范 
 主要活动 
 当前位置： 
 首页 
 > 新闻动态 > 国内新闻   返回 
 今日招中标动态｜1.315元/Wh！广东潮州200MW/400MWh独立储能电站EPC中标公示 
 作者：王谊秀 
 来源：中国储能网 
 发布时间：2026-04-02 
 浏览： 次 
 中国储能网讯： 共计3个中标动态，3个招标动态。 
 中标方面，4月1日，深能锡林郭勒西乌珠穆沁旗电网侧压缩空气储能项目地下储气库工程EPC总承包中标候选人公示，中铁十八局集团有限公司预中标， 投标报价10.84亿元 ；3月31日，广东潮州200MW/400MWh独立储能EPC中标结果公示，中建八局广西建设有限公司成功中标， 折合单价1.315元/Wh ；3月27日，中石油2026年逆变器集中采购项目中标候选人公示，本次集采分为4个标包，合计容量5GW， 科华/阳光/华为等11家企业入围。 
 招标方面，4月1日，宁夏中宁100MW/400MWh增容储能电站项目EPC发布招标公告；山西沁源能量池200MW400MWh独立储能电站项目工程设计服务直接招标。 
 【中标项目】 
 1、10.84亿，内蒙古电网侧压缩空气储能项目地下储气库工程EPC中标候选人公示 
 4月1日，深能锡林郭勒西乌珠穆沁旗电网侧压缩空气储能项目地下储气库工程EPC总承包中标候选人公示。 
 第一中标候选人为中铁十八局集团有限公司，投标报价：1083902717.28元；第二中标候选人为中交一公局集团有限公司，投标报价：1099951303.00元。 
 招标范围：中标人负责完成深能锡林郭勒西乌珠穆沁旗电网侧压缩空气储能项目地下储气库工程勘察、设计、采购、施工一体化EPC总承包工程，储气库运行压力范围为9.6-17MPa，须满足在额定工况下充电时长6.5小时，达到满功率持续发电4小时的能力，储气库总容积不少于63.9万m。 
 2、1.315元/Wh！广东潮州200MW/400MWh独立储能电站EPC中标公示 
 3月31日，广东省潮州市200MW/400MWh独立储能电站项目EPC总承包工程中标结果公示，中建八局广西建设有限公司成功中标，中标金额为52600.78万元，折合单价1.315元/Wh。 
 据悉，该项目总建设容量400MWh，功率200MW，分为储能场区和220kV升压站区两部分。储能场区采用户外一体舱布置，电池舱与PCS舱分舱设计，选用磷酸铁锂电池，PCS舱采用逆变升压一体结构；升压站配置1台200MVA主变，以1回约0.5km的220kV线路接入220kV岗华变电站。 
 3、科华/阳光/华为等11家企业入围！中石油5GW逆变器集采中标候选人公示 
 3月27日，中国石油天然气集团有限公司2026年逆变器集中采购（定商定价）项目中标候选人公示，本次集采分为4个标包，合计容量5GW。阳光电源、上能电气、科士达在4个标段均有入围，固德威则入围3个标段，其余企业则入围2个标段。 
 根据招标公告，中标供应商应提供满足逆变器产品本体及其附属设备、配套服务等。包含逆变器及其设备正常运行所必需的附属装置、备品备件及专用工具的设计、制造、试验、包装、运输、交货和指导现场安装、提供工厂图纸（如有）及资料，以及现场安装调试阶段的质量检查、试验、配合试运行和验收、技术文件的编制等工作。 
 【招标项目】 
 1、宁夏100MW/400MWh储能电站项目EPC招标！ 
 4月1日，宁夏中宁县泰源能源科技发展有限公司恩和400MWh增容储能电站项目EPC发布招标公告，项目总投资30000万元，合单价0.75元/Wh。招标人为中宁县泰源能源科技发展有限公司。 
 本项目扩建100MW/400MWh储能，共设置20个5.016MW/20.064MWh储能单元。其中单个5.016MW/20.064MWh储能单元采用4台1254kW/5016kWh交直流一体组串式储能预制舱与1台5500kVA三相干式双绕组变压器组成；单台1254k/5016kWh交直流一体组串式储能预制舱由1套电池仓和3台418kW组串式PCS组成。原储能项目改造将原华严一期200MW/400MWh储能项目规模容量降为100MW/400MWh储能，合计储能规模容量为200MW/800MWh，共通过8回集电线路接至储能系统原配套110kV升压站35kV配电室，通过110kV升压站升压接至电网。 
 2、山西沁源能量池200MW400MWh独立储能电站工程设计招标 
 4月1日，山西沁源能量池200MW400MWh独立储能电站项目工程设计服务直接招标，储能电站占地约43.88亩。项目规划建设一座独立电化学储能电站，建设规模为200MW/400MWh，采用磷酸铁锂电池储能系统，升压站及储能设备采用站房式模块化安装。储能部分:配置40套5MW/10MWh储能单元。储能区内每5套储能单元的升压变压器35kV侧，汇集为1回35kV储能汇集线，储能系统共8回储能汇集线接入220kV升压站的35kV母线。 
 3、山东10MW/20MWh分布式云储能电站项目(EPC+O)招标 
 3月31日，山东峻储市中10MW/20MWh分布式云储能电站项目(EPC+O)招标，招标人为枣庄峻储新能源技术有限责任公司，10MW/20MWh磷酸铁锂电池储能系统，包括储能电池预制舱、PCS升压变流一体舱(包括升压变压器、高压开关柜等)，包括自初步设计至竣工验收移交、质保期服务的全过程工作及运营，具体涵盖勘察设计、设备材料采购供应、工程施工、系统调试与试验等。 
 分享到： 
 关键字： 招中标 
 中国储能网版权说明： 
 1、凡注明来源为“中国储能网：xxx（署名）”，除与中国储能网签署内容授权协议的网站外，未经本网授权，任何单位及个人不得转载、摘编或以其它方式使用上述作品。 
 2、凡本网注明“来源：xxx（非中国储能网）”的作品，均转载与其他媒体，目的在于传播更多信息，但并不代表中国储能网赞同其观点、立场或证实其描述。其他媒体如需转载，请与稿件来源方联系，如产生任何版权问题与本网无关。 
 3、如因作品内容、版权以及引用的图片（或配图）内容仅供参考，如有涉及版权问题，可联系我们直接删除处理。请在30日内进行。 
 4、有关作品版权事宜请联系：13661266197、 邮箱：ly83518@126.com 
 版权所有：中国储能网© Copyright 2009 - 2026. All Rights 未经授权，禁止复制或建立镜像 
 新闻和版权信息联电话：010-88337719、010-88337717 
 中国储能网 
 联系我们 
 免责声明 
 版权声明 
 诚聘英才 
 广告热线：010-88337719、010-88337717 
 联系地址：北京市西城区阜成门外大街1号四川大厦东塔楼30层 
 京ICP备12023756号-1 　　　 京公网安备11010202010553 　　　 违法和不良信息举报电话",2026-03-27,北极星储能网,https://www.escn.com.cn/news/show-2245284.html,accepted
GFEX-WR-20260330,announcement,广期所碳酸锂仓单日报：仓单增加953手,广州期货交易所2026-03-30仓单日报显示，碳酸锂仓单总量为31064手，增加953手。,2026-03-30,广州期货交易所,https://www.gfex.com.cn/gfex/cdrb/hqsj_tjsj.shtml,accepted
GFEX-WR-20260331,announcement,广期所碳酸锂仓单日报：仓单减少19746手,广州期货交易所2026-03-31仓单日报显示，碳酸锂仓单总量为11318手，减少19746手。,2026-03-31,广州期货交易所,https://www.gfex.com.cn/gfex/cdrb/hqsj_tjsj.shtml,accepted
GFEX-WR-20260401,announcement,广期所碳酸锂仓单日报：仓单增加6340手,广州期货交易所2026-04-01仓单日报显示，碳酸锂仓单总量为17658手，增加6340手。,2026-04-01,广州期货交易所,https://www.gfex.com.cn/gfex/cdrb/hqsj_tjsj.shtml,accepted
LC-TEXT-0042,announcement,关于2025年第四季度计提资产减值准备的公告,"1/2
证券代码：688063 证券简称：派能科技 公告编号：2026-014
上海派能能源科技股份有限公司
关于 2025 年第四季度计提资产减值准备的公告
本公司董事会及全体董事保证本公告内容不存在任何虚假记载、误导性陈述
或者重大遗漏，并对其内容的真实性、准确性和完整性依法承担法律责任。
一、计提减值准备的情况概述
根据《企业会计准则》和上海派能能源科技股份有限公司（以下简称“公司”）
会计政策的相关规定，为客观、公允地反映公司截至2025年12月31日的财务状况
和2025年第四季度经营成果，公司及子公司对截至2025年12月31日合并范围内可
能存在减值损失的各项资产进行了评估和分析，本着谨慎性原则，公司对相关资
产进行了减值测试并计提了相应的减值准备。2025年第四季度，公司计提各类信
用及资产减值损失合计人民币22,345,025.28元，具体如下：
单位：人民币元
项目 2025 年第四季度计提金额
信用减值损失
应收票据坏账损失 -788,125.14
应收账款坏账损失 12,520,642.28
其他应收款坏账损失 54,264.93
资产减值损失
存货跌价损失 10,422,215.12
合同资产减值损失 136,028.09
合计 22,345,025.28
二、计提减值准备事项的具体说明
（一）信用减值损失
公司以预期信用损失为基础，对应收票据、应收账款、其他应收款进行减值
测试。经测试，公司2025 年第四季度需计提信用减值损失金额共计人民币
11,786,782.07元。
2/2
（二）资产减值损失
公司在资产负债表日有迹象表明发生减值的，估计其可收回金额，进行减值
测试。对存货资产，在资产负债表日存货成本高于可变现净值部分，计提了存货
跌价准备；按预期信用为基础，计提合同资产减值损失。经测试，公司2025年第
四季度需计提资产减值损失金额共计人民币10,558,243.21元。
三、本次计提减值准备对公司的影响
2025年第四季度，公司合并报表口径计提信用减值损失和资产减值损失合计
人 民 币 22,345,025.28 元 ， 对 公 司 合 并 报 表 利 润 总 额 影 响 数 为 人 民 币
22,345,025.28元（合并利润总额未计算所得税影响）。本次2025年第四季度计
提信用减值损失和资产减值损失数据已经天健会计师事务所（特殊普通合伙）审
计确认。
四、其他说明
公司2025年第四季度计提减值准备的依据充分，计提方式、计提比例合理，
符合《企业会计准则》及公司会计政策的相关规定，能够真实客观反映公司截至
2025年12月31日的财务状况和2025年第四季度经营成果，符合相关法律法规的规
定和公司实际情况，不存在损害公司和股东利益的情形，不会影响公司正常经营。
敬请广大投资者注意投资风险。
特此公告。
上海派能能源科技股份有限公司董事会
2026 年 3 月 31 日",2026-04-01,巨潮资讯网,http://static.cninfo.com.cn/finalpage/2026-04-01/1225068737.PDF,accepted
GFEX-WR-20260402,announcement,广期所碳酸锂仓单日报：仓单增加1580手,广州期货交易所2026-04-02仓单日报显示，碳酸锂仓单总量为19238手，增加1580手。,2026-04-02,广州期货交易所,https://www.gfex.com.cn/gfex/cdrb/hqsj_tjsj.shtml,accepted
GFEX-WR-20260403,announcement,广期所碳酸锂仓单日报：仓单增加2000手,广州期货交易所2026-04-03仓单日报显示，碳酸锂仓单总量为21238手，增加2000手。,2026-04-03,广州期货交易所,https://www.gfex.com.cn/gfex/cdrb/hqsj_tjsj.shtml,accepted
GFEX-WR-20260408,announcement,广期所碳酸锂仓单日报：仓单增加2146手,广州期货交易所2026-04-08仓单日报显示，碳酸锂仓单总量为23654手，增加2146手。,2026-04-08,广州期货交易所,https://www.gfex.com.cn/gfex/cdrb/hqsj_tjsj.shtml,accepted
LC-TEXT-0043,policy,关于开展2026年电力领域综合监管工作的通知,"包括电源、储能等接入电网流程和时限执行情况！国家能源局发布开展2026年电力领域综合监管工作通知 - 储能中国网 
 设为首页 
 收藏本站 
为创新服务，专业的新型储能信息平台！ 
 储能电池 
 储能材料 
 储能系统 
 消防与监控 
 项目案例 
 网站首页 
 要闻头条 
 政策规范 
 企业动态 
 行业资讯 
 技术应用 
 新型储能技术 
 抽水储能 
 氢储能 
 综合能源服务 
 产品与系统 
 储能电池 
 储能材料 
 储能系统 
 消防与监控 
 工程项目 
 电源侧 
 电网侧 
 用户侧 
 微电网 
 新型电力系统 
 观点与研究 
 产业观点 
 产业研究 
 招标与数据 
 项目招标 
 报告数据 
 活动动态 
 最新通知 
 市场动态 
 储能视讯 
 行业直播 
 人才招聘 
 会展推荐 
 会展信息 
 会展报道 
 创新者联盟 
 关于联盟 
 会员中心 
当前位置： 首页  >  行业资讯 
 包括电源、储能等接入电网流程和时限执行情况！国家能源局发布开展2026年电力领域综合监管工作通知 
 2026-04-08 11:47:13 
 来源：国家能源局 
 关键词： 
 新能源 储能 
 　　储能中国网获悉，近日，国家能源局发布关于开展2026年电力领域综合监管工作的通知。决定在河北省、吉林省、福建省、湖南省、广东省、新疆维吾尔自治区开展电力领域综合监管工作。 
 　　工作内容方面指出，包括节能降碳任务落实、自然垄断环节规范运营、电力市场建设和市场秩序、电力基础设施运营和用电营商环境四个方面。 
 　　电网公平开发情况方面指出， 
 　　重点监管电网企业接网工程投资建设和回购情况，电源、储能等各类主体接入电网流程和时限执行情况，电网互联项目流程和时限执行情况，公平开放工作制度建立和落实情况，电网企业信息公开和报送情况等。 
 　　节能降碳任务落实方面表示， 
 　　重点监管“沙戈荒”新能源基地规划电源、送出工程建设情况，“沙戈荒”新能源消纳情况，外送输电通道工程与基地电源工程协同建设情况，外送电量中新能源电量占比情况等。调研了解“沙戈荒”新能源基地项目规划落实情况等。 
 　　重点监管2025年以来新能源外送和就地消纲情况，促进新能源消纳的重点电网工程建设情况，调节能力优化专项行动落实情况，可再生能源调度运行情况，新能源利用率监测统计报送情沉等。调研了解可再生能源电力消纳贵任权重落实情况，根据新能源利用率目标确定年度开发规模上限情况，新能源集成融合发展情况等。 
 　　调研了解零碳园区建设过程中绿电直连项目建设实施落地情况、绿电直连项目发电量和向公共电网购电量情况，碳排放置换的新上“两高”工业项目实际发用电情况，碳排放置换源企业的绿电直连潜代、自备电厂煤电机组发电量压减、煤炭消费压减情况等。 
 　　电力市场建设和市场秩序方面主要包括： 
 　　1.全国统一电力市场建设情况。重点监管2025年以来电力中长期、现货、辅助服务等市场建设情况，相关制度规则的合规性、制修订及时性情况等。调研了解全国统一电力市场建设。 
 　　2.电力市场公平竞争情况。重点监管2025年以来电力市场合规交易情况、规范报价情况、按规则披露相关信息情况，是否存在利用市场支配地位行使市场力、串通报价、利用“发售一体”优势进行不正当竞争情况等。 
 　　3.电力市场规范运行情况。重点监管2025年以来电网企业、市场运营机构执行国家法律法规及有关政策、交易规则情况，独立规范运行、规范开展结算、组织各类交易情况，履行市场风险防控职责情况，市场信息披露和报送情况等。 
 　　通知表示，5月上旬至6月中旬现场监管、调研。国家能源局组成现场工作组，通过调阅资料、实地察看等方式，对6个省份有关电力企业、电力交易机构开展现场监管;对电力领域新业态、新模式和能源主管部门相关工作开展调研。现场工作安排另行通知。 
 　　原文如下： 
 上一篇： 新疆四大绿电直连项目获批！ 
 下一篇： 返回列表 
 储能中国网版权及免责声明： 
 1）储能中国网转载其他网站内容文字或图片，出于传递更多行业信息而非盈利之目的，同时本网站并不代表赞成其观点或证实其描述，内容仅供参考。版权归原网站、作者所有，若有侵权，请联系我们删除。 
 2）凡注明“来源-储能中国网” 的内容属储能中国网原创，转载需授权，转载应并注明“来源：储能中国网”。 
热点图文 
 新疆哈密“全钒液流”独立储能电站转入商业运营​ 
 含1.2GW/4h储能！全国已获批新能源装机规模最大和绿电占比最高“沙 
 含5GWh储能！总投资988亿元！内蒙古库布其沙漠12GW风光大基地全面开 
 国家地方共建新型储能创新中心总部基地正式启用 
 150MW/600MWh！全球海拔最高、规模最大！华能海南州储能项目顺利并网 
精彩看点 
 SNEC ES+第十二届(2026)国际储能和电池(上海)大会暨展览会 邀请 
 构建“超弛豫临界态” 我国团队突破无铅介质陶瓷高效脉冲储能关 
 2025第三届储能行业年会在京隆重举办 
 含1.2GW/4h储能！全国已获批新能源装机规模最大和绿电占比最高“沙 
 构网型储能如何担当电网的“定星盘” 
24小时排行榜 
 1 《“十四五”新型储能发展实施方案》解读 
 2 150MW/600MWh！全球海拔最高、规模最大！华能海南州储能项目顺利并网 
 3 构网型储能：让新能源并网更稳更灵活 
 4 国家标准丨《电化学储能电站环境影响评价导则（征求意见稿）》 
 5 《储能产业研究白皮书2022》发布：2021年中国新型储能新增投运2.4G 
 6 33家中央企业携手！中央企业新型储能创新联合体正式启动 
 7 中国全钒液流电池创业图谱 
 8 国家地方共建新型储能创新中心总部基地正式启用 
 9 华为入手钠离子电池 储能技术格局或将颠覆 
 10 阳光电源-首推中国1500V储能系统 
 关于我们 
 | 
 联系我们 
 | 
 宣传合作 
 | 
 人才招聘 
 本网站部分内容均由编辑从互联网收集整理，如果您发现不合适的内容，请联系我们进行处理，谢谢合作！ 
 版权所有：储能中国网 
 备案信息: 京ICP备2022014822号-1 
 投稿邮箱：cnnes2022@163.com 
 Copyright ©2010-2022 储能中国网 www.cnnes.cc 
 京公网安备 11010502049734号",2026-04-08,国家能源局,http://www.cnnes.cc/hangye/20260408/13148.html,accepted
GFEX-WR-20260409,announcement,广期所碳酸锂仓单日报：仓单增加1010手,广州期货交易所2026-04-09仓单日报显示，碳酸锂仓单总量为24664手，增加1010手。,2026-04-09,广州期货交易所,https://www.gfex.com.cn/gfex/cdrb/hqsj_tjsj.shtml,accepted
LC-TEXT-0044,news,中车株洲所中标290MW/1.16GWh储能系统采购,"招中标日报｜0.496元/Wh！中车株洲所中标290MW/1.16GWh储能系统采购_世纪新能源网 Century New Energy Network 
 分享好友 
 资讯首页 
 网站导航 
 招中标日报｜0.496元/Wh！中车株洲所中标290MW/1.16GWh储能系统采购 
 2026-04-14 09:00 1181 0 
 刘英丽 
 2026-04-14 09:00 · 头闻号 储能项目 
 TA的动态 
 01  招标情报 1、0.73元/Wh！重庆綦江削峰填谷储能项目招标 4月10日，重庆綦江工业园区管委会发布綦江区削峰填谷储能建设项目招标公告，招标人为重庆綦创建设开发有限公司，该项目最高限价20917.98万元，其中，储能柜储能系统的综合单价为0.73元/Wh。据了解，重庆綦创建设开发有限公司的实际控制人为重庆市綦江区国有资产监督管理委员会属于国资公司。本项目不接受联合体参与投标，否则按无效处理。 2、湖北能源集团80MW/160MWh储能电站EPC总承包招标 4月10日，湖北能源集团江陵构网型风储一体化电站示范项目EPC总承包工程招标。装机规模100MW，配置总装机规模80%（80MW/160MWh）的磷酸铁锂电化学储能。其中，风电升压站就地配套建设湖北能源集团江陵沙岗70MW/140MWh电化学储能电站，异地配套建设湖北能源集团江陵资市10MW/20MWh电化学储能电站。招标范围包括但不限于江陵沙岗风储电站、江陵资市储能电站（含送出线路和资市变10kV间隔扩建）的全部勘察设计；除甲供设备（风机及塔筒、储能系统设备）外的设备、材料的采购；建筑及安装工程施工等。 3、石家庄100MW/400MWh独立储能试点项目EPC招标 4月11日，石家庄平山县财东100MW/400MWh独立储能试点项目EPC总承包工程招标。本项目新建储能系统容量为100MW/400MWh，其中磷酸铁锂储能系统为85MW/340MWh、钠离子储能系统为15MW/60MWh，220KV升压站一座、电气综合楼一座及相关附属配套设施。本次招标为石家庄平山县财东100MW/400MWh独立储能试点项目EPC总承包的设计、设备采购及工程施工等与本项目相关的全部工作。 4、河北平山县100MW/400MWh独立储能试点项目启动EPC招标 4月13日，河北财东新能源开发有限公司发布石家庄平山县财东100MW/400MWh独立储能试点项目EPC总承包工程招标公告。项目建设地点位于石家庄市平山县西大吾乡西大吾村、尤家庄村，新建储能系统总容量为100MW/400MWh，其中磷酸铁锂储能系统85MW/340MWh，钠离子储能系统15MW/60MWh，同时配套建设220kV升压站一座、电气综合楼及相关附属设施。 02 中标情报 1、中车株洲所中标290MW/1160MWh储能系统采购 4月13日，(大唐国际)大唐河北张家口发电厂百万新能源基地290MW/1160MWh配套储能项目磷酸铁锂电池储能系统采购中标结果公示，中车株洲电力机车研究所有限公司中标，中标金额为57540万元，折合单价为0.496元/Wh。据悉，本项目储能分为两个场址进行布置，100MW/400MWh储能系统布置于张家口发电厂500kV升压站旁，190MW/760MWh储能系统布置在龙关300MW 光伏 项目升压站旁。 2、0.6777元/Wh！中卫工业园区50兆瓦/100兆瓦时负荷侧储能项目EPC开标 4月11日，中卫工业园区50兆瓦/100兆瓦时负荷侧储能项目EPC总承包中标公示，中标单位为中国能源建设集团(甘肃)工程有限公司&大唐环境产业集团股份有限公司，中标金额为6777.0027万元，折合单价0.6777元/Wh。招标范围包括负责设计及施工建设一套50MW/100MWh储能系统,配套建设35KV线路及其相关设施设备，其中变流升压一体机总容量50MW，储能电池总容量100MWh。 3、0.519元/Wh！济柴动力预中标甘肃80MW/320MWh风电储能系统 4月9日，甘肃玉门油田红柳泉新能源基地一期50万千瓦风电项目储能系统采购中标候选人公示。第一中标候选人为中国石油集团济柴动力有限公司，投标报价16596.71万元，折合单价0.519元/Wh；第二中标候选人为广州智光储能科技有限公司，投标报价16627.8万元，折合单价0.520元/Wh；第三中标候选人为远景能源有限公司，投标报价16320万元，折合单价0.510元/Wh。 4、中国能建葛洲坝二公司中标北海威昱新型独立共享储能电站项目 近日，中国能建葛洲坝二公司成功中标北海威昱新型独立共享。储能电站项目（一期）。据悉，该项目位于广西壮族自治区北海市，占地约41.75亩，建筑面积约1000平方米，规划建设规模为200兆瓦/362兆瓦时的电化学与超级电容混合储能电站，并配套建设主控中心、主控室、低压配电室等设施。 免责声明：本平台仅供信息发布交流之途，请谨慎判断信息真伪。如遇虚假诈骗信息，请立即举报 举报 
 反对 0 
 分享 40 
 更多 相关文章 
 储能电芯榜单生变！黑马猛冲第六，“腰部”席位厮杀升级 
 21秒前更新 
 储能系统的构网能力哪家强？主流品牌硬核实力对比 
 21秒前更新 
 储能成为配套刚需后，底层技术赛点在于芯片？ 
 21秒前更新 
 储能出货暴涨188%！300亿龙头半年报里的“减亏密码” 
 21秒前更新 
 储能上市公司董事长、总经理辞职！ 
 21秒前更新 
 储能出海为啥必须死磕ESG？ 
 21秒前更新 
 储能安全，进入“AI+全链路”时代 
 21秒前更新 
 储能系统循环效率排名测评：五大品牌深度较量，谁是效率标杆？ 
 21秒前更新 
 储能全线涨价：头部企业的狂欢，中小厂的“生死劫”！ 
 21秒前更新 
 储能系统哪家好？利星能TRITON-6251以“光储同寿”重新定义25年价值周期 
 21秒前更新 
 评论 0 
 收藏 
 点赞",2026-04-13,世纪新能源网,https://m.ne21.com/news/show-226386.html,accepted
LC-TEXT-0045,news,财联社汽车早报4月13日,"财联社汽车早报4月13日|新能源汽车_新浪财经_新浪网 
 新浪首页 
 新闻 
 体育 
 财经 
 娱乐 
 科技 
 博客 
 图片 
 专栏 
 更多 
 汽车 
 教育 
 时尚 
 女性 
 星座 
 健康 
 房产 历史 视频 收藏 育儿 读书 
 佛学 游戏 旅游 邮箱 导航 
 移动客户端 
 新浪微博 
 新浪新闻 
 新浪财经 
 新浪体育 
 新浪众测 
 新浪博客 
 新浪视频 
 新浪游戏 
 天气通 
 我的收藏 
 注册 
 登录 
 滚动新闻 > 
 正文 
 行情 
 股吧 
 新闻 
 外汇 
 新三板 
 财联社汽车早报4月13日 
 财联社汽车早报4月13日 
 2026年04月13日 08:52 
 财联社 
 新浪财经APP 
 缩小字体 
 放大字体 
 收藏 
 微博 
 分享 
 MD 
 微信 
 腾讯QQ 
 QQ空间 
 转自：财联社 工信部原副部长苏波：2030年新能源汽车市场渗透率预计超过70% 4月11日，智能电动汽车发展高层论坛（2026）在北京召开，国家制造强国建设战略咨询委副主任、工信部原副部长苏波表示，“十五五”是我国由汽车大国建成汽车强国的决胜期，新能源汽车要承担制造强国、科技强国、交通强国、“双碳”目标的国家使命。到2030年，新能源汽车将成为汽车市场绝对主体，国内渗透率将超过70%。到“十五五”末期，建成新能源汽车强国目标有望提前实现。 财联社汽车：2030年新能源车将成市场绝对主体。 中国科学院院士欧阳明高：纯电驱动汽车优势将愈发突出 2040年新能源保有量将达3亿-3.8亿辆 4月11日，中国科学院院士欧阳明高表示，随着技术发展，纯电驱动新能汽车的优势将越来越突出，是中国在全球市场最具竞争优势的车，出口增速最快。“我国从汽车大国迈向汽车强国的必由之路，路径就是电动化加智能化加低碳化，构建中国新能源汽车技术强国，市场优势全球化，新能源汽车成为占领全球国际市场的主攻产品。”欧阳明高预计，至2030年，中国新能源乘用车70%以上、2035年80%以上都将是纯电汽车，其余将会是大电池混合动力；2030年，纯电与插混增程车的比例至少是7：3，2035年为8：2，2040年为9：1。欧阳明高同时预计，我国新能源汽车保有量2030年将达到1亿-1.5亿辆，2035年2亿-3亿辆，2040年3亿-3.8亿辆。 财联社汽车：中国新能源将凭技术与成本优势主导全球市场。 中国工程院院士李克强：安全依然是智能驾驶行业亟待解决的首要问题 4月11日，中国工程院院士、清华大学车辆与运载学院教授李克强表示，安全依然是行业亟待解决的首要问题。当前智能驾驶存在固有的技术瓶颈，成为威胁道路交通安全和智能驾驶规模化健康发展的重要因素。李克强提出，车路云一体化系统为车辆提供多维数据输入，实现车路云全域协同感知，增强环境感知与风险预判能力，为智能驾驶汽车建立“数字轨道”，提升智能网联汽车驾驶安全性与通行效率，支撑智慧交通高效稳定运行。车路云一体化系统的数据兼具“海量性”与“完备性”，融合车辆自主上报、路侧感知，与交通指挥信号、交通事件等全维度数据获取模式，打破数据孤岛，为AI大模型训练建立了提升安探索产全的“数字发电站”，在保障智能驾驶安全的同时，降低模型训练成本，提升训练效率。 财联社汽车：智能驾驶规模化的核心瓶颈在安全，单车智能存在感知极限，“车路云一体化” 可以全域协同补盲、筑牢防线。 乘联分会崔东树：预计2026年汽车总批发量3480万辆 同比增长1% 4月12日，乘联分会秘书长崔东树表示，预计2026年汽车总批发量3480万辆，同比增长1%；厂家乘用车总批发量为3009万辆，同比增长2%。预计国内销量2359万辆，同比下降1%；厂家出口量650万辆，同比增长13%。预计新能源乘用车批发销量1730万辆，同比13%。 财联社汽车：2026年车市呈现内需微降、出口高增、新能源领跑的分化格局，行业进入存量竞争与结构升级并行的稳健期。 京东新“国民好车”合作品牌为深蓝汽车 4月11日，财联社记者从多个信源获悉，京东新“国民好车”合作品牌为长安汽车旗下深蓝汽车。京东集团副总裁、京东汽车总裁缪钦透露，继与广汽埃安合作后，京东将再携手一位重要主机厂推出国民好车的合作，并于4月13日揭晓。 财联社汽车：京东继广汽埃安后牵手长安深蓝，以“电商+主机厂”模式深化汽车新零售。 理想汽车：对恶意拉踩帖文取证报案 4月11日，理想汽车法务部声明称，在某品牌新车上市后，网络平台上集中出现大量将理想i6车型、理想L6车型与该品牌车型进行不当比对、恶意拉踩的帖文。对此，理想汽车已经完成全部取证工作，将通过向公安机关报案、向监督管理部门举报以及提起诉讼等一切法律途径，追究幕后策划者、组织者及具体实施者的法律责任。在发布声明之前，理想汽车董事长李想在朋友圈发文称，某日系品牌大量雇用营销号对理想汽车的产品进行拉踩并海量使用空白账号的黑水军，捏造虚假信息攻陷产品的评论区，严重影响了理想汽车的正常经营。 财联社汽车：行业竞争白热化催生网络黑公关乱象，理想为整治汽车圈舆论生态、抵制恶性竞争树立了强硬范本。 广汽科技日连发三大创新技术 4月12日，广汽集团以“科技向心”为主题举办2026广汽科技日，发布了新一代全域混动、端云一体智能座舱、新一代电子电气架构三张王牌——混动不再妥协，智能不再割裂，产业链最底层的“芯”也牢牢握在了自己手里。其中，广汽宣布芯片生态建设的重大突破—— 昊铂GT攀登版将于5月份上市，这是中国第一台芯片设计100%国产化智能新能源汽车。据悉，昊铂GT攀登版将全车搭载1004个芯片实现了国产芯片100%覆盖。 财联社汽车：广汽正走出一条自主可控、协同创新的特色发展路径。 （财联社记者 徐昊整理/点评） （财联社记者 徐昊） 
 海量资讯、精准解读，尽在新浪财经APP 
 文章关键词： 
 新能源汽车 智能驾驶 理想汽车 欧阳明高 
 VIP课程推荐 
 加载中...
 APP专享直播 
 上一页 下一页 
 1 / 10 
 热门推荐 
 收起 
 新浪财经公众号 
 24小时滚动播报最新的财经资讯和视频，更多粉丝福利扫描二维码关注（sinafinance） 
 相关新闻 
 财经头条作者库 
 股市直播 
 图文直播间 
 视频直播间 
 最近访问 
 我的自选 
 01 / 伊朗官员称在谈判中抵制了美方三大“无理要求” 02 / 清晨，全线杀跌！美军，重大宣布！伊朗总统最新发声 03 / 海南金融监管局：深化开放创新 筑牢自贸港金融安全屏障 04 / 美军4月13日起封锁伊朗港口海上交通，国际油价狂飙 05 / 100元“卖脸”来做AI短剧，你愿意吗 06 / 美媒：美以伊战事致化肥涨价，东南亚水稻种植遭重创 07 / 港股早报｜美伊会谈未达成共识 我国成功发射卫星互联网技术试验卫星 08 / 一廊串联双景，“馆园融合”即将开放 09 / 东方财富财经早餐 4月13日周一 10 / 最高321倍！一季报近九成预喜 这些公司净利预增超10倍 
 01 / 特朗普声称封锁霍尔木兹海峡 并将拦截已支付通行费的船只 02 / 伊朗议会议长回应特朗普表态：此类威胁对伊朗民族毫无作用 03 / 操盘必读：影响股市利好或利空消息_2026年4月13日_财经新闻 04 / 伊朗议会议长：美国人必须决定是否准备好赢得伊朗的信任 05 / 美伊没谈成！下周A股怎么走 06 / 特朗普：对霍尔木兹海峡的封锁将“很快”生效 07 / A股突发！涉嫌严重违纪违法，程亮被查 08 / 伊朗警告称将对任何在霍尔木兹海峡的“错误行动”予以报复 09 / IMF总裁：伊朗战争过后，全球物价需时日才能回落 10 / 伊朗总统称已为达成 “公平公正” 协议做好充分准备 
 01 / “农业保险+期货”赋能乡村振兴 灵璧县 生猪养殖筑牢风险“防护网” 
 7X24小时 
 徐小明 凯恩斯 占豪 花荣 金鼎 wu2198 丁大卫 易宪容 叶荣添 沙黾农 冯矿伟 趋势之友 空空道人 股市风云 股海光头 
 杨伟民 
 付一夫 ：
 为何此时要将服务业推向C位？ 
 蔡昉 ：
 关于投资于人需要澄清的认识 
 杨轶清 ：
 杉杉易主背后的警示 
 沈建光 ：
 政策加减乘除如何激活内需？ 
 王剑 ：
 股份行这几年经历了什么？ 
 交易提示 
 操盘必读 
 证券报 
 最新公告 
 限售解禁 
 数据中心 
 条件选股 
 券商评级 
 股价预测 
 板块行情 
 千股千评 
 个股诊断 
 大宗交易 
 财报查询 
 业绩预告 
 ETF期权 
 类余额宝 
 基金净值 
 基金对比 
 基金排名 商品行情 
 外盘期货 
 商品持仓 
 现货报价 
 CFTC持仓 
 期指行情 
 期指持仓 
 期指研究 
 行业指数 
 权重股票 
 期货名人 
 专家坐堂 
 高清解盘 
 期货入门 
 各国国债 
 期市要闻 
 期货研究 
 机构评论 
 品种大全 外汇计算器 
 人民币牌价 
 中间价 
 美元指数 
 直盘行情 
 所有行情 
 美元相关 
 人民币相关 
 交叉盘 
 拆借利率 
 货币分析 
 机构观点 
 经济数据 
 专家坐堂 
 分析师圈 
 国债收益率 
 全球滚动 
 CFTC持仓 
 比特币 外汇计算器 
 黄金资讯 
 白银分析 
 实物金价 
 ETF持仓 
 黄金TD 
 白银TD 
 金银币 
 专家坐堂 
 基础知识 
 现货黄金 
 现货白银 
 现货铂金 
 现货钯金 
 高清解盘 
 黄金吧 白银吧 
 黄金分析 
 CFTC持仓 
 叶檀
 凯恩斯
 曹中铭
 股民大张
 宇辉战舰
 股市风云
 余岳桐
 股海战神
 郭一鸣
 赵力行
 重庆市场监督管理局：将在全市范围内开展食品安全突出问题综合治理 
 叶檀
 凯恩斯
 曹中铭
 股民大张
 宇辉战舰
 股市风云
 余岳桐
 股海战神
 郭一鸣
 赵力行
 重庆市场监督管理局：将在全市范围内开展食品安全突出问题综合治理 
 董明珠还能为格力奋战多久？|《至少一个小时》 
 梁建章：中国人口衰竭的速度前所未有 
 冷友斌回应网友质疑：说价格高 对飞鹤不公平！ 
 王中军：我喜欢比较“江湖”一点的人 
 7x24快讯 ： 9月19日沪深两市涨停分析 非凡哥哥samm ： 不想做任何操作 飞我eight ： 今天才这点成交量 和你天天向上 ： 全部清除了 一分不剩 用户7048726012 ： 想红但是又有点怕羞 江东子弟93949 ： 还对中芯抱有幻想的人 和你天天向上 ： 拉升一下吧 给我清仓的机会 用户7763476192 ： 再玩下去6000亿都守不住了，没人玩了 
 04-20 
 中科仪 
 920186 
 -- 04-20 
 理奇智能 
 301599 
 -- 04-14 
 联讯仪器 
 688808 
 81.88 04-13 
 鸿仕达 
 920125 
 16.57 04-10 
 福恩股份 
 001312 
 18.38 
 新浪财经意见反馈留言板 
 新浪简介 | 广告服务 | About Sina 
 联系我们 | 招聘信息 | 通行证注册 
 产品答疑 | 网站律师 | SINA English 
 Copyright © 1996-2026 SINA Corporation 
 All Rights Reserved 新浪公司 版权所有 
 新浪首页 
 语音播报 
 相关新闻 
 返回顶部",2026-04-13,新浪财经,https://finance.sina.com.cn/roll/2026-04-13/doc-inhuihzi9772164.shtml,accepted
GFEX-WR-20260414,announcement,广期所碳酸锂仓单日报：仓单增加1320手,广州期货交易所2026-04-14仓单日报显示，碳酸锂仓单总量为27523手，增加1320手。,2026-04-14,广州期货交易所,https://www.gfex.com.cn/gfex/cdrb/hqsj_tjsj.shtml,accepted
GFEX-WR-20260415,announcement,广期所碳酸锂仓单日报：仓单增加860手,广州期货交易所2026-04-15仓单日报显示，碳酸锂仓单总量为28383手，增加860手。,2026-04-15,广州期货交易所,https://www.gfex.com.cn/gfex/cdrb/hqsj_tjsj.shtml,accepted
GFEX-WR-20260416,announcement,广期所碳酸锂仓单日报：仓单增加1040手,广州期货交易所2026-04-16仓单日报显示，碳酸锂仓单总量为29423手，增加1040手。,2026-04-16,广州期货交易所,https://www.gfex.com.cn/gfex/cdrb/hqsj_tjsj.shtml,accepted
LC-TEXT-0046,policy,新型储能产业从“跟跑”变“领跑”,"新型储能产业从“跟跑”变“领跑”---国家能源局 
 您当前位置： 首页 > 正文 
 新型储能产业从“跟跑”变“领跑” 
 发布时间：2026-04-17 
 来源：人民网 
 大 中 小 800余家参展商、六大主题展馆，固态电池、AI大模型、大容量电芯等前沿技术与产品集中亮相。在近日举办的第十四届储能国际峰会暨展览会（ESIE 2026）上，全球储能产业链核心力量汇聚一堂，成为观察我国新型储能产业发展的重要窗口。 　　当前，我国新型储能行业在政策机制完善、技术创新突破和市场需求爆发的驱动下，正深度融入新型电力系统建设，成为新能源消纳与绿色低碳发展的重要支撑。 　　中关村储能产业技术联盟（CNESA）在会上发布的《储能产业研究白皮书2026》指出，截至2025年底，中国新型储能累计装机规模达到144.7GW，首次占据全球市场半数以上份额，占比达51.9%，表明中国储能产业已经从“跟跑者”成长为全球市场的“领跑者”。 　　从装机结构看，新型储能占国内电力储能总规模的三分之二以上，较“十三五”末增长45倍。2025年全年新增投运规模达到66.4GW/189.5GWh，功率规模和能量规模分别同比增长约52%和73%，连续四年位居全球首位。 　　值得关注的是，这一增速是在政策导向从“强制配储”转向“市场化用储”的背景下实现的，说明行业的内生动力正在增强，市场机制开始发挥主导作用。 　　2025年年初，国家发展改革委、国家能源局发布的《关于深化新能源上网电价市场化改革促进新能源高质量发展的通知》取消了新能源项目强制配储要求，将储能从行政命令下的“成本项”推向市场化竞争的“价值项”。 　　今年以来，政策指挥棒继续发挥作用。2026年1月，国家发展改革委、国家能源局联合印发《关于完善发电侧容量电价机制的通知》，首次在国家层面明确建立电网侧独立新型储能容量电价机制。这一政策被业内称为“定心丸”，让储能电站有了稳定的收益预期，有效激发了社会资本的投资热情。 　　上市公司业绩印证了这一趋势。据《证券时报》统计，截至2026年4月初，按照2025年年报、业绩快报、预告归母净利润下限计算，2025年归母净利润同比增长（含扭亏为盈）的储能概念股达23只，储能产业链整体盈利能力正在改善。 　　随着“电能量+容量补偿+辅助服务”多元收益模式逐步落地，储能项目盈利模式日益清晰。国家能源局总工程师刘德顺在“ESIE 2026”大会上表示，将加快完善新型储能的市场机制，健全新型储能容量电价机制，有序建立可靠的容量补偿机制，引导新型储能合理发展。 　　展望下一阶段，多家研究机构对2026年储能行业发展持积极态度。 　　兴业证券发布的研报认为，2026年储能各细分赛道景气上行。储能容量电价政策落地，行业将凭政策、刚需、经济性三重红利提速增长。特别值得关注的是，在AI数据中心规模化发展背景下，储能正成为保障其稳定运行的关键支撑。 　　毕马威在《全球技术报告2026：能源行业洞察》中指出，新型储能与全固态电池领域将迎来爆发，调节资源从辅助手段向支撑新型电力系统关键要素转变，能源消费结构向绿色能源主体跃升。 　　中关村储能产业技术联盟预计，行业在经历前期爆发式增长后，将进入增速换挡期，但庞大的基数仍将催生可观的绝对增量。 　　面向“十五五”，随着电力市场化改革深入推进、多元技术路线持续突破，新型储能有望在保障能源安全、推动绿色低碳转型中发挥越来越重要的作用。（杨曦）",2026-04-17,国家能源局,https://www.nea.gov.cn/20260417/a6ef89bc89eb4814872959c4b10fd731/c.html,accepted
GFEX-WR-20260421,announcement,广期所碳酸锂仓单日报：仓单增加1580手,广州期货交易所2026-04-21仓单日报显示，碳酸锂仓单总量为32268手，增加1580手。,2026-04-21,广州期货交易所,https://www.gfex.com.cn/gfex/cdrb/hqsj_tjsj.shtml,accepted
LC-TEXT-0047,news,江西赣州100MW/200MWh独立储能试点项目EPC中标候选人公示,"中国储能网 -图片新闻 - 今日招中标动态｜0.8194-0.8846元/Wh！江西100MW/200MWh储能项目EPC中标候选人公示 } 
 中国储能网欢迎您！ 
 数字储能网 | 中国国际储能大会 
 微信公众号 微信小程序 
 搜索 
 首页 
 价格指数 
 企业指数 
 装机规模 
 产能与出货量 
 电价与交易 
 国际市场 
 市场预测 
 政策与解读 
 标准与规范 
 主要活动 
 当前位置： 
 首页 
 > 首页栏目 > 图片新闻   返回 
 今日招中标动态｜0.8194-0.8846元/Wh！江西100MW/200MWh储能项目EPC中标候选人公示 
 作者：王谊秀 
 来源：中国储能网 
 发布时间：2026-04-22 
 浏览： 次 
 中国储能网讯： 共计2个中标动态，5个招标动态。 
 中标方面，4月21日，江西赣州100MW/200MWh独立储能试点示范项目EPC中标候选人公示，第1中标候选人为中国电建集团江西省水电工程局有限公司，折合单价约0.8846元/Wh；中国电建河北燕赵沽源300MW/600MWh储能示范项目储能设备采购中标候选人正式公示，第一中标候选人：中车株洲电力机车研究所有限公司，折合单价约0.5160元/Wh。 
 招标方面，宁夏共3个共享储能电站项目EPC总承包及监理招标公告发布，合计规模600MW/2400MWh。 
 【中标项目】 
 1、0.8194-0.8846元/Wh！江西100MW/200MWh储能项目EPC中标候选人公示 
 4月21日，江西赣州市宁都县赣州国投新能源公司独立储能试点示范项目设备及施工工程项目中标候选人公示。该项目建设规模为100MW/200MWh电化学储能项目，工期90天。 
 其中，第1中标候选人为中国电建集团江西省水电工程局有限公司，投标报价176923618.3元，折合单价约0.8846元/Wh；第2中标候选人为中国电建集团江西省电力设计院有限公司，投标报价174881084.52元，折合单价约0.8744元/Wh；第3中标候选人为西北水利水电工程有限责任公司（中国电建集团西北勘测设计研究院有限公司全资子公司），投标报价163885868.84元，折合单价约0.8194元/Wh。 
 本项目为100MW/200MWh电化学储能项目，招标范围包括但不限于储能系统及场区、110kV储能升压站、110kV外送工程、35kV集电线路、通信工程、综合楼、电气楼、危废暂存间、储能电站并网性能测试等所涉及的所有设备和材料采购、建筑安装工程、调试工程，以及为保证项目顺利实施与投产运行所必需的项目管理、工程保险、工程检测试验、协调工作、临建、消防验收、专项报告编制、培训等。 
 2、0.5160元/Wh！河北张家口300MW/600MWh储能设备中标公示 
 4月20日，中国电建河北燕赵沽源储能示范项目储能设备采购中标候选人正式公示。 
 第一中标候选人：中车株洲电力机车研究所有限公司，投标报价30,960万元，折合单价约0.5160元/Wh。第二中标候选人：远景能源有限公司，投标报价33,300万元，折合单价约0.5550元/Wh。 
 该项目规模为300MW/600MWh磷酸铁锂储能系统，要求首批设备于2026年5月15日前运抵张家口市沽源县西辛营乡项目现场，5月30日前全部到货。项目同步建设一座220kV升压站，配置2台165MVA主变压器，采用单母线接线，本期新建1回220kV出线（预留1回），户内GIS布置。35kV侧为两段单母线，含储能集电线路12回、SVG出线2回、站用变及接地变各1回/2回；380/220V站用电系统采用单母线、双ATS切换，主备电源分别引自35kV母线及站外10kV电源。 
 【招标项目】 
 1、600MW/2400MWh！宁夏三大共享储能电站EPC及监理招标 
 4月21日，宁夏有3个共享储能电站项目EPC总承包及监理招标，值得注意的是，三个项目的备案名称规模虽为200MW/400MWh，但实际招标中提供的工程量清单为200MW/800MWh，公告提到，如最终项目未能变更为200MW/800MWh系统则由中标单位与招标人协商解决。投标人进行投标时价格单价计算以200MW/800MWh计算。 
 其中，宁夏创能科技有限公司发布200MW/400MWh共享储能电站项目EPC总承包及监理招标公告、宁夏探维能源科技有限公司200MW/400MWh共享储能电站项目EPC总承包及监理招标公告、宁夏安创能源科技有限公司200MW/400MWh共享储能电站项目EPC总承包及监理招标公告。 
 招标范围：EPC总承包招标范围：不论本招标文件是否提及，凡关联本工程前期服务、勘察设计、施工设计、设备采购、工程施工及安装、竣工投产、档案验收、竣工结算、工程验收、整体竣工验收等全部工 作内容均属于投标方的工作范围。 
 2、100MW/200MWh！安徽用户侧储能电站EPCO招标！ 
 4月20日，安徽泗县100MW/200MWh 用户侧储能电站项目发布招标公告，项目地点为宿州市泗县境内。 
 招标人泗县虹景城市亮化有限公司为国有企业，是泗县财政局全资控股公司。项目不仅能有效破解新能源发电间歇性与波动性难题，更能依托峰谷电价套利、辅助服务等多元收益模式，提供广阔的投资空间与丰厚回报。合作方式可采用共建共享、合作开发、联合运营等多种模式，具体合作细节根据项目实际情况，由双方协商确定。 
 3、限价20亿！宁夏500MW/2000MWh电网侧共享储能电站EPC招标 
 4月20日，宁夏中卫市电网侧共享储能电站系列EPC总承包项目招标公告发布。项目由宁夏融炎新能源科技有限公司作为招标人，建设地点位于中卫市沙坡头区永康镇，项目限价20亿元，总工期225日历天。 
 本次招标项目含4个储能电站，建设规模分别为150MW/600MWh、100MW/400MWh、150MW/600MWh、100MW/400MWh，主要建设内容包括储能设备、电气设备控制保护设备、通风空调设备、消防设备、附属用房等，同时新建1座330千伏升压站，通过330千伏线路接入天都山750千伏变电站。项目采用EPC交钥匙总承包模式，承包人工作范围涵盖工程勘察、设计、施工、设备采购及监造、运输、安装调试、并网验收、质保期服务等全过程工作。 
 分享到： 
 关键字： 招中标 
 中国储能网版权说明： 
 1、凡注明来源为“中国储能网：xxx（署名）”，除与中国储能网签署内容授权协议的网站外，未经本网授权，任何单位及个人不得转载、摘编或以其它方式使用上述作品。 
 2、凡本网注明“来源：xxx（非中国储能网）”的作品，均转载与其他媒体，目的在于传播更多信息，但并不代表中国储能网赞同其观点、立场或证实其描述。其他媒体如需转载，请与稿件来源方联系，如产生任何版权问题与本网无关。 
 3、如因作品内容、版权以及引用的图片（或配图）内容仅供参考，如有涉及版权问题，可联系我们直接删除处理。请在30日内进行。 
 4、有关作品版权事宜请联系：13661266197、 邮箱：ly83518@126.com 
 版权所有：中国储能网© Copyright 2009 - 2026. All Rights 未经授权，禁止复制或建立镜像 
 新闻和版权信息联电话：010-88337719、010-88337717 
 中国储能网 
 联系我们 
 免责声明 
 版权声明 
 诚聘英才 
 广告热线：010-88337719、010-88337717 
 联系地址：北京市西城区阜成门外大街1号四川大厦东塔楼30层 
 京ICP备12023756号-1 　　　 京公网安备11010202010553 　　　 违法和不良信息举报电话",2026-04-21,中国储能网,https://www.escn.com.cn/news/show-2248541.html,accepted
GFEX-WR-20260424,announcement,广期所碳酸锂仓单日报：仓单增加939手,广州期货交易所2026-04-24仓单日报显示，碳酸锂仓单总量为34298手，增加939手。,2026-04-24,广州期货交易所,https://www.gfex.com.cn/gfex/cdrb/hqsj_tjsj.shtml,accepted
GFEX-WR-20260427,announcement,广期所碳酸锂仓单日报：仓单增加1029手,广州期货交易所2026-04-27仓单日报显示，碳酸锂仓单总量为35327手，增加1029手。,2026-04-27,广州期货交易所,https://www.gfex.com.cn/gfex/cdrb/hqsj_tjsj.shtml,accepted
LC-TEXT-0048,policy,关于开展规范废旧动力电池回收利用联合执法专项行动的通知,"规范废旧动力电池回收利用 五部门联合开展执法专项行动__中国政府网 
 首页 
 | 
 简 
 | 
 繁 
 | 
 EN 
 | 
 登录 
 个人中心 
 退出 
 | 
 邮箱 
 | 
 无障碍 
 EN 
 https://www.gov.cn/ 
 规范废旧动力电池回收利用 五部门联合开展执法专项行动
 2026-04-28 08:13
 来源： 
 新华社
 字号： 默认 
 大 
 超大 
 | 
 打印 
 | 
 新华社北京4月27日电（记者周圆）工业和信息化部等五部门4月27日联合印发通知，开展规范废旧动力电池回收利用联合执法专项行动。专项行动将聚焦新能源汽车废旧动力电池回收利用面临的突出问题，依法依规查处一批违法行为。 工业和信息化部节能与综合利用司有关负责人介绍，近年来，我国废旧动力电池回收利用体系建设取得积极进展。但行业仍存在违规交售废旧动力电池、利用废旧动力电池生产不合格产品、不履行信息溯源责任、非法拆解污染环境、无照经营等情况，亟需进一步规范行业秩序、保障关键资源供给、化解安全环保风险。 通知明确，工业和信息化领域，将重点监管动力电池溯源信息上传、废旧动力电池移交环节，会同相关部门依法依规查处拒不报送或报送虚假溯源信息、违规交售等行为；生态环境领域，聚焦污染防治、工业固体废物管理等活动，依法依规查处未批先建、违法排污以及违反工业固体废物管理规定等环境违法行为。 此外，交通运输领域，聚焦废旧动力电池运输、规范移交等活动；商务领域，依法依规查处报废机动车拆解企业违规开具《报废机动车回收证明》等行为；市场监督管理领域，加强电动自行车用锂电池产品质量监管，严厉打击将废旧动力电池用于电动自行车、电动平衡车、电动滑板车等行为。 专项行动于2026年4月启动，6月底结束。其中，4月底前，各方将广泛收集非法拆解、违规交售等问题线索；5月底前，将开展联合执法，严惩违法违规主体，督促企业落实主体责任；6月底前，将曝光一批违法违规典型案例，强化警示震慑效应。 通知提出，相关部门要联动协作，通过共享信息、联合执法等方式，提升部门协同监管水平。各地要落实严格规范涉企行政检查的要求，切实减轻企业负担，要进一步拓宽社会监督渠道，鼓励社会公众参与监督、举报违法违规线索等。 据悉，2025年，我国新能源汽车废旧动力电池综合利用量超过40万吨，同比增长32.9%，骨干企业锂、钴、镍等金属回收率处于国际先进水平。 
 【我要纠错】 责任编辑：沙鹏程 
 相关稿件 
 链接： 
 全国人大 
 | 
 全国政协 
 | 
 国家监察委员会 
 | 
 最高人民法院 
 | 
 最高人民检察院 
 国务院部门网站 
 | 
 地方政府网站 
 | 
 驻港澳机构网站 
 | 
 驻外机构 
 中国政府网 
 | 
 关于本网 
 | 
 网站声明 
 | 
 联系我们 
 | 
 网站纠错 
 主办单位：国务院办公厅　运行维护单位：中国政府网运行中心 
 版权所有：中国政府网　中文域名： 中国政府网.政务 
 网站标识码bm01000001　 京ICP备05070218号 　 京公网安备11010202000001号 
 国务院客户端 
 国务院客户端小程序 
 中国政府网微博、微信 
 电脑版 
 客户端 
 小程序 
 微博 
 微信 
 邮箱 
 退出 
 注册 
 登录 
 网站纠错 
 主办单位：国务院办公厅　运行维护单位：中国政府网运行中心 
 版权所有：中国政府网　中文域名： 中国政府网.政务 
 网站标识码bm01000001 
 京ICP备05070218号　京公网安备11010202000001号 
 规范废旧动力电池回收利用 五部门联合开展执法专项行动 
 工业和信息化部等五部门4月27日联合印发通知，开展规范废旧动力电池回收利用联合执法专项行动。",2026-04-27,工业和信息化部办公厅等五部门,https://www.gov.cn/lianbo/202604/content_7067154.htm,accepted
LC-TEXT-0049,announcement,关于计提资产减值准备的公告,"1
证券代码：002335 证券简称：科华数据 公告编号：2026-017
科华数据股份有限公司
关于计提资产减值准备的公告
本公司及董事会全体成员保证公告内容的真实、准确和完整，并对公告中的虚
假记载、误导性陈述或重大遗漏承担责任。
科华数据股份有限公司（以下简称“公司”）于 2026 年 4 月 24 日召开第十
届董事会第二次会议，审议通过了《关于计提资产减值准备的议案》。现将有关情
况公告如下：
一、本次计提资产减值准备情况概述
为了真实、准确、客观地反映公司截至 2025 年 12 月 31 日的财务状况及经
营成果，根据《企业会计准则》《深圳证券交易所上市公司自律监管指引第 1 号—
—主板上市公司规范运作》及公司会计政策相关规定，本着谨慎性原则，公司对合
并报表范围内的各类资产进行了全面清查和减值测试，对存在减值迹象的相关资产
计提相应的减值损失测试后，公司 2025 年度计提的资产减值准备合计21,860.84万
元。具体情况如下：
单位：万元
项目 报告期计提减值准备金额
一、信用减值损失 9,086.47
应收账款坏账准备 7,543.42
其他应收款坏账准备 242.26
应收票据坏账准备 1,326.32
长期应收账款坏账准备 -25.53
二、资产减值损失 12,774.37
存货跌价准备 11,260.14
固定资产减值准备 2,277.26
合同资产减值准备 -763.03
合计 21,860.84
本次计提资产减值准备计入的报告期间为 2025 年 1 月 1 日至 2025 年 12
2
月 31 日。
二、本次计提资产减值准备的确认标准及计提方法
（一）金融资产减值准备的计提方法
本公司对于以摊余成本计量的金融资产、合同资产、租赁应收款等，以预期信
用损失为基础确认损失准备。
1、预期信用损失的计量
预期信用损失，是指以发生违约的风险为权重的金融工具信用损失的加权平均
值。信用损失，是指本公司按照原实际利率折现的、根据合同应收的所有合同现金
流量与预期收取的所有现金流量之间的差额，即全部现金短缺的现值。其中，对于
本公司购买或源生的已发生信用减值的金融资产，应按照该金融资产经信用调整的
实际利率折现。
整个存续期预期信用损失，是指因金融工具整个预计存续期内所有可能发生的
违约事件而导致的预期信用损失。
未来12个月内预期信用损失，是指因资产负债表日后12个月内（若金融工具的
预计存续期少于12个月，则为预计存续期）可能发生的金融工具违约事件而导致的
预期信用损失，是整个存续期预期信用损失的一部分。
于每个资产负债表日，本公司对于处于不同阶段的金融工具的预期信用损失分
别进行计量。金融工具自初始确认后信用风险未显著增加的，处于第一阶段，本公
司按照未来12个月内的预期信用损失计量损失准备；金融工具自初始确认后信用风
险已显著增加但尚未发生信用减值的，处于第二阶段，本公司按照该工具整个存续
期的预期信用损失计量损失准备；金融工具自初始确认后已经发生信用减值的，处
于第三阶段，本公司按照该工具整个存续期的预期信用损失计量损失准备。
对于在资产负债表日具有较低信用风险的金融工具，本公司假设其信用风险自
初始确认后并未显著增加，按照未来12个月内的预期信用损失计量损失准备。
本公司对于处于第一阶段和第二阶段、以及较低信用风险的金融工具，按照其
未扣除减值准备的账面余额和实际利率计算利息收入。对于处于第三阶段的金融工
具，按照其账面余额减已计提减值准备后的摊余成本和实际利率计算利息收入。
对于应收票据、应收账款、应收款项融资、合同资产及长期应收款，无论是否
存在重大融资成分，本公司均按照整个存续期的预期信用损失计量损失准备。
3
A.应收款项/合同资产
对于存在客观证据表明存在减值，以及其他适用于单项评估的应收票据、应收
账款，其他应收款、应收款项融资、合同资产及长期应收款等单独进行减值测试，
确认预期信用损失，计提单项减值准备。对于不存在减值客观证据的应收票据、应
收账款、其他应收款、应收款项融资、合同资产及长期应收款或当单项金融资产无
法以合理成本评估预期信用损失的信息时，本公司依据信用风险特征将应收票据、
应收账款、其他应收款、应收款项融资、合同资产及长期应收款等划分为若干组合，
在组合基础上计算预期信用损失，确定组合的依据如下：
应收票据确定组合的依据如下：
应收票据组合1 承兑人为合并范围内关联方的商业承兑汇票
应收票据组合2 承兑人为除合并范围内关联方的商业承兑汇票
应收票据组合3 银行承兑汇票
应收票据组合4 信用证
对于划分为组合的应收票据，本公司参考历史信用损失经验，结合当前状况以
及对未来经济状况的预测，通过违约风险敞口和整个存续期预期信用损失率，计算
预期信用损失。
应收账款确定组合的依据如下：
应收账款组合1 合并范围内关联方货款
应收账款组合2 其他客户货款
对于划分为组合的应收账款，本公司参考历史信用损失经验，结合当前状况以
及对未来经济状况的预测，编制应收账款账龄与整个存续期预期信用损失率对照表，
计算预期信用损失。
其他应收款确定组合的依据如下：
其他应收款组合1 应收利息
其他应收款组合2 应收股利
其他应收款组合3 合并范围内的关联方往来款、贷款及利息、数据中心机房保
证金
其他应收款组合4 其他款项
对于划分为组合的其他应收款，本公司参考历史信用损失经验，结合当前状况
4
以及对未来经济状况的预测，通过违约风险敞口和未来 12 个月内或整个存续期预
期信用损失率，计算预期信用损失。
应收款项融资确定组合的依据如下：
应收款项融资组合1 应收信用等级较高的银行承兑汇票
应收款项融资组合2 应收账款
对于划分为组合的应收款项融资，本公司参考历史信用损失经验，结合当前状
况以及对未来经济状况的预测，通过违约风险敞口和整个存续期预期信用损失率，
计算预期信用损失。
合同资产确定组合的依据如下：
合同资产组合1 已完工未结算资产-工程施工项目
合同资产组合2 未到期质保金
对于划分为组合的合同资产，本公司参考历史信用损失经验，结合当前状况以
及对未来经济状况的预测，通过违约风险敞口与整个存续期预期信用损失率，计算
预期信用损失。
长期应收款确定组合的依据如下：
长期应收款组合 融资租赁款
对于划分为组合的长期应收款，本公司参考历史信用损失经验，结合当前状况
以及对未来经济状况的预测，通过违约风险敞口和整个存续期预期信用损失率，计
算预期信用损失。
B.债权投资、其他债权投资
对于债权投资和其他债权投资，本公司按照投资的性质，根据交易对手和风险
敞口的各种类型，通过违约风险敞口和未来 12 个月内或整个存续期预期信用损失
率，计算预期信用损失。
2、具有较低的信用风险
如果金融工具的违约风险较低，借款人在短期内履行其合同现金流量义务的能
力很强，并且即便较长时期内经济形势和经营环境存在不利变化但未必一定降低借
款人履行其合同现金流量义务的能力，该金融工具被视为具有较低的信用风险。
3、信用风险显著增加
本公司通过比较金融工具在资产负债表日所确定的预计存续期内的违约概率与
5
在初始确认时所确定的预计存续期内的违约概率，以确定金融工具预计存续期内发
生违约概率的相对变化，以评估金融工具的信用风险自初始确认后是否已显著增加。
在确定信用风险自初始确认后是否显著增加时，本公司考虑无须付出不必要的
额外成本或努力即可获得的合理且有依据的信息，包括前瞻性信息。本公司考虑的
信息包括：
A.信用风险变化所导致的内部价格指标是否发生显著变化；
B.预期将导致债务人履行其偿债义务的能力是否发生显著变化的业务、财务或
经济状况的不利变化；
C.债务人经营成果实际或预期是否发生显著变化；债务人所处的监管、经济或
技术环境是否发生显著不利变化；
D.作为债务抵押的担保物价值或第三方提供的担保或信用增级质量是否发生显
著变化。这些变化预期将降低债务人按合同规定期限还款的经济动机或者影响违约
概率；
E.预期将降低债务人按合同约定期限还款的经济动机是否发生显著变化；
F.借款合同的预期变更，包括预计违反合同的行为是否可能导致的合同义务的
免除或修订、给予免息期、利率跳升、要求追加抵押品或担保或者对金融工具的合
同框架做出其他变更；
G.债务人预期表现和还款行为是否发生显著变化；
H.合同付款是否发生逾期超过（含）30日。
根据金融工具的性质，本公司以单项金融工具或金融工具组合为基础评估信用
风险是否显著增加。以金融工具组合为基础进行评估时，本公司可基于共同信用风
险特征对金融工具进行分类，例如逾期信息和信用风险评级。
通常情况下，如果逾期超过30日，本公司确定金融工具的信用风险已经显著增
加。除非本公司无需付出过多成本或努力即可获得合理且有依据的信息，证明虽然
超过合同约定的付款期限30天，但信用风险自初始确认以来并未显著增加。
4、已发生信用减值的金融资产
本公司在资产负债表日评估以摊余成本计量的金融资产和以公允价值计量且其
变动计入其他综合收益的债权投资是否已发生信用减值。当对金融资产预期未来现
金流量具有不利影响的一项或多项事件发生时，该金融资产成为已发生信用减值的
6
金融资产。金融资产已发生信用减值的证据包括下列可观察信息：
发行方或债务人发生重大财务困难；债务人违反合同，如偿付利息或本金违约
或逾期等；债权人出于与债务人财务困难有关的经济或合同考虑，给予债务人在任
何其他情况下都不会做出的让步；债务人很可能破产或进行其他财务重组；发行方
或债务人财务困难导致该金融资产的活跃市场消失；以大幅折扣购买或源生一项金
融资产，该折扣反映了发生信用损失的事实。
5、预期信用损失准备的列报
为反映金融工具的信用风险自初始确认后的变化，本公司在每个资产负债表日
重新计量预期信用损失，由此形成的损失准备的增加或转回金额，应当作为减值损
失或利得计入当期损益。对于以摊余成本计量的金融资产，损失准备抵减该金融资
产在资产负债表中列示的账面价值；对于以公允价值计量且其变动计入其他综合收
益的债权投资，本公司在其他综合收益中确认其损失准备，不抵减该金融资产的账
面价值。
6、核销
如果本公司不再合理预期金融资产合同现金流量能够全部或部分收回，则直接
减记该金融资产的账面余额。这种减记构成相关金融资产的终止确认。这种情况通
常发生在本公司确定债务人没有资产或收入来源可产生足够的现金流量以偿还将被
减记的金额。
已减记的金融资产以后又收回的，作为减值损失的转回计入收回当期的损益。
2025年度，公司按照上述方法计提信用减值损失9,086.47万元，合同资产减值损
失-763.03万元。
（二）存货跌价准备的计提方法
资产负债表日按成本与可变现净值孰低计量，存货成本高于其可变现净值的，
计提存货跌价准备，计入当期损益。
在确定存货的可变现净值时，以取得的可靠证据为基础，并且考虑持有存货的
目的、资产负债表日后事项的影响等因素。
1、产成品、商品和用于出售的材料等直接用于出售的存货，在正常生产经营过
程中，以该存货的估计售价减去估计的销售费用和相关税费后的金额确定其可变现
净值。为执行销售合同或者劳务合同而持有的存货，以合同价格作为其可变现净值
7
的计量基础；如果持有存货的数量多于销售合同订购数量，超出部分的存货可变现
净值以一般销售价格为计量基础。用于出售的材料等，以市场价格作为其可变现净
值的计量基础。
2、需要经过加工的材料存货，在正常生产经营过程中，以所生产的产成品的估
计售价减去至完工时估计将要发生的成本、估计的销售费用和相关税费后的金额确
定其可变现净值。如果用其生产的产成品的可变现净值高于成本，则该材料按成本
计量；如果材料价格的下降表明产成品的可变现净值低于成本，则该材料按可变现
净值计量，按其差额计提存货跌价准备。
3、本公司一般按单个存货项目计提存货跌价准备；对于数量繁多、单价较低的
存货，按存货类别计提。
4、资产负债表日如果以前减记存货价值的影响因素已经消失，则减记的金额予
以恢复，并在原已计提的存货跌价准备的金额内转回，转回的金额计入当期损益。
2025年度，公司对存货成本高于其可变现净值的存货，计提存货跌价准备
11,260.14万元。
（三）固定资产减值准备的计提方法
于资产负债表日判断资产是否存在可能发生减值的迹象，存在减值迹象的，本
公司将估计其可收回金额，进行减值测试。可收回金额根据资产的公允价值减去处
置费用后的净额与资产预计未来现金流量的现值两者之间较高者确定。本公司以单
项资产为基础估计其可收回金额；难以对单项资产的可收回金额进行估计的，以该
资产所属的资产组为基础确定资产组的可收回金额。资产组的认定，以资产组产生
的主要现金流入是否独立于其他资产或者资产组的现金流入为依据。
当资产或资产组的可收回金额低于其账面价值时，本公司将其账面价值减记至
可收回金额，减记的金额计入当期损益，同时计提相应的资产减值准备。
固定资产减值损失确认后，减值固定资产的折旧在未来期间做相应的调整，以
使该固定资产在剩余使用寿命内，分摊调整后的固定资产账面价值（扣除预计净残
值）。固定资产减值损失一经确认，在以后会计期间不再转回。
2025年度，公司对可回收金额低于账面价值的固定资产，计提减值准备2,277.26
万元。
三、本次计提资产减值准备对公司的影响
8
本次公司计提各类资产减值准备共计21,860.84万元，将导致公司2025年度利润
总额减少21,860.84万元。本次计提信用减值损失和资产减值损失数据已经容诚会计
师事务所（特殊普通合伙）审计。公司本次计提资产减值准备的程序遵守并符合会
计准则和相关政策法规等相关规定，符合谨慎性原则，符合公司实际情况，依据充
分，计提后能够客观、公允、真实的反映截至2025年12月31日公司的财务状况、资
产价值及经营成果，有利于进一步夯实公司资产，进一步增强企业的风险防范能力，
确保公司的可持续发展，不存在损害公司和股东利益的行为。
四、董事会审计委员会关于本次计提资产减值准备的审核意见
董事会审计委员会认为：公司基于谨慎性原则及公司资产实际情况计提资产减
值准备，符合《企业会计准则》和公司会计政策的相关规定，更加公允、准确地反
映了公司的资产状况，因此，同意本次计提资产减值准备。
五、备查文件
（一）第十届董事会第二次会议决议；
（二）董事会审计委员会2026年第一次会议决议。
特此公告。
科华数据股份有限公司
董 事 会
2026 年 4 月 27 日",2026-04-27,巨潮资讯网,http://static.cninfo.com.cn/finalpage/2026-04-27/1225194956.PDF,accepted
GFEX-WR-20260428,announcement,广期所碳酸锂仓单日报：仓单增加1065手,广州期货交易所2026-04-28仓单日报显示，碳酸锂仓单总量为36392手，增加1065手。,2026-04-28,广州期货交易所,https://www.gfex.com.cn/gfex/cdrb/hqsj_tjsj.shtml,accepted
LC-TEXT-0050,ir_qa,投资者问答：阳光电源回应“现在美国对中国储能产品的关税是多少？2026年阳光电源还有美国的储能订单”,原文摘要：投资者在深交所互动易向阳光电源提问，问题摘要为“现在美国对中国储能产品的关税是多少？2026年阳光电源还有美国的储能订单吗？如有的话，是增长还是减少？”。公司回复摘要为“感谢您对公司的关注。目前美国对中国储能产品关税是38.4%。2026年有新签订单，但受OBBBA法案政策调整影响，为充分利用安全港条款窗口期推进项目落地，很多客户已于2025年提前下单。谢谢！”。项目关联：阳光电源属于新能源股票池的光伏板块。单条问答只作为证据文本，不直接代表提问压力增加；不包含收益判断或股价方向判断。,2026-04-28,深交所互动易,https://irm.cninfo.com.cn/ircs/question/questionDetail?questionId=2255848637597982720,accepted
GFEX-WR-20260430,announcement,广期所碳酸锂仓单日报：仓单增加1050手,广州期货交易所2026-04-30仓单日报显示，碳酸锂仓单总量为38012手，增加1050手。,2026-04-30,广州期货交易所,https://www.gfex.com.cn/gfex/cdrb/hqsj_tjsj.shtml,accepted
GFEX-WR-20260506,announcement,广期所碳酸锂仓单日报：仓单增加1029手,广州期货交易所2026-05-06仓单日报显示，碳酸锂仓单总量为39041手，增加1029手。,2026-05-06,广州期货交易所,https://www.gfex.com.cn/gfex/cdrb/hqsj_tjsj.shtml,accepted
GFEX-WR-20260507,announcement,广期所碳酸锂仓单日报：仓单增加3590手,广州期货交易所2026-05-07仓单日报显示，碳酸锂仓单总量为42631手，增加3590手。,2026-05-07,广州期货交易所,https://www.gfex.com.cn/gfex/cdrb/hqsj_tjsj.shtml,accepted
GFEX-WR-20260508,announcement,广期所碳酸锂仓单日报：仓单增加1299手,广州期货交易所2026-05-08仓单日报显示，碳酸锂仓单总量为43930手，增加1299手。,2026-05-08,广州期货交易所,https://www.gfex.com.cn/gfex/cdrb/hqsj_tjsj.shtml,accepted
LC-TEXT-0051,policy,减免车辆购置税的新能源汽车车型目录（第三十批）,"《道路机动车辆生产企业及产品》（第406批）、《享受车船税减免优惠的节约能源 使用新能源汽车车型目录》（第八十五批）、《减免车辆购置税的新能源汽车车型目录》（第三十批） 
 首页 > 
 政务公开 > 
 政策文件 > 
 文件发布 > 
 公告 
 发文机关： 工业和信息化部 
 标　　题： 《道路机动车辆生产企业及产品》（第406批）、《享受车船税减免优惠的节约能源 使用新能源汽车车型目录》（第八十五批）、《减免车辆购置税的新能源汽车车型目录》（第三十批） 
 发文字号： 中华人民共和国工业和信息化部公告2026年第10号 
 成文日期： 2026-05-09 
 发布日期： 2026-05-09 
 发布机构： 装备工业一司 
 分　　类： 装备工业行业管理 
 《道路机动车辆生产企业及产品》（第406批）、《享受车船税减免优惠的节约能源 使用新能源汽车车型目录》（第八十五批）、《减免车辆购置税的新能源汽车车型目录》（第三十批） 
 发布时间：2026-05-09 18:34 来源：装备工业一司 
 根据《中华人民共和国行政许可法》、《国务院对确需保留的行政审批项目设定行政许可的决定》、《财政部 税务总局 工业和信息化部 交通运输部关于节能 新能源车船享受车船税优惠政策的通知》（财税〔2018〕74号）、《工业和信息化部 财政部 税务总局关于调整享受车船税优惠的节能 新能源汽车产品技术要求的公告》（2025年第25号）、《财政部 税务总局 工业和信息化部 科技部关于免征新能源汽车车辆购置税的公告》（2017年第172号）、《财政部 税务总局 工业和信息化部关于延续和优化新能源汽车车辆购置税减免政策的公告》（2023年第10号）、《工业和信息化部 财政部 税务总局关于2026—2027减免车辆购置税新能源汽车产品技术要求的公告》（2025年第24号）等有关规定，现将许可的《道路机动车辆生产企业及产品》（第406批）以及经商国家税务总局同意的《享受车船税减免优惠的节约能源 使用新能源汽车车型目录》（第八十五批）、《减免车辆购置税的新能源汽车车型目录》（第三十批）予以公告。 附件： 1.道路机动车辆生产企业及产品（第406批）.doc        2.享受车船税减免优惠的节约能源 使用新能源汽车车型目录（第八十五批）.doc          3.减免车辆购置税的新能源汽车车型目录（第三十批）.doc         工业和信息化部 2026年5月9日 
 【返回顶部】 
 【关闭窗口】 
 【打印本页】",2026-05-09,工业和信息化部,https://www.miit.gov.cn/zwgk/zcwj/wjfb/gg/art/2026/art_1b3cc214aff949839f8e7f63c8fc7549.html,accepted
GFEX-WR-20260512,announcement,广期所碳酸锂仓单日报：仓单增加2074手,广州期货交易所2026-05-12仓单日报显示，碳酸锂仓单总量为45954手，增加2074手。,2026-05-12,广州期货交易所,https://www.gfex.com.cn/gfex/cdrb/hqsj_tjsj.shtml,accepted
GFEX-WR-20260513,announcement,广期所碳酸锂仓单日报：仓单增加1766手,广州期货交易所2026-05-13仓单日报显示，碳酸锂仓单总量为47720手，增加1766手。,2026-05-13,广州期货交易所,https://www.gfex.com.cn/gfex/cdrb/hqsj_tjsj.shtml,accepted
GFEX-WR-20260514,announcement,广期所碳酸锂仓单日报：仓单增加1590手,广州期货交易所2026-05-14仓单日报显示，碳酸锂仓单总量为49310手，增加1590手。,2026-05-14,广州期货交易所,https://www.gfex.com.cn/gfex/cdrb/hqsj_tjsj.shtml,accepted
GFEX-WR-20260515,announcement,广期所碳酸锂仓单日报：仓单增加1329手,广州期货交易所2026-05-15仓单日报显示，碳酸锂仓单总量为50639手，增加1329手。,2026-05-15,广州期货交易所,https://www.gfex.com.cn/gfex/cdrb/hqsj_tjsj.shtml,accepted
GFEX-WR-20260518,announcement,广期所碳酸锂仓单日报：仓单增加1165手,广州期货交易所2026-05-18仓单日报显示，碳酸锂仓单总量为51804手，增加1165手。,2026-05-18,广州期货交易所,https://www.gfex.com.cn/gfex/cdrb/hqsj_tjsj.shtml,accepted
LC-TEXT-0052,ir_qa,投资者问答：国轩高科回应“请问，国轩高科目前原材料端的主要布局，后续原材料布局完成后，国轩高科原材”,原文摘要：投资者在深交所互动易向国轩高科提问，问题摘要为“请问，国轩高科目前原材料端的主要布局，后续原材料布局完成后，国轩高科原材料自给率预计达到多少？”。公司回复摘要为“您好，公司在原材料端已有系统性布局。目前，正极磷酸铁锂材料、碳酸锂材料、负极材料实现部分自供，其中正极材料达到较高自给率水平；其他关键材料也已通过战略合作等方式开展布局。具体经营信息请以公司公开披露为”。项目关联：国轩高科属于新能源股票池的锂电板块。单条问答只作为证据文本，不直接代表提问压力增加；不包含收益判断或股价方向判断。,2026-05-18,深交所互动易,https://irm.cninfo.com.cn/ircs/question/questionDetail?questionId=2270765178556080128,accepted
GFEX-WR-20260525,announcement,广期所碳酸锂仓单日报：仓单减少904手,广州期货交易所2026-05-25仓单日报显示，碳酸锂仓单总量为52143手，减少904手。,2026-05-25,广州期货交易所,https://www.gfex.com.cn/gfex/cdrb/hqsj_tjsj.shtml,accepted
GFEX-WR-20260526,announcement,广期所碳酸锂仓单日报：仓单增加1620手,广州期货交易所2026-05-26仓单日报显示，碳酸锂仓单总量为53763手，增加1620手。,2026-05-26,广州期货交易所,https://www.gfex.com.cn/gfex/cdrb/hqsj_tjsj.shtml,accepted
LC-TEXT-0053,ir_qa,投资者问答：当升科技回应“贵公司公告称与辉能科技达成框架协议，但辉能科技官网无任何公告。基于目前双”,原文摘要：投资者在深交所互动易向当升科技提问，问题摘要为“贵公司公告称与辉能科技达成框架协议，但辉能科技官网无任何公告。基于目前双方在经营账目往来等于零，请问：双方的框架协议有没有具体的执行时间，比如2030、2040”。公司回复摘要为“您好，公司与辉能科技在固态锂电材料领域开展了多个项目合作，建立了长期紧密的合作关系。2026年2月6日，公司与辉能科技正式签署《策略合作框架协议书》，双方建立了涵盖股权投资、电池材料合作、产品量产与供”。项目关联：当升科技属于新能源股票池的锂电板块。单条问答只作为证据文本，不直接代表提问压力增加；不包含收益判断或股价方向判断。,2026-05-27,深交所互动易,https://irm.cninfo.com.cn/ircs/question/questionDetail?questionId=2277484989699702784,accepted
GFEX-WR-20260601,announcement,广期所碳酸锂仓单日报：仓单增加1020手,广州期货交易所2026-06-01仓单日报显示，碳酸锂仓单总量为55215手，增加1020手。,2026-06-01,广州期货交易所,https://www.gfex.com.cn/gfex/cdrb/hqsj_tjsj.shtml,accepted
LC-TEXT-0054,ir_qa,投资者问答：恩捷股份回应“尊敬的董秘你好，恩捷股份在2026年公布了钠电隔膜，请问这和宁德时代的钠”,原文摘要：投资者在深交所互动易向恩捷股份提问，问题摘要为“尊敬的董秘你好，恩捷股份在2026年公布了钠电隔膜，请问这和宁德时代的钠电池是否匹配使用？有没有合作关系呢？在未来钠电池储能是电能储存的主力军，请问恩捷股份是否”。公司回复摘要为“尊敬的投资者，您好！公司会根据市场和下游客户需求合理开展具体产品生产，公司和国内外头部电池厂商均保持深度良好合作，公司与具体客户的合作信息涉及商业保密协议的约束，不便透露。谢谢关注！”。项目关联：恩捷股份属于新能源股票池的锂电板块。单条问答只作为证据文本，不直接代表提问压力增加；不包含收益判断或股价方向判断。,2026-06-01,深交所互动易,https://irm.cninfo.com.cn/ircs/question/questionDetail?questionId=2280805952902250496,accepted
GFEX-WR-20260605,announcement,广期所碳酸锂仓单日报：仓单减少912手,广州期货交易所2026-06-05仓单日报显示，碳酸锂仓单总量为55687手，减少912手。,2026-06-05,广州期货交易所,https://www.gfex.com.cn/gfex/cdrb/hqsj_tjsj.shtml,accepted
LC-TEXT-0055,policy,关于组织推进非公共电网可再生能源发电项目绿证核发的通知,"中国储能网 -绿电直供与绿电交易 - 国家能源局发布《关于组织推进非公共电网可再生能源发电项目绿证核发的通知》 } 
 中国储能网欢迎您！ 
 数字储能网 | 中国国际储能大会 
 微信公众号 微信小程序 
 搜索 
 首页 
 价格指数 
 企业指数 
 装机规模 
 产能与出货量 
 电价与交易 
 国际市场 
 市场预测 
 政策与解读 
 标准与规范 
 主要活动 
 当前位置： 
 首页 
 > 双碳目标 > 绿电直供与绿电交易   返回 
 国家能源局发布《关于组织推进非公共电网可再生能源发电项目绿证核发的通知》 
 作者：中国储能网新闻中心 
 来源：国家能源局网站 
 发布时间：2026-06-23 
 浏览： 次 
 中国储能网讯： 6月23日，国家能源局发布《关于组织推进非公共电网可再生能源发电项目绿证核发的通知》。 
 国家能源局综合司关于组织推进非公共电网可再生能源发电项目绿证核发的通知 
 国能综通资质〔2026〕60号 
 各派出机构，各省（自治区、直辖市）能源局、有关省（自治区、直辖市）及新疆生产建设兵团发展改革委、北京市城市管理委，有关电网企业、电力交易机构，可再生能源信息管理中心： 
 为落实《中华人民共和国能源法》《国家发展改革委 财政部 国家能源局关于做好可再生能源绿色电力证书全覆盖工作 促进可再生能源电力消费的通知》（发改能源〔2023〕1044号）等法规政策有关要求，加快建立绿色能源消费促进机制，进一步深化可再生能源绿色电力证书（以下简称绿证）核发全覆盖，推动绿证市场高质量发展，现就推进非公共电网可再生能源发电项目（以下简称非公共电网项目）的绿证核发工作通知如下。 
 一、本通知所指的非公共电网项目是指不直接接入公共电网的可再生能源发电项目，包括离网型项目、接入用户侧内部（或绿电直连等项目内部）的并网型项目。 
 二、由电网企业、电力交易机构归集报送基础数据的非公共电网项目绿证核发。参照《国家发展改革委 国家能源局关于完善价格机制促进新能源发电就近消纳的通知》（发改价格〔2025〕1192号）、《国家发展改革委 国家能源局关于有序推动绿电直连发展有关事项的通知》（发改能源〔2025〕650号）、《国家发展改革委 国家能源局关于有序推动多用户绿电直连发展有关事项的通知》（发改能源〔2026〕688号）等文件中关于发电项目计量装置安装的要求，由电网企业安装电量计量装置准确计量各环节电量数据的非公共电网项目，其绿证核发、划转、核销流程与公共电网项目一致，由北京、广州、内蒙古电力交易中心按照绿证核发相关数据接口要求，归集报送基础数据至国家绿证核发交易系统，经审核后核发绿证。 
 三、由项目业主自行报送（含委托非公共电网运营单位报送）基础数据的非公共电网项目绿证核发。对于不由电网企业安装电量计量装置并归集电量数据的非公共电网项目，相关单位按流程（见附件）归集报送电量数据，经审核后核发绿证。数据报送单位应留存相关材料至少5年备查。 
 四、国家能源局各派出机构、省级能源主管部门按照职责分工，确保项目建档立卡、电量数据归集、绿证核发等工作有效衔接，做好事中事后监管；优先开展涉及可再生能源消费最低比重目标考核的重点用能行业企业相关非公共电网项目绿证核发。可再生能源信息管理中心做好项目建档立卡、绿证核发划转技术支撑保障工作。 
 附件：项目业主自行报送数据的非公共电网项目绿证核发工作流程 
 国家能源局综合司 
 2026年6月5日 
 附件 
 项目业主自行报送数据的非公共电网项目绿证核发工作流程 
 一、建档立卡 
 非公共电网项目业主按照单个项目对应单个发电户号（电量采集单元）的原则，完成项目建档立卡。打包、分期投产等形式备案的，单个子项目、单期项目应具有单独发电户号。 
 二、信用承诺 
 非公共电网项目业主作出信用承诺，并通过国家绿证核发交易系统上传承诺书，接受社会监督。 
 三、电量归集 
 非公共电网项目业主通过国家绿证核发交易系统电量申报模块填报绿证核发基础数据和相关证明材料（以下简称手动填报方式）。具备条件的还可自行或委托所接入的非公共电网运营单位，通过建设与国家绿证核发交易系统的数据归集接口，批量填报绿证核发基础数据和相关证明材料（以下简称接口归集方式）。 
 （一）报送数据 
 1．手动填报方式报送数据和材料的，按要求提供非公共电网项目电量计量装置编码、电量生产年月、上网电量（即送入公共电网电量）、自发自用电量（含项目业主自用电量和用户侧其他用户绿电用电量）等基础数据。 
 2．接口归集方式报送数据和材料的，按《国家能源局综合司关于组织增量配电网、地方电网企业开展绿证核发涉及数据归集工作的通知》（国能综通资质〔2024〕108号）中数据归集清单要求提供基础数据，并按绿证核发、划转需要，提供项目信息、电量计量装置信息、电量信息、电力用户信息和绿电用电量信息等方面扩展数据。通过接口归集方式报送的信息系统需满足接口技术规范和相关安全管理要求。 
 3．上网电量按公共电网企业结算凭据填报，上网电量可以为0。自发自用电量可按发电量扣除上网电量填报。 
 （二）法定电能计量检定机构出具的发电量、自发自用电量等计量装置检定证明（按检定证明有效期定期上传）。 
 （三）与公共电网存在电量结算关系的（即上网电量大于0的），应提供公共电网提供的结算证明。 
 四、数据校核 
 （一）国家绿证核发交易系统自动对报送的数据进行合理性校核，并标识不合理数据。 
 （二）可再生能源信息管理中心对系统标识的不合理数据进行校核，并对其他数据和材料进行形式校核；退回不符合要求的数据，并告知退回原因。 
 五、复核及核发 
 通过校核的基础数据，经国家能源局资质中心复核后核发绿证，其中，上网电量核发可交易绿证，其余电量核发不可交易绿证。 
 六、绿证划转 
 绿证核发后，不可交易绿证有划转需求的，应提供电力用户信息和绿电用电量信息，以及非公共电网项目与电力用户的电量结算证明，电量结算证明应含非公共电网项目业主电子签章与电力用户电子签章。依据提交的数据和材料，国家能源局资质中心依托国家绿证核发交易系统将绿证划转至电力用户绿证账户。 
 七、异议处理 
 对绿证核发结果存在异议的，异议申请方上传相关证明材料、提出处理建议，国家能源局派出机构核实信息并提出处理意见，相关项目业主、电网企业、电力交易机构配合做好核实工作，国家能源局资质中心审核确认后作出处理，并反馈异议申请方。 
 八、事后核查 
 国家能源局派出机构根据项目业主信用状况，对绿证核发数据真实性进行监督。经核实存在数据报送质量问题的，责令改正；拒不改正的，暂停相关项目绿证核发、划转；涉及数据造假等违纪违法行为的相关主体，按程序移交纪检监察或公安机关处理。 
 分享到： 
 关键字： 绿证 
 中国储能网版权说明： 
 1、凡注明来源为“中国储能网：xxx（署名）”，除与中国储能网签署内容授权协议的网站外，未经本网授权，任何单位及个人不得转载、摘编或以其它方式使用上述作品。 
 2、凡本网注明“来源：xxx（非中国储能网）”的作品，均转载与其他媒体，目的在于传播更多信息，但并不代表中国储能网赞同其观点、立场或证实其描述。其他媒体如需转载，请与稿件来源方联系，如产生任何版权问题与本网无关。 
 3、如因作品内容、版权以及引用的图片（或配图）内容仅供参考，如有涉及版权问题，可联系我们直接删除处理。请在30日内进行。 
 4、有关作品版权事宜请联系：13661266197、 邮箱：ly83518@126.com 
 版权所有：中国储能网© Copyright 2009 - 2026. All Rights 未经授权，禁止复制或建立镜像 
 新闻和版权信息联电话：010-88337719、010-88337717 
 中国储能网 
 联系我们 
 免责声明 
 版权声明 
 诚聘英才 
 广告热线：010-88337719、010-88337717 
 联系地址：北京市西城区阜成门外大街1号四川大厦东塔楼30层 
 京ICP备12023756号-1 　　　 京公网安备11010202010553 　　　 违法和不良信息举报电话",2026-06-05,国家能源局综合司,https://www.escn.com.cn/news/show-2258423.html,accepted
LC-TEXT-0056,policy,山西省新型储能高质量发展实施方案,"山西省人民政府驻广州办事处 
 首页 
 广办之窗 
 广办简介 
 机构设置 
 领导信息 
 工作荣誉 
 通告公示 
 走进山西 
 要闻动态 
 广办资讯 
 广办动态 
 省内要闻 
 湾区新闻 
 商会动态 
 党建引领 
 广办党建 
 八项规定 
 党建信息 
 四中全会 
 招商合作 
 投资政策 
 投资动态 
 招商项目 
 园区介绍 
 劳务输出 
 组织架构 
 主要职责 
 省内站点 
 省内高校联盟 
 珠三角站点 
 工作动态 
 专题栏目 
 新闻详情 
 关于印发《新型储能高质量发展实施方案》的通知 
 发表时间： 
 2026-06-08 11:02 
 来源： 
 省能源局 
 山西省能源局　山西省发展和改革委员会 山西省工业和信息化厅　国家能源局山西监管办公室 关于印发《新型储能高质量发展实施方案》的通知 晋能源新能源发〔2026〕70号 各市能源局、发展改革委、工信局，国网山西省电力有限公司、山西地方电力有限公司： 为贯彻落实国家《新型储能规模化建设专项行动方案（2025—2027年）》部署要求，加快推动我省新型储能高质量发展，现将《新型储能高质量发展实施方案》印发给你们，请结合实际，认真抓好贯彻落实。 山西省能源局　山西省发展和改革委员会 山西省工业和信息化厅　国家能源局山西监管办公室 2026年5月13日 （此件公开发布） 新型储能高质量发展实施方案 为深入贯彻落实国家发展改革委、国家能源局印发的《新型储能规模化建设专项行动方案（2025—2027年）》《关于促进电网高质量发展的指导意见》部署要求，紧抓能源革命战略机遇，推动我省新型储能高质量发展，充分发挥新型储能作为提升电网调节能力、保障电力可靠供应的重要手段作用，助力构建清洁低碳、安全高效的新型能源体系，制定本实施方案。 一、总体要求 坚持以习近平新时代中国特色社会主义思想为指导，全面贯彻党的二十大和二十届历次全会精神，以“双碳”目标为引领。遵循市场主导、政府引导、统筹规划、多元发展、安全高效的原则，聚焦提升电力系统调节能力和新能源消纳水平。强化电网对新型储能的支撑接纳能力，推动技术创新与产业协同，统筹推进新型储能规模化与高质量发展，为全省全面绿色转型和能源安全提供坚实支撑。 到2027年，全省新型储能装机规模达到800万千瓦以上，带动直接投资超100亿元，产业链协同与技术创新能力稳步增强，锂离子电池储能持续主导，压缩空气储能、全钒液流电池等长时储能技术实现商业化示范应用，市场机制初步完善，形成一批可复制推广的典型应用场景和商业模式，新型储能对电力系统安全稳定运行的支撑作用显著提升；到2030年，新型储能作为支撑高比例新能源消纳的关键环节，装机规模与全省风电、光伏规模相匹配，新能源利用率满足国家要求，形成技术先进、机制健全、运行高效、安全可控的新型储能体系，成为全国新型储能高质量发展示范省份。 二、实施路径 （一）重点布局方向 1．规模化发展方向。立足各地实际条件与多元化场景需求，因地制宜推进锂离子电池、全钒液流电池、压缩空气储能、飞轮储能等相对成熟的技术路线，扩大项目规模，促进成熟技术在电力系统中的调节支撑能力持续提升。 2．示范应用方向。鼓励有条件的地区聚焦钠离子电池、半固态锂电池、重力储能、构网型储能系统等前沿技术领域，率先落地一批示范工程，加快关键技术迭代进程与工程转化能力，逐步形成符合省情的应用模式与商业化路径。 3．试点探索方向。在确保安全可控的基础上，围绕氢储能等具备长时储能发展潜力的技术方向开展试点项目，推动关键技术研发与能效提升，为后续更大范围应用储备经验。 （二）关键应用场景 4．发展电源侧储能。推动利用新型储能和智慧联合调控手段建设系统友好型新能源电站，鼓励省内百万千瓦能源转型与生态治理风光示范基地合理规划建设配套储能，平滑新能源出力曲线。大力推进电源侧储能配置与协同运行，鼓励新增并网新能源项目按不低于装机容量15％、时长4小时以上配置储能设施，探索性发展可全天候发电的光储一体化示范项目（储能按光伏装机容量100％、时长3小时以上配置）。推广火电机组与电化学储能、飞轮储能等联合调频技术应用，鼓励利用关停淘汰火电厂既有厂址、送出线路规划建设储能电站。 5．推进电网侧储能。在主变严重过载的500千伏变电站周边、新能源汇集站及外送通道送端站附近，科学布局一批大容量独立储能电站。在新能源高占比区域，积极推进构网型储能示范工程，加大构网型技术应用，充分释放新型储能的调峰、调频、调压、事故备用、爬坡、黑启动等多重效能，切实提升电网安全稳定水平和顶峰保供能力。同时，在配电网扩容升级困难或偏远地区，支持建设分布式独立储能和电网替代型储能，进一步提升配电网与各类并网电力新业态的交互水平。 6．创新多场景应用。在工业园区、数据中心、5G基站、商业综合体、交通枢纽等场景，鼓励建设分布式储能设施。全面推进“光储充放”一体化充电站建设，促进电动汽车与电网智能互动。支持虚拟电厂运营商整合用户侧分散储能资源，参与电力现货和辅助服务市场。推动源网荷储一体化、绿电园区、绿电直连等项目配置合理规模储能，提升系统调节能力。依托大数据、云计算、人工智能等先进技术，培育“人工智能＋”新型储能应用试点场景。 三、重点任务 （一）统筹规划与协同推进 1．科学衔接发展规划。依据全省“十五五”新能源发展规划和消纳需求，结合发展基础，做好本实施方案与能源、电力、城乡建设等相关规划的衔接。各市能源主管部门要会同电网公司根据新能源消纳需求、电网接入条件和周边负荷情况，结合新型储能“优、良、中、差”四级评价结果，合理确定储能规模、布局和时序，推动新型储能高质量发展。电网公司要结合新型储能项目发展规划布局，适度超前并及时调整电网规划建设方案和投资计划安排，促进源网协调发展。（责任单位：省能源局、山西能源监管办、国网山西省电力有限公司、山西地方电力有限公司按职责分工负责） 2．健全项目库管理机制。根据国家能源局《电网公平开放监管办法》关于向电网企业申请接入电网的电源项目应已列入政府能源主管部门批准的电力发展规划或专项规划，或已纳入省级及以上政府能源主管部门年度实施方案的要求，省能源局相应建立并动态更新新型储能项目库，优化项目规模与布局，有序引导项目开发建设。入库项目实行建设时序管理，未达序时进度的项目坚决移出项目库。省电力公司依据省级新型储能项目库，对入库项目受理接入系统办理事宜。（责任单位：省能源局、山西能源监管办、国网山西省电力有限公司、山西地方电力有限公司按职责分工负责） （二）拓展多元化应用场景 3．打造融合应用示范场景。以“绿电＋储能”“储能＋微电网”等融合模式为抓手，重点围绕源网荷储一体化、智能微电网、虚拟电厂、低碳园区、光储充一体化、车（站）网互动等方向，打造一批技术领先、应用前景良好、可复制推广的新型储能创新应用场景。（责任单位：省能源局、省发展改革委、国网山西省电力有限公司、山西地方电力有限公司按职责分工负责） 4．促进应用场景供需对接。各市要积极搭建新型储能供需对接平台，开展供需对接，收集风电、光伏电站配储需求和电网侧独立储能项目共享容量，分享供需信息，促进独立储能容量租赁业务发展。鼓励具备相应技术条件的配建储能，转为独立储能参与电力市场。（责任单位：省能源局、山西能源监管办、国网山西省电力有限公司、山西地方电力有限公司按职责分工负责） （三）强化技术攻关与产业培育 5．推动储能技术创新突破。支持磷酸铁锂电池在安全性、循环寿命、能量密度等方面持续提升，攻关钠离子电池、固态电池、水系有机液流电池等新一代电化学储能技术。在具备条件的地区，重点推动压缩空气储能、全钒液流电池储能等长时储能（4小时以上）技术示范应用，推广“电化学＋飞轮”“锂电＋液流”等混合储能系统。（责任单位：省科技厅、省工信厅、省能源局、相关高校及科研院所按职责分工负责） 6．打造特色产业集群。依托本省材料、装备制造基础，延伸发展电池电芯、正负极材料、隔膜、电解液、储能变流器、储能系统、电池管理系统、能量管理系统等关键环节，提升本地配套能力与产业韧性。引进和培育一批生态主导型储能系统集成企业、运营服务龙头企业与“专精特新”中小企业，加强上下游产业协同，形成大中小企业融通发展的产业生态。（责任单位：省工信厅、省能源局、省投资促进局按职责分工负责） 7．加强人才队伍建设。依托太原理工大学、中北大学、太原科技大学等高校及科研院所，加强储能相关学科专业建设，支持申报增列储能相关博士点、硕士点，扩大本硕博培养规模。实施高层次人才引进计划，吸引国内外顶尖技术团队和经营管理人才来晋创业，开展新型储能产教融合试点，加强运维管理人员培训。（责任单位：省教育厅、省科技厅、省人社厅按职责分工负责） （四）深化市场机制改革 8．完善容量补偿与价格机制。加快研究出台符合我省实际的独立储能容量电价或可靠容量补偿机制政策，有效疏导储能固定投资成本。推动储能作为独立主体全面参与电力中长期、现货与辅助服务市场，进一步拉大现货市场峰谷价差，结合实际探索建立爬坡、惯量等新型辅助服务交易品种。（责任单位：省发展改革委、省能源局、山西能源监管办、国网山西省电力有限公司、山西地方电力有限公司按职责分工负责） 9．创新调度运行机制。按照国家关于促进电网高质量发展的部署要求，加快构建适应高比例新能源与规模化储能接入的新型调度体系。推动电网调度系统与独立储能、分布式储能、虚拟电厂等实现信息互联、协同控制，提升规模化储能集群的智能调度水平。电力调度机构科学制定新型储能调度细则，明确运行方式与调用区间，通过市场化手段促进新型储能“一体多用、分时复用”，丰富商业模式。积极推进源储协同优化、储能集群智能调度及分布式储能虚拟电厂聚合调控等模式创新。推进新能源配套储能与新能源电源协同优化运行，以“新能源＋储能”一体化主体参与电力市场，利用市场化价格机制破解发用时空错配矛盾，改善配储经济性。（责任单位：省能源局、山西能源监管办、国网山西省电力有限公司、山西地方电力有限公司按职责分工负责） 四、保障措施 （一）加强组织领导 省能源局、省发展改革委、省工信厅、山西能源监管办要会同省财政厅、省自然资源厅、省生态环境厅、省应急厅及国网山西省电力有限公司、山西地方电力有限公司，加强部门协同和信息共享，共同推进本方案落地实施。各市要落实属地责任，由市能源、发改、工信部门牵头，组织相关职能部门和电网企业加强工作联动，统筹做好项目规划、要素保障和督导服务。（责任单位：省能源局、省发展改革委、省工信厅、山西能源监管办、省财政厅、省自然资源厅、省生态环境厅、省应急厅、国网山西省电力有限公司、山西地方电力有限公司按职责分工负责） （二）加大政策扶持 积极争取国家专项资金，统筹利用省级相关财政资金，对符合条件的示范项目、关键技术研发给予支持。鼓励引导企业积极开展技术研发与应用模式创新，支持申报国家级示范应用项目或优秀案例。落实税收优惠政策，加强对新型储能项目的土地、能耗等要素保障力度。引导金融机构加大对新型储能领域企业的信贷支持力度，探索融资租赁支持新型储能设备采购，推动研究开发面向新型储能项目的保险产品。（责任单位：省发展改革委、省工信厅、省财政厅、省自然资源厅、人民银行山西省分行、山西金融监管局、省税务局、省地方金融管理局、省能源局按职责分工负责） （三）优化建设管理 全面推行“工作并联、审批串联”，压缩审批时限、提升效率，加快项目建设，推动早开工、早建成、早投用。电网公司优化储能项目并网流程，同步推进配套送出工程衔接，确保“能并尽并、早并早用”。（责任单位：省自然资源厅、省生态环境厅、省能源局、省审批服务管理局、国网山西省电力有限公司、山西地方电力有限公司按职责分工负责） （四）落实安全责任 各级有关部门和企业要严格落实《关于加强电化学储能安全管理有关工作的通知》（国能综通安全〔2025〕65号）等文件要求，强化安全管理责任。项目备案机关备案时，在备案文件中明确项目单位的安全生产主体责任，并落实项目安全监管责任。已备案的项目，应尽快逐项补充明确项目安全监管责任。各相关部门认真贯彻落实《山西省安全生产委员会办公室关于印发〈全省电化学储能电站安全监管职责分工及工作机制（试行）〉的通知》（晋安办发〔2022〕174号），各司其职，各负其责，确保新型储能产业高质量发展。（责任单位：省能源局、省发展改革委、省工信厅、省自然资源厅、省住建厅、省应急厅、省市场监管局、省审批服务管理局、省消防救援总队、国网山西省电力有限公司、山西地方电力有限公司按职责分工负责） 
 上一篇: 
 商务部 国家发展改革委 财政部关于印发《利用外资固稳促优行动方案》的通知 
 下一篇: 
 山西省人民政府办公厅关于印发山西省文旅产业融合发展2026年行动计划的通知 
 文字分类： 投资政策 
 分享到：",2026-06-08,山西省能源局 山西省发展改革委,http://sxszfzgzb.shanxi.gov.cn/zshz/tzzc/202606/t20260608_10141806.shtml,accepted
LC-TEXT-0057,ir_qa,投资者问答：欣旺达回应“董秘你好，请问欣旺达母公司出售子公司欣旺达动力股权融资这件事上，在欣旺达”,原文摘要：投资者在深交所互动易向欣旺达提问，问题摘要为“董秘你好，请问欣旺达母公司出售子公司欣旺达动力股权融资这件事上，在欣旺达动力已经扭亏，产能、营收大幅增加，前景向好的情况下，为什么其估值下降了100多亿？母公司”。公司回复摘要为“您好！感谢您对公司的关注与支持。本次融资估值主要由资本市场融资环境和欣旺达动力自身经营情况双重因素影响，动力电池行业二级市场估值水平较上轮融资时明显下降。本轮估值以专业资产评估机构评估的评估值为依据，”。项目关联：欣旺达属于新能源股票池的锂电板块。单条问答只作为证据文本，不直接代表提问压力增加；不包含收益判断或股价方向判断。,2026-06-09,深交所互动易,https://irm.cninfo.com.cn/ircs/question/questionDetail?questionId=2286982656973606912,accepted
LC-TEXT-0058,announcement,关于全资项目子公司股权转让涉及2022年度向特定对象发行股票募投项目的进展公告,"证券代码：300763 证券简称：锦浪科技 公告编号：2026-040
债券代码：123259 债券简称：锦浪转 02
锦浪科技股份有限公司
关于全资项目子公司股权转让涉及 2022 年度向特定
对象发行股票募投项目的进展公告
锦浪科技股份有限公司（以下简称“公司”）于 2026 年 5 月 20 日召开第四
届董事会第十八次会议，审议通过了《关于全资项目子公司股权转让涉及 2022
年度向特定对象发行股票募投项目的议案》。公司全资子公司宁波锦浪智慧能源
有限公司（以下简称“锦浪智慧”）和浙江海速信息技术服务有限公司（以下简
称“浙江海速”，锦浪智慧的全资子公司）拟将其持有的全资项目子公司巨鹿县
泽源新能源科技有限公司（以下简称“巨鹿泽源”）100%股权出让给石家庄正刚
新能源科技有限公司（以下简称“石家庄正刚”），股权转让对价为人民币 425.96
万元，涉及的光伏电站合计装机容量约 1.15MW。标的公司为已建成投运的 2022
年度向特定对象发行股票募集资金投资项目中的分布式光伏电站建设项目投资
建 设 主 体 。 具 体 内 容 详 见 公 司 于 2026 年 5 月 21 日 在 巨 潮 资 讯 网
（http://www.cninfo.com.cn/）披露的《关于全资项目子公司股权转让涉及 2022
年度向特定对象发行股票募投项目公告》（公告编号：2026-032）。
截至本公告披露日，锦浪智慧和浙江海速已与石家庄正刚正式签署了关于巨
鹿泽源的股权收购协议，锦浪智慧和浙江海速共计收到股权转让款人民币 425.96
万元。近日，本次股权转让所需的工商变更登记手续已经完成，公司不再持有巨
鹿泽源的股权，该项目公司不再纳入公司合并报表范围。敬请广大投资者注意投
资风险。
特此公告。
锦浪科技股份有限公司董事会
2026 年 6 月 9 日
本公司及董事会全体成员保证公告内容真实、准确和完整，不存在任何虚假
记载、误导性陈述或者重大遗漏。",2026-06-09,巨潮资讯网,http://static.cninfo.com.cn/finalpage/2026-06-09/1225356678.PDF,accepted
GFEX-WR-20260611,announcement,广期所碳酸锂仓单日报：仓单减少898手,广州期货交易所2026-06-11仓单日报显示，碳酸锂仓单总量为54683手，减少898手。,2026-06-11,广州期货交易所,https://www.gfex.com.cn/gfex/cdrb/hqsj_tjsj.shtml,accepted
GFEX-WR-20260612,announcement,广期所碳酸锂仓单日报：仓单减少896手,广州期货交易所2026-06-12仓单日报显示，碳酸锂仓单总量为53787手，减少896手。,2026-06-12,广州期货交易所,https://www.gfex.com.cn/gfex/cdrb/hqsj_tjsj.shtml,accepted
LC-TEXT-0059,news,5月电池装车71.9GWh，宁德时代、比亚迪合计拿下超六成市场_腾讯新闻,"5月电池装车71.9GWh，宁德时代、比亚迪合计拿下超六成市场_腾讯新闻 
 5月电池装车71.9GWh，宁德时代、比亚迪合计拿下超六成市场 电车汇 2026-06-15 16:49 发布于 四川 电车汇官方账号 问AI  ·  磷酸铁锂技术为何持续主导动力电池市场？ 新能源汽车市场的热度，正在实实在在传导到动力电池端。中国汽车动力电池产业创新联盟最新出炉的数据显示，2026年5月国内动力电池装车量达到71.9GWh，同比大涨25.9%，环比也有15.2%的增幅，整个行业的回暖势头较为明显。 2024-2026年动力电池月度装车量 算下来，今年前5个月累计装车已经做到了259.1GWh。特别是5月份的装车量，直接创下了年内新高，环比增幅还在扩大，说明下游车企确实在加速生产，终端需求起来了。照这个节奏走下去，全年的数据应该会相当好看。 2026年5月动力电池企业装车量TOP15 企业端的格局基本没太大变化，头部两家依然稳得很。宁德时代5月装了33.08GWh，市占率46.14%，比上个月略降0.51个百分点，但龙头位置没人能撼动。 比亚迪 这边是11.87GWh，占比16.56%，也微降了0.27个百分点，自供体系的优势摆在那里，第二的位置也很稳。两家加起来，吃掉了整个市场62.7%的份额。 后面几名基本还是老面孔，国轩高科4.44GWh、中创新航4.3GWh、亿纬锂能3.23GWh，三家加起来差不多16.7%的市场，位次没怎么动。倒是有几家二线厂商这个月冲得很凶——LG新能源直接涨了1.58个百分点，占到2.14%，挤进了前十； 欣旺达 也涨了0.68个百分点到3.08%，排到了第八。二线厂商的竞争，确实是越来越热闹了。 2026年1-5月动力电池企业装车量TOP1 5 宁德时代、比亚迪2025-2026年5月电池装车量 部分电池企业2025-2026年5月电池装车量 从累计数据看企业格局，头部效应更加明显。1-5 月宁德时代累计装车 121.66GWh，市占率高达 47.02%，较年初大幅提升了 4.12 个百分点，龙头优势还在扩大。比亚迪累计装车 43.31GWh，占比 16.74%，虽然 5 月单月表现稳定，但累计占比较年初下滑了 7.32 个百分点。两家合计拿下了超 63% 的市场份额，行业集中度进一步提升。 2026年5月动力电池装车量前十名 2026年1-5月动力电池装车量前十名 技术路线方面，磷酸铁锂还在继续扩大优势。5月磷酸铁锂电池装车59.5GWh，占比到了82.8%，又刷新了纪录；三元电池只有12.4GWh，占比17.2%。累计来看也是同样趋势，1-5 月磷酸铁锂占比超过 80%，比亚迪、国轩高科、瑞浦兰钧等企业几乎全路线押注磷酸铁锂。说白了，性价比高、循环寿命长的磷酸铁锂，现在就是主流车型和商用车的首选，三元锂电池就剩高端车对长续航和快充的需求。 总的来说，5月这组数据相当亮眼，单月和累计销量都在增长，头部企业稳中有进，二线厂商各显神通，技术路线的分化也越来越清晰。新能源汽车渗透率还在往上走，储能那边又是一个新的大市场，中国动力电池这条赛道，接下来只会更热闹。",2026-06-15,腾讯新闻,https://news.qq.com/rain/a/20260615A071YK00,accepted
LC-TEXT-0060,policy,关于开展2026年新能源汽车下乡活动的通知,"工业和信息化部 商务部等五部门办公厅（综合司）关于开展2026年新能源汽车下乡活动的通知 
 首页 > 
 政务公开 > 
 政策文件 > 
 文件发布 > 
 通知 
 发文机关： 工业和信息化部办公厅 商务部办公厅 国家发展改革委办公厅 农业农村部办公厅 国家能源局综合司 
 标　　题： 工业和信息化部 商务部等五部门办公厅（综合司）关于开展2026年新能源汽车下乡活动的通知 
 发文字号： 工信厅联通装函〔2026〕280号 
 成文日期： 2026-06-12 
 发布日期： 2026-06-18 
 发布机构： 装备工业一司 
 分　　类： 汽车工业行业管理 
 工业和信息化部 商务部等五部门办公厅（综合司）关于开展2026年新能源汽车下乡活动的通知 
 发布时间：2026-06-18 10:33 来源：装备工业一司 
 工信厅联通装函〔2026〕280号 各省、自治区、直辖市、计划单列市及新疆生产建设兵团工业和信息化主管部门、商务主管部门、发展改革委、农业农村（农牧）厅（局、委）、能源主管部门： 为深入贯彻党的二十大和二十届历次全会精神，落实中央一号文件关于全面推进乡村振兴、扩大乡村消费的部署要求，推进美丽乡村建设，活跃线下消费，激发下沉市场消费活力，加快补齐乡村地区绿色出行基础设施短板，推广绿色低碳、智能安全的乡村出行新体验，工业和信息化部、商务部会同国家发展改革委、农业农村部、国家能源局组织开展2026年新能源汽车下乡活动。有关事项通知如下： 一、活动主题 绿色、低碳、智能、安全——智行千县万镇，绿惠乡村万家 二、组织形式 （一）选取满足乡村地区使用需求、口碑好、质量可靠的新能源车型，有关车型目录在“新能源汽车下乡服务平台”公众号中动态更新。落实车购税、车船税减免、县域充换电设施补短板等政策，积极扩大新能源汽车乡村地区消费。 （二）深入推进汽车以旧换新进乡村。在新能源汽车下乡活动中设置以旧换新专区，开展补贴政策宣介推广，提供旧车检测评估回收、补贴申请手续代办等“一站式”服务，进一步提高优惠政策知晓度、覆盖面，便利乡村地区消费者参与享受补贴。对换购新能源汽车的乡村地区消费者，均可按政策要求申领汽车以旧换新补贴，不受补贴资格数量限制。 （三）加强与“千县万镇新能源汽车消费季”等已有品牌活动统筹融合。选取一批新能源汽车推广比例不高、市场潜力较大的典型县域城市，开展线下特色活动，创新打造车型展示、试乘试驾等线下体验式消费场景，通过直播引流、在线咨询等方式，吸引周边乡镇消费者到店选购新能源汽车，辐射带动线下实体零售发展。 （四）组织新能源汽车销售网点、售后维保服务企业，充换电服务企业，保险、信贷等金融服务企业协同下乡，持续优化乡村地区新能源汽车应用配套环境，提升服务水平。推动智能网联技术、新型充换电技术、“光储充”一体化、车网互动技术等在乡村地区应用。 （五）活动委托中国汽车工业协会、中国汽车流通协会、中国电动汽车充电基础设施促进联盟、中国电子信息产业发展研究院牵头组织实施，充分发挥不同行业渠道优势，组织汽车生产企业、汽车销售企业、金融机构等积极参与，推出新能源汽车下乡活动配套优惠举措。各地工业和信息化、商务、发展改革、农业农村、能源等主管部门做好配合工作。 三、保障措施 加强组织领导，强化部门协同，切实落实好相关政策，确保活动实效。坚决贯彻执行中央八项规定及其实施细则精神，坚持节俭办活动。严格遵守当地社会治安管理规定，制定安全防范工作应急预案，加强全过程安全防护，确保活动安全有序。注重舆论引导，做好活动宣传，加大新能源汽车科普宣传力度，营造良好舆论氛围。 联系方式： 中国汽车工业协会　　　　　　　　　姜建娜 18515329258 中国汽车流通协会　　　　　　　　　王　都 13901198337 中国电动汽车充电基础设施促进联盟　李　康 15210280579 中国电子信息产业发展研究院　　　　郭文佳 18001359269 工业和信息化部办公厅 商务部办公厅 国家发展改革委办公厅 农业农村部办公厅 国家能源局综合司 2026年6月12日 “新能源汽车下乡服务平台”公众号 
 【返回顶部】 
 【关闭窗口】 
 【打印本页】",2026-06-18,工业和信息化部等五部门,https://www.miit.gov.cn/zwgk/zcwj/wjfb/tz/art/2026/art_addcc0a2fd3f4bf6993e3e48f7b8d4c3.html?dzb=true,accepted
GFEX-WR-20260622,announcement,广期所碳酸锂仓单日报：仓单减少1560手,广州期货交易所2026-06-22仓单日报显示，碳酸锂仓单总量为50415手，减少1560手。,2026-06-22,广州期货交易所,https://www.gfex.com.cn/gfex/cdrb/hqsj_tjsj.shtml,accepted
GFEX-WR-20260624,announcement,广期所碳酸锂仓单日报：仓单减少1345手,广州期货交易所2026-06-24仓单日报显示，碳酸锂仓单总量为49115手，减少1345手。,2026-06-24,广州期货交易所,https://www.gfex.com.cn/gfex/cdrb/hqsj_tjsj.shtml,accepted
LC-TEXT-0061,announcement,关于全资子公司签署二期投资协议暨对外投资进展公告,"证券代码：605117 证券简称：德业股份 公告编号：2026-043
宁波德业科技股份有限公司
关于全资子公司签署二期投资协议暨对外投资
进展公告
本公司董事会及全体董事保证本公告内容不存在任何虚假记载、误导性陈述
或者重大遗漏，并对其内容的真实性、准确性和完整性承担法律责任。
重要内容提示：
投资标的名称 年 产 16GWh 工 商 储 生 产 线 项 目 （ 二 期
9GWh）
投资金额 不少于 12.32 亿元（具体以实际投资额为准）
投资进展情况 完成 终止 √交易要素变更
特别风险提示（如有） 无
一、对外投资基本情况
宁波德业科技股份有限公司（以下简称“公司”）已于 2025 年 4 月 1 日召
开第三届董事会第十二次会议审议通过《关于全资子公司签署项目投资协议的议
案》，同意宁波德业储能科技有限公司（以下简称“德业储能”）与慈溪滨海经
济开发区管理委员会签署《投资协议书》，在慈溪滨海经济开发区投资建设年产
16GWh 工商储生产线项目（分两期投入，一期 7GWh，二期 9GWh）一期固定资
产投资预计不少于 8.95 亿元，二期固定资产投资预计不少于 12.32 亿元（具体以
实际投资额为准），并授权公司管理层负责办理与本次对外投资有关的相关事宜，
包括但不限于签署与本对外投资建设相关协议、投资项目备案登记等事宜。具体
内容详见公司 2025 年 4 月 2 日披露于上海证券交易所官网（www.sse.com.cn）
的《关于全资子公司签署项目投资协议的公告》（公告编号：2025-012）。
2025 年 4 月 2 日，德业储能按照法定程序参与慈溪市一宗国有建设用地使
用权的挂牌出让竞拍，并最终以人民币 9,407.80 万元竞得慈溪滨海经济开发区
II202409#地块国有建设用地使用权，该地块用于实施年产 16GWh 工商储生产线
项目（一期 7GWh）。具体内容详见公司 2025 年 4 月 3 日披露于上海证券交易
所官网（www.sse.com.cn）的《关于全资子公司竞得土地使用权暨对外投资进展
的公告》（公告编号：2025-014）。
经公司 2025 年 10 月 29 日召开的第三届董事会第十八次会议、第三届监事
会第十六次会议及 2025 年 11 月 14 日召开的 2025 年第二次临时股东会审议通
过《关于变更部分募集资金用途及新增募投项目和实施地点的议案》，同意终止
投入“年产 25.5GW 组串式、储能式逆变器生产线建设项目”，新增建设“年产
7GWh 工商储生产线项目”，投资总金额为人民币 111,196 万元。具体内容详见公
司 2025 年 10 月 30 日披露于上海证券交易所官网（www.sse.com.cn）的《关于
变更部分募集资金用途及新增募投项目和实施地点的公告》（公告编号：2025-
092）。
二、本次对外投资要素变更情况
近年来，全球工商储需求快速提升，行业迎来快速放量阶段。结合市场发展
趋势及公司产业布局情况，全资子公司德业储能与慈溪滨海经济开发区管理委员
会签署《投资协议书（二期）》。主要内容如下：
（一）协议双方
甲方：慈溪滨海经济开发区管理委员会
乙方：宁波德业储能科技有限公司
（二）项目概况条款
1.项目名称： 年产 9GWh 工商储生产线项目 。
2.经济指标：固定资产投资强度≥ 333 万元/亩；年亩均税收≥ 50 万元/亩。
3.建设指标：建筑容积率≥ 2.0 。
4.其他指标：单位能耗增加值≥ 6.7 万元/吨标煤；单位排放增加值≥ 5590 万
元/吨；研发费支出与营业收入之比≥百分之 3.8 。
（三）土地概况条款
项 目 宗地编号 慈溪滨海Ⅱ202603# ，合 计宗地面 积 246,635 平方 米（即
369.9525 亩）。项目宗地在浙江省自然资源网上交易中心进行拍卖，拍卖起始价
约 28 万元/亩（30 年产权），具体以项目宗地的出让公告为准。
（四）履约保证金条款
乙方应向甲方缴纳 30 万元/亩的履约保证金，履约保证金不抵扣土地出让价
款，分四期退还。具体缴纳、退还方式如下：
履约保证金缴纳方式：乙方应在签订《国有建设用地使用权出让合同》前以
现金方式缴纳 4 万元/亩的现金保证金；在签订《国有建设用地使用权出让合同》
后 1 个月内以银行保函方式缴纳 26 万元/亩的保函保证金。
履约保证金退还方式：乙方按时开工并通过开工确认的，退还现金保证金 2
万元/亩；按时竣工并通过竣工验收的，退还现金保证金 2 万元/亩；按时达产并
通过达产复核的，退还保函保证金 18.2 万元/亩；达产期后三年，开展年均亩均
税收定期考核，经甲方认定达到约定标准的，退还保函保证金 7.8 万元/亩。保证
金均为无息退还。
（五）甲方承诺条款
1.项目地块内土方基本平整，无明显高低起伏。地块周边道路贯通，水、电、
汽在合理范围内按乙方的需求规划，同时水、电、汽、通信、天然气、排水、排
污管线按地块建设进度达到基本接入条件，开户由乙方自行负责。其中排污管线
需有压输送，由乙方自建污水泵站。
2.协助乙方做好项目立项、环评能评、规划建设、分段施工、分批验收等相
关事务，全力协调市级相关部门以最快速度审批，积极帮助乙方解决困难问题，
推动项目顺利建设投产。
3.根据国家、浙江省、宁波市、慈溪市各级相关政策，协助乙方申请各类政
策奖励。项目技改在满足的政策条件下，优先按最高补助进行支持。
4.乙方在开发区缴纳社保且符合条件的员工在购买开发区人才房、子女在开
发区入学可享受开发区优惠政策，积极协助乙方关键人才获得慈溪市优秀学校的
入学资格。
（六）乙方承诺条款
1.乙方在拿到宗地红线图后，应尽快做好总体方案设计及申报预审、施工图
设计，并签订设计、施工、监理、勘察合同，及时申报施工图预审，为“拿地即
开工”做好前期准备工作。
2.乙方在竞得土地签署《国有建设用地使用权出让合同》后及时办理并通过
项目立项、环境影响评价、能源评估、规划审批等报批手续。
3.若将来乙方上市，则上市主体须在开发区内。
（七）项目进度条款
乙方应在签订《国有建设用地使用权出让合同》后迅速启动项目开工建设，
并在拿地后 30 个月内竣工投产、54 个月内达产复核。具体开工建设、竣工投产、
达产复核、定期考核的进度要求及考核验收方式，以双方另行签订的《慈溪市企
业投资工业项目“标准地”投资建设协议》为准。
本项目为甲乙双方于 2025 年 4 月 1 日签订的《投资协议书》中的二期项目，
本项目达产考核与一期项目（慈滨海Ⅱ202409#（268.8 亩））地块规划、经济指
标、标准地投资指标统筹考虑，进行分批验收、合并考核。
三、对公司的影响及对外投资风险分析
随着海外工商储市场需求进一步释放，公司管理层基于当前行业环境及前景
判断，满足未来工商储销售规模增长需要，提前进行产能布局。本次对外投资不
会对公司 2026 年度经营业绩产生重大不利影响，后续项目成功实施将对未来经
营业绩产生积极影响。
本投资项目是基于公司战略发展的需要及对工商业储能系统市场前景的判
断，但工商业储能系统的发展趋势及市场行情的变化等均存在不确定性，可能对
投资项目的建设运营和预期效益产生不确定性影响。
本投资项目尚需通过项目立项、备案、环评、安评、能评、联审等审批程序，
能否通过相关政府部门审批存在不确定性；本投资项目建设所需用地尚未完成必
要的用地手续，能否在拟定地点取得约定的建设用地尚存在不确定性。
本投资项目建设过程中可能会面临各种不确定因素，或建设资金筹措不到位
等，将导致项目的实施存在顺延、变更、中止或终止的风险。
本投资协议涉及的预计产值、税收等数值均为预估数，实际执行情况可能与
预期存在差距，相关数据并不代表公司对未来业绩的预测和承诺。敬请投资者理
性投资，注意投资风险。
特此公告。
宁波德业科技股份有限公司董事会
2026 年 6 月 24 日",2026-06-24,巨潮资讯网,http://static.cninfo.com.cn/finalpage/2026-06-24/1225383163.PDF,accepted
GFEX-WR-20260706,announcement,广期所碳酸锂仓单日报：仓单减少1498手,广州期货交易所2026-07-06仓单日报显示，碳酸锂仓单总量为46708手，减少1498手。,2026-07-06,广州期货交易所,https://www.gfex.com.cn/gfex/cdrb/hqsj_tjsj.shtml,accepted
GFEX-WR-20260708,announcement,广期所碳酸锂仓单日报：仓单减少2445手,广州期货交易所2026-07-08仓单日报显示，碳酸锂仓单总量为43640手，减少2445手。,2026-07-08,广州期货交易所,https://www.gfex.com.cn/gfex/cdrb/hqsj_tjsj.shtml,accepted
GFEX-WR-20260710,announcement,广期所碳酸锂仓单日报：仓单减少1953手,广州期货交易所2026-07-10仓单日报显示，碳酸锂仓单总量为42067手，减少1953手。,2026-07-10,广州期货交易所,https://www.gfex.com.cn/gfex/cdrb/hqsj_tjsj.shtml,accepted
GFEX-WR-20260716,announcement,广期所碳酸锂仓单日报：仓单减少1189手,广州期货交易所2026-07-16仓单日报显示，碳酸锂仓单总量为41231手，减少1189手。,2026-07-16,广州期货交易所,https://www.gfex.com.cn/gfex/cdrb/hqsj_tjsj.shtml,accepted
GFEX-WR-20260717,announcement,广期所碳酸锂仓单日报：仓单减少886手,广州期货交易所2026-07-17仓单日报显示，碳酸锂仓单总量为40345手，减少886手。,2026-07-17,广州期货交易所,https://www.gfex.com.cn/gfex/cdrb/hqsj_tjsj.shtml,accepted
GFEX-WR-20260720,announcement,广期所碳酸锂仓单日报：仓单增加1014手,广州期货交易所2026-07-20仓单日报显示，碳酸锂仓单总量为41359手，增加1014手。,2026-07-20,广州期货交易所,https://www.gfex.com.cn/gfex/cdrb/hqsj_tjsj.shtml,accepted
GFEX-WR-20260727,announcement,广期所碳酸锂仓单日报：仓单减少1461手,广州期货交易所2026-07-27仓单日报显示，碳酸锂仓单总量为38418手，减少1461手。,2026-07-27,广州期货交易所,https://www.gfex.com.cn/gfex/cdrb/hqsj_tjsj.shtml,accepted
GFEX-WR-20260729,announcement,广期所碳酸锂仓单日报：仓单增加1037手,广州期货交易所2026-07-29仓单日报显示，碳酸锂仓单总量为39315手，增加1037手。,2026-07-29,广州期货交易所,https://www.gfex.com.cn/gfex/cdrb/hqsj_tjsj.shtml,accepted
GFEX-WR-20260731,announcement,广期所碳酸锂仓单日报：仓单减少13939手,广州期货交易所2026-07-31仓单日报显示，碳酸锂仓单总量为25042手，减少13939手。,2026-07-31,广州期货交易所,https://www.gfex.com.cn/gfex/cdrb/hqsj_tjsj.shtml,accepted
GFEX-WR-20260803,announcement,广期所碳酸锂仓单日报：仓单增加1510手,广州期货交易所2026-08-03仓单日报显示，碳酸锂仓单总量为26552手，增加1510手。,2026-08-03,广州期货交易所,https://www.gfex.com.cn/gfex/cdrb/hqsj_tjsj.shtml,accepted
GFEX-WR-20260804,announcement,广期所碳酸锂仓单日报：仓单增加1101手,广州期货交易所2026-08-04仓单日报显示，碳酸锂仓单总量为27653手，增加1101手。,2026-08-04,广州期货交易所,https://www.gfex.com.cn/gfex/cdrb/hqsj_tjsj.shtml,accepted
GFEX-WR-20260807,announcement,广期所碳酸锂仓单日报：仓单增加1420手,广州期货交易所2026-08-07仓单日报显示，碳酸锂仓单总量为29873手，增加1420手。,2026-08-07,广州期货交易所,https://www.gfex.com.cn/gfex/cdrb/hqsj_tjsj.shtml,accepted
GFEX-WR-20260810,announcement,广期所碳酸锂仓单日报：仓单增加1748手,广州期货交易所2026-08-10仓单日报显示，碳酸锂仓单总量为31621手，增加1748手。,2026-08-10,广州期货交易所,https://www.gfex.com.cn/gfex/cdrb/hqsj_tjsj.shtml,accepted
GFEX-WR-20260811,announcement,广期所碳酸锂仓单日报：仓单增加930手,广州期货交易所2026-08-11仓单日报显示，碳酸锂仓单总量为32551手，增加930手。,2026-08-11,广州期货交易所,https://www.gfex.com.cn/gfex/cdrb/hqsj_tjsj.shtml,accepted
GFEX-WR-20260812,announcement,广期所碳酸锂仓单日报：仓单增加2550手,广州期货交易所2026-08-12仓单日报显示，碳酸锂仓单总量为35101手，增加2550手。,2026-08-12,广州期货交易所,https://www.gfex.com.cn/gfex/cdrb/hqsj_tjsj.shtml,accepted
