trade_date,dataset,status,api_code,raw_sha256,raw_rows,selected_rows,request_url,source_page,fetched_at
2023-07-21,daily,cached,0,89b0a0dbf1a21fdff2ce69176ce6932445aa762ddaa412c7132778a691cd7f54,18,7,http://www.gfex.com.cn/u/interfacesWebTiDayQuotes/loadList,https://www.gfex.com.cn/gfex/rihq/hqsj_tjsj.shtml,2026-08-14T18:26:02+08:00
2023-07-21,warehouse,cached,0,d0997eda589ef4613e34b27d4b3591b85181e004120abe656b87c7d2f9db2f90,16,0,http://www.gfex.com.cn/u/interfacesWebTdWbillWeeklyQuotes/loadList,https://www.gfex.com.cn/gfex/cdrb/hqsj_tjsj.shtml,2026-08-14T18:26:02+08:00
2023-07-24,daily,cached,0,4b41765228ac870bfb619a3b9ad7992539a1d4b66fa7eafe109f9a264c681bc5,18,7,http://www.gfex.com.cn/u/interfacesWebTiDayQuotes/loadList,https://www.gfex.com.cn/gfex/rihq/hqsj_tjsj.shtml,2026-08-14T18:26:02+08:00
2023-07-24,warehouse,cached,0,b9edd3b7d66c5cb0e06002f4836c267fed2d35cc23d2462aa1d9ddcf767376d2,17,0,http://www.gfex.com.cn/u/interfacesWebTdWbillWeeklyQuotes/loadList,https://www.gfex.com.cn/gfex/cdrb/hqsj_tjsj.shtml,2026-08-14T18:26:02+08:00
2023-07-25,daily,cached,0,db617f0537dd793ec8ad1d97b28206083704996e69592bf53c9b7dfb1710f538,18,7,http://www.gfex.com.cn/u/interfacesWebTiDayQuotes/loadList,https://www.gfex.com.cn/gfex/rihq/hqsj_tjsj.shtml,2026-08-14T18:26:02+08:00
2023-07-25,warehouse,cached,0,6ed5526e1144df90bded4574de289147473e75a935c0d410b5e77534736cbc15,18,0,http://www.gfex.com.cn/u/interfacesWebTdWbillWeeklyQuotes/loadList,https://www.gfex.com.cn/gfex/cdrb/hqsj_tjsj.shtml,2026-08-14T18:26:02+08:00
2023-07-26,daily,cached,0,58e3a32509c5846876f3602738f7bcc34e15e89010cd6176bd642c843d31e97d,18,7,http://www.gfex.com.cn/u/interfacesWebTiDayQuotes/loadList,https://www.gfex.com.cn/gfex/rihq/hqsj_tjsj.shtml,2026-08-14T18:26:02+08:00
2023-07-26,warehouse,cached,0,a464ae3872b1af11daf857f01c8a735c69bc30b272feaae06b2357eae70cc0f7,19,0,http://www.gfex.com.cn/u/interfacesWebTdWbillWeeklyQuotes/loadList,https://www.gfex.com.cn/gfex/cdrb/hqsj_tjsj.shtml,2026-08-14T18:26:02+08:00
2023-07-27,daily,cached,0,2bbbf5717eee6e46796bd673db53f4fcfe76a8c2f8b4a30378cb771ddb865b24,18,7,http://www.gfex.com.cn/u/interfacesWebTiDayQuotes/loadList,https://www.gfex.com.cn/gfex/rihq/hqsj_tjsj.shtml,2026-08-14T18:26:02+08:00
2023-07-27,warehouse,cached,0,c8d469606982943fa2a75ddb1f07c9646c60e365fb4e5d26a91176eb32e6c22e,19,0,http://www.gfex.com.cn/u/interfacesWebTdWbillWeeklyQuotes/loadList,https://www.gfex.com.cn/gfex/cdrb/hqsj_tjsj.shtml,2026-08-14T18:26:02+08:00
2023-07-28,daily,cached,0,83beff107e5e52fbeac2f104e06bf6f90808383b2b0630b8fde494f17adaec28,18,7,http://www.gfex.com.cn/u/interfacesWebTiDayQuotes/loadList,https://www.gfex.com.cn/gfex/rihq/hqsj_tjsj.shtml,2026-08-14T18:26:02+08:00
2023-07-28,warehouse,cached,0,b157182351c0a77b7aebe443c454ef42ac898c29cd84eebcb3b4378c21279739,19,0,http://www.gfex.com.cn/u/interfacesWebTdWbillWeeklyQuotes/loadList,https://www.gfex.com.cn/gfex/cdrb/hqsj_tjsj.shtml,2026-08-14T18:26:02+08:00
2023-07-31,daily,cached,0,44c816515f6b88b18a39a6c37699b134072e4deabd3a75735674bfb7cfcc1f6d,18,7,http://www.gfex.com.cn/u/interfacesWebTiDayQuotes/loadList,https://www.gfex.com.cn/gfex/rihq/hqsj_tjsj.shtml,2026-08-14T18:26:02+08:00
2023-07-31,warehouse,cached,0,f0b0239745c0aaab905cc4270b97de087e856038c22dfeb01cd6ec72ced4be2b,20,0,http://www.gfex.com.cn/u/interfacesWebTdWbillWeeklyQuotes/loadList,https://www.gfex.com.cn/gfex/cdrb/hqsj_tjsj.shtml,2026-08-14T18:26:02+08:00
2023-08-01,daily,cached,0,a91931f9a3b07dae7397d8bf0cd164d587a06014779e8857522d803d532abf26,18,7,http://www.gfex.com.cn/u/interfacesWebTiDayQuotes/loadList,https://www.gfex.com.cn/gfex/rihq/hqsj_tjsj.shtml,2026-08-14T18:26:02+08:00
2023-08-01,warehouse,cached,0,1367a6046401dbabdb5add22dbec7b7b6a9b9f7d6baeca6ae54bd2abeeead937,20,0,http://www.gfex.com.cn/u/interfacesWebTdWbillWeeklyQuotes/loadList,https://www.gfex.com.cn/gfex/cdrb/hqsj_tjsj.shtml,2026-08-14T18:26:02+08:00
2023-08-02,daily,cached,0,69221f6a372354ce098af5246b5e4c367921427a467c621a28643494d7a7cac7,18,7,http://www.gfex.com.cn/u/interfacesWebTiDayQuotes/loadList,https://www.gfex.com.cn/gfex/rihq/hqsj_tjsj.shtml,2026-08-14T18:26:02+08:00
2023-08-02,warehouse,cached,0,1daf4cc28c70e6ab37812f336fa80d73ab0f0a4da2724ed7386c521213dfcfc8,20,0,http://www.gfex.com.cn/u/interfacesWebTdWbillWeeklyQuotes/loadList,https://www.gfex.com.cn/gfex/cdrb/hqsj_tjsj.shtml,2026-08-14T18:26:02+08:00
2023-08-03,daily,cached,0,d38cffe47a4adb38a6c399b240ef7652daef8d8f05ef47a773282e6f70daead4,18,7,http://www.gfex.com.cn/u/interfacesWebTiDayQuotes/loadList,https://www.gfex.com.cn/gfex/rihq/hqsj_tjsj.shtml,2026-08-14T18:26:02+08:00
2023-08-03,warehouse,cached,0,5f6b6277a2e0e96c0b982414b29f7b0a215b0ed585b1a77e203a846c27faca47,22,0,http://www.gfex.com.cn/u/interfacesWebTdWbillWeeklyQuotes/loadList,https://www.gfex.com.cn/gfex/cdrb/hqsj_tjsj.shtml,2026-08-14T18:26:02+08:00
2023-08-04,daily,cached,0,85c96cc6751f6a34a95ae43380d81e60e589dbc8ba0004ca996361d861e10f87,18,7,http://www.gfex.com.cn/u/interfacesWebTiDayQuotes/loadList,https://www.gfex.com.cn/gfex/rihq/hqsj_tjsj.shtml,2026-08-14T18:26:02+08:00
2023-08-04,warehouse,cached,0,db0ea3a2110d5df96e3687c030c41eb47ae678be9ac7961ec27d6cb5facfa588,22,0,http://www.gfex.com.cn/u/interfacesWebTdWbillWeeklyQuotes/loadList,https://www.gfex.com.cn/gfex/cdrb/hqsj_tjsj.shtml,2026-08-14T18:26:02+08:00
2023-08-07,daily,cached,0,a7df4bad3ab74ceded1c64aae685a05a4cb15e963ad1a200ad9d1d423cbe7709,18,7,http://www.gfex.com.cn/u/interfacesWebTiDayQuotes/loadList,https://www.gfex.com.cn/gfex/rihq/hqsj_tjsj.shtml,2026-08-14T18:26:02+08:00
2023-08-07,warehouse,cached,0,776c16751b2e60d2fdd570770473965aefb8b723f5ba684857bfcf191c00854b,22,0,http://www.gfex.com.cn/u/interfacesWebTdWbillWeeklyQuotes/loadList,https://www.gfex.com.cn/gfex/cdrb/hqsj_tjsj.shtml,2026-08-14T18:26:02+08:00
2023-08-08,daily,cached,0,a36d1905519e514d856366cf70b08e9e7c0d58b4ffec9bc02345c5463c7ba8c2,18,7,http://www.gfex.com.cn/u/interfacesWebTiDayQuotes/loadList,https://www.gfex.com.cn/gfex/rihq/hqsj_tjsj.shtml,2026-08-14T18:26:02+08:00
2023-08-08,warehouse,cached,0,ce8e7243409cb937471c8126864b953f5a550382d76f2f45d75b6e05f00bd745,22,0,http://www.gfex.com.cn/u/interfacesWebTdWbillWeeklyQuotes/loadList,https://www.gfex.com.cn/gfex/cdrb/hqsj_tjsj.shtml,2026-08-14T18:26:02+08:00
2023-08-09,daily,cached,0,ea188a4759dbc9952ef138f00685b30ec65ca2f8ba38e5e9c353cacc8f434c85,18,7,http://www.gfex.com.cn/u/interfacesWebTiDayQuotes/loadList,https://www.gfex.com.cn/gfex/rihq/hqsj_tjsj.shtml,2026-08-14T18:26:02+08:00
2023-08-09,warehouse,cached,0,79015b4975cc301b16bb0b0fff25aad2535ac606e4f31a3c90e19fd68bb7938a,24,0,http://www.gfex.com.cn/u/interfacesWebTdWbillWeeklyQuotes/loadList,https://www.gfex.com.cn/gfex/cdrb/hqsj_tjsj.shtml,2026-08-14T18:26:02+08:00
2023-08-10,daily,cached,0,face05978b3b1e1cec98514239f9eddbb4f9e0f005b3e73fe8c71cae72312dca,18,7,http://www.gfex.com.cn/u/interfacesWebTiDayQuotes/loadList,https://www.gfex.com.cn/gfex/rihq/hqsj_tjsj.shtml,2026-08-14T18:26:02+08:00
2023-08-10,warehouse,cached,0,868c6d3c568c44b2390c2bc7442bab84133dca10b6cc9c4878b1aac2fd4c9710,24,0,http://www.gfex.com.cn/u/interfacesWebTdWbillWeeklyQuotes/loadList,https://www.gfex.com.cn/gfex/cdrb/hqsj_tjsj.shtml,2026-08-14T18:26:02+08:00
2023-08-11,daily,cached,0,49577ac5debdedbc58a073d2b224898efacc89466554bce2de106a1c432de6da,18,7,http://www.gfex.com.cn/u/interfacesWebTiDayQuotes/loadList,https://www.gfex.com.cn/gfex/rihq/hqsj_tjsj.shtml,2026-08-14T18:26:02+08:00
2023-08-11,warehouse,cached,0,325ffbccd5a08a99ca3b1268c13583af3bc0789acce558014fdebc9c606659e3,24,0,http://www.gfex.com.cn/u/interfacesWebTdWbillWeeklyQuotes/loadList,https://www.gfex.com.cn/gfex/cdrb/hqsj_tjsj.shtml,2026-08-14T18:26:02+08:00
2023-08-14,daily,cached,0,2ac5bb05316618a5b1fcc9b86c6d27433344cf5ca10e89e2333d5e95afd09d42,18,7,http://www.gfex.com.cn/u/interfacesWebTiDayQuotes/loadList,https://www.gfex.com.cn/gfex/rihq/hqsj_tjsj.shtml,2026-08-14T18:26:02+08:00
2023-08-14,warehouse,cached,0,af9caf66196d395a08251ecef676afd24161fde1a904be5a38c8aab033c4c3d4,24,0,http://www.gfex.com.cn/u/interfacesWebTdWbillWeeklyQuotes/loadList,https://www.gfex.com.cn/gfex/cdrb/hqsj_tjsj.shtml,2026-08-14T18:26:02+08:00
2023-08-15,daily,cached,0,e4a6753a11779f89ed5861f686aea76fcf1df8c1d8c0bbad709323614e8adae7,19,8,http://www.gfex.com.cn/u/interfacesWebTiDayQuotes/loadList,https://www.gfex.com.cn/gfex/rihq/hqsj_tjsj.shtml,2026-08-14T18:26:02+08:00
2023-08-15,warehouse,cached,0,6b709d313dfeb50d91619acc6f4cfb2d2d88c0636da793f6a042e5ae58505896,24,0,http://www.gfex.com.cn/u/interfacesWebTdWbillWeeklyQuotes/loadList,https://www.gfex.com.cn/gfex/cdrb/hqsj_tjsj.shtml,2026-08-14T18:26:02+08:00
2023-08-16,daily,cached,0,7a6c6c98299acf68f95ab0c550156a258177f58a14d966a2502e9dcaec6796d3,19,8,http://www.gfex.com.cn/u/interfacesWebTiDayQuotes/loadList,https://www.gfex.com.cn/gfex/rihq/hqsj_tjsj.shtml,2026-08-14T18:26:02+08:00
2023-08-16,warehouse,cached,0,67c843293e901fa5f9659ca83daa80808156239c1de1699fc71839e9fd511ab9,24,0,http://www.gfex.com.cn/u/interfacesWebTdWbillWeeklyQuotes/loadList,https://www.gfex.com.cn/gfex/cdrb/hqsj_tjsj.shtml,2026-08-14T18:26:02+08:00
2023-08-17,daily,cached,0,257bff97f79058091e0058fd594478f0762977cc53edc3d45476f90a3076a2ed,19,8,http://www.gfex.com.cn/u/interfacesWebTiDayQuotes/loadList,https://www.gfex.com.cn/gfex/rihq/hqsj_tjsj.shtml,2026-08-14T18:26:02+08:00
2023-08-17,warehouse,cached,0,09f831a4d5a03b3d9b54014bb9cc550db35ac0335fd25dbf02cb95079f259873,25,0,http://www.gfex.com.cn/u/interfacesWebTdWbillWeeklyQuotes/loadList,https://www.gfex.com.cn/gfex/cdrb/hqsj_tjsj.shtml,2026-08-14T18:26:02+08:00
2023-08-18,daily,cached,0,292d7e285f7b8bd0872725c2fb0ff91f404d436cfaedab039af20c5d7940810e,19,8,http://www.gfex.com.cn/u/interfacesWebTiDayQuotes/loadList,https://www.gfex.com.cn/gfex/rihq/hqsj_tjsj.shtml,2026-08-14T18:26:02+08:00
2023-08-18,warehouse,cached,0,78682651c9ed44e30643da7d83b15834928cd14c1f347d96bf37378d2cc97e3d,25,0,http://www.gfex.com.cn/u/interfacesWebTdWbillWeeklyQuotes/loadList,https://www.gfex.com.cn/gfex/cdrb/hqsj_tjsj.shtml,2026-08-14T18:26:02+08:00
2023-08-21,daily,cached,0,4f58ba200e4ab6fc2b8e52891ab7e5a4477abff5b389e9bc75b245eb8052f748,19,8,http://www.gfex.com.cn/u/interfacesWebTiDayQuotes/loadList,https://www.gfex.com.cn/gfex/rihq/hqsj_tjsj.shtml,2026-08-14T18:26:02+08:00
2023-08-21,warehouse,cached,0,3d34fa0736a9e1ac28ca93f9416b6c5c1fd804ea1d60b177973805a953848a56,25,0,http://www.gfex.com.cn/u/interfacesWebTdWbillWeeklyQuotes/loadList,https://www.gfex.com.cn/gfex/cdrb/hqsj_tjsj.shtml,2026-08-14T18:26:02+08:00
2023-08-22,daily,cached,0,0a44559870cba3f0eaa54e68fc0625e3d9a695dbe5c32498a8b7f1cc28d5b5d5,19,8,http://www.gfex.com.cn/u/interfacesWebTiDayQuotes/loadList,https://www.gfex.com.cn/gfex/rihq/hqsj_tjsj.shtml,2026-08-14T18:26:02+08:00
2023-08-22,warehouse,cached,0,609833d4a471dec308e2029422f9445c1839e0d0b7848244465422dfa4032285,25,0,http://www.gfex.com.cn/u/interfacesWebTdWbillWeeklyQuotes/loadList,https://www.gfex.com.cn/gfex/cdrb/hqsj_tjsj.shtml,2026-08-14T18:26:02+08:00
2023-08-23,daily,cached,0,ff900c6f9e9e4ff12c50fba80de6181303c08fad94fa3e8233a5bf5ba9939097,19,8,http://www.gfex.com.cn/u/interfacesWebTiDayQuotes/loadList,https://www.gfex.com.cn/gfex/rihq/hqsj_tjsj.shtml,2026-08-14T18:26:02+08:00
2023-08-23,warehouse,cached,0,b5ffa1f37abb5df9f0cb62c97f1b62dadeab3f7965735e2af89a1a9683878e02,25,0,http://www.gfex.com.cn/u/interfacesWebTdWbillWeeklyQuotes/loadList,https://www.gfex.com.cn/gfex/cdrb/hqsj_tjsj.shtml,2026-08-14T18:26:02+08:00
2023-08-24,daily,cached,0,d84606075b2a97b014e3d43317fc2eb861b127335ce79de964e90633ab05c957,19,8,http://www.gfex.com.cn/u/interfacesWebTiDayQuotes/loadList,https://www.gfex.com.cn/gfex/rihq/hqsj_tjsj.shtml,2026-08-14T18:26:02+08:00
2023-08-24,warehouse,cached,0,a58b2ce7e4a7cc39d53f3326f5e6f5f2f56ab2a660cbb443462c8aafaa9d31a6,25,0,http://www.gfex.com.cn/u/interfacesWebTdWbillWeeklyQuotes/loadList,https://www.gfex.com.cn/gfex/cdrb/hqsj_tjsj.shtml,2026-08-14T18:26:02+08:00
2023-08-25,daily,cached,0,caa5ab98274432e86ae6e359fc7486670366d552332ba22addf0834335cf9e52,19,8,http://www.gfex.com.cn/u/interfacesWebTiDayQuotes/loadList,https://www.gfex.com.cn/gfex/rihq/hqsj_tjsj.shtml,2026-08-14T18:26:02+08:00
2023-08-25,warehouse,cached,0,270fc32ddc2aa4af6afcbdb3dd6c5dec3552712daaf6ef08ff14b12ceda9d9f7,25,0,http://www.gfex.com.cn/u/interfacesWebTdWbillWeeklyQuotes/loadList,https://www.gfex.com.cn/gfex/cdrb/hqsj_tjsj.shtml,2026-08-14T18:26:02+08:00
2023-08-28,daily,cached,0,554aa370c60fcfa65c0533f68adf6b25d2340c92b1cef75745ba3d4e3088709b,19,8,http://www.gfex.com.cn/u/interfacesWebTiDayQuotes/loadList,https://www.gfex.com.cn/gfex/rihq/hqsj_tjsj.shtml,2026-08-14T18:26:02+08:00
2023-08-28,warehouse,cached,0,a671e7669782dbda0f4221e628286daa58013b527e72b336a6808acca421ab0d,25,0,http://www.gfex.com.cn/u/interfacesWebTdWbillWeeklyQuotes/loadList,https://www.gfex.com.cn/gfex/cdrb/hqsj_tjsj.shtml,2026-08-14T18:26:02+08:00
2023-08-29,daily,cached,0,0467b1f4b1267acb100486d6e9f7c1ff60b286393d1d248e4a22ec47d4b34a53,19,8,http://www.gfex.com.cn/u/interfacesWebTiDayQuotes/loadList,https://www.gfex.com.cn/gfex/rihq/hqsj_tjsj.shtml,2026-08-14T18:26:02+08:00
2023-08-29,warehouse,cached,0,cb0c8d4db3b4ab0fae714b7f40168b1ae2836e897363a53c3b46fdcb0a740517,26,0,http://www.gfex.com.cn/u/interfacesWebTdWbillWeeklyQuotes/loadList,https://www.gfex.com.cn/gfex/cdrb/hqsj_tjsj.shtml,2026-08-14T18:26:02+08:00
2023-08-30,daily,cached,0,f58e4fcd76ec6eb852c5bcebf51018ab7444c0c6dd4a2e350d18c8227980484f,19,8,http://www.gfex.com.cn/u/interfacesWebTiDayQuotes/loadList,https://www.gfex.com.cn/gfex/rihq/hqsj_tjsj.shtml,2026-08-14T18:26:02+08:00
2023-08-30,warehouse,cached,0,b814fc8b81b8f01d1704dab0fa1ad80b5d8e29a8e7fc0dd22aca6f4933679f0f,27,0,http://www.gfex.com.cn/u/interfacesWebTdWbillWeeklyQuotes/loadList,https://www.gfex.com.cn/gfex/cdrb/hqsj_tjsj.shtml,2026-08-14T18:26:02+08:00
2023-08-31,daily,cached,0,3d72bd0162060cb63ca8236ed137685dd6e02fb9ca933b4d6aa36e4ea32254b0,19,8,http://www.gfex.com.cn/u/interfacesWebTiDayQuotes/loadList,https://www.gfex.com.cn/gfex/rihq/hqsj_tjsj.shtml,2026-08-14T18:26:02+08:00
2023-08-31,warehouse,cached,0,dff6bd79aa1d05bbbbdba794db2e409634aabaebeabd2a86c104b6c043619c9b,27,0,http://www.gfex.com.cn/u/interfacesWebTdWbillWeeklyQuotes/loadList,https://www.gfex.com.cn/gfex/cdrb/hqsj_tjsj.shtml,2026-08-14T18:26:02+08:00
2023-09-01,daily,cached,0,631f23f4240bf985cc53998de3ab0347871853c3cccef1f367c9388bf8d06f4d,19,8,http://www.gfex.com.cn/u/interfacesWebTiDayQuotes/loadList,https://www.gfex.com.cn/gfex/rihq/hqsj_tjsj.shtml,2026-08-14T18:26:02+08:00
2023-09-01,warehouse,cached,0,b50d98d272fd91276ae92ce49cef76df1476de5a3b2763faa2c3b44f28ac3403,27,0,http://www.gfex.com.cn/u/interfacesWebTdWbillWeeklyQuotes/loadList,https://www.gfex.com.cn/gfex/cdrb/hqsj_tjsj.shtml,2026-08-14T18:26:02+08:00
2023-09-04,daily,cached,0,385b8b13dea7f149425746908f92925b259b56232e200bdaeb65ea7c89635733,19,8,http://www.gfex.com.cn/u/interfacesWebTiDayQuotes/loadList,https://www.gfex.com.cn/gfex/rihq/hqsj_tjsj.shtml,2026-08-14T18:26:02+08:00
2023-09-04,warehouse,cached,0,d008dae384be29a35a8b97c56825272535f291aa21513ba12163cae78c48c912,27,0,http://www.gfex.com.cn/u/interfacesWebTdWbillWeeklyQuotes/loadList,https://www.gfex.com.cn/gfex/cdrb/hqsj_tjsj.shtml,2026-08-14T18:26:02+08:00
2023-09-05,daily,cached,0,0b205354870b13bb673541bd5f38b6bb932cc21ac9666eab24945ddc61edf7f7,19,8,http://www.gfex.com.cn/u/interfacesWebTiDayQuotes/loadList,https://www.gfex.com.cn/gfex/rihq/hqsj_tjsj.shtml,2026-08-14T18:26:02+08:00
2023-09-05,warehouse,cached,0,70c2ad3d869ea67ba59f1114464190fa5000e9a1d2c935064bf13f03d5ef6c36,27,0,http://www.gfex.com.cn/u/interfacesWebTdWbillWeeklyQuotes/loadList,https://www.gfex.com.cn/gfex/cdrb/hqsj_tjsj.shtml,2026-08-14T18:26:02+08:00
2023-09-06,daily,cached,0,4963fcfc916c8a216a98f3b7f9d55a75e4cb014d8cc20c15e4095b704b673a6b,19,8,http://www.gfex.com.cn/u/interfacesWebTiDayQuotes/loadList,https://www.gfex.com.cn/gfex/rihq/hqsj_tjsj.shtml,2026-08-14T18:26:02+08:00
2023-09-06,warehouse,cached,0,5aec87ceea29747d2aec06c45b17d9b5ee1d03192cf8ddd4b20051a380bac35a,27,0,http://www.gfex.com.cn/u/interfacesWebTdWbillWeeklyQuotes/loadList,https://www.gfex.com.cn/gfex/cdrb/hqsj_tjsj.shtml,2026-08-14T18:26:02+08:00
2023-09-07,daily,cached,0,8f157f9bec921d83d7922d52bb753fd83c3658b2ee2810fa081bdf8b25fe10cc,19,8,http://www.gfex.com.cn/u/interfacesWebTiDayQuotes/loadList,https://www.gfex.com.cn/gfex/rihq/hqsj_tjsj.shtml,2026-08-14T18:26:02+08:00
2023-09-07,warehouse,cached,0,411afb062e158f1ca47d6c182ca6ebfecd8ea4cef225544e54dbc74d0922072b,27,0,http://www.gfex.com.cn/u/interfacesWebTdWbillWeeklyQuotes/loadList,https://www.gfex.com.cn/gfex/cdrb/hqsj_tjsj.shtml,2026-08-14T18:26:02+08:00
2023-09-08,daily,cached,0,c59c37097c5a18d2cad88a85944d3471383f4d0ab76914a561a9d6ef55d9537b,19,8,http://www.gfex.com.cn/u/interfacesWebTiDayQuotes/loadList,https://www.gfex.com.cn/gfex/rihq/hqsj_tjsj.shtml,2026-08-14T18:26:02+08:00
2023-09-08,warehouse,cached,0,c5c2e29e4fe57f19fd1cd06c33512403c27018903e371438b919b4dd3fe2910b,27,0,http://www.gfex.com.cn/u/interfacesWebTdWbillWeeklyQuotes/loadList,https://www.gfex.com.cn/gfex/cdrb/hqsj_tjsj.shtml,2026-08-14T18:26:02+08:00
2023-09-11,daily,cached,0,67efef7becace6be485ca31697a40e6375cf7848e23fdbc5d5da17016bd9062e,19,8,http://www.gfex.com.cn/u/interfacesWebTiDayQuotes/loadList,https://www.gfex.com.cn/gfex/rihq/hqsj_tjsj.shtml,2026-08-14T18:26:02+08:00
2023-09-11,warehouse,cached,0,7c97c103a512101d62c0573a96ed7ed16f1965c787afead366dc6d0ee28c92b6,27,0,http://www.gfex.com.cn/u/interfacesWebTdWbillWeeklyQuotes/loadList,https://www.gfex.com.cn/gfex/cdrb/hqsj_tjsj.shtml,2026-08-14T18:26:02+08:00
2023-09-12,daily,cached,0,30eb6763d093d931998e06d223ecf1ae9ee0bd2eb1edf02c4dfc2c45ad262ec9,19,8,http://www.gfex.com.cn/u/interfacesWebTiDayQuotes/loadList,https://www.gfex.com.cn/gfex/rihq/hqsj_tjsj.shtml,2026-08-14T18:26:02+08:00
2023-09-12,warehouse,cached,0,be2efb4c54a9b1136ee1e4f605264f2a253c109392df8f537116bb007cead1c4,28,0,http://www.gfex.com.cn/u/interfacesWebTdWbillWeeklyQuotes/loadList,https://www.gfex.com.cn/gfex/cdrb/hqsj_tjsj.shtml,2026-08-14T18:26:02+08:00
2023-09-13,daily,cached,0,a39a721f148969a9c663003e7af269e78d03a17b3bbc48b700dd3b54838128d3,19,8,http://www.gfex.com.cn/u/interfacesWebTiDayQuotes/loadList,https://www.gfex.com.cn/gfex/rihq/hqsj_tjsj.shtml,2026-08-14T18:26:02+08:00
2023-09-13,warehouse,cached,0,c30454138fe30a72f8975932436f3e6051a99f32be0f93f70fff224145f776f4,28,0,http://www.gfex.com.cn/u/interfacesWebTdWbillWeeklyQuotes/loadList,https://www.gfex.com.cn/gfex/cdrb/hqsj_tjsj.shtml,2026-08-14T18:26:02+08:00
2023-09-14,daily,cached,0,3e683a1c49eafe00395666ea5efc0c52889e4d7f8f6be04e3c6413b1aa3546f8,19,8,http://www.gfex.com.cn/u/interfacesWebTiDayQuotes/loadList,https://www.gfex.com.cn/gfex/rihq/hqsj_tjsj.shtml,2026-08-14T18:26:02+08:00
2023-09-14,warehouse,cached,0,44fd49539f6d82a9b5ab148ec32f15164d5f198447f9f995bfe80cf0fcc36039,28,0,http://www.gfex.com.cn/u/interfacesWebTdWbillWeeklyQuotes/loadList,https://www.gfex.com.cn/gfex/cdrb/hqsj_tjsj.shtml,2026-08-14T18:26:02+08:00
2023-09-15,daily,cached,0,d0666276dbac0b395bd519071cf2977e458d1ca24d3ba6c61fb09fa403c83177,20,9,http://www.gfex.com.cn/u/interfacesWebTiDayQuotes/loadList,https://www.gfex.com.cn/gfex/rihq/hqsj_tjsj.shtml,2026-08-14T18:26:02+08:00
2023-09-15,warehouse,cached,0,877bac15bf2494050b54360c47e3f6a4563e1a68316334999c8375f1cc95e24a,28,0,http://www.gfex.com.cn/u/interfacesWebTdWbillWeeklyQuotes/loadList,https://www.gfex.com.cn/gfex/cdrb/hqsj_tjsj.shtml,2026-08-14T18:26:02+08:00
2023-09-18,daily,cached,0,282b96e6a04a2fad74d712880af629f4de3628de4f99a064a42401ee341f9fde,20,9,http://www.gfex.com.cn/u/interfacesWebTiDayQuotes/loadList,https://www.gfex.com.cn/gfex/rihq/hqsj_tjsj.shtml,2026-08-14T18:26:02+08:00
2023-09-18,warehouse,cached,0,2a1298d868a57a94737ed529a593ba0a40e0860b4e1c9ceb6dfa48e9743a1b5d,28,0,http://www.gfex.com.cn/u/interfacesWebTdWbillWeeklyQuotes/loadList,https://www.gfex.com.cn/gfex/cdrb/hqsj_tjsj.shtml,2026-08-14T18:26:02+08:00
2023-09-19,daily,cached,0,0361c53ac2dd2083ae652d56708d0594abdbdcc51a93c3d337870e237c5c573b,20,9,http://www.gfex.com.cn/u/interfacesWebTiDayQuotes/loadList,https://www.gfex.com.cn/gfex/rihq/hqsj_tjsj.shtml,2026-08-14T18:26:02+08:00
2023-09-19,warehouse,cached,0,c2939772e91d9a6947ffec2f502c884fcd7bb0382f668ba8418209b0148f035e,28,0,http://www.gfex.com.cn/u/interfacesWebTdWbillWeeklyQuotes/loadList,https://www.gfex.com.cn/gfex/cdrb/hqsj_tjsj.shtml,2026-08-14T18:26:02+08:00
2023-09-20,daily,cached,0,1b6381b595e0b4332484f5e70ac61fc887eb636f79d65b6a564fd3f61a569d61,20,9,http://www.gfex.com.cn/u/interfacesWebTiDayQuotes/loadList,https://www.gfex.com.cn/gfex/rihq/hqsj_tjsj.shtml,2026-08-14T18:26:02+08:00
2023-09-20,warehouse,cached,0,707777b68b738fcb1c0d57fb96c795683ad28ede187da5389dad6eb5065f8c99,28,0,http://www.gfex.com.cn/u/interfacesWebTdWbillWeeklyQuotes/loadList,https://www.gfex.com.cn/gfex/cdrb/hqsj_tjsj.shtml,2026-08-14T18:26:02+08:00
2023-09-21,daily,cached,0,f79720ee4612ad8eeaff667813ea274f84fd0e10f4a4162f754a7f9a15380332,20,9,http://www.gfex.com.cn/u/interfacesWebTiDayQuotes/loadList,https://www.gfex.com.cn/gfex/rihq/hqsj_tjsj.shtml,2026-08-14T18:26:02+08:00
2023-09-21,warehouse,cached,0,ab6931d9f84bab4732e3e79bf7cb4b2ed91acddd195ed5c69f668d6ca3cb0893,29,0,http://www.gfex.com.cn/u/interfacesWebTdWbillWeeklyQuotes/loadList,https://www.gfex.com.cn/gfex/cdrb/hqsj_tjsj.shtml,2026-08-14T18:26:02+08:00
2023-09-22,daily,cached,0,74a709e4b739f93ce6f8beaa8744dc7bcfd58b2444a1373268230dcd3df4a9dc,20,9,http://www.gfex.com.cn/u/interfacesWebTiDayQuotes/loadList,https://www.gfex.com.cn/gfex/rihq/hqsj_tjsj.shtml,2026-08-14T18:26:02+08:00
2023-09-22,warehouse,cached,0,42b0de4fabc54b1fd6d6c35f974bb8618dc98466ef4164e9c0f3a3c67753ce57,29,0,http://www.gfex.com.cn/u/interfacesWebTdWbillWeeklyQuotes/loadList,https://www.gfex.com.cn/gfex/cdrb/hqsj_tjsj.shtml,2026-08-14T18:26:02+08:00
2023-09-25,daily,cached,0,ceceed8cbbf9e6b69bdc31de3495336a9d94bd8a50846e9132b6a204cad05b96,20,9,http://www.gfex.com.cn/u/interfacesWebTiDayQuotes/loadList,https://www.gfex.com.cn/gfex/rihq/hqsj_tjsj.shtml,2026-08-14T18:26:02+08:00
2023-09-25,warehouse,cached,0,2bacaf8a7d28ef25a5129223b951f0e2acb82521cc180fc88c2bb1349349be45,29,0,http://www.gfex.com.cn/u/interfacesWebTdWbillWeeklyQuotes/loadList,https://www.gfex.com.cn/gfex/cdrb/hqsj_tjsj.shtml,2026-08-14T18:26:02+08:00
2023-09-26,daily,cached,0,fb81c3675e05f65a5679a18da022c2d7273bdf3b0fc30121604f132090b74587,20,9,http://www.gfex.com.cn/u/interfacesWebTiDayQuotes/loadList,https://www.gfex.com.cn/gfex/rihq/hqsj_tjsj.shtml,2026-08-14T18:26:02+08:00
2023-09-26,warehouse,cached,0,79120fdec4fce4b24556f090b3d230d60eccc29091e8915f619238e5d5b5c852,31,0,http://www.gfex.com.cn/u/interfacesWebTdWbillWeeklyQuotes/loadList,https://www.gfex.com.cn/gfex/cdrb/hqsj_tjsj.shtml,2026-08-14T18:26:02+08:00
2023-09-27,daily,cached,0,e64f00753a439d905934dea21a62af1a1ec3bf4d8c8fe826b6ce459958438001,20,9,http://www.gfex.com.cn/u/interfacesWebTiDayQuotes/loadList,https://www.gfex.com.cn/gfex/rihq/hqsj_tjsj.shtml,2026-08-14T18:26:02+08:00
2023-09-27,warehouse,cached,0,11e47d032eb0cee2e27dba0cbb6470d42dcecd498a2d162b979c2c97950f2453,31,0,http://www.gfex.com.cn/u/interfacesWebTdWbillWeeklyQuotes/loadList,https://www.gfex.com.cn/gfex/cdrb/hqsj_tjsj.shtml,2026-08-14T18:26:02+08:00
2023-09-28,daily,cached,0,1020b10a2c0d002bf857ed6c243efaab574700243719c2b93b701426b1efca13,20,9,http://www.gfex.com.cn/u/interfacesWebTiDayQuotes/loadList,https://www.gfex.com.cn/gfex/rihq/hqsj_tjsj.shtml,2026-08-14T18:26:02+08:00
2023-09-28,warehouse,cached,0,68b9147c7626d0b410d2ad77caeeb50afe63b625eea203732aee6eed35282194,31,0,http://www.gfex.com.cn/u/interfacesWebTdWbillWeeklyQuotes/loadList,https://www.gfex.com.cn/gfex/cdrb/hqsj_tjsj.shtml,2026-08-14T18:26:02+08:00
2023-09-29,daily,cached,0,9f2afcdef78b144eab8f46766bace7010ee1ed862f4132b4a3e16d863b23755f,1,0,http://www.gfex.com.cn/u/interfacesWebTiDayQuotes/loadList,https://www.gfex.com.cn/gfex/rihq/hqsj_tjsj.shtml,2026-08-14T18:26:02+08:00
2023-09-29,warehouse,cached,0,a8ecbb12905894683be6376b019c90f1bc095f1a23db303219203987d7f19564,1,0,http://www.gfex.com.cn/u/interfacesWebTdWbillWeeklyQuotes/loadList,https://www.gfex.com.cn/gfex/cdrb/hqsj_tjsj.shtml,2026-08-14T18:26:02+08:00
2023-10-02,daily,cached,0,d1e8b4c5b6df2ef936e45d961c07240394e57128a638c73c537d966f18ac008f,1,0,http://www.gfex.com.cn/u/interfacesWebTiDayQuotes/loadList,https://www.gfex.com.cn/gfex/rihq/hqsj_tjsj.shtml,2026-08-14T18:26:02+08:00
2023-10-02,warehouse,cached,0,7ddf719260e8ab115e095f86c6de942709c7cc6db0464cc1b65361c0e6224ed6,1,0,http://www.gfex.com.cn/u/interfacesWebTdWbillWeeklyQuotes/loadList,https://www.gfex.com.cn/gfex/cdrb/hqsj_tjsj.shtml,2026-08-14T18:26:02+08:00
2023-10-03,daily,cached,0,83e84a93621901883d3cfa91130e97115d6539a2fd713be3e96e8afdafbb2e4c,1,0,http://www.gfex.com.cn/u/interfacesWebTiDayQuotes/loadList,https://www.gfex.com.cn/gfex/rihq/hqsj_tjsj.shtml,2026-08-14T18:26:02+08:00
2023-10-03,warehouse,cached,0,3a3c12e9aadf84b3aa55290a2d4fcc2b635ef79a9e1ca7ef745e8153406a1df2,1,0,http://www.gfex.com.cn/u/interfacesWebTdWbillWeeklyQuotes/loadList,https://www.gfex.com.cn/gfex/cdrb/hqsj_tjsj.shtml,2026-08-14T18:26:02+08:00
2023-10-04,daily,cached,0,2e07e944540b17da05dfedae71b8f73628b4cbf92f227965b14d2b78f8de1a19,1,0,http://www.gfex.com.cn/u/interfacesWebTiDayQuotes/loadList,https://www.gfex.com.cn/gfex/rihq/hqsj_tjsj.shtml,2026-08-14T18:26:02+08:00
2023-10-04,warehouse,cached,0,f0b8c6d047ac27bc0675433931e26e70f0ae4c982ae3fbad87161209c75700e2,1,0,http://www.gfex.com.cn/u/interfacesWebTdWbillWeeklyQuotes/loadList,https://www.gfex.com.cn/gfex/cdrb/hqsj_tjsj.shtml,2026-08-14T18:26:02+08:00
2023-10-05,daily,cached,0,d6c939df1bc6aacf0ae49a0a92b6322ac3b958262c0614fb84d895f6c4e90c58,1,0,http://www.gfex.com.cn/u/interfacesWebTiDayQuotes/loadList,https://www.gfex.com.cn/gfex/rihq/hqsj_tjsj.shtml,2026-08-14T18:26:02+08:00
2023-10-05,warehouse,cached,0,2cd518d52e04dea96a3678bd4a1e4a3c6ac98bc1c0ff74571693291dbb6f96fd,1,0,http://www.gfex.com.cn/u/interfacesWebTdWbillWeeklyQuotes/loadList,https://www.gfex.com.cn/gfex/cdrb/hqsj_tjsj.shtml,2026-08-14T18:26:02+08:00
2023-10-06,daily,cached,0,04a74ce34a969eb3ce29f280953d09029b01658e469bab519144df2a08eb300f,1,0,http://www.gfex.com.cn/u/interfacesWebTiDayQuotes/loadList,https://www.gfex.com.cn/gfex/rihq/hqsj_tjsj.shtml,2026-08-14T18:26:02+08:00
2023-10-06,warehouse,cached,0,cf425fb4886f399c3c1e73d9bc325f9ddb5bb36a69cf3a13af3a7c6ee0542d87,1,0,http://www.gfex.com.cn/u/interfacesWebTdWbillWeeklyQuotes/loadList,https://www.gfex.com.cn/gfex/cdrb/hqsj_tjsj.shtml,2026-08-14T18:26:02+08:00
2023-10-09,daily,cached,0,0066d85bbdc8b2484befe9b5134d4735581fe23a133f9b8343d1e5261f13279c,20,9,http://www.gfex.com.cn/u/interfacesWebTiDayQuotes/loadList,https://www.gfex.com.cn/gfex/rihq/hqsj_tjsj.shtml,2026-08-14T18:26:02+08:00
2023-10-09,warehouse,cached,0,5f01e546f86adb2577c1499dd0cd6a8801ce9617d6950155ce416f30f63f4dd9,31,0,http://www.gfex.com.cn/u/interfacesWebTdWbillWeeklyQuotes/loadList,https://www.gfex.com.cn/gfex/cdrb/hqsj_tjsj.shtml,2026-08-14T18:26:02+08:00
2023-10-10,daily,cached,0,daac2c01059ad7ffa7f44cb433eb68df01d2bdbf64fc7c7ed3211894f016248a,20,9,http://www.gfex.com.cn/u/interfacesWebTiDayQuotes/loadList,https://www.gfex.com.cn/gfex/rihq/hqsj_tjsj.shtml,2026-08-14T18:26:02+08:00
2023-10-10,warehouse,cached,0,82a17d0f57d3343957894b5436a26a9774a7ecc490e83f2bd1a598192672898a,31,0,http://www.gfex.com.cn/u/interfacesWebTdWbillWeeklyQuotes/loadList,https://www.gfex.com.cn/gfex/cdrb/hqsj_tjsj.shtml,2026-08-14T18:26:02+08:00
2023-10-11,daily,cached,0,ade139e3af223c3644fb77904e67251d4f980ab34be3780d550027e789f0394b,20,9,http://www.gfex.com.cn/u/interfacesWebTiDayQuotes/loadList,https://www.gfex.com.cn/gfex/rihq/hqsj_tjsj.shtml,2026-08-14T18:26:02+08:00
2023-10-11,warehouse,cached,0,b89e87396021e18d856989dce263a1822e7a4581d2724a65f16dd3707672e20b,31,0,http://www.gfex.com.cn/u/interfacesWebTdWbillWeeklyQuotes/loadList,https://www.gfex.com.cn/gfex/cdrb/hqsj_tjsj.shtml,2026-08-14T18:26:02+08:00
2023-10-12,daily,cached,0,304bdecaebc3e65df2744e9664425ffff7614be0533f2d5f9ab5fb977b2e8a46,20,9,http://www.gfex.com.cn/u/interfacesWebTiDayQuotes/loadList,https://www.gfex.com.cn/gfex/rihq/hqsj_tjsj.shtml,2026-08-14T18:26:02+08:00
2023-10-12,warehouse,cached,0,7f287a9e89537957411021851f12735cb617414baa899cd907b5afda88dc4495,31,0,http://www.gfex.com.cn/u/interfacesWebTdWbillWeeklyQuotes/loadList,https://www.gfex.com.cn/gfex/cdrb/hqsj_tjsj.shtml,2026-08-14T18:26:02+08:00
2023-10-13,daily,cached,0,a7e7c4a8062b1b7f0d946bd42e25fc7d693586d71bdf81345646c2e366055e08,20,9,http://www.gfex.com.cn/u/interfacesWebTiDayQuotes/loadList,https://www.gfex.com.cn/gfex/rihq/hqsj_tjsj.shtml,2026-08-14T18:26:02+08:00
2023-10-13,warehouse,cached,0,861740fd6dce73839f9639873b3bb2506b9a47e2dafa68bcf360efc25a486719,32,0,http://www.gfex.com.cn/u/interfacesWebTdWbillWeeklyQuotes/loadList,https://www.gfex.com.cn/gfex/cdrb/hqsj_tjsj.shtml,2026-08-14T18:26:02+08:00
2023-10-16,daily,cached,0,2d9b6bd239ab30f04a00b8c45525ecb3f2dc679f164412a97e01053a524b18eb,20,9,http://www.gfex.com.cn/u/interfacesWebTiDayQuotes/loadList,https://www.gfex.com.cn/gfex/rihq/hqsj_tjsj.shtml,2026-08-14T18:26:02+08:00
2023-10-16,warehouse,cached,0,d67c517d73cfbd77cb813e66631cf0d692bb3dab6681b153c2c5f34bf5531871,32,0,http://www.gfex.com.cn/u/interfacesWebTdWbillWeeklyQuotes/loadList,https://www.gfex.com.cn/gfex/cdrb/hqsj_tjsj.shtml,2026-08-14T18:26:02+08:00
2023-10-17,daily,cached,0,fbb43439f7aab968743a9071141e24cfb87f27e10ec2a5e725c3112f82ca175a,20,9,http://www.gfex.com.cn/u/interfacesWebTiDayQuotes/loadList,https://www.gfex.com.cn/gfex/rihq/hqsj_tjsj.shtml,2026-08-14T18:26:02+08:00
2023-10-17,warehouse,cached,0,2b4db6c9c79bea237641a99f5058f164c66218d6ce920391a1e9c30328db9f9d,33,0,http://www.gfex.com.cn/u/interfacesWebTdWbillWeeklyQuotes/loadList,https://www.gfex.com.cn/gfex/cdrb/hqsj_tjsj.shtml,2026-08-14T18:26:02+08:00
2023-10-18,daily,cached,0,356207adb073fd2d1d84642033efbea1e44acbf653cff32c4b95021f283f68a0,20,9,http://www.gfex.com.cn/u/interfacesWebTiDayQuotes/loadList,https://www.gfex.com.cn/gfex/rihq/hqsj_tjsj.shtml,2026-08-14T18:26:02+08:00
2023-10-18,warehouse,cached,0,93ad25d05b1b0e0866dd5d04ff153625ff8f0ff5208499573d248d3828c3c95c,33,0,http://www.gfex.com.cn/u/interfacesWebTdWbillWeeklyQuotes/loadList,https://www.gfex.com.cn/gfex/cdrb/hqsj_tjsj.shtml,2026-08-14T18:26:02+08:00
2023-10-19,daily,cached,0,79e258479f93c94dacaffded8a1c7b09eb0d34d3f89dc4a248d5871054692c3c,20,9,http://www.gfex.com.cn/u/interfacesWebTiDayQuotes/loadList,https://www.gfex.com.cn/gfex/rihq/hqsj_tjsj.shtml,2026-08-14T18:26:02+08:00
2023-10-19,warehouse,cached,0,2e7822771e6bf2a236cfaee0bdaa33492e45be021569e4af10d8608d7e81d080,34,0,http://www.gfex.com.cn/u/interfacesWebTdWbillWeeklyQuotes/loadList,https://www.gfex.com.cn/gfex/cdrb/hqsj_tjsj.shtml,2026-08-14T18:26:02+08:00
2023-10-20,daily,cached,0,a15abc7c4d4b421b7fc6789c04379c3008f04e6bbbbe65b61ea8bf47c1963b27,20,9,http://www.gfex.com.cn/u/interfacesWebTiDayQuotes/loadList,https://www.gfex.com.cn/gfex/rihq/hqsj_tjsj.shtml,2026-08-14T18:26:02+08:00
2023-10-20,warehouse,cached,0,f5b18620311b74633ebff205c6b0eb7873f3a4806651758eec49325c6942536b,34,0,http://www.gfex.com.cn/u/interfacesWebTdWbillWeeklyQuotes/loadList,https://www.gfex.com.cn/gfex/cdrb/hqsj_tjsj.shtml,2026-08-14T18:26:02+08:00
2023-10-23,daily,cached,0,cfd86705f6886168d9415e1d3fa6dca15a155cc1bec48a40f2a4168f475f86c3,21,10,http://www.gfex.com.cn/u/interfacesWebTiDayQuotes/loadList,https://www.gfex.com.cn/gfex/rihq/hqsj_tjsj.shtml,2026-08-14T18:26:02+08:00
2023-10-23,warehouse,cached,0,9832aae2c6612b7cb633d6b9323b4014d63fdc9222ca466b09f0bc9d688403c1,34,0,http://www.gfex.com.cn/u/interfacesWebTdWbillWeeklyQuotes/loadList,https://www.gfex.com.cn/gfex/cdrb/hqsj_tjsj.shtml,2026-08-14T18:26:02+08:00
2023-10-24,daily,cached,0,4492f37d2b665a7eedb461296167b50a2ba1dd3d595f6198d99257dca6a71657,21,10,http://www.gfex.com.cn/u/interfacesWebTiDayQuotes/loadList,https://www.gfex.com.cn/gfex/rihq/hqsj_tjsj.shtml,2026-08-14T18:26:02+08:00
2023-10-24,warehouse,cached,0,5235b21239b05ec70ad69c5b3a544119b350794753b934093de717dae6cfe3d1,34,0,http://www.gfex.com.cn/u/interfacesWebTdWbillWeeklyQuotes/loadList,https://www.gfex.com.cn/gfex/cdrb/hqsj_tjsj.shtml,2026-08-14T18:26:02+08:00
2023-10-25,daily,cached,0,d7588378dae22785053223e7eba0789798a1b6f7137255628f8b5a4943c732af,21,10,http://www.gfex.com.cn/u/interfacesWebTiDayQuotes/loadList,https://www.gfex.com.cn/gfex/rihq/hqsj_tjsj.shtml,2026-08-14T18:26:02+08:00
2023-10-25,warehouse,cached,0,ed9614a9568f8321eb55ed0183e56531039787eae3c3edd2df52bd56e512919f,34,0,http://www.gfex.com.cn/u/interfacesWebTdWbillWeeklyQuotes/loadList,https://www.gfex.com.cn/gfex/cdrb/hqsj_tjsj.shtml,2026-08-14T18:26:02+08:00
2023-10-26,daily,cached,0,3529ad3afc0754e4f3e83968b1ebfdbbf87ad56b18d292c1f4688a27562d8c02,21,10,http://www.gfex.com.cn/u/interfacesWebTiDayQuotes/loadList,https://www.gfex.com.cn/gfex/rihq/hqsj_tjsj.shtml,2026-08-14T18:26:02+08:00
2023-10-26,warehouse,cached,0,739a6f435714eac1669f4ecb05695d2dcb3ca80bc4adbc0e6fd9e2652b3a5b14,34,0,http://www.gfex.com.cn/u/interfacesWebTdWbillWeeklyQuotes/loadList,https://www.gfex.com.cn/gfex/cdrb/hqsj_tjsj.shtml,2026-08-14T18:26:02+08:00
2023-10-27,daily,cached,0,6948ea1064927f6d13ccac9554a1cb5727b70c932bc638dfcc1d38099af35a0b,21,10,http://www.gfex.com.cn/u/interfacesWebTiDayQuotes/loadList,https://www.gfex.com.cn/gfex/rihq/hqsj_tjsj.shtml,2026-08-14T18:26:02+08:00
2023-10-27,warehouse,cached,0,931ebb8ffc804b4ff2306befa37695d61814b1d61a90a9f4897de0cd9c7b548a,34,0,http://www.gfex.com.cn/u/interfacesWebTdWbillWeeklyQuotes/loadList,https://www.gfex.com.cn/gfex/cdrb/hqsj_tjsj.shtml,2026-08-14T18:26:02+08:00
2023-10-30,daily,cached,0,a4b7a54609eec88bbf71b217906b97cd933489e952d71279f12b75bcee9565c6,21,10,http://www.gfex.com.cn/u/interfacesWebTiDayQuotes/loadList,https://www.gfex.com.cn/gfex/rihq/hqsj_tjsj.shtml,2026-08-14T18:26:02+08:00
2023-10-30,warehouse,cached,0,78e9149d7142a6e55adbfd76b4786fdc2ad4a0d88d51ebb0796e5ff427666949,34,0,http://www.gfex.com.cn/u/interfacesWebTdWbillWeeklyQuotes/loadList,https://www.gfex.com.cn/gfex/cdrb/hqsj_tjsj.shtml,2026-08-14T18:26:02+08:00
2023-10-31,daily,cached,0,9b086d0d5fe08d4de8842c66443de2e9abceea3b21dba0a9685b10328d3731ac,21,10,http://www.gfex.com.cn/u/interfacesWebTiDayQuotes/loadList,https://www.gfex.com.cn/gfex/rihq/hqsj_tjsj.shtml,2026-08-14T18:26:02+08:00
2023-10-31,warehouse,cached,0,9db4ddf7ccced7babf2ed0a04d436922aef71418f68944553673b74e86581c6c,34,0,http://www.gfex.com.cn/u/interfacesWebTdWbillWeeklyQuotes/loadList,https://www.gfex.com.cn/gfex/cdrb/hqsj_tjsj.shtml,2026-08-14T18:26:02+08:00
2023-11-01,daily,cached,0,56e8ba9ae4a1b78f6128981a4c3f853b6756ae68dbf339bde362d3f0083fd79e,21,10,http://www.gfex.com.cn/u/interfacesWebTiDayQuotes/loadList,https://www.gfex.com.cn/gfex/rihq/hqsj_tjsj.shtml,2026-08-14T18:26:02+08:00
2023-11-01,warehouse,cached,0,99b4f63b4709e8dc12504220eca25f933c954f9817ca00e0cb27bb2eb76725b8,34,0,http://www.gfex.com.cn/u/interfacesWebTdWbillWeeklyQuotes/loadList,https://www.gfex.com.cn/gfex/cdrb/hqsj_tjsj.shtml,2026-08-14T18:26:02+08:00
2023-11-02,daily,cached,0,8700f7acbb763c169531270f6dc2ed5903f3c16ba6f1e7b11cd153a58cd90be0,21,10,http://www.gfex.com.cn/u/interfacesWebTiDayQuotes/loadList,https://www.gfex.com.cn/gfex/rihq/hqsj_tjsj.shtml,2026-08-14T18:26:02+08:00
2023-11-02,warehouse,cached,0,74947253cc6b15d895ef7af16020ed4bc7dfa68dd6c82b9330d358267518bfe9,32,0,http://www.gfex.com.cn/u/interfacesWebTdWbillWeeklyQuotes/loadList,https://www.gfex.com.cn/gfex/cdrb/hqsj_tjsj.shtml,2026-08-14T18:26:02+08:00
2023-11-03,daily,cached,0,adc6fa74b2f7d8442036a1b6fad331550ec50aca8c7f15f1198775ad8729dcd4,21,10,http://www.gfex.com.cn/u/interfacesWebTiDayQuotes/loadList,https://www.gfex.com.cn/gfex/rihq/hqsj_tjsj.shtml,2026-08-14T18:26:02+08:00
2023-11-03,warehouse,cached,0,ed1b0ab862a48dd5f1c2a9096615babf6ac96209d9b2db2878c3b3ae1ed5c853,32,0,http://www.gfex.com.cn/u/interfacesWebTdWbillWeeklyQuotes/loadList,https://www.gfex.com.cn/gfex/cdrb/hqsj_tjsj.shtml,2026-08-14T18:26:02+08:00
2023-11-06,daily,cached,0,77d2d3215ad65b76171a172985e768bf6c1f052a55a21842bdbfa2bdae2bb975,21,10,http://www.gfex.com.cn/u/interfacesWebTiDayQuotes/loadList,https://www.gfex.com.cn/gfex/rihq/hqsj_tjsj.shtml,2026-08-14T18:26:02+08:00
2023-11-06,warehouse,cached,0,4db8bdb0fbc4271c26ce7a94311c900745089dc28d3426000eb8ecd18d8080a6,32,0,http://www.gfex.com.cn/u/interfacesWebTdWbillWeeklyQuotes/loadList,https://www.gfex.com.cn/gfex/cdrb/hqsj_tjsj.shtml,2026-08-14T18:26:02+08:00
2023-11-07,daily,cached,0,6a39030cf238c9fae9f20bcb67ac76fa261b899d3beeeb1508a5d819909c408c,21,10,http://www.gfex.com.cn/u/interfacesWebTiDayQuotes/loadList,https://www.gfex.com.cn/gfex/rihq/hqsj_tjsj.shtml,2026-08-14T18:26:02+08:00
2023-11-07,warehouse,cached,0,e7f952dfe1a2620c299a4d4d91963c6ea74ec76968219348f84b3533c5725405,32,0,http://www.gfex.com.cn/u/interfacesWebTdWbillWeeklyQuotes/loadList,https://www.gfex.com.cn/gfex/cdrb/hqsj_tjsj.shtml,2026-08-14T18:26:02+08:00
2023-11-08,daily,cached,0,dd9a4faa89ce5d708f931187ff1b725f2f0730680a0ea7941a1c6b2bc6eb0a9b,21,10,http://www.gfex.com.cn/u/interfacesWebTiDayQuotes/loadList,https://www.gfex.com.cn/gfex/rihq/hqsj_tjsj.shtml,2026-08-14T18:26:02+08:00
2023-11-08,warehouse,cached,0,6057d9caf6baf7e44cdeab9fc03a3ee808e22d2f6bd5ff4822f7fc4c276de981,32,0,http://www.gfex.com.cn/u/interfacesWebTdWbillWeeklyQuotes/loadList,https://www.gfex.com.cn/gfex/cdrb/hqsj_tjsj.shtml,2026-08-14T18:26:02+08:00
2023-11-09,daily,cached,0,e20d5047c1aaf24a7bca1e1b490b85e8e9eb929724cca4c1930534603d7335fb,21,10,http://www.gfex.com.cn/u/interfacesWebTiDayQuotes/loadList,https://www.gfex.com.cn/gfex/rihq/hqsj_tjsj.shtml,2026-08-14T18:26:02+08:00
2023-11-09,warehouse,cached,0,41e9ca964eff1454c507375facc21e6d3de253471b74b22594914a478ae89092,32,0,http://www.gfex.com.cn/u/interfacesWebTdWbillWeeklyQuotes/loadList,https://www.gfex.com.cn/gfex/cdrb/hqsj_tjsj.shtml,2026-08-14T18:26:02+08:00
2023-11-10,daily,cached,0,b8e95bba18764bba8993d3ad9295abe410c3eb7549e4105e22409fcb7e3fe125,21,10,http://www.gfex.com.cn/u/interfacesWebTiDayQuotes/loadList,https://www.gfex.com.cn/gfex/rihq/hqsj_tjsj.shtml,2026-08-14T18:26:02+08:00
2023-11-10,warehouse,cached,0,414a9fc4add7076a4886864e08a777b7089aed0e97a801d4b41518ff81b7175d,32,0,http://www.gfex.com.cn/u/interfacesWebTdWbillWeeklyQuotes/loadList,https://www.gfex.com.cn/gfex/cdrb/hqsj_tjsj.shtml,2026-08-14T18:26:02+08:00
2023-11-13,daily,cached,0,86fe74a22691130794e57770a63c2d4e10b20a05d26e4ae5db676b4a2701023c,21,10,http://www.gfex.com.cn/u/interfacesWebTiDayQuotes/loadList,https://www.gfex.com.cn/gfex/rihq/hqsj_tjsj.shtml,2026-08-14T18:26:02+08:00
2023-11-13,warehouse,cached,0,38b7f3c6f849dbc09220bf3e9d33cac84aa995ce1639587c81f573c3670a1b81,32,0,http://www.gfex.com.cn/u/interfacesWebTdWbillWeeklyQuotes/loadList,https://www.gfex.com.cn/gfex/cdrb/hqsj_tjsj.shtml,2026-08-14T18:26:02+08:00
2023-11-14,daily,cached,0,063808688c4665d65dfe01d2a94df4af4ab584225785d2ab89df9505c09d6eb7,21,10,http://www.gfex.com.cn/u/interfacesWebTiDayQuotes/loadList,https://www.gfex.com.cn/gfex/rihq/hqsj_tjsj.shtml,2026-08-14T18:26:02+08:00
2023-11-14,warehouse,cached,0,7f0825af1e7a83a412f847915f23d31b7721d604d4a476bb9321eabade339651,32,0,http://www.gfex.com.cn/u/interfacesWebTdWbillWeeklyQuotes/loadList,https://www.gfex.com.cn/gfex/cdrb/hqsj_tjsj.shtml,2026-08-14T18:26:02+08:00
2023-11-15,daily,cached,0,466758190c27e71c6b4fa414ba5027b83a986a2c9d5a8e40b316f640b0b70afa,22,11,http://www.gfex.com.cn/u/interfacesWebTiDayQuotes/loadList,https://www.gfex.com.cn/gfex/rihq/hqsj_tjsj.shtml,2026-08-14T18:26:02+08:00
2023-11-15,warehouse,cached,0,ffca7269b48adabe8ae948981390e7ce156bd10c59f18f4be2835c4c39711ade,32,0,http://www.gfex.com.cn/u/interfacesWebTdWbillWeeklyQuotes/loadList,https://www.gfex.com.cn/gfex/cdrb/hqsj_tjsj.shtml,2026-08-14T18:26:02+08:00
2023-11-16,daily,cached,0,2ed0535f2552cbe123d3eec98ea09b53f41ca5f3b66916fcf2686365100d1735,22,11,http://www.gfex.com.cn/u/interfacesWebTiDayQuotes/loadList,https://www.gfex.com.cn/gfex/rihq/hqsj_tjsj.shtml,2026-08-14T18:26:02+08:00
2023-11-16,warehouse,cached,0,58585a2e8011c653ef86036715fd93e120fc18105f0ccdaa9f6ddb7b6b0ce23e,32,0,http://www.gfex.com.cn/u/interfacesWebTdWbillWeeklyQuotes/loadList,https://www.gfex.com.cn/gfex/cdrb/hqsj_tjsj.shtml,2026-08-14T18:26:02+08:00
2023-11-17,daily,cached,0,88366ae6e52938bcb78adc198ae75472e50fd5292097405eade3e1e58d8900bd,22,11,http://www.gfex.com.cn/u/interfacesWebTiDayQuotes/loadList,https://www.gfex.com.cn/gfex/rihq/hqsj_tjsj.shtml,2026-08-14T18:26:02+08:00
2023-11-17,warehouse,cached,0,3a0a98c9a8a08ae452d2112a6cb0359141af9866bc430e7cf6a9a1ba3bb3059e,32,0,http://www.gfex.com.cn/u/interfacesWebTdWbillWeeklyQuotes/loadList,https://www.gfex.com.cn/gfex/cdrb/hqsj_tjsj.shtml,2026-08-14T18:26:02+08:00
2023-11-20,daily,cached,0,ed53826d91c96c69d2edbbdb1de2ff88614ff586c025cfa68ddd16318bcb3ad7,22,11,http://www.gfex.com.cn/u/interfacesWebTiDayQuotes/loadList,https://www.gfex.com.cn/gfex/rihq/hqsj_tjsj.shtml,2026-08-14T18:26:02+08:00
2023-11-20,warehouse,cached,0,b8c4fdad96dc5b5fbc23b2135e2dff9a33e352993a8afa12edfd3b9908cb7964,32,0,http://www.gfex.com.cn/u/interfacesWebTdWbillWeeklyQuotes/loadList,https://www.gfex.com.cn/gfex/cdrb/hqsj_tjsj.shtml,2026-08-14T18:26:02+08:00
2023-11-21,daily,cached,0,689b03688f4fc502c3f2e92d1924a5e408fd0948bab81af779f58ba22c3e08a0,22,11,http://www.gfex.com.cn/u/interfacesWebTiDayQuotes/loadList,https://www.gfex.com.cn/gfex/rihq/hqsj_tjsj.shtml,2026-08-14T18:26:02+08:00
2023-11-21,warehouse,cached,0,69d71d38e09df0959318a26b22335098a6acb75d3ff35ffcf243dbb0a26ae314,32,0,http://www.gfex.com.cn/u/interfacesWebTdWbillWeeklyQuotes/loadList,https://www.gfex.com.cn/gfex/cdrb/hqsj_tjsj.shtml,2026-08-14T18:26:02+08:00
2023-11-22,daily,cached,0,bc17126cf8a2700f7c1bf7065f0cbd63c622bf60720f35eb8a31150ac0ee6f58,22,11,http://www.gfex.com.cn/u/interfacesWebTiDayQuotes/loadList,https://www.gfex.com.cn/gfex/rihq/hqsj_tjsj.shtml,2026-08-14T18:26:02+08:00
2023-11-22,warehouse,cached,0,c2a0647685dc97b0922cc810e15eb2b9ffe9ebd9d5f9a7d2e0c6df85777f7342,32,0,http://www.gfex.com.cn/u/interfacesWebTdWbillWeeklyQuotes/loadList,https://www.gfex.com.cn/gfex/cdrb/hqsj_tjsj.shtml,2026-08-14T18:26:02+08:00
2023-11-23,daily,cached,0,517b1bad6528bf9b1ec6a23af5e07967af507d8c8235032150b9f3f4a4c2d3b6,22,11,http://www.gfex.com.cn/u/interfacesWebTiDayQuotes/loadList,https://www.gfex.com.cn/gfex/rihq/hqsj_tjsj.shtml,2026-08-14T18:26:02+08:00
2023-11-23,warehouse,cached,0,f09179f6ddabb6abc0010542996ab69b46ea53fc9230f05892738d6f9d4e1e9a,32,0,http://www.gfex.com.cn/u/interfacesWebTdWbillWeeklyQuotes/loadList,https://www.gfex.com.cn/gfex/cdrb/hqsj_tjsj.shtml,2026-08-14T18:26:02+08:00
2023-11-24,daily,cached,0,4feb49d6d885f6a30b5cb5b18ab3298a3a6cf720cb52deaaca7e702a2ccafa17,22,11,http://www.gfex.com.cn/u/interfacesWebTiDayQuotes/loadList,https://www.gfex.com.cn/gfex/rihq/hqsj_tjsj.shtml,2026-08-14T18:26:02+08:00
2023-11-24,warehouse,cached,0,6454a7f4b40b5474c399e45e373cc73df70db54d439eb9a2762a3fbc1e2423fb,32,0,http://www.gfex.com.cn/u/interfacesWebTdWbillWeeklyQuotes/loadList,https://www.gfex.com.cn/gfex/cdrb/hqsj_tjsj.shtml,2026-08-14T18:26:02+08:00
2023-11-27,daily,cached,0,cab4b5747abaf4a7818fc8588ba6ba6346b03dcdccc1aaf158430bebccee0c19,22,11,http://www.gfex.com.cn/u/interfacesWebTiDayQuotes/loadList,https://www.gfex.com.cn/gfex/rihq/hqsj_tjsj.shtml,2026-08-14T18:26:02+08:00
2023-11-27,warehouse,cached,0,d36ebeaa7bfa1b6683674d6bc180ee14dee1c30d66126c44473ad9161d457543,32,0,http://www.gfex.com.cn/u/interfacesWebTdWbillWeeklyQuotes/loadList,https://www.gfex.com.cn/gfex/cdrb/hqsj_tjsj.shtml,2026-08-14T18:26:02+08:00
2023-11-28,daily,cached,0,85243e03e1b00b211e929ac45a2ea514fd92e5cadcc4bf7bdebd9ddbcc362c93,22,11,http://www.gfex.com.cn/u/interfacesWebTiDayQuotes/loadList,https://www.gfex.com.cn/gfex/rihq/hqsj_tjsj.shtml,2026-08-14T18:26:02+08:00
2023-11-28,warehouse,cached,0,d67641448457bf56a37910c75d4ccccccf4d6f36df18ac767aabee3cbb47b9a5,32,0,http://www.gfex.com.cn/u/interfacesWebTdWbillWeeklyQuotes/loadList,https://www.gfex.com.cn/gfex/cdrb/hqsj_tjsj.shtml,2026-08-14T18:26:02+08:00
2023-11-29,daily,cached,0,e01a0f5174f96ad531506fb9d84a83ff06242dc4287f924c33f5b81eba7dfd6d,22,11,http://www.gfex.com.cn/u/interfacesWebTiDayQuotes/loadList,https://www.gfex.com.cn/gfex/rihq/hqsj_tjsj.shtml,2026-08-14T18:26:02+08:00
2023-11-29,warehouse,cached,0,6ce1caafabbc1e8bcbfc4676fe2493e592a66f0b458c4e806aab5b541ad3ee6e,31,0,http://www.gfex.com.cn/u/interfacesWebTdWbillWeeklyQuotes/loadList,https://www.gfex.com.cn/gfex/cdrb/hqsj_tjsj.shtml,2026-08-14T18:26:02+08:00
2023-11-30,daily,cached,0,853b092f33fa206da652115c497280522e9ba501d85b08665b76dc774aeeb194,22,11,http://www.gfex.com.cn/u/interfacesWebTiDayQuotes/loadList,https://www.gfex.com.cn/gfex/rihq/hqsj_tjsj.shtml,2026-08-14T18:26:02+08:00
2023-11-30,warehouse,cached,0,d0a0b0fd708db8c14587790150d322aeb414cc6c0d85cae3a105a578748bd84c,30,0,http://www.gfex.com.cn/u/interfacesWebTdWbillWeeklyQuotes/loadList,https://www.gfex.com.cn/gfex/cdrb/hqsj_tjsj.shtml,2026-08-14T18:26:02+08:00
2023-12-01,daily,cached,0,1aa5120000b133ceb7f80f78516a1a8de9e63747c090aecf20aebcdef23e52eb,22,11,http://www.gfex.com.cn/u/interfacesWebTiDayQuotes/loadList,https://www.gfex.com.cn/gfex/rihq/hqsj_tjsj.shtml,2026-08-14T18:26:02+08:00
2023-12-01,warehouse,cached,0,811da357c0beb14a3806bee178c2a0f619d891765c3dc00aac7c72aa5962fa51,1,0,http://www.gfex.com.cn/u/interfacesWebTdWbillWeeklyQuotes/loadList,https://www.gfex.com.cn/gfex/cdrb/hqsj_tjsj.shtml,2026-08-14T18:26:02+08:00
2023-12-04,daily,cached,0,fe6d3060b1e7e20e99844166dcaedc24a619dbe71e661e5cbc33ec985d4208f2,22,11,http://www.gfex.com.cn/u/interfacesWebTiDayQuotes/loadList,https://www.gfex.com.cn/gfex/rihq/hqsj_tjsj.shtml,2026-08-14T18:26:02+08:00
2023-12-04,warehouse,cached,0,be1fa2b492533534be8b9e7a2aa8a2666dfc27ce1ade8215a6916b4cd05be45e,26,0,http://www.gfex.com.cn/u/interfacesWebTdWbillWeeklyQuotes/loadList,https://www.gfex.com.cn/gfex/cdrb/hqsj_tjsj.shtml,2026-08-14T18:26:02+08:00
2023-12-05,daily,cached,0,605c20430ba0cd1c37a1118adab4eb638428b13402fc873cb8fe0ca98d56955c,22,11,http://www.gfex.com.cn/u/interfacesWebTiDayQuotes/loadList,https://www.gfex.com.cn/gfex/rihq/hqsj_tjsj.shtml,2026-08-14T18:26:02+08:00
2023-12-05,warehouse,cached,0,7351d72de6e607c38910f6167f88ccc2a278bf82e71369e5323b18ae936af7c5,27,0,http://www.gfex.com.cn/u/interfacesWebTdWbillWeeklyQuotes/loadList,https://www.gfex.com.cn/gfex/cdrb/hqsj_tjsj.shtml,2026-08-14T18:26:02+08:00
2023-12-06,daily,cached,0,c82971ddfabc81c1105896fa7ac687ad0df3f600aae0ff564b473c2201d4e7db,22,11,http://www.gfex.com.cn/u/interfacesWebTiDayQuotes/loadList,https://www.gfex.com.cn/gfex/rihq/hqsj_tjsj.shtml,2026-08-14T18:26:02+08:00
2023-12-06,warehouse,cached,0,6174f1f6ca7d736401f193e63a567b2312785d9ccfbfa3a91be4cd897174a064,30,1,http://www.gfex.com.cn/u/interfacesWebTdWbillWeeklyQuotes/loadList,https://www.gfex.com.cn/gfex/cdrb/hqsj_tjsj.shtml,2026-08-14T18:26:02+08:00
2023-12-07,daily,cached,0,287daa4ab848082e9093b79463f2c64d679ca0ddc856ae32f6ddb4872654ccaa,22,11,http://www.gfex.com.cn/u/interfacesWebTiDayQuotes/loadList,https://www.gfex.com.cn/gfex/rihq/hqsj_tjsj.shtml,2026-08-14T18:26:02+08:00
2023-12-07,warehouse,cached,0,9402e1c97d5df458122748c2b43cfcaed6b54603b67ceb6fe7f45c71d25dd5b4,30,1,http://www.gfex.com.cn/u/interfacesWebTdWbillWeeklyQuotes/loadList,https://www.gfex.com.cn/gfex/cdrb/hqsj_tjsj.shtml,2026-08-14T18:26:02+08:00
2023-12-08,daily,cached,0,2d8c1a557e24db33ae6e56fe2ec0c1132df917bc9b9efc4a7fe2bff407cf3ef3,22,11,http://www.gfex.com.cn/u/interfacesWebTiDayQuotes/loadList,https://www.gfex.com.cn/gfex/rihq/hqsj_tjsj.shtml,2026-08-14T18:26:02+08:00
2023-12-08,warehouse,cached,0,f41e551029382a012c360f240a887a729fbdfa15fc6c4da88ec31d6fa0cb5ae5,31,1,http://www.gfex.com.cn/u/interfacesWebTdWbillWeeklyQuotes/loadList,https://www.gfex.com.cn/gfex/cdrb/hqsj_tjsj.shtml,2026-08-14T18:26:02+08:00
2023-12-11,daily,cached,0,822d5fa277230012c28db1d21c90c0cece6394b67ce770f0854384ac6bff1f60,22,11,http://www.gfex.com.cn/u/interfacesWebTiDayQuotes/loadList,https://www.gfex.com.cn/gfex/rihq/hqsj_tjsj.shtml,2026-08-14T18:26:02+08:00
2023-12-11,warehouse,cached,0,9ff4fbf694cf510e4e1723730033540e5d63d3d7053191a0aa4bb454247175be,33,1,http://www.gfex.com.cn/u/interfacesWebTdWbillWeeklyQuotes/loadList,https://www.gfex.com.cn/gfex/cdrb/hqsj_tjsj.shtml,2026-08-14T18:26:02+08:00
2023-12-12,daily,cached,0,0bf61006ef4314c267032b01b97ca0252add22f5984a210c27c468e0aff4dbbc,22,11,http://www.gfex.com.cn/u/interfacesWebTiDayQuotes/loadList,https://www.gfex.com.cn/gfex/rihq/hqsj_tjsj.shtml,2026-08-14T18:26:02+08:00
2023-12-12,warehouse,cached,0,105f1526eea6432dc379a8b30d285b78afc69439e1b6cefedd07a237b2776f07,34,1,http://www.gfex.com.cn/u/interfacesWebTdWbillWeeklyQuotes/loadList,https://www.gfex.com.cn/gfex/cdrb/hqsj_tjsj.shtml,2026-08-14T18:26:02+08:00
2023-12-13,daily,cached,0,68b854e93ffb203c4250423323c21e070bbc05304f7be300fefc868733ae0ce2,22,11,http://www.gfex.com.cn/u/interfacesWebTiDayQuotes/loadList,https://www.gfex.com.cn/gfex/rihq/hqsj_tjsj.shtml,2026-08-14T18:26:02+08:00
2023-12-13,warehouse,cached,0,54562ac2d0578e7b18f32241f757f7ec1551bda19a4c465a71ef77cca9ecdf23,34,1,http://www.gfex.com.cn/u/interfacesWebTdWbillWeeklyQuotes/loadList,https://www.gfex.com.cn/gfex/cdrb/hqsj_tjsj.shtml,2026-08-14T18:26:02+08:00
2023-12-14,daily,cached,0,6e7c0b4ed5eb2b88150f7b5a27facc3b1734de7d16f51eab13be10409071a8fd,22,11,http://www.gfex.com.cn/u/interfacesWebTiDayQuotes/loadList,https://www.gfex.com.cn/gfex/rihq/hqsj_tjsj.shtml,2026-08-14T18:26:02+08:00
2023-12-14,warehouse,cached,0,c8473bc07177a8a8f84f3e58022740d176ca694296278d0649ab29faef23505f,35,1,http://www.gfex.com.cn/u/interfacesWebTdWbillWeeklyQuotes/loadList,https://www.gfex.com.cn/gfex/cdrb/hqsj_tjsj.shtml,2026-08-14T18:26:02+08:00
2023-12-15,daily,cached,0,f6ad04514710a08b652358927645541ccf84edc3a9e1d853390c88e2e1ab929f,23,12,http://www.gfex.com.cn/u/interfacesWebTiDayQuotes/loadList,https://www.gfex.com.cn/gfex/rihq/hqsj_tjsj.shtml,2026-08-14T18:26:02+08:00
2023-12-15,warehouse,cached,0,31bae046c450830f803d6dc2f35095a9e29c2d1606ed8c2584e674eff463cdf6,35,1,http://www.gfex.com.cn/u/interfacesWebTdWbillWeeklyQuotes/loadList,https://www.gfex.com.cn/gfex/cdrb/hqsj_tjsj.shtml,2026-08-14T18:26:02+08:00
2023-12-18,daily,cached,0,756d193d879dafab3eaf04d76a0faf7c25f3438a0fcbe64596222f52d5293617,23,12,http://www.gfex.com.cn/u/interfacesWebTiDayQuotes/loadList,https://www.gfex.com.cn/gfex/rihq/hqsj_tjsj.shtml,2026-08-14T18:26:02+08:00
2023-12-18,warehouse,cached,0,3cf3e828afcf10d2a13b3d54ce814aba2acbc81f257149d6c40f3d9249c58332,35,1,http://www.gfex.com.cn/u/interfacesWebTdWbillWeeklyQuotes/loadList,https://www.gfex.com.cn/gfex/cdrb/hqsj_tjsj.shtml,2026-08-14T18:26:02+08:00
2023-12-19,daily,cached,0,bd624999a52f3bd2fe10888ae3ab8cc026a788b4c90d543ac6782516f929d1bb,23,12,http://www.gfex.com.cn/u/interfacesWebTiDayQuotes/loadList,https://www.gfex.com.cn/gfex/rihq/hqsj_tjsj.shtml,2026-08-14T18:26:02+08:00
2023-12-19,warehouse,cached,0,e16ba3695dc776001c1477d796e7303856ca62ac6721df3d904364b722a77c42,35,1,http://www.gfex.com.cn/u/interfacesWebTdWbillWeeklyQuotes/loadList,https://www.gfex.com.cn/gfex/cdrb/hqsj_tjsj.shtml,2026-08-14T18:26:02+08:00
2023-12-20,daily,cached,0,8343bd455eae8695177c1d40b691e4ce367020aadbb4f7b76d443f2c3e43baad,23,12,http://www.gfex.com.cn/u/interfacesWebTiDayQuotes/loadList,https://www.gfex.com.cn/gfex/rihq/hqsj_tjsj.shtml,2026-08-14T18:26:02+08:00
2023-12-20,warehouse,cached,0,f1a956eecfa6c0806aad86f7db1d513fec1b6952126d56b56324a12655d73ccc,35,1,http://www.gfex.com.cn/u/interfacesWebTdWbillWeeklyQuotes/loadList,https://www.gfex.com.cn/gfex/cdrb/hqsj_tjsj.shtml,2026-08-14T18:26:02+08:00
2023-12-21,daily,cached,0,4d6dbdea8f2a75411e986880e4528531b29ab37312b21135725c79261c5d2cab,23,12,http://www.gfex.com.cn/u/interfacesWebTiDayQuotes/loadList,https://www.gfex.com.cn/gfex/rihq/hqsj_tjsj.shtml,2026-08-14T18:26:02+08:00
2023-12-21,warehouse,cached,0,3b7abf33054f0efbe4ba01a13052263e7d4e25676ccaf54c6b4d8002afa9634f,36,1,http://www.gfex.com.cn/u/interfacesWebTdWbillWeeklyQuotes/loadList,https://www.gfex.com.cn/gfex/cdrb/hqsj_tjsj.shtml,2026-08-14T18:26:02+08:00
2023-12-22,daily,cached,0,9bb8bf02696502a09c4b14e8237f78e7e45d9985daafedee6799b61b078b9147,23,12,http://www.gfex.com.cn/u/interfacesWebTiDayQuotes/loadList,https://www.gfex.com.cn/gfex/rihq/hqsj_tjsj.shtml,2026-08-14T18:26:02+08:00
2023-12-22,warehouse,cached,0,1ab71595e67860a849602adee09925196e8df7dab458670d68e2ed1f206d9731,39,1,http://www.gfex.com.cn/u/interfacesWebTdWbillWeeklyQuotes/loadList,https://www.gfex.com.cn/gfex/cdrb/hqsj_tjsj.shtml,2026-08-14T18:26:02+08:00
2023-12-25,daily,cached,0,f3d4aacb51d98012eda071941702e64aed9bf8ae21b2dbdaa2fede96fbdd3c90,23,12,http://www.gfex.com.cn/u/interfacesWebTiDayQuotes/loadList,https://www.gfex.com.cn/gfex/rihq/hqsj_tjsj.shtml,2026-08-14T18:26:02+08:00
2023-12-25,warehouse,cached,0,e11f494375d1aea83065d1d7b02be1b5caaa887b6be24ed98627b9f856672cc0,39,1,http://www.gfex.com.cn/u/interfacesWebTdWbillWeeklyQuotes/loadList,https://www.gfex.com.cn/gfex/cdrb/hqsj_tjsj.shtml,2026-08-14T18:26:02+08:00
2023-12-26,daily,cached,0,5ec15da3d71664c9daeea1845032b4f55df660b4759b9ff3fa925c60504bcb31,23,12,http://www.gfex.com.cn/u/interfacesWebTiDayQuotes/loadList,https://www.gfex.com.cn/gfex/rihq/hqsj_tjsj.shtml,2026-08-14T18:26:02+08:00
2023-12-26,warehouse,cached,0,5cad041307093adc873478bc14f9108fa2768c2f2a07e87eea00bda789b7964b,39,1,http://www.gfex.com.cn/u/interfacesWebTdWbillWeeklyQuotes/loadList,https://www.gfex.com.cn/gfex/cdrb/hqsj_tjsj.shtml,2026-08-14T18:26:02+08:00
2023-12-27,daily,cached,0,dd1a5ed7d1b4cc0de3f08afdd6b6c50d771f9f17ee037f7f4aeb8bdbc52f3a62,23,12,http://www.gfex.com.cn/u/interfacesWebTiDayQuotes/loadList,https://www.gfex.com.cn/gfex/rihq/hqsj_tjsj.shtml,2026-08-14T18:26:02+08:00
2023-12-27,warehouse,cached,0,7bde872f867ff427d7a7fb97f5f5a03e02e7f12492f74570ebb318b5f9951e66,40,1,http://www.gfex.com.cn/u/interfacesWebTdWbillWeeklyQuotes/loadList,https://www.gfex.com.cn/gfex/cdrb/hqsj_tjsj.shtml,2026-08-14T18:26:02+08:00
2023-12-28,daily,cached,0,a64dd90197e06fb22713fe4dcf941fa0fde5f0bc8fc1c88af6902f8d92c43dd5,23,12,http://www.gfex.com.cn/u/interfacesWebTiDayQuotes/loadList,https://www.gfex.com.cn/gfex/rihq/hqsj_tjsj.shtml,2026-08-14T18:26:02+08:00
2023-12-28,warehouse,cached,0,7eed2364bedff56d2536469bd9524c9eacac12d5ee7c782cacce350dd05c3353,41,1,http://www.gfex.com.cn/u/interfacesWebTdWbillWeeklyQuotes/loadList,https://www.gfex.com.cn/gfex/cdrb/hqsj_tjsj.shtml,2026-08-14T18:26:02+08:00
2023-12-29,daily,cached,0,26cfc6f51a9ae1b51098208a80b195e0755acce91631bed3ec81cbaba04050e5,23,12,http://www.gfex.com.cn/u/interfacesWebTiDayQuotes/loadList,https://www.gfex.com.cn/gfex/rihq/hqsj_tjsj.shtml,2026-08-14T18:26:02+08:00
2023-12-29,warehouse,cached,0,a234d3647ddd536fec609459e515caa9082980d960488c048489a63ad5ace44f,42,1,http://www.gfex.com.cn/u/interfacesWebTdWbillWeeklyQuotes/loadList,https://www.gfex.com.cn/gfex/cdrb/hqsj_tjsj.shtml,2026-08-14T18:26:02+08:00
2024-01-01,daily,cached,0,81e9e06f532cfc8e269301f7a7198488bcf2f34a214d6d629294f10c8ce88005,1,0,http://www.gfex.com.cn/u/interfacesWebTiDayQuotes/loadList,https://www.gfex.com.cn/gfex/rihq/hqsj_tjsj.shtml,2026-08-14T18:26:02+08:00
2024-01-01,warehouse,cached,0,e3fcd90a59c8ffd0347d8a66a4386c192d94f7574499db9aea2ca49207a7ea76,1,0,http://www.gfex.com.cn/u/interfacesWebTdWbillWeeklyQuotes/loadList,https://www.gfex.com.cn/gfex/cdrb/hqsj_tjsj.shtml,2026-08-14T18:26:02+08:00
2024-01-02,daily,cached,0,9328146e51cbd582d38879ad331fbd9195bb66f7cdd3a717b4dc56cee8f417e5,23,12,http://www.gfex.com.cn/u/interfacesWebTiDayQuotes/loadList,https://www.gfex.com.cn/gfex/rihq/hqsj_tjsj.shtml,2026-08-14T18:26:02+08:00
2024-01-02,warehouse,cached,0,a170bb00af1cf7aaaca70c33bbb014cc9b732b9340640ea849cfa0dbe58dd05e,42,1,http://www.gfex.com.cn/u/interfacesWebTdWbillWeeklyQuotes/loadList,https://www.gfex.com.cn/gfex/cdrb/hqsj_tjsj.shtml,2026-08-14T18:26:02+08:00
2024-01-03,daily,cached,0,3915db0233dbf7e2ddd38347fe9c9a930c182b7dd0b1ba5d456a74e32db63a33,23,12,http://www.gfex.com.cn/u/interfacesWebTiDayQuotes/loadList,https://www.gfex.com.cn/gfex/rihq/hqsj_tjsj.shtml,2026-08-14T18:26:02+08:00
2024-01-03,warehouse,cached,0,c00d79a3b5708bffc51ad18e7f8d7d2a88aeb9a3b5b9227f4fb2dc8fd747478e,42,1,http://www.gfex.com.cn/u/interfacesWebTdWbillWeeklyQuotes/loadList,https://www.gfex.com.cn/gfex/cdrb/hqsj_tjsj.shtml,2026-08-14T18:26:02+08:00
2024-01-04,daily,cached,0,05b8d31d6ae6f993d2a97a78934dd2a67f46c83b3b66737bd3feec24356e3a55,23,12,http://www.gfex.com.cn/u/interfacesWebTiDayQuotes/loadList,https://www.gfex.com.cn/gfex/rihq/hqsj_tjsj.shtml,2026-08-14T18:26:02+08:00
2024-01-04,warehouse,cached,0,3644e259ed81848209536f3bc419ca36512f9c8e9403de8d4869646411c2a9ca,42,1,http://www.gfex.com.cn/u/interfacesWebTdWbillWeeklyQuotes/loadList,https://www.gfex.com.cn/gfex/cdrb/hqsj_tjsj.shtml,2026-08-14T18:26:02+08:00
2024-01-05,daily,cached,0,30eba185bcd7b3f333673440beb3bc15d2c30883be4ed5aa102c89bb54878917,23,12,http://www.gfex.com.cn/u/interfacesWebTiDayQuotes/loadList,https://www.gfex.com.cn/gfex/rihq/hqsj_tjsj.shtml,2026-08-14T18:26:02+08:00
2024-01-05,warehouse,cached,0,e6d67452e2fff405f9ba20093331b23f32e88166f668c7210456381bf90abb5a,42,1,http://www.gfex.com.cn/u/interfacesWebTdWbillWeeklyQuotes/loadList,https://www.gfex.com.cn/gfex/cdrb/hqsj_tjsj.shtml,2026-08-14T18:26:02+08:00
2024-01-08,daily,cached,0,ae99bc470c8f3facd066286cf6cc75c4fbb98ed1215d7219077a61e44a365b9f,23,12,http://www.gfex.com.cn/u/interfacesWebTiDayQuotes/loadList,https://www.gfex.com.cn/gfex/rihq/hqsj_tjsj.shtml,2026-08-14T18:26:02+08:00
2024-01-08,warehouse,cached,0,11ad15d26b5b183f749faba9fcef1d01280284c163a6ec3961c2cb30c0618332,42,1,http://www.gfex.com.cn/u/interfacesWebTdWbillWeeklyQuotes/loadList,https://www.gfex.com.cn/gfex/cdrb/hqsj_tjsj.shtml,2026-08-14T18:26:02+08:00
2024-01-09,daily,cached,0,9e54dec928699a93fe6a46a62afda1601e6cce45ce7ef627e76f96877b485a3c,23,12,http://www.gfex.com.cn/u/interfacesWebTiDayQuotes/loadList,https://www.gfex.com.cn/gfex/rihq/hqsj_tjsj.shtml,2026-08-14T18:26:02+08:00
2024-01-09,warehouse,cached,0,2e46e31b5b1b68913b40c6a8002c8b698517922a28b458e75ec07121b59d1009,43,1,http://www.gfex.com.cn/u/interfacesWebTdWbillWeeklyQuotes/loadList,https://www.gfex.com.cn/gfex/cdrb/hqsj_tjsj.shtml,2026-08-14T18:26:02+08:00
2024-01-10,daily,cached,0,aa2ac3eaef2e821afc208e4ba34265b014ae5877e1510af8904706334a3eac8e,23,12,http://www.gfex.com.cn/u/interfacesWebTiDayQuotes/loadList,https://www.gfex.com.cn/gfex/rihq/hqsj_tjsj.shtml,2026-08-14T18:26:02+08:00
2024-01-10,warehouse,cached,0,6dec4a9bbb6011f052c0ee17c9eac168fa6098936628590b0265fdb319c59a26,43,1,http://www.gfex.com.cn/u/interfacesWebTdWbillWeeklyQuotes/loadList,https://www.gfex.com.cn/gfex/cdrb/hqsj_tjsj.shtml,2026-08-14T18:26:02+08:00
2024-01-11,daily,cached,0,67041723b49f05bd02b7b7501bab6deae9072ebc38ab4d52607422ec7e8c45a1,23,12,http://www.gfex.com.cn/u/interfacesWebTiDayQuotes/loadList,https://www.gfex.com.cn/gfex/rihq/hqsj_tjsj.shtml,2026-08-14T18:26:02+08:00
2024-01-11,warehouse,cached,0,159bee7eb2fd29c53ec9829669497ee4138e62881ab80ffc4d3073a01bf3988e,43,1,http://www.gfex.com.cn/u/interfacesWebTdWbillWeeklyQuotes/loadList,https://www.gfex.com.cn/gfex/cdrb/hqsj_tjsj.shtml,2026-08-14T18:26:02+08:00
2024-01-12,daily,cached,0,b8dcd2f59e14bf3a10db63ef5a9cb9514e08afe56fadec801f490a9391e367bf,23,12,http://www.gfex.com.cn/u/interfacesWebTiDayQuotes/loadList,https://www.gfex.com.cn/gfex/rihq/hqsj_tjsj.shtml,2026-08-14T18:26:02+08:00
2024-01-12,warehouse,cached,0,a9487685d911d8e04960a4bce51a03b4532987535068b4cce320f1b8520693bd,43,1,http://www.gfex.com.cn/u/interfacesWebTdWbillWeeklyQuotes/loadList,https://www.gfex.com.cn/gfex/cdrb/hqsj_tjsj.shtml,2026-08-14T18:26:02+08:00
2024-01-15,daily,cached,0,e8dd6caf2584c31ec7ef023ce4cac2802ef3f23895cbbb20ad235d056fd6bc90,23,12,http://www.gfex.com.cn/u/interfacesWebTiDayQuotes/loadList,https://www.gfex.com.cn/gfex/rihq/hqsj_tjsj.shtml,2026-08-14T18:26:02+08:00
2024-01-15,warehouse,cached,0,2fe33733109489ef4d3c5b6d1b9e41760760886c5c9491e277038557c3b77de0,43,1,http://www.gfex.com.cn/u/interfacesWebTdWbillWeeklyQuotes/loadList,https://www.gfex.com.cn/gfex/cdrb/hqsj_tjsj.shtml,2026-08-14T18:26:02+08:00
2024-01-16,daily,cached,0,904fe46eaa8cdce39fc6a0f93150633f059cc54e015f522da30bb46caa3bee1e,23,12,http://www.gfex.com.cn/u/interfacesWebTiDayQuotes/loadList,https://www.gfex.com.cn/gfex/rihq/hqsj_tjsj.shtml,2026-08-14T18:26:02+08:00
2024-01-16,warehouse,cached,0,b2fbc186fa30dc1c069002aaedf7bf7961e1e24bcf149e3c41cebd524e4127e2,43,1,http://www.gfex.com.cn/u/interfacesWebTdWbillWeeklyQuotes/loadList,https://www.gfex.com.cn/gfex/cdrb/hqsj_tjsj.shtml,2026-08-14T18:26:02+08:00
2024-01-17,daily,cached,0,3eb96f74fc21d9c1fbd2ba117f4866a79369419d959420ade1361e260a5e6225,23,12,http://www.gfex.com.cn/u/interfacesWebTiDayQuotes/loadList,https://www.gfex.com.cn/gfex/rihq/hqsj_tjsj.shtml,2026-08-14T18:26:02+08:00
2024-01-17,warehouse,cached,0,9e279474dae072053a4f54b332d3df4dc89194d90b25c694fe2a1ab30ecfd383,44,1,http://www.gfex.com.cn/u/interfacesWebTdWbillWeeklyQuotes/loadList,https://www.gfex.com.cn/gfex/cdrb/hqsj_tjsj.shtml,2026-08-14T18:26:02+08:00
2024-01-18,daily,cached,0,e151c435dfcc1b26c25cb9a99db43e280bac4428fec202fde5604aab40a719f2,23,12,http://www.gfex.com.cn/u/interfacesWebTiDayQuotes/loadList,https://www.gfex.com.cn/gfex/rihq/hqsj_tjsj.shtml,2026-08-14T18:26:02+08:00
2024-01-18,warehouse,cached,0,c433323a7e4e1f6c3d409ca37f113f615a318e9108c65be16636713c0b626e69,44,1,http://www.gfex.com.cn/u/interfacesWebTdWbillWeeklyQuotes/loadList,https://www.gfex.com.cn/gfex/cdrb/hqsj_tjsj.shtml,2026-08-14T18:26:02+08:00
2024-01-19,daily,cached,0,59ffc39b81605a737bf8703f7fb9eaba6b10d4fce7e4ca0445891ef96f1e4315,23,12,http://www.gfex.com.cn/u/interfacesWebTiDayQuotes/loadList,https://www.gfex.com.cn/gfex/rihq/hqsj_tjsj.shtml,2026-08-14T18:26:02+08:00
2024-01-19,warehouse,cached,0,bacc30e7417573ccc29443c1035938fdaf4037c08ad1cd6914b502bfa897904a,43,1,http://www.gfex.com.cn/u/interfacesWebTdWbillWeeklyQuotes/loadList,https://www.gfex.com.cn/gfex/cdrb/hqsj_tjsj.shtml,2026-08-14T18:26:02+08:00
2024-01-22,daily,cached,0,4b8650fdbf1d05cc6a3e070799e6ff713f7876000578ca275d7cc2c9e0546756,23,12,http://www.gfex.com.cn/u/interfacesWebTiDayQuotes/loadList,https://www.gfex.com.cn/gfex/rihq/hqsj_tjsj.shtml,2026-08-14T18:26:02+08:00
2024-01-22,warehouse,cached,0,0f14e77cbfa2069f72a385b3b12919aa3665cda7b356deccec5da43dec1a747a,43,1,http://www.gfex.com.cn/u/interfacesWebTdWbillWeeklyQuotes/loadList,https://www.gfex.com.cn/gfex/cdrb/hqsj_tjsj.shtml,2026-08-14T18:26:02+08:00
2024-01-23,daily,cached,0,678e1e76807454ae49edddcc9b7c54fdf37a83da177693ebd09ace9c8eafec37,23,12,http://www.gfex.com.cn/u/interfacesWebTiDayQuotes/loadList,https://www.gfex.com.cn/gfex/rihq/hqsj_tjsj.shtml,2026-08-14T18:26:02+08:00
2024-01-23,warehouse,cached,0,3809d9c5c10dabc5b0ca51a71ee77ef9bae3c3c4a5b6e6c63f16d7bb259b3f61,43,1,http://www.gfex.com.cn/u/interfacesWebTdWbillWeeklyQuotes/loadList,https://www.gfex.com.cn/gfex/cdrb/hqsj_tjsj.shtml,2026-08-14T18:26:02+08:00
2024-01-24,daily,cached,0,a284f7508ddc58706d95d4c32f465f57d8e6691ca62737e30e612f24ccb22fd9,23,12,http://www.gfex.com.cn/u/interfacesWebTiDayQuotes/loadList,https://www.gfex.com.cn/gfex/rihq/hqsj_tjsj.shtml,2026-08-14T18:26:02+08:00
2024-01-24,warehouse,cached,0,2dd66c9450bd03fd6894cc559c82041030bf9bb57bddd463abab29bbe01ff74e,44,1,http://www.gfex.com.cn/u/interfacesWebTdWbillWeeklyQuotes/loadList,https://www.gfex.com.cn/gfex/cdrb/hqsj_tjsj.shtml,2026-08-14T18:26:02+08:00
2024-01-25,daily,cached,0,8827c363c19bce2150069afbb860af04fa8729b7a21eeda28b5fe30b90edc8d3,23,12,http://www.gfex.com.cn/u/interfacesWebTiDayQuotes/loadList,https://www.gfex.com.cn/gfex/rihq/hqsj_tjsj.shtml,2026-08-14T18:26:02+08:00
2024-01-25,warehouse,cached,0,efc624f074c94e2212c7ba5666a6ac7a4d4b79596c3774e1d5af60cf3f1f326b,44,1,http://www.gfex.com.cn/u/interfacesWebTdWbillWeeklyQuotes/loadList,https://www.gfex.com.cn/gfex/cdrb/hqsj_tjsj.shtml,2026-08-14T18:26:02+08:00
2024-01-26,daily,cached,0,51b5823f1814266c178e456059cf5eb14974f78399ba7fb7125cc7841d12e9e5,23,12,http://www.gfex.com.cn/u/interfacesWebTiDayQuotes/loadList,https://www.gfex.com.cn/gfex/rihq/hqsj_tjsj.shtml,2026-08-14T18:26:02+08:00
2024-01-26,warehouse,cached,0,53ae82940ce67e82751b252b8561e33ce02de6ed87c712ded0b12c3ca2e6db38,44,1,http://www.gfex.com.cn/u/interfacesWebTdWbillWeeklyQuotes/loadList,https://www.gfex.com.cn/gfex/cdrb/hqsj_tjsj.shtml,2026-08-14T18:26:02+08:00
2024-01-29,daily,cached,0,c734da753e65fad2ee06aebf62ce09a84eab2bf7a371e2e1e572233c1922e8bd,23,12,http://www.gfex.com.cn/u/interfacesWebTiDayQuotes/loadList,https://www.gfex.com.cn/gfex/rihq/hqsj_tjsj.shtml,2026-08-14T18:26:02+08:00
2024-01-29,warehouse,cached,0,b57505aef897f42fcdb9de998b9c6627dfce91beb537289412db2dc646461266,44,1,http://www.gfex.com.cn/u/interfacesWebTdWbillWeeklyQuotes/loadList,https://www.gfex.com.cn/gfex/cdrb/hqsj_tjsj.shtml,2026-08-14T18:26:02+08:00
2024-01-30,daily,cached,0,dc0786796a8b0824696c1b29db537a474f42df6359679d3ac57da685aeb2103c,23,12,http://www.gfex.com.cn/u/interfacesWebTiDayQuotes/loadList,https://www.gfex.com.cn/gfex/rihq/hqsj_tjsj.shtml,2026-08-14T18:26:02+08:00
2024-01-30,warehouse,cached,0,e269d3b6c12a52fb4306dfb051d6d7089ccb1573b35c6111b92f0e9b7cab1f9d,44,1,http://www.gfex.com.cn/u/interfacesWebTdWbillWeeklyQuotes/loadList,https://www.gfex.com.cn/gfex/cdrb/hqsj_tjsj.shtml,2026-08-14T18:26:02+08:00
2024-01-31,daily,cached,0,f2799f47d660699a3ee7e24b32e387ac2911038f49246e902dc7b7511c2c46ae,23,12,http://www.gfex.com.cn/u/interfacesWebTiDayQuotes/loadList,https://www.gfex.com.cn/gfex/rihq/hqsj_tjsj.shtml,2026-08-14T18:26:02+08:00
2024-01-31,warehouse,cached,0,dc159767651247427fef0bd440340ca9f88333892f589847af58fbcc142224a5,44,1,http://www.gfex.com.cn/u/interfacesWebTdWbillWeeklyQuotes/loadList,https://www.gfex.com.cn/gfex/cdrb/hqsj_tjsj.shtml,2026-08-14T18:26:02+08:00
2024-02-01,daily,cached,0,f19f0f0935f1fac892de201477a776247d401265b35c4f2dabd75d6d445078ee,23,12,http://www.gfex.com.cn/u/interfacesWebTiDayQuotes/loadList,https://www.gfex.com.cn/gfex/rihq/hqsj_tjsj.shtml,2026-08-14T18:26:02+08:00
2024-02-01,warehouse,cached,0,080e2ad6d69fb11bb3f3823ee8e2db59aae0259fd98a3850d6b8d2cc19528097,44,1,http://www.gfex.com.cn/u/interfacesWebTdWbillWeeklyQuotes/loadList,https://www.gfex.com.cn/gfex/cdrb/hqsj_tjsj.shtml,2026-08-14T18:26:02+08:00
2024-02-02,daily,cached,0,c09956d7a7062716b06b88cdbf3dd0533dbefbeccb1ba09aac88d85dec074858,23,12,http://www.gfex.com.cn/u/interfacesWebTiDayQuotes/loadList,https://www.gfex.com.cn/gfex/rihq/hqsj_tjsj.shtml,2026-08-14T18:26:02+08:00
2024-02-02,warehouse,cached,0,fa0a3a8d487092ea85703efba1ad19461864063e061698aa44e3b21912ca1d2e,45,1,http://www.gfex.com.cn/u/interfacesWebTdWbillWeeklyQuotes/loadList,https://www.gfex.com.cn/gfex/cdrb/hqsj_tjsj.shtml,2026-08-14T18:26:02+08:00
2024-02-05,daily,cached,0,dbd1a8588a88a2d0659f07ce903c7b78acb7d2f79f8415505bb586fbc4bcd289,23,12,http://www.gfex.com.cn/u/interfacesWebTiDayQuotes/loadList,https://www.gfex.com.cn/gfex/rihq/hqsj_tjsj.shtml,2026-08-14T18:26:02+08:00
2024-02-05,warehouse,cached,0,b6c358bd9bc1b425c39ab90226cba61eae1cc0e120257c238b15217776f2f163,46,1,http://www.gfex.com.cn/u/interfacesWebTdWbillWeeklyQuotes/loadList,https://www.gfex.com.cn/gfex/cdrb/hqsj_tjsj.shtml,2026-08-14T18:26:02+08:00
2024-02-06,daily,cached,0,44f501bb3e0df2ba8ce80feabf907c414c23562490de214eed7a83ff86d70da0,23,12,http://www.gfex.com.cn/u/interfacesWebTiDayQuotes/loadList,https://www.gfex.com.cn/gfex/rihq/hqsj_tjsj.shtml,2026-08-14T18:26:02+08:00
2024-02-06,warehouse,cached,0,8bb495140d1604f059e353e0a73e412ecb8ee82871905079968935f195132157,46,1,http://www.gfex.com.cn/u/interfacesWebTdWbillWeeklyQuotes/loadList,https://www.gfex.com.cn/gfex/cdrb/hqsj_tjsj.shtml,2026-08-14T18:26:02+08:00
2024-02-07,daily,cached,0,1a1cb3cb6f676ac5e75a5786bc537b18ce7c709f398f77aea9328474a55bb80f,23,12,http://www.gfex.com.cn/u/interfacesWebTiDayQuotes/loadList,https://www.gfex.com.cn/gfex/rihq/hqsj_tjsj.shtml,2026-08-14T18:26:02+08:00
2024-02-07,warehouse,cached,0,4f58fa03355effe077f3e2e5c9e57ec8e40c82ea77e1893c2f8a075cc68e5321,47,1,http://www.gfex.com.cn/u/interfacesWebTdWbillWeeklyQuotes/loadList,https://www.gfex.com.cn/gfex/cdrb/hqsj_tjsj.shtml,2026-08-14T18:26:02+08:00
2024-02-08,daily,cached,0,1d7a31b7753711a9e011f3039615a519ab28be337c9ec6033937fc760740128a,23,12,http://www.gfex.com.cn/u/interfacesWebTiDayQuotes/loadList,https://www.gfex.com.cn/gfex/rihq/hqsj_tjsj.shtml,2026-08-14T18:26:02+08:00
2024-02-08,warehouse,cached,0,135169e76dfc4954f4d16f8ecf060e120ae51b632fdd3d66bf21a7b391adc754,47,1,http://www.gfex.com.cn/u/interfacesWebTdWbillWeeklyQuotes/loadList,https://www.gfex.com.cn/gfex/cdrb/hqsj_tjsj.shtml,2026-08-14T18:26:02+08:00
2024-02-09,daily,cached,0,dbad9fddd3603055efa76af90ce46c37fff070dc789c54300e7a4b3940691e93,1,0,http://www.gfex.com.cn/u/interfacesWebTiDayQuotes/loadList,https://www.gfex.com.cn/gfex/rihq/hqsj_tjsj.shtml,2026-08-14T18:26:02+08:00
2024-02-09,warehouse,cached,0,c6d0ed6a3831145d6b271f2439e3099a4b2c13a027b2f168ec5aa418790ce0df,1,0,http://www.gfex.com.cn/u/interfacesWebTdWbillWeeklyQuotes/loadList,https://www.gfex.com.cn/gfex/cdrb/hqsj_tjsj.shtml,2026-08-14T18:26:02+08:00
2024-02-12,daily,cached,0,6f7fb59e22b23bbc4b26e054cfa8db66a4ef2705d66e98b6d46c9e9bea9382f5,1,0,http://www.gfex.com.cn/u/interfacesWebTiDayQuotes/loadList,https://www.gfex.com.cn/gfex/rihq/hqsj_tjsj.shtml,2026-08-14T18:26:02+08:00
2024-02-12,warehouse,cached,0,7b95edc2a0cfc619be2bec1072e755db80f10a90b9f792806d9a6fa12b0d1cb9,1,0,http://www.gfex.com.cn/u/interfacesWebTdWbillWeeklyQuotes/loadList,https://www.gfex.com.cn/gfex/cdrb/hqsj_tjsj.shtml,2026-08-14T18:26:02+08:00
2024-02-13,daily,cached,0,22c83c06c4200bae892514e5a27728b332b374f04bfb27ee8becce8f1a805b66,1,0,http://www.gfex.com.cn/u/interfacesWebTiDayQuotes/loadList,https://www.gfex.com.cn/gfex/rihq/hqsj_tjsj.shtml,2026-08-14T18:26:02+08:00
2024-02-13,warehouse,cached,0,d1cd8f6ec6a6553051e43c09e69bb64fdc38726bc70d6c1530343f4bd9b53875,1,0,http://www.gfex.com.cn/u/interfacesWebTdWbillWeeklyQuotes/loadList,https://www.gfex.com.cn/gfex/cdrb/hqsj_tjsj.shtml,2026-08-14T18:26:02+08:00
2024-02-14,daily,cached,0,cc21b47b57af713a9441d6adf9b099d1c1fcf5bd7b6c25eb40b21906f1fa3f00,1,0,http://www.gfex.com.cn/u/interfacesWebTiDayQuotes/loadList,https://www.gfex.com.cn/gfex/rihq/hqsj_tjsj.shtml,2026-08-14T18:26:02+08:00
2024-02-14,warehouse,cached,0,130f05d44ebb473ed07ab2da7a6f65d36adc0740b2d7b52a68c28ec2f00f28ea,1,0,http://www.gfex.com.cn/u/interfacesWebTdWbillWeeklyQuotes/loadList,https://www.gfex.com.cn/gfex/cdrb/hqsj_tjsj.shtml,2026-08-14T18:26:02+08:00
2024-02-15,daily,cached,0,204e2ac895ff36a8f1d42ad6133de42b67c6f10a06a0a9c7e3f7adc89a02dfe5,1,0,http://www.gfex.com.cn/u/interfacesWebTiDayQuotes/loadList,https://www.gfex.com.cn/gfex/rihq/hqsj_tjsj.shtml,2026-08-14T18:26:02+08:00
2024-02-15,warehouse,cached,0,d3feeed5a6b612fe2611a6cfec99029475357f23cccac9664f916c76c370f442,1,0,http://www.gfex.com.cn/u/interfacesWebTdWbillWeeklyQuotes/loadList,https://www.gfex.com.cn/gfex/cdrb/hqsj_tjsj.shtml,2026-08-14T18:26:02+08:00
2024-02-16,daily,cached,0,d210b4d13a8414fec4f1a0d53b7c47fa27702b5a80edc30da0cd1ee1a2b64376,1,0,http://www.gfex.com.cn/u/interfacesWebTiDayQuotes/loadList,https://www.gfex.com.cn/gfex/rihq/hqsj_tjsj.shtml,2026-08-14T18:26:02+08:00
2024-02-16,warehouse,cached,0,fb4303759904324e31f40437ffade77082a9ba23ee32336d5179609fee007417,1,0,http://www.gfex.com.cn/u/interfacesWebTdWbillWeeklyQuotes/loadList,https://www.gfex.com.cn/gfex/cdrb/hqsj_tjsj.shtml,2026-08-14T18:26:02+08:00
2024-02-19,daily,cached,0,9566a2de20b0b1e3bd0f1105aca3f8c0bb8fced4d1ef1c18a6e9b17d2f8cc072,23,12,http://www.gfex.com.cn/u/interfacesWebTiDayQuotes/loadList,https://www.gfex.com.cn/gfex/rihq/hqsj_tjsj.shtml,2026-08-14T18:26:02+08:00
2024-02-19,warehouse,cached,0,51bb9c6d3c2904c6f39de62b9006ce0e74a6a89d5faee29186a0c882bda7b333,47,1,http://www.gfex.com.cn/u/interfacesWebTdWbillWeeklyQuotes/loadList,https://www.gfex.com.cn/gfex/cdrb/hqsj_tjsj.shtml,2026-08-14T18:26:02+08:00
2024-02-20,daily,cached,0,8e505e8ed5ac502c2ebfd29d8f6008931a80260e9e2242b63a2766c16ee639aa,23,12,http://www.gfex.com.cn/u/interfacesWebTiDayQuotes/loadList,https://www.gfex.com.cn/gfex/rihq/hqsj_tjsj.shtml,2026-08-14T18:26:02+08:00
2024-02-20,warehouse,cached,0,400a26c35b24abe490fe01403686c5587d8ed7a1f7f9d1aed8692017bd54cafb,47,1,http://www.gfex.com.cn/u/interfacesWebTdWbillWeeklyQuotes/loadList,https://www.gfex.com.cn/gfex/cdrb/hqsj_tjsj.shtml,2026-08-14T18:26:02+08:00
2024-02-21,daily,cached,0,dda6c665569b099e5617191993f92a268591a45ca61359b290425ae71ed597bb,23,12,http://www.gfex.com.cn/u/interfacesWebTiDayQuotes/loadList,https://www.gfex.com.cn/gfex/rihq/hqsj_tjsj.shtml,2026-08-14T18:26:02+08:00
2024-02-21,warehouse,cached,0,3aa0335155241674d53118285a8a5b54ff5ab15b30b73128d8ed12a1f492a469,47,1,http://www.gfex.com.cn/u/interfacesWebTdWbillWeeklyQuotes/loadList,https://www.gfex.com.cn/gfex/cdrb/hqsj_tjsj.shtml,2026-08-14T18:26:02+08:00
2024-02-22,daily,cached,0,17687890d942b678eac09a72e628926cec2847f8fc0e04b9c6d2e4a3a08df54d,23,11,http://www.gfex.com.cn/u/interfacesWebTiDayQuotes/loadList,https://www.gfex.com.cn/gfex/rihq/hqsj_tjsj.shtml,2026-08-14T18:26:02+08:00
2024-02-22,warehouse,cached,0,0186545f7eaf5a18f6f563faf54ec51487e8d86be646685bc7a52e02e9d9caf7,47,1,http://www.gfex.com.cn/u/interfacesWebTdWbillWeeklyQuotes/loadList,https://www.gfex.com.cn/gfex/cdrb/hqsj_tjsj.shtml,2026-08-14T18:26:02+08:00
2024-02-23,daily,cached,0,ee7ae65dea8b782218d7ffbf09d3d233c03dc1de5bb5e1ad5f38b40de9ef9967,23,12,http://www.gfex.com.cn/u/interfacesWebTiDayQuotes/loadList,https://www.gfex.com.cn/gfex/rihq/hqsj_tjsj.shtml,2026-08-14T18:26:02+08:00
2024-02-23,warehouse,cached,0,ba7531703bd31a10f58533be34445257e1008e659b23c4bfce9a18f8c24e74fe,47,1,http://www.gfex.com.cn/u/interfacesWebTdWbillWeeklyQuotes/loadList,https://www.gfex.com.cn/gfex/cdrb/hqsj_tjsj.shtml,2026-08-14T18:26:02+08:00
2024-02-26,daily,cached,0,bbb99d093d131467ad9ae876e1bdb6ffaa5881b66f3ef83770df31fff5cf0e1e,23,12,http://www.gfex.com.cn/u/interfacesWebTiDayQuotes/loadList,https://www.gfex.com.cn/gfex/rihq/hqsj_tjsj.shtml,2026-08-14T18:26:02+08:00
2024-02-26,warehouse,cached,0,567d595c7c05e1ce2a570d635b8bf711b03996d77d76698447317c4ec5f46d54,47,1,http://www.gfex.com.cn/u/interfacesWebTdWbillWeeklyQuotes/loadList,https://www.gfex.com.cn/gfex/cdrb/hqsj_tjsj.shtml,2026-08-14T18:26:02+08:00
2024-02-27,daily,cached,0,a275ae64abb0cfc22f412b97da7924fa325ffd37a45d5f9d5e775f23f11cf38e,23,12,http://www.gfex.com.cn/u/interfacesWebTiDayQuotes/loadList,https://www.gfex.com.cn/gfex/rihq/hqsj_tjsj.shtml,2026-08-14T18:26:02+08:00
2024-02-27,warehouse,cached,0,1d77c30b2aaae594811a682b8ba45d37b6cde68713b835f56a9d4f96a191b2f5,47,1,http://www.gfex.com.cn/u/interfacesWebTdWbillWeeklyQuotes/loadList,https://www.gfex.com.cn/gfex/cdrb/hqsj_tjsj.shtml,2026-08-14T18:26:02+08:00
2024-02-28,daily,cached,0,2de91c1173223ed0c809a231c9c30a346a43cd201e2a730ddcc45b906730ac5a,23,12,http://www.gfex.com.cn/u/interfacesWebTiDayQuotes/loadList,https://www.gfex.com.cn/gfex/rihq/hqsj_tjsj.shtml,2026-08-14T18:26:02+08:00
2024-02-28,warehouse,cached,0,86a6578f0504c8d96cdb64b5467416e83a058e5bc3c124b6d32c60cf8c9cb05c,47,1,http://www.gfex.com.cn/u/interfacesWebTdWbillWeeklyQuotes/loadList,https://www.gfex.com.cn/gfex/cdrb/hqsj_tjsj.shtml,2026-08-14T18:26:02+08:00
2024-02-29,daily,cached,0,740eef8efc5a00566a8404667b436c2ba26fcfba4146322c07e5bf136997f245,23,12,http://www.gfex.com.cn/u/interfacesWebTiDayQuotes/loadList,https://www.gfex.com.cn/gfex/rihq/hqsj_tjsj.shtml,2026-08-14T18:26:02+08:00
2024-02-29,warehouse,cached,0,35e65d9c7ee1841edd4fcbd824f10d96e76977e4e14fc244d18218d6dbce0e7a,47,1,http://www.gfex.com.cn/u/interfacesWebTdWbillWeeklyQuotes/loadList,https://www.gfex.com.cn/gfex/cdrb/hqsj_tjsj.shtml,2026-08-14T18:26:02+08:00
2024-03-01,daily,cached,0,8fd7e0e84b2b61686a289533d33f11bb04a1b222a039be2e81a9339431ff29f2,23,12,http://www.gfex.com.cn/u/interfacesWebTiDayQuotes/loadList,https://www.gfex.com.cn/gfex/rihq/hqsj_tjsj.shtml,2026-08-14T18:26:02+08:00
2024-03-01,warehouse,cached,0,72719a17ef4be3bbd2e2388c271203a04da78a6649a30674bb87bb2a334dfb85,47,1,http://www.gfex.com.cn/u/interfacesWebTdWbillWeeklyQuotes/loadList,https://www.gfex.com.cn/gfex/cdrb/hqsj_tjsj.shtml,2026-08-14T18:26:02+08:00
2024-03-04,daily,cached,0,e00f8bfff81bdd2ab90fb8c83c15ca643ab76f19763bada9b554404e4e47114d,23,12,http://www.gfex.com.cn/u/interfacesWebTiDayQuotes/loadList,https://www.gfex.com.cn/gfex/rihq/hqsj_tjsj.shtml,2026-08-14T18:26:02+08:00
2024-03-04,warehouse,cached,0,97cdcf2f56780cab79ab3b0fcad0e38179e363434e2bee72eda00098c3dbbf97,47,1,http://www.gfex.com.cn/u/interfacesWebTdWbillWeeklyQuotes/loadList,https://www.gfex.com.cn/gfex/cdrb/hqsj_tjsj.shtml,2026-08-14T18:26:02+08:00
2024-03-05,daily,cached,0,8e6cb6bd91aad1f06a0697ea7650676e4421f673eaba3c8c9eef667f1fb5b521,23,12,http://www.gfex.com.cn/u/interfacesWebTiDayQuotes/loadList,https://www.gfex.com.cn/gfex/rihq/hqsj_tjsj.shtml,2026-08-14T18:26:02+08:00
2024-03-05,warehouse,cached,0,b3cb95153f80e6afb2f6fbe355d7bc544f3b5a8cedf1ce60c7f185b3cb61dbca,47,1,http://www.gfex.com.cn/u/interfacesWebTdWbillWeeklyQuotes/loadList,https://www.gfex.com.cn/gfex/cdrb/hqsj_tjsj.shtml,2026-08-14T18:26:02+08:00
2024-03-06,daily,cached,0,744333086dcc2d3bc20ff7d19359bdce6320e2b09506bbca721617fee86197b6,23,12,http://www.gfex.com.cn/u/interfacesWebTiDayQuotes/loadList,https://www.gfex.com.cn/gfex/rihq/hqsj_tjsj.shtml,2026-08-14T18:26:02+08:00
2024-03-06,warehouse,cached,0,46f6ef23392e284b9221bf80d5570a14a837aa9d7342bb0c640bd1f51449a63b,47,1,http://www.gfex.com.cn/u/interfacesWebTdWbillWeeklyQuotes/loadList,https://www.gfex.com.cn/gfex/cdrb/hqsj_tjsj.shtml,2026-08-14T18:26:02+08:00
2024-03-07,daily,cached,0,c539cb4cb87e270d0066c73c8526445a6b4601bb5bff07baf67db5a0a19cfbb5,23,12,http://www.gfex.com.cn/u/interfacesWebTiDayQuotes/loadList,https://www.gfex.com.cn/gfex/rihq/hqsj_tjsj.shtml,2026-08-14T18:26:02+08:00
2024-03-07,warehouse,cached,0,5965fe1aef9ecf0dfadecb198e8ab981096b44d4669fc5dc4ecb55246838e61e,47,1,http://www.gfex.com.cn/u/interfacesWebTdWbillWeeklyQuotes/loadList,https://www.gfex.com.cn/gfex/cdrb/hqsj_tjsj.shtml,2026-08-14T18:26:02+08:00
2024-03-08,daily,cached,0,0b83d9b29ea310835fe5502f3034c0faa8a7409d504db5dea27f4d26d267171c,23,12,http://www.gfex.com.cn/u/interfacesWebTiDayQuotes/loadList,https://www.gfex.com.cn/gfex/rihq/hqsj_tjsj.shtml,2026-08-14T18:26:02+08:00
2024-03-08,warehouse,cached,0,9238ad4c4ae8c69d9513fb7154ae2122dd9b289d2e38653849fb636604b33a24,47,1,http://www.gfex.com.cn/u/interfacesWebTdWbillWeeklyQuotes/loadList,https://www.gfex.com.cn/gfex/cdrb/hqsj_tjsj.shtml,2026-08-14T18:26:02+08:00
2024-03-11,daily,cached,0,466a1c9b19004d97d32b6c81186f239f5f6287bd8b0046d5da19988873fd758c,23,12,http://www.gfex.com.cn/u/interfacesWebTiDayQuotes/loadList,https://www.gfex.com.cn/gfex/rihq/hqsj_tjsj.shtml,2026-08-14T18:26:02+08:00
2024-03-11,warehouse,cached,0,c2a28e126fe8cf0ea08494505c7eeb2000b03ecedb755b1fbd07373d9b29516b,47,1,http://www.gfex.com.cn/u/interfacesWebTdWbillWeeklyQuotes/loadList,https://www.gfex.com.cn/gfex/cdrb/hqsj_tjsj.shtml,2026-08-14T18:26:02+08:00
2024-03-12,daily,cached,0,286457067e00a1e00b6642efed35bd7593e08964c7a3f49bbc52937112f513d8,23,12,http://www.gfex.com.cn/u/interfacesWebTiDayQuotes/loadList,https://www.gfex.com.cn/gfex/rihq/hqsj_tjsj.shtml,2026-08-14T18:26:02+08:00
2024-03-12,warehouse,cached,0,7770be8c437e20cec7c0a0cf0e6c25f8873bfb907d50e089da3a6fead2e8ffbb,48,1,http://www.gfex.com.cn/u/interfacesWebTdWbillWeeklyQuotes/loadList,https://www.gfex.com.cn/gfex/cdrb/hqsj_tjsj.shtml,2026-08-14T18:26:02+08:00
2024-03-13,daily,cached,0,753f542135feb37cb0693c2243011c725a40e00caff79fb52ccc69697531ea24,23,12,http://www.gfex.com.cn/u/interfacesWebTiDayQuotes/loadList,https://www.gfex.com.cn/gfex/rihq/hqsj_tjsj.shtml,2026-08-14T18:26:02+08:00
2024-03-13,warehouse,cached,0,22a4ec3eedcc7462cc2f734646a2dee441050e8da3cf5b764e428248c7d6dfd6,47,1,http://www.gfex.com.cn/u/interfacesWebTdWbillWeeklyQuotes/loadList,https://www.gfex.com.cn/gfex/cdrb/hqsj_tjsj.shtml,2026-08-14T18:26:02+08:00
2024-03-14,daily,cached,0,25f4eaed7dbecec63f903e14e7272b62b0b849b925c392167d170d9fbd7d3dfe,23,12,http://www.gfex.com.cn/u/interfacesWebTiDayQuotes/loadList,https://www.gfex.com.cn/gfex/rihq/hqsj_tjsj.shtml,2026-08-14T18:26:02+08:00
2024-03-14,warehouse,cached,0,0c52a8ad34819aee7b2e5e1406a0d28d2a8e25ffe1757b83334edb4798fa454d,47,1,http://www.gfex.com.cn/u/interfacesWebTdWbillWeeklyQuotes/loadList,https://www.gfex.com.cn/gfex/cdrb/hqsj_tjsj.shtml,2026-08-14T18:26:02+08:00
2024-03-15,daily,cached,0,0266d5a0d93abd48ba16b78542361f6fabb8ec6efe00769eefa0678ef8b24da7,23,12,http://www.gfex.com.cn/u/interfacesWebTiDayQuotes/loadList,https://www.gfex.com.cn/gfex/rihq/hqsj_tjsj.shtml,2026-08-14T18:26:02+08:00
2024-03-15,warehouse,cached,0,54382efb698a1e2e597845280932d642374c90d601362930b9ba51c1b65b63e7,47,1,http://www.gfex.com.cn/u/interfacesWebTdWbillWeeklyQuotes/loadList,https://www.gfex.com.cn/gfex/cdrb/hqsj_tjsj.shtml,2026-08-14T18:26:02+08:00
2024-03-18,daily,cached,0,d8fa7de94210bae9adb0a8ebc8f977842491943b9c2e88b93e891a441363b23b,23,12,http://www.gfex.com.cn/u/interfacesWebTiDayQuotes/loadList,https://www.gfex.com.cn/gfex/rihq/hqsj_tjsj.shtml,2026-08-14T18:26:02+08:00
2024-03-18,warehouse,cached,0,50dcc76b347679f8b3951bbd7c252476c0b7e24a5bb069f65e0d4ab6fd4f4c55,47,1,http://www.gfex.com.cn/u/interfacesWebTdWbillWeeklyQuotes/loadList,https://www.gfex.com.cn/gfex/cdrb/hqsj_tjsj.shtml,2026-08-14T18:26:02+08:00
2024-03-19,daily,cached,0,38f3fbc3c2b1fdb20f1415df3188a023d77099416b34ccd72d03881cd8f53222,23,12,http://www.gfex.com.cn/u/interfacesWebTiDayQuotes/loadList,https://www.gfex.com.cn/gfex/rihq/hqsj_tjsj.shtml,2026-08-14T18:26:02+08:00
2024-03-19,warehouse,cached,0,6cfadd1418095f4a9a06276b9177008620f784adec11ccc73a133d5d5d76a82f,48,1,http://www.gfex.com.cn/u/interfacesWebTdWbillWeeklyQuotes/loadList,https://www.gfex.com.cn/gfex/cdrb/hqsj_tjsj.shtml,2026-08-14T18:26:02+08:00
2024-03-20,daily,cached,0,765437d102338af5c4b321f7684a9e1763058299d077759104ec25c8cc26e246,23,12,http://www.gfex.com.cn/u/interfacesWebTiDayQuotes/loadList,https://www.gfex.com.cn/gfex/rihq/hqsj_tjsj.shtml,2026-08-14T18:26:02+08:00
2024-03-20,warehouse,cached,0,184afd1b890ceaa9b1ff909e57665fa702af18c060e501c0df82d078811ba45a,48,1,http://www.gfex.com.cn/u/interfacesWebTdWbillWeeklyQuotes/loadList,https://www.gfex.com.cn/gfex/cdrb/hqsj_tjsj.shtml,2026-08-14T18:26:02+08:00
2024-03-21,daily,cached,0,5170bf46fae1fbe6c6c99ce8dbfb79876c3e8eff35ecd248c42e1abca44125b9,23,12,http://www.gfex.com.cn/u/interfacesWebTiDayQuotes/loadList,https://www.gfex.com.cn/gfex/rihq/hqsj_tjsj.shtml,2026-08-14T18:26:02+08:00
2024-03-21,warehouse,cached,0,0751294af78c6a19b3bf5242ee86a5fb44b715eae9ef4875423b61c7f5ddef66,48,1,http://www.gfex.com.cn/u/interfacesWebTdWbillWeeklyQuotes/loadList,https://www.gfex.com.cn/gfex/cdrb/hqsj_tjsj.shtml,2026-08-14T18:26:02+08:00
2024-03-22,daily,cached,0,ff6e9abec2acf4480f84eec15cfd2c37d7bc094c57be372589ca91a6d32cfb28,23,12,http://www.gfex.com.cn/u/interfacesWebTiDayQuotes/loadList,https://www.gfex.com.cn/gfex/rihq/hqsj_tjsj.shtml,2026-08-14T18:26:02+08:00
2024-03-22,warehouse,cached,0,bce895529194f21c1a030325e8aedf5f5eb9695e8e35b9996c4febb9f979174a,49,1,http://www.gfex.com.cn/u/interfacesWebTdWbillWeeklyQuotes/loadList,https://www.gfex.com.cn/gfex/cdrb/hqsj_tjsj.shtml,2026-08-14T18:26:02+08:00
2024-03-25,daily,cached,0,b351079c983f8a76687a2ddc72405e9ba2b7b05982e36c8cff247a32d08d81b7,23,12,http://www.gfex.com.cn/u/interfacesWebTiDayQuotes/loadList,https://www.gfex.com.cn/gfex/rihq/hqsj_tjsj.shtml,2026-08-14T18:26:02+08:00
2024-03-25,warehouse,cached,0,a9037e009b374ea94fc3201db2ac047051cf8f1cba6f0edb0885017d564a3d0f,49,1,http://www.gfex.com.cn/u/interfacesWebTdWbillWeeklyQuotes/loadList,https://www.gfex.com.cn/gfex/cdrb/hqsj_tjsj.shtml,2026-08-14T18:26:02+08:00
2024-03-26,daily,cached,0,d5784cc298310696e056f759fecb3340ac5a4f45a87547489e6f779c8ebc7f66,23,12,http://www.gfex.com.cn/u/interfacesWebTiDayQuotes/loadList,https://www.gfex.com.cn/gfex/rihq/hqsj_tjsj.shtml,2026-08-14T18:26:02+08:00
2024-03-26,warehouse,cached,0,d1d713295cd37d58afe87bada234b16988536f8452bbb362a1159324a2a9ca10,49,1,http://www.gfex.com.cn/u/interfacesWebTdWbillWeeklyQuotes/loadList,https://www.gfex.com.cn/gfex/cdrb/hqsj_tjsj.shtml,2026-08-14T18:26:02+08:00
2024-03-27,daily,cached,0,a72a2ebee519cfcc5db218312e1381d86d447ecd7de639b62408294506a03b5b,23,12,http://www.gfex.com.cn/u/interfacesWebTiDayQuotes/loadList,https://www.gfex.com.cn/gfex/rihq/hqsj_tjsj.shtml,2026-08-14T18:26:02+08:00
2024-03-27,warehouse,cached,0,bb5967dcfca92fe08bcde9c347bfcd20c22e04154e04b7b43ae41b4d4802a028,49,1,http://www.gfex.com.cn/u/interfacesWebTdWbillWeeklyQuotes/loadList,https://www.gfex.com.cn/gfex/cdrb/hqsj_tjsj.shtml,2026-08-14T18:26:02+08:00
2024-03-28,daily,cached,0,a5ff4348c4d0e6d34c644a48bd0fc7bd237f13978eaedafd700a62f8f7eca331,23,12,http://www.gfex.com.cn/u/interfacesWebTiDayQuotes/loadList,https://www.gfex.com.cn/gfex/rihq/hqsj_tjsj.shtml,2026-08-14T18:26:02+08:00
2024-03-28,warehouse,cached,0,0155005ea9613515a88c354ce75798c88a5efac74d7b5608beb79b32f0f61f0c,49,1,http://www.gfex.com.cn/u/interfacesWebTdWbillWeeklyQuotes/loadList,https://www.gfex.com.cn/gfex/cdrb/hqsj_tjsj.shtml,2026-08-14T18:26:02+08:00
2024-03-29,daily,cached,0,66d1453039f3a97896811d24d8ceb1920257ce7992c88b71207581a4dcb94fb9,23,12,http://www.gfex.com.cn/u/interfacesWebTiDayQuotes/loadList,https://www.gfex.com.cn/gfex/rihq/hqsj_tjsj.shtml,2026-08-14T18:26:02+08:00
2024-03-29,warehouse,cached,0,fcb2d1a2e44fbbd96337810cead40e67e20372087f2274e87405b7886dd9edbd,49,1,http://www.gfex.com.cn/u/interfacesWebTdWbillWeeklyQuotes/loadList,https://www.gfex.com.cn/gfex/cdrb/hqsj_tjsj.shtml,2026-08-14T18:26:02+08:00
2024-04-01,daily,cached,0,dc1f8565c6af8c2109c701dbfd09316074ec318f667fe3843102190187b302f4,23,12,http://www.gfex.com.cn/u/interfacesWebTiDayQuotes/loadList,https://www.gfex.com.cn/gfex/rihq/hqsj_tjsj.shtml,2026-08-14T18:26:02+08:00
2024-04-01,warehouse,cached,0,daacba59439ab63862e57ce82898333440c23e0d6c00f71215a20c7d30a39964,43,1,http://www.gfex.com.cn/u/interfacesWebTdWbillWeeklyQuotes/loadList,https://www.gfex.com.cn/gfex/cdrb/hqsj_tjsj.shtml,2026-08-14T18:26:02+08:00
2024-04-02,daily,cached,0,ca1e64715230005942a0b11d0fa778753119eca3e89d6bbd6aba6480b2382b1f,23,12,http://www.gfex.com.cn/u/interfacesWebTiDayQuotes/loadList,https://www.gfex.com.cn/gfex/rihq/hqsj_tjsj.shtml,2026-08-14T18:26:02+08:00
2024-04-02,warehouse,cached,0,e9a591d91540a1da6f71ba317d5625db5508cc292150e6816d9b230b06122e2b,44,1,http://www.gfex.com.cn/u/interfacesWebTdWbillWeeklyQuotes/loadList,https://www.gfex.com.cn/gfex/cdrb/hqsj_tjsj.shtml,2026-08-14T18:26:02+08:00
2024-04-03,daily,cached,0,60ea0f9be63c704a34628624d529f951184a2e2884986a9cba084cce19f5e97a,23,12,http://www.gfex.com.cn/u/interfacesWebTiDayQuotes/loadList,https://www.gfex.com.cn/gfex/rihq/hqsj_tjsj.shtml,2026-08-14T18:26:02+08:00
2024-04-03,warehouse,cached,0,86f7721bb55879b3f0e2b502c2f464edc9c37bbfaf69f2ba3f2f2c4ba166a161,46,1,http://www.gfex.com.cn/u/interfacesWebTdWbillWeeklyQuotes/loadList,https://www.gfex.com.cn/gfex/cdrb/hqsj_tjsj.shtml,2026-08-14T18:26:02+08:00
2024-04-04,daily,cached,0,5114a33d32287cd089c3a6e6c9f82029e50b58d75d537b8aaf735cf0194cc918,1,0,http://www.gfex.com.cn/u/interfacesWebTiDayQuotes/loadList,https://www.gfex.com.cn/gfex/rihq/hqsj_tjsj.shtml,2026-08-14T18:26:02+08:00
2024-04-04,warehouse,cached,0,6f7a20d30fd67b3b7a6ffe6c588f8e3520feac3ec3ef5b5c10ee92542dcb66d6,1,0,http://www.gfex.com.cn/u/interfacesWebTdWbillWeeklyQuotes/loadList,https://www.gfex.com.cn/gfex/cdrb/hqsj_tjsj.shtml,2026-08-14T18:26:02+08:00
2024-04-05,daily,cached,0,a659fd4f0387ac86bbdab1e4cd24555635b47836c6080dcbe66558f207e371f3,1,0,http://www.gfex.com.cn/u/interfacesWebTiDayQuotes/loadList,https://www.gfex.com.cn/gfex/rihq/hqsj_tjsj.shtml,2026-08-14T18:26:02+08:00
2024-04-05,warehouse,cached,0,a62eabe3bfeaaf80711a8d86b7f042ed4d64911622227f81ad2e1308a07e851c,1,0,http://www.gfex.com.cn/u/interfacesWebTdWbillWeeklyQuotes/loadList,https://www.gfex.com.cn/gfex/cdrb/hqsj_tjsj.shtml,2026-08-14T18:26:02+08:00
2024-04-08,daily,cached,0,cb1c241e4b0afa95e21865709a1328e18b72cc0d785b60b355727045cfd5849a,23,12,http://www.gfex.com.cn/u/interfacesWebTiDayQuotes/loadList,https://www.gfex.com.cn/gfex/rihq/hqsj_tjsj.shtml,2026-08-14T18:26:02+08:00
2024-04-08,warehouse,cached,0,52bbd97dd04486308211890be7e803222f31196f2d37c31b215a7665d96c3f50,47,1,http://www.gfex.com.cn/u/interfacesWebTdWbillWeeklyQuotes/loadList,https://www.gfex.com.cn/gfex/cdrb/hqsj_tjsj.shtml,2026-08-14T18:26:02+08:00
2024-04-09,daily,cached,0,8872dd92f47d081c44025ca933414beab0522d97cf7d3c9020fb57701c01c8c2,23,12,http://www.gfex.com.cn/u/interfacesWebTiDayQuotes/loadList,https://www.gfex.com.cn/gfex/rihq/hqsj_tjsj.shtml,2026-08-14T18:26:02+08:00
2024-04-09,warehouse,cached,0,113d7f1a0d3f8b73c32c3bb5f74917b074ab1fcd65e0051f92fc9941bbbce16e,48,1,http://www.gfex.com.cn/u/interfacesWebTdWbillWeeklyQuotes/loadList,https://www.gfex.com.cn/gfex/cdrb/hqsj_tjsj.shtml,2026-08-14T18:26:02+08:00
2024-04-10,daily,cached,0,e2c1059072a889b7b7f58589f6dfc16648ebaa8622d2b335a9dfb2822198af94,23,12,http://www.gfex.com.cn/u/interfacesWebTiDayQuotes/loadList,https://www.gfex.com.cn/gfex/rihq/hqsj_tjsj.shtml,2026-08-14T18:26:02+08:00
2024-04-10,warehouse,cached,0,396e2d89d8a2630a2ed3e0c97da4b02466613ce1b8a54c2f4d919711bae98c99,48,1,http://www.gfex.com.cn/u/interfacesWebTdWbillWeeklyQuotes/loadList,https://www.gfex.com.cn/gfex/cdrb/hqsj_tjsj.shtml,2026-08-14T18:26:02+08:00
2024-04-11,daily,cached,0,11a2e8f9182dfe23f132018b11fe0df472035aec8e8f16c192c559351647212d,23,12,http://www.gfex.com.cn/u/interfacesWebTiDayQuotes/loadList,https://www.gfex.com.cn/gfex/rihq/hqsj_tjsj.shtml,2026-08-14T18:26:02+08:00
2024-04-11,warehouse,cached,0,f8d210982ecab8f25ca100d3be5a8b742783fbd0e8614de9412b62a3a7b0c240,48,1,http://www.gfex.com.cn/u/interfacesWebTdWbillWeeklyQuotes/loadList,https://www.gfex.com.cn/gfex/cdrb/hqsj_tjsj.shtml,2026-08-14T18:26:02+08:00
2024-04-12,daily,cached,0,a87ab6fc69d353e28834cec0438a9c63ada62f2726b40b75aa80c47b57efa8ce,23,12,http://www.gfex.com.cn/u/interfacesWebTiDayQuotes/loadList,https://www.gfex.com.cn/gfex/rihq/hqsj_tjsj.shtml,2026-08-14T18:26:02+08:00
2024-04-12,warehouse,cached,0,0ebce1e0591a40dbdf0ca16bdd22dba6fcc6172dd319578a4d86df4eb0d84c2a,50,1,http://www.gfex.com.cn/u/interfacesWebTdWbillWeeklyQuotes/loadList,https://www.gfex.com.cn/gfex/cdrb/hqsj_tjsj.shtml,2026-08-14T18:26:02+08:00
2024-04-15,daily,cached,0,4151c6cf47425a15c28349da62d253dfd8a519862cb7ba9c363528a92992e691,23,12,http://www.gfex.com.cn/u/interfacesWebTiDayQuotes/loadList,https://www.gfex.com.cn/gfex/rihq/hqsj_tjsj.shtml,2026-08-14T18:26:02+08:00
2024-04-15,warehouse,cached,0,fa4b9b589cdf07c611417c0e28b62e19398c64abba896846040e8c48e5236723,50,1,http://www.gfex.com.cn/u/interfacesWebTdWbillWeeklyQuotes/loadList,https://www.gfex.com.cn/gfex/cdrb/hqsj_tjsj.shtml,2026-08-14T18:26:02+08:00
2024-04-16,daily,cached,0,f4c51932037ce593a5af4853a3c830ba6c721fe275e3e0b51b5f10c6a9bf1c5e,23,12,http://www.gfex.com.cn/u/interfacesWebTiDayQuotes/loadList,https://www.gfex.com.cn/gfex/rihq/hqsj_tjsj.shtml,2026-08-14T18:26:02+08:00
2024-04-16,warehouse,cached,0,b41ea61ef7ed2d4b5c4668c42b5fc4416ad50e985816664941917559390f882b,52,1,http://www.gfex.com.cn/u/interfacesWebTdWbillWeeklyQuotes/loadList,https://www.gfex.com.cn/gfex/cdrb/hqsj_tjsj.shtml,2026-08-14T18:26:02+08:00
2024-04-17,daily,cached,0,8a63ae4716352528bec93ff5223fcfba99b5818eb78f95dea9a16280943daf42,23,12,http://www.gfex.com.cn/u/interfacesWebTiDayQuotes/loadList,https://www.gfex.com.cn/gfex/rihq/hqsj_tjsj.shtml,2026-08-14T18:26:02+08:00
2024-04-17,warehouse,cached,0,fc37d24e914503ac989251e2416c312cfb13fe1be0f71c25a1bbfa57f7d431cd,52,1,http://www.gfex.com.cn/u/interfacesWebTdWbillWeeklyQuotes/loadList,https://www.gfex.com.cn/gfex/cdrb/hqsj_tjsj.shtml,2026-08-14T18:26:02+08:00
2024-04-18,daily,cached,0,b01426a9e40c13b0ee4bbc9950f12b2f273cc71bccc1c5de0360184cdd9594dc,23,11,http://www.gfex.com.cn/u/interfacesWebTiDayQuotes/loadList,https://www.gfex.com.cn/gfex/rihq/hqsj_tjsj.shtml,2026-08-14T18:26:02+08:00
2024-04-18,warehouse,cached,0,2eb3377e683c0d46f6e1e4dba5f1c69c9df1059d9fe06b43ee2c3ded49a958ea,52,1,http://www.gfex.com.cn/u/interfacesWebTdWbillWeeklyQuotes/loadList,https://www.gfex.com.cn/gfex/cdrb/hqsj_tjsj.shtml,2026-08-14T18:26:02+08:00
2024-04-19,daily,cached,0,92d2b67b07503997bff9f0829dc49969cf7699bad8bde0e28a934a51558233f9,23,12,http://www.gfex.com.cn/u/interfacesWebTiDayQuotes/loadList,https://www.gfex.com.cn/gfex/rihq/hqsj_tjsj.shtml,2026-08-14T18:26:02+08:00
2024-04-19,warehouse,cached,0,61e0e3716e079a4acdf9e2143433b944be2a5c82f2f1f65af5b953189b2cd5c5,52,1,http://www.gfex.com.cn/u/interfacesWebTdWbillWeeklyQuotes/loadList,https://www.gfex.com.cn/gfex/cdrb/hqsj_tjsj.shtml,2026-08-14T18:26:02+08:00
2024-04-22,daily,cached,0,1a27576aad1e2d5b84d19a71cca46298b7ed2c6e196cf28557437a9cfec49c6a,23,12,http://www.gfex.com.cn/u/interfacesWebTiDayQuotes/loadList,https://www.gfex.com.cn/gfex/rihq/hqsj_tjsj.shtml,2026-08-14T18:26:02+08:00
2024-04-22,warehouse,cached,0,2f05c5350c18c4f4694a3f052c796340792db361968cab5432656b772d962cdf,52,1,http://www.gfex.com.cn/u/interfacesWebTdWbillWeeklyQuotes/loadList,https://www.gfex.com.cn/gfex/cdrb/hqsj_tjsj.shtml,2026-08-14T18:26:02+08:00
2024-04-23,daily,cached,0,5472049bc44585419a76e45a25b36b7f66e7cb10d9edc9494e9ad8b131a5ae17,23,12,http://www.gfex.com.cn/u/interfacesWebTiDayQuotes/loadList,https://www.gfex.com.cn/gfex/rihq/hqsj_tjsj.shtml,2026-08-14T18:26:02+08:00
2024-04-23,warehouse,cached,0,e9acef0f452172650c574644005fd4e28114a43e312b967a2d9f2370ddfe755f,52,1,http://www.gfex.com.cn/u/interfacesWebTdWbillWeeklyQuotes/loadList,https://www.gfex.com.cn/gfex/cdrb/hqsj_tjsj.shtml,2026-08-14T18:26:02+08:00
2024-04-24,daily,cached,0,2c649936a1e7253f88272cafd5ca409bacbc7729a6f14b7672ca486a40bc5f6f,23,12,http://www.gfex.com.cn/u/interfacesWebTiDayQuotes/loadList,https://www.gfex.com.cn/gfex/rihq/hqsj_tjsj.shtml,2026-08-14T18:26:02+08:00
2024-04-24,warehouse,cached,0,ea1ec2ef48e4fe54e600bcb5b82f8581f74539729cd21abc07e61455345ec571,52,1,http://www.gfex.com.cn/u/interfacesWebTdWbillWeeklyQuotes/loadList,https://www.gfex.com.cn/gfex/cdrb/hqsj_tjsj.shtml,2026-08-14T18:26:02+08:00
2024-04-25,daily,cached,0,b308f913dd514ed025b771860fdc70b4c9f86b41dc4c2299c7af4c5576812c6c,23,12,http://www.gfex.com.cn/u/interfacesWebTiDayQuotes/loadList,https://www.gfex.com.cn/gfex/rihq/hqsj_tjsj.shtml,2026-08-14T18:26:02+08:00
2024-04-25,warehouse,cached,0,c8715fb607088be740a90448e764f35bb3af1394f26a4e9b55608fb6d0bd6c3e,52,1,http://www.gfex.com.cn/u/interfacesWebTdWbillWeeklyQuotes/loadList,https://www.gfex.com.cn/gfex/cdrb/hqsj_tjsj.shtml,2026-08-14T18:26:02+08:00
2024-04-26,daily,cached,0,06b39c8dcae089c13a6fc2d06c04a38cb0c14ce0f0393269839968a45f131cf3,23,12,http://www.gfex.com.cn/u/interfacesWebTiDayQuotes/loadList,https://www.gfex.com.cn/gfex/rihq/hqsj_tjsj.shtml,2026-08-14T18:26:02+08:00
2024-04-26,warehouse,cached,0,263f236fd53271a24e5f1cd29cab9f12630e5810096b2d68abb14d793eb62a1a,52,1,http://www.gfex.com.cn/u/interfacesWebTdWbillWeeklyQuotes/loadList,https://www.gfex.com.cn/gfex/cdrb/hqsj_tjsj.shtml,2026-08-14T18:26:02+08:00
2024-04-29,daily,cached,0,fea95e2a588f9d4b4bbc72f7ba8371f50d32eb35cbd89cd1bce2da3094357d32,23,12,http://www.gfex.com.cn/u/interfacesWebTiDayQuotes/loadList,https://www.gfex.com.cn/gfex/rihq/hqsj_tjsj.shtml,2026-08-14T18:26:02+08:00
2024-04-29,warehouse,cached,0,a78a12b6479ec3bb8705be904fa9beaf3d425da19c252b349ddec24d7e1358f1,52,1,http://www.gfex.com.cn/u/interfacesWebTdWbillWeeklyQuotes/loadList,https://www.gfex.com.cn/gfex/cdrb/hqsj_tjsj.shtml,2026-08-14T18:26:02+08:00
2024-04-30,daily,cached,0,ea4ea6d9156da7482308148c9d27eaa85be16ce0cac8c3642a8fd3f0cd78ac93,23,12,http://www.gfex.com.cn/u/interfacesWebTiDayQuotes/loadList,https://www.gfex.com.cn/gfex/rihq/hqsj_tjsj.shtml,2026-08-14T18:26:02+08:00
2024-04-30,warehouse,cached,0,962d7ffe110aeee3c24eed3dfa54f44e13e67005db3e4c0c0195f9d1ae426b1c,52,1,http://www.gfex.com.cn/u/interfacesWebTdWbillWeeklyQuotes/loadList,https://www.gfex.com.cn/gfex/cdrb/hqsj_tjsj.shtml,2026-08-14T18:26:02+08:00
2024-05-01,daily,cached,0,3aae03c00d884b57fa6996c89133b67c266471fa963394fb211bbe565a22ab94,1,0,http://www.gfex.com.cn/u/interfacesWebTiDayQuotes/loadList,https://www.gfex.com.cn/gfex/rihq/hqsj_tjsj.shtml,2026-08-14T18:26:02+08:00
2024-05-01,warehouse,cached,0,139e2d820718d7a4a4bdaa2f3c55da31424cbe226542d159ddc85c0f9c12774a,1,0,http://www.gfex.com.cn/u/interfacesWebTdWbillWeeklyQuotes/loadList,https://www.gfex.com.cn/gfex/cdrb/hqsj_tjsj.shtml,2026-08-14T18:26:02+08:00
2024-05-02,daily,cached,0,6c563c5fb6ed8667be4ebba9f67a8f3345004a9197ce3f46f9335431cdd74756,1,0,http://www.gfex.com.cn/u/interfacesWebTiDayQuotes/loadList,https://www.gfex.com.cn/gfex/rihq/hqsj_tjsj.shtml,2026-08-14T18:26:02+08:00
2024-05-02,warehouse,cached,0,089a1c780d1cf67dc72735810caf42af572fb07e48b01ca4e3ddda32a64d48fe,1,0,http://www.gfex.com.cn/u/interfacesWebTdWbillWeeklyQuotes/loadList,https://www.gfex.com.cn/gfex/cdrb/hqsj_tjsj.shtml,2026-08-14T18:26:02+08:00
2024-05-03,daily,cached,0,fa377fb84ce7a252b4259edcb3d0ce84ab632ad55d4092150d2b292b77f685df,1,0,http://www.gfex.com.cn/u/interfacesWebTiDayQuotes/loadList,https://www.gfex.com.cn/gfex/rihq/hqsj_tjsj.shtml,2026-08-14T18:26:02+08:00
2024-05-03,warehouse,cached,0,82e4bb906b3efbe3aa04cbdb9962d149a55ec109fb0e8854157685f26ba68685,1,0,http://www.gfex.com.cn/u/interfacesWebTdWbillWeeklyQuotes/loadList,https://www.gfex.com.cn/gfex/cdrb/hqsj_tjsj.shtml,2026-08-14T18:26:02+08:00
2024-05-06,daily,cached,0,17b13e59a862c489fb55555bdc71c61d3787ed4a8eca39f94727eeadc7f7b435,23,12,http://www.gfex.com.cn/u/interfacesWebTiDayQuotes/loadList,https://www.gfex.com.cn/gfex/rihq/hqsj_tjsj.shtml,2026-08-14T18:26:02+08:00
2024-05-06,warehouse,cached,0,aa90e33477df3fa68081660833c0a79bf556eb5bd9d7d576fc4ea60d88d7957d,52,1,http://www.gfex.com.cn/u/interfacesWebTdWbillWeeklyQuotes/loadList,https://www.gfex.com.cn/gfex/cdrb/hqsj_tjsj.shtml,2026-08-14T18:26:02+08:00
2024-05-07,daily,cached,0,789a23de3d9b4bf90f78c3b7f42ca0562c0348eb903fc6f78c284652587c9511,23,12,http://www.gfex.com.cn/u/interfacesWebTiDayQuotes/loadList,https://www.gfex.com.cn/gfex/rihq/hqsj_tjsj.shtml,2026-08-14T18:26:02+08:00
2024-05-07,warehouse,cached,0,8ffb8254fe4cccb2541334d3bdc91499d017b7942c03a147675b609160fbe144,52,1,http://www.gfex.com.cn/u/interfacesWebTdWbillWeeklyQuotes/loadList,https://www.gfex.com.cn/gfex/cdrb/hqsj_tjsj.shtml,2026-08-14T18:26:02+08:00
2024-05-08,daily,cached,0,3ddcdbea395590eaa989f3a745f3e0a1755697396676eaa5faadd5855529caea,23,12,http://www.gfex.com.cn/u/interfacesWebTiDayQuotes/loadList,https://www.gfex.com.cn/gfex/rihq/hqsj_tjsj.shtml,2026-08-14T18:26:02+08:00
2024-05-08,warehouse,cached,0,b0bed72c35cbd37108ed5ab046d1969f5b91c83949648ad8150e3568d909d595,52,1,http://www.gfex.com.cn/u/interfacesWebTdWbillWeeklyQuotes/loadList,https://www.gfex.com.cn/gfex/cdrb/hqsj_tjsj.shtml,2026-08-14T18:26:02+08:00
2024-05-09,daily,cached,0,055332c4c3d36abfadfca304992c9bcf9958b7162249acc67922a9f8e37e65d7,23,12,http://www.gfex.com.cn/u/interfacesWebTiDayQuotes/loadList,https://www.gfex.com.cn/gfex/rihq/hqsj_tjsj.shtml,2026-08-14T18:26:02+08:00
2024-05-09,warehouse,cached,0,12681d5cf0b46fbf3a00fcca682ee48528dbf2aba39b47fee7dc5df0086d0130,53,1,http://www.gfex.com.cn/u/interfacesWebTdWbillWeeklyQuotes/loadList,https://www.gfex.com.cn/gfex/cdrb/hqsj_tjsj.shtml,2026-08-14T18:26:02+08:00
2024-05-10,daily,cached,0,7c8f14ff4609c174487445f0732a6596d49d0851f31e72a6bae21a48d1d9d8fa,23,12,http://www.gfex.com.cn/u/interfacesWebTiDayQuotes/loadList,https://www.gfex.com.cn/gfex/rihq/hqsj_tjsj.shtml,2026-08-14T18:26:02+08:00
2024-05-10,warehouse,cached,0,8a8ac76ded6f814ef031bcd6cde819ba279e094ccc7f64159f72c5855d573709,53,1,http://www.gfex.com.cn/u/interfacesWebTdWbillWeeklyQuotes/loadList,https://www.gfex.com.cn/gfex/cdrb/hqsj_tjsj.shtml,2026-08-14T18:26:02+08:00
2024-05-13,daily,cached,0,25213e4e6f174028bb8f5e1c76f97fe683228083e9a1cd76b495ae5aa1559fda,23,12,http://www.gfex.com.cn/u/interfacesWebTiDayQuotes/loadList,https://www.gfex.com.cn/gfex/rihq/hqsj_tjsj.shtml,2026-08-14T18:26:02+08:00
2024-05-13,warehouse,cached,0,da4a544529498f0d65193faad3c9657b4a4265041cd5673804805b720fc635a4,55,1,http://www.gfex.com.cn/u/interfacesWebTdWbillWeeklyQuotes/loadList,https://www.gfex.com.cn/gfex/cdrb/hqsj_tjsj.shtml,2026-08-14T18:26:02+08:00
2024-05-14,daily,cached,0,d0b02bc8bd8df3c23aa3ef9c77cdce09fe6b7a918560767d1137501ac9d5b8d3,23,12,http://www.gfex.com.cn/u/interfacesWebTiDayQuotes/loadList,https://www.gfex.com.cn/gfex/rihq/hqsj_tjsj.shtml,2026-08-14T18:26:02+08:00
2024-05-14,warehouse,cached,0,a8c46004c8cfdccdee56fe712878b575899221549060a2beaa58eda8075395b9,56,1,http://www.gfex.com.cn/u/interfacesWebTdWbillWeeklyQuotes/loadList,https://www.gfex.com.cn/gfex/cdrb/hqsj_tjsj.shtml,2026-08-14T18:26:02+08:00
2024-05-15,daily,cached,0,720f19e9755ff332eb49e7750d536cf302314b5fc8aab75b443f6503ae39d6bc,23,12,http://www.gfex.com.cn/u/interfacesWebTiDayQuotes/loadList,https://www.gfex.com.cn/gfex/rihq/hqsj_tjsj.shtml,2026-08-14T18:26:02+08:00
2024-05-15,warehouse,cached,0,9dad3e9fbd628001a133deb269fe9e43f0077453125a6bac6504d24f8075859f,56,1,http://www.gfex.com.cn/u/interfacesWebTdWbillWeeklyQuotes/loadList,https://www.gfex.com.cn/gfex/cdrb/hqsj_tjsj.shtml,2026-08-14T18:26:02+08:00
2024-05-16,daily,cached,0,fe97608b375b32b543a004856d7a39123ce2ffe1ed68fcd7973364ab35bd10e8,23,12,http://www.gfex.com.cn/u/interfacesWebTiDayQuotes/loadList,https://www.gfex.com.cn/gfex/rihq/hqsj_tjsj.shtml,2026-08-14T18:26:02+08:00
2024-05-16,warehouse,cached,0,dec32ea69af13689529b7af30f071b093957065162923b52e9161b55d605f09c,56,1,http://www.gfex.com.cn/u/interfacesWebTdWbillWeeklyQuotes/loadList,https://www.gfex.com.cn/gfex/cdrb/hqsj_tjsj.shtml,2026-08-14T18:26:02+08:00
2024-05-17,daily,cached,0,0ae1a2855404f8ded6df7059d254b05acd341ed6dddf5f761d70309f1d666c65,23,12,http://www.gfex.com.cn/u/interfacesWebTiDayQuotes/loadList,https://www.gfex.com.cn/gfex/rihq/hqsj_tjsj.shtml,2026-08-14T18:26:02+08:00
2024-05-17,warehouse,cached,0,2babaf12825b775ae03780cf7b6f21fcbab4d39540212df34f4d0761abfcafd0,56,1,http://www.gfex.com.cn/u/interfacesWebTdWbillWeeklyQuotes/loadList,https://www.gfex.com.cn/gfex/cdrb/hqsj_tjsj.shtml,2026-08-14T18:26:02+08:00
2024-05-20,daily,cached,0,e060fbb9bbd4536cca98fa560f5588b7db690a22a0fb3663da43b9f8b05161cc,27,12,http://www.gfex.com.cn/u/interfacesWebTiDayQuotes/loadList,https://www.gfex.com.cn/gfex/rihq/hqsj_tjsj.shtml,2026-08-14T18:26:02+08:00
2024-05-20,warehouse,cached,0,d3a76fd7cc28c8862d906dafcdb1e05cb04b4472d2836abb0644b4d4ea6242f5,56,1,http://www.gfex.com.cn/u/interfacesWebTdWbillWeeklyQuotes/loadList,https://www.gfex.com.cn/gfex/cdrb/hqsj_tjsj.shtml,2026-08-14T18:26:02+08:00
2024-05-21,daily,cached,0,925495f16909e48ef0a701084d52ab175dfac0a92abbd83692078ddac20ab988,27,12,http://www.gfex.com.cn/u/interfacesWebTiDayQuotes/loadList,https://www.gfex.com.cn/gfex/rihq/hqsj_tjsj.shtml,2026-08-14T18:26:02+08:00
2024-05-21,warehouse,cached,0,b40f5406f11e4c77a4c1a2ffaed2179f6d36379119e87497152d9e4a1a23b5d9,56,1,http://www.gfex.com.cn/u/interfacesWebTdWbillWeeklyQuotes/loadList,https://www.gfex.com.cn/gfex/cdrb/hqsj_tjsj.shtml,2026-08-14T18:26:02+08:00
2024-05-22,daily,cached,0,eca4da717e98cb3c78765cde26ff8cbaa90f8af30e1dcf35a2f1602db8b2bd2c,27,12,http://www.gfex.com.cn/u/interfacesWebTiDayQuotes/loadList,https://www.gfex.com.cn/gfex/rihq/hqsj_tjsj.shtml,2026-08-14T18:26:02+08:00
2024-05-22,warehouse,cached,0,0723cdb077c0d1c4942d9c726b1dd710169b67a496748ee4644f4c3ffc2494f0,56,1,http://www.gfex.com.cn/u/interfacesWebTdWbillWeeklyQuotes/loadList,https://www.gfex.com.cn/gfex/cdrb/hqsj_tjsj.shtml,2026-08-14T18:26:02+08:00
2024-05-23,daily,cached,0,c9a585e71523b4dce22f2ec2c97fc65e992e7dd0e48a51dadd7a5e912b4c4c29,27,12,http://www.gfex.com.cn/u/interfacesWebTiDayQuotes/loadList,https://www.gfex.com.cn/gfex/rihq/hqsj_tjsj.shtml,2026-08-14T18:26:02+08:00
2024-05-23,warehouse,cached,0,5d40cd87e1a16d630833014c4eff9515022248960f5b3722ad52e7fc3a7ab0a7,56,1,http://www.gfex.com.cn/u/interfacesWebTdWbillWeeklyQuotes/loadList,https://www.gfex.com.cn/gfex/cdrb/hqsj_tjsj.shtml,2026-08-14T18:26:02+08:00
2024-05-24,daily,cached,0,084341605d2a854f3f7978d218d0c061edf44f039b7436c3b14508166ef47778,27,12,http://www.gfex.com.cn/u/interfacesWebTiDayQuotes/loadList,https://www.gfex.com.cn/gfex/rihq/hqsj_tjsj.shtml,2026-08-14T18:26:02+08:00
2024-05-24,warehouse,cached,0,cb9184250bba9bd9f8144ea9c4b818f01ccae848e9ae48d724a7dec75decf1f4,58,1,http://www.gfex.com.cn/u/interfacesWebTdWbillWeeklyQuotes/loadList,https://www.gfex.com.cn/gfex/cdrb/hqsj_tjsj.shtml,2026-08-14T18:26:02+08:00
2024-05-27,daily,cached,0,ad2c4ab49a99c4a9160d6fa0bbf226db23dd8061c0d48144f961a4ac6ff9dbca,27,12,http://www.gfex.com.cn/u/interfacesWebTiDayQuotes/loadList,https://www.gfex.com.cn/gfex/rihq/hqsj_tjsj.shtml,2026-08-14T18:26:02+08:00
2024-05-27,warehouse,cached,0,50180b44754690c50bf9060a18ef05967e9dd4b6909393ebd46ae0eeb173de22,58,1,http://www.gfex.com.cn/u/interfacesWebTdWbillWeeklyQuotes/loadList,https://www.gfex.com.cn/gfex/cdrb/hqsj_tjsj.shtml,2026-08-14T18:26:02+08:00
2024-05-28,daily,cached,0,25e9ab2d8514eb080e9771ce009b7d12846d9c4e74668f51e9aa23fe7321161c,27,12,http://www.gfex.com.cn/u/interfacesWebTiDayQuotes/loadList,https://www.gfex.com.cn/gfex/rihq/hqsj_tjsj.shtml,2026-08-14T18:26:02+08:00
2024-05-28,warehouse,cached,0,1f734b6111cc0a7100c098230ad3649523c35de84928b896aaf79e7e2fb5026f,58,1,http://www.gfex.com.cn/u/interfacesWebTdWbillWeeklyQuotes/loadList,https://www.gfex.com.cn/gfex/cdrb/hqsj_tjsj.shtml,2026-08-14T18:26:02+08:00
2024-05-29,daily,cached,0,7f45c651fe8ece0b63a8b51f536e5a4a03a0571857d4dd68655621904fbce8d3,27,12,http://www.gfex.com.cn/u/interfacesWebTiDayQuotes/loadList,https://www.gfex.com.cn/gfex/rihq/hqsj_tjsj.shtml,2026-08-14T18:26:02+08:00
2024-05-29,warehouse,cached,0,54432b47898f4e3381f5498dcca3d5c31e9f14797097914e9841fd470ce0f3a9,59,1,http://www.gfex.com.cn/u/interfacesWebTdWbillWeeklyQuotes/loadList,https://www.gfex.com.cn/gfex/cdrb/hqsj_tjsj.shtml,2026-08-14T18:26:02+08:00
2024-05-30,daily,cached,0,6317daa378e7ce708315f1184da9c2a40e9b8c8bd0f95fb01e84dd3c01f44928,27,12,http://www.gfex.com.cn/u/interfacesWebTiDayQuotes/loadList,https://www.gfex.com.cn/gfex/rihq/hqsj_tjsj.shtml,2026-08-14T18:26:02+08:00
2024-05-30,warehouse,cached,0,5e8c35e425198dcbb67feda75c6eaf745095448ad89f4e86f40db2c30fc8caf0,59,1,http://www.gfex.com.cn/u/interfacesWebTdWbillWeeklyQuotes/loadList,https://www.gfex.com.cn/gfex/cdrb/hqsj_tjsj.shtml,2026-08-14T18:26:02+08:00
2024-05-31,daily,cached,0,3b1f2fa094c42466b00cc9543b12b46ffe0303b68c037d61c8a092f673ce2528,27,12,http://www.gfex.com.cn/u/interfacesWebTiDayQuotes/loadList,https://www.gfex.com.cn/gfex/rihq/hqsj_tjsj.shtml,2026-08-14T18:26:02+08:00
2024-05-31,warehouse,cached,0,f44b202a77852c69d0182a578d145bf8c7e77cef9228d864ec5755020a62b5bb,59,1,http://www.gfex.com.cn/u/interfacesWebTdWbillWeeklyQuotes/loadList,https://www.gfex.com.cn/gfex/cdrb/hqsj_tjsj.shtml,2026-08-14T18:26:02+08:00
2024-06-03,daily,cached,0,59ee09d6076074e91207aeaf26d5b2e004d11fe2d1de8c2d7b7e993b31b6d1fc,27,12,http://www.gfex.com.cn/u/interfacesWebTiDayQuotes/loadList,https://www.gfex.com.cn/gfex/rihq/hqsj_tjsj.shtml,2026-08-14T18:26:02+08:00
2024-06-03,warehouse,cached,0,70e0bb9f47f7c9d426d83f6f567a8cf82fecc1547beeaa3be149c5616c951c46,59,1,http://www.gfex.com.cn/u/interfacesWebTdWbillWeeklyQuotes/loadList,https://www.gfex.com.cn/gfex/cdrb/hqsj_tjsj.shtml,2026-08-14T18:26:02+08:00
2024-06-04,daily,cached,0,5a479721f0e994b240df8aaae2034170444b9a2c0319b439339211ca51f883d4,27,12,http://www.gfex.com.cn/u/interfacesWebTiDayQuotes/loadList,https://www.gfex.com.cn/gfex/rihq/hqsj_tjsj.shtml,2026-08-14T18:26:02+08:00
2024-06-04,warehouse,cached,0,10a547e38adc927f2eb48ff9134a07029b3cb352efaaeeaac118733322e2eca6,60,1,http://www.gfex.com.cn/u/interfacesWebTdWbillWeeklyQuotes/loadList,https://www.gfex.com.cn/gfex/cdrb/hqsj_tjsj.shtml,2026-08-14T18:26:02+08:00
2024-06-05,daily,cached,0,76798992257a3151ab609cb028c5688c211bfa513c6ecee52a32b7a5e20cdd22,27,12,http://www.gfex.com.cn/u/interfacesWebTiDayQuotes/loadList,https://www.gfex.com.cn/gfex/rihq/hqsj_tjsj.shtml,2026-08-14T18:26:02+08:00
2024-06-05,warehouse,cached,0,b8eb2c88209f6dff4ee2c2f165f8c73c34f0d51a237c9f6d66539f970b0f7392,60,1,http://www.gfex.com.cn/u/interfacesWebTdWbillWeeklyQuotes/loadList,https://www.gfex.com.cn/gfex/cdrb/hqsj_tjsj.shtml,2026-08-14T18:26:02+08:00
2024-06-06,daily,cached,0,0cada6e857d7220409878046c341e8b9f287f82c5be0f55b6280d45142c1d377,27,12,http://www.gfex.com.cn/u/interfacesWebTiDayQuotes/loadList,https://www.gfex.com.cn/gfex/rihq/hqsj_tjsj.shtml,2026-08-14T18:26:02+08:00
2024-06-06,warehouse,cached,0,ce20a2c0911e03e87291d64099262f3ebbab84eebb86c633a9d9b09ac18076e2,60,1,http://www.gfex.com.cn/u/interfacesWebTdWbillWeeklyQuotes/loadList,https://www.gfex.com.cn/gfex/cdrb/hqsj_tjsj.shtml,2026-08-14T18:26:02+08:00
2024-06-07,daily,cached,0,4936bcf0e2f321f923a26cbbb9a9ff4c15c9ca22c4ef2babffe5019b0f536e8a,27,11,http://www.gfex.com.cn/u/interfacesWebTiDayQuotes/loadList,https://www.gfex.com.cn/gfex/rihq/hqsj_tjsj.shtml,2026-08-14T18:26:02+08:00
2024-06-07,warehouse,cached,0,39c412df67f6a8465889a3b4cbb82775746f361ec4c42622567c3de39c722494,60,1,http://www.gfex.com.cn/u/interfacesWebTdWbillWeeklyQuotes/loadList,https://www.gfex.com.cn/gfex/cdrb/hqsj_tjsj.shtml,2026-08-14T18:26:02+08:00
2024-06-10,daily,cached,0,b1205fd175dfabdc5a6049b4a018293549e5342f216d5a4c9956016ac535ad26,1,0,http://www.gfex.com.cn/u/interfacesWebTiDayQuotes/loadList,https://www.gfex.com.cn/gfex/rihq/hqsj_tjsj.shtml,2026-08-14T18:26:02+08:00
2024-06-10,warehouse,cached,0,159fa1054eb15221e15eb4fc00f7d8102a30000426f1dd7b748b16042168dbd3,1,0,http://www.gfex.com.cn/u/interfacesWebTdWbillWeeklyQuotes/loadList,https://www.gfex.com.cn/gfex/cdrb/hqsj_tjsj.shtml,2026-08-14T18:26:02+08:00
2024-06-11,daily,cached,0,9d13aeb3b920cebba17747b2cdb72a405b59fd57971f1cdf0a88a4d19b7b9c55,27,11,http://www.gfex.com.cn/u/interfacesWebTiDayQuotes/loadList,https://www.gfex.com.cn/gfex/rihq/hqsj_tjsj.shtml,2026-08-14T18:26:02+08:00
2024-06-11,warehouse,cached,0,4583a79086ae57d469d11be378a71649b8b51fd6c1cea1943a15649e4e328145,61,1,http://www.gfex.com.cn/u/interfacesWebTdWbillWeeklyQuotes/loadList,https://www.gfex.com.cn/gfex/cdrb/hqsj_tjsj.shtml,2026-08-14T18:26:02+08:00
2024-06-12,daily,cached,0,fcad80dd8c1631fefdc5f84f0a1c30b5ac64ebbf8ed064c4f05c64bdd8a84d4b,27,12,http://www.gfex.com.cn/u/interfacesWebTiDayQuotes/loadList,https://www.gfex.com.cn/gfex/rihq/hqsj_tjsj.shtml,2026-08-14T18:26:02+08:00
2024-06-12,warehouse,cached,0,394da413d636fd1a5c88d57c53abc33f76836d3bf4158ca8bda1c2c1f894a104,61,1,http://www.gfex.com.cn/u/interfacesWebTdWbillWeeklyQuotes/loadList,https://www.gfex.com.cn/gfex/cdrb/hqsj_tjsj.shtml,2026-08-14T18:26:02+08:00
2024-06-13,daily,cached,0,9a0f4e98c8b7f24a5d85cad33cfbc51c7b5f80e3f83fe29643b5e85ebf8d451f,27,12,http://www.gfex.com.cn/u/interfacesWebTiDayQuotes/loadList,https://www.gfex.com.cn/gfex/rihq/hqsj_tjsj.shtml,2026-08-14T18:26:02+08:00
2024-06-13,warehouse,cached,0,b79e3f54eb41de4962a1804f22d12cac2b7ea1effb1d0062554cefbe4c3ab327,61,1,http://www.gfex.com.cn/u/interfacesWebTdWbillWeeklyQuotes/loadList,https://www.gfex.com.cn/gfex/cdrb/hqsj_tjsj.shtml,2026-08-14T18:26:02+08:00
2024-06-14,daily,cached,0,c4da37120d4f0f66713de7d85c818d898674c2f16ad327605d8199dabd776130,27,12,http://www.gfex.com.cn/u/interfacesWebTiDayQuotes/loadList,https://www.gfex.com.cn/gfex/rihq/hqsj_tjsj.shtml,2026-08-14T18:26:02+08:00
2024-06-14,warehouse,cached,0,a81e2fc7ee136618b95581a09f4873d1dced0a8b6e18c51594b5cecbc3f1c372,61,1,http://www.gfex.com.cn/u/interfacesWebTdWbillWeeklyQuotes/loadList,https://www.gfex.com.cn/gfex/cdrb/hqsj_tjsj.shtml,2026-08-14T18:26:02+08:00
2024-06-17,daily,cached,0,23da57b816972a0af9cfec3764a6a38d688af6027844a63f9ee95b35dc60c428,27,12,http://www.gfex.com.cn/u/interfacesWebTiDayQuotes/loadList,https://www.gfex.com.cn/gfex/rihq/hqsj_tjsj.shtml,2026-08-14T18:26:02+08:00
2024-06-17,warehouse,cached,0,3943bb2087f0e09ab21b81cd66ab08c4ae75096c6d80f69232da51564410dd2e,61,1,http://www.gfex.com.cn/u/interfacesWebTdWbillWeeklyQuotes/loadList,https://www.gfex.com.cn/gfex/cdrb/hqsj_tjsj.shtml,2026-08-14T18:26:02+08:00
2024-06-18,daily,cached,0,2e922df7ec5673c4ff942ecd9beffa0503ae77d7600e8dc6cbda62b789b63387,27,12,http://www.gfex.com.cn/u/interfacesWebTiDayQuotes/loadList,https://www.gfex.com.cn/gfex/rihq/hqsj_tjsj.shtml,2026-08-14T18:26:02+08:00
2024-06-18,warehouse,cached,0,11464122d852aab6b3ffa13001f21f2c14e88d7913ad657ba32b444c9443ced6,61,1,http://www.gfex.com.cn/u/interfacesWebTdWbillWeeklyQuotes/loadList,https://www.gfex.com.cn/gfex/cdrb/hqsj_tjsj.shtml,2026-08-14T18:26:02+08:00
2024-06-19,daily,cached,0,8525ef219da7f371fb56be71e7caac14809b222cff61a07c42f750bcb6a8677e,27,12,http://www.gfex.com.cn/u/interfacesWebTiDayQuotes/loadList,https://www.gfex.com.cn/gfex/rihq/hqsj_tjsj.shtml,2026-08-14T18:26:02+08:00
2024-06-19,warehouse,cached,0,268aea92ca8195c5f307bb56dfe053e10bfcdb239f297468abb7937cad100d6f,61,1,http://www.gfex.com.cn/u/interfacesWebTdWbillWeeklyQuotes/loadList,https://www.gfex.com.cn/gfex/cdrb/hqsj_tjsj.shtml,2026-08-14T18:26:02+08:00
2024-06-20,daily,cached,0,a1108d8e73d10db77e13c2c2c85b464e5624604791528e723157e90e2ac0e471,27,12,http://www.gfex.com.cn/u/interfacesWebTiDayQuotes/loadList,https://www.gfex.com.cn/gfex/rihq/hqsj_tjsj.shtml,2026-08-14T18:26:02+08:00
2024-06-20,warehouse,cached,0,a5dd0ddb2b63d1ac0834db7438f12a9315037f2fed64e1cb1255063d83f6edb4,61,1,http://www.gfex.com.cn/u/interfacesWebTdWbillWeeklyQuotes/loadList,https://www.gfex.com.cn/gfex/cdrb/hqsj_tjsj.shtml,2026-08-14T18:26:02+08:00
2024-06-21,daily,cached,0,acd2f716474823082881441468545889f6a03e1a6071c395f84a81544ebb6cd5,27,12,http://www.gfex.com.cn/u/interfacesWebTiDayQuotes/loadList,https://www.gfex.com.cn/gfex/rihq/hqsj_tjsj.shtml,2026-08-14T18:26:02+08:00
2024-06-21,warehouse,cached,0,271996c6cf9d30bd4251a80ec1ee84501f598c7388f8471539ed31d2d3f13f93,61,1,http://www.gfex.com.cn/u/interfacesWebTdWbillWeeklyQuotes/loadList,https://www.gfex.com.cn/gfex/cdrb/hqsj_tjsj.shtml,2026-08-14T18:26:02+08:00
2024-06-24,daily,cached,0,9d4d751ba51dde3fce94d39daab590f8f0293c7a1219cde29421800f8afa4b35,27,12,http://www.gfex.com.cn/u/interfacesWebTiDayQuotes/loadList,https://www.gfex.com.cn/gfex/rihq/hqsj_tjsj.shtml,2026-08-14T18:26:02+08:00
2024-06-24,warehouse,cached,0,643d1c7e6dedc9e69177a32cc08b12a5422a4f7f05b455a2a581def450757412,61,1,http://www.gfex.com.cn/u/interfacesWebTdWbillWeeklyQuotes/loadList,https://www.gfex.com.cn/gfex/cdrb/hqsj_tjsj.shtml,2026-08-14T18:26:02+08:00
2024-06-25,daily,cached,0,43490d846f883969fb9490f8ed78e0cb2bb2cc858efc178abf15a52679b75d1b,27,12,http://www.gfex.com.cn/u/interfacesWebTiDayQuotes/loadList,https://www.gfex.com.cn/gfex/rihq/hqsj_tjsj.shtml,2026-08-14T18:26:02+08:00
2024-06-25,warehouse,cached,0,9bb2e133c0c8530242b364a916b0fb5399d1cd5e003af3d5560e41086c2127e2,61,1,http://www.gfex.com.cn/u/interfacesWebTdWbillWeeklyQuotes/loadList,https://www.gfex.com.cn/gfex/cdrb/hqsj_tjsj.shtml,2026-08-14T18:26:02+08:00
2024-06-26,daily,cached,0,dc77d1bcce97480bd6f1f9c1306b0b8ff41ed1781ed2cfcadafcea70750fc7c7,27,12,http://www.gfex.com.cn/u/interfacesWebTiDayQuotes/loadList,https://www.gfex.com.cn/gfex/rihq/hqsj_tjsj.shtml,2026-08-14T18:26:02+08:00
2024-06-26,warehouse,cached,0,ff823f644ec8931283d51f738a2ba3e5ae43b60fcd79208921c09bf84b51095a,62,1,http://www.gfex.com.cn/u/interfacesWebTdWbillWeeklyQuotes/loadList,https://www.gfex.com.cn/gfex/cdrb/hqsj_tjsj.shtml,2026-08-14T18:26:02+08:00
2024-06-27,daily,cached,0,3a0c7e345737920d3ff0e6bf628db7b226f3ddd3158c2690640c19d9be3fcd3a,27,12,http://www.gfex.com.cn/u/interfacesWebTiDayQuotes/loadList,https://www.gfex.com.cn/gfex/rihq/hqsj_tjsj.shtml,2026-08-14T18:26:02+08:00
2024-06-27,warehouse,cached,0,7c62dfbeb9445192f68b59f65dc4a47d66d04a0482f5850bf9c31c78b9764d28,62,1,http://www.gfex.com.cn/u/interfacesWebTdWbillWeeklyQuotes/loadList,https://www.gfex.com.cn/gfex/cdrb/hqsj_tjsj.shtml,2026-08-14T18:26:02+08:00
2024-06-28,daily,cached,0,9176b666a1346dc386e6104519c999c9ff2985f36b6a45f922c47e682d3d6aca,27,12,http://www.gfex.com.cn/u/interfacesWebTiDayQuotes/loadList,https://www.gfex.com.cn/gfex/rihq/hqsj_tjsj.shtml,2026-08-14T18:26:02+08:00
2024-06-28,warehouse,cached,0,7ab57e7ec27d861ad58b905ca6067e26dd24d852fc9686c66623acc1d35f0033,62,1,http://www.gfex.com.cn/u/interfacesWebTdWbillWeeklyQuotes/loadList,https://www.gfex.com.cn/gfex/cdrb/hqsj_tjsj.shtml,2026-08-14T18:26:02+08:00
2024-07-01,daily,cached,0,c9be36a1c6f5a491edf421302bc2ba7adaa02fba703e205d87694e5d6faecb70,27,12,http://www.gfex.com.cn/u/interfacesWebTiDayQuotes/loadList,https://www.gfex.com.cn/gfex/rihq/hqsj_tjsj.shtml,2026-08-14T18:26:02+08:00
2024-07-01,warehouse,cached,0,632debe47b70439faf6b1b901a67dc18794764b0a7a47f249e0aabdc3defebd8,62,1,http://www.gfex.com.cn/u/interfacesWebTdWbillWeeklyQuotes/loadList,https://www.gfex.com.cn/gfex/cdrb/hqsj_tjsj.shtml,2026-08-14T18:26:02+08:00
2024-07-02,daily,cached,0,77d2da93bb29fd149b84ba9c5cc33b1a8703d055e0a87f9822491cfa74ef245f,27,12,http://www.gfex.com.cn/u/interfacesWebTiDayQuotes/loadList,https://www.gfex.com.cn/gfex/rihq/hqsj_tjsj.shtml,2026-08-14T18:26:02+08:00
2024-07-02,warehouse,cached,0,25c03134153a8c05a95cba8abbdb4c8deab61fbb93873d9616c7d768df5e4067,62,1,http://www.gfex.com.cn/u/interfacesWebTdWbillWeeklyQuotes/loadList,https://www.gfex.com.cn/gfex/cdrb/hqsj_tjsj.shtml,2026-08-14T18:26:02+08:00
2024-07-03,daily,cached,0,dcc968be96e33d3eeecb5ddd49dd7773c82edd6db05919af3d96d6b9f6eafe0e,27,12,http://www.gfex.com.cn/u/interfacesWebTiDayQuotes/loadList,https://www.gfex.com.cn/gfex/rihq/hqsj_tjsj.shtml,2026-08-14T18:26:02+08:00
2024-07-03,warehouse,cached,0,33b702dba9e021dcc3ba4ac23280b1b48c138196864698297f5f53ab7108a060,62,1,http://www.gfex.com.cn/u/interfacesWebTdWbillWeeklyQuotes/loadList,https://www.gfex.com.cn/gfex/cdrb/hqsj_tjsj.shtml,2026-08-14T18:26:02+08:00
2024-07-04,daily,cached,0,b13467fe3bebd8e3d0d00ef3db6bb330b1c78feb7b48ff05b23b3351ea139c8a,27,12,http://www.gfex.com.cn/u/interfacesWebTiDayQuotes/loadList,https://www.gfex.com.cn/gfex/rihq/hqsj_tjsj.shtml,2026-08-14T18:26:02+08:00
2024-07-04,warehouse,cached,0,1594dc77724da060121dc6f9132f04c69d121328fcde0a6dc8c72e4307d328bf,62,1,http://www.gfex.com.cn/u/interfacesWebTdWbillWeeklyQuotes/loadList,https://www.gfex.com.cn/gfex/cdrb/hqsj_tjsj.shtml,2026-08-14T18:26:02+08:00
2024-07-05,daily,cached,0,6b5b4c38d4cfac57076454d95286bda6c3b22a7d17bb4c2f218517a70b9f5d39,27,12,http://www.gfex.com.cn/u/interfacesWebTiDayQuotes/loadList,https://www.gfex.com.cn/gfex/rihq/hqsj_tjsj.shtml,2026-08-14T18:26:02+08:00
2024-07-05,warehouse,cached,0,38a2b6317204fa8560e0a2feee1d73e3fe379adaf74b281eed20e61a81f25c36,62,1,http://www.gfex.com.cn/u/interfacesWebTdWbillWeeklyQuotes/loadList,https://www.gfex.com.cn/gfex/cdrb/hqsj_tjsj.shtml,2026-08-14T18:26:02+08:00
2024-07-08,daily,cached,0,c171f300d215db9e471b1dd76d5bf95b12cd3e551f918aa935a77a8b732040e1,27,12,http://www.gfex.com.cn/u/interfacesWebTiDayQuotes/loadList,https://www.gfex.com.cn/gfex/rihq/hqsj_tjsj.shtml,2026-08-14T18:26:02+08:00
2024-07-08,warehouse,cached,0,de9aec8cb62f2ca40250020b83d9203d961d02eee867ae0065b99ad76197e831,62,1,http://www.gfex.com.cn/u/interfacesWebTdWbillWeeklyQuotes/loadList,https://www.gfex.com.cn/gfex/cdrb/hqsj_tjsj.shtml,2026-08-14T18:26:02+08:00
2024-07-09,daily,cached,0,09201daeacc320d0d062f2452ad4432ea092c717fd22e28d15d90c26a4bc2e48,27,12,http://www.gfex.com.cn/u/interfacesWebTiDayQuotes/loadList,https://www.gfex.com.cn/gfex/rihq/hqsj_tjsj.shtml,2026-08-14T18:26:02+08:00
2024-07-09,warehouse,cached,0,de5c0618d5d85db33d6f2d84a24bf8fb7974890b2ec26467d90959c7f2c905c7,62,1,http://www.gfex.com.cn/u/interfacesWebTdWbillWeeklyQuotes/loadList,https://www.gfex.com.cn/gfex/cdrb/hqsj_tjsj.shtml,2026-08-14T18:26:02+08:00
2024-07-10,daily,cached,0,e54cfbfe8a2cafdebaa33b7a49d85c106f1068a114b43ed3b60651607cb7e786,27,12,http://www.gfex.com.cn/u/interfacesWebTiDayQuotes/loadList,https://www.gfex.com.cn/gfex/rihq/hqsj_tjsj.shtml,2026-08-14T18:26:02+08:00
2024-07-10,warehouse,cached,0,f0e25b04fa87c5c6e748f2096195681d56776d42cd9bdb34cfa1c9384c211916,62,1,http://www.gfex.com.cn/u/interfacesWebTdWbillWeeklyQuotes/loadList,https://www.gfex.com.cn/gfex/cdrb/hqsj_tjsj.shtml,2026-08-14T18:26:02+08:00
2024-07-11,daily,cached,0,a6decc2f3b594adad648f6925c419099d51d8731d7363c0130a29fd76d395cc3,27,12,http://www.gfex.com.cn/u/interfacesWebTiDayQuotes/loadList,https://www.gfex.com.cn/gfex/rihq/hqsj_tjsj.shtml,2026-08-14T18:26:02+08:00
2024-07-11,warehouse,cached,0,f70a4dc00e21e0ebc34375f53b57f6af464cc447b728355e64e5a7011ceb0950,62,1,http://www.gfex.com.cn/u/interfacesWebTdWbillWeeklyQuotes/loadList,https://www.gfex.com.cn/gfex/cdrb/hqsj_tjsj.shtml,2026-08-14T18:26:02+08:00
2024-07-12,daily,cached,0,b29463bf477d15e36beaa44823c4cc19556b67c6273f1483aafabcbce0f5a24d,27,11,http://www.gfex.com.cn/u/interfacesWebTiDayQuotes/loadList,https://www.gfex.com.cn/gfex/rihq/hqsj_tjsj.shtml,2026-08-14T18:26:02+08:00
2024-07-12,warehouse,cached,0,3f78d01d8deba35df86b5b151b5997df134561ef98297cf825eb7e8ac7c09e3c,62,1,http://www.gfex.com.cn/u/interfacesWebTdWbillWeeklyQuotes/loadList,https://www.gfex.com.cn/gfex/cdrb/hqsj_tjsj.shtml,2026-08-14T18:26:02+08:00
2024-07-15,daily,cached,0,7e6ad941a13fc7e7e2249915835ea15f0bfb9c3b135cdf82ffbcff79c15e19ad,27,12,http://www.gfex.com.cn/u/interfacesWebTiDayQuotes/loadList,https://www.gfex.com.cn/gfex/rihq/hqsj_tjsj.shtml,2026-08-14T18:26:02+08:00
2024-07-15,warehouse,cached,0,1b5ed09bfe45f8782a682c4adce32f92f6ee891d04c5c571aaf903b8c9c396ef,62,1,http://www.gfex.com.cn/u/interfacesWebTdWbillWeeklyQuotes/loadList,https://www.gfex.com.cn/gfex/cdrb/hqsj_tjsj.shtml,2026-08-14T18:26:02+08:00
2024-07-16,daily,cached,0,148de76e85037d71621e01c36b11b4754c6d878a3309b48bbfaadc73745e9139,27,12,http://www.gfex.com.cn/u/interfacesWebTiDayQuotes/loadList,https://www.gfex.com.cn/gfex/rihq/hqsj_tjsj.shtml,2026-08-14T18:26:02+08:00
2024-07-16,warehouse,cached,0,e0b0381b0d5864cb0cefcdd9a923f104eddeeebf2e8923aab53052b56d90d020,62,1,http://www.gfex.com.cn/u/interfacesWebTdWbillWeeklyQuotes/loadList,https://www.gfex.com.cn/gfex/cdrb/hqsj_tjsj.shtml,2026-08-14T18:26:02+08:00
2024-07-17,daily,cached,0,0ba4e4500119a0a187daad6fc8220e9983e0beafc05d9c2bcb484b4269a342bc,27,12,http://www.gfex.com.cn/u/interfacesWebTiDayQuotes/loadList,https://www.gfex.com.cn/gfex/rihq/hqsj_tjsj.shtml,2026-08-14T18:26:02+08:00
2024-07-17,warehouse,cached,0,342e0e3a73179e8a8d3e42ee2c19518805afb301719e7d18a7a71815c266895f,62,1,http://www.gfex.com.cn/u/interfacesWebTdWbillWeeklyQuotes/loadList,https://www.gfex.com.cn/gfex/cdrb/hqsj_tjsj.shtml,2026-08-14T18:26:02+08:00
2024-07-18,daily,cached,0,7edb844aa9d02cc3db2a9604e7d3a217fa42e199fa929bca2716704817da7805,27,12,http://www.gfex.com.cn/u/interfacesWebTiDayQuotes/loadList,https://www.gfex.com.cn/gfex/rihq/hqsj_tjsj.shtml,2026-08-14T18:26:02+08:00
2024-07-18,warehouse,cached,0,eb95c189db5db39ea61a2493c926bd122968a40494e0c6de1e45cd6853993c08,62,1,http://www.gfex.com.cn/u/interfacesWebTdWbillWeeklyQuotes/loadList,https://www.gfex.com.cn/gfex/cdrb/hqsj_tjsj.shtml,2026-08-14T18:26:02+08:00
2024-07-19,daily,cached,0,8318de8412e5d9fc8081d9b898abcf75817049a6ebf306790b4dfc756db0cefe,27,12,http://www.gfex.com.cn/u/interfacesWebTiDayQuotes/loadList,https://www.gfex.com.cn/gfex/rihq/hqsj_tjsj.shtml,2026-08-14T18:26:02+08:00
2024-07-19,warehouse,cached,0,8758cbcbc5df8114830ff3acebbce8d7684ac32bd1dfb6785093e964711a2593,62,1,http://www.gfex.com.cn/u/interfacesWebTdWbillWeeklyQuotes/loadList,https://www.gfex.com.cn/gfex/cdrb/hqsj_tjsj.shtml,2026-08-14T18:26:02+08:00
2024-07-22,daily,cached,0,50f6a305698d0a07f521e19d80eda80e4f8bae07774462ac1d3c6399477eeb65,27,12,http://www.gfex.com.cn/u/interfacesWebTiDayQuotes/loadList,https://www.gfex.com.cn/gfex/rihq/hqsj_tjsj.shtml,2026-08-14T18:26:02+08:00
2024-07-22,warehouse,cached,0,ffef6de3b7317f41b2949dfba70a98f4bdc19d4a288a792b3a8129bb044864e1,62,1,http://www.gfex.com.cn/u/interfacesWebTdWbillWeeklyQuotes/loadList,https://www.gfex.com.cn/gfex/cdrb/hqsj_tjsj.shtml,2026-08-14T18:26:02+08:00
2024-07-23,daily,cached,0,c7870c6012d3ae741ae011dd0e4bf93f76eab3f30bb453cbfb60e8ad0943de0e,27,12,http://www.gfex.com.cn/u/interfacesWebTiDayQuotes/loadList,https://www.gfex.com.cn/gfex/rihq/hqsj_tjsj.shtml,2026-08-14T18:26:02+08:00
2024-07-23,warehouse,cached,0,08a6eddf78d344b4088c3a2b2ee3437fa0ca09563b61574f547096c1e64ae7a3,62,1,http://www.gfex.com.cn/u/interfacesWebTdWbillWeeklyQuotes/loadList,https://www.gfex.com.cn/gfex/cdrb/hqsj_tjsj.shtml,2026-08-14T18:26:02+08:00
2024-07-24,daily,cached,0,a781b49459412eec3286d1d1d187e4743dd2b58383a340eaa37e636dd0ba0702,27,12,http://www.gfex.com.cn/u/interfacesWebTiDayQuotes/loadList,https://www.gfex.com.cn/gfex/rihq/hqsj_tjsj.shtml,2026-08-14T18:26:02+08:00
2024-07-24,warehouse,cached,0,4cf5309b8739393d257486b103b0d5148a144ee0ee08f5da865bcc9efb8e6f04,62,1,http://www.gfex.com.cn/u/interfacesWebTdWbillWeeklyQuotes/loadList,https://www.gfex.com.cn/gfex/cdrb/hqsj_tjsj.shtml,2026-08-14T18:26:02+08:00
2024-07-25,daily,cached,0,0019b96dc2379ed31497e88a893be4d7df517e8e86191d65d9ce4158d1329675,27,12,http://www.gfex.com.cn/u/interfacesWebTiDayQuotes/loadList,https://www.gfex.com.cn/gfex/rihq/hqsj_tjsj.shtml,2026-08-14T18:26:02+08:00
2024-07-25,warehouse,cached,0,a69bdaefacf0f0c7e4304ee00c508f639b20a7bd189b0d978e97c9f54224bf8f,62,1,http://www.gfex.com.cn/u/interfacesWebTdWbillWeeklyQuotes/loadList,https://www.gfex.com.cn/gfex/cdrb/hqsj_tjsj.shtml,2026-08-14T18:26:02+08:00
2024-07-26,daily,cached,0,629be0e1d50f8b4bc09fead8b7c834e4785efb2b278ded54704aadefbe8a85e1,27,12,http://www.gfex.com.cn/u/interfacesWebTiDayQuotes/loadList,https://www.gfex.com.cn/gfex/rihq/hqsj_tjsj.shtml,2026-08-14T18:26:02+08:00
2024-07-26,warehouse,cached,0,de5c1b3921663c0244fcc5ac04b82fdec19013bb03f6f8dc4c43e99ddae28669,62,1,http://www.gfex.com.cn/u/interfacesWebTdWbillWeeklyQuotes/loadList,https://www.gfex.com.cn/gfex/cdrb/hqsj_tjsj.shtml,2026-08-14T18:26:02+08:00
2024-07-29,daily,cached,0,acec20c9e5bf79ac55f0ef2199ea38a90ceb118c3376ec471e5e239a1ff7ded0,27,12,http://www.gfex.com.cn/u/interfacesWebTiDayQuotes/loadList,https://www.gfex.com.cn/gfex/rihq/hqsj_tjsj.shtml,2026-08-14T18:26:02+08:00
2024-07-29,warehouse,cached,0,88811bce56484bff173839e77a982a0b24900a5a97c609ce0251861c383a42e8,62,1,http://www.gfex.com.cn/u/interfacesWebTdWbillWeeklyQuotes/loadList,https://www.gfex.com.cn/gfex/cdrb/hqsj_tjsj.shtml,2026-08-14T18:26:02+08:00
2024-07-30,daily,cached,0,adb8feec0e57a4163634ef873bbe86c1aaed877983835b3a55b1113f2f10d23a,27,12,http://www.gfex.com.cn/u/interfacesWebTiDayQuotes/loadList,https://www.gfex.com.cn/gfex/rihq/hqsj_tjsj.shtml,2026-08-14T18:26:02+08:00
2024-07-30,warehouse,cached,0,7147d53efa82d29bc126f1d33d36222e83ab3500c2a53369ae78c55843c449a9,61,1,http://www.gfex.com.cn/u/interfacesWebTdWbillWeeklyQuotes/loadList,https://www.gfex.com.cn/gfex/cdrb/hqsj_tjsj.shtml,2026-08-14T18:26:02+08:00
2024-07-31,daily,cached,0,d5bfc5b7adb1d92cc54abe1e42540c6c1c8cc080035a9f66024363882e67d4b8,27,12,http://www.gfex.com.cn/u/interfacesWebTiDayQuotes/loadList,https://www.gfex.com.cn/gfex/rihq/hqsj_tjsj.shtml,2026-08-14T18:26:02+08:00
2024-07-31,warehouse,cached,0,e78ef15adecb334fe761834cb098706193b48d5c06dbf508992f94e286ba2e26,60,1,http://www.gfex.com.cn/u/interfacesWebTdWbillWeeklyQuotes/loadList,https://www.gfex.com.cn/gfex/cdrb/hqsj_tjsj.shtml,2026-08-14T18:26:02+08:00
2024-08-01,daily,cached,0,0f5364af5265200c6f9411909724d0dd1a60d5060aacb455b15a807bdc9e9d12,27,12,http://www.gfex.com.cn/u/interfacesWebTiDayQuotes/loadList,https://www.gfex.com.cn/gfex/rihq/hqsj_tjsj.shtml,2026-08-14T18:26:02+08:00
2024-08-01,warehouse,cached,0,8aceb29a82967481dac07d90b245541ca786728ac0f5a9ac55ba95a679d620ba,50,1,http://www.gfex.com.cn/u/interfacesWebTdWbillWeeklyQuotes/loadList,https://www.gfex.com.cn/gfex/cdrb/hqsj_tjsj.shtml,2026-08-14T18:26:02+08:00
2024-08-02,daily,cached,0,27bcf05ddf89c25da29e8d0a21877ade00f56779c89ecee0d8641e5cb8163378,27,12,http://www.gfex.com.cn/u/interfacesWebTiDayQuotes/loadList,https://www.gfex.com.cn/gfex/rihq/hqsj_tjsj.shtml,2026-08-14T18:26:02+08:00
2024-08-02,warehouse,cached,0,7bd54583e6fe48ef5f90da2b9a1cece57994169b069e1d2af1b1305bb03ad264,57,1,http://www.gfex.com.cn/u/interfacesWebTdWbillWeeklyQuotes/loadList,https://www.gfex.com.cn/gfex/cdrb/hqsj_tjsj.shtml,2026-08-14T18:26:02+08:00
2024-08-05,daily,cached,0,9972a6cdc7002800915eb560097622c26a8d0d1bacffc36fb2586dd09decda40,27,12,http://www.gfex.com.cn/u/interfacesWebTiDayQuotes/loadList,https://www.gfex.com.cn/gfex/rihq/hqsj_tjsj.shtml,2026-08-14T18:26:02+08:00
2024-08-05,warehouse,cached,0,30b455e125875466acae15657e8ce88c8ee5c0e1f8c14b985d87752136fd9355,57,1,http://www.gfex.com.cn/u/interfacesWebTdWbillWeeklyQuotes/loadList,https://www.gfex.com.cn/gfex/cdrb/hqsj_tjsj.shtml,2026-08-14T18:26:02+08:00
2024-08-06,daily,cached,0,14457a6f97da27e663bba106804931c2b58720e1b857b939bf16553184eba8ee,27,12,http://www.gfex.com.cn/u/interfacesWebTiDayQuotes/loadList,https://www.gfex.com.cn/gfex/rihq/hqsj_tjsj.shtml,2026-08-14T18:26:02+08:00
2024-08-06,warehouse,cached,0,d675d2c1af09d8a51b31d839f83e9e123e1ae3fe6e2a20c30bbaefbd9368b672,59,1,http://www.gfex.com.cn/u/interfacesWebTdWbillWeeklyQuotes/loadList,https://www.gfex.com.cn/gfex/cdrb/hqsj_tjsj.shtml,2026-08-14T18:26:02+08:00
2024-08-07,daily,cached,0,d93bee605578d1443d97df2135948cd6109420dd5288f932e17e00d82ae940de,27,12,http://www.gfex.com.cn/u/interfacesWebTiDayQuotes/loadList,https://www.gfex.com.cn/gfex/rihq/hqsj_tjsj.shtml,2026-08-14T18:26:02+08:00
2024-08-07,warehouse,cached,0,62f632da89b4d45c9e91f427dde76a1e0ff482df165def0ad6be24c70d3e254f,60,1,http://www.gfex.com.cn/u/interfacesWebTdWbillWeeklyQuotes/loadList,https://www.gfex.com.cn/gfex/cdrb/hqsj_tjsj.shtml,2026-08-14T18:26:02+08:00
2024-08-08,daily,cached,0,19726e300c947866ec72a7da136bc097a149da17db296c39db4d470b2468d318,27,12,http://www.gfex.com.cn/u/interfacesWebTiDayQuotes/loadList,https://www.gfex.com.cn/gfex/rihq/hqsj_tjsj.shtml,2026-08-14T18:26:02+08:00
2024-08-08,warehouse,cached,0,3ee1b632634694236de62ef9212b7e2c515a5faea08b440657fd4cd72317314f,60,1,http://www.gfex.com.cn/u/interfacesWebTdWbillWeeklyQuotes/loadList,https://www.gfex.com.cn/gfex/cdrb/hqsj_tjsj.shtml,2026-08-14T18:26:02+08:00
2024-08-09,daily,cached,0,a8b4d29e66199d0dbffe2a67da419345d5c69fef9b7a9df3c46fb6a19fdfd308,27,12,http://www.gfex.com.cn/u/interfacesWebTiDayQuotes/loadList,https://www.gfex.com.cn/gfex/rihq/hqsj_tjsj.shtml,2026-08-14T18:26:02+08:00
2024-08-09,warehouse,cached,0,e2ad181f7d7723fb285649368f70da17cd767e8914f119cb3078497a295445b4,60,1,http://www.gfex.com.cn/u/interfacesWebTdWbillWeeklyQuotes/loadList,https://www.gfex.com.cn/gfex/cdrb/hqsj_tjsj.shtml,2026-08-14T18:26:02+08:00
2024-08-12,daily,cached,0,6c96e683ffed7aca074db2edbb512006379e9b4890cd314f1504d16e2eb8286a,27,12,http://www.gfex.com.cn/u/interfacesWebTiDayQuotes/loadList,https://www.gfex.com.cn/gfex/rihq/hqsj_tjsj.shtml,2026-08-14T18:26:02+08:00
2024-08-12,warehouse,cached,0,ea2a9842b12552fbb34f5c06163c478f54ec28c8679b7d894ee76c972fe4d6b1,61,1,http://www.gfex.com.cn/u/interfacesWebTdWbillWeeklyQuotes/loadList,https://www.gfex.com.cn/gfex/cdrb/hqsj_tjsj.shtml,2026-08-14T18:26:02+08:00
2024-08-13,daily,cached,0,8935ef3e4b4285d1d402900c424ca824e3eaa251f6d3ec44b437b40e5b96e519,27,12,http://www.gfex.com.cn/u/interfacesWebTiDayQuotes/loadList,https://www.gfex.com.cn/gfex/rihq/hqsj_tjsj.shtml,2026-08-14T18:26:02+08:00
2024-08-13,warehouse,cached,0,96309ce923c01648e056e326fbb33633d975e55c25a009f144087fa991afa317,61,1,http://www.gfex.com.cn/u/interfacesWebTdWbillWeeklyQuotes/loadList,https://www.gfex.com.cn/gfex/cdrb/hqsj_tjsj.shtml,2026-08-14T18:26:02+08:00
2024-08-14,daily,cached,0,96e8628e66943de142b261e92861d28122461b3a2cc67087d354a64dc18955a0,27,12,http://www.gfex.com.cn/u/interfacesWebTiDayQuotes/loadList,https://www.gfex.com.cn/gfex/rihq/hqsj_tjsj.shtml,2026-08-14T18:26:02+08:00
2024-08-14,warehouse,cached,0,c0bbf026eb1196e681f6ff47290a87694641d5c33a9e7e0317d519e3037118d6,61,1,http://www.gfex.com.cn/u/interfacesWebTdWbillWeeklyQuotes/loadList,https://www.gfex.com.cn/gfex/cdrb/hqsj_tjsj.shtml,2026-08-14T18:26:02+08:00
2024-08-15,daily,cached,0,62c98fcecca3dace9b9155e830202c469cd5a6466f65c784ac7b25f15fc098dc,27,12,http://www.gfex.com.cn/u/interfacesWebTiDayQuotes/loadList,https://www.gfex.com.cn/gfex/rihq/hqsj_tjsj.shtml,2026-08-14T18:26:02+08:00
2024-08-15,warehouse,cached,0,df824315db8ff87a2aab97c4d8c491dfa4a013e8bbe73458cf7a4f57fb7f5fda,61,1,http://www.gfex.com.cn/u/interfacesWebTdWbillWeeklyQuotes/loadList,https://www.gfex.com.cn/gfex/cdrb/hqsj_tjsj.shtml,2026-08-14T18:26:02+08:00
2024-08-16,daily,cached,0,9b2ed961330237ca0ca995884b1478e5abca54caadc1304c06fe7cec7769188d,27,12,http://www.gfex.com.cn/u/interfacesWebTiDayQuotes/loadList,https://www.gfex.com.cn/gfex/rihq/hqsj_tjsj.shtml,2026-08-14T18:26:02+08:00
2024-08-16,warehouse,cached,0,2dc93679dd8560d24af6975da277ad34daee2a19894cd47a56c4272d306622be,61,1,http://www.gfex.com.cn/u/interfacesWebTdWbillWeeklyQuotes/loadList,https://www.gfex.com.cn/gfex/cdrb/hqsj_tjsj.shtml,2026-08-14T18:26:02+08:00
2024-08-19,daily,cached,0,d426ee9591ac1da81868e41048628c60c1373415e07f5c03f9927920339cb1d5,27,12,http://www.gfex.com.cn/u/interfacesWebTiDayQuotes/loadList,https://www.gfex.com.cn/gfex/rihq/hqsj_tjsj.shtml,2026-08-14T18:26:02+08:00
2024-08-19,warehouse,cached,0,e60b44ed3df5e27a20307f8cd8cbbb78f32bd979edfaa3afb36326829237d671,61,1,http://www.gfex.com.cn/u/interfacesWebTdWbillWeeklyQuotes/loadList,https://www.gfex.com.cn/gfex/cdrb/hqsj_tjsj.shtml,2026-08-14T18:26:02+08:00
2024-08-20,daily,cached,0,0a1071d287200823bbb03645ad329bda6e71e65951727dc3f23bd13f4c51bba4,27,12,http://www.gfex.com.cn/u/interfacesWebTiDayQuotes/loadList,https://www.gfex.com.cn/gfex/rihq/hqsj_tjsj.shtml,2026-08-14T18:26:02+08:00
2024-08-20,warehouse,cached,0,c38c50ccba1a721b5e691864aab078877f7757fba9f9e4bb59a719f9a2dcaa5b,61,1,http://www.gfex.com.cn/u/interfacesWebTdWbillWeeklyQuotes/loadList,https://www.gfex.com.cn/gfex/cdrb/hqsj_tjsj.shtml,2026-08-14T18:26:02+08:00
2024-08-21,daily,cached,0,dca70038ddd2d2e641834c09af3e9c4191df2ef8ec1b684fc697316cab9d4b27,27,12,http://www.gfex.com.cn/u/interfacesWebTiDayQuotes/loadList,https://www.gfex.com.cn/gfex/rihq/hqsj_tjsj.shtml,2026-08-14T18:26:02+08:00
2024-08-21,warehouse,cached,0,ac17743bf9cab6dda2c92eacd5214d2774ed9146fecc5d5cf7a357a106091706,62,1,http://www.gfex.com.cn/u/interfacesWebTdWbillWeeklyQuotes/loadList,https://www.gfex.com.cn/gfex/cdrb/hqsj_tjsj.shtml,2026-08-14T18:26:02+08:00
2024-08-22,daily,cached,0,631c29c9c602e6ce05a26d0f5038b6cff6efbba426e16f19eaf2d73d195183c2,27,12,http://www.gfex.com.cn/u/interfacesWebTiDayQuotes/loadList,https://www.gfex.com.cn/gfex/rihq/hqsj_tjsj.shtml,2026-08-14T18:26:02+08:00
2024-08-22,warehouse,cached,0,cf29c9d4721d826de85539b4bb70e279ba5a8233cfca97eeb1847e0b1d2b2160,62,1,http://www.gfex.com.cn/u/interfacesWebTdWbillWeeklyQuotes/loadList,https://www.gfex.com.cn/gfex/cdrb/hqsj_tjsj.shtml,2026-08-14T18:26:02+08:00
2024-08-23,daily,cached,0,e2fe3989f60ecd80fbfa60e7da0db530c051031bb95c67b8a57caa7d90702273,27,12,http://www.gfex.com.cn/u/interfacesWebTiDayQuotes/loadList,https://www.gfex.com.cn/gfex/rihq/hqsj_tjsj.shtml,2026-08-14T18:26:02+08:00
2024-08-23,warehouse,cached,0,910fbc09d00b330e5b361d5174abfa47f53bc47ed0f8a6fe4db3e042ba9ffea8,62,1,http://www.gfex.com.cn/u/interfacesWebTdWbillWeeklyQuotes/loadList,https://www.gfex.com.cn/gfex/cdrb/hqsj_tjsj.shtml,2026-08-14T18:26:02+08:00
2024-08-26,daily,cached,0,137a0991216c3b44b423bea46aad6b4bcc01303f4adb5aedb559433410668e8a,27,12,http://www.gfex.com.cn/u/interfacesWebTiDayQuotes/loadList,https://www.gfex.com.cn/gfex/rihq/hqsj_tjsj.shtml,2026-08-14T18:26:02+08:00
2024-08-26,warehouse,cached,0,e65928cdb3db0eb9ec4622346fdf1ce90c7d6b4916445437641cd44af7bddb8e,62,1,http://www.gfex.com.cn/u/interfacesWebTdWbillWeeklyQuotes/loadList,https://www.gfex.com.cn/gfex/cdrb/hqsj_tjsj.shtml,2026-08-14T18:26:02+08:00
2024-08-27,daily,cached,0,f9768643efb4d72fbbe63c5def62476bbe113d5b4dfb91f84a4d6375a8fc8451,27,12,http://www.gfex.com.cn/u/interfacesWebTiDayQuotes/loadList,https://www.gfex.com.cn/gfex/rihq/hqsj_tjsj.shtml,2026-08-14T18:26:02+08:00
2024-08-27,warehouse,cached,0,1cd9b5fa4bb14ffea64fb0a19bacd6fa75ed42c8071bb70a5a0317213e60d34c,62,1,http://www.gfex.com.cn/u/interfacesWebTdWbillWeeklyQuotes/loadList,https://www.gfex.com.cn/gfex/cdrb/hqsj_tjsj.shtml,2026-08-14T18:26:02+08:00
2024-08-28,daily,cached,0,08880716d9dd472518e4f49efd1adf051f8327e2cf5d558269200bafef7b7ef9,27,12,http://www.gfex.com.cn/u/interfacesWebTiDayQuotes/loadList,https://www.gfex.com.cn/gfex/rihq/hqsj_tjsj.shtml,2026-08-14T18:26:02+08:00
2024-08-28,warehouse,cached,0,71243cd215d41c2bead31bb3d28c6d107b8741d3a4afe9a002215708567e7e36,62,1,http://www.gfex.com.cn/u/interfacesWebTdWbillWeeklyQuotes/loadList,https://www.gfex.com.cn/gfex/cdrb/hqsj_tjsj.shtml,2026-08-14T18:26:02+08:00
2024-08-29,daily,cached,0,b58a417fbc30c5a3a6e55e6a3c9188f9e7f9ae750f168858194c1f0b8f505669,27,12,http://www.gfex.com.cn/u/interfacesWebTiDayQuotes/loadList,https://www.gfex.com.cn/gfex/rihq/hqsj_tjsj.shtml,2026-08-14T18:26:02+08:00
2024-08-29,warehouse,cached,0,dd50c1ca834afaa5ab0fc410b0991739738b0f60e18a84784107243a65419dcf,62,1,http://www.gfex.com.cn/u/interfacesWebTdWbillWeeklyQuotes/loadList,https://www.gfex.com.cn/gfex/cdrb/hqsj_tjsj.shtml,2026-08-14T18:26:02+08:00
2024-08-30,daily,cached,0,c99c4d3ddb3662efa12475d7b140c3e4b63d736e083751d22e0e0b0dc1cae4b8,27,12,http://www.gfex.com.cn/u/interfacesWebTiDayQuotes/loadList,https://www.gfex.com.cn/gfex/rihq/hqsj_tjsj.shtml,2026-08-14T18:26:02+08:00
2024-08-30,warehouse,cached,0,8c7ee2fb688625a3895b09410e8c8b71b1111edb5f8f169a89196179623c44e0,62,1,http://www.gfex.com.cn/u/interfacesWebTdWbillWeeklyQuotes/loadList,https://www.gfex.com.cn/gfex/cdrb/hqsj_tjsj.shtml,2026-08-14T18:26:02+08:00
2024-09-02,daily,cached,0,9ff5bb768d949f15756fbdfdf62b0606d17bb19cb286f6a26707837fee8b4172,27,12,http://www.gfex.com.cn/u/interfacesWebTiDayQuotes/loadList,https://www.gfex.com.cn/gfex/rihq/hqsj_tjsj.shtml,2026-08-14T18:26:02+08:00
2024-09-02,warehouse,cached,0,cdfcc70cee4316a1c5f3038faa8f71fae3fbfa1ea778481bb2722ea5bcaa5b96,62,1,http://www.gfex.com.cn/u/interfacesWebTdWbillWeeklyQuotes/loadList,https://www.gfex.com.cn/gfex/cdrb/hqsj_tjsj.shtml,2026-08-14T18:26:02+08:00
2024-09-03,daily,cached,0,ad8b468ec4c7ed57fc4282612b1e3dc2b5bde32ceeceb1a9a0e9205931caa117,27,12,http://www.gfex.com.cn/u/interfacesWebTiDayQuotes/loadList,https://www.gfex.com.cn/gfex/rihq/hqsj_tjsj.shtml,2026-08-14T18:26:02+08:00
2024-09-03,warehouse,cached,0,34189b40bbd53c749b1e3f2c47a63af892a0135b3db2862ea643b3dc8c184d08,62,1,http://www.gfex.com.cn/u/interfacesWebTdWbillWeeklyQuotes/loadList,https://www.gfex.com.cn/gfex/cdrb/hqsj_tjsj.shtml,2026-08-14T18:26:02+08:00
2024-09-04,daily,cached,0,92bda8fffda168e26e35b645944d8af5329f359f6d2222ae2e32345c546951ba,27,12,http://www.gfex.com.cn/u/interfacesWebTiDayQuotes/loadList,https://www.gfex.com.cn/gfex/rihq/hqsj_tjsj.shtml,2026-08-14T18:26:02+08:00
2024-09-04,warehouse,cached,0,44c1a70293453b59e3b3312380df00319b989145313f2a4220a35df7ea5fd060,62,1,http://www.gfex.com.cn/u/interfacesWebTdWbillWeeklyQuotes/loadList,https://www.gfex.com.cn/gfex/cdrb/hqsj_tjsj.shtml,2026-08-14T18:26:02+08:00
2024-09-05,daily,cached,0,0bddb37734c4aa223692b29f721ae41afb1317eea3d839dbbd4ebc3a73a67e43,27,12,http://www.gfex.com.cn/u/interfacesWebTiDayQuotes/loadList,https://www.gfex.com.cn/gfex/rihq/hqsj_tjsj.shtml,2026-08-14T18:26:02+08:00
2024-09-05,warehouse,cached,0,2902dff122ab657706bb5561a377063bcd1ef4631ef53d8e78ad5e95f9906bcd,62,1,http://www.gfex.com.cn/u/interfacesWebTdWbillWeeklyQuotes/loadList,https://www.gfex.com.cn/gfex/cdrb/hqsj_tjsj.shtml,2026-08-14T18:26:02+08:00
2024-09-06,daily,cached,0,2cc3eadcf289498447e386c128d0c1d35069ded8b8cb826a9a1641c7c44253d4,27,12,http://www.gfex.com.cn/u/interfacesWebTiDayQuotes/loadList,https://www.gfex.com.cn/gfex/rihq/hqsj_tjsj.shtml,2026-08-14T18:26:02+08:00
2024-09-06,warehouse,cached,0,30fd4b967da5e25e7108d4349bd2d4546f932146281192dc2f4646276d3cf959,62,1,http://www.gfex.com.cn/u/interfacesWebTdWbillWeeklyQuotes/loadList,https://www.gfex.com.cn/gfex/cdrb/hqsj_tjsj.shtml,2026-08-14T18:26:02+08:00
2024-09-09,daily,cached,0,06b2b2b4af991ffe99cd4a7749b13d1a5e86f9c2bd903d524a5e4c8c7dcaee4a,27,12,http://www.gfex.com.cn/u/interfacesWebTiDayQuotes/loadList,https://www.gfex.com.cn/gfex/rihq/hqsj_tjsj.shtml,2026-08-14T18:26:02+08:00
2024-09-09,warehouse,cached,0,a4f2bc2cd4a6086ef27753834559cde7ffe8a5f7ab510d3b1e1a5d0f0b04b7a8,62,1,http://www.gfex.com.cn/u/interfacesWebTdWbillWeeklyQuotes/loadList,https://www.gfex.com.cn/gfex/cdrb/hqsj_tjsj.shtml,2026-08-14T18:26:02+08:00
2024-09-10,daily,cached,0,6a7ccbe2781eb73eff5d8581f5c8431793adb3b922c6b25e5557194c9f7065d4,27,12,http://www.gfex.com.cn/u/interfacesWebTiDayQuotes/loadList,https://www.gfex.com.cn/gfex/rihq/hqsj_tjsj.shtml,2026-08-14T18:26:02+08:00
2024-09-10,warehouse,cached,0,52efd058dc4d9ac8aaba2575e80071523205982d33d65d78917eb75aacd734f0,62,1,http://www.gfex.com.cn/u/interfacesWebTdWbillWeeklyQuotes/loadList,https://www.gfex.com.cn/gfex/cdrb/hqsj_tjsj.shtml,2026-08-14T18:26:02+08:00
2024-09-11,daily,cached,0,1fb099f58b06f0fc5fbb5f40daf0ee3391da3e8dd7c67e873af643c3b6382930,27,12,http://www.gfex.com.cn/u/interfacesWebTiDayQuotes/loadList,https://www.gfex.com.cn/gfex/rihq/hqsj_tjsj.shtml,2026-08-14T18:26:02+08:00
2024-09-11,warehouse,cached,0,a898bd1e0f51ec18bfdaa9f68d5a0eae16d4dc4bad4b21c1d441bbd122f7faf1,62,1,http://www.gfex.com.cn/u/interfacesWebTdWbillWeeklyQuotes/loadList,https://www.gfex.com.cn/gfex/cdrb/hqsj_tjsj.shtml,2026-08-14T18:26:02+08:00
2024-09-12,daily,cached,0,c59680f22d5aa7d14ffdae8bb315d195e64eaa1dbca3c1d86425013f7ba1760e,27,12,http://www.gfex.com.cn/u/interfacesWebTiDayQuotes/loadList,https://www.gfex.com.cn/gfex/rihq/hqsj_tjsj.shtml,2026-08-14T18:26:02+08:00
2024-09-12,warehouse,cached,0,4e3846e54956e556fe01eb02b6454ee737c041e3cb3f69fbdafca0ca41997684,62,1,http://www.gfex.com.cn/u/interfacesWebTdWbillWeeklyQuotes/loadList,https://www.gfex.com.cn/gfex/cdrb/hqsj_tjsj.shtml,2026-08-14T18:26:02+08:00
2024-09-13,daily,cached,0,1ef2801bd0a3f7813e9dd0a06d95a8905db479d9e84fb5b19e993aad31a03dcb,27,11,http://www.gfex.com.cn/u/interfacesWebTiDayQuotes/loadList,https://www.gfex.com.cn/gfex/rihq/hqsj_tjsj.shtml,2026-08-14T18:26:02+08:00
2024-09-13,warehouse,cached,0,4300153360112def8d1de9e4238ca548194988401ba777a3f0ce5ad8eec5da06,62,1,http://www.gfex.com.cn/u/interfacesWebTdWbillWeeklyQuotes/loadList,https://www.gfex.com.cn/gfex/cdrb/hqsj_tjsj.shtml,2026-08-14T18:26:02+08:00
2024-09-16,daily,cached,0,f8f3f6ae68adc415ab287d12dba4d8bcadc2aead6f5e1b2db8791afd722150b4,1,0,http://www.gfex.com.cn/u/interfacesWebTiDayQuotes/loadList,https://www.gfex.com.cn/gfex/rihq/hqsj_tjsj.shtml,2026-08-14T18:26:02+08:00
2024-09-16,warehouse,cached,0,dd0d18f58459cdca008006e2c54a5130b39f3ec3fbb903b7db9af05e0ab2c40f,1,0,http://www.gfex.com.cn/u/interfacesWebTdWbillWeeklyQuotes/loadList,https://www.gfex.com.cn/gfex/cdrb/hqsj_tjsj.shtml,2026-08-14T18:26:02+08:00
2024-09-17,daily,cached,0,be8d0af086cfb2080ccfc803e43745e6d2797d4af0a21227c35cd9938c51dd0e,1,0,http://www.gfex.com.cn/u/interfacesWebTiDayQuotes/loadList,https://www.gfex.com.cn/gfex/rihq/hqsj_tjsj.shtml,2026-08-14T18:26:02+08:00
2024-09-17,warehouse,cached,0,e08c9a6c90df882e6517b9cb8ede2071f6fd4be9c9917b06b022e503fb844f62,1,0,http://www.gfex.com.cn/u/interfacesWebTdWbillWeeklyQuotes/loadList,https://www.gfex.com.cn/gfex/cdrb/hqsj_tjsj.shtml,2026-08-14T18:26:02+08:00
2024-09-18,daily,cached,0,c651bdf1f0b9fecc1583f766f657308b99076245619fab493ea34c9a5f6ca925,27,12,http://www.gfex.com.cn/u/interfacesWebTiDayQuotes/loadList,https://www.gfex.com.cn/gfex/rihq/hqsj_tjsj.shtml,2026-08-14T18:26:02+08:00
2024-09-18,warehouse,cached,0,6d93da042a0a11a696a5e8cb028be72a3c5f7904c78c36e38831966c06569406,62,1,http://www.gfex.com.cn/u/interfacesWebTdWbillWeeklyQuotes/loadList,https://www.gfex.com.cn/gfex/cdrb/hqsj_tjsj.shtml,2026-08-14T18:26:02+08:00
2024-09-19,daily,cached,0,4c9e677d01a12eab4cf568c7d58d14d7d2e5e76fae863125a8c128fb022abf01,27,12,http://www.gfex.com.cn/u/interfacesWebTiDayQuotes/loadList,https://www.gfex.com.cn/gfex/rihq/hqsj_tjsj.shtml,2026-08-14T18:26:02+08:00
2024-09-19,warehouse,cached,0,6a1ef5d7fed9a438dea7497c487c2b048a07b0328c6e0d8d67fb9d8eb07815d1,62,1,http://www.gfex.com.cn/u/interfacesWebTdWbillWeeklyQuotes/loadList,https://www.gfex.com.cn/gfex/cdrb/hqsj_tjsj.shtml,2026-08-14T18:26:02+08:00
2024-09-20,daily,cached,0,5fcd8a9560efdb7d905badfb34ac5cf8d5e925f7cc5b830286be3a93a91f6b1a,27,12,http://www.gfex.com.cn/u/interfacesWebTiDayQuotes/loadList,https://www.gfex.com.cn/gfex/rihq/hqsj_tjsj.shtml,2026-08-14T18:26:02+08:00
2024-09-20,warehouse,cached,0,cda499873aa75d24327bd8d3c4ad1326bf25dc9ac26202e1e1c27b9bd15dd781,62,1,http://www.gfex.com.cn/u/interfacesWebTdWbillWeeklyQuotes/loadList,https://www.gfex.com.cn/gfex/cdrb/hqsj_tjsj.shtml,2026-08-14T18:26:02+08:00
2024-09-23,daily,cached,0,9273a2a5335f27c21b5894b41900cc42799f690fb837b36c3b2c6dbea47e1127,27,12,http://www.gfex.com.cn/u/interfacesWebTiDayQuotes/loadList,https://www.gfex.com.cn/gfex/rihq/hqsj_tjsj.shtml,2026-08-14T18:26:02+08:00
2024-09-23,warehouse,cached,0,e394f16b74f75fdcadc0814c8abd02cd35165b1829ee914ec651ec10c38fe71b,62,1,http://www.gfex.com.cn/u/interfacesWebTdWbillWeeklyQuotes/loadList,https://www.gfex.com.cn/gfex/cdrb/hqsj_tjsj.shtml,2026-08-14T18:26:02+08:00
2024-09-24,daily,cached,0,1b4f54e383e8b15475d1576889ed1c8d02ffde0267b0b273c41c7faa221a2d5e,27,12,http://www.gfex.com.cn/u/interfacesWebTiDayQuotes/loadList,https://www.gfex.com.cn/gfex/rihq/hqsj_tjsj.shtml,2026-08-14T18:26:02+08:00
2024-09-24,warehouse,cached,0,3238737d9b18c6fdd0138faeb3d843c3c4a0d62a32069e93d6d295b45a7c27f4,62,1,http://www.gfex.com.cn/u/interfacesWebTdWbillWeeklyQuotes/loadList,https://www.gfex.com.cn/gfex/cdrb/hqsj_tjsj.shtml,2026-08-14T18:26:02+08:00
2024-09-25,daily,cached,0,5f478fc736982b2df67e340b9f5a674363b36e9ea08635fe43c4278aff94455f,27,12,http://www.gfex.com.cn/u/interfacesWebTiDayQuotes/loadList,https://www.gfex.com.cn/gfex/rihq/hqsj_tjsj.shtml,2026-08-14T18:26:02+08:00
2024-09-25,warehouse,cached,0,6186a256566d7cc1e88cfc6d24c0f8f2684747ccc38c5edb0bf26493eb2193c7,62,1,http://www.gfex.com.cn/u/interfacesWebTdWbillWeeklyQuotes/loadList,https://www.gfex.com.cn/gfex/cdrb/hqsj_tjsj.shtml,2026-08-14T18:26:02+08:00
2024-09-26,daily,cached,0,7e8007969acf79e79c11e7382168387c577b49254c9e07c76173c2909b32f359,27,12,http://www.gfex.com.cn/u/interfacesWebTiDayQuotes/loadList,https://www.gfex.com.cn/gfex/rihq/hqsj_tjsj.shtml,2026-08-14T18:26:02+08:00
2024-09-26,warehouse,cached,0,b513b43b60e497a53c04135479bc10bd76d02d6ad7afbed3064648268557dfe4,62,1,http://www.gfex.com.cn/u/interfacesWebTdWbillWeeklyQuotes/loadList,https://www.gfex.com.cn/gfex/cdrb/hqsj_tjsj.shtml,2026-08-14T18:26:02+08:00
2024-09-27,daily,cached,0,7e4f2239465251716cc377c9c8cf7512816c85aa639f71c705db6dee7e1fe3b3,27,12,http://www.gfex.com.cn/u/interfacesWebTiDayQuotes/loadList,https://www.gfex.com.cn/gfex/rihq/hqsj_tjsj.shtml,2026-08-14T18:26:02+08:00
2024-09-27,warehouse,cached,0,91f3f65a469d45d9f212f18e7e7fa9c7415c85edbb350506a99892b159d87c1b,62,1,http://www.gfex.com.cn/u/interfacesWebTdWbillWeeklyQuotes/loadList,https://www.gfex.com.cn/gfex/cdrb/hqsj_tjsj.shtml,2026-08-14T18:26:02+08:00
2024-09-30,daily,cached,0,fb4e4f640e41488e28d3a02578f46703d7bbb1cf4b797195f5548a3380923a73,27,12,http://www.gfex.com.cn/u/interfacesWebTiDayQuotes/loadList,https://www.gfex.com.cn/gfex/rihq/hqsj_tjsj.shtml,2026-08-14T18:26:02+08:00
2024-09-30,warehouse,cached,0,c9669c1e09f4cd59f435d72d3492a14e5a03b87baf0d54967c8cc94412e89a7d,62,1,http://www.gfex.com.cn/u/interfacesWebTdWbillWeeklyQuotes/loadList,https://www.gfex.com.cn/gfex/cdrb/hqsj_tjsj.shtml,2026-08-14T18:26:02+08:00
2024-10-01,daily,cached,0,a05e71219df0856cad42f0eafb576108e67c2b46f47e81f52e3ebf5b55ace247,1,0,http://www.gfex.com.cn/u/interfacesWebTiDayQuotes/loadList,https://www.gfex.com.cn/gfex/rihq/hqsj_tjsj.shtml,2026-08-14T18:26:02+08:00
2024-10-01,warehouse,cached,0,e539d3b449f3dd5684bbbacad2de77138b572bc0ff992b517f2f489282d975c3,1,0,http://www.gfex.com.cn/u/interfacesWebTdWbillWeeklyQuotes/loadList,https://www.gfex.com.cn/gfex/cdrb/hqsj_tjsj.shtml,2026-08-14T18:26:02+08:00
2024-10-02,daily,cached,0,e2390d20902f61c4002a49df0d819aeb874e29dfd2a585c0643e13e95f6b0699,1,0,http://www.gfex.com.cn/u/interfacesWebTiDayQuotes/loadList,https://www.gfex.com.cn/gfex/rihq/hqsj_tjsj.shtml,2026-08-14T18:26:02+08:00
2024-10-02,warehouse,cached,0,3db27b8fb85934f237eb0a3731f2e307c8e2401c1079b77aaee4ef84ad766297,1,0,http://www.gfex.com.cn/u/interfacesWebTdWbillWeeklyQuotes/loadList,https://www.gfex.com.cn/gfex/cdrb/hqsj_tjsj.shtml,2026-08-14T18:26:02+08:00
2024-10-03,daily,cached,0,13e6f236284a64865222f98e3b4b3dac7b8bc72841262cfa9f231b8985a507e5,1,0,http://www.gfex.com.cn/u/interfacesWebTiDayQuotes/loadList,https://www.gfex.com.cn/gfex/rihq/hqsj_tjsj.shtml,2026-08-14T18:26:02+08:00
2024-10-03,warehouse,cached,0,8d4fbcfc7aa1755aab29206bc5401d777b4639380ab2cce1aacb5cd747d5fd3f,1,0,http://www.gfex.com.cn/u/interfacesWebTdWbillWeeklyQuotes/loadList,https://www.gfex.com.cn/gfex/cdrb/hqsj_tjsj.shtml,2026-08-14T18:26:02+08:00
2024-10-04,daily,cached,0,62aa2064a70c262d9970f1534c335dc7a0f7441a0dc75037dcaf43559ab39057,1,0,http://www.gfex.com.cn/u/interfacesWebTiDayQuotes/loadList,https://www.gfex.com.cn/gfex/rihq/hqsj_tjsj.shtml,2026-08-14T18:26:02+08:00
2024-10-04,warehouse,cached,0,eeec7e3ecd672da5878230e03da42794cca447f751ceda601cc3631f23c1e660,1,0,http://www.gfex.com.cn/u/interfacesWebTdWbillWeeklyQuotes/loadList,https://www.gfex.com.cn/gfex/cdrb/hqsj_tjsj.shtml,2026-08-14T18:26:02+08:00
2024-10-07,daily,cached,0,2850e939c9523afe739713329a4a2ad9403336041b94366e3191412c0d88968a,1,0,http://www.gfex.com.cn/u/interfacesWebTiDayQuotes/loadList,https://www.gfex.com.cn/gfex/rihq/hqsj_tjsj.shtml,2026-08-14T18:26:02+08:00
2024-10-07,warehouse,cached,0,419d7f452240f5d314a6dc30e141dd38e302b8d97ce631fd0bed864248629c37,1,0,http://www.gfex.com.cn/u/interfacesWebTdWbillWeeklyQuotes/loadList,https://www.gfex.com.cn/gfex/cdrb/hqsj_tjsj.shtml,2026-08-14T18:26:02+08:00
2024-10-08,daily,cached,0,b089a2525ee474cd78576779b6b649249c0f5337be2c5a872d1f809146381f34,27,12,http://www.gfex.com.cn/u/interfacesWebTiDayQuotes/loadList,https://www.gfex.com.cn/gfex/rihq/hqsj_tjsj.shtml,2026-08-14T18:26:02+08:00
2024-10-08,warehouse,cached,0,b849cdbc117d64c1b2dae657093f6ce4a9f3c68263db1ffbc08ac0ab1cf57b8f,62,1,http://www.gfex.com.cn/u/interfacesWebTdWbillWeeklyQuotes/loadList,https://www.gfex.com.cn/gfex/cdrb/hqsj_tjsj.shtml,2026-08-14T18:26:02+08:00
2024-10-09,daily,cached,0,18ef3dc6e9b5d6ca68a085f5ce8d92d0ef81f7c49f117f05c558a18bbfe41cf6,27,12,http://www.gfex.com.cn/u/interfacesWebTiDayQuotes/loadList,https://www.gfex.com.cn/gfex/rihq/hqsj_tjsj.shtml,2026-08-14T18:26:02+08:00
2024-10-09,warehouse,cached,0,e4a7480ee97fb0a54ffa04eea50d913ff2ac50a8b6d38313fdfab4c379c49054,63,1,http://www.gfex.com.cn/u/interfacesWebTdWbillWeeklyQuotes/loadList,https://www.gfex.com.cn/gfex/cdrb/hqsj_tjsj.shtml,2026-08-14T18:26:02+08:00
2024-10-10,daily,cached,0,bf0a80ca95b913b49a846da0b497172297b3b15f5fc631981a3211cc45fd6017,27,12,http://www.gfex.com.cn/u/interfacesWebTiDayQuotes/loadList,https://www.gfex.com.cn/gfex/rihq/hqsj_tjsj.shtml,2026-08-14T18:26:02+08:00
2024-10-10,warehouse,cached,0,ae40909696aa3e6a752b7e99f91dff3f90d22b53b88d34ccf3445cff880e2754,63,1,http://www.gfex.com.cn/u/interfacesWebTdWbillWeeklyQuotes/loadList,https://www.gfex.com.cn/gfex/cdrb/hqsj_tjsj.shtml,2026-08-14T18:26:02+08:00
2024-10-11,daily,cached,0,ac77d693f0a1af3030d13f0bdb39df8e70389106d7188c5fb0c2fc7a2adf3bcf,27,12,http://www.gfex.com.cn/u/interfacesWebTiDayQuotes/loadList,https://www.gfex.com.cn/gfex/rihq/hqsj_tjsj.shtml,2026-08-14T18:26:02+08:00
2024-10-11,warehouse,cached,0,354f43e1b21a6df1053347fd9bfe3dc8de83b26fb57f4880843005f2eb94cefb,63,1,http://www.gfex.com.cn/u/interfacesWebTdWbillWeeklyQuotes/loadList,https://www.gfex.com.cn/gfex/cdrb/hqsj_tjsj.shtml,2026-08-14T18:26:02+08:00
2024-10-14,daily,cached,0,33f1e1107a8b2ea7f754b2733299754f1ad9a601f9e96a7f97eb968a51f341ea,27,12,http://www.gfex.com.cn/u/interfacesWebTiDayQuotes/loadList,https://www.gfex.com.cn/gfex/rihq/hqsj_tjsj.shtml,2026-08-14T18:26:02+08:00
2024-10-14,warehouse,cached,0,a3d3c34bd391a29f0bf69021218d409890c1f6fff2dcb4909e8e1b5b2dd48f9b,64,1,http://www.gfex.com.cn/u/interfacesWebTdWbillWeeklyQuotes/loadList,https://www.gfex.com.cn/gfex/cdrb/hqsj_tjsj.shtml,2026-08-14T18:26:02+08:00
2024-10-15,daily,cached,0,657b1d7b3b5a9daeb68d3c5597c6675a6b8bcb8b93c04933299331c9719c98d8,27,12,http://www.gfex.com.cn/u/interfacesWebTiDayQuotes/loadList,https://www.gfex.com.cn/gfex/rihq/hqsj_tjsj.shtml,2026-08-14T18:26:02+08:00
2024-10-15,warehouse,cached,0,9046d41fe0ae5f4a6e703460c38a5a38588e643feec7fea3bddb84425de38a25,64,1,http://www.gfex.com.cn/u/interfacesWebTdWbillWeeklyQuotes/loadList,https://www.gfex.com.cn/gfex/cdrb/hqsj_tjsj.shtml,2026-08-14T18:26:02+08:00
2024-10-16,daily,cached,0,954227396ed4866df64e6dd5a923e47c0bdaf11e4a8449e5beb3cb3c0fca4504,27,12,http://www.gfex.com.cn/u/interfacesWebTiDayQuotes/loadList,https://www.gfex.com.cn/gfex/rihq/hqsj_tjsj.shtml,2026-08-14T18:26:02+08:00
2024-10-16,warehouse,cached,0,5a19aa3d6e2359866e30e9c5ffd7fe7e4663dca0ea50ef650f08e68da1e68b93,64,1,http://www.gfex.com.cn/u/interfacesWebTdWbillWeeklyQuotes/loadList,https://www.gfex.com.cn/gfex/cdrb/hqsj_tjsj.shtml,2026-08-14T18:26:02+08:00
2024-10-17,daily,cached,0,a77164bc5073ead0e2bf82f2493417438eeba8e43851398e7e4aa14aa194c60e,27,12,http://www.gfex.com.cn/u/interfacesWebTiDayQuotes/loadList,https://www.gfex.com.cn/gfex/rihq/hqsj_tjsj.shtml,2026-08-14T18:26:02+08:00
2024-10-17,warehouse,cached,0,be71d4a715eadfc377895eda256a9f1f4b4232d8f4dcc2181932d520111f3aa7,64,1,http://www.gfex.com.cn/u/interfacesWebTdWbillWeeklyQuotes/loadList,https://www.gfex.com.cn/gfex/cdrb/hqsj_tjsj.shtml,2026-08-14T18:26:02+08:00
2024-10-18,daily,cached,0,37b1d0a808cbe832437b9cac46187db971da832a35e5fd0796b1e561e0839eb6,27,11,http://www.gfex.com.cn/u/interfacesWebTiDayQuotes/loadList,https://www.gfex.com.cn/gfex/rihq/hqsj_tjsj.shtml,2026-08-14T18:26:02+08:00
2024-10-18,warehouse,cached,0,4b832e21cf7889b1727a3925cacf48c92c711c25411af1eb52ab63d187d4113a,64,1,http://www.gfex.com.cn/u/interfacesWebTdWbillWeeklyQuotes/loadList,https://www.gfex.com.cn/gfex/cdrb/hqsj_tjsj.shtml,2026-08-14T18:26:02+08:00
2024-10-21,daily,cached,0,5febb661fdcc35039999af6011999c69c2077edc792ac25ea263bdd1c867c8f4,27,12,http://www.gfex.com.cn/u/interfacesWebTiDayQuotes/loadList,https://www.gfex.com.cn/gfex/rihq/hqsj_tjsj.shtml,2026-08-14T18:26:02+08:00
2024-10-21,warehouse,cached,0,f85d40dbc2e20b2bb5e28f55c2dacf086ca2e237cb68971d4f0241ba4b0096c5,64,1,http://www.gfex.com.cn/u/interfacesWebTdWbillWeeklyQuotes/loadList,https://www.gfex.com.cn/gfex/cdrb/hqsj_tjsj.shtml,2026-08-14T18:26:02+08:00
2024-10-22,daily,cached,0,6b7e02af8545701255c53f4886b8936133caf549f4ab02f3469de1a5a31d72b5,27,12,http://www.gfex.com.cn/u/interfacesWebTiDayQuotes/loadList,https://www.gfex.com.cn/gfex/rihq/hqsj_tjsj.shtml,2026-08-14T18:26:02+08:00
2024-10-22,warehouse,cached,0,1b79d2c4dc6501a5623414737e35d4be3ed8dbed83bca06290fdc754fc5ff908,64,1,http://www.gfex.com.cn/u/interfacesWebTdWbillWeeklyQuotes/loadList,https://www.gfex.com.cn/gfex/cdrb/hqsj_tjsj.shtml,2026-08-14T18:26:02+08:00
2024-10-23,daily,cached,0,66dc8583274562b135f24a24dad286b57820872e0c999b20fc557c7ed7a502c0,27,12,http://www.gfex.com.cn/u/interfacesWebTiDayQuotes/loadList,https://www.gfex.com.cn/gfex/rihq/hqsj_tjsj.shtml,2026-08-14T18:26:02+08:00
2024-10-23,warehouse,cached,0,546b886a4c3d782431a22af72d65ef9171bd040117b51c0b1222136edad3b46c,64,1,http://www.gfex.com.cn/u/interfacesWebTdWbillWeeklyQuotes/loadList,https://www.gfex.com.cn/gfex/cdrb/hqsj_tjsj.shtml,2026-08-14T18:26:02+08:00
2024-10-24,daily,cached,0,a930f7bfec9677ea05da7f5906a8a689a7bcf41e77d79cb145f9aa7e9476d89d,27,12,http://www.gfex.com.cn/u/interfacesWebTiDayQuotes/loadList,https://www.gfex.com.cn/gfex/rihq/hqsj_tjsj.shtml,2026-08-14T18:26:02+08:00
2024-10-24,warehouse,cached,0,33b0b0eb9b64c9ed4a7f1418ed8d6aded5aee5fca69b9431116ac851cef80071,64,1,http://www.gfex.com.cn/u/interfacesWebTdWbillWeeklyQuotes/loadList,https://www.gfex.com.cn/gfex/cdrb/hqsj_tjsj.shtml,2026-08-14T18:26:02+08:00
2024-10-25,daily,cached,0,53544f738e6982173339569391bcc7553ac4d2bd33a48746553a4fbdc14a271b,27,12,http://www.gfex.com.cn/u/interfacesWebTiDayQuotes/loadList,https://www.gfex.com.cn/gfex/rihq/hqsj_tjsj.shtml,2026-08-14T18:26:02+08:00
2024-10-25,warehouse,cached,0,bb550b702bf30a9ec78616e38474be52756882f82829dcb5316d9ba7e857a53e,64,1,http://www.gfex.com.cn/u/interfacesWebTdWbillWeeklyQuotes/loadList,https://www.gfex.com.cn/gfex/cdrb/hqsj_tjsj.shtml,2026-08-14T18:26:02+08:00
2024-10-28,daily,cached,0,71412c6cbf8bad688f41af0758b873a33e7af91d95267fc6518a815c82329969,27,12,http://www.gfex.com.cn/u/interfacesWebTiDayQuotes/loadList,https://www.gfex.com.cn/gfex/rihq/hqsj_tjsj.shtml,2026-08-14T18:26:02+08:00
2024-10-28,warehouse,cached,0,ee8d8c438f3fc5f6cf13210ad256e085706324e7dffd2b613a8b9911c4b4a1cb,60,1,http://www.gfex.com.cn/u/interfacesWebTdWbillWeeklyQuotes/loadList,https://www.gfex.com.cn/gfex/cdrb/hqsj_tjsj.shtml,2026-08-14T18:26:02+08:00
2024-10-29,daily,cached,0,b95ef7e466c43a1c934339277efa716d80f541c07fe6c9e04c53e9d191648578,27,12,http://www.gfex.com.cn/u/interfacesWebTiDayQuotes/loadList,https://www.gfex.com.cn/gfex/rihq/hqsj_tjsj.shtml,2026-08-14T18:26:02+08:00
2024-10-29,warehouse,cached,0,77ef92ba6aed80fd8b009ffd2ce33731cc1867eea108133f7711ce9677cd4599,60,1,http://www.gfex.com.cn/u/interfacesWebTdWbillWeeklyQuotes/loadList,https://www.gfex.com.cn/gfex/cdrb/hqsj_tjsj.shtml,2026-08-14T18:26:02+08:00
2024-10-30,daily,cached,0,175e9dc294abb35e24b9ac9d9a4fb3b13ba2ab2f152032a095ed7af3c466fa3d,27,12,http://www.gfex.com.cn/u/interfacesWebTiDayQuotes/loadList,https://www.gfex.com.cn/gfex/rihq/hqsj_tjsj.shtml,2026-08-14T18:26:02+08:00
2024-10-30,warehouse,cached,0,c0419b0e3fc20d558f465892c5b8f698d6e3666c75c40ebf5c819f7b26f9fc22,60,1,http://www.gfex.com.cn/u/interfacesWebTdWbillWeeklyQuotes/loadList,https://www.gfex.com.cn/gfex/cdrb/hqsj_tjsj.shtml,2026-08-14T18:26:02+08:00
2024-10-31,daily,cached,0,db566751b39cec57197c324c5c39b95163820c6681d29f17f6b61396100565f7,27,12,http://www.gfex.com.cn/u/interfacesWebTiDayQuotes/loadList,https://www.gfex.com.cn/gfex/rihq/hqsj_tjsj.shtml,2026-08-14T18:26:02+08:00
2024-10-31,warehouse,cached,0,723edc81b2aec04ba6c9d4865449b9a47b826f7e89a7b8e86e864ac6ab1ed7b9,60,1,http://www.gfex.com.cn/u/interfacesWebTdWbillWeeklyQuotes/loadList,https://www.gfex.com.cn/gfex/cdrb/hqsj_tjsj.shtml,2026-08-14T18:26:02+08:00
2024-11-01,daily,cached,0,44ce7b8afebcdc7a6bb0f3d24c7fe5bb501ad5f820b84bdddb4d217c853ea8ec,27,12,http://www.gfex.com.cn/u/interfacesWebTiDayQuotes/loadList,https://www.gfex.com.cn/gfex/rihq/hqsj_tjsj.shtml,2026-08-14T18:26:02+08:00
2024-11-01,warehouse,cached,0,58e88a2808d5278db3bb8fbdf0a7564f61805160dc18f4d32dfe8a7fc33464b2,60,1,http://www.gfex.com.cn/u/interfacesWebTdWbillWeeklyQuotes/loadList,https://www.gfex.com.cn/gfex/cdrb/hqsj_tjsj.shtml,2026-08-14T18:26:02+08:00
2024-11-04,daily,cached,0,672118e157b903956e6f5cd10b378eadd240592e12ec78ee115846e0af052789,27,12,http://www.gfex.com.cn/u/interfacesWebTiDayQuotes/loadList,https://www.gfex.com.cn/gfex/rihq/hqsj_tjsj.shtml,2026-08-14T18:26:02+08:00
2024-11-04,warehouse,cached,0,e5381a1b74c95152ffad41a86de2564ea7ea7a3ef32779f05a691cbfe30c3ba9,60,1,http://www.gfex.com.cn/u/interfacesWebTdWbillWeeklyQuotes/loadList,https://www.gfex.com.cn/gfex/cdrb/hqsj_tjsj.shtml,2026-08-14T18:26:02+08:00
2024-11-05,daily,cached,0,b903025355da09d6e3caa8c048a43f0105ef54d1db5a07b96a811af61e002493,27,12,http://www.gfex.com.cn/u/interfacesWebTiDayQuotes/loadList,https://www.gfex.com.cn/gfex/rihq/hqsj_tjsj.shtml,2026-08-14T18:26:02+08:00
2024-11-05,warehouse,cached,0,c2c17cf88bf80fdf08bd3fbba126a77e784935ebd15da6292a917f12d675a137,60,1,http://www.gfex.com.cn/u/interfacesWebTdWbillWeeklyQuotes/loadList,https://www.gfex.com.cn/gfex/cdrb/hqsj_tjsj.shtml,2026-08-14T18:26:02+08:00
2024-11-06,daily,cached,0,bc4706d830c3c94972fbd7109659062361160b752c7bdc241c5dc2cc3a2e68a1,27,12,http://www.gfex.com.cn/u/interfacesWebTiDayQuotes/loadList,https://www.gfex.com.cn/gfex/rihq/hqsj_tjsj.shtml,2026-08-14T18:26:02+08:00
2024-11-06,warehouse,cached,0,3e4432c07dc0472bf2fe141854f82bc0a1ec42a1d818f6f5e2e9a0ba92752243,61,1,http://www.gfex.com.cn/u/interfacesWebTdWbillWeeklyQuotes/loadList,https://www.gfex.com.cn/gfex/cdrb/hqsj_tjsj.shtml,2026-08-14T18:26:02+08:00
2024-11-07,daily,cached,0,bc71b82fab2dd91573da2c5d6aeaec7d29eac1f35695f546225fe0dcd6a47c3a,27,12,http://www.gfex.com.cn/u/interfacesWebTiDayQuotes/loadList,https://www.gfex.com.cn/gfex/rihq/hqsj_tjsj.shtml,2026-08-14T18:26:02+08:00
2024-11-07,warehouse,cached,0,8eb001d2a0536ddcc498cbc189901b30de17b2e501216b5f925186a125b519b3,60,1,http://www.gfex.com.cn/u/interfacesWebTdWbillWeeklyQuotes/loadList,https://www.gfex.com.cn/gfex/cdrb/hqsj_tjsj.shtml,2026-08-14T18:26:02+08:00
2024-11-08,daily,cached,0,fae1ea1c812bfb1f103e89e09368bf78ef2f67ac6f7ab0590060e1e591f87162,27,12,http://www.gfex.com.cn/u/interfacesWebTiDayQuotes/loadList,https://www.gfex.com.cn/gfex/rihq/hqsj_tjsj.shtml,2026-08-14T18:26:02+08:00
2024-11-08,warehouse,cached,0,2d1a2f9e7fc55ef3ed58fc0c0a3e911991bfcd5934bc4e42522ae53eeb02c292,60,1,http://www.gfex.com.cn/u/interfacesWebTdWbillWeeklyQuotes/loadList,https://www.gfex.com.cn/gfex/cdrb/hqsj_tjsj.shtml,2026-08-14T18:26:02+08:00
2024-11-11,daily,cached,0,39305d4f4f5af2017906d79f658a61111358b3eed53b926781789da8af45a463,27,12,http://www.gfex.com.cn/u/interfacesWebTiDayQuotes/loadList,https://www.gfex.com.cn/gfex/rihq/hqsj_tjsj.shtml,2026-08-14T18:26:02+08:00
2024-11-11,warehouse,cached,0,7f74d8e0b9423d6c7a56f226b41da1e333de734874874fe51bb4a83099f4d8b9,61,1,http://www.gfex.com.cn/u/interfacesWebTdWbillWeeklyQuotes/loadList,https://www.gfex.com.cn/gfex/cdrb/hqsj_tjsj.shtml,2026-08-14T18:26:02+08:00
2024-11-12,daily,cached,0,0bb5796df2710e4a75f5d66e5dc581f0569c3e07eedf115f878422a0dc9dd2aa,27,12,http://www.gfex.com.cn/u/interfacesWebTiDayQuotes/loadList,https://www.gfex.com.cn/gfex/rihq/hqsj_tjsj.shtml,2026-08-14T18:26:02+08:00
2024-11-12,warehouse,cached,0,0905e142fe3ae9c65785ebfe17ab11e29029a63037dce492f9443eac6b5d365b,61,1,http://www.gfex.com.cn/u/interfacesWebTdWbillWeeklyQuotes/loadList,https://www.gfex.com.cn/gfex/cdrb/hqsj_tjsj.shtml,2026-08-14T18:26:02+08:00
2024-11-13,daily,cached,0,53d8d6d0ba439a99fec38a22ecb63ca5f528866d2c3aed31db2af022bae155e3,27,12,http://www.gfex.com.cn/u/interfacesWebTiDayQuotes/loadList,https://www.gfex.com.cn/gfex/rihq/hqsj_tjsj.shtml,2026-08-14T18:26:02+08:00
2024-11-13,warehouse,cached,0,a995bc39e6d3c618b2e0cceed79aa9010e06c9394917d168af4246cb5c65c9eb,61,1,http://www.gfex.com.cn/u/interfacesWebTdWbillWeeklyQuotes/loadList,https://www.gfex.com.cn/gfex/cdrb/hqsj_tjsj.shtml,2026-08-14T18:26:02+08:00
2024-11-14,daily,cached,0,baf89c7b7d49cbec9c1cf82a2000f194aa9c0b6c21956330353bfdbafbe8fe72,27,12,http://www.gfex.com.cn/u/interfacesWebTiDayQuotes/loadList,https://www.gfex.com.cn/gfex/rihq/hqsj_tjsj.shtml,2026-08-14T18:26:02+08:00
2024-11-14,warehouse,cached,0,13dfa53c0aa39c29bffdd03896a7b0bc55b26fe0f859183e3a18d5f3d9bb08bb,61,1,http://www.gfex.com.cn/u/interfacesWebTdWbillWeeklyQuotes/loadList,https://www.gfex.com.cn/gfex/cdrb/hqsj_tjsj.shtml,2026-08-14T18:26:02+08:00
2024-11-15,daily,cached,0,9980a80d1e51d2f3133a2ba8e7bdf5babbea734b4400a2830050b272642a7801,27,12,http://www.gfex.com.cn/u/interfacesWebTiDayQuotes/loadList,https://www.gfex.com.cn/gfex/rihq/hqsj_tjsj.shtml,2026-08-14T18:26:02+08:00
2024-11-15,warehouse,cached,0,32bb98ea89a29e2277b28b0bdf22c155c7ced88dcdd8fc57b44e6853e63ca796,61,1,http://www.gfex.com.cn/u/interfacesWebTdWbillWeeklyQuotes/loadList,https://www.gfex.com.cn/gfex/cdrb/hqsj_tjsj.shtml,2026-08-14T18:26:02+08:00
2024-11-18,daily,cached,0,216540f0a694462ed2470b1dbd65a0fa51b58dd0516001bf2e9787381b16ed92,27,12,http://www.gfex.com.cn/u/interfacesWebTiDayQuotes/loadList,https://www.gfex.com.cn/gfex/rihq/hqsj_tjsj.shtml,2026-08-14T18:26:02+08:00
2024-11-18,warehouse,cached,0,c15257c1dd35609bd6e78b6f645cb75e2e6d2beb221ca1d0dca50d5a18574d4f,61,1,http://www.gfex.com.cn/u/interfacesWebTdWbillWeeklyQuotes/loadList,https://www.gfex.com.cn/gfex/cdrb/hqsj_tjsj.shtml,2026-08-14T18:26:02+08:00
2024-11-19,daily,cached,0,805ab06ad9fc7ea02f93eb12d4f5426d86efb88c795f33508cbe8c011c0cc112,27,12,http://www.gfex.com.cn/u/interfacesWebTiDayQuotes/loadList,https://www.gfex.com.cn/gfex/rihq/hqsj_tjsj.shtml,2026-08-14T18:26:02+08:00
2024-11-19,warehouse,cached,0,ade8120fe57db0c6e0b38bc4503afd712721f01e8a0e2b2e97161ed12f80cdd2,61,1,http://www.gfex.com.cn/u/interfacesWebTdWbillWeeklyQuotes/loadList,https://www.gfex.com.cn/gfex/cdrb/hqsj_tjsj.shtml,2026-08-14T18:26:02+08:00
2024-11-20,daily,cached,0,55e297e6bf876386e1f68194dd3042b9a20b90b12849d74fa18c81834378d25d,27,12,http://www.gfex.com.cn/u/interfacesWebTiDayQuotes/loadList,https://www.gfex.com.cn/gfex/rihq/hqsj_tjsj.shtml,2026-08-14T18:26:02+08:00
2024-11-20,warehouse,cached,0,0ae3e2465769547f5ef607efdfe4665d7bc90dfcb587b01cda269517e4dab1ed,61,1,http://www.gfex.com.cn/u/interfacesWebTdWbillWeeklyQuotes/loadList,https://www.gfex.com.cn/gfex/cdrb/hqsj_tjsj.shtml,2026-08-14T18:26:02+08:00
2024-11-21,daily,cached,0,8b314c9f33d7dc1f8f26c8b081964840e29fb0925364baeaa6b92e6a23daadd8,27,12,http://www.gfex.com.cn/u/interfacesWebTiDayQuotes/loadList,https://www.gfex.com.cn/gfex/rihq/hqsj_tjsj.shtml,2026-08-14T18:26:02+08:00
2024-11-21,warehouse,cached,0,9f0075e1c48995e4d144e87bd7530de7f004540c4bb997c4e361c3a5976e1e6d,61,1,http://www.gfex.com.cn/u/interfacesWebTdWbillWeeklyQuotes/loadList,https://www.gfex.com.cn/gfex/cdrb/hqsj_tjsj.shtml,2026-08-14T18:26:02+08:00
2024-11-22,daily,cached,0,00f31822cefe051230bf5ce0207f3b2c04ffaa74803f7cc1b1d3786b86c0b6cc,27,12,http://www.gfex.com.cn/u/interfacesWebTiDayQuotes/loadList,https://www.gfex.com.cn/gfex/rihq/hqsj_tjsj.shtml,2026-08-14T18:26:02+08:00
2024-11-22,warehouse,cached,0,ed12e0f3e5b96bb1e523c21a94ac3f913041a4afad33f6f3a5d12f73915fa49b,61,1,http://www.gfex.com.cn/u/interfacesWebTdWbillWeeklyQuotes/loadList,https://www.gfex.com.cn/gfex/cdrb/hqsj_tjsj.shtml,2026-08-14T18:26:02+08:00
2024-11-25,daily,cached,0,c6535fa83f97c0b4c5f8896eb738b6d8b91e08af64e19e1db3f743b5b2f5b296,27,12,http://www.gfex.com.cn/u/interfacesWebTiDayQuotes/loadList,https://www.gfex.com.cn/gfex/rihq/hqsj_tjsj.shtml,2026-08-14T18:26:02+08:00
2024-11-25,warehouse,cached,0,517cf1923e6e9743c7de25b57c9c135a9a5c93d1d0ae521dd16910e2b238de27,61,1,http://www.gfex.com.cn/u/interfacesWebTdWbillWeeklyQuotes/loadList,https://www.gfex.com.cn/gfex/cdrb/hqsj_tjsj.shtml,2026-08-14T18:26:02+08:00
2024-11-26,daily,cached,0,457a3c35d0d1542e2b6122071186068b7c5b0c950679cb19efe92324fc302fbd,27,12,http://www.gfex.com.cn/u/interfacesWebTiDayQuotes/loadList,https://www.gfex.com.cn/gfex/rihq/hqsj_tjsj.shtml,2026-08-14T18:26:02+08:00
2024-11-26,warehouse,cached,0,202891858a83fa336e251ebf8597eed9a37388fe8968f77d11e74f375e8b4da8,61,1,http://www.gfex.com.cn/u/interfacesWebTdWbillWeeklyQuotes/loadList,https://www.gfex.com.cn/gfex/cdrb/hqsj_tjsj.shtml,2026-08-14T18:26:02+08:00
2024-11-27,daily,cached,0,c597e1cd37452868bcc7d56dd18fcc96e604a64b66e6050e0b15ded78e7e45b6,27,12,http://www.gfex.com.cn/u/interfacesWebTiDayQuotes/loadList,https://www.gfex.com.cn/gfex/rihq/hqsj_tjsj.shtml,2026-08-14T18:26:02+08:00
2024-11-27,warehouse,cached,0,7cca56ff9607e7be9f991cecd0217dc8d2dc2632fd7af45b17722f8c6fd3ce7e,59,1,http://www.gfex.com.cn/u/interfacesWebTdWbillWeeklyQuotes/loadList,https://www.gfex.com.cn/gfex/cdrb/hqsj_tjsj.shtml,2026-08-14T18:26:02+08:00
2024-11-28,daily,cached,0,2880f3d6e7d50747d3fb94442a4ded2df28be8f465d14e84d857573d9ddf0a95,27,12,http://www.gfex.com.cn/u/interfacesWebTiDayQuotes/loadList,https://www.gfex.com.cn/gfex/rihq/hqsj_tjsj.shtml,2026-08-14T18:26:02+08:00
2024-11-28,warehouse,cached,0,f7e683cd970cdcaf86a29cac153680cc3fa0d08c12a018c3a9db23b72eb25b3f,59,1,http://www.gfex.com.cn/u/interfacesWebTdWbillWeeklyQuotes/loadList,https://www.gfex.com.cn/gfex/cdrb/hqsj_tjsj.shtml,2026-08-14T18:26:02+08:00
2024-11-29,daily,cached,0,8fb2e9ced5c28e3a59cd5aba49d1ecbb4c32674d8d8a18b48c604a0a9b1a270a,27,12,http://www.gfex.com.cn/u/interfacesWebTiDayQuotes/loadList,https://www.gfex.com.cn/gfex/rihq/hqsj_tjsj.shtml,2026-08-14T18:26:02+08:00
2024-11-29,warehouse,cached,0,d36bdf04bf58ba31816b88acbe8b3f117ae6eee85cf6a93702eb8fa951f8eca6,59,1,http://www.gfex.com.cn/u/interfacesWebTdWbillWeeklyQuotes/loadList,https://www.gfex.com.cn/gfex/cdrb/hqsj_tjsj.shtml,2026-08-14T18:26:02+08:00
2024-12-02,daily,cached,0,32460d3e12d327c9ff798bdf3723b68cbd8e179aa560220fa73c6c289df05697,27,12,http://www.gfex.com.cn/u/interfacesWebTiDayQuotes/loadList,https://www.gfex.com.cn/gfex/rihq/hqsj_tjsj.shtml,2026-08-14T18:26:02+08:00
2024-12-02,warehouse,cached,0,3641156fa51e3e5ea6ce5daae927d32031461cbe1da18c296b26fe275658aabf,36,1,http://www.gfex.com.cn/u/interfacesWebTdWbillWeeklyQuotes/loadList,https://www.gfex.com.cn/gfex/cdrb/hqsj_tjsj.shtml,2026-08-14T18:26:02+08:00
2024-12-03,daily,cached,0,112b70b2287c48746a0dda340c4dc95ff6ba118a17440a0496c3d1f11eb37f5e,27,12,http://www.gfex.com.cn/u/interfacesWebTiDayQuotes/loadList,https://www.gfex.com.cn/gfex/rihq/hqsj_tjsj.shtml,2026-08-14T18:26:02+08:00
2024-12-03,warehouse,cached,0,9a1e12c5c4a0984d33a11cdcc56370da6b2761906fc829c61dcc81129b4608b1,45,1,http://www.gfex.com.cn/u/interfacesWebTdWbillWeeklyQuotes/loadList,https://www.gfex.com.cn/gfex/cdrb/hqsj_tjsj.shtml,2026-08-14T18:26:02+08:00
2024-12-04,daily,cached,0,a23f83b60a48f71417041275c3dff016af4e0b61e8fa3d1918f825e42380172b,27,12,http://www.gfex.com.cn/u/interfacesWebTiDayQuotes/loadList,https://www.gfex.com.cn/gfex/rihq/hqsj_tjsj.shtml,2026-08-14T18:26:02+08:00
2024-12-04,warehouse,cached,0,eb426ec3d65c183963f60405508e905a6e810dbcbbad9a641fce23cea1edc403,48,1,http://www.gfex.com.cn/u/interfacesWebTdWbillWeeklyQuotes/loadList,https://www.gfex.com.cn/gfex/cdrb/hqsj_tjsj.shtml,2026-08-14T18:26:02+08:00
2024-12-05,daily,cached,0,8eb6d86ce7e11de3d93c3dca18c9e4bc8424dc110153df1ee575b8f3cfbacd14,27,12,http://www.gfex.com.cn/u/interfacesWebTiDayQuotes/loadList,https://www.gfex.com.cn/gfex/rihq/hqsj_tjsj.shtml,2026-08-14T18:26:02+08:00
2024-12-05,warehouse,cached,0,4bbb74379a169d724bc22c83c0db2da0070deed4608d2ed38565233ca5d94717,49,1,http://www.gfex.com.cn/u/interfacesWebTdWbillWeeklyQuotes/loadList,https://www.gfex.com.cn/gfex/cdrb/hqsj_tjsj.shtml,2026-08-14T18:26:02+08:00
2024-12-06,daily,cached,0,715becd7262bef625a5f8ba385202cc6422861cc402ead77c4a28e9fbe5885b5,27,12,http://www.gfex.com.cn/u/interfacesWebTiDayQuotes/loadList,https://www.gfex.com.cn/gfex/rihq/hqsj_tjsj.shtml,2026-08-14T18:26:02+08:00
2024-12-06,warehouse,cached,0,6eee2198140b3f21c51a0ca326b762594afdb29c1b997c6cd0211abdb5b3e92a,49,1,http://www.gfex.com.cn/u/interfacesWebTdWbillWeeklyQuotes/loadList,https://www.gfex.com.cn/gfex/cdrb/hqsj_tjsj.shtml,2026-08-14T18:26:02+08:00
2024-12-09,daily,cached,0,48c9bf83eba1ec6047c5a8b615a53853e8a4ce811673b38fe7fe8281ddd8a860,27,12,http://www.gfex.com.cn/u/interfacesWebTiDayQuotes/loadList,https://www.gfex.com.cn/gfex/rihq/hqsj_tjsj.shtml,2026-08-14T18:26:02+08:00
2024-12-09,warehouse,cached,0,655bcb649e3d2698a82086306d124ea29f805e9790a746b514883e61393137ab,49,1,http://www.gfex.com.cn/u/interfacesWebTdWbillWeeklyQuotes/loadList,https://www.gfex.com.cn/gfex/cdrb/hqsj_tjsj.shtml,2026-08-14T18:26:02+08:00
2024-12-10,daily,cached,0,4a9f6431b1821257ab71fb309b74b625da3456c1e372dc9e94351d94c849966e,27,12,http://www.gfex.com.cn/u/interfacesWebTiDayQuotes/loadList,https://www.gfex.com.cn/gfex/rihq/hqsj_tjsj.shtml,2026-08-14T18:26:02+08:00
2024-12-10,warehouse,cached,0,97de9c488f5cf2c216a9dc5be66a7a93da5ac8890eb469dc1b32b834ab2d7375,49,1,http://www.gfex.com.cn/u/interfacesWebTdWbillWeeklyQuotes/loadList,https://www.gfex.com.cn/gfex/cdrb/hqsj_tjsj.shtml,2026-08-14T18:26:02+08:00
2024-12-11,daily,cached,0,5df3378d477464d3150326bb42a9b624112fd95d4ac93125613dba824679637c,27,12,http://www.gfex.com.cn/u/interfacesWebTiDayQuotes/loadList,https://www.gfex.com.cn/gfex/rihq/hqsj_tjsj.shtml,2026-08-14T18:26:02+08:00
2024-12-11,warehouse,cached,0,18a1e0e49086a3ad544a5713cf4df188c3839f0be7863c9b7ffe142ddb22e49c,49,1,http://www.gfex.com.cn/u/interfacesWebTdWbillWeeklyQuotes/loadList,https://www.gfex.com.cn/gfex/cdrb/hqsj_tjsj.shtml,2026-08-14T18:26:02+08:00
2024-12-12,daily,cached,0,ae99ca02f3466d04b9ef317deeac83b824f80b177a8bbb2f0b866d19ffc18cb3,27,12,http://www.gfex.com.cn/u/interfacesWebTiDayQuotes/loadList,https://www.gfex.com.cn/gfex/rihq/hqsj_tjsj.shtml,2026-08-14T18:26:02+08:00
2024-12-12,warehouse,cached,0,4281e7058b3059f8ac429d07f38967047a84c17b23499b26e44796b3a6637267,49,1,http://www.gfex.com.cn/u/interfacesWebTdWbillWeeklyQuotes/loadList,https://www.gfex.com.cn/gfex/cdrb/hqsj_tjsj.shtml,2026-08-14T18:26:02+08:00
2024-12-13,daily,cached,0,b452757d79635bd13356c8d112dadc03ff762569326684206339c7c2f1b24fa6,27,11,http://www.gfex.com.cn/u/interfacesWebTiDayQuotes/loadList,https://www.gfex.com.cn/gfex/rihq/hqsj_tjsj.shtml,2026-08-14T18:26:02+08:00
2024-12-13,warehouse,cached,0,e00aa555aa689eecaa4bb131b7313531e62923198ec45658b841908c6ac987cd,50,1,http://www.gfex.com.cn/u/interfacesWebTdWbillWeeklyQuotes/loadList,https://www.gfex.com.cn/gfex/cdrb/hqsj_tjsj.shtml,2026-08-14T18:26:02+08:00
2024-12-16,daily,cached,0,291c5c64fcf59ed591e9e4944c70d2f7cf624fdd69d8b01b1ec9992d6f32cc3d,27,12,http://www.gfex.com.cn/u/interfacesWebTiDayQuotes/loadList,https://www.gfex.com.cn/gfex/rihq/hqsj_tjsj.shtml,2026-08-14T18:26:02+08:00
2024-12-16,warehouse,cached,0,779ac73c06c52a71eb9b73d49ad886d1b6c4119a81505c4074d4c66cd5308642,50,1,http://www.gfex.com.cn/u/interfacesWebTdWbillWeeklyQuotes/loadList,https://www.gfex.com.cn/gfex/cdrb/hqsj_tjsj.shtml,2026-08-14T18:26:02+08:00
2024-12-17,daily,cached,0,7d9e4030d2a31a19067fc7c9a76ba339c06665adefb9e7fd11181fede365a8a0,27,12,http://www.gfex.com.cn/u/interfacesWebTiDayQuotes/loadList,https://www.gfex.com.cn/gfex/rihq/hqsj_tjsj.shtml,2026-08-14T18:26:02+08:00
2024-12-17,warehouse,cached,0,437b9468b982c0c7c1f35e602f77a573f048d6a124f990895c7931d3aa7b436d,51,1,http://www.gfex.com.cn/u/interfacesWebTdWbillWeeklyQuotes/loadList,https://www.gfex.com.cn/gfex/cdrb/hqsj_tjsj.shtml,2026-08-14T18:26:02+08:00
2024-12-18,daily,cached,0,f4d13d8abd95d0bacaedae1d879d12b2d85466603d2fb727276a92bb6218eda7,27,12,http://www.gfex.com.cn/u/interfacesWebTiDayQuotes/loadList,https://www.gfex.com.cn/gfex/rihq/hqsj_tjsj.shtml,2026-08-14T18:26:02+08:00
2024-12-18,warehouse,cached,0,309a920df027f04c1117dccaaa0258a2c666dc8cc9b5513528a6d234ae4e8147,52,1,http://www.gfex.com.cn/u/interfacesWebTdWbillWeeklyQuotes/loadList,https://www.gfex.com.cn/gfex/cdrb/hqsj_tjsj.shtml,2026-08-14T18:26:02+08:00
2024-12-19,daily,cached,0,3dbdba717b7a9300ec3c685ae93631fb4203d0372a0e8b0c71b5c749f069b436,27,12,http://www.gfex.com.cn/u/interfacesWebTiDayQuotes/loadList,https://www.gfex.com.cn/gfex/rihq/hqsj_tjsj.shtml,2026-08-14T18:26:02+08:00
2024-12-19,warehouse,cached,0,3bffb4bfb65381abfde55f4ef7da428106e67fc551eb30d1e8becc41b8c3b8e7,52,1,http://www.gfex.com.cn/u/interfacesWebTdWbillWeeklyQuotes/loadList,https://www.gfex.com.cn/gfex/cdrb/hqsj_tjsj.shtml,2026-08-14T18:26:02+08:00
2024-12-20,daily,cached,0,c5c234788ec421893a764ca03d595b63f122f2f646869c1e6bae0bb368d97029,27,12,http://www.gfex.com.cn/u/interfacesWebTiDayQuotes/loadList,https://www.gfex.com.cn/gfex/rihq/hqsj_tjsj.shtml,2026-08-14T18:26:02+08:00
2024-12-20,warehouse,cached,0,3bf0abde871f1ea4524d6e40177b26f588b3ae1868dc86e07357b13a3a7d11e8,52,1,http://www.gfex.com.cn/u/interfacesWebTdWbillWeeklyQuotes/loadList,https://www.gfex.com.cn/gfex/cdrb/hqsj_tjsj.shtml,2026-08-14T18:26:02+08:00
2024-12-23,daily,cached,0,0beb1ba729ce55406fb272722d892075aa8100262acf046d2f740a9cfe8e794a,27,12,http://www.gfex.com.cn/u/interfacesWebTiDayQuotes/loadList,https://www.gfex.com.cn/gfex/rihq/hqsj_tjsj.shtml,2026-08-14T18:26:02+08:00
2024-12-23,warehouse,cached,0,98f9dd182ec726f67cf2a4690cc7adbe453d2c7300a35838fee4f98cc52fc6c3,52,1,http://www.gfex.com.cn/u/interfacesWebTdWbillWeeklyQuotes/loadList,https://www.gfex.com.cn/gfex/cdrb/hqsj_tjsj.shtml,2026-08-14T18:26:02+08:00
2024-12-24,daily,cached,0,67346e043d0f1d6f0de8839c31aa61f2bd0926c49eb07994f299308e6f2fdfcc,27,12,http://www.gfex.com.cn/u/interfacesWebTiDayQuotes/loadList,https://www.gfex.com.cn/gfex/rihq/hqsj_tjsj.shtml,2026-08-14T18:26:02+08:00
2024-12-24,warehouse,cached,0,69a6068a3b039c284f4dbad6f8e5cc3303a2d342923baee2088dcff2b4c3d6ef,52,1,http://www.gfex.com.cn/u/interfacesWebTdWbillWeeklyQuotes/loadList,https://www.gfex.com.cn/gfex/cdrb/hqsj_tjsj.shtml,2026-08-14T18:26:02+08:00
2024-12-25,daily,cached,0,a3080269176167ad0ea74acc3a66abb413961c4929c22d581923f8719583254d,27,12,http://www.gfex.com.cn/u/interfacesWebTiDayQuotes/loadList,https://www.gfex.com.cn/gfex/rihq/hqsj_tjsj.shtml,2026-08-14T18:26:02+08:00
2024-12-25,warehouse,cached,0,5286c6397d5e31e8e68cabff50341684ab3d7a74f67b5ef0e770048507b4f8aa,52,1,http://www.gfex.com.cn/u/interfacesWebTdWbillWeeklyQuotes/loadList,https://www.gfex.com.cn/gfex/cdrb/hqsj_tjsj.shtml,2026-08-14T18:26:02+08:00
2024-12-26,daily,cached,0,d107098109198f8d68c907cc3d7cac0af662ea2f6bc07b64c3b7ef6ce3a93987,35,12,http://www.gfex.com.cn/u/interfacesWebTiDayQuotes/loadList,https://www.gfex.com.cn/gfex/rihq/hqsj_tjsj.shtml,2026-08-14T18:26:02+08:00
2024-12-26,warehouse,cached,0,f68a7fe78158f11f479e937e926e2456b3aadedca79936f67fa58adb3e5c75e2,53,1,http://www.gfex.com.cn/u/interfacesWebTdWbillWeeklyQuotes/loadList,https://www.gfex.com.cn/gfex/cdrb/hqsj_tjsj.shtml,2026-08-14T18:26:02+08:00
2024-12-27,daily,cached,0,511ce38ee6a605201e64dfd0c14aec8604cd7a006ce1723f54e835fb4d668b4c,35,12,http://www.gfex.com.cn/u/interfacesWebTiDayQuotes/loadList,https://www.gfex.com.cn/gfex/rihq/hqsj_tjsj.shtml,2026-08-14T18:26:02+08:00
2024-12-27,warehouse,cached,0,cc86c0dec8f8f18ec6ab0657a473ec29a4dee692f6bd631b59b876e5f46edae0,53,1,http://www.gfex.com.cn/u/interfacesWebTdWbillWeeklyQuotes/loadList,https://www.gfex.com.cn/gfex/cdrb/hqsj_tjsj.shtml,2026-08-14T18:26:02+08:00
2024-12-30,daily,cached,0,d562786deb1ab74e2eb704e137ce72dc53e787e75a1eaf6c3ab4746f204f9642,35,12,http://www.gfex.com.cn/u/interfacesWebTiDayQuotes/loadList,https://www.gfex.com.cn/gfex/rihq/hqsj_tjsj.shtml,2026-08-14T18:26:02+08:00
2024-12-30,warehouse,cached,0,97153895dba57530a9f88acc0bfd87655c8017fd2b7397a40eb7e40c6512ef70,53,1,http://www.gfex.com.cn/u/interfacesWebTdWbillWeeklyQuotes/loadList,https://www.gfex.com.cn/gfex/cdrb/hqsj_tjsj.shtml,2026-08-14T18:26:02+08:00
2024-12-31,daily,cached,0,87b07d1d5fe4aa5315b06049709ed4463ac86402685712b80a0f5fbfde4ed1d1,35,12,http://www.gfex.com.cn/u/interfacesWebTiDayQuotes/loadList,https://www.gfex.com.cn/gfex/rihq/hqsj_tjsj.shtml,2026-08-14T18:26:02+08:00
2024-12-31,warehouse,cached,0,844e4acf2a26a00788864c6c85dfc424f811c3b82810ce9e6beca81737e619d8,54,1,http://www.gfex.com.cn/u/interfacesWebTdWbillWeeklyQuotes/loadList,https://www.gfex.com.cn/gfex/cdrb/hqsj_tjsj.shtml,2026-08-14T18:26:02+08:00
2025-01-01,daily,cached,0,8aaaf9957c2ce6658aac6fa093395c5d02b6a3863cae6911b766402317905dcc,1,0,http://www.gfex.com.cn/u/interfacesWebTiDayQuotes/loadList,https://www.gfex.com.cn/gfex/rihq/hqsj_tjsj.shtml,2026-08-14T18:26:02+08:00
2025-01-01,warehouse,cached,0,a19b89a9de02c3da8851bbd117c165549e99db1326fb0baf6de007e08993bd89,1,0,http://www.gfex.com.cn/u/interfacesWebTdWbillWeeklyQuotes/loadList,https://www.gfex.com.cn/gfex/cdrb/hqsj_tjsj.shtml,2026-08-14T18:26:02+08:00
2025-01-02,daily,cached,0,35607b9a3f6279d518f07812ec5284c4f69d0d37c527d67238a3dc9c4c5af9bc,35,12,http://www.gfex.com.cn/u/interfacesWebTiDayQuotes/loadList,https://www.gfex.com.cn/gfex/rihq/hqsj_tjsj.shtml,2026-08-14T18:26:02+08:00
2025-01-02,warehouse,cached,0,c91f28bd5848f1d672f485a64ce153d9a87523bdd4cdfb9448ab82165fd34bae,54,1,http://www.gfex.com.cn/u/interfacesWebTdWbillWeeklyQuotes/loadList,https://www.gfex.com.cn/gfex/cdrb/hqsj_tjsj.shtml,2026-08-14T18:26:02+08:00
2025-01-03,daily,cached,0,d5b8e41e6edf32b8816b7a4403e77f8c132433d231243326777134bc830d0da8,35,12,http://www.gfex.com.cn/u/interfacesWebTiDayQuotes/loadList,https://www.gfex.com.cn/gfex/rihq/hqsj_tjsj.shtml,2026-08-14T18:26:02+08:00
2025-01-03,warehouse,cached,0,f97a55234f152bb7e1637938ea81aeea533a8426873d1248c4d63460abae67c5,55,1,http://www.gfex.com.cn/u/interfacesWebTdWbillWeeklyQuotes/loadList,https://www.gfex.com.cn/gfex/cdrb/hqsj_tjsj.shtml,2026-08-14T18:26:02+08:00
2025-01-06,daily,cached,0,bac60ee967d0cf9d841c76191d5ae0f6e5a7cfc40425bc74a2350c5748cc7532,35,12,http://www.gfex.com.cn/u/interfacesWebTiDayQuotes/loadList,https://www.gfex.com.cn/gfex/rihq/hqsj_tjsj.shtml,2026-08-14T18:26:02+08:00
2025-01-06,warehouse,cached,0,84142681d9fe3985e6fdaf0dc4e09dfa296a7cb3131cc128bb5f34aa77189ccf,55,1,http://www.gfex.com.cn/u/interfacesWebTdWbillWeeklyQuotes/loadList,https://www.gfex.com.cn/gfex/cdrb/hqsj_tjsj.shtml,2026-08-14T18:26:02+08:00
2025-01-07,daily,cached,0,d60348bbc4b498d9cb5934559045518f903d46083225aa392619e3a3e49ee84d,35,12,http://www.gfex.com.cn/u/interfacesWebTiDayQuotes/loadList,https://www.gfex.com.cn/gfex/rihq/hqsj_tjsj.shtml,2026-08-14T18:26:02+08:00
2025-01-07,warehouse,cached,0,32cc85d73b79851330f0b07a1d1723b193c8130d80f093b3c443da69fbff439b,55,1,http://www.gfex.com.cn/u/interfacesWebTdWbillWeeklyQuotes/loadList,https://www.gfex.com.cn/gfex/cdrb/hqsj_tjsj.shtml,2026-08-14T18:26:02+08:00
2025-01-08,daily,cached,0,e089c0908bd465ab700eec829ce7181197ade77fd89341c89bf44ccc4a9da3be,35,12,http://www.gfex.com.cn/u/interfacesWebTiDayQuotes/loadList,https://www.gfex.com.cn/gfex/rihq/hqsj_tjsj.shtml,2026-08-14T18:26:02+08:00
2025-01-08,warehouse,cached,0,217edbbfe9e50d37ca6cc533d8f23a0c0bd0c7b98f9f3537fd6f1ff33dc5099b,56,1,http://www.gfex.com.cn/u/interfacesWebTdWbillWeeklyQuotes/loadList,https://www.gfex.com.cn/gfex/cdrb/hqsj_tjsj.shtml,2026-08-14T18:26:02+08:00
2025-01-09,daily,cached,0,511fffdc53e2951d7d1e1d65f21a6994904c029c5e4cd8d186fc542bae4263f7,35,12,http://www.gfex.com.cn/u/interfacesWebTiDayQuotes/loadList,https://www.gfex.com.cn/gfex/rihq/hqsj_tjsj.shtml,2026-08-14T18:26:02+08:00
2025-01-09,warehouse,cached,0,29eb8fe584105e0f28f774fc5be373518f45a69f585fab0d7663edab7d9ed141,56,1,http://www.gfex.com.cn/u/interfacesWebTdWbillWeeklyQuotes/loadList,https://www.gfex.com.cn/gfex/cdrb/hqsj_tjsj.shtml,2026-08-14T18:26:02+08:00
2025-01-10,daily,cached,0,d6fcd5445f4a18f79061883de0796cf9b0e59a585b1048d9d227809c751f7644,35,12,http://www.gfex.com.cn/u/interfacesWebTiDayQuotes/loadList,https://www.gfex.com.cn/gfex/rihq/hqsj_tjsj.shtml,2026-08-14T18:26:02+08:00
2025-01-10,warehouse,cached,0,14f91b32acc2e8ea9e8f431ac656ba2f7353f9eb474e30cbf185ba9dd93146fa,56,1,http://www.gfex.com.cn/u/interfacesWebTdWbillWeeklyQuotes/loadList,https://www.gfex.com.cn/gfex/cdrb/hqsj_tjsj.shtml,2026-08-14T18:26:02+08:00
2025-01-13,daily,cached,0,455ce182b016cb2d6439758cf2a5038e755bbde23c1bf28128a4a9c17183d27a,35,12,http://www.gfex.com.cn/u/interfacesWebTiDayQuotes/loadList,https://www.gfex.com.cn/gfex/rihq/hqsj_tjsj.shtml,2026-08-14T18:26:02+08:00
2025-01-13,warehouse,cached,0,97afa0cdde693d28358fed119624780890b3d3f061ab66cf5ec54485b2481a00,56,1,http://www.gfex.com.cn/u/interfacesWebTdWbillWeeklyQuotes/loadList,https://www.gfex.com.cn/gfex/cdrb/hqsj_tjsj.shtml,2026-08-14T18:26:02+08:00
2025-01-14,daily,cached,0,f2a33ed79fe5ca480c26a58590500d957696dbfdeccc57b450b9c4c34c3483ca,35,12,http://www.gfex.com.cn/u/interfacesWebTiDayQuotes/loadList,https://www.gfex.com.cn/gfex/rihq/hqsj_tjsj.shtml,2026-08-14T18:26:02+08:00
2025-01-14,warehouse,cached,0,9e6f3ab19419191fc3b4c5751a92a9818783e0cd588983abe669de534681c2e9,56,1,http://www.gfex.com.cn/u/interfacesWebTdWbillWeeklyQuotes/loadList,https://www.gfex.com.cn/gfex/cdrb/hqsj_tjsj.shtml,2026-08-14T18:26:02+08:00
2025-01-15,daily,cached,0,7db144b74da0c1d37aa27a2053f1101cfabcef38474c1c30bb315f434c95955f,35,11,http://www.gfex.com.cn/u/interfacesWebTiDayQuotes/loadList,https://www.gfex.com.cn/gfex/rihq/hqsj_tjsj.shtml,2026-08-14T18:26:02+08:00
2025-01-15,warehouse,cached,0,953ef1ff3e41e5b955b3287719685d32da2d0d066a90a79b2d8434eb9d08b7d8,56,1,http://www.gfex.com.cn/u/interfacesWebTdWbillWeeklyQuotes/loadList,https://www.gfex.com.cn/gfex/cdrb/hqsj_tjsj.shtml,2026-08-14T18:26:02+08:00
2025-01-16,daily,cached,0,59dd809f6b705ceeab99fff9fdf3b21cd7be335a1b978e5210987c2e6c13f6c3,36,12,http://www.gfex.com.cn/u/interfacesWebTiDayQuotes/loadList,https://www.gfex.com.cn/gfex/rihq/hqsj_tjsj.shtml,2026-08-14T18:26:02+08:00
2025-01-16,warehouse,cached,0,e2dc3a61e66c6f9885200255b54a2f00f4458a73686bc7074cda0ff81915c6b9,56,1,http://www.gfex.com.cn/u/interfacesWebTdWbillWeeklyQuotes/loadList,https://www.gfex.com.cn/gfex/cdrb/hqsj_tjsj.shtml,2026-08-14T18:26:02+08:00
2025-01-17,daily,cached,0,c356b7e8c9637ca12f1b7c37021f55b5b70297e65a87857fb439dbcfb15e86b5,36,12,http://www.gfex.com.cn/u/interfacesWebTiDayQuotes/loadList,https://www.gfex.com.cn/gfex/rihq/hqsj_tjsj.shtml,2026-08-14T18:26:02+08:00
2025-01-17,warehouse,cached,0,2e58d05a63fbe70e854bc2da4cd411e4dc93368c5f9b162c175980cd82532c1f,56,1,http://www.gfex.com.cn/u/interfacesWebTdWbillWeeklyQuotes/loadList,https://www.gfex.com.cn/gfex/cdrb/hqsj_tjsj.shtml,2026-08-14T18:26:02+08:00
2025-01-20,daily,cached,0,aaed0798cbd6603e0ef465201ead1a336eaf4c587e6018640c7371469dbbb845,36,12,http://www.gfex.com.cn/u/interfacesWebTiDayQuotes/loadList,https://www.gfex.com.cn/gfex/rihq/hqsj_tjsj.shtml,2026-08-14T18:26:02+08:00
2025-01-20,warehouse,cached,0,c4a491160d9ca30ddafc6f2733cf4c17e8519796c18b2667e710595e1dca5f63,56,1,http://www.gfex.com.cn/u/interfacesWebTdWbillWeeklyQuotes/loadList,https://www.gfex.com.cn/gfex/cdrb/hqsj_tjsj.shtml,2026-08-14T18:26:02+08:00
2025-01-21,daily,cached,0,e1e2a97aa7776123fd4b6dd5fa9db03fa97a642abb82846a677d97ca65accc92,36,12,http://www.gfex.com.cn/u/interfacesWebTiDayQuotes/loadList,https://www.gfex.com.cn/gfex/rihq/hqsj_tjsj.shtml,2026-08-14T18:26:02+08:00
2025-01-21,warehouse,cached,0,95572277c8aa0f76ecf982afdde4b946ce950ad91493c251496ccd3b27a5e344,56,1,http://www.gfex.com.cn/u/interfacesWebTdWbillWeeklyQuotes/loadList,https://www.gfex.com.cn/gfex/cdrb/hqsj_tjsj.shtml,2026-08-14T18:26:02+08:00
2025-01-22,daily,cached,0,47d0d8bf0549bcb6cd42b55ffd84197a7743f75cb8ec3dda6baed1575cdcdf2f,36,12,http://www.gfex.com.cn/u/interfacesWebTiDayQuotes/loadList,https://www.gfex.com.cn/gfex/rihq/hqsj_tjsj.shtml,2026-08-14T18:26:02+08:00
2025-01-22,warehouse,cached,0,2a19ffdf335fb197e6b90e2de9f2b35f06d3d8586e5a276d8bfc270106a0c664,56,1,http://www.gfex.com.cn/u/interfacesWebTdWbillWeeklyQuotes/loadList,https://www.gfex.com.cn/gfex/cdrb/hqsj_tjsj.shtml,2026-08-14T18:26:02+08:00
2025-01-23,daily,cached,0,928e421b44d595859048d4aed19b56527ff14688d08df376cc8c22f8aa31aab5,36,12,http://www.gfex.com.cn/u/interfacesWebTiDayQuotes/loadList,https://www.gfex.com.cn/gfex/rihq/hqsj_tjsj.shtml,2026-08-14T18:26:02+08:00
2025-01-23,warehouse,cached,0,9976852ecf59f73e41df39c3f0ce843c31f6a4fb46facf6f17b2c2fcf471243e,56,1,http://www.gfex.com.cn/u/interfacesWebTdWbillWeeklyQuotes/loadList,https://www.gfex.com.cn/gfex/cdrb/hqsj_tjsj.shtml,2026-08-14T18:26:02+08:00
2025-01-24,daily,cached,0,c550216c97acc9bda6e6e1300c5c0a37cf7bf0cec125f06542b0870de3afc6ae,36,12,http://www.gfex.com.cn/u/interfacesWebTiDayQuotes/loadList,https://www.gfex.com.cn/gfex/rihq/hqsj_tjsj.shtml,2026-08-14T18:26:02+08:00
2025-01-24,warehouse,cached,0,705f739e8c4d9989b089f3ded0b80d1bfae0f520d7a2f4f13ea0bac5b8e6b4f3,56,1,http://www.gfex.com.cn/u/interfacesWebTdWbillWeeklyQuotes/loadList,https://www.gfex.com.cn/gfex/cdrb/hqsj_tjsj.shtml,2026-08-14T18:26:02+08:00
2025-01-27,daily,cached,0,4e8264ad44be143f44d92cce6d03fc6b1d88762621a43e96b5802cc7c6e4b705,36,12,http://www.gfex.com.cn/u/interfacesWebTiDayQuotes/loadList,https://www.gfex.com.cn/gfex/rihq/hqsj_tjsj.shtml,2026-08-14T18:26:02+08:00
2025-01-27,warehouse,cached,0,2780f11160944009f36e8074bd22bb7c825d86c7c24e522a8679fff51d066c58,57,1,http://www.gfex.com.cn/u/interfacesWebTdWbillWeeklyQuotes/loadList,https://www.gfex.com.cn/gfex/cdrb/hqsj_tjsj.shtml,2026-08-14T18:26:02+08:00
2025-01-28,daily,cached,0,497eb99ee28db8d17443dbcc6800b05e0f0f3031430cc91f22a2a2821787058a,1,0,http://www.gfex.com.cn/u/interfacesWebTiDayQuotes/loadList,https://www.gfex.com.cn/gfex/rihq/hqsj_tjsj.shtml,2026-08-14T18:26:02+08:00
2025-01-28,warehouse,cached,0,f6cb3d05469ca45c40c7332b2da1d950c93a2ebb3ef5bc044f24ee46bcec7b85,1,0,http://www.gfex.com.cn/u/interfacesWebTdWbillWeeklyQuotes/loadList,https://www.gfex.com.cn/gfex/cdrb/hqsj_tjsj.shtml,2026-08-14T18:26:02+08:00
2025-01-29,daily,cached,0,5ff0ac229345bfd0cd2db49b5917a5c9b03f9954eadd5abd56f507e3077dfdc4,1,0,http://www.gfex.com.cn/u/interfacesWebTiDayQuotes/loadList,https://www.gfex.com.cn/gfex/rihq/hqsj_tjsj.shtml,2026-08-14T18:26:02+08:00
2025-01-29,warehouse,cached,0,3bf05d624b8c67b3a436e05ba5fc8eab7363b979142581092feb8d15cabfb64e,1,0,http://www.gfex.com.cn/u/interfacesWebTdWbillWeeklyQuotes/loadList,https://www.gfex.com.cn/gfex/cdrb/hqsj_tjsj.shtml,2026-08-14T18:26:02+08:00
2025-01-30,daily,cached,0,6c4cb2b53eb86a6c3b978ac94767187f2cc6b9209723fd492389d5b63778b390,1,0,http://www.gfex.com.cn/u/interfacesWebTiDayQuotes/loadList,https://www.gfex.com.cn/gfex/rihq/hqsj_tjsj.shtml,2026-08-14T18:26:02+08:00
2025-01-30,warehouse,cached,0,3e9ebaace4a59757f4b91acbeb8651d88a0ec5f3f85ca95451d4000cac87ee70,1,0,http://www.gfex.com.cn/u/interfacesWebTdWbillWeeklyQuotes/loadList,https://www.gfex.com.cn/gfex/cdrb/hqsj_tjsj.shtml,2026-08-14T18:26:02+08:00
2025-01-31,daily,cached,0,9655acb377b470ba69228a94429c6833fc5c31b0d1cd8488fd4d8f3d3110575e,1,0,http://www.gfex.com.cn/u/interfacesWebTiDayQuotes/loadList,https://www.gfex.com.cn/gfex/rihq/hqsj_tjsj.shtml,2026-08-14T18:26:02+08:00
2025-01-31,warehouse,cached,0,2c9752e751ce2707f08e49371052376b963fb7f815b44d1ea8d3d8b28501203a,1,0,http://www.gfex.com.cn/u/interfacesWebTdWbillWeeklyQuotes/loadList,https://www.gfex.com.cn/gfex/cdrb/hqsj_tjsj.shtml,2026-08-14T18:26:02+08:00
2025-02-03,daily,cached,0,aac0e93c11c3b2d35bddc600ea2476397752091204c621c85f22e9799be95a09,1,0,http://www.gfex.com.cn/u/interfacesWebTiDayQuotes/loadList,https://www.gfex.com.cn/gfex/rihq/hqsj_tjsj.shtml,2026-08-14T18:26:02+08:00
2025-02-03,warehouse,cached,0,530ed7c735ad0477741e96a8b8defadb566b6b389298731dced88a814853254f,1,0,http://www.gfex.com.cn/u/interfacesWebTdWbillWeeklyQuotes/loadList,https://www.gfex.com.cn/gfex/cdrb/hqsj_tjsj.shtml,2026-08-14T18:26:02+08:00
2025-02-04,daily,cached,0,4316774baafe6bf4e98418d1a599cb5f84abeb7828008bdaf44241366e2ad488,1,0,http://www.gfex.com.cn/u/interfacesWebTiDayQuotes/loadList,https://www.gfex.com.cn/gfex/rihq/hqsj_tjsj.shtml,2026-08-14T18:26:02+08:00
2025-02-04,warehouse,cached,0,3ad680b11fc298639df18b5dba71688d96b49c5a8fb50da2b661cb02dd519c74,1,0,http://www.gfex.com.cn/u/interfacesWebTdWbillWeeklyQuotes/loadList,https://www.gfex.com.cn/gfex/cdrb/hqsj_tjsj.shtml,2026-08-14T18:26:02+08:00
2025-02-05,daily,cached,0,724ccd81c1d574e6c6f65a04b1e858fb7fb3ef1fd9bbe6f90e894c2a8d54c91e,36,12,http://www.gfex.com.cn/u/interfacesWebTiDayQuotes/loadList,https://www.gfex.com.cn/gfex/rihq/hqsj_tjsj.shtml,2026-08-14T18:26:02+08:00
2025-02-05,warehouse,cached,0,240c916eb969a2ec08a32e4e4a9e380b5a6b494051092986441c06605fad08ae,57,1,http://www.gfex.com.cn/u/interfacesWebTdWbillWeeklyQuotes/loadList,https://www.gfex.com.cn/gfex/cdrb/hqsj_tjsj.shtml,2026-08-14T18:26:02+08:00
2025-02-06,daily,cached,0,1f2332f38ad2827ff16e81b72b2989ecc2bc723d1bffa0d72f02ad8013cd7760,36,12,http://www.gfex.com.cn/u/interfacesWebTiDayQuotes/loadList,https://www.gfex.com.cn/gfex/rihq/hqsj_tjsj.shtml,2026-08-14T18:26:02+08:00
2025-02-06,warehouse,cached,0,3809949bd381e14758af6dab5c804c284840840e602dd5e24799152aaa876d64,57,1,http://www.gfex.com.cn/u/interfacesWebTdWbillWeeklyQuotes/loadList,https://www.gfex.com.cn/gfex/cdrb/hqsj_tjsj.shtml,2026-08-14T18:26:02+08:00
2025-02-07,daily,cached,0,b614ac0f7abc399b3943cee7c0d40e120bb3fd3fa8f3998b23179bd03775a026,36,12,http://www.gfex.com.cn/u/interfacesWebTiDayQuotes/loadList,https://www.gfex.com.cn/gfex/rihq/hqsj_tjsj.shtml,2026-08-14T18:26:02+08:00
2025-02-07,warehouse,cached,0,9fa79576a5029bcdbe72c98749e4743b4b4368b7526c04e46112204aaab15840,58,1,http://www.gfex.com.cn/u/interfacesWebTdWbillWeeklyQuotes/loadList,https://www.gfex.com.cn/gfex/cdrb/hqsj_tjsj.shtml,2026-08-14T18:26:02+08:00
2025-02-10,daily,cached,0,6aa6f6b123a34f83ca69d8ecf28303d2dac558fc170bf7d6f03aefce56a68044,36,12,http://www.gfex.com.cn/u/interfacesWebTiDayQuotes/loadList,https://www.gfex.com.cn/gfex/rihq/hqsj_tjsj.shtml,2026-08-14T18:26:02+08:00
2025-02-10,warehouse,cached,0,297dd57b95fca8908208a1246c7ccb0974cb0d4e593d706723a59a191e423c93,58,1,http://www.gfex.com.cn/u/interfacesWebTdWbillWeeklyQuotes/loadList,https://www.gfex.com.cn/gfex/cdrb/hqsj_tjsj.shtml,2026-08-14T18:26:02+08:00
2025-02-11,daily,cached,0,e802720e8f2c89bbcef0ab1718ca803333e86867d57892875b4e2d6e7166f931,36,12,http://www.gfex.com.cn/u/interfacesWebTiDayQuotes/loadList,https://www.gfex.com.cn/gfex/rihq/hqsj_tjsj.shtml,2026-08-14T18:26:02+08:00
2025-02-11,warehouse,cached,0,5147d942afc9b277b374419b4f3686f4520e38bbd0dd2d1e7cd5a8b88479efc4,58,1,http://www.gfex.com.cn/u/interfacesWebTdWbillWeeklyQuotes/loadList,https://www.gfex.com.cn/gfex/cdrb/hqsj_tjsj.shtml,2026-08-14T18:26:02+08:00
2025-02-12,daily,cached,0,7906b0d10b021301942ad1db0c318ee21a187385b7524ee19a24b1efd8063cbf,36,11,http://www.gfex.com.cn/u/interfacesWebTiDayQuotes/loadList,https://www.gfex.com.cn/gfex/rihq/hqsj_tjsj.shtml,2026-08-14T18:26:02+08:00
2025-02-12,warehouse,cached,0,9a25ed1ba6595c115cd323fe9a304d827b9f70cc25127d54573f979595154a1c,58,1,http://www.gfex.com.cn/u/interfacesWebTdWbillWeeklyQuotes/loadList,https://www.gfex.com.cn/gfex/cdrb/hqsj_tjsj.shtml,2026-08-14T18:26:02+08:00
2025-02-13,daily,cached,0,c730867ac3dbf1550d2c18edc58bed8e3785f9916083f0e1651a131bc6dddf77,36,12,http://www.gfex.com.cn/u/interfacesWebTiDayQuotes/loadList,https://www.gfex.com.cn/gfex/rihq/hqsj_tjsj.shtml,2026-08-14T18:26:02+08:00
2025-02-13,warehouse,cached,0,72f7ff935da8c907a64643566981926441cdaa108437d7a82d4d0c4111874976,58,1,http://www.gfex.com.cn/u/interfacesWebTdWbillWeeklyQuotes/loadList,https://www.gfex.com.cn/gfex/cdrb/hqsj_tjsj.shtml,2026-08-14T18:26:02+08:00
2025-02-14,daily,cached,0,3c009c32ba24e55bc2342e3ee507c5bea6720c6da3c018d0f5d79c48114268f1,36,11,http://www.gfex.com.cn/u/interfacesWebTiDayQuotes/loadList,https://www.gfex.com.cn/gfex/rihq/hqsj_tjsj.shtml,2026-08-14T18:26:02+08:00
2025-02-14,warehouse,cached,0,444192f34dac7c76eeab1bd8a2af547d6838502b8bbf0b8ab2eff51bd9f4d99b,59,1,http://www.gfex.com.cn/u/interfacesWebTdWbillWeeklyQuotes/loadList,https://www.gfex.com.cn/gfex/cdrb/hqsj_tjsj.shtml,2026-08-14T18:26:02+08:00
2025-02-17,daily,cached,0,b0059237be257e6c64b923e4e7995af3cb0c719ee55644ac18803324e8c874e7,36,12,http://www.gfex.com.cn/u/interfacesWebTiDayQuotes/loadList,https://www.gfex.com.cn/gfex/rihq/hqsj_tjsj.shtml,2026-08-14T18:26:02+08:00
2025-02-17,warehouse,cached,0,3225ca25a718de1024a30414d892f25df0c823988c81c6373f01937563454e6d,58,1,http://www.gfex.com.cn/u/interfacesWebTdWbillWeeklyQuotes/loadList,https://www.gfex.com.cn/gfex/cdrb/hqsj_tjsj.shtml,2026-08-14T18:26:02+08:00
2025-02-18,daily,cached,0,e72b652e68a5e6832f239bcf389eca0a5ac82eb64e6edaec2abd33fd9eb64a6a,36,11,http://www.gfex.com.cn/u/interfacesWebTiDayQuotes/loadList,https://www.gfex.com.cn/gfex/rihq/hqsj_tjsj.shtml,2026-08-14T18:26:02+08:00
2025-02-18,warehouse,cached,0,3f657e475619dfc2ea52ef69a61604344c54ca0e3c08886a0517bd11764fc9e8,58,1,http://www.gfex.com.cn/u/interfacesWebTdWbillWeeklyQuotes/loadList,https://www.gfex.com.cn/gfex/cdrb/hqsj_tjsj.shtml,2026-08-14T18:26:02+08:00
2025-02-19,daily,cached,0,62d317ae74f3b112b718d9c2824c4d2b3ea95c2dfd6ab251bcf9b930e10a8623,37,12,http://www.gfex.com.cn/u/interfacesWebTiDayQuotes/loadList,https://www.gfex.com.cn/gfex/rihq/hqsj_tjsj.shtml,2026-08-14T18:26:02+08:00
2025-02-19,warehouse,cached,0,f2f02d99790891c16cf61b8d22801d2994eae8abb4afcf49f28a08395ea8ab85,58,1,http://www.gfex.com.cn/u/interfacesWebTdWbillWeeklyQuotes/loadList,https://www.gfex.com.cn/gfex/cdrb/hqsj_tjsj.shtml,2026-08-14T18:26:02+08:00
2025-02-20,daily,cached,0,7d7e3a16338e984ef1478a17acd5b0ce8fed29f3df16ab78101a0da2c7f38395,37,12,http://www.gfex.com.cn/u/interfacesWebTiDayQuotes/loadList,https://www.gfex.com.cn/gfex/rihq/hqsj_tjsj.shtml,2026-08-14T18:26:02+08:00
2025-02-20,warehouse,cached,0,3f4e098afb99077f441c7532dbdba76faddd06ffbcc0f6d9cf96b98d946a5381,58,1,http://www.gfex.com.cn/u/interfacesWebTdWbillWeeklyQuotes/loadList,https://www.gfex.com.cn/gfex/cdrb/hqsj_tjsj.shtml,2026-08-14T18:26:02+08:00
2025-02-21,daily,cached,0,2d5488e2adbc3c815e415297f095dc93c515f7416d04a5fcceb80cec01a704a2,37,12,http://www.gfex.com.cn/u/interfacesWebTiDayQuotes/loadList,https://www.gfex.com.cn/gfex/rihq/hqsj_tjsj.shtml,2026-08-14T18:26:02+08:00
2025-02-21,warehouse,cached,0,ef9dfc8fa812ba04074265f559e592af6544222d95594b3cc8a373e72ccf7dbb,58,1,http://www.gfex.com.cn/u/interfacesWebTdWbillWeeklyQuotes/loadList,https://www.gfex.com.cn/gfex/cdrb/hqsj_tjsj.shtml,2026-08-14T18:26:02+08:00
2025-02-24,daily,cached,0,8d5e6c0a18ebe69db7180a267c857200b48335beeb77ff2438739039032ff6c4,37,12,http://www.gfex.com.cn/u/interfacesWebTiDayQuotes/loadList,https://www.gfex.com.cn/gfex/rihq/hqsj_tjsj.shtml,2026-08-14T18:26:02+08:00
2025-02-24,warehouse,cached,0,db8715718c3604119397ddea7270c06099386b0bc6043b017e9897ef757d6a91,58,1,http://www.gfex.com.cn/u/interfacesWebTdWbillWeeklyQuotes/loadList,https://www.gfex.com.cn/gfex/cdrb/hqsj_tjsj.shtml,2026-08-14T18:26:02+08:00
2025-02-25,daily,cached,0,a547b0d81e4616688b356dff94f124a854ff4624bdb532ab10eca5157939ef1a,37,12,http://www.gfex.com.cn/u/interfacesWebTiDayQuotes/loadList,https://www.gfex.com.cn/gfex/rihq/hqsj_tjsj.shtml,2026-08-14T18:26:02+08:00
2025-02-25,warehouse,cached,0,6488ef7d5459525f5fd44bbdcce67ad78769f8917b27bf4874b05e8e3427f692,58,1,http://www.gfex.com.cn/u/interfacesWebTdWbillWeeklyQuotes/loadList,https://www.gfex.com.cn/gfex/cdrb/hqsj_tjsj.shtml,2026-08-14T18:26:02+08:00
2025-02-26,daily,cached,0,7bd6b3c27c80f51f56c1746fc6bc01030d39dde96a57df61cc5d78e71c301561,37,12,http://www.gfex.com.cn/u/interfacesWebTiDayQuotes/loadList,https://www.gfex.com.cn/gfex/rihq/hqsj_tjsj.shtml,2026-08-14T18:26:02+08:00
2025-02-26,warehouse,cached,0,99d1e104cb8b3db21cc08a5bb9f61f69e8e9218d2718f2bf276d3dac4cfef568,58,1,http://www.gfex.com.cn/u/interfacesWebTdWbillWeeklyQuotes/loadList,https://www.gfex.com.cn/gfex/cdrb/hqsj_tjsj.shtml,2026-08-14T18:26:02+08:00
2025-02-27,daily,cached,0,1143272ed203fc15b83d80b9efed9defdf0251bebc083bc87c368aa67d1be0ec,37,12,http://www.gfex.com.cn/u/interfacesWebTiDayQuotes/loadList,https://www.gfex.com.cn/gfex/rihq/hqsj_tjsj.shtml,2026-08-14T18:26:02+08:00
2025-02-27,warehouse,cached,0,cbdcc422f5aa80f502af662a843650b542f57a7f799f647fc835432c8308c770,58,1,http://www.gfex.com.cn/u/interfacesWebTdWbillWeeklyQuotes/loadList,https://www.gfex.com.cn/gfex/cdrb/hqsj_tjsj.shtml,2026-08-14T18:26:02+08:00
2025-02-28,daily,cached,0,f76353e75002c842b0c88118782affdf7bad7862c6a20968adc09e628fc32c3c,37,12,http://www.gfex.com.cn/u/interfacesWebTiDayQuotes/loadList,https://www.gfex.com.cn/gfex/rihq/hqsj_tjsj.shtml,2026-08-14T18:26:02+08:00
2025-02-28,warehouse,cached,0,2a6fcad775d87badec9398b6b9dedc64d0956ee41d62148da85cfd942348e841,58,1,http://www.gfex.com.cn/u/interfacesWebTdWbillWeeklyQuotes/loadList,https://www.gfex.com.cn/gfex/cdrb/hqsj_tjsj.shtml,2026-08-14T18:26:02+08:00
2025-03-03,daily,cached,0,d8474853c041d8d121ee814c1d9fb2fae6719a71bbdee7ca8604222d35b82194,37,12,http://www.gfex.com.cn/u/interfacesWebTiDayQuotes/loadList,https://www.gfex.com.cn/gfex/rihq/hqsj_tjsj.shtml,2026-08-14T18:26:02+08:00
2025-03-03,warehouse,cached,0,34e106bbbcf065869e19cf7ae60c75b0fed702f45c4d2828577333167cd664bb,58,1,http://www.gfex.com.cn/u/interfacesWebTdWbillWeeklyQuotes/loadList,https://www.gfex.com.cn/gfex/cdrb/hqsj_tjsj.shtml,2026-08-14T18:26:02+08:00
2025-03-04,daily,cached,0,0ea2eeb76ec67c3edb8883f30fb747e11e58f888f9e8cd2e45eb756ebb81349d,37,12,http://www.gfex.com.cn/u/interfacesWebTiDayQuotes/loadList,https://www.gfex.com.cn/gfex/rihq/hqsj_tjsj.shtml,2026-08-14T18:26:02+08:00
2025-03-04,warehouse,cached,0,69936dace5c972137ace87215ed77eff04084f3d4ffb5e95afb4b859b6ba8c75,59,1,http://www.gfex.com.cn/u/interfacesWebTdWbillWeeklyQuotes/loadList,https://www.gfex.com.cn/gfex/cdrb/hqsj_tjsj.shtml,2026-08-14T18:26:02+08:00
2025-03-05,daily,cached,0,c9c3b7bc2ccc14600a908b909c63c79c78eb755a6cfe221ac86ce3544bcbe887,37,12,http://www.gfex.com.cn/u/interfacesWebTiDayQuotes/loadList,https://www.gfex.com.cn/gfex/rihq/hqsj_tjsj.shtml,2026-08-14T18:26:02+08:00
2025-03-05,warehouse,cached,0,2cb9be1cb4e61dfba4c60c6757c01f520eaf9e1572c338e5bdb0816e70b72f3b,59,1,http://www.gfex.com.cn/u/interfacesWebTdWbillWeeklyQuotes/loadList,https://www.gfex.com.cn/gfex/cdrb/hqsj_tjsj.shtml,2026-08-14T18:26:02+08:00
2025-03-06,daily,cached,0,ba6fcdcae7ed0f10bbb52c3d72e985b651f8595777a2b48642eb8de575acf067,37,12,http://www.gfex.com.cn/u/interfacesWebTiDayQuotes/loadList,https://www.gfex.com.cn/gfex/rihq/hqsj_tjsj.shtml,2026-08-14T18:26:02+08:00
2025-03-06,warehouse,cached,0,1a9aa3037a86d326734b7c31fd2b0c52ff4555dc4fbcbf01a235feffec23388a,59,1,http://www.gfex.com.cn/u/interfacesWebTdWbillWeeklyQuotes/loadList,https://www.gfex.com.cn/gfex/cdrb/hqsj_tjsj.shtml,2026-08-14T18:26:02+08:00
2025-03-07,daily,cached,0,14e36c98b3c31aa17f56cbddd4bedeef871235556aa52385bacddbb33df75942,37,12,http://www.gfex.com.cn/u/interfacesWebTiDayQuotes/loadList,https://www.gfex.com.cn/gfex/rihq/hqsj_tjsj.shtml,2026-08-14T18:26:02+08:00
2025-03-07,warehouse,cached,0,e2e7689e7813855aee09c2b9fc2afed8bdb0cd474f864a4fa9e2887ea0193036,59,1,http://www.gfex.com.cn/u/interfacesWebTdWbillWeeklyQuotes/loadList,https://www.gfex.com.cn/gfex/cdrb/hqsj_tjsj.shtml,2026-08-14T18:26:02+08:00
2025-03-10,daily,cached,0,3258ced2977119c014535afe6a8b1f53a6d76934119e326f88fc125c8bdbc161,37,12,http://www.gfex.com.cn/u/interfacesWebTiDayQuotes/loadList,https://www.gfex.com.cn/gfex/rihq/hqsj_tjsj.shtml,2026-08-14T18:26:02+08:00
2025-03-10,warehouse,cached,0,6963845826cf23e5dda3d8cdc5e16e203cf18f68f3695567609bc0e892633c25,59,1,http://www.gfex.com.cn/u/interfacesWebTdWbillWeeklyQuotes/loadList,https://www.gfex.com.cn/gfex/cdrb/hqsj_tjsj.shtml,2026-08-14T18:26:02+08:00
2025-03-11,daily,cached,0,eb3fae9376d04df303b9d1105c7b8d4f8eb3acd66328268d0d7401e24fedc20f,37,12,http://www.gfex.com.cn/u/interfacesWebTiDayQuotes/loadList,https://www.gfex.com.cn/gfex/rihq/hqsj_tjsj.shtml,2026-08-14T18:26:02+08:00
2025-03-11,warehouse,cached,0,b3b0015ed56a10d02a417813b50961b26830cac9978b3642aeb9170e179c8af1,59,1,http://www.gfex.com.cn/u/interfacesWebTdWbillWeeklyQuotes/loadList,https://www.gfex.com.cn/gfex/cdrb/hqsj_tjsj.shtml,2026-08-14T18:26:02+08:00
2025-03-12,daily,cached,0,653d16e3860a066cca27be556a31571ca29dfcb1d71ed41173bea096279aec3c,37,12,http://www.gfex.com.cn/u/interfacesWebTiDayQuotes/loadList,https://www.gfex.com.cn/gfex/rihq/hqsj_tjsj.shtml,2026-08-14T18:26:02+08:00
2025-03-12,warehouse,cached,0,da62e81fed865d537f3b84c63b1dee0a9087cef58a2461b638a2ea341ae8425a,59,1,http://www.gfex.com.cn/u/interfacesWebTdWbillWeeklyQuotes/loadList,https://www.gfex.com.cn/gfex/cdrb/hqsj_tjsj.shtml,2026-08-14T18:26:02+08:00
2025-03-13,daily,cached,0,82396b39d41e36668bae4a50084260f4df02812a1306dc6cb22345c64991d1c3,37,12,http://www.gfex.com.cn/u/interfacesWebTiDayQuotes/loadList,https://www.gfex.com.cn/gfex/rihq/hqsj_tjsj.shtml,2026-08-14T18:26:02+08:00
2025-03-13,warehouse,cached,0,7fae28f5293cdc80dce7095d62905d2c4b72b1f2ea2fd12c5699079b22a4264b,59,1,http://www.gfex.com.cn/u/interfacesWebTdWbillWeeklyQuotes/loadList,https://www.gfex.com.cn/gfex/cdrb/hqsj_tjsj.shtml,2026-08-14T18:26:02+08:00
2025-03-14,daily,cached,0,973cede09813e37c1f49647d443a2de7261cabd1101e6efbe3b79f445e88e290,37,12,http://www.gfex.com.cn/u/interfacesWebTiDayQuotes/loadList,https://www.gfex.com.cn/gfex/rihq/hqsj_tjsj.shtml,2026-08-14T18:26:02+08:00
2025-03-14,warehouse,cached,0,9f80585d031216696d9d3d2c37e5f0129d9c7dccccfeadc7cfd5d08cb66b64b5,59,1,http://www.gfex.com.cn/u/interfacesWebTdWbillWeeklyQuotes/loadList,https://www.gfex.com.cn/gfex/cdrb/hqsj_tjsj.shtml,2026-08-14T18:26:02+08:00
2025-03-17,daily,cached,0,b457cb4d086e56ab9a229e9fbb3bfe4867c47200b365689af372cd9f45c6fe5c,38,12,http://www.gfex.com.cn/u/interfacesWebTiDayQuotes/loadList,https://www.gfex.com.cn/gfex/rihq/hqsj_tjsj.shtml,2026-08-14T18:26:02+08:00
2025-03-17,warehouse,cached,0,86a65437e119d2a8568dfeb120ee1c8ae3271d5c133803e2d2a306b2216eadc2,59,1,http://www.gfex.com.cn/u/interfacesWebTdWbillWeeklyQuotes/loadList,https://www.gfex.com.cn/gfex/cdrb/hqsj_tjsj.shtml,2026-08-14T18:26:02+08:00
2025-03-18,daily,cached,0,d667098b65207af499e086837c4329111d986ca706672f4f0c715e579a3bf00b,38,12,http://www.gfex.com.cn/u/interfacesWebTiDayQuotes/loadList,https://www.gfex.com.cn/gfex/rihq/hqsj_tjsj.shtml,2026-08-14T18:26:02+08:00
2025-03-18,warehouse,cached,0,b51db445e9872dc432753a4fb87600b6d0be7f15c23dcfee1605fd1793fac3e2,59,1,http://www.gfex.com.cn/u/interfacesWebTdWbillWeeklyQuotes/loadList,https://www.gfex.com.cn/gfex/cdrb/hqsj_tjsj.shtml,2026-08-14T18:26:02+08:00
2025-03-19,daily,cached,0,70fba8fa746026ae41fe94cbe97f5b8418e3f1e6e7b5ae1bf2d511ab60f243a7,38,12,http://www.gfex.com.cn/u/interfacesWebTiDayQuotes/loadList,https://www.gfex.com.cn/gfex/rihq/hqsj_tjsj.shtml,2026-08-14T18:26:02+08:00
2025-03-19,warehouse,cached,0,89e7c80a53f7281a751efc152977d8281ac8f34c6b2520f06e9148c7e5641de7,59,1,http://www.gfex.com.cn/u/interfacesWebTdWbillWeeklyQuotes/loadList,https://www.gfex.com.cn/gfex/cdrb/hqsj_tjsj.shtml,2026-08-14T18:26:02+08:00
2025-03-20,daily,cached,0,81e7888739c1f1352872b9a2d255acbc70eb745d8c3aab2a8db4f2f238df1a10,38,12,http://www.gfex.com.cn/u/interfacesWebTiDayQuotes/loadList,https://www.gfex.com.cn/gfex/rihq/hqsj_tjsj.shtml,2026-08-14T18:26:02+08:00
2025-03-20,warehouse,cached,0,e501d92309aad38b4fa73b06b53b6f62d62b5140ad23104515e6da0f33969bd2,59,1,http://www.gfex.com.cn/u/interfacesWebTdWbillWeeklyQuotes/loadList,https://www.gfex.com.cn/gfex/cdrb/hqsj_tjsj.shtml,2026-08-14T18:26:02+08:00
2025-03-21,daily,cached,0,6bfb4f76ae0cfa204eb99fc21db022f50696e9df415633498487b8009f7e9a5d,38,12,http://www.gfex.com.cn/u/interfacesWebTiDayQuotes/loadList,https://www.gfex.com.cn/gfex/rihq/hqsj_tjsj.shtml,2026-08-14T18:26:02+08:00
2025-03-21,warehouse,cached,0,3da5d1681c54dc8b8d822a6c665dc5efebd72302fa81df5f85d93eb1de4ab3d4,59,1,http://www.gfex.com.cn/u/interfacesWebTdWbillWeeklyQuotes/loadList,https://www.gfex.com.cn/gfex/cdrb/hqsj_tjsj.shtml,2026-08-14T18:26:02+08:00
2025-03-24,daily,cached,0,9e2a53fec40691cb614efea6aa98e42b645dd758245aa31b6208ab09814d666b,38,12,http://www.gfex.com.cn/u/interfacesWebTiDayQuotes/loadList,https://www.gfex.com.cn/gfex/rihq/hqsj_tjsj.shtml,2026-08-14T18:26:02+08:00
2025-03-24,warehouse,cached,0,1047de191e76f9674cb877f803e3b55ba3e6309e887a686a011290db80d08bda,60,1,http://www.gfex.com.cn/u/interfacesWebTdWbillWeeklyQuotes/loadList,https://www.gfex.com.cn/gfex/cdrb/hqsj_tjsj.shtml,2026-08-14T18:26:02+08:00
2025-03-25,daily,cached,0,38ff597c3d0d957cc152c56bff5c084e7d5b359b77c2c44902dd44d9f43e86e1,38,12,http://www.gfex.com.cn/u/interfacesWebTiDayQuotes/loadList,https://www.gfex.com.cn/gfex/rihq/hqsj_tjsj.shtml,2026-08-14T18:26:02+08:00
2025-03-25,warehouse,cached,0,b8c1ea25911b6c1a6ea0fecb8d48588b9f6c72725f8e02463ecd21619f63a892,59,1,http://www.gfex.com.cn/u/interfacesWebTdWbillWeeklyQuotes/loadList,https://www.gfex.com.cn/gfex/cdrb/hqsj_tjsj.shtml,2026-08-14T18:26:02+08:00
2025-03-26,daily,cached,0,ec70f1e38530768321988af23f78b6734f153b7bb75896ec1e1473b40ecabd35,38,12,http://www.gfex.com.cn/u/interfacesWebTiDayQuotes/loadList,https://www.gfex.com.cn/gfex/rihq/hqsj_tjsj.shtml,2026-08-14T18:26:02+08:00
2025-03-26,warehouse,cached,0,d6bea571f95c42cfd204ef08d5eecb35b1e318eeede6b674cb7b68fbe0ca73e4,59,1,http://www.gfex.com.cn/u/interfacesWebTdWbillWeeklyQuotes/loadList,https://www.gfex.com.cn/gfex/cdrb/hqsj_tjsj.shtml,2026-08-14T18:26:02+08:00
2025-03-27,daily,cached,0,47cb24d6c90febc53ea1c808035c24c47d590f66118923586698accdcdce55cb,38,12,http://www.gfex.com.cn/u/interfacesWebTiDayQuotes/loadList,https://www.gfex.com.cn/gfex/rihq/hqsj_tjsj.shtml,2026-08-14T18:26:02+08:00
2025-03-27,warehouse,cached,0,e0b44323be255ebd1e64c454cde2f485d485a3f3c5fa5541a742af50b08b434b,59,1,http://www.gfex.com.cn/u/interfacesWebTdWbillWeeklyQuotes/loadList,https://www.gfex.com.cn/gfex/cdrb/hqsj_tjsj.shtml,2026-08-14T18:26:02+08:00
2025-03-28,daily,cached,0,e270f9e5c6bca1647e501c3212c5343ada3527667db2acc6b69c7203ca07b801,38,12,http://www.gfex.com.cn/u/interfacesWebTiDayQuotes/loadList,https://www.gfex.com.cn/gfex/rihq/hqsj_tjsj.shtml,2026-08-14T18:26:02+08:00
2025-03-28,warehouse,cached,0,566c696826859494d7f5a48522f46b29c84ca73b25a17e7ad807d7d7c72ce1a5,58,1,http://www.gfex.com.cn/u/interfacesWebTdWbillWeeklyQuotes/loadList,https://www.gfex.com.cn/gfex/cdrb/hqsj_tjsj.shtml,2026-08-14T18:26:02+08:00
2025-03-31,daily,cached,0,09ace740bb81d030cf85dded90fbbf0dc8c7b5cee19dc9cdf59fe16f9dd40f14,38,12,http://www.gfex.com.cn/u/interfacesWebTiDayQuotes/loadList,https://www.gfex.com.cn/gfex/rihq/hqsj_tjsj.shtml,2026-08-14T18:26:02+08:00
2025-03-31,warehouse,cached,0,29c64e887bc5fb0ef4fd79585e80969dd8bd93643650fa519d685e02fb31a21c,58,1,http://www.gfex.com.cn/u/interfacesWebTdWbillWeeklyQuotes/loadList,https://www.gfex.com.cn/gfex/cdrb/hqsj_tjsj.shtml,2026-08-14T18:26:02+08:00
2025-04-01,daily,cached,0,054c5e66b54a49b834402a59b55ddd38e5cc5ce401b8d11959a8de9c73172212,38,12,http://www.gfex.com.cn/u/interfacesWebTiDayQuotes/loadList,https://www.gfex.com.cn/gfex/rihq/hqsj_tjsj.shtml,2026-08-14T18:26:02+08:00
2025-04-01,warehouse,cached,0,92434793c72800efcaf96989f8610530a4561519e256e388232eca8bac5173ec,48,1,http://www.gfex.com.cn/u/interfacesWebTdWbillWeeklyQuotes/loadList,https://www.gfex.com.cn/gfex/cdrb/hqsj_tjsj.shtml,2026-08-14T18:26:02+08:00
2025-04-02,daily,cached,0,d452468af761adbee68904ed305a2c66b870993e2cf60ea77968cfc1353ee8a9,38,12,http://www.gfex.com.cn/u/interfacesWebTiDayQuotes/loadList,https://www.gfex.com.cn/gfex/rihq/hqsj_tjsj.shtml,2026-08-14T18:26:02+08:00
2025-04-02,warehouse,cached,0,8cc44328dfe8e4b014ea6e47fa66564bb24bd34c37b07983365fd44cd0746e6e,54,1,http://www.gfex.com.cn/u/interfacesWebTdWbillWeeklyQuotes/loadList,https://www.gfex.com.cn/gfex/cdrb/hqsj_tjsj.shtml,2026-08-14T18:26:02+08:00
2025-04-03,daily,cached,0,c71f635aff91474c90cdafd9de06a9d0cfb333acc9e579fdb67da18fffec2234,38,12,http://www.gfex.com.cn/u/interfacesWebTiDayQuotes/loadList,https://www.gfex.com.cn/gfex/rihq/hqsj_tjsj.shtml,2026-08-14T18:26:02+08:00
2025-04-03,warehouse,cached,0,38b9d1efedda87027e82aedd1c3e951e06d591e8744aa2d887397c7e75f9a033,57,1,http://www.gfex.com.cn/u/interfacesWebTdWbillWeeklyQuotes/loadList,https://www.gfex.com.cn/gfex/cdrb/hqsj_tjsj.shtml,2026-08-14T18:26:02+08:00
2025-04-04,daily,cached,0,172549dc6a887021d942e3579f6fd2da78679ea6b4e26efec68a13470759234c,1,0,http://www.gfex.com.cn/u/interfacesWebTiDayQuotes/loadList,https://www.gfex.com.cn/gfex/rihq/hqsj_tjsj.shtml,2026-08-14T18:26:02+08:00
2025-04-04,warehouse,cached,0,109edcb84f065388f750a8107dfb14b416419c7f343578663ee509cc7e9150c1,1,0,http://www.gfex.com.cn/u/interfacesWebTdWbillWeeklyQuotes/loadList,https://www.gfex.com.cn/gfex/cdrb/hqsj_tjsj.shtml,2026-08-14T18:26:02+08:00
2025-04-07,daily,cached,0,3d9d377a972a10989583d402c632c2144b7ffc29d624f33e17b6f5ec6ad2d95b,38,12,http://www.gfex.com.cn/u/interfacesWebTiDayQuotes/loadList,https://www.gfex.com.cn/gfex/rihq/hqsj_tjsj.shtml,2026-08-14T18:26:02+08:00
2025-04-07,warehouse,cached,0,de5c62c6b10e3586842e9fc07dbde1feb391d1303ca9305fc1f9d6db19ce6d4d,59,1,http://www.gfex.com.cn/u/interfacesWebTdWbillWeeklyQuotes/loadList,https://www.gfex.com.cn/gfex/cdrb/hqsj_tjsj.shtml,2026-08-14T18:26:02+08:00
2025-04-08,daily,cached,0,99478174af4be33973854306cbd936b1cd74fa9254bbec83f7f994fbe7eecbbd,38,12,http://www.gfex.com.cn/u/interfacesWebTiDayQuotes/loadList,https://www.gfex.com.cn/gfex/rihq/hqsj_tjsj.shtml,2026-08-14T18:26:02+08:00
2025-04-08,warehouse,cached,0,130bf14c086b4f3ff3da5e0f6ba193154785209c9bf0fcf59dccbb1410e2d1b0,59,1,http://www.gfex.com.cn/u/interfacesWebTdWbillWeeklyQuotes/loadList,https://www.gfex.com.cn/gfex/cdrb/hqsj_tjsj.shtml,2026-08-14T18:26:02+08:00
2025-04-09,daily,cached,0,5bf6dcb9de9e8447d1f1b27f582a354d5423ce9608804b2b80602312576aad4e,38,12,http://www.gfex.com.cn/u/interfacesWebTiDayQuotes/loadList,https://www.gfex.com.cn/gfex/rihq/hqsj_tjsj.shtml,2026-08-14T18:26:02+08:00
2025-04-09,warehouse,cached,0,934ed8e4d859fa33c4265b0b041bda543b09c6c2e9fccfd53e1e906cfb3d32d5,59,1,http://www.gfex.com.cn/u/interfacesWebTdWbillWeeklyQuotes/loadList,https://www.gfex.com.cn/gfex/cdrb/hqsj_tjsj.shtml,2026-08-14T18:26:02+08:00
2025-04-10,daily,cached,0,03b0bee179689f896965444ac5fdf3c4124a10567bae631a4fa0e1582f0314f2,38,12,http://www.gfex.com.cn/u/interfacesWebTiDayQuotes/loadList,https://www.gfex.com.cn/gfex/rihq/hqsj_tjsj.shtml,2026-08-14T18:26:02+08:00
2025-04-10,warehouse,cached,0,e6f986e7a00e9b11ccb7d360944d5b4537aa5b65e7f8c1b92bfca48dd9e71d4e,59,1,http://www.gfex.com.cn/u/interfacesWebTdWbillWeeklyQuotes/loadList,https://www.gfex.com.cn/gfex/cdrb/hqsj_tjsj.shtml,2026-08-14T18:26:02+08:00
2025-04-11,daily,cached,0,db392da29daf78f4886a4e3d692dd89c7b8efa02d871427a64fd46023850c0c3,38,11,http://www.gfex.com.cn/u/interfacesWebTiDayQuotes/loadList,https://www.gfex.com.cn/gfex/rihq/hqsj_tjsj.shtml,2026-08-14T18:26:02+08:00
2025-04-11,warehouse,cached,0,a94b28add0161dc26e0c8658764e029203d09efbd8f34feb772788503bb33172,59,1,http://www.gfex.com.cn/u/interfacesWebTdWbillWeeklyQuotes/loadList,https://www.gfex.com.cn/gfex/cdrb/hqsj_tjsj.shtml,2026-08-14T18:26:02+08:00
2025-04-14,daily,cached,0,5d12db8bdcb33df0a835776ef04d350a42fb4a81bd8b1f98da1c5d82f26d568a,38,12,http://www.gfex.com.cn/u/interfacesWebTiDayQuotes/loadList,https://www.gfex.com.cn/gfex/rihq/hqsj_tjsj.shtml,2026-08-14T18:26:02+08:00
2025-04-14,warehouse,cached,0,213babe39086e144030f07d3c8eeee5f292e7366b243ab461e952d01f2617eea,59,1,http://www.gfex.com.cn/u/interfacesWebTdWbillWeeklyQuotes/loadList,https://www.gfex.com.cn/gfex/cdrb/hqsj_tjsj.shtml,2026-08-14T18:26:02+08:00
2025-04-15,daily,cached,0,43a716de5b27a24146b5ee78bd609e1b17eca316d240f3151d8fa2802a79bde2,38,12,http://www.gfex.com.cn/u/interfacesWebTiDayQuotes/loadList,https://www.gfex.com.cn/gfex/rihq/hqsj_tjsj.shtml,2026-08-14T18:26:02+08:00
2025-04-15,warehouse,cached,0,a89e371eff9a48f9207bdf39debfd95f2a250d70dea3b5fd27e7d10fcb0e759a,59,1,http://www.gfex.com.cn/u/interfacesWebTdWbillWeeklyQuotes/loadList,https://www.gfex.com.cn/gfex/cdrb/hqsj_tjsj.shtml,2026-08-14T18:26:02+08:00
2025-04-16,daily,cached,0,65266861399d91aebf5ca17ba4c091d91b39656cc70ff0c2357cd0b1f8a2e684,39,12,http://www.gfex.com.cn/u/interfacesWebTiDayQuotes/loadList,https://www.gfex.com.cn/gfex/rihq/hqsj_tjsj.shtml,2026-08-14T18:26:02+08:00
2025-04-16,warehouse,cached,0,c2b221bb2701f4d82652bb3686595a981ccc565d547da11bb0f0777acb57c100,59,1,http://www.gfex.com.cn/u/interfacesWebTdWbillWeeklyQuotes/loadList,https://www.gfex.com.cn/gfex/cdrb/hqsj_tjsj.shtml,2026-08-14T18:26:02+08:00
2025-04-17,daily,cached,0,0956c1bf4e957f5dc3fc66d4cd28d769b78c442e1604081d7a9b50befce67374,39,12,http://www.gfex.com.cn/u/interfacesWebTiDayQuotes/loadList,https://www.gfex.com.cn/gfex/rihq/hqsj_tjsj.shtml,2026-08-14T18:26:02+08:00
2025-04-17,warehouse,cached,0,8eb478c36b1d208a908cc58390e9ad3c794e932f692e67d07b9d937a47efa1c2,59,1,http://www.gfex.com.cn/u/interfacesWebTdWbillWeeklyQuotes/loadList,https://www.gfex.com.cn/gfex/cdrb/hqsj_tjsj.shtml,2026-08-14T18:26:02+08:00
2025-04-18,daily,cached,0,e1a495e6438cf6585cab2e70317801800a096b066e0f7146c4c1a65e44c9642d,39,12,http://www.gfex.com.cn/u/interfacesWebTiDayQuotes/loadList,https://www.gfex.com.cn/gfex/rihq/hqsj_tjsj.shtml,2026-08-14T18:26:02+08:00
2025-04-18,warehouse,cached,0,7cb9b79325832341fc2d20f1f6ca5c1a35253c6fe7e881e2f1667a59c93a30e6,62,1,http://www.gfex.com.cn/u/interfacesWebTdWbillWeeklyQuotes/loadList,https://www.gfex.com.cn/gfex/cdrb/hqsj_tjsj.shtml,2026-08-14T18:26:02+08:00
2025-04-21,daily,cached,0,57d6d8869a827541e55c0f166e3d11b12167dcd6d371ea3602716b050e5c40a6,39,12,http://www.gfex.com.cn/u/interfacesWebTiDayQuotes/loadList,https://www.gfex.com.cn/gfex/rihq/hqsj_tjsj.shtml,2026-08-14T18:26:02+08:00
2025-04-21,warehouse,cached,0,84af9e2acab80d16551b0a1ae766f6dd5eff8d9a6fa5e62778bd24b382e63107,62,1,http://www.gfex.com.cn/u/interfacesWebTdWbillWeeklyQuotes/loadList,https://www.gfex.com.cn/gfex/cdrb/hqsj_tjsj.shtml,2026-08-14T18:26:02+08:00
2025-04-22,daily,cached,0,28f535908d9b856fda76c30f21b0455bd1c3fc92979cd147123c8f04ac33b516,39,12,http://www.gfex.com.cn/u/interfacesWebTiDayQuotes/loadList,https://www.gfex.com.cn/gfex/rihq/hqsj_tjsj.shtml,2026-08-14T18:26:02+08:00
2025-04-22,warehouse,cached,0,24b966bd73a32df408f3d48bebad3adb0137918bbc31151d5c74c0ed7c2265fa,62,1,http://www.gfex.com.cn/u/interfacesWebTdWbillWeeklyQuotes/loadList,https://www.gfex.com.cn/gfex/cdrb/hqsj_tjsj.shtml,2026-08-14T18:26:02+08:00
2025-04-23,daily,cached,0,e7b9ddcc6cc2aff87ae40731b8d7a8f0b5a0d6a6923e982a5290604210897114,39,12,http://www.gfex.com.cn/u/interfacesWebTiDayQuotes/loadList,https://www.gfex.com.cn/gfex/rihq/hqsj_tjsj.shtml,2026-08-14T18:26:02+08:00
2025-04-23,warehouse,cached,0,3e07dfd3c7bb633c318a156232f255a050c9379e7c9aff3bdf976dc083568e38,62,1,http://www.gfex.com.cn/u/interfacesWebTdWbillWeeklyQuotes/loadList,https://www.gfex.com.cn/gfex/cdrb/hqsj_tjsj.shtml,2026-08-14T18:26:02+08:00
2025-04-24,daily,cached,0,192665e7adfc766330cce8c459babfe0d0c9383d9d22efc334dea56925f507bb,39,12,http://www.gfex.com.cn/u/interfacesWebTiDayQuotes/loadList,https://www.gfex.com.cn/gfex/rihq/hqsj_tjsj.shtml,2026-08-14T18:26:02+08:00
2025-04-24,warehouse,cached,0,f249128189e59da39ba53cef1ac9f1d4e87e640eec9ebca707205c0e5645d399,62,1,http://www.gfex.com.cn/u/interfacesWebTdWbillWeeklyQuotes/loadList,https://www.gfex.com.cn/gfex/cdrb/hqsj_tjsj.shtml,2026-08-14T18:26:02+08:00
2025-04-25,daily,cached,0,298f56c3e0c0c9c8f51a1a27885fa7083cbae4950af8edec46fefbabc2cb12f8,39,12,http://www.gfex.com.cn/u/interfacesWebTiDayQuotes/loadList,https://www.gfex.com.cn/gfex/rihq/hqsj_tjsj.shtml,2026-08-14T18:26:02+08:00
2025-04-25,warehouse,cached,0,4f4ee06b241340a6ef2af0e1a4971815c6de74d62c868cc82da2de2cd36576be,62,1,http://www.gfex.com.cn/u/interfacesWebTdWbillWeeklyQuotes/loadList,https://www.gfex.com.cn/gfex/cdrb/hqsj_tjsj.shtml,2026-08-14T18:26:02+08:00
2025-04-28,daily,cached,0,2a4d9539ca9645e69ca2146c21dfa6012e7c156e883117d601952c3491336e82,39,12,http://www.gfex.com.cn/u/interfacesWebTiDayQuotes/loadList,https://www.gfex.com.cn/gfex/rihq/hqsj_tjsj.shtml,2026-08-14T18:26:02+08:00
2025-04-28,warehouse,cached,0,5acf895a003cdcdae5dc25fca680c11daac06dac0c1503be3e83bcba91770d86,62,1,http://www.gfex.com.cn/u/interfacesWebTdWbillWeeklyQuotes/loadList,https://www.gfex.com.cn/gfex/cdrb/hqsj_tjsj.shtml,2026-08-14T18:26:02+08:00
2025-04-29,daily,cached,0,9a0023657f0d4ca38a52288253b153096902f6943bc1c843336fe14a6663772b,39,12,http://www.gfex.com.cn/u/interfacesWebTiDayQuotes/loadList,https://www.gfex.com.cn/gfex/rihq/hqsj_tjsj.shtml,2026-08-14T18:26:02+08:00
2025-04-29,warehouse,cached,0,1ee3e1f2ce5b49029d480864ab276a4e551d0b2438e9847751174c7c70d42d1f,63,1,http://www.gfex.com.cn/u/interfacesWebTdWbillWeeklyQuotes/loadList,https://www.gfex.com.cn/gfex/cdrb/hqsj_tjsj.shtml,2026-08-14T18:26:02+08:00
2025-04-30,daily,cached,0,e4338207c507ad947ad283ac210bca67fd4869218611c06ef243385b594d9f88,39,12,http://www.gfex.com.cn/u/interfacesWebTiDayQuotes/loadList,https://www.gfex.com.cn/gfex/rihq/hqsj_tjsj.shtml,2026-08-14T18:26:02+08:00
2025-04-30,warehouse,cached,0,aac4cf91255f27a92c06db21e2a87264b652ba19ad8e01d6a70ab7d7ef284126,63,1,http://www.gfex.com.cn/u/interfacesWebTdWbillWeeklyQuotes/loadList,https://www.gfex.com.cn/gfex/cdrb/hqsj_tjsj.shtml,2026-08-14T18:26:02+08:00
2025-05-01,daily,cached,0,24324d43cb9b5721a54d05ff71048944b68136871ed3cd71cb9feeca2555e6d6,1,0,http://www.gfex.com.cn/u/interfacesWebTiDayQuotes/loadList,https://www.gfex.com.cn/gfex/rihq/hqsj_tjsj.shtml,2026-08-14T18:26:02+08:00
2025-05-01,warehouse,cached,0,cf7e432566f6b0b9621090810cc13fc5f9f0eb40ecfc14eb93527e39783f3ba4,1,0,http://www.gfex.com.cn/u/interfacesWebTdWbillWeeklyQuotes/loadList,https://www.gfex.com.cn/gfex/cdrb/hqsj_tjsj.shtml,2026-08-14T18:26:02+08:00
2025-05-02,daily,cached,0,e9099342883e6ffd3c27968a916e6f633fbf4297d761fff7e096982fccf25bb8,1,0,http://www.gfex.com.cn/u/interfacesWebTiDayQuotes/loadList,https://www.gfex.com.cn/gfex/rihq/hqsj_tjsj.shtml,2026-08-14T18:26:02+08:00
2025-05-02,warehouse,cached,0,cca82e52ad8dc92c5ab13d36c9e9e5ee81cf1397572b461cc5fb8384bb304e59,1,0,http://www.gfex.com.cn/u/interfacesWebTdWbillWeeklyQuotes/loadList,https://www.gfex.com.cn/gfex/cdrb/hqsj_tjsj.shtml,2026-08-14T18:26:02+08:00
2025-05-05,daily,cached,0,a4f21dae78e666fbcb1f8d17f8e223b00c415e72c12375791e709aaa8dc0c869,1,0,http://www.gfex.com.cn/u/interfacesWebTiDayQuotes/loadList,https://www.gfex.com.cn/gfex/rihq/hqsj_tjsj.shtml,2026-08-14T18:26:02+08:00
2025-05-05,warehouse,cached,0,8a387b0e103b3b8f510577dabb95feca63434adf11ae90dd825cfc9c2d965fc2,1,0,http://www.gfex.com.cn/u/interfacesWebTdWbillWeeklyQuotes/loadList,https://www.gfex.com.cn/gfex/cdrb/hqsj_tjsj.shtml,2026-08-14T18:26:02+08:00
2025-05-06,daily,cached,0,f443d2e0aecded7960d55a03af78fa46bcacd789798b9a14ea266917000dfc95,39,12,http://www.gfex.com.cn/u/interfacesWebTiDayQuotes/loadList,https://www.gfex.com.cn/gfex/rihq/hqsj_tjsj.shtml,2026-08-14T18:26:02+08:00
2025-05-06,warehouse,cached,0,783e4fc260dafc8d355ea69daefa02d1ee0e1c7b4a48a95fff572d7f15d37433,63,1,http://www.gfex.com.cn/u/interfacesWebTdWbillWeeklyQuotes/loadList,https://www.gfex.com.cn/gfex/cdrb/hqsj_tjsj.shtml,2026-08-14T18:26:02+08:00
2025-05-07,daily,cached,0,54a76041aa7fa192ea46dd8a7058b8c863ac50cc3b5563b0173236fa9027708e,39,12,http://www.gfex.com.cn/u/interfacesWebTiDayQuotes/loadList,https://www.gfex.com.cn/gfex/rihq/hqsj_tjsj.shtml,2026-08-14T18:26:02+08:00
2025-05-07,warehouse,cached,0,791e347633f5094e1240a156ccea2075e3af572decf90667f3cf657fec4b0e43,64,1,http://www.gfex.com.cn/u/interfacesWebTdWbillWeeklyQuotes/loadList,https://www.gfex.com.cn/gfex/cdrb/hqsj_tjsj.shtml,2026-08-14T18:26:02+08:00
2025-05-08,daily,cached,0,1190b852332ba3354c696005b6ff8db2fde874ad3bf1eb7f7008d53522a2a7de,39,12,http://www.gfex.com.cn/u/interfacesWebTiDayQuotes/loadList,https://www.gfex.com.cn/gfex/rihq/hqsj_tjsj.shtml,2026-08-14T18:26:02+08:00
2025-05-08,warehouse,cached,0,789b7d59bcc028e87a407938de61b68b3d675fa6ca1fa2a29e880b9cb01de0f0,64,1,http://www.gfex.com.cn/u/interfacesWebTdWbillWeeklyQuotes/loadList,https://www.gfex.com.cn/gfex/cdrb/hqsj_tjsj.shtml,2026-08-14T18:26:02+08:00
2025-05-09,daily,cached,0,1c032d7b75e28c00de75ba353c7637a3213daf00ee4094737ac21eb2c436fcd2,39,12,http://www.gfex.com.cn/u/interfacesWebTiDayQuotes/loadList,https://www.gfex.com.cn/gfex/rihq/hqsj_tjsj.shtml,2026-08-14T18:26:02+08:00
2025-05-09,warehouse,cached,0,badb947f5e88ce2cee4dd61f4527249d0652f81a79f535ae1a4d4640736855a3,64,1,http://www.gfex.com.cn/u/interfacesWebTdWbillWeeklyQuotes/loadList,https://www.gfex.com.cn/gfex/cdrb/hqsj_tjsj.shtml,2026-08-14T18:26:02+08:00
2025-05-12,daily,cached,0,4ab944a9fd971ac21e27b86924675428a39d944ebe62899b6b6cf67401139214,39,12,http://www.gfex.com.cn/u/interfacesWebTiDayQuotes/loadList,https://www.gfex.com.cn/gfex/rihq/hqsj_tjsj.shtml,2026-08-14T18:26:02+08:00
2025-05-12,warehouse,cached,0,fd4e5031c8f0aedf033f35569bd91d065d8bdf6646e94491fe4dce16cf0f7476,64,1,http://www.gfex.com.cn/u/interfacesWebTdWbillWeeklyQuotes/loadList,https://www.gfex.com.cn/gfex/cdrb/hqsj_tjsj.shtml,2026-08-14T18:26:02+08:00
2025-05-13,daily,cached,0,a8dbb67f05db75acae57b05af2dd059f746b1c8d311859b0ac0f9db3e8223f79,39,12,http://www.gfex.com.cn/u/interfacesWebTiDayQuotes/loadList,https://www.gfex.com.cn/gfex/rihq/hqsj_tjsj.shtml,2026-08-14T18:26:02+08:00
2025-05-13,warehouse,cached,0,932a6b4557f4d1345a476ec1a8259693b6a63cbbf8ab8ccbaf46852f9d6dc5dc,65,1,http://www.gfex.com.cn/u/interfacesWebTdWbillWeeklyQuotes/loadList,https://www.gfex.com.cn/gfex/cdrb/hqsj_tjsj.shtml,2026-08-14T18:26:02+08:00
2025-05-14,daily,cached,0,3081ca9ac38dac4c253c02eb3da45263453df3b8408e5f5e190890f6d28e6382,39,12,http://www.gfex.com.cn/u/interfacesWebTiDayQuotes/loadList,https://www.gfex.com.cn/gfex/rihq/hqsj_tjsj.shtml,2026-08-14T18:26:02+08:00
2025-05-14,warehouse,cached,0,b9845968b6672dc0a7b3edc8b4df0489ca4498246b73666b85e2a51f0a23c4b5,65,1,http://www.gfex.com.cn/u/interfacesWebTdWbillWeeklyQuotes/loadList,https://www.gfex.com.cn/gfex/cdrb/hqsj_tjsj.shtml,2026-08-14T18:26:02+08:00
2025-05-15,daily,cached,0,16501651f7aefe4e47a2b90a9e7da36bfacc90f998ff04f5cf180c6bc0378abb,39,12,http://www.gfex.com.cn/u/interfacesWebTiDayQuotes/loadList,https://www.gfex.com.cn/gfex/rihq/hqsj_tjsj.shtml,2026-08-14T18:26:02+08:00
2025-05-15,warehouse,cached,0,f030d1d8496aba57cc18d66e9402349c098dcf827c8b8c87f6b7efa19450e1ae,65,1,http://www.gfex.com.cn/u/interfacesWebTdWbillWeeklyQuotes/loadList,https://www.gfex.com.cn/gfex/cdrb/hqsj_tjsj.shtml,2026-08-14T18:26:02+08:00
2025-05-16,daily,cached,0,c7ac350b1ffb33b9d6f28f2045d4512cd29f4014d11d6f9b11af7608178c7828,39,12,http://www.gfex.com.cn/u/interfacesWebTiDayQuotes/loadList,https://www.gfex.com.cn/gfex/rihq/hqsj_tjsj.shtml,2026-08-14T18:26:02+08:00
2025-05-16,warehouse,cached,0,bf5d945533f89fbab972454d5349441503b35ab356bb0225f66e9ce90e79bc2e,65,1,http://www.gfex.com.cn/u/interfacesWebTdWbillWeeklyQuotes/loadList,https://www.gfex.com.cn/gfex/cdrb/hqsj_tjsj.shtml,2026-08-14T18:26:02+08:00
2025-05-19,daily,cached,0,e99d3cf514c7658fbab39669b486b7117dbd1b074989e2ac8a5a9cd7a2ca3a62,39,11,http://www.gfex.com.cn/u/interfacesWebTiDayQuotes/loadList,https://www.gfex.com.cn/gfex/rihq/hqsj_tjsj.shtml,2026-08-14T18:26:02+08:00
2025-05-19,warehouse,cached,0,2fbdfe7a45f8416683fce553154f1a93ad56ad830d8513850bb08c958437eba7,65,1,http://www.gfex.com.cn/u/interfacesWebTdWbillWeeklyQuotes/loadList,https://www.gfex.com.cn/gfex/cdrb/hqsj_tjsj.shtml,2026-08-14T18:26:02+08:00
2025-05-20,daily,cached,0,d13529009d6072f8a0cec2e0aada276f5f07da1a3c3937dfe6778508dee7d37e,40,12,http://www.gfex.com.cn/u/interfacesWebTiDayQuotes/loadList,https://www.gfex.com.cn/gfex/rihq/hqsj_tjsj.shtml,2026-08-14T18:26:02+08:00
2025-05-20,warehouse,cached,0,d3676e1d4b9127384cca465da80472b913761cbe8618c090e4d529b164fd9bad,66,1,http://www.gfex.com.cn/u/interfacesWebTdWbillWeeklyQuotes/loadList,https://www.gfex.com.cn/gfex/cdrb/hqsj_tjsj.shtml,2026-08-14T18:26:02+08:00
2025-05-21,daily,cached,0,99dd546f9680df70aadc23d72f4a662eea7817a0f384d152bde9fb592905ecbb,40,12,http://www.gfex.com.cn/u/interfacesWebTiDayQuotes/loadList,https://www.gfex.com.cn/gfex/rihq/hqsj_tjsj.shtml,2026-08-14T18:26:02+08:00
2025-05-21,warehouse,cached,0,b52ffef0c4d149c2278542b73c141fd650e923a97a977917a6274bda68af60a3,66,1,http://www.gfex.com.cn/u/interfacesWebTdWbillWeeklyQuotes/loadList,https://www.gfex.com.cn/gfex/cdrb/hqsj_tjsj.shtml,2026-08-14T18:26:02+08:00
2025-05-22,daily,cached,0,84b87c35345bab2daffd9440de58c87f60cf85ebd09b79cf98f8fd9e97a3fb89,40,12,http://www.gfex.com.cn/u/interfacesWebTiDayQuotes/loadList,https://www.gfex.com.cn/gfex/rihq/hqsj_tjsj.shtml,2026-08-14T18:26:02+08:00
2025-05-22,warehouse,cached,0,b41a3023a2e1b29656162683badef2d379dfa3e42c74b8f3e669544e78eaffce,66,1,http://www.gfex.com.cn/u/interfacesWebTdWbillWeeklyQuotes/loadList,https://www.gfex.com.cn/gfex/cdrb/hqsj_tjsj.shtml,2026-08-14T18:26:02+08:00
2025-05-23,daily,cached,0,3808938ac06ae305773e2ed7a95bed9b5fa1ab8527cf5ea720b45806f2f03d9e,40,12,http://www.gfex.com.cn/u/interfacesWebTiDayQuotes/loadList,https://www.gfex.com.cn/gfex/rihq/hqsj_tjsj.shtml,2026-08-14T18:26:02+08:00
2025-05-23,warehouse,cached,0,82e55c0e1faafa1e939fb970a2aa28206ab219f4f5e170a8c4d9eb13d5c566a2,67,1,http://www.gfex.com.cn/u/interfacesWebTdWbillWeeklyQuotes/loadList,https://www.gfex.com.cn/gfex/cdrb/hqsj_tjsj.shtml,2026-08-14T18:26:02+08:00
2025-05-26,daily,cached,0,68a56ca730b9b25818baa7de8e1816de253ac0f4dcd6ffe4ec1b9852ac2780a7,40,12,http://www.gfex.com.cn/u/interfacesWebTiDayQuotes/loadList,https://www.gfex.com.cn/gfex/rihq/hqsj_tjsj.shtml,2026-08-14T18:26:02+08:00
2025-05-26,warehouse,cached,0,cb4023dff5aa1a15e9c614ff8775ff6efd244f1a8d700ed1549b8febc9d26ebf,67,1,http://www.gfex.com.cn/u/interfacesWebTdWbillWeeklyQuotes/loadList,https://www.gfex.com.cn/gfex/cdrb/hqsj_tjsj.shtml,2026-08-14T18:26:02+08:00
2025-05-27,daily,cached,0,577c3a2356d271f191755cfa011ad1a9a8b6f740338436aae9adafb1d817f4c8,40,12,http://www.gfex.com.cn/u/interfacesWebTiDayQuotes/loadList,https://www.gfex.com.cn/gfex/rihq/hqsj_tjsj.shtml,2026-08-14T18:26:02+08:00
2025-05-27,warehouse,cached,0,9cefcf2627c25428e7bec98272a762324ed80d6adc2a84549194d708d37260c8,67,1,http://www.gfex.com.cn/u/interfacesWebTdWbillWeeklyQuotes/loadList,https://www.gfex.com.cn/gfex/cdrb/hqsj_tjsj.shtml,2026-08-14T18:26:02+08:00
2025-05-28,daily,cached,0,6cee00f8c9dde690c88d8bfc9ac4225f9d5fa96d3c62a6ba2e1778acdfba3a3f,40,12,http://www.gfex.com.cn/u/interfacesWebTiDayQuotes/loadList,https://www.gfex.com.cn/gfex/rihq/hqsj_tjsj.shtml,2026-08-14T18:26:02+08:00
2025-05-28,warehouse,cached,0,fd61a7f4954a1ec8656743f0ab8510538ef9e4808fb13c9300783f19be2f4975,67,1,http://www.gfex.com.cn/u/interfacesWebTdWbillWeeklyQuotes/loadList,https://www.gfex.com.cn/gfex/cdrb/hqsj_tjsj.shtml,2026-08-14T18:26:02+08:00
2025-05-29,daily,cached,0,08646f5dd95f7520dfed4f122c04b7bdba12d33d4982c7e83cebf7c010d68ada,40,12,http://www.gfex.com.cn/u/interfacesWebTiDayQuotes/loadList,https://www.gfex.com.cn/gfex/rihq/hqsj_tjsj.shtml,2026-08-14T18:26:02+08:00
2025-05-29,warehouse,cached,0,f49dc7bdea3de31fa14bfa64e0e8b9608b67d333875d99cd692c2835e6845ee3,67,1,http://www.gfex.com.cn/u/interfacesWebTdWbillWeeklyQuotes/loadList,https://www.gfex.com.cn/gfex/cdrb/hqsj_tjsj.shtml,2026-08-14T18:26:02+08:00
2025-05-30,daily,cached,0,05b68fa659d6ae4ff0ce68791a6e53bd1894499e8a60bc16e8da32a66a6e27b6,40,12,http://www.gfex.com.cn/u/interfacesWebTiDayQuotes/loadList,https://www.gfex.com.cn/gfex/rihq/hqsj_tjsj.shtml,2026-08-14T18:26:02+08:00
2025-05-30,warehouse,cached,0,e6980d489126db2fc2eb55071c70087f9a49d455c0116810e2facb37ee23810a,67,1,http://www.gfex.com.cn/u/interfacesWebTdWbillWeeklyQuotes/loadList,https://www.gfex.com.cn/gfex/cdrb/hqsj_tjsj.shtml,2026-08-14T18:26:02+08:00
2025-06-02,daily,cached,0,20e75668d44a47ed1e48979646b67578b5352f53c17ab596183711663fecd26c,1,0,http://www.gfex.com.cn/u/interfacesWebTiDayQuotes/loadList,https://www.gfex.com.cn/gfex/rihq/hqsj_tjsj.shtml,2026-08-14T18:26:02+08:00
2025-06-02,warehouse,cached,0,0181cd02b59e6ca9a5c0840f30a6e363e04ff37dbf76b09595a48d427b25682f,1,0,http://www.gfex.com.cn/u/interfacesWebTdWbillWeeklyQuotes/loadList,https://www.gfex.com.cn/gfex/cdrb/hqsj_tjsj.shtml,2026-08-14T18:26:02+08:00
2025-06-03,daily,cached,0,455b09e43ef9eafe9ba2c9059b69c6363c7649b2f1b194fd483b66a20773f1d6,40,12,http://www.gfex.com.cn/u/interfacesWebTiDayQuotes/loadList,https://www.gfex.com.cn/gfex/rihq/hqsj_tjsj.shtml,2026-08-14T18:26:02+08:00
2025-06-03,warehouse,cached,0,218e1ce72627b41c7c0835e164fd2af298f1d4c1302da9705c338d44a772f0be,69,1,http://www.gfex.com.cn/u/interfacesWebTdWbillWeeklyQuotes/loadList,https://www.gfex.com.cn/gfex/cdrb/hqsj_tjsj.shtml,2026-08-14T18:26:02+08:00
2025-06-04,daily,cached,0,2ae7e921e2dfc01b8c94445f464f9c0b90e96adbbe65bb23960832d336a48555,40,12,http://www.gfex.com.cn/u/interfacesWebTiDayQuotes/loadList,https://www.gfex.com.cn/gfex/rihq/hqsj_tjsj.shtml,2026-08-14T18:26:02+08:00
2025-06-04,warehouse,cached,0,2247cad2dd67612bfb77420ccba5625c6595cea57183b7e65b4c00972b8d82b9,69,1,http://www.gfex.com.cn/u/interfacesWebTdWbillWeeklyQuotes/loadList,https://www.gfex.com.cn/gfex/cdrb/hqsj_tjsj.shtml,2026-08-14T18:26:02+08:00
2025-06-05,daily,cached,0,5bb7687845736869b51a6aea55f5e7a8ef33716e8bf3c551b3f65103f26e72ad,40,12,http://www.gfex.com.cn/u/interfacesWebTiDayQuotes/loadList,https://www.gfex.com.cn/gfex/rihq/hqsj_tjsj.shtml,2026-08-14T18:26:02+08:00
2025-06-05,warehouse,cached,0,d7039b45cb99c0ee9ec4fda685ce4e7789f3f09d51ec1791d90fbb1210f39628,69,1,http://www.gfex.com.cn/u/interfacesWebTdWbillWeeklyQuotes/loadList,https://www.gfex.com.cn/gfex/cdrb/hqsj_tjsj.shtml,2026-08-14T18:26:02+08:00
2025-06-06,daily,cached,0,859931935fe89c99dfbaa8fe4ad85a6c4f568f9f07fa02a2fa728def7fe454a6,40,12,http://www.gfex.com.cn/u/interfacesWebTiDayQuotes/loadList,https://www.gfex.com.cn/gfex/rihq/hqsj_tjsj.shtml,2026-08-14T18:26:02+08:00
2025-06-06,warehouse,cached,0,fed9c2cfd2e5b8ba639a60158bbb86706e9bf3561645c8a5bf29d78364ab6038,69,1,http://www.gfex.com.cn/u/interfacesWebTdWbillWeeklyQuotes/loadList,https://www.gfex.com.cn/gfex/cdrb/hqsj_tjsj.shtml,2026-08-14T18:26:02+08:00
2025-06-09,daily,cached,0,93f9c2091b0e709cbbb5a6481c093f47f7e9c45fb1c4d3e9f96b47572139cb82,40,11,http://www.gfex.com.cn/u/interfacesWebTiDayQuotes/loadList,https://www.gfex.com.cn/gfex/rihq/hqsj_tjsj.shtml,2026-08-14T18:26:02+08:00
2025-06-09,warehouse,cached,0,7bd7b3dfb8c0f17c04bce1d63273eedbb44f69909ce91e936297a2110d62ceb5,69,1,http://www.gfex.com.cn/u/interfacesWebTdWbillWeeklyQuotes/loadList,https://www.gfex.com.cn/gfex/cdrb/hqsj_tjsj.shtml,2026-08-14T18:26:02+08:00
2025-06-10,daily,cached,0,85b72db737d549395c63245760a5f1305922e09d238d0b7d212f8410885ad0c3,40,12,http://www.gfex.com.cn/u/interfacesWebTiDayQuotes/loadList,https://www.gfex.com.cn/gfex/rihq/hqsj_tjsj.shtml,2026-08-14T18:26:02+08:00
2025-06-10,warehouse,cached,0,f3eddc7474daa122defe1e78ab93ee2771d6b99fbc18d72e59018e92c22bc124,69,1,http://www.gfex.com.cn/u/interfacesWebTdWbillWeeklyQuotes/loadList,https://www.gfex.com.cn/gfex/cdrb/hqsj_tjsj.shtml,2026-08-14T18:26:02+08:00
2025-06-11,daily,cached,0,6d9f19a9170193afadab3803bb13253230e654ef5849502903d83455a8cd2f82,40,12,http://www.gfex.com.cn/u/interfacesWebTiDayQuotes/loadList,https://www.gfex.com.cn/gfex/rihq/hqsj_tjsj.shtml,2026-08-14T18:26:02+08:00
2025-06-11,warehouse,cached,0,b7d62523cf3cb85b71a09940f36e4deef49a2d5ef3956c383e022f5880cfc89d,69,1,http://www.gfex.com.cn/u/interfacesWebTdWbillWeeklyQuotes/loadList,https://www.gfex.com.cn/gfex/cdrb/hqsj_tjsj.shtml,2026-08-14T18:26:02+08:00
2025-06-12,daily,cached,0,e1430d8a8835d46638b7d79728e521e92133bfc32b97dbbbe047dcf58af4ee21,40,11,http://www.gfex.com.cn/u/interfacesWebTiDayQuotes/loadList,https://www.gfex.com.cn/gfex/rihq/hqsj_tjsj.shtml,2026-08-14T18:26:02+08:00
2025-06-12,warehouse,cached,0,9b2a16430e1793707b3c4c75a174fa3597d3b41bf13178dd9f06671e1c73de0b,69,1,http://www.gfex.com.cn/u/interfacesWebTdWbillWeeklyQuotes/loadList,https://www.gfex.com.cn/gfex/cdrb/hqsj_tjsj.shtml,2026-08-14T18:26:02+08:00
2025-06-13,daily,cached,0,f87ee00bccc8b8f9dd1d1f4673db893c6472a65207dbf75335192173c631e4f2,40,12,http://www.gfex.com.cn/u/interfacesWebTiDayQuotes/loadList,https://www.gfex.com.cn/gfex/rihq/hqsj_tjsj.shtml,2026-08-14T18:26:02+08:00
2025-06-13,warehouse,cached,0,a936b18331563d03c4180e2b7d1719ee2f62dc9a344c4b11800c2ae80cefcd3b,69,1,http://www.gfex.com.cn/u/interfacesWebTdWbillWeeklyQuotes/loadList,https://www.gfex.com.cn/gfex/cdrb/hqsj_tjsj.shtml,2026-08-14T18:26:02+08:00
2025-06-16,daily,cached,0,f7de3daa1f9d0e98833774c9a6d373369a6257382cb9b15ba5cbcf2719c6bdb0,40,12,http://www.gfex.com.cn/u/interfacesWebTiDayQuotes/loadList,https://www.gfex.com.cn/gfex/rihq/hqsj_tjsj.shtml,2026-08-14T18:26:02+08:00
2025-06-16,warehouse,cached,0,caa04f733c04b115e9ba94ca96f17b1ff91206d406e26fa86e877d3dfd11b805,69,1,http://www.gfex.com.cn/u/interfacesWebTdWbillWeeklyQuotes/loadList,https://www.gfex.com.cn/gfex/cdrb/hqsj_tjsj.shtml,2026-08-14T18:26:02+08:00
2025-06-17,daily,cached,0,ef23eecaee5dd0b4c5b7d28217b11e68f268a138760601ec6c23126eaf527348,40,12,http://www.gfex.com.cn/u/interfacesWebTiDayQuotes/loadList,https://www.gfex.com.cn/gfex/rihq/hqsj_tjsj.shtml,2026-08-14T18:26:02+08:00
2025-06-17,warehouse,cached,0,9372985336b76421890a58fe8763171986d32bc12d241eb2a68bc1ec93edcdc2,69,1,http://www.gfex.com.cn/u/interfacesWebTdWbillWeeklyQuotes/loadList,https://www.gfex.com.cn/gfex/cdrb/hqsj_tjsj.shtml,2026-08-14T18:26:02+08:00
2025-06-18,daily,cached,0,9a5ebb870090b92642ade91ca831dea0ec87ecb7aca5a6f88452c41d9119a2a0,40,12,http://www.gfex.com.cn/u/interfacesWebTiDayQuotes/loadList,https://www.gfex.com.cn/gfex/rihq/hqsj_tjsj.shtml,2026-08-14T18:26:02+08:00
2025-06-18,warehouse,cached,0,1bfd894defe435c947355c156820252c539bc5be078480977653945ac22a76e5,69,1,http://www.gfex.com.cn/u/interfacesWebTdWbillWeeklyQuotes/loadList,https://www.gfex.com.cn/gfex/cdrb/hqsj_tjsj.shtml,2026-08-14T18:26:02+08:00
2025-06-19,daily,cached,0,3dfc9553273c190d2ed74610ad76de0bdea94bb5ccffdc158ac5c1213fc836a7,40,12,http://www.gfex.com.cn/u/interfacesWebTiDayQuotes/loadList,https://www.gfex.com.cn/gfex/rihq/hqsj_tjsj.shtml,2026-08-14T18:26:02+08:00
2025-06-19,warehouse,cached,0,165551379c1c7085a0cb8ea48930c8f13f00fd85738750a149d27efa6a19e183,69,1,http://www.gfex.com.cn/u/interfacesWebTdWbillWeeklyQuotes/loadList,https://www.gfex.com.cn/gfex/cdrb/hqsj_tjsj.shtml,2026-08-14T18:26:02+08:00
2025-06-20,daily,cached,0,09a4530e8258dd1ff5f9912986ae8e418157a173690f17e4db70306cacc0239c,40,12,http://www.gfex.com.cn/u/interfacesWebTiDayQuotes/loadList,https://www.gfex.com.cn/gfex/rihq/hqsj_tjsj.shtml,2026-08-14T18:26:02+08:00
2025-06-20,warehouse,cached,0,e3bd6ea140f6e597eb497875f980758612d094549780406274d80ebd7913dcd8,69,1,http://www.gfex.com.cn/u/interfacesWebTdWbillWeeklyQuotes/loadList,https://www.gfex.com.cn/gfex/cdrb/hqsj_tjsj.shtml,2026-08-14T18:26:02+08:00
2025-06-23,daily,cached,0,b2b377cd30dff4133e720a750b7248a40db3dcdff8ca879bd731a73c9fd68413,40,12,http://www.gfex.com.cn/u/interfacesWebTiDayQuotes/loadList,https://www.gfex.com.cn/gfex/rihq/hqsj_tjsj.shtml,2026-08-14T18:26:02+08:00
2025-06-23,warehouse,cached,0,b3aeb556108f5c95c262964a016d0cb2ad2d8402db667f5d4d451cbf2b6c7264,69,1,http://www.gfex.com.cn/u/interfacesWebTdWbillWeeklyQuotes/loadList,https://www.gfex.com.cn/gfex/cdrb/hqsj_tjsj.shtml,2026-08-14T18:26:02+08:00
2025-06-24,daily,cached,0,d408254195c8ed534a35da0cd56dc94183dcfabaaaf8f24700feead78e181d96,40,12,http://www.gfex.com.cn/u/interfacesWebTiDayQuotes/loadList,https://www.gfex.com.cn/gfex/rihq/hqsj_tjsj.shtml,2026-08-14T18:26:02+08:00
2025-06-24,warehouse,cached,0,344365dd17c6284593565c318bf4b3250f04bbebcbe68660d9df4ed22e7fad07,69,1,http://www.gfex.com.cn/u/interfacesWebTdWbillWeeklyQuotes/loadList,https://www.gfex.com.cn/gfex/cdrb/hqsj_tjsj.shtml,2026-08-14T18:26:02+08:00
2025-06-25,daily,cached,0,cb0a105cc3194b39fb21c47801f39e9a8615b6c73b4eab0bbe4c80fecb3f0361,40,12,http://www.gfex.com.cn/u/interfacesWebTiDayQuotes/loadList,https://www.gfex.com.cn/gfex/rihq/hqsj_tjsj.shtml,2026-08-14T18:26:02+08:00
2025-06-25,warehouse,cached,0,999e9726a013ae1085dac64ea70310a073317c35f7dc68fa148276a940615db3,69,1,http://www.gfex.com.cn/u/interfacesWebTdWbillWeeklyQuotes/loadList,https://www.gfex.com.cn/gfex/cdrb/hqsj_tjsj.shtml,2026-08-14T18:26:02+08:00
2025-06-26,daily,cached,0,0681ed0cc6a2e90b58fa2b2fb45ac9cc912b29a40d65722d3088c8eda0d970e2,40,12,http://www.gfex.com.cn/u/interfacesWebTiDayQuotes/loadList,https://www.gfex.com.cn/gfex/rihq/hqsj_tjsj.shtml,2026-08-14T18:26:02+08:00
2025-06-26,warehouse,cached,0,2f82a66b97dd5ff4575162254b51bb616f40b62a2dd110ea8266e3aab7a90566,69,1,http://www.gfex.com.cn/u/interfacesWebTdWbillWeeklyQuotes/loadList,https://www.gfex.com.cn/gfex/cdrb/hqsj_tjsj.shtml,2026-08-14T18:26:02+08:00
2025-06-27,daily,cached,0,6e2bd3f4d6f26622c567807b2bc4ebee41a3cdfa1a9a6f30579e15298b918d44,40,12,http://www.gfex.com.cn/u/interfacesWebTiDayQuotes/loadList,https://www.gfex.com.cn/gfex/rihq/hqsj_tjsj.shtml,2026-08-14T18:26:02+08:00
2025-06-27,warehouse,cached,0,a61cd393fcb77f8a4b6923f626889e1f53e29cbd8dd3cc15bf6f4bdef80f14a9,69,1,http://www.gfex.com.cn/u/interfacesWebTdWbillWeeklyQuotes/loadList,https://www.gfex.com.cn/gfex/cdrb/hqsj_tjsj.shtml,2026-08-14T18:26:02+08:00
2025-06-30,daily,cached,0,aa26abe2ab5a4984badc0a1d33df75a6c7f02a58de9d151b107008e4251d713e,40,12,http://www.gfex.com.cn/u/interfacesWebTiDayQuotes/loadList,https://www.gfex.com.cn/gfex/rihq/hqsj_tjsj.shtml,2026-08-14T18:26:02+08:00
2025-06-30,warehouse,cached,0,31ce712e6bfce1051cd908e6f60d46722d6cc01022012ecba83afe7214633555,69,1,http://www.gfex.com.cn/u/interfacesWebTdWbillWeeklyQuotes/loadList,https://www.gfex.com.cn/gfex/cdrb/hqsj_tjsj.shtml,2026-08-14T18:26:02+08:00
2025-07-01,daily,cached,0,d97ff9c25465278ee4e5389a4631d6d4ce47c433517484050ee71f63b0ea505a,40,12,http://www.gfex.com.cn/u/interfacesWebTiDayQuotes/loadList,https://www.gfex.com.cn/gfex/rihq/hqsj_tjsj.shtml,2026-08-14T18:26:02+08:00
2025-07-01,warehouse,cached,0,680ee328091f4a62b199a9b85c85663aaedabe8d89a700df452702e2fbf53bd9,69,1,http://www.gfex.com.cn/u/interfacesWebTdWbillWeeklyQuotes/loadList,https://www.gfex.com.cn/gfex/cdrb/hqsj_tjsj.shtml,2026-08-14T18:26:02+08:00
2025-07-02,daily,cached,0,b4937a4dc4906104b900bc5c464236c2f21293825bf52b735bcc79deebb1f582,40,12,http://www.gfex.com.cn/u/interfacesWebTiDayQuotes/loadList,https://www.gfex.com.cn/gfex/rihq/hqsj_tjsj.shtml,2026-08-14T18:26:02+08:00
2025-07-02,warehouse,cached,0,bff107fc83f1cec9afdcacb7a52338c10b4574c0ea51b1a73f701015ebb7af8e,69,1,http://www.gfex.com.cn/u/interfacesWebTdWbillWeeklyQuotes/loadList,https://www.gfex.com.cn/gfex/cdrb/hqsj_tjsj.shtml,2026-08-14T18:26:02+08:00
2025-07-03,daily,cached,0,df9364c0963448375fe023cae9fe7e20114e38510c03644de61e5522423c9212,40,12,http://www.gfex.com.cn/u/interfacesWebTiDayQuotes/loadList,https://www.gfex.com.cn/gfex/rihq/hqsj_tjsj.shtml,2026-08-14T18:26:02+08:00
2025-07-03,warehouse,cached,0,102b97b0e18977373e2eaf01e8cb63b7d0d75ebf7b30e699fb6b577a51e5202e,69,1,http://www.gfex.com.cn/u/interfacesWebTdWbillWeeklyQuotes/loadList,https://www.gfex.com.cn/gfex/cdrb/hqsj_tjsj.shtml,2026-08-14T18:26:02+08:00
2025-07-04,daily,cached,0,835054cdf2a8d2c4ad56a1f0d691dbb334e38003320dcbefac69cdfe4e23fd19,40,12,http://www.gfex.com.cn/u/interfacesWebTiDayQuotes/loadList,https://www.gfex.com.cn/gfex/rihq/hqsj_tjsj.shtml,2026-08-14T18:26:02+08:00
2025-07-04,warehouse,cached,0,4bd74ef0e7b4f6cb6f3a9e0b3add769a827545bca01155cea156d19a6684c64b,69,1,http://www.gfex.com.cn/u/interfacesWebTdWbillWeeklyQuotes/loadList,https://www.gfex.com.cn/gfex/cdrb/hqsj_tjsj.shtml,2026-08-14T18:26:02+08:00
2025-07-07,daily,cached,0,33f23c2573e161bf0b31b1e3f855515285a89bf142feec772e6ae5fe6daaa490,40,12,http://www.gfex.com.cn/u/interfacesWebTiDayQuotes/loadList,https://www.gfex.com.cn/gfex/rihq/hqsj_tjsj.shtml,2026-08-14T18:26:02+08:00
2025-07-07,warehouse,cached,0,2748db8781d301ead54e028eefb759edea59fb5cc64c8c1a64953a831b0b0193,69,1,http://www.gfex.com.cn/u/interfacesWebTdWbillWeeklyQuotes/loadList,https://www.gfex.com.cn/gfex/cdrb/hqsj_tjsj.shtml,2026-08-14T18:26:02+08:00
2025-07-08,daily,cached,0,d478e687e87f8261b806f03d24a644c6a36b286c7b7fc35d1e01a32c4d94eb5e,40,12,http://www.gfex.com.cn/u/interfacesWebTiDayQuotes/loadList,https://www.gfex.com.cn/gfex/rihq/hqsj_tjsj.shtml,2026-08-14T18:26:02+08:00
2025-07-08,warehouse,cached,0,cfaf8c34b7dee574f394bea9bd2df00965764fc3a1746a8db3cb1762add28c05,69,1,http://www.gfex.com.cn/u/interfacesWebTdWbillWeeklyQuotes/loadList,https://www.gfex.com.cn/gfex/cdrb/hqsj_tjsj.shtml,2026-08-14T18:26:02+08:00
2025-07-09,daily,cached,0,de8ce9503f97a6f822c9d175416e46b947fae017c8dc60a1406f5b23d1a91ab2,40,12,http://www.gfex.com.cn/u/interfacesWebTiDayQuotes/loadList,https://www.gfex.com.cn/gfex/rihq/hqsj_tjsj.shtml,2026-08-14T18:26:02+08:00
2025-07-09,warehouse,cached,0,ff40d10e66749068b44ae2b409744ce7d49f24046c95a5c7943845eb0a616524,68,1,http://www.gfex.com.cn/u/interfacesWebTdWbillWeeklyQuotes/loadList,https://www.gfex.com.cn/gfex/cdrb/hqsj_tjsj.shtml,2026-08-14T18:26:02+08:00
2025-07-10,daily,cached,0,7b44041b223a99ed836be9c59b69f0394d8a48b8d893520dfd2afe558854023f,40,12,http://www.gfex.com.cn/u/interfacesWebTiDayQuotes/loadList,https://www.gfex.com.cn/gfex/rihq/hqsj_tjsj.shtml,2026-08-14T18:26:02+08:00
2025-07-10,warehouse,cached,0,fd087a3a96cfd9812a4b50e92c57a2082b47825cabdb62653e943205eae0bda6,68,1,http://www.gfex.com.cn/u/interfacesWebTdWbillWeeklyQuotes/loadList,https://www.gfex.com.cn/gfex/cdrb/hqsj_tjsj.shtml,2026-08-14T18:26:02+08:00
2025-07-11,daily,cached,0,c2ea707cbf1367feb61f31bd20472dfbddac1d3af83090d4107a8d738b371218,40,12,http://www.gfex.com.cn/u/interfacesWebTiDayQuotes/loadList,https://www.gfex.com.cn/gfex/rihq/hqsj_tjsj.shtml,2026-08-14T18:26:02+08:00
2025-07-11,warehouse,cached,0,3a1ca63c92b3463a2d10f82077581546c00e590b9b0ced790c53b55784a3a681,68,1,http://www.gfex.com.cn/u/interfacesWebTdWbillWeeklyQuotes/loadList,https://www.gfex.com.cn/gfex/cdrb/hqsj_tjsj.shtml,2026-08-14T18:26:02+08:00
2025-07-14,daily,cached,0,4737100f377de65c344634d2bcfe4e12c3e9eb770c5da50ec96fd8fea30372bb,40,12,http://www.gfex.com.cn/u/interfacesWebTiDayQuotes/loadList,https://www.gfex.com.cn/gfex/rihq/hqsj_tjsj.shtml,2026-08-14T18:26:02+08:00
2025-07-14,warehouse,cached,0,3dba6595416f72402a669df4d532498f86383750ffe54d6ebe7eefa8fb2dd920,67,1,http://www.gfex.com.cn/u/interfacesWebTdWbillWeeklyQuotes/loadList,https://www.gfex.com.cn/gfex/cdrb/hqsj_tjsj.shtml,2026-08-14T18:26:02+08:00
2025-07-15,daily,cached,0,ebee1526784562da78ca42d1d21e9febf1ffc799cfb6b87cd310dea1a48ade94,40,12,http://www.gfex.com.cn/u/interfacesWebTiDayQuotes/loadList,https://www.gfex.com.cn/gfex/rihq/hqsj_tjsj.shtml,2026-08-14T18:26:02+08:00
2025-07-15,warehouse,cached,0,8b1421dff835f37dddd399ef21fd6a005d69bb94c8818e7b2769f52b7b5d4bd3,67,1,http://www.gfex.com.cn/u/interfacesWebTdWbillWeeklyQuotes/loadList,https://www.gfex.com.cn/gfex/cdrb/hqsj_tjsj.shtml,2026-08-14T18:26:02+08:00
2025-07-16,daily,cached,0,af3116bf6283e0a18717f543dd42c88a7333cdc91a8bd12d707c01b293a7e464,40,12,http://www.gfex.com.cn/u/interfacesWebTiDayQuotes/loadList,https://www.gfex.com.cn/gfex/rihq/hqsj_tjsj.shtml,2026-08-14T18:26:02+08:00
2025-07-16,warehouse,cached,0,90d55904c565b270d59f4f3d3aa5c4f1a5757c218d4e43a7d51590973c444b7f,67,1,http://www.gfex.com.cn/u/interfacesWebTdWbillWeeklyQuotes/loadList,https://www.gfex.com.cn/gfex/cdrb/hqsj_tjsj.shtml,2026-08-14T18:26:02+08:00
2025-07-17,daily,cached,0,60626a16e5cfdaf50235c42ae788b036d8a2d81c3fd17c948dbcf46bb38aa743,40,12,http://www.gfex.com.cn/u/interfacesWebTiDayQuotes/loadList,https://www.gfex.com.cn/gfex/rihq/hqsj_tjsj.shtml,2026-08-14T18:26:02+08:00
2025-07-17,warehouse,cached,0,293f986ddcdeae8c6f33b4a8dddb049323c7f097950bd4e882d24372dcdc760f,67,1,http://www.gfex.com.cn/u/interfacesWebTdWbillWeeklyQuotes/loadList,https://www.gfex.com.cn/gfex/cdrb/hqsj_tjsj.shtml,2026-08-14T18:26:02+08:00
2025-07-18,daily,cached,0,afabf66f860a325ffb51b287edbd9f27d7df97491adfb58e00bc867b80fc9542,40,12,http://www.gfex.com.cn/u/interfacesWebTiDayQuotes/loadList,https://www.gfex.com.cn/gfex/rihq/hqsj_tjsj.shtml,2026-08-14T18:26:02+08:00
2025-07-18,warehouse,cached,0,a8571ef1e04095316e64b205c15263bcb94bca1dccfc9df20c38ed8c2d403af7,67,1,http://www.gfex.com.cn/u/interfacesWebTdWbillWeeklyQuotes/loadList,https://www.gfex.com.cn/gfex/cdrb/hqsj_tjsj.shtml,2026-08-14T18:26:02+08:00
2025-07-21,daily,cached,0,695ac70d9392ea6b4228b2b2ec7be9a18a3ae9891512666458ea5f49d3e3e6ca,40,12,http://www.gfex.com.cn/u/interfacesWebTiDayQuotes/loadList,https://www.gfex.com.cn/gfex/rihq/hqsj_tjsj.shtml,2026-08-14T18:26:02+08:00
2025-07-21,warehouse,cached,0,036c9a2407600a27c105fd2ad6b5a4932d514e5b7e77bcb69280db8a6e51e5dc,67,1,http://www.gfex.com.cn/u/interfacesWebTdWbillWeeklyQuotes/loadList,https://www.gfex.com.cn/gfex/cdrb/hqsj_tjsj.shtml,2026-08-14T18:26:02+08:00
2025-07-22,daily,cached,0,a5f01cb515b9e11a841700962f606f79bb5ddf86c5658bbe14312236a8c56527,40,12,http://www.gfex.com.cn/u/interfacesWebTiDayQuotes/loadList,https://www.gfex.com.cn/gfex/rihq/hqsj_tjsj.shtml,2026-08-14T18:26:02+08:00
2025-07-22,warehouse,cached,0,93925d900a22af9795acfd72d074c19300a2fe39ca0efb5fe270ad163f46b5ff,67,1,http://www.gfex.com.cn/u/interfacesWebTdWbillWeeklyQuotes/loadList,https://www.gfex.com.cn/gfex/cdrb/hqsj_tjsj.shtml,2026-08-14T18:26:02+08:00
2025-07-23,daily,cached,0,4a489f481375debb97fb82d8386ab498cc63be15578aef1c7a79eedc5dd4826e,40,12,http://www.gfex.com.cn/u/interfacesWebTiDayQuotes/loadList,https://www.gfex.com.cn/gfex/rihq/hqsj_tjsj.shtml,2026-08-14T18:26:02+08:00
2025-07-23,warehouse,cached,0,f13ba9775ac99b50a7cc3e9e6afe19b4c376c949dce5f0f5faeb3416758c1524,67,1,http://www.gfex.com.cn/u/interfacesWebTdWbillWeeklyQuotes/loadList,https://www.gfex.com.cn/gfex/cdrb/hqsj_tjsj.shtml,2026-08-14T18:26:02+08:00
2025-07-24,daily,cached,0,f2cc7776340f3bc5a5c0af1ea4fba748b02007d70e36338c3ab353c2324c66cf,40,12,http://www.gfex.com.cn/u/interfacesWebTiDayQuotes/loadList,https://www.gfex.com.cn/gfex/rihq/hqsj_tjsj.shtml,2026-08-14T18:26:02+08:00
2025-07-24,warehouse,cached,0,a508a2a89a83132f701384d2dbcd3c6d0029916ae98a6e147e68af076b4d39d1,68,1,http://www.gfex.com.cn/u/interfacesWebTdWbillWeeklyQuotes/loadList,https://www.gfex.com.cn/gfex/cdrb/hqsj_tjsj.shtml,2026-08-14T18:26:02+08:00
2025-07-25,daily,cached,0,db41f00d208f0ca075f6d99be34d9999d6cdcf567133bf78f291a593e0ebe36c,40,12,http://www.gfex.com.cn/u/interfacesWebTiDayQuotes/loadList,https://www.gfex.com.cn/gfex/rihq/hqsj_tjsj.shtml,2026-08-14T18:26:02+08:00
2025-07-25,warehouse,cached,0,2726a84a80d29a7b912b70f99e8d9077f01df68f5ce61f8ecd1cd758e957440c,68,1,http://www.gfex.com.cn/u/interfacesWebTdWbillWeeklyQuotes/loadList,https://www.gfex.com.cn/gfex/cdrb/hqsj_tjsj.shtml,2026-08-14T18:26:02+08:00
2025-07-28,daily,cached,0,4062b7fa677badcd2961e6c75362588f953c08fbe9afa70f97c251f196b9a496,40,12,http://www.gfex.com.cn/u/interfacesWebTiDayQuotes/loadList,https://www.gfex.com.cn/gfex/rihq/hqsj_tjsj.shtml,2026-08-14T18:26:02+08:00
2025-07-28,warehouse,cached,0,f85095e726f5b7dc36fce2f803dd0257e26a77a1eee8473fe5883a29d41b20a9,68,1,http://www.gfex.com.cn/u/interfacesWebTdWbillWeeklyQuotes/loadList,https://www.gfex.com.cn/gfex/cdrb/hqsj_tjsj.shtml,2026-08-14T18:26:02+08:00
2025-07-29,daily,cached,0,de47df2b4455b2f1c6bf86f258c1461c47a6ca46896f84f7a3b2cdfc088116aa,40,12,http://www.gfex.com.cn/u/interfacesWebTiDayQuotes/loadList,https://www.gfex.com.cn/gfex/rihq/hqsj_tjsj.shtml,2026-08-14T18:26:02+08:00
2025-07-29,warehouse,cached,0,c2c0981bb82cc4769cd275396c21ce27dfaeeacd872ade8ae6767821f78f5bdd,68,1,http://www.gfex.com.cn/u/interfacesWebTdWbillWeeklyQuotes/loadList,https://www.gfex.com.cn/gfex/cdrb/hqsj_tjsj.shtml,2026-08-14T18:26:02+08:00
2025-07-30,daily,cached,0,9538f299124d9d9f17b9686deda0d7e03feca1b02a11431008f7f10ddfff6a62,40,12,http://www.gfex.com.cn/u/interfacesWebTiDayQuotes/loadList,https://www.gfex.com.cn/gfex/rihq/hqsj_tjsj.shtml,2026-08-14T18:26:02+08:00
2025-07-30,warehouse,cached,0,b376415e4e59fee3fc6344996e81c32c1e66378e2594b0c2ed018778d013f4de,68,1,http://www.gfex.com.cn/u/interfacesWebTdWbillWeeklyQuotes/loadList,https://www.gfex.com.cn/gfex/cdrb/hqsj_tjsj.shtml,2026-08-14T18:26:02+08:00
2025-07-31,daily,cached,0,a74937a34e08dd932eec915130da11e47215580f2d89af1cfc951a14cd0a450d,40,12,http://www.gfex.com.cn/u/interfacesWebTiDayQuotes/loadList,https://www.gfex.com.cn/gfex/rihq/hqsj_tjsj.shtml,2026-08-14T18:26:02+08:00
2025-07-31,warehouse,cached,0,0a1c99d8cc822775ff2ea2567eee8d1c90c03df1a149dc3a0040f91c8ad0e8af,69,1,http://www.gfex.com.cn/u/interfacesWebTdWbillWeeklyQuotes/loadList,https://www.gfex.com.cn/gfex/cdrb/hqsj_tjsj.shtml,2026-08-14T18:26:02+08:00
2025-08-01,daily,cached,0,1f6322bea1be75ea5ceca597373bc42ba271fd63d4f24e57b6d244bd0c598683,40,12,http://www.gfex.com.cn/u/interfacesWebTiDayQuotes/loadList,https://www.gfex.com.cn/gfex/rihq/hqsj_tjsj.shtml,2026-08-14T18:26:02+08:00
2025-08-01,warehouse,cached,0,af1ab6c4c1eee42af9bda50bd8cd654f596d4ea4582ebf0bfcc62cca14fe545a,58,1,http://www.gfex.com.cn/u/interfacesWebTdWbillWeeklyQuotes/loadList,https://www.gfex.com.cn/gfex/cdrb/hqsj_tjsj.shtml,2026-08-14T18:26:02+08:00
2025-08-04,daily,cached,0,8329c0a81a3ef2407c0fe4e050844830fbc91d39ee01ebdc3ed030ba08c1a80f,40,12,http://www.gfex.com.cn/u/interfacesWebTiDayQuotes/loadList,https://www.gfex.com.cn/gfex/rihq/hqsj_tjsj.shtml,2026-08-14T18:26:02+08:00
2025-08-04,warehouse,cached,0,cc6f28e91622faf2c6fa9ac6eb940af42e85335fba2ad3daa96962979901e952,62,1,http://www.gfex.com.cn/u/interfacesWebTdWbillWeeklyQuotes/loadList,https://www.gfex.com.cn/gfex/cdrb/hqsj_tjsj.shtml,2026-08-14T18:26:02+08:00
2025-08-05,daily,cached,0,15d0b9ad7e08b5b8fb790d0d3bb0aabb6c9a88433cae2614f1f83f4bd5d6fbe6,40,12,http://www.gfex.com.cn/u/interfacesWebTiDayQuotes/loadList,https://www.gfex.com.cn/gfex/rihq/hqsj_tjsj.shtml,2026-08-14T18:26:02+08:00
2025-08-05,warehouse,cached,0,6f8855dcccbb8d6b5829d01a9070a0af7de23c62a15b6235aa95a41dd4ef0fda,65,1,http://www.gfex.com.cn/u/interfacesWebTdWbillWeeklyQuotes/loadList,https://www.gfex.com.cn/gfex/cdrb/hqsj_tjsj.shtml,2026-08-14T18:26:02+08:00
2025-08-06,daily,cached,0,ebc2671272fbec49a752dfc20cc9848a1a263bc4814183d21bc232f0cd9b3e13,40,12,http://www.gfex.com.cn/u/interfacesWebTiDayQuotes/loadList,https://www.gfex.com.cn/gfex/rihq/hqsj_tjsj.shtml,2026-08-14T18:26:02+08:00
2025-08-06,warehouse,cached,0,cf944f637340b1c6cba8cec3f18f7cc2463c99dfb67b706f775c73d67b1c51a6,66,1,http://www.gfex.com.cn/u/interfacesWebTdWbillWeeklyQuotes/loadList,https://www.gfex.com.cn/gfex/cdrb/hqsj_tjsj.shtml,2026-08-14T18:26:02+08:00
2025-08-07,daily,cached,0,a3d3d2d4f5586038b6d4135807561450def145266cfb702a2e169c71c47409e3,40,12,http://www.gfex.com.cn/u/interfacesWebTiDayQuotes/loadList,https://www.gfex.com.cn/gfex/rihq/hqsj_tjsj.shtml,2026-08-14T18:26:02+08:00
2025-08-07,warehouse,cached,0,6f5cafc1186ed70cc1f7e910d7c12a29fb948b57fc77291f0ce90392d6c5cd25,67,1,http://www.gfex.com.cn/u/interfacesWebTdWbillWeeklyQuotes/loadList,https://www.gfex.com.cn/gfex/cdrb/hqsj_tjsj.shtml,2026-08-14T18:26:02+08:00
2025-08-08,daily,cached,0,8446e8f886b29a2462e1778e502c1e197ba43752e691560ce2d730c2399e9f08,40,12,http://www.gfex.com.cn/u/interfacesWebTiDayQuotes/loadList,https://www.gfex.com.cn/gfex/rihq/hqsj_tjsj.shtml,2026-08-14T18:26:02+08:00
2025-08-08,warehouse,cached,0,20a852fa9a744624384649c473910d83689642f1c8a14562618d69c5ffad2e29,69,1,http://www.gfex.com.cn/u/interfacesWebTdWbillWeeklyQuotes/loadList,https://www.gfex.com.cn/gfex/cdrb/hqsj_tjsj.shtml,2026-08-14T18:26:02+08:00
2025-08-11,daily,cached,0,b4699f3a12368c988c7f7f097b90db3abe3605f49cfaee4c8ebd5b5b247b10fb,40,12,http://www.gfex.com.cn/u/interfacesWebTiDayQuotes/loadList,https://www.gfex.com.cn/gfex/rihq/hqsj_tjsj.shtml,2026-08-14T18:26:02+08:00
2025-08-11,warehouse,cached,0,22bdae91bebc2e7a6205a3019ec76a8a0a1cdaa7be7ae4ec9c639da0851a1599,72,1,http://www.gfex.com.cn/u/interfacesWebTdWbillWeeklyQuotes/loadList,https://www.gfex.com.cn/gfex/cdrb/hqsj_tjsj.shtml,2026-08-14T18:26:02+08:00
2025-08-12,daily,cached,0,08a135e8eafa5b21ade8eeaa29b767970bd2a7d5a9acb25ffbc9b3b23f8bc64b,40,12,http://www.gfex.com.cn/u/interfacesWebTiDayQuotes/loadList,https://www.gfex.com.cn/gfex/rihq/hqsj_tjsj.shtml,2026-08-14T18:26:02+08:00
2025-08-12,warehouse,cached,0,43e988eb565614ec9da1aab883052b853f0ada75040b5e212a6f21f8a1fad2eb,74,1,http://www.gfex.com.cn/u/interfacesWebTdWbillWeeklyQuotes/loadList,https://www.gfex.com.cn/gfex/cdrb/hqsj_tjsj.shtml,2026-08-14T18:26:02+08:00
2025-08-13,daily,cached,0,5fe46347afa27d9386af95076384ea6ab525ced45713691a73ebe0d11145d0c8,40,12,http://www.gfex.com.cn/u/interfacesWebTiDayQuotes/loadList,https://www.gfex.com.cn/gfex/rihq/hqsj_tjsj.shtml,2026-08-14T18:26:02+08:00
2025-08-13,warehouse,cached,0,4bd79090bedbe1f4a76fd4aab34ced51c8129586eacf1cad3b78778049230687,74,1,http://www.gfex.com.cn/u/interfacesWebTdWbillWeeklyQuotes/loadList,https://www.gfex.com.cn/gfex/cdrb/hqsj_tjsj.shtml,2026-08-14T18:26:02+08:00
2025-08-14,daily,cached,0,a1df403d57feae8ffcf23243b6185b593302f46ac134b755a10a04b818dae896,40,11,http://www.gfex.com.cn/u/interfacesWebTiDayQuotes/loadList,https://www.gfex.com.cn/gfex/rihq/hqsj_tjsj.shtml,2026-08-14T18:26:02+08:00
2025-08-14,warehouse,cached,0,24efb4fd7543655be45bb1a437e63e467e8583dd7f8f44af16f21e3aad5e0b5b,76,1,http://www.gfex.com.cn/u/interfacesWebTdWbillWeeklyQuotes/loadList,https://www.gfex.com.cn/gfex/cdrb/hqsj_tjsj.shtml,2026-08-14T18:26:02+08:00
2025-08-15,daily,cached,0,05ff4afd8d33686d61b6e20c2a01ce0d3450623b3dcfd514dbda62de480cb759,40,12,http://www.gfex.com.cn/u/interfacesWebTiDayQuotes/loadList,https://www.gfex.com.cn/gfex/rihq/hqsj_tjsj.shtml,2026-08-14T18:26:02+08:00
2025-08-15,warehouse,cached,0,06c952158446ad1ae39713c4cf7e613c59699f755df56b8eb8ae2ee451a487b4,76,1,http://www.gfex.com.cn/u/interfacesWebTdWbillWeeklyQuotes/loadList,https://www.gfex.com.cn/gfex/cdrb/hqsj_tjsj.shtml,2026-08-14T18:26:02+08:00
2025-08-18,daily,cached,0,9619358998840be4ed13da42f9884fe721a8162cc15837f9d7cc47fe1c426674,40,12,http://www.gfex.com.cn/u/interfacesWebTiDayQuotes/loadList,https://www.gfex.com.cn/gfex/rihq/hqsj_tjsj.shtml,2026-08-14T18:26:02+08:00
2025-08-18,warehouse,cached,0,ecdda8dd36dd5860f804945093196f6a912f55994713feed3862d59fbcc6f521,76,1,http://www.gfex.com.cn/u/interfacesWebTdWbillWeeklyQuotes/loadList,https://www.gfex.com.cn/gfex/cdrb/hqsj_tjsj.shtml,2026-08-14T18:26:02+08:00
2025-08-19,daily,cached,0,7d3915486f03af823ed6ad7459ec80dbfd9267d8e6d0636b7a624b0af2820b6e,40,12,http://www.gfex.com.cn/u/interfacesWebTiDayQuotes/loadList,https://www.gfex.com.cn/gfex/rihq/hqsj_tjsj.shtml,2026-08-14T18:26:02+08:00
2025-08-19,warehouse,cached,0,ea953b893279249e3c9bd793c1581b4b1b398ca98d16256431c1f565a9c2a813,77,1,http://www.gfex.com.cn/u/interfacesWebTdWbillWeeklyQuotes/loadList,https://www.gfex.com.cn/gfex/cdrb/hqsj_tjsj.shtml,2026-08-14T18:26:02+08:00
2025-08-20,daily,cached,0,b71d2c731b5f0f0076f73e52aa70235800a8761294f6d7ee52c2f477b1150add,40,12,http://www.gfex.com.cn/u/interfacesWebTiDayQuotes/loadList,https://www.gfex.com.cn/gfex/rihq/hqsj_tjsj.shtml,2026-08-14T18:26:02+08:00
2025-08-20,warehouse,cached,0,28eaaa1c5726d20395d1f3f81d100ff254b578e44a4fb1cf30c113a44f899cc9,77,1,http://www.gfex.com.cn/u/interfacesWebTdWbillWeeklyQuotes/loadList,https://www.gfex.com.cn/gfex/cdrb/hqsj_tjsj.shtml,2026-08-14T18:26:02+08:00
2025-08-21,daily,cached,0,667c272c8970415f8241d1359c2ba29d57757a565345d0aa1acd3305687451d7,40,12,http://www.gfex.com.cn/u/interfacesWebTiDayQuotes/loadList,https://www.gfex.com.cn/gfex/rihq/hqsj_tjsj.shtml,2026-08-14T18:26:02+08:00
2025-08-21,warehouse,cached,0,347e3fc66a382ba43aae4b9eb6575975092b81cfd6b449721663d06ef19d6512,80,1,http://www.gfex.com.cn/u/interfacesWebTdWbillWeeklyQuotes/loadList,https://www.gfex.com.cn/gfex/cdrb/hqsj_tjsj.shtml,2026-08-14T18:26:02+08:00
2025-08-22,daily,cached,0,2187e88aa5a864b435a15b82452ea4db85556333b4c80832a7c08e644370066e,40,12,http://www.gfex.com.cn/u/interfacesWebTiDayQuotes/loadList,https://www.gfex.com.cn/gfex/rihq/hqsj_tjsj.shtml,2026-08-14T18:26:02+08:00
2025-08-22,warehouse,cached,0,0ce1070406a4bfec2eb79a13be9d028ab98ce47fc4393165f8fb8e1df83a0696,80,1,http://www.gfex.com.cn/u/interfacesWebTdWbillWeeklyQuotes/loadList,https://www.gfex.com.cn/gfex/cdrb/hqsj_tjsj.shtml,2026-08-14T18:26:02+08:00
2025-08-25,daily,cached,0,da5d75ba9b05ac1e0671a6678bce1a6110cba43cb67f770aea3786b70c7cf086,40,12,http://www.gfex.com.cn/u/interfacesWebTiDayQuotes/loadList,https://www.gfex.com.cn/gfex/rihq/hqsj_tjsj.shtml,2026-08-14T18:26:02+08:00
2025-08-25,warehouse,cached,0,5abb7b2690624b8a54874d0f71c8481f793f3dd77537440a61e57dc874631224,80,1,http://www.gfex.com.cn/u/interfacesWebTdWbillWeeklyQuotes/loadList,https://www.gfex.com.cn/gfex/cdrb/hqsj_tjsj.shtml,2026-08-14T18:26:02+08:00
2025-08-26,daily,cached,0,3bf9bc69a7d7ba87ded758e23eace4c7cfe25d80625dcb011eafc528660d5531,40,12,http://www.gfex.com.cn/u/interfacesWebTiDayQuotes/loadList,https://www.gfex.com.cn/gfex/rihq/hqsj_tjsj.shtml,2026-08-14T18:26:02+08:00
2025-08-26,warehouse,cached,0,40a7c88115d1f99a45c1ced18588f59d47009f7268f320004609f1c0d40e068a,81,1,http://www.gfex.com.cn/u/interfacesWebTdWbillWeeklyQuotes/loadList,https://www.gfex.com.cn/gfex/cdrb/hqsj_tjsj.shtml,2026-08-14T18:26:02+08:00
2025-08-27,daily,cached,0,c073e6283760d5641a91a15572cdffd3572202f3650eedb94b8c549d9dbf5ac1,40,12,http://www.gfex.com.cn/u/interfacesWebTiDayQuotes/loadList,https://www.gfex.com.cn/gfex/rihq/hqsj_tjsj.shtml,2026-08-14T18:26:02+08:00
2025-08-27,warehouse,cached,0,9158d0f947be0c360e68a04956582f28cd14381afcdaf94dc8514238c509baa9,81,1,http://www.gfex.com.cn/u/interfacesWebTdWbillWeeklyQuotes/loadList,https://www.gfex.com.cn/gfex/cdrb/hqsj_tjsj.shtml,2026-08-14T18:26:02+08:00
2025-08-28,daily,cached,0,c784ce1bae0afa97c50c39eedb3a6627f629e1a6395c053ee7a47d806930706e,40,12,http://www.gfex.com.cn/u/interfacesWebTiDayQuotes/loadList,https://www.gfex.com.cn/gfex/rihq/hqsj_tjsj.shtml,2026-08-14T18:26:02+08:00
2025-08-28,warehouse,cached,0,3a8a06478cc179e4f7046e07897dbf9edaf9a8364c790e07725441b35df34e35,81,1,http://www.gfex.com.cn/u/interfacesWebTdWbillWeeklyQuotes/loadList,https://www.gfex.com.cn/gfex/cdrb/hqsj_tjsj.shtml,2026-08-14T18:26:02+08:00
2025-08-29,daily,cached,0,32501a4053ee9062ddc22864db81b6f6215f24ca036328a8437dfb339285ef01,40,12,http://www.gfex.com.cn/u/interfacesWebTiDayQuotes/loadList,https://www.gfex.com.cn/gfex/rihq/hqsj_tjsj.shtml,2026-08-14T18:26:02+08:00
2025-08-29,warehouse,cached,0,426fc2b2cca8e84b11ec425da02982b5fb1f072eeb2824d402d31c6807d41329,81,1,http://www.gfex.com.cn/u/interfacesWebTdWbillWeeklyQuotes/loadList,https://www.gfex.com.cn/gfex/cdrb/hqsj_tjsj.shtml,2026-08-14T18:26:02+08:00
2025-09-01,daily,cached,0,863fb15454a801bf7ec8fe7788ca02b02ce65a448adbe765eb4d5057ab4cdf97,40,12,http://www.gfex.com.cn/u/interfacesWebTiDayQuotes/loadList,https://www.gfex.com.cn/gfex/rihq/hqsj_tjsj.shtml,2026-08-14T18:26:02+08:00
2025-09-01,warehouse,cached,0,a7245c44b8f16458a6aa30e359fb92c5745358af910eda85c6d1ffcc2eada989,82,1,http://www.gfex.com.cn/u/interfacesWebTdWbillWeeklyQuotes/loadList,https://www.gfex.com.cn/gfex/cdrb/hqsj_tjsj.shtml,2026-08-14T18:26:02+08:00
2025-09-02,daily,cached,0,1ef0082bd496019853f629586b65742d862dea688dab728015ce3d195e0baec4,40,12,http://www.gfex.com.cn/u/interfacesWebTiDayQuotes/loadList,https://www.gfex.com.cn/gfex/rihq/hqsj_tjsj.shtml,2026-08-14T18:26:02+08:00
2025-09-02,warehouse,cached,0,f71145d1e26e3c317ffa3e5c07d429d1665b0148154cdb0a89efc724e22ea045,82,1,http://www.gfex.com.cn/u/interfacesWebTdWbillWeeklyQuotes/loadList,https://www.gfex.com.cn/gfex/cdrb/hqsj_tjsj.shtml,2026-08-14T18:26:02+08:00
2025-09-03,daily,cached,0,5921135b7926800cebdbc4f9be1743aa38538509f6f4b916dd96f74a70ef6451,40,12,http://www.gfex.com.cn/u/interfacesWebTiDayQuotes/loadList,https://www.gfex.com.cn/gfex/rihq/hqsj_tjsj.shtml,2026-08-14T18:26:02+08:00
2025-09-03,warehouse,cached,0,3f60d95d65feaddb2294c7b02632e9af7b6188b06fbc80feb72debb3802d8560,82,1,http://www.gfex.com.cn/u/interfacesWebTdWbillWeeklyQuotes/loadList,https://www.gfex.com.cn/gfex/cdrb/hqsj_tjsj.shtml,2026-08-14T18:26:02+08:00
2025-09-04,daily,cached,0,6da3e52fea4294f01366cfd89a97044fb2f1b8d008aa335f9d012306bba30ba9,40,12,http://www.gfex.com.cn/u/interfacesWebTiDayQuotes/loadList,https://www.gfex.com.cn/gfex/rihq/hqsj_tjsj.shtml,2026-08-14T18:26:02+08:00
2025-09-04,warehouse,cached,0,3f53cc526ac2a43babdfcf1cb6b1f8b19c81d2c61b519f4f0704246659ff1518,82,1,http://www.gfex.com.cn/u/interfacesWebTdWbillWeeklyQuotes/loadList,https://www.gfex.com.cn/gfex/cdrb/hqsj_tjsj.shtml,2026-08-14T18:26:02+08:00
2025-09-05,daily,cached,0,6b3397aac824190e870c334dc279ca9beb686b0d3f58d822caf12804d7a20ffd,40,12,http://www.gfex.com.cn/u/interfacesWebTiDayQuotes/loadList,https://www.gfex.com.cn/gfex/rihq/hqsj_tjsj.shtml,2026-08-14T18:26:02+08:00
2025-09-05,warehouse,cached,0,267b0152257048bb4650355c8b23ae1dee2cf02ad9a3e14205a4a3c27bb4c1d2,82,1,http://www.gfex.com.cn/u/interfacesWebTdWbillWeeklyQuotes/loadList,https://www.gfex.com.cn/gfex/cdrb/hqsj_tjsj.shtml,2026-08-14T18:26:02+08:00
2025-09-08,daily,cached,0,c4a0d00e2f6e8a4004655a9e54794a14ee3394f2d158daede2ae049c8f5065f5,40,12,http://www.gfex.com.cn/u/interfacesWebTiDayQuotes/loadList,https://www.gfex.com.cn/gfex/rihq/hqsj_tjsj.shtml,2026-08-14T18:26:02+08:00
2025-09-08,warehouse,cached,0,cf569bdfb22aadda1d4f9b33e5d9c16d8e92082abb342d50b34239e84cb9222b,82,1,http://www.gfex.com.cn/u/interfacesWebTdWbillWeeklyQuotes/loadList,https://www.gfex.com.cn/gfex/cdrb/hqsj_tjsj.shtml,2026-08-14T18:26:02+08:00
2025-09-09,daily,cached,0,775e1498cce76a8d6cd1064e7344ed99c588b5003cb1283c94c93710d04e3d61,40,12,http://www.gfex.com.cn/u/interfacesWebTiDayQuotes/loadList,https://www.gfex.com.cn/gfex/rihq/hqsj_tjsj.shtml,2026-08-14T18:26:02+08:00
2025-09-09,warehouse,cached,0,2c5aa4cd02688fb2df501edce2116449f4319a00a09a92d2e83f7a038a7ebf7d,82,1,http://www.gfex.com.cn/u/interfacesWebTdWbillWeeklyQuotes/loadList,https://www.gfex.com.cn/gfex/cdrb/hqsj_tjsj.shtml,2026-08-14T18:26:02+08:00
2025-09-10,daily,cached,0,a052adfb21db35bde3754ac8a3cbf2bf1232b089cfa3298e5b4ea0316dd74988,40,12,http://www.gfex.com.cn/u/interfacesWebTiDayQuotes/loadList,https://www.gfex.com.cn/gfex/rihq/hqsj_tjsj.shtml,2026-08-14T18:26:02+08:00
2025-09-10,warehouse,cached,0,830112b2a043cb231669c1f50b6fe608855e9e9fe1a82c3eb2c14c7edcaed179,82,1,http://www.gfex.com.cn/u/interfacesWebTdWbillWeeklyQuotes/loadList,https://www.gfex.com.cn/gfex/cdrb/hqsj_tjsj.shtml,2026-08-14T18:26:02+08:00
2025-09-11,daily,cached,0,cb6eeb200fd4084a25dafd04b98125212e650913edce6142f43aec6306d34ff0,40,12,http://www.gfex.com.cn/u/interfacesWebTiDayQuotes/loadList,https://www.gfex.com.cn/gfex/rihq/hqsj_tjsj.shtml,2026-08-14T18:26:02+08:00
2025-09-11,warehouse,cached,0,9143469b7409a54ba83164011b028df3627746fda8b05f3905d9f0ce69ddedbe,82,1,http://www.gfex.com.cn/u/interfacesWebTdWbillWeeklyQuotes/loadList,https://www.gfex.com.cn/gfex/cdrb/hqsj_tjsj.shtml,2026-08-14T18:26:02+08:00
2025-09-12,daily,cached,0,ac92c2988e54a0809b9f696ab1c9bf8858a89a358c90786f7c3f20868222a675,40,12,http://www.gfex.com.cn/u/interfacesWebTiDayQuotes/loadList,https://www.gfex.com.cn/gfex/rihq/hqsj_tjsj.shtml,2026-08-14T18:26:02+08:00
2025-09-12,warehouse,cached,0,6cc1a5c5eec20e20f322c76d341449b56ff59641ff506ea77803755e38519a5f,82,1,http://www.gfex.com.cn/u/interfacesWebTdWbillWeeklyQuotes/loadList,https://www.gfex.com.cn/gfex/cdrb/hqsj_tjsj.shtml,2026-08-14T18:26:02+08:00
2025-09-15,daily,cached,0,b4970bc6348a7c64cc755ab28b2931ffb852a88b37dddc3efb2f45c7f5e424c0,40,12,http://www.gfex.com.cn/u/interfacesWebTiDayQuotes/loadList,https://www.gfex.com.cn/gfex/rihq/hqsj_tjsj.shtml,2026-08-14T18:26:02+08:00
2025-09-15,warehouse,cached,0,0ba40092da6a972b6cd4263619ad510779667fb05ee02169c7c57ea4d8eb13d8,82,1,http://www.gfex.com.cn/u/interfacesWebTdWbillWeeklyQuotes/loadList,https://www.gfex.com.cn/gfex/cdrb/hqsj_tjsj.shtml,2026-08-14T18:26:02+08:00
2025-09-16,daily,cached,0,9ae7c9fbe35986351afde4fbc0e59caa2009300f67136ff865476d04a0db29ca,40,12,http://www.gfex.com.cn/u/interfacesWebTiDayQuotes/loadList,https://www.gfex.com.cn/gfex/rihq/hqsj_tjsj.shtml,2026-08-14T18:26:02+08:00
2025-09-16,warehouse,cached,0,846662828aa68d76b19e6fcc04df916097a6e14f20c2fdcf213b062e6e3d1756,82,1,http://www.gfex.com.cn/u/interfacesWebTdWbillWeeklyQuotes/loadList,https://www.gfex.com.cn/gfex/cdrb/hqsj_tjsj.shtml,2026-08-14T18:26:02+08:00
2025-09-17,daily,cached,0,4847095e05cbea5b9401a26b9894100c221c6a1d210a99a7b16efa92c9e7c9ae,40,12,http://www.gfex.com.cn/u/interfacesWebTiDayQuotes/loadList,https://www.gfex.com.cn/gfex/rihq/hqsj_tjsj.shtml,2026-08-14T18:26:02+08:00
2025-09-17,warehouse,cached,0,19d7ebf4cd0f901a70c1f5da19cf433f73b120b8b997713056d6f5b05e39096a,82,1,http://www.gfex.com.cn/u/interfacesWebTdWbillWeeklyQuotes/loadList,https://www.gfex.com.cn/gfex/cdrb/hqsj_tjsj.shtml,2026-08-14T18:26:02+08:00
2025-09-18,daily,cached,0,c7b38bcdd0ea4bb6113a209afd6dffc4e0cc8fa7ab00766feaaecd86c62fe2fe,40,12,http://www.gfex.com.cn/u/interfacesWebTiDayQuotes/loadList,https://www.gfex.com.cn/gfex/rihq/hqsj_tjsj.shtml,2026-08-14T18:26:02+08:00
2025-09-18,warehouse,cached,0,117302ffcb378bfc5dd252cc23400efe15f40bb6fd569f1a76cef16f7f5d2d39,82,1,http://www.gfex.com.cn/u/interfacesWebTdWbillWeeklyQuotes/loadList,https://www.gfex.com.cn/gfex/cdrb/hqsj_tjsj.shtml,2026-08-14T18:26:02+08:00
2025-09-19,daily,cached,0,86ab58d670287effdfdd66a9d762302b73d53de8eb3d20f0251232920011c6f2,40,12,http://www.gfex.com.cn/u/interfacesWebTiDayQuotes/loadList,https://www.gfex.com.cn/gfex/rihq/hqsj_tjsj.shtml,2026-08-14T18:26:02+08:00
2025-09-19,warehouse,cached,0,00c2197b39a149c4f4403c22499ead474b45fd56c5ac7633e9e51bfea023e4d3,82,1,http://www.gfex.com.cn/u/interfacesWebTdWbillWeeklyQuotes/loadList,https://www.gfex.com.cn/gfex/cdrb/hqsj_tjsj.shtml,2026-08-14T18:26:02+08:00
2025-09-22,daily,cached,0,2f9bc80dcd61b5c5621d3b6e5172633ca119bbd545a9a863b3a318e6ccbe2a85,40,12,http://www.gfex.com.cn/u/interfacesWebTiDayQuotes/loadList,https://www.gfex.com.cn/gfex/rihq/hqsj_tjsj.shtml,2026-08-14T18:26:02+08:00
2025-09-22,warehouse,cached,0,9439b0b94046c2c6a523dc8e328f85a6eb0c9b662db2972ec32c62298e83c1e9,82,1,http://www.gfex.com.cn/u/interfacesWebTdWbillWeeklyQuotes/loadList,https://www.gfex.com.cn/gfex/cdrb/hqsj_tjsj.shtml,2026-08-14T18:26:02+08:00
2025-09-23,daily,cached,0,bc8df0bb9b1efd6ce8d77385c350ba6419092e182e3878f77ebf093b18a41114,40,12,http://www.gfex.com.cn/u/interfacesWebTiDayQuotes/loadList,https://www.gfex.com.cn/gfex/rihq/hqsj_tjsj.shtml,2026-08-14T18:26:02+08:00
2025-09-23,warehouse,cached,0,de819c295ca421f1d81eed29448bf44bf7adef80464a12bbd3f59513d8f8ec4d,82,1,http://www.gfex.com.cn/u/interfacesWebTdWbillWeeklyQuotes/loadList,https://www.gfex.com.cn/gfex/cdrb/hqsj_tjsj.shtml,2026-08-14T18:26:02+08:00
2025-09-24,daily,cached,0,8b4c3e0b7484a8105cc3c996889cb69011940cc70a6222cbd45e73e3961b35f2,40,12,http://www.gfex.com.cn/u/interfacesWebTiDayQuotes/loadList,https://www.gfex.com.cn/gfex/rihq/hqsj_tjsj.shtml,2026-08-14T18:26:02+08:00
2025-09-24,warehouse,cached,0,5cbbab6981ade076e4be3e0283388083c53fc7f42d7b61998f046e7a839b18be,82,1,http://www.gfex.com.cn/u/interfacesWebTdWbillWeeklyQuotes/loadList,https://www.gfex.com.cn/gfex/cdrb/hqsj_tjsj.shtml,2026-08-14T18:26:02+08:00
2025-09-25,daily,cached,0,403a9ca089152d88315dd0ea21af5aed3857f9eb61ea1129037b9963e49f1fec,40,12,http://www.gfex.com.cn/u/interfacesWebTiDayQuotes/loadList,https://www.gfex.com.cn/gfex/rihq/hqsj_tjsj.shtml,2026-08-14T18:26:02+08:00
2025-09-25,warehouse,cached,0,f24bedcff20b1d257e8ed44fdc4922d9bdf5aa6819dba6744378698163159645,83,1,http://www.gfex.com.cn/u/interfacesWebTdWbillWeeklyQuotes/loadList,https://www.gfex.com.cn/gfex/cdrb/hqsj_tjsj.shtml,2026-08-14T18:26:02+08:00
2025-09-26,daily,cached,0,0e5da2747661333d02f541b42202bddb9df051dc8c09d4b0e5590953362d95cc,40,12,http://www.gfex.com.cn/u/interfacesWebTiDayQuotes/loadList,https://www.gfex.com.cn/gfex/rihq/hqsj_tjsj.shtml,2026-08-14T18:26:02+08:00
2025-09-26,warehouse,cached,0,d66976809488abe1adb4f8a2f1486425598bcce7d35419f01b377c71f0616b54,83,1,http://www.gfex.com.cn/u/interfacesWebTdWbillWeeklyQuotes/loadList,https://www.gfex.com.cn/gfex/cdrb/hqsj_tjsj.shtml,2026-08-14T18:26:02+08:00
2025-09-29,daily,cached,0,daf3d09b45b2582d0cb0f05577807b1d9abba7b87db7d6a922a63aba4942b968,40,12,http://www.gfex.com.cn/u/interfacesWebTiDayQuotes/loadList,https://www.gfex.com.cn/gfex/rihq/hqsj_tjsj.shtml,2026-08-14T18:26:02+08:00
2025-09-29,warehouse,cached,0,5ec5d3ee6524c81a00fbab1779875e470b660333fde951b1294017a9e2c8dd63,83,1,http://www.gfex.com.cn/u/interfacesWebTdWbillWeeklyQuotes/loadList,https://www.gfex.com.cn/gfex/cdrb/hqsj_tjsj.shtml,2026-08-14T18:26:02+08:00
2025-09-30,daily,cached,0,6fb19f0779eb7eebd09cffa76f983552d499987c66789971e0b18591d31e8a54,40,12,http://www.gfex.com.cn/u/interfacesWebTiDayQuotes/loadList,https://www.gfex.com.cn/gfex/rihq/hqsj_tjsj.shtml,2026-08-14T18:26:02+08:00
2025-09-30,warehouse,cached,0,dd279a58e5ebb713d9f5df3704e20cb6b0ecd7bc798d395be2999e6c0a2c2dc1,84,1,http://www.gfex.com.cn/u/interfacesWebTdWbillWeeklyQuotes/loadList,https://www.gfex.com.cn/gfex/cdrb/hqsj_tjsj.shtml,2026-08-14T18:26:02+08:00
2025-10-01,daily,cached,0,5375a555fef2b49380c6d34ee8e222a7864eec093ccbb7c9033ec1e7443a7f72,1,0,http://www.gfex.com.cn/u/interfacesWebTiDayQuotes/loadList,https://www.gfex.com.cn/gfex/rihq/hqsj_tjsj.shtml,2026-08-14T18:26:02+08:00
2025-10-01,warehouse,cached,0,0ed4e40ef2c4ef6f2fc79113080719f9dd4c4084620bf05b34d8f74daff33121,1,0,http://www.gfex.com.cn/u/interfacesWebTdWbillWeeklyQuotes/loadList,https://www.gfex.com.cn/gfex/cdrb/hqsj_tjsj.shtml,2026-08-14T18:26:02+08:00
2025-10-02,daily,cached,0,b5c0b6dcf1f8f7667863a0e29da714dd5a08f9ca4026874a6eefc05a521cefae,1,0,http://www.gfex.com.cn/u/interfacesWebTiDayQuotes/loadList,https://www.gfex.com.cn/gfex/rihq/hqsj_tjsj.shtml,2026-08-14T18:26:02+08:00
2025-10-02,warehouse,cached,0,7c2253e81ec555d71775e0e172c5cd03a0a37e60345beaae2a178782a768786a,1,0,http://www.gfex.com.cn/u/interfacesWebTdWbillWeeklyQuotes/loadList,https://www.gfex.com.cn/gfex/cdrb/hqsj_tjsj.shtml,2026-08-14T18:26:02+08:00
2025-10-03,daily,cached,0,f01ee0611ae9de465a92d1b4789e962de5463d1cf69604bf25d91b57af6336fd,1,0,http://www.gfex.com.cn/u/interfacesWebTiDayQuotes/loadList,https://www.gfex.com.cn/gfex/rihq/hqsj_tjsj.shtml,2026-08-14T18:26:02+08:00
2025-10-03,warehouse,cached,0,db086c7021ccb58b35c3af66f768dee02fec038e342bb44e26e58fd15ddda4df,1,0,http://www.gfex.com.cn/u/interfacesWebTdWbillWeeklyQuotes/loadList,https://www.gfex.com.cn/gfex/cdrb/hqsj_tjsj.shtml,2026-08-14T18:26:02+08:00
2025-10-06,daily,cached,0,4026707691c69b5cce574dd8450cccd247dc93db312ec1acd7d2de4123c219e2,1,0,http://www.gfex.com.cn/u/interfacesWebTiDayQuotes/loadList,https://www.gfex.com.cn/gfex/rihq/hqsj_tjsj.shtml,2026-08-14T18:26:02+08:00
2025-10-06,warehouse,cached,0,c43d27e446dcae55fab4be6ba5c8caeac96be02775670fadaa992df420dab4aa,1,0,http://www.gfex.com.cn/u/interfacesWebTdWbillWeeklyQuotes/loadList,https://www.gfex.com.cn/gfex/cdrb/hqsj_tjsj.shtml,2026-08-14T18:26:02+08:00
2025-10-07,daily,cached,0,7fe91a254cdfbe0d4b96fd2eb6132ca6651cca735f951a6a5c52725fa2fce0b4,1,0,http://www.gfex.com.cn/u/interfacesWebTiDayQuotes/loadList,https://www.gfex.com.cn/gfex/rihq/hqsj_tjsj.shtml,2026-08-14T18:26:02+08:00
2025-10-07,warehouse,cached,0,a7c6c9bc54cebf26984645c54f7fabd30f25138ab700f43d801cac580e7c538e,1,0,http://www.gfex.com.cn/u/interfacesWebTdWbillWeeklyQuotes/loadList,https://www.gfex.com.cn/gfex/cdrb/hqsj_tjsj.shtml,2026-08-14T18:26:02+08:00
2025-10-08,daily,cached,0,60c93253bd6ba8e556f94df83db32049aab6b211b569dec6a078b1285382f4aa,1,0,http://www.gfex.com.cn/u/interfacesWebTiDayQuotes/loadList,https://www.gfex.com.cn/gfex/rihq/hqsj_tjsj.shtml,2026-08-14T18:26:02+08:00
2025-10-08,warehouse,cached,0,d075ff8cd549dc238868947b6ab2f5a19d8e231ff5f537e903afb6b71735e02c,1,0,http://www.gfex.com.cn/u/interfacesWebTdWbillWeeklyQuotes/loadList,https://www.gfex.com.cn/gfex/cdrb/hqsj_tjsj.shtml,2026-08-14T18:26:02+08:00
2025-10-09,daily,cached,0,86e5a258e1f8a13f1e585b8d5375a3528ff279699dc39a3dafd186723a49b502,40,12,http://www.gfex.com.cn/u/interfacesWebTiDayQuotes/loadList,https://www.gfex.com.cn/gfex/rihq/hqsj_tjsj.shtml,2026-08-14T18:26:02+08:00
2025-10-09,warehouse,cached,0,19dfccf2c4734b0c3a9996863b728cda8b81822bbb0c41172ab30c2fb173acf7,84,1,http://www.gfex.com.cn/u/interfacesWebTdWbillWeeklyQuotes/loadList,https://www.gfex.com.cn/gfex/cdrb/hqsj_tjsj.shtml,2026-08-14T18:26:02+08:00
2025-10-10,daily,cached,0,004b5c8c8eb5855e9a997c544354a96557ee9ef21977f88128e0bb779b6f1bdf,40,12,http://www.gfex.com.cn/u/interfacesWebTiDayQuotes/loadList,https://www.gfex.com.cn/gfex/rihq/hqsj_tjsj.shtml,2026-08-14T18:26:02+08:00
2025-10-10,warehouse,cached,0,8ecbf534da359b499ff67eb64f6793a9adad79c70ef6ac3cda8a60fa6c52fea1,84,1,http://www.gfex.com.cn/u/interfacesWebTdWbillWeeklyQuotes/loadList,https://www.gfex.com.cn/gfex/cdrb/hqsj_tjsj.shtml,2026-08-14T18:26:02+08:00
2025-10-13,daily,cached,0,72fa3bbd14b5058b4530f54799e0fcdb2c907cbcb8e185c8be64ce71a22c511d,40,12,http://www.gfex.com.cn/u/interfacesWebTiDayQuotes/loadList,https://www.gfex.com.cn/gfex/rihq/hqsj_tjsj.shtml,2026-08-14T18:26:02+08:00
2025-10-13,warehouse,cached,0,b090c0570007e1657af1aaaf1ef31d854ec210b0f15d3967d638085d0c52857d,85,1,http://www.gfex.com.cn/u/interfacesWebTdWbillWeeklyQuotes/loadList,https://www.gfex.com.cn/gfex/cdrb/hqsj_tjsj.shtml,2026-08-14T18:26:02+08:00
2025-10-14,daily,cached,0,204cfd3eb58d91d18ed1971eb8cff9695ac321762c7ad0e2fa4dc95f4f38899c,40,12,http://www.gfex.com.cn/u/interfacesWebTiDayQuotes/loadList,https://www.gfex.com.cn/gfex/rihq/hqsj_tjsj.shtml,2026-08-14T18:26:02+08:00
2025-10-14,warehouse,cached,0,3ae2bae5add34558175be855c3f95cea286e2d7f1385383148cc447ea18a35a3,85,1,http://www.gfex.com.cn/u/interfacesWebTdWbillWeeklyQuotes/loadList,https://www.gfex.com.cn/gfex/cdrb/hqsj_tjsj.shtml,2026-08-14T18:26:02+08:00
2025-10-15,daily,cached,0,8873c77004ec0cc2d1abc09b6c51996c66fc952b4c2ab85aadc36fbe7ecdc697,40,12,http://www.gfex.com.cn/u/interfacesWebTiDayQuotes/loadList,https://www.gfex.com.cn/gfex/rihq/hqsj_tjsj.shtml,2026-08-14T18:26:02+08:00
2025-10-15,warehouse,cached,0,6d35a441afd097cf717f765515985738c64586cb36ec1654be38634e36fd4199,85,1,http://www.gfex.com.cn/u/interfacesWebTdWbillWeeklyQuotes/loadList,https://www.gfex.com.cn/gfex/cdrb/hqsj_tjsj.shtml,2026-08-14T18:26:02+08:00
2025-10-16,daily,cached,0,bd1940c5b4d86da75b2af0cc0bb2b804bb3c414c6e9ef30817edd53d57db40bc,40,12,http://www.gfex.com.cn/u/interfacesWebTiDayQuotes/loadList,https://www.gfex.com.cn/gfex/rihq/hqsj_tjsj.shtml,2026-08-14T18:26:02+08:00
2025-10-16,warehouse,cached,0,3f5a9e76658d7882da7cb56d6f0034e6296d7133f81412f659bf2148254461b5,86,1,http://www.gfex.com.cn/u/interfacesWebTdWbillWeeklyQuotes/loadList,https://www.gfex.com.cn/gfex/cdrb/hqsj_tjsj.shtml,2026-08-14T18:26:02+08:00
2025-10-17,daily,cached,0,493660757e0f2e953bb41f4987cbb682ba4f697dfe6131e6a944938db2ad715e,40,12,http://www.gfex.com.cn/u/interfacesWebTiDayQuotes/loadList,https://www.gfex.com.cn/gfex/rihq/hqsj_tjsj.shtml,2026-08-14T18:26:02+08:00
2025-10-17,warehouse,cached,0,4a2e1750246be3f28a6b43f7af4861124d7c9b44ad2574dd81db0e41ae16f041,86,1,http://www.gfex.com.cn/u/interfacesWebTdWbillWeeklyQuotes/loadList,https://www.gfex.com.cn/gfex/cdrb/hqsj_tjsj.shtml,2026-08-14T18:26:02+08:00
2025-10-20,daily,cached,0,69ccb3d271f4269f9c8cdeaecce5ecc30c9b64f4a8ded59a80774a31117fdc82,40,11,http://www.gfex.com.cn/u/interfacesWebTiDayQuotes/loadList,https://www.gfex.com.cn/gfex/rihq/hqsj_tjsj.shtml,2026-08-14T18:26:02+08:00
2025-10-20,warehouse,cached,0,2389d4d84445467e54aac0af5bd41da1be960f266229333d0889978870513837,86,1,http://www.gfex.com.cn/u/interfacesWebTdWbillWeeklyQuotes/loadList,https://www.gfex.com.cn/gfex/cdrb/hqsj_tjsj.shtml,2026-08-14T18:26:02+08:00
2025-10-21,daily,cached,0,a1a798a2e5fc4551f5ba27709a5b31f97f97fcb3dcfe3b63c7d674e3b02e54c9,40,12,http://www.gfex.com.cn/u/interfacesWebTiDayQuotes/loadList,https://www.gfex.com.cn/gfex/rihq/hqsj_tjsj.shtml,2026-08-14T18:26:02+08:00
2025-10-21,warehouse,cached,0,194f193e11e68dbeb758f2812b2a1b7cd994208285bc9c1d277f7bba7c47b053,87,1,http://www.gfex.com.cn/u/interfacesWebTdWbillWeeklyQuotes/loadList,https://www.gfex.com.cn/gfex/cdrb/hqsj_tjsj.shtml,2026-08-14T18:26:02+08:00
2025-10-22,daily,cached,0,6bd33f2c997f3145aaab6a0d42496a6c7afc07658cec0f12ff361288d4871e09,40,12,http://www.gfex.com.cn/u/interfacesWebTiDayQuotes/loadList,https://www.gfex.com.cn/gfex/rihq/hqsj_tjsj.shtml,2026-08-14T18:26:02+08:00
2025-10-22,warehouse,cached,0,5cdf10e553f7fe6d0a88d5d5be3a3f251cb86441e696edf1af12331ee4aa55be,87,1,http://www.gfex.com.cn/u/interfacesWebTdWbillWeeklyQuotes/loadList,https://www.gfex.com.cn/gfex/cdrb/hqsj_tjsj.shtml,2026-08-14T18:26:02+08:00
2025-10-23,daily,cached,0,0caf4b770b501cc5978e77485c1b11bd267210d0a60b19a957d822a8e007c07c,40,12,http://www.gfex.com.cn/u/interfacesWebTiDayQuotes/loadList,https://www.gfex.com.cn/gfex/rihq/hqsj_tjsj.shtml,2026-08-14T18:26:02+08:00
2025-10-23,warehouse,cached,0,4bf33fd3e4982ee6840e3ba7199886953b09a550f568d8422edd6318a4b3c7eb,87,1,http://www.gfex.com.cn/u/interfacesWebTdWbillWeeklyQuotes/loadList,https://www.gfex.com.cn/gfex/cdrb/hqsj_tjsj.shtml,2026-08-14T18:26:02+08:00
2025-10-24,daily,cached,0,b58d8fba590f4954ee71b39aff106c5ccc9fce479e8072043040a311e93aa516,40,12,http://www.gfex.com.cn/u/interfacesWebTiDayQuotes/loadList,https://www.gfex.com.cn/gfex/rihq/hqsj_tjsj.shtml,2026-08-14T18:26:02+08:00
2025-10-24,warehouse,cached,0,03a367a7b888c6d0b2d5d0d4ed9a38c1470449abaa1cabe7f68634bda9f8a74e,87,1,http://www.gfex.com.cn/u/interfacesWebTdWbillWeeklyQuotes/loadList,https://www.gfex.com.cn/gfex/cdrb/hqsj_tjsj.shtml,2026-08-14T18:26:02+08:00
2025-10-27,daily,cached,0,c0a2864b19420cedf7cc932acb22492a83615ba76c455a2bf033e7fa35ab6d46,40,12,http://www.gfex.com.cn/u/interfacesWebTiDayQuotes/loadList,https://www.gfex.com.cn/gfex/rihq/hqsj_tjsj.shtml,2026-08-14T18:26:02+08:00
2025-10-27,warehouse,cached,0,9d7da5e543be703784fbfb1d51d346f42ed87a48438c414d8b2cb019bfb279f9,87,1,http://www.gfex.com.cn/u/interfacesWebTdWbillWeeklyQuotes/loadList,https://www.gfex.com.cn/gfex/cdrb/hqsj_tjsj.shtml,2026-08-14T18:26:02+08:00
2025-10-28,daily,cached,0,598febb34b883d8634777135c9295a19490309ce08171475c3cdc514852109f9,40,12,http://www.gfex.com.cn/u/interfacesWebTiDayQuotes/loadList,https://www.gfex.com.cn/gfex/rihq/hqsj_tjsj.shtml,2026-08-14T18:26:02+08:00
2025-10-28,warehouse,cached,0,67755473e0f014cb06b35ac853359209ed33f7ec7c5f13801315c727adcec74d,87,1,http://www.gfex.com.cn/u/interfacesWebTdWbillWeeklyQuotes/loadList,https://www.gfex.com.cn/gfex/cdrb/hqsj_tjsj.shtml,2026-08-14T18:26:02+08:00
2025-10-29,daily,cached,0,54ee8a74f475ec5b549b15e641e252563a1346db26fecb2ce43dcc0d698b5f00,40,12,http://www.gfex.com.cn/u/interfacesWebTiDayQuotes/loadList,https://www.gfex.com.cn/gfex/rihq/hqsj_tjsj.shtml,2026-08-14T18:26:02+08:00
2025-10-29,warehouse,cached,0,669d2458a172b2d05b6137ab33ea495c6c921fa457fbc6678e56c76ff1a1d859,87,1,http://www.gfex.com.cn/u/interfacesWebTdWbillWeeklyQuotes/loadList,https://www.gfex.com.cn/gfex/cdrb/hqsj_tjsj.shtml,2026-08-14T18:26:02+08:00
2025-10-30,daily,cached,0,68ab92f22c470777e7e0b341b7e3f8a7bbc76c7e5d49bacaa87417632bc61af9,40,12,http://www.gfex.com.cn/u/interfacesWebTiDayQuotes/loadList,https://www.gfex.com.cn/gfex/rihq/hqsj_tjsj.shtml,2026-08-14T18:26:02+08:00
2025-10-30,warehouse,cached,0,8e6fe2e5f274f338b9b700f0c2950aca65ee9fa5d4bcf262bc8027a191671d4f,85,1,http://www.gfex.com.cn/u/interfacesWebTdWbillWeeklyQuotes/loadList,https://www.gfex.com.cn/gfex/cdrb/hqsj_tjsj.shtml,2026-08-14T18:26:02+08:00
2025-10-31,daily,cached,0,510a6fad48416ad9baef0f03b9bb860ac1481b354613dc6b3a2b4add44d633c5,40,12,http://www.gfex.com.cn/u/interfacesWebTiDayQuotes/loadList,https://www.gfex.com.cn/gfex/rihq/hqsj_tjsj.shtml,2026-08-14T18:26:02+08:00
2025-10-31,warehouse,cached,0,2e26fec594c3ac5b8e8de5c63095c4ba6d2fad4abb1b940043dad092eb6112d3,85,1,http://www.gfex.com.cn/u/interfacesWebTdWbillWeeklyQuotes/loadList,https://www.gfex.com.cn/gfex/cdrb/hqsj_tjsj.shtml,2026-08-14T18:26:02+08:00
2025-11-03,daily,cached,0,1a1328d916894c7ecf57d884a0a7f6495c17f1571daf94647f3bae9cf8c7bb27,40,12,http://www.gfex.com.cn/u/interfacesWebTiDayQuotes/loadList,https://www.gfex.com.cn/gfex/rihq/hqsj_tjsj.shtml,2026-08-14T18:26:02+08:00
2025-11-03,warehouse,cached,0,73f311a333f2399ef2cd936d22c520a3621e7bdbd7efc81e9c305852fec2212e,85,1,http://www.gfex.com.cn/u/interfacesWebTdWbillWeeklyQuotes/loadList,https://www.gfex.com.cn/gfex/cdrb/hqsj_tjsj.shtml,2026-08-14T18:26:02+08:00
2025-11-04,daily,cached,0,d6bf59f450803ef2eba3fd1371a1749fa334841ffbffc6b1939565ea0b9e8846,40,12,http://www.gfex.com.cn/u/interfacesWebTiDayQuotes/loadList,https://www.gfex.com.cn/gfex/rihq/hqsj_tjsj.shtml,2026-08-14T18:26:02+08:00
2025-11-04,warehouse,cached,0,2b92a870e116f76064516d2d90ec959dec2da8412d703b03236d5417941b88d7,85,1,http://www.gfex.com.cn/u/interfacesWebTdWbillWeeklyQuotes/loadList,https://www.gfex.com.cn/gfex/cdrb/hqsj_tjsj.shtml,2026-08-14T18:26:02+08:00
2025-11-05,daily,cached,0,fff502d06ed28ff8c594b6007e37a42227551435825b9827eb00f21487a845a8,40,12,http://www.gfex.com.cn/u/interfacesWebTiDayQuotes/loadList,https://www.gfex.com.cn/gfex/rihq/hqsj_tjsj.shtml,2026-08-14T18:26:02+08:00
2025-11-05,warehouse,cached,0,8723e4a57eb01bcc1939def8be7bb5c42de740e42bcad04c22640c19c289a99f,85,1,http://www.gfex.com.cn/u/interfacesWebTdWbillWeeklyQuotes/loadList,https://www.gfex.com.cn/gfex/cdrb/hqsj_tjsj.shtml,2026-08-14T18:26:02+08:00
2025-11-06,daily,cached,0,755a618c9f99bda24cdadf06441bdfd5c80bce4af8fac753d98365c6e01e7c64,40,12,http://www.gfex.com.cn/u/interfacesWebTiDayQuotes/loadList,https://www.gfex.com.cn/gfex/rihq/hqsj_tjsj.shtml,2026-08-14T18:26:02+08:00
2025-11-06,warehouse,cached,0,703abaec606c17df4027f01ef32ae0af736d5916ed0064b23a159d6bc187b88e,85,1,http://www.gfex.com.cn/u/interfacesWebTdWbillWeeklyQuotes/loadList,https://www.gfex.com.cn/gfex/cdrb/hqsj_tjsj.shtml,2026-08-14T18:26:02+08:00
2025-11-07,daily,cached,0,4f7836bc8f48202181feb5b2104656c2dcb4d1704445f5191e8e348fe56155e1,40,12,http://www.gfex.com.cn/u/interfacesWebTiDayQuotes/loadList,https://www.gfex.com.cn/gfex/rihq/hqsj_tjsj.shtml,2026-08-14T18:26:02+08:00
2025-11-07,warehouse,cached,0,a82436b1687b8b128040bde7f4999d219e1d034950d907af89bdc427830fb47d,86,1,http://www.gfex.com.cn/u/interfacesWebTdWbillWeeklyQuotes/loadList,https://www.gfex.com.cn/gfex/cdrb/hqsj_tjsj.shtml,2026-08-14T18:26:02+08:00
2025-11-10,daily,cached,0,7b8aa553426a6626aa7ec30909bff3de513b46158897d7b4e3f34e1d1f8b9636,40,12,http://www.gfex.com.cn/u/interfacesWebTiDayQuotes/loadList,https://www.gfex.com.cn/gfex/rihq/hqsj_tjsj.shtml,2026-08-14T18:26:02+08:00
2025-11-10,warehouse,cached,0,b88cd4ca5b8f9eff83afcb159338f383c0008e3b4dbe987e20141c424a99bd2b,86,1,http://www.gfex.com.cn/u/interfacesWebTdWbillWeeklyQuotes/loadList,https://www.gfex.com.cn/gfex/cdrb/hqsj_tjsj.shtml,2026-08-14T18:26:02+08:00
2025-11-11,daily,cached,0,071debc21536fe81adc99616f73eca735e28999b934c004be6495e280d3d3d82,40,12,http://www.gfex.com.cn/u/interfacesWebTiDayQuotes/loadList,https://www.gfex.com.cn/gfex/rihq/hqsj_tjsj.shtml,2026-08-14T18:26:02+08:00
2025-11-11,warehouse,cached,0,26152fba6d9d0dc340af96c7a56f0fdc0f712e74b62f8ffcc141768cb43e2b8c,86,1,http://www.gfex.com.cn/u/interfacesWebTdWbillWeeklyQuotes/loadList,https://www.gfex.com.cn/gfex/cdrb/hqsj_tjsj.shtml,2026-08-14T18:26:02+08:00
2025-11-12,daily,cached,0,cbab2d9699b6aa90778cc9a551fbdfa72e59ad4f6477aaf10cf8cac4867def6e,40,12,http://www.gfex.com.cn/u/interfacesWebTiDayQuotes/loadList,https://www.gfex.com.cn/gfex/rihq/hqsj_tjsj.shtml,2026-08-14T18:26:02+08:00
2025-11-12,warehouse,cached,0,c7826a533d2cc62e4a2ed300c3bdc8550a4d8649bdf5ec7e7559bd5788064dd4,86,1,http://www.gfex.com.cn/u/interfacesWebTdWbillWeeklyQuotes/loadList,https://www.gfex.com.cn/gfex/cdrb/hqsj_tjsj.shtml,2026-08-14T18:26:02+08:00
2025-11-13,daily,cached,0,e5f41021d169dbcd2ba0e93bb00dc4b7e1d1d218e8d73d89831ec2d2fb8ec1bd,40,12,http://www.gfex.com.cn/u/interfacesWebTiDayQuotes/loadList,https://www.gfex.com.cn/gfex/rihq/hqsj_tjsj.shtml,2026-08-14T18:26:02+08:00
2025-11-13,warehouse,cached,0,06b7d242b108f1cc0d5076d3a8eef5cb8837af269ac9eb3481b41b24bc08e140,86,1,http://www.gfex.com.cn/u/interfacesWebTdWbillWeeklyQuotes/loadList,https://www.gfex.com.cn/gfex/cdrb/hqsj_tjsj.shtml,2026-08-14T18:26:02+08:00
2025-11-14,daily,cached,0,d7ee0e2b44c8719ad2a9dd7b9509d7816daff1553fb542b129aed064bafc04ab,40,12,http://www.gfex.com.cn/u/interfacesWebTiDayQuotes/loadList,https://www.gfex.com.cn/gfex/rihq/hqsj_tjsj.shtml,2026-08-14T18:26:02+08:00
2025-11-14,warehouse,cached,0,f1d61ae31e3435c129390d034bd2051e49ed2ce06ce2ae80978d4fe067416600,85,1,http://www.gfex.com.cn/u/interfacesWebTdWbillWeeklyQuotes/loadList,https://www.gfex.com.cn/gfex/cdrb/hqsj_tjsj.shtml,2026-08-14T18:26:02+08:00
2025-11-17,daily,cached,0,f7e8775b03ae50fc8777c1d249fe26dbccb38315b6649fd4b519c9ab1d5c7850,40,12,http://www.gfex.com.cn/u/interfacesWebTiDayQuotes/loadList,https://www.gfex.com.cn/gfex/rihq/hqsj_tjsj.shtml,2026-08-14T18:26:02+08:00
2025-11-17,warehouse,cached,0,7e0c351732dff3205f869131be2db800f1f54fee6aad6bdec58686eda343996f,84,1,http://www.gfex.com.cn/u/interfacesWebTdWbillWeeklyQuotes/loadList,https://www.gfex.com.cn/gfex/cdrb/hqsj_tjsj.shtml,2026-08-14T18:26:02+08:00
2025-11-18,daily,cached,0,14f909f2bd4d12084d4edb5b4496669849d1ac958c91abb154c535c9dae6abd9,40,12,http://www.gfex.com.cn/u/interfacesWebTiDayQuotes/loadList,https://www.gfex.com.cn/gfex/rihq/hqsj_tjsj.shtml,2026-08-14T18:26:02+08:00
2025-11-18,warehouse,cached,0,ce1973cd7ce207634d031274c1c9aaf8f1bd4b14afbf2d58e984fb55a1470eaa,84,1,http://www.gfex.com.cn/u/interfacesWebTdWbillWeeklyQuotes/loadList,https://www.gfex.com.cn/gfex/cdrb/hqsj_tjsj.shtml,2026-08-14T18:26:02+08:00
2025-11-19,daily,cached,0,29d5a6b5bc9eeaa6357dbd3b69142a4c949d5acb690dfe29aec7bec25fef3718,40,12,http://www.gfex.com.cn/u/interfacesWebTiDayQuotes/loadList,https://www.gfex.com.cn/gfex/rihq/hqsj_tjsj.shtml,2026-08-14T18:26:02+08:00
2025-11-19,warehouse,cached,0,663a98ebc28e2e07d15bc4ceebd589d3738c54f2ce03ddd158638de50551b8c6,84,1,http://www.gfex.com.cn/u/interfacesWebTdWbillWeeklyQuotes/loadList,https://www.gfex.com.cn/gfex/cdrb/hqsj_tjsj.shtml,2026-08-14T18:26:02+08:00
2025-11-20,daily,cached,0,cc6523a643da01b80276d333268400511cfd04449432724a7f01ffc2704fc33e,40,12,http://www.gfex.com.cn/u/interfacesWebTiDayQuotes/loadList,https://www.gfex.com.cn/gfex/rihq/hqsj_tjsj.shtml,2026-08-14T18:26:02+08:00
2025-11-20,warehouse,cached,0,87771403f5422eb5a3f152179f11463114aea8a8cbc8d2ba02f4dce008f7cb70,84,1,http://www.gfex.com.cn/u/interfacesWebTdWbillWeeklyQuotes/loadList,https://www.gfex.com.cn/gfex/cdrb/hqsj_tjsj.shtml,2026-08-14T18:26:02+08:00
2025-11-21,daily,cached,0,f63d2e1b24bb9126865fc0c82573927384e68dfd87ba283b45acf01a98f3c962,40,12,http://www.gfex.com.cn/u/interfacesWebTiDayQuotes/loadList,https://www.gfex.com.cn/gfex/rihq/hqsj_tjsj.shtml,2026-08-14T18:26:02+08:00
2025-11-21,warehouse,cached,0,971c9d8e7377fa6295c8c1b31b69fd516197333e82e9c59b77130f7cefa3fc3d,84,1,http://www.gfex.com.cn/u/interfacesWebTdWbillWeeklyQuotes/loadList,https://www.gfex.com.cn/gfex/cdrb/hqsj_tjsj.shtml,2026-08-14T18:26:02+08:00
2025-11-24,daily,cached,0,adf432f90a2f6fcd639d877f62124cc53726fe92936f76629608b5011b2a8d83,40,12,http://www.gfex.com.cn/u/interfacesWebTiDayQuotes/loadList,https://www.gfex.com.cn/gfex/rihq/hqsj_tjsj.shtml,2026-08-14T18:26:02+08:00
2025-11-24,warehouse,cached,0,2b80e7af488fc37a27ceb4be099bdbf3332ae1f8860baab7e447a528118f12d8,84,1,http://www.gfex.com.cn/u/interfacesWebTdWbillWeeklyQuotes/loadList,https://www.gfex.com.cn/gfex/cdrb/hqsj_tjsj.shtml,2026-08-14T18:26:02+08:00
2025-11-25,daily,cached,0,7a588a0a10dda927f4a40fc9860362a23fd19f2534d2c26e9ad6f638cea1e0e4,40,12,http://www.gfex.com.cn/u/interfacesWebTiDayQuotes/loadList,https://www.gfex.com.cn/gfex/rihq/hqsj_tjsj.shtml,2026-08-14T18:26:02+08:00
2025-11-25,warehouse,cached,0,1253cdbd260ff6d5df3b496cb1486dba8d5051a867a7c1abe2df81c23d9c21bd,82,1,http://www.gfex.com.cn/u/interfacesWebTdWbillWeeklyQuotes/loadList,https://www.gfex.com.cn/gfex/cdrb/hqsj_tjsj.shtml,2026-08-14T18:26:02+08:00
2025-11-26,daily,cached,0,d65fa3ae45e3e3021c4e8aa7928df63c68f40fb65fa1bd27b72019104ba7d2dd,40,12,http://www.gfex.com.cn/u/interfacesWebTiDayQuotes/loadList,https://www.gfex.com.cn/gfex/rihq/hqsj_tjsj.shtml,2026-08-14T18:26:02+08:00
2025-11-26,warehouse,cached,0,ed8aa064f07e295153ae63268d107bbf084c776c290bfda39e98c872c849ce76,82,1,http://www.gfex.com.cn/u/interfacesWebTdWbillWeeklyQuotes/loadList,https://www.gfex.com.cn/gfex/cdrb/hqsj_tjsj.shtml,2026-08-14T18:26:02+08:00
2025-11-27,daily,cached,0,51411ce5de68064f7a565fbe6e2fd2680eb5670afd0d50841c409f5082ae4040,48,12,http://www.gfex.com.cn/u/interfacesWebTiDayQuotes/loadList,https://www.gfex.com.cn/gfex/rihq/hqsj_tjsj.shtml,2026-08-14T18:26:02+08:00
2025-11-27,warehouse,cached,0,0f97017bfd6afd6c1801e1327e94f929ad721160410adcf8cbab24b40951d243,82,1,http://www.gfex.com.cn/u/interfacesWebTdWbillWeeklyQuotes/loadList,https://www.gfex.com.cn/gfex/cdrb/hqsj_tjsj.shtml,2026-08-14T18:26:02+08:00
2025-11-28,daily,cached,0,9c0c617fb739c33f3cf667c45228437b0ba45cd8b4dd880986ae363fe992807e,48,12,http://www.gfex.com.cn/u/interfacesWebTiDayQuotes/loadList,https://www.gfex.com.cn/gfex/rihq/hqsj_tjsj.shtml,2026-08-14T18:26:02+08:00
2025-11-28,warehouse,cached,0,8ac86fb1aa696e7475299e4952d207ef3fd0379912b49e4e4fc1ba557abe71f9,82,1,http://www.gfex.com.cn/u/interfacesWebTdWbillWeeklyQuotes/loadList,https://www.gfex.com.cn/gfex/cdrb/hqsj_tjsj.shtml,2026-08-14T18:26:02+08:00
2025-12-01,daily,cached,0,d598c69713c028261731b35df25a381292f03a6ef900ea12d132a2849946b932,48,12,http://www.gfex.com.cn/u/interfacesWebTiDayQuotes/loadList,https://www.gfex.com.cn/gfex/rihq/hqsj_tjsj.shtml,2026-08-14T18:26:02+08:00
2025-12-01,warehouse,cached,0,715728c7cdfc1280edf5a08115ad7a80f6e5c0b04dd8dc7b5d512eb100219cf2,30,1,http://www.gfex.com.cn/u/interfacesWebTdWbillWeeklyQuotes/loadList,https://www.gfex.com.cn/gfex/cdrb/hqsj_tjsj.shtml,2026-08-14T18:26:02+08:00
2025-12-02,daily,cached,0,6058009ea4eacc96efcac62438c8c830d6a2950bc7835d03b618e0b69040eeac,48,12,http://www.gfex.com.cn/u/interfacesWebTiDayQuotes/loadList,https://www.gfex.com.cn/gfex/rihq/hqsj_tjsj.shtml,2026-08-14T18:26:02+08:00
2025-12-02,warehouse,cached,0,5ad47ba7a00ece730f44bc09f8033a773f2e574928a18bcfbc3280c3c7053f07,33,1,http://www.gfex.com.cn/u/interfacesWebTdWbillWeeklyQuotes/loadList,https://www.gfex.com.cn/gfex/cdrb/hqsj_tjsj.shtml,2026-08-14T18:26:02+08:00
2025-12-03,daily,cached,0,69646e7c5a5c92064f52f0146f58bab2b9404d48806ed3f4b78a25241bf25673,48,12,http://www.gfex.com.cn/u/interfacesWebTiDayQuotes/loadList,https://www.gfex.com.cn/gfex/rihq/hqsj_tjsj.shtml,2026-08-14T18:26:02+08:00
2025-12-03,warehouse,cached,0,bf4f53a5a54d7a8c9644e540d121c76a25f1bb478431fce52623fb259b0254c5,34,1,http://www.gfex.com.cn/u/interfacesWebTdWbillWeeklyQuotes/loadList,https://www.gfex.com.cn/gfex/cdrb/hqsj_tjsj.shtml,2026-08-14T18:26:02+08:00
2025-12-04,daily,cached,0,dd1d425ca7e0dc66142d734a1a1109f30488b71ba05b12fd2ffc3c4fcd3b0387,48,12,http://www.gfex.com.cn/u/interfacesWebTiDayQuotes/loadList,https://www.gfex.com.cn/gfex/rihq/hqsj_tjsj.shtml,2026-08-14T18:26:02+08:00
2025-12-04,warehouse,cached,0,10c26188cd50b0412999743cebfeeb2dbbf2c053f3e29bb54c8406c9878b0523,34,1,http://www.gfex.com.cn/u/interfacesWebTdWbillWeeklyQuotes/loadList,https://www.gfex.com.cn/gfex/cdrb/hqsj_tjsj.shtml,2026-08-14T18:26:02+08:00
2025-12-05,daily,cached,0,9653966c9d15541975a28752cf64d667c2d2575b3abe8f97f80fa073ee0662be,48,12,http://www.gfex.com.cn/u/interfacesWebTiDayQuotes/loadList,https://www.gfex.com.cn/gfex/rihq/hqsj_tjsj.shtml,2026-08-14T18:26:02+08:00
2025-12-05,warehouse,cached,0,8438fdb8434a4dc3022b3d9a22a09069cd58b833e86f509dbf66d260136c5709,37,1,http://www.gfex.com.cn/u/interfacesWebTdWbillWeeklyQuotes/loadList,https://www.gfex.com.cn/gfex/cdrb/hqsj_tjsj.shtml,2026-08-14T18:26:02+08:00
2025-12-08,daily,cached,0,74221dbbffb7d27a21bcd9121741180fca2d7cec595ab407f5e490cee6e6bcfe,48,12,http://www.gfex.com.cn/u/interfacesWebTiDayQuotes/loadList,https://www.gfex.com.cn/gfex/rihq/hqsj_tjsj.shtml,2026-08-14T18:26:02+08:00
2025-12-08,warehouse,cached,0,835e4d76018dede42b20d0bac02eae4d3b81215cc2c44d85ac72e9ddcb0d0f86,39,1,http://www.gfex.com.cn/u/interfacesWebTdWbillWeeklyQuotes/loadList,https://www.gfex.com.cn/gfex/cdrb/hqsj_tjsj.shtml,2026-08-14T18:26:02+08:00
2025-12-09,daily,cached,0,bcf4da5202010457b6b07e06af49233b40fd44fe450535b3cedfbae6046e1f9b,48,12,http://www.gfex.com.cn/u/interfacesWebTiDayQuotes/loadList,https://www.gfex.com.cn/gfex/rihq/hqsj_tjsj.shtml,2026-08-14T18:26:02+08:00
2025-12-09,warehouse,cached,0,5673a78f12930b8a50dbdd0763a5bf73bbace6dc2cb35ebf6a03d369f1d2c5eb,39,1,http://www.gfex.com.cn/u/interfacesWebTdWbillWeeklyQuotes/loadList,https://www.gfex.com.cn/gfex/cdrb/hqsj_tjsj.shtml,2026-08-14T18:26:02+08:00
2025-12-10,daily,cached,0,1e0f17761c5cff61854924231a581b64a61bb226ad279d5236edcc3200142826,48,11,http://www.gfex.com.cn/u/interfacesWebTiDayQuotes/loadList,https://www.gfex.com.cn/gfex/rihq/hqsj_tjsj.shtml,2026-08-14T18:26:02+08:00
2025-12-10,warehouse,cached,0,421ca7b8bdd0cd6d7abef2e146c1808a4dea9746c259d9271f132650406c3b32,39,1,http://www.gfex.com.cn/u/interfacesWebTdWbillWeeklyQuotes/loadList,https://www.gfex.com.cn/gfex/cdrb/hqsj_tjsj.shtml,2026-08-14T18:26:02+08:00
2025-12-11,daily,cached,0,25c759659dc2797a6830d57ae993ecd662cc319a5b41925dcb50576f2180884e,48,12,http://www.gfex.com.cn/u/interfacesWebTiDayQuotes/loadList,https://www.gfex.com.cn/gfex/rihq/hqsj_tjsj.shtml,2026-08-14T18:26:02+08:00
2025-12-11,warehouse,cached,0,881bb2c155a5f2a8d0f75580a6ed35f2012ba2e5c37614cb4c852a8591265d5c,41,1,http://www.gfex.com.cn/u/interfacesWebTdWbillWeeklyQuotes/loadList,https://www.gfex.com.cn/gfex/cdrb/hqsj_tjsj.shtml,2026-08-14T18:26:02+08:00
2025-12-12,daily,cached,0,da29d193802259cc3451d07b8b14caf898287dd6263b08a68eab77c8ddd2cae2,48,11,http://www.gfex.com.cn/u/interfacesWebTiDayQuotes/loadList,https://www.gfex.com.cn/gfex/rihq/hqsj_tjsj.shtml,2026-08-14T18:26:02+08:00
2025-12-12,warehouse,cached,0,8a02edf0dc3b8df822b0121931d03755bc5ca4d4b9ec65f40680802353294bd5,41,1,http://www.gfex.com.cn/u/interfacesWebTdWbillWeeklyQuotes/loadList,https://www.gfex.com.cn/gfex/cdrb/hqsj_tjsj.shtml,2026-08-14T18:26:02+08:00
2025-12-15,daily,cached,0,e9900a122148666911f91df0a5a0e886549d8b5f63dc357295f673daeccf094f,50,12,http://www.gfex.com.cn/u/interfacesWebTiDayQuotes/loadList,https://www.gfex.com.cn/gfex/rihq/hqsj_tjsj.shtml,2026-08-14T18:26:02+08:00
2025-12-15,warehouse,cached,0,2b40cb9005eca234b4b89fd6e1ab34a3972f1ec108aa507817759cc47e572e4c,41,1,http://www.gfex.com.cn/u/interfacesWebTdWbillWeeklyQuotes/loadList,https://www.gfex.com.cn/gfex/cdrb/hqsj_tjsj.shtml,2026-08-14T18:26:02+08:00
2025-12-16,daily,cached,0,0a7f7c9ba19500d3fdc59c139d9b7e83d7165143f615ec77398e29e14ab1b207,50,12,http://www.gfex.com.cn/u/interfacesWebTiDayQuotes/loadList,https://www.gfex.com.cn/gfex/rihq/hqsj_tjsj.shtml,2026-08-14T18:26:02+08:00
2025-12-16,warehouse,cached,0,933ec433b4ed71545c41bd7d275e7136618c3b5c2f308650c4a58b6131e84cb9,41,1,http://www.gfex.com.cn/u/interfacesWebTdWbillWeeklyQuotes/loadList,https://www.gfex.com.cn/gfex/cdrb/hqsj_tjsj.shtml,2026-08-14T18:26:02+08:00
2025-12-17,daily,cached,0,ce512e8680cd0e29dc3b3d63e98c1c625a489f552aa71b14f80a574ba1763a7d,50,12,http://www.gfex.com.cn/u/interfacesWebTiDayQuotes/loadList,https://www.gfex.com.cn/gfex/rihq/hqsj_tjsj.shtml,2026-08-14T18:26:02+08:00
2025-12-17,warehouse,cached,0,0f6877dd31c8443b5c2f736926262649e8b8e879f0ef0ca45470dc4be51acc75,41,1,http://www.gfex.com.cn/u/interfacesWebTdWbillWeeklyQuotes/loadList,https://www.gfex.com.cn/gfex/cdrb/hqsj_tjsj.shtml,2026-08-14T18:26:02+08:00
2025-12-18,daily,cached,0,ca72580c6c6f9f71bd248fe3cf3c801ff036aabff5f90624769e2c2956ee3846,50,12,http://www.gfex.com.cn/u/interfacesWebTiDayQuotes/loadList,https://www.gfex.com.cn/gfex/rihq/hqsj_tjsj.shtml,2026-08-14T18:26:02+08:00
2025-12-18,warehouse,cached,0,b045b61d046b866c1197afde5a1b1b62e5c946da6b3e2315a4013db1fa5898bb,41,1,http://www.gfex.com.cn/u/interfacesWebTdWbillWeeklyQuotes/loadList,https://www.gfex.com.cn/gfex/cdrb/hqsj_tjsj.shtml,2026-08-14T18:26:02+08:00
2025-12-19,daily,cached,0,6207e9fb7d1bcf6b99de8aa58ad8df2d4474c12dd2800ea5c2f7f8f16ece0b1e,50,12,http://www.gfex.com.cn/u/interfacesWebTiDayQuotes/loadList,https://www.gfex.com.cn/gfex/rihq/hqsj_tjsj.shtml,2026-08-14T18:26:02+08:00
2025-12-19,warehouse,cached,0,a5477c0e26c01a09b1f278da2483895a98c84fbcdf8e508cde4832429e2514c4,45,1,http://www.gfex.com.cn/u/interfacesWebTdWbillWeeklyQuotes/loadList,https://www.gfex.com.cn/gfex/cdrb/hqsj_tjsj.shtml,2026-08-14T18:26:02+08:00
2025-12-22,daily,cached,0,f3d21d2a7ee00133cafa1b6cb7f692ccbc9fdb42af0da17ac43288d3ad9dc072,50,12,http://www.gfex.com.cn/u/interfacesWebTiDayQuotes/loadList,https://www.gfex.com.cn/gfex/rihq/hqsj_tjsj.shtml,2026-08-14T18:26:02+08:00
2025-12-22,warehouse,cached,0,459b4481ce74307ea16961c4fb94a1163c7ff4c27bc6548e3baa11a396da14ba,46,1,http://www.gfex.com.cn/u/interfacesWebTdWbillWeeklyQuotes/loadList,https://www.gfex.com.cn/gfex/cdrb/hqsj_tjsj.shtml,2026-08-14T18:26:02+08:00
2025-12-23,daily,cached,0,a627d365ea39d5d13e515d049742c197fa80e8aa0041c7b54ee118af0ddc8a24,50,12,http://www.gfex.com.cn/u/interfacesWebTiDayQuotes/loadList,https://www.gfex.com.cn/gfex/rihq/hqsj_tjsj.shtml,2026-08-14T18:26:02+08:00
2025-12-23,warehouse,cached,0,10a18df06fd26d5f06ef399f3ffc8d3d2ae189c9a06171c806b64c9fc66d2bb8,46,1,http://www.gfex.com.cn/u/interfacesWebTdWbillWeeklyQuotes/loadList,https://www.gfex.com.cn/gfex/cdrb/hqsj_tjsj.shtml,2026-08-14T18:26:02+08:00
2025-12-24,daily,cached,0,d8b0f711d623fd15d8ab3d81f01c0bab376e5929cb2a978dfcfee957e08d23d6,50,12,http://www.gfex.com.cn/u/interfacesWebTiDayQuotes/loadList,https://www.gfex.com.cn/gfex/rihq/hqsj_tjsj.shtml,2026-08-14T18:26:02+08:00
2025-12-24,warehouse,cached,0,4526a70ef87ad196b3ace1473e6e17c867074d876afdaf6b623bb747397d2f5e,47,1,http://www.gfex.com.cn/u/interfacesWebTdWbillWeeklyQuotes/loadList,https://www.gfex.com.cn/gfex/cdrb/hqsj_tjsj.shtml,2026-08-14T18:26:02+08:00
2025-12-25,daily,cached,0,ccfa2bcbed338efb7bc7dab416bb9416007b9f9cb73d9b7c4b77df2244156dec,50,12,http://www.gfex.com.cn/u/interfacesWebTiDayQuotes/loadList,https://www.gfex.com.cn/gfex/rihq/hqsj_tjsj.shtml,2026-08-14T18:26:02+08:00
2025-12-25,warehouse,cached,0,60453f3aa85af3de19027663ab8150c454d316f3c3dcdbbd070dace0d11ca7c8,47,1,http://www.gfex.com.cn/u/interfacesWebTdWbillWeeklyQuotes/loadList,https://www.gfex.com.cn/gfex/cdrb/hqsj_tjsj.shtml,2026-08-14T18:26:02+08:00
2025-12-26,daily,cached,0,7fe343a52f152805036951baf73f8b8f9f3af73b69c338c19f71273b25e48fde,50,12,http://www.gfex.com.cn/u/interfacesWebTiDayQuotes/loadList,https://www.gfex.com.cn/gfex/rihq/hqsj_tjsj.shtml,2026-08-14T18:26:02+08:00
2025-12-26,warehouse,cached,0,45b2d9f67ec32ba9d14e4d3207e16f04ea493e60220483bd1259cfd91d21bcb7,47,1,http://www.gfex.com.cn/u/interfacesWebTdWbillWeeklyQuotes/loadList,https://www.gfex.com.cn/gfex/cdrb/hqsj_tjsj.shtml,2026-08-14T18:26:02+08:00
2025-12-29,daily,cached,0,fbbf15c9a53ea3a87bd078a948d1e5206bf3ab20e9661b78e942947d4a6cd6b6,50,12,http://www.gfex.com.cn/u/interfacesWebTiDayQuotes/loadList,https://www.gfex.com.cn/gfex/rihq/hqsj_tjsj.shtml,2026-08-14T18:26:02+08:00
2025-12-29,warehouse,cached,0,682af931eff9fb38033b49db0ff26d297df2f965fb6f0ae692ca4463337998f9,47,1,http://www.gfex.com.cn/u/interfacesWebTdWbillWeeklyQuotes/loadList,https://www.gfex.com.cn/gfex/cdrb/hqsj_tjsj.shtml,2026-08-14T18:26:02+08:00
2025-12-30,daily,cached,0,24a9ced60c1a013614fe7c596df4d4bc4fc48edaca1b1c29fa54a664a7009973,50,12,http://www.gfex.com.cn/u/interfacesWebTiDayQuotes/loadList,https://www.gfex.com.cn/gfex/rihq/hqsj_tjsj.shtml,2026-08-14T18:26:02+08:00
2025-12-30,warehouse,cached,0,5c8a55f9973d7f7d3d4c023ecc5aa818caa07f263becda3547a13af5f67f28eb,47,1,http://www.gfex.com.cn/u/interfacesWebTdWbillWeeklyQuotes/loadList,https://www.gfex.com.cn/gfex/cdrb/hqsj_tjsj.shtml,2026-08-14T18:26:02+08:00
2025-12-31,daily,cached,0,3f851b55b5f8ef0aa9451bfe4acb7cc3b76f2c68ac36b7298af9ca2ad80b626a,50,12,http://www.gfex.com.cn/u/interfacesWebTiDayQuotes/loadList,https://www.gfex.com.cn/gfex/rihq/hqsj_tjsj.shtml,2026-08-14T18:26:02+08:00
2025-12-31,warehouse,cached,0,3643bd68a01ae592d79883c1a6ce7bee4a46039b6d71cafa43c7fe5e8ec5054a,48,1,http://www.gfex.com.cn/u/interfacesWebTdWbillWeeklyQuotes/loadList,https://www.gfex.com.cn/gfex/cdrb/hqsj_tjsj.shtml,2026-08-14T18:26:02+08:00
2026-01-01,daily,cached,0,7401a33ee4b7e9e597cd499b37fd2a82b3a4c303db018c1762e2b0e0dd99a885,1,0,http://www.gfex.com.cn/u/interfacesWebTiDayQuotes/loadList,https://www.gfex.com.cn/gfex/rihq/hqsj_tjsj.shtml,2026-08-14T18:26:02+08:00
2026-01-01,warehouse,cached,0,127015523fa8e7a1013f7f067c13d214b27c913922bbbf410d7b67af840610c4,1,0,http://www.gfex.com.cn/u/interfacesWebTdWbillWeeklyQuotes/loadList,https://www.gfex.com.cn/gfex/cdrb/hqsj_tjsj.shtml,2026-08-14T18:26:02+08:00
2026-01-02,daily,cached,0,651357d1026a28b5628a061a4998f7037196f36224fef69cdfd452fc9d9c02b0,1,0,http://www.gfex.com.cn/u/interfacesWebTiDayQuotes/loadList,https://www.gfex.com.cn/gfex/rihq/hqsj_tjsj.shtml,2026-08-14T18:26:02+08:00
2026-01-02,warehouse,cached,0,c8f3c318ef7e0c1b36cc77b717d982b717a923462efc912258f1d72dfa4a36aa,1,0,http://www.gfex.com.cn/u/interfacesWebTdWbillWeeklyQuotes/loadList,https://www.gfex.com.cn/gfex/cdrb/hqsj_tjsj.shtml,2026-08-14T18:26:02+08:00
2026-01-05,daily,cached,0,8292cd87b4375a14a5ff3bb7044f8175bf7923802b6003f01a7aad36568cbdc4,50,12,http://www.gfex.com.cn/u/interfacesWebTiDayQuotes/loadList,https://www.gfex.com.cn/gfex/rihq/hqsj_tjsj.shtml,2026-08-14T18:26:02+08:00
2026-01-05,warehouse,cached,0,3e1a06e297fe744d078fa9e47133befc985761949f0b1e9623a5f085a0bef62f,48,1,http://www.gfex.com.cn/u/interfacesWebTdWbillWeeklyQuotes/loadList,https://www.gfex.com.cn/gfex/cdrb/hqsj_tjsj.shtml,2026-08-14T18:26:02+08:00
2026-01-06,daily,cached,0,a9ceafdbb082101c191d59d9c5e46711736135e947c6bb6f4ba2b8de2c557453,50,12,http://www.gfex.com.cn/u/interfacesWebTiDayQuotes/loadList,https://www.gfex.com.cn/gfex/rihq/hqsj_tjsj.shtml,2026-08-14T18:26:02+08:00
2026-01-06,warehouse,cached,0,e7ad285e5a4f5ac66f4c777446a891fd0c1f586ef5bb5da9dd19decc9556c046,49,1,http://www.gfex.com.cn/u/interfacesWebTdWbillWeeklyQuotes/loadList,https://www.gfex.com.cn/gfex/cdrb/hqsj_tjsj.shtml,2026-08-14T18:26:02+08:00
2026-01-07,daily,cached,0,ff2b303afd7f807232706f4d5b02aed791d91b7729f39a3c2f42a6b1ebdbdf02,50,12,http://www.gfex.com.cn/u/interfacesWebTiDayQuotes/loadList,https://www.gfex.com.cn/gfex/rihq/hqsj_tjsj.shtml,2026-08-14T18:26:02+08:00
2026-01-07,warehouse,cached,0,0ded37c43aa501aaae579bc37465acf9c34303bf17d65d14dd0bf2de9b354e58,49,1,http://www.gfex.com.cn/u/interfacesWebTdWbillWeeklyQuotes/loadList,https://www.gfex.com.cn/gfex/cdrb/hqsj_tjsj.shtml,2026-08-14T18:26:02+08:00
2026-01-08,daily,cached,0,998c6e44ed6e9f6088d7f5da2a0e6bc61dc429f66b5d3692eff1ca10ad344ae4,50,12,http://www.gfex.com.cn/u/interfacesWebTiDayQuotes/loadList,https://www.gfex.com.cn/gfex/rihq/hqsj_tjsj.shtml,2026-08-14T18:26:02+08:00
2026-01-08,warehouse,cached,0,87137b85d7d1393edf1865675811978863f101d37029127b3bc18f33a08a991f,50,1,http://www.gfex.com.cn/u/interfacesWebTdWbillWeeklyQuotes/loadList,https://www.gfex.com.cn/gfex/cdrb/hqsj_tjsj.shtml,2026-08-14T18:26:02+08:00
2026-01-09,daily,cached,0,913a7b96caae3145fcd1ae721ea5c3a9c0bdbd34eee0f166b1524a377169a324,50,12,http://www.gfex.com.cn/u/interfacesWebTiDayQuotes/loadList,https://www.gfex.com.cn/gfex/rihq/hqsj_tjsj.shtml,2026-08-14T18:26:02+08:00
2026-01-09,warehouse,cached,0,30198ff0576eb06d0c8e6331b7b180fec2fdfb0f9b1487aa9b26e053b972e465,50,1,http://www.gfex.com.cn/u/interfacesWebTdWbillWeeklyQuotes/loadList,https://www.gfex.com.cn/gfex/cdrb/hqsj_tjsj.shtml,2026-08-14T18:26:02+08:00
2026-01-12,daily,cached,0,8405f3daad62319f780dbfb9ac53b109c2a7aa83e6e8ec47a47fe7f7c053ff1f,50,12,http://www.gfex.com.cn/u/interfacesWebTiDayQuotes/loadList,https://www.gfex.com.cn/gfex/rihq/hqsj_tjsj.shtml,2026-08-14T18:26:02+08:00
2026-01-12,warehouse,cached,0,3e4f73e197927b52c9f638ed2b39157a43129c91798270bb918c7b3033ccf0d5,50,1,http://www.gfex.com.cn/u/interfacesWebTdWbillWeeklyQuotes/loadList,https://www.gfex.com.cn/gfex/cdrb/hqsj_tjsj.shtml,2026-08-14T18:26:02+08:00
2026-01-13,daily,cached,0,914937a3ab90ada3b8b4f467dd1aa90f7e9b6d0275323430554b589b566db0e2,50,12,http://www.gfex.com.cn/u/interfacesWebTiDayQuotes/loadList,https://www.gfex.com.cn/gfex/rihq/hqsj_tjsj.shtml,2026-08-14T18:26:02+08:00
2026-01-13,warehouse,cached,0,6188d5aa20e5ba3975a58a36d31eb5d3baeb5d3da103b5a20d5f3981c1d58392,50,1,http://www.gfex.com.cn/u/interfacesWebTdWbillWeeklyQuotes/loadList,https://www.gfex.com.cn/gfex/cdrb/hqsj_tjsj.shtml,2026-08-14T18:26:02+08:00
2026-01-14,daily,cached,0,e6a6eeff49ed64c55d6c56ffcf573fe04a3614afb5a1e23a6e29cf91c7e4e79a,50,12,http://www.gfex.com.cn/u/interfacesWebTiDayQuotes/loadList,https://www.gfex.com.cn/gfex/rihq/hqsj_tjsj.shtml,2026-08-14T18:26:02+08:00
2026-01-14,warehouse,cached,0,f87d91c4ea103b8637d434c99c65ec6029a485f46ae30057801749bc688f7e81,51,1,http://www.gfex.com.cn/u/interfacesWebTdWbillWeeklyQuotes/loadList,https://www.gfex.com.cn/gfex/cdrb/hqsj_tjsj.shtml,2026-08-14T18:26:02+08:00
2026-01-15,daily,cached,0,49155a968f8340b07bef4dfb5dd9fa5cb264491fb574533f8c44f32b399661f4,50,11,http://www.gfex.com.cn/u/interfacesWebTiDayQuotes/loadList,https://www.gfex.com.cn/gfex/rihq/hqsj_tjsj.shtml,2026-08-14T18:26:02+08:00
2026-01-15,warehouse,cached,0,46f82bd70c7b64905ca8e8db3bf428ac467c52abe83252ee31dc8ff6615a6127,51,1,http://www.gfex.com.cn/u/interfacesWebTdWbillWeeklyQuotes/loadList,https://www.gfex.com.cn/gfex/cdrb/hqsj_tjsj.shtml,2026-08-14T18:26:02+08:00
2026-01-16,daily,cached,0,55cd026691ea0a64ca1c3e6a3f5a37f5ae0821ac1086b3be8ebe11f766c857bb,50,12,http://www.gfex.com.cn/u/interfacesWebTiDayQuotes/loadList,https://www.gfex.com.cn/gfex/rihq/hqsj_tjsj.shtml,2026-08-14T18:26:02+08:00
2026-01-16,warehouse,cached,0,cc6992c4991ffdb088e86161e6bc9cafc7e95636ea8869ce7c7be91bfa3567c4,51,1,http://www.gfex.com.cn/u/interfacesWebTdWbillWeeklyQuotes/loadList,https://www.gfex.com.cn/gfex/cdrb/hqsj_tjsj.shtml,2026-08-14T18:26:02+08:00
2026-01-19,daily,cached,0,a30e5504a68ac8bd8e71acabd0f1613d503b1810b1c8553b83dad4acd9f880b4,50,12,http://www.gfex.com.cn/u/interfacesWebTiDayQuotes/loadList,https://www.gfex.com.cn/gfex/rihq/hqsj_tjsj.shtml,2026-08-14T18:26:02+08:00
2026-01-19,warehouse,cached,0,3f4d08f24cad5bea13aeebbdeb1589483b8b52180bf2a5e0b44ec894744e282e,51,1,http://www.gfex.com.cn/u/interfacesWebTdWbillWeeklyQuotes/loadList,https://www.gfex.com.cn/gfex/cdrb/hqsj_tjsj.shtml,2026-08-14T18:26:02+08:00
2026-01-20,daily,cached,0,80426c0d7395d257269e3af8b7a861892ef8fec579aa965ab5e76c92e8e6d56c,50,12,http://www.gfex.com.cn/u/interfacesWebTiDayQuotes/loadList,https://www.gfex.com.cn/gfex/rihq/hqsj_tjsj.shtml,2026-08-14T18:26:02+08:00
2026-01-20,warehouse,cached,0,d984a6ba36c9275eaba88bdfc903c75e19d636ec985c41b7c11743634523ba7a,51,1,http://www.gfex.com.cn/u/interfacesWebTdWbillWeeklyQuotes/loadList,https://www.gfex.com.cn/gfex/cdrb/hqsj_tjsj.shtml,2026-08-14T18:26:02+08:00
2026-01-21,daily,cached,0,4c9b03880e279c3de4e40d76d3d53a2f8734c7930414bf6977eea45bf757342b,50,12,http://www.gfex.com.cn/u/interfacesWebTiDayQuotes/loadList,https://www.gfex.com.cn/gfex/rihq/hqsj_tjsj.shtml,2026-08-14T18:26:02+08:00
2026-01-21,warehouse,cached,0,6550450a6a260aed20cd9d59f8ba41f6f723c47571a1b0808caf8c38488e6cce,52,1,http://www.gfex.com.cn/u/interfacesWebTdWbillWeeklyQuotes/loadList,https://www.gfex.com.cn/gfex/cdrb/hqsj_tjsj.shtml,2026-08-14T18:26:02+08:00
2026-01-22,daily,cached,0,4d7f4d19ba8c4481b2f48dcfeb0cdf48b39635384d172e3c54a8872b90710fa7,50,12,http://www.gfex.com.cn/u/interfacesWebTiDayQuotes/loadList,https://www.gfex.com.cn/gfex/rihq/hqsj_tjsj.shtml,2026-08-14T18:26:02+08:00
2026-01-22,warehouse,cached,0,9afcbf9319509b6f712376d4dbb87743826c6c51cc9ae7403c6ed98360fb9046,56,1,http://www.gfex.com.cn/u/interfacesWebTdWbillWeeklyQuotes/loadList,https://www.gfex.com.cn/gfex/cdrb/hqsj_tjsj.shtml,2026-08-14T18:26:02+08:00
2026-01-23,daily,cached,0,a06857ba06d97aef7bc6e90c15d3aa6fc885f37f1e0ef4a78ca6ee6c4914297d,50,12,http://www.gfex.com.cn/u/interfacesWebTiDayQuotes/loadList,https://www.gfex.com.cn/gfex/rihq/hqsj_tjsj.shtml,2026-08-14T18:26:02+08:00
2026-01-23,warehouse,cached,0,4b86a01cc2ae76271ad6a5239d0d5970777aaa3d7e8f75f5f44aebf81be2d6f4,57,1,http://www.gfex.com.cn/u/interfacesWebTdWbillWeeklyQuotes/loadList,https://www.gfex.com.cn/gfex/cdrb/hqsj_tjsj.shtml,2026-08-14T18:26:02+08:00
2026-01-26,daily,cached,0,de0e0bcc3c9c16b0a40f8c98ac4a3abd8a4745cea4c41bc72d8d6643863cecdf,50,12,http://www.gfex.com.cn/u/interfacesWebTiDayQuotes/loadList,https://www.gfex.com.cn/gfex/rihq/hqsj_tjsj.shtml,2026-08-14T18:26:02+08:00
2026-01-26,warehouse,cached,0,779767d59920b5b65b66035547d4567128916b4ec13fe5affbb20ba833144279,58,1,http://www.gfex.com.cn/u/interfacesWebTdWbillWeeklyQuotes/loadList,https://www.gfex.com.cn/gfex/cdrb/hqsj_tjsj.shtml,2026-08-14T18:26:02+08:00
2026-01-27,daily,cached,0,0d5f36261b80038e5a5559b978fb44ed91614dcdc0a4c781b09e1b1c946ca6b5,50,12,http://www.gfex.com.cn/u/interfacesWebTiDayQuotes/loadList,https://www.gfex.com.cn/gfex/rihq/hqsj_tjsj.shtml,2026-08-14T18:26:02+08:00
2026-01-27,warehouse,cached,0,6a42f654327794a4a8c1df7c09d1c593dc91fb2127cd3a2193bcf08332aee35f,59,1,http://www.gfex.com.cn/u/interfacesWebTdWbillWeeklyQuotes/loadList,https://www.gfex.com.cn/gfex/cdrb/hqsj_tjsj.shtml,2026-08-14T18:26:02+08:00
2026-01-28,daily,cached,0,4deec98ce7f5a1632e561402015251d7d1d37e107978c61cabb0ccd1fc8f74d6,50,12,http://www.gfex.com.cn/u/interfacesWebTiDayQuotes/loadList,https://www.gfex.com.cn/gfex/rihq/hqsj_tjsj.shtml,2026-08-14T18:26:02+08:00
2026-01-28,warehouse,cached,0,828da98d29cea61652b4488a323c539d223921d0f817f207c7b1270b46dbbafa,59,1,http://www.gfex.com.cn/u/interfacesWebTdWbillWeeklyQuotes/loadList,https://www.gfex.com.cn/gfex/cdrb/hqsj_tjsj.shtml,2026-08-14T18:26:02+08:00
2026-01-29,daily,cached,0,d6f063cbbb27fb951ca637a4d271e9813b69e7c184df23e26a142c16b1f710a3,50,12,http://www.gfex.com.cn/u/interfacesWebTiDayQuotes/loadList,https://www.gfex.com.cn/gfex/rihq/hqsj_tjsj.shtml,2026-08-14T18:26:02+08:00
2026-01-29,warehouse,cached,0,1f39429158123825c84b872ab77aa79285a4ae437dbf46c7995d4e3a80589821,59,1,http://www.gfex.com.cn/u/interfacesWebTdWbillWeeklyQuotes/loadList,https://www.gfex.com.cn/gfex/cdrb/hqsj_tjsj.shtml,2026-08-14T18:26:02+08:00
2026-01-30,daily,cached,0,513f276c5f3cd137970232abff69ce3c4218db1c7c9dd921d83a151367731b00,50,12,http://www.gfex.com.cn/u/interfacesWebTiDayQuotes/loadList,https://www.gfex.com.cn/gfex/rihq/hqsj_tjsj.shtml,2026-08-14T18:26:02+08:00
2026-01-30,warehouse,cached,0,cbc6b3ffa0f1757b77cd82dc31b71c41912eada38128d6aad2e3311afa5df9d1,59,1,http://www.gfex.com.cn/u/interfacesWebTdWbillWeeklyQuotes/loadList,https://www.gfex.com.cn/gfex/cdrb/hqsj_tjsj.shtml,2026-08-14T18:26:02+08:00
2026-02-02,daily,cached,0,9fb1d1411f2ef017d039178357f22cfa86ff1589bb693a61e4258b97fc1e94f9,50,12,http://www.gfex.com.cn/u/interfacesWebTiDayQuotes/loadList,https://www.gfex.com.cn/gfex/rihq/hqsj_tjsj.shtml,2026-08-14T18:26:02+08:00
2026-02-02,warehouse,cached,0,d7dd9e7d6a48b7545b1222bbdd589f14d3238174401034ff9cda13ee377f43be,61,1,http://www.gfex.com.cn/u/interfacesWebTdWbillWeeklyQuotes/loadList,https://www.gfex.com.cn/gfex/cdrb/hqsj_tjsj.shtml,2026-08-14T18:26:02+08:00
2026-02-03,daily,cached,0,6605a4e887ccd6c1395fa994518305141501df8f1d8514b7dc4905e533d96c8c,50,12,http://www.gfex.com.cn/u/interfacesWebTiDayQuotes/loadList,https://www.gfex.com.cn/gfex/rihq/hqsj_tjsj.shtml,2026-08-14T18:26:02+08:00
2026-02-03,warehouse,cached,0,d9aae16ac57fe6e66cc3faed680fba6c152a8722292eafed8c1ed4de382d57f5,61,1,http://www.gfex.com.cn/u/interfacesWebTdWbillWeeklyQuotes/loadList,https://www.gfex.com.cn/gfex/cdrb/hqsj_tjsj.shtml,2026-08-14T18:26:02+08:00
2026-02-04,daily,cached,0,78c44d76fdaddd070dcd0978a06f350d2ddd35ff031f0341016a35eadd669876,50,12,http://www.gfex.com.cn/u/interfacesWebTiDayQuotes/loadList,https://www.gfex.com.cn/gfex/rihq/hqsj_tjsj.shtml,2026-08-14T18:26:02+08:00
2026-02-04,warehouse,cached,0,81cd38ab1f5b2461bf3b529e2dbbb3261c533630226e5eee3e5f0507dc3799b8,61,1,http://www.gfex.com.cn/u/interfacesWebTdWbillWeeklyQuotes/loadList,https://www.gfex.com.cn/gfex/cdrb/hqsj_tjsj.shtml,2026-08-14T18:26:02+08:00
2026-02-05,daily,cached,0,79adcc3434c99b278db084cb447098b67eb08f445cd4701daaefb0fc6b67aad8,50,12,http://www.gfex.com.cn/u/interfacesWebTiDayQuotes/loadList,https://www.gfex.com.cn/gfex/rihq/hqsj_tjsj.shtml,2026-08-14T18:26:02+08:00
2026-02-05,warehouse,cached,0,af0655f2b510a5953ccf801ecf83b8705111e0f1f79dfbacdbcda10564b14ef7,62,1,http://www.gfex.com.cn/u/interfacesWebTdWbillWeeklyQuotes/loadList,https://www.gfex.com.cn/gfex/cdrb/hqsj_tjsj.shtml,2026-08-14T18:26:02+08:00
2026-02-06,daily,cached,0,68046b083a851e0663a0ec2202fedcbd6390637bb62bd930ac254c09834c88ad,50,12,http://www.gfex.com.cn/u/interfacesWebTiDayQuotes/loadList,https://www.gfex.com.cn/gfex/rihq/hqsj_tjsj.shtml,2026-08-14T18:26:02+08:00
2026-02-06,warehouse,cached,0,e7d37922a06328520d881bafea7080862f0eeba70b64be343672a2c25dd2baa3,63,1,http://www.gfex.com.cn/u/interfacesWebTdWbillWeeklyQuotes/loadList,https://www.gfex.com.cn/gfex/cdrb/hqsj_tjsj.shtml,2026-08-14T18:26:02+08:00
2026-02-09,daily,cached,0,5e10ed14f4984d79211c0980947aec2f56da69086efbf29dbb0a851d9cedc2fb,50,12,http://www.gfex.com.cn/u/interfacesWebTiDayQuotes/loadList,https://www.gfex.com.cn/gfex/rihq/hqsj_tjsj.shtml,2026-08-14T18:26:02+08:00
2026-02-09,warehouse,cached,0,8c4d386a93f0170f5d996aeb6fe3e2543ecfb521d54596de7c3ad6665dddb57b,63,1,http://www.gfex.com.cn/u/interfacesWebTdWbillWeeklyQuotes/loadList,https://www.gfex.com.cn/gfex/cdrb/hqsj_tjsj.shtml,2026-08-14T18:26:02+08:00
2026-02-10,daily,cached,0,07589cbd87487146221dd212ae3e4a807dba6ef30ce2d9fd77b09e798bfee93b,50,11,http://www.gfex.com.cn/u/interfacesWebTiDayQuotes/loadList,https://www.gfex.com.cn/gfex/rihq/hqsj_tjsj.shtml,2026-08-14T18:26:02+08:00
2026-02-10,warehouse,cached,0,d499a77baccc01e7f025bff40f79a2413b9ad89e02882da466ca1cd01330816e,66,1,http://www.gfex.com.cn/u/interfacesWebTdWbillWeeklyQuotes/loadList,https://www.gfex.com.cn/gfex/cdrb/hqsj_tjsj.shtml,2026-08-14T18:26:02+08:00
2026-02-11,daily,cached,0,5dda83e4df2d3d8f6fdfb33fc8fb470531825d2cc73a422f4c661991e51285b3,50,11,http://www.gfex.com.cn/u/interfacesWebTiDayQuotes/loadList,https://www.gfex.com.cn/gfex/rihq/hqsj_tjsj.shtml,2026-08-14T18:26:02+08:00
2026-02-11,warehouse,cached,0,285573334e5291554019ee63c6aafc0d4754eedbda02466fa96e79208b9d018d,69,1,http://www.gfex.com.cn/u/interfacesWebTdWbillWeeklyQuotes/loadList,https://www.gfex.com.cn/gfex/cdrb/hqsj_tjsj.shtml,2026-08-14T18:26:02+08:00
2026-02-12,daily,cached,0,d99fa7da66a9354373cbb6dc8d5183d50474a10e97769cee25118093d943ed62,50,11,http://www.gfex.com.cn/u/interfacesWebTiDayQuotes/loadList,https://www.gfex.com.cn/gfex/rihq/hqsj_tjsj.shtml,2026-08-14T18:26:02+08:00
2026-02-12,warehouse,cached,0,af32fb045334696b7382096da0467a26345c251f8b9cc016e347577d6f471562,68,1,http://www.gfex.com.cn/u/interfacesWebTdWbillWeeklyQuotes/loadList,https://www.gfex.com.cn/gfex/cdrb/hqsj_tjsj.shtml,2026-08-14T18:26:02+08:00
2026-02-13,daily,cached,0,2ea7fa0b187f9a7fd1a4d3d790985cd981bbd638a183cf209e162f938c14cbef,50,11,http://www.gfex.com.cn/u/interfacesWebTiDayQuotes/loadList,https://www.gfex.com.cn/gfex/rihq/hqsj_tjsj.shtml,2026-08-14T18:26:02+08:00
2026-02-13,warehouse,cached,0,378e793ff654ef36db113c4f5a97e2dbe52cef03218765bcc7dd2e8cae994e0e,69,1,http://www.gfex.com.cn/u/interfacesWebTdWbillWeeklyQuotes/loadList,https://www.gfex.com.cn/gfex/cdrb/hqsj_tjsj.shtml,2026-08-14T18:26:02+08:00
2026-02-16,daily,cached,0,42ebc28dfbb754f4cf43edb7670c6cfacbd7f89ea68dc142d3d2e91ede81e027,1,0,http://www.gfex.com.cn/u/interfacesWebTiDayQuotes/loadList,https://www.gfex.com.cn/gfex/rihq/hqsj_tjsj.shtml,2026-08-14T18:26:02+08:00
2026-02-16,warehouse,cached,0,85fbb079b9b497b126287580d0a0b022acff849a66948d58f34dfc79f58bdd0b,1,0,http://www.gfex.com.cn/u/interfacesWebTdWbillWeeklyQuotes/loadList,https://www.gfex.com.cn/gfex/cdrb/hqsj_tjsj.shtml,2026-08-14T18:26:02+08:00
2026-02-17,daily,cached,0,b8a180a9ca5bcf5663d5e76b0f54f51d1c6935c9c024405f584a6e41011ce75f,1,0,http://www.gfex.com.cn/u/interfacesWebTiDayQuotes/loadList,https://www.gfex.com.cn/gfex/rihq/hqsj_tjsj.shtml,2026-08-14T18:26:02+08:00
2026-02-17,warehouse,cached,0,805445387e887b52df9e08f0aa71e18df47ee84b772462d4387deb2a4706eb88,1,0,http://www.gfex.com.cn/u/interfacesWebTdWbillWeeklyQuotes/loadList,https://www.gfex.com.cn/gfex/cdrb/hqsj_tjsj.shtml,2026-08-14T18:26:02+08:00
2026-02-18,daily,cached,0,e2f0306e678e86d62b7d6dfa91ea8805b1a0793c9cc92de07e2f50ca12b08b66,1,0,http://www.gfex.com.cn/u/interfacesWebTiDayQuotes/loadList,https://www.gfex.com.cn/gfex/rihq/hqsj_tjsj.shtml,2026-08-14T18:26:02+08:00
2026-02-18,warehouse,cached,0,21177b7b0227e075fd029dc55b5af4cdc0150d28b8b2b4da2c659aa0d0d7040e,1,0,http://www.gfex.com.cn/u/interfacesWebTdWbillWeeklyQuotes/loadList,https://www.gfex.com.cn/gfex/cdrb/hqsj_tjsj.shtml,2026-08-14T18:26:02+08:00
2026-02-19,daily,cached,0,aeb87a58312e16513f1af72cb8b724db0865ed531e5a593c7a35cef6b76adeea,1,0,http://www.gfex.com.cn/u/interfacesWebTiDayQuotes/loadList,https://www.gfex.com.cn/gfex/rihq/hqsj_tjsj.shtml,2026-08-14T18:26:02+08:00
2026-02-19,warehouse,cached,0,79da3309385acdb7c28fcbe22966b31fc40e46b15bf11542ebe1af1838def6b4,1,0,http://www.gfex.com.cn/u/interfacesWebTdWbillWeeklyQuotes/loadList,https://www.gfex.com.cn/gfex/cdrb/hqsj_tjsj.shtml,2026-08-14T18:26:02+08:00
2026-02-20,daily,cached,0,5e178916da46466d781e51f55c4a5b65958cee5e841653346f8167696bd8594b,1,0,http://www.gfex.com.cn/u/interfacesWebTiDayQuotes/loadList,https://www.gfex.com.cn/gfex/rihq/hqsj_tjsj.shtml,2026-08-14T18:26:02+08:00
2026-02-20,warehouse,cached,0,661875ba58e0f0077205d4eeae261d903759bf0abe243ab69884afcd6a261dc7,1,0,http://www.gfex.com.cn/u/interfacesWebTdWbillWeeklyQuotes/loadList,https://www.gfex.com.cn/gfex/cdrb/hqsj_tjsj.shtml,2026-08-14T18:26:02+08:00
2026-02-23,daily,cached,0,dab54ad680dd57379fe07da78ad4802b4381ad542d305d238d31fc2a5d64fba5,1,0,http://www.gfex.com.cn/u/interfacesWebTiDayQuotes/loadList,https://www.gfex.com.cn/gfex/rihq/hqsj_tjsj.shtml,2026-08-14T18:26:02+08:00
2026-02-23,warehouse,cached,0,5e356f1a8b51b6e4f5099e0f1345546014bcabc0ff079a6116532cadf65744b0,1,0,http://www.gfex.com.cn/u/interfacesWebTdWbillWeeklyQuotes/loadList,https://www.gfex.com.cn/gfex/cdrb/hqsj_tjsj.shtml,2026-08-14T18:26:02+08:00
2026-02-24,daily,cached,0,93792a0cf373dd87ccbc96921e15ae98fa0d023b186366017f5de9525850e702,52,12,http://www.gfex.com.cn/u/interfacesWebTiDayQuotes/loadList,https://www.gfex.com.cn/gfex/rihq/hqsj_tjsj.shtml,2026-08-14T18:26:02+08:00
2026-02-24,warehouse,cached,0,866bd68830adcecca6635d508a30e03fc0182306a28a55c8d672f531a7d99a1f,70,1,http://www.gfex.com.cn/u/interfacesWebTdWbillWeeklyQuotes/loadList,https://www.gfex.com.cn/gfex/cdrb/hqsj_tjsj.shtml,2026-08-14T18:26:02+08:00
2026-02-25,daily,cached,0,4f96b1133ceeb0802bb17ab68c7feb649a7bc6b9643da2ff62910ff6e8f77329,52,12,http://www.gfex.com.cn/u/interfacesWebTiDayQuotes/loadList,https://www.gfex.com.cn/gfex/rihq/hqsj_tjsj.shtml,2026-08-14T18:26:02+08:00
2026-02-25,warehouse,cached,0,4bc5ba8e168fdc546b092586cec0432e64be95039ef0107e51a3f63a1a359bb9,70,1,http://www.gfex.com.cn/u/interfacesWebTdWbillWeeklyQuotes/loadList,https://www.gfex.com.cn/gfex/cdrb/hqsj_tjsj.shtml,2026-08-14T18:26:02+08:00
2026-02-26,daily,cached,0,8323af1919a8fcf9129625309363e4426d6fba8f3e3731bc6c9fb4f6cacb99a0,52,12,http://www.gfex.com.cn/u/interfacesWebTiDayQuotes/loadList,https://www.gfex.com.cn/gfex/rihq/hqsj_tjsj.shtml,2026-08-14T18:26:02+08:00
2026-02-26,warehouse,cached,0,517a769e9c09f92b127df310af1ec2eb8cc3996b7d251537203fab8293606135,70,1,http://www.gfex.com.cn/u/interfacesWebTdWbillWeeklyQuotes/loadList,https://www.gfex.com.cn/gfex/cdrb/hqsj_tjsj.shtml,2026-08-14T18:26:02+08:00
2026-02-27,daily,cached,0,60cb0c56c4e2e7ec5745423b842a83dd5bb24e1e03cc10ba0b6489b3a7e9c7cc,52,11,http://www.gfex.com.cn/u/interfacesWebTiDayQuotes/loadList,https://www.gfex.com.cn/gfex/rihq/hqsj_tjsj.shtml,2026-08-14T18:26:02+08:00
2026-02-27,warehouse,cached,0,86e9931f3918d0e2b791a46da8c714d544ab3af27eb48f4afcb0a7a30a583b0c,70,1,http://www.gfex.com.cn/u/interfacesWebTdWbillWeeklyQuotes/loadList,https://www.gfex.com.cn/gfex/cdrb/hqsj_tjsj.shtml,2026-08-14T18:26:02+08:00
2026-03-02,daily,cached,0,edde7ec20a90be12bcd67ea165a2bd29091873183e9aaa4c4ed69e0eb2a2809b,52,12,http://www.gfex.com.cn/u/interfacesWebTiDayQuotes/loadList,https://www.gfex.com.cn/gfex/rihq/hqsj_tjsj.shtml,2026-08-14T18:26:02+08:00
2026-03-02,warehouse,cached,0,5ad5b779e77417aeca312c05f21b43a638fc8057fc2ab64424f7d1944ae1ae3e,70,1,http://www.gfex.com.cn/u/interfacesWebTdWbillWeeklyQuotes/loadList,https://www.gfex.com.cn/gfex/cdrb/hqsj_tjsj.shtml,2026-08-14T18:26:02+08:00
2026-03-03,daily,cached,0,10b68f4ce9c60444652d3c17c443413c2d8b2ae8a7d062c9cd6eddd5303db315,52,12,http://www.gfex.com.cn/u/interfacesWebTiDayQuotes/loadList,https://www.gfex.com.cn/gfex/rihq/hqsj_tjsj.shtml,2026-08-14T18:26:02+08:00
2026-03-03,warehouse,cached,0,ccd1dc3c0afd89888d43ca7a0fc36587b00f1886a47430b703468c136b0ca939,70,1,http://www.gfex.com.cn/u/interfacesWebTdWbillWeeklyQuotes/loadList,https://www.gfex.com.cn/gfex/cdrb/hqsj_tjsj.shtml,2026-08-14T18:26:02+08:00
2026-03-04,daily,cached,0,35e57339f3158ca37937fdb0066aa23560c6a1987fad1f4d2c7a2f3e21b92306,52,12,http://www.gfex.com.cn/u/interfacesWebTiDayQuotes/loadList,https://www.gfex.com.cn/gfex/rihq/hqsj_tjsj.shtml,2026-08-14T18:26:02+08:00
2026-03-04,warehouse,cached,0,ae11c49430e5a4881b894cb5286ea149aaaef013586d13136f9a280fd46fc5ae,70,1,http://www.gfex.com.cn/u/interfacesWebTdWbillWeeklyQuotes/loadList,https://www.gfex.com.cn/gfex/cdrb/hqsj_tjsj.shtml,2026-08-14T18:26:02+08:00
2026-03-05,daily,cached,0,ffada1c3ec73fbcd06ea004367d22fe94e5f7495537c6324890e68b5fbede151,52,12,http://www.gfex.com.cn/u/interfacesWebTiDayQuotes/loadList,https://www.gfex.com.cn/gfex/rihq/hqsj_tjsj.shtml,2026-08-14T18:26:02+08:00
2026-03-05,warehouse,cached,0,e193f778d8ca7509bc3af16d0bb4540caedc085f16cf17937ca6fbd70ebe5fd2,71,1,http://www.gfex.com.cn/u/interfacesWebTdWbillWeeklyQuotes/loadList,https://www.gfex.com.cn/gfex/cdrb/hqsj_tjsj.shtml,2026-08-14T18:26:02+08:00
2026-03-06,daily,cached,0,4f54ef7b39310e7f31b3126694ce1a3c2ff0640ec2a3c512adcb8910343ebe1d,52,12,http://www.gfex.com.cn/u/interfacesWebTiDayQuotes/loadList,https://www.gfex.com.cn/gfex/rihq/hqsj_tjsj.shtml,2026-08-14T18:26:02+08:00
2026-03-06,warehouse,cached,0,39bc417a892a59df7a69d1d5cd644321dd9dfd6628fd1015ec61bca2fcb2f72a,71,1,http://www.gfex.com.cn/u/interfacesWebTdWbillWeeklyQuotes/loadList,https://www.gfex.com.cn/gfex/cdrb/hqsj_tjsj.shtml,2026-08-14T18:26:02+08:00
2026-03-09,daily,cached,0,614860c0f9ebd1520ae68b931846bfafe67459c3805860430b8dbe4652fbb5d5,52,12,http://www.gfex.com.cn/u/interfacesWebTiDayQuotes/loadList,https://www.gfex.com.cn/gfex/rihq/hqsj_tjsj.shtml,2026-08-14T18:26:02+08:00
2026-03-09,warehouse,cached,0,e6d2ca459b7cc46e93d2f3940e27e1f9a98af6452c83d0ad22962ddb14e7f6e6,71,1,http://www.gfex.com.cn/u/interfacesWebTdWbillWeeklyQuotes/loadList,https://www.gfex.com.cn/gfex/cdrb/hqsj_tjsj.shtml,2026-08-14T18:26:02+08:00
2026-03-10,daily,cached,0,f6f9c6d290ac59d602c8f2469a810730700bd6ac54b43069cea354d518acdaf8,52,11,http://www.gfex.com.cn/u/interfacesWebTiDayQuotes/loadList,https://www.gfex.com.cn/gfex/rihq/hqsj_tjsj.shtml,2026-08-14T18:26:02+08:00
2026-03-10,warehouse,cached,0,7e91257031fb978718e39f2252ef0678e050b50384a8bbffc5ace59dcf987d37,71,1,http://www.gfex.com.cn/u/interfacesWebTdWbillWeeklyQuotes/loadList,https://www.gfex.com.cn/gfex/cdrb/hqsj_tjsj.shtml,2026-08-14T18:26:02+08:00
2026-03-11,daily,cached,0,17d16c0c1dedc5f0b2f301f903e1702b62836c5916acd24b70930b8d0011b0f1,52,11,http://www.gfex.com.cn/u/interfacesWebTiDayQuotes/loadList,https://www.gfex.com.cn/gfex/rihq/hqsj_tjsj.shtml,2026-08-14T18:26:02+08:00
2026-03-11,warehouse,cached,0,d2c11c5a3a6a243cc72c8696fa0033127ceeae45e5141a5493d2033aeb346ffc,71,1,http://www.gfex.com.cn/u/interfacesWebTdWbillWeeklyQuotes/loadList,https://www.gfex.com.cn/gfex/cdrb/hqsj_tjsj.shtml,2026-08-14T18:26:02+08:00
2026-03-12,daily,cached,0,034d123b412c0bea56e0ed894237af06491bb457885732e64e9005565f7c73b1,52,11,http://www.gfex.com.cn/u/interfacesWebTiDayQuotes/loadList,https://www.gfex.com.cn/gfex/rihq/hqsj_tjsj.shtml,2026-08-14T18:26:02+08:00
2026-03-12,warehouse,cached,0,796424fc9c73baab954c5473eaabed0c9e8d05524e89dedddfbcecf39b0020f3,71,1,http://www.gfex.com.cn/u/interfacesWebTdWbillWeeklyQuotes/loadList,https://www.gfex.com.cn/gfex/cdrb/hqsj_tjsj.shtml,2026-08-14T18:26:02+08:00
2026-03-13,daily,cached,0,de501c42935e8d514c943c9c9431f4af8879dc2cd637b1cf09b5a141a9e00d2c,52,12,http://www.gfex.com.cn/u/interfacesWebTiDayQuotes/loadList,https://www.gfex.com.cn/gfex/rihq/hqsj_tjsj.shtml,2026-08-14T18:26:02+08:00
2026-03-13,warehouse,cached,0,72c7658c50d2529e1bfee3230f95d05f438c1f9adcaed0a6f99e1e7091ab62ed,71,1,http://www.gfex.com.cn/u/interfacesWebTdWbillWeeklyQuotes/loadList,https://www.gfex.com.cn/gfex/cdrb/hqsj_tjsj.shtml,2026-08-14T18:26:02+08:00
2026-03-16,daily,cached,0,d40ac25596acd603834789fd1924db78a59e6925f758a7b68d7e316b977e1d80,52,12,http://www.gfex.com.cn/u/interfacesWebTiDayQuotes/loadList,https://www.gfex.com.cn/gfex/rihq/hqsj_tjsj.shtml,2026-08-14T18:26:02+08:00
2026-03-16,warehouse,cached,0,159fd3813a659a1b27e4a94425708505dbbc11fe8ff5d8957baa8091aeeaae6c,71,1,http://www.gfex.com.cn/u/interfacesWebTdWbillWeeklyQuotes/loadList,https://www.gfex.com.cn/gfex/cdrb/hqsj_tjsj.shtml,2026-08-14T18:26:02+08:00
2026-03-17,daily,cached,0,6e7baee1f44e991015a5ab33f49b67552d6f74b8f1fdc3ae7db00f21a56abd5f,52,11,http://www.gfex.com.cn/u/interfacesWebTiDayQuotes/loadList,https://www.gfex.com.cn/gfex/rihq/hqsj_tjsj.shtml,2026-08-14T18:26:02+08:00
2026-03-17,warehouse,cached,0,04d059483d959eff0c4acd181f54857059423948ba5c123ef3b9fdb995a426b5,71,1,http://www.gfex.com.cn/u/interfacesWebTdWbillWeeklyQuotes/loadList,https://www.gfex.com.cn/gfex/cdrb/hqsj_tjsj.shtml,2026-08-14T18:26:02+08:00
2026-03-18,daily,cached,0,035d7fa74df37075ebe9ab9810253e627ba0b33e90831dc59e13060ae04497ae,52,12,http://www.gfex.com.cn/u/interfacesWebTiDayQuotes/loadList,https://www.gfex.com.cn/gfex/rihq/hqsj_tjsj.shtml,2026-08-14T18:26:02+08:00
2026-03-18,warehouse,cached,0,42dacc87d4003a9f8a570cb244e0b4dba16334334823420032c295901e14051c,71,1,http://www.gfex.com.cn/u/interfacesWebTdWbillWeeklyQuotes/loadList,https://www.gfex.com.cn/gfex/cdrb/hqsj_tjsj.shtml,2026-08-14T18:26:02+08:00
2026-03-19,daily,cached,0,778a00393b7707ecbae8c267ac6085bab14d000da62a4f39db29b911e6c703fa,52,11,http://www.gfex.com.cn/u/interfacesWebTiDayQuotes/loadList,https://www.gfex.com.cn/gfex/rihq/hqsj_tjsj.shtml,2026-08-14T18:26:02+08:00
2026-03-19,warehouse,cached,0,e4e81416a693baa6c221e753496bb75ca4d2f91a76dd617b29775f2b84820a1e,70,1,http://www.gfex.com.cn/u/interfacesWebTdWbillWeeklyQuotes/loadList,https://www.gfex.com.cn/gfex/cdrb/hqsj_tjsj.shtml,2026-08-14T18:26:02+08:00
2026-03-20,daily,cached,0,d80aecee2b35673a0a1a1a8739b3a99df8bcab138cf239da0b16d0a9caf3b714,52,10,http://www.gfex.com.cn/u/interfacesWebTiDayQuotes/loadList,https://www.gfex.com.cn/gfex/rihq/hqsj_tjsj.shtml,2026-08-14T18:26:02+08:00
2026-03-20,warehouse,cached,0,6c63ce160e17ca3129dd3d0268cd9afa25684c436a31b9a2ccdd01145ed72115,70,1,http://www.gfex.com.cn/u/interfacesWebTdWbillWeeklyQuotes/loadList,https://www.gfex.com.cn/gfex/cdrb/hqsj_tjsj.shtml,2026-08-14T18:26:02+08:00
2026-03-23,daily,cached,0,67d13760baa4ffd47c2e89acee0697f7e756ccc303ef62de4166c988f716c4a3,52,12,http://www.gfex.com.cn/u/interfacesWebTiDayQuotes/loadList,https://www.gfex.com.cn/gfex/rihq/hqsj_tjsj.shtml,2026-08-14T18:26:02+08:00
2026-03-23,warehouse,cached,0,bb2be484862672745859e8181a668b3d39bbbaffdebe5ffe810d360677e61a64,70,1,http://www.gfex.com.cn/u/interfacesWebTdWbillWeeklyQuotes/loadList,https://www.gfex.com.cn/gfex/cdrb/hqsj_tjsj.shtml,2026-08-14T18:26:02+08:00
2026-03-24,daily,cached,0,e6e1f21c6ea53d463e102d4bf537e616d3f4249d181547168c532722343e7a60,52,12,http://www.gfex.com.cn/u/interfacesWebTiDayQuotes/loadList,https://www.gfex.com.cn/gfex/rihq/hqsj_tjsj.shtml,2026-08-14T18:26:02+08:00
2026-03-24,warehouse,cached,0,a0d4e361a0e88b674ff2ee153aa1263c534e936790541e024f6a8de7d721a8a2,70,1,http://www.gfex.com.cn/u/interfacesWebTdWbillWeeklyQuotes/loadList,https://www.gfex.com.cn/gfex/cdrb/hqsj_tjsj.shtml,2026-08-14T18:26:02+08:00
2026-03-25,daily,cached,0,7a7d05835d6e0e62ad0b77a4ce538582081513f86e499b86eae8b48e405071db,52,10,http://www.gfex.com.cn/u/interfacesWebTiDayQuotes/loadList,https://www.gfex.com.cn/gfex/rihq/hqsj_tjsj.shtml,2026-08-14T18:26:02+08:00
2026-03-25,warehouse,cached,0,1ae5833453fd3457a0f55507601426d74ae0fd1a3348a2c0b0e688e6eeba99cc,70,1,http://www.gfex.com.cn/u/interfacesWebTdWbillWeeklyQuotes/loadList,https://www.gfex.com.cn/gfex/cdrb/hqsj_tjsj.shtml,2026-08-14T18:26:02+08:00
2026-03-26,daily,cached,0,cda705bbaca447651368b3ee03ab30c751706f007998bf0157e4c94e45aa9ac8,52,11,http://www.gfex.com.cn/u/interfacesWebTiDayQuotes/loadList,https://www.gfex.com.cn/gfex/rihq/hqsj_tjsj.shtml,2026-08-14T18:26:02+08:00
2026-03-26,warehouse,cached,0,933c0e750b7f614973622e305dd0d9afeff92ffc00b6dbae7b46268450db7982,70,1,http://www.gfex.com.cn/u/interfacesWebTdWbillWeeklyQuotes/loadList,https://www.gfex.com.cn/gfex/cdrb/hqsj_tjsj.shtml,2026-08-14T18:26:02+08:00
2026-03-27,daily,cached,0,de3beb98882f5effbfa108777ca4e324d378dc8182d0a8cd334808df4660b699,52,12,http://www.gfex.com.cn/u/interfacesWebTiDayQuotes/loadList,https://www.gfex.com.cn/gfex/rihq/hqsj_tjsj.shtml,2026-08-14T18:26:02+08:00
2026-03-27,warehouse,cached,0,46086586c19cd6490634faffe90ac5626d2b164d0ee01ef332d2e1182b54bd1e,69,1,http://www.gfex.com.cn/u/interfacesWebTdWbillWeeklyQuotes/loadList,https://www.gfex.com.cn/gfex/cdrb/hqsj_tjsj.shtml,2026-08-14T18:26:02+08:00
2026-03-30,daily,cached,0,0d4d223860f14384b53f934f4ebcc637203cbbf1b8ac8ac22b3c16cd6624b816,52,11,http://www.gfex.com.cn/u/interfacesWebTiDayQuotes/loadList,https://www.gfex.com.cn/gfex/rihq/hqsj_tjsj.shtml,2026-08-14T18:26:02+08:00
2026-03-30,warehouse,cached,0,1d93eb02e80b0d9852a9fe8bd941d66c99b82007fb4b130b983c7abefbb53e22,69,1,http://www.gfex.com.cn/u/interfacesWebTdWbillWeeklyQuotes/loadList,https://www.gfex.com.cn/gfex/cdrb/hqsj_tjsj.shtml,2026-08-14T18:26:02+08:00
2026-03-31,daily,cached,0,7479c7ab92e62bb4e631322d27541a8b349f598a0aaee1f843835afb4e4f6070,52,12,http://www.gfex.com.cn/u/interfacesWebTiDayQuotes/loadList,https://www.gfex.com.cn/gfex/rihq/hqsj_tjsj.shtml,2026-08-14T18:26:02+08:00
2026-03-31,warehouse,cached,0,6c8985bcdc09dadfc43a5cdd1e3e6491ead47b6d71df18f6a64d4fbdcabdf023,69,1,http://www.gfex.com.cn/u/interfacesWebTdWbillWeeklyQuotes/loadList,https://www.gfex.com.cn/gfex/cdrb/hqsj_tjsj.shtml,2026-08-14T18:26:02+08:00
2026-04-01,daily,cached,0,2718e74ef840c67e8edb77dbbd78aab6cd1e28650100f352be498e1759852de8,52,11,http://www.gfex.com.cn/u/interfacesWebTiDayQuotes/loadList,https://www.gfex.com.cn/gfex/rihq/hqsj_tjsj.shtml,2026-08-14T18:26:02+08:00
2026-04-01,warehouse,cached,0,ec4ee32181453bd78f0d704bad208ab2fba996a2b299c698cce76a16b4f3d32f,61,1,http://www.gfex.com.cn/u/interfacesWebTdWbillWeeklyQuotes/loadList,https://www.gfex.com.cn/gfex/cdrb/hqsj_tjsj.shtml,2026-08-14T18:26:02+08:00
2026-04-02,daily,cached,0,3cf4eeb701f7ae6f914263a48770019c498cc54aa003113b0014fc5e5467c3c0,52,11,http://www.gfex.com.cn/u/interfacesWebTiDayQuotes/loadList,https://www.gfex.com.cn/gfex/rihq/hqsj_tjsj.shtml,2026-08-14T18:26:02+08:00
2026-04-02,warehouse,cached,0,6f812cebe5d5eb2cdd8c84e37e6b681c94c130e54ba6f5055dee5031f75b8237,65,1,http://www.gfex.com.cn/u/interfacesWebTdWbillWeeklyQuotes/loadList,https://www.gfex.com.cn/gfex/cdrb/hqsj_tjsj.shtml,2026-08-14T18:26:02+08:00
2026-04-03,daily,cached,0,db2d5a2c0f6bd9532a8ec64f3ea2ee77fe5bc2c37d27e458de4c6f4110fb7bf6,52,10,http://www.gfex.com.cn/u/interfacesWebTiDayQuotes/loadList,https://www.gfex.com.cn/gfex/rihq/hqsj_tjsj.shtml,2026-08-14T18:26:02+08:00
2026-04-03,warehouse,cached,0,9239367d094e0fef43dc50ba9d4f6027d966648d462e9fe195682d780c0fca42,67,1,http://www.gfex.com.cn/u/interfacesWebTdWbillWeeklyQuotes/loadList,https://www.gfex.com.cn/gfex/cdrb/hqsj_tjsj.shtml,2026-08-14T18:26:02+08:00
2026-04-06,daily,cached,0,ff167cb616dc6d7b82c173789cc9d191cb42e7b441c22fbf6ba54f91cdc1b72b,1,0,http://www.gfex.com.cn/u/interfacesWebTiDayQuotes/loadList,https://www.gfex.com.cn/gfex/rihq/hqsj_tjsj.shtml,2026-08-14T18:26:02+08:00
2026-04-06,warehouse,cached,0,47a2744b937a44fb06ab00a7e37f4f193de1b259322e8ad572c2f7329596ead9,1,0,http://www.gfex.com.cn/u/interfacesWebTdWbillWeeklyQuotes/loadList,https://www.gfex.com.cn/gfex/cdrb/hqsj_tjsj.shtml,2026-08-14T18:26:02+08:00
2026-04-07,daily,cached,0,b441d553fbf19f336fab663a783d8b95a0281a52f8d56ba6150a7d480dbe97e4,52,10,http://www.gfex.com.cn/u/interfacesWebTiDayQuotes/loadList,https://www.gfex.com.cn/gfex/rihq/hqsj_tjsj.shtml,2026-08-14T18:26:02+08:00
2026-04-07,warehouse,cached,0,8a4883a311dec4a34473d438a1afe47414b1df2ec8ad6bc8553ba666ecb48f1f,67,1,http://www.gfex.com.cn/u/interfacesWebTdWbillWeeklyQuotes/loadList,https://www.gfex.com.cn/gfex/cdrb/hqsj_tjsj.shtml,2026-08-14T18:26:02+08:00
2026-04-08,daily,cached,0,542c26f7399971339d2a68320c4eae0306b529caaeb250aa27838f5f25afe7fa,52,12,http://www.gfex.com.cn/u/interfacesWebTiDayQuotes/loadList,https://www.gfex.com.cn/gfex/rihq/hqsj_tjsj.shtml,2026-08-14T18:26:02+08:00
2026-04-08,warehouse,cached,0,c043075959c3e6a5ce0a0210e1feeeb9bbf6d86be017d053a0352b2811cc2499,68,1,http://www.gfex.com.cn/u/interfacesWebTdWbillWeeklyQuotes/loadList,https://www.gfex.com.cn/gfex/cdrb/hqsj_tjsj.shtml,2026-08-14T18:26:02+08:00
2026-04-09,daily,cached,0,c76b0ee62d571005a1d151fa8b320fce9fb522541fae76d0487f9da55bbc387b,52,11,http://www.gfex.com.cn/u/interfacesWebTiDayQuotes/loadList,https://www.gfex.com.cn/gfex/rihq/hqsj_tjsj.shtml,2026-08-14T18:26:02+08:00
2026-04-09,warehouse,cached,0,c2a7ef5846db6a67aed8794d754829da48e7c64958fb7cf551bf89c86dd56556,68,1,http://www.gfex.com.cn/u/interfacesWebTdWbillWeeklyQuotes/loadList,https://www.gfex.com.cn/gfex/cdrb/hqsj_tjsj.shtml,2026-08-14T18:26:02+08:00
2026-04-10,daily,cached,0,72366ceb84ee9a020638c68e67f79826a64714ecf34c5a5e65f085b7ca69afd3,52,12,http://www.gfex.com.cn/u/interfacesWebTiDayQuotes/loadList,https://www.gfex.com.cn/gfex/rihq/hqsj_tjsj.shtml,2026-08-14T18:26:02+08:00
2026-04-10,warehouse,cached,0,6678f16fd58004696d05a54cce3989d04161622cf6d4675624a23a19b4131c9c,68,1,http://www.gfex.com.cn/u/interfacesWebTdWbillWeeklyQuotes/loadList,https://www.gfex.com.cn/gfex/cdrb/hqsj_tjsj.shtml,2026-08-14T18:26:02+08:00
2026-04-13,daily,cached,0,e16201bbe751bab38ad17a90b211ccf2cc00403d378715406b7b139b799e7e88,52,10,http://www.gfex.com.cn/u/interfacesWebTiDayQuotes/loadList,https://www.gfex.com.cn/gfex/rihq/hqsj_tjsj.shtml,2026-08-14T18:26:02+08:00
2026-04-13,warehouse,cached,0,b90a6807b26d298291cc1a0c7d9d5eca9eced49ff7e4ac04f1ef02fce3020b37,68,1,http://www.gfex.com.cn/u/interfacesWebTdWbillWeeklyQuotes/loadList,https://www.gfex.com.cn/gfex/cdrb/hqsj_tjsj.shtml,2026-08-14T18:26:02+08:00
2026-04-14,daily,cached,0,d1ff4168bb79b0894ab79cdef4d2f1aed6063574d0257875b5bb7074b0b0c05e,52,10,http://www.gfex.com.cn/u/interfacesWebTiDayQuotes/loadList,https://www.gfex.com.cn/gfex/rihq/hqsj_tjsj.shtml,2026-08-14T18:26:02+08:00
2026-04-14,warehouse,cached,0,1705a2bad9569ed4c4b03781a3c6dcf920158d0e4f13f34abf419f56c5ec1b22,68,1,http://www.gfex.com.cn/u/interfacesWebTdWbillWeeklyQuotes/loadList,https://www.gfex.com.cn/gfex/cdrb/hqsj_tjsj.shtml,2026-08-14T18:26:02+08:00
2026-04-15,daily,cached,0,991aeba15e60e182de3d460e95a43af8583032b5d2cd78e78c277d6c4ed6f557,52,10,http://www.gfex.com.cn/u/interfacesWebTiDayQuotes/loadList,https://www.gfex.com.cn/gfex/rihq/hqsj_tjsj.shtml,2026-08-14T18:26:02+08:00
2026-04-15,warehouse,cached,0,2052787bba68809e2be38806a94347b482e9b1253e7d41a119d7aba044abed8f,68,1,http://www.gfex.com.cn/u/interfacesWebTdWbillWeeklyQuotes/loadList,https://www.gfex.com.cn/gfex/cdrb/hqsj_tjsj.shtml,2026-08-14T18:26:02+08:00
2026-04-16,daily,cached,0,59d81ba319ce08976b4f35ea436ccf7f79734719718a1e691244bb531e70baaa,54,11,http://www.gfex.com.cn/u/interfacesWebTiDayQuotes/loadList,https://www.gfex.com.cn/gfex/rihq/hqsj_tjsj.shtml,2026-08-14T18:26:02+08:00
2026-04-16,warehouse,cached,0,62a02ae6ff115745d9a16f774b769a118dca402fc368d349c04b29392ab655aa,68,1,http://www.gfex.com.cn/u/interfacesWebTdWbillWeeklyQuotes/loadList,https://www.gfex.com.cn/gfex/cdrb/hqsj_tjsj.shtml,2026-08-14T18:26:02+08:00
2026-04-17,daily,cached,0,54917da2fd7c1fcebbe791040d0497d5a1cb5f6f41b6f8d82ffab7b138682387,54,11,http://www.gfex.com.cn/u/interfacesWebTiDayQuotes/loadList,https://www.gfex.com.cn/gfex/rihq/hqsj_tjsj.shtml,2026-08-14T18:26:02+08:00
2026-04-17,warehouse,cached,0,c7217fb691c60ba575ff77823c0a322d86f2e60efccf29637e4e3991fc3603d8,67,1,http://www.gfex.com.cn/u/interfacesWebTdWbillWeeklyQuotes/loadList,https://www.gfex.com.cn/gfex/cdrb/hqsj_tjsj.shtml,2026-08-14T18:26:02+08:00
2026-04-20,daily,cached,0,03f249ef932744ca80d87664fe0f536eae015067cb2c2b1c7de4ced24a9b73e7,54,12,http://www.gfex.com.cn/u/interfacesWebTiDayQuotes/loadList,https://www.gfex.com.cn/gfex/rihq/hqsj_tjsj.shtml,2026-08-14T18:26:02+08:00
2026-04-20,warehouse,cached,0,aca507fc80386dbb66a5c689ebd04836d2d18b60e09025b1c24a7f3795f24cf9,68,1,http://www.gfex.com.cn/u/interfacesWebTdWbillWeeklyQuotes/loadList,https://www.gfex.com.cn/gfex/cdrb/hqsj_tjsj.shtml,2026-08-14T18:26:02+08:00
2026-04-21,daily,cached,0,9d3d234a46c6abe6a658a547c91117b07a94c565ef696f7becd4bcc384f34635,54,10,http://www.gfex.com.cn/u/interfacesWebTiDayQuotes/loadList,https://www.gfex.com.cn/gfex/rihq/hqsj_tjsj.shtml,2026-08-14T18:26:02+08:00
2026-04-21,warehouse,cached,0,9e204804099fb59be9f2f42e545575837eb87a977ff6d3aa60191dc6f8df07d2,68,1,http://www.gfex.com.cn/u/interfacesWebTdWbillWeeklyQuotes/loadList,https://www.gfex.com.cn/gfex/cdrb/hqsj_tjsj.shtml,2026-08-14T18:26:02+08:00
2026-04-22,daily,cached,0,8af2112aaaa6a2a4e7fe2d992824e9c0ff859509821f1659ba158f6602cf3125,54,11,http://www.gfex.com.cn/u/interfacesWebTiDayQuotes/loadList,https://www.gfex.com.cn/gfex/rihq/hqsj_tjsj.shtml,2026-08-14T18:26:02+08:00
2026-04-22,warehouse,cached,0,1b36f5fdaa261c265ea63eb6d984e22a8814c3cf1df03b2b03eb0fc8e5a162ea,68,1,http://www.gfex.com.cn/u/interfacesWebTdWbillWeeklyQuotes/loadList,https://www.gfex.com.cn/gfex/cdrb/hqsj_tjsj.shtml,2026-08-14T18:26:02+08:00
2026-04-23,daily,cached,0,d384d4bc23ce6db44473d6c4af64d3512097388fa8f0b2d433117984a690852a,54,12,http://www.gfex.com.cn/u/interfacesWebTiDayQuotes/loadList,https://www.gfex.com.cn/gfex/rihq/hqsj_tjsj.shtml,2026-08-14T18:26:02+08:00
2026-04-23,warehouse,cached,0,f480fd4e9fea731b2f46067fddaafeea442b2de3171cf2fd603848d0b30a4279,68,1,http://www.gfex.com.cn/u/interfacesWebTdWbillWeeklyQuotes/loadList,https://www.gfex.com.cn/gfex/cdrb/hqsj_tjsj.shtml,2026-08-14T18:26:02+08:00
2026-04-24,daily,cached,0,c055879556c85719cd1d92acdded8153a28ed61e7083a415f509376482f76e65,54,12,http://www.gfex.com.cn/u/interfacesWebTiDayQuotes/loadList,https://www.gfex.com.cn/gfex/rihq/hqsj_tjsj.shtml,2026-08-14T18:26:02+08:00
2026-04-24,warehouse,cached,0,4aaae5f34e35c23ce731438b34dd495e29e4eaf5b164ecac89e3c71dece9a68a,68,1,http://www.gfex.com.cn/u/interfacesWebTdWbillWeeklyQuotes/loadList,https://www.gfex.com.cn/gfex/cdrb/hqsj_tjsj.shtml,2026-08-14T18:26:02+08:00
2026-04-27,daily,cached,0,1c6b5ea0560c83f4cf53dff28abd6a4b47dc5e94a66172471c5969720e276343,54,12,http://www.gfex.com.cn/u/interfacesWebTiDayQuotes/loadList,https://www.gfex.com.cn/gfex/rihq/hqsj_tjsj.shtml,2026-08-14T18:26:02+08:00
2026-04-27,warehouse,cached,0,b0dd8f5adaf6cf4b70f728cf47daeaf675badb41336f785baa2b0f8acba1b5ee,68,1,http://www.gfex.com.cn/u/interfacesWebTdWbillWeeklyQuotes/loadList,https://www.gfex.com.cn/gfex/cdrb/hqsj_tjsj.shtml,2026-08-14T18:26:02+08:00
2026-04-28,daily,cached,0,942f0b69a2ce778697a04926b24cdeaf202c30432748cad31c9b81c30371b0ad,54,12,http://www.gfex.com.cn/u/interfacesWebTiDayQuotes/loadList,https://www.gfex.com.cn/gfex/rihq/hqsj_tjsj.shtml,2026-08-14T18:26:02+08:00
2026-04-28,warehouse,cached,0,c39729c3e62183a34edc03bdb2155f05eb4473d5d0f72fd09a0b009fa577f547,68,1,http://www.gfex.com.cn/u/interfacesWebTdWbillWeeklyQuotes/loadList,https://www.gfex.com.cn/gfex/cdrb/hqsj_tjsj.shtml,2026-08-14T18:26:02+08:00
2026-04-29,daily,cached,0,ac69a7116c7db026035d747aa4822e446c177e4743306073a55bac13369c098a,54,12,http://www.gfex.com.cn/u/interfacesWebTiDayQuotes/loadList,https://www.gfex.com.cn/gfex/rihq/hqsj_tjsj.shtml,2026-08-14T18:26:02+08:00
2026-04-29,warehouse,cached,0,ac353a1ef7d20a978359f5f7096e564c5af2f7cbe1c578923b3a0ed38b8c0cb0,68,1,http://www.gfex.com.cn/u/interfacesWebTdWbillWeeklyQuotes/loadList,https://www.gfex.com.cn/gfex/cdrb/hqsj_tjsj.shtml,2026-08-14T18:26:02+08:00
2026-04-30,daily,cached,0,c9b6acd560dbe42b97fc1893f1a7131f530372a0a34e892eacfb6aa39f01622f,54,12,http://www.gfex.com.cn/u/interfacesWebTiDayQuotes/loadList,https://www.gfex.com.cn/gfex/rihq/hqsj_tjsj.shtml,2026-08-14T18:26:02+08:00
2026-04-30,warehouse,cached,0,5ed0b3497187080762f421fc5f90a9ad92dfce917546a03593550592583abf43,68,1,http://www.gfex.com.cn/u/interfacesWebTdWbillWeeklyQuotes/loadList,https://www.gfex.com.cn/gfex/cdrb/hqsj_tjsj.shtml,2026-08-14T18:26:02+08:00
2026-05-01,daily,cached,0,d69c310d8c4f44e133d48fab0395cc335744532fc067a69b29ef3d604e8820c0,1,0,http://www.gfex.com.cn/u/interfacesWebTiDayQuotes/loadList,https://www.gfex.com.cn/gfex/rihq/hqsj_tjsj.shtml,2026-08-14T18:26:02+08:00
2026-05-01,warehouse,cached,0,1fcfe0628efc08fca6b3abac004a15d74d7a5e5a4e04f4e509dca84aeb074110,1,0,http://www.gfex.com.cn/u/interfacesWebTdWbillWeeklyQuotes/loadList,https://www.gfex.com.cn/gfex/cdrb/hqsj_tjsj.shtml,2026-08-14T18:26:02+08:00
2026-05-04,daily,cached,0,09a2c1dadc77eb5bd77b85e7e6f621e9aff162e2120d6ee6aeee6ce7e7ca5310,1,0,http://www.gfex.com.cn/u/interfacesWebTiDayQuotes/loadList,https://www.gfex.com.cn/gfex/rihq/hqsj_tjsj.shtml,2026-08-14T18:26:02+08:00
2026-05-04,warehouse,cached,0,70197c780d8d9b1087d90b27f63649d26dff933105ba708638fec5db7999c8b7,1,0,http://www.gfex.com.cn/u/interfacesWebTdWbillWeeklyQuotes/loadList,https://www.gfex.com.cn/gfex/cdrb/hqsj_tjsj.shtml,2026-08-14T18:26:02+08:00
2026-05-05,daily,cached,0,5e871c6d96065aaf91ec3be739b94af06e999c6e0efa39630a5a47c4c3099471,1,0,http://www.gfex.com.cn/u/interfacesWebTiDayQuotes/loadList,https://www.gfex.com.cn/gfex/rihq/hqsj_tjsj.shtml,2026-08-14T18:26:02+08:00
2026-05-05,warehouse,cached,0,014b445bab1470dad6e0387f9dd60f1468eb5497c1cb9e3017d2a6feb7107cd1,1,0,http://www.gfex.com.cn/u/interfacesWebTdWbillWeeklyQuotes/loadList,https://www.gfex.com.cn/gfex/cdrb/hqsj_tjsj.shtml,2026-08-14T18:26:02+08:00
2026-05-06,daily,cached,0,d88053aced1e9118af016fd8dd525dcb1c505be1243d69a7712389c1b0d1eff0,54,11,http://www.gfex.com.cn/u/interfacesWebTiDayQuotes/loadList,https://www.gfex.com.cn/gfex/rihq/hqsj_tjsj.shtml,2026-08-14T18:26:02+08:00
2026-05-06,warehouse,cached,0,175abc52939f996165d07238326841d3133e0c51b8a73289929b6f73eb3332a0,72,1,http://www.gfex.com.cn/u/interfacesWebTdWbillWeeklyQuotes/loadList,https://www.gfex.com.cn/gfex/cdrb/hqsj_tjsj.shtml,2026-08-14T18:26:02+08:00
2026-05-07,daily,cached,0,2472fd925a76f6bb27f5ce71298e911943a267efd3da910012465029c66e5b36,54,10,http://www.gfex.com.cn/u/interfacesWebTiDayQuotes/loadList,https://www.gfex.com.cn/gfex/rihq/hqsj_tjsj.shtml,2026-08-14T18:26:02+08:00
2026-05-07,warehouse,cached,0,93fb72f65c186e3ffc10cd030c6e445315615774797f11065c1f93be5a53277e,77,1,http://www.gfex.com.cn/u/interfacesWebTdWbillWeeklyQuotes/loadList,https://www.gfex.com.cn/gfex/cdrb/hqsj_tjsj.shtml,2026-08-14T18:26:02+08:00
2026-05-08,daily,cached,0,d2559ab9918f76e707120a5ec48d1414045b616d56a13864ea803ff3d4b25a93,54,11,http://www.gfex.com.cn/u/interfacesWebTiDayQuotes/loadList,https://www.gfex.com.cn/gfex/rihq/hqsj_tjsj.shtml,2026-08-14T18:26:02+08:00
2026-05-08,warehouse,cached,0,f053f44f406b22ed9ea46d180ab5d7a44c09fce80170234107f89108dd88bd67,81,1,http://www.gfex.com.cn/u/interfacesWebTdWbillWeeklyQuotes/loadList,https://www.gfex.com.cn/gfex/cdrb/hqsj_tjsj.shtml,2026-08-14T18:26:02+08:00
2026-05-11,daily,cached,0,b6cd3e68503c1e175f12feec7841a20c580bec7c7e68cf9a89f3236d498fda10,54,12,http://www.gfex.com.cn/u/interfacesWebTiDayQuotes/loadList,https://www.gfex.com.cn/gfex/rihq/hqsj_tjsj.shtml,2026-08-14T18:26:02+08:00
2026-05-11,warehouse,cached,0,e570451f3a0a6e105a6cb08ddad9f50beabb9f57109925282314c1216892e751,83,1,http://www.gfex.com.cn/u/interfacesWebTdWbillWeeklyQuotes/loadList,https://www.gfex.com.cn/gfex/cdrb/hqsj_tjsj.shtml,2026-08-14T18:26:02+08:00
2026-05-12,daily,cached,0,04a5f94d8464cfe73ebbf24ba3b7e61268bbc8a5a9b09414848c15c61947e25a,54,12,http://www.gfex.com.cn/u/interfacesWebTiDayQuotes/loadList,https://www.gfex.com.cn/gfex/rihq/hqsj_tjsj.shtml,2026-08-14T18:26:02+08:00
2026-05-12,warehouse,cached,0,4922d9114359b162aaf4b0fcac18cd739545aa55052f6b960c3660fad9138cd2,86,1,http://www.gfex.com.cn/u/interfacesWebTdWbillWeeklyQuotes/loadList,https://www.gfex.com.cn/gfex/cdrb/hqsj_tjsj.shtml,2026-08-14T18:26:02+08:00
2026-05-13,daily,cached,0,66e2b6dbd87867b7a0b8d742239611a50ecb13108090d521c8556cb0b4f033ef,54,12,http://www.gfex.com.cn/u/interfacesWebTiDayQuotes/loadList,https://www.gfex.com.cn/gfex/rihq/hqsj_tjsj.shtml,2026-08-14T18:26:02+08:00
2026-05-13,warehouse,cached,0,805612dfc1714a2efe520bda0852213f5b7e80c5e74ca3f21c7ac3d0e6309d5f,90,1,http://www.gfex.com.cn/u/interfacesWebTdWbillWeeklyQuotes/loadList,https://www.gfex.com.cn/gfex/cdrb/hqsj_tjsj.shtml,2026-08-14T18:26:02+08:00
2026-05-14,daily,cached,0,9f152ce91bc4a4fbbf764967c91b61888440bdba81ee4d6923d77129d6f2d45c,54,12,http://www.gfex.com.cn/u/interfacesWebTiDayQuotes/loadList,https://www.gfex.com.cn/gfex/rihq/hqsj_tjsj.shtml,2026-08-14T18:26:02+08:00
2026-05-14,warehouse,cached,0,030ef51e87b2fbe9d54e7613ee8105382eed7f99d499efac5479dbab19d4b251,90,1,http://www.gfex.com.cn/u/interfacesWebTdWbillWeeklyQuotes/loadList,https://www.gfex.com.cn/gfex/cdrb/hqsj_tjsj.shtml,2026-08-14T18:26:02+08:00
2026-05-15,daily,cached,0,60f2b50857e5e26c5ee36480a6934d02c11dc0cde3dcc0a20af9f91729717717,54,12,http://www.gfex.com.cn/u/interfacesWebTiDayQuotes/loadList,https://www.gfex.com.cn/gfex/rihq/hqsj_tjsj.shtml,2026-08-14T18:26:02+08:00
2026-05-15,warehouse,cached,0,b26b52657da30bc1db0c921c0c43497205fb7c1871fef400390b94b6210ff4be,91,1,http://www.gfex.com.cn/u/interfacesWebTdWbillWeeklyQuotes/loadList,https://www.gfex.com.cn/gfex/cdrb/hqsj_tjsj.shtml,2026-08-14T18:26:02+08:00
2026-05-18,daily,cached,0,96a324e4a616bd2694a605b7bad56806bb1cf5232974c5ae20b00cdb443c2684,54,12,http://www.gfex.com.cn/u/interfacesWebTiDayQuotes/loadList,https://www.gfex.com.cn/gfex/rihq/hqsj_tjsj.shtml,2026-08-14T18:26:02+08:00
2026-05-18,warehouse,cached,0,5a43b75dba6d460f779c3ebee6b4e0e74301a1085bbf786953735db6b12bbab7,92,1,http://www.gfex.com.cn/u/interfacesWebTdWbillWeeklyQuotes/loadList,https://www.gfex.com.cn/gfex/cdrb/hqsj_tjsj.shtml,2026-08-14T18:26:02+08:00
2026-05-19,daily,cached,0,8e28ccc23c807f86b7c32c01e9859622bf21cbc41de87ed99be909ad3ee589fe,54,12,http://www.gfex.com.cn/u/interfacesWebTiDayQuotes/loadList,https://www.gfex.com.cn/gfex/rihq/hqsj_tjsj.shtml,2026-08-14T18:26:02+08:00
2026-05-19,warehouse,cached,0,24167ed8f766fd780de35b1af3105a6b106867a5c64d02775d9cda600ec9e853,92,1,http://www.gfex.com.cn/u/interfacesWebTdWbillWeeklyQuotes/loadList,https://www.gfex.com.cn/gfex/cdrb/hqsj_tjsj.shtml,2026-08-14T18:26:02+08:00
2026-05-20,daily,cached,0,ec7413f50f6fadcae283e8607d4b3852ef043ca16c5a0d1ba86f2f0dd2d63c34,54,12,http://www.gfex.com.cn/u/interfacesWebTiDayQuotes/loadList,https://www.gfex.com.cn/gfex/rihq/hqsj_tjsj.shtml,2026-08-14T18:26:02+08:00
2026-05-20,warehouse,cached,0,cf5820224e22f8c4e7e895795bea44df5927ccb9e2b5cb0a45274dda3ba72d0b,92,1,http://www.gfex.com.cn/u/interfacesWebTdWbillWeeklyQuotes/loadList,https://www.gfex.com.cn/gfex/cdrb/hqsj_tjsj.shtml,2026-08-14T18:26:02+08:00
2026-05-21,daily,cached,0,f40d21e0ee6ee518de313ef2e0fe1b7c50077fa80b81fa6dc86566c34a6945d9,54,11,http://www.gfex.com.cn/u/interfacesWebTiDayQuotes/loadList,https://www.gfex.com.cn/gfex/rihq/hqsj_tjsj.shtml,2026-08-14T18:26:02+08:00
2026-05-21,warehouse,cached,0,2cde15573ec4ddb3832995bb9bfcf21550e05cb802ad14906463135c2d19edb2,92,1,http://www.gfex.com.cn/u/interfacesWebTdWbillWeeklyQuotes/loadList,https://www.gfex.com.cn/gfex/cdrb/hqsj_tjsj.shtml,2026-08-14T18:26:02+08:00
2026-05-22,daily,cached,0,33be7a750360b02423f43972b64c27e18df33e7702bfed613393cb413d6c7731,54,12,http://www.gfex.com.cn/u/interfacesWebTiDayQuotes/loadList,https://www.gfex.com.cn/gfex/rihq/hqsj_tjsj.shtml,2026-08-14T18:26:02+08:00
2026-05-22,warehouse,cached,0,59504bd47a5bf966ddbe5886ceedcedc7f018b9f3cae67ddba6057d239dd943c,93,1,http://www.gfex.com.cn/u/interfacesWebTdWbillWeeklyQuotes/loadList,https://www.gfex.com.cn/gfex/cdrb/hqsj_tjsj.shtml,2026-08-14T18:26:02+08:00
2026-05-25,daily,cached,0,2e8674dd658428b041f1d766bda0c17d552924423d2ad554ddf3a7916b36103a,54,12,http://www.gfex.com.cn/u/interfacesWebTiDayQuotes/loadList,https://www.gfex.com.cn/gfex/rihq/hqsj_tjsj.shtml,2026-08-14T18:26:02+08:00
2026-05-25,warehouse,cached,0,97c85323b4b04b9b30bcffacd3058d42c934bc984a7ee8df4f06262229c6f38e,94,1,http://www.gfex.com.cn/u/interfacesWebTdWbillWeeklyQuotes/loadList,https://www.gfex.com.cn/gfex/cdrb/hqsj_tjsj.shtml,2026-08-14T18:26:02+08:00
2026-05-26,daily,cached,0,6e6be5dda6392547722cc501acb2ee242a7fa7e0e7d32ee990132e21801a8b8f,54,11,http://www.gfex.com.cn/u/interfacesWebTiDayQuotes/loadList,https://www.gfex.com.cn/gfex/rihq/hqsj_tjsj.shtml,2026-08-14T18:26:02+08:00
2026-05-26,warehouse,cached,0,902a97637daa557eabb2f8b5a0578008e769efc88a480cadff8eef318f5bf1ad,97,1,http://www.gfex.com.cn/u/interfacesWebTdWbillWeeklyQuotes/loadList,https://www.gfex.com.cn/gfex/cdrb/hqsj_tjsj.shtml,2026-08-14T18:26:02+08:00
2026-05-27,daily,cached,0,c007495e452dc29bc475e2be3e751beb67f48b123dc626a45ff80e2028ba075f,54,12,http://www.gfex.com.cn/u/interfacesWebTiDayQuotes/loadList,https://www.gfex.com.cn/gfex/rihq/hqsj_tjsj.shtml,2026-08-14T18:26:02+08:00
2026-05-27,warehouse,cached,0,6f8837b01e29298f745b0c9a4d6bf925cbdb1b2975ee46323dc4c7354d571d9f,97,1,http://www.gfex.com.cn/u/interfacesWebTdWbillWeeklyQuotes/loadList,https://www.gfex.com.cn/gfex/cdrb/hqsj_tjsj.shtml,2026-08-14T18:26:02+08:00
2026-05-28,daily,cached,0,27d5bc091aa63e74c4601eb9bfc0eb3a69f1f117e91ead3ffed8ef3241894c8d,54,12,http://www.gfex.com.cn/u/interfacesWebTiDayQuotes/loadList,https://www.gfex.com.cn/gfex/rihq/hqsj_tjsj.shtml,2026-08-14T18:26:02+08:00
2026-05-28,warehouse,cached,0,e939bfd324a0f562b49d79c4b03b87be2026b8a26ad80f003e35ea044ea197c0,98,1,http://www.gfex.com.cn/u/interfacesWebTdWbillWeeklyQuotes/loadList,https://www.gfex.com.cn/gfex/cdrb/hqsj_tjsj.shtml,2026-08-14T18:26:02+08:00
2026-05-29,daily,cached,0,d5ccc2396370d4a10cda688a42d45a3c3190e9f92ef723363688120cb6dd9a1e,54,12,http://www.gfex.com.cn/u/interfacesWebTiDayQuotes/loadList,https://www.gfex.com.cn/gfex/rihq/hqsj_tjsj.shtml,2026-08-14T18:26:02+08:00
2026-05-29,warehouse,cached,0,64818b7af03a2d34eef851ff884d7a3840130c9e6afbecf7f3e510b65a5abeb5,99,1,http://www.gfex.com.cn/u/interfacesWebTdWbillWeeklyQuotes/loadList,https://www.gfex.com.cn/gfex/cdrb/hqsj_tjsj.shtml,2026-08-14T18:26:02+08:00
2026-06-01,daily,cached,0,c548a604172bae4ba2e960fdef6e60875585e95b43d8b06fc510fc1d94ae2a11,54,12,http://www.gfex.com.cn/u/interfacesWebTiDayQuotes/loadList,https://www.gfex.com.cn/gfex/rihq/hqsj_tjsj.shtml,2026-08-14T18:26:02+08:00
2026-06-01,warehouse,cached,0,e92cb2865ccf836d887abc07e16aab092eb061384058f47b22ecc364db3179d1,88,1,http://www.gfex.com.cn/u/interfacesWebTdWbillWeeklyQuotes/loadList,https://www.gfex.com.cn/gfex/cdrb/hqsj_tjsj.shtml,2026-08-14T18:26:02+08:00
2026-06-02,daily,cached,0,5a1c0bb37d8ed0a57cb9328c2b7f70968bf618dc91c3282f52fd55682f3b98a7,54,12,http://www.gfex.com.cn/u/interfacesWebTiDayQuotes/loadList,https://www.gfex.com.cn/gfex/rihq/hqsj_tjsj.shtml,2026-08-14T18:26:02+08:00
2026-06-02,warehouse,cached,0,f7a75faa5b5c57e768f64c9dd97263e87f73b9d5f2f22de0c1f68beca64abad0,89,1,http://www.gfex.com.cn/u/interfacesWebTdWbillWeeklyQuotes/loadList,https://www.gfex.com.cn/gfex/cdrb/hqsj_tjsj.shtml,2026-08-14T18:26:02+08:00
2026-06-03,daily,cached,0,41fc425c792689ff3ecca3d667f7ab0a904a3519b42110a92ac58e60ca4f7019,54,11,http://www.gfex.com.cn/u/interfacesWebTiDayQuotes/loadList,https://www.gfex.com.cn/gfex/rihq/hqsj_tjsj.shtml,2026-08-14T18:26:02+08:00
2026-06-03,warehouse,cached,0,d3dfb3a9b92d0d517faf6cbe73d6b94f158d20d596ba5d7e997970f7ae3fa7b7,89,1,http://www.gfex.com.cn/u/interfacesWebTdWbillWeeklyQuotes/loadList,https://www.gfex.com.cn/gfex/cdrb/hqsj_tjsj.shtml,2026-08-14T18:26:02+08:00
2026-06-04,daily,cached,0,a100e41fb4856291e2ba204531bdf5c77ba2d39de8bb84424beb50bc0b2d9feb,54,12,http://www.gfex.com.cn/u/interfacesWebTiDayQuotes/loadList,https://www.gfex.com.cn/gfex/rihq/hqsj_tjsj.shtml,2026-08-14T18:26:02+08:00
2026-06-04,warehouse,cached,0,44ba7454fbd7878a24947cceb894d2121a74b960f8b20b9e4b6a7b893a80a6ce,90,1,http://www.gfex.com.cn/u/interfacesWebTdWbillWeeklyQuotes/loadList,https://www.gfex.com.cn/gfex/cdrb/hqsj_tjsj.shtml,2026-08-14T18:26:02+08:00
2026-06-05,daily,cached,0,7efd97b338981ebe402542e8c735b4d344d22c01872ac12dffccf4c371fc8f5b,54,12,http://www.gfex.com.cn/u/interfacesWebTiDayQuotes/loadList,https://www.gfex.com.cn/gfex/rihq/hqsj_tjsj.shtml,2026-08-14T18:26:02+08:00
2026-06-05,warehouse,cached,0,0054c251b22ff99cf80dd92b931033e3f72320b9ee2c9e9454eea1129d8d239c,90,1,http://www.gfex.com.cn/u/interfacesWebTdWbillWeeklyQuotes/loadList,https://www.gfex.com.cn/gfex/cdrb/hqsj_tjsj.shtml,2026-08-14T18:26:02+08:00
2026-06-08,daily,cached,0,b241086d501b5dee1415d6a643acd0f53923763fd0de0ea99dc5fab50d7dbdbb,54,12,http://www.gfex.com.cn/u/interfacesWebTiDayQuotes/loadList,https://www.gfex.com.cn/gfex/rihq/hqsj_tjsj.shtml,2026-08-14T18:26:02+08:00
2026-06-08,warehouse,cached,0,14944b220ae971b2aa85e362e7686ce4fb380b2a0b946b7bd454e3f3a66a66f9,92,1,http://www.gfex.com.cn/u/interfacesWebTdWbillWeeklyQuotes/loadList,https://www.gfex.com.cn/gfex/cdrb/hqsj_tjsj.shtml,2026-08-14T18:26:02+08:00
2026-06-09,daily,cached,0,ae95031ed1c9571bf80f2971a1ded6b6940dda35a236870701388afe422d25d4,54,11,http://www.gfex.com.cn/u/interfacesWebTiDayQuotes/loadList,https://www.gfex.com.cn/gfex/rihq/hqsj_tjsj.shtml,2026-08-14T18:26:02+08:00
2026-06-09,warehouse,cached,0,a2860271979d56d16c0f06e879387a67d22fbcea319d579b56d8322c4ab95536,92,1,http://www.gfex.com.cn/u/interfacesWebTdWbillWeeklyQuotes/loadList,https://www.gfex.com.cn/gfex/cdrb/hqsj_tjsj.shtml,2026-08-14T18:26:02+08:00
2026-06-10,daily,cached,0,be1fe23263724aec75df4ccd65c6aa548a7f308bd8d9d6c3c1d4cbdfbe81c3e9,54,12,http://www.gfex.com.cn/u/interfacesWebTiDayQuotes/loadList,https://www.gfex.com.cn/gfex/rihq/hqsj_tjsj.shtml,2026-08-14T18:26:02+08:00
2026-06-10,warehouse,cached,0,f15d6bb7dda2bd3838533a5f1f985611870dd9fd6f422f2dbf6aad4a4518e385,93,1,http://www.gfex.com.cn/u/interfacesWebTdWbillWeeklyQuotes/loadList,https://www.gfex.com.cn/gfex/cdrb/hqsj_tjsj.shtml,2026-08-14T18:26:02+08:00
2026-06-11,daily,cached,0,e8e18ad03e5bfa67420a00753027219521402701a797e1ab941057667a4c2f23,54,11,http://www.gfex.com.cn/u/interfacesWebTiDayQuotes/loadList,https://www.gfex.com.cn/gfex/rihq/hqsj_tjsj.shtml,2026-08-14T18:26:02+08:00
2026-06-11,warehouse,cached,0,f4b6fb7231f5f49366406321f226fd1979ff1aed58a923652aeef4f220dad426,96,1,http://www.gfex.com.cn/u/interfacesWebTdWbillWeeklyQuotes/loadList,https://www.gfex.com.cn/gfex/cdrb/hqsj_tjsj.shtml,2026-08-14T18:26:02+08:00
2026-06-12,daily,cached,0,0bcb1d5406d468e78c7d72243af72a4f0d6594bad7763273e469ef8aa9bd796c,54,11,http://www.gfex.com.cn/u/interfacesWebTiDayQuotes/loadList,https://www.gfex.com.cn/gfex/rihq/hqsj_tjsj.shtml,2026-08-14T18:26:02+08:00
2026-06-12,warehouse,cached,0,f623a9dfad115b7d991f3105bdd2647f68b85589a80e2bd23a93cbf4a35bd898,96,1,http://www.gfex.com.cn/u/interfacesWebTdWbillWeeklyQuotes/loadList,https://www.gfex.com.cn/gfex/cdrb/hqsj_tjsj.shtml,2026-08-14T18:26:02+08:00
2026-06-15,daily,cached,0,d1c4b1efbf8f98efa5a93690402a2bd04a148a6b4de8f68ecb63fc9ae64b38fe,54,9,http://www.gfex.com.cn/u/interfacesWebTiDayQuotes/loadList,https://www.gfex.com.cn/gfex/rihq/hqsj_tjsj.shtml,2026-08-14T18:26:02+08:00
2026-06-15,warehouse,cached,0,2614e33ccf168ce5c51d20c32bfd3bf7a116ea5fd3ca5ab7c2d2b19a413a605c,96,1,http://www.gfex.com.cn/u/interfacesWebTdWbillWeeklyQuotes/loadList,https://www.gfex.com.cn/gfex/cdrb/hqsj_tjsj.shtml,2026-08-14T18:26:02+08:00
2026-06-16,daily,cached,0,6d0acb7dad363a2de76cdca42599e5b7ce6f1629be18bd820cb8f20b5e1105cf,54,9,http://www.gfex.com.cn/u/interfacesWebTiDayQuotes/loadList,https://www.gfex.com.cn/gfex/rihq/hqsj_tjsj.shtml,2026-08-14T18:26:02+08:00
2026-06-16,warehouse,cached,0,968e5ec9a2f17dd357108dada575d851a4eff6dae53498fc4011256dc580d997,96,1,http://www.gfex.com.cn/u/interfacesWebTdWbillWeeklyQuotes/loadList,https://www.gfex.com.cn/gfex/cdrb/hqsj_tjsj.shtml,2026-08-14T18:26:02+08:00
2026-06-17,daily,cached,0,0ed22f073a67f00de4f782df250f0d1b75bc38975c3267c6f50b653167bcd63b,54,10,http://www.gfex.com.cn/u/interfacesWebTiDayQuotes/loadList,https://www.gfex.com.cn/gfex/rihq/hqsj_tjsj.shtml,2026-08-14T18:26:02+08:00
2026-06-17,warehouse,cached,0,455151b82d3ec1bc62f5ec892b3e259076a67858dfdbcb6aa8df3411345753c6,97,1,http://www.gfex.com.cn/u/interfacesWebTdWbillWeeklyQuotes/loadList,https://www.gfex.com.cn/gfex/cdrb/hqsj_tjsj.shtml,2026-08-14T18:26:02+08:00
2026-06-18,daily,cached,0,be8b8bcf2659743bea02fea7f383a07063b88e1de207db12946e670fe6617d29,54,12,http://www.gfex.com.cn/u/interfacesWebTiDayQuotes/loadList,https://www.gfex.com.cn/gfex/rihq/hqsj_tjsj.shtml,2026-08-14T18:26:02+08:00
2026-06-18,warehouse,cached,0,1f61301f43fa0d65859d291014ba7e50751017dc301fb5bae88157bb04764b4b,97,1,http://www.gfex.com.cn/u/interfacesWebTdWbillWeeklyQuotes/loadList,https://www.gfex.com.cn/gfex/cdrb/hqsj_tjsj.shtml,2026-08-14T18:26:02+08:00
2026-06-19,daily,cached,0,4df0b086cd50852ea93b6eb4d6e439640e781aa1a2d12dbfd5c9d4ae74d4d4fe,1,0,http://www.gfex.com.cn/u/interfacesWebTiDayQuotes/loadList,https://www.gfex.com.cn/gfex/rihq/hqsj_tjsj.shtml,2026-08-14T18:26:02+08:00
2026-06-19,warehouse,cached,0,38df4a80bb85761dedf0e26746ef54e4db4ee77fb3ad4ec12ccbd926e931d1ce,1,0,http://www.gfex.com.cn/u/interfacesWebTdWbillWeeklyQuotes/loadList,https://www.gfex.com.cn/gfex/cdrb/hqsj_tjsj.shtml,2026-08-14T18:26:02+08:00
2026-06-22,daily,cached,0,0e5364396479d65b623ff29d2e7cae6af7bf2bcd47b1754bda2c6067cf862acc,54,11,http://www.gfex.com.cn/u/interfacesWebTiDayQuotes/loadList,https://www.gfex.com.cn/gfex/rihq/hqsj_tjsj.shtml,2026-08-14T18:26:02+08:00
2026-06-22,warehouse,cached,0,3d4522f0ae36f8dabce4971c8a7b965a735ad00e59e106977fe36aaab153d283,97,1,http://www.gfex.com.cn/u/interfacesWebTdWbillWeeklyQuotes/loadList,https://www.gfex.com.cn/gfex/cdrb/hqsj_tjsj.shtml,2026-08-14T18:26:02+08:00
2026-06-23,daily,cached,0,14e495efba8dbe8d6a8eba4d7015c458c4c4b6935dd6e1e47fe02b2675e39aba,54,10,http://www.gfex.com.cn/u/interfacesWebTiDayQuotes/loadList,https://www.gfex.com.cn/gfex/rihq/hqsj_tjsj.shtml,2026-08-14T18:26:02+08:00
2026-06-23,warehouse,cached,0,ce60f13380ba3c2347104b1283eda9185d461df077bb2741743c8464768092ec,97,1,http://www.gfex.com.cn/u/interfacesWebTdWbillWeeklyQuotes/loadList,https://www.gfex.com.cn/gfex/cdrb/hqsj_tjsj.shtml,2026-08-14T18:26:02+08:00
2026-06-24,daily,cached,0,a9529622cf94fcf157bb02cd0cfd2b31c00915b7443c8625849d73fd4750f7b6,54,10,http://www.gfex.com.cn/u/interfacesWebTiDayQuotes/loadList,https://www.gfex.com.cn/gfex/rihq/hqsj_tjsj.shtml,2026-08-14T18:26:02+08:00
2026-06-24,warehouse,cached,0,1763441f25b97e3cba6d66bbfa19c848769bac4972e06243ccef68c45f8899aa,97,1,http://www.gfex.com.cn/u/interfacesWebTdWbillWeeklyQuotes/loadList,https://www.gfex.com.cn/gfex/cdrb/hqsj_tjsj.shtml,2026-08-14T18:26:02+08:00
2026-06-25,daily,cached,0,e16f7a7a585fbfd1849f6d00946d8b60106068eb67b7b7fae404c1148bbc0ebf,54,11,http://www.gfex.com.cn/u/interfacesWebTiDayQuotes/loadList,https://www.gfex.com.cn/gfex/rihq/hqsj_tjsj.shtml,2026-08-14T18:26:02+08:00
2026-06-25,warehouse,cached,0,0754b4b845dc726f26b20d8b94801d4223f85c11ea0a2d4442757245a0f53f7e,97,1,http://www.gfex.com.cn/u/interfacesWebTdWbillWeeklyQuotes/loadList,https://www.gfex.com.cn/gfex/cdrb/hqsj_tjsj.shtml,2026-08-14T18:26:02+08:00
2026-06-26,daily,cached,0,6979ccc0c622671e5b7751f8de9bd92fa3fcc0096a6c3b43fcfde31744640666,54,11,http://www.gfex.com.cn/u/interfacesWebTiDayQuotes/loadList,https://www.gfex.com.cn/gfex/rihq/hqsj_tjsj.shtml,2026-08-14T18:26:02+08:00
2026-06-26,warehouse,cached,0,9a59bd104a8a93498137b0f82cc399eefaf815783b116bdd358265d636b70d82,97,1,http://www.gfex.com.cn/u/interfacesWebTdWbillWeeklyQuotes/loadList,https://www.gfex.com.cn/gfex/cdrb/hqsj_tjsj.shtml,2026-08-14T18:26:02+08:00
2026-06-29,daily,cached,0,ee29fc89a93f927bd90c1126dbde59cb0bcd9c231105bb32b5431b4ebd2ca3d7,54,11,http://www.gfex.com.cn/u/interfacesWebTiDayQuotes/loadList,https://www.gfex.com.cn/gfex/rihq/hqsj_tjsj.shtml,2026-08-14T18:26:02+08:00
2026-06-29,warehouse,cached,0,49d4e114660a65ff30c52d57e72e767d1e05b83d9dc484f567f144a46b0592b4,97,1,http://www.gfex.com.cn/u/interfacesWebTdWbillWeeklyQuotes/loadList,https://www.gfex.com.cn/gfex/cdrb/hqsj_tjsj.shtml,2026-08-14T18:26:02+08:00
2026-06-30,daily,cached,0,6e105229df67947a041fb5b4e41bbc81eee5abec092a064ac421a4d9a97b14fe,54,11,http://www.gfex.com.cn/u/interfacesWebTiDayQuotes/loadList,https://www.gfex.com.cn/gfex/rihq/hqsj_tjsj.shtml,2026-08-14T18:26:02+08:00
2026-06-30,warehouse,cached,0,16eba372813e6c30382cc85bcea5d8b765cbdacad695d09ebd6792b9cc7f7409,97,1,http://www.gfex.com.cn/u/interfacesWebTdWbillWeeklyQuotes/loadList,https://www.gfex.com.cn/gfex/cdrb/hqsj_tjsj.shtml,2026-08-14T18:26:02+08:00
2026-07-01,daily,cached,0,1bfdc5e4df5754444e4417cf7b9f8261f1c59c4f108d2488730ab1497211c269,54,11,http://www.gfex.com.cn/u/interfacesWebTiDayQuotes/loadList,https://www.gfex.com.cn/gfex/rihq/hqsj_tjsj.shtml,2026-08-14T18:26:02+08:00
2026-07-01,warehouse,cached,0,68a460202eeeea674a2a280cc9b1069bd1308742fa1a968f3a95a3ff261fe10c,97,1,http://www.gfex.com.cn/u/interfacesWebTdWbillWeeklyQuotes/loadList,https://www.gfex.com.cn/gfex/cdrb/hqsj_tjsj.shtml,2026-08-14T18:26:02+08:00
2026-07-02,daily,cached,0,0d76c4f2a7fd47ecd21f06b9be323c6a001bc63e670269afd923f3ebc3fce869,54,10,http://www.gfex.com.cn/u/interfacesWebTiDayQuotes/loadList,https://www.gfex.com.cn/gfex/rihq/hqsj_tjsj.shtml,2026-08-14T18:26:02+08:00
2026-07-02,warehouse,cached,0,df89fb925d1678eb8f848948020ab502cb80901ddf69f13fbc25fd50c134e568,97,1,http://www.gfex.com.cn/u/interfacesWebTdWbillWeeklyQuotes/loadList,https://www.gfex.com.cn/gfex/cdrb/hqsj_tjsj.shtml,2026-08-14T18:26:02+08:00
2026-07-03,daily,cached,0,5b66429fa53092a10f88a18d55ab075b546750d2cf7fa3fd5ddffa48788c1807,54,10,http://www.gfex.com.cn/u/interfacesWebTiDayQuotes/loadList,https://www.gfex.com.cn/gfex/rihq/hqsj_tjsj.shtml,2026-08-14T18:26:02+08:00
2026-07-03,warehouse,cached,0,fabb02740d1249f6b50c0028c544b01a97e1e952cd940380d39c18487b472ec9,98,1,http://www.gfex.com.cn/u/interfacesWebTdWbillWeeklyQuotes/loadList,https://www.gfex.com.cn/gfex/cdrb/hqsj_tjsj.shtml,2026-08-14T18:26:02+08:00
2026-07-06,daily,cached,0,bd46bcc5e228cb6299b71cd25f04a40f57f3d3d290c73fd7e2443ee999846d1f,54,11,http://www.gfex.com.cn/u/interfacesWebTiDayQuotes/loadList,https://www.gfex.com.cn/gfex/rihq/hqsj_tjsj.shtml,2026-08-14T18:26:02+08:00
2026-07-06,warehouse,cached,0,38a063af74a6d560c3415473f775a866968040b954e0e586ea7c13e8472cc870,98,1,http://www.gfex.com.cn/u/interfacesWebTdWbillWeeklyQuotes/loadList,https://www.gfex.com.cn/gfex/cdrb/hqsj_tjsj.shtml,2026-08-14T18:26:02+08:00
2026-07-07,daily,cached,0,c720e344f0bfc1352f212394b7c2b1acb35336d51dfca9525d2f7f8d7db76bf7,54,11,http://www.gfex.com.cn/u/interfacesWebTiDayQuotes/loadList,https://www.gfex.com.cn/gfex/rihq/hqsj_tjsj.shtml,2026-08-14T18:26:02+08:00
2026-07-07,warehouse,cached,0,98abc4198717a92541a8514fc32c4695af63fc705df7202bf3a8e8c5844c9ecc,98,1,http://www.gfex.com.cn/u/interfacesWebTdWbillWeeklyQuotes/loadList,https://www.gfex.com.cn/gfex/cdrb/hqsj_tjsj.shtml,2026-08-14T18:26:02+08:00
2026-07-08,daily,cached,0,2eeff534948dc88d70c7f79eb23b2c61035694fc422592d56a8fa4bcd502cdee,54,12,http://www.gfex.com.cn/u/interfacesWebTiDayQuotes/loadList,https://www.gfex.com.cn/gfex/rihq/hqsj_tjsj.shtml,2026-08-14T18:26:02+08:00
2026-07-08,warehouse,cached,0,894a6adbe802ffe84d18e0a69d6cd279ac016272077a0f549755f7e9a0313465,98,1,http://www.gfex.com.cn/u/interfacesWebTdWbillWeeklyQuotes/loadList,https://www.gfex.com.cn/gfex/cdrb/hqsj_tjsj.shtml,2026-08-14T18:26:02+08:00
2026-07-09,daily,cached,0,91bb8d1d173867578f8fbab0d818901cb6d86064030b169120b9c6f408f363ec,54,11,http://www.gfex.com.cn/u/interfacesWebTiDayQuotes/loadList,https://www.gfex.com.cn/gfex/rihq/hqsj_tjsj.shtml,2026-08-14T18:26:02+08:00
2026-07-09,warehouse,cached,0,a1da700874e105d9ff12908becba919ab585649aff2228b3e4e1631d5e7119cd,98,1,http://www.gfex.com.cn/u/interfacesWebTdWbillWeeklyQuotes/loadList,https://www.gfex.com.cn/gfex/cdrb/hqsj_tjsj.shtml,2026-08-14T18:26:02+08:00
2026-07-10,daily,cached,0,f7f706925598a7cca084c47552915f87b2509cf0e577bc8e7c79ea64da34041a,54,11,http://www.gfex.com.cn/u/interfacesWebTiDayQuotes/loadList,https://www.gfex.com.cn/gfex/rihq/hqsj_tjsj.shtml,2026-08-14T18:26:02+08:00
2026-07-10,warehouse,cached,0,d03e25225c25a0a8c6e53b08abe76ce77bb9589ab53a831d9cdd9e524d8de1ed,99,1,http://www.gfex.com.cn/u/interfacesWebTdWbillWeeklyQuotes/loadList,https://www.gfex.com.cn/gfex/cdrb/hqsj_tjsj.shtml,2026-08-14T18:26:02+08:00
2026-07-13,daily,cached,0,d2690b695cf8873c350f37cfe7c9a5f8e052e22b18a2927b9a6174684c52c3df,54,11,http://www.gfex.com.cn/u/interfacesWebTiDayQuotes/loadList,https://www.gfex.com.cn/gfex/rihq/hqsj_tjsj.shtml,2026-08-14T18:26:02+08:00
2026-07-13,warehouse,cached,0,df5b9a7c68ab02f4b8591ca958f544636b1e83e2f9638ca0131a1e81b3e609a4,98,1,http://www.gfex.com.cn/u/interfacesWebTdWbillWeeklyQuotes/loadList,https://www.gfex.com.cn/gfex/cdrb/hqsj_tjsj.shtml,2026-08-14T18:26:02+08:00
2026-07-14,daily,cached,0,aae4f788ddbf9f52c0daa87bb622656936490fad372d7a68a080fa66b8237318,54,11,http://www.gfex.com.cn/u/interfacesWebTiDayQuotes/loadList,https://www.gfex.com.cn/gfex/rihq/hqsj_tjsj.shtml,2026-08-14T18:26:02+08:00
2026-07-14,warehouse,cached,0,dc3c008e5779f7b52343e9bce11ba99b5cc9543cf433a18ea87d5069684e72bb,98,1,http://www.gfex.com.cn/u/interfacesWebTdWbillWeeklyQuotes/loadList,https://www.gfex.com.cn/gfex/cdrb/hqsj_tjsj.shtml,2026-08-14T18:26:02+08:00
2026-07-15,daily,cached,0,cb4aefee56bf706b002b0560e998ffad286741c9892609767d38160a13425a18,54,10,http://www.gfex.com.cn/u/interfacesWebTiDayQuotes/loadList,https://www.gfex.com.cn/gfex/rihq/hqsj_tjsj.shtml,2026-08-14T18:26:02+08:00
2026-07-15,warehouse,cached,0,c156e154865a3e400afabff2c1355e0a01ff93a4c73f3ecdf175ad82e9bfe587,99,1,http://www.gfex.com.cn/u/interfacesWebTdWbillWeeklyQuotes/loadList,https://www.gfex.com.cn/gfex/cdrb/hqsj_tjsj.shtml,2026-08-14T18:26:02+08:00
2026-07-16,daily,cached,0,95872e4920e48054b33d9545154cb8b7c0a769e1c5ffec4fe5cc14fe207e673a,54,11,http://www.gfex.com.cn/u/interfacesWebTiDayQuotes/loadList,https://www.gfex.com.cn/gfex/rihq/hqsj_tjsj.shtml,2026-08-14T18:26:02+08:00
2026-07-16,warehouse,cached,0,6de76a0b028235f3f0c8ed680f2f8503ca8a8cf353b38661b1173acfba11e55e,99,1,http://www.gfex.com.cn/u/interfacesWebTdWbillWeeklyQuotes/loadList,https://www.gfex.com.cn/gfex/cdrb/hqsj_tjsj.shtml,2026-08-14T18:26:02+08:00
2026-07-17,daily,cached,0,ff2b5c18b854e0c9bf8b71f21a234af04b83805230fad4ad275550cab6fc8da4,54,9,http://www.gfex.com.cn/u/interfacesWebTiDayQuotes/loadList,https://www.gfex.com.cn/gfex/rihq/hqsj_tjsj.shtml,2026-08-14T18:26:02+08:00
2026-07-17,warehouse,cached,0,08d463af9b231e7af6649233f55919178b1cdb8fca336f3b7e44eb92d28660b2,99,1,http://www.gfex.com.cn/u/interfacesWebTdWbillWeeklyQuotes/loadList,https://www.gfex.com.cn/gfex/cdrb/hqsj_tjsj.shtml,2026-08-14T18:26:02+08:00
2026-07-20,daily,cached,0,a71b3015d03a9f81358c43b83fcef1a9fe12470406a7d7038014ba21cab476e9,54,10,http://www.gfex.com.cn/u/interfacesWebTiDayQuotes/loadList,https://www.gfex.com.cn/gfex/rihq/hqsj_tjsj.shtml,2026-08-14T18:26:02+08:00
2026-07-20,warehouse,cached,0,9d02cba3195c86b4d48d508bf3056edc042a2cb6608190e1643dc9c0f371ac82,99,1,http://www.gfex.com.cn/u/interfacesWebTdWbillWeeklyQuotes/loadList,https://www.gfex.com.cn/gfex/cdrb/hqsj_tjsj.shtml,2026-08-14T18:26:02+08:00
2026-07-21,daily,cached,0,6cd2b03c6259cb9d878266e0a42519ac1cb026964875f3fbfa5def52b5a619ab,54,11,http://www.gfex.com.cn/u/interfacesWebTiDayQuotes/loadList,https://www.gfex.com.cn/gfex/rihq/hqsj_tjsj.shtml,2026-08-14T18:26:02+08:00
2026-07-21,warehouse,cached,0,be7dd8fe96e9d70185a8eed63bfce3d370f0395e3509e813f7d0997d01cfb6d4,99,1,http://www.gfex.com.cn/u/interfacesWebTdWbillWeeklyQuotes/loadList,https://www.gfex.com.cn/gfex/cdrb/hqsj_tjsj.shtml,2026-08-14T18:26:02+08:00
2026-07-22,daily,cached,0,909e450d8b3efd8f517f2a284ec3f7fe22a8fa006d1f0d94ec51e87b68426c72,54,11,http://www.gfex.com.cn/u/interfacesWebTiDayQuotes/loadList,https://www.gfex.com.cn/gfex/rihq/hqsj_tjsj.shtml,2026-08-14T18:26:02+08:00
2026-07-22,warehouse,cached,0,e59f383c597c7d3c97a18618449ca8a9dda221cb1825d458b66cf46c3fe175fb,99,1,http://www.gfex.com.cn/u/interfacesWebTdWbillWeeklyQuotes/loadList,https://www.gfex.com.cn/gfex/cdrb/hqsj_tjsj.shtml,2026-08-14T18:26:02+08:00
2026-07-23,daily,cached,0,805da675b5819bd430859e7ebe8555356025ed78bba11e42a6b09b7f8fa726ef,54,11,http://www.gfex.com.cn/u/interfacesWebTiDayQuotes/loadList,https://www.gfex.com.cn/gfex/rihq/hqsj_tjsj.shtml,2026-08-14T18:26:02+08:00
2026-07-23,warehouse,cached,0,4108d7d200b737f9c6822ba8cbcc359cd063afcd0714bf7d29f3fb0c44cde06f,99,1,http://www.gfex.com.cn/u/interfacesWebTdWbillWeeklyQuotes/loadList,https://www.gfex.com.cn/gfex/cdrb/hqsj_tjsj.shtml,2026-08-14T18:26:02+08:00
2026-07-24,daily,cached,0,f68a327c65e2343296f4cd8e8eef6d55280a2c64413841029d229650157fffb0,54,11,http://www.gfex.com.cn/u/interfacesWebTiDayQuotes/loadList,https://www.gfex.com.cn/gfex/rihq/hqsj_tjsj.shtml,2026-08-14T18:26:02+08:00
2026-07-24,warehouse,cached,0,4671635f94d424bcb2336450badd341dbb1c011745bddf60ed95dedc9029891d,99,1,http://www.gfex.com.cn/u/interfacesWebTdWbillWeeklyQuotes/loadList,https://www.gfex.com.cn/gfex/cdrb/hqsj_tjsj.shtml,2026-08-14T18:26:02+08:00
2026-07-27,daily,cached,0,ac1cf780381bcb5326dcf5fa0315fe5c1c27ef3ae8a62a84f4e23076cbe8c5e0,54,11,http://www.gfex.com.cn/u/interfacesWebTiDayQuotes/loadList,https://www.gfex.com.cn/gfex/rihq/hqsj_tjsj.shtml,2026-08-14T18:26:02+08:00
2026-07-27,warehouse,cached,0,16e6ee78d4734cf70b40f1de12af95ce62ecc69b919c63490dc52972643cea17,99,1,http://www.gfex.com.cn/u/interfacesWebTdWbillWeeklyQuotes/loadList,https://www.gfex.com.cn/gfex/cdrb/hqsj_tjsj.shtml,2026-08-14T18:26:02+08:00
2026-07-28,daily,cached,0,301cc92e43349c648a102d2a952969ad7bca4ac5fb1b5113ccb5593ec0282e91,54,11,http://www.gfex.com.cn/u/interfacesWebTiDayQuotes/loadList,https://www.gfex.com.cn/gfex/rihq/hqsj_tjsj.shtml,2026-08-14T18:26:02+08:00
2026-07-28,warehouse,cached,0,962c466497b78a2cc8b21d947eddf859c086b383a2efb4598835441b6d4a6f9a,99,1,http://www.gfex.com.cn/u/interfacesWebTdWbillWeeklyQuotes/loadList,https://www.gfex.com.cn/gfex/cdrb/hqsj_tjsj.shtml,2026-08-14T18:26:02+08:00
2026-07-29,daily,cached,0,8c11fdf911b7c8d22c21beff21e76bb1083263f723ae43d513e5b873590e18f9,54,11,http://www.gfex.com.cn/u/interfacesWebTiDayQuotes/loadList,https://www.gfex.com.cn/gfex/rihq/hqsj_tjsj.shtml,2026-08-14T18:26:02+08:00
2026-07-29,warehouse,cached,0,f135eba2a7489bce1e31832ce593e50cd12f68f7102288cd7b97973a3247e1e7,97,1,http://www.gfex.com.cn/u/interfacesWebTdWbillWeeklyQuotes/loadList,https://www.gfex.com.cn/gfex/cdrb/hqsj_tjsj.shtml,2026-08-14T18:26:02+08:00
2026-07-30,daily,cached,0,a05fe8370aa4c52c1c0866eb045192cd133f82b629f992036d7995515498f890,54,11,http://www.gfex.com.cn/u/interfacesWebTiDayQuotes/loadList,https://www.gfex.com.cn/gfex/rihq/hqsj_tjsj.shtml,2026-08-14T18:26:02+08:00
2026-07-30,warehouse,cached,0,1cb176a806031452acc1d9410f318db8ac3ace9e930423ceead2b651565698a5,96,1,http://www.gfex.com.cn/u/interfacesWebTdWbillWeeklyQuotes/loadList,https://www.gfex.com.cn/gfex/cdrb/hqsj_tjsj.shtml,2026-08-14T18:26:02+08:00
2026-07-31,daily,cached,0,9a7c0511a35bad00a8e00a42fad364ffb70f926fba1ebc83d7043d00d3ac3a61,54,11,http://www.gfex.com.cn/u/interfacesWebTiDayQuotes/loadList,https://www.gfex.com.cn/gfex/rihq/hqsj_tjsj.shtml,2026-08-14T18:26:02+08:00
2026-07-31,warehouse,cached,0,e66bcc22d32a3232575b9120a2d6715876559f647d6375655fe0edea9329e31c,95,1,http://www.gfex.com.cn/u/interfacesWebTdWbillWeeklyQuotes/loadList,https://www.gfex.com.cn/gfex/cdrb/hqsj_tjsj.shtml,2026-08-14T18:26:02+08:00
2026-08-03,daily,cached,0,cce1c9b9ca4ad3e351bf5c770199f980f2c5f7120d0f0435784f4f2601d31db1,54,11,http://www.gfex.com.cn/u/interfacesWebTiDayQuotes/loadList,https://www.gfex.com.cn/gfex/rihq/hqsj_tjsj.shtml,2026-08-14T18:26:02+08:00
2026-08-03,warehouse,cached,0,c6f5a3054d68860dd86e53ae22eb806c944da830dcc7cd67b25f8e493f40fcaf,84,1,http://www.gfex.com.cn/u/interfacesWebTdWbillWeeklyQuotes/loadList,https://www.gfex.com.cn/gfex/cdrb/hqsj_tjsj.shtml,2026-08-14T18:26:02+08:00
2026-08-04,daily,cached,0,a285829d9a6ae82d0b9a40a8b935040928be51cc75ba5e79430bab2e623c8317,54,11,http://www.gfex.com.cn/u/interfacesWebTiDayQuotes/loadList,https://www.gfex.com.cn/gfex/rihq/hqsj_tjsj.shtml,2026-08-14T18:26:02+08:00
2026-08-04,warehouse,cached,0,7852432edc7bf3400546c592900871cd66d0d166f5add0c69507fdc777dd179d,86,1,http://www.gfex.com.cn/u/interfacesWebTdWbillWeeklyQuotes/loadList,https://www.gfex.com.cn/gfex/cdrb/hqsj_tjsj.shtml,2026-08-14T18:26:02+08:00
2026-08-05,daily,cached,0,a8c316a9326e52b14ca5449c3279b391f44145ea714f2ed9da8f93c2d534adb6,54,10,http://www.gfex.com.cn/u/interfacesWebTiDayQuotes/loadList,https://www.gfex.com.cn/gfex/rihq/hqsj_tjsj.shtml,2026-08-14T18:26:02+08:00
2026-08-05,warehouse,cached,0,fb96ffd38769d9ae9c156efd3821beb69b9f3c0ec8c6d0edb403179e8978ba01,87,1,http://www.gfex.com.cn/u/interfacesWebTdWbillWeeklyQuotes/loadList,https://www.gfex.com.cn/gfex/cdrb/hqsj_tjsj.shtml,2026-08-14T18:26:02+08:00
2026-08-06,daily,cached,0,e88eaab53954228fb4081a73463c5bb5f07651868e366694c3bd4d3583e877e3,54,10,http://www.gfex.com.cn/u/interfacesWebTiDayQuotes/loadList,https://www.gfex.com.cn/gfex/rihq/hqsj_tjsj.shtml,2026-08-14T18:26:02+08:00
2026-08-06,warehouse,cached,0,656c47e423044868fadcb14877b31a0c1d458dd7b071be593b2f00705d015358,87,1,http://www.gfex.com.cn/u/interfacesWebTdWbillWeeklyQuotes/loadList,https://www.gfex.com.cn/gfex/cdrb/hqsj_tjsj.shtml,2026-08-14T18:26:02+08:00
2026-08-07,daily,cached,0,899fb648d47ab7ea328fa607949e1ffa7b795251e633f009fbd7eb796743dc37,54,9,http://www.gfex.com.cn/u/interfacesWebTiDayQuotes/loadList,https://www.gfex.com.cn/gfex/rihq/hqsj_tjsj.shtml,2026-08-14T18:26:02+08:00
2026-08-07,warehouse,cached,0,471c0f1d8549083d41b5a78898a7d89a628e0bdaf96405a5ee9fbc1faf6f0bfc,89,1,http://www.gfex.com.cn/u/interfacesWebTdWbillWeeklyQuotes/loadList,https://www.gfex.com.cn/gfex/cdrb/hqsj_tjsj.shtml,2026-08-14T18:26:02+08:00
2026-08-10,daily,cached,0,0c09e3b95ec018d41fb29d918b50a0f5dcfc566b06235dc6b7d8336c747b33b3,54,10,http://www.gfex.com.cn/u/interfacesWebTiDayQuotes/loadList,https://www.gfex.com.cn/gfex/rihq/hqsj_tjsj.shtml,2026-08-14T18:26:02+08:00
2026-08-10,warehouse,cached,0,230dd0de6d44e0f921b22563d5a489d4494734800df67707c3285b1aa15038b5,89,1,http://www.gfex.com.cn/u/interfacesWebTdWbillWeeklyQuotes/loadList,https://www.gfex.com.cn/gfex/cdrb/hqsj_tjsj.shtml,2026-08-14T18:26:02+08:00
2026-08-11,daily,cached,0,d121d6e8012733a23d5f46a8f5f88af30ea08ed152b74791c752e3ae4269d1b1,54,8,http://www.gfex.com.cn/u/interfacesWebTiDayQuotes/loadList,https://www.gfex.com.cn/gfex/rihq/hqsj_tjsj.shtml,2026-08-14T18:26:02+08:00
2026-08-11,warehouse,cached,0,85dabc8b24a52d6f647284db6ff8f37ccb100c8bc6b82f6ab310a98271642965,89,1,http://www.gfex.com.cn/u/interfacesWebTdWbillWeeklyQuotes/loadList,https://www.gfex.com.cn/gfex/cdrb/hqsj_tjsj.shtml,2026-08-14T18:26:02+08:00
2026-08-12,daily,cached,0,140cac7c1de3889b55d4e0aa660b229518ac3b3db89bc848eaaa0a8a17973be1,54,10,http://www.gfex.com.cn/u/interfacesWebTiDayQuotes/loadList,https://www.gfex.com.cn/gfex/rihq/hqsj_tjsj.shtml,2026-08-14T18:26:02+08:00
2026-08-12,warehouse,cached,0,bf8892d39ed668f1e2ccb160f431b7f05395e45a714c017e5f814c08847e751d,91,1,http://www.gfex.com.cn/u/interfacesWebTdWbillWeeklyQuotes/loadList,https://www.gfex.com.cn/gfex/cdrb/hqsj_tjsj.shtml,2026-08-14T18:26:02+08:00
2026-08-13,daily,cached,0,cc6b750d14d4f5d23df5d38ec003fd782cc59442839867c34ab55e1052da69dc,54,11,http://www.gfex.com.cn/u/interfacesWebTiDayQuotes/loadList,https://www.gfex.com.cn/gfex/rihq/hqsj_tjsj.shtml,2026-08-14T18:26:02+08:00
2026-08-13,warehouse,cached,0,bbf0b0ebeb9e122f549184e05b8e3c01581e12b619de7c562549c40081f39a1c,91,1,http://www.gfex.com.cn/u/interfacesWebTdWbillWeeklyQuotes/loadList,https://www.gfex.com.cn/gfex/cdrb/hqsj_tjsj.shtml,2026-08-14T18:26:02+08:00
2026-08-14,daily,cached,0,aab4d3c5d56ef645451ce8e6343a452cfbea66704ae9d0c3964b74c7ec814903,54,12,http://www.gfex.com.cn/u/interfacesWebTiDayQuotes/loadList,https://www.gfex.com.cn/gfex/rihq/hqsj_tjsj.shtml,2026-08-14T18:26:02+08:00
2026-08-14,warehouse,cached,0,1688fd2813b2fbb6e45a6fe255f3f69a34558cd89c3e449eea78b1f007cd6674,91,1,http://www.gfex.com.cn/u/interfacesWebTdWbillWeeklyQuotes/loadList,https://www.gfex.com.cn/gfex/cdrb/hqsj_tjsj.shtml,2026-08-14T18:26:02+08:00
