doc_id,publish_time,direction_label,direction_score,zero_shot_score,confidence,horizon_days,activated_rules,predicate_consensus,evidence_text,inference_mode,model,request_id
LC-TEXT-0001,2023-08-15,neutral,0.0,0.0,0.8,5,[],"[{""name"":""supply_disruption"",""deterministic_value"":false,""ai_value"":false,""status"":""agreed_false"",""confidence"":0.8,""evidence_text"":""""},{""name"":""supply_expansion"",""deterministic_value"":true,""ai_value"":false,""status"":""disputed"",""confidence"":0.8,""evidence_text"":""投产""},{""name"":""production_resumption"",""deterministic_value"":true,""ai_value"":false,""status"":""disputed"",""confidence"":0.8,""evidence_text"":""复产""},{""name"":""demand_ev_positive"",""deterministic_value"":false,""ai_value"":false,""status"":""agreed_false"",""confidence"":0.8,""evidence_text"":""""},{""name"":""demand_storage_positive"",""deterministic_value"":false,""ai_value"":false,""status"":""agreed_false"",""confidence"":0.8,""evidence_text"":""""},{""name"":""demand_weak_or_price_war"",""deterministic_value"":false,""ai_value"":false,""status"":""agreed_false"",""confidence"":0.8,""evidence_text"":""""},{""name"":""inventory_drawdown"",""deterministic_value"":false,""ai_value"":false,""status"":""agreed_false"",""confidence"":0.8,""evidence_text"":""""},{""name"":""inventory_build"",""deterministic_value"":false,""ai_value"":false,""status"":""agreed_false"",""confidence"":0.8,""evidence_text"":""""},{""name"":""warehouse_receipt_decline"",""deterministic_value"":false,""ai_value"":false,""status"":""agreed_false"",""confidence"":0.8,""evidence_text"":""""},{""name"":""warehouse_receipt_increase"",""deterministic_value"":false,""ai_value"":false,""status"":""agreed_false"",""confidence"":0.8,""evidence_text"":""""},{""name"":""policy_demand_support"",""deterministic_value"":false,""ai_value"":false,""status"":""agreed_false"",""confidence"":0.8,""evidence_text"":""""},{""name"":""import_supply_pressure"",""deterministic_value"":false,""ai_value"":false,""status"":""agreed_false"",""confidence"":0.8,""evidence_text"":""""},{""name"":""cost_support"",""deterministic_value"":false,""ai_value"":false,""status"":""agreed_false"",""confidence"":0.8,""evidence_text"":""""},{""name"":""delivery_pressure"",""deterministic_value"":false,""ai_value"":false,""status"":""agreed_false"",""confidence"":0.8,""evidence_text"":""""},{""name"":""authoritative_source"",""deterministic_value"":true,""ai_value"":false,""status"":""disputed"",""confidence"":0.8,""evidence_text"":""国务院""},{""name"":""quantitative_evidence"",""deterministic_value"":true,""ai_value"":false,""status"":""disputed"",""confidence"":0.8,""evidence_text"":""3.7%""},{""name"":""uncertainty_high"",""deterministic_value"":true,""ai_value"":false,""status"":""disputed"",""confidence"":0.8,""evidence_text"":""可能""}]",2023年7月份规模以上工业增加值增长3.7%,rulebook_inactive,Qwen/Qwen2.5-0.5B-Instruct,local-7b04be079c09304c
LC-TEXT-0002,2023-09-15,neutral,0.0,0.0,0.8,5,[],"[{""name"":""supply_disruption"",""deterministic_value"":false,""ai_value"":false,""status"":""agreed_false"",""confidence"":0.8,""evidence_text"":""""},{""name"":""supply_expansion"",""deterministic_value"":true,""ai_value"":false,""status"":""disputed"",""confidence"":0.8,""evidence_text"":""投产""},{""name"":""production_resumption"",""deterministic_value"":true,""ai_value"":false,""status"":""disputed"",""confidence"":0.8,""evidence_text"":""复产""},{""name"":""demand_ev_positive"",""deterministic_value"":false,""ai_value"":false,""status"":""agreed_false"",""confidence"":0.8,""evidence_text"":""""},{""name"":""demand_storage_positive"",""deterministic_value"":false,""ai_value"":false,""status"":""agreed_false"",""confidence"":0.8,""evidence_text"":""""},{""name"":""demand_weak_or_price_war"",""deterministic_value"":false,""ai_value"":false,""status"":""agreed_false"",""confidence"":0.8,""evidence_text"":""""},{""name"":""inventory_drawdown"",""deterministic_value"":false,""ai_value"":false,""status"":""agreed_false"",""confidence"":0.8,""evidence_text"":""""},{""name"":""inventory_build"",""deterministic_value"":false,""ai_value"":false,""status"":""agreed_false"",""confidence"":0.8,""evidence_text"":""""},{""name"":""warehouse_receipt_decline"",""deterministic_value"":false,""ai_value"":false,""status"":""agreed_false"",""confidence"":0.8,""evidence_text"":""""},{""name"":""warehouse_receipt_increase"",""deterministic_value"":false,""ai_value"":false,""status"":""agreed_false"",""confidence"":0.8,""evidence_text"":""""},{""name"":""policy_demand_support"",""deterministic_value"":false,""ai_value"":false,""status"":""agreed_false"",""confidence"":0.8,""evidence_text"":""""},{""name"":""import_supply_pressure"",""deterministic_value"":false,""ai_value"":false,""status"":""agreed_false"",""confidence"":0.8,""evidence_text"":""""},{""name"":""cost_support"",""deterministic_value"":false,""ai_value"":false,""status"":""agreed_false"",""confidence"":0.8,""evidence_text"":""""},{""name"":""delivery_pressure"",""deterministic_value"":false,""ai_value"":false,""status"":""agreed_false"",""confidence"":0.8,""evidence_text"":""""},{""name"":""authoritative_source"",""deterministic_value"":true,""ai_value"":false,""status"":""disputed"",""confidence"":0.8,""evidence_text"":""国务院""},{""name"":""quantitative_evidence"",""deterministic_value"":true,""ai_value"":false,""status"":""disputed"",""confidence"":0.8,""evidence_text"":""4.5%""},{""name"":""uncertainty_high"",""deterministic_value"":true,""ai_value"":false,""status"":""disputed"",""confidence"":0.8,""evidence_text"":""可能""}]",2023年8月份规模以上工业增加值增长4.5%,rulebook_inactive,Qwen/Qwen2.5-0.5B-Instruct,local-722a5c3f31a28730
LC-TEXT-0003,2023-10-18,neutral,0.0,0.0,0.8,5,[],"[{""name"":""supply_disruption"",""deterministic_value"":false,""ai_value"":false,""status"":""agreed_false"",""confidence"":0.8,""evidence_text"":""""},{""name"":""supply_expansion"",""deterministic_value"":true,""ai_value"":false,""status"":""disputed"",""confidence"":0.8,""evidence_text"":""投产""},{""name"":""production_resumption"",""deterministic_value"":true,""ai_value"":false,""status"":""disputed"",""confidence"":0.8,""evidence_text"":""复产""},{""name"":""demand_ev_positive"",""deterministic_value"":false,""ai_value"":false,""status"":""agreed_false"",""confidence"":0.8,""evidence_text"":""""},{""name"":""demand_storage_positive"",""deterministic_value"":false,""ai_value"":false,""status"":""agreed_false"",""confidence"":0.8,""evidence_text"":""""},{""name"":""demand_weak_or_price_war"",""deterministic_value"":false,""ai_value"":false,""status"":""agreed_false"",""confidence"":0.8,""evidence_text"":""""},{""name"":""inventory_drawdown"",""deterministic_value"":false,""ai_value"":false,""status"":""agreed_false"",""confidence"":0.8,""evidence_text"":""""},{""name"":""inventory_build"",""deterministic_value"":false,""ai_value"":false,""status"":""agreed_false"",""confidence"":0.8,""evidence_text"":""""},{""name"":""warehouse_receipt_decline"",""deterministic_value"":false,""ai_value"":false,""status"":""agreed_false"",""confidence"":0.8,""evidence_text"":""""},{""name"":""warehouse_receipt_increase"",""deterministic_value"":false,""ai_value"":false,""status"":""agreed_false"",""confidence"":0.8,""evidence_text"":""""},{""name"":""policy_demand_support"",""deterministic_value"":false,""ai_value"":false,""status"":""agreed_false"",""confidence"":0.8,""evidence_text"":""""},{""name"":""import_supply_pressure"",""deterministic_value"":false,""ai_value"":false,""status"":""agreed_false"",""confidence"":0.8,""evidence_text"":""""},{""name"":""cost_support"",""deterministic_value"":false,""ai_value"":false,""status"":""agreed_false"",""confidence"":0.8,""evidence_text"":""""},{""name"":""delivery_pressure"",""deterministic_value"":false,""ai_value"":false,""status"":""agreed_false"",""confidence"":0.8,""evidence_text"":""""},{""name"":""authoritative_source"",""deterministic_value"":true,""ai_value"":false,""status"":""disputed"",""confidence"":0.8,""evidence_text"":""国务院""},{""name"":""quantitative_evidence"",""deterministic_value"":true,""ai_value"":false,""status"":""disputed"",""confidence"":0.8,""evidence_text"":""4.5%""},{""name"":""uncertainty_high"",""deterministic_value"":true,""ai_value"":false,""status"":""disputed"",""confidence"":0.8,""evidence_text"":""可能""}]",2023年9月份规模以上工业增加值增长4.5%,rulebook_inactive,Qwen/Qwen2.5-0.5B-Instruct,local-696728bab89e0cf1
LC-TEXT-0004,2023-11-15,neutral,0.0,0.0,0.8,5,[],"[{""name"":""supply_disruption"",""deterministic_value"":false,""ai_value"":false,""status"":""agreed_false"",""confidence"":0.8,""evidence_text"":""""},{""name"":""supply_expansion"",""deterministic_value"":true,""ai_value"":false,""status"":""disputed"",""confidence"":0.8,""evidence_text"":""投产""},{""name"":""production_resumption"",""deterministic_value"":true,""ai_value"":false,""status"":""disputed"",""confidence"":0.8,""evidence_text"":""复产""},{""name"":""demand_ev_positive"",""deterministic_value"":false,""ai_value"":false,""status"":""agreed_false"",""confidence"":0.8,""evidence_text"":""""},{""name"":""demand_storage_positive"",""deterministic_value"":false,""ai_value"":false,""status"":""agreed_false"",""confidence"":0.8,""evidence_text"":""""},{""name"":""demand_weak_or_price_war"",""deterministic_value"":false,""ai_value"":false,""status"":""agreed_false"",""confidence"":0.8,""evidence_text"":""""},{""name"":""inventory_drawdown"",""deterministic_value"":false,""ai_value"":false,""status"":""agreed_false"",""confidence"":0.8,""evidence_text"":""""},{""name"":""inventory_build"",""deterministic_value"":false,""ai_value"":false,""status"":""agreed_false"",""confidence"":0.8,""evidence_text"":""""},{""name"":""warehouse_receipt_decline"",""deterministic_value"":false,""ai_value"":false,""status"":""agreed_false"",""confidence"":0.8,""evidence_text"":""""},{""name"":""warehouse_receipt_increase"",""deterministic_value"":false,""ai_value"":false,""status"":""agreed_false"",""confidence"":0.8,""evidence_text"":""""},{""name"":""policy_demand_support"",""deterministic_value"":false,""ai_value"":false,""status"":""agreed_false"",""confidence"":0.8,""evidence_text"":""""},{""name"":""import_supply_pressure"",""deterministic_value"":false,""ai_value"":false,""status"":""agreed_false"",""confidence"":0.8,""evidence_text"":""""},{""name"":""cost_support"",""deterministic_value"":false,""ai_value"":false,""status"":""agreed_false"",""confidence"":0.8,""evidence_text"":""""},{""name"":""delivery_pressure"",""deterministic_value"":false,""ai_value"":false,""status"":""agreed_false"",""confidence"":0.8,""evidence_text"":""""},{""name"":""authoritative_source"",""deterministic_value"":false,""ai_value"":false,""status"":""agreed_false"",""confidence"":0.8,""evidence_text"":""""},{""name"":""quantitative_evidence"",""deterministic_value"":true,""ai_value"":false,""status"":""disputed"",""confidence"":0.8,""evidence_text"":""4.6%""},{""name"":""uncertainty_high"",""deterministic_value"":true,""ai_value"":false,""status"":""disputed"",""confidence"":0.8,""evidence_text"":""可能""}]",无,rulebook_inactive,Qwen/Qwen2.5-0.5B-Instruct,local-6e558fb1022e9dcf
LC-TEXT-0008,2024-05-15,neutral,0.0,0.0,0.8,5,[],"[{""name"":""supply_disruption"",""deterministic_value"":true,""ai_value"":false,""status"":""disputed"",""confidence"":0.8,""evidence_text"":""事故""},{""name"":""supply_expansion"",""deterministic_value"":false,""ai_value"":false,""status"":""agreed_false"",""confidence"":0.8,""evidence_text"":""""},{""name"":""production_resumption"",""deterministic_value"":false,""ai_value"":false,""status"":""agreed_false"",""confidence"":0.8,""evidence_text"":""""},{""name"":""demand_ev_positive"",""deterministic_value"":true,""ai_value"":false,""status"":""disputed"",""confidence"":0.8,""evidence_text"":""以旧换新""},{""name"":""demand_storage_positive"",""deterministic_value"":false,""ai_value"":false,""status"":""agreed_false"",""confidence"":0.8,""evidence_text"":""""},{""name"":""demand_weak_or_price_war"",""deterministic_value"":false,""ai_value"":false,""status"":""agreed_false"",""confidence"":0.8,""evidence_text"":""""},{""name"":""inventory_drawdown"",""deterministic_value"":false,""ai_value"":false,""status"":""agreed_false"",""confidence"":0.8,""evidence_text"":""""},{""name"":""inventory_build"",""deterministic_value"":false,""ai_value"":false,""status"":""agreed_false"",""confidence"":0.8,""evidence_text"":""""},{""name"":""warehouse_receipt_decline"",""deterministic_value"":false,""ai_value"":false,""status"":""agreed_false"",""confidence"":0.8,""evidence_text"":""""},{""name"":""warehouse_receipt_increase"",""deterministic_value"":false,""ai_value"":false,""status"":""agreed_false"",""confidence"":0.8,""evidence_text"":""""},{""name"":""policy_demand_support"",""deterministic_value"":true,""ai_value"":false,""status"":""disputed"",""confidence"":0.8,""evidence_text"":""以旧换新""},{""name"":""import_supply_pressure"",""deterministic_value"":false,""ai_value"":false,""status"":""agreed_false"",""confidence"":0.8,""evidence_text"":""""},{""name"":""cost_support"",""deterministic_value"":false,""ai_value"":false,""status"":""agreed_false"",""confidence"":0.8,""evidence_text"":""""},{""name"":""delivery_pressure"",""deterministic_value"":false,""ai_value"":false,""status"":""agreed_false"",""confidence"":0.8,""evidence_text"":""""},{""name"":""authoritative_source"",""deterministic_value"":true,""ai_value"":false,""status"":""disputed"",""confidence"":0.8,""evidence_text"":""国务院""},{""name"":""quantitative_evidence"",""deterministic_value"":false,""ai_value"":false,""status"":""agreed_false"",""confidence"":0.8,""evidence_text"":""""},{""name"":""uncertainty_high"",""deterministic_value"":false,""ai_value"":false,""status"":""agreed_false"",""confidence"":0.8,""evidence_text"":""""}]",无,rulebook_inactive,Qwen/Qwen2.5-0.5B-Instruct,local-424b28fca31a8cdf
LC-TEXT-0009,2024-08-16,neutral,0.0,0.0,0.8,5,[],"[{""name"":""supply_disruption"",""deterministic_value"":false,""ai_value"":false,""status"":""agreed_false"",""confidence"":0.8,""evidence_text"":""""},{""name"":""supply_expansion"",""deterministic_value"":false,""ai_value"":false,""status"":""agreed_false"",""confidence"":0.8,""evidence_text"":""""},{""name"":""production_resumption"",""deterministic_value"":false,""ai_value"":false,""status"":""agreed_false"",""confidence"":0.8,""evidence_text"":""""},{""name"":""demand_ev_positive"",""deterministic_value"":false,""ai_value"":false,""status"":""agreed_false"",""confidence"":0.8,""evidence_text"":""""},{""name"":""demand_storage_positive"",""deterministic_value"":false,""ai_value"":false,""status"":""agreed_false"",""confidence"":0.8,""evidence_text"":""""},{""name"":""demand_weak_or_price_war"",""deterministic_value"":false,""ai_value"":false,""status"":""agreed_false"",""confidence"":0.8,""evidence_text"":""""},{""name"":""inventory_drawdown"",""deterministic_value"":false,""ai_value"":false,""status"":""agreed_false"",""confidence"":0.8,""evidence_text"":""""},{""name"":""inventory_build"",""deterministic_value"":false,""ai_value"":false,""status"":""agreed_false"",""confidence"":0.8,""evidence_text"":""""},{""name"":""warehouse_receipt_decline"",""deterministic_value"":false,""ai_value"":false,""status"":""agreed_false"",""confidence"":0.8,""evidence_text"":""""},{""name"":""warehouse_receipt_increase"",""deterministic_value"":false,""ai_value"":false,""status"":""agreed_false"",""confidence"":0.8,""evidence_text"":""""},{""name"":""policy_demand_support"",""deterministic_value"":false,""ai_value"":false,""status"":""agreed_false"",""confidence"":0.8,""evidence_text"":""""},{""name"":""import_supply_pressure"",""deterministic_value"":false,""ai_value"":false,""status"":""agreed_false"",""confidence"":0.8,""evidence_text"":""""},{""name"":""cost_support"",""deterministic_value"":false,""ai_value"":false,""status"":""agreed_false"",""confidence"":0.8,""evidence_text"":""""},{""name"":""delivery_pressure"",""deterministic_value"":false,""ai_value"":false,""status"":""agreed_false"",""confidence"":0.8,""evidence_text"":""""},{""name"":""authoritative_source"",""deterministic_value"":true,""ai_value"":false,""status"":""disputed"",""confidence"":0.8,""evidence_text"":""工业和信息化部""},{""name"":""quantitative_evidence"",""deterministic_value"":true,""ai_value"":false,""status"":""disputed"",""confidence"":0.8,""evidence_text"":""480GWh""},{""name"":""uncertainty_high"",""deterministic_value"":false,""ai_value"":false,""status"":""agreed_false"",""confidence"":0.8,""evidence_text"":""""}]",2024年上半年全国锂离子电池行业运行情况,rulebook_inactive,Qwen/Qwen2.5-0.5B-Instruct,local-4ea3601b8643558f
LC-TEXT-0011,2024-12-24,neutral,0.0,0.0,0.8,5,[],"[{""name"":""supply_disruption"",""deterministic_value"":false,""ai_value"":false,""status"":""agreed_false"",""confidence"":0.8,""evidence_text"":""""},{""name"":""supply_expansion"",""deterministic_value"":false,""ai_value"":false,""status"":""agreed_false"",""confidence"":0.8,""evidence_text"":""""},{""name"":""production_resumption"",""deterministic_value"":false,""ai_value"":false,""status"":""agreed_false"",""confidence"":0.8,""evidence_text"":""""},{""name"":""demand_ev_positive"",""deterministic_value"":false,""ai_value"":false,""status"":""agreed_false"",""confidence"":0.8,""evidence_text"":""""},{""name"":""demand_storage_positive"",""deterministic_value"":false,""ai_value"":false,""status"":""agreed_false"",""confidence"":0.8,""evidence_text"":""""},{""name"":""demand_weak_or_price_war"",""deterministic_value"":false,""ai_value"":false,""status"":""agreed_false"",""confidence"":0.8,""evidence_text"":""""},{""name"":""inventory_drawdown"",""deterministic_value"":false,""ai_value"":false,""status"":""agreed_false"",""confidence"":0.8,""evidence_text"":""""},{""name"":""inventory_build"",""deterministic_value"":false,""ai_value"":false,""status"":""agreed_false"",""confidence"":0.8,""evidence_text"":""""},{""name"":""warehouse_receipt_decline"",""deterministic_value"":false,""ai_value"":false,""status"":""agreed_false"",""confidence"":0.8,""evidence_text"":""""},{""name"":""warehouse_receipt_increase"",""deterministic_value"":false,""ai_value"":false,""status"":""agreed_false"",""confidence"":0.8,""evidence_text"":""""},{""name"":""policy_demand_support"",""deterministic_value"":false,""ai_value"":false,""status"":""agreed_false"",""confidence"":0.8,""evidence_text"":""""},{""name"":""import_supply_pressure"",""deterministic_value"":false,""ai_value"":false,""status"":""agreed_false"",""confidence"":0.8,""evidence_text"":""""},{""name"":""cost_support"",""deterministic_value"":false,""ai_value"":false,""status"":""agreed_false"",""confidence"":0.8,""evidence_text"":""""},{""name"":""delivery_pressure"",""deterministic_value"":false,""ai_value"":false,""status"":""agreed_false"",""confidence"":0.8,""evidence_text"":""""},{""name"":""authoritative_source"",""deterministic_value"":true,""ai_value"":true,""status"":""agreed_true"",""confidence"":0.8,""evidence_text"":""工业和信息化部""},{""name"":""quantitative_evidence"",""deterministic_value"":false,""ai_value"":false,""status"":""agreed_false"",""confidence"":0.8,""evidence_text"":""""},{""name"":""uncertainty_high"",""deterministic_value"":false,""ai_value"":false,""status"":""agreed_false"",""confidence"":0.8,""evidence_text"":""""}]",工业和信息化部,rulebook_inactive,Qwen/Qwen2.5-0.5B-Instruct,local-3431a956e4dd96c3
LC-TEXT-0013,2025-01-14,neutral,0.0,0.0,0.8,5,[],"[{""name"":""supply_disruption"",""deterministic_value"":false,""ai_value"":false,""status"":""agreed_false"",""confidence"":0.8,""evidence_text"":""""},{""name"":""supply_expansion"",""deterministic_value"":false,""ai_value"":false,""status"":""agreed_false"",""confidence"":0.8,""evidence_text"":""""},{""name"":""production_resumption"",""deterministic_value"":false,""ai_value"":false,""status"":""agreed_false"",""confidence"":0.8,""evidence_text"":""""},{""name"":""demand_ev_positive"",""deterministic_value"":true,""ai_value"":false,""status"":""disputed"",""confidence"":0.8,""evidence_text"":""以旧换新""},{""name"":""demand_storage_positive"",""deterministic_value"":false,""ai_value"":false,""status"":""agreed_false"",""confidence"":0.8,""evidence_text"":""""},{""name"":""demand_weak_or_price_war"",""deterministic_value"":false,""ai_value"":false,""status"":""agreed_false"",""confidence"":0.8,""evidence_text"":""""},{""name"":""inventory_drawdown"",""deterministic_value"":false,""ai_value"":false,""status"":""agreed_false"",""confidence"":0.8,""evidence_text"":""""},{""name"":""inventory_build"",""deterministic_value"":false,""ai_value"":false,""status"":""agreed_false"",""confidence"":0.8,""evidence_text"":""""},{""name"":""warehouse_receipt_decline"",""deterministic_value"":false,""ai_value"":false,""status"":""agreed_false"",""confidence"":0.8,""evidence_text"":""""},{""name"":""warehouse_receipt_increase"",""deterministic_value"":false,""ai_value"":false,""status"":""agreed_false"",""confidence"":0.8,""evidence_text"":""""},{""name"":""policy_demand_support"",""deterministic_value"":true,""ai_value"":false,""status"":""disputed"",""confidence"":0.8,""evidence_text"":""以旧换新""},{""name"":""import_supply_pressure"",""deterministic_value"":false,""ai_value"":false,""status"":""agreed_false"",""confidence"":0.8,""evidence_text"":""""},{""name"":""cost_support"",""deterministic_value"":false,""ai_value"":false,""status"":""agreed_false"",""confidence"":0.8,""evidence_text"":""""},{""name"":""delivery_pressure"",""deterministic_value"":false,""ai_value"":false,""status"":""agreed_false"",""confidence"":0.8,""evidence_text"":""""},{""name"":""authoritative_source"",""deterministic_value"":true,""ai_value"":false,""status"":""disputed"",""confidence"":0.8,""evidence_text"":""国家发展改革委""},{""name"":""quantitative_evidence"",""deterministic_value"":true,""ai_value"":false,""status"":""disputed"",""confidence"":0.8,""evidence_text"":""1280万辆""},{""name"":""uncertainty_high"",""deterministic_value"":true,""ai_value"":false,""status"":""disputed"",""confidence"":0.8,""evidence_text"":""预计""}]",2024年产销均超1280万辆 中国新能源汽车连续十年全球领跑|上海证券报,rulebook_inactive,Qwen/Qwen2.5-0.5B-Instruct,local-b170ba869443dee1
LC-TEXT-0014,2025-01-16,neutral,0.0,0.0,0.8,5,[],"[{""name"":""supply_disruption"",""deterministic_value"":false,""ai_value"":false,""status"":""agreed_false"",""confidence"":0.8,""evidence_text"":""""},{""name"":""supply_expansion"",""deterministic_value"":false,""ai_value"":true,""status"":""disputed"",""confidence"":0.8,""evidence_text"":""新型储能装机规模首次超过抽水蓄能""},{""name"":""production_resumption"",""deterministic_value"":false,""ai_value"":false,""status"":""agreed_false"",""confidence"":0.8,""evidence_text"":""""},{""name"":""demand_ev_positive"",""deterministic_value"":false,""ai_value"":false,""status"":""agreed_false"",""confidence"":0.8,""evidence_text"":""""},{""name"":""demand_storage_positive"",""deterministic_value"":true,""ai_value"":true,""status"":""agreed_true"",""confidence"":0.8,""evidence_text"":""新型储能招标市场规模持续增长""},{""name"":""demand_weak_or_price_war"",""deterministic_value"":false,""ai_value"":false,""status"":""agreed_false"",""confidence"":0.8,""evidence_text"":""""},{""name"":""inventory_drawdown"",""deterministic_value"":false,""ai_value"":false,""status"":""agreed_false"",""confidence"":0.8,""evidence_text"":""""},{""name"":""inventory_build"",""deterministic_value"":false,""ai_value"":false,""status"":""agreed_false"",""confidence"":0.8,""evidence_text"":""""},{""name"":""warehouse_receipt_decline"",""deterministic_value"":false,""ai_value"":false,""status"":""agreed_false"",""confidence"":0.8,""evidence_text"":""""},{""name"":""warehouse_receipt_increase"",""deterministic_value"":false,""ai_value"":false,""status"":""agreed_false"",""confidence"":0.8,""evidence_text"":""""},{""name"":""policy_demand_support"",""deterministic_value"":false,""ai_value"":false,""status"":""agreed_false"",""confidence"":0.8,""evidence_text"":""""},{""name"":""import_supply_pressure"",""deterministic_value"":false,""ai_value"":false,""status"":""agreed_false"",""confidence"":0.8,""evidence_text"":""""},{""name"":""cost_support"",""deterministic_value"":false,""ai_value"":false,""status"":""agreed_false"",""confidence"":0.8,""evidence_text"":""""},{""name"":""delivery_pressure"",""deterministic_value"":false,""ai_value"":false,""status"":""agreed_false"",""confidence"":0.8,""evidence_text"":""""},{""name"":""authoritative_source"",""deterministic_value"":false,""ai_value"":false,""status"":""agreed_false"",""confidence"":0.8,""evidence_text"":""""},{""name"":""quantitative_evidence"",""deterministic_value"":true,""ai_value"":false,""status"":""disputed"",""confidence"":0.8,""evidence_text"":""137.9GW""},{""name"":""uncertainty_high"",""deterministic_value"":true,""ai_value"":false,""status"":""disputed"",""confidence"":0.8,""evidence_text"":""预计""}]",新型储能装机规模首次超过抽水蓄能,rulebook_inactive,Qwen/Qwen2.5-0.5B-Instruct,local-763282e558916664
LC-TEXT-0016,2025-01-23,neutral,0.0,0.0,0.8,5,[],"[{""name"":""supply_disruption"",""deterministic_value"":false,""ai_value"":false,""status"":""agreed_false"",""confidence"":0.8,""evidence_text"":""""},{""name"":""supply_expansion"",""deterministic_value"":false,""ai_value"":false,""status"":""agreed_false"",""confidence"":0.8,""evidence_text"":""""},{""name"":""production_resumption"",""deterministic_value"":false,""ai_value"":false,""status"":""agreed_false"",""confidence"":0.8,""evidence_text"":""""},{""name"":""demand_ev_positive"",""deterministic_value"":false,""ai_value"":false,""status"":""agreed_false"",""confidence"":0.8,""evidence_text"":""""},{""name"":""demand_storage_positive"",""deterministic_value"":false,""ai_value"":false,""status"":""agreed_false"",""confidence"":0.8,""evidence_text"":""""},{""name"":""demand_weak_or_price_war"",""deterministic_value"":false,""ai_value"":false,""status"":""agreed_false"",""confidence"":0.8,""evidence_text"":""""},{""name"":""inventory_drawdown"",""deterministic_value"":false,""ai_value"":false,""status"":""agreed_false"",""confidence"":0.8,""evidence_text"":""""},{""name"":""inventory_build"",""deterministic_value"":false,""ai_value"":false,""status"":""agreed_false"",""confidence"":0.8,""evidence_text"":""""},{""name"":""warehouse_receipt_decline"",""deterministic_value"":false,""ai_value"":false,""status"":""agreed_false"",""confidence"":0.8,""evidence_text"":""""},{""name"":""warehouse_receipt_increase"",""deterministic_value"":false,""ai_value"":false,""status"":""agreed_false"",""confidence"":0.8,""evidence_text"":""""},{""name"":""policy_demand_support"",""deterministic_value"":true,""ai_value"":false,""status"":""disputed"",""confidence"":0.8,""evidence_text"":""政策支持""},{""name"":""import_supply_pressure"",""deterministic_value"":false,""ai_value"":false,""status"":""agreed_false"",""confidence"":0.8,""evidence_text"":""""},{""name"":""cost_support"",""deterministic_value"":false,""ai_value"":false,""status"":""agreed_false"",""confidence"":0.8,""evidence_text"":""""},{""name"":""delivery_pressure"",""deterministic_value"":false,""ai_value"":false,""status"":""agreed_false"",""confidence"":0.8,""evidence_text"":""""},{""name"":""authoritative_source"",""deterministic_value"":false,""ai_value"":false,""status"":""agreed_false"",""confidence"":0.8,""evidence_text"":""""},{""name"":""quantitative_evidence"",""deterministic_value"":true,""ai_value"":true,""status"":""agreed_true"",""confidence"":0.8,""evidence_text"":""15万台""},{""name"":""uncertainty_high"",""deterministic_value"":true,""ai_value"":false,""status"":""disputed"",""confidence"":0.8,""evidence_text"":""预计""}]",,rulebook_inactive,Qwen/Qwen2.5-0.5B-Instruct,local-2038766e1ff18ed9
LC-TEXT-0025,2025-12-11,neutral,0.0,0.0,0.8,5,[],"[{""name"":""supply_disruption"",""deterministic_value"":false,""ai_value"":false,""status"":""agreed_false"",""confidence"":0.8,""evidence_text"":""""},{""name"":""supply_expansion"",""deterministic_value"":false,""ai_value"":false,""status"":""agreed_false"",""confidence"":0.8,""evidence_text"":""""},{""name"":""production_resumption"",""deterministic_value"":false,""ai_value"":false,""status"":""agreed_false"",""confidence"":0.8,""evidence_text"":""""},{""name"":""demand_ev_positive"",""deterministic_value"":false,""ai_value"":false,""status"":""agreed_false"",""confidence"":0.8,""evidence_text"":""""},{""name"":""demand_storage_positive"",""deterministic_value"":false,""ai_value"":false,""status"":""agreed_false"",""confidence"":0.8,""evidence_text"":""""},{""name"":""demand_weak_or_price_war"",""deterministic_value"":true,""ai_value"":false,""status"":""disputed"",""confidence"":0.8,""evidence_text"":""价格战""},{""name"":""inventory_drawdown"",""deterministic_value"":true,""ai_value"":false,""status"":""disputed"",""confidence"":0.8,""evidence_text"":""库存去化""},{""name"":""inventory_build"",""deterministic_value"":false,""ai_value"":false,""status"":""agreed_false"",""confidence"":0.8,""evidence_text"":""""},{""name"":""warehouse_receipt_decline"",""deterministic_value"":false,""ai_value"":false,""status"":""agreed_false"",""confidence"":0.8,""evidence_text"":""""},{""name"":""warehouse_receipt_increase"",""deterministic_value"":false,""ai_value"":false,""status"":""agreed_false"",""confidence"":0.8,""evidence_text"":""""},{""name"":""policy_demand_support"",""deterministic_value"":false,""ai_value"":false,""status"":""agreed_false"",""confidence"":0.8,""evidence_text"":""""},{""name"":""import_supply_pressure"",""deterministic_value"":false,""ai_value"":false,""status"":""agreed_false"",""confidence"":0.8,""evidence_text"":""""},{""name"":""cost_support"",""deterministic_value"":false,""ai_value"":false,""status"":""agreed_false"",""confidence"":0.8,""evidence_text"":""""},{""name"":""delivery_pressure"",""deterministic_value"":false,""ai_value"":false,""status"":""agreed_false"",""confidence"":0.8,""evidence_text"":""""},{""name"":""authoritative_source"",""deterministic_value"":true,""ai_value"":false,""status"":""disputed"",""confidence"":0.8,""evidence_text"":""上市公司""},{""name"":""quantitative_evidence"",""deterministic_value"":true,""ai_value"":false,""status"":""disputed"",""confidence"":0.8,""evidence_text"":""8%""},{""name"":""uncertainty_high"",""deterministic_value"":true,""ai_value"":false,""status"":""disputed"",""confidence"":0.8,""evidence_text"":""预计""}]",,rulebook_inactive,Qwen/Qwen2.5-0.5B-Instruct,local-dcd35601f5aefdc9
LC-TEXT-0028,2026-01-12,neutral,0.0,0.0,1.0,5,[],"[{""name"":""supply_disruption"",""deterministic_value"":false,""ai_value"":true,""status"":""disputed"",""confidence"":1.0,""evidence_text"":""新能源项目（风电、太阳能发电，下同）上网电量原则上全部进入电力市场，上网电价通过市场交易形成。""},{""name"":""supply_expansion"",""deterministic_value"":true,""ai_value"":false,""status"":""disputed"",""confidence"":1.0,""evidence_text"":""投产""},{""name"":""production_resumption"",""deterministic_value"":false,""ai_value"":false,""status"":""agreed_false"",""confidence"":1.0,""evidence_text"":""""},{""name"":""demand_ev_positive"",""deterministic_value"":false,""ai_value"":false,""status"":""agreed_false"",""confidence"":1.0,""evidence_text"":""""},{""name"":""demand_storage_positive"",""deterministic_value"":false,""ai_value"":false,""status"":""agreed_false"",""confidence"":1.0,""evidence_text"":""""},{""name"":""demand_weak_or_price_war"",""deterministic_value"":false,""ai_value"":false,""status"":""agreed_false"",""confidence"":1.0,""evidence_text"":""""},{""name"":""inventory_drawdown"",""deterministic_value"":false,""ai_value"":false,""status"":""agreed_false"",""confidence"":1.0,""evidence_text"":""""},{""name"":""inventory_build"",""deterministic_value"":false,""ai_value"":false,""status"":""agreed_false"",""confidence"":1.0,""evidence_text"":""""},{""name"":""warehouse_receipt_decline"",""deterministic_value"":false,""ai_value"":false,""status"":""agreed_false"",""confidence"":1.0,""evidence_text"":""""},{""name"":""warehouse_receipt_increase"",""deterministic_value"":false,""ai_value"":false,""status"":""agreed_false"",""confidence"":1.0,""evidence_text"":""""},{""name"":""policy_demand_support"",""deterministic_value"":false,""ai_value"":false,""status"":""agreed_false"",""confidence"":1.0,""evidence_text"":""""},{""name"":""import_supply_pressure"",""deterministic_value"":false,""ai_value"":false,""status"":""agreed_false"",""confidence"":1.0,""evidence_text"":""""},{""name"":""cost_support"",""deterministic_value"":false,""ai_value"":false,""status"":""agreed_false"",""confidence"":1.0,""evidence_text"":""""},{""name"":""delivery_pressure"",""deterministic_value"":false,""ai_value"":false,""status"":""agreed_false"",""confidence"":1.0,""evidence_text"":""""},{""name"":""authoritative_source"",""deterministic_value"":true,""ai_value"":false,""status"":""disputed"",""confidence"":1.0,""evidence_text"":""国务院""},{""name"":""quantitative_evidence"",""deterministic_value"":true,""ai_value"":false,""status"":""disputed"",""confidence"":1.0,""evidence_text"":""12个""},{""name"":""uncertainty_high"",""deterministic_value"":false,""ai_value"":false,""status"":""agreed_false"",""confidence"":1.0,""evidence_text"":""""}]",无,rulebook_inactive,Qwen/Qwen2.5-0.5B-Instruct,local-7bee24c6c702ff6e
LC-TEXT-0033,2026-01-30,neutral,0.0,0.0,0.8,5,[],"[{""name"":""supply_disruption"",""deterministic_value"":false,""ai_value"":false,""status"":""agreed_false"",""confidence"":0.8,""evidence_text"":""""},{""name"":""supply_expansion"",""deterministic_value"":false,""ai_value"":false,""status"":""agreed_false"",""confidence"":0.8,""evidence_text"":""""},{""name"":""production_resumption"",""deterministic_value"":false,""ai_value"":false,""status"":""agreed_false"",""confidence"":0.8,""evidence_text"":""""},{""name"":""demand_ev_positive"",""deterministic_value"":false,""ai_value"":false,""status"":""agreed_false"",""confidence"":0.8,""evidence_text"":""""},{""name"":""demand_storage_positive"",""deterministic_value"":false,""ai_value"":false,""status"":""agreed_false"",""confidence"":0.8,""evidence_text"":""""},{""name"":""demand_weak_or_price_war"",""deterministic_value"":false,""ai_value"":false,""status"":""agreed_false"",""confidence"":0.8,""evidence_text"":""""},{""name"":""inventory_drawdown"",""deterministic_value"":false,""ai_value"":false,""status"":""agreed_false"",""confidence"":0.8,""evidence_text"":""""},{""name"":""inventory_build"",""deterministic_value"":false,""ai_value"":false,""status"":""agreed_false"",""confidence"":0.8,""evidence_text"":""""},{""name"":""warehouse_receipt_decline"",""deterministic_value"":false,""ai_value"":false,""status"":""agreed_false"",""confidence"":0.8,""evidence_text"":""""},{""name"":""warehouse_receipt_increase"",""deterministic_value"":false,""ai_value"":true,""status"":""disputed"",""confidence"":0.8,""evidence_text"":""2025 年年度业绩预告""},{""name"":""policy_demand_support"",""deterministic_value"":false,""ai_value"":false,""status"":""agreed_false"",""confidence"":0.8,""evidence_text"":""""},{""name"":""import_supply_pressure"",""deterministic_value"":false,""ai_value"":false,""status"":""agreed_false"",""confidence"":0.8,""evidence_text"":""""},{""name"":""cost_support"",""deterministic_value"":false,""ai_value"":false,""status"":""agreed_false"",""confidence"":0.8,""evidence_text"":""""},{""name"":""delivery_pressure"",""deterministic_value"":false,""ai_value"":false,""status"":""agreed_false"",""confidence"":0.8,""evidence_text"":""""},{""name"":""authoritative_source"",""deterministic_value"":true,""ai_value"":false,""status"":""disputed"",""confidence"":0.8,""evidence_text"":""公告""},{""name"":""quantitative_evidence"",""deterministic_value"":false,""ai_value"":false,""status"":""agreed_false"",""confidence"":0.8,""evidence_text"":""""},{""name"":""uncertainty_high"",""deterministic_value"":true,""ai_value"":false,""status"":""disputed"",""confidence"":0.8,""evidence_text"":""预计""}]",2025 年年度业绩预告,rulebook_inactive,Qwen/Qwen2.5-0.5B-Instruct,local-1b66bc7fa04dcfc9
LC-TEXT-0034,2026-02-04,neutral,0.0,0.0,0.8,5,[],"[{""name"":""supply_disruption"",""deterministic_value"":false,""ai_value"":false,""status"":""agreed_false"",""confidence"":0.8,""evidence_text"":""""},{""name"":""supply_expansion"",""deterministic_value"":false,""ai_value"":false,""status"":""agreed_false"",""confidence"":0.8,""evidence_text"":""""},{""name"":""production_resumption"",""deterministic_value"":false,""ai_value"":false,""status"":""agreed_false"",""confidence"":0.8,""evidence_text"":""""},{""name"":""demand_ev_positive"",""deterministic_value"":true,""ai_value"":false,""status"":""disputed"",""confidence"":0.8,""evidence_text"":""以旧换新""},{""name"":""demand_storage_positive"",""deterministic_value"":false,""ai_value"":false,""status"":""agreed_false"",""confidence"":0.8,""evidence_text"":""""},{""name"":""demand_weak_or_price_war"",""deterministic_value"":false,""ai_value"":false,""status"":""agreed_false"",""confidence"":0.8,""evidence_text"":""""},{""name"":""inventory_drawdown"",""deterministic_value"":false,""ai_value"":false,""status"":""agreed_false"",""confidence"":0.8,""evidence_text"":""""},{""name"":""inventory_build"",""deterministic_value"":false,""ai_value"":false,""status"":""agreed_false"",""confidence"":0.8,""evidence_text"":""""},{""name"":""warehouse_receipt_decline"",""deterministic_value"":false,""ai_value"":false,""status"":""agreed_false"",""confidence"":0.8,""evidence_text"":""""},{""name"":""warehouse_receipt_increase"",""deterministic_value"":false,""ai_value"":false,""status"":""agreed_false"",""confidence"":0.8,""evidence_text"":""""},{""name"":""policy_demand_support"",""deterministic_value"":true,""ai_value"":false,""status"":""disputed"",""confidence"":0.8,""evidence_text"":""以旧换新""},{""name"":""import_supply_pressure"",""deterministic_value"":false,""ai_value"":false,""status"":""agreed_false"",""confidence"":0.8,""evidence_text"":""""},{""name"":""cost_support"",""deterministic_value"":false,""ai_value"":false,""status"":""agreed_false"",""confidence"":0.8,""evidence_text"":""""},{""name"":""delivery_pressure"",""deterministic_value"":false,""ai_value"":false,""status"":""agreed_false"",""confidence"":0.8,""evidence_text"":""""},{""name"":""authoritative_source"",""deterministic_value"":true,""ai_value"":false,""status"":""disputed"",""confidence"":0.8,""evidence_text"":""国务院""},{""name"":""quantitative_evidence"",""deterministic_value"":true,""ai_value"":false,""status"":""disputed"",""confidence"":0.8,""evidence_text"":""3个""},{""name"":""uncertainty_high"",""deterministic_value"":false,""ai_value"":false,""status"":""agreed_false"",""confidence"":0.8,""evidence_text"":""""}]",无,rulebook_inactive,Qwen/Qwen2.5-0.5B-Instruct,local-f62722a0c271c87d
LC-TEXT-0042,2026-04-01,neutral,0.0,0.0,0.5,5,[],"[{""name"":""supply_disruption"",""deterministic_value"":false,""ai_value"":false,""status"":""agreed_false"",""confidence"":0.5,""evidence_text"":""""},{""name"":""supply_expansion"",""deterministic_value"":false,""ai_value"":false,""status"":""agreed_false"",""confidence"":0.5,""evidence_text"":""""},{""name"":""production_resumption"",""deterministic_value"":false,""ai_value"":false,""status"":""agreed_false"",""confidence"":0.5,""evidence_text"":""""},{""name"":""demand_ev_positive"",""deterministic_value"":false,""ai_value"":false,""status"":""agreed_false"",""confidence"":0.5,""evidence_text"":""""},{""name"":""demand_storage_positive"",""deterministic_value"":false,""ai_value"":false,""status"":""agreed_false"",""confidence"":0.5,""evidence_text"":""""},{""name"":""demand_weak_or_price_war"",""deterministic_value"":false,""ai_value"":false,""status"":""agreed_false"",""confidence"":0.5,""evidence_text"":""""},{""name"":""inventory_drawdown"",""deterministic_value"":false,""ai_value"":false,""status"":""agreed_false"",""confidence"":0.5,""evidence_text"":""""},{""name"":""inventory_build"",""deterministic_value"":false,""ai_value"":false,""status"":""agreed_false"",""confidence"":0.5,""evidence_text"":""""},{""name"":""warehouse_receipt_decline"",""deterministic_value"":false,""ai_value"":false,""status"":""agreed_false"",""confidence"":0.5,""evidence_text"":""""},{""name"":""warehouse_receipt_increase"",""deterministic_value"":false,""ai_value"":false,""status"":""agreed_false"",""confidence"":0.5,""evidence_text"":""""},{""name"":""policy_demand_support"",""deterministic_value"":false,""ai_value"":false,""status"":""agreed_false"",""confidence"":0.5,""evidence_text"":""""},{""name"":""import_supply_pressure"",""deterministic_value"":false,""ai_value"":false,""status"":""agreed_false"",""confidence"":0.5,""evidence_text"":""""},{""name"":""cost_support"",""deterministic_value"":false,""ai_value"":false,""status"":""agreed_false"",""confidence"":0.5,""evidence_text"":""""},{""name"":""delivery_pressure"",""deterministic_value"":false,""ai_value"":false,""status"":""agreed_false"",""confidence"":0.5,""evidence_text"":""""},{""name"":""authoritative_source"",""deterministic_value"":true,""ai_value"":false,""status"":""disputed"",""confidence"":0.5,""evidence_text"":""公告""},{""name"":""quantitative_evidence"",""deterministic_value"":false,""ai_value"":false,""status"":""agreed_false"",""confidence"":0.5,""evidence_text"":""""},{""name"":""uncertainty_high"",""deterministic_value"":false,""ai_value"":false,""status"":""agreed_false"",""confidence"":0.5,""evidence_text"":""""}]",关于2025年第四季度计提资产减值准备的公告,rulebook_inactive,Qwen/Qwen2.5-0.5B-Instruct,local-279898a0730b32b2
LC-TEXT-0052,2026-05-18,neutral,0.0,0.0,0.4,5,[],"[{""name"":""supply_disruption"",""deterministic_value"":false,""ai_value"":false,""status"":""agreed_false"",""confidence"":0.5,""evidence_text"":""""},{""name"":""supply_expansion"",""deterministic_value"":false,""ai_value"":false,""status"":""agreed_false"",""confidence"":0.5,""evidence_text"":""""},{""name"":""production_resumption"",""deterministic_value"":false,""ai_value"":false,""status"":""agreed_false"",""confidence"":0.5,""evidence_text"":""""},{""name"":""demand_ev_positive"",""deterministic_value"":false,""ai_value"":false,""status"":""agreed_false"",""confidence"":0.5,""evidence_text"":""""},{""name"":""demand_storage_positive"",""deterministic_value"":false,""ai_value"":false,""status"":""agreed_false"",""confidence"":0.5,""evidence_text"":""""},{""name"":""demand_weak_or_price_war"",""deterministic_value"":false,""ai_value"":false,""status"":""agreed_false"",""confidence"":0.5,""evidence_text"":""""},{""name"":""inventory_drawdown"",""deterministic_value"":false,""ai_value"":false,""status"":""agreed_false"",""confidence"":0.5,""evidence_text"":""""},{""name"":""inventory_build"",""deterministic_value"":false,""ai_value"":true,""status"":""disputed"",""confidence"":0.4,""evidence_text"":""原材料自给率预计达到多少？""},{""name"":""warehouse_receipt_decline"",""deterministic_value"":false,""ai_value"":false,""status"":""agreed_false"",""confidence"":0.5,""evidence_text"":""""},{""name"":""warehouse_receipt_increase"",""deterministic_value"":false,""ai_value"":false,""status"":""agreed_false"",""confidence"":0.5,""evidence_text"":""""},{""name"":""policy_demand_support"",""deterministic_value"":false,""ai_value"":false,""status"":""agreed_false"",""confidence"":0.5,""evidence_text"":""""},{""name"":""import_supply_pressure"",""deterministic_value"":false,""ai_value"":false,""status"":""agreed_false"",""confidence"":0.5,""evidence_text"":""""},{""name"":""cost_support"",""deterministic_value"":false,""ai_value"":true,""status"":""disputed"",""confidence"":0.4,""evidence_text"":""具体经营信息请以公司公开披露为""},{""name"":""delivery_pressure"",""deterministic_value"":false,""ai_value"":true,""status"":""disputed"",""confidence"":0.4,""evidence_text"":""原材料自给率预计达到多少？""},{""name"":""authoritative_source"",""deterministic_value"":false,""ai_value"":false,""status"":""agreed_false"",""confidence"":0.5,""evidence_text"":""""},{""name"":""quantitative_evidence"",""deterministic_value"":false,""ai_value"":false,""status"":""agreed_false"",""confidence"":0.5,""evidence_text"":""""},{""name"":""uncertainty_high"",""deterministic_value"":true,""ai_value"":false,""status"":""disputed"",""confidence"":0.5,""evidence_text"":""预计""}]",原材料自给率预计达到多少？,rulebook_inactive,Qwen/Qwen2.5-0.5B-Instruct,local-6834c8836eab887e
LC-TEXT-0054,2026-06-01,neutral,0.0,0.0,0.9,5,[],"[{""name"":""supply_disruption"",""deterministic_value"":false,""ai_value"":false,""status"":""agreed_false"",""confidence"":0.9,""evidence_text"":""""},{""name"":""supply_expansion"",""deterministic_value"":false,""ai_value"":false,""status"":""agreed_false"",""confidence"":0.9,""evidence_text"":""""},{""name"":""production_resumption"",""deterministic_value"":false,""ai_value"":false,""status"":""agreed_false"",""confidence"":0.9,""evidence_text"":""""},{""name"":""demand_ev_positive"",""deterministic_value"":false,""ai_value"":false,""status"":""agreed_false"",""confidence"":0.9,""evidence_text"":""""},{""name"":""demand_storage_positive"",""deterministic_value"":false,""ai_value"":false,""status"":""agreed_false"",""confidence"":0.9,""evidence_text"":""""},{""name"":""demand_weak_or_price_war"",""deterministic_value"":false,""ai_value"":false,""status"":""agreed_false"",""confidence"":0.9,""evidence_text"":""""},{""name"":""inventory_drawdown"",""deterministic_value"":false,""ai_value"":false,""status"":""agreed_false"",""confidence"":0.9,""evidence_text"":""""},{""name"":""inventory_build"",""deterministic_value"":false,""ai_value"":false,""status"":""agreed_false"",""confidence"":0.9,""evidence_text"":""""},{""name"":""warehouse_receipt_decline"",""deterministic_value"":false,""ai_value"":true,""status"":""disputed"",""confidence"":0.9,""evidence_text"":""2026年公布了钠电隔膜""},{""name"":""warehouse_receipt_increase"",""deterministic_value"":false,""ai_value"":false,""status"":""agreed_false"",""confidence"":0.9,""evidence_text"":""""},{""name"":""policy_demand_support"",""deterministic_value"":false,""ai_value"":true,""status"":""disputed"",""confidence"":0.9,""evidence_text"":""未来钠电池储能是电能储存的主力军""},{""name"":""import_supply_pressure"",""deterministic_value"":false,""ai_value"":false,""status"":""agreed_false"",""confidence"":0.9,""evidence_text"":""""},{""name"":""cost_support"",""deterministic_value"":false,""ai_value"":false,""status"":""agreed_false"",""confidence"":0.9,""evidence_text"":""""},{""name"":""delivery_pressure"",""deterministic_value"":false,""ai_value"":true,""status"":""disputed"",""confidence"":0.9,""evidence_text"":""公司与具体客户的合作信息涉及商业保密协议的约束""},{""name"":""authoritative_source"",""deterministic_value"":false,""ai_value"":false,""status"":""agreed_false"",""confidence"":0.9,""evidence_text"":""""},{""name"":""quantitative_evidence"",""deterministic_value"":false,""ai_value"":false,""status"":""agreed_false"",""confidence"":0.9,""evidence_text"":""""},{""name"":""uncertainty_high"",""deterministic_value"":false,""ai_value"":false,""status"":""agreed_false"",""confidence"":0.9,""evidence_text"":""""}]",2026年公布了钠电隔膜,rulebook_inactive,Qwen/Qwen2.5-0.5B-Instruct,local-22faecc392ff09d8
LC-TEXT-0061,2026-06-24,neutral,0.0,0.0,0.8,5,[],"[{""name"":""supply_disruption"",""deterministic_value"":false,""ai_value"":false,""status"":""agreed_false"",""confidence"":0.8,""evidence_text"":""""},{""name"":""supply_expansion"",""deterministic_value"":true,""ai_value"":false,""status"":""disputed"",""confidence"":0.8,""evidence_text"":""投产""},{""name"":""production_resumption"",""deterministic_value"":false,""ai_value"":false,""status"":""agreed_false"",""confidence"":0.8,""evidence_text"":""""},{""name"":""demand_ev_positive"",""deterministic_value"":false,""ai_value"":false,""status"":""agreed_false"",""confidence"":0.8,""evidence_text"":""""},{""name"":""demand_storage_positive"",""deterministic_value"":false,""ai_value"":false,""status"":""agreed_false"",""confidence"":0.8,""evidence_text"":""""},{""name"":""demand_weak_or_price_war"",""deterministic_value"":false,""ai_value"":false,""status"":""agreed_false"",""confidence"":0.8,""evidence_text"":""""},{""name"":""inventory_drawdown"",""deterministic_value"":false,""ai_value"":false,""status"":""agreed_false"",""confidence"":0.8,""evidence_text"":""""},{""name"":""inventory_build"",""deterministic_value"":false,""ai_value"":false,""status"":""agreed_false"",""confidence"":0.8,""evidence_text"":""""},{""name"":""warehouse_receipt_decline"",""deterministic_value"":false,""ai_value"":false,""status"":""agreed_false"",""confidence"":0.8,""evidence_text"":""""},{""name"":""warehouse_receipt_increase"",""deterministic_value"":false,""ai_value"":false,""status"":""agreed_false"",""confidence"":0.8,""evidence_text"":""""},{""name"":""policy_demand_support"",""deterministic_value"":false,""ai_value"":false,""status"":""agreed_false"",""confidence"":0.8,""evidence_text"":""""},{""name"":""import_supply_pressure"",""deterministic_value"":false,""ai_value"":false,""status"":""agreed_false"",""confidence"":0.8,""evidence_text"":""""},{""name"":""cost_support"",""deterministic_value"":false,""ai_value"":false,""status"":""agreed_false"",""confidence"":0.8,""evidence_text"":""""},{""name"":""delivery_pressure"",""deterministic_value"":false,""ai_value"":false,""status"":""agreed_false"",""confidence"":0.8,""evidence_text"":""""},{""name"":""authoritative_source"",""deterministic_value"":true,""ai_value"":false,""status"":""disputed"",""confidence"":0.8,""evidence_text"":""公告""},{""name"":""quantitative_evidence"",""deterministic_value"":true,""ai_value"":false,""status"":""disputed"",""confidence"":0.8,""evidence_text"":""16GWh""},{""name"":""uncertainty_high"",""deterministic_value"":true,""ai_value"":false,""status"":""disputed"",""confidence"":0.8,""evidence_text"":""存在不确定性""}]",无,rulebook_inactive,Qwen/Qwen2.5-0.5B-Instruct,local-e3bfb157310e039a
LC-TEXT-0005,2023-12-15,neutral,0.0,0.0,0.8,5,[],"[{""name"":""supply_disruption"",""deterministic_value"":false,""ai_value"":false,""status"":""agreed_false"",""confidence"":0.8,""evidence_text"":""""},{""name"":""supply_expansion"",""deterministic_value"":true,""ai_value"":false,""status"":""disputed"",""confidence"":0.8,""evidence_text"":""投产""},{""name"":""production_resumption"",""deterministic_value"":true,""ai_value"":false,""status"":""disputed"",""confidence"":0.8,""evidence_text"":""复产""},{""name"":""demand_ev_positive"",""deterministic_value"":false,""ai_value"":false,""status"":""agreed_false"",""confidence"":0.8,""evidence_text"":""""},{""name"":""demand_storage_positive"",""deterministic_value"":false,""ai_value"":false,""status"":""agreed_false"",""confidence"":0.8,""evidence_text"":""""},{""name"":""demand_weak_or_price_war"",""deterministic_value"":false,""ai_value"":false,""status"":""agreed_false"",""confidence"":0.8,""evidence_text"":""""},{""name"":""inventory_drawdown"",""deterministic_value"":false,""ai_value"":false,""status"":""agreed_false"",""confidence"":0.8,""evidence_text"":""""},{""name"":""inventory_build"",""deterministic_value"":false,""ai_value"":false,""status"":""agreed_false"",""confidence"":0.8,""evidence_text"":""""},{""name"":""warehouse_receipt_decline"",""deterministic_value"":false,""ai_value"":false,""status"":""agreed_false"",""confidence"":0.8,""evidence_text"":""""},{""name"":""warehouse_receipt_increase"",""deterministic_value"":false,""ai_value"":false,""status"":""agreed_false"",""confidence"":0.8,""evidence_text"":""""},{""name"":""policy_demand_support"",""deterministic_value"":false,""ai_value"":false,""status"":""agreed_false"",""confidence"":0.8,""evidence_text"":""""},{""name"":""import_supply_pressure"",""deterministic_value"":false,""ai_value"":false,""status"":""agreed_false"",""confidence"":0.8,""evidence_text"":""""},{""name"":""cost_support"",""deterministic_value"":false,""ai_value"":false,""status"":""agreed_false"",""confidence"":0.8,""evidence_text"":""""},{""name"":""delivery_pressure"",""deterministic_value"":false,""ai_value"":false,""status"":""agreed_false"",""confidence"":0.8,""evidence_text"":""""},{""name"":""authoritative_source"",""deterministic_value"":false,""ai_value"":false,""status"":""agreed_false"",""confidence"":0.8,""evidence_text"":""""},{""name"":""quantitative_evidence"",""deterministic_value"":true,""ai_value"":false,""status"":""disputed"",""confidence"":0.8,""evidence_text"":""6.6%""},{""name"":""uncertainty_high"",""deterministic_value"":true,""ai_value"":false,""status"":""disputed"",""confidence"":0.8,""evidence_text"":""可能""}]",2023-11规模以上工业增加值官方发布,rulebook_inactive,Qwen/Qwen2.5-0.5B-Instruct,local-f3d2626a6b187eca
GFEX-WR-20231222,2023-12-22,neutral,0.0,0.0,0.8,5,[],"[{""name"":""supply_disruption"",""deterministic_value"":false,""ai_value"":false,""status"":""agreed_false"",""confidence"":0.8,""evidence_text"":""""},{""name"":""supply_expansion"",""deterministic_value"":false,""ai_value"":false,""status"":""agreed_false"",""confidence"":0.8,""evidence_text"":""""},{""name"":""production_resumption"",""deterministic_value"":false,""ai_value"":false,""status"":""agreed_false"",""confidence"":0.8,""evidence_text"":""""},{""name"":""demand_ev_positive"",""deterministic_value"":false,""ai_value"":false,""status"":""agreed_false"",""confidence"":0.8,""evidence_text"":""""},{""name"":""demand_storage_positive"",""deterministic_value"":false,""ai_value"":false,""status"":""agreed_false"",""confidence"":0.8,""evidence_text"":""""},{""name"":""demand_weak_or_price_war"",""deterministic_value"":false,""ai_value"":false,""status"":""agreed_false"",""confidence"":0.8,""evidence_text"":""""},{""name"":""inventory_drawdown"",""deterministic_value"":false,""ai_value"":false,""status"":""agreed_false"",""confidence"":0.8,""evidence_text"":""""},{""name"":""inventory_build"",""deterministic_value"":false,""ai_value"":false,""status"":""agreed_false"",""confidence"":0.8,""evidence_text"":""""},{""name"":""warehouse_receipt_decline"",""deterministic_value"":false,""ai_value"":false,""status"":""agreed_false"",""confidence"":0.8,""evidence_text"":""""},{""name"":""warehouse_receipt_increase"",""deterministic_value"":true,""ai_value"":true,""status"":""agreed_true"",""confidence"":0.8,""evidence_text"":""仓单增加970手""},{""name"":""policy_demand_support"",""deterministic_value"":false,""ai_value"":false,""status"":""agreed_false"",""confidence"":0.8,""evidence_text"":""""},{""name"":""import_supply_pressure"",""deterministic_value"":false,""ai_value"":false,""status"":""agreed_false"",""confidence"":0.8,""evidence_text"":""""},{""name"":""cost_support"",""deterministic_value"":false,""ai_value"":false,""status"":""agreed_false"",""confidence"":0.8,""evidence_text"":""""},{""name"":""delivery_pressure"",""deterministic_value"":false,""ai_value"":false,""status"":""agreed_false"",""confidence"":0.8,""evidence_text"":""""},{""name"":""authoritative_source"",""deterministic_value"":true,""ai_value"":true,""status"":""agreed_true"",""confidence"":0.8,""evidence_text"":""广期所""},{""name"":""quantitative_evidence"",""deterministic_value"":false,""ai_value"":true,""status"":""disputed"",""confidence"":0.8,""evidence_text"":""970手""},{""name"":""uncertainty_high"",""deterministic_value"":false,""ai_value"":false,""status"":""agreed_false"",""confidence"":0.8,""evidence_text"":""""}]",仓单增加970手,rulebook_inactive,Qwen/Qwen2.5-0.5B-Instruct,local-582161676c5fd8a1
GFEX-WR-20231229,2023-12-29,neutral,0.0,0.0,0.8,5,[],"[{""name"":""supply_disruption"",""deterministic_value"":false,""ai_value"":false,""status"":""agreed_false"",""confidence"":0.8,""evidence_text"":""""},{""name"":""supply_expansion"",""deterministic_value"":false,""ai_value"":false,""status"":""agreed_false"",""confidence"":0.8,""evidence_text"":""""},{""name"":""production_resumption"",""deterministic_value"":false,""ai_value"":false,""status"":""agreed_false"",""confidence"":0.8,""evidence_text"":""""},{""name"":""demand_ev_positive"",""deterministic_value"":false,""ai_value"":false,""status"":""agreed_false"",""confidence"":0.8,""evidence_text"":""""},{""name"":""demand_storage_positive"",""deterministic_value"":false,""ai_value"":false,""status"":""agreed_false"",""confidence"":0.8,""evidence_text"":""""},{""name"":""demand_weak_or_price_war"",""deterministic_value"":false,""ai_value"":false,""status"":""agreed_false"",""confidence"":0.8,""evidence_text"":""""},{""name"":""inventory_drawdown"",""deterministic_value"":false,""ai_value"":false,""status"":""agreed_false"",""confidence"":0.8,""evidence_text"":""""},{""name"":""inventory_build"",""deterministic_value"":false,""ai_value"":false,""status"":""agreed_false"",""confidence"":0.8,""evidence_text"":""""},{""name"":""warehouse_receipt_decline"",""deterministic_value"":false,""ai_value"":false,""status"":""agreed_false"",""confidence"":0.8,""evidence_text"":""""},{""name"":""warehouse_receipt_increase"",""deterministic_value"":true,""ai_value"":true,""status"":""agreed_true"",""confidence"":0.8,""evidence_text"":""仓单增加820手""},{""name"":""policy_demand_support"",""deterministic_value"":false,""ai_value"":false,""status"":""agreed_false"",""confidence"":0.8,""evidence_text"":""""},{""name"":""import_supply_pressure"",""deterministic_value"":false,""ai_value"":false,""status"":""agreed_false"",""confidence"":0.8,""evidence_text"":""""},{""name"":""cost_support"",""deterministic_value"":false,""ai_value"":false,""status"":""agreed_false"",""confidence"":0.8,""evidence_text"":""""},{""name"":""delivery_pressure"",""deterministic_value"":false,""ai_value"":false,""status"":""agreed_false"",""confidence"":0.8,""evidence_text"":""""},{""name"":""authoritative_source"",""deterministic_value"":true,""ai_value"":true,""status"":""agreed_true"",""confidence"":0.8,""evidence_text"":""广期所""},{""name"":""quantitative_evidence"",""deterministic_value"":false,""ai_value"":true,""status"":""disputed"",""confidence"":0.8,""evidence_text"":""820手""},{""name"":""uncertainty_high"",""deterministic_value"":false,""ai_value"":false,""status"":""agreed_false"",""confidence"":0.8,""evidence_text"":""""}]",仓单增加820手,rulebook_inactive,Qwen/Qwen2.5-0.5B-Instruct,local-814c7ee90d70c760
GFEX-WR-20240105,2024-01-05,neutral,0.0,0.0,1.0,5,[],"[{""name"":""supply_disruption"",""deterministic_value"":false,""ai_value"":false,""status"":""agreed_false"",""confidence"":1.0,""evidence_text"":""""},{""name"":""supply_expansion"",""deterministic_value"":false,""ai_value"":false,""status"":""agreed_false"",""confidence"":1.0,""evidence_text"":""""},{""name"":""production_resumption"",""deterministic_value"":false,""ai_value"":false,""status"":""agreed_false"",""confidence"":1.0,""evidence_text"":""""},{""name"":""demand_ev_positive"",""deterministic_value"":false,""ai_value"":false,""status"":""agreed_false"",""confidence"":1.0,""evidence_text"":""""},{""name"":""demand_storage_positive"",""deterministic_value"":false,""ai_value"":false,""status"":""agreed_false"",""confidence"":1.0,""evidence_text"":""""},{""name"":""demand_weak_or_price_war"",""deterministic_value"":false,""ai_value"":false,""status"":""agreed_false"",""confidence"":1.0,""evidence_text"":""""},{""name"":""inventory_drawdown"",""deterministic_value"":false,""ai_value"":false,""status"":""agreed_false"",""confidence"":1.0,""evidence_text"":""""},{""name"":""inventory_build"",""deterministic_value"":false,""ai_value"":false,""status"":""agreed_false"",""confidence"":1.0,""evidence_text"":""""},{""name"":""warehouse_receipt_decline"",""deterministic_value"":false,""ai_value"":false,""status"":""agreed_false"",""confidence"":1.0,""evidence_text"":""""},{""name"":""warehouse_receipt_increase"",""deterministic_value"":true,""ai_value"":true,""status"":""agreed_true"",""confidence"":1.0,""evidence_text"":""仓单增加1022手""},{""name"":""policy_demand_support"",""deterministic_value"":false,""ai_value"":false,""status"":""agreed_false"",""confidence"":1.0,""evidence_text"":""""},{""name"":""import_supply_pressure"",""deterministic_value"":false,""ai_value"":false,""status"":""agreed_false"",""confidence"":1.0,""evidence_text"":""""},{""name"":""cost_support"",""deterministic_value"":false,""ai_value"":false,""status"":""agreed_false"",""confidence"":1.0,""evidence_text"":""""},{""name"":""delivery_pressure"",""deterministic_value"":false,""ai_value"":false,""status"":""agreed_false"",""confidence"":1.0,""evidence_text"":""""},{""name"":""authoritative_source"",""deterministic_value"":true,""ai_value"":true,""status"":""agreed_true"",""confidence"":1.0,""evidence_text"":""广期所""},{""name"":""quantitative_evidence"",""deterministic_value"":false,""ai_value"":true,""status"":""disputed"",""confidence"":1.0,""evidence_text"":""1022手""},{""name"":""uncertainty_high"",""deterministic_value"":false,""ai_value"":false,""status"":""agreed_false"",""confidence"":1.0,""evidence_text"":""""}]",仓单增加1022手,rulebook_inactive,Qwen/Qwen2.5-0.5B-Instruct,local-ee6d4609601e7361
GFEX-WR-20240112,2024-01-12,neutral,0.0,0.0,0.9,5,[],"[{""name"":""supply_disruption"",""deterministic_value"":false,""ai_value"":false,""status"":""agreed_false"",""confidence"":0.9,""evidence_text"":""""},{""name"":""supply_expansion"",""deterministic_value"":false,""ai_value"":false,""status"":""agreed_false"",""confidence"":0.9,""evidence_text"":""""},{""name"":""production_resumption"",""deterministic_value"":false,""ai_value"":false,""status"":""agreed_false"",""confidence"":0.9,""evidence_text"":""""},{""name"":""demand_ev_positive"",""deterministic_value"":false,""ai_value"":false,""status"":""agreed_false"",""confidence"":0.9,""evidence_text"":""""},{""name"":""demand_storage_positive"",""deterministic_value"":false,""ai_value"":false,""status"":""agreed_false"",""confidence"":0.9,""evidence_text"":""""},{""name"":""demand_weak_or_price_war"",""deterministic_value"":false,""ai_value"":false,""status"":""agreed_false"",""confidence"":0.9,""evidence_text"":""""},{""name"":""inventory_drawdown"",""deterministic_value"":false,""ai_value"":false,""status"":""agreed_false"",""confidence"":0.9,""evidence_text"":""""},{""name"":""inventory_build"",""deterministic_value"":false,""ai_value"":false,""status"":""agreed_false"",""confidence"":0.9,""evidence_text"":""""},{""name"":""warehouse_receipt_decline"",""deterministic_value"":false,""ai_value"":false,""status"":""agreed_false"",""confidence"":0.9,""evidence_text"":""""},{""name"":""warehouse_receipt_increase"",""deterministic_value"":true,""ai_value"":true,""status"":""agreed_true"",""confidence"":0.9,""evidence_text"":""仓单增加1650手""},{""name"":""policy_demand_support"",""deterministic_value"":false,""ai_value"":false,""status"":""agreed_false"",""confidence"":0.9,""evidence_text"":""""},{""name"":""import_supply_pressure"",""deterministic_value"":false,""ai_value"":false,""status"":""agreed_false"",""confidence"":0.9,""evidence_text"":""""},{""name"":""cost_support"",""deterministic_value"":false,""ai_value"":false,""status"":""agreed_false"",""confidence"":0.9,""evidence_text"":""""},{""name"":""delivery_pressure"",""deterministic_value"":false,""ai_value"":false,""status"":""agreed_false"",""confidence"":0.9,""evidence_text"":""""},{""name"":""authoritative_source"",""deterministic_value"":true,""ai_value"":true,""status"":""agreed_true"",""confidence"":0.9,""evidence_text"":""广期所""},{""name"":""quantitative_evidence"",""deterministic_value"":false,""ai_value"":true,""status"":""disputed"",""confidence"":0.9,""evidence_text"":""1650手""},{""name"":""uncertainty_high"",""deterministic_value"":false,""ai_value"":false,""status"":""agreed_false"",""confidence"":0.9,""evidence_text"":""""}]",仓单增加1650手,rulebook_inactive,Qwen/Qwen2.5-0.5B-Instruct,local-74055f4c12c0e5ae
GFEX-WR-20240207,2024-02-07,neutral,0.0,0.0,0.8,5,[],"[{""name"":""supply_disruption"",""deterministic_value"":false,""ai_value"":false,""status"":""agreed_false"",""confidence"":0.8,""evidence_text"":""""},{""name"":""supply_expansion"",""deterministic_value"":false,""ai_value"":false,""status"":""agreed_false"",""confidence"":0.8,""evidence_text"":""""},{""name"":""production_resumption"",""deterministic_value"":false,""ai_value"":false,""status"":""agreed_false"",""confidence"":0.8,""evidence_text"":""""},{""name"":""demand_ev_positive"",""deterministic_value"":false,""ai_value"":false,""status"":""agreed_false"",""confidence"":0.8,""evidence_text"":""""},{""name"":""demand_storage_positive"",""deterministic_value"":false,""ai_value"":false,""status"":""agreed_false"",""confidence"":0.8,""evidence_text"":""""},{""name"":""demand_weak_or_price_war"",""deterministic_value"":false,""ai_value"":false,""status"":""agreed_false"",""confidence"":0.8,""evidence_text"":""""},{""name"":""inventory_drawdown"",""deterministic_value"":false,""ai_value"":false,""status"":""agreed_false"",""confidence"":0.8,""evidence_text"":""""},{""name"":""inventory_build"",""deterministic_value"":false,""ai_value"":false,""status"":""agreed_false"",""confidence"":0.8,""evidence_text"":""""},{""name"":""warehouse_receipt_decline"",""deterministic_value"":false,""ai_value"":false,""status"":""agreed_false"",""confidence"":0.8,""evidence_text"":""""},{""name"":""warehouse_receipt_increase"",""deterministic_value"":true,""ai_value"":true,""status"":""agreed_true"",""confidence"":0.8,""evidence_text"":""仓单增加840手""},{""name"":""policy_demand_support"",""deterministic_value"":false,""ai_value"":false,""status"":""agreed_false"",""confidence"":0.8,""evidence_text"":""""},{""name"":""import_supply_pressure"",""deterministic_value"":false,""ai_value"":false,""status"":""agreed_false"",""confidence"":0.8,""evidence_text"":""""},{""name"":""cost_support"",""deterministic_value"":false,""ai_value"":false,""status"":""agreed_false"",""confidence"":0.8,""evidence_text"":""""},{""name"":""delivery_pressure"",""deterministic_value"":false,""ai_value"":false,""status"":""agreed_false"",""confidence"":0.8,""evidence_text"":""""},{""name"":""authoritative_source"",""deterministic_value"":true,""ai_value"":true,""status"":""agreed_true"",""confidence"":0.8,""evidence_text"":""广期所""},{""name"":""quantitative_evidence"",""deterministic_value"":false,""ai_value"":true,""status"":""disputed"",""confidence"":0.8,""evidence_text"":""840手""},{""name"":""uncertainty_high"",""deterministic_value"":false,""ai_value"":false,""status"":""agreed_false"",""confidence"":0.8,""evidence_text"":""""}]",仓单增加840手,rulebook_inactive,Qwen/Qwen2.5-0.5B-Instruct,local-d7c8bd37430a547e
LC-TEXT-0006,2024-02-20,neutral,0.0,0.0,0.8,5,[],"[{""name"":""supply_disruption"",""deterministic_value"":false,""ai_value"":false,""status"":""agreed_false"",""confidence"":0.8,""evidence_text"":""""},{""name"":""supply_expansion"",""deterministic_value"":false,""ai_value"":false,""status"":""agreed_false"",""confidence"":0.8,""evidence_text"":""""},{""name"":""production_resumption"",""deterministic_value"":false,""ai_value"":false,""status"":""agreed_false"",""confidence"":0.8,""evidence_text"":""""},{""name"":""demand_ev_positive"",""deterministic_value"":false,""ai_value"":false,""status"":""agreed_false"",""confidence"":0.8,""evidence_text"":""""},{""name"":""demand_storage_positive"",""deterministic_value"":false,""ai_value"":false,""status"":""agreed_false"",""confidence"":0.8,""evidence_text"":""""},{""name"":""demand_weak_or_price_war"",""deterministic_value"":false,""ai_value"":false,""status"":""agreed_false"",""confidence"":0.8,""evidence_text"":""""},{""name"":""inventory_drawdown"",""deterministic_value"":false,""ai_value"":false,""status"":""agreed_false"",""confidence"":0.8,""evidence_text"":""""},{""name"":""inventory_build"",""deterministic_value"":false,""ai_value"":false,""status"":""agreed_false"",""confidence"":0.8,""evidence_text"":""""},{""name"":""warehouse_receipt_decline"",""deterministic_value"":false,""ai_value"":false,""status"":""agreed_false"",""confidence"":0.8,""evidence_text"":""""},{""name"":""warehouse_receipt_increase"",""deterministic_value"":false,""ai_value"":false,""status"":""agreed_false"",""confidence"":0.8,""evidence_text"":""""},{""name"":""policy_demand_support"",""deterministic_value"":false,""ai_value"":false,""status"":""agreed_false"",""confidence"":0.8,""evidence_text"":""""},{""name"":""import_supply_pressure"",""deterministic_value"":false,""ai_value"":false,""status"":""agreed_false"",""confidence"":0.8,""evidence_text"":""""},{""name"":""cost_support"",""deterministic_value"":false,""ai_value"":false,""status"":""agreed_false"",""confidence"":0.8,""evidence_text"":""""},{""name"":""delivery_pressure"",""deterministic_value"":false,""ai_value"":false,""status"":""agreed_false"",""confidence"":0.8,""evidence_text"":""""},{""name"":""authoritative_source"",""deterministic_value"":true,""ai_value"":false,""status"":""disputed"",""confidence"":0.8,""evidence_text"":""公告""},{""name"":""quantitative_evidence"",""deterministic_value"":true,""ai_value"":false,""status"":""disputed"",""confidence"":0.8,""evidence_text"":""52%""},{""name"":""uncertainty_high"",""deterministic_value"":false,""ai_value"":false,""status"":""agreed_false"",""confidence"":0.8,""evidence_text"":""""}]",动力电池的2024年：产能装车率仅52% 价格持续下跌,rulebook_inactive,Qwen/Qwen2.5-0.5B-Instruct,local-c2fdbc1fcbe90097
GFEX-WR-20240306,2024-03-06,neutral,0.0,0.0,1.0,5,[],"[{""name"":""supply_disruption"",""deterministic_value"":false,""ai_value"":false,""status"":""agreed_false"",""confidence"":1.0,""evidence_text"":""""},{""name"":""supply_expansion"",""deterministic_value"":false,""ai_value"":false,""status"":""agreed_false"",""confidence"":1.0,""evidence_text"":""""},{""name"":""production_resumption"",""deterministic_value"":false,""ai_value"":false,""status"":""agreed_false"",""confidence"":1.0,""evidence_text"":""""},{""name"":""demand_ev_positive"",""deterministic_value"":false,""ai_value"":false,""status"":""agreed_false"",""confidence"":1.0,""evidence_text"":""""},{""name"":""demand_storage_positive"",""deterministic_value"":false,""ai_value"":false,""status"":""agreed_false"",""confidence"":1.0,""evidence_text"":""""},{""name"":""demand_weak_or_price_war"",""deterministic_value"":false,""ai_value"":false,""status"":""agreed_false"",""confidence"":1.0,""evidence_text"":""""},{""name"":""inventory_drawdown"",""deterministic_value"":false,""ai_value"":false,""status"":""agreed_false"",""confidence"":1.0,""evidence_text"":""""},{""name"":""inventory_build"",""deterministic_value"":false,""ai_value"":false,""status"":""agreed_false"",""confidence"":1.0,""evidence_text"":""""},{""name"":""warehouse_receipt_decline"",""deterministic_value"":true,""ai_value"":true,""status"":""agreed_true"",""confidence"":1.0,""evidence_text"":""仓单减少2062手""},{""name"":""warehouse_receipt_increase"",""deterministic_value"":false,""ai_value"":false,""status"":""agreed_false"",""confidence"":1.0,""evidence_text"":""""},{""name"":""policy_demand_support"",""deterministic_value"":false,""ai_value"":false,""status"":""agreed_false"",""confidence"":1.0,""evidence_text"":""""},{""name"":""import_supply_pressure"",""deterministic_value"":false,""ai_value"":false,""status"":""agreed_false"",""confidence"":1.0,""evidence_text"":""""},{""name"":""cost_support"",""deterministic_value"":false,""ai_value"":false,""status"":""agreed_false"",""confidence"":1.0,""evidence_text"":""""},{""name"":""delivery_pressure"",""deterministic_value"":false,""ai_value"":false,""status"":""agreed_false"",""confidence"":1.0,""evidence_text"":""""},{""name"":""authoritative_source"",""deterministic_value"":true,""ai_value"":true,""status"":""agreed_true"",""confidence"":1.0,""evidence_text"":""广州期货交易所""},{""name"":""quantitative_evidence"",""deterministic_value"":false,""ai_value"":false,""status"":""agreed_false"",""confidence"":1.0,""evidence_text"":""""},{""name"":""uncertainty_high"",""deterministic_value"":false,""ai_value"":false,""status"":""agreed_false"",""confidence"":1.0,""evidence_text"":""""}]",仓单减少2062手,rulebook_inactive,Qwen/Qwen2.5-0.5B-Instruct,local-9a958502c272ee9a
GFEX-WR-20240325,2024-03-25,neutral,0.0,0.0,0.8,5,[],"[{""name"":""supply_disruption"",""deterministic_value"":false,""ai_value"":false,""status"":""agreed_false"",""confidence"":0.8,""evidence_text"":""""},{""name"":""supply_expansion"",""deterministic_value"":false,""ai_value"":false,""status"":""agreed_false"",""confidence"":0.8,""evidence_text"":""""},{""name"":""production_resumption"",""deterministic_value"":false,""ai_value"":false,""status"":""agreed_false"",""confidence"":0.8,""evidence_text"":""""},{""name"":""demand_ev_positive"",""deterministic_value"":false,""ai_value"":false,""status"":""agreed_false"",""confidence"":0.8,""evidence_text"":""""},{""name"":""demand_storage_positive"",""deterministic_value"":false,""ai_value"":false,""status"":""agreed_false"",""confidence"":0.8,""evidence_text"":""""},{""name"":""demand_weak_or_price_war"",""deterministic_value"":false,""ai_value"":false,""status"":""agreed_false"",""confidence"":0.8,""evidence_text"":""""},{""name"":""inventory_drawdown"",""deterministic_value"":false,""ai_value"":false,""status"":""agreed_false"",""confidence"":0.8,""evidence_text"":""""},{""name"":""inventory_build"",""deterministic_value"":false,""ai_value"":false,""status"":""agreed_false"",""confidence"":0.8,""evidence_text"":""""},{""name"":""warehouse_receipt_decline"",""deterministic_value"":true,""ai_value"":true,""status"":""agreed_true"",""confidence"":0.8,""evidence_text"":""仓单减少901手""},{""name"":""warehouse_receipt_increase"",""deterministic_value"":false,""ai_value"":false,""status"":""agreed_false"",""confidence"":0.8,""evidence_text"":""""},{""name"":""policy_demand_support"",""deterministic_value"":false,""ai_value"":false,""status"":""agreed_false"",""confidence"":0.8,""evidence_text"":""""},{""name"":""import_supply_pressure"",""deterministic_value"":false,""ai_value"":false,""status"":""agreed_false"",""confidence"":0.8,""evidence_text"":""""},{""name"":""cost_support"",""deterministic_value"":false,""ai_value"":false,""status"":""agreed_false"",""confidence"":0.8,""evidence_text"":""""},{""name"":""delivery_pressure"",""deterministic_value"":false,""ai_value"":false,""status"":""agreed_false"",""confidence"":0.8,""evidence_text"":""""},{""name"":""authoritative_source"",""deterministic_value"":true,""ai_value"":true,""status"":""agreed_true"",""confidence"":0.8,""evidence_text"":""广州期货交易所""},{""name"":""quantitative_evidence"",""deterministic_value"":false,""ai_value"":true,""status"":""disputed"",""confidence"":0.8,""evidence_text"":""13101手""},{""name"":""uncertainty_high"",""deterministic_value"":false,""ai_value"":true,""status"":""disputed"",""confidence"":0.8,""evidence_text"":""减少901手""}]",仓单减少901手,rulebook_inactive,Qwen/Qwen2.5-0.5B-Instruct,local-b55ae209f59b5ddc
GFEX-WR-20240328,2024-03-28,neutral,0.0,0.0,0.9,5,[],"[{""name"":""supply_disruption"",""deterministic_value"":false,""ai_value"":false,""status"":""agreed_false"",""confidence"":0.9,""evidence_text"":""""},{""name"":""supply_expansion"",""deterministic_value"":false,""ai_value"":false,""status"":""agreed_false"",""confidence"":0.9,""evidence_text"":""""},{""name"":""production_resumption"",""deterministic_value"":false,""ai_value"":false,""status"":""agreed_false"",""confidence"":0.9,""evidence_text"":""""},{""name"":""demand_ev_positive"",""deterministic_value"":false,""ai_value"":false,""status"":""agreed_false"",""confidence"":0.9,""evidence_text"":""""},{""name"":""demand_storage_positive"",""deterministic_value"":false,""ai_value"":false,""status"":""agreed_false"",""confidence"":0.9,""evidence_text"":""""},{""name"":""demand_weak_or_price_war"",""deterministic_value"":false,""ai_value"":false,""status"":""agreed_false"",""confidence"":0.9,""evidence_text"":""""},{""name"":""inventory_drawdown"",""deterministic_value"":false,""ai_value"":false,""status"":""agreed_false"",""confidence"":0.9,""evidence_text"":""""},{""name"":""inventory_build"",""deterministic_value"":false,""ai_value"":false,""status"":""agreed_false"",""confidence"":0.9,""evidence_text"":""""},{""name"":""warehouse_receipt_decline"",""deterministic_value"":true,""ai_value"":true,""status"":""agreed_true"",""confidence"":0.9,""evidence_text"":""仓单减少1311手""},{""name"":""warehouse_receipt_increase"",""deterministic_value"":false,""ai_value"":false,""status"":""agreed_false"",""confidence"":0.9,""evidence_text"":""""},{""name"":""policy_demand_support"",""deterministic_value"":false,""ai_value"":false,""status"":""agreed_false"",""confidence"":0.9,""evidence_text"":""""},{""name"":""import_supply_pressure"",""deterministic_value"":false,""ai_value"":false,""status"":""agreed_false"",""confidence"":0.9,""evidence_text"":""""},{""name"":""cost_support"",""deterministic_value"":false,""ai_value"":false,""status"":""agreed_false"",""confidence"":0.9,""evidence_text"":""""},{""name"":""delivery_pressure"",""deterministic_value"":false,""ai_value"":false,""status"":""agreed_false"",""confidence"":0.9,""evidence_text"":""""},{""name"":""authoritative_source"",""deterministic_value"":true,""ai_value"":true,""status"":""agreed_true"",""confidence"":0.9,""evidence_text"":""广州期货交易所""},{""name"":""quantitative_evidence"",""deterministic_value"":false,""ai_value"":true,""status"":""disputed"",""confidence"":0.9,""evidence_text"":""12980手""},{""name"":""uncertainty_high"",""deterministic_value"":false,""ai_value"":true,""status"":""disputed"",""confidence"":0.9,""evidence_text"":""减少""}]",仓单减少1311手,rulebook_inactive,Qwen/Qwen2.5-0.5B-Instruct,local-fac74c1b901510fb
GFEX-WR-20240329,2024-03-29,neutral,0.0,0.0,0.9,5,[],"[{""name"":""supply_disruption"",""deterministic_value"":false,""ai_value"":false,""status"":""agreed_false"",""confidence"":0.9,""evidence_text"":""""},{""name"":""supply_expansion"",""deterministic_value"":false,""ai_value"":false,""status"":""agreed_false"",""confidence"":0.9,""evidence_text"":""""},{""name"":""production_resumption"",""deterministic_value"":false,""ai_value"":false,""status"":""agreed_false"",""confidence"":0.9,""evidence_text"":""""},{""name"":""demand_ev_positive"",""deterministic_value"":false,""ai_value"":false,""status"":""agreed_false"",""confidence"":0.9,""evidence_text"":""""},{""name"":""demand_storage_positive"",""deterministic_value"":false,""ai_value"":false,""status"":""agreed_false"",""confidence"":0.9,""evidence_text"":""""},{""name"":""demand_weak_or_price_war"",""deterministic_value"":false,""ai_value"":false,""status"":""agreed_false"",""confidence"":0.9,""evidence_text"":""""},{""name"":""inventory_drawdown"",""deterministic_value"":false,""ai_value"":false,""status"":""agreed_false"",""confidence"":0.9,""evidence_text"":""""},{""name"":""inventory_build"",""deterministic_value"":false,""ai_value"":false,""status"":""agreed_false"",""confidence"":0.9,""evidence_text"":""""},{""name"":""warehouse_receipt_decline"",""deterministic_value"":true,""ai_value"":true,""status"":""agreed_true"",""confidence"":0.9,""evidence_text"":""仓单减少12980手""},{""name"":""warehouse_receipt_increase"",""deterministic_value"":false,""ai_value"":false,""status"":""agreed_false"",""confidence"":0.9,""evidence_text"":""""},{""name"":""policy_demand_support"",""deterministic_value"":false,""ai_value"":false,""status"":""agreed_false"",""confidence"":0.9,""evidence_text"":""""},{""name"":""import_supply_pressure"",""deterministic_value"":false,""ai_value"":false,""status"":""agreed_false"",""confidence"":0.9,""evidence_text"":""""},{""name"":""cost_support"",""deterministic_value"":false,""ai_value"":false,""status"":""agreed_false"",""confidence"":0.9,""evidence_text"":""""},{""name"":""delivery_pressure"",""deterministic_value"":false,""ai_value"":false,""status"":""agreed_false"",""confidence"":0.9,""evidence_text"":""""},{""name"":""authoritative_source"",""deterministic_value"":true,""ai_value"":true,""status"":""agreed_true"",""confidence"":0.9,""evidence_text"":""广州期货交易所""},{""name"":""quantitative_evidence"",""deterministic_value"":false,""ai_value"":true,""status"":""disputed"",""confidence"":0.9,""evidence_text"":""12980手""},{""name"":""uncertainty_high"",""deterministic_value"":false,""ai_value"":false,""status"":""agreed_false"",""confidence"":0.9,""evidence_text"":""""}]",仓单减少12980手,rulebook_inactive,Qwen/Qwen2.5-0.5B-Instruct,local-3db264a30c82dbfa
GFEX-WR-20240401,2024-04-01,neutral,0.0,0.0,0.9,5,[],"[{""name"":""supply_disruption"",""deterministic_value"":false,""ai_value"":false,""status"":""agreed_false"",""confidence"":0.9,""evidence_text"":""""},{""name"":""supply_expansion"",""deterministic_value"":false,""ai_value"":false,""status"":""agreed_false"",""confidence"":0.9,""evidence_text"":""""},{""name"":""production_resumption"",""deterministic_value"":false,""ai_value"":false,""status"":""agreed_false"",""confidence"":0.9,""evidence_text"":""""},{""name"":""demand_ev_positive"",""deterministic_value"":false,""ai_value"":false,""status"":""agreed_false"",""confidence"":0.9,""evidence_text"":""""},{""name"":""demand_storage_positive"",""deterministic_value"":false,""ai_value"":false,""status"":""agreed_false"",""confidence"":0.9,""evidence_text"":""""},{""name"":""demand_weak_or_price_war"",""deterministic_value"":false,""ai_value"":false,""status"":""agreed_false"",""confidence"":0.9,""evidence_text"":""""},{""name"":""inventory_drawdown"",""deterministic_value"":false,""ai_value"":false,""status"":""agreed_false"",""confidence"":0.9,""evidence_text"":""""},{""name"":""inventory_build"",""deterministic_value"":false,""ai_value"":false,""status"":""agreed_false"",""confidence"":0.9,""evidence_text"":""""},{""name"":""warehouse_receipt_decline"",""deterministic_value"":false,""ai_value"":false,""status"":""agreed_false"",""confidence"":0.9,""evidence_text"":""""},{""name"":""warehouse_receipt_increase"",""deterministic_value"":true,""ai_value"":true,""status"":""agreed_true"",""confidence"":0.9,""evidence_text"":""仓单增加9995手""},{""name"":""policy_demand_support"",""deterministic_value"":false,""ai_value"":false,""status"":""agreed_false"",""confidence"":0.9,""evidence_text"":""""},{""name"":""import_supply_pressure"",""deterministic_value"":false,""ai_value"":false,""status"":""agreed_false"",""confidence"":0.9,""evidence_text"":""""},{""name"":""cost_support"",""deterministic_value"":false,""ai_value"":false,""status"":""agreed_false"",""confidence"":0.9,""evidence_text"":""""},{""name"":""delivery_pressure"",""deterministic_value"":false,""ai_value"":false,""status"":""agreed_false"",""confidence"":0.9,""evidence_text"":""""},{""name"":""authoritative_source"",""deterministic_value"":true,""ai_value"":true,""status"":""agreed_true"",""confidence"":0.9,""evidence_text"":""广期所""},{""name"":""quantitative_evidence"",""deterministic_value"":false,""ai_value"":true,""status"":""disputed"",""confidence"":0.9,""evidence_text"":""9995手""},{""name"":""uncertainty_high"",""deterministic_value"":false,""ai_value"":false,""status"":""agreed_false"",""confidence"":0.9,""evidence_text"":""""}]",仓单增加9995手,rulebook_inactive,Qwen/Qwen2.5-0.5B-Instruct,local-2e19a1ee1437302f
GFEX-WR-20240402,2024-04-02,neutral,0.0,0.0,1.0,5,[],"[{""name"":""supply_disruption"",""deterministic_value"":false,""ai_value"":false,""status"":""agreed_false"",""confidence"":1.0,""evidence_text"":""""},{""name"":""supply_expansion"",""deterministic_value"":false,""ai_value"":false,""status"":""agreed_false"",""confidence"":1.0,""evidence_text"":""""},{""name"":""production_resumption"",""deterministic_value"":false,""ai_value"":false,""status"":""agreed_false"",""confidence"":1.0,""evidence_text"":""""},{""name"":""demand_ev_positive"",""deterministic_value"":false,""ai_value"":false,""status"":""agreed_false"",""confidence"":1.0,""evidence_text"":""""},{""name"":""demand_storage_positive"",""deterministic_value"":false,""ai_value"":false,""status"":""agreed_false"",""confidence"":1.0,""evidence_text"":""""},{""name"":""demand_weak_or_price_war"",""deterministic_value"":false,""ai_value"":false,""status"":""agreed_false"",""confidence"":1.0,""evidence_text"":""""},{""name"":""inventory_drawdown"",""deterministic_value"":false,""ai_value"":false,""status"":""agreed_false"",""confidence"":1.0,""evidence_text"":""""},{""name"":""inventory_build"",""deterministic_value"":false,""ai_value"":false,""status"":""agreed_false"",""confidence"":1.0,""evidence_text"":""""},{""name"":""warehouse_receipt_decline"",""deterministic_value"":false,""ai_value"":false,""status"":""agreed_false"",""confidence"":1.0,""evidence_text"":""""},{""name"":""warehouse_receipt_increase"",""deterministic_value"":true,""ai_value"":true,""status"":""agreed_true"",""confidence"":1.0,""evidence_text"":""仓单增加1447手""},{""name"":""policy_demand_support"",""deterministic_value"":false,""ai_value"":false,""status"":""agreed_false"",""confidence"":1.0,""evidence_text"":""""},{""name"":""import_supply_pressure"",""deterministic_value"":false,""ai_value"":false,""status"":""agreed_false"",""confidence"":1.0,""evidence_text"":""""},{""name"":""cost_support"",""deterministic_value"":false,""ai_value"":false,""status"":""agreed_false"",""confidence"":1.0,""evidence_text"":""""},{""name"":""delivery_pressure"",""deterministic_value"":false,""ai_value"":false,""status"":""agreed_false"",""confidence"":1.0,""evidence_text"":""""},{""name"":""authoritative_source"",""deterministic_value"":true,""ai_value"":true,""status"":""agreed_true"",""confidence"":1.0,""evidence_text"":""广期所""},{""name"":""quantitative_evidence"",""deterministic_value"":false,""ai_value"":true,""status"":""disputed"",""confidence"":1.0,""evidence_text"":""1447手""},{""name"":""uncertainty_high"",""deterministic_value"":false,""ai_value"":false,""status"":""agreed_false"",""confidence"":1.0,""evidence_text"":""""}]",仓单增加1447手,rulebook_inactive,Qwen/Qwen2.5-0.5B-Instruct,local-6520270c6fd1d55f
LC-TEXT-0007,2024-04-02,neutral,0.0,0.0,0.8,5,[],"[{""name"":""supply_disruption"",""deterministic_value"":true,""ai_value"":false,""status"":""disputed"",""confidence"":0.8,""evidence_text"":""事故""},{""name"":""supply_expansion"",""deterministic_value"":false,""ai_value"":false,""status"":""agreed_false"",""confidence"":0.8,""evidence_text"":""""},{""name"":""production_resumption"",""deterministic_value"":false,""ai_value"":false,""status"":""agreed_false"",""confidence"":0.8,""evidence_text"":""""},{""name"":""demand_ev_positive"",""deterministic_value"":false,""ai_value"":false,""status"":""agreed_false"",""confidence"":0.8,""evidence_text"":""""},{""name"":""demand_storage_positive"",""deterministic_value"":false,""ai_value"":false,""status"":""agreed_false"",""confidence"":0.8,""evidence_text"":""""},{""name"":""demand_weak_or_price_war"",""deterministic_value"":false,""ai_value"":false,""status"":""agreed_false"",""confidence"":0.8,""evidence_text"":""""},{""name"":""inventory_drawdown"",""deterministic_value"":false,""ai_value"":false,""status"":""agreed_false"",""confidence"":0.8,""evidence_text"":""""},{""name"":""inventory_build"",""deterministic_value"":false,""ai_value"":false,""status"":""agreed_false"",""confidence"":0.8,""evidence_text"":""""},{""name"":""warehouse_receipt_decline"",""deterministic_value"":false,""ai_value"":false,""status"":""agreed_false"",""confidence"":0.8,""evidence_text"":""""},{""name"":""warehouse_receipt_increase"",""deterministic_value"":false,""ai_value"":false,""status"":""agreed_false"",""confidence"":0.8,""evidence_text"":""""},{""name"":""policy_demand_support"",""deterministic_value"":false,""ai_value"":false,""status"":""agreed_false"",""confidence"":0.8,""evidence_text"":""""},{""name"":""import_supply_pressure"",""deterministic_value"":false,""ai_value"":false,""status"":""agreed_false"",""confidence"":0.8,""evidence_text"":""""},{""name"":""cost_support"",""deterministic_value"":false,""ai_value"":false,""status"":""agreed_false"",""confidence"":0.8,""evidence_text"":""""},{""name"":""delivery_pressure"",""deterministic_value"":false,""ai_value"":false,""status"":""agreed_false"",""confidence"":0.8,""evidence_text"":""""},{""name"":""authoritative_source"",""deterministic_value"":true,""ai_value"":true,""status"":""agreed_true"",""confidence"":0.8,""evidence_text"":""国家能源局""},{""name"":""quantitative_evidence"",""deterministic_value"":false,""ai_value"":false,""status"":""agreed_false"",""confidence"":0.8,""evidence_text"":""""},{""name"":""uncertainty_high"",""deterministic_value"":false,""ai_value"":false,""status"":""agreed_false"",""confidence"":0.8,""evidence_text"":""""}]",无,rulebook_inactive,Qwen/Qwen2.5-0.5B-Instruct,local-899bc3eb98e4744e
GFEX-WR-20240403,2024-04-03,neutral,0.0,0.0,1.0,5,[],"[{""name"":""supply_disruption"",""deterministic_value"":false,""ai_value"":false,""status"":""agreed_false"",""confidence"":1.0,""evidence_text"":""""},{""name"":""supply_expansion"",""deterministic_value"":false,""ai_value"":false,""status"":""agreed_false"",""confidence"":1.0,""evidence_text"":""""},{""name"":""production_resumption"",""deterministic_value"":false,""ai_value"":false,""status"":""agreed_false"",""confidence"":1.0,""evidence_text"":""""},{""name"":""demand_ev_positive"",""deterministic_value"":false,""ai_value"":false,""status"":""agreed_false"",""confidence"":1.0,""evidence_text"":""""},{""name"":""demand_storage_positive"",""deterministic_value"":false,""ai_value"":false,""status"":""agreed_false"",""confidence"":1.0,""evidence_text"":""""},{""name"":""demand_weak_or_price_war"",""deterministic_value"":false,""ai_value"":false,""status"":""agreed_false"",""confidence"":1.0,""evidence_text"":""""},{""name"":""inventory_drawdown"",""deterministic_value"":false,""ai_value"":false,""status"":""agreed_false"",""confidence"":1.0,""evidence_text"":""""},{""name"":""inventory_build"",""deterministic_value"":false,""ai_value"":false,""status"":""agreed_false"",""confidence"":1.0,""evidence_text"":""""},{""name"":""warehouse_receipt_decline"",""deterministic_value"":false,""ai_value"":false,""status"":""agreed_false"",""confidence"":1.0,""evidence_text"":""""},{""name"":""warehouse_receipt_increase"",""deterministic_value"":true,""ai_value"":true,""status"":""agreed_true"",""confidence"":1.0,""evidence_text"":""仓单增加1260手""},{""name"":""policy_demand_support"",""deterministic_value"":false,""ai_value"":false,""status"":""agreed_false"",""confidence"":1.0,""evidence_text"":""""},{""name"":""import_supply_pressure"",""deterministic_value"":false,""ai_value"":false,""status"":""agreed_false"",""confidence"":1.0,""evidence_text"":""""},{""name"":""cost_support"",""deterministic_value"":false,""ai_value"":false,""status"":""agreed_false"",""confidence"":1.0,""evidence_text"":""""},{""name"":""delivery_pressure"",""deterministic_value"":false,""ai_value"":false,""status"":""agreed_false"",""confidence"":1.0,""evidence_text"":""""},{""name"":""authoritative_source"",""deterministic_value"":true,""ai_value"":true,""status"":""agreed_true"",""confidence"":1.0,""evidence_text"":""广期所""},{""name"":""quantitative_evidence"",""deterministic_value"":false,""ai_value"":true,""status"":""disputed"",""confidence"":1.0,""evidence_text"":""1260手""},{""name"":""uncertainty_high"",""deterministic_value"":false,""ai_value"":false,""status"":""agreed_false"",""confidence"":1.0,""evidence_text"":""""}]",仓单增加1260手,rulebook_inactive,Qwen/Qwen2.5-0.5B-Instruct,local-79acc9a5b52803ec
GFEX-WR-20240408,2024-04-08,neutral,0.0,0.0,0.8,5,[],"[{""name"":""supply_disruption"",""deterministic_value"":false,""ai_value"":false,""status"":""agreed_false"",""confidence"":0.8,""evidence_text"":""""},{""name"":""supply_expansion"",""deterministic_value"":false,""ai_value"":false,""status"":""agreed_false"",""confidence"":0.8,""evidence_text"":""""},{""name"":""production_resumption"",""deterministic_value"":false,""ai_value"":false,""status"":""agreed_false"",""confidence"":0.8,""evidence_text"":""""},{""name"":""demand_ev_positive"",""deterministic_value"":false,""ai_value"":false,""status"":""agreed_false"",""confidence"":0.8,""evidence_text"":""""},{""name"":""demand_storage_positive"",""deterministic_value"":false,""ai_value"":false,""status"":""agreed_false"",""confidence"":0.8,""evidence_text"":""""},{""name"":""demand_weak_or_price_war"",""deterministic_value"":false,""ai_value"":false,""status"":""agreed_false"",""confidence"":0.8,""evidence_text"":""""},{""name"":""inventory_drawdown"",""deterministic_value"":false,""ai_value"":false,""status"":""agreed_false"",""confidence"":0.8,""evidence_text"":""""},{""name"":""inventory_build"",""deterministic_value"":false,""ai_value"":false,""status"":""agreed_false"",""confidence"":0.8,""evidence_text"":""""},{""name"":""warehouse_receipt_decline"",""deterministic_value"":false,""ai_value"":false,""status"":""agreed_false"",""confidence"":0.8,""evidence_text"":""""},{""name"":""warehouse_receipt_increase"",""deterministic_value"":true,""ai_value"":true,""status"":""agreed_true"",""confidence"":0.8,""evidence_text"":""仓单增加990手""},{""name"":""policy_demand_support"",""deterministic_value"":false,""ai_value"":false,""status"":""agreed_false"",""confidence"":0.8,""evidence_text"":""""},{""name"":""import_supply_pressure"",""deterministic_value"":false,""ai_value"":false,""status"":""agreed_false"",""confidence"":0.8,""evidence_text"":""""},{""name"":""cost_support"",""deterministic_value"":false,""ai_value"":false,""status"":""agreed_false"",""confidence"":0.8,""evidence_text"":""""},{""name"":""delivery_pressure"",""deterministic_value"":false,""ai_value"":false,""status"":""agreed_false"",""confidence"":0.8,""evidence_text"":""""},{""name"":""authoritative_source"",""deterministic_value"":true,""ai_value"":true,""status"":""agreed_true"",""confidence"":0.8,""evidence_text"":""广期所""},{""name"":""quantitative_evidence"",""deterministic_value"":false,""ai_value"":true,""status"":""disputed"",""confidence"":0.8,""evidence_text"":""990手""},{""name"":""uncertainty_high"",""deterministic_value"":false,""ai_value"":false,""status"":""agreed_false"",""confidence"":0.8,""evidence_text"":""""}]",仓单增加990手,rulebook_inactive,Qwen/Qwen2.5-0.5B-Instruct,local-5bb5345366330a40
GFEX-WR-20240409,2024-04-09,neutral,0.0,0.0,0.9,5,[],"[{""name"":""supply_disruption"",""deterministic_value"":false,""ai_value"":false,""status"":""agreed_false"",""confidence"":0.9,""evidence_text"":""""},{""name"":""supply_expansion"",""deterministic_value"":false,""ai_value"":false,""status"":""agreed_false"",""confidence"":0.9,""evidence_text"":""""},{""name"":""production_resumption"",""deterministic_value"":false,""ai_value"":false,""status"":""agreed_false"",""confidence"":0.9,""evidence_text"":""""},{""name"":""demand_ev_positive"",""deterministic_value"":false,""ai_value"":false,""status"":""agreed_false"",""confidence"":0.9,""evidence_text"":""""},{""name"":""demand_storage_positive"",""deterministic_value"":false,""ai_value"":false,""status"":""agreed_false"",""confidence"":0.9,""evidence_text"":""""},{""name"":""demand_weak_or_price_war"",""deterministic_value"":false,""ai_value"":false,""status"":""agreed_false"",""confidence"":0.9,""evidence_text"":""""},{""name"":""inventory_drawdown"",""deterministic_value"":false,""ai_value"":false,""status"":""agreed_false"",""confidence"":0.9,""evidence_text"":""""},{""name"":""inventory_build"",""deterministic_value"":false,""ai_value"":false,""status"":""agreed_false"",""confidence"":0.9,""evidence_text"":""""},{""name"":""warehouse_receipt_decline"",""deterministic_value"":false,""ai_value"":false,""status"":""agreed_false"",""confidence"":0.9,""evidence_text"":""""},{""name"":""warehouse_receipt_increase"",""deterministic_value"":true,""ai_value"":true,""status"":""agreed_true"",""confidence"":0.9,""evidence_text"":""仓单增加1540手""},{""name"":""policy_demand_support"",""deterministic_value"":false,""ai_value"":false,""status"":""agreed_false"",""confidence"":0.9,""evidence_text"":""""},{""name"":""import_supply_pressure"",""deterministic_value"":false,""ai_value"":false,""status"":""agreed_false"",""confidence"":0.9,""evidence_text"":""""},{""name"":""cost_support"",""deterministic_value"":false,""ai_value"":false,""status"":""agreed_false"",""confidence"":0.9,""evidence_text"":""""},{""name"":""delivery_pressure"",""deterministic_value"":false,""ai_value"":false,""status"":""agreed_false"",""confidence"":0.9,""evidence_text"":""""},{""name"":""authoritative_source"",""deterministic_value"":true,""ai_value"":true,""status"":""agreed_true"",""confidence"":0.9,""evidence_text"":""广期所""},{""name"":""quantitative_evidence"",""deterministic_value"":false,""ai_value"":true,""status"":""disputed"",""confidence"":0.9,""evidence_text"":""1540手""},{""name"":""uncertainty_high"",""deterministic_value"":false,""ai_value"":false,""status"":""agreed_false"",""confidence"":0.9,""evidence_text"":""""}]",仓单增加1540手,rulebook_inactive,Qwen/Qwen2.5-0.5B-Instruct,local-d1f33ae6b3367fe3
GFEX-WR-20240411,2024-04-11,neutral,0.0,0.0,0.9,5,[],"[{""name"":""supply_disruption"",""deterministic_value"":false,""ai_value"":false,""status"":""agreed_false"",""confidence"":0.9,""evidence_text"":""""},{""name"":""supply_expansion"",""deterministic_value"":false,""ai_value"":false,""status"":""agreed_false"",""confidence"":0.9,""evidence_text"":""""},{""name"":""production_resumption"",""deterministic_value"":false,""ai_value"":false,""status"":""agreed_false"",""confidence"":0.9,""evidence_text"":""""},{""name"":""demand_ev_positive"",""deterministic_value"":false,""ai_value"":false,""status"":""agreed_false"",""confidence"":0.9,""evidence_text"":""""},{""name"":""demand_storage_positive"",""deterministic_value"":false,""ai_value"":false,""status"":""agreed_false"",""confidence"":0.9,""evidence_text"":""""},{""name"":""demand_weak_or_price_war"",""deterministic_value"":false,""ai_value"":false,""status"":""agreed_false"",""confidence"":0.9,""evidence_text"":""""},{""name"":""inventory_drawdown"",""deterministic_value"":false,""ai_value"":false,""status"":""agreed_false"",""confidence"":0.9,""evidence_text"":""""},{""name"":""inventory_build"",""deterministic_value"":false,""ai_value"":false,""status"":""agreed_false"",""confidence"":0.9,""evidence_text"":""""},{""name"":""warehouse_receipt_decline"",""deterministic_value"":false,""ai_value"":false,""status"":""agreed_false"",""confidence"":0.9,""evidence_text"":""""},{""name"":""warehouse_receipt_increase"",""deterministic_value"":true,""ai_value"":true,""status"":""agreed_true"",""confidence"":0.9,""evidence_text"":""仓单增加1052手""},{""name"":""policy_demand_support"",""deterministic_value"":false,""ai_value"":false,""status"":""agreed_false"",""confidence"":0.9,""evidence_text"":""""},{""name"":""import_supply_pressure"",""deterministic_value"":false,""ai_value"":false,""status"":""agreed_false"",""confidence"":0.9,""evidence_text"":""""},{""name"":""cost_support"",""deterministic_value"":false,""ai_value"":false,""status"":""agreed_false"",""confidence"":0.9,""evidence_text"":""""},{""name"":""delivery_pressure"",""deterministic_value"":false,""ai_value"":false,""status"":""agreed_false"",""confidence"":0.9,""evidence_text"":""""},{""name"":""authoritative_source"",""deterministic_value"":true,""ai_value"":true,""status"":""agreed_true"",""confidence"":0.9,""evidence_text"":""广期所""},{""name"":""quantitative_evidence"",""deterministic_value"":false,""ai_value"":true,""status"":""disputed"",""confidence"":0.9,""evidence_text"":""16830手""},{""name"":""uncertainty_high"",""deterministic_value"":false,""ai_value"":true,""status"":""disputed"",""confidence"":0.9,""evidence_text"":""增加1052手""}]",仓单增加1052手,rulebook_inactive,Qwen/Qwen2.5-0.5B-Instruct,local-30dd55b5fd7e4dd2
GFEX-WR-20240416,2024-04-16,neutral,0.0,0.0,1.0,5,[],"[{""name"":""supply_disruption"",""deterministic_value"":false,""ai_value"":false,""status"":""agreed_false"",""confidence"":1.0,""evidence_text"":""""},{""name"":""supply_expansion"",""deterministic_value"":false,""ai_value"":false,""status"":""agreed_false"",""confidence"":1.0,""evidence_text"":""""},{""name"":""production_resumption"",""deterministic_value"":false,""ai_value"":false,""status"":""agreed_false"",""confidence"":1.0,""evidence_text"":""""},{""name"":""demand_ev_positive"",""deterministic_value"":false,""ai_value"":false,""status"":""agreed_false"",""confidence"":1.0,""evidence_text"":""""},{""name"":""demand_storage_positive"",""deterministic_value"":false,""ai_value"":false,""status"":""agreed_false"",""confidence"":1.0,""evidence_text"":""""},{""name"":""demand_weak_or_price_war"",""deterministic_value"":false,""ai_value"":false,""status"":""agreed_false"",""confidence"":1.0,""evidence_text"":""""},{""name"":""inventory_drawdown"",""deterministic_value"":false,""ai_value"":false,""status"":""agreed_false"",""confidence"":1.0,""evidence_text"":""""},{""name"":""inventory_build"",""deterministic_value"":false,""ai_value"":false,""status"":""agreed_false"",""confidence"":1.0,""evidence_text"":""""},{""name"":""warehouse_receipt_decline"",""deterministic_value"":false,""ai_value"":false,""status"":""agreed_false"",""confidence"":1.0,""evidence_text"":""""},{""name"":""warehouse_receipt_increase"",""deterministic_value"":true,""ai_value"":true,""status"":""agreed_true"",""confidence"":1.0,""evidence_text"":""仓单增加1013手""},{""name"":""policy_demand_support"",""deterministic_value"":false,""ai_value"":false,""status"":""agreed_false"",""confidence"":1.0,""evidence_text"":""""},{""name"":""import_supply_pressure"",""deterministic_value"":false,""ai_value"":false,""status"":""agreed_false"",""confidence"":1.0,""evidence_text"":""""},{""name"":""cost_support"",""deterministic_value"":false,""ai_value"":false,""status"":""agreed_false"",""confidence"":1.0,""evidence_text"":""""},{""name"":""delivery_pressure"",""deterministic_value"":false,""ai_value"":false,""status"":""agreed_false"",""confidence"":1.0,""evidence_text"":""""},{""name"":""authoritative_source"",""deterministic_value"":true,""ai_value"":true,""status"":""agreed_true"",""confidence"":1.0,""evidence_text"":""广期所""},{""name"":""quantitative_evidence"",""deterministic_value"":false,""ai_value"":true,""status"":""disputed"",""confidence"":1.0,""evidence_text"":""1013手""},{""name"":""uncertainty_high"",""deterministic_value"":false,""ai_value"":false,""status"":""agreed_false"",""confidence"":1.0,""evidence_text"":""""}]",仓单增加1013手,rulebook_inactive,Qwen/Qwen2.5-0.5B-Instruct,local-99390f32607cd781
GFEX-WR-20240508,2024-05-08,neutral,0.0,0.0,0.9,5,[],"[{""name"":""supply_disruption"",""deterministic_value"":false,""ai_value"":false,""status"":""agreed_false"",""confidence"":0.9,""evidence_text"":""""},{""name"":""supply_expansion"",""deterministic_value"":false,""ai_value"":false,""status"":""agreed_false"",""confidence"":0.9,""evidence_text"":""""},{""name"":""production_resumption"",""deterministic_value"":false,""ai_value"":false,""status"":""agreed_false"",""confidence"":0.9,""evidence_text"":""""},{""name"":""demand_ev_positive"",""deterministic_value"":false,""ai_value"":false,""status"":""agreed_false"",""confidence"":0.9,""evidence_text"":""""},{""name"":""demand_storage_positive"",""deterministic_value"":false,""ai_value"":false,""status"":""agreed_false"",""confidence"":0.9,""evidence_text"":""""},{""name"":""demand_weak_or_price_war"",""deterministic_value"":false,""ai_value"":false,""status"":""agreed_false"",""confidence"":0.9,""evidence_text"":""""},{""name"":""inventory_drawdown"",""deterministic_value"":false,""ai_value"":false,""status"":""agreed_false"",""confidence"":0.9,""evidence_text"":""""},{""name"":""inventory_build"",""deterministic_value"":false,""ai_value"":false,""status"":""agreed_false"",""confidence"":0.9,""evidence_text"":""""},{""name"":""warehouse_receipt_decline"",""deterministic_value"":false,""ai_value"":false,""status"":""agreed_false"",""confidence"":0.9,""evidence_text"":""""},{""name"":""warehouse_receipt_increase"",""deterministic_value"":true,""ai_value"":true,""status"":""agreed_true"",""confidence"":0.9,""evidence_text"":""仓单增加1850手""},{""name"":""policy_demand_support"",""deterministic_value"":false,""ai_value"":false,""status"":""agreed_false"",""confidence"":0.9,""evidence_text"":""""},{""name"":""import_supply_pressure"",""deterministic_value"":false,""ai_value"":false,""status"":""agreed_false"",""confidence"":0.9,""evidence_text"":""""},{""name"":""cost_support"",""deterministic_value"":false,""ai_value"":false,""status"":""agreed_false"",""confidence"":0.9,""evidence_text"":""""},{""name"":""delivery_pressure"",""deterministic_value"":false,""ai_value"":false,""status"":""agreed_false"",""confidence"":0.9,""evidence_text"":""""},{""name"":""authoritative_source"",""deterministic_value"":true,""ai_value"":true,""status"":""agreed_true"",""confidence"":0.9,""evidence_text"":""广期所""},{""name"":""quantitative_evidence"",""deterministic_value"":false,""ai_value"":true,""status"":""disputed"",""confidence"":0.9,""evidence_text"":""22834手""},{""name"":""uncertainty_high"",""deterministic_value"":false,""ai_value"":false,""status"":""agreed_false"",""confidence"":0.9,""evidence_text"":""""}]",仓单增加1850手,rulebook_inactive,Qwen/Qwen2.5-0.5B-Instruct,local-0d24f3c3a172a0cc
GFEX-WR-20240603,2024-06-03,neutral,0.0,0.0,0.9,5,[],"[{""name"":""supply_disruption"",""deterministic_value"":false,""ai_value"":false,""status"":""agreed_false"",""confidence"":0.9,""evidence_text"":""""},{""name"":""supply_expansion"",""deterministic_value"":false,""ai_value"":false,""status"":""agreed_false"",""confidence"":0.9,""evidence_text"":""""},{""name"":""production_resumption"",""deterministic_value"":false,""ai_value"":false,""status"":""agreed_false"",""confidence"":0.9,""evidence_text"":""""},{""name"":""demand_ev_positive"",""deterministic_value"":false,""ai_value"":false,""status"":""agreed_false"",""confidence"":0.9,""evidence_text"":""""},{""name"":""demand_storage_positive"",""deterministic_value"":false,""ai_value"":false,""status"":""agreed_false"",""confidence"":0.9,""evidence_text"":""""},{""name"":""demand_weak_or_price_war"",""deterministic_value"":false,""ai_value"":false,""status"":""agreed_false"",""confidence"":0.9,""evidence_text"":""""},{""name"":""inventory_drawdown"",""deterministic_value"":false,""ai_value"":false,""status"":""agreed_false"",""confidence"":0.9,""evidence_text"":""""},{""name"":""inventory_build"",""deterministic_value"":false,""ai_value"":false,""status"":""agreed_false"",""confidence"":0.9,""evidence_text"":""""},{""name"":""warehouse_receipt_decline"",""deterministic_value"":false,""ai_value"":false,""status"":""agreed_false"",""confidence"":0.9,""evidence_text"":""""},{""name"":""warehouse_receipt_increase"",""deterministic_value"":true,""ai_value"":true,""status"":""agreed_true"",""confidence"":0.9,""evidence_text"":""仓单增加1180手""},{""name"":""policy_demand_support"",""deterministic_value"":false,""ai_value"":false,""status"":""agreed_false"",""confidence"":0.9,""evidence_text"":""""},{""name"":""import_supply_pressure"",""deterministic_value"":false,""ai_value"":false,""status"":""agreed_false"",""confidence"":0.9,""evidence_text"":""""},{""name"":""cost_support"",""deterministic_value"":false,""ai_value"":false,""status"":""agreed_false"",""confidence"":0.9,""evidence_text"":""""},{""name"":""delivery_pressure"",""deterministic_value"":false,""ai_value"":false,""status"":""agreed_false"",""confidence"":0.9,""evidence_text"":""""},{""name"":""authoritative_source"",""deterministic_value"":true,""ai_value"":true,""status"":""agreed_true"",""confidence"":0.9,""evidence_text"":""广期所""},{""name"":""quantitative_evidence"",""deterministic_value"":false,""ai_value"":true,""status"":""disputed"",""confidence"":0.9,""evidence_text"":""26176手""},{""name"":""uncertainty_high"",""deterministic_value"":false,""ai_value"":true,""status"":""disputed"",""confidence"":0.9,""evidence_text"":""增加1180手""}]",仓单增加1180手,rulebook_inactive,Qwen/Qwen2.5-0.5B-Instruct,local-a90772f1f3de3ce0
GFEX-WR-20240605,2024-06-05,neutral,0.0,0.0,0.9,5,[],"[{""name"":""supply_disruption"",""deterministic_value"":false,""ai_value"":false,""status"":""agreed_false"",""confidence"":0.9,""evidence_text"":""""},{""name"":""supply_expansion"",""deterministic_value"":false,""ai_value"":false,""status"":""agreed_false"",""confidence"":0.9,""evidence_text"":""""},{""name"":""production_resumption"",""deterministic_value"":false,""ai_value"":false,""status"":""agreed_false"",""confidence"":0.9,""evidence_text"":""""},{""name"":""demand_ev_positive"",""deterministic_value"":false,""ai_value"":false,""status"":""agreed_false"",""confidence"":0.9,""evidence_text"":""""},{""name"":""demand_storage_positive"",""deterministic_value"":false,""ai_value"":false,""status"":""agreed_false"",""confidence"":0.9,""evidence_text"":""""},{""name"":""demand_weak_or_price_war"",""deterministic_value"":false,""ai_value"":false,""status"":""agreed_false"",""confidence"":0.9,""evidence_text"":""""},{""name"":""inventory_drawdown"",""deterministic_value"":false,""ai_value"":false,""status"":""agreed_false"",""confidence"":0.9,""evidence_text"":""""},{""name"":""inventory_build"",""deterministic_value"":false,""ai_value"":false,""status"":""agreed_false"",""confidence"":0.9,""evidence_text"":""""},{""name"":""warehouse_receipt_decline"",""deterministic_value"":false,""ai_value"":false,""status"":""agreed_false"",""confidence"":0.9,""evidence_text"":""""},{""name"":""warehouse_receipt_increase"",""deterministic_value"":true,""ai_value"":true,""status"":""agreed_true"",""confidence"":0.9,""evidence_text"":""仓单增加841手""},{""name"":""policy_demand_support"",""deterministic_value"":false,""ai_value"":false,""status"":""agreed_false"",""confidence"":0.9,""evidence_text"":""""},{""name"":""import_supply_pressure"",""deterministic_value"":false,""ai_value"":false,""status"":""agreed_false"",""confidence"":0.9,""evidence_text"":""""},{""name"":""cost_support"",""deterministic_value"":false,""ai_value"":false,""status"":""agreed_false"",""confidence"":0.9,""evidence_text"":""""},{""name"":""delivery_pressure"",""deterministic_value"":false,""ai_value"":false,""status"":""agreed_false"",""confidence"":0.9,""evidence_text"":""""},{""name"":""authoritative_source"",""deterministic_value"":true,""ai_value"":true,""status"":""agreed_true"",""confidence"":0.9,""evidence_text"":""广期所""},{""name"":""quantitative_evidence"",""deterministic_value"":false,""ai_value"":true,""status"":""disputed"",""confidence"":0.9,""evidence_text"":""841手""},{""name"":""uncertainty_high"",""deterministic_value"":false,""ai_value"":false,""status"":""agreed_false"",""confidence"":0.9,""evidence_text"":""""}]",仓单增加841手,rulebook_inactive,Qwen/Qwen2.5-0.5B-Instruct,local-bbdc0de7f2cbb638
GFEX-WR-20240704,2024-07-04,neutral,0.0,0.0,0.8,5,[],"[{""name"":""supply_disruption"",""deterministic_value"":false,""ai_value"":false,""status"":""agreed_false"",""confidence"":0.8,""evidence_text"":""""},{""name"":""supply_expansion"",""deterministic_value"":false,""ai_value"":false,""status"":""agreed_false"",""confidence"":0.8,""evidence_text"":""""},{""name"":""production_resumption"",""deterministic_value"":false,""ai_value"":false,""status"":""agreed_false"",""confidence"":0.8,""evidence_text"":""""},{""name"":""demand_ev_positive"",""deterministic_value"":false,""ai_value"":false,""status"":""agreed_false"",""confidence"":0.8,""evidence_text"":""""},{""name"":""demand_storage_positive"",""deterministic_value"":false,""ai_value"":false,""status"":""agreed_false"",""confidence"":0.8,""evidence_text"":""""},{""name"":""demand_weak_or_price_war"",""deterministic_value"":false,""ai_value"":false,""status"":""agreed_false"",""confidence"":0.8,""evidence_text"":""""},{""name"":""inventory_drawdown"",""deterministic_value"":false,""ai_value"":false,""status"":""agreed_false"",""confidence"":0.8,""evidence_text"":""""},{""name"":""inventory_build"",""deterministic_value"":false,""ai_value"":false,""status"":""agreed_false"",""confidence"":0.8,""evidence_text"":""""},{""name"":""warehouse_receipt_decline"",""deterministic_value"":true,""ai_value"":true,""status"":""agreed_true"",""confidence"":0.8,""evidence_text"":""仓单减少1392手""},{""name"":""warehouse_receipt_increase"",""deterministic_value"":false,""ai_value"":false,""status"":""agreed_false"",""confidence"":0.8,""evidence_text"":""""},{""name"":""policy_demand_support"",""deterministic_value"":false,""ai_value"":false,""status"":""agreed_false"",""confidence"":0.8,""evidence_text"":""""},{""name"":""import_supply_pressure"",""deterministic_value"":false,""ai_value"":false,""status"":""agreed_false"",""confidence"":0.8,""evidence_text"":""""},{""name"":""cost_support"",""deterministic_value"":false,""ai_value"":false,""status"":""agreed_false"",""confidence"":0.8,""evidence_text"":""""},{""name"":""delivery_pressure"",""deterministic_value"":false,""ai_value"":false,""status"":""agreed_false"",""confidence"":0.8,""evidence_text"":""""},{""name"":""authoritative_source"",""deterministic_value"":true,""ai_value"":true,""status"":""agreed_true"",""confidence"":0.8,""evidence_text"":""广州期货交易所""},{""name"":""quantitative_evidence"",""deterministic_value"":false,""ai_value"":true,""status"":""disputed"",""confidence"":0.8,""evidence_text"":""1392手""},{""name"":""uncertainty_high"",""deterministic_value"":false,""ai_value"":false,""status"":""agreed_false"",""confidence"":0.8,""evidence_text"":""""}]",仓单减少1392手,rulebook_inactive,Qwen/Qwen2.5-0.5B-Instruct,local-6dbe4afed4b005b2
GFEX-WR-20240708,2024-07-08,neutral,0.0,0.0,0.8,5,[],"[{""name"":""supply_disruption"",""deterministic_value"":false,""ai_value"":false,""status"":""agreed_false"",""confidence"":0.8,""evidence_text"":""""},{""name"":""supply_expansion"",""deterministic_value"":false,""ai_value"":false,""status"":""agreed_false"",""confidence"":0.8,""evidence_text"":""""},{""name"":""production_resumption"",""deterministic_value"":false,""ai_value"":false,""status"":""agreed_false"",""confidence"":0.8,""evidence_text"":""""},{""name"":""demand_ev_positive"",""deterministic_value"":false,""ai_value"":false,""status"":""agreed_false"",""confidence"":0.8,""evidence_text"":""""},{""name"":""demand_storage_positive"",""deterministic_value"":false,""ai_value"":false,""status"":""agreed_false"",""confidence"":0.8,""evidence_text"":""""},{""name"":""demand_weak_or_price_war"",""deterministic_value"":false,""ai_value"":false,""status"":""agreed_false"",""confidence"":0.8,""evidence_text"":""""},{""name"":""inventory_drawdown"",""deterministic_value"":false,""ai_value"":false,""status"":""agreed_false"",""confidence"":0.8,""evidence_text"":""""},{""name"":""inventory_build"",""deterministic_value"":false,""ai_value"":false,""status"":""agreed_false"",""confidence"":0.8,""evidence_text"":""""},{""name"":""warehouse_receipt_decline"",""deterministic_value"":false,""ai_value"":false,""status"":""agreed_false"",""confidence"":0.8,""evidence_text"":""""},{""name"":""warehouse_receipt_increase"",""deterministic_value"":true,""ai_value"":true,""status"":""agreed_true"",""confidence"":0.8,""evidence_text"":""仓单增加2919手""},{""name"":""policy_demand_support"",""deterministic_value"":false,""ai_value"":false,""status"":""agreed_false"",""confidence"":0.8,""evidence_text"":""""},{""name"":""import_supply_pressure"",""deterministic_value"":false,""ai_value"":false,""status"":""agreed_false"",""confidence"":0.8,""evidence_text"":""""},{""name"":""cost_support"",""deterministic_value"":false,""ai_value"":false,""status"":""agreed_false"",""confidence"":0.8,""evidence_text"":""""},{""name"":""delivery_pressure"",""deterministic_value"":false,""ai_value"":false,""status"":""agreed_false"",""confidence"":0.8,""evidence_text"":""""},{""name"":""authoritative_source"",""deterministic_value"":true,""ai_value"":true,""status"":""agreed_true"",""confidence"":0.8,""evidence_text"":""广期所""},{""name"":""quantitative_evidence"",""deterministic_value"":false,""ai_value"":true,""status"":""disputed"",""confidence"":0.8,""evidence_text"":""30216手""},{""name"":""uncertainty_high"",""deterministic_value"":false,""ai_value"":true,""status"":""disputed"",""confidence"":0.8,""evidence_text"":""增加2919手""}]",仓单增加2919手,rulebook_inactive,Qwen/Qwen2.5-0.5B-Instruct,local-2c587bd8c72207c0
GFEX-WR-20240717,2024-07-17,neutral,0.0,0.0,0.8,5,[],"[{""name"":""supply_disruption"",""deterministic_value"":false,""ai_value"":false,""status"":""agreed_false"",""confidence"":0.8,""evidence_text"":""""},{""name"":""supply_expansion"",""deterministic_value"":false,""ai_value"":false,""status"":""agreed_false"",""confidence"":0.8,""evidence_text"":""""},{""name"":""production_resumption"",""deterministic_value"":false,""ai_value"":false,""status"":""agreed_false"",""confidence"":0.8,""evidence_text"":""""},{""name"":""demand_ev_positive"",""deterministic_value"":false,""ai_value"":false,""status"":""agreed_false"",""confidence"":0.8,""evidence_text"":""""},{""name"":""demand_storage_positive"",""deterministic_value"":false,""ai_value"":false,""status"":""agreed_false"",""confidence"":0.8,""evidence_text"":""""},{""name"":""demand_weak_or_price_war"",""deterministic_value"":false,""ai_value"":false,""status"":""agreed_false"",""confidence"":0.8,""evidence_text"":""""},{""name"":""inventory_drawdown"",""deterministic_value"":false,""ai_value"":false,""status"":""agreed_false"",""confidence"":0.8,""evidence_text"":""""},{""name"":""inventory_build"",""deterministic_value"":false,""ai_value"":false,""status"":""agreed_false"",""confidence"":0.8,""evidence_text"":""""},{""name"":""warehouse_receipt_decline"",""deterministic_value"":false,""ai_value"":false,""status"":""agreed_false"",""confidence"":0.8,""evidence_text"":""""},{""name"":""warehouse_receipt_increase"",""deterministic_value"":true,""ai_value"":true,""status"":""agreed_true"",""confidence"":0.8,""evidence_text"":""仓单增加3297手""},{""name"":""policy_demand_support"",""deterministic_value"":false,""ai_value"":false,""status"":""agreed_false"",""confidence"":0.8,""evidence_text"":""""},{""name"":""import_supply_pressure"",""deterministic_value"":false,""ai_value"":false,""status"":""agreed_false"",""confidence"":0.8,""evidence_text"":""""},{""name"":""cost_support"",""deterministic_value"":false,""ai_value"":false,""status"":""agreed_false"",""confidence"":0.8,""evidence_text"":""""},{""name"":""delivery_pressure"",""deterministic_value"":false,""ai_value"":false,""status"":""agreed_false"",""confidence"":0.8,""evidence_text"":""""},{""name"":""authoritative_source"",""deterministic_value"":true,""ai_value"":true,""status"":""agreed_true"",""confidence"":0.8,""evidence_text"":""广期所""},{""name"":""quantitative_evidence"",""deterministic_value"":false,""ai_value"":true,""status"":""disputed"",""confidence"":0.8,""evidence_text"":""3297手""},{""name"":""uncertainty_high"",""deterministic_value"":false,""ai_value"":false,""status"":""agreed_false"",""confidence"":0.8,""evidence_text"":""""}]",仓单增加3297手,rulebook_inactive,Qwen/Qwen2.5-0.5B-Instruct,local-cf151e2e6389842b
GFEX-WR-20240719,2024-07-19,neutral,0.0,0.0,0.8,5,[],"[{""name"":""supply_disruption"",""deterministic_value"":false,""ai_value"":false,""status"":""agreed_false"",""confidence"":0.8,""evidence_text"":""""},{""name"":""supply_expansion"",""deterministic_value"":false,""ai_value"":false,""status"":""agreed_false"",""confidence"":0.8,""evidence_text"":""""},{""name"":""production_resumption"",""deterministic_value"":false,""ai_value"":false,""status"":""agreed_false"",""confidence"":0.8,""evidence_text"":""""},{""name"":""demand_ev_positive"",""deterministic_value"":false,""ai_value"":false,""status"":""agreed_false"",""confidence"":0.8,""evidence_text"":""""},{""name"":""demand_storage_positive"",""deterministic_value"":false,""ai_value"":false,""status"":""agreed_false"",""confidence"":0.8,""evidence_text"":""""},{""name"":""demand_weak_or_price_war"",""deterministic_value"":false,""ai_value"":false,""status"":""agreed_false"",""confidence"":0.8,""evidence_text"":""""},{""name"":""inventory_drawdown"",""deterministic_value"":false,""ai_value"":false,""status"":""agreed_false"",""confidence"":0.8,""evidence_text"":""""},{""name"":""inventory_build"",""deterministic_value"":false,""ai_value"":false,""status"":""agreed_false"",""confidence"":0.8,""evidence_text"":""""},{""name"":""warehouse_receipt_decline"",""deterministic_value"":false,""ai_value"":false,""status"":""agreed_false"",""confidence"":0.8,""evidence_text"":""""},{""name"":""warehouse_receipt_increase"",""deterministic_value"":true,""ai_value"":true,""status"":""agreed_true"",""confidence"":0.8,""evidence_text"":""仓单增加1683手""},{""name"":""policy_demand_support"",""deterministic_value"":false,""ai_value"":false,""status"":""agreed_false"",""confidence"":0.8,""evidence_text"":""""},{""name"":""import_supply_pressure"",""deterministic_value"":false,""ai_value"":false,""status"":""agreed_false"",""confidence"":0.8,""evidence_text"":""""},{""name"":""cost_support"",""deterministic_value"":false,""ai_value"":false,""status"":""agreed_false"",""confidence"":0.8,""evidence_text"":""""},{""name"":""delivery_pressure"",""deterministic_value"":false,""ai_value"":false,""status"":""agreed_false"",""confidence"":0.8,""evidence_text"":""""},{""name"":""authoritative_source"",""deterministic_value"":true,""ai_value"":true,""status"":""agreed_true"",""confidence"":0.8,""evidence_text"":""广期所""},{""name"":""quantitative_evidence"",""deterministic_value"":false,""ai_value"":true,""status"":""disputed"",""confidence"":0.8,""evidence_text"":""34349手""},{""name"":""uncertainty_high"",""deterministic_value"":false,""ai_value"":true,""status"":""disputed"",""confidence"":0.8,""evidence_text"":""增加1683手""}]",仓单增加1683手,rulebook_inactive,Qwen/Qwen2.5-0.5B-Instruct,local-94f52e701621eeb9
GFEX-WR-20240723,2024-07-23,neutral,0.0,0.0,0.9,5,[],"[{""name"":""supply_disruption"",""deterministic_value"":false,""ai_value"":false,""status"":""agreed_false"",""confidence"":0.9,""evidence_text"":""""},{""name"":""supply_expansion"",""deterministic_value"":false,""ai_value"":false,""status"":""agreed_false"",""confidence"":0.9,""evidence_text"":""""},{""name"":""production_resumption"",""deterministic_value"":false,""ai_value"":false,""status"":""agreed_false"",""confidence"":0.9,""evidence_text"":""""},{""name"":""demand_ev_positive"",""deterministic_value"":false,""ai_value"":false,""status"":""agreed_false"",""confidence"":0.9,""evidence_text"":""""},{""name"":""demand_storage_positive"",""deterministic_value"":false,""ai_value"":false,""status"":""agreed_false"",""confidence"":0.9,""evidence_text"":""""},{""name"":""demand_weak_or_price_war"",""deterministic_value"":false,""ai_value"":false,""status"":""agreed_false"",""confidence"":0.9,""evidence_text"":""""},{""name"":""inventory_drawdown"",""deterministic_value"":false,""ai_value"":false,""status"":""agreed_false"",""confidence"":0.9,""evidence_text"":""""},{""name"":""inventory_build"",""deterministic_value"":false,""ai_value"":false,""status"":""agreed_false"",""confidence"":0.9,""evidence_text"":""""},{""name"":""warehouse_receipt_decline"",""deterministic_value"":false,""ai_value"":false,""status"":""agreed_false"",""confidence"":0.9,""evidence_text"":""""},{""name"":""warehouse_receipt_increase"",""deterministic_value"":true,""ai_value"":true,""status"":""agreed_true"",""confidence"":0.9,""evidence_text"":""仓单增加1423手""},{""name"":""policy_demand_support"",""deterministic_value"":false,""ai_value"":false,""status"":""agreed_false"",""confidence"":0.9,""evidence_text"":""""},{""name"":""import_supply_pressure"",""deterministic_value"":false,""ai_value"":false,""status"":""agreed_false"",""confidence"":0.9,""evidence_text"":""""},{""name"":""cost_support"",""deterministic_value"":false,""ai_value"":false,""status"":""agreed_false"",""confidence"":0.9,""evidence_text"":""""},{""name"":""delivery_pressure"",""deterministic_value"":false,""ai_value"":false,""status"":""agreed_false"",""confidence"":0.9,""evidence_text"":""""},{""name"":""authoritative_source"",""deterministic_value"":true,""ai_value"":true,""status"":""agreed_true"",""confidence"":0.9,""evidence_text"":""广期所""},{""name"":""quantitative_evidence"",""deterministic_value"":false,""ai_value"":true,""status"":""disputed"",""confidence"":0.9,""evidence_text"":""36125手""},{""name"":""uncertainty_high"",""deterministic_value"":false,""ai_value"":true,""status"":""disputed"",""confidence"":0.9,""evidence_text"":""增加1423手""}]",仓单增加1423手,rulebook_inactive,Qwen/Qwen2.5-0.5B-Instruct,local-506f4c3694f1b9cb
GFEX-WR-20240729,2024-07-29,neutral,0.0,0.0,0.8,5,[],"[{""name"":""supply_disruption"",""deterministic_value"":false,""ai_value"":false,""status"":""agreed_false"",""confidence"":0.8,""evidence_text"":""""},{""name"":""supply_expansion"",""deterministic_value"":false,""ai_value"":false,""status"":""agreed_false"",""confidence"":0.8,""evidence_text"":""""},{""name"":""production_resumption"",""deterministic_value"":false,""ai_value"":false,""status"":""agreed_false"",""confidence"":0.8,""evidence_text"":""""},{""name"":""demand_ev_positive"",""deterministic_value"":false,""ai_value"":false,""status"":""agreed_false"",""confidence"":0.8,""evidence_text"":""""},{""name"":""demand_storage_positive"",""deterministic_value"":false,""ai_value"":false,""status"":""agreed_false"",""confidence"":0.8,""evidence_text"":""""},{""name"":""demand_weak_or_price_war"",""deterministic_value"":false,""ai_value"":false,""status"":""agreed_false"",""confidence"":0.8,""evidence_text"":""""},{""name"":""inventory_drawdown"",""deterministic_value"":false,""ai_value"":false,""status"":""agreed_false"",""confidence"":0.8,""evidence_text"":""""},{""name"":""inventory_build"",""deterministic_value"":false,""ai_value"":false,""status"":""agreed_false"",""confidence"":0.8,""evidence_text"":""""},{""name"":""warehouse_receipt_decline"",""deterministic_value"":true,""ai_value"":true,""status"":""agreed_true"",""confidence"":0.8,""evidence_text"":""仓单减少2422手""},{""name"":""warehouse_receipt_increase"",""deterministic_value"":false,""ai_value"":false,""status"":""agreed_false"",""confidence"":0.8,""evidence_text"":""""},{""name"":""policy_demand_support"",""deterministic_value"":false,""ai_value"":false,""status"":""agreed_false"",""confidence"":0.8,""evidence_text"":""""},{""name"":""import_supply_pressure"",""deterministic_value"":false,""ai_value"":false,""status"":""agreed_false"",""confidence"":0.8,""evidence_text"":""""},{""name"":""cost_support"",""deterministic_value"":false,""ai_value"":false,""status"":""agreed_false"",""confidence"":0.8,""evidence_text"":""""},{""name"":""delivery_pressure"",""deterministic_value"":false,""ai_value"":false,""status"":""agreed_false"",""confidence"":0.8,""evidence_text"":""""},{""name"":""authoritative_source"",""deterministic_value"":true,""ai_value"":true,""status"":""agreed_true"",""confidence"":0.8,""evidence_text"":""广州期货交易所""},{""name"":""quantitative_evidence"",""deterministic_value"":false,""ai_value"":true,""status"":""disputed"",""confidence"":0.8,""evidence_text"":""2422手""},{""name"":""uncertainty_high"",""deterministic_value"":false,""ai_value"":false,""status"":""agreed_false"",""confidence"":0.8,""evidence_text"":""""}]",仓单减少2422手,rulebook_inactive,Qwen/Qwen2.5-0.5B-Instruct,local-44fe64e42ae007ab
GFEX-WR-20240730,2024-07-30,neutral,0.0,0.0,1.0,5,[],"[{""name"":""supply_disruption"",""deterministic_value"":false,""ai_value"":false,""status"":""agreed_false"",""confidence"":1.0,""evidence_text"":""""},{""name"":""supply_expansion"",""deterministic_value"":false,""ai_value"":false,""status"":""agreed_false"",""confidence"":1.0,""evidence_text"":""""},{""name"":""production_resumption"",""deterministic_value"":false,""ai_value"":false,""status"":""agreed_false"",""confidence"":1.0,""evidence_text"":""""},{""name"":""demand_ev_positive"",""deterministic_value"":false,""ai_value"":false,""status"":""agreed_false"",""confidence"":1.0,""evidence_text"":""""},{""name"":""demand_storage_positive"",""deterministic_value"":false,""ai_value"":false,""status"":""agreed_false"",""confidence"":1.0,""evidence_text"":""""},{""name"":""demand_weak_or_price_war"",""deterministic_value"":false,""ai_value"":false,""status"":""agreed_false"",""confidence"":1.0,""evidence_text"":""""},{""name"":""inventory_drawdown"",""deterministic_value"":false,""ai_value"":false,""status"":""agreed_false"",""confidence"":1.0,""evidence_text"":""""},{""name"":""inventory_build"",""deterministic_value"":false,""ai_value"":false,""status"":""agreed_false"",""confidence"":1.0,""evidence_text"":""""},{""name"":""warehouse_receipt_decline"",""deterministic_value"":true,""ai_value"":true,""status"":""agreed_true"",""confidence"":1.0,""evidence_text"":""仓单减少1468手""},{""name"":""warehouse_receipt_increase"",""deterministic_value"":false,""ai_value"":false,""status"":""agreed_false"",""confidence"":1.0,""evidence_text"":""""},{""name"":""policy_demand_support"",""deterministic_value"":false,""ai_value"":false,""status"":""agreed_false"",""confidence"":1.0,""evidence_text"":""""},{""name"":""import_supply_pressure"",""deterministic_value"":false,""ai_value"":false,""status"":""agreed_false"",""confidence"":1.0,""evidence_text"":""""},{""name"":""cost_support"",""deterministic_value"":false,""ai_value"":false,""status"":""agreed_false"",""confidence"":1.0,""evidence_text"":""""},{""name"":""delivery_pressure"",""deterministic_value"":false,""ai_value"":false,""status"":""agreed_false"",""confidence"":1.0,""evidence_text"":""""},{""name"":""authoritative_source"",""deterministic_value"":true,""ai_value"":true,""status"":""agreed_true"",""confidence"":1.0,""evidence_text"":""广州期货交易所""},{""name"":""quantitative_evidence"",""deterministic_value"":false,""ai_value"":true,""status"":""disputed"",""confidence"":1.0,""evidence_text"":""1468手""},{""name"":""uncertainty_high"",""deterministic_value"":false,""ai_value"":false,""status"":""agreed_false"",""confidence"":1.0,""evidence_text"":""""}]",仓单减少1468手,rulebook_inactive,Qwen/Qwen2.5-0.5B-Instruct,local-3704afa70cdfa89b
GFEX-WR-20240731,2024-07-31,neutral,0.0,0.0,1.0,5,[],"[{""name"":""supply_disruption"",""deterministic_value"":false,""ai_value"":false,""status"":""agreed_false"",""confidence"":1.0,""evidence_text"":""""},{""name"":""supply_expansion"",""deterministic_value"":false,""ai_value"":false,""status"":""agreed_false"",""confidence"":1.0,""evidence_text"":""""},{""name"":""production_resumption"",""deterministic_value"":false,""ai_value"":false,""status"":""agreed_false"",""confidence"":1.0,""evidence_text"":""""},{""name"":""demand_ev_positive"",""deterministic_value"":false,""ai_value"":false,""status"":""agreed_false"",""confidence"":1.0,""evidence_text"":""""},{""name"":""demand_storage_positive"",""deterministic_value"":false,""ai_value"":false,""status"":""agreed_false"",""confidence"":1.0,""evidence_text"":""""},{""name"":""demand_weak_or_price_war"",""deterministic_value"":false,""ai_value"":false,""status"":""agreed_false"",""confidence"":1.0,""evidence_text"":""""},{""name"":""inventory_drawdown"",""deterministic_value"":false,""ai_value"":false,""status"":""agreed_false"",""confidence"":1.0,""evidence_text"":""""},{""name"":""inventory_build"",""deterministic_value"":false,""ai_value"":false,""status"":""agreed_false"",""confidence"":1.0,""evidence_text"":""""},{""name"":""warehouse_receipt_decline"",""deterministic_value"":true,""ai_value"":true,""status"":""agreed_true"",""confidence"":1.0,""evidence_text"":""仓单减少32177手""},{""name"":""warehouse_receipt_increase"",""deterministic_value"":false,""ai_value"":false,""status"":""agreed_false"",""confidence"":1.0,""evidence_text"":""""},{""name"":""policy_demand_support"",""deterministic_value"":false,""ai_value"":false,""status"":""agreed_false"",""confidence"":1.0,""evidence_text"":""""},{""name"":""import_supply_pressure"",""deterministic_value"":false,""ai_value"":false,""status"":""agreed_false"",""confidence"":1.0,""evidence_text"":""""},{""name"":""cost_support"",""deterministic_value"":false,""ai_value"":false,""status"":""agreed_false"",""confidence"":1.0,""evidence_text"":""""},{""name"":""delivery_pressure"",""deterministic_value"":false,""ai_value"":false,""status"":""agreed_false"",""confidence"":1.0,""evidence_text"":""""},{""name"":""authoritative_source"",""deterministic_value"":true,""ai_value"":true,""status"":""agreed_true"",""confidence"":1.0,""evidence_text"":""广州期货交易所""},{""name"":""quantitative_evidence"",""deterministic_value"":false,""ai_value"":true,""status"":""disputed"",""confidence"":1.0,""evidence_text"":""32177手""},{""name"":""uncertainty_high"",""deterministic_value"":false,""ai_value"":false,""status"":""agreed_false"",""confidence"":1.0,""evidence_text"":""""}]",仓单减少32177手,rulebook_inactive,Qwen/Qwen2.5-0.5B-Instruct,local-4bbfc3782f75566c
GFEX-WR-20240801,2024-08-01,neutral,0.0,0.0,0.8,5,[],"[{""name"":""supply_disruption"",""deterministic_value"":false,""ai_value"":false,""status"":""agreed_false"",""confidence"":0.8,""evidence_text"":""""},{""name"":""supply_expansion"",""deterministic_value"":false,""ai_value"":false,""status"":""agreed_false"",""confidence"":0.8,""evidence_text"":""""},{""name"":""production_resumption"",""deterministic_value"":false,""ai_value"":false,""status"":""agreed_false"",""confidence"":0.8,""evidence_text"":""""},{""name"":""demand_ev_positive"",""deterministic_value"":false,""ai_value"":false,""status"":""agreed_false"",""confidence"":0.8,""evidence_text"":""""},{""name"":""demand_storage_positive"",""deterministic_value"":false,""ai_value"":false,""status"":""agreed_false"",""confidence"":0.8,""evidence_text"":""""},{""name"":""demand_weak_or_price_war"",""deterministic_value"":false,""ai_value"":false,""status"":""agreed_false"",""confidence"":0.8,""evidence_text"":""""},{""name"":""inventory_drawdown"",""deterministic_value"":false,""ai_value"":false,""status"":""agreed_false"",""confidence"":0.8,""evidence_text"":""""},{""name"":""inventory_build"",""deterministic_value"":false,""ai_value"":false,""status"":""agreed_false"",""confidence"":0.8,""evidence_text"":""""},{""name"":""warehouse_receipt_decline"",""deterministic_value"":false,""ai_value"":false,""status"":""agreed_false"",""confidence"":0.8,""evidence_text"":""""},{""name"":""warehouse_receipt_increase"",""deterministic_value"":true,""ai_value"":true,""status"":""agreed_true"",""confidence"":0.8,""evidence_text"":""仓单增加13419手""},{""name"":""policy_demand_support"",""deterministic_value"":false,""ai_value"":false,""status"":""agreed_false"",""confidence"":0.8,""evidence_text"":""""},{""name"":""import_supply_pressure"",""deterministic_value"":false,""ai_value"":false,""status"":""agreed_false"",""confidence"":0.8,""evidence_text"":""""},{""name"":""cost_support"",""deterministic_value"":false,""ai_value"":false,""status"":""agreed_false"",""confidence"":0.8,""evidence_text"":""""},{""name"":""delivery_pressure"",""deterministic_value"":false,""ai_value"":false,""status"":""agreed_false"",""confidence"":0.8,""evidence_text"":""""},{""name"":""authoritative_source"",""deterministic_value"":true,""ai_value"":true,""status"":""agreed_true"",""confidence"":0.8,""evidence_text"":""广期所""},{""name"":""quantitative_evidence"",""deterministic_value"":false,""ai_value"":true,""status"":""disputed"",""confidence"":0.8,""evidence_text"":""13419手""},{""name"":""uncertainty_high"",""deterministic_value"":false,""ai_value"":false,""status"":""agreed_false"",""confidence"":0.8,""evidence_text"":""""}]",仓单增加13419手,rulebook_inactive,Qwen/Qwen2.5-0.5B-Instruct,local-7112bf2b537ab1a8
GFEX-WR-20240802,2024-08-02,neutral,0.0,0.0,0.8,5,[],"[{""name"":""supply_disruption"",""deterministic_value"":false,""ai_value"":false,""status"":""agreed_false"",""confidence"":0.8,""evidence_text"":""""},{""name"":""supply_expansion"",""deterministic_value"":false,""ai_value"":false,""status"":""agreed_false"",""confidence"":0.8,""evidence_text"":""""},{""name"":""production_resumption"",""deterministic_value"":false,""ai_value"":false,""status"":""agreed_false"",""confidence"":0.8,""evidence_text"":""""},{""name"":""demand_ev_positive"",""deterministic_value"":false,""ai_value"":false,""status"":""agreed_false"",""confidence"":0.8,""evidence_text"":""""},{""name"":""demand_storage_positive"",""deterministic_value"":false,""ai_value"":false,""status"":""agreed_false"",""confidence"":0.8,""evidence_text"":""""},{""name"":""demand_weak_or_price_war"",""deterministic_value"":false,""ai_value"":false,""status"":""agreed_false"",""confidence"":0.8,""evidence_text"":""""},{""name"":""inventory_drawdown"",""deterministic_value"":false,""ai_value"":false,""status"":""agreed_false"",""confidence"":0.8,""evidence_text"":""""},{""name"":""inventory_build"",""deterministic_value"":false,""ai_value"":false,""status"":""agreed_false"",""confidence"":0.8,""evidence_text"":""""},{""name"":""warehouse_receipt_decline"",""deterministic_value"":false,""ai_value"":false,""status"":""agreed_false"",""confidence"":0.8,""evidence_text"":""""},{""name"":""warehouse_receipt_increase"",""deterministic_value"":true,""ai_value"":true,""status"":""agreed_true"",""confidence"":0.8,""evidence_text"":""仓单增加13503手""},{""name"":""policy_demand_support"",""deterministic_value"":false,""ai_value"":false,""status"":""agreed_false"",""confidence"":0.8,""evidence_text"":""""},{""name"":""import_supply_pressure"",""deterministic_value"":false,""ai_value"":false,""status"":""agreed_false"",""confidence"":0.8,""evidence_text"":""""},{""name"":""cost_support"",""deterministic_value"":false,""ai_value"":false,""status"":""agreed_false"",""confidence"":0.8,""evidence_text"":""""},{""name"":""delivery_pressure"",""deterministic_value"":false,""ai_value"":false,""status"":""agreed_false"",""confidence"":0.8,""evidence_text"":""""},{""name"":""authoritative_source"",""deterministic_value"":true,""ai_value"":true,""status"":""agreed_true"",""confidence"":0.8,""evidence_text"":""广期所""},{""name"":""quantitative_evidence"",""deterministic_value"":false,""ai_value"":true,""status"":""disputed"",""confidence"":0.8,""evidence_text"":""13503手""},{""name"":""uncertainty_high"",""deterministic_value"":false,""ai_value"":false,""status"":""agreed_false"",""confidence"":0.8,""evidence_text"":""""}]",仓单增加13503手,rulebook_inactive,Qwen/Qwen2.5-0.5B-Instruct,local-c00dc2e0711904c5
GFEX-WR-20240805,2024-08-05,neutral,0.0,0.0,0.8,5,[],"[{""name"":""supply_disruption"",""deterministic_value"":false,""ai_value"":false,""status"":""agreed_false"",""confidence"":0.8,""evidence_text"":""""},{""name"":""supply_expansion"",""deterministic_value"":false,""ai_value"":false,""status"":""agreed_false"",""confidence"":0.8,""evidence_text"":""""},{""name"":""production_resumption"",""deterministic_value"":false,""ai_value"":false,""status"":""agreed_false"",""confidence"":0.8,""evidence_text"":""""},{""name"":""demand_ev_positive"",""deterministic_value"":false,""ai_value"":false,""status"":""agreed_false"",""confidence"":0.8,""evidence_text"":""""},{""name"":""demand_storage_positive"",""deterministic_value"":false,""ai_value"":false,""status"":""agreed_false"",""confidence"":0.8,""evidence_text"":""""},{""name"":""demand_weak_or_price_war"",""deterministic_value"":false,""ai_value"":false,""status"":""agreed_false"",""confidence"":0.8,""evidence_text"":""""},{""name"":""inventory_drawdown"",""deterministic_value"":false,""ai_value"":false,""status"":""agreed_false"",""confidence"":0.8,""evidence_text"":""""},{""name"":""inventory_build"",""deterministic_value"":false,""ai_value"":false,""status"":""agreed_false"",""confidence"":0.8,""evidence_text"":""""},{""name"":""warehouse_receipt_decline"",""deterministic_value"":false,""ai_value"":false,""status"":""agreed_false"",""confidence"":0.8,""evidence_text"":""""},{""name"":""warehouse_receipt_increase"",""deterministic_value"":true,""ai_value"":true,""status"":""agreed_true"",""confidence"":0.8,""evidence_text"":""仓单增加2051手""},{""name"":""policy_demand_support"",""deterministic_value"":false,""ai_value"":false,""status"":""agreed_false"",""confidence"":0.8,""evidence_text"":""""},{""name"":""import_supply_pressure"",""deterministic_value"":false,""ai_value"":false,""status"":""agreed_false"",""confidence"":0.8,""evidence_text"":""""},{""name"":""cost_support"",""deterministic_value"":false,""ai_value"":false,""status"":""agreed_false"",""confidence"":0.8,""evidence_text"":""""},{""name"":""delivery_pressure"",""deterministic_value"":false,""ai_value"":false,""status"":""agreed_false"",""confidence"":0.8,""evidence_text"":""""},{""name"":""authoritative_source"",""deterministic_value"":true,""ai_value"":true,""status"":""agreed_true"",""confidence"":0.8,""evidence_text"":""广期所""},{""name"":""quantitative_evidence"",""deterministic_value"":false,""ai_value"":true,""status"":""disputed"",""confidence"":0.8,""evidence_text"":""2051手""},{""name"":""uncertainty_high"",""deterministic_value"":false,""ai_value"":false,""status"":""agreed_false"",""confidence"":0.8,""evidence_text"":""""}]",仓单增加2051手,rulebook_inactive,Qwen/Qwen2.5-0.5B-Instruct,local-72ff9cb67673be92
GFEX-WR-20240806,2024-08-06,neutral,0.0,0.0,0.9,5,[],"[{""name"":""supply_disruption"",""deterministic_value"":false,""ai_value"":false,""status"":""agreed_false"",""confidence"":0.9,""evidence_text"":""""},{""name"":""supply_expansion"",""deterministic_value"":false,""ai_value"":false,""status"":""agreed_false"",""confidence"":0.9,""evidence_text"":""""},{""name"":""production_resumption"",""deterministic_value"":false,""ai_value"":false,""status"":""agreed_false"",""confidence"":0.9,""evidence_text"":""""},{""name"":""demand_ev_positive"",""deterministic_value"":false,""ai_value"":false,""status"":""agreed_false"",""confidence"":0.9,""evidence_text"":""""},{""name"":""demand_storage_positive"",""deterministic_value"":false,""ai_value"":false,""status"":""agreed_false"",""confidence"":0.9,""evidence_text"":""""},{""name"":""demand_weak_or_price_war"",""deterministic_value"":false,""ai_value"":false,""status"":""agreed_false"",""confidence"":0.9,""evidence_text"":""""},{""name"":""inventory_drawdown"",""deterministic_value"":false,""ai_value"":false,""status"":""agreed_false"",""confidence"":0.9,""evidence_text"":""""},{""name"":""inventory_build"",""deterministic_value"":false,""ai_value"":false,""status"":""agreed_false"",""confidence"":0.9,""evidence_text"":""""},{""name"":""warehouse_receipt_decline"",""deterministic_value"":false,""ai_value"":false,""status"":""agreed_false"",""confidence"":0.9,""evidence_text"":""""},{""name"":""warehouse_receipt_increase"",""deterministic_value"":true,""ai_value"":true,""status"":""agreed_true"",""confidence"":0.9,""evidence_text"":""仓单增加2780手""},{""name"":""policy_demand_support"",""deterministic_value"":false,""ai_value"":false,""status"":""agreed_false"",""confidence"":0.9,""evidence_text"":""""},{""name"":""import_supply_pressure"",""deterministic_value"":false,""ai_value"":false,""status"":""agreed_false"",""confidence"":0.9,""evidence_text"":""""},{""name"":""cost_support"",""deterministic_value"":false,""ai_value"":false,""status"":""agreed_false"",""confidence"":0.9,""evidence_text"":""""},{""name"":""delivery_pressure"",""deterministic_value"":false,""ai_value"":false,""status"":""agreed_false"",""confidence"":0.9,""evidence_text"":""""},{""name"":""authoritative_source"",""deterministic_value"":true,""ai_value"":true,""status"":""agreed_true"",""confidence"":0.9,""evidence_text"":""广期所""},{""name"":""quantitative_evidence"",""deterministic_value"":false,""ai_value"":true,""status"":""disputed"",""confidence"":0.9,""evidence_text"":""31753手""},{""name"":""uncertainty_high"",""deterministic_value"":false,""ai_value"":true,""status"":""disputed"",""confidence"":0.9,""evidence_text"":""增加2780手""}]",仓单增加2780手,rulebook_inactive,Qwen/Qwen2.5-0.5B-Instruct,local-be35bcff0d7005d6
GFEX-WR-20240807,2024-08-07,neutral,0.0,0.0,0.8,5,[],"[{""name"":""supply_disruption"",""deterministic_value"":false,""ai_value"":false,""status"":""agreed_false"",""confidence"":0.8,""evidence_text"":""""},{""name"":""supply_expansion"",""deterministic_value"":false,""ai_value"":false,""status"":""agreed_false"",""confidence"":0.8,""evidence_text"":""""},{""name"":""production_resumption"",""deterministic_value"":false,""ai_value"":false,""status"":""agreed_false"",""confidence"":0.8,""evidence_text"":""""},{""name"":""demand_ev_positive"",""deterministic_value"":false,""ai_value"":false,""status"":""agreed_false"",""confidence"":0.8,""evidence_text"":""""},{""name"":""demand_storage_positive"",""deterministic_value"":false,""ai_value"":false,""status"":""agreed_false"",""confidence"":0.8,""evidence_text"":""""},{""name"":""demand_weak_or_price_war"",""deterministic_value"":false,""ai_value"":false,""status"":""agreed_false"",""confidence"":0.8,""evidence_text"":""""},{""name"":""inventory_drawdown"",""deterministic_value"":false,""ai_value"":false,""status"":""agreed_false"",""confidence"":0.8,""evidence_text"":""""},{""name"":""inventory_build"",""deterministic_value"":false,""ai_value"":false,""status"":""agreed_false"",""confidence"":0.8,""evidence_text"":""""},{""name"":""warehouse_receipt_decline"",""deterministic_value"":false,""ai_value"":false,""status"":""agreed_false"",""confidence"":0.8,""evidence_text"":""""},{""name"":""warehouse_receipt_increase"",""deterministic_value"":true,""ai_value"":true,""status"":""agreed_true"",""confidence"":0.8,""evidence_text"":""仓单增加1340手""},{""name"":""policy_demand_support"",""deterministic_value"":false,""ai_value"":false,""status"":""agreed_false"",""confidence"":0.8,""evidence_text"":""""},{""name"":""import_supply_pressure"",""deterministic_value"":false,""ai_value"":false,""status"":""agreed_false"",""confidence"":0.8,""evidence_text"":""""},{""name"":""cost_support"",""deterministic_value"":false,""ai_value"":false,""status"":""agreed_false"",""confidence"":0.8,""evidence_text"":""""},{""name"":""delivery_pressure"",""deterministic_value"":false,""ai_value"":false,""status"":""agreed_false"",""confidence"":0.8,""evidence_text"":""""},{""name"":""authoritative_source"",""deterministic_value"":true,""ai_value"":true,""status"":""agreed_true"",""confidence"":0.8,""evidence_text"":""广期所""},{""name"":""quantitative_evidence"",""deterministic_value"":false,""ai_value"":true,""status"":""disputed"",""confidence"":0.8,""evidence_text"":""33093手""},{""name"":""uncertainty_high"",""deterministic_value"":false,""ai_value"":true,""status"":""disputed"",""confidence"":0.8,""evidence_text"":""增加1340手""}]",仓单增加1340手,rulebook_inactive,Qwen/Qwen2.5-0.5B-Instruct,local-d22ca459ff81c68e
GFEX-WR-20240812,2024-08-12,neutral,0.0,0.0,0.9,5,[],"[{""name"":""supply_disruption"",""deterministic_value"":false,""ai_value"":false,""status"":""agreed_false"",""confidence"":0.9,""evidence_text"":""""},{""name"":""supply_expansion"",""deterministic_value"":false,""ai_value"":false,""status"":""agreed_false"",""confidence"":0.9,""evidence_text"":""""},{""name"":""production_resumption"",""deterministic_value"":false,""ai_value"":false,""status"":""agreed_false"",""confidence"":0.9,""evidence_text"":""""},{""name"":""demand_ev_positive"",""deterministic_value"":false,""ai_value"":false,""status"":""agreed_false"",""confidence"":0.9,""evidence_text"":""""},{""name"":""demand_storage_positive"",""deterministic_value"":false,""ai_value"":false,""status"":""agreed_false"",""confidence"":0.9,""evidence_text"":""""},{""name"":""demand_weak_or_price_war"",""deterministic_value"":false,""ai_value"":false,""status"":""agreed_false"",""confidence"":0.9,""evidence_text"":""""},{""name"":""inventory_drawdown"",""deterministic_value"":false,""ai_value"":false,""status"":""agreed_false"",""confidence"":0.9,""evidence_text"":""""},{""name"":""inventory_build"",""deterministic_value"":false,""ai_value"":false,""status"":""agreed_false"",""confidence"":0.9,""evidence_text"":""""},{""name"":""warehouse_receipt_decline"",""deterministic_value"":false,""ai_value"":false,""status"":""agreed_false"",""confidence"":0.9,""evidence_text"":""""},{""name"":""warehouse_receipt_increase"",""deterministic_value"":true,""ai_value"":true,""status"":""agreed_true"",""confidence"":0.9,""evidence_text"":""仓单增加2889手""},{""name"":""policy_demand_support"",""deterministic_value"":false,""ai_value"":false,""status"":""agreed_false"",""confidence"":0.9,""evidence_text"":""""},{""name"":""import_supply_pressure"",""deterministic_value"":false,""ai_value"":false,""status"":""agreed_false"",""confidence"":0.9,""evidence_text"":""""},{""name"":""cost_support"",""deterministic_value"":false,""ai_value"":false,""status"":""agreed_false"",""confidence"":0.9,""evidence_text"":""""},{""name"":""delivery_pressure"",""deterministic_value"":false,""ai_value"":false,""status"":""agreed_false"",""confidence"":0.9,""evidence_text"":""""},{""name"":""authoritative_source"",""deterministic_value"":true,""ai_value"":true,""status"":""agreed_true"",""confidence"":0.9,""evidence_text"":""广期所""},{""name"":""quantitative_evidence"",""deterministic_value"":false,""ai_value"":true,""status"":""disputed"",""confidence"":0.9,""evidence_text"":""36080手""},{""name"":""uncertainty_high"",""deterministic_value"":false,""ai_value"":true,""status"":""disputed"",""confidence"":0.9,""evidence_text"":""增加2889手""}]",仓单增加2889手,rulebook_inactive,Qwen/Qwen2.5-0.5B-Instruct,local-7acb9f7634ed9550
GFEX-WR-20240821,2024-08-21,neutral,0.0,0.0,0.8,5,[],"[{""name"":""supply_disruption"",""deterministic_value"":false,""ai_value"":false,""status"":""agreed_false"",""confidence"":0.8,""evidence_text"":""""},{""name"":""supply_expansion"",""deterministic_value"":false,""ai_value"":false,""status"":""agreed_false"",""confidence"":0.8,""evidence_text"":""""},{""name"":""production_resumption"",""deterministic_value"":false,""ai_value"":false,""status"":""agreed_false"",""confidence"":0.8,""evidence_text"":""""},{""name"":""demand_ev_positive"",""deterministic_value"":false,""ai_value"":false,""status"":""agreed_false"",""confidence"":0.8,""evidence_text"":""""},{""name"":""demand_storage_positive"",""deterministic_value"":false,""ai_value"":false,""status"":""agreed_false"",""confidence"":0.8,""evidence_text"":""""},{""name"":""demand_weak_or_price_war"",""deterministic_value"":false,""ai_value"":false,""status"":""agreed_false"",""confidence"":0.8,""evidence_text"":""""},{""name"":""inventory_drawdown"",""deterministic_value"":false,""ai_value"":false,""status"":""agreed_false"",""confidence"":0.8,""evidence_text"":""""},{""name"":""inventory_build"",""deterministic_value"":false,""ai_value"":false,""status"":""agreed_false"",""confidence"":0.8,""evidence_text"":""""},{""name"":""warehouse_receipt_decline"",""deterministic_value"":false,""ai_value"":false,""status"":""agreed_false"",""confidence"":0.8,""evidence_text"":""""},{""name"":""warehouse_receipt_increase"",""deterministic_value"":true,""ai_value"":true,""status"":""agreed_true"",""confidence"":0.8,""evidence_text"":""仓单增加1098手""},{""name"":""policy_demand_support"",""deterministic_value"":false,""ai_value"":false,""status"":""agreed_false"",""confidence"":0.8,""evidence_text"":""""},{""name"":""import_supply_pressure"",""deterministic_value"":false,""ai_value"":false,""status"":""agreed_false"",""confidence"":0.8,""evidence_text"":""""},{""name"":""cost_support"",""deterministic_value"":false,""ai_value"":false,""status"":""agreed_false"",""confidence"":0.8,""evidence_text"":""""},{""name"":""delivery_pressure"",""deterministic_value"":false,""ai_value"":false,""status"":""agreed_false"",""confidence"":0.8,""evidence_text"":""""},{""name"":""authoritative_source"",""deterministic_value"":true,""ai_value"":true,""status"":""agreed_true"",""confidence"":0.8,""evidence_text"":""广期所""},{""name"":""quantitative_evidence"",""deterministic_value"":false,""ai_value"":true,""status"":""disputed"",""confidence"":0.8,""evidence_text"":""37917手""},{""name"":""uncertainty_high"",""deterministic_value"":false,""ai_value"":true,""status"":""disputed"",""confidence"":0.8,""evidence_text"":""增加1098手""}]",仓单增加1098手,rulebook_inactive,Qwen/Qwen2.5-0.5B-Instruct,local-eb547dd1f377ea77
GFEX-WR-20240823,2024-08-23,neutral,0.0,0.0,0.8,5,[],"[{""name"":""supply_disruption"",""deterministic_value"":false,""ai_value"":false,""status"":""agreed_false"",""confidence"":0.8,""evidence_text"":""""},{""name"":""supply_expansion"",""deterministic_value"":false,""ai_value"":false,""status"":""agreed_false"",""confidence"":0.8,""evidence_text"":""""},{""name"":""production_resumption"",""deterministic_value"":false,""ai_value"":false,""status"":""agreed_false"",""confidence"":0.8,""evidence_text"":""""},{""name"":""demand_ev_positive"",""deterministic_value"":false,""ai_value"":false,""status"":""agreed_false"",""confidence"":0.8,""evidence_text"":""""},{""name"":""demand_storage_positive"",""deterministic_value"":false,""ai_value"":false,""status"":""agreed_false"",""confidence"":0.8,""evidence_text"":""""},{""name"":""demand_weak_or_price_war"",""deterministic_value"":false,""ai_value"":false,""status"":""agreed_false"",""confidence"":0.8,""evidence_text"":""""},{""name"":""inventory_drawdown"",""deterministic_value"":false,""ai_value"":false,""status"":""agreed_false"",""confidence"":0.8,""evidence_text"":""""},{""name"":""inventory_build"",""deterministic_value"":false,""ai_value"":false,""status"":""agreed_false"",""confidence"":0.8,""evidence_text"":""""},{""name"":""warehouse_receipt_decline"",""deterministic_value"":false,""ai_value"":false,""status"":""agreed_false"",""confidence"":0.8,""evidence_text"":""""},{""name"":""warehouse_receipt_increase"",""deterministic_value"":true,""ai_value"":true,""status"":""agreed_true"",""confidence"":0.8,""evidence_text"":""仓单增加858手""},{""name"":""policy_demand_support"",""deterministic_value"":false,""ai_value"":false,""status"":""agreed_false"",""confidence"":0.8,""evidence_text"":""""},{""name"":""import_supply_pressure"",""deterministic_value"":false,""ai_value"":false,""status"":""agreed_false"",""confidence"":0.8,""evidence_text"":""""},{""name"":""cost_support"",""deterministic_value"":false,""ai_value"":false,""status"":""agreed_false"",""confidence"":0.8,""evidence_text"":""""},{""name"":""delivery_pressure"",""deterministic_value"":false,""ai_value"":false,""status"":""agreed_false"",""confidence"":0.8,""evidence_text"":""""},{""name"":""authoritative_source"",""deterministic_value"":true,""ai_value"":true,""status"":""agreed_true"",""confidence"":0.8,""evidence_text"":""广期所""},{""name"":""quantitative_evidence"",""deterministic_value"":false,""ai_value"":true,""status"":""disputed"",""confidence"":0.8,""evidence_text"":""858手""},{""name"":""uncertainty_high"",""deterministic_value"":false,""ai_value"":false,""status"":""agreed_false"",""confidence"":0.8,""evidence_text"":""""}]",仓单增加858手,rulebook_inactive,Qwen/Qwen2.5-0.5B-Instruct,local-cd59bdb6af4d7c81
GFEX-WR-20240827,2024-08-27,neutral,0.0,0.0,1.0,5,[],"[{""name"":""supply_disruption"",""deterministic_value"":false,""ai_value"":false,""status"":""agreed_false"",""confidence"":1.0,""evidence_text"":""""},{""name"":""supply_expansion"",""deterministic_value"":false,""ai_value"":false,""status"":""agreed_false"",""confidence"":1.0,""evidence_text"":""""},{""name"":""production_resumption"",""deterministic_value"":false,""ai_value"":false,""status"":""agreed_false"",""confidence"":1.0,""evidence_text"":""""},{""name"":""demand_ev_positive"",""deterministic_value"":false,""ai_value"":false,""status"":""agreed_false"",""confidence"":1.0,""evidence_text"":""""},{""name"":""demand_storage_positive"",""deterministic_value"":false,""ai_value"":false,""status"":""agreed_false"",""confidence"":1.0,""evidence_text"":""""},{""name"":""demand_weak_or_price_war"",""deterministic_value"":false,""ai_value"":false,""status"":""agreed_false"",""confidence"":1.0,""evidence_text"":""""},{""name"":""inventory_drawdown"",""deterministic_value"":false,""ai_value"":false,""status"":""agreed_false"",""confidence"":1.0,""evidence_text"":""""},{""name"":""inventory_build"",""deterministic_value"":false,""ai_value"":false,""status"":""agreed_false"",""confidence"":1.0,""evidence_text"":""""},{""name"":""warehouse_receipt_decline"",""deterministic_value"":false,""ai_value"":false,""status"":""agreed_false"",""confidence"":1.0,""evidence_text"":""""},{""name"":""warehouse_receipt_increase"",""deterministic_value"":true,""ai_value"":true,""status"":""agreed_true"",""confidence"":1.0,""evidence_text"":""仓单增加1186手""},{""name"":""policy_demand_support"",""deterministic_value"":false,""ai_value"":false,""status"":""agreed_false"",""confidence"":1.0,""evidence_text"":""""},{""name"":""import_supply_pressure"",""deterministic_value"":false,""ai_value"":false,""status"":""agreed_false"",""confidence"":1.0,""evidence_text"":""""},{""name"":""cost_support"",""deterministic_value"":false,""ai_value"":false,""status"":""agreed_false"",""confidence"":1.0,""evidence_text"":""""},{""name"":""delivery_pressure"",""deterministic_value"":false,""ai_value"":false,""status"":""agreed_false"",""confidence"":1.0,""evidence_text"":""""},{""name"":""authoritative_source"",""deterministic_value"":true,""ai_value"":true,""status"":""agreed_true"",""confidence"":1.0,""evidence_text"":""广期所""},{""name"":""quantitative_evidence"",""deterministic_value"":false,""ai_value"":true,""status"":""disputed"",""confidence"":1.0,""evidence_text"":""40061手""},{""name"":""uncertainty_high"",""deterministic_value"":false,""ai_value"":true,""status"":""disputed"",""confidence"":1.0,""evidence_text"":""增加1186手""}]",仓单增加1186手,rulebook_inactive,Qwen/Qwen2.5-0.5B-Instruct,local-fb8f09c9522d5a16
GFEX-WR-20240830,2024-08-30,neutral,0.0,0.0,0.8,5,[],"[{""name"":""supply_disruption"",""deterministic_value"":false,""ai_value"":false,""status"":""agreed_false"",""confidence"":0.8,""evidence_text"":""""},{""name"":""supply_expansion"",""deterministic_value"":false,""ai_value"":false,""status"":""agreed_false"",""confidence"":0.8,""evidence_text"":""""},{""name"":""production_resumption"",""deterministic_value"":false,""ai_value"":false,""status"":""agreed_false"",""confidence"":0.8,""evidence_text"":""""},{""name"":""demand_ev_positive"",""deterministic_value"":false,""ai_value"":false,""status"":""agreed_false"",""confidence"":0.8,""evidence_text"":""""},{""name"":""demand_storage_positive"",""deterministic_value"":false,""ai_value"":false,""status"":""agreed_false"",""confidence"":0.8,""evidence_text"":""""},{""name"":""demand_weak_or_price_war"",""deterministic_value"":false,""ai_value"":false,""status"":""agreed_false"",""confidence"":0.8,""evidence_text"":""""},{""name"":""inventory_drawdown"",""deterministic_value"":false,""ai_value"":false,""status"":""agreed_false"",""confidence"":0.8,""evidence_text"":""""},{""name"":""inventory_build"",""deterministic_value"":false,""ai_value"":false,""status"":""agreed_false"",""confidence"":0.8,""evidence_text"":""""},{""name"":""warehouse_receipt_decline"",""deterministic_value"":false,""ai_value"":false,""status"":""agreed_false"",""confidence"":0.8,""evidence_text"":""""},{""name"":""warehouse_receipt_increase"",""deterministic_value"":true,""ai_value"":true,""status"":""agreed_true"",""confidence"":0.8,""evidence_text"":""仓单增加1847手""},{""name"":""policy_demand_support"",""deterministic_value"":false,""ai_value"":false,""status"":""agreed_false"",""confidence"":0.8,""evidence_text"":""""},{""name"":""import_supply_pressure"",""deterministic_value"":false,""ai_value"":false,""status"":""agreed_false"",""confidence"":0.8,""evidence_text"":""""},{""name"":""cost_support"",""deterministic_value"":false,""ai_value"":false,""status"":""agreed_false"",""confidence"":0.8,""evidence_text"":""""},{""name"":""delivery_pressure"",""deterministic_value"":false,""ai_value"":false,""status"":""agreed_false"",""confidence"":0.8,""evidence_text"":""""},{""name"":""authoritative_source"",""deterministic_value"":true,""ai_value"":true,""status"":""agreed_true"",""confidence"":0.8,""evidence_text"":""广期所""},{""name"":""quantitative_evidence"",""deterministic_value"":false,""ai_value"":true,""status"":""disputed"",""confidence"":0.8,""evidence_text"":""41908手""},{""name"":""uncertainty_high"",""deterministic_value"":false,""ai_value"":true,""status"":""disputed"",""confidence"":0.8,""evidence_text"":""增加1847手""}]",仓单增加1847手,rulebook_inactive,Qwen/Qwen2.5-0.5B-Instruct,local-f41d25fad0e11ecd
GFEX-WR-20240904,2024-09-04,neutral,0.0,0.0,0.8,5,[],"[{""name"":""supply_disruption"",""deterministic_value"":false,""ai_value"":false,""status"":""agreed_false"",""confidence"":0.8,""evidence_text"":""""},{""name"":""supply_expansion"",""deterministic_value"":false,""ai_value"":false,""status"":""agreed_false"",""confidence"":0.8,""evidence_text"":""""},{""name"":""production_resumption"",""deterministic_value"":false,""ai_value"":false,""status"":""agreed_false"",""confidence"":0.8,""evidence_text"":""""},{""name"":""demand_ev_positive"",""deterministic_value"":false,""ai_value"":false,""status"":""agreed_false"",""confidence"":0.8,""evidence_text"":""""},{""name"":""demand_storage_positive"",""deterministic_value"":false,""ai_value"":false,""status"":""agreed_false"",""confidence"":0.8,""evidence_text"":""""},{""name"":""demand_weak_or_price_war"",""deterministic_value"":false,""ai_value"":false,""status"":""agreed_false"",""confidence"":0.8,""evidence_text"":""""},{""name"":""inventory_drawdown"",""deterministic_value"":false,""ai_value"":false,""status"":""agreed_false"",""confidence"":0.8,""evidence_text"":""""},{""name"":""inventory_build"",""deterministic_value"":false,""ai_value"":false,""status"":""agreed_false"",""confidence"":0.8,""evidence_text"":""""},{""name"":""warehouse_receipt_decline"",""deterministic_value"":false,""ai_value"":false,""status"":""agreed_false"",""confidence"":0.8,""evidence_text"":""""},{""name"":""warehouse_receipt_increase"",""deterministic_value"":true,""ai_value"":true,""status"":""agreed_true"",""confidence"":0.8,""evidence_text"":""仓单增加819手""},{""name"":""policy_demand_support"",""deterministic_value"":false,""ai_value"":false,""status"":""agreed_false"",""confidence"":0.8,""evidence_text"":""""},{""name"":""import_supply_pressure"",""deterministic_value"":false,""ai_value"":false,""status"":""agreed_false"",""confidence"":0.8,""evidence_text"":""""},{""name"":""cost_support"",""deterministic_value"":false,""ai_value"":false,""status"":""agreed_false"",""confidence"":0.8,""evidence_text"":""""},{""name"":""delivery_pressure"",""deterministic_value"":false,""ai_value"":false,""status"":""agreed_false"",""confidence"":0.8,""evidence_text"":""""},{""name"":""authoritative_source"",""deterministic_value"":true,""ai_value"":true,""status"":""agreed_true"",""confidence"":0.8,""evidence_text"":""广期所""},{""name"":""quantitative_evidence"",""deterministic_value"":false,""ai_value"":true,""status"":""disputed"",""confidence"":0.8,""evidence_text"":""819手""},{""name"":""uncertainty_high"",""deterministic_value"":false,""ai_value"":false,""status"":""agreed_false"",""confidence"":0.8,""evidence_text"":""""}]",仓单增加819手,rulebook_inactive,Qwen/Qwen2.5-0.5B-Instruct,local-1081aa583e6d7db0
GFEX-WR-20240912,2024-09-12,neutral,0.0,0.0,0.8,5,[],"[{""name"":""supply_disruption"",""deterministic_value"":false,""ai_value"":false,""status"":""agreed_false"",""confidence"":0.8,""evidence_text"":""""},{""name"":""supply_expansion"",""deterministic_value"":false,""ai_value"":false,""status"":""agreed_false"",""confidence"":0.8,""evidence_text"":""""},{""name"":""production_resumption"",""deterministic_value"":false,""ai_value"":false,""status"":""agreed_false"",""confidence"":0.8,""evidence_text"":""""},{""name"":""demand_ev_positive"",""deterministic_value"":false,""ai_value"":false,""status"":""agreed_false"",""confidence"":0.8,""evidence_text"":""""},{""name"":""demand_storage_positive"",""deterministic_value"":false,""ai_value"":false,""status"":""agreed_false"",""confidence"":0.8,""evidence_text"":""""},{""name"":""demand_weak_or_price_war"",""deterministic_value"":false,""ai_value"":false,""status"":""agreed_false"",""confidence"":0.8,""evidence_text"":""""},{""name"":""inventory_drawdown"",""deterministic_value"":false,""ai_value"":false,""status"":""agreed_false"",""confidence"":0.8,""evidence_text"":""""},{""name"":""inventory_build"",""deterministic_value"":false,""ai_value"":false,""status"":""agreed_false"",""confidence"":0.8,""evidence_text"":""""},{""name"":""warehouse_receipt_decline"",""deterministic_value"":true,""ai_value"":true,""status"":""agreed_true"",""confidence"":0.8,""evidence_text"":""仓单减少981手""},{""name"":""warehouse_receipt_increase"",""deterministic_value"":false,""ai_value"":false,""status"":""agreed_false"",""confidence"":0.8,""evidence_text"":""""},{""name"":""policy_demand_support"",""deterministic_value"":false,""ai_value"":false,""status"":""agreed_false"",""confidence"":0.8,""evidence_text"":""""},{""name"":""import_supply_pressure"",""deterministic_value"":false,""ai_value"":false,""status"":""agreed_false"",""confidence"":0.8,""evidence_text"":""""},{""name"":""cost_support"",""deterministic_value"":false,""ai_value"":false,""status"":""agreed_false"",""confidence"":0.8,""evidence_text"":""""},{""name"":""delivery_pressure"",""deterministic_value"":false,""ai_value"":false,""status"":""agreed_false"",""confidence"":0.8,""evidence_text"":""""},{""name"":""authoritative_source"",""deterministic_value"":true,""ai_value"":true,""status"":""agreed_true"",""confidence"":0.8,""evidence_text"":""广期所""},{""name"":""quantitative_evidence"",""deterministic_value"":false,""ai_value"":true,""status"":""disputed"",""confidence"":0.8,""evidence_text"":""981手""},{""name"":""uncertainty_high"",""deterministic_value"":false,""ai_value"":false,""status"":""agreed_false"",""confidence"":0.8,""evidence_text"":""""}]",仓单减少981手,rulebook_inactive,Qwen/Qwen2.5-0.5B-Instruct,local-ee86a15d33c8ac2e
GFEX-WR-20241008,2024-10-08,neutral,0.0,0.0,0.9,5,[],"[{""name"":""supply_disruption"",""deterministic_value"":false,""ai_value"":false,""status"":""agreed_false"",""confidence"":0.9,""evidence_text"":""""},{""name"":""supply_expansion"",""deterministic_value"":false,""ai_value"":false,""status"":""agreed_false"",""confidence"":0.9,""evidence_text"":""""},{""name"":""production_resumption"",""deterministic_value"":false,""ai_value"":false,""status"":""agreed_false"",""confidence"":0.9,""evidence_text"":""""},{""name"":""demand_ev_positive"",""deterministic_value"":false,""ai_value"":false,""status"":""agreed_false"",""confidence"":0.9,""evidence_text"":""""},{""name"":""demand_storage_positive"",""deterministic_value"":false,""ai_value"":false,""status"":""agreed_false"",""confidence"":0.9,""evidence_text"":""""},{""name"":""demand_weak_or_price_war"",""deterministic_value"":false,""ai_value"":false,""status"":""agreed_false"",""confidence"":0.9,""evidence_text"":""""},{""name"":""inventory_drawdown"",""deterministic_value"":false,""ai_value"":false,""status"":""agreed_false"",""confidence"":0.9,""evidence_text"":""""},{""name"":""inventory_build"",""deterministic_value"":false,""ai_value"":false,""status"":""agreed_false"",""confidence"":0.9,""evidence_text"":""""},{""name"":""warehouse_receipt_decline"",""deterministic_value"":false,""ai_value"":false,""status"":""agreed_false"",""confidence"":0.9,""evidence_text"":""""},{""name"":""warehouse_receipt_increase"",""deterministic_value"":true,""ai_value"":true,""status"":""agreed_true"",""confidence"":0.9,""evidence_text"":""仓单增加1120手""},{""name"":""policy_demand_support"",""deterministic_value"":false,""ai_value"":false,""status"":""agreed_false"",""confidence"":0.9,""evidence_text"":""""},{""name"":""import_supply_pressure"",""deterministic_value"":false,""ai_value"":false,""status"":""agreed_false"",""confidence"":0.9,""evidence_text"":""""},{""name"":""cost_support"",""deterministic_value"":false,""ai_value"":false,""status"":""agreed_false"",""confidence"":0.9,""evidence_text"":""""},{""name"":""delivery_pressure"",""deterministic_value"":false,""ai_value"":false,""status"":""agreed_false"",""confidence"":0.9,""evidence_text"":""""},{""name"":""authoritative_source"",""deterministic_value"":true,""ai_value"":true,""status"":""agreed_true"",""confidence"":0.9,""evidence_text"":""广期所""},{""name"":""quantitative_evidence"",""deterministic_value"":false,""ai_value"":true,""status"":""disputed"",""confidence"":0.9,""evidence_text"":""44683手""},{""name"":""uncertainty_high"",""deterministic_value"":false,""ai_value"":true,""status"":""disputed"",""confidence"":0.9,""evidence_text"":""增加1120手""}]",仓单增加1120手,rulebook_inactive,Qwen/Qwen2.5-0.5B-Instruct,local-a0dd1a94aba2a988
GFEX-WR-20241014,2024-10-14,neutral,0.0,0.0,0.8,5,[],"[{""name"":""supply_disruption"",""deterministic_value"":false,""ai_value"":false,""status"":""agreed_false"",""confidence"":0.8,""evidence_text"":""""},{""name"":""supply_expansion"",""deterministic_value"":false,""ai_value"":false,""status"":""agreed_false"",""confidence"":0.8,""evidence_text"":""""},{""name"":""production_resumption"",""deterministic_value"":false,""ai_value"":false,""status"":""agreed_false"",""confidence"":0.8,""evidence_text"":""""},{""name"":""demand_ev_positive"",""deterministic_value"":false,""ai_value"":false,""status"":""agreed_false"",""confidence"":0.8,""evidence_text"":""""},{""name"":""demand_storage_positive"",""deterministic_value"":false,""ai_value"":false,""status"":""agreed_false"",""confidence"":0.8,""evidence_text"":""""},{""name"":""demand_weak_or_price_war"",""deterministic_value"":false,""ai_value"":false,""status"":""agreed_false"",""confidence"":0.8,""evidence_text"":""""},{""name"":""inventory_drawdown"",""deterministic_value"":false,""ai_value"":false,""status"":""agreed_false"",""confidence"":0.8,""evidence_text"":""""},{""name"":""inventory_build"",""deterministic_value"":false,""ai_value"":false,""status"":""agreed_false"",""confidence"":0.8,""evidence_text"":""""},{""name"":""warehouse_receipt_decline"",""deterministic_value"":false,""ai_value"":false,""status"":""agreed_false"",""confidence"":0.8,""evidence_text"":""""},{""name"":""warehouse_receipt_increase"",""deterministic_value"":true,""ai_value"":true,""status"":""agreed_true"",""confidence"":0.8,""evidence_text"":""仓单增加997手""},{""name"":""policy_demand_support"",""deterministic_value"":false,""ai_value"":false,""status"":""agreed_false"",""confidence"":0.8,""evidence_text"":""""},{""name"":""import_supply_pressure"",""deterministic_value"":false,""ai_value"":false,""status"":""agreed_false"",""confidence"":0.8,""evidence_text"":""""},{""name"":""cost_support"",""deterministic_value"":false,""ai_value"":false,""status"":""agreed_false"",""confidence"":0.8,""evidence_text"":""""},{""name"":""delivery_pressure"",""deterministic_value"":false,""ai_value"":false,""status"":""agreed_false"",""confidence"":0.8,""evidence_text"":""""},{""name"":""authoritative_source"",""deterministic_value"":true,""ai_value"":true,""status"":""agreed_true"",""confidence"":0.8,""evidence_text"":""广期所""},{""name"":""quantitative_evidence"",""deterministic_value"":false,""ai_value"":true,""status"":""disputed"",""confidence"":0.8,""evidence_text"":""997手""},{""name"":""uncertainty_high"",""deterministic_value"":false,""ai_value"":false,""status"":""agreed_false"",""confidence"":0.8,""evidence_text"":""""}]",仓单增加997手,rulebook_inactive,Qwen/Qwen2.5-0.5B-Instruct,local-7230a9b673d052f8
GFEX-WR-20241021,2024-10-21,neutral,0.0,0.0,0.8,5,[],"[{""name"":""supply_disruption"",""deterministic_value"":false,""ai_value"":false,""status"":""agreed_false"",""confidence"":0.8,""evidence_text"":""""},{""name"":""supply_expansion"",""deterministic_value"":false,""ai_value"":false,""status"":""agreed_false"",""confidence"":0.8,""evidence_text"":""""},{""name"":""production_resumption"",""deterministic_value"":false,""ai_value"":false,""status"":""agreed_false"",""confidence"":0.8,""evidence_text"":""""},{""name"":""demand_ev_positive"",""deterministic_value"":false,""ai_value"":false,""status"":""agreed_false"",""confidence"":0.8,""evidence_text"":""""},{""name"":""demand_storage_positive"",""deterministic_value"":false,""ai_value"":false,""status"":""agreed_false"",""confidence"":0.8,""evidence_text"":""""},{""name"":""demand_weak_or_price_war"",""deterministic_value"":false,""ai_value"":false,""status"":""agreed_false"",""confidence"":0.8,""evidence_text"":""""},{""name"":""inventory_drawdown"",""deterministic_value"":false,""ai_value"":false,""status"":""agreed_false"",""confidence"":0.8,""evidence_text"":""""},{""name"":""inventory_build"",""deterministic_value"":false,""ai_value"":false,""status"":""agreed_false"",""confidence"":0.8,""evidence_text"":""""},{""name"":""warehouse_receipt_decline"",""deterministic_value"":true,""ai_value"":true,""status"":""agreed_true"",""confidence"":0.8,""evidence_text"":""仓单减少902手""},{""name"":""warehouse_receipt_increase"",""deterministic_value"":false,""ai_value"":false,""status"":""agreed_false"",""confidence"":0.8,""evidence_text"":""""},{""name"":""policy_demand_support"",""deterministic_value"":false,""ai_value"":false,""status"":""agreed_false"",""confidence"":0.8,""evidence_text"":""""},{""name"":""import_supply_pressure"",""deterministic_value"":false,""ai_value"":false,""status"":""agreed_false"",""confidence"":0.8,""evidence_text"":""""},{""name"":""cost_support"",""deterministic_value"":false,""ai_value"":false,""status"":""agreed_false"",""confidence"":0.8,""evidence_text"":""""},{""name"":""delivery_pressure"",""deterministic_value"":false,""ai_value"":false,""status"":""agreed_false"",""confidence"":0.8,""evidence_text"":""""},{""name"":""authoritative_source"",""deterministic_value"":true,""ai_value"":true,""status"":""agreed_true"",""confidence"":0.8,""evidence_text"":""广期所""},{""name"":""quantitative_evidence"",""deterministic_value"":false,""ai_value"":true,""status"":""disputed"",""confidence"":0.8,""evidence_text"":""902手""},{""name"":""uncertainty_high"",""deterministic_value"":false,""ai_value"":false,""status"":""agreed_false"",""confidence"":0.8,""evidence_text"":""""}]",仓单减少902手,rulebook_inactive,Qwen/Qwen2.5-0.5B-Instruct,local-54e380ba2adfd0c6
GFEX-WR-20241104,2024-11-04,neutral,0.0,0.0,1.0,5,[],"[{""name"":""supply_disruption"",""deterministic_value"":false,""ai_value"":false,""status"":""agreed_false"",""confidence"":1.0,""evidence_text"":""""},{""name"":""supply_expansion"",""deterministic_value"":false,""ai_value"":false,""status"":""agreed_false"",""confidence"":1.0,""evidence_text"":""""},{""name"":""production_resumption"",""deterministic_value"":false,""ai_value"":false,""status"":""agreed_false"",""confidence"":1.0,""evidence_text"":""""},{""name"":""demand_ev_positive"",""deterministic_value"":false,""ai_value"":false,""status"":""agreed_false"",""confidence"":1.0,""evidence_text"":""""},{""name"":""demand_storage_positive"",""deterministic_value"":false,""ai_value"":false,""status"":""agreed_false"",""confidence"":1.0,""evidence_text"":""""},{""name"":""demand_weak_or_price_war"",""deterministic_value"":false,""ai_value"":false,""status"":""agreed_false"",""confidence"":1.0,""evidence_text"":""""},{""name"":""inventory_drawdown"",""deterministic_value"":false,""ai_value"":false,""status"":""agreed_false"",""confidence"":1.0,""evidence_text"":""""},{""name"":""inventory_build"",""deterministic_value"":false,""ai_value"":false,""status"":""agreed_false"",""confidence"":1.0,""evidence_text"":""""},{""name"":""warehouse_receipt_decline"",""deterministic_value"":false,""ai_value"":false,""status"":""agreed_false"",""confidence"":1.0,""evidence_text"":""""},{""name"":""warehouse_receipt_increase"",""deterministic_value"":true,""ai_value"":true,""status"":""agreed_true"",""confidence"":1.0,""evidence_text"":""仓单增加1361手""},{""name"":""policy_demand_support"",""deterministic_value"":false,""ai_value"":false,""status"":""agreed_false"",""confidence"":1.0,""evidence_text"":""""},{""name"":""import_supply_pressure"",""deterministic_value"":false,""ai_value"":false,""status"":""agreed_false"",""confidence"":1.0,""evidence_text"":""""},{""name"":""cost_support"",""deterministic_value"":false,""ai_value"":false,""status"":""agreed_false"",""confidence"":1.0,""evidence_text"":""""},{""name"":""delivery_pressure"",""deterministic_value"":false,""ai_value"":false,""status"":""agreed_false"",""confidence"":1.0,""evidence_text"":""""},{""name"":""authoritative_source"",""deterministic_value"":true,""ai_value"":true,""status"":""agreed_true"",""confidence"":1.0,""evidence_text"":""广期所""},{""name"":""quantitative_evidence"",""deterministic_value"":false,""ai_value"":true,""status"":""disputed"",""confidence"":1.0,""evidence_text"":""46522手""},{""name"":""uncertainty_high"",""deterministic_value"":false,""ai_value"":true,""status"":""disputed"",""confidence"":1.0,""evidence_text"":""增加1361手""}]",仓单增加1361手,rulebook_inactive,Qwen/Qwen2.5-0.5B-Instruct,local-055816fecb782046
GFEX-WR-20241105,2024-11-05,neutral,0.0,0.0,0.8,5,[],"[{""name"":""supply_disruption"",""deterministic_value"":false,""ai_value"":false,""status"":""agreed_false"",""confidence"":0.8,""evidence_text"":""""},{""name"":""supply_expansion"",""deterministic_value"":false,""ai_value"":false,""status"":""agreed_false"",""confidence"":0.8,""evidence_text"":""""},{""name"":""production_resumption"",""deterministic_value"":false,""ai_value"":false,""status"":""agreed_false"",""confidence"":0.8,""evidence_text"":""""},{""name"":""demand_ev_positive"",""deterministic_value"":false,""ai_value"":false,""status"":""agreed_false"",""confidence"":0.8,""evidence_text"":""""},{""name"":""demand_storage_positive"",""deterministic_value"":false,""ai_value"":false,""status"":""agreed_false"",""confidence"":0.8,""evidence_text"":""""},{""name"":""demand_weak_or_price_war"",""deterministic_value"":false,""ai_value"":false,""status"":""agreed_false"",""confidence"":0.8,""evidence_text"":""""},{""name"":""inventory_drawdown"",""deterministic_value"":false,""ai_value"":false,""status"":""agreed_false"",""confidence"":0.8,""evidence_text"":""""},{""name"":""inventory_build"",""deterministic_value"":false,""ai_value"":false,""status"":""agreed_false"",""confidence"":0.8,""evidence_text"":""""},{""name"":""warehouse_receipt_decline"",""deterministic_value"":false,""ai_value"":false,""status"":""agreed_false"",""confidence"":0.8,""evidence_text"":""""},{""name"":""warehouse_receipt_increase"",""deterministic_value"":true,""ai_value"":true,""status"":""agreed_true"",""confidence"":0.8,""evidence_text"":""仓单增加1339手""},{""name"":""policy_demand_support"",""deterministic_value"":false,""ai_value"":false,""status"":""agreed_false"",""confidence"":0.8,""evidence_text"":""""},{""name"":""import_supply_pressure"",""deterministic_value"":false,""ai_value"":false,""status"":""agreed_false"",""confidence"":0.8,""evidence_text"":""""},{""name"":""cost_support"",""deterministic_value"":false,""ai_value"":false,""status"":""agreed_false"",""confidence"":0.8,""evidence_text"":""""},{""name"":""delivery_pressure"",""deterministic_value"":false,""ai_value"":false,""status"":""agreed_false"",""confidence"":0.8,""evidence_text"":""""},{""name"":""authoritative_source"",""deterministic_value"":true,""ai_value"":true,""status"":""agreed_true"",""confidence"":0.8,""evidence_text"":""广期所""},{""name"":""quantitative_evidence"",""deterministic_value"":false,""ai_value"":true,""status"":""disputed"",""confidence"":0.8,""evidence_text"":""47861手""},{""name"":""uncertainty_high"",""deterministic_value"":false,""ai_value"":true,""status"":""disputed"",""confidence"":0.8,""evidence_text"":""增加1339手""}]",仓单增加1339手,rulebook_inactive,Qwen/Qwen2.5-0.5B-Instruct,local-084f3e16376fa500
GFEX-WR-20241111,2024-11-11,neutral,0.0,0.0,0.8,5,[],"[{""name"":""supply_disruption"",""deterministic_value"":false,""ai_value"":false,""status"":""agreed_false"",""confidence"":0.8,""evidence_text"":""""},{""name"":""supply_expansion"",""deterministic_value"":false,""ai_value"":false,""status"":""agreed_false"",""confidence"":0.8,""evidence_text"":""""},{""name"":""production_resumption"",""deterministic_value"":false,""ai_value"":false,""status"":""agreed_false"",""confidence"":0.8,""evidence_text"":""""},{""name"":""demand_ev_positive"",""deterministic_value"":false,""ai_value"":false,""status"":""agreed_false"",""confidence"":0.8,""evidence_text"":""""},{""name"":""demand_storage_positive"",""deterministic_value"":false,""ai_value"":false,""status"":""agreed_false"",""confidence"":0.8,""evidence_text"":""""},{""name"":""demand_weak_or_price_war"",""deterministic_value"":false,""ai_value"":false,""status"":""agreed_false"",""confidence"":0.8,""evidence_text"":""""},{""name"":""inventory_drawdown"",""deterministic_value"":false,""ai_value"":false,""status"":""agreed_false"",""confidence"":0.8,""evidence_text"":""""},{""name"":""inventory_build"",""deterministic_value"":false,""ai_value"":false,""status"":""agreed_false"",""confidence"":0.8,""evidence_text"":""""},{""name"":""warehouse_receipt_decline"",""deterministic_value"":false,""ai_value"":false,""status"":""agreed_false"",""confidence"":0.8,""evidence_text"":""""},{""name"":""warehouse_receipt_increase"",""deterministic_value"":true,""ai_value"":true,""status"":""agreed_true"",""confidence"":0.8,""evidence_text"":""仓单增加1147手""},{""name"":""policy_demand_support"",""deterministic_value"":false,""ai_value"":false,""status"":""agreed_false"",""confidence"":0.8,""evidence_text"":""""},{""name"":""import_supply_pressure"",""deterministic_value"":false,""ai_value"":false,""status"":""agreed_false"",""confidence"":0.8,""evidence_text"":""""},{""name"":""cost_support"",""deterministic_value"":false,""ai_value"":false,""status"":""agreed_false"",""confidence"":0.8,""evidence_text"":""""},{""name"":""delivery_pressure"",""deterministic_value"":false,""ai_value"":false,""status"":""agreed_false"",""confidence"":0.8,""evidence_text"":""""},{""name"":""authoritative_source"",""deterministic_value"":true,""ai_value"":true,""status"":""agreed_true"",""confidence"":0.8,""evidence_text"":""广期所""},{""name"":""quantitative_evidence"",""deterministic_value"":false,""ai_value"":true,""status"":""disputed"",""confidence"":0.8,""evidence_text"":""49106手""},{""name"":""uncertainty_high"",""deterministic_value"":false,""ai_value"":true,""status"":""disputed"",""confidence"":0.8,""evidence_text"":""增加1147手""}]",仓单增加1147手,rulebook_inactive,Qwen/Qwen2.5-0.5B-Instruct,local-88e6cad206abe0eb
GFEX-WR-20241113,2024-11-13,neutral,0.0,0.0,0.8,5,[],"[{""name"":""supply_disruption"",""deterministic_value"":false,""ai_value"":false,""status"":""agreed_false"",""confidence"":0.8,""evidence_text"":""""},{""name"":""supply_expansion"",""deterministic_value"":false,""ai_value"":false,""status"":""agreed_false"",""confidence"":0.8,""evidence_text"":""""},{""name"":""production_resumption"",""deterministic_value"":false,""ai_value"":false,""status"":""agreed_false"",""confidence"":0.8,""evidence_text"":""""},{""name"":""demand_ev_positive"",""deterministic_value"":false,""ai_value"":false,""status"":""agreed_false"",""confidence"":0.8,""evidence_text"":""""},{""name"":""demand_storage_positive"",""deterministic_value"":false,""ai_value"":false,""status"":""agreed_false"",""confidence"":0.8,""evidence_text"":""""},{""name"":""demand_weak_or_price_war"",""deterministic_value"":false,""ai_value"":false,""status"":""agreed_false"",""confidence"":0.8,""evidence_text"":""""},{""name"":""inventory_drawdown"",""deterministic_value"":false,""ai_value"":false,""status"":""agreed_false"",""confidence"":0.8,""evidence_text"":""""},{""name"":""inventory_build"",""deterministic_value"":false,""ai_value"":false,""status"":""agreed_false"",""confidence"":0.8,""evidence_text"":""""},{""name"":""warehouse_receipt_decline"",""deterministic_value"":false,""ai_value"":false,""status"":""agreed_false"",""confidence"":0.8,""evidence_text"":""""},{""name"":""warehouse_receipt_increase"",""deterministic_value"":true,""ai_value"":true,""status"":""agreed_true"",""confidence"":0.8,""evidence_text"":""仓单增加1270手""},{""name"":""policy_demand_support"",""deterministic_value"":false,""ai_value"":false,""status"":""agreed_false"",""confidence"":0.8,""evidence_text"":""""},{""name"":""import_supply_pressure"",""deterministic_value"":false,""ai_value"":false,""status"":""agreed_false"",""confidence"":0.8,""evidence_text"":""""},{""name"":""cost_support"",""deterministic_value"":false,""ai_value"":false,""status"":""agreed_false"",""confidence"":0.8,""evidence_text"":""""},{""name"":""delivery_pressure"",""deterministic_value"":false,""ai_value"":false,""status"":""agreed_false"",""confidence"":0.8,""evidence_text"":""""},{""name"":""authoritative_source"",""deterministic_value"":true,""ai_value"":true,""status"":""agreed_true"",""confidence"":0.8,""evidence_text"":""广期所""},{""name"":""quantitative_evidence"",""deterministic_value"":false,""ai_value"":true,""status"":""disputed"",""confidence"":0.8,""evidence_text"":""50196手""},{""name"":""uncertainty_high"",""deterministic_value"":false,""ai_value"":true,""status"":""disputed"",""confidence"":0.8,""evidence_text"":""增加1270手""}]",仓单增加1270手,rulebook_inactive,Qwen/Qwen2.5-0.5B-Instruct,local-bd2b0915b31aa10a
GFEX-WR-20241118,2024-11-18,neutral,0.0,0.0,0.8,5,[],"[{""name"":""supply_disruption"",""deterministic_value"":false,""ai_value"":false,""status"":""agreed_false"",""confidence"":0.8,""evidence_text"":""""},{""name"":""supply_expansion"",""deterministic_value"":false,""ai_value"":false,""status"":""agreed_false"",""confidence"":0.8,""evidence_text"":""""},{""name"":""production_resumption"",""deterministic_value"":false,""ai_value"":false,""status"":""agreed_false"",""confidence"":0.8,""evidence_text"":""""},{""name"":""demand_ev_positive"",""deterministic_value"":false,""ai_value"":false,""status"":""agreed_false"",""confidence"":0.8,""evidence_text"":""""},{""name"":""demand_storage_positive"",""deterministic_value"":false,""ai_value"":false,""status"":""agreed_false"",""confidence"":0.8,""evidence_text"":""""},{""name"":""demand_weak_or_price_war"",""deterministic_value"":false,""ai_value"":false,""status"":""agreed_false"",""confidence"":0.8,""evidence_text"":""""},{""name"":""inventory_drawdown"",""deterministic_value"":false,""ai_value"":false,""status"":""agreed_false"",""confidence"":0.8,""evidence_text"":""""},{""name"":""inventory_build"",""deterministic_value"":false,""ai_value"":false,""status"":""agreed_false"",""confidence"":0.8,""evidence_text"":""""},{""name"":""warehouse_receipt_decline"",""deterministic_value"":false,""ai_value"":false,""status"":""agreed_false"",""confidence"":0.8,""evidence_text"":""""},{""name"":""warehouse_receipt_increase"",""deterministic_value"":true,""ai_value"":true,""status"":""agreed_true"",""confidence"":0.8,""evidence_text"":""仓单增加3396手""},{""name"":""policy_demand_support"",""deterministic_value"":false,""ai_value"":false,""status"":""agreed_false"",""confidence"":0.8,""evidence_text"":""""},{""name"":""import_supply_pressure"",""deterministic_value"":false,""ai_value"":false,""status"":""agreed_false"",""confidence"":0.8,""evidence_text"":""""},{""name"":""cost_support"",""deterministic_value"":false,""ai_value"":false,""status"":""agreed_false"",""confidence"":0.8,""evidence_text"":""""},{""name"":""delivery_pressure"",""deterministic_value"":false,""ai_value"":false,""status"":""agreed_false"",""confidence"":0.8,""evidence_text"":""""},{""name"":""authoritative_source"",""deterministic_value"":true,""ai_value"":true,""status"":""agreed_true"",""confidence"":0.8,""evidence_text"":""广期所""},{""name"":""quantitative_evidence"",""deterministic_value"":false,""ai_value"":true,""status"":""disputed"",""confidence"":0.8,""evidence_text"":""53115手""},{""name"":""uncertainty_high"",""deterministic_value"":false,""ai_value"":true,""status"":""disputed"",""confidence"":0.8,""evidence_text"":""增加3396手""}]",仓单增加3396手,rulebook_inactive,Qwen/Qwen2.5-0.5B-Instruct,local-561ad51abdd66358
GFEX-WR-20241127,2024-11-27,neutral,0.0,0.0,1.0,5,[],"[{""name"":""supply_disruption"",""deterministic_value"":false,""ai_value"":false,""status"":""agreed_false"",""confidence"":1.0,""evidence_text"":""""},{""name"":""supply_expansion"",""deterministic_value"":false,""ai_value"":false,""status"":""agreed_false"",""confidence"":1.0,""evidence_text"":""""},{""name"":""production_resumption"",""deterministic_value"":false,""ai_value"":false,""status"":""agreed_false"",""confidence"":1.0,""evidence_text"":""""},{""name"":""demand_ev_positive"",""deterministic_value"":false,""ai_value"":false,""status"":""agreed_false"",""confidence"":1.0,""evidence_text"":""""},{""name"":""demand_storage_positive"",""deterministic_value"":false,""ai_value"":false,""status"":""agreed_false"",""confidence"":1.0,""evidence_text"":""""},{""name"":""demand_weak_or_price_war"",""deterministic_value"":false,""ai_value"":false,""status"":""agreed_false"",""confidence"":1.0,""evidence_text"":""""},{""name"":""inventory_drawdown"",""deterministic_value"":false,""ai_value"":false,""status"":""agreed_false"",""confidence"":1.0,""evidence_text"":""""},{""name"":""inventory_build"",""deterministic_value"":false,""ai_value"":false,""status"":""agreed_false"",""confidence"":1.0,""evidence_text"":""""},{""name"":""warehouse_receipt_decline"",""deterministic_value"":true,""ai_value"":true,""status"":""agreed_true"",""confidence"":1.0,""evidence_text"":""仓单减少2171手""},{""name"":""warehouse_receipt_increase"",""deterministic_value"":false,""ai_value"":false,""status"":""agreed_false"",""confidence"":1.0,""evidence_text"":""""},{""name"":""policy_demand_support"",""deterministic_value"":false,""ai_value"":false,""status"":""agreed_false"",""confidence"":1.0,""evidence_text"":""""},{""name"":""import_supply_pressure"",""deterministic_value"":false,""ai_value"":false,""status"":""agreed_false"",""confidence"":1.0,""evidence_text"":""""},{""name"":""cost_support"",""deterministic_value"":false,""ai_value"":false,""status"":""agreed_false"",""confidence"":1.0,""evidence_text"":""""},{""name"":""delivery_pressure"",""deterministic_value"":false,""ai_value"":false,""status"":""agreed_false"",""confidence"":1.0,""evidence_text"":""""},{""name"":""authoritative_source"",""deterministic_value"":true,""ai_value"":true,""status"":""agreed_true"",""confidence"":1.0,""evidence_text"":""广州期货交易所""},{""name"":""quantitative_evidence"",""deterministic_value"":false,""ai_value"":true,""status"":""disputed"",""confidence"":1.0,""evidence_text"":""2171手""},{""name"":""uncertainty_high"",""deterministic_value"":false,""ai_value"":false,""status"":""agreed_false"",""confidence"":1.0,""evidence_text"":""""}]",仓单减少2171手,rulebook_inactive,Qwen/Qwen2.5-0.5B-Instruct,local-85cf6a1a890b396e
GFEX-WR-20241129,2024-11-29,neutral,0.0,0.0,0.8,5,[],"[{""name"":""supply_disruption"",""deterministic_value"":false,""ai_value"":false,""status"":""agreed_false"",""confidence"":0.8,""evidence_text"":""""},{""name"":""supply_expansion"",""deterministic_value"":false,""ai_value"":false,""status"":""agreed_false"",""confidence"":0.8,""evidence_text"":""""},{""name"":""production_resumption"",""deterministic_value"":false,""ai_value"":false,""status"":""agreed_false"",""confidence"":0.8,""evidence_text"":""""},{""name"":""demand_ev_positive"",""deterministic_value"":false,""ai_value"":false,""status"":""agreed_false"",""confidence"":0.8,""evidence_text"":""""},{""name"":""demand_storage_positive"",""deterministic_value"":false,""ai_value"":false,""status"":""agreed_false"",""confidence"":0.8,""evidence_text"":""""},{""name"":""demand_weak_or_price_war"",""deterministic_value"":false,""ai_value"":false,""status"":""agreed_false"",""confidence"":0.8,""evidence_text"":""""},{""name"":""inventory_drawdown"",""deterministic_value"":false,""ai_value"":false,""status"":""agreed_false"",""confidence"":0.8,""evidence_text"":""""},{""name"":""inventory_build"",""deterministic_value"":false,""ai_value"":false,""status"":""agreed_false"",""confidence"":0.8,""evidence_text"":""""},{""name"":""warehouse_receipt_decline"",""deterministic_value"":true,""ai_value"":true,""status"":""agreed_true"",""confidence"":0.8,""evidence_text"":""仓单减少28123手""},{""name"":""warehouse_receipt_increase"",""deterministic_value"":false,""ai_value"":false,""status"":""agreed_false"",""confidence"":0.8,""evidence_text"":""""},{""name"":""policy_demand_support"",""deterministic_value"":false,""ai_value"":false,""status"":""agreed_false"",""confidence"":0.8,""evidence_text"":""""},{""name"":""import_supply_pressure"",""deterministic_value"":false,""ai_value"":false,""status"":""agreed_false"",""confidence"":0.8,""evidence_text"":""""},{""name"":""cost_support"",""deterministic_value"":false,""ai_value"":false,""status"":""agreed_false"",""confidence"":0.8,""evidence_text"":""""},{""name"":""delivery_pressure"",""deterministic_value"":false,""ai_value"":false,""status"":""agreed_false"",""confidence"":0.8,""evidence_text"":""""},{""name"":""authoritative_source"",""deterministic_value"":true,""ai_value"":true,""status"":""agreed_true"",""confidence"":0.8,""evidence_text"":""广州期货交易所""},{""name"":""quantitative_evidence"",""deterministic_value"":false,""ai_value"":true,""status"":""disputed"",""confidence"":0.8,""evidence_text"":""21706手""},{""name"":""uncertainty_high"",""deterministic_value"":false,""ai_value"":true,""status"":""disputed"",""confidence"":0.8,""evidence_text"":""2024-11-29""}]",仓单减少28123手,rulebook_inactive,Qwen/Qwen2.5-0.5B-Instruct,local-b31e6b490f56ab2c
GFEX-WR-20241202,2024-12-02,neutral,0.0,0.0,0.9,5,[],"[{""name"":""supply_disruption"",""deterministic_value"":false,""ai_value"":false,""status"":""agreed_false"",""confidence"":0.9,""evidence_text"":""""},{""name"":""supply_expansion"",""deterministic_value"":false,""ai_value"":false,""status"":""agreed_false"",""confidence"":0.9,""evidence_text"":""""},{""name"":""production_resumption"",""deterministic_value"":false,""ai_value"":false,""status"":""agreed_false"",""confidence"":0.9,""evidence_text"":""""},{""name"":""demand_ev_positive"",""deterministic_value"":false,""ai_value"":false,""status"":""agreed_false"",""confidence"":0.9,""evidence_text"":""""},{""name"":""demand_storage_positive"",""deterministic_value"":false,""ai_value"":false,""status"":""agreed_false"",""confidence"":0.9,""evidence_text"":""""},{""name"":""demand_weak_or_price_war"",""deterministic_value"":false,""ai_value"":false,""status"":""agreed_false"",""confidence"":0.9,""evidence_text"":""""},{""name"":""inventory_drawdown"",""deterministic_value"":false,""ai_value"":false,""status"":""agreed_false"",""confidence"":0.9,""evidence_text"":""""},{""name"":""inventory_build"",""deterministic_value"":false,""ai_value"":false,""status"":""agreed_false"",""confidence"":0.9,""evidence_text"":""""},{""name"":""warehouse_receipt_decline"",""deterministic_value"":false,""ai_value"":false,""status"":""agreed_false"",""confidence"":0.9,""evidence_text"":""""},{""name"":""warehouse_receipt_increase"",""deterministic_value"":true,""ai_value"":true,""status"":""agreed_true"",""confidence"":0.9,""evidence_text"":""仓单增加1260手""},{""name"":""policy_demand_support"",""deterministic_value"":false,""ai_value"":false,""status"":""agreed_false"",""confidence"":0.9,""evidence_text"":""""},{""name"":""import_supply_pressure"",""deterministic_value"":false,""ai_value"":false,""status"":""agreed_false"",""confidence"":0.9,""evidence_text"":""""},{""name"":""cost_support"",""deterministic_value"":false,""ai_value"":false,""status"":""agreed_false"",""confidence"":0.9,""evidence_text"":""""},{""name"":""delivery_pressure"",""deterministic_value"":false,""ai_value"":false,""status"":""agreed_false"",""confidence"":0.9,""evidence_text"":""""},{""name"":""authoritative_source"",""deterministic_value"":true,""ai_value"":true,""status"":""agreed_true"",""confidence"":0.9,""evidence_text"":""广期所""},{""name"":""quantitative_evidence"",""deterministic_value"":false,""ai_value"":true,""status"":""disputed"",""confidence"":0.9,""evidence_text"":""22966手""},{""name"":""uncertainty_high"",""deterministic_value"":false,""ai_value"":true,""status"":""disputed"",""confidence"":0.9,""evidence_text"":""增加1260手""}]",仓单增加1260手,rulebook_inactive,Qwen/Qwen2.5-0.5B-Instruct,local-8113b951d6368ab0
GFEX-WR-20241204,2024-12-04,neutral,0.0,0.0,0.8,5,[],"[{""name"":""supply_disruption"",""deterministic_value"":false,""ai_value"":false,""status"":""agreed_false"",""confidence"":0.8,""evidence_text"":""""},{""name"":""supply_expansion"",""deterministic_value"":false,""ai_value"":false,""status"":""agreed_false"",""confidence"":0.8,""evidence_text"":""""},{""name"":""production_resumption"",""deterministic_value"":false,""ai_value"":false,""status"":""agreed_false"",""confidence"":0.8,""evidence_text"":""""},{""name"":""demand_ev_positive"",""deterministic_value"":false,""ai_value"":false,""status"":""agreed_false"",""confidence"":0.8,""evidence_text"":""""},{""name"":""demand_storage_positive"",""deterministic_value"":false,""ai_value"":false,""status"":""agreed_false"",""confidence"":0.8,""evidence_text"":""""},{""name"":""demand_weak_or_price_war"",""deterministic_value"":false,""ai_value"":false,""status"":""agreed_false"",""confidence"":0.8,""evidence_text"":""""},{""name"":""inventory_drawdown"",""deterministic_value"":false,""ai_value"":false,""status"":""agreed_false"",""confidence"":0.8,""evidence_text"":""""},{""name"":""inventory_build"",""deterministic_value"":false,""ai_value"":false,""status"":""agreed_false"",""confidence"":0.8,""evidence_text"":""""},{""name"":""warehouse_receipt_decline"",""deterministic_value"":false,""ai_value"":false,""status"":""agreed_false"",""confidence"":0.8,""evidence_text"":""""},{""name"":""warehouse_receipt_increase"",""deterministic_value"":true,""ai_value"":true,""status"":""agreed_true"",""confidence"":0.8,""evidence_text"":""仓单增加4590手""},{""name"":""policy_demand_support"",""deterministic_value"":false,""ai_value"":false,""status"":""agreed_false"",""confidence"":0.8,""evidence_text"":""""},{""name"":""import_supply_pressure"",""deterministic_value"":false,""ai_value"":false,""status"":""agreed_false"",""confidence"":0.8,""evidence_text"":""""},{""name"":""cost_support"",""deterministic_value"":false,""ai_value"":false,""status"":""agreed_false"",""confidence"":0.8,""evidence_text"":""""},{""name"":""delivery_pressure"",""deterministic_value"":false,""ai_value"":false,""status"":""agreed_false"",""confidence"":0.8,""evidence_text"":""""},{""name"":""authoritative_source"",""deterministic_value"":true,""ai_value"":true,""status"":""agreed_true"",""confidence"":0.8,""evidence_text"":""广期所""},{""name"":""quantitative_evidence"",""deterministic_value"":false,""ai_value"":true,""status"":""disputed"",""confidence"":0.8,""evidence_text"":""4590手""},{""name"":""uncertainty_high"",""deterministic_value"":false,""ai_value"":false,""status"":""agreed_false"",""confidence"":0.8,""evidence_text"":""""}]",仓单增加4590手,rulebook_inactive,Qwen/Qwen2.5-0.5B-Instruct,local-090e1eb3d34f5e59
GFEX-WR-20241205,2024-12-05,neutral,0.0,0.0,0.8,5,[],"[{""name"":""supply_disruption"",""deterministic_value"":false,""ai_value"":false,""status"":""agreed_false"",""confidence"":0.8,""evidence_text"":""""},{""name"":""supply_expansion"",""deterministic_value"":false,""ai_value"":false,""status"":""agreed_false"",""confidence"":0.8,""evidence_text"":""""},{""name"":""production_resumption"",""deterministic_value"":false,""ai_value"":false,""status"":""agreed_false"",""confidence"":0.8,""evidence_text"":""""},{""name"":""demand_ev_positive"",""deterministic_value"":false,""ai_value"":false,""status"":""agreed_false"",""confidence"":0.8,""evidence_text"":""""},{""name"":""demand_storage_positive"",""deterministic_value"":false,""ai_value"":false,""status"":""agreed_false"",""confidence"":0.8,""evidence_text"":""""},{""name"":""demand_weak_or_price_war"",""deterministic_value"":false,""ai_value"":false,""status"":""agreed_false"",""confidence"":0.8,""evidence_text"":""""},{""name"":""inventory_drawdown"",""deterministic_value"":false,""ai_value"":false,""status"":""agreed_false"",""confidence"":0.8,""evidence_text"":""""},{""name"":""inventory_build"",""deterministic_value"":false,""ai_value"":false,""status"":""agreed_false"",""confidence"":0.8,""evidence_text"":""""},{""name"":""warehouse_receipt_decline"",""deterministic_value"":false,""ai_value"":false,""status"":""agreed_false"",""confidence"":0.8,""evidence_text"":""""},{""name"":""warehouse_receipt_increase"",""deterministic_value"":true,""ai_value"":true,""status"":""agreed_true"",""confidence"":0.8,""evidence_text"":""仓单增加1760手""},{""name"":""policy_demand_support"",""deterministic_value"":false,""ai_value"":false,""status"":""agreed_false"",""confidence"":0.8,""evidence_text"":""""},{""name"":""import_supply_pressure"",""deterministic_value"":false,""ai_value"":false,""status"":""agreed_false"",""confidence"":0.8,""evidence_text"":""""},{""name"":""cost_support"",""deterministic_value"":false,""ai_value"":false,""status"":""agreed_false"",""confidence"":0.8,""evidence_text"":""""},{""name"":""delivery_pressure"",""deterministic_value"":false,""ai_value"":false,""status"":""agreed_false"",""confidence"":0.8,""evidence_text"":""""},{""name"":""authoritative_source"",""deterministic_value"":true,""ai_value"":true,""status"":""agreed_true"",""confidence"":0.8,""evidence_text"":""广期所""},{""name"":""quantitative_evidence"",""deterministic_value"":false,""ai_value"":true,""status"":""disputed"",""confidence"":0.8,""evidence_text"":""29446手""},{""name"":""uncertainty_high"",""deterministic_value"":false,""ai_value"":true,""status"":""disputed"",""confidence"":0.8,""evidence_text"":""增加1760手""}]",仓单增加1760手,rulebook_inactive,Qwen/Qwen2.5-0.5B-Instruct,local-ff96a8655a3344bc
GFEX-WR-20241206,2024-12-06,neutral,0.0,0.0,0.9,5,[],"[{""name"":""supply_disruption"",""deterministic_value"":false,""ai_value"":false,""status"":""agreed_false"",""confidence"":0.9,""evidence_text"":""""},{""name"":""supply_expansion"",""deterministic_value"":false,""ai_value"":false,""status"":""agreed_false"",""confidence"":0.9,""evidence_text"":""""},{""name"":""production_resumption"",""deterministic_value"":false,""ai_value"":false,""status"":""agreed_false"",""confidence"":0.9,""evidence_text"":""""},{""name"":""demand_ev_positive"",""deterministic_value"":false,""ai_value"":false,""status"":""agreed_false"",""confidence"":0.9,""evidence_text"":""""},{""name"":""demand_storage_positive"",""deterministic_value"":false,""ai_value"":false,""status"":""agreed_false"",""confidence"":0.9,""evidence_text"":""""},{""name"":""demand_weak_or_price_war"",""deterministic_value"":false,""ai_value"":false,""status"":""agreed_false"",""confidence"":0.9,""evidence_text"":""""},{""name"":""inventory_drawdown"",""deterministic_value"":false,""ai_value"":false,""status"":""agreed_false"",""confidence"":0.9,""evidence_text"":""""},{""name"":""inventory_build"",""deterministic_value"":false,""ai_value"":false,""status"":""agreed_false"",""confidence"":0.9,""evidence_text"":""""},{""name"":""warehouse_receipt_decline"",""deterministic_value"":false,""ai_value"":false,""status"":""agreed_false"",""confidence"":0.9,""evidence_text"":""""},{""name"":""warehouse_receipt_increase"",""deterministic_value"":true,""ai_value"":true,""status"":""agreed_true"",""confidence"":0.9,""evidence_text"":""仓单增加5248手""},{""name"":""policy_demand_support"",""deterministic_value"":false,""ai_value"":false,""status"":""agreed_false"",""confidence"":0.9,""evidence_text"":""""},{""name"":""import_supply_pressure"",""deterministic_value"":false,""ai_value"":false,""status"":""agreed_false"",""confidence"":0.9,""evidence_text"":""""},{""name"":""cost_support"",""deterministic_value"":false,""ai_value"":false,""status"":""agreed_false"",""confidence"":0.9,""evidence_text"":""""},{""name"":""delivery_pressure"",""deterministic_value"":false,""ai_value"":false,""status"":""agreed_false"",""confidence"":0.9,""evidence_text"":""""},{""name"":""authoritative_source"",""deterministic_value"":true,""ai_value"":true,""status"":""agreed_true"",""confidence"":0.9,""evidence_text"":""广期所""},{""name"":""quantitative_evidence"",""deterministic_value"":false,""ai_value"":true,""status"":""disputed"",""confidence"":0.9,""evidence_text"":""34694手""},{""name"":""uncertainty_high"",""deterministic_value"":false,""ai_value"":true,""status"":""disputed"",""confidence"":0.9,""evidence_text"":""增加5248手""}]",仓单增加5248手,rulebook_inactive,Qwen/Qwen2.5-0.5B-Instruct,local-068ec88c0d588576
GFEX-WR-20241209,2024-12-09,neutral,0.0,0.0,0.8,5,[],"[{""name"":""supply_disruption"",""deterministic_value"":false,""ai_value"":false,""status"":""agreed_false"",""confidence"":0.8,""evidence_text"":""""},{""name"":""supply_expansion"",""deterministic_value"":false,""ai_value"":false,""status"":""agreed_false"",""confidence"":0.8,""evidence_text"":""""},{""name"":""production_resumption"",""deterministic_value"":false,""ai_value"":false,""status"":""agreed_false"",""confidence"":0.8,""evidence_text"":""""},{""name"":""demand_ev_positive"",""deterministic_value"":false,""ai_value"":false,""status"":""agreed_false"",""confidence"":0.8,""evidence_text"":""""},{""name"":""demand_storage_positive"",""deterministic_value"":false,""ai_value"":false,""status"":""agreed_false"",""confidence"":0.8,""evidence_text"":""""},{""name"":""demand_weak_or_price_war"",""deterministic_value"":false,""ai_value"":false,""status"":""agreed_false"",""confidence"":0.8,""evidence_text"":""""},{""name"":""inventory_drawdown"",""deterministic_value"":false,""ai_value"":false,""status"":""agreed_false"",""confidence"":0.8,""evidence_text"":""""},{""name"":""inventory_build"",""deterministic_value"":false,""ai_value"":false,""status"":""agreed_false"",""confidence"":0.8,""evidence_text"":""""},{""name"":""warehouse_receipt_decline"",""deterministic_value"":false,""ai_value"":false,""status"":""agreed_false"",""confidence"":0.8,""evidence_text"":""""},{""name"":""warehouse_receipt_increase"",""deterministic_value"":true,""ai_value"":true,""status"":""agreed_true"",""confidence"":0.8,""evidence_text"":""仓单增加2247手""},{""name"":""policy_demand_support"",""deterministic_value"":false,""ai_value"":false,""status"":""agreed_false"",""confidence"":0.8,""evidence_text"":""""},{""name"":""import_supply_pressure"",""deterministic_value"":false,""ai_value"":false,""status"":""agreed_false"",""confidence"":0.8,""evidence_text"":""""},{""name"":""cost_support"",""deterministic_value"":false,""ai_value"":false,""status"":""agreed_false"",""confidence"":0.8,""evidence_text"":""""},{""name"":""delivery_pressure"",""deterministic_value"":false,""ai_value"":false,""status"":""agreed_false"",""confidence"":0.8,""evidence_text"":""""},{""name"":""authoritative_source"",""deterministic_value"":true,""ai_value"":true,""status"":""agreed_true"",""confidence"":0.8,""evidence_text"":""广期所""},{""name"":""quantitative_evidence"",""deterministic_value"":false,""ai_value"":true,""status"":""disputed"",""confidence"":0.8,""evidence_text"":""36941手""},{""name"":""uncertainty_high"",""deterministic_value"":false,""ai_value"":true,""status"":""disputed"",""confidence"":0.8,""evidence_text"":""增加2247手""}]",仓单增加2247手,rulebook_inactive,Qwen/Qwen2.5-0.5B-Instruct,local-011a5e4e2c60470c
GFEX-WR-20241210,2024-12-10,neutral,0.0,0.0,1.0,5,[],"[{""name"":""supply_disruption"",""deterministic_value"":false,""ai_value"":false,""status"":""agreed_false"",""confidence"":1.0,""evidence_text"":""""},{""name"":""supply_expansion"",""deterministic_value"":false,""ai_value"":false,""status"":""agreed_false"",""confidence"":1.0,""evidence_text"":""""},{""name"":""production_resumption"",""deterministic_value"":false,""ai_value"":false,""status"":""agreed_false"",""confidence"":1.0,""evidence_text"":""""},{""name"":""demand_ev_positive"",""deterministic_value"":false,""ai_value"":false,""status"":""agreed_false"",""confidence"":1.0,""evidence_text"":""""},{""name"":""demand_storage_positive"",""deterministic_value"":false,""ai_value"":false,""status"":""agreed_false"",""confidence"":1.0,""evidence_text"":""""},{""name"":""demand_weak_or_price_war"",""deterministic_value"":false,""ai_value"":false,""status"":""agreed_false"",""confidence"":1.0,""evidence_text"":""""},{""name"":""inventory_drawdown"",""deterministic_value"":false,""ai_value"":false,""status"":""agreed_false"",""confidence"":1.0,""evidence_text"":""""},{""name"":""inventory_build"",""deterministic_value"":false,""ai_value"":false,""status"":""agreed_false"",""confidence"":1.0,""evidence_text"":""""},{""name"":""warehouse_receipt_decline"",""deterministic_value"":false,""ai_value"":false,""status"":""agreed_false"",""confidence"":1.0,""evidence_text"":""""},{""name"":""warehouse_receipt_increase"",""deterministic_value"":true,""ai_value"":true,""status"":""agreed_true"",""confidence"":1.0,""evidence_text"":""仓单增加1843手""},{""name"":""policy_demand_support"",""deterministic_value"":false,""ai_value"":false,""status"":""agreed_false"",""confidence"":1.0,""evidence_text"":""""},{""name"":""import_supply_pressure"",""deterministic_value"":false,""ai_value"":false,""status"":""agreed_false"",""confidence"":1.0,""evidence_text"":""""},{""name"":""cost_support"",""deterministic_value"":false,""ai_value"":false,""status"":""agreed_false"",""confidence"":1.0,""evidence_text"":""""},{""name"":""delivery_pressure"",""deterministic_value"":false,""ai_value"":false,""status"":""agreed_false"",""confidence"":1.0,""evidence_text"":""""},{""name"":""authoritative_source"",""deterministic_value"":true,""ai_value"":true,""status"":""agreed_true"",""confidence"":1.0,""evidence_text"":""广期所""},{""name"":""quantitative_evidence"",""deterministic_value"":false,""ai_value"":true,""status"":""disputed"",""confidence"":1.0,""evidence_text"":""38784手""},{""name"":""uncertainty_high"",""deterministic_value"":false,""ai_value"":true,""status"":""disputed"",""confidence"":1.0,""evidence_text"":""增加1843手""}]",仓单增加1843手,rulebook_inactive,Qwen/Qwen2.5-0.5B-Instruct,local-aeb91433584cdc0d
GFEX-WR-20241211,2024-12-11,neutral,0.0,0.0,0.8,5,[],"[{""name"":""supply_disruption"",""deterministic_value"":false,""ai_value"":false,""status"":""agreed_false"",""confidence"":0.8,""evidence_text"":""""},{""name"":""supply_expansion"",""deterministic_value"":false,""ai_value"":false,""status"":""agreed_false"",""confidence"":0.8,""evidence_text"":""""},{""name"":""production_resumption"",""deterministic_value"":false,""ai_value"":false,""status"":""agreed_false"",""confidence"":0.8,""evidence_text"":""""},{""name"":""demand_ev_positive"",""deterministic_value"":false,""ai_value"":false,""status"":""agreed_false"",""confidence"":0.8,""evidence_text"":""""},{""name"":""demand_storage_positive"",""deterministic_value"":false,""ai_value"":false,""status"":""agreed_false"",""confidence"":0.8,""evidence_text"":""""},{""name"":""demand_weak_or_price_war"",""deterministic_value"":false,""ai_value"":false,""status"":""agreed_false"",""confidence"":0.8,""evidence_text"":""""},{""name"":""inventory_drawdown"",""deterministic_value"":false,""ai_value"":false,""status"":""agreed_false"",""confidence"":0.8,""evidence_text"":""""},{""name"":""inventory_build"",""deterministic_value"":false,""ai_value"":false,""status"":""agreed_false"",""confidence"":0.8,""evidence_text"":""""},{""name"":""warehouse_receipt_decline"",""deterministic_value"":false,""ai_value"":false,""status"":""agreed_false"",""confidence"":0.8,""evidence_text"":""""},{""name"":""warehouse_receipt_increase"",""deterministic_value"":true,""ai_value"":true,""status"":""agreed_true"",""confidence"":0.8,""evidence_text"":""仓单增加1043手""},{""name"":""policy_demand_support"",""deterministic_value"":false,""ai_value"":false,""status"":""agreed_false"",""confidence"":0.8,""evidence_text"":""""},{""name"":""import_supply_pressure"",""deterministic_value"":false,""ai_value"":false,""status"":""agreed_false"",""confidence"":0.8,""evidence_text"":""""},{""name"":""cost_support"",""deterministic_value"":false,""ai_value"":false,""status"":""agreed_false"",""confidence"":0.8,""evidence_text"":""""},{""name"":""delivery_pressure"",""deterministic_value"":false,""ai_value"":false,""status"":""agreed_false"",""confidence"":0.8,""evidence_text"":""""},{""name"":""authoritative_source"",""deterministic_value"":true,""ai_value"":true,""status"":""agreed_true"",""confidence"":0.8,""evidence_text"":""广期所""},{""name"":""quantitative_evidence"",""deterministic_value"":false,""ai_value"":true,""status"":""disputed"",""confidence"":0.8,""evidence_text"":""39827手""},{""name"":""uncertainty_high"",""deterministic_value"":false,""ai_value"":true,""status"":""disputed"",""confidence"":0.8,""evidence_text"":""增加1043手""}]",仓单增加1043手,rulebook_inactive,Qwen/Qwen2.5-0.5B-Instruct,local-69a1704a609706e3
GFEX-WR-20241212,2024-12-12,neutral,0.0,0.0,1.0,5,[],"[{""name"":""supply_disruption"",""deterministic_value"":false,""ai_value"":false,""status"":""agreed_false"",""confidence"":1.0,""evidence_text"":""""},{""name"":""supply_expansion"",""deterministic_value"":false,""ai_value"":false,""status"":""agreed_false"",""confidence"":1.0,""evidence_text"":""""},{""name"":""production_resumption"",""deterministic_value"":false,""ai_value"":false,""status"":""agreed_false"",""confidence"":1.0,""evidence_text"":""""},{""name"":""demand_ev_positive"",""deterministic_value"":false,""ai_value"":false,""status"":""agreed_false"",""confidence"":1.0,""evidence_text"":""""},{""name"":""demand_storage_positive"",""deterministic_value"":false,""ai_value"":false,""status"":""agreed_false"",""confidence"":1.0,""evidence_text"":""""},{""name"":""demand_weak_or_price_war"",""deterministic_value"":false,""ai_value"":false,""status"":""agreed_false"",""confidence"":1.0,""evidence_text"":""""},{""name"":""inventory_drawdown"",""deterministic_value"":false,""ai_value"":false,""status"":""agreed_false"",""confidence"":1.0,""evidence_text"":""""},{""name"":""inventory_build"",""deterministic_value"":false,""ai_value"":false,""status"":""agreed_false"",""confidence"":1.0,""evidence_text"":""""},{""name"":""warehouse_receipt_decline"",""deterministic_value"":false,""ai_value"":false,""status"":""agreed_false"",""confidence"":1.0,""evidence_text"":""""},{""name"":""warehouse_receipt_increase"",""deterministic_value"":true,""ai_value"":true,""status"":""agreed_true"",""confidence"":1.0,""evidence_text"":""仓单增加1806手""},{""name"":""policy_demand_support"",""deterministic_value"":false,""ai_value"":false,""status"":""agreed_false"",""confidence"":1.0,""evidence_text"":""""},{""name"":""import_supply_pressure"",""deterministic_value"":false,""ai_value"":false,""status"":""agreed_false"",""confidence"":1.0,""evidence_text"":""""},{""name"":""cost_support"",""deterministic_value"":false,""ai_value"":false,""status"":""agreed_false"",""confidence"":1.0,""evidence_text"":""""},{""name"":""delivery_pressure"",""deterministic_value"":false,""ai_value"":false,""status"":""agreed_false"",""confidence"":1.0,""evidence_text"":""""},{""name"":""authoritative_source"",""deterministic_value"":true,""ai_value"":true,""status"":""agreed_true"",""confidence"":1.0,""evidence_text"":""广期所""},{""name"":""quantitative_evidence"",""deterministic_value"":false,""ai_value"":true,""status"":""disputed"",""confidence"":1.0,""evidence_text"":""41633手""},{""name"":""uncertainty_high"",""deterministic_value"":false,""ai_value"":true,""status"":""disputed"",""confidence"":1.0,""evidence_text"":""增加1806手""}]",仓单增加1806手,rulebook_inactive,Qwen/Qwen2.5-0.5B-Instruct,local-42fe37a0bc87f954
GFEX-WR-20241217,2024-12-17,neutral,0.0,0.0,0.9,5,[],"[{""name"":""supply_disruption"",""deterministic_value"":false,""ai_value"":false,""status"":""agreed_false"",""confidence"":0.9,""evidence_text"":""""},{""name"":""supply_expansion"",""deterministic_value"":false,""ai_value"":false,""status"":""agreed_false"",""confidence"":0.9,""evidence_text"":""""},{""name"":""production_resumption"",""deterministic_value"":false,""ai_value"":false,""status"":""agreed_false"",""confidence"":0.9,""evidence_text"":""""},{""name"":""demand_ev_positive"",""deterministic_value"":false,""ai_value"":false,""status"":""agreed_false"",""confidence"":0.9,""evidence_text"":""""},{""name"":""demand_storage_positive"",""deterministic_value"":false,""ai_value"":false,""status"":""agreed_false"",""confidence"":0.9,""evidence_text"":""""},{""name"":""demand_weak_or_price_war"",""deterministic_value"":false,""ai_value"":false,""status"":""agreed_false"",""confidence"":0.9,""evidence_text"":""""},{""name"":""inventory_drawdown"",""deterministic_value"":false,""ai_value"":false,""status"":""agreed_false"",""confidence"":0.9,""evidence_text"":""""},{""name"":""inventory_build"",""deterministic_value"":false,""ai_value"":false,""status"":""agreed_false"",""confidence"":0.9,""evidence_text"":""""},{""name"":""warehouse_receipt_decline"",""deterministic_value"":false,""ai_value"":false,""status"":""agreed_false"",""confidence"":0.9,""evidence_text"":""""},{""name"":""warehouse_receipt_increase"",""deterministic_value"":true,""ai_value"":true,""status"":""agreed_true"",""confidence"":0.9,""evidence_text"":""仓单增加1370手""},{""name"":""policy_demand_support"",""deterministic_value"":false,""ai_value"":false,""status"":""agreed_false"",""confidence"":0.9,""evidence_text"":""""},{""name"":""import_supply_pressure"",""deterministic_value"":false,""ai_value"":false,""status"":""agreed_false"",""confidence"":0.9,""evidence_text"":""""},{""name"":""cost_support"",""deterministic_value"":false,""ai_value"":false,""status"":""agreed_false"",""confidence"":0.9,""evidence_text"":""""},{""name"":""delivery_pressure"",""deterministic_value"":false,""ai_value"":false,""status"":""agreed_false"",""confidence"":0.9,""evidence_text"":""""},{""name"":""authoritative_source"",""deterministic_value"":true,""ai_value"":true,""status"":""agreed_true"",""confidence"":0.9,""evidence_text"":""广期所""},{""name"":""quantitative_evidence"",""deterministic_value"":false,""ai_value"":true,""status"":""disputed"",""confidence"":0.9,""evidence_text"":""44255手""},{""name"":""uncertainty_high"",""deterministic_value"":false,""ai_value"":true,""status"":""disputed"",""confidence"":0.9,""evidence_text"":""增加1370手""}]",仓单增加1370手,rulebook_inactive,Qwen/Qwen2.5-0.5B-Instruct,local-cca9f19500a516ed
GFEX-WR-20241218,2024-12-18,neutral,0.0,0.0,0.8,5,[],"[{""name"":""supply_disruption"",""deterministic_value"":false,""ai_value"":false,""status"":""agreed_false"",""confidence"":0.8,""evidence_text"":""""},{""name"":""supply_expansion"",""deterministic_value"":false,""ai_value"":false,""status"":""agreed_false"",""confidence"":0.8,""evidence_text"":""""},{""name"":""production_resumption"",""deterministic_value"":false,""ai_value"":false,""status"":""agreed_false"",""confidence"":0.8,""evidence_text"":""""},{""name"":""demand_ev_positive"",""deterministic_value"":false,""ai_value"":false,""status"":""agreed_false"",""confidence"":0.8,""evidence_text"":""""},{""name"":""demand_storage_positive"",""deterministic_value"":false,""ai_value"":false,""status"":""agreed_false"",""confidence"":0.8,""evidence_text"":""""},{""name"":""demand_weak_or_price_war"",""deterministic_value"":false,""ai_value"":false,""status"":""agreed_false"",""confidence"":0.8,""evidence_text"":""""},{""name"":""inventory_drawdown"",""deterministic_value"":false,""ai_value"":false,""status"":""agreed_false"",""confidence"":0.8,""evidence_text"":""""},{""name"":""inventory_build"",""deterministic_value"":false,""ai_value"":false,""status"":""agreed_false"",""confidence"":0.8,""evidence_text"":""""},{""name"":""warehouse_receipt_decline"",""deterministic_value"":false,""ai_value"":false,""status"":""agreed_false"",""confidence"":0.8,""evidence_text"":""""},{""name"":""warehouse_receipt_increase"",""deterministic_value"":true,""ai_value"":true,""status"":""agreed_true"",""confidence"":0.8,""evidence_text"":""仓单增加2198手""},{""name"":""policy_demand_support"",""deterministic_value"":false,""ai_value"":false,""status"":""agreed_false"",""confidence"":0.8,""evidence_text"":""""},{""name"":""import_supply_pressure"",""deterministic_value"":false,""ai_value"":false,""status"":""agreed_false"",""confidence"":0.8,""evidence_text"":""""},{""name"":""cost_support"",""deterministic_value"":false,""ai_value"":false,""status"":""agreed_false"",""confidence"":0.8,""evidence_text"":""""},{""name"":""delivery_pressure"",""deterministic_value"":false,""ai_value"":false,""status"":""agreed_false"",""confidence"":0.8,""evidence_text"":""""},{""name"":""authoritative_source"",""deterministic_value"":true,""ai_value"":true,""status"":""agreed_true"",""confidence"":0.8,""evidence_text"":""广期所""},{""name"":""quantitative_evidence"",""deterministic_value"":false,""ai_value"":true,""status"":""disputed"",""confidence"":0.8,""evidence_text"":""46453手""},{""name"":""uncertainty_high"",""deterministic_value"":false,""ai_value"":true,""status"":""disputed"",""confidence"":0.8,""evidence_text"":""增加2198手""}]",仓单增加2198手,rulebook_inactive,Qwen/Qwen2.5-0.5B-Instruct,local-77e6e68e450ee295
GFEX-WR-20241220,2024-12-20,neutral,0.0,0.0,1.0,5,[],"[{""name"":""supply_disruption"",""deterministic_value"":false,""ai_value"":false,""status"":""agreed_false"",""confidence"":1.0,""evidence_text"":""""},{""name"":""supply_expansion"",""deterministic_value"":false,""ai_value"":false,""status"":""agreed_false"",""confidence"":1.0,""evidence_text"":""""},{""name"":""production_resumption"",""deterministic_value"":false,""ai_value"":false,""status"":""agreed_false"",""confidence"":1.0,""evidence_text"":""""},{""name"":""demand_ev_positive"",""deterministic_value"":false,""ai_value"":false,""status"":""agreed_false"",""confidence"":1.0,""evidence_text"":""""},{""name"":""demand_storage_positive"",""deterministic_value"":false,""ai_value"":false,""status"":""agreed_false"",""confidence"":1.0,""evidence_text"":""""},{""name"":""demand_weak_or_price_war"",""deterministic_value"":false,""ai_value"":false,""status"":""agreed_false"",""confidence"":1.0,""evidence_text"":""""},{""name"":""inventory_drawdown"",""deterministic_value"":false,""ai_value"":false,""status"":""agreed_false"",""confidence"":1.0,""evidence_text"":""""},{""name"":""inventory_build"",""deterministic_value"":false,""ai_value"":false,""status"":""agreed_false"",""confidence"":1.0,""evidence_text"":""""},{""name"":""warehouse_receipt_decline"",""deterministic_value"":false,""ai_value"":false,""status"":""agreed_false"",""confidence"":1.0,""evidence_text"":""""},{""name"":""warehouse_receipt_increase"",""deterministic_value"":true,""ai_value"":true,""status"":""agreed_true"",""confidence"":1.0,""evidence_text"":""仓单增加1368手""},{""name"":""policy_demand_support"",""deterministic_value"":false,""ai_value"":false,""status"":""agreed_false"",""confidence"":1.0,""evidence_text"":""""},{""name"":""import_supply_pressure"",""deterministic_value"":false,""ai_value"":false,""status"":""agreed_false"",""confidence"":1.0,""evidence_text"":""""},{""name"":""cost_support"",""deterministic_value"":false,""ai_value"":false,""status"":""agreed_false"",""confidence"":1.0,""evidence_text"":""""},{""name"":""delivery_pressure"",""deterministic_value"":false,""ai_value"":false,""status"":""agreed_false"",""confidence"":1.0,""evidence_text"":""""},{""name"":""authoritative_source"",""deterministic_value"":true,""ai_value"":true,""status"":""agreed_true"",""confidence"":1.0,""evidence_text"":""广期所""},{""name"":""quantitative_evidence"",""deterministic_value"":false,""ai_value"":true,""status"":""disputed"",""confidence"":1.0,""evidence_text"":""47721手""},{""name"":""uncertainty_high"",""deterministic_value"":false,""ai_value"":true,""status"":""disputed"",""confidence"":1.0,""evidence_text"":""增加1368手""}]",仓单增加1368手,rulebook_inactive,Qwen/Qwen2.5-0.5B-Instruct,local-ab50aa047925afeb
LC-TEXT-0010,2024-12-20,neutral,0.0,0.0,0.8,5,[],"[{""name"":""supply_disruption"",""deterministic_value"":false,""ai_value"":false,""status"":""agreed_false"",""confidence"":0.8,""evidence_text"":""""},{""name"":""supply_expansion"",""deterministic_value"":false,""ai_value"":false,""status"":""agreed_false"",""confidence"":0.8,""evidence_text"":""""},{""name"":""production_resumption"",""deterministic_value"":false,""ai_value"":false,""status"":""agreed_false"",""confidence"":0.8,""evidence_text"":""""},{""name"":""demand_ev_positive"",""deterministic_value"":false,""ai_value"":false,""status"":""agreed_false"",""confidence"":0.8,""evidence_text"":""""},{""name"":""demand_storage_positive"",""deterministic_value"":false,""ai_value"":false,""status"":""agreed_false"",""confidence"":0.8,""evidence_text"":""""},{""name"":""demand_weak_or_price_war"",""deterministic_value"":false,""ai_value"":false,""status"":""agreed_false"",""confidence"":0.8,""evidence_text"":""""},{""name"":""inventory_drawdown"",""deterministic_value"":false,""ai_value"":false,""status"":""agreed_false"",""confidence"":0.8,""evidence_text"":""""},{""name"":""inventory_build"",""deterministic_value"":false,""ai_value"":false,""status"":""agreed_false"",""confidence"":0.8,""evidence_text"":""""},{""name"":""warehouse_receipt_decline"",""deterministic_value"":false,""ai_value"":true,""status"":""disputed"",""confidence"":0.8,""evidence_text"":""印发《电力系统调节能力优化专项行动实施方案（2025—2027年）》的通知""},{""name"":""warehouse_receipt_increase"",""deterministic_value"":false,""ai_value"":true,""status"":""disputed"",""confidence"":0.8,""evidence_text"":""印发《电力系统调节能力优化专项行动实施方案（2025—2027年）》的通知""},{""name"":""policy_demand_support"",""deterministic_value"":false,""ai_value"":true,""status"":""disputed"",""confidence"":0.8,""evidence_text"":""印发《电力系统调节能力优化专项行动实施方案（2025—2027年）》的通知""},{""name"":""import_supply_pressure"",""deterministic_value"":false,""ai_value"":false,""status"":""agreed_false"",""confidence"":0.8,""evidence_text"":""""},{""name"":""cost_support"",""deterministic_value"":false,""ai_value"":false,""status"":""agreed_false"",""confidence"":0.8,""evidence_text"":""""},{""name"":""delivery_pressure"",""deterministic_value"":false,""ai_value"":false,""status"":""agreed_false"",""confidence"":0.8,""evidence_text"":""""},{""name"":""authoritative_source"",""deterministic_value"":true,""ai_value"":false,""status"":""disputed"",""confidence"":0.8,""evidence_text"":""国务院""},{""name"":""quantitative_evidence"",""deterministic_value"":false,""ai_value"":false,""status"":""agreed_false"",""confidence"":0.8,""evidence_text"":""""},{""name"":""uncertainty_high"",""deterministic_value"":false,""ai_value"":false,""status"":""agreed_false"",""confidence"":0.8,""evidence_text"":""""}]",无,rulebook_inactive,Qwen/Qwen2.5-0.5B-Instruct,local-ae37c6249afed065
GFEX-WR-20241224,2024-12-24,neutral,0.0,0.0,0.9,5,[],"[{""name"":""supply_disruption"",""deterministic_value"":false,""ai_value"":false,""status"":""agreed_false"",""confidence"":0.9,""evidence_text"":""""},{""name"":""supply_expansion"",""deterministic_value"":false,""ai_value"":false,""status"":""agreed_false"",""confidence"":0.9,""evidence_text"":""""},{""name"":""production_resumption"",""deterministic_value"":false,""ai_value"":false,""status"":""agreed_false"",""confidence"":0.9,""evidence_text"":""""},{""name"":""demand_ev_positive"",""deterministic_value"":false,""ai_value"":false,""status"":""agreed_false"",""confidence"":0.9,""evidence_text"":""""},{""name"":""demand_storage_positive"",""deterministic_value"":false,""ai_value"":false,""status"":""agreed_false"",""confidence"":0.9,""evidence_text"":""""},{""name"":""demand_weak_or_price_war"",""deterministic_value"":false,""ai_value"":false,""status"":""agreed_false"",""confidence"":0.9,""evidence_text"":""""},{""name"":""inventory_drawdown"",""deterministic_value"":false,""ai_value"":false,""status"":""agreed_false"",""confidence"":0.9,""evidence_text"":""""},{""name"":""inventory_build"",""deterministic_value"":false,""ai_value"":false,""status"":""agreed_false"",""confidence"":0.9,""evidence_text"":""""},{""name"":""warehouse_receipt_decline"",""deterministic_value"":false,""ai_value"":false,""status"":""agreed_false"",""confidence"":0.9,""evidence_text"":""""},{""name"":""warehouse_receipt_increase"",""deterministic_value"":true,""ai_value"":true,""status"":""agreed_true"",""confidence"":0.9,""evidence_text"":""仓单增加1268手""},{""name"":""policy_demand_support"",""deterministic_value"":false,""ai_value"":false,""status"":""agreed_false"",""confidence"":0.9,""evidence_text"":""""},{""name"":""import_supply_pressure"",""deterministic_value"":false,""ai_value"":false,""status"":""agreed_false"",""confidence"":0.9,""evidence_text"":""""},{""name"":""cost_support"",""deterministic_value"":false,""ai_value"":false,""status"":""agreed_false"",""confidence"":0.9,""evidence_text"":""""},{""name"":""delivery_pressure"",""deterministic_value"":false,""ai_value"":false,""status"":""agreed_false"",""confidence"":0.9,""evidence_text"":""""},{""name"":""authoritative_source"",""deterministic_value"":true,""ai_value"":true,""status"":""agreed_true"",""confidence"":0.9,""evidence_text"":""广期所""},{""name"":""quantitative_evidence"",""deterministic_value"":false,""ai_value"":true,""status"":""disputed"",""confidence"":0.9,""evidence_text"":""49609手""},{""name"":""uncertainty_high"",""deterministic_value"":false,""ai_value"":true,""status"":""disputed"",""confidence"":0.9,""evidence_text"":""增加1268手""}]",仓单增加1268手,rulebook_inactive,Qwen/Qwen2.5-0.5B-Instruct,local-e9205a8e2a1c8e71
GFEX-WR-20241226,2024-12-26,neutral,0.0,0.0,1.0,5,[],"[{""name"":""supply_disruption"",""deterministic_value"":false,""ai_value"":false,""status"":""agreed_false"",""confidence"":1.0,""evidence_text"":""""},{""name"":""supply_expansion"",""deterministic_value"":false,""ai_value"":false,""status"":""agreed_false"",""confidence"":1.0,""evidence_text"":""""},{""name"":""production_resumption"",""deterministic_value"":false,""ai_value"":false,""status"":""agreed_false"",""confidence"":1.0,""evidence_text"":""""},{""name"":""demand_ev_positive"",""deterministic_value"":false,""ai_value"":false,""status"":""agreed_false"",""confidence"":1.0,""evidence_text"":""""},{""name"":""demand_storage_positive"",""deterministic_value"":false,""ai_value"":false,""status"":""agreed_false"",""confidence"":1.0,""evidence_text"":""""},{""name"":""demand_weak_or_price_war"",""deterministic_value"":false,""ai_value"":false,""status"":""agreed_false"",""confidence"":1.0,""evidence_text"":""""},{""name"":""inventory_drawdown"",""deterministic_value"":false,""ai_value"":false,""status"":""agreed_false"",""confidence"":1.0,""evidence_text"":""""},{""name"":""inventory_build"",""deterministic_value"":false,""ai_value"":false,""status"":""agreed_false"",""confidence"":1.0,""evidence_text"":""""},{""name"":""warehouse_receipt_decline"",""deterministic_value"":false,""ai_value"":false,""status"":""agreed_false"",""confidence"":1.0,""evidence_text"":""""},{""name"":""warehouse_receipt_increase"",""deterministic_value"":true,""ai_value"":true,""status"":""agreed_true"",""confidence"":1.0,""evidence_text"":""仓单增加1140手""},{""name"":""policy_demand_support"",""deterministic_value"":false,""ai_value"":false,""status"":""agreed_false"",""confidence"":1.0,""evidence_text"":""""},{""name"":""import_supply_pressure"",""deterministic_value"":false,""ai_value"":false,""status"":""agreed_false"",""confidence"":1.0,""evidence_text"":""""},{""name"":""cost_support"",""deterministic_value"":false,""ai_value"":false,""status"":""agreed_false"",""confidence"":1.0,""evidence_text"":""""},{""name"":""delivery_pressure"",""deterministic_value"":false,""ai_value"":false,""status"":""agreed_false"",""confidence"":1.0,""evidence_text"":""""},{""name"":""authoritative_source"",""deterministic_value"":true,""ai_value"":true,""status"":""agreed_true"",""confidence"":1.0,""evidence_text"":""广期所""},{""name"":""quantitative_evidence"",""deterministic_value"":false,""ai_value"":true,""status"":""disputed"",""confidence"":1.0,""evidence_text"":""51565手""},{""name"":""uncertainty_high"",""deterministic_value"":false,""ai_value"":true,""status"":""disputed"",""confidence"":1.0,""evidence_text"":""增加1140手""}]",仓单增加1140手,rulebook_inactive,Qwen/Qwen2.5-0.5B-Instruct,local-1ded43150791227e
GFEX-WR-20241231,2024-12-31,neutral,0.0,0.0,0.8,5,[],"[{""name"":""supply_disruption"",""deterministic_value"":false,""ai_value"":false,""status"":""agreed_false"",""confidence"":0.8,""evidence_text"":""""},{""name"":""supply_expansion"",""deterministic_value"":false,""ai_value"":false,""status"":""agreed_false"",""confidence"":0.8,""evidence_text"":""""},{""name"":""production_resumption"",""deterministic_value"":false,""ai_value"":false,""status"":""agreed_false"",""confidence"":0.8,""evidence_text"":""""},{""name"":""demand_ev_positive"",""deterministic_value"":false,""ai_value"":false,""status"":""agreed_false"",""confidence"":0.8,""evidence_text"":""""},{""name"":""demand_storage_positive"",""deterministic_value"":false,""ai_value"":false,""status"":""agreed_false"",""confidence"":0.8,""evidence_text"":""""},{""name"":""demand_weak_or_price_war"",""deterministic_value"":false,""ai_value"":false,""status"":""agreed_false"",""confidence"":0.8,""evidence_text"":""""},{""name"":""inventory_drawdown"",""deterministic_value"":false,""ai_value"":false,""status"":""agreed_false"",""confidence"":0.8,""evidence_text"":""""},{""name"":""inventory_build"",""deterministic_value"":false,""ai_value"":false,""status"":""agreed_false"",""confidence"":0.8,""evidence_text"":""""},{""name"":""warehouse_receipt_decline"",""deterministic_value"":false,""ai_value"":false,""status"":""agreed_false"",""confidence"":0.8,""evidence_text"":""""},{""name"":""warehouse_receipt_increase"",""deterministic_value"":true,""ai_value"":true,""status"":""agreed_true"",""confidence"":0.8,""evidence_text"":""仓单增加950手""},{""name"":""policy_demand_support"",""deterministic_value"":false,""ai_value"":false,""status"":""agreed_false"",""confidence"":0.8,""evidence_text"":""""},{""name"":""import_supply_pressure"",""deterministic_value"":false,""ai_value"":false,""status"":""agreed_false"",""confidence"":0.8,""evidence_text"":""""},{""name"":""cost_support"",""deterministic_value"":false,""ai_value"":false,""status"":""agreed_false"",""confidence"":0.8,""evidence_text"":""""},{""name"":""delivery_pressure"",""deterministic_value"":false,""ai_value"":false,""status"":""agreed_false"",""confidence"":0.8,""evidence_text"":""""},{""name"":""authoritative_source"",""deterministic_value"":true,""ai_value"":true,""status"":""agreed_true"",""confidence"":0.8,""evidence_text"":""广期所""},{""name"":""quantitative_evidence"",""deterministic_value"":false,""ai_value"":true,""status"":""disputed"",""confidence"":0.8,""evidence_text"":""53356手""},{""name"":""uncertainty_high"",""deterministic_value"":false,""ai_value"":true,""status"":""disputed"",""confidence"":0.8,""evidence_text"":""增加950手""}]",仓单增加950手,rulebook_inactive,Qwen/Qwen2.5-0.5B-Instruct,local-d050ece9de652b07
GFEX-WR-20250102,2025-01-02,neutral,-0.0,0.0,0.8,5,"[{""rule_id"":""LC-BEAR-01"",""target_label"":""bearish"",""conditions"":[""warehouse_receipt_increase""],""score"":0.033333333333333326,""coverage_positive"":0.6444444444444445,""coverage_negative"":0.6111111111111112,""support_documents"":51,""support_dates"":51,""status"":""qualified""},{""rule_id"":""LC-BEAR-02"",""target_label"":""bearish"",""conditions"":[""warehouse_receipt_increase"",""authoritative_source""],""score"":0.033333333333333326,""coverage_positive"":0.6444444444444445,""coverage_negative"":0.6111111111111112,""support_documents"":51,""support_dates"":51,""status"":""qualified""},{""rule_id"":""LC-BEAR-03"",""target_label"":""bearish"",""conditions"":[""authoritative_source""],""score"":0.016666666666666607,""coverage_positive"":0.8222222222222222,""coverage_negative"":0.8055555555555556,""support_documents"":65,""support_dates"":63,""status"":""qualified""}]","[{""name"":""supply_disruption"",""deterministic_value"":false,""ai_value"":false,""status"":""agreed_false"",""confidence"":0.8,""evidence_text"":""""},{""name"":""supply_expansion"",""deterministic_value"":false,""ai_value"":false,""status"":""agreed_false"",""confidence"":0.8,""evidence_text"":""""},{""name"":""production_resumption"",""deterministic_value"":false,""ai_value"":false,""status"":""agreed_false"",""confidence"":0.8,""evidence_text"":""""},{""name"":""demand_ev_positive"",""deterministic_value"":false,""ai_value"":false,""status"":""agreed_false"",""confidence"":0.8,""evidence_text"":""""},{""name"":""demand_storage_positive"",""deterministic_value"":false,""ai_value"":false,""status"":""agreed_false"",""confidence"":0.8,""evidence_text"":""""},{""name"":""demand_weak_or_price_war"",""deterministic_value"":false,""ai_value"":false,""status"":""agreed_false"",""confidence"":0.8,""evidence_text"":""""},{""name"":""inventory_drawdown"",""deterministic_value"":false,""ai_value"":false,""status"":""agreed_false"",""confidence"":0.8,""evidence_text"":""""},{""name"":""inventory_build"",""deterministic_value"":false,""ai_value"":false,""status"":""agreed_false"",""confidence"":0.8,""evidence_text"":""""},{""name"":""warehouse_receipt_decline"",""deterministic_value"":false,""ai_value"":false,""status"":""agreed_false"",""confidence"":0.8,""evidence_text"":""""},{""name"":""warehouse_receipt_increase"",""deterministic_value"":true,""ai_value"":true,""status"":""agreed_true"",""confidence"":0.8,""evidence_text"":""仓单增加930手""},{""name"":""policy_demand_support"",""deterministic_value"":false,""ai_value"":false,""status"":""agreed_false"",""confidence"":0.8,""evidence_text"":""""},{""name"":""import_supply_pressure"",""deterministic_value"":false,""ai_value"":false,""status"":""agreed_false"",""confidence"":0.8,""evidence_text"":""""},{""name"":""cost_support"",""deterministic_value"":false,""ai_value"":false,""status"":""agreed_false"",""confidence"":0.8,""evidence_text"":""""},{""name"":""delivery_pressure"",""deterministic_value"":false,""ai_value"":false,""status"":""agreed_false"",""confidence"":0.8,""evidence_text"":""""},{""name"":""authoritative_source"",""deterministic_value"":true,""ai_value"":true,""status"":""agreed_true"",""confidence"":0.8,""evidence_text"":""广期所""},{""name"":""quantitative_evidence"",""deterministic_value"":false,""ai_value"":true,""status"":""disputed"",""confidence"":0.8,""evidence_text"":""930手""},{""name"":""uncertainty_high"",""deterministic_value"":false,""ai_value"":false,""status"":""agreed_false"",""confidence"":0.8,""evidence_text"":""""}]",仓单增加930手,rift_rule_enhanced_llm,Qwen/Qwen2.5-0.5B-Instruct,local-8771d7cdd682411f
GFEX-WR-20250108,2025-01-08,bullish,0.6,0.0,1.0,5,"[{""rule_id"":""LC-BULL-01"",""target_label"":""bullish"",""conditions"":[""warehouse_receipt_decline""],""score"":0.16666666666666669,""coverage_positive"":0.2777777777777778,""coverage_negative"":0.1111111111111111,""support_documents"":12,""support_dates"":12,""status"":""qualified""},{""rule_id"":""LC-BULL-02"",""target_label"":""bullish"",""conditions"":[""warehouse_receipt_decline"",""authoritative_source""],""score"":0.16666666666666669,""coverage_positive"":0.2777777777777778,""coverage_negative"":0.1111111111111111,""support_documents"":12,""support_dates"":12,""status"":""qualified""},{""rule_id"":""LC-BEAR-03"",""target_label"":""bearish"",""conditions"":[""authoritative_source""],""score"":0.016666666666666607,""coverage_positive"":0.8222222222222222,""coverage_negative"":0.8055555555555556,""support_documents"":65,""support_dates"":63,""status"":""qualified""}]","[{""name"":""supply_disruption"",""deterministic_value"":false,""ai_value"":false,""status"":""agreed_false"",""confidence"":1.0,""evidence_text"":""""},{""name"":""supply_expansion"",""deterministic_value"":false,""ai_value"":false,""status"":""agreed_false"",""confidence"":1.0,""evidence_text"":""""},{""name"":""production_resumption"",""deterministic_value"":false,""ai_value"":false,""status"":""agreed_false"",""confidence"":1.0,""evidence_text"":""""},{""name"":""demand_ev_positive"",""deterministic_value"":false,""ai_value"":false,""status"":""agreed_false"",""confidence"":1.0,""evidence_text"":""""},{""name"":""demand_storage_positive"",""deterministic_value"":false,""ai_value"":false,""status"":""agreed_false"",""confidence"":1.0,""evidence_text"":""""},{""name"":""demand_weak_or_price_war"",""deterministic_value"":false,""ai_value"":false,""status"":""agreed_false"",""confidence"":1.0,""evidence_text"":""""},{""name"":""inventory_drawdown"",""deterministic_value"":false,""ai_value"":false,""status"":""agreed_false"",""confidence"":1.0,""evidence_text"":""""},{""name"":""inventory_build"",""deterministic_value"":false,""ai_value"":false,""status"":""agreed_false"",""confidence"":1.0,""evidence_text"":""""},{""name"":""warehouse_receipt_decline"",""deterministic_value"":true,""ai_value"":true,""status"":""agreed_true"",""confidence"":1.0,""evidence_text"":""仓单减少1021手""},{""name"":""warehouse_receipt_increase"",""deterministic_value"":false,""ai_value"":false,""status"":""agreed_false"",""confidence"":1.0,""evidence_text"":""""},{""name"":""policy_demand_support"",""deterministic_value"":false,""ai_value"":false,""status"":""agreed_false"",""confidence"":1.0,""evidence_text"":""""},{""name"":""import_supply_pressure"",""deterministic_value"":false,""ai_value"":false,""status"":""agreed_false"",""confidence"":1.0,""evidence_text"":""""},{""name"":""cost_support"",""deterministic_value"":false,""ai_value"":false,""status"":""agreed_false"",""confidence"":1.0,""evidence_text"":""""},{""name"":""delivery_pressure"",""deterministic_value"":false,""ai_value"":false,""status"":""agreed_false"",""confidence"":1.0,""evidence_text"":""""},{""name"":""authoritative_source"",""deterministic_value"":true,""ai_value"":true,""status"":""agreed_true"",""confidence"":1.0,""evidence_text"":""广州期货交易所""},{""name"":""quantitative_evidence"",""deterministic_value"":false,""ai_value"":true,""status"":""disputed"",""confidence"":1.0,""evidence_text"":""1021手""},{""name"":""uncertainty_high"",""deterministic_value"":false,""ai_value"":false,""status"":""agreed_false"",""confidence"":1.0,""evidence_text"":""""}]",仓单减少1021手,rift_rule_enhanced_llm,Qwen/Qwen2.5-0.5B-Instruct,local-b2fa4d048e0cd585
GFEX-WR-20250110,2025-01-10,bullish,0.6,0.0,1.0,5,"[{""rule_id"":""LC-BULL-01"",""target_label"":""bullish"",""conditions"":[""warehouse_receipt_decline""],""score"":0.16666666666666669,""coverage_positive"":0.2777777777777778,""coverage_negative"":0.1111111111111111,""support_documents"":12,""support_dates"":12,""status"":""qualified""},{""rule_id"":""LC-BULL-02"",""target_label"":""bullish"",""conditions"":[""warehouse_receipt_decline"",""authoritative_source""],""score"":0.16666666666666669,""coverage_positive"":0.2777777777777778,""coverage_negative"":0.1111111111111111,""support_documents"":12,""support_dates"":12,""status"":""qualified""},{""rule_id"":""LC-BEAR-03"",""target_label"":""bearish"",""conditions"":[""authoritative_source""],""score"":0.016666666666666607,""coverage_positive"":0.8222222222222222,""coverage_negative"":0.8055555555555556,""support_documents"":65,""support_dates"":63,""status"":""qualified""}]","[{""name"":""supply_disruption"",""deterministic_value"":false,""ai_value"":false,""status"":""agreed_false"",""confidence"":1.0,""evidence_text"":""""},{""name"":""supply_expansion"",""deterministic_value"":false,""ai_value"":false,""status"":""agreed_false"",""confidence"":1.0,""evidence_text"":""""},{""name"":""production_resumption"",""deterministic_value"":false,""ai_value"":false,""status"":""agreed_false"",""confidence"":1.0,""evidence_text"":""""},{""name"":""demand_ev_positive"",""deterministic_value"":false,""ai_value"":false,""status"":""agreed_false"",""confidence"":1.0,""evidence_text"":""""},{""name"":""demand_storage_positive"",""deterministic_value"":false,""ai_value"":false,""status"":""agreed_false"",""confidence"":1.0,""evidence_text"":""""},{""name"":""demand_weak_or_price_war"",""deterministic_value"":false,""ai_value"":false,""status"":""agreed_false"",""confidence"":1.0,""evidence_text"":""""},{""name"":""inventory_drawdown"",""deterministic_value"":false,""ai_value"":false,""status"":""agreed_false"",""confidence"":1.0,""evidence_text"":""""},{""name"":""inventory_build"",""deterministic_value"":false,""ai_value"":false,""status"":""agreed_false"",""confidence"":1.0,""evidence_text"":""""},{""name"":""warehouse_receipt_decline"",""deterministic_value"":true,""ai_value"":true,""status"":""agreed_true"",""confidence"":1.0,""evidence_text"":""仓单减少1210手""},{""name"":""warehouse_receipt_increase"",""deterministic_value"":false,""ai_value"":false,""status"":""agreed_false"",""confidence"":1.0,""evidence_text"":""""},{""name"":""policy_demand_support"",""deterministic_value"":false,""ai_value"":false,""status"":""agreed_false"",""confidence"":1.0,""evidence_text"":""""},{""name"":""import_supply_pressure"",""deterministic_value"":false,""ai_value"":false,""status"":""agreed_false"",""confidence"":1.0,""evidence_text"":""""},{""name"":""cost_support"",""deterministic_value"":false,""ai_value"":false,""status"":""agreed_false"",""confidence"":1.0,""evidence_text"":""""},{""name"":""delivery_pressure"",""deterministic_value"":false,""ai_value"":false,""status"":""agreed_false"",""confidence"":1.0,""evidence_text"":""""},{""name"":""authoritative_source"",""deterministic_value"":true,""ai_value"":true,""status"":""agreed_true"",""confidence"":1.0,""evidence_text"":""广州期货交易所""},{""name"":""quantitative_evidence"",""deterministic_value"":false,""ai_value"":true,""status"":""disputed"",""confidence"":1.0,""evidence_text"":""1210手""},{""name"":""uncertainty_high"",""deterministic_value"":false,""ai_value"":false,""status"":""agreed_false"",""confidence"":1.0,""evidence_text"":""""}]",仓单减少1210手,rift_rule_enhanced_llm,Qwen/Qwen2.5-0.5B-Instruct,local-892c3fed7a0e4912
GFEX-WR-20250116,2025-01-16,bullish,0.6,0.0,0.8,5,"[{""rule_id"":""LC-BULL-01"",""target_label"":""bullish"",""conditions"":[""warehouse_receipt_decline""],""score"":0.16666666666666669,""coverage_positive"":0.2777777777777778,""coverage_negative"":0.1111111111111111,""support_documents"":12,""support_dates"":12,""status"":""qualified""},{""rule_id"":""LC-BULL-02"",""target_label"":""bullish"",""conditions"":[""warehouse_receipt_decline"",""authoritative_source""],""score"":0.16666666666666669,""coverage_positive"":0.2777777777777778,""coverage_negative"":0.1111111111111111,""support_documents"":12,""support_dates"":12,""status"":""qualified""},{""rule_id"":""LC-BEAR-03"",""target_label"":""bearish"",""conditions"":[""authoritative_source""],""score"":0.016666666666666607,""coverage_positive"":0.8222222222222222,""coverage_negative"":0.8055555555555556,""support_documents"":65,""support_dates"":63,""status"":""qualified""}]","[{""name"":""supply_disruption"",""deterministic_value"":false,""ai_value"":false,""status"":""agreed_false"",""confidence"":0.8,""evidence_text"":""""},{""name"":""supply_expansion"",""deterministic_value"":false,""ai_value"":false,""status"":""agreed_false"",""confidence"":0.8,""evidence_text"":""""},{""name"":""production_resumption"",""deterministic_value"":false,""ai_value"":false,""status"":""agreed_false"",""confidence"":0.8,""evidence_text"":""""},{""name"":""demand_ev_positive"",""deterministic_value"":false,""ai_value"":false,""status"":""agreed_false"",""confidence"":0.8,""evidence_text"":""""},{""name"":""demand_storage_positive"",""deterministic_value"":false,""ai_value"":false,""status"":""agreed_false"",""confidence"":0.8,""evidence_text"":""""},{""name"":""demand_weak_or_price_war"",""deterministic_value"":false,""ai_value"":false,""status"":""agreed_false"",""confidence"":0.8,""evidence_text"":""""},{""name"":""inventory_drawdown"",""deterministic_value"":false,""ai_value"":false,""status"":""agreed_false"",""confidence"":0.8,""evidence_text"":""""},{""name"":""inventory_build"",""deterministic_value"":false,""ai_value"":false,""status"":""agreed_false"",""confidence"":0.8,""evidence_text"":""""},{""name"":""warehouse_receipt_decline"",""deterministic_value"":true,""ai_value"":true,""status"":""agreed_true"",""confidence"":0.8,""evidence_text"":""仓单减少1462手""},{""name"":""warehouse_receipt_increase"",""deterministic_value"":false,""ai_value"":false,""status"":""agreed_false"",""confidence"":0.8,""evidence_text"":""""},{""name"":""policy_demand_support"",""deterministic_value"":false,""ai_value"":false,""status"":""agreed_false"",""confidence"":0.8,""evidence_text"":""""},{""name"":""import_supply_pressure"",""deterministic_value"":false,""ai_value"":false,""status"":""agreed_false"",""confidence"":0.8,""evidence_text"":""""},{""name"":""cost_support"",""deterministic_value"":false,""ai_value"":false,""status"":""agreed_false"",""confidence"":0.8,""evidence_text"":""""},{""name"":""delivery_pressure"",""deterministic_value"":false,""ai_value"":false,""status"":""agreed_false"",""confidence"":0.8,""evidence_text"":""""},{""name"":""authoritative_source"",""deterministic_value"":true,""ai_value"":true,""status"":""agreed_true"",""confidence"":0.8,""evidence_text"":""广州期货交易所""},{""name"":""quantitative_evidence"",""deterministic_value"":false,""ai_value"":true,""status"":""disputed"",""confidence"":0.8,""evidence_text"":""1462手""},{""name"":""uncertainty_high"",""deterministic_value"":false,""ai_value"":false,""status"":""agreed_false"",""confidence"":0.8,""evidence_text"":""""}]",仓单减少1462手,rift_rule_enhanced_llm,Qwen/Qwen2.5-0.5B-Instruct,local-57d5f811b44cc79a
GFEX-WR-20250121,2025-01-21,bullish,0.6,0.0,0.8,5,"[{""rule_id"":""LC-BULL-01"",""target_label"":""bullish"",""conditions"":[""warehouse_receipt_decline""],""score"":0.16666666666666669,""coverage_positive"":0.2777777777777778,""coverage_negative"":0.1111111111111111,""support_documents"":12,""support_dates"":12,""status"":""qualified""},{""rule_id"":""LC-BULL-02"",""target_label"":""bullish"",""conditions"":[""warehouse_receipt_decline"",""authoritative_source""],""score"":0.16666666666666669,""coverage_positive"":0.2777777777777778,""coverage_negative"":0.1111111111111111,""support_documents"":12,""support_dates"":12,""status"":""qualified""},{""rule_id"":""LC-BEAR-03"",""target_label"":""bearish"",""conditions"":[""authoritative_source""],""score"":0.016666666666666607,""coverage_positive"":0.8222222222222222,""coverage_negative"":0.8055555555555556,""support_documents"":65,""support_dates"":63,""status"":""qualified""}]","[{""name"":""supply_disruption"",""deterministic_value"":false,""ai_value"":false,""status"":""agreed_false"",""confidence"":0.8,""evidence_text"":""""},{""name"":""supply_expansion"",""deterministic_value"":false,""ai_value"":false,""status"":""agreed_false"",""confidence"":0.8,""evidence_text"":""""},{""name"":""production_resumption"",""deterministic_value"":false,""ai_value"":false,""status"":""agreed_false"",""confidence"":0.8,""evidence_text"":""""},{""name"":""demand_ev_positive"",""deterministic_value"":false,""ai_value"":false,""status"":""agreed_false"",""confidence"":0.8,""evidence_text"":""""},{""name"":""demand_storage_positive"",""deterministic_value"":false,""ai_value"":false,""status"":""agreed_false"",""confidence"":0.8,""evidence_text"":""""},{""name"":""demand_weak_or_price_war"",""deterministic_value"":false,""ai_value"":false,""status"":""agreed_false"",""confidence"":0.8,""evidence_text"":""""},{""name"":""inventory_drawdown"",""deterministic_value"":false,""ai_value"":false,""status"":""agreed_false"",""confidence"":0.8,""evidence_text"":""""},{""name"":""inventory_build"",""deterministic_value"":false,""ai_value"":false,""status"":""agreed_false"",""confidence"":0.8,""evidence_text"":""""},{""name"":""warehouse_receipt_decline"",""deterministic_value"":true,""ai_value"":true,""status"":""agreed_true"",""confidence"":0.8,""evidence_text"":""仓单减少1177手""},{""name"":""warehouse_receipt_increase"",""deterministic_value"":false,""ai_value"":false,""status"":""agreed_false"",""confidence"":0.8,""evidence_text"":""""},{""name"":""policy_demand_support"",""deterministic_value"":false,""ai_value"":false,""status"":""agreed_false"",""confidence"":0.8,""evidence_text"":""""},{""name"":""import_supply_pressure"",""deterministic_value"":false,""ai_value"":false,""status"":""agreed_false"",""confidence"":0.8,""evidence_text"":""""},{""name"":""cost_support"",""deterministic_value"":false,""ai_value"":false,""status"":""agreed_false"",""confidence"":0.8,""evidence_text"":""""},{""name"":""delivery_pressure"",""deterministic_value"":false,""ai_value"":false,""status"":""agreed_false"",""confidence"":0.8,""evidence_text"":""""},{""name"":""authoritative_source"",""deterministic_value"":true,""ai_value"":true,""status"":""agreed_true"",""confidence"":0.8,""evidence_text"":""广州期货交易所""},{""name"":""quantitative_evidence"",""deterministic_value"":false,""ai_value"":true,""status"":""disputed"",""confidence"":0.8,""evidence_text"":""1177手""},{""name"":""uncertainty_high"",""deterministic_value"":false,""ai_value"":false,""status"":""agreed_false"",""confidence"":0.8,""evidence_text"":""""}]",仓单减少1177手,rift_rule_enhanced_llm,Qwen/Qwen2.5-0.5B-Instruct,local-adae7d2e7be78562
GFEX-WR-20250122,2025-01-22,bullish,0.6,0.0,1.0,5,"[{""rule_id"":""LC-BULL-01"",""target_label"":""bullish"",""conditions"":[""warehouse_receipt_decline""],""score"":0.16666666666666669,""coverage_positive"":0.2777777777777778,""coverage_negative"":0.1111111111111111,""support_documents"":12,""support_dates"":12,""status"":""qualified""},{""rule_id"":""LC-BULL-02"",""target_label"":""bullish"",""conditions"":[""warehouse_receipt_decline"",""authoritative_source""],""score"":0.16666666666666669,""coverage_positive"":0.2777777777777778,""coverage_negative"":0.1111111111111111,""support_documents"":12,""support_dates"":12,""status"":""qualified""},{""rule_id"":""LC-BEAR-03"",""target_label"":""bearish"",""conditions"":[""authoritative_source""],""score"":0.016666666666666607,""coverage_positive"":0.8222222222222222,""coverage_negative"":0.8055555555555556,""support_documents"":65,""support_dates"":63,""status"":""qualified""}]","[{""name"":""supply_disruption"",""deterministic_value"":false,""ai_value"":false,""status"":""agreed_false"",""confidence"":1.0,""evidence_text"":""""},{""name"":""supply_expansion"",""deterministic_value"":false,""ai_value"":false,""status"":""agreed_false"",""confidence"":1.0,""evidence_text"":""""},{""name"":""production_resumption"",""deterministic_value"":false,""ai_value"":false,""status"":""agreed_false"",""confidence"":1.0,""evidence_text"":""""},{""name"":""demand_ev_positive"",""deterministic_value"":false,""ai_value"":false,""status"":""agreed_false"",""confidence"":1.0,""evidence_text"":""""},{""name"":""demand_storage_positive"",""deterministic_value"":false,""ai_value"":false,""status"":""agreed_false"",""confidence"":1.0,""evidence_text"":""""},{""name"":""demand_weak_or_price_war"",""deterministic_value"":false,""ai_value"":false,""status"":""agreed_false"",""confidence"":1.0,""evidence_text"":""""},{""name"":""inventory_drawdown"",""deterministic_value"":false,""ai_value"":false,""status"":""agreed_false"",""confidence"":1.0,""evidence_text"":""""},{""name"":""inventory_build"",""deterministic_value"":false,""ai_value"":false,""status"":""agreed_false"",""confidence"":1.0,""evidence_text"":""""},{""name"":""warehouse_receipt_decline"",""deterministic_value"":true,""ai_value"":true,""status"":""agreed_true"",""confidence"":1.0,""evidence_text"":""仓单减少1985手""},{""name"":""warehouse_receipt_increase"",""deterministic_value"":false,""ai_value"":false,""status"":""agreed_false"",""confidence"":1.0,""evidence_text"":""""},{""name"":""policy_demand_support"",""deterministic_value"":false,""ai_value"":false,""status"":""agreed_false"",""confidence"":1.0,""evidence_text"":""""},{""name"":""import_supply_pressure"",""deterministic_value"":false,""ai_value"":false,""status"":""agreed_false"",""confidence"":1.0,""evidence_text"":""""},{""name"":""cost_support"",""deterministic_value"":false,""ai_value"":false,""status"":""agreed_false"",""confidence"":1.0,""evidence_text"":""""},{""name"":""delivery_pressure"",""deterministic_value"":false,""ai_value"":false,""status"":""agreed_false"",""confidence"":1.0,""evidence_text"":""""},{""name"":""authoritative_source"",""deterministic_value"":true,""ai_value"":true,""status"":""agreed_true"",""confidence"":1.0,""evidence_text"":""广州期货交易所""},{""name"":""quantitative_evidence"",""deterministic_value"":false,""ai_value"":true,""status"":""disputed"",""confidence"":1.0,""evidence_text"":""47966手""},{""name"":""uncertainty_high"",""deterministic_value"":false,""ai_value"":false,""status"":""agreed_false"",""confidence"":1.0,""evidence_text"":""""}]",仓单减少1985手,rift_rule_enhanced_llm,Qwen/Qwen2.5-0.5B-Instruct,local-9ff36b34e2bb7fb5
GFEX-WR-20250127,2025-01-27,bearish,-0.6,0.0,0.9,5,"[{""rule_id"":""LC-BEAR-01"",""target_label"":""bearish"",""conditions"":[""warehouse_receipt_increase""],""score"":0.033333333333333326,""coverage_positive"":0.6444444444444445,""coverage_negative"":0.6111111111111112,""support_documents"":51,""support_dates"":51,""status"":""qualified""},{""rule_id"":""LC-BEAR-02"",""target_label"":""bearish"",""conditions"":[""warehouse_receipt_increase"",""authoritative_source""],""score"":0.033333333333333326,""coverage_positive"":0.6444444444444445,""coverage_negative"":0.6111111111111112,""support_documents"":51,""support_dates"":51,""status"":""qualified""},{""rule_id"":""LC-BEAR-03"",""target_label"":""bearish"",""conditions"":[""authoritative_source""],""score"":0.016666666666666607,""coverage_positive"":0.8222222222222222,""coverage_negative"":0.8055555555555556,""support_documents"":65,""support_dates"":63,""status"":""qualified""}]","[{""name"":""supply_disruption"",""deterministic_value"":false,""ai_value"":false,""status"":""agreed_false"",""confidence"":0.9,""evidence_text"":""""},{""name"":""supply_expansion"",""deterministic_value"":false,""ai_value"":false,""status"":""agreed_false"",""confidence"":0.9,""evidence_text"":""""},{""name"":""production_resumption"",""deterministic_value"":false,""ai_value"":false,""status"":""agreed_false"",""confidence"":0.9,""evidence_text"":""""},{""name"":""demand_ev_positive"",""deterministic_value"":false,""ai_value"":false,""status"":""agreed_false"",""confidence"":0.9,""evidence_text"":""""},{""name"":""demand_storage_positive"",""deterministic_value"":false,""ai_value"":false,""status"":""agreed_false"",""confidence"":0.9,""evidence_text"":""""},{""name"":""demand_weak_or_price_war"",""deterministic_value"":false,""ai_value"":false,""status"":""agreed_false"",""confidence"":0.9,""evidence_text"":""""},{""name"":""inventory_drawdown"",""deterministic_value"":false,""ai_value"":false,""status"":""agreed_false"",""confidence"":0.9,""evidence_text"":""""},{""name"":""inventory_build"",""deterministic_value"":false,""ai_value"":false,""status"":""agreed_false"",""confidence"":0.9,""evidence_text"":""""},{""name"":""warehouse_receipt_decline"",""deterministic_value"":false,""ai_value"":false,""status"":""agreed_false"",""confidence"":0.9,""evidence_text"":""""},{""name"":""warehouse_receipt_increase"",""deterministic_value"":true,""ai_value"":true,""status"":""agreed_true"",""confidence"":0.9,""evidence_text"":""仓单增加1000手""},{""name"":""policy_demand_support"",""deterministic_value"":false,""ai_value"":false,""status"":""agreed_false"",""confidence"":0.9,""evidence_text"":""""},{""name"":""import_supply_pressure"",""deterministic_value"":false,""ai_value"":false,""status"":""agreed_false"",""confidence"":0.9,""evidence_text"":""""},{""name"":""cost_support"",""deterministic_value"":false,""ai_value"":false,""status"":""agreed_false"",""confidence"":0.9,""evidence_text"":""""},{""name"":""delivery_pressure"",""deterministic_value"":false,""ai_value"":false,""status"":""agreed_false"",""confidence"":0.9,""evidence_text"":""""},{""name"":""authoritative_source"",""deterministic_value"":true,""ai_value"":true,""status"":""agreed_true"",""confidence"":0.9,""evidence_text"":""广州期货交易所""},{""name"":""quantitative_evidence"",""deterministic_value"":false,""ai_value"":true,""status"":""disputed"",""confidence"":0.9,""evidence_text"":""48641手""},{""name"":""uncertainty_high"",""deterministic_value"":false,""ai_value"":true,""status"":""disputed"",""confidence"":0.9,""evidence_text"":""增加1000手""}]",仓单增加1000手,rift_rule_enhanced_llm,Qwen/Qwen2.5-0.5B-Instruct,local-71f04ce658e9978b
LC-TEXT-0017,2025-02-04,neutral,0.0,0.0,0.8,5,[],"[{""name"":""supply_disruption"",""deterministic_value"":false,""ai_value"":false,""status"":""agreed_false"",""confidence"":0.8,""evidence_text"":""""},{""name"":""supply_expansion"",""deterministic_value"":false,""ai_value"":false,""status"":""agreed_false"",""confidence"":0.8,""evidence_text"":""""},{""name"":""production_resumption"",""deterministic_value"":false,""ai_value"":false,""status"":""agreed_false"",""confidence"":0.8,""evidence_text"":""""},{""name"":""demand_ev_positive"",""deterministic_value"":false,""ai_value"":false,""status"":""agreed_false"",""confidence"":0.8,""evidence_text"":""""},{""name"":""demand_storage_positive"",""deterministic_value"":false,""ai_value"":false,""status"":""agreed_false"",""confidence"":0.8,""evidence_text"":""""},{""name"":""demand_weak_or_price_war"",""deterministic_value"":false,""ai_value"":false,""status"":""agreed_false"",""confidence"":0.8,""evidence_text"":""""},{""name"":""inventory_drawdown"",""deterministic_value"":false,""ai_value"":false,""status"":""agreed_false"",""confidence"":0.8,""evidence_text"":""""},{""name"":""inventory_build"",""deterministic_value"":false,""ai_value"":true,""status"":""disputed"",""confidence"":0.8,""evidence_text"":""2024年共有19家开发商完成了共计51个标段的集采框采，采招规模达11.2GW/52.2GWh""},{""name"":""warehouse_receipt_decline"",""deterministic_value"":false,""ai_value"":true,""status"":""disputed"",""confidence"":0.8,""evidence_text"":""2024年248.5GWh储能采招结果和中标企业全景分析_财富号_东方财富网""},{""name"":""warehouse_receipt_increase"",""deterministic_value"":false,""ai_value"":true,""status"":""disputed"",""confidence"":0.8,""evidence_text"":""2024年248.5GWh储能采招结果和中标企业全景分析_财富号_东方财富网""},{""name"":""policy_demand_support"",""deterministic_value"":false,""ai_value"":true,""status"":""disputed"",""confidence"":0.8,""evidence_text"":""2024年针对储能项目的设备和EPC招标共计1279个，总采招规模为196.4GWh，对应储能系统的实际需求为169.5GWh（一个项目若先后完成EPC和设备招标，则只统计一次）""},{""name"":""import_supply_pressure"",""deterministic_value"":false,""ai_value"":false,""status"":""agreed_false"",""confidence"":0.8,""evidence_text"":""""},{""name"":""cost_support"",""deterministic_value"":false,""ai_value"":false,""status"":""agreed_false"",""confidence"":0.8,""evidence_text"":""""},{""name"":""delivery_pressure"",""deterministic_value"":false,""ai_value"":false,""status"":""agreed_false"",""confidence"":0.8,""evidence_text"":""""},{""name"":""authoritative_source"",""deterministic_value"":false,""ai_value"":false,""status"":""agreed_false"",""confidence"":0.8,""evidence_text"":""""},{""name"":""quantitative_evidence"",""deterministic_value"":true,""ai_value"":false,""status"":""disputed"",""confidence"":0.8,""evidence_text"":""248.5GWh""},{""name"":""uncertainty_high"",""deterministic_value"":false,""ai_value"":false,""status"":""agreed_false"",""confidence"":0.8,""evidence_text"":""""}]",2024年248.5GWh储能采招结果和中标企业全景分析_财富号_东方财富网,rulebook_inactive,Qwen/Qwen2.5-0.5B-Instruct,local-8471e9de77fc8c67
GFEX-WR-20250210,2025-02-10,bullish,0.6,0.0,1.0,5,"[{""rule_id"":""LC-BULL-01"",""target_label"":""bullish"",""conditions"":[""warehouse_receipt_decline""],""score"":0.16666666666666669,""coverage_positive"":0.2777777777777778,""coverage_negative"":0.1111111111111111,""support_documents"":12,""support_dates"":12,""status"":""qualified""},{""rule_id"":""LC-BULL-02"",""target_label"":""bullish"",""conditions"":[""warehouse_receipt_decline"",""authoritative_source""],""score"":0.16666666666666669,""coverage_positive"":0.2777777777777778,""coverage_negative"":0.1111111111111111,""support_documents"":12,""support_dates"":12,""status"":""qualified""},{""rule_id"":""LC-BEAR-03"",""target_label"":""bearish"",""conditions"":[""authoritative_source""],""score"":0.016666666666666607,""coverage_positive"":0.8222222222222222,""coverage_negative"":0.8055555555555556,""support_documents"":65,""support_dates"":63,""status"":""qualified""}]","[{""name"":""supply_disruption"",""deterministic_value"":false,""ai_value"":false,""status"":""agreed_false"",""confidence"":1.0,""evidence_text"":""""},{""name"":""supply_expansion"",""deterministic_value"":false,""ai_value"":false,""status"":""agreed_false"",""confidence"":1.0,""evidence_text"":""""},{""name"":""production_resumption"",""deterministic_value"":false,""ai_value"":false,""status"":""agreed_false"",""confidence"":1.0,""evidence_text"":""""},{""name"":""demand_ev_positive"",""deterministic_value"":false,""ai_value"":false,""status"":""agreed_false"",""confidence"":1.0,""evidence_text"":""""},{""name"":""demand_storage_positive"",""deterministic_value"":false,""ai_value"":false,""status"":""agreed_false"",""confidence"":1.0,""evidence_text"":""""},{""name"":""demand_weak_or_price_war"",""deterministic_value"":false,""ai_value"":false,""status"":""agreed_false"",""confidence"":1.0,""evidence_text"":""""},{""name"":""inventory_drawdown"",""deterministic_value"":false,""ai_value"":false,""status"":""agreed_false"",""confidence"":1.0,""evidence_text"":""""},{""name"":""inventory_build"",""deterministic_value"":false,""ai_value"":false,""status"":""agreed_false"",""confidence"":1.0,""evidence_text"":""""},{""name"":""warehouse_receipt_decline"",""deterministic_value"":true,""ai_value"":true,""status"":""agreed_true"",""confidence"":1.0,""evidence_text"":""仓单减少880手""},{""name"":""warehouse_receipt_increase"",""deterministic_value"":false,""ai_value"":false,""status"":""agreed_false"",""confidence"":1.0,""evidence_text"":""""},{""name"":""policy_demand_support"",""deterministic_value"":false,""ai_value"":false,""status"":""agreed_false"",""confidence"":1.0,""evidence_text"":""""},{""name"":""import_supply_pressure"",""deterministic_value"":false,""ai_value"":false,""status"":""agreed_false"",""confidence"":1.0,""evidence_text"":""""},{""name"":""cost_support"",""deterministic_value"":false,""ai_value"":false,""status"":""agreed_false"",""confidence"":1.0,""evidence_text"":""""},{""name"":""delivery_pressure"",""deterministic_value"":false,""ai_value"":false,""status"":""agreed_false"",""confidence"":1.0,""evidence_text"":""""},{""name"":""authoritative_source"",""deterministic_value"":true,""ai_value"":true,""status"":""agreed_true"",""confidence"":1.0,""evidence_text"":""广州期货交易所""},{""name"":""quantitative_evidence"",""deterministic_value"":false,""ai_value"":true,""status"":""disputed"",""confidence"":1.0,""evidence_text"":""880手""},{""name"":""uncertainty_high"",""deterministic_value"":false,""ai_value"":false,""status"":""agreed_false"",""confidence"":1.0,""evidence_text"":""""}]",仓单减少880手,rift_rule_enhanced_llm,Qwen/Qwen2.5-0.5B-Instruct,local-387393803b463ef8
GFEX-WR-20250213,2025-02-13,bullish,0.6,0.0,1.0,5,"[{""rule_id"":""LC-BULL-01"",""target_label"":""bullish"",""conditions"":[""warehouse_receipt_decline""],""score"":0.16666666666666669,""coverage_positive"":0.2777777777777778,""coverage_negative"":0.1111111111111111,""support_documents"":12,""support_dates"":12,""status"":""qualified""},{""rule_id"":""LC-BULL-02"",""target_label"":""bullish"",""conditions"":[""warehouse_receipt_decline"",""authoritative_source""],""score"":0.16666666666666669,""coverage_positive"":0.2777777777777778,""coverage_negative"":0.1111111111111111,""support_documents"":12,""support_dates"":12,""status"":""qualified""},{""rule_id"":""LC-BEAR-03"",""target_label"":""bearish"",""conditions"":[""authoritative_source""],""score"":0.016666666666666607,""coverage_positive"":0.8222222222222222,""coverage_negative"":0.8055555555555556,""support_documents"":65,""support_dates"":63,""status"":""qualified""}]","[{""name"":""supply_disruption"",""deterministic_value"":false,""ai_value"":false,""status"":""agreed_false"",""confidence"":1.0,""evidence_text"":""""},{""name"":""supply_expansion"",""deterministic_value"":false,""ai_value"":false,""status"":""agreed_false"",""confidence"":1.0,""evidence_text"":""""},{""name"":""production_resumption"",""deterministic_value"":false,""ai_value"":false,""status"":""agreed_false"",""confidence"":1.0,""evidence_text"":""""},{""name"":""demand_ev_positive"",""deterministic_value"":false,""ai_value"":false,""status"":""agreed_false"",""confidence"":1.0,""evidence_text"":""""},{""name"":""demand_storage_positive"",""deterministic_value"":false,""ai_value"":false,""status"":""agreed_false"",""confidence"":1.0,""evidence_text"":""""},{""name"":""demand_weak_or_price_war"",""deterministic_value"":false,""ai_value"":false,""status"":""agreed_false"",""confidence"":1.0,""evidence_text"":""""},{""name"":""inventory_drawdown"",""deterministic_value"":false,""ai_value"":false,""status"":""agreed_false"",""confidence"":1.0,""evidence_text"":""""},{""name"":""inventory_build"",""deterministic_value"":false,""ai_value"":false,""status"":""agreed_false"",""confidence"":1.0,""evidence_text"":""""},{""name"":""warehouse_receipt_decline"",""deterministic_value"":true,""ai_value"":true,""status"":""agreed_true"",""confidence"":1.0,""evidence_text"":""仓单减少1009手""},{""name"":""warehouse_receipt_increase"",""deterministic_value"":false,""ai_value"":false,""status"":""agreed_false"",""confidence"":1.0,""evidence_text"":""""},{""name"":""policy_demand_support"",""deterministic_value"":false,""ai_value"":false,""status"":""agreed_false"",""confidence"":1.0,""evidence_text"":""""},{""name"":""import_supply_pressure"",""deterministic_value"":false,""ai_value"":false,""status"":""agreed_false"",""confidence"":1.0,""evidence_text"":""""},{""name"":""cost_support"",""deterministic_value"":false,""ai_value"":false,""status"":""agreed_false"",""confidence"":1.0,""evidence_text"":""""},{""name"":""delivery_pressure"",""deterministic_value"":false,""ai_value"":false,""status"":""agreed_false"",""confidence"":1.0,""evidence_text"":""""},{""name"":""authoritative_source"",""deterministic_value"":true,""ai_value"":true,""status"":""agreed_true"",""confidence"":1.0,""evidence_text"":""广州期货交易所""},{""name"":""quantitative_evidence"",""deterministic_value"":false,""ai_value"":true,""status"":""disputed"",""confidence"":1.0,""evidence_text"":""1009手""},{""name"":""uncertainty_high"",""deterministic_value"":false,""ai_value"":false,""status"":""agreed_false"",""confidence"":1.0,""evidence_text"":""""}]",仓单减少1009手,rift_rule_enhanced_llm,Qwen/Qwen2.5-0.5B-Instruct,local-dc98b15ebcad3f08
GFEX-WR-20250227,2025-02-27,bearish,-0.6,0.0,0.9,5,"[{""rule_id"":""LC-BEAR-01"",""target_label"":""bearish"",""conditions"":[""warehouse_receipt_increase""],""score"":0.033333333333333326,""coverage_positive"":0.6444444444444445,""coverage_negative"":0.6111111111111112,""support_documents"":51,""support_dates"":51,""status"":""qualified""},{""rule_id"":""LC-BEAR-02"",""target_label"":""bearish"",""conditions"":[""warehouse_receipt_increase"",""authoritative_source""],""score"":0.033333333333333326,""coverage_positive"":0.6444444444444445,""coverage_negative"":0.6111111111111112,""support_documents"":51,""support_dates"":51,""status"":""qualified""},{""rule_id"":""LC-BEAR-03"",""target_label"":""bearish"",""conditions"":[""authoritative_source""],""score"":0.016666666666666607,""coverage_positive"":0.8222222222222222,""coverage_negative"":0.8055555555555556,""support_documents"":65,""support_dates"":63,""status"":""qualified""}]","[{""name"":""supply_disruption"",""deterministic_value"":false,""ai_value"":false,""status"":""agreed_false"",""confidence"":0.9,""evidence_text"":""""},{""name"":""supply_expansion"",""deterministic_value"":false,""ai_value"":false,""status"":""agreed_false"",""confidence"":0.9,""evidence_text"":""""},{""name"":""production_resumption"",""deterministic_value"":false,""ai_value"":false,""status"":""agreed_false"",""confidence"":0.9,""evidence_text"":""""},{""name"":""demand_ev_positive"",""deterministic_value"":false,""ai_value"":false,""status"":""agreed_false"",""confidence"":0.9,""evidence_text"":""""},{""name"":""demand_storage_positive"",""deterministic_value"":false,""ai_value"":false,""status"":""agreed_false"",""confidence"":0.9,""evidence_text"":""""},{""name"":""demand_weak_or_price_war"",""deterministic_value"":false,""ai_value"":false,""status"":""agreed_false"",""confidence"":0.9,""evidence_text"":""""},{""name"":""inventory_drawdown"",""deterministic_value"":false,""ai_value"":false,""status"":""agreed_false"",""confidence"":0.9,""evidence_text"":""""},{""name"":""inventory_build"",""deterministic_value"":false,""ai_value"":false,""status"":""agreed_false"",""confidence"":0.9,""evidence_text"":""""},{""name"":""warehouse_receipt_decline"",""deterministic_value"":false,""ai_value"":false,""status"":""agreed_false"",""confidence"":0.9,""evidence_text"":""""},{""name"":""warehouse_receipt_increase"",""deterministic_value"":true,""ai_value"":true,""status"":""agreed_true"",""confidence"":0.9,""evidence_text"":""仓单增加1564手""},{""name"":""policy_demand_support"",""deterministic_value"":false,""ai_value"":false,""status"":""agreed_false"",""confidence"":0.9,""evidence_text"":""""},{""name"":""import_supply_pressure"",""deterministic_value"":false,""ai_value"":false,""status"":""agreed_false"",""confidence"":0.9,""evidence_text"":""""},{""name"":""cost_support"",""deterministic_value"":false,""ai_value"":false,""status"":""agreed_false"",""confidence"":0.9,""evidence_text"":""""},{""name"":""delivery_pressure"",""deterministic_value"":false,""ai_value"":false,""status"":""agreed_false"",""confidence"":0.9,""evidence_text"":""""},{""name"":""authoritative_source"",""deterministic_value"":true,""ai_value"":true,""status"":""agreed_true"",""confidence"":0.9,""evidence_text"":""广期所""},{""name"":""quantitative_evidence"",""deterministic_value"":false,""ai_value"":true,""status"":""disputed"",""confidence"":0.9,""evidence_text"":""46106手""},{""name"":""uncertainty_high"",""deterministic_value"":false,""ai_value"":true,""status"":""disputed"",""confidence"":0.9,""evidence_text"":""增加1564手""}]",仓单增加1564手,rift_rule_enhanced_llm,Qwen/Qwen2.5-0.5B-Instruct,local-e93e5ca28e9fac10
GFEX-WR-20250306,2025-03-06,bullish,0.6,0.0,1.0,5,"[{""rule_id"":""LC-BULL-01"",""target_label"":""bullish"",""conditions"":[""warehouse_receipt_decline""],""score"":0.16666666666666669,""coverage_positive"":0.2777777777777778,""coverage_negative"":0.1111111111111111,""support_documents"":12,""support_dates"":12,""status"":""qualified""},{""rule_id"":""LC-BULL-02"",""target_label"":""bullish"",""conditions"":[""warehouse_receipt_decline"",""authoritative_source""],""score"":0.16666666666666669,""coverage_positive"":0.2777777777777778,""coverage_negative"":0.1111111111111111,""support_documents"":12,""support_dates"":12,""status"":""qualified""},{""rule_id"":""LC-BEAR-03"",""target_label"":""bearish"",""conditions"":[""authoritative_source""],""score"":0.016666666666666607,""coverage_positive"":0.8222222222222222,""coverage_negative"":0.8055555555555556,""support_documents"":65,""support_dates"":63,""status"":""qualified""}]","[{""name"":""supply_disruption"",""deterministic_value"":false,""ai_value"":false,""status"":""agreed_false"",""confidence"":1.0,""evidence_text"":""""},{""name"":""supply_expansion"",""deterministic_value"":false,""ai_value"":false,""status"":""agreed_false"",""confidence"":1.0,""evidence_text"":""""},{""name"":""production_resumption"",""deterministic_value"":false,""ai_value"":false,""status"":""agreed_false"",""confidence"":1.0,""evidence_text"":""""},{""name"":""demand_ev_positive"",""deterministic_value"":false,""ai_value"":false,""status"":""agreed_false"",""confidence"":1.0,""evidence_text"":""""},{""name"":""demand_storage_positive"",""deterministic_value"":false,""ai_value"":false,""status"":""agreed_false"",""confidence"":1.0,""evidence_text"":""""},{""name"":""demand_weak_or_price_war"",""deterministic_value"":false,""ai_value"":false,""status"":""agreed_false"",""confidence"":1.0,""evidence_text"":""""},{""name"":""inventory_drawdown"",""deterministic_value"":false,""ai_value"":false,""status"":""agreed_false"",""confidence"":1.0,""evidence_text"":""""},{""name"":""inventory_build"",""deterministic_value"":false,""ai_value"":false,""status"":""agreed_false"",""confidence"":1.0,""evidence_text"":""""},{""name"":""warehouse_receipt_decline"",""deterministic_value"":true,""ai_value"":true,""status"":""agreed_true"",""confidence"":1.0,""evidence_text"":""仓单减少1982手""},{""name"":""warehouse_receipt_increase"",""deterministic_value"":false,""ai_value"":false,""status"":""agreed_false"",""confidence"":1.0,""evidence_text"":""""},{""name"":""policy_demand_support"",""deterministic_value"":false,""ai_value"":false,""status"":""agreed_false"",""confidence"":1.0,""evidence_text"":""""},{""name"":""import_supply_pressure"",""deterministic_value"":false,""ai_value"":false,""status"":""agreed_false"",""confidence"":1.0,""evidence_text"":""""},{""name"":""cost_support"",""deterministic_value"":false,""ai_value"":false,""status"":""agreed_false"",""confidence"":1.0,""evidence_text"":""""},{""name"":""delivery_pressure"",""deterministic_value"":false,""ai_value"":false,""status"":""agreed_false"",""confidence"":1.0,""evidence_text"":""""},{""name"":""authoritative_source"",""deterministic_value"":true,""ai_value"":true,""status"":""agreed_true"",""confidence"":1.0,""evidence_text"":""广州期货交易所""},{""name"":""quantitative_evidence"",""deterministic_value"":false,""ai_value"":true,""status"":""disputed"",""confidence"":1.0,""evidence_text"":""1982手""},{""name"":""uncertainty_high"",""deterministic_value"":false,""ai_value"":false,""status"":""agreed_false"",""confidence"":1.0,""evidence_text"":""""}]",仓单减少1982手,rift_rule_enhanced_llm,Qwen/Qwen2.5-0.5B-Instruct,local-be25c566ce6b3d4e
GFEX-WR-20250307,2025-03-07,bullish,0.6,0.0,1.0,5,"[{""rule_id"":""LC-BULL-01"",""target_label"":""bullish"",""conditions"":[""warehouse_receipt_decline""],""score"":0.16666666666666669,""coverage_positive"":0.2777777777777778,""coverage_negative"":0.1111111111111111,""support_documents"":12,""support_dates"":12,""status"":""qualified""},{""rule_id"":""LC-BULL-02"",""target_label"":""bullish"",""conditions"":[""warehouse_receipt_decline"",""authoritative_source""],""score"":0.16666666666666669,""coverage_positive"":0.2777777777777778,""coverage_negative"":0.1111111111111111,""support_documents"":12,""support_dates"":12,""status"":""qualified""},{""rule_id"":""LC-BEAR-03"",""target_label"":""bearish"",""conditions"":[""authoritative_source""],""score"":0.016666666666666607,""coverage_positive"":0.8222222222222222,""coverage_negative"":0.8055555555555556,""support_documents"":65,""support_dates"":63,""status"":""qualified""}]","[{""name"":""supply_disruption"",""deterministic_value"":false,""ai_value"":false,""status"":""agreed_false"",""confidence"":1.0,""evidence_text"":""""},{""name"":""supply_expansion"",""deterministic_value"":false,""ai_value"":false,""status"":""agreed_false"",""confidence"":1.0,""evidence_text"":""""},{""name"":""production_resumption"",""deterministic_value"":false,""ai_value"":false,""status"":""agreed_false"",""confidence"":1.0,""evidence_text"":""""},{""name"":""demand_ev_positive"",""deterministic_value"":false,""ai_value"":false,""status"":""agreed_false"",""confidence"":1.0,""evidence_text"":""""},{""name"":""demand_storage_positive"",""deterministic_value"":false,""ai_value"":false,""status"":""agreed_false"",""confidence"":1.0,""evidence_text"":""""},{""name"":""demand_weak_or_price_war"",""deterministic_value"":false,""ai_value"":false,""status"":""agreed_false"",""confidence"":1.0,""evidence_text"":""""},{""name"":""inventory_drawdown"",""deterministic_value"":false,""ai_value"":false,""status"":""agreed_false"",""confidence"":1.0,""evidence_text"":""""},{""name"":""inventory_build"",""deterministic_value"":false,""ai_value"":false,""status"":""agreed_false"",""confidence"":1.0,""evidence_text"":""""},{""name"":""warehouse_receipt_decline"",""deterministic_value"":true,""ai_value"":true,""status"":""agreed_true"",""confidence"":1.0,""evidence_text"":""仓单减少1993手""},{""name"":""warehouse_receipt_increase"",""deterministic_value"":false,""ai_value"":false,""status"":""agreed_false"",""confidence"":1.0,""evidence_text"":""""},{""name"":""policy_demand_support"",""deterministic_value"":false,""ai_value"":false,""status"":""agreed_false"",""confidence"":1.0,""evidence_text"":""""},{""name"":""import_supply_pressure"",""deterministic_value"":false,""ai_value"":false,""status"":""agreed_false"",""confidence"":1.0,""evidence_text"":""""},{""name"":""cost_support"",""deterministic_value"":false,""ai_value"":false,""status"":""agreed_false"",""confidence"":1.0,""evidence_text"":""""},{""name"":""delivery_pressure"",""deterministic_value"":false,""ai_value"":false,""status"":""agreed_false"",""confidence"":1.0,""evidence_text"":""""},{""name"":""authoritative_source"",""deterministic_value"":true,""ai_value"":true,""status"":""agreed_true"",""confidence"":1.0,""evidence_text"":""广州期货交易所""},{""name"":""quantitative_evidence"",""deterministic_value"":false,""ai_value"":true,""status"":""disputed"",""confidence"":1.0,""evidence_text"":""42446手""},{""name"":""uncertainty_high"",""deterministic_value"":false,""ai_value"":false,""status"":""agreed_false"",""confidence"":1.0,""evidence_text"":""""}]",仓单减少1993手,rift_rule_enhanced_llm,Qwen/Qwen2.5-0.5B-Instruct,local-7a9fbd927a71491f
GFEX-WR-20250310,2025-03-10,bullish,0.6,0.0,1.0,5,"[{""rule_id"":""LC-BULL-01"",""target_label"":""bullish"",""conditions"":[""warehouse_receipt_decline""],""score"":0.16666666666666669,""coverage_positive"":0.2777777777777778,""coverage_negative"":0.1111111111111111,""support_documents"":12,""support_dates"":12,""status"":""qualified""},{""rule_id"":""LC-BULL-02"",""target_label"":""bullish"",""conditions"":[""warehouse_receipt_decline"",""authoritative_source""],""score"":0.16666666666666669,""coverage_positive"":0.2777777777777778,""coverage_negative"":0.1111111111111111,""support_documents"":12,""support_dates"":12,""status"":""qualified""},{""rule_id"":""LC-BEAR-03"",""target_label"":""bearish"",""conditions"":[""authoritative_source""],""score"":0.016666666666666607,""coverage_positive"":0.8222222222222222,""coverage_negative"":0.8055555555555556,""support_documents"":65,""support_dates"":63,""status"":""qualified""}]","[{""name"":""supply_disruption"",""deterministic_value"":false,""ai_value"":false,""status"":""agreed_false"",""confidence"":1.0,""evidence_text"":""""},{""name"":""supply_expansion"",""deterministic_value"":false,""ai_value"":false,""status"":""agreed_false"",""confidence"":1.0,""evidence_text"":""""},{""name"":""production_resumption"",""deterministic_value"":false,""ai_value"":false,""status"":""agreed_false"",""confidence"":1.0,""evidence_text"":""""},{""name"":""demand_ev_positive"",""deterministic_value"":false,""ai_value"":false,""status"":""agreed_false"",""confidence"":1.0,""evidence_text"":""""},{""name"":""demand_storage_positive"",""deterministic_value"":false,""ai_value"":false,""status"":""agreed_false"",""confidence"":1.0,""evidence_text"":""""},{""name"":""demand_weak_or_price_war"",""deterministic_value"":false,""ai_value"":false,""status"":""agreed_false"",""confidence"":1.0,""evidence_text"":""""},{""name"":""inventory_drawdown"",""deterministic_value"":false,""ai_value"":false,""status"":""agreed_false"",""confidence"":1.0,""evidence_text"":""""},{""name"":""inventory_build"",""deterministic_value"":false,""ai_value"":false,""status"":""agreed_false"",""confidence"":1.0,""evidence_text"":""""},{""name"":""warehouse_receipt_decline"",""deterministic_value"":true,""ai_value"":true,""status"":""agreed_true"",""confidence"":1.0,""evidence_text"":""仓单减少3878手""},{""name"":""warehouse_receipt_increase"",""deterministic_value"":false,""ai_value"":false,""status"":""agreed_false"",""confidence"":1.0,""evidence_text"":""""},{""name"":""policy_demand_support"",""deterministic_value"":false,""ai_value"":false,""status"":""agreed_false"",""confidence"":1.0,""evidence_text"":""""},{""name"":""import_supply_pressure"",""deterministic_value"":false,""ai_value"":false,""status"":""agreed_false"",""confidence"":1.0,""evidence_text"":""""},{""name"":""cost_support"",""deterministic_value"":false,""ai_value"":false,""status"":""agreed_false"",""confidence"":1.0,""evidence_text"":""""},{""name"":""delivery_pressure"",""deterministic_value"":false,""ai_value"":false,""status"":""agreed_false"",""confidence"":1.0,""evidence_text"":""""},{""name"":""authoritative_source"",""deterministic_value"":true,""ai_value"":true,""status"":""agreed_true"",""confidence"":1.0,""evidence_text"":""广州期货交易所""},{""name"":""quantitative_evidence"",""deterministic_value"":false,""ai_value"":true,""status"":""disputed"",""confidence"":1.0,""evidence_text"":""3878手""},{""name"":""uncertainty_high"",""deterministic_value"":false,""ai_value"":false,""status"":""agreed_false"",""confidence"":1.0,""evidence_text"":""""}]",仓单减少3878手,rift_rule_enhanced_llm,Qwen/Qwen2.5-0.5B-Instruct,local-24e35ec42cf12e45
GFEX-WR-20250313,2025-03-13,bullish,0.6,0.0,1.0,5,"[{""rule_id"":""LC-BULL-01"",""target_label"":""bullish"",""conditions"":[""warehouse_receipt_decline""],""score"":0.16666666666666669,""coverage_positive"":0.2777777777777778,""coverage_negative"":0.1111111111111111,""support_documents"":12,""support_dates"":12,""status"":""qualified""},{""rule_id"":""LC-BULL-02"",""target_label"":""bullish"",""conditions"":[""warehouse_receipt_decline"",""authoritative_source""],""score"":0.16666666666666669,""coverage_positive"":0.2777777777777778,""coverage_negative"":0.1111111111111111,""support_documents"":12,""support_dates"":12,""status"":""qualified""},{""rule_id"":""LC-BEAR-03"",""target_label"":""bearish"",""conditions"":[""authoritative_source""],""score"":0.016666666666666607,""coverage_positive"":0.8222222222222222,""coverage_negative"":0.8055555555555556,""support_documents"":65,""support_dates"":63,""status"":""qualified""}]","[{""name"":""supply_disruption"",""deterministic_value"":false,""ai_value"":false,""status"":""agreed_false"",""confidence"":1.0,""evidence_text"":""""},{""name"":""supply_expansion"",""deterministic_value"":false,""ai_value"":false,""status"":""agreed_false"",""confidence"":1.0,""evidence_text"":""""},{""name"":""production_resumption"",""deterministic_value"":false,""ai_value"":false,""status"":""agreed_false"",""confidence"":1.0,""evidence_text"":""""},{""name"":""demand_ev_positive"",""deterministic_value"":false,""ai_value"":false,""status"":""agreed_false"",""confidence"":1.0,""evidence_text"":""""},{""name"":""demand_storage_positive"",""deterministic_value"":false,""ai_value"":false,""status"":""agreed_false"",""confidence"":1.0,""evidence_text"":""""},{""name"":""demand_weak_or_price_war"",""deterministic_value"":false,""ai_value"":false,""status"":""agreed_false"",""confidence"":1.0,""evidence_text"":""""},{""name"":""inventory_drawdown"",""deterministic_value"":false,""ai_value"":false,""status"":""agreed_false"",""confidence"":1.0,""evidence_text"":""""},{""name"":""inventory_build"",""deterministic_value"":false,""ai_value"":false,""status"":""agreed_false"",""confidence"":1.0,""evidence_text"":""""},{""name"":""warehouse_receipt_decline"",""deterministic_value"":true,""ai_value"":true,""status"":""agreed_true"",""confidence"":1.0,""evidence_text"":""仓单减少1610手""},{""name"":""warehouse_receipt_increase"",""deterministic_value"":false,""ai_value"":false,""status"":""agreed_false"",""confidence"":1.0,""evidence_text"":""""},{""name"":""policy_demand_support"",""deterministic_value"":false,""ai_value"":false,""status"":""agreed_false"",""confidence"":1.0,""evidence_text"":""""},{""name"":""import_supply_pressure"",""deterministic_value"":false,""ai_value"":false,""status"":""agreed_false"",""confidence"":1.0,""evidence_text"":""""},{""name"":""cost_support"",""deterministic_value"":false,""ai_value"":false,""status"":""agreed_false"",""confidence"":1.0,""evidence_text"":""""},{""name"":""delivery_pressure"",""deterministic_value"":false,""ai_value"":false,""status"":""agreed_false"",""confidence"":1.0,""evidence_text"":""""},{""name"":""authoritative_source"",""deterministic_value"":true,""ai_value"":true,""status"":""agreed_true"",""confidence"":1.0,""evidence_text"":""广州期货交易所""},{""name"":""quantitative_evidence"",""deterministic_value"":false,""ai_value"":true,""status"":""disputed"",""confidence"":1.0,""evidence_text"":""1610手""},{""name"":""uncertainty_high"",""deterministic_value"":false,""ai_value"":false,""status"":""agreed_false"",""confidence"":1.0,""evidence_text"":""""}]",仓单减少1610手,rift_rule_enhanced_llm,Qwen/Qwen2.5-0.5B-Instruct,local-e643832b9e06df68
GFEX-WR-20250314,2025-03-14,bullish,0.6,0.0,1.0,5,"[{""rule_id"":""LC-BULL-01"",""target_label"":""bullish"",""conditions"":[""warehouse_receipt_decline""],""score"":0.16666666666666669,""coverage_positive"":0.2777777777777778,""coverage_negative"":0.1111111111111111,""support_documents"":12,""support_dates"":12,""status"":""qualified""},{""rule_id"":""LC-BULL-02"",""target_label"":""bullish"",""conditions"":[""warehouse_receipt_decline"",""authoritative_source""],""score"":0.16666666666666669,""coverage_positive"":0.2777777777777778,""coverage_negative"":0.1111111111111111,""support_documents"":12,""support_dates"":12,""status"":""qualified""},{""rule_id"":""LC-BEAR-03"",""target_label"":""bearish"",""conditions"":[""authoritative_source""],""score"":0.016666666666666607,""coverage_positive"":0.8222222222222222,""coverage_negative"":0.8055555555555556,""support_documents"":65,""support_dates"":63,""status"":""qualified""}]","[{""name"":""supply_disruption"",""deterministic_value"":false,""ai_value"":false,""status"":""agreed_false"",""confidence"":1.0,""evidence_text"":""""},{""name"":""supply_expansion"",""deterministic_value"":false,""ai_value"":false,""status"":""agreed_false"",""confidence"":1.0,""evidence_text"":""""},{""name"":""production_resumption"",""deterministic_value"":false,""ai_value"":false,""status"":""agreed_false"",""confidence"":1.0,""evidence_text"":""""},{""name"":""demand_ev_positive"",""deterministic_value"":false,""ai_value"":false,""status"":""agreed_false"",""confidence"":1.0,""evidence_text"":""""},{""name"":""demand_storage_positive"",""deterministic_value"":false,""ai_value"":false,""status"":""agreed_false"",""confidence"":1.0,""evidence_text"":""""},{""name"":""demand_weak_or_price_war"",""deterministic_value"":false,""ai_value"":false,""status"":""agreed_false"",""confidence"":1.0,""evidence_text"":""""},{""name"":""inventory_drawdown"",""deterministic_value"":false,""ai_value"":false,""status"":""agreed_false"",""confidence"":1.0,""evidence_text"":""""},{""name"":""inventory_build"",""deterministic_value"":false,""ai_value"":false,""status"":""agreed_false"",""confidence"":1.0,""evidence_text"":""""},{""name"":""warehouse_receipt_decline"",""deterministic_value"":true,""ai_value"":true,""status"":""agreed_true"",""confidence"":1.0,""evidence_text"":""仓单减少967手""},{""name"":""warehouse_receipt_increase"",""deterministic_value"":false,""ai_value"":false,""status"":""agreed_false"",""confidence"":1.0,""evidence_text"":""""},{""name"":""policy_demand_support"",""deterministic_value"":false,""ai_value"":false,""status"":""agreed_false"",""confidence"":1.0,""evidence_text"":""""},{""name"":""import_supply_pressure"",""deterministic_value"":false,""ai_value"":false,""status"":""agreed_false"",""confidence"":1.0,""evidence_text"":""""},{""name"":""cost_support"",""deterministic_value"":false,""ai_value"":false,""status"":""agreed_false"",""confidence"":1.0,""evidence_text"":""""},{""name"":""delivery_pressure"",""deterministic_value"":false,""ai_value"":false,""status"":""agreed_false"",""confidence"":1.0,""evidence_text"":""""},{""name"":""authoritative_source"",""deterministic_value"":true,""ai_value"":true,""status"":""agreed_true"",""confidence"":1.0,""evidence_text"":""广州期货交易所""},{""name"":""quantitative_evidence"",""deterministic_value"":false,""ai_value"":true,""status"":""disputed"",""confidence"":1.0,""evidence_text"":""967手""},{""name"":""uncertainty_high"",""deterministic_value"":false,""ai_value"":false,""status"":""agreed_false"",""confidence"":1.0,""evidence_text"":""""}]",仓单减少967手,rift_rule_enhanced_llm,Qwen/Qwen2.5-0.5B-Instruct,local-d10f1b00893858ae
GFEX-WR-20250319,2025-03-19,neutral,-0.0,0.0,0.8,5,"[{""rule_id"":""LC-BEAR-01"",""target_label"":""bearish"",""conditions"":[""warehouse_receipt_increase""],""score"":0.033333333333333326,""coverage_positive"":0.6444444444444445,""coverage_negative"":0.6111111111111112,""support_documents"":51,""support_dates"":51,""status"":""qualified""},{""rule_id"":""LC-BEAR-02"",""target_label"":""bearish"",""conditions"":[""warehouse_receipt_increase"",""authoritative_source""],""score"":0.033333333333333326,""coverage_positive"":0.6444444444444445,""coverage_negative"":0.6111111111111112,""support_documents"":51,""support_dates"":51,""status"":""qualified""},{""rule_id"":""LC-BEAR-03"",""target_label"":""bearish"",""conditions"":[""authoritative_source""],""score"":0.016666666666666607,""coverage_positive"":0.8222222222222222,""coverage_negative"":0.8055555555555556,""support_documents"":65,""support_dates"":63,""status"":""qualified""}]","[{""name"":""supply_disruption"",""deterministic_value"":false,""ai_value"":false,""status"":""agreed_false"",""confidence"":0.8,""evidence_text"":""""},{""name"":""supply_expansion"",""deterministic_value"":false,""ai_value"":false,""status"":""agreed_false"",""confidence"":0.8,""evidence_text"":""""},{""name"":""production_resumption"",""deterministic_value"":false,""ai_value"":false,""status"":""agreed_false"",""confidence"":0.8,""evidence_text"":""""},{""name"":""demand_ev_positive"",""deterministic_value"":false,""ai_value"":false,""status"":""agreed_false"",""confidence"":0.8,""evidence_text"":""""},{""name"":""demand_storage_positive"",""deterministic_value"":false,""ai_value"":false,""status"":""agreed_false"",""confidence"":0.8,""evidence_text"":""""},{""name"":""demand_weak_or_price_war"",""deterministic_value"":false,""ai_value"":false,""status"":""agreed_false"",""confidence"":0.8,""evidence_text"":""""},{""name"":""inventory_drawdown"",""deterministic_value"":false,""ai_value"":false,""status"":""agreed_false"",""confidence"":0.8,""evidence_text"":""""},{""name"":""inventory_build"",""deterministic_value"":false,""ai_value"":false,""status"":""agreed_false"",""confidence"":0.8,""evidence_text"":""""},{""name"":""warehouse_receipt_decline"",""deterministic_value"":false,""ai_value"":false,""status"":""agreed_false"",""confidence"":0.8,""evidence_text"":""""},{""name"":""warehouse_receipt_increase"",""deterministic_value"":true,""ai_value"":true,""status"":""agreed_true"",""confidence"":0.8,""evidence_text"":""仓单增加860手""},{""name"":""policy_demand_support"",""deterministic_value"":false,""ai_value"":false,""status"":""agreed_false"",""confidence"":0.8,""evidence_text"":""""},{""name"":""import_supply_pressure"",""deterministic_value"":false,""ai_value"":false,""status"":""agreed_false"",""confidence"":0.8,""evidence_text"":""""},{""name"":""cost_support"",""deterministic_value"":false,""ai_value"":false,""status"":""agreed_false"",""confidence"":0.8,""evidence_text"":""""},{""name"":""delivery_pressure"",""deterministic_value"":false,""ai_value"":false,""status"":""agreed_false"",""confidence"":0.8,""evidence_text"":""""},{""name"":""authoritative_source"",""deterministic_value"":true,""ai_value"":true,""status"":""agreed_true"",""confidence"":0.8,""evidence_text"":""广期所""},{""name"":""quantitative_evidence"",""deterministic_value"":false,""ai_value"":true,""status"":""disputed"",""confidence"":0.8,""evidence_text"":""860手""},{""name"":""uncertainty_high"",""deterministic_value"":false,""ai_value"":false,""status"":""agreed_false"",""confidence"":0.8,""evidence_text"":""""}]",仓单增加860手,rift_rule_enhanced_llm,Qwen/Qwen2.5-0.5B-Instruct,local-124d14321979f262
GFEX-WR-20250320,2025-03-20,bearish,-0.6,0.0,0.8,5,"[{""rule_id"":""LC-BEAR-01"",""target_label"":""bearish"",""conditions"":[""warehouse_receipt_increase""],""score"":0.033333333333333326,""coverage_positive"":0.6444444444444445,""coverage_negative"":0.6111111111111112,""support_documents"":51,""support_dates"":51,""status"":""qualified""},{""rule_id"":""LC-BEAR-02"",""target_label"":""bearish"",""conditions"":[""warehouse_receipt_increase"",""authoritative_source""],""score"":0.033333333333333326,""coverage_positive"":0.6444444444444445,""coverage_negative"":0.6111111111111112,""support_documents"":51,""support_dates"":51,""status"":""qualified""},{""rule_id"":""LC-BEAR-03"",""target_label"":""bearish"",""conditions"":[""authoritative_source""],""score"":0.016666666666666607,""coverage_positive"":0.8222222222222222,""coverage_negative"":0.8055555555555556,""support_documents"":65,""support_dates"":63,""status"":""qualified""}]","[{""name"":""supply_disruption"",""deterministic_value"":false,""ai_value"":false,""status"":""agreed_false"",""confidence"":0.8,""evidence_text"":""""},{""name"":""supply_expansion"",""deterministic_value"":false,""ai_value"":false,""status"":""agreed_false"",""confidence"":0.8,""evidence_text"":""""},{""name"":""production_resumption"",""deterministic_value"":false,""ai_value"":false,""status"":""agreed_false"",""confidence"":0.8,""evidence_text"":""""},{""name"":""demand_ev_positive"",""deterministic_value"":false,""ai_value"":false,""status"":""agreed_false"",""confidence"":0.8,""evidence_text"":""""},{""name"":""demand_storage_positive"",""deterministic_value"":false,""ai_value"":false,""status"":""agreed_false"",""confidence"":0.8,""evidence_text"":""""},{""name"":""demand_weak_or_price_war"",""deterministic_value"":false,""ai_value"":false,""status"":""agreed_false"",""confidence"":0.8,""evidence_text"":""""},{""name"":""inventory_drawdown"",""deterministic_value"":false,""ai_value"":false,""status"":""agreed_false"",""confidence"":0.8,""evidence_text"":""""},{""name"":""inventory_build"",""deterministic_value"":false,""ai_value"":false,""status"":""agreed_false"",""confidence"":0.8,""evidence_text"":""""},{""name"":""warehouse_receipt_decline"",""deterministic_value"":false,""ai_value"":false,""status"":""agreed_false"",""confidence"":0.8,""evidence_text"":""""},{""name"":""warehouse_receipt_increase"",""deterministic_value"":true,""ai_value"":true,""status"":""agreed_true"",""confidence"":0.8,""evidence_text"":""仓单增加1249手""},{""name"":""policy_demand_support"",""deterministic_value"":false,""ai_value"":false,""status"":""agreed_false"",""confidence"":0.8,""evidence_text"":""""},{""name"":""import_supply_pressure"",""deterministic_value"":false,""ai_value"":false,""status"":""agreed_false"",""confidence"":0.8,""evidence_text"":""""},{""name"":""cost_support"",""deterministic_value"":false,""ai_value"":false,""status"":""agreed_false"",""confidence"":0.8,""evidence_text"":""""},{""name"":""delivery_pressure"",""deterministic_value"":false,""ai_value"":false,""status"":""agreed_false"",""confidence"":0.8,""evidence_text"":""""},{""name"":""authoritative_source"",""deterministic_value"":true,""ai_value"":true,""status"":""agreed_true"",""confidence"":0.8,""evidence_text"":""广期所""},{""name"":""quantitative_evidence"",""deterministic_value"":false,""ai_value"":true,""status"":""disputed"",""confidence"":0.8,""evidence_text"":""38081手""},{""name"":""uncertainty_high"",""deterministic_value"":false,""ai_value"":false,""status"":""agreed_false"",""confidence"":0.8,""evidence_text"":""""}]",仓单增加1249手,rift_rule_enhanced_llm,Qwen/Qwen2.5-0.5B-Instruct,local-55fbc83f3344deda
GFEX-WR-20250324,2025-03-24,bullish,0.6,0.0,1.0,5,"[{""rule_id"":""LC-BULL-01"",""target_label"":""bullish"",""conditions"":[""warehouse_receipt_decline""],""score"":0.16666666666666669,""coverage_positive"":0.2777777777777778,""coverage_negative"":0.1111111111111111,""support_documents"":12,""support_dates"":12,""status"":""qualified""},{""rule_id"":""LC-BULL-02"",""target_label"":""bullish"",""conditions"":[""warehouse_receipt_decline"",""authoritative_source""],""score"":0.16666666666666669,""coverage_positive"":0.2777777777777778,""coverage_negative"":0.1111111111111111,""support_documents"":12,""support_dates"":12,""status"":""qualified""},{""rule_id"":""LC-BEAR-03"",""target_label"":""bearish"",""conditions"":[""authoritative_source""],""score"":0.016666666666666607,""coverage_positive"":0.8222222222222222,""coverage_negative"":0.8055555555555556,""support_documents"":65,""support_dates"":63,""status"":""qualified""}]","[{""name"":""supply_disruption"",""deterministic_value"":false,""ai_value"":false,""status"":""agreed_false"",""confidence"":1.0,""evidence_text"":""""},{""name"":""supply_expansion"",""deterministic_value"":false,""ai_value"":false,""status"":""agreed_false"",""confidence"":1.0,""evidence_text"":""""},{""name"":""production_resumption"",""deterministic_value"":false,""ai_value"":false,""status"":""agreed_false"",""confidence"":1.0,""evidence_text"":""""},{""name"":""demand_ev_positive"",""deterministic_value"":false,""ai_value"":false,""status"":""agreed_false"",""confidence"":1.0,""evidence_text"":""""},{""name"":""demand_storage_positive"",""deterministic_value"":false,""ai_value"":false,""status"":""agreed_false"",""confidence"":1.0,""evidence_text"":""""},{""name"":""demand_weak_or_price_war"",""deterministic_value"":false,""ai_value"":false,""status"":""agreed_false"",""confidence"":1.0,""evidence_text"":""""},{""name"":""inventory_drawdown"",""deterministic_value"":false,""ai_value"":false,""status"":""agreed_false"",""confidence"":1.0,""evidence_text"":""""},{""name"":""inventory_build"",""deterministic_value"":false,""ai_value"":false,""status"":""agreed_false"",""confidence"":1.0,""evidence_text"":""""},{""name"":""warehouse_receipt_decline"",""deterministic_value"":true,""ai_value"":true,""status"":""agreed_true"",""confidence"":1.0,""evidence_text"":""仓单减少824手""},{""name"":""warehouse_receipt_increase"",""deterministic_value"":false,""ai_value"":false,""status"":""agreed_false"",""confidence"":1.0,""evidence_text"":""""},{""name"":""policy_demand_support"",""deterministic_value"":false,""ai_value"":false,""status"":""agreed_false"",""confidence"":1.0,""evidence_text"":""""},{""name"":""import_supply_pressure"",""deterministic_value"":false,""ai_value"":false,""status"":""agreed_false"",""confidence"":1.0,""evidence_text"":""""},{""name"":""cost_support"",""deterministic_value"":false,""ai_value"":false,""status"":""agreed_false"",""confidence"":1.0,""evidence_text"":""""},{""name"":""delivery_pressure"",""deterministic_value"":false,""ai_value"":false,""status"":""agreed_false"",""confidence"":1.0,""evidence_text"":""""},{""name"":""authoritative_source"",""deterministic_value"":true,""ai_value"":true,""status"":""agreed_true"",""confidence"":1.0,""evidence_text"":""广州期货交易所""},{""name"":""quantitative_evidence"",""deterministic_value"":false,""ai_value"":true,""status"":""disputed"",""confidence"":1.0,""evidence_text"":""824手""},{""name"":""uncertainty_high"",""deterministic_value"":false,""ai_value"":false,""status"":""agreed_false"",""confidence"":1.0,""evidence_text"":""""}]",仓单减少824手,rift_rule_enhanced_llm,Qwen/Qwen2.5-0.5B-Instruct,local-c696048337e63e46
GFEX-WR-20250331,2025-03-31,bullish,0.6,0.0,0.8,5,"[{""rule_id"":""LC-BULL-01"",""target_label"":""bullish"",""conditions"":[""warehouse_receipt_decline""],""score"":0.16666666666666669,""coverage_positive"":0.2777777777777778,""coverage_negative"":0.1111111111111111,""support_documents"":12,""support_dates"":12,""status"":""qualified""},{""rule_id"":""LC-BULL-02"",""target_label"":""bullish"",""conditions"":[""warehouse_receipt_decline"",""authoritative_source""],""score"":0.16666666666666669,""coverage_positive"":0.2777777777777778,""coverage_negative"":0.1111111111111111,""support_documents"":12,""support_dates"":12,""status"":""qualified""},{""rule_id"":""LC-BEAR-03"",""target_label"":""bearish"",""conditions"":[""authoritative_source""],""score"":0.016666666666666607,""coverage_positive"":0.8222222222222222,""coverage_negative"":0.8055555555555556,""support_documents"":65,""support_dates"":63,""status"":""qualified""}]","[{""name"":""supply_disruption"",""deterministic_value"":false,""ai_value"":false,""status"":""agreed_false"",""confidence"":0.8,""evidence_text"":""""},{""name"":""supply_expansion"",""deterministic_value"":false,""ai_value"":false,""status"":""agreed_false"",""confidence"":0.8,""evidence_text"":""""},{""name"":""production_resumption"",""deterministic_value"":false,""ai_value"":false,""status"":""agreed_false"",""confidence"":0.8,""evidence_text"":""""},{""name"":""demand_ev_positive"",""deterministic_value"":false,""ai_value"":false,""status"":""agreed_false"",""confidence"":0.8,""evidence_text"":""""},{""name"":""demand_storage_positive"",""deterministic_value"":false,""ai_value"":false,""status"":""agreed_false"",""confidence"":0.8,""evidence_text"":""""},{""name"":""demand_weak_or_price_war"",""deterministic_value"":false,""ai_value"":false,""status"":""agreed_false"",""confidence"":0.8,""evidence_text"":""""},{""name"":""inventory_drawdown"",""deterministic_value"":false,""ai_value"":false,""status"":""agreed_false"",""confidence"":0.8,""evidence_text"":""""},{""name"":""inventory_build"",""deterministic_value"":false,""ai_value"":false,""status"":""agreed_false"",""confidence"":0.8,""evidence_text"":""""},{""name"":""warehouse_receipt_decline"",""deterministic_value"":true,""ai_value"":true,""status"":""agreed_true"",""confidence"":0.8,""evidence_text"":""仓单减少18027手""},{""name"":""warehouse_receipt_increase"",""deterministic_value"":false,""ai_value"":false,""status"":""agreed_false"",""confidence"":0.8,""evidence_text"":""""},{""name"":""policy_demand_support"",""deterministic_value"":false,""ai_value"":false,""status"":""agreed_false"",""confidence"":0.8,""evidence_text"":""""},{""name"":""import_supply_pressure"",""deterministic_value"":false,""ai_value"":false,""status"":""agreed_false"",""confidence"":0.8,""evidence_text"":""""},{""name"":""cost_support"",""deterministic_value"":false,""ai_value"":false,""status"":""agreed_false"",""confidence"":0.8,""evidence_text"":""""},{""name"":""delivery_pressure"",""deterministic_value"":false,""ai_value"":false,""status"":""agreed_false"",""confidence"":0.8,""evidence_text"":""""},{""name"":""authoritative_source"",""deterministic_value"":true,""ai_value"":true,""status"":""agreed_true"",""confidence"":0.8,""evidence_text"":""广州期货交易所""},{""name"":""quantitative_evidence"",""deterministic_value"":false,""ai_value"":true,""status"":""disputed"",""confidence"":0.8,""evidence_text"":""17755手""},{""name"":""uncertainty_high"",""deterministic_value"":false,""ai_value"":true,""status"":""disputed"",""confidence"":0.8,""evidence_text"":""减少""}]",仓单减少18027手,rift_rule_enhanced_llm,Qwen/Qwen2.5-0.5B-Instruct,local-6b50da99852b37f4
GFEX-WR-20250401,2025-04-01,bearish,-0.6,0.0,0.8,5,"[{""rule_id"":""LC-BEAR-01"",""target_label"":""bearish"",""conditions"":[""warehouse_receipt_increase""],""score"":0.033333333333333326,""coverage_positive"":0.6444444444444445,""coverage_negative"":0.6111111111111112,""support_documents"":51,""support_dates"":51,""status"":""qualified""},{""rule_id"":""LC-BEAR-02"",""target_label"":""bearish"",""conditions"":[""warehouse_receipt_increase"",""authoritative_source""],""score"":0.033333333333333326,""coverage_positive"":0.6444444444444445,""coverage_negative"":0.6111111111111112,""support_documents"":51,""support_dates"":51,""status"":""qualified""},{""rule_id"":""LC-BEAR-03"",""target_label"":""bearish"",""conditions"":[""authoritative_source""],""score"":0.016666666666666607,""coverage_positive"":0.8222222222222222,""coverage_negative"":0.8055555555555556,""support_documents"":65,""support_dates"":63,""status"":""qualified""}]","[{""name"":""supply_disruption"",""deterministic_value"":false,""ai_value"":false,""status"":""agreed_false"",""confidence"":0.8,""evidence_text"":""""},{""name"":""supply_expansion"",""deterministic_value"":false,""ai_value"":false,""status"":""agreed_false"",""confidence"":0.8,""evidence_text"":""""},{""name"":""production_resumption"",""deterministic_value"":false,""ai_value"":false,""status"":""agreed_false"",""confidence"":0.8,""evidence_text"":""""},{""name"":""demand_ev_positive"",""deterministic_value"":false,""ai_value"":false,""status"":""agreed_false"",""confidence"":0.8,""evidence_text"":""""},{""name"":""demand_storage_positive"",""deterministic_value"":false,""ai_value"":false,""status"":""agreed_false"",""confidence"":0.8,""evidence_text"":""""},{""name"":""demand_weak_or_price_war"",""deterministic_value"":false,""ai_value"":false,""status"":""agreed_false"",""confidence"":0.8,""evidence_text"":""""},{""name"":""inventory_drawdown"",""deterministic_value"":false,""ai_value"":false,""status"":""agreed_false"",""confidence"":0.8,""evidence_text"":""""},{""name"":""inventory_build"",""deterministic_value"":false,""ai_value"":false,""status"":""agreed_false"",""confidence"":0.8,""evidence_text"":""""},{""name"":""warehouse_receipt_decline"",""deterministic_value"":false,""ai_value"":false,""status"":""agreed_false"",""confidence"":0.8,""evidence_text"":""""},{""name"":""warehouse_receipt_increase"",""deterministic_value"":true,""ai_value"":true,""status"":""agreed_true"",""confidence"":0.8,""evidence_text"":""仓单增加1380手""},{""name"":""policy_demand_support"",""deterministic_value"":false,""ai_value"":false,""status"":""agreed_false"",""confidence"":0.8,""evidence_text"":""""},{""name"":""import_supply_pressure"",""deterministic_value"":false,""ai_value"":false,""status"":""agreed_false"",""confidence"":0.8,""evidence_text"":""""},{""name"":""cost_support"",""deterministic_value"":false,""ai_value"":false,""status"":""agreed_false"",""confidence"":0.8,""evidence_text"":""""},{""name"":""delivery_pressure"",""deterministic_value"":false,""ai_value"":false,""status"":""agreed_false"",""confidence"":0.8,""evidence_text"":""""},{""name"":""authoritative_source"",""deterministic_value"":true,""ai_value"":true,""status"":""agreed_true"",""confidence"":0.8,""evidence_text"":""广期所""},{""name"":""quantitative_evidence"",""deterministic_value"":false,""ai_value"":true,""status"":""disputed"",""confidence"":0.8,""evidence_text"":""1380手""},{""name"":""uncertainty_high"",""deterministic_value"":false,""ai_value"":false,""status"":""agreed_false"",""confidence"":0.8,""evidence_text"":""""}]",仓单增加1380手,rift_rule_enhanced_llm,Qwen/Qwen2.5-0.5B-Instruct,local-d097df39b99e6231
GFEX-WR-20250402,2025-04-02,bearish,-0.6,0.0,0.9,5,"[{""rule_id"":""LC-BEAR-01"",""target_label"":""bearish"",""conditions"":[""warehouse_receipt_increase""],""score"":0.033333333333333326,""coverage_positive"":0.6444444444444445,""coverage_negative"":0.6111111111111112,""support_documents"":51,""support_dates"":51,""status"":""qualified""},{""rule_id"":""LC-BEAR-02"",""target_label"":""bearish"",""conditions"":[""warehouse_receipt_increase"",""authoritative_source""],""score"":0.033333333333333326,""coverage_positive"":0.6444444444444445,""coverage_negative"":0.6111111111111112,""support_documents"":51,""support_dates"":51,""status"":""qualified""},{""rule_id"":""LC-BEAR-03"",""target_label"":""bearish"",""conditions"":[""authoritative_source""],""score"":0.016666666666666607,""coverage_positive"":0.8222222222222222,""coverage_negative"":0.8055555555555556,""support_documents"":65,""support_dates"":63,""status"":""qualified""}]","[{""name"":""supply_disruption"",""deterministic_value"":false,""ai_value"":false,""status"":""agreed_false"",""confidence"":0.9,""evidence_text"":""""},{""name"":""supply_expansion"",""deterministic_value"":false,""ai_value"":false,""status"":""agreed_false"",""confidence"":0.9,""evidence_text"":""""},{""name"":""production_resumption"",""deterministic_value"":false,""ai_value"":false,""status"":""agreed_false"",""confidence"":0.9,""evidence_text"":""""},{""name"":""demand_ev_positive"",""deterministic_value"":false,""ai_value"":false,""status"":""agreed_false"",""confidence"":0.9,""evidence_text"":""""},{""name"":""demand_storage_positive"",""deterministic_value"":false,""ai_value"":false,""status"":""agreed_false"",""confidence"":0.9,""evidence_text"":""""},{""name"":""demand_weak_or_price_war"",""deterministic_value"":false,""ai_value"":false,""status"":""agreed_false"",""confidence"":0.9,""evidence_text"":""""},{""name"":""inventory_drawdown"",""deterministic_value"":false,""ai_value"":false,""status"":""agreed_false"",""confidence"":0.9,""evidence_text"":""""},{""name"":""inventory_build"",""deterministic_value"":false,""ai_value"":false,""status"":""agreed_false"",""confidence"":0.9,""evidence_text"":""""},{""name"":""warehouse_receipt_decline"",""deterministic_value"":false,""ai_value"":false,""status"":""agreed_false"",""confidence"":0.9,""evidence_text"":""""},{""name"":""warehouse_receipt_increase"",""deterministic_value"":true,""ai_value"":true,""status"":""agreed_true"",""confidence"":0.9,""evidence_text"":""仓单增加2633手""},{""name"":""policy_demand_support"",""deterministic_value"":false,""ai_value"":false,""status"":""agreed_false"",""confidence"":0.9,""evidence_text"":""""},{""name"":""import_supply_pressure"",""deterministic_value"":false,""ai_value"":false,""status"":""agreed_false"",""confidence"":0.9,""evidence_text"":""""},{""name"":""cost_support"",""deterministic_value"":false,""ai_value"":false,""status"":""agreed_false"",""confidence"":0.9,""evidence_text"":""""},{""name"":""delivery_pressure"",""deterministic_value"":false,""ai_value"":false,""status"":""agreed_false"",""confidence"":0.9,""evidence_text"":""""},{""name"":""authoritative_source"",""deterministic_value"":true,""ai_value"":true,""status"":""agreed_true"",""confidence"":0.9,""evidence_text"":""广期所""},{""name"":""quantitative_evidence"",""deterministic_value"":false,""ai_value"":true,""status"":""disputed"",""confidence"":0.9,""evidence_text"":""2633手""},{""name"":""uncertainty_high"",""deterministic_value"":false,""ai_value"":false,""status"":""agreed_false"",""confidence"":0.9,""evidence_text"":""""}]",仓单增加2633手,rift_rule_enhanced_llm,Qwen/Qwen2.5-0.5B-Instruct,local-cb328335858e5d4e
GFEX-WR-20250403,2025-04-03,bearish,-0.6,0.0,1.0,5,"[{""rule_id"":""LC-BEAR-01"",""target_label"":""bearish"",""conditions"":[""warehouse_receipt_increase""],""score"":0.033333333333333326,""coverage_positive"":0.6444444444444445,""coverage_negative"":0.6111111111111112,""support_documents"":51,""support_dates"":51,""status"":""qualified""},{""rule_id"":""LC-BEAR-02"",""target_label"":""bearish"",""conditions"":[""warehouse_receipt_increase"",""authoritative_source""],""score"":0.033333333333333326,""coverage_positive"":0.6444444444444445,""coverage_negative"":0.6111111111111112,""support_documents"":51,""support_dates"":51,""status"":""qualified""},{""rule_id"":""LC-BEAR-03"",""target_label"":""bearish"",""conditions"":[""authoritative_source""],""score"":0.016666666666666607,""coverage_positive"":0.8222222222222222,""coverage_negative"":0.8055555555555556,""support_documents"":65,""support_dates"":63,""status"":""qualified""}]","[{""name"":""supply_disruption"",""deterministic_value"":false,""ai_value"":false,""status"":""agreed_false"",""confidence"":1.0,""evidence_text"":""""},{""name"":""supply_expansion"",""deterministic_value"":false,""ai_value"":false,""status"":""agreed_false"",""confidence"":1.0,""evidence_text"":""""},{""name"":""production_resumption"",""deterministic_value"":false,""ai_value"":false,""status"":""agreed_false"",""confidence"":1.0,""evidence_text"":""""},{""name"":""demand_ev_positive"",""deterministic_value"":false,""ai_value"":false,""status"":""agreed_false"",""confidence"":1.0,""evidence_text"":""""},{""name"":""demand_storage_positive"",""deterministic_value"":false,""ai_value"":false,""status"":""agreed_false"",""confidence"":1.0,""evidence_text"":""""},{""name"":""demand_weak_or_price_war"",""deterministic_value"":false,""ai_value"":false,""status"":""agreed_false"",""confidence"":1.0,""evidence_text"":""""},{""name"":""inventory_drawdown"",""deterministic_value"":false,""ai_value"":false,""status"":""agreed_false"",""confidence"":1.0,""evidence_text"":""""},{""name"":""inventory_build"",""deterministic_value"":false,""ai_value"":false,""status"":""agreed_false"",""confidence"":1.0,""evidence_text"":""""},{""name"":""warehouse_receipt_decline"",""deterministic_value"":false,""ai_value"":false,""status"":""agreed_false"",""confidence"":1.0,""evidence_text"":""""},{""name"":""warehouse_receipt_increase"",""deterministic_value"":true,""ai_value"":true,""status"":""agreed_true"",""confidence"":1.0,""evidence_text"":""仓单增加2835手""},{""name"":""policy_demand_support"",""deterministic_value"":false,""ai_value"":false,""status"":""agreed_false"",""confidence"":1.0,""evidence_text"":""""},{""name"":""import_supply_pressure"",""deterministic_value"":false,""ai_value"":false,""status"":""agreed_false"",""confidence"":1.0,""evidence_text"":""""},{""name"":""cost_support"",""deterministic_value"":false,""ai_value"":false,""status"":""agreed_false"",""confidence"":1.0,""evidence_text"":""""},{""name"":""delivery_pressure"",""deterministic_value"":false,""ai_value"":false,""status"":""agreed_false"",""confidence"":1.0,""evidence_text"":""""},{""name"":""authoritative_source"",""deterministic_value"":true,""ai_value"":true,""status"":""agreed_true"",""confidence"":1.0,""evidence_text"":""广期所""},{""name"":""quantitative_evidence"",""deterministic_value"":false,""ai_value"":true,""status"":""disputed"",""confidence"":1.0,""evidence_text"":""2835手""},{""name"":""uncertainty_high"",""deterministic_value"":false,""ai_value"":false,""status"":""agreed_false"",""confidence"":1.0,""evidence_text"":""""}]",仓单增加2835手,rift_rule_enhanced_llm,Qwen/Qwen2.5-0.5B-Instruct,local-046951c483321202
GFEX-WR-20250407,2025-04-07,bearish,-0.6,0.0,1.0,5,"[{""rule_id"":""LC-BEAR-01"",""target_label"":""bearish"",""conditions"":[""warehouse_receipt_increase""],""score"":0.033333333333333326,""coverage_positive"":0.6444444444444445,""coverage_negative"":0.6111111111111112,""support_documents"":51,""support_dates"":51,""status"":""qualified""},{""rule_id"":""LC-BEAR-02"",""target_label"":""bearish"",""conditions"":[""warehouse_receipt_increase"",""authoritative_source""],""score"":0.033333333333333326,""coverage_positive"":0.6444444444444445,""coverage_negative"":0.6111111111111112,""support_documents"":51,""support_dates"":51,""status"":""qualified""},{""rule_id"":""LC-BEAR-03"",""target_label"":""bearish"",""conditions"":[""authoritative_source""],""score"":0.016666666666666607,""coverage_positive"":0.8222222222222222,""coverage_negative"":0.8055555555555556,""support_documents"":65,""support_dates"":63,""status"":""qualified""}]","[{""name"":""supply_disruption"",""deterministic_value"":false,""ai_value"":false,""status"":""agreed_false"",""confidence"":1.0,""evidence_text"":""""},{""name"":""supply_expansion"",""deterministic_value"":false,""ai_value"":false,""status"":""agreed_false"",""confidence"":1.0,""evidence_text"":""""},{""name"":""production_resumption"",""deterministic_value"":false,""ai_value"":false,""status"":""agreed_false"",""confidence"":1.0,""evidence_text"":""""},{""name"":""demand_ev_positive"",""deterministic_value"":false,""ai_value"":false,""status"":""agreed_false"",""confidence"":1.0,""evidence_text"":""""},{""name"":""demand_storage_positive"",""deterministic_value"":false,""ai_value"":false,""status"":""agreed_false"",""confidence"":1.0,""evidence_text"":""""},{""name"":""demand_weak_or_price_war"",""deterministic_value"":false,""ai_value"":false,""status"":""agreed_false"",""confidence"":1.0,""evidence_text"":""""},{""name"":""inventory_drawdown"",""deterministic_value"":false,""ai_value"":false,""status"":""agreed_false"",""confidence"":1.0,""evidence_text"":""""},{""name"":""inventory_build"",""deterministic_value"":false,""ai_value"":false,""status"":""agreed_false"",""confidence"":1.0,""evidence_text"":""""},{""name"":""warehouse_receipt_decline"",""deterministic_value"":false,""ai_value"":false,""status"":""agreed_false"",""confidence"":1.0,""evidence_text"":""""},{""name"":""warehouse_receipt_increase"",""deterministic_value"":true,""ai_value"":true,""status"":""agreed_true"",""confidence"":1.0,""evidence_text"":""仓单增加2420手""},{""name"":""policy_demand_support"",""deterministic_value"":false,""ai_value"":false,""status"":""agreed_false"",""confidence"":1.0,""evidence_text"":""""},{""name"":""import_supply_pressure"",""deterministic_value"":false,""ai_value"":false,""status"":""agreed_false"",""confidence"":1.0,""evidence_text"":""""},{""name"":""cost_support"",""deterministic_value"":false,""ai_value"":false,""status"":""agreed_false"",""confidence"":1.0,""evidence_text"":""""},{""name"":""delivery_pressure"",""deterministic_value"":false,""ai_value"":false,""status"":""agreed_false"",""confidence"":1.0,""evidence_text"":""""},{""name"":""authoritative_source"",""deterministic_value"":true,""ai_value"":true,""status"":""agreed_true"",""confidence"":1.0,""evidence_text"":""广期所""},{""name"":""quantitative_evidence"",""deterministic_value"":false,""ai_value"":true,""status"":""disputed"",""confidence"":1.0,""evidence_text"":""2420手""},{""name"":""uncertainty_high"",""deterministic_value"":false,""ai_value"":false,""status"":""agreed_false"",""confidence"":1.0,""evidence_text"":""""}]",仓单增加2420手,rift_rule_enhanced_llm,Qwen/Qwen2.5-0.5B-Instruct,local-663c96366cfa143a
GFEX-WR-20250408,2025-04-08,bearish,-0.6,0.0,0.9,5,"[{""rule_id"":""LC-BEAR-01"",""target_label"":""bearish"",""conditions"":[""warehouse_receipt_increase""],""score"":0.033333333333333326,""coverage_positive"":0.6444444444444445,""coverage_negative"":0.6111111111111112,""support_documents"":51,""support_dates"":51,""status"":""qualified""},{""rule_id"":""LC-BEAR-02"",""target_label"":""bearish"",""conditions"":[""warehouse_receipt_increase"",""authoritative_source""],""score"":0.033333333333333326,""coverage_positive"":0.6444444444444445,""coverage_negative"":0.6111111111111112,""support_documents"":51,""support_dates"":51,""status"":""qualified""},{""rule_id"":""LC-BEAR-03"",""target_label"":""bearish"",""conditions"":[""authoritative_source""],""score"":0.016666666666666607,""coverage_positive"":0.8222222222222222,""coverage_negative"":0.8055555555555556,""support_documents"":65,""support_dates"":63,""status"":""qualified""}]","[{""name"":""supply_disruption"",""deterministic_value"":false,""ai_value"":false,""status"":""agreed_false"",""confidence"":0.9,""evidence_text"":""""},{""name"":""supply_expansion"",""deterministic_value"":false,""ai_value"":false,""status"":""agreed_false"",""confidence"":0.9,""evidence_text"":""""},{""name"":""production_resumption"",""deterministic_value"":false,""ai_value"":false,""status"":""agreed_false"",""confidence"":0.9,""evidence_text"":""""},{""name"":""demand_ev_positive"",""deterministic_value"":false,""ai_value"":false,""status"":""agreed_false"",""confidence"":0.9,""evidence_text"":""""},{""name"":""demand_storage_positive"",""deterministic_value"":false,""ai_value"":false,""status"":""agreed_false"",""confidence"":0.9,""evidence_text"":""""},{""name"":""demand_weak_or_price_war"",""deterministic_value"":false,""ai_value"":false,""status"":""agreed_false"",""confidence"":0.9,""evidence_text"":""""},{""name"":""inventory_drawdown"",""deterministic_value"":false,""ai_value"":false,""status"":""agreed_false"",""confidence"":0.9,""evidence_text"":""""},{""name"":""inventory_build"",""deterministic_value"":false,""ai_value"":false,""status"":""agreed_false"",""confidence"":0.9,""evidence_text"":""""},{""name"":""warehouse_receipt_decline"",""deterministic_value"":false,""ai_value"":false,""status"":""agreed_false"",""confidence"":0.9,""evidence_text"":""""},{""name"":""warehouse_receipt_increase"",""deterministic_value"":true,""ai_value"":true,""status"":""agreed_true"",""confidence"":0.9,""evidence_text"":""仓单增加1380手""},{""name"":""policy_demand_support"",""deterministic_value"":false,""ai_value"":false,""status"":""agreed_false"",""confidence"":0.9,""evidence_text"":""""},{""name"":""import_supply_pressure"",""deterministic_value"":false,""ai_value"":false,""status"":""agreed_false"",""confidence"":0.9,""evidence_text"":""""},{""name"":""cost_support"",""deterministic_value"":false,""ai_value"":false,""status"":""agreed_false"",""confidence"":0.9,""evidence_text"":""""},{""name"":""delivery_pressure"",""deterministic_value"":false,""ai_value"":false,""status"":""agreed_false"",""confidence"":0.9,""evidence_text"":""""},{""name"":""authoritative_source"",""deterministic_value"":true,""ai_value"":true,""status"":""agreed_true"",""confidence"":0.9,""evidence_text"":""广期所""},{""name"":""quantitative_evidence"",""deterministic_value"":false,""ai_value"":true,""status"":""disputed"",""confidence"":0.9,""evidence_text"":""1380手""},{""name"":""uncertainty_high"",""deterministic_value"":false,""ai_value"":false,""status"":""agreed_false"",""confidence"":0.9,""evidence_text"":""""}]",仓单增加1380手,rift_rule_enhanced_llm,Qwen/Qwen2.5-0.5B-Instruct,local-63c48494ffd334fa
GFEX-WR-20250421,2025-04-21,neutral,-0.0,0.0,0.8,5,"[{""rule_id"":""LC-BEAR-01"",""target_label"":""bearish"",""conditions"":[""warehouse_receipt_increase""],""score"":0.033333333333333326,""coverage_positive"":0.6444444444444445,""coverage_negative"":0.6111111111111112,""support_documents"":51,""support_dates"":51,""status"":""qualified""},{""rule_id"":""LC-BEAR-02"",""target_label"":""bearish"",""conditions"":[""warehouse_receipt_increase"",""authoritative_source""],""score"":0.033333333333333326,""coverage_positive"":0.6444444444444445,""coverage_negative"":0.6111111111111112,""support_documents"":51,""support_dates"":51,""status"":""qualified""},{""rule_id"":""LC-BEAR-03"",""target_label"":""bearish"",""conditions"":[""authoritative_source""],""score"":0.016666666666666607,""coverage_positive"":0.8222222222222222,""coverage_negative"":0.8055555555555556,""support_documents"":65,""support_dates"":63,""status"":""qualified""}]","[{""name"":""supply_disruption"",""deterministic_value"":false,""ai_value"":false,""status"":""agreed_false"",""confidence"":0.8,""evidence_text"":""""},{""name"":""supply_expansion"",""deterministic_value"":false,""ai_value"":false,""status"":""agreed_false"",""confidence"":0.8,""evidence_text"":""""},{""name"":""production_resumption"",""deterministic_value"":false,""ai_value"":false,""status"":""agreed_false"",""confidence"":0.8,""evidence_text"":""""},{""name"":""demand_ev_positive"",""deterministic_value"":false,""ai_value"":false,""status"":""agreed_false"",""confidence"":0.8,""evidence_text"":""""},{""name"":""demand_storage_positive"",""deterministic_value"":false,""ai_value"":false,""status"":""agreed_false"",""confidence"":0.8,""evidence_text"":""""},{""name"":""demand_weak_or_price_war"",""deterministic_value"":false,""ai_value"":false,""status"":""agreed_false"",""confidence"":0.8,""evidence_text"":""""},{""name"":""inventory_drawdown"",""deterministic_value"":false,""ai_value"":false,""status"":""agreed_false"",""confidence"":0.8,""evidence_text"":""""},{""name"":""inventory_build"",""deterministic_value"":false,""ai_value"":false,""status"":""agreed_false"",""confidence"":0.8,""evidence_text"":""""},{""name"":""warehouse_receipt_decline"",""deterministic_value"":false,""ai_value"":false,""status"":""agreed_false"",""confidence"":0.8,""evidence_text"":""""},{""name"":""warehouse_receipt_increase"",""deterministic_value"":true,""ai_value"":true,""status"":""agreed_true"",""confidence"":0.8,""evidence_text"":""仓单增加883手""},{""name"":""policy_demand_support"",""deterministic_value"":false,""ai_value"":false,""status"":""agreed_false"",""confidence"":0.8,""evidence_text"":""""},{""name"":""import_supply_pressure"",""deterministic_value"":false,""ai_value"":false,""status"":""agreed_false"",""confidence"":0.8,""evidence_text"":""""},{""name"":""cost_support"",""deterministic_value"":false,""ai_value"":false,""status"":""agreed_false"",""confidence"":0.8,""evidence_text"":""""},{""name"":""delivery_pressure"",""deterministic_value"":false,""ai_value"":false,""status"":""agreed_false"",""confidence"":0.8,""evidence_text"":""""},{""name"":""authoritative_source"",""deterministic_value"":true,""ai_value"":true,""status"":""agreed_true"",""confidence"":0.8,""evidence_text"":""广期所""},{""name"":""quantitative_evidence"",""deterministic_value"":false,""ai_value"":true,""status"":""disputed"",""confidence"":0.8,""evidence_text"":""883手""},{""name"":""uncertainty_high"",""deterministic_value"":false,""ai_value"":false,""status"":""agreed_false"",""confidence"":0.8,""evidence_text"":""""}]",仓单增加883手,rift_rule_enhanced_llm,Qwen/Qwen2.5-0.5B-Instruct,local-bc4937deb4338a73
GFEX-WR-20250422,2025-04-22,neutral,-0.0,0.0,0.8,5,"[{""rule_id"":""LC-BEAR-01"",""target_label"":""bearish"",""conditions"":[""warehouse_receipt_increase""],""score"":0.033333333333333326,""coverage_positive"":0.6444444444444445,""coverage_negative"":0.6111111111111112,""support_documents"":51,""support_dates"":51,""status"":""qualified""},{""rule_id"":""LC-BEAR-02"",""target_label"":""bearish"",""conditions"":[""warehouse_receipt_increase"",""authoritative_source""],""score"":0.033333333333333326,""coverage_positive"":0.6444444444444445,""coverage_negative"":0.6111111111111112,""support_documents"":51,""support_dates"":51,""status"":""qualified""},{""rule_id"":""LC-BEAR-03"",""target_label"":""bearish"",""conditions"":[""authoritative_source""],""score"":0.016666666666666607,""coverage_positive"":0.8222222222222222,""coverage_negative"":0.8055555555555556,""support_documents"":65,""support_dates"":63,""status"":""qualified""}]","[{""name"":""supply_disruption"",""deterministic_value"":false,""ai_value"":false,""status"":""agreed_false"",""confidence"":0.8,""evidence_text"":""""},{""name"":""supply_expansion"",""deterministic_value"":false,""ai_value"":false,""status"":""agreed_false"",""confidence"":0.8,""evidence_text"":""""},{""name"":""production_resumption"",""deterministic_value"":false,""ai_value"":false,""status"":""agreed_false"",""confidence"":0.8,""evidence_text"":""""},{""name"":""demand_ev_positive"",""deterministic_value"":false,""ai_value"":false,""status"":""agreed_false"",""confidence"":0.8,""evidence_text"":""""},{""name"":""demand_storage_positive"",""deterministic_value"":false,""ai_value"":false,""status"":""agreed_false"",""confidence"":0.8,""evidence_text"":""""},{""name"":""demand_weak_or_price_war"",""deterministic_value"":false,""ai_value"":false,""status"":""agreed_false"",""confidence"":0.8,""evidence_text"":""""},{""name"":""inventory_drawdown"",""deterministic_value"":false,""ai_value"":false,""status"":""agreed_false"",""confidence"":0.8,""evidence_text"":""""},{""name"":""inventory_build"",""deterministic_value"":false,""ai_value"":false,""status"":""agreed_false"",""confidence"":0.8,""evidence_text"":""""},{""name"":""warehouse_receipt_decline"",""deterministic_value"":false,""ai_value"":false,""status"":""agreed_false"",""confidence"":0.8,""evidence_text"":""""},{""name"":""warehouse_receipt_increase"",""deterministic_value"":true,""ai_value"":true,""status"":""agreed_true"",""confidence"":0.8,""evidence_text"":""仓单增加940手""},{""name"":""policy_demand_support"",""deterministic_value"":false,""ai_value"":false,""status"":""agreed_false"",""confidence"":0.8,""evidence_text"":""""},{""name"":""import_supply_pressure"",""deterministic_value"":false,""ai_value"":false,""status"":""agreed_false"",""confidence"":0.8,""evidence_text"":""""},{""name"":""cost_support"",""deterministic_value"":false,""ai_value"":false,""status"":""agreed_false"",""confidence"":0.8,""evidence_text"":""""},{""name"":""delivery_pressure"",""deterministic_value"":false,""ai_value"":false,""status"":""agreed_false"",""confidence"":0.8,""evidence_text"":""""},{""name"":""authoritative_source"",""deterministic_value"":true,""ai_value"":true,""status"":""agreed_true"",""confidence"":0.8,""evidence_text"":""广期所""},{""name"":""quantitative_evidence"",""deterministic_value"":false,""ai_value"":true,""status"":""disputed"",""confidence"":0.8,""evidence_text"":""940手""},{""name"":""uncertainty_high"",""deterministic_value"":false,""ai_value"":false,""status"":""agreed_false"",""confidence"":0.8,""evidence_text"":""""}]",仓单增加940手,rift_rule_enhanced_llm,Qwen/Qwen2.5-0.5B-Instruct,local-f8d801b877ce8fd4
GFEX-WR-20250428,2025-04-28,bearish,-0.6,0.0,0.9,5,"[{""rule_id"":""LC-BEAR-01"",""target_label"":""bearish"",""conditions"":[""warehouse_receipt_increase""],""score"":0.033333333333333326,""coverage_positive"":0.6444444444444445,""coverage_negative"":0.6111111111111112,""support_documents"":51,""support_dates"":51,""status"":""qualified""},{""rule_id"":""LC-BEAR-02"",""target_label"":""bearish"",""conditions"":[""warehouse_receipt_increase"",""authoritative_source""],""score"":0.033333333333333326,""coverage_positive"":0.6444444444444445,""coverage_negative"":0.6111111111111112,""support_documents"":51,""support_dates"":51,""status"":""qualified""},{""rule_id"":""LC-BEAR-03"",""target_label"":""bearish"",""conditions"":[""authoritative_source""],""score"":0.016666666666666607,""coverage_positive"":0.8222222222222222,""coverage_negative"":0.8055555555555556,""support_documents"":65,""support_dates"":63,""status"":""qualified""}]","[{""name"":""supply_disruption"",""deterministic_value"":false,""ai_value"":false,""status"":""agreed_false"",""confidence"":0.9,""evidence_text"":""""},{""name"":""supply_expansion"",""deterministic_value"":false,""ai_value"":false,""status"":""agreed_false"",""confidence"":0.9,""evidence_text"":""""},{""name"":""production_resumption"",""deterministic_value"":false,""ai_value"":false,""status"":""agreed_false"",""confidence"":0.9,""evidence_text"":""""},{""name"":""demand_ev_positive"",""deterministic_value"":false,""ai_value"":false,""status"":""agreed_false"",""confidence"":0.9,""evidence_text"":""""},{""name"":""demand_storage_positive"",""deterministic_value"":false,""ai_value"":false,""status"":""agreed_false"",""confidence"":0.9,""evidence_text"":""""},{""name"":""demand_weak_or_price_war"",""deterministic_value"":false,""ai_value"":false,""status"":""agreed_false"",""confidence"":0.9,""evidence_text"":""""},{""name"":""inventory_drawdown"",""deterministic_value"":false,""ai_value"":false,""status"":""agreed_false"",""confidence"":0.9,""evidence_text"":""""},{""name"":""inventory_build"",""deterministic_value"":false,""ai_value"":false,""status"":""agreed_false"",""confidence"":0.9,""evidence_text"":""""},{""name"":""warehouse_receipt_decline"",""deterministic_value"":false,""ai_value"":false,""status"":""agreed_false"",""confidence"":0.9,""evidence_text"":""""},{""name"":""warehouse_receipt_increase"",""deterministic_value"":true,""ai_value"":true,""status"":""agreed_true"",""confidence"":0.9,""evidence_text"":""仓单增加1052手""},{""name"":""policy_demand_support"",""deterministic_value"":false,""ai_value"":false,""status"":""agreed_false"",""confidence"":0.9,""evidence_text"":""""},{""name"":""import_supply_pressure"",""deterministic_value"":false,""ai_value"":false,""status"":""agreed_false"",""confidence"":0.9,""evidence_text"":""""},{""name"":""cost_support"",""deterministic_value"":false,""ai_value"":false,""status"":""agreed_false"",""confidence"":0.9,""evidence_text"":""""},{""name"":""delivery_pressure"",""deterministic_value"":false,""ai_value"":false,""status"":""agreed_false"",""confidence"":0.9,""evidence_text"":""""},{""name"":""authoritative_source"",""deterministic_value"":true,""ai_value"":true,""status"":""agreed_true"",""confidence"":0.9,""evidence_text"":""广期所""},{""name"":""quantitative_evidence"",""deterministic_value"":false,""ai_value"":true,""status"":""disputed"",""confidence"":0.9,""evidence_text"":""32847手""},{""name"":""uncertainty_high"",""deterministic_value"":false,""ai_value"":true,""status"":""disputed"",""confidence"":0.9,""evidence_text"":""增加1052手""}]",仓单增加1052手,rift_rule_enhanced_llm,Qwen/Qwen2.5-0.5B-Instruct,local-3ebb511370b015f2
GFEX-WR-20250506,2025-05-06,bearish,-0.6,0.0,0.8,5,"[{""rule_id"":""LC-BEAR-01"",""target_label"":""bearish"",""conditions"":[""warehouse_receipt_increase""],""score"":0.033333333333333326,""coverage_positive"":0.6444444444444445,""coverage_negative"":0.6111111111111112,""support_documents"":51,""support_dates"":51,""status"":""qualified""},{""rule_id"":""LC-BEAR-02"",""target_label"":""bearish"",""conditions"":[""warehouse_receipt_increase"",""authoritative_source""],""score"":0.033333333333333326,""coverage_positive"":0.6444444444444445,""coverage_negative"":0.6111111111111112,""support_documents"":51,""support_dates"":51,""status"":""qualified""},{""rule_id"":""LC-BEAR-03"",""target_label"":""bearish"",""conditions"":[""authoritative_source""],""score"":0.016666666666666607,""coverage_positive"":0.8222222222222222,""coverage_negative"":0.8055555555555556,""support_documents"":65,""support_dates"":63,""status"":""qualified""}]","[{""name"":""supply_disruption"",""deterministic_value"":false,""ai_value"":false,""status"":""agreed_false"",""confidence"":0.8,""evidence_text"":""""},{""name"":""supply_expansion"",""deterministic_value"":false,""ai_value"":false,""status"":""agreed_false"",""confidence"":0.8,""evidence_text"":""""},{""name"":""production_resumption"",""deterministic_value"":false,""ai_value"":false,""status"":""agreed_false"",""confidence"":0.8,""evidence_text"":""""},{""name"":""demand_ev_positive"",""deterministic_value"":false,""ai_value"":false,""status"":""agreed_false"",""confidence"":0.8,""evidence_text"":""""},{""name"":""demand_storage_positive"",""deterministic_value"":false,""ai_value"":false,""status"":""agreed_false"",""confidence"":0.8,""evidence_text"":""""},{""name"":""demand_weak_or_price_war"",""deterministic_value"":false,""ai_value"":false,""status"":""agreed_false"",""confidence"":0.8,""evidence_text"":""""},{""name"":""inventory_drawdown"",""deterministic_value"":false,""ai_value"":false,""status"":""agreed_false"",""confidence"":0.8,""evidence_text"":""""},{""name"":""inventory_build"",""deterministic_value"":false,""ai_value"":false,""status"":""agreed_false"",""confidence"":0.8,""evidence_text"":""""},{""name"":""warehouse_receipt_decline"",""deterministic_value"":false,""ai_value"":false,""status"":""agreed_false"",""confidence"":0.8,""evidence_text"":""""},{""name"":""warehouse_receipt_increase"",""deterministic_value"":true,""ai_value"":true,""status"":""agreed_true"",""confidence"":0.8,""evidence_text"":""仓单增加1759手""},{""name"":""policy_demand_support"",""deterministic_value"":false,""ai_value"":false,""status"":""agreed_false"",""confidence"":0.8,""evidence_text"":""""},{""name"":""import_supply_pressure"",""deterministic_value"":false,""ai_value"":false,""status"":""agreed_false"",""confidence"":0.8,""evidence_text"":""""},{""name"":""cost_support"",""deterministic_value"":false,""ai_value"":false,""status"":""agreed_false"",""confidence"":0.8,""evidence_text"":""""},{""name"":""delivery_pressure"",""deterministic_value"":false,""ai_value"":false,""status"":""agreed_false"",""confidence"":0.8,""evidence_text"":""""},{""name"":""authoritative_source"",""deterministic_value"":true,""ai_value"":true,""status"":""agreed_true"",""confidence"":0.8,""evidence_text"":""广期所""},{""name"":""quantitative_evidence"",""deterministic_value"":false,""ai_value"":true,""status"":""disputed"",""confidence"":0.8,""evidence_text"":""35236手""},{""name"":""uncertainty_high"",""deterministic_value"":false,""ai_value"":false,""status"":""agreed_false"",""confidence"":0.8,""evidence_text"":""""}]",仓单增加1759手,rift_rule_enhanced_llm,Qwen/Qwen2.5-0.5B-Instruct,local-f9c3de75b0654990
GFEX-WR-20250507,2025-05-07,bearish,-0.6,0.0,0.9,5,"[{""rule_id"":""LC-BEAR-01"",""target_label"":""bearish"",""conditions"":[""warehouse_receipt_increase""],""score"":0.033333333333333326,""coverage_positive"":0.6444444444444445,""coverage_negative"":0.6111111111111112,""support_documents"":51,""support_dates"":51,""status"":""qualified""},{""rule_id"":""LC-BEAR-02"",""target_label"":""bearish"",""conditions"":[""warehouse_receipt_increase"",""authoritative_source""],""score"":0.033333333333333326,""coverage_positive"":0.6444444444444445,""coverage_negative"":0.6111111111111112,""support_documents"":51,""support_dates"":51,""status"":""qualified""},{""rule_id"":""LC-BEAR-03"",""target_label"":""bearish"",""conditions"":[""authoritative_source""],""score"":0.016666666666666607,""coverage_positive"":0.8222222222222222,""coverage_negative"":0.8055555555555556,""support_documents"":65,""support_dates"":63,""status"":""qualified""}]","[{""name"":""supply_disruption"",""deterministic_value"":false,""ai_value"":false,""status"":""agreed_false"",""confidence"":0.9,""evidence_text"":""""},{""name"":""supply_expansion"",""deterministic_value"":false,""ai_value"":false,""status"":""agreed_false"",""confidence"":0.9,""evidence_text"":""""},{""name"":""production_resumption"",""deterministic_value"":false,""ai_value"":false,""status"":""agreed_false"",""confidence"":0.9,""evidence_text"":""""},{""name"":""demand_ev_positive"",""deterministic_value"":false,""ai_value"":false,""status"":""agreed_false"",""confidence"":0.9,""evidence_text"":""""},{""name"":""demand_storage_positive"",""deterministic_value"":false,""ai_value"":false,""status"":""agreed_false"",""confidence"":0.9,""evidence_text"":""""},{""name"":""demand_weak_or_price_war"",""deterministic_value"":false,""ai_value"":false,""status"":""agreed_false"",""confidence"":0.9,""evidence_text"":""""},{""name"":""inventory_drawdown"",""deterministic_value"":false,""ai_value"":false,""status"":""agreed_false"",""confidence"":0.9,""evidence_text"":""""},{""name"":""inventory_build"",""deterministic_value"":false,""ai_value"":false,""status"":""agreed_false"",""confidence"":0.9,""evidence_text"":""""},{""name"":""warehouse_receipt_decline"",""deterministic_value"":false,""ai_value"":false,""status"":""agreed_false"",""confidence"":0.9,""evidence_text"":""""},{""name"":""warehouse_receipt_increase"",""deterministic_value"":true,""ai_value"":true,""status"":""agreed_true"",""confidence"":0.9,""evidence_text"":""仓单增加1008手""},{""name"":""policy_demand_support"",""deterministic_value"":false,""ai_value"":false,""status"":""agreed_false"",""confidence"":0.9,""evidence_text"":""""},{""name"":""import_supply_pressure"",""deterministic_value"":false,""ai_value"":false,""status"":""agreed_false"",""confidence"":0.9,""evidence_text"":""""},{""name"":""cost_support"",""deterministic_value"":false,""ai_value"":false,""status"":""agreed_false"",""confidence"":0.9,""evidence_text"":""""},{""name"":""delivery_pressure"",""deterministic_value"":false,""ai_value"":false,""status"":""agreed_false"",""confidence"":0.9,""evidence_text"":""""},{""name"":""authoritative_source"",""deterministic_value"":true,""ai_value"":true,""status"":""agreed_true"",""confidence"":0.9,""evidence_text"":""广期所""},{""name"":""quantitative_evidence"",""deterministic_value"":false,""ai_value"":true,""status"":""disputed"",""confidence"":0.9,""evidence_text"":""1008手""},{""name"":""uncertainty_high"",""deterministic_value"":false,""ai_value"":false,""status"":""agreed_false"",""confidence"":0.9,""evidence_text"":""""}]",仓单增加1008手,rift_rule_enhanced_llm,Qwen/Qwen2.5-0.5B-Instruct,local-975e537d6b347f46
GFEX-WR-20250527,2025-05-27,bullish,0.6,0.0,1.0,5,"[{""rule_id"":""LC-BULL-01"",""target_label"":""bullish"",""conditions"":[""warehouse_receipt_decline""],""score"":0.16666666666666669,""coverage_positive"":0.2777777777777778,""coverage_negative"":0.1111111111111111,""support_documents"":12,""support_dates"":12,""status"":""qualified""},{""rule_id"":""LC-BULL-02"",""target_label"":""bullish"",""conditions"":[""warehouse_receipt_decline"",""authoritative_source""],""score"":0.16666666666666669,""coverage_positive"":0.2777777777777778,""coverage_negative"":0.1111111111111111,""support_documents"":12,""support_dates"":12,""status"":""qualified""},{""rule_id"":""LC-BEAR-03"",""target_label"":""bearish"",""conditions"":[""authoritative_source""],""score"":0.016666666666666607,""coverage_positive"":0.8222222222222222,""coverage_negative"":0.8055555555555556,""support_documents"":65,""support_dates"":63,""status"":""qualified""}]","[{""name"":""supply_disruption"",""deterministic_value"":false,""ai_value"":false,""status"":""agreed_false"",""confidence"":1.0,""evidence_text"":""""},{""name"":""supply_expansion"",""deterministic_value"":false,""ai_value"":false,""status"":""agreed_false"",""confidence"":1.0,""evidence_text"":""""},{""name"":""production_resumption"",""deterministic_value"":false,""ai_value"":false,""status"":""agreed_false"",""confidence"":1.0,""evidence_text"":""""},{""name"":""demand_ev_positive"",""deterministic_value"":false,""ai_value"":false,""status"":""agreed_false"",""confidence"":1.0,""evidence_text"":""""},{""name"":""demand_storage_positive"",""deterministic_value"":false,""ai_value"":false,""status"":""agreed_false"",""confidence"":1.0,""evidence_text"":""""},{""name"":""demand_weak_or_price_war"",""deterministic_value"":false,""ai_value"":false,""status"":""agreed_false"",""confidence"":1.0,""evidence_text"":""""},{""name"":""inventory_drawdown"",""deterministic_value"":false,""ai_value"":false,""status"":""agreed_false"",""confidence"":1.0,""evidence_text"":""""},{""name"":""inventory_build"",""deterministic_value"":false,""ai_value"":false,""status"":""agreed_false"",""confidence"":1.0,""evidence_text"":""""},{""name"":""warehouse_receipt_decline"",""deterministic_value"":true,""ai_value"":true,""status"":""agreed_true"",""confidence"":1.0,""evidence_text"":""仓单减少825手""},{""name"":""warehouse_receipt_increase"",""deterministic_value"":false,""ai_value"":false,""status"":""agreed_false"",""confidence"":1.0,""evidence_text"":""""},{""name"":""policy_demand_support"",""deterministic_value"":false,""ai_value"":false,""status"":""agreed_false"",""confidence"":1.0,""evidence_text"":""""},{""name"":""import_supply_pressure"",""deterministic_value"":false,""ai_value"":false,""status"":""agreed_false"",""confidence"":1.0,""evidence_text"":""""},{""name"":""cost_support"",""deterministic_value"":false,""ai_value"":false,""status"":""agreed_false"",""confidence"":1.0,""evidence_text"":""""},{""name"":""delivery_pressure"",""deterministic_value"":false,""ai_value"":false,""status"":""agreed_false"",""confidence"":1.0,""evidence_text"":""""},{""name"":""authoritative_source"",""deterministic_value"":true,""ai_value"":true,""status"":""agreed_true"",""confidence"":1.0,""evidence_text"":""广州期货交易所""},{""name"":""quantitative_evidence"",""deterministic_value"":false,""ai_value"":true,""status"":""disputed"",""confidence"":1.0,""evidence_text"":""34154手""},{""name"":""uncertainty_high"",""deterministic_value"":false,""ai_value"":true,""status"":""disputed"",""confidence"":1.0,""evidence_text"":""减少825手""}]",仓单减少825手,rift_rule_enhanced_llm,Qwen/Qwen2.5-0.5B-Instruct,local-0baf45cea2752283
GFEX-WR-20250618,2025-06-18,bullish,0.6,0.0,1.0,5,"[{""rule_id"":""LC-BULL-01"",""target_label"":""bullish"",""conditions"":[""warehouse_receipt_decline""],""score"":0.16666666666666669,""coverage_positive"":0.2777777777777778,""coverage_negative"":0.1111111111111111,""support_documents"":12,""support_dates"":12,""status"":""qualified""},{""rule_id"":""LC-BULL-02"",""target_label"":""bullish"",""conditions"":[""warehouse_receipt_decline"",""authoritative_source""],""score"":0.16666666666666669,""coverage_positive"":0.2777777777777778,""coverage_negative"":0.1111111111111111,""support_documents"":12,""support_dates"":12,""status"":""qualified""},{""rule_id"":""LC-BEAR-03"",""target_label"":""bearish"",""conditions"":[""authoritative_source""],""score"":0.016666666666666607,""coverage_positive"":0.8222222222222222,""coverage_negative"":0.8055555555555556,""support_documents"":65,""support_dates"":63,""status"":""qualified""}]","[{""name"":""supply_disruption"",""deterministic_value"":false,""ai_value"":false,""status"":""agreed_false"",""confidence"":1.0,""evidence_text"":""""},{""name"":""supply_expansion"",""deterministic_value"":false,""ai_value"":false,""status"":""agreed_false"",""confidence"":1.0,""evidence_text"":""""},{""name"":""production_resumption"",""deterministic_value"":false,""ai_value"":false,""status"":""agreed_false"",""confidence"":1.0,""evidence_text"":""""},{""name"":""demand_ev_positive"",""deterministic_value"":false,""ai_value"":false,""status"":""agreed_false"",""confidence"":1.0,""evidence_text"":""""},{""name"":""demand_storage_positive"",""deterministic_value"":false,""ai_value"":false,""status"":""agreed_false"",""confidence"":1.0,""evidence_text"":""""},{""name"":""demand_weak_or_price_war"",""deterministic_value"":false,""ai_value"":false,""status"":""agreed_false"",""confidence"":1.0,""evidence_text"":""""},{""name"":""inventory_drawdown"",""deterministic_value"":false,""ai_value"":false,""status"":""agreed_false"",""confidence"":1.0,""evidence_text"":""""},{""name"":""inventory_build"",""deterministic_value"":false,""ai_value"":false,""status"":""agreed_false"",""confidence"":1.0,""evidence_text"":""""},{""name"":""warehouse_receipt_decline"",""deterministic_value"":true,""ai_value"":true,""status"":""agreed_true"",""confidence"":1.0,""evidence_text"":""仓单减少1746手""},{""name"":""warehouse_receipt_increase"",""deterministic_value"":false,""ai_value"":false,""status"":""agreed_false"",""confidence"":1.0,""evidence_text"":""""},{""name"":""policy_demand_support"",""deterministic_value"":false,""ai_value"":false,""status"":""agreed_false"",""confidence"":1.0,""evidence_text"":""""},{""name"":""import_supply_pressure"",""deterministic_value"":false,""ai_value"":false,""status"":""agreed_false"",""confidence"":1.0,""evidence_text"":""""},{""name"":""cost_support"",""deterministic_value"":false,""ai_value"":false,""status"":""agreed_false"",""confidence"":1.0,""evidence_text"":""""},{""name"":""delivery_pressure"",""deterministic_value"":false,""ai_value"":false,""status"":""agreed_false"",""confidence"":1.0,""evidence_text"":""""},{""name"":""authoritative_source"",""deterministic_value"":true,""ai_value"":true,""status"":""agreed_true"",""confidence"":1.0,""evidence_text"":""广州期货交易所""},{""name"":""quantitative_evidence"",""deterministic_value"":false,""ai_value"":true,""status"":""disputed"",""confidence"":1.0,""evidence_text"":""1746手""},{""name"":""uncertainty_high"",""deterministic_value"":false,""ai_value"":false,""status"":""agreed_false"",""confidence"":1.0,""evidence_text"":""""}]",仓单减少1746手,rift_rule_enhanced_llm,Qwen/Qwen2.5-0.5B-Instruct,local-3a9feab4338bd668
GFEX-WR-20250620,2025-06-20,bullish,0.6,0.0,1.0,5,"[{""rule_id"":""LC-BULL-01"",""target_label"":""bullish"",""conditions"":[""warehouse_receipt_decline""],""score"":0.16666666666666669,""coverage_positive"":0.2777777777777778,""coverage_negative"":0.1111111111111111,""support_documents"":12,""support_dates"":12,""status"":""qualified""},{""rule_id"":""LC-BULL-02"",""target_label"":""bullish"",""conditions"":[""warehouse_receipt_decline"",""authoritative_source""],""score"":0.16666666666666669,""coverage_positive"":0.2777777777777778,""coverage_negative"":0.1111111111111111,""support_documents"":12,""support_dates"":12,""status"":""qualified""},{""rule_id"":""LC-BEAR-03"",""target_label"":""bearish"",""conditions"":[""authoritative_source""],""score"":0.016666666666666607,""coverage_positive"":0.8222222222222222,""coverage_negative"":0.8055555555555556,""support_documents"":65,""support_dates"":63,""status"":""qualified""}]","[{""name"":""supply_disruption"",""deterministic_value"":false,""ai_value"":false,""status"":""agreed_false"",""confidence"":1.0,""evidence_text"":""""},{""name"":""supply_expansion"",""deterministic_value"":false,""ai_value"":false,""status"":""agreed_false"",""confidence"":1.0,""evidence_text"":""""},{""name"":""production_resumption"",""deterministic_value"":false,""ai_value"":false,""status"":""agreed_false"",""confidence"":1.0,""evidence_text"":""""},{""name"":""demand_ev_positive"",""deterministic_value"":false,""ai_value"":false,""status"":""agreed_false"",""confidence"":1.0,""evidence_text"":""""},{""name"":""demand_storage_positive"",""deterministic_value"":false,""ai_value"":false,""status"":""agreed_false"",""confidence"":1.0,""evidence_text"":""""},{""name"":""demand_weak_or_price_war"",""deterministic_value"":false,""ai_value"":false,""status"":""agreed_false"",""confidence"":1.0,""evidence_text"":""""},{""name"":""inventory_drawdown"",""deterministic_value"":false,""ai_value"":false,""status"":""agreed_false"",""confidence"":1.0,""evidence_text"":""""},{""name"":""inventory_build"",""deterministic_value"":false,""ai_value"":false,""status"":""agreed_false"",""confidence"":1.0,""evidence_text"":""""},{""name"":""warehouse_receipt_decline"",""deterministic_value"":true,""ai_value"":true,""status"":""agreed_true"",""confidence"":1.0,""evidence_text"":""仓单减少2164手""},{""name"":""warehouse_receipt_increase"",""deterministic_value"":false,""ai_value"":false,""status"":""agreed_false"",""confidence"":1.0,""evidence_text"":""""},{""name"":""policy_demand_support"",""deterministic_value"":false,""ai_value"":false,""status"":""agreed_false"",""confidence"":1.0,""evidence_text"":""""},{""name"":""import_supply_pressure"",""deterministic_value"":false,""ai_value"":false,""status"":""agreed_false"",""confidence"":1.0,""evidence_text"":""""},{""name"":""cost_support"",""deterministic_value"":false,""ai_value"":false,""status"":""agreed_false"",""confidence"":1.0,""evidence_text"":""""},{""name"":""delivery_pressure"",""deterministic_value"":false,""ai_value"":false,""status"":""agreed_false"",""confidence"":1.0,""evidence_text"":""""},{""name"":""authoritative_source"",""deterministic_value"":true,""ai_value"":true,""status"":""agreed_true"",""confidence"":1.0,""evidence_text"":""广州期货交易所""},{""name"":""quantitative_evidence"",""deterministic_value"":false,""ai_value"":true,""status"":""disputed"",""confidence"":1.0,""evidence_text"":""2164手""},{""name"":""uncertainty_high"",""deterministic_value"":false,""ai_value"":false,""status"":""agreed_false"",""confidence"":1.0,""evidence_text"":""""}]",仓单减少2164手,rift_rule_enhanced_llm,Qwen/Qwen2.5-0.5B-Instruct,local-93419d0f15e6ff5d
GFEX-WR-20250623,2025-06-23,bullish,0.6,0.0,1.0,5,"[{""rule_id"":""LC-BULL-01"",""target_label"":""bullish"",""conditions"":[""warehouse_receipt_decline""],""score"":0.16666666666666669,""coverage_positive"":0.2777777777777778,""coverage_negative"":0.1111111111111111,""support_documents"":12,""support_dates"":12,""status"":""qualified""},{""rule_id"":""LC-BULL-02"",""target_label"":""bullish"",""conditions"":[""warehouse_receipt_decline"",""authoritative_source""],""score"":0.16666666666666669,""coverage_positive"":0.2777777777777778,""coverage_negative"":0.1111111111111111,""support_documents"":12,""support_dates"":12,""status"":""qualified""},{""rule_id"":""LC-BEAR-03"",""target_label"":""bearish"",""conditions"":[""authoritative_source""],""score"":0.016666666666666607,""coverage_positive"":0.8222222222222222,""coverage_negative"":0.8055555555555556,""support_documents"":65,""support_dates"":63,""status"":""qualified""}]","[{""name"":""supply_disruption"",""deterministic_value"":false,""ai_value"":false,""status"":""agreed_false"",""confidence"":1.0,""evidence_text"":""""},{""name"":""supply_expansion"",""deterministic_value"":false,""ai_value"":false,""status"":""agreed_false"",""confidence"":1.0,""evidence_text"":""""},{""name"":""production_resumption"",""deterministic_value"":false,""ai_value"":false,""status"":""agreed_false"",""confidence"":1.0,""evidence_text"":""""},{""name"":""demand_ev_positive"",""deterministic_value"":false,""ai_value"":false,""status"":""agreed_false"",""confidence"":1.0,""evidence_text"":""""},{""name"":""demand_storage_positive"",""deterministic_value"":false,""ai_value"":false,""status"":""agreed_false"",""confidence"":1.0,""evidence_text"":""""},{""name"":""demand_weak_or_price_war"",""deterministic_value"":false,""ai_value"":false,""status"":""agreed_false"",""confidence"":1.0,""evidence_text"":""""},{""name"":""inventory_drawdown"",""deterministic_value"":false,""ai_value"":false,""status"":""agreed_false"",""confidence"":1.0,""evidence_text"":""""},{""name"":""inventory_build"",""deterministic_value"":false,""ai_value"":false,""status"":""agreed_false"",""confidence"":1.0,""evidence_text"":""""},{""name"":""warehouse_receipt_decline"",""deterministic_value"":true,""ai_value"":true,""status"":""agreed_true"",""confidence"":1.0,""evidence_text"":""仓单减少1014手""},{""name"":""warehouse_receipt_increase"",""deterministic_value"":false,""ai_value"":false,""status"":""agreed_false"",""confidence"":1.0,""evidence_text"":""""},{""name"":""policy_demand_support"",""deterministic_value"":false,""ai_value"":false,""status"":""agreed_false"",""confidence"":1.0,""evidence_text"":""""},{""name"":""import_supply_pressure"",""deterministic_value"":false,""ai_value"":false,""status"":""agreed_false"",""confidence"":1.0,""evidence_text"":""""},{""name"":""cost_support"",""deterministic_value"":false,""ai_value"":false,""status"":""agreed_false"",""confidence"":1.0,""evidence_text"":""""},{""name"":""delivery_pressure"",""deterministic_value"":false,""ai_value"":false,""status"":""agreed_false"",""confidence"":1.0,""evidence_text"":""""},{""name"":""authoritative_source"",""deterministic_value"":true,""ai_value"":true,""status"":""agreed_true"",""confidence"":1.0,""evidence_text"":""广州期货交易所""},{""name"":""quantitative_evidence"",""deterministic_value"":false,""ai_value"":true,""status"":""disputed"",""confidence"":1.0,""evidence_text"":""1014手""},{""name"":""uncertainty_high"",""deterministic_value"":false,""ai_value"":false,""status"":""agreed_false"",""confidence"":1.0,""evidence_text"":""""}]",仓单减少1014手,rift_rule_enhanced_llm,Qwen/Qwen2.5-0.5B-Instruct,local-c95248947dd1be4e
GFEX-WR-20250624,2025-06-24,bullish,0.6,0.0,1.0,5,"[{""rule_id"":""LC-BULL-01"",""target_label"":""bullish"",""conditions"":[""warehouse_receipt_decline""],""score"":0.16666666666666669,""coverage_positive"":0.2777777777777778,""coverage_negative"":0.1111111111111111,""support_documents"":12,""support_dates"":12,""status"":""qualified""},{""rule_id"":""LC-BULL-02"",""target_label"":""bullish"",""conditions"":[""warehouse_receipt_decline"",""authoritative_source""],""score"":0.16666666666666669,""coverage_positive"":0.2777777777777778,""coverage_negative"":0.1111111111111111,""support_documents"":12,""support_dates"":12,""status"":""qualified""},{""rule_id"":""LC-BEAR-03"",""target_label"":""bearish"",""conditions"":[""authoritative_source""],""score"":0.016666666666666607,""coverage_positive"":0.8222222222222222,""coverage_negative"":0.8055555555555556,""support_documents"":65,""support_dates"":63,""status"":""qualified""}]","[{""name"":""supply_disruption"",""deterministic_value"":false,""ai_value"":false,""status"":""agreed_false"",""confidence"":1.0,""evidence_text"":""""},{""name"":""supply_expansion"",""deterministic_value"":false,""ai_value"":false,""status"":""agreed_false"",""confidence"":1.0,""evidence_text"":""""},{""name"":""production_resumption"",""deterministic_value"":false,""ai_value"":false,""status"":""agreed_false"",""confidence"":1.0,""evidence_text"":""""},{""name"":""demand_ev_positive"",""deterministic_value"":false,""ai_value"":false,""status"":""agreed_false"",""confidence"":1.0,""evidence_text"":""""},{""name"":""demand_storage_positive"",""deterministic_value"":false,""ai_value"":false,""status"":""agreed_false"",""confidence"":1.0,""evidence_text"":""""},{""name"":""demand_weak_or_price_war"",""deterministic_value"":false,""ai_value"":false,""status"":""agreed_false"",""confidence"":1.0,""evidence_text"":""""},{""name"":""inventory_drawdown"",""deterministic_value"":false,""ai_value"":false,""status"":""agreed_false"",""confidence"":1.0,""evidence_text"":""""},{""name"":""inventory_build"",""deterministic_value"":false,""ai_value"":false,""status"":""agreed_false"",""confidence"":1.0,""evidence_text"":""""},{""name"":""warehouse_receipt_decline"",""deterministic_value"":true,""ai_value"":true,""status"":""agreed_true"",""confidence"":1.0,""evidence_text"":""仓单减少4404手""},{""name"":""warehouse_receipt_increase"",""deterministic_value"":false,""ai_value"":false,""status"":""agreed_false"",""confidence"":1.0,""evidence_text"":""""},{""name"":""policy_demand_support"",""deterministic_value"":false,""ai_value"":false,""status"":""agreed_false"",""confidence"":1.0,""evidence_text"":""""},{""name"":""import_supply_pressure"",""deterministic_value"":false,""ai_value"":false,""status"":""agreed_false"",""confidence"":1.0,""evidence_text"":""""},{""name"":""cost_support"",""deterministic_value"":false,""ai_value"":false,""status"":""agreed_false"",""confidence"":1.0,""evidence_text"":""""},{""name"":""delivery_pressure"",""deterministic_value"":false,""ai_value"":false,""status"":""agreed_false"",""confidence"":1.0,""evidence_text"":""""},{""name"":""authoritative_source"",""deterministic_value"":true,""ai_value"":true,""status"":""agreed_true"",""confidence"":1.0,""evidence_text"":""广州期货交易所""},{""name"":""quantitative_evidence"",""deterministic_value"":false,""ai_value"":true,""status"":""disputed"",""confidence"":1.0,""evidence_text"":""4404手""},{""name"":""uncertainty_high"",""deterministic_value"":false,""ai_value"":false,""status"":""agreed_false"",""confidence"":1.0,""evidence_text"":""""}]",仓单减少4404手,rift_rule_enhanced_llm,Qwen/Qwen2.5-0.5B-Instruct,local-ecaf5dcca3676a5e
GFEX-WR-20250704,2025-07-04,bullish,0.6,0.0,1.0,5,"[{""rule_id"":""LC-BULL-01"",""target_label"":""bullish"",""conditions"":[""warehouse_receipt_decline""],""score"":0.16666666666666669,""coverage_positive"":0.2777777777777778,""coverage_negative"":0.1111111111111111,""support_documents"":12,""support_dates"":12,""status"":""qualified""},{""rule_id"":""LC-BULL-02"",""target_label"":""bullish"",""conditions"":[""warehouse_receipt_decline"",""authoritative_source""],""score"":0.16666666666666669,""coverage_positive"":0.2777777777777778,""coverage_negative"":0.1111111111111111,""support_documents"":12,""support_dates"":12,""status"":""qualified""},{""rule_id"":""LC-BEAR-03"",""target_label"":""bearish"",""conditions"":[""authoritative_source""],""score"":0.016666666666666607,""coverage_positive"":0.8222222222222222,""coverage_negative"":0.8055555555555556,""support_documents"":65,""support_dates"":63,""status"":""qualified""}]","[{""name"":""supply_disruption"",""deterministic_value"":false,""ai_value"":false,""status"":""agreed_false"",""confidence"":1.0,""evidence_text"":""""},{""name"":""supply_expansion"",""deterministic_value"":false,""ai_value"":false,""status"":""agreed_false"",""confidence"":1.0,""evidence_text"":""""},{""name"":""production_resumption"",""deterministic_value"":false,""ai_value"":false,""status"":""agreed_false"",""confidence"":1.0,""evidence_text"":""""},{""name"":""demand_ev_positive"",""deterministic_value"":false,""ai_value"":false,""status"":""agreed_false"",""confidence"":1.0,""evidence_text"":""""},{""name"":""demand_storage_positive"",""deterministic_value"":false,""ai_value"":false,""status"":""agreed_false"",""confidence"":1.0,""evidence_text"":""""},{""name"":""demand_weak_or_price_war"",""deterministic_value"":false,""ai_value"":false,""status"":""agreed_false"",""confidence"":1.0,""evidence_text"":""""},{""name"":""inventory_drawdown"",""deterministic_value"":false,""ai_value"":false,""status"":""agreed_false"",""confidence"":1.0,""evidence_text"":""""},{""name"":""inventory_build"",""deterministic_value"":false,""ai_value"":false,""status"":""agreed_false"",""confidence"":1.0,""evidence_text"":""""},{""name"":""warehouse_receipt_decline"",""deterministic_value"":true,""ai_value"":true,""status"":""agreed_true"",""confidence"":1.0,""evidence_text"":""仓单减少1844手""},{""name"":""warehouse_receipt_increase"",""deterministic_value"":false,""ai_value"":false,""status"":""agreed_false"",""confidence"":1.0,""evidence_text"":""""},{""name"":""policy_demand_support"",""deterministic_value"":false,""ai_value"":false,""status"":""agreed_false"",""confidence"":1.0,""evidence_text"":""""},{""name"":""import_supply_pressure"",""deterministic_value"":false,""ai_value"":false,""status"":""agreed_false"",""confidence"":1.0,""evidence_text"":""""},{""name"":""cost_support"",""deterministic_value"":false,""ai_value"":false,""status"":""agreed_false"",""confidence"":1.0,""evidence_text"":""""},{""name"":""delivery_pressure"",""deterministic_value"":false,""ai_value"":false,""status"":""agreed_false"",""confidence"":1.0,""evidence_text"":""""},{""name"":""authoritative_source"",""deterministic_value"":true,""ai_value"":true,""status"":""agreed_true"",""confidence"":1.0,""evidence_text"":""广州期货交易所""},{""name"":""quantitative_evidence"",""deterministic_value"":false,""ai_value"":true,""status"":""disputed"",""confidence"":1.0,""evidence_text"":""1844手""},{""name"":""uncertainty_high"",""deterministic_value"":false,""ai_value"":false,""status"":""agreed_false"",""confidence"":1.0,""evidence_text"":""""}]",仓单减少1844手,rift_rule_enhanced_llm,Qwen/Qwen2.5-0.5B-Instruct,local-dd646690b0e0ff49
GFEX-WR-20250707,2025-07-07,bullish,0.6,0.0,1.0,5,"[{""rule_id"":""LC-BULL-01"",""target_label"":""bullish"",""conditions"":[""warehouse_receipt_decline""],""score"":0.16666666666666669,""coverage_positive"":0.2777777777777778,""coverage_negative"":0.1111111111111111,""support_documents"":12,""support_dates"":12,""status"":""qualified""},{""rule_id"":""LC-BULL-02"",""target_label"":""bullish"",""conditions"":[""warehouse_receipt_decline"",""authoritative_source""],""score"":0.16666666666666669,""coverage_positive"":0.2777777777777778,""coverage_negative"":0.1111111111111111,""support_documents"":12,""support_dates"":12,""status"":""qualified""},{""rule_id"":""LC-BEAR-03"",""target_label"":""bearish"",""conditions"":[""authoritative_source""],""score"":0.016666666666666607,""coverage_positive"":0.8222222222222222,""coverage_negative"":0.8055555555555556,""support_documents"":65,""support_dates"":63,""status"":""qualified""}]","[{""name"":""supply_disruption"",""deterministic_value"":false,""ai_value"":false,""status"":""agreed_false"",""confidence"":1.0,""evidence_text"":""""},{""name"":""supply_expansion"",""deterministic_value"":false,""ai_value"":false,""status"":""agreed_false"",""confidence"":1.0,""evidence_text"":""""},{""name"":""production_resumption"",""deterministic_value"":false,""ai_value"":false,""status"":""agreed_false"",""confidence"":1.0,""evidence_text"":""""},{""name"":""demand_ev_positive"",""deterministic_value"":false,""ai_value"":false,""status"":""agreed_false"",""confidence"":1.0,""evidence_text"":""""},{""name"":""demand_storage_positive"",""deterministic_value"":false,""ai_value"":false,""status"":""agreed_false"",""confidence"":1.0,""evidence_text"":""""},{""name"":""demand_weak_or_price_war"",""deterministic_value"":false,""ai_value"":false,""status"":""agreed_false"",""confidence"":1.0,""evidence_text"":""""},{""name"":""inventory_drawdown"",""deterministic_value"":false,""ai_value"":false,""status"":""agreed_false"",""confidence"":1.0,""evidence_text"":""""},{""name"":""inventory_build"",""deterministic_value"":false,""ai_value"":false,""status"":""agreed_false"",""confidence"":1.0,""evidence_text"":""""},{""name"":""warehouse_receipt_decline"",""deterministic_value"":true,""ai_value"":true,""status"":""agreed_true"",""confidence"":1.0,""evidence_text"":""仓单减少5481手""},{""name"":""warehouse_receipt_increase"",""deterministic_value"":false,""ai_value"":false,""status"":""agreed_false"",""confidence"":1.0,""evidence_text"":""""},{""name"":""policy_demand_support"",""deterministic_value"":false,""ai_value"":false,""status"":""agreed_false"",""confidence"":1.0,""evidence_text"":""""},{""name"":""import_supply_pressure"",""deterministic_value"":false,""ai_value"":false,""status"":""agreed_false"",""confidence"":1.0,""evidence_text"":""""},{""name"":""cost_support"",""deterministic_value"":false,""ai_value"":false,""status"":""agreed_false"",""confidence"":1.0,""evidence_text"":""""},{""name"":""delivery_pressure"",""deterministic_value"":false,""ai_value"":false,""status"":""agreed_false"",""confidence"":1.0,""evidence_text"":""""},{""name"":""authoritative_source"",""deterministic_value"":true,""ai_value"":true,""status"":""agreed_true"",""confidence"":1.0,""evidence_text"":""广州期货交易所""},{""name"":""quantitative_evidence"",""deterministic_value"":false,""ai_value"":true,""status"":""disputed"",""confidence"":1.0,""evidence_text"":""15555手""},{""name"":""uncertainty_high"",""deterministic_value"":false,""ai_value"":true,""status"":""disputed"",""confidence"":1.0,""evidence_text"":""减少5481手""}]",仓单减少5481手,rift_rule_enhanced_llm,Qwen/Qwen2.5-0.5B-Instruct,local-3c42379ad8745ef4
GFEX-WR-20250708,2025-07-08,bullish,0.6,0.0,1.0,5,"[{""rule_id"":""LC-BULL-01"",""target_label"":""bullish"",""conditions"":[""warehouse_receipt_decline""],""score"":0.16666666666666669,""coverage_positive"":0.2777777777777778,""coverage_negative"":0.1111111111111111,""support_documents"":12,""support_dates"":12,""status"":""qualified""},{""rule_id"":""LC-BULL-02"",""target_label"":""bullish"",""conditions"":[""warehouse_receipt_decline"",""authoritative_source""],""score"":0.16666666666666669,""coverage_positive"":0.2777777777777778,""coverage_negative"":0.1111111111111111,""support_documents"":12,""support_dates"":12,""status"":""qualified""},{""rule_id"":""LC-BEAR-03"",""target_label"":""bearish"",""conditions"":[""authoritative_source""],""score"":0.016666666666666607,""coverage_positive"":0.8222222222222222,""coverage_negative"":0.8055555555555556,""support_documents"":65,""support_dates"":63,""status"":""qualified""}]","[{""name"":""supply_disruption"",""deterministic_value"":false,""ai_value"":false,""status"":""agreed_false"",""confidence"":1.0,""evidence_text"":""""},{""name"":""supply_expansion"",""deterministic_value"":false,""ai_value"":false,""status"":""agreed_false"",""confidence"":1.0,""evidence_text"":""""},{""name"":""production_resumption"",""deterministic_value"":false,""ai_value"":false,""status"":""agreed_false"",""confidence"":1.0,""evidence_text"":""""},{""name"":""demand_ev_positive"",""deterministic_value"":false,""ai_value"":false,""status"":""agreed_false"",""confidence"":1.0,""evidence_text"":""""},{""name"":""demand_storage_positive"",""deterministic_value"":false,""ai_value"":false,""status"":""agreed_false"",""confidence"":1.0,""evidence_text"":""""},{""name"":""demand_weak_or_price_war"",""deterministic_value"":false,""ai_value"":false,""status"":""agreed_false"",""confidence"":1.0,""evidence_text"":""""},{""name"":""inventory_drawdown"",""deterministic_value"":false,""ai_value"":false,""status"":""agreed_false"",""confidence"":1.0,""evidence_text"":""""},{""name"":""inventory_build"",""deterministic_value"":false,""ai_value"":false,""status"":""agreed_false"",""confidence"":1.0,""evidence_text"":""""},{""name"":""warehouse_receipt_decline"",""deterministic_value"":true,""ai_value"":true,""status"":""agreed_true"",""confidence"":1.0,""evidence_text"":""仓单减少2900手""},{""name"":""warehouse_receipt_increase"",""deterministic_value"":false,""ai_value"":false,""status"":""agreed_false"",""confidence"":1.0,""evidence_text"":""""},{""name"":""policy_demand_support"",""deterministic_value"":false,""ai_value"":false,""status"":""agreed_false"",""confidence"":1.0,""evidence_text"":""""},{""name"":""import_supply_pressure"",""deterministic_value"":false,""ai_value"":false,""status"":""agreed_false"",""confidence"":1.0,""evidence_text"":""""},{""name"":""cost_support"",""deterministic_value"":false,""ai_value"":false,""status"":""agreed_false"",""confidence"":1.0,""evidence_text"":""""},{""name"":""delivery_pressure"",""deterministic_value"":false,""ai_value"":false,""status"":""agreed_false"",""confidence"":1.0,""evidence_text"":""""},{""name"":""authoritative_source"",""deterministic_value"":true,""ai_value"":true,""status"":""agreed_true"",""confidence"":1.0,""evidence_text"":""广州期货交易所""},{""name"":""quantitative_evidence"",""deterministic_value"":false,""ai_value"":true,""status"":""disputed"",""confidence"":1.0,""evidence_text"":""12655手""},{""name"":""uncertainty_high"",""deterministic_value"":false,""ai_value"":true,""status"":""disputed"",""confidence"":1.0,""evidence_text"":""2900手""}]",仓单减少2900手,rift_rule_enhanced_llm,Qwen/Qwen2.5-0.5B-Instruct,local-2b980e2717cffcb7
GFEX-WR-20250711,2025-07-11,bullish,0.6,0.0,1.0,5,"[{""rule_id"":""LC-BULL-01"",""target_label"":""bullish"",""conditions"":[""warehouse_receipt_decline""],""score"":0.16666666666666669,""coverage_positive"":0.2777777777777778,""coverage_negative"":0.1111111111111111,""support_documents"":12,""support_dates"":12,""status"":""qualified""},{""rule_id"":""LC-BULL-02"",""target_label"":""bullish"",""conditions"":[""warehouse_receipt_decline"",""authoritative_source""],""score"":0.16666666666666669,""coverage_positive"":0.2777777777777778,""coverage_negative"":0.1111111111111111,""support_documents"":12,""support_dates"":12,""status"":""qualified""},{""rule_id"":""LC-BEAR-03"",""target_label"":""bearish"",""conditions"":[""authoritative_source""],""score"":0.016666666666666607,""coverage_positive"":0.8222222222222222,""coverage_negative"":0.8055555555555556,""support_documents"":65,""support_dates"":63,""status"":""qualified""}]","[{""name"":""supply_disruption"",""deterministic_value"":false,""ai_value"":false,""status"":""agreed_false"",""confidence"":1.0,""evidence_text"":""""},{""name"":""supply_expansion"",""deterministic_value"":false,""ai_value"":false,""status"":""agreed_false"",""confidence"":1.0,""evidence_text"":""""},{""name"":""production_resumption"",""deterministic_value"":false,""ai_value"":false,""status"":""agreed_false"",""confidence"":1.0,""evidence_text"":""""},{""name"":""demand_ev_positive"",""deterministic_value"":false,""ai_value"":false,""status"":""agreed_false"",""confidence"":1.0,""evidence_text"":""""},{""name"":""demand_storage_positive"",""deterministic_value"":false,""ai_value"":false,""status"":""agreed_false"",""confidence"":1.0,""evidence_text"":""""},{""name"":""demand_weak_or_price_war"",""deterministic_value"":false,""ai_value"":false,""status"":""agreed_false"",""confidence"":1.0,""evidence_text"":""""},{""name"":""inventory_drawdown"",""deterministic_value"":false,""ai_value"":false,""status"":""agreed_false"",""confidence"":1.0,""evidence_text"":""""},{""name"":""inventory_build"",""deterministic_value"":false,""ai_value"":false,""status"":""agreed_false"",""confidence"":1.0,""evidence_text"":""""},{""name"":""warehouse_receipt_decline"",""deterministic_value"":true,""ai_value"":true,""status"":""agreed_true"",""confidence"":1.0,""evidence_text"":""仓单减少1588手""},{""name"":""warehouse_receipt_increase"",""deterministic_value"":false,""ai_value"":false,""status"":""agreed_false"",""confidence"":1.0,""evidence_text"":""""},{""name"":""policy_demand_support"",""deterministic_value"":false,""ai_value"":false,""status"":""agreed_false"",""confidence"":1.0,""evidence_text"":""""},{""name"":""import_supply_pressure"",""deterministic_value"":false,""ai_value"":false,""status"":""agreed_false"",""confidence"":1.0,""evidence_text"":""""},{""name"":""cost_support"",""deterministic_value"":false,""ai_value"":false,""status"":""agreed_false"",""confidence"":1.0,""evidence_text"":""""},{""name"":""delivery_pressure"",""deterministic_value"":false,""ai_value"":false,""status"":""agreed_false"",""confidence"":1.0,""evidence_text"":""""},{""name"":""authoritative_source"",""deterministic_value"":true,""ai_value"":true,""status"":""agreed_true"",""confidence"":1.0,""evidence_text"":""广州期货交易所""},{""name"":""quantitative_evidence"",""deterministic_value"":false,""ai_value"":true,""status"":""disputed"",""confidence"":1.0,""evidence_text"":""11603手""},{""name"":""uncertainty_high"",""deterministic_value"":false,""ai_value"":true,""status"":""disputed"",""confidence"":1.0,""evidence_text"":""减少""}]",仓单减少1588手,rift_rule_enhanced_llm,Qwen/Qwen2.5-0.5B-Instruct,local-312a6a264d6efac8
GFEX-WR-20250724,2025-07-24,neutral,-0.0,0.0,0.8,5,"[{""rule_id"":""LC-BEAR-01"",""target_label"":""bearish"",""conditions"":[""warehouse_receipt_increase""],""score"":0.033333333333333326,""coverage_positive"":0.6444444444444445,""coverage_negative"":0.6111111111111112,""support_documents"":51,""support_dates"":51,""status"":""qualified""},{""rule_id"":""LC-BEAR-02"",""target_label"":""bearish"",""conditions"":[""warehouse_receipt_increase"",""authoritative_source""],""score"":0.033333333333333326,""coverage_positive"":0.6444444444444445,""coverage_negative"":0.6111111111111112,""support_documents"":51,""support_dates"":51,""status"":""qualified""},{""rule_id"":""LC-BEAR-03"",""target_label"":""bearish"",""conditions"":[""authoritative_source""],""score"":0.016666666666666607,""coverage_positive"":0.8222222222222222,""coverage_negative"":0.8055555555555556,""support_documents"":65,""support_dates"":63,""status"":""qualified""}]","[{""name"":""supply_disruption"",""deterministic_value"":false,""ai_value"":false,""status"":""agreed_false"",""confidence"":0.8,""evidence_text"":""""},{""name"":""supply_expansion"",""deterministic_value"":false,""ai_value"":false,""status"":""agreed_false"",""confidence"":0.8,""evidence_text"":""""},{""name"":""production_resumption"",""deterministic_value"":false,""ai_value"":false,""status"":""agreed_false"",""confidence"":0.8,""evidence_text"":""""},{""name"":""demand_ev_positive"",""deterministic_value"":false,""ai_value"":false,""status"":""agreed_false"",""confidence"":0.8,""evidence_text"":""""},{""name"":""demand_storage_positive"",""deterministic_value"":false,""ai_value"":false,""status"":""agreed_false"",""confidence"":0.8,""evidence_text"":""""},{""name"":""demand_weak_or_price_war"",""deterministic_value"":false,""ai_value"":false,""status"":""agreed_false"",""confidence"":0.8,""evidence_text"":""""},{""name"":""inventory_drawdown"",""deterministic_value"":false,""ai_value"":false,""status"":""agreed_false"",""confidence"":0.8,""evidence_text"":""""},{""name"":""inventory_build"",""deterministic_value"":false,""ai_value"":false,""status"":""agreed_false"",""confidence"":0.8,""evidence_text"":""""},{""name"":""warehouse_receipt_decline"",""deterministic_value"":false,""ai_value"":false,""status"":""agreed_false"",""confidence"":0.8,""evidence_text"":""""},{""name"":""warehouse_receipt_increase"",""deterministic_value"":true,""ai_value"":true,""status"":""agreed_true"",""confidence"":0.8,""evidence_text"":""仓单增加900手""},{""name"":""policy_demand_support"",""deterministic_value"":false,""ai_value"":false,""status"":""agreed_false"",""confidence"":0.8,""evidence_text"":""""},{""name"":""import_supply_pressure"",""deterministic_value"":false,""ai_value"":false,""status"":""agreed_false"",""confidence"":0.8,""evidence_text"":""""},{""name"":""cost_support"",""deterministic_value"":false,""ai_value"":false,""status"":""agreed_false"",""confidence"":0.8,""evidence_text"":""""},{""name"":""delivery_pressure"",""deterministic_value"":false,""ai_value"":false,""status"":""agreed_false"",""confidence"":0.8,""evidence_text"":""""},{""name"":""authoritative_source"",""deterministic_value"":true,""ai_value"":true,""status"":""agreed_true"",""confidence"":0.8,""evidence_text"":""广期所""},{""name"":""quantitative_evidence"",""deterministic_value"":false,""ai_value"":true,""status"":""disputed"",""confidence"":0.8,""evidence_text"":""900手""},{""name"":""uncertainty_high"",""deterministic_value"":false,""ai_value"":false,""status"":""agreed_false"",""confidence"":0.8,""evidence_text"":""""}]",仓单增加900手,rift_rule_enhanced_llm,Qwen/Qwen2.5-0.5B-Instruct,local-472b58f158e73c0e
GFEX-WR-20250730,2025-07-30,bearish,-0.6,0.0,0.9,5,"[{""rule_id"":""LC-BEAR-01"",""target_label"":""bearish"",""conditions"":[""warehouse_receipt_increase""],""score"":0.033333333333333326,""coverage_positive"":0.6444444444444445,""coverage_negative"":0.6111111111111112,""support_documents"":51,""support_dates"":51,""status"":""qualified""},{""rule_id"":""LC-BEAR-02"",""target_label"":""bearish"",""conditions"":[""warehouse_receipt_increase"",""authoritative_source""],""score"":0.033333333333333326,""coverage_positive"":0.6444444444444445,""coverage_negative"":0.6111111111111112,""support_documents"":51,""support_dates"":51,""status"":""qualified""},{""rule_id"":""LC-BEAR-03"",""target_label"":""bearish"",""conditions"":[""authoritative_source""],""score"":0.016666666666666607,""coverage_positive"":0.8222222222222222,""coverage_negative"":0.8055555555555556,""support_documents"":65,""support_dates"":63,""status"":""qualified""}]","[{""name"":""supply_disruption"",""deterministic_value"":false,""ai_value"":false,""status"":""agreed_false"",""confidence"":0.9,""evidence_text"":""""},{""name"":""supply_expansion"",""deterministic_value"":false,""ai_value"":false,""status"":""agreed_false"",""confidence"":0.9,""evidence_text"":""""},{""name"":""production_resumption"",""deterministic_value"":false,""ai_value"":false,""status"":""agreed_false"",""confidence"":0.9,""evidence_text"":""""},{""name"":""demand_ev_positive"",""deterministic_value"":false,""ai_value"":false,""status"":""agreed_false"",""confidence"":0.9,""evidence_text"":""""},{""name"":""demand_storage_positive"",""deterministic_value"":false,""ai_value"":false,""status"":""agreed_false"",""confidence"":0.9,""evidence_text"":""""},{""name"":""demand_weak_or_price_war"",""deterministic_value"":false,""ai_value"":false,""status"":""agreed_false"",""confidence"":0.9,""evidence_text"":""""},{""name"":""inventory_drawdown"",""deterministic_value"":false,""ai_value"":false,""status"":""agreed_false"",""confidence"":0.9,""evidence_text"":""""},{""name"":""inventory_build"",""deterministic_value"":false,""ai_value"":false,""status"":""agreed_false"",""confidence"":0.9,""evidence_text"":""""},{""name"":""warehouse_receipt_decline"",""deterministic_value"":false,""ai_value"":false,""status"":""agreed_false"",""confidence"":0.9,""evidence_text"":""""},{""name"":""warehouse_receipt_increase"",""deterministic_value"":true,""ai_value"":true,""status"":""agreed_true"",""confidence"":0.9,""evidence_text"":""仓单增加855手""},{""name"":""policy_demand_support"",""deterministic_value"":false,""ai_value"":false,""status"":""agreed_false"",""confidence"":0.9,""evidence_text"":""""},{""name"":""import_supply_pressure"",""deterministic_value"":false,""ai_value"":false,""status"":""agreed_false"",""confidence"":0.9,""evidence_text"":""""},{""name"":""cost_support"",""deterministic_value"":false,""ai_value"":false,""status"":""agreed_false"",""confidence"":0.9,""evidence_text"":""""},{""name"":""delivery_pressure"",""deterministic_value"":false,""ai_value"":false,""status"":""agreed_false"",""confidence"":0.9,""evidence_text"":""""},{""name"":""authoritative_source"",""deterministic_value"":true,""ai_value"":true,""status"":""agreed_true"",""confidence"":0.9,""evidence_text"":""广期所""},{""name"":""quantitative_evidence"",""deterministic_value"":false,""ai_value"":true,""status"":""disputed"",""confidence"":0.9,""evidence_text"":""855手""},{""name"":""uncertainty_high"",""deterministic_value"":false,""ai_value"":false,""status"":""agreed_false"",""confidence"":0.9,""evidence_text"":""""}]",仓单增加855手,rift_rule_enhanced_llm,Qwen/Qwen2.5-0.5B-Instruct,local-270c47c927abbb8f
GFEX-WR-20250731,2025-07-31,bullish,0.6,0.0,1.0,5,"[{""rule_id"":""LC-BULL-01"",""target_label"":""bullish"",""conditions"":[""warehouse_receipt_decline""],""score"":0.16666666666666669,""coverage_positive"":0.2777777777777778,""coverage_negative"":0.1111111111111111,""support_documents"":12,""support_dates"":12,""status"":""qualified""},{""rule_id"":""LC-BULL-02"",""target_label"":""bullish"",""conditions"":[""warehouse_receipt_decline"",""authoritative_source""],""score"":0.16666666666666669,""coverage_positive"":0.2777777777777778,""coverage_negative"":0.1111111111111111,""support_documents"":12,""support_dates"":12,""status"":""qualified""},{""rule_id"":""LC-BEAR-03"",""target_label"":""bearish"",""conditions"":[""authoritative_source""],""score"":0.016666666666666607,""coverage_positive"":0.8222222222222222,""coverage_negative"":0.8055555555555556,""support_documents"":65,""support_dates"":63,""status"":""qualified""}]","[{""name"":""supply_disruption"",""deterministic_value"":false,""ai_value"":false,""status"":""agreed_false"",""confidence"":1.0,""evidence_text"":""""},{""name"":""supply_expansion"",""deterministic_value"":false,""ai_value"":false,""status"":""agreed_false"",""confidence"":1.0,""evidence_text"":""""},{""name"":""production_resumption"",""deterministic_value"":false,""ai_value"":false,""status"":""agreed_false"",""confidence"":1.0,""evidence_text"":""""},{""name"":""demand_ev_positive"",""deterministic_value"":false,""ai_value"":false,""status"":""agreed_false"",""confidence"":1.0,""evidence_text"":""""},{""name"":""demand_storage_positive"",""deterministic_value"":false,""ai_value"":false,""status"":""agreed_false"",""confidence"":1.0,""evidence_text"":""""},{""name"":""demand_weak_or_price_war"",""deterministic_value"":false,""ai_value"":false,""status"":""agreed_false"",""confidence"":1.0,""evidence_text"":""""},{""name"":""inventory_drawdown"",""deterministic_value"":false,""ai_value"":false,""status"":""agreed_false"",""confidence"":1.0,""evidence_text"":""""},{""name"":""inventory_build"",""deterministic_value"":false,""ai_value"":false,""status"":""agreed_false"",""confidence"":1.0,""evidence_text"":""""},{""name"":""warehouse_receipt_decline"",""deterministic_value"":true,""ai_value"":true,""status"":""agreed_true"",""confidence"":1.0,""evidence_text"":""仓单减少7586手""},{""name"":""warehouse_receipt_increase"",""deterministic_value"":false,""ai_value"":false,""status"":""agreed_false"",""confidence"":1.0,""evidence_text"":""""},{""name"":""policy_demand_support"",""deterministic_value"":false,""ai_value"":false,""status"":""agreed_false"",""confidence"":1.0,""evidence_text"":""""},{""name"":""import_supply_pressure"",""deterministic_value"":false,""ai_value"":false,""status"":""agreed_false"",""confidence"":1.0,""evidence_text"":""""},{""name"":""cost_support"",""deterministic_value"":false,""ai_value"":false,""status"":""agreed_false"",""confidence"":1.0,""evidence_text"":""""},{""name"":""delivery_pressure"",""deterministic_value"":false,""ai_value"":false,""status"":""agreed_false"",""confidence"":1.0,""evidence_text"":""""},{""name"":""authoritative_source"",""deterministic_value"":true,""ai_value"":true,""status"":""agreed_true"",""confidence"":1.0,""evidence_text"":""广期所""},{""name"":""quantitative_evidence"",""deterministic_value"":false,""ai_value"":true,""status"":""disputed"",""confidence"":1.0,""evidence_text"":""7586手""},{""name"":""uncertainty_high"",""deterministic_value"":false,""ai_value"":false,""status"":""agreed_false"",""confidence"":1.0,""evidence_text"":""""}]",仓单减少7586手,rift_rule_enhanced_llm,Qwen/Qwen2.5-0.5B-Instruct,local-e744b32fd6854874
GFEX-WR-20250801,2025-08-01,neutral,-0.0,0.0,0.8,5,"[{""rule_id"":""LC-BEAR-01"",""target_label"":""bearish"",""conditions"":[""warehouse_receipt_increase""],""score"":0.033333333333333326,""coverage_positive"":0.6444444444444445,""coverage_negative"":0.6111111111111112,""support_documents"":51,""support_dates"":51,""status"":""qualified""},{""rule_id"":""LC-BEAR-02"",""target_label"":""bearish"",""conditions"":[""warehouse_receipt_increase"",""authoritative_source""],""score"":0.033333333333333326,""coverage_positive"":0.6444444444444445,""coverage_negative"":0.6111111111111112,""support_documents"":51,""support_dates"":51,""status"":""qualified""},{""rule_id"":""LC-BEAR-03"",""target_label"":""bearish"",""conditions"":[""authoritative_source""],""score"":0.016666666666666607,""coverage_positive"":0.8222222222222222,""coverage_negative"":0.8055555555555556,""support_documents"":65,""support_dates"":63,""status"":""qualified""}]","[{""name"":""supply_disruption"",""deterministic_value"":false,""ai_value"":false,""status"":""agreed_false"",""confidence"":0.8,""evidence_text"":""""},{""name"":""supply_expansion"",""deterministic_value"":false,""ai_value"":false,""status"":""agreed_false"",""confidence"":0.8,""evidence_text"":""""},{""name"":""production_resumption"",""deterministic_value"":false,""ai_value"":false,""status"":""agreed_false"",""confidence"":0.8,""evidence_text"":""""},{""name"":""demand_ev_positive"",""deterministic_value"":false,""ai_value"":false,""status"":""agreed_false"",""confidence"":0.8,""evidence_text"":""""},{""name"":""demand_storage_positive"",""deterministic_value"":false,""ai_value"":false,""status"":""agreed_false"",""confidence"":0.8,""evidence_text"":""""},{""name"":""demand_weak_or_price_war"",""deterministic_value"":false,""ai_value"":false,""status"":""agreed_false"",""confidence"":0.8,""evidence_text"":""""},{""name"":""inventory_drawdown"",""deterministic_value"":false,""ai_value"":false,""status"":""agreed_false"",""confidence"":0.8,""evidence_text"":""""},{""name"":""inventory_build"",""deterministic_value"":false,""ai_value"":false,""status"":""agreed_false"",""confidence"":0.8,""evidence_text"":""""},{""name"":""warehouse_receipt_decline"",""deterministic_value"":false,""ai_value"":false,""status"":""agreed_false"",""confidence"":0.8,""evidence_text"":""""},{""name"":""warehouse_receipt_increase"",""deterministic_value"":true,""ai_value"":true,""status"":""agreed_true"",""confidence"":0.8,""evidence_text"":""仓单增加1060手""},{""name"":""policy_demand_support"",""deterministic_value"":false,""ai_value"":false,""status"":""agreed_false"",""confidence"":0.8,""evidence_text"":""""},{""name"":""import_supply_pressure"",""deterministic_value"":false,""ai_value"":false,""status"":""agreed_false"",""confidence"":0.8,""evidence_text"":""""},{""name"":""cost_support"",""deterministic_value"":false,""ai_value"":false,""status"":""agreed_false"",""confidence"":0.8,""evidence_text"":""""},{""name"":""delivery_pressure"",""deterministic_value"":false,""ai_value"":false,""status"":""agreed_false"",""confidence"":0.8,""evidence_text"":""""},{""name"":""authoritative_source"",""deterministic_value"":true,""ai_value"":true,""status"":""agreed_true"",""confidence"":0.8,""evidence_text"":""广期所""},{""name"":""quantitative_evidence"",""deterministic_value"":false,""ai_value"":true,""status"":""disputed"",""confidence"":0.8,""evidence_text"":""1060手""},{""name"":""uncertainty_high"",""deterministic_value"":false,""ai_value"":false,""status"":""agreed_false"",""confidence"":0.8,""evidence_text"":""""}]",仓单增加1060手,rift_rule_enhanced_llm,Qwen/Qwen2.5-0.5B-Instruct,local-33b8eb889c567ced
GFEX-WR-20250804,2025-08-04,bearish,-0.6,0.0,0.8,5,"[{""rule_id"":""LC-BEAR-01"",""target_label"":""bearish"",""conditions"":[""warehouse_receipt_increase""],""score"":0.033333333333333326,""coverage_positive"":0.6444444444444445,""coverage_negative"":0.6111111111111112,""support_documents"":51,""support_dates"":51,""status"":""qualified""},{""rule_id"":""LC-BEAR-02"",""target_label"":""bearish"",""conditions"":[""warehouse_receipt_increase"",""authoritative_source""],""score"":0.033333333333333326,""coverage_positive"":0.6444444444444445,""coverage_negative"":0.6111111111111112,""support_documents"":51,""support_dates"":51,""status"":""qualified""},{""rule_id"":""LC-BEAR-03"",""target_label"":""bearish"",""conditions"":[""authoritative_source""],""score"":0.016666666666666607,""coverage_positive"":0.8222222222222222,""coverage_negative"":0.8055555555555556,""support_documents"":65,""support_dates"":63,""status"":""qualified""}]","[{""name"":""supply_disruption"",""deterministic_value"":false,""ai_value"":false,""status"":""agreed_false"",""confidence"":0.8,""evidence_text"":""""},{""name"":""supply_expansion"",""deterministic_value"":false,""ai_value"":false,""status"":""agreed_false"",""confidence"":0.8,""evidence_text"":""""},{""name"":""production_resumption"",""deterministic_value"":false,""ai_value"":false,""status"":""agreed_false"",""confidence"":0.8,""evidence_text"":""""},{""name"":""demand_ev_positive"",""deterministic_value"":false,""ai_value"":false,""status"":""agreed_false"",""confidence"":0.8,""evidence_text"":""""},{""name"":""demand_storage_positive"",""deterministic_value"":false,""ai_value"":false,""status"":""agreed_false"",""confidence"":0.8,""evidence_text"":""""},{""name"":""demand_weak_or_price_war"",""deterministic_value"":false,""ai_value"":false,""status"":""agreed_false"",""confidence"":0.8,""evidence_text"":""""},{""name"":""inventory_drawdown"",""deterministic_value"":false,""ai_value"":false,""status"":""agreed_false"",""confidence"":0.8,""evidence_text"":""""},{""name"":""inventory_build"",""deterministic_value"":false,""ai_value"":false,""status"":""agreed_false"",""confidence"":0.8,""evidence_text"":""""},{""name"":""warehouse_receipt_decline"",""deterministic_value"":false,""ai_value"":false,""status"":""agreed_false"",""confidence"":0.8,""evidence_text"":""""},{""name"":""warehouse_receipt_increase"",""deterministic_value"":true,""ai_value"":true,""status"":""agreed_true"",""confidence"":0.8,""evidence_text"":""仓单增加5998手""},{""name"":""policy_demand_support"",""deterministic_value"":false,""ai_value"":false,""status"":""agreed_false"",""confidence"":0.8,""evidence_text"":""""},{""name"":""import_supply_pressure"",""deterministic_value"":false,""ai_value"":false,""status"":""agreed_false"",""confidence"":0.8,""evidence_text"":""""},{""name"":""cost_support"",""deterministic_value"":false,""ai_value"":false,""status"":""agreed_false"",""confidence"":0.8,""evidence_text"":""""},{""name"":""delivery_pressure"",""deterministic_value"":false,""ai_value"":false,""status"":""agreed_false"",""confidence"":0.8,""evidence_text"":""""},{""name"":""authoritative_source"",""deterministic_value"":true,""ai_value"":true,""status"":""agreed_true"",""confidence"":0.8,""evidence_text"":""广期所""},{""name"":""quantitative_evidence"",""deterministic_value"":false,""ai_value"":true,""status"":""disputed"",""confidence"":0.8,""evidence_text"":""5998手""},{""name"":""uncertainty_high"",""deterministic_value"":false,""ai_value"":false,""status"":""agreed_false"",""confidence"":0.8,""evidence_text"":""""}]",仓单增加5998手,rift_rule_enhanced_llm,Qwen/Qwen2.5-0.5B-Instruct,local-fdd43ffad973f18b
GFEX-WR-20250805,2025-08-05,bearish,-0.6,0.0,0.9,5,"[{""rule_id"":""LC-BEAR-01"",""target_label"":""bearish"",""conditions"":[""warehouse_receipt_increase""],""score"":0.033333333333333326,""coverage_positive"":0.6444444444444445,""coverage_negative"":0.6111111111111112,""support_documents"":51,""support_dates"":51,""status"":""qualified""},{""rule_id"":""LC-BEAR-02"",""target_label"":""bearish"",""conditions"":[""warehouse_receipt_increase"",""authoritative_source""],""score"":0.033333333333333326,""coverage_positive"":0.6444444444444445,""coverage_negative"":0.6111111111111112,""support_documents"":51,""support_dates"":51,""status"":""qualified""},{""rule_id"":""LC-BEAR-03"",""target_label"":""bearish"",""conditions"":[""authoritative_source""],""score"":0.016666666666666607,""coverage_positive"":0.8222222222222222,""coverage_negative"":0.8055555555555556,""support_documents"":65,""support_dates"":63,""status"":""qualified""}]","[{""name"":""supply_disruption"",""deterministic_value"":false,""ai_value"":false,""status"":""agreed_false"",""confidence"":0.9,""evidence_text"":""""},{""name"":""supply_expansion"",""deterministic_value"":false,""ai_value"":false,""status"":""agreed_false"",""confidence"":0.9,""evidence_text"":""""},{""name"":""production_resumption"",""deterministic_value"":false,""ai_value"":false,""status"":""agreed_false"",""confidence"":0.9,""evidence_text"":""""},{""name"":""demand_ev_positive"",""deterministic_value"":false,""ai_value"":false,""status"":""agreed_false"",""confidence"":0.9,""evidence_text"":""""},{""name"":""demand_storage_positive"",""deterministic_value"":false,""ai_value"":false,""status"":""agreed_false"",""confidence"":0.9,""evidence_text"":""""},{""name"":""demand_weak_or_price_war"",""deterministic_value"":false,""ai_value"":false,""status"":""agreed_false"",""confidence"":0.9,""evidence_text"":""""},{""name"":""inventory_drawdown"",""deterministic_value"":false,""ai_value"":false,""status"":""agreed_false"",""confidence"":0.9,""evidence_text"":""""},{""name"":""inventory_build"",""deterministic_value"":false,""ai_value"":false,""status"":""agreed_false"",""confidence"":0.9,""evidence_text"":""""},{""name"":""warehouse_receipt_decline"",""deterministic_value"":false,""ai_value"":false,""status"":""agreed_false"",""confidence"":0.9,""evidence_text"":""""},{""name"":""warehouse_receipt_increase"",""deterministic_value"":true,""ai_value"":true,""status"":""agreed_true"",""confidence"":0.9,""evidence_text"":""仓单增加1840手""},{""name"":""policy_demand_support"",""deterministic_value"":false,""ai_value"":false,""status"":""agreed_false"",""confidence"":0.9,""evidence_text"":""""},{""name"":""import_supply_pressure"",""deterministic_value"":false,""ai_value"":false,""status"":""agreed_false"",""confidence"":0.9,""evidence_text"":""""},{""name"":""cost_support"",""deterministic_value"":false,""ai_value"":false,""status"":""agreed_false"",""confidence"":0.9,""evidence_text"":""""},{""name"":""delivery_pressure"",""deterministic_value"":false,""ai_value"":false,""status"":""agreed_false"",""confidence"":0.9,""evidence_text"":""""},{""name"":""authoritative_source"",""deterministic_value"":true,""ai_value"":true,""status"":""agreed_true"",""confidence"":0.9,""evidence_text"":""广期所""},{""name"":""quantitative_evidence"",""deterministic_value"":false,""ai_value"":true,""status"":""disputed"",""confidence"":0.9,""evidence_text"":""1840手""},{""name"":""uncertainty_high"",""deterministic_value"":false,""ai_value"":false,""status"":""agreed_false"",""confidence"":0.9,""evidence_text"":""""}]",仓单增加1840手,rift_rule_enhanced_llm,Qwen/Qwen2.5-0.5B-Instruct,local-819aa03ac544ee73
GFEX-WR-20250807,2025-08-07,bearish,-0.6,0.0,0.9,5,"[{""rule_id"":""LC-BEAR-01"",""target_label"":""bearish"",""conditions"":[""warehouse_receipt_increase""],""score"":0.033333333333333326,""coverage_positive"":0.6444444444444445,""coverage_negative"":0.6111111111111112,""support_documents"":51,""support_dates"":51,""status"":""qualified""},{""rule_id"":""LC-BEAR-02"",""target_label"":""bearish"",""conditions"":[""warehouse_receipt_increase"",""authoritative_source""],""score"":0.033333333333333326,""coverage_positive"":0.6444444444444445,""coverage_negative"":0.6111111111111112,""support_documents"":51,""support_dates"":51,""status"":""qualified""},{""rule_id"":""LC-BEAR-03"",""target_label"":""bearish"",""conditions"":[""authoritative_source""],""score"":0.016666666666666607,""coverage_positive"":0.8222222222222222,""coverage_negative"":0.8055555555555556,""support_documents"":65,""support_dates"":63,""status"":""qualified""}]","[{""name"":""supply_disruption"",""deterministic_value"":false,""ai_value"":false,""status"":""agreed_false"",""confidence"":0.9,""evidence_text"":""""},{""name"":""supply_expansion"",""deterministic_value"":false,""ai_value"":false,""status"":""agreed_false"",""confidence"":0.9,""evidence_text"":""""},{""name"":""production_resumption"",""deterministic_value"":false,""ai_value"":false,""status"":""agreed_false"",""confidence"":0.9,""evidence_text"":""""},{""name"":""demand_ev_positive"",""deterministic_value"":false,""ai_value"":false,""status"":""agreed_false"",""confidence"":0.9,""evidence_text"":""""},{""name"":""demand_storage_positive"",""deterministic_value"":false,""ai_value"":false,""status"":""agreed_false"",""confidence"":0.9,""evidence_text"":""""},{""name"":""demand_weak_or_price_war"",""deterministic_value"":false,""ai_value"":false,""status"":""agreed_false"",""confidence"":0.9,""evidence_text"":""""},{""name"":""inventory_drawdown"",""deterministic_value"":false,""ai_value"":false,""status"":""agreed_false"",""confidence"":0.9,""evidence_text"":""""},{""name"":""inventory_build"",""deterministic_value"":false,""ai_value"":false,""status"":""agreed_false"",""confidence"":0.9,""evidence_text"":""""},{""name"":""warehouse_receipt_decline"",""deterministic_value"":false,""ai_value"":false,""status"":""agreed_false"",""confidence"":0.9,""evidence_text"":""""},{""name"":""warehouse_receipt_increase"",""deterministic_value"":true,""ai_value"":true,""status"":""agreed_true"",""confidence"":0.9,""evidence_text"":""仓单增加1420手""},{""name"":""policy_demand_support"",""deterministic_value"":false,""ai_value"":false,""status"":""agreed_false"",""confidence"":0.9,""evidence_text"":""""},{""name"":""import_supply_pressure"",""deterministic_value"":false,""ai_value"":false,""status"":""agreed_false"",""confidence"":0.9,""evidence_text"":""""},{""name"":""cost_support"",""deterministic_value"":false,""ai_value"":false,""status"":""agreed_false"",""confidence"":0.9,""evidence_text"":""""},{""name"":""delivery_pressure"",""deterministic_value"":false,""ai_value"":false,""status"":""agreed_false"",""confidence"":0.9,""evidence_text"":""""},{""name"":""authoritative_source"",""deterministic_value"":true,""ai_value"":true,""status"":""agreed_true"",""confidence"":0.9,""evidence_text"":""广期所""},{""name"":""quantitative_evidence"",""deterministic_value"":false,""ai_value"":true,""status"":""disputed"",""confidence"":0.9,""evidence_text"":""1420手""},{""name"":""uncertainty_high"",""deterministic_value"":false,""ai_value"":false,""status"":""agreed_false"",""confidence"":0.9,""evidence_text"":""""}]",仓单增加1420手,rift_rule_enhanced_llm,Qwen/Qwen2.5-0.5B-Instruct,local-74cf94f8e76280b4
GFEX-WR-20250808,2025-08-08,bearish,-0.6,0.0,0.8,5,"[{""rule_id"":""LC-BEAR-01"",""target_label"":""bearish"",""conditions"":[""warehouse_receipt_increase""],""score"":0.033333333333333326,""coverage_positive"":0.6444444444444445,""coverage_negative"":0.6111111111111112,""support_documents"":51,""support_dates"":51,""status"":""qualified""},{""rule_id"":""LC-BEAR-02"",""target_label"":""bearish"",""conditions"":[""warehouse_receipt_increase"",""authoritative_source""],""score"":0.033333333333333326,""coverage_positive"":0.6444444444444445,""coverage_negative"":0.6111111111111112,""support_documents"":51,""support_dates"":51,""status"":""qualified""},{""rule_id"":""LC-BEAR-03"",""target_label"":""bearish"",""conditions"":[""authoritative_source""],""score"":0.016666666666666607,""coverage_positive"":0.8222222222222222,""coverage_negative"":0.8055555555555556,""support_documents"":65,""support_dates"":63,""status"":""qualified""}]","[{""name"":""supply_disruption"",""deterministic_value"":false,""ai_value"":false,""status"":""agreed_false"",""confidence"":0.8,""evidence_text"":""""},{""name"":""supply_expansion"",""deterministic_value"":false,""ai_value"":false,""status"":""agreed_false"",""confidence"":0.8,""evidence_text"":""""},{""name"":""production_resumption"",""deterministic_value"":false,""ai_value"":false,""status"":""agreed_false"",""confidence"":0.8,""evidence_text"":""""},{""name"":""demand_ev_positive"",""deterministic_value"":false,""ai_value"":false,""status"":""agreed_false"",""confidence"":0.8,""evidence_text"":""""},{""name"":""demand_storage_positive"",""deterministic_value"":false,""ai_value"":false,""status"":""agreed_false"",""confidence"":0.8,""evidence_text"":""""},{""name"":""demand_weak_or_price_war"",""deterministic_value"":false,""ai_value"":false,""status"":""agreed_false"",""confidence"":0.8,""evidence_text"":""""},{""name"":""inventory_drawdown"",""deterministic_value"":false,""ai_value"":false,""status"":""agreed_false"",""confidence"":0.8,""evidence_text"":""""},{""name"":""inventory_build"",""deterministic_value"":false,""ai_value"":false,""status"":""agreed_false"",""confidence"":0.8,""evidence_text"":""""},{""name"":""warehouse_receipt_decline"",""deterministic_value"":false,""ai_value"":false,""status"":""agreed_false"",""confidence"":0.8,""evidence_text"":""""},{""name"":""warehouse_receipt_increase"",""deterministic_value"":true,""ai_value"":true,""status"":""agreed_true"",""confidence"":0.8,""evidence_text"":""仓单增加2386手""},{""name"":""policy_demand_support"",""deterministic_value"":false,""ai_value"":false,""status"":""agreed_false"",""confidence"":0.8,""evidence_text"":""""},{""name"":""import_supply_pressure"",""deterministic_value"":false,""ai_value"":false,""status"":""agreed_false"",""confidence"":0.8,""evidence_text"":""""},{""name"":""cost_support"",""deterministic_value"":false,""ai_value"":false,""status"":""agreed_false"",""confidence"":0.8,""evidence_text"":""""},{""name"":""delivery_pressure"",""deterministic_value"":false,""ai_value"":false,""status"":""agreed_false"",""confidence"":0.8,""evidence_text"":""""},{""name"":""authoritative_source"",""deterministic_value"":true,""ai_value"":true,""status"":""agreed_true"",""confidence"":0.8,""evidence_text"":""广期所""},{""name"":""quantitative_evidence"",""deterministic_value"":false,""ai_value"":true,""status"":""disputed"",""confidence"":0.8,""evidence_text"":""2386手""},{""name"":""uncertainty_high"",""deterministic_value"":false,""ai_value"":false,""status"":""agreed_false"",""confidence"":0.8,""evidence_text"":""""}]",仓单增加2386手,rift_rule_enhanced_llm,Qwen/Qwen2.5-0.5B-Instruct,local-93b573ae4e1dc386
GFEX-WR-20250812,2025-08-12,bearish,-0.6,0.0,0.8,5,"[{""rule_id"":""LC-BEAR-01"",""target_label"":""bearish"",""conditions"":[""warehouse_receipt_increase""],""score"":0.033333333333333326,""coverage_positive"":0.6444444444444445,""coverage_negative"":0.6111111111111112,""support_documents"":51,""support_dates"":51,""status"":""qualified""},{""rule_id"":""LC-BEAR-02"",""target_label"":""bearish"",""conditions"":[""warehouse_receipt_increase"",""authoritative_source""],""score"":0.033333333333333326,""coverage_positive"":0.6444444444444445,""coverage_negative"":0.6111111111111112,""support_documents"":51,""support_dates"":51,""status"":""qualified""},{""rule_id"":""LC-BEAR-03"",""target_label"":""bearish"",""conditions"":[""authoritative_source""],""score"":0.016666666666666607,""coverage_positive"":0.8222222222222222,""coverage_negative"":0.8055555555555556,""support_documents"":65,""support_dates"":63,""status"":""qualified""}]","[{""name"":""supply_disruption"",""deterministic_value"":false,""ai_value"":false,""status"":""agreed_false"",""confidence"":0.8,""evidence_text"":""""},{""name"":""supply_expansion"",""deterministic_value"":false,""ai_value"":false,""status"":""agreed_false"",""confidence"":0.8,""evidence_text"":""""},{""name"":""production_resumption"",""deterministic_value"":false,""ai_value"":false,""status"":""agreed_false"",""confidence"":0.8,""evidence_text"":""""},{""name"":""demand_ev_positive"",""deterministic_value"":false,""ai_value"":false,""status"":""agreed_false"",""confidence"":0.8,""evidence_text"":""""},{""name"":""demand_storage_positive"",""deterministic_value"":false,""ai_value"":false,""status"":""agreed_false"",""confidence"":0.8,""evidence_text"":""""},{""name"":""demand_weak_or_price_war"",""deterministic_value"":false,""ai_value"":false,""status"":""agreed_false"",""confidence"":0.8,""evidence_text"":""""},{""name"":""inventory_drawdown"",""deterministic_value"":false,""ai_value"":false,""status"":""agreed_false"",""confidence"":0.8,""evidence_text"":""""},{""name"":""inventory_build"",""deterministic_value"":false,""ai_value"":false,""status"":""agreed_false"",""confidence"":0.8,""evidence_text"":""""},{""name"":""warehouse_receipt_decline"",""deterministic_value"":false,""ai_value"":false,""status"":""agreed_false"",""confidence"":0.8,""evidence_text"":""""},{""name"":""warehouse_receipt_increase"",""deterministic_value"":true,""ai_value"":true,""status"":""agreed_true"",""confidence"":0.8,""evidence_text"":""仓单增加1440手""},{""name"":""policy_demand_support"",""deterministic_value"":false,""ai_value"":false,""status"":""agreed_false"",""confidence"":0.8,""evidence_text"":""""},{""name"":""import_supply_pressure"",""deterministic_value"":false,""ai_value"":false,""status"":""agreed_false"",""confidence"":0.8,""evidence_text"":""""},{""name"":""cost_support"",""deterministic_value"":false,""ai_value"":false,""status"":""agreed_false"",""confidence"":0.8,""evidence_text"":""""},{""name"":""delivery_pressure"",""deterministic_value"":false,""ai_value"":false,""status"":""agreed_false"",""confidence"":0.8,""evidence_text"":""""},{""name"":""authoritative_source"",""deterministic_value"":true,""ai_value"":true,""status"":""agreed_true"",""confidence"":0.8,""evidence_text"":""广期所""},{""name"":""quantitative_evidence"",""deterministic_value"":false,""ai_value"":true,""status"":""disputed"",""confidence"":0.8,""evidence_text"":""1440手""},{""name"":""uncertainty_high"",""deterministic_value"":false,""ai_value"":false,""status"":""agreed_false"",""confidence"":0.8,""evidence_text"":""""}]",仓单增加1440手,rift_rule_enhanced_llm,Qwen/Qwen2.5-0.5B-Instruct,local-0e274134cc68eebe
GFEX-WR-20250813,2025-08-13,neutral,-0.0,0.0,0.8,5,"[{""rule_id"":""LC-BEAR-01"",""target_label"":""bearish"",""conditions"":[""warehouse_receipt_increase""],""score"":0.033333333333333326,""coverage_positive"":0.6444444444444445,""coverage_negative"":0.6111111111111112,""support_documents"":51,""support_dates"":51,""status"":""qualified""},{""rule_id"":""LC-BEAR-02"",""target_label"":""bearish"",""conditions"":[""warehouse_receipt_increase"",""authoritative_source""],""score"":0.033333333333333326,""coverage_positive"":0.6444444444444445,""coverage_negative"":0.6111111111111112,""support_documents"":51,""support_dates"":51,""status"":""qualified""},{""rule_id"":""LC-BEAR-03"",""target_label"":""bearish"",""conditions"":[""authoritative_source""],""score"":0.016666666666666607,""coverage_positive"":0.8222222222222222,""coverage_negative"":0.8055555555555556,""support_documents"":65,""support_dates"":63,""status"":""qualified""}]","[{""name"":""supply_disruption"",""deterministic_value"":false,""ai_value"":false,""status"":""agreed_false"",""confidence"":0.8,""evidence_text"":""""},{""name"":""supply_expansion"",""deterministic_value"":false,""ai_value"":false,""status"":""agreed_false"",""confidence"":0.8,""evidence_text"":""""},{""name"":""production_resumption"",""deterministic_value"":false,""ai_value"":false,""status"":""agreed_false"",""confidence"":0.8,""evidence_text"":""""},{""name"":""demand_ev_positive"",""deterministic_value"":false,""ai_value"":false,""status"":""agreed_false"",""confidence"":0.8,""evidence_text"":""""},{""name"":""demand_storage_positive"",""deterministic_value"":false,""ai_value"":false,""status"":""agreed_false"",""confidence"":0.8,""evidence_text"":""""},{""name"":""demand_weak_or_price_war"",""deterministic_value"":false,""ai_value"":false,""status"":""agreed_false"",""confidence"":0.8,""evidence_text"":""""},{""name"":""inventory_drawdown"",""deterministic_value"":false,""ai_value"":false,""status"":""agreed_false"",""confidence"":0.8,""evidence_text"":""""},{""name"":""inventory_build"",""deterministic_value"":false,""ai_value"":false,""status"":""agreed_false"",""confidence"":0.8,""evidence_text"":""""},{""name"":""warehouse_receipt_decline"",""deterministic_value"":false,""ai_value"":false,""status"":""agreed_false"",""confidence"":0.8,""evidence_text"":""""},{""name"":""warehouse_receipt_increase"",""deterministic_value"":true,""ai_value"":true,""status"":""agreed_true"",""confidence"":0.8,""evidence_text"":""仓单增加850手""},{""name"":""policy_demand_support"",""deterministic_value"":false,""ai_value"":false,""status"":""agreed_false"",""confidence"":0.8,""evidence_text"":""""},{""name"":""import_supply_pressure"",""deterministic_value"":false,""ai_value"":false,""status"":""agreed_false"",""confidence"":0.8,""evidence_text"":""""},{""name"":""cost_support"",""deterministic_value"":false,""ai_value"":false,""status"":""agreed_false"",""confidence"":0.8,""evidence_text"":""""},{""name"":""delivery_pressure"",""deterministic_value"":false,""ai_value"":false,""status"":""agreed_false"",""confidence"":0.8,""evidence_text"":""""},{""name"":""authoritative_source"",""deterministic_value"":true,""ai_value"":true,""status"":""agreed_true"",""confidence"":0.8,""evidence_text"":""广期所""},{""name"":""quantitative_evidence"",""deterministic_value"":false,""ai_value"":true,""status"":""disputed"",""confidence"":0.8,""evidence_text"":""850手""},{""name"":""uncertainty_high"",""deterministic_value"":false,""ai_value"":false,""status"":""agreed_false"",""confidence"":0.8,""evidence_text"":""""}]",仓单增加850手,rift_rule_enhanced_llm,Qwen/Qwen2.5-0.5B-Instruct,local-ecaa666a68a1c5e3
GFEX-WR-20250815,2025-08-15,bearish,-0.6,0.0,0.9,5,"[{""rule_id"":""LC-BEAR-01"",""target_label"":""bearish"",""conditions"":[""warehouse_receipt_increase""],""score"":0.033333333333333326,""coverage_positive"":0.6444444444444445,""coverage_negative"":0.6111111111111112,""support_documents"":51,""support_dates"":51,""status"":""qualified""},{""rule_id"":""LC-BEAR-02"",""target_label"":""bearish"",""conditions"":[""warehouse_receipt_increase"",""authoritative_source""],""score"":0.033333333333333326,""coverage_positive"":0.6444444444444445,""coverage_negative"":0.6111111111111112,""support_documents"":51,""support_dates"":51,""status"":""qualified""},{""rule_id"":""LC-BEAR-03"",""target_label"":""bearish"",""conditions"":[""authoritative_source""],""score"":0.016666666666666607,""coverage_positive"":0.8222222222222222,""coverage_negative"":0.8055555555555556,""support_documents"":65,""support_dates"":63,""status"":""qualified""}]","[{""name"":""supply_disruption"",""deterministic_value"":false,""ai_value"":false,""status"":""agreed_false"",""confidence"":0.9,""evidence_text"":""""},{""name"":""supply_expansion"",""deterministic_value"":false,""ai_value"":false,""status"":""agreed_false"",""confidence"":0.9,""evidence_text"":""""},{""name"":""production_resumption"",""deterministic_value"":false,""ai_value"":false,""status"":""agreed_false"",""confidence"":0.9,""evidence_text"":""""},{""name"":""demand_ev_positive"",""deterministic_value"":false,""ai_value"":false,""status"":""agreed_false"",""confidence"":0.9,""evidence_text"":""""},{""name"":""demand_storage_positive"",""deterministic_value"":false,""ai_value"":false,""status"":""agreed_false"",""confidence"":0.9,""evidence_text"":""""},{""name"":""demand_weak_or_price_war"",""deterministic_value"":false,""ai_value"":false,""status"":""agreed_false"",""confidence"":0.9,""evidence_text"":""""},{""name"":""inventory_drawdown"",""deterministic_value"":false,""ai_value"":false,""status"":""agreed_false"",""confidence"":0.9,""evidence_text"":""""},{""name"":""inventory_build"",""deterministic_value"":false,""ai_value"":false,""status"":""agreed_false"",""confidence"":0.9,""evidence_text"":""""},{""name"":""warehouse_receipt_decline"",""deterministic_value"":false,""ai_value"":false,""status"":""agreed_false"",""confidence"":0.9,""evidence_text"":""""},{""name"":""warehouse_receipt_increase"",""deterministic_value"":true,""ai_value"":true,""status"":""agreed_true"",""confidence"":0.9,""evidence_text"":""仓单增加1546手""},{""name"":""policy_demand_support"",""deterministic_value"":false,""ai_value"":false,""status"":""agreed_false"",""confidence"":0.9,""evidence_text"":""""},{""name"":""import_supply_pressure"",""deterministic_value"":false,""ai_value"":false,""status"":""agreed_false"",""confidence"":0.9,""evidence_text"":""""},{""name"":""cost_support"",""deterministic_value"":false,""ai_value"":false,""status"":""agreed_false"",""confidence"":0.9,""evidence_text"":""""},{""name"":""delivery_pressure"",""deterministic_value"":false,""ai_value"":false,""status"":""agreed_false"",""confidence"":0.9,""evidence_text"":""""},{""name"":""authoritative_source"",""deterministic_value"":true,""ai_value"":true,""status"":""agreed_true"",""confidence"":0.9,""evidence_text"":""广期所""},{""name"":""quantitative_evidence"",""deterministic_value"":false,""ai_value"":true,""status"":""disputed"",""confidence"":0.9,""evidence_text"":""1546手""},{""name"":""uncertainty_high"",""deterministic_value"":false,""ai_value"":false,""status"":""agreed_false"",""confidence"":0.9,""evidence_text"":""""}]",仓单增加1546手,rift_rule_enhanced_llm,Qwen/Qwen2.5-0.5B-Instruct,local-e0db93c93f9fb6d9
GFEX-WR-20250826,2025-08-26,bearish,-0.6,0.0,0.8,5,"[{""rule_id"":""LC-BEAR-01"",""target_label"":""bearish"",""conditions"":[""warehouse_receipt_increase""],""score"":0.033333333333333326,""coverage_positive"":0.6444444444444445,""coverage_negative"":0.6111111111111112,""support_documents"":51,""support_dates"":51,""status"":""qualified""},{""rule_id"":""LC-BEAR-02"",""target_label"":""bearish"",""conditions"":[""warehouse_receipt_increase"",""authoritative_source""],""score"":0.033333333333333326,""coverage_positive"":0.6444444444444445,""coverage_negative"":0.6111111111111112,""support_documents"":51,""support_dates"":51,""status"":""qualified""},{""rule_id"":""LC-BEAR-03"",""target_label"":""bearish"",""conditions"":[""authoritative_source""],""score"":0.016666666666666607,""coverage_positive"":0.8222222222222222,""coverage_negative"":0.8055555555555556,""support_documents"":65,""support_dates"":63,""status"":""qualified""}]","[{""name"":""supply_disruption"",""deterministic_value"":false,""ai_value"":false,""status"":""agreed_false"",""confidence"":0.8,""evidence_text"":""""},{""name"":""supply_expansion"",""deterministic_value"":false,""ai_value"":false,""status"":""agreed_false"",""confidence"":0.8,""evidence_text"":""""},{""name"":""production_resumption"",""deterministic_value"":false,""ai_value"":false,""status"":""agreed_false"",""confidence"":0.8,""evidence_text"":""""},{""name"":""demand_ev_positive"",""deterministic_value"":false,""ai_value"":false,""status"":""agreed_false"",""confidence"":0.8,""evidence_text"":""""},{""name"":""demand_storage_positive"",""deterministic_value"":false,""ai_value"":false,""status"":""agreed_false"",""confidence"":0.8,""evidence_text"":""""},{""name"":""demand_weak_or_price_war"",""deterministic_value"":false,""ai_value"":false,""status"":""agreed_false"",""confidence"":0.8,""evidence_text"":""""},{""name"":""inventory_drawdown"",""deterministic_value"":false,""ai_value"":false,""status"":""agreed_false"",""confidence"":0.8,""evidence_text"":""""},{""name"":""inventory_build"",""deterministic_value"":false,""ai_value"":false,""status"":""agreed_false"",""confidence"":0.8,""evidence_text"":""""},{""name"":""warehouse_receipt_decline"",""deterministic_value"":false,""ai_value"":false,""status"":""agreed_false"",""confidence"":0.8,""evidence_text"":""""},{""name"":""warehouse_receipt_increase"",""deterministic_value"":true,""ai_value"":true,""status"":""agreed_true"",""confidence"":0.8,""evidence_text"":""仓单增加1060手""},{""name"":""policy_demand_support"",""deterministic_value"":false,""ai_value"":false,""status"":""agreed_false"",""confidence"":0.8,""evidence_text"":""""},{""name"":""import_supply_pressure"",""deterministic_value"":false,""ai_value"":false,""status"":""agreed_false"",""confidence"":0.8,""evidence_text"":""""},{""name"":""cost_support"",""deterministic_value"":false,""ai_value"":false,""status"":""agreed_false"",""confidence"":0.8,""evidence_text"":""""},{""name"":""delivery_pressure"",""deterministic_value"":false,""ai_value"":false,""status"":""agreed_false"",""confidence"":0.8,""evidence_text"":""""},{""name"":""authoritative_source"",""deterministic_value"":true,""ai_value"":true,""status"":""agreed_true"",""confidence"":0.8,""evidence_text"":""广期所""},{""name"":""quantitative_evidence"",""deterministic_value"":false,""ai_value"":true,""status"":""disputed"",""confidence"":0.8,""evidence_text"":""26690手""},{""name"":""uncertainty_high"",""deterministic_value"":false,""ai_value"":true,""status"":""disputed"",""confidence"":0.8,""evidence_text"":""增加1060手""}]",仓单增加1060手,rift_rule_enhanced_llm,Qwen/Qwen2.5-0.5B-Instruct,local-dc5c7e221afe7bec
LC-TEXT-0020,2025-08-27,neutral,0.0,0.0,0.8,5,[],"[{""name"":""supply_disruption"",""deterministic_value"":false,""ai_value"":false,""status"":""agreed_false"",""confidence"":0.8,""evidence_text"":""""},{""name"":""supply_expansion"",""deterministic_value"":false,""ai_value"":false,""status"":""agreed_false"",""confidence"":0.8,""evidence_text"":""""},{""name"":""production_resumption"",""deterministic_value"":false,""ai_value"":false,""status"":""agreed_false"",""confidence"":0.8,""evidence_text"":""""},{""name"":""demand_ev_positive"",""deterministic_value"":false,""ai_value"":false,""status"":""agreed_false"",""confidence"":0.8,""evidence_text"":""""},{""name"":""demand_storage_positive"",""deterministic_value"":true,""ai_value"":false,""status"":""disputed"",""confidence"":0.8,""evidence_text"":""新型储能规模化""},{""name"":""demand_weak_or_price_war"",""deterministic_value"":false,""ai_value"":false,""status"":""agreed_false"",""confidence"":0.8,""evidence_text"":""""},{""name"":""inventory_drawdown"",""deterministic_value"":false,""ai_value"":false,""status"":""agreed_false"",""confidence"":0.8,""evidence_text"":""""},{""name"":""inventory_build"",""deterministic_value"":false,""ai_value"":false,""status"":""agreed_false"",""confidence"":0.8,""evidence_text"":""""},{""name"":""warehouse_receipt_decline"",""deterministic_value"":false,""ai_value"":true,""status"":""disputed"",""confidence"":0.8,""evidence_text"":""关于印发《新型储能规模化建设专项行动方案(2025—2027年)》的通知""},{""name"":""warehouse_receipt_increase"",""deterministic_value"":false,""ai_value"":true,""status"":""disputed"",""confidence"":0.8,""evidence_text"":""关于印发《新型储能规模化建设专项行动方案(2025—2027年)》的通知""},{""name"":""policy_demand_support"",""deterministic_value"":true,""ai_value"":false,""status"":""disputed"",""confidence"":0.8,""evidence_text"":""储能规模化""},{""name"":""import_supply_pressure"",""deterministic_value"":false,""ai_value"":false,""status"":""agreed_false"",""confidence"":0.8,""evidence_text"":""""},{""name"":""cost_support"",""deterministic_value"":false,""ai_value"":false,""status"":""agreed_false"",""confidence"":0.8,""evidence_text"":""""},{""name"":""delivery_pressure"",""deterministic_value"":false,""ai_value"":false,""status"":""agreed_false"",""confidence"":0.8,""evidence_text"":""""},{""name"":""authoritative_source"",""deterministic_value"":true,""ai_value"":false,""status"":""disputed"",""confidence"":0.8,""evidence_text"":""国家发展改革委""},{""name"":""quantitative_evidence"",""deterministic_value"":false,""ai_value"":false,""status"":""agreed_false"",""confidence"":0.8,""evidence_text"":""""},{""name"":""uncertainty_high"",""deterministic_value"":false,""ai_value"":false,""status"":""agreed_false"",""confidence"":0.8,""evidence_text"":""""}]",关于印发《新型储能规模化建设专项行动方案(2025—2027年)》的通知,rulebook_inactive,Qwen/Qwen2.5-0.5B-Instruct,local-ceb277fc67e0b08c
GFEX-WR-20250828,2025-08-28,bearish,-0.6,0.0,0.8,5,"[{""rule_id"":""LC-BEAR-01"",""target_label"":""bearish"",""conditions"":[""warehouse_receipt_increase""],""score"":0.033333333333333326,""coverage_positive"":0.6444444444444445,""coverage_negative"":0.6111111111111112,""support_documents"":51,""support_dates"":51,""status"":""qualified""},{""rule_id"":""LC-BEAR-02"",""target_label"":""bearish"",""conditions"":[""warehouse_receipt_increase"",""authoritative_source""],""score"":0.033333333333333326,""coverage_positive"":0.6444444444444445,""coverage_negative"":0.6111111111111112,""support_documents"":51,""support_dates"":51,""status"":""qualified""},{""rule_id"":""LC-BEAR-03"",""target_label"":""bearish"",""conditions"":[""authoritative_source""],""score"":0.016666666666666607,""coverage_positive"":0.8222222222222222,""coverage_negative"":0.8055555555555556,""support_documents"":65,""support_dates"":63,""status"":""qualified""}]","[{""name"":""supply_disruption"",""deterministic_value"":false,""ai_value"":false,""status"":""agreed_false"",""confidence"":0.8,""evidence_text"":""""},{""name"":""supply_expansion"",""deterministic_value"":false,""ai_value"":false,""status"":""agreed_false"",""confidence"":0.8,""evidence_text"":""""},{""name"":""production_resumption"",""deterministic_value"":false,""ai_value"":false,""status"":""agreed_false"",""confidence"":0.8,""evidence_text"":""""},{""name"":""demand_ev_positive"",""deterministic_value"":false,""ai_value"":false,""status"":""agreed_false"",""confidence"":0.8,""evidence_text"":""""},{""name"":""demand_storage_positive"",""deterministic_value"":false,""ai_value"":false,""status"":""agreed_false"",""confidence"":0.8,""evidence_text"":""""},{""name"":""demand_weak_or_price_war"",""deterministic_value"":false,""ai_value"":false,""status"":""agreed_false"",""confidence"":0.8,""evidence_text"":""""},{""name"":""inventory_drawdown"",""deterministic_value"":false,""ai_value"":false,""status"":""agreed_false"",""confidence"":0.8,""evidence_text"":""""},{""name"":""inventory_build"",""deterministic_value"":false,""ai_value"":false,""status"":""agreed_false"",""confidence"":0.8,""evidence_text"":""""},{""name"":""warehouse_receipt_decline"",""deterministic_value"":false,""ai_value"":false,""status"":""agreed_false"",""confidence"":0.8,""evidence_text"":""""},{""name"":""warehouse_receipt_increase"",""deterministic_value"":true,""ai_value"":true,""status"":""agreed_true"",""confidence"":0.8,""evidence_text"":""仓单增加1480手""},{""name"":""policy_demand_support"",""deterministic_value"":false,""ai_value"":false,""status"":""agreed_false"",""confidence"":0.8,""evidence_text"":""""},{""name"":""import_supply_pressure"",""deterministic_value"":false,""ai_value"":false,""status"":""agreed_false"",""confidence"":0.8,""evidence_text"":""""},{""name"":""cost_support"",""deterministic_value"":false,""ai_value"":false,""status"":""agreed_false"",""confidence"":0.8,""evidence_text"":""""},{""name"":""delivery_pressure"",""deterministic_value"":false,""ai_value"":false,""status"":""agreed_false"",""confidence"":0.8,""evidence_text"":""""},{""name"":""authoritative_source"",""deterministic_value"":true,""ai_value"":true,""status"":""agreed_true"",""confidence"":0.8,""evidence_text"":""广期所""},{""name"":""quantitative_evidence"",""deterministic_value"":false,""ai_value"":true,""status"":""disputed"",""confidence"":0.8,""evidence_text"":""28957手""},{""name"":""uncertainty_high"",""deterministic_value"":false,""ai_value"":true,""status"":""disputed"",""confidence"":0.8,""evidence_text"":""增加1480手""}]",仓单增加1480手,rift_rule_enhanced_llm,Qwen/Qwen2.5-0.5B-Instruct,local-a5e4f30770156091
GFEX-WR-20250829,2025-08-29,neutral,-0.0,0.0,0.8,5,"[{""rule_id"":""LC-BEAR-01"",""target_label"":""bearish"",""conditions"":[""warehouse_receipt_increase""],""score"":0.033333333333333326,""coverage_positive"":0.6444444444444445,""coverage_negative"":0.6111111111111112,""support_documents"":51,""support_dates"":51,""status"":""qualified""},{""rule_id"":""LC-BEAR-02"",""target_label"":""bearish"",""conditions"":[""warehouse_receipt_increase"",""authoritative_source""],""score"":0.033333333333333326,""coverage_positive"":0.6444444444444445,""coverage_negative"":0.6111111111111112,""support_documents"":51,""support_dates"":51,""status"":""qualified""},{""rule_id"":""LC-BEAR-03"",""target_label"":""bearish"",""conditions"":[""authoritative_source""],""score"":0.016666666666666607,""coverage_positive"":0.8222222222222222,""coverage_negative"":0.8055555555555556,""support_documents"":65,""support_dates"":63,""status"":""qualified""}]","[{""name"":""supply_disruption"",""deterministic_value"":false,""ai_value"":false,""status"":""agreed_false"",""confidence"":0.8,""evidence_text"":""""},{""name"":""supply_expansion"",""deterministic_value"":false,""ai_value"":false,""status"":""agreed_false"",""confidence"":0.8,""evidence_text"":""""},{""name"":""production_resumption"",""deterministic_value"":false,""ai_value"":false,""status"":""agreed_false"",""confidence"":0.8,""evidence_text"":""""},{""name"":""demand_ev_positive"",""deterministic_value"":false,""ai_value"":false,""status"":""agreed_false"",""confidence"":0.8,""evidence_text"":""""},{""name"":""demand_storage_positive"",""deterministic_value"":false,""ai_value"":false,""status"":""agreed_false"",""confidence"":0.8,""evidence_text"":""""},{""name"":""demand_weak_or_price_war"",""deterministic_value"":false,""ai_value"":false,""status"":""agreed_false"",""confidence"":0.8,""evidence_text"":""""},{""name"":""inventory_drawdown"",""deterministic_value"":false,""ai_value"":false,""status"":""agreed_false"",""confidence"":0.8,""evidence_text"":""""},{""name"":""inventory_build"",""deterministic_value"":false,""ai_value"":false,""status"":""agreed_false"",""confidence"":0.8,""evidence_text"":""""},{""name"":""warehouse_receipt_decline"",""deterministic_value"":false,""ai_value"":false,""status"":""agreed_false"",""confidence"":0.8,""evidence_text"":""""},{""name"":""warehouse_receipt_increase"",""deterministic_value"":true,""ai_value"":true,""status"":""agreed_true"",""confidence"":0.8,""evidence_text"":""仓单增加930手""},{""name"":""policy_demand_support"",""deterministic_value"":false,""ai_value"":false,""status"":""agreed_false"",""confidence"":0.8,""evidence_text"":""""},{""name"":""import_supply_pressure"",""deterministic_value"":false,""ai_value"":false,""status"":""agreed_false"",""confidence"":0.8,""evidence_text"":""""},{""name"":""cost_support"",""deterministic_value"":false,""ai_value"":false,""status"":""agreed_false"",""confidence"":0.8,""evidence_text"":""""},{""name"":""delivery_pressure"",""deterministic_value"":false,""ai_value"":false,""status"":""agreed_false"",""confidence"":0.8,""evidence_text"":""""},{""name"":""authoritative_source"",""deterministic_value"":true,""ai_value"":true,""status"":""agreed_true"",""confidence"":0.8,""evidence_text"":""广期所""},{""name"":""quantitative_evidence"",""deterministic_value"":false,""ai_value"":true,""status"":""disputed"",""confidence"":0.8,""evidence_text"":""930手""},{""name"":""uncertainty_high"",""deterministic_value"":false,""ai_value"":false,""status"":""agreed_false"",""confidence"":0.8,""evidence_text"":""""}]",仓单增加930手,rift_rule_enhanced_llm,Qwen/Qwen2.5-0.5B-Instruct,local-8425cc1cb4351ba8
GFEX-WR-20250901,2025-09-01,bearish,-0.6,0.0,0.8,5,"[{""rule_id"":""LC-BEAR-01"",""target_label"":""bearish"",""conditions"":[""warehouse_receipt_increase""],""score"":0.033333333333333326,""coverage_positive"":0.6444444444444445,""coverage_negative"":0.6111111111111112,""support_documents"":51,""support_dates"":51,""status"":""qualified""},{""rule_id"":""LC-BEAR-02"",""target_label"":""bearish"",""conditions"":[""warehouse_receipt_increase"",""authoritative_source""],""score"":0.033333333333333326,""coverage_positive"":0.6444444444444445,""coverage_negative"":0.6111111111111112,""support_documents"":51,""support_dates"":51,""status"":""qualified""},{""rule_id"":""LC-BEAR-03"",""target_label"":""bearish"",""conditions"":[""authoritative_source""],""score"":0.016666666666666607,""coverage_positive"":0.8222222222222222,""coverage_negative"":0.8055555555555556,""support_documents"":65,""support_dates"":63,""status"":""qualified""}]","[{""name"":""supply_disruption"",""deterministic_value"":false,""ai_value"":false,""status"":""agreed_false"",""confidence"":0.8,""evidence_text"":""""},{""name"":""supply_expansion"",""deterministic_value"":false,""ai_value"":false,""status"":""agreed_false"",""confidence"":0.8,""evidence_text"":""""},{""name"":""production_resumption"",""deterministic_value"":false,""ai_value"":false,""status"":""agreed_false"",""confidence"":0.8,""evidence_text"":""""},{""name"":""demand_ev_positive"",""deterministic_value"":false,""ai_value"":false,""status"":""agreed_false"",""confidence"":0.8,""evidence_text"":""""},{""name"":""demand_storage_positive"",""deterministic_value"":false,""ai_value"":false,""status"":""agreed_false"",""confidence"":0.8,""evidence_text"":""""},{""name"":""demand_weak_or_price_war"",""deterministic_value"":false,""ai_value"":false,""status"":""agreed_false"",""confidence"":0.8,""evidence_text"":""""},{""name"":""inventory_drawdown"",""deterministic_value"":false,""ai_value"":false,""status"":""agreed_false"",""confidence"":0.8,""evidence_text"":""""},{""name"":""inventory_build"",""deterministic_value"":false,""ai_value"":false,""status"":""agreed_false"",""confidence"":0.8,""evidence_text"":""""},{""name"":""warehouse_receipt_decline"",""deterministic_value"":false,""ai_value"":false,""status"":""agreed_false"",""confidence"":0.8,""evidence_text"":""""},{""name"":""warehouse_receipt_increase"",""deterministic_value"":true,""ai_value"":true,""status"":""agreed_true"",""confidence"":0.8,""evidence_text"":""仓单增加1310手""},{""name"":""policy_demand_support"",""deterministic_value"":false,""ai_value"":false,""status"":""agreed_false"",""confidence"":0.8,""evidence_text"":""""},{""name"":""import_supply_pressure"",""deterministic_value"":false,""ai_value"":false,""status"":""agreed_false"",""confidence"":0.8,""evidence_text"":""""},{""name"":""cost_support"",""deterministic_value"":false,""ai_value"":false,""status"":""agreed_false"",""confidence"":0.8,""evidence_text"":""""},{""name"":""delivery_pressure"",""deterministic_value"":false,""ai_value"":false,""status"":""agreed_false"",""confidence"":0.8,""evidence_text"":""""},{""name"":""authoritative_source"",""deterministic_value"":true,""ai_value"":true,""status"":""agreed_true"",""confidence"":0.8,""evidence_text"":""广期所""},{""name"":""quantitative_evidence"",""deterministic_value"":false,""ai_value"":true,""status"":""disputed"",""confidence"":0.8,""evidence_text"":""31197手""},{""name"":""uncertainty_high"",""deterministic_value"":false,""ai_value"":false,""status"":""agreed_false"",""confidence"":0.8,""evidence_text"":""""}]",仓单增加1310手,rift_rule_enhanced_llm,Qwen/Qwen2.5-0.5B-Instruct,local-925a7e8a3af36bb3
GFEX-WR-20250903,2025-09-03,bearish,-0.6,0.0,0.8,5,"[{""rule_id"":""LC-BEAR-01"",""target_label"":""bearish"",""conditions"":[""warehouse_receipt_increase""],""score"":0.033333333333333326,""coverage_positive"":0.6444444444444445,""coverage_negative"":0.6111111111111112,""support_documents"":51,""support_dates"":51,""status"":""qualified""},{""rule_id"":""LC-BEAR-02"",""target_label"":""bearish"",""conditions"":[""warehouse_receipt_increase"",""authoritative_source""],""score"":0.033333333333333326,""coverage_positive"":0.6444444444444445,""coverage_negative"":0.6111111111111112,""support_documents"":51,""support_dates"":51,""status"":""qualified""},{""rule_id"":""LC-BEAR-03"",""target_label"":""bearish"",""conditions"":[""authoritative_source""],""score"":0.016666666666666607,""coverage_positive"":0.8222222222222222,""coverage_negative"":0.8055555555555556,""support_documents"":65,""support_dates"":63,""status"":""qualified""}]","[{""name"":""supply_disruption"",""deterministic_value"":false,""ai_value"":false,""status"":""agreed_false"",""confidence"":0.8,""evidence_text"":""""},{""name"":""supply_expansion"",""deterministic_value"":false,""ai_value"":false,""status"":""agreed_false"",""confidence"":0.8,""evidence_text"":""""},{""name"":""production_resumption"",""deterministic_value"":false,""ai_value"":false,""status"":""agreed_false"",""confidence"":0.8,""evidence_text"":""""},{""name"":""demand_ev_positive"",""deterministic_value"":false,""ai_value"":false,""status"":""agreed_false"",""confidence"":0.8,""evidence_text"":""""},{""name"":""demand_storage_positive"",""deterministic_value"":false,""ai_value"":false,""status"":""agreed_false"",""confidence"":0.8,""evidence_text"":""""},{""name"":""demand_weak_or_price_war"",""deterministic_value"":false,""ai_value"":false,""status"":""agreed_false"",""confidence"":0.8,""evidence_text"":""""},{""name"":""inventory_drawdown"",""deterministic_value"":false,""ai_value"":false,""status"":""agreed_false"",""confidence"":0.8,""evidence_text"":""""},{""name"":""inventory_build"",""deterministic_value"":false,""ai_value"":false,""status"":""agreed_false"",""confidence"":0.8,""evidence_text"":""""},{""name"":""warehouse_receipt_decline"",""deterministic_value"":false,""ai_value"":false,""status"":""agreed_false"",""confidence"":0.8,""evidence_text"":""""},{""name"":""warehouse_receipt_increase"",""deterministic_value"":true,""ai_value"":true,""status"":""agreed_true"",""confidence"":0.8,""evidence_text"":""仓单增加2111手""},{""name"":""policy_demand_support"",""deterministic_value"":false,""ai_value"":false,""status"":""agreed_false"",""confidence"":0.8,""evidence_text"":""""},{""name"":""import_supply_pressure"",""deterministic_value"":false,""ai_value"":false,""status"":""agreed_false"",""confidence"":0.8,""evidence_text"":""""},{""name"":""cost_support"",""deterministic_value"":false,""ai_value"":false,""status"":""agreed_false"",""confidence"":0.8,""evidence_text"":""""},{""name"":""delivery_pressure"",""deterministic_value"":false,""ai_value"":false,""status"":""agreed_false"",""confidence"":0.8,""evidence_text"":""""},{""name"":""authoritative_source"",""deterministic_value"":true,""ai_value"":true,""status"":""agreed_true"",""confidence"":0.8,""evidence_text"":""广期所""},{""name"":""quantitative_evidence"",""deterministic_value"":false,""ai_value"":true,""status"":""disputed"",""confidence"":0.8,""evidence_text"":""34118手""},{""name"":""uncertainty_high"",""deterministic_value"":false,""ai_value"":true,""status"":""disputed"",""confidence"":0.8,""evidence_text"":""增加2111手""}]",仓单增加2111手,rift_rule_enhanced_llm,Qwen/Qwen2.5-0.5B-Instruct,local-c320fe07226b0029
GFEX-WR-20250904,2025-09-04,neutral,-0.0,0.0,0.8,5,"[{""rule_id"":""LC-BEAR-01"",""target_label"":""bearish"",""conditions"":[""warehouse_receipt_increase""],""score"":0.033333333333333326,""coverage_positive"":0.6444444444444445,""coverage_negative"":0.6111111111111112,""support_documents"":51,""support_dates"":51,""status"":""qualified""},{""rule_id"":""LC-BEAR-02"",""target_label"":""bearish"",""conditions"":[""warehouse_receipt_increase"",""authoritative_source""],""score"":0.033333333333333326,""coverage_positive"":0.6444444444444445,""coverage_negative"":0.6111111111111112,""support_documents"":51,""support_dates"":51,""status"":""qualified""},{""rule_id"":""LC-BEAR-03"",""target_label"":""bearish"",""conditions"":[""authoritative_source""],""score"":0.016666666666666607,""coverage_positive"":0.8222222222222222,""coverage_negative"":0.8055555555555556,""support_documents"":65,""support_dates"":63,""status"":""qualified""}]","[{""name"":""supply_disruption"",""deterministic_value"":false,""ai_value"":false,""status"":""agreed_false"",""confidence"":0.8,""evidence_text"":""""},{""name"":""supply_expansion"",""deterministic_value"":false,""ai_value"":false,""status"":""agreed_false"",""confidence"":0.8,""evidence_text"":""""},{""name"":""production_resumption"",""deterministic_value"":false,""ai_value"":false,""status"":""agreed_false"",""confidence"":0.8,""evidence_text"":""""},{""name"":""demand_ev_positive"",""deterministic_value"":false,""ai_value"":false,""status"":""agreed_false"",""confidence"":0.8,""evidence_text"":""""},{""name"":""demand_storage_positive"",""deterministic_value"":false,""ai_value"":false,""status"":""agreed_false"",""confidence"":0.8,""evidence_text"":""""},{""name"":""demand_weak_or_price_war"",""deterministic_value"":false,""ai_value"":false,""status"":""agreed_false"",""confidence"":0.8,""evidence_text"":""""},{""name"":""inventory_drawdown"",""deterministic_value"":false,""ai_value"":false,""status"":""agreed_false"",""confidence"":0.8,""evidence_text"":""""},{""name"":""inventory_build"",""deterministic_value"":false,""ai_value"":false,""status"":""agreed_false"",""confidence"":0.8,""evidence_text"":""""},{""name"":""warehouse_receipt_decline"",""deterministic_value"":false,""ai_value"":false,""status"":""agreed_false"",""confidence"":0.8,""evidence_text"":""""},{""name"":""warehouse_receipt_increase"",""deterministic_value"":true,""ai_value"":true,""status"":""agreed_true"",""confidence"":0.8,""evidence_text"":""仓单增加830手""},{""name"":""policy_demand_support"",""deterministic_value"":false,""ai_value"":false,""status"":""agreed_false"",""confidence"":0.8,""evidence_text"":""""},{""name"":""import_supply_pressure"",""deterministic_value"":false,""ai_value"":false,""status"":""agreed_false"",""confidence"":0.8,""evidence_text"":""""},{""name"":""cost_support"",""deterministic_value"":false,""ai_value"":false,""status"":""agreed_false"",""confidence"":0.8,""evidence_text"":""""},{""name"":""delivery_pressure"",""deterministic_value"":false,""ai_value"":false,""status"":""agreed_false"",""confidence"":0.8,""evidence_text"":""""},{""name"":""authoritative_source"",""deterministic_value"":true,""ai_value"":true,""status"":""agreed_true"",""confidence"":0.8,""evidence_text"":""广期所""},{""name"":""quantitative_evidence"",""deterministic_value"":false,""ai_value"":true,""status"":""disputed"",""confidence"":0.8,""evidence_text"":""830手""},{""name"":""uncertainty_high"",""deterministic_value"":false,""ai_value"":false,""status"":""agreed_false"",""confidence"":0.8,""evidence_text"":""""}]",仓单增加830手,rift_rule_enhanced_llm,Qwen/Qwen2.5-0.5B-Instruct,local-bf75a425129d5fde
GFEX-WR-20250905,2025-09-05,bearish,-0.6,0.0,0.8,5,"[{""rule_id"":""LC-BEAR-01"",""target_label"":""bearish"",""conditions"":[""warehouse_receipt_increase""],""score"":0.033333333333333326,""coverage_positive"":0.6444444444444445,""coverage_negative"":0.6111111111111112,""support_documents"":51,""support_dates"":51,""status"":""qualified""},{""rule_id"":""LC-BEAR-02"",""target_label"":""bearish"",""conditions"":[""warehouse_receipt_increase"",""authoritative_source""],""score"":0.033333333333333326,""coverage_positive"":0.6444444444444445,""coverage_negative"":0.6111111111111112,""support_documents"":51,""support_dates"":51,""status"":""qualified""},{""rule_id"":""LC-BEAR-03"",""target_label"":""bearish"",""conditions"":[""authoritative_source""],""score"":0.016666666666666607,""coverage_positive"":0.8222222222222222,""coverage_negative"":0.8055555555555556,""support_documents"":65,""support_dates"":63,""status"":""qualified""}]","[{""name"":""supply_disruption"",""deterministic_value"":false,""ai_value"":false,""status"":""agreed_false"",""confidence"":0.8,""evidence_text"":""""},{""name"":""supply_expansion"",""deterministic_value"":false,""ai_value"":false,""status"":""agreed_false"",""confidence"":0.8,""evidence_text"":""""},{""name"":""production_resumption"",""deterministic_value"":false,""ai_value"":false,""status"":""agreed_false"",""confidence"":0.8,""evidence_text"":""""},{""name"":""demand_ev_positive"",""deterministic_value"":false,""ai_value"":false,""status"":""agreed_false"",""confidence"":0.8,""evidence_text"":""""},{""name"":""demand_storage_positive"",""deterministic_value"":false,""ai_value"":false,""status"":""agreed_false"",""confidence"":0.8,""evidence_text"":""""},{""name"":""demand_weak_or_price_war"",""deterministic_value"":false,""ai_value"":false,""status"":""agreed_false"",""confidence"":0.8,""evidence_text"":""""},{""name"":""inventory_drawdown"",""deterministic_value"":false,""ai_value"":false,""status"":""agreed_false"",""confidence"":0.8,""evidence_text"":""""},{""name"":""inventory_build"",""deterministic_value"":false,""ai_value"":false,""status"":""agreed_false"",""confidence"":0.8,""evidence_text"":""""},{""name"":""warehouse_receipt_decline"",""deterministic_value"":false,""ai_value"":false,""status"":""agreed_false"",""confidence"":0.8,""evidence_text"":""""},{""name"":""warehouse_receipt_increase"",""deterministic_value"":true,""ai_value"":true,""status"":""agreed_true"",""confidence"":0.8,""evidence_text"":""仓单增加1683手""},{""name"":""policy_demand_support"",""deterministic_value"":false,""ai_value"":false,""status"":""agreed_false"",""confidence"":0.8,""evidence_text"":""""},{""name"":""import_supply_pressure"",""deterministic_value"":false,""ai_value"":false,""status"":""agreed_false"",""confidence"":0.8,""evidence_text"":""""},{""name"":""cost_support"",""deterministic_value"":false,""ai_value"":false,""status"":""agreed_false"",""confidence"":0.8,""evidence_text"":""""},{""name"":""delivery_pressure"",""deterministic_value"":false,""ai_value"":false,""status"":""agreed_false"",""confidence"":0.8,""evidence_text"":""""},{""name"":""authoritative_source"",""deterministic_value"":true,""ai_value"":true,""status"":""agreed_true"",""confidence"":0.8,""evidence_text"":""广期所""},{""name"":""quantitative_evidence"",""deterministic_value"":false,""ai_value"":true,""status"":""disputed"",""confidence"":0.8,""evidence_text"":""36631手""},{""name"":""uncertainty_high"",""deterministic_value"":false,""ai_value"":false,""status"":""agreed_false"",""confidence"":0.8,""evidence_text"":""""}]",仓单增加1683手,rift_rule_enhanced_llm,Qwen/Qwen2.5-0.5B-Instruct,local-7c6aba677cdb90ac
GFEX-WR-20250908,2025-09-08,neutral,-0.0,0.0,0.8,5,"[{""rule_id"":""LC-BEAR-01"",""target_label"":""bearish"",""conditions"":[""warehouse_receipt_increase""],""score"":0.033333333333333326,""coverage_positive"":0.6444444444444445,""coverage_negative"":0.6111111111111112,""support_documents"":51,""support_dates"":51,""status"":""qualified""},{""rule_id"":""LC-BEAR-02"",""target_label"":""bearish"",""conditions"":[""warehouse_receipt_increase"",""authoritative_source""],""score"":0.033333333333333326,""coverage_positive"":0.6444444444444445,""coverage_negative"":0.6111111111111112,""support_documents"":51,""support_dates"":51,""status"":""qualified""},{""rule_id"":""LC-BEAR-03"",""target_label"":""bearish"",""conditions"":[""authoritative_source""],""score"":0.016666666666666607,""coverage_positive"":0.8222222222222222,""coverage_negative"":0.8055555555555556,""support_documents"":65,""support_dates"":63,""status"":""qualified""}]","[{""name"":""supply_disruption"",""deterministic_value"":false,""ai_value"":false,""status"":""agreed_false"",""confidence"":0.8,""evidence_text"":""""},{""name"":""supply_expansion"",""deterministic_value"":false,""ai_value"":false,""status"":""agreed_false"",""confidence"":0.8,""evidence_text"":""""},{""name"":""production_resumption"",""deterministic_value"":false,""ai_value"":false,""status"":""agreed_false"",""confidence"":0.8,""evidence_text"":""""},{""name"":""demand_ev_positive"",""deterministic_value"":false,""ai_value"":false,""status"":""agreed_false"",""confidence"":0.8,""evidence_text"":""""},{""name"":""demand_storage_positive"",""deterministic_value"":false,""ai_value"":false,""status"":""agreed_false"",""confidence"":0.8,""evidence_text"":""""},{""name"":""demand_weak_or_price_war"",""deterministic_value"":false,""ai_value"":false,""status"":""agreed_false"",""confidence"":0.8,""evidence_text"":""""},{""name"":""inventory_drawdown"",""deterministic_value"":false,""ai_value"":false,""status"":""agreed_false"",""confidence"":0.8,""evidence_text"":""""},{""name"":""inventory_build"",""deterministic_value"":false,""ai_value"":false,""status"":""agreed_false"",""confidence"":0.8,""evidence_text"":""""},{""name"":""warehouse_receipt_decline"",""deterministic_value"":false,""ai_value"":false,""status"":""agreed_false"",""confidence"":0.8,""evidence_text"":""""},{""name"":""warehouse_receipt_increase"",""deterministic_value"":true,""ai_value"":true,""status"":""agreed_true"",""confidence"":0.8,""evidence_text"":""仓单增加820手""},{""name"":""policy_demand_support"",""deterministic_value"":false,""ai_value"":false,""status"":""agreed_false"",""confidence"":0.8,""evidence_text"":""""},{""name"":""import_supply_pressure"",""deterministic_value"":false,""ai_value"":false,""status"":""agreed_false"",""confidence"":0.8,""evidence_text"":""""},{""name"":""cost_support"",""deterministic_value"":false,""ai_value"":false,""status"":""agreed_false"",""confidence"":0.8,""evidence_text"":""""},{""name"":""delivery_pressure"",""deterministic_value"":false,""ai_value"":false,""status"":""agreed_false"",""confidence"":0.8,""evidence_text"":""""},{""name"":""authoritative_source"",""deterministic_value"":true,""ai_value"":true,""status"":""agreed_true"",""confidence"":0.8,""evidence_text"":""广期所""},{""name"":""quantitative_evidence"",""deterministic_value"":false,""ai_value"":true,""status"":""disputed"",""confidence"":0.8,""evidence_text"":""820手""},{""name"":""uncertainty_high"",""deterministic_value"":false,""ai_value"":false,""status"":""agreed_false"",""confidence"":0.8,""evidence_text"":""""}]",仓单增加820手,rift_rule_enhanced_llm,Qwen/Qwen2.5-0.5B-Instruct,local-6344e2013eaa43cc
LC-TEXT-0022,2025-09-22,neutral,0.0,0.0,1.0,5,[],"[{""name"":""supply_disruption"",""deterministic_value"":false,""ai_value"":false,""status"":""agreed_false"",""confidence"":1.0,""evidence_text"":""""},{""name"":""supply_expansion"",""deterministic_value"":false,""ai_value"":false,""status"":""agreed_false"",""confidence"":1.0,""evidence_text"":""""},{""name"":""production_resumption"",""deterministic_value"":false,""ai_value"":false,""status"":""agreed_false"",""confidence"":1.0,""evidence_text"":""""},{""name"":""demand_ev_positive"",""deterministic_value"":false,""ai_value"":false,""status"":""agreed_false"",""confidence"":1.0,""evidence_text"":""""},{""name"":""demand_storage_positive"",""deterministic_value"":false,""ai_value"":false,""status"":""agreed_false"",""confidence"":1.0,""evidence_text"":""""},{""name"":""demand_weak_or_price_war"",""deterministic_value"":false,""ai_value"":false,""status"":""agreed_false"",""confidence"":1.0,""evidence_text"":""""},{""name"":""inventory_drawdown"",""deterministic_value"":false,""ai_value"":false,""status"":""agreed_false"",""confidence"":1.0,""evidence_text"":""""},{""name"":""inventory_build"",""deterministic_value"":false,""ai_value"":false,""status"":""agreed_false"",""confidence"":1.0,""evidence_text"":""""},{""name"":""warehouse_receipt_decline"",""deterministic_value"":false,""ai_value"":false,""status"":""agreed_false"",""confidence"":1.0,""evidence_text"":""""},{""name"":""warehouse_receipt_increase"",""deterministic_value"":false,""ai_value"":false,""status"":""agreed_false"",""confidence"":1.0,""evidence_text"":""""},{""name"":""policy_demand_support"",""deterministic_value"":true,""ai_value"":false,""status"":""disputed"",""confidence"":1.0,""evidence_text"":""购置税减免""},{""name"":""import_supply_pressure"",""deterministic_value"":false,""ai_value"":false,""status"":""agreed_false"",""confidence"":1.0,""evidence_text"":""""},{""name"":""cost_support"",""deterministic_value"":false,""ai_value"":false,""status"":""agreed_false"",""confidence"":1.0,""evidence_text"":""""},{""name"":""delivery_pressure"",""deterministic_value"":false,""ai_value"":false,""status"":""agreed_false"",""confidence"":1.0,""evidence_text"":""""},{""name"":""authoritative_source"",""deterministic_value"":true,""ai_value"":false,""status"":""disputed"",""confidence"":1.0,""evidence_text"":""国务院""},{""name"":""quantitative_evidence"",""deterministic_value"":true,""ai_value"":false,""status"":""disputed"",""confidence"":1.0,""evidence_text"":""70%""},{""name"":""uncertainty_high"",""deterministic_value"":false,""ai_value"":false,""status"":""agreed_false"",""confidence"":1.0,""evidence_text"":""""}]",关于2026—2027年减免车辆购置税新能源汽车产品技术要求的公告_国务院部门文件_中国政府网,rulebook_inactive,Qwen/Qwen2.5-0.5B-Instruct,local-7d196f456490bc68
GFEX-WR-20251013,2025-10-13,bullish,0.6,0.0,1.0,5,"[{""rule_id"":""LC-BULL-01"",""target_label"":""bullish"",""conditions"":[""warehouse_receipt_decline""],""score"":0.16666666666666669,""coverage_positive"":0.2777777777777778,""coverage_negative"":0.1111111111111111,""support_documents"":12,""support_dates"":12,""status"":""qualified""},{""rule_id"":""LC-BULL-02"",""target_label"":""bullish"",""conditions"":[""warehouse_receipt_decline"",""authoritative_source""],""score"":0.16666666666666669,""coverage_positive"":0.2777777777777778,""coverage_negative"":0.1111111111111111,""support_documents"":12,""support_dates"":12,""status"":""qualified""},{""rule_id"":""LC-BEAR-03"",""target_label"":""bearish"",""conditions"":[""authoritative_source""],""score"":0.016666666666666607,""coverage_positive"":0.8222222222222222,""coverage_negative"":0.8055555555555556,""support_documents"":65,""support_dates"":63,""status"":""qualified""}]","[{""name"":""supply_disruption"",""deterministic_value"":false,""ai_value"":false,""status"":""agreed_false"",""confidence"":1.0,""evidence_text"":""""},{""name"":""supply_expansion"",""deterministic_value"":false,""ai_value"":false,""status"":""agreed_false"",""confidence"":1.0,""evidence_text"":""""},{""name"":""production_resumption"",""deterministic_value"":false,""ai_value"":false,""status"":""agreed_false"",""confidence"":1.0,""evidence_text"":""""},{""name"":""demand_ev_positive"",""deterministic_value"":false,""ai_value"":false,""status"":""agreed_false"",""confidence"":1.0,""evidence_text"":""""},{""name"":""demand_storage_positive"",""deterministic_value"":false,""ai_value"":false,""status"":""agreed_false"",""confidence"":1.0,""evidence_text"":""""},{""name"":""demand_weak_or_price_war"",""deterministic_value"":false,""ai_value"":false,""status"":""agreed_false"",""confidence"":1.0,""evidence_text"":""""},{""name"":""inventory_drawdown"",""deterministic_value"":false,""ai_value"":false,""status"":""agreed_false"",""confidence"":1.0,""evidence_text"":""""},{""name"":""inventory_build"",""deterministic_value"":false,""ai_value"":false,""status"":""agreed_false"",""confidence"":1.0,""evidence_text"":""""},{""name"":""warehouse_receipt_decline"",""deterministic_value"":true,""ai_value"":true,""status"":""agreed_true"",""confidence"":1.0,""evidence_text"":""仓单减少5951手""},{""name"":""warehouse_receipt_increase"",""deterministic_value"":false,""ai_value"":false,""status"":""agreed_false"",""confidence"":1.0,""evidence_text"":""""},{""name"":""policy_demand_support"",""deterministic_value"":false,""ai_value"":false,""status"":""agreed_false"",""confidence"":1.0,""evidence_text"":""""},{""name"":""import_supply_pressure"",""deterministic_value"":false,""ai_value"":false,""status"":""agreed_false"",""confidence"":1.0,""evidence_text"":""""},{""name"":""cost_support"",""deterministic_value"":false,""ai_value"":false,""status"":""agreed_false"",""confidence"":1.0,""evidence_text"":""""},{""name"":""delivery_pressure"",""deterministic_value"":false,""ai_value"":false,""status"":""agreed_false"",""confidence"":1.0,""evidence_text"":""""},{""name"":""authoritative_source"",""deterministic_value"":true,""ai_value"":true,""status"":""agreed_true"",""confidence"":1.0,""evidence_text"":""广州期货交易所""},{""name"":""quantitative_evidence"",""deterministic_value"":false,""ai_value"":true,""status"":""disputed"",""confidence"":1.0,""evidence_text"":""36718手""},{""name"":""uncertainty_high"",""deterministic_value"":false,""ai_value"":true,""status"":""disputed"",""confidence"":1.0,""evidence_text"":""减少5951手""}]",仓单减少5951手,rift_rule_enhanced_llm,Qwen/Qwen2.5-0.5B-Instruct,local-4303dfdd058d4925
GFEX-WR-20251014,2025-10-14,bullish,0.6,0.0,1.0,5,"[{""rule_id"":""LC-BULL-01"",""target_label"":""bullish"",""conditions"":[""warehouse_receipt_decline""],""score"":0.16666666666666669,""coverage_positive"":0.2777777777777778,""coverage_negative"":0.1111111111111111,""support_documents"":12,""support_dates"":12,""status"":""qualified""},{""rule_id"":""LC-BULL-02"",""target_label"":""bullish"",""conditions"":[""warehouse_receipt_decline"",""authoritative_source""],""score"":0.16666666666666669,""coverage_positive"":0.2777777777777778,""coverage_negative"":0.1111111111111111,""support_documents"":12,""support_dates"":12,""status"":""qualified""},{""rule_id"":""LC-BEAR-03"",""target_label"":""bearish"",""conditions"":[""authoritative_source""],""score"":0.016666666666666607,""coverage_positive"":0.8222222222222222,""coverage_negative"":0.8055555555555556,""support_documents"":65,""support_dates"":63,""status"":""qualified""}]","[{""name"":""supply_disruption"",""deterministic_value"":false,""ai_value"":false,""status"":""agreed_false"",""confidence"":1.0,""evidence_text"":""""},{""name"":""supply_expansion"",""deterministic_value"":false,""ai_value"":false,""status"":""agreed_false"",""confidence"":1.0,""evidence_text"":""""},{""name"":""production_resumption"",""deterministic_value"":false,""ai_value"":false,""status"":""agreed_false"",""confidence"":1.0,""evidence_text"":""""},{""name"":""demand_ev_positive"",""deterministic_value"":false,""ai_value"":false,""status"":""agreed_false"",""confidence"":1.0,""evidence_text"":""""},{""name"":""demand_storage_positive"",""deterministic_value"":false,""ai_value"":false,""status"":""agreed_false"",""confidence"":1.0,""evidence_text"":""""},{""name"":""demand_weak_or_price_war"",""deterministic_value"":false,""ai_value"":false,""status"":""agreed_false"",""confidence"":1.0,""evidence_text"":""""},{""name"":""inventory_drawdown"",""deterministic_value"":false,""ai_value"":false,""status"":""agreed_false"",""confidence"":1.0,""evidence_text"":""""},{""name"":""inventory_build"",""deterministic_value"":false,""ai_value"":false,""status"":""agreed_false"",""confidence"":1.0,""evidence_text"":""""},{""name"":""warehouse_receipt_decline"",""deterministic_value"":true,""ai_value"":true,""status"":""agreed_true"",""confidence"":1.0,""evidence_text"":""仓单减少1538手""},{""name"":""warehouse_receipt_increase"",""deterministic_value"":false,""ai_value"":false,""status"":""agreed_false"",""confidence"":1.0,""evidence_text"":""""},{""name"":""policy_demand_support"",""deterministic_value"":false,""ai_value"":false,""status"":""agreed_false"",""confidence"":1.0,""evidence_text"":""""},{""name"":""import_supply_pressure"",""deterministic_value"":false,""ai_value"":false,""status"":""agreed_false"",""confidence"":1.0,""evidence_text"":""""},{""name"":""cost_support"",""deterministic_value"":false,""ai_value"":false,""status"":""agreed_false"",""confidence"":1.0,""evidence_text"":""""},{""name"":""delivery_pressure"",""deterministic_value"":false,""ai_value"":false,""status"":""agreed_false"",""confidence"":1.0,""evidence_text"":""""},{""name"":""authoritative_source"",""deterministic_value"":true,""ai_value"":true,""status"":""agreed_true"",""confidence"":1.0,""evidence_text"":""广州期货交易所""},{""name"":""quantitative_evidence"",""deterministic_value"":false,""ai_value"":true,""status"":""disputed"",""confidence"":1.0,""evidence_text"":""1538手""},{""name"":""uncertainty_high"",""deterministic_value"":false,""ai_value"":false,""status"":""agreed_false"",""confidence"":1.0,""evidence_text"":""""}]",仓单减少1538手,rift_rule_enhanced_llm,Qwen/Qwen2.5-0.5B-Instruct,local-e4713a640f74bbe4
GFEX-WR-20251015,2025-10-15,bullish,0.6,0.0,1.0,5,"[{""rule_id"":""LC-BULL-01"",""target_label"":""bullish"",""conditions"":[""warehouse_receipt_decline""],""score"":0.16666666666666669,""coverage_positive"":0.2777777777777778,""coverage_negative"":0.1111111111111111,""support_documents"":12,""support_dates"":12,""status"":""qualified""},{""rule_id"":""LC-BULL-02"",""target_label"":""bullish"",""conditions"":[""warehouse_receipt_decline"",""authoritative_source""],""score"":0.16666666666666669,""coverage_positive"":0.2777777777777778,""coverage_negative"":0.1111111111111111,""support_documents"":12,""support_dates"":12,""status"":""qualified""},{""rule_id"":""LC-BEAR-03"",""target_label"":""bearish"",""conditions"":[""authoritative_source""],""score"":0.016666666666666607,""coverage_positive"":0.8222222222222222,""coverage_negative"":0.8055555555555556,""support_documents"":65,""support_dates"":63,""status"":""qualified""}]","[{""name"":""supply_disruption"",""deterministic_value"":false,""ai_value"":false,""status"":""agreed_false"",""confidence"":1.0,""evidence_text"":""""},{""name"":""supply_expansion"",""deterministic_value"":false,""ai_value"":false,""status"":""agreed_false"",""confidence"":1.0,""evidence_text"":""""},{""name"":""production_resumption"",""deterministic_value"":false,""ai_value"":false,""status"":""agreed_false"",""confidence"":1.0,""evidence_text"":""""},{""name"":""demand_ev_positive"",""deterministic_value"":false,""ai_value"":false,""status"":""agreed_false"",""confidence"":1.0,""evidence_text"":""""},{""name"":""demand_storage_positive"",""deterministic_value"":false,""ai_value"":false,""status"":""agreed_false"",""confidence"":1.0,""evidence_text"":""""},{""name"":""demand_weak_or_price_war"",""deterministic_value"":false,""ai_value"":false,""status"":""agreed_false"",""confidence"":1.0,""evidence_text"":""""},{""name"":""inventory_drawdown"",""deterministic_value"":false,""ai_value"":false,""status"":""agreed_false"",""confidence"":1.0,""evidence_text"":""""},{""name"":""inventory_build"",""deterministic_value"":false,""ai_value"":false,""status"":""agreed_false"",""confidence"":1.0,""evidence_text"":""""},{""name"":""warehouse_receipt_decline"",""deterministic_value"":true,""ai_value"":true,""status"":""agreed_true"",""confidence"":1.0,""evidence_text"":""仓单减少2104手""},{""name"":""warehouse_receipt_increase"",""deterministic_value"":false,""ai_value"":false,""status"":""agreed_false"",""confidence"":1.0,""evidence_text"":""""},{""name"":""policy_demand_support"",""deterministic_value"":false,""ai_value"":false,""status"":""agreed_false"",""confidence"":1.0,""evidence_text"":""""},{""name"":""import_supply_pressure"",""deterministic_value"":false,""ai_value"":false,""status"":""agreed_false"",""confidence"":1.0,""evidence_text"":""""},{""name"":""cost_support"",""deterministic_value"":false,""ai_value"":false,""status"":""agreed_false"",""confidence"":1.0,""evidence_text"":""""},{""name"":""delivery_pressure"",""deterministic_value"":false,""ai_value"":false,""status"":""agreed_false"",""confidence"":1.0,""evidence_text"":""""},{""name"":""authoritative_source"",""deterministic_value"":true,""ai_value"":true,""status"":""agreed_true"",""confidence"":1.0,""evidence_text"":""广州期货交易所""},{""name"":""quantitative_evidence"",""deterministic_value"":false,""ai_value"":true,""status"":""disputed"",""confidence"":1.0,""evidence_text"":""2104手""},{""name"":""uncertainty_high"",""deterministic_value"":false,""ai_value"":false,""status"":""agreed_false"",""confidence"":1.0,""evidence_text"":""""}]",仓单减少2104手,rift_rule_enhanced_llm,Qwen/Qwen2.5-0.5B-Instruct,local-fb3d484396e475cb
GFEX-WR-20251016,2025-10-16,bullish,0.6,0.0,1.0,5,"[{""rule_id"":""LC-BULL-01"",""target_label"":""bullish"",""conditions"":[""warehouse_receipt_decline""],""score"":0.16666666666666669,""coverage_positive"":0.2777777777777778,""coverage_negative"":0.1111111111111111,""support_documents"":12,""support_dates"":12,""status"":""qualified""},{""rule_id"":""LC-BULL-02"",""target_label"":""bullish"",""conditions"":[""warehouse_receipt_decline"",""authoritative_source""],""score"":0.16666666666666669,""coverage_positive"":0.2777777777777778,""coverage_negative"":0.1111111111111111,""support_documents"":12,""support_dates"":12,""status"":""qualified""},{""rule_id"":""LC-BEAR-03"",""target_label"":""bearish"",""conditions"":[""authoritative_source""],""score"":0.016666666666666607,""coverage_positive"":0.8222222222222222,""coverage_negative"":0.8055555555555556,""support_documents"":65,""support_dates"":63,""status"":""qualified""}]","[{""name"":""supply_disruption"",""deterministic_value"":false,""ai_value"":false,""status"":""agreed_false"",""confidence"":1.0,""evidence_text"":""""},{""name"":""supply_expansion"",""deterministic_value"":false,""ai_value"":false,""status"":""agreed_false"",""confidence"":1.0,""evidence_text"":""""},{""name"":""production_resumption"",""deterministic_value"":false,""ai_value"":false,""status"":""agreed_false"",""confidence"":1.0,""evidence_text"":""""},{""name"":""demand_ev_positive"",""deterministic_value"":false,""ai_value"":false,""status"":""agreed_false"",""confidence"":1.0,""evidence_text"":""""},{""name"":""demand_storage_positive"",""deterministic_value"":false,""ai_value"":false,""status"":""agreed_false"",""confidence"":1.0,""evidence_text"":""""},{""name"":""demand_weak_or_price_war"",""deterministic_value"":false,""ai_value"":false,""status"":""agreed_false"",""confidence"":1.0,""evidence_text"":""""},{""name"":""inventory_drawdown"",""deterministic_value"":false,""ai_value"":false,""status"":""agreed_false"",""confidence"":1.0,""evidence_text"":""""},{""name"":""inventory_build"",""deterministic_value"":false,""ai_value"":false,""status"":""agreed_false"",""confidence"":1.0,""evidence_text"":""""},{""name"":""warehouse_receipt_decline"",""deterministic_value"":true,""ai_value"":true,""status"":""agreed_true"",""confidence"":1.0,""evidence_text"":""仓单减少2620手""},{""name"":""warehouse_receipt_increase"",""deterministic_value"":false,""ai_value"":false,""status"":""agreed_false"",""confidence"":1.0,""evidence_text"":""""},{""name"":""policy_demand_support"",""deterministic_value"":false,""ai_value"":false,""status"":""agreed_false"",""confidence"":1.0,""evidence_text"":""""},{""name"":""import_supply_pressure"",""deterministic_value"":false,""ai_value"":false,""status"":""agreed_false"",""confidence"":1.0,""evidence_text"":""""},{""name"":""cost_support"",""deterministic_value"":false,""ai_value"":false,""status"":""agreed_false"",""confidence"":1.0,""evidence_text"":""""},{""name"":""delivery_pressure"",""deterministic_value"":false,""ai_value"":false,""status"":""agreed_false"",""confidence"":1.0,""evidence_text"":""""},{""name"":""authoritative_source"",""deterministic_value"":true,""ai_value"":true,""status"":""agreed_true"",""confidence"":1.0,""evidence_text"":""广州期货交易所""},{""name"":""quantitative_evidence"",""deterministic_value"":false,""ai_value"":true,""status"":""disputed"",""confidence"":1.0,""evidence_text"":""2620手""},{""name"":""uncertainty_high"",""deterministic_value"":false,""ai_value"":false,""status"":""agreed_false"",""confidence"":1.0,""evidence_text"":""""}]",仓单减少2620手,rift_rule_enhanced_llm,Qwen/Qwen2.5-0.5B-Instruct,local-79c8545827452df2
GFEX-WR-20251022,2025-10-22,bullish,0.6,0.0,1.0,5,"[{""rule_id"":""LC-BULL-01"",""target_label"":""bullish"",""conditions"":[""warehouse_receipt_decline""],""score"":0.16666666666666669,""coverage_positive"":0.2777777777777778,""coverage_negative"":0.1111111111111111,""support_documents"":12,""support_dates"":12,""status"":""qualified""},{""rule_id"":""LC-BULL-02"",""target_label"":""bullish"",""conditions"":[""warehouse_receipt_decline"",""authoritative_source""],""score"":0.16666666666666669,""coverage_positive"":0.2777777777777778,""coverage_negative"":0.1111111111111111,""support_documents"":12,""support_dates"":12,""status"":""qualified""},{""rule_id"":""LC-BEAR-03"",""target_label"":""bearish"",""conditions"":[""authoritative_source""],""score"":0.016666666666666607,""coverage_positive"":0.8222222222222222,""coverage_negative"":0.8055555555555556,""support_documents"":65,""support_dates"":63,""status"":""qualified""}]","[{""name"":""supply_disruption"",""deterministic_value"":false,""ai_value"":false,""status"":""agreed_false"",""confidence"":1.0,""evidence_text"":""""},{""name"":""supply_expansion"",""deterministic_value"":false,""ai_value"":false,""status"":""agreed_false"",""confidence"":1.0,""evidence_text"":""""},{""name"":""production_resumption"",""deterministic_value"":false,""ai_value"":false,""status"":""agreed_false"",""confidence"":1.0,""evidence_text"":""""},{""name"":""demand_ev_positive"",""deterministic_value"":false,""ai_value"":false,""status"":""agreed_false"",""confidence"":1.0,""evidence_text"":""""},{""name"":""demand_storage_positive"",""deterministic_value"":false,""ai_value"":false,""status"":""agreed_false"",""confidence"":1.0,""evidence_text"":""""},{""name"":""demand_weak_or_price_war"",""deterministic_value"":false,""ai_value"":false,""status"":""agreed_false"",""confidence"":1.0,""evidence_text"":""""},{""name"":""inventory_drawdown"",""deterministic_value"":false,""ai_value"":false,""status"":""agreed_false"",""confidence"":1.0,""evidence_text"":""""},{""name"":""inventory_build"",""deterministic_value"":false,""ai_value"":false,""status"":""agreed_false"",""confidence"":1.0,""evidence_text"":""""},{""name"":""warehouse_receipt_decline"",""deterministic_value"":true,""ai_value"":true,""status"":""agreed_true"",""confidence"":1.0,""evidence_text"":""仓单减少873手""},{""name"":""warehouse_receipt_increase"",""deterministic_value"":false,""ai_value"":false,""status"":""agreed_false"",""confidence"":1.0,""evidence_text"":""""},{""name"":""policy_demand_support"",""deterministic_value"":false,""ai_value"":false,""status"":""agreed_false"",""confidence"":1.0,""evidence_text"":""""},{""name"":""import_supply_pressure"",""deterministic_value"":false,""ai_value"":false,""status"":""agreed_false"",""confidence"":1.0,""evidence_text"":""""},{""name"":""cost_support"",""deterministic_value"":false,""ai_value"":false,""status"":""agreed_false"",""confidence"":1.0,""evidence_text"":""""},{""name"":""delivery_pressure"",""deterministic_value"":false,""ai_value"":false,""status"":""agreed_false"",""confidence"":1.0,""evidence_text"":""""},{""name"":""authoritative_source"",""deterministic_value"":true,""ai_value"":true,""status"":""agreed_true"",""confidence"":1.0,""evidence_text"":""广州期货交易所""},{""name"":""quantitative_evidence"",""deterministic_value"":false,""ai_value"":true,""status"":""disputed"",""confidence"":1.0,""evidence_text"":""29019手""},{""name"":""uncertainty_high"",""deterministic_value"":false,""ai_value"":true,""status"":""disputed"",""confidence"":1.0,""evidence_text"":""减少873手""}]",仓单减少873手,rift_rule_enhanced_llm,Qwen/Qwen2.5-0.5B-Instruct,local-9776ebe9c1be1868
GFEX-WR-20251027,2025-10-27,bullish,0.6,0.0,1.0,5,"[{""rule_id"":""LC-BULL-01"",""target_label"":""bullish"",""conditions"":[""warehouse_receipt_decline""],""score"":0.16666666666666669,""coverage_positive"":0.2777777777777778,""coverage_negative"":0.1111111111111111,""support_documents"":12,""support_dates"":12,""status"":""qualified""},{""rule_id"":""LC-BULL-02"",""target_label"":""bullish"",""conditions"":[""warehouse_receipt_decline"",""authoritative_source""],""score"":0.16666666666666669,""coverage_positive"":0.2777777777777778,""coverage_negative"":0.1111111111111111,""support_documents"":12,""support_dates"":12,""status"":""qualified""},{""rule_id"":""LC-BEAR-03"",""target_label"":""bearish"",""conditions"":[""authoritative_source""],""score"":0.016666666666666607,""coverage_positive"":0.8222222222222222,""coverage_negative"":0.8055555555555556,""support_documents"":65,""support_dates"":63,""status"":""qualified""}]","[{""name"":""supply_disruption"",""deterministic_value"":false,""ai_value"":false,""status"":""agreed_false"",""confidence"":1.0,""evidence_text"":""""},{""name"":""supply_expansion"",""deterministic_value"":false,""ai_value"":false,""status"":""agreed_false"",""confidence"":1.0,""evidence_text"":""""},{""name"":""production_resumption"",""deterministic_value"":false,""ai_value"":false,""status"":""agreed_false"",""confidence"":1.0,""evidence_text"":""""},{""name"":""demand_ev_positive"",""deterministic_value"":false,""ai_value"":false,""status"":""agreed_false"",""confidence"":1.0,""evidence_text"":""""},{""name"":""demand_storage_positive"",""deterministic_value"":false,""ai_value"":false,""status"":""agreed_false"",""confidence"":1.0,""evidence_text"":""""},{""name"":""demand_weak_or_price_war"",""deterministic_value"":false,""ai_value"":false,""status"":""agreed_false"",""confidence"":1.0,""evidence_text"":""""},{""name"":""inventory_drawdown"",""deterministic_value"":false,""ai_value"":false,""status"":""agreed_false"",""confidence"":1.0,""evidence_text"":""""},{""name"":""inventory_build"",""deterministic_value"":false,""ai_value"":false,""status"":""agreed_false"",""confidence"":1.0,""evidence_text"":""""},{""name"":""warehouse_receipt_decline"",""deterministic_value"":true,""ai_value"":true,""status"":""agreed_true"",""confidence"":1.0,""evidence_text"":""仓单减少960手""},{""name"":""warehouse_receipt_increase"",""deterministic_value"":false,""ai_value"":false,""status"":""agreed_false"",""confidence"":1.0,""evidence_text"":""""},{""name"":""policy_demand_support"",""deterministic_value"":false,""ai_value"":false,""status"":""agreed_false"",""confidence"":1.0,""evidence_text"":""""},{""name"":""import_supply_pressure"",""deterministic_value"":false,""ai_value"":false,""status"":""agreed_false"",""confidence"":1.0,""evidence_text"":""""},{""name"":""cost_support"",""deterministic_value"":false,""ai_value"":false,""status"":""agreed_false"",""confidence"":1.0,""evidence_text"":""""},{""name"":""delivery_pressure"",""deterministic_value"":false,""ai_value"":false,""status"":""agreed_false"",""confidence"":1.0,""evidence_text"":""""},{""name"":""authoritative_source"",""deterministic_value"":true,""ai_value"":true,""status"":""agreed_true"",""confidence"":1.0,""evidence_text"":""广州期货交易所""},{""name"":""quantitative_evidence"",""deterministic_value"":false,""ai_value"":true,""status"":""disputed"",""confidence"":1.0,""evidence_text"":""960手""},{""name"":""uncertainty_high"",""deterministic_value"":false,""ai_value"":false,""status"":""agreed_false"",""confidence"":1.0,""evidence_text"":""""}]",仓单减少960手,rift_rule_enhanced_llm,Qwen/Qwen2.5-0.5B-Instruct,local-841db05bb76dab9c
GFEX-WR-20251107,2025-11-07,neutral,-0.0,0.0,0.8,5,"[{""rule_id"":""LC-BEAR-01"",""target_label"":""bearish"",""conditions"":[""warehouse_receipt_increase""],""score"":0.033333333333333326,""coverage_positive"":0.6444444444444445,""coverage_negative"":0.6111111111111112,""support_documents"":51,""support_dates"":51,""status"":""qualified""},{""rule_id"":""LC-BEAR-02"",""target_label"":""bearish"",""conditions"":[""warehouse_receipt_increase"",""authoritative_source""],""score"":0.033333333333333326,""coverage_positive"":0.6444444444444445,""coverage_negative"":0.6111111111111112,""support_documents"":51,""support_dates"":51,""status"":""qualified""},{""rule_id"":""LC-BEAR-03"",""target_label"":""bearish"",""conditions"":[""authoritative_source""],""score"":0.016666666666666607,""coverage_positive"":0.8222222222222222,""coverage_negative"":0.8055555555555556,""support_documents"":65,""support_dates"":63,""status"":""qualified""}]","[{""name"":""supply_disruption"",""deterministic_value"":false,""ai_value"":false,""status"":""agreed_false"",""confidence"":0.8,""evidence_text"":""""},{""name"":""supply_expansion"",""deterministic_value"":false,""ai_value"":false,""status"":""agreed_false"",""confidence"":0.8,""evidence_text"":""""},{""name"":""production_resumption"",""deterministic_value"":false,""ai_value"":false,""status"":""agreed_false"",""confidence"":0.8,""evidence_text"":""""},{""name"":""demand_ev_positive"",""deterministic_value"":false,""ai_value"":false,""status"":""agreed_false"",""confidence"":0.8,""evidence_text"":""""},{""name"":""demand_storage_positive"",""deterministic_value"":false,""ai_value"":false,""status"":""agreed_false"",""confidence"":0.8,""evidence_text"":""""},{""name"":""demand_weak_or_price_war"",""deterministic_value"":false,""ai_value"":false,""status"":""agreed_false"",""confidence"":0.8,""evidence_text"":""""},{""name"":""inventory_drawdown"",""deterministic_value"":false,""ai_value"":false,""status"":""agreed_false"",""confidence"":0.8,""evidence_text"":""""},{""name"":""inventory_build"",""deterministic_value"":false,""ai_value"":false,""status"":""agreed_false"",""confidence"":0.8,""evidence_text"":""""},{""name"":""warehouse_receipt_decline"",""deterministic_value"":false,""ai_value"":false,""status"":""agreed_false"",""confidence"":0.8,""evidence_text"":""""},{""name"":""warehouse_receipt_increase"",""deterministic_value"":true,""ai_value"":true,""status"":""agreed_true"",""confidence"":0.8,""evidence_text"":""仓单增加912手""},{""name"":""policy_demand_support"",""deterministic_value"":false,""ai_value"":false,""status"":""agreed_false"",""confidence"":0.8,""evidence_text"":""""},{""name"":""import_supply_pressure"",""deterministic_value"":false,""ai_value"":false,""status"":""agreed_false"",""confidence"":0.8,""evidence_text"":""""},{""name"":""cost_support"",""deterministic_value"":false,""ai_value"":false,""status"":""agreed_false"",""confidence"":0.8,""evidence_text"":""""},{""name"":""delivery_pressure"",""deterministic_value"":false,""ai_value"":false,""status"":""agreed_false"",""confidence"":0.8,""evidence_text"":""""},{""name"":""authoritative_source"",""deterministic_value"":true,""ai_value"":true,""status"":""agreed_true"",""confidence"":0.8,""evidence_text"":""广期所""},{""name"":""quantitative_evidence"",""deterministic_value"":false,""ai_value"":true,""status"":""disputed"",""confidence"":0.8,""evidence_text"":""912手""},{""name"":""uncertainty_high"",""deterministic_value"":false,""ai_value"":false,""status"":""agreed_false"",""confidence"":0.8,""evidence_text"":""""}]",仓单增加912手,rift_rule_enhanced_llm,Qwen/Qwen2.5-0.5B-Instruct,local-bf288cb41605e3ac
GFEX-WR-20251128,2025-11-28,bullish,0.6,0.0,0.8,5,"[{""rule_id"":""LC-BULL-01"",""target_label"":""bullish"",""conditions"":[""warehouse_receipt_decline""],""score"":0.16666666666666669,""coverage_positive"":0.2777777777777778,""coverage_negative"":0.1111111111111111,""support_documents"":12,""support_dates"":12,""status"":""qualified""},{""rule_id"":""LC-BULL-02"",""target_label"":""bullish"",""conditions"":[""warehouse_receipt_decline"",""authoritative_source""],""score"":0.16666666666666669,""coverage_positive"":0.2777777777777778,""coverage_negative"":0.1111111111111111,""support_documents"":12,""support_dates"":12,""status"":""qualified""},{""rule_id"":""LC-BEAR-03"",""target_label"":""bearish"",""conditions"":[""authoritative_source""],""score"":0.016666666666666607,""coverage_positive"":0.8222222222222222,""coverage_negative"":0.8055555555555556,""support_documents"":65,""support_dates"":63,""status"":""qualified""}]","[{""name"":""supply_disruption"",""deterministic_value"":false,""ai_value"":false,""status"":""agreed_false"",""confidence"":0.8,""evidence_text"":""""},{""name"":""supply_expansion"",""deterministic_value"":false,""ai_value"":false,""status"":""agreed_false"",""confidence"":0.8,""evidence_text"":""""},{""name"":""production_resumption"",""deterministic_value"":false,""ai_value"":false,""status"":""agreed_false"",""confidence"":0.8,""evidence_text"":""""},{""name"":""demand_ev_positive"",""deterministic_value"":false,""ai_value"":false,""status"":""agreed_false"",""confidence"":0.8,""evidence_text"":""""},{""name"":""demand_storage_positive"",""deterministic_value"":false,""ai_value"":false,""status"":""agreed_false"",""confidence"":0.8,""evidence_text"":""""},{""name"":""demand_weak_or_price_war"",""deterministic_value"":false,""ai_value"":false,""status"":""agreed_false"",""confidence"":0.8,""evidence_text"":""""},{""name"":""inventory_drawdown"",""deterministic_value"":false,""ai_value"":false,""status"":""agreed_false"",""confidence"":0.8,""evidence_text"":""""},{""name"":""inventory_build"",""deterministic_value"":false,""ai_value"":false,""status"":""agreed_false"",""confidence"":0.8,""evidence_text"":""""},{""name"":""warehouse_receipt_decline"",""deterministic_value"":true,""ai_value"":true,""status"":""agreed_true"",""confidence"":0.8,""evidence_text"":""仓单减少21340手""},{""name"":""warehouse_receipt_increase"",""deterministic_value"":false,""ai_value"":false,""status"":""agreed_false"",""confidence"":0.8,""evidence_text"":""""},{""name"":""policy_demand_support"",""deterministic_value"":false,""ai_value"":false,""status"":""agreed_false"",""confidence"":0.8,""evidence_text"":""""},{""name"":""import_supply_pressure"",""deterministic_value"":false,""ai_value"":false,""status"":""agreed_false"",""confidence"":0.8,""evidence_text"":""""},{""name"":""cost_support"",""deterministic_value"":false,""ai_value"":false,""status"":""agreed_false"",""confidence"":0.8,""evidence_text"":""""},{""name"":""delivery_pressure"",""deterministic_value"":false,""ai_value"":false,""status"":""agreed_false"",""confidence"":0.8,""evidence_text"":""""},{""name"":""authoritative_source"",""deterministic_value"":true,""ai_value"":true,""status"":""agreed_true"",""confidence"":0.8,""evidence_text"":""广州期货交易所""},{""name"":""quantitative_evidence"",""deterministic_value"":false,""ai_value"":true,""status"":""disputed"",""confidence"":0.8,""evidence_text"":""21340手""},{""name"":""uncertainty_high"",""deterministic_value"":false,""ai_value"":false,""status"":""agreed_false"",""confidence"":0.8,""evidence_text"":""""}]",仓单减少21340手,rift_rule_enhanced_llm,Qwen/Qwen2.5-0.5B-Instruct,local-255a67b88485850e
GFEX-WR-20251201,2025-12-01,bearish,-0.6,0.0,0.9,5,"[{""rule_id"":""LC-BEAR-01"",""target_label"":""bearish"",""conditions"":[""warehouse_receipt_increase""],""score"":0.033333333333333326,""coverage_positive"":0.6444444444444445,""coverage_negative"":0.6111111111111112,""support_documents"":51,""support_dates"":51,""status"":""qualified""},{""rule_id"":""LC-BEAR-02"",""target_label"":""bearish"",""conditions"":[""warehouse_receipt_increase"",""authoritative_source""],""score"":0.033333333333333326,""coverage_positive"":0.6444444444444445,""coverage_negative"":0.6111111111111112,""support_documents"":51,""support_dates"":51,""status"":""qualified""},{""rule_id"":""LC-BEAR-03"",""target_label"":""bearish"",""conditions"":[""authoritative_source""],""score"":0.016666666666666607,""coverage_positive"":0.8222222222222222,""coverage_negative"":0.8055555555555556,""support_documents"":65,""support_dates"":63,""status"":""qualified""}]","[{""name"":""supply_disruption"",""deterministic_value"":false,""ai_value"":false,""status"":""agreed_false"",""confidence"":0.9,""evidence_text"":""""},{""name"":""supply_expansion"",""deterministic_value"":false,""ai_value"":false,""status"":""agreed_false"",""confidence"":0.9,""evidence_text"":""""},{""name"":""production_resumption"",""deterministic_value"":false,""ai_value"":false,""status"":""agreed_false"",""confidence"":0.9,""evidence_text"":""""},{""name"":""demand_ev_positive"",""deterministic_value"":false,""ai_value"":false,""status"":""agreed_false"",""confidence"":0.9,""evidence_text"":""""},{""name"":""demand_storage_positive"",""deterministic_value"":false,""ai_value"":false,""status"":""agreed_false"",""confidence"":0.9,""evidence_text"":""""},{""name"":""demand_weak_or_price_war"",""deterministic_value"":false,""ai_value"":false,""status"":""agreed_false"",""confidence"":0.9,""evidence_text"":""""},{""name"":""inventory_drawdown"",""deterministic_value"":false,""ai_value"":false,""status"":""agreed_false"",""confidence"":0.9,""evidence_text"":""""},{""name"":""inventory_build"",""deterministic_value"":false,""ai_value"":false,""status"":""agreed_false"",""confidence"":0.9,""evidence_text"":""""},{""name"":""warehouse_receipt_decline"",""deterministic_value"":false,""ai_value"":false,""status"":""agreed_false"",""confidence"":0.9,""evidence_text"":""""},{""name"":""warehouse_receipt_increase"",""deterministic_value"":true,""ai_value"":true,""status"":""agreed_true"",""confidence"":0.9,""evidence_text"":""仓单增加2781手""},{""name"":""policy_demand_support"",""deterministic_value"":false,""ai_value"":false,""status"":""agreed_false"",""confidence"":0.9,""evidence_text"":""""},{""name"":""import_supply_pressure"",""deterministic_value"":false,""ai_value"":false,""status"":""agreed_false"",""confidence"":0.9,""evidence_text"":""""},{""name"":""cost_support"",""deterministic_value"":false,""ai_value"":false,""status"":""agreed_false"",""confidence"":0.9,""evidence_text"":""""},{""name"":""delivery_pressure"",""deterministic_value"":false,""ai_value"":false,""status"":""agreed_false"",""confidence"":0.9,""evidence_text"":""""},{""name"":""authoritative_source"",""deterministic_value"":true,""ai_value"":true,""status"":""agreed_true"",""confidence"":0.9,""evidence_text"":""广期所""},{""name"":""quantitative_evidence"",""deterministic_value"":false,""ai_value"":true,""status"":""disputed"",""confidence"":0.9,""evidence_text"":""2781手""},{""name"":""uncertainty_high"",""deterministic_value"":false,""ai_value"":false,""status"":""agreed_false"",""confidence"":0.9,""evidence_text"":""""}]",仓单增加2781手,rift_rule_enhanced_llm,Qwen/Qwen2.5-0.5B-Instruct,local-4fd9bdcd73639922
LC-TEXT-0024,2025-12-02,neutral,0.0,0.0,0.8,5,[],"[{""name"":""supply_disruption"",""deterministic_value"":false,""ai_value"":false,""status"":""agreed_false"",""confidence"":0.8,""evidence_text"":""""},{""name"":""supply_expansion"",""deterministic_value"":true,""ai_value"":false,""status"":""disputed"",""confidence"":0.8,""evidence_text"":""投产""},{""name"":""production_resumption"",""deterministic_value"":false,""ai_value"":false,""status"":""agreed_false"",""confidence"":0.8,""evidence_text"":""""},{""name"":""demand_ev_positive"",""deterministic_value"":true,""ai_value"":false,""status"":""disputed"",""confidence"":0.8,""evidence_text"":""以旧换新""},{""name"":""demand_storage_positive"",""deterministic_value"":false,""ai_value"":false,""status"":""agreed_false"",""confidence"":0.8,""evidence_text"":""""},{""name"":""demand_weak_or_price_war"",""deterministic_value"":false,""ai_value"":false,""status"":""agreed_false"",""confidence"":0.8,""evidence_text"":""""},{""name"":""inventory_drawdown"",""deterministic_value"":false,""ai_value"":false,""status"":""agreed_false"",""confidence"":0.8,""evidence_text"":""""},{""name"":""inventory_build"",""deterministic_value"":false,""ai_value"":false,""status"":""agreed_false"",""confidence"":0.8,""evidence_text"":""""},{""name"":""warehouse_receipt_decline"",""deterministic_value"":false,""ai_value"":false,""status"":""agreed_false"",""confidence"":0.8,""evidence_text"":""""},{""name"":""warehouse_receipt_increase"",""deterministic_value"":false,""ai_value"":false,""status"":""agreed_false"",""confidence"":0.8,""evidence_text"":""""},{""name"":""policy_demand_support"",""deterministic_value"":true,""ai_value"":false,""status"":""disputed"",""confidence"":0.8,""evidence_text"":""以旧换新""},{""name"":""import_supply_pressure"",""deterministic_value"":false,""ai_value"":false,""status"":""agreed_false"",""confidence"":0.8,""evidence_text"":""""},{""name"":""cost_support"",""deterministic_value"":false,""ai_value"":false,""status"":""agreed_false"",""confidence"":0.8,""evidence_text"":""""},{""name"":""delivery_pressure"",""deterministic_value"":false,""ai_value"":false,""status"":""agreed_false"",""confidence"":0.8,""evidence_text"":""""},{""name"":""authoritative_source"",""deterministic_value"":true,""ai_value"":false,""status"":""disputed"",""confidence"":0.8,""evidence_text"":""工业和信息化部""},{""name"":""quantitative_evidence"",""deterministic_value"":true,""ai_value"":false,""status"":""disputed"",""confidence"":0.8,""evidence_text"":""70%""},{""name"":""uncertainty_high"",""deterministic_value"":true,""ai_value"":false,""status"":""disputed"",""confidence"":0.8,""evidence_text"":""预计""}]",中国锂电产业全面“走出去”-证券日报网,rulebook_inactive,Qwen/Qwen2.5-0.5B-Instruct,local-f15f38637826d493
GFEX-WR-20251208,2025-12-08,bearish,-0.6,0.0,0.8,5,"[{""rule_id"":""LC-BEAR-01"",""target_label"":""bearish"",""conditions"":[""warehouse_receipt_increase""],""score"":0.033333333333333326,""coverage_positive"":0.6444444444444445,""coverage_negative"":0.6111111111111112,""support_documents"":51,""support_dates"":51,""status"":""qualified""},{""rule_id"":""LC-BEAR-02"",""target_label"":""bearish"",""conditions"":[""warehouse_receipt_increase"",""authoritative_source""],""score"":0.033333333333333326,""coverage_positive"":0.6444444444444445,""coverage_negative"":0.6111111111111112,""support_documents"":51,""support_dates"":51,""status"":""qualified""},{""rule_id"":""LC-BEAR-03"",""target_label"":""bearish"",""conditions"":[""authoritative_source""],""score"":0.016666666666666607,""coverage_positive"":0.8222222222222222,""coverage_negative"":0.8055555555555556,""support_documents"":65,""support_dates"":63,""status"":""qualified""}]","[{""name"":""supply_disruption"",""deterministic_value"":false,""ai_value"":false,""status"":""agreed_false"",""confidence"":0.8,""evidence_text"":""""},{""name"":""supply_expansion"",""deterministic_value"":false,""ai_value"":false,""status"":""agreed_false"",""confidence"":0.8,""evidence_text"":""""},{""name"":""production_resumption"",""deterministic_value"":false,""ai_value"":false,""status"":""agreed_false"",""confidence"":0.8,""evidence_text"":""""},{""name"":""demand_ev_positive"",""deterministic_value"":false,""ai_value"":false,""status"":""agreed_false"",""confidence"":0.8,""evidence_text"":""""},{""name"":""demand_storage_positive"",""deterministic_value"":false,""ai_value"":false,""status"":""agreed_false"",""confidence"":0.8,""evidence_text"":""""},{""name"":""demand_weak_or_price_war"",""deterministic_value"":false,""ai_value"":false,""status"":""agreed_false"",""confidence"":0.8,""evidence_text"":""""},{""name"":""inventory_drawdown"",""deterministic_value"":false,""ai_value"":false,""status"":""agreed_false"",""confidence"":0.8,""evidence_text"":""""},{""name"":""inventory_build"",""deterministic_value"":false,""ai_value"":false,""status"":""agreed_false"",""confidence"":0.8,""evidence_text"":""""},{""name"":""warehouse_receipt_decline"",""deterministic_value"":false,""ai_value"":false,""status"":""agreed_false"",""confidence"":0.8,""evidence_text"":""""},{""name"":""warehouse_receipt_increase"",""deterministic_value"":true,""ai_value"":true,""status"":""agreed_true"",""confidence"":0.8,""evidence_text"":""仓单增加2198手""},{""name"":""policy_demand_support"",""deterministic_value"":false,""ai_value"":false,""status"":""agreed_false"",""confidence"":0.8,""evidence_text"":""""},{""name"":""import_supply_pressure"",""deterministic_value"":false,""ai_value"":false,""status"":""agreed_false"",""confidence"":0.8,""evidence_text"":""""},{""name"":""cost_support"",""deterministic_value"":false,""ai_value"":false,""status"":""agreed_false"",""confidence"":0.8,""evidence_text"":""""},{""name"":""delivery_pressure"",""deterministic_value"":false,""ai_value"":false,""status"":""agreed_false"",""confidence"":0.8,""evidence_text"":""""},{""name"":""authoritative_source"",""deterministic_value"":true,""ai_value"":true,""status"":""agreed_true"",""confidence"":0.8,""evidence_text"":""广期所""},{""name"":""quantitative_evidence"",""deterministic_value"":false,""ai_value"":true,""status"":""disputed"",""confidence"":0.8,""evidence_text"":""13120手""},{""name"":""uncertainty_high"",""deterministic_value"":false,""ai_value"":true,""status"":""disputed"",""confidence"":0.8,""evidence_text"":""增加2198手""}]",仓单增加2198手,rift_rule_enhanced_llm,Qwen/Qwen2.5-0.5B-Instruct,local-926179ba1bb88278
GFEX-WR-20251211,2025-12-11,bearish,-0.6,0.0,0.9,5,"[{""rule_id"":""LC-BEAR-01"",""target_label"":""bearish"",""conditions"":[""warehouse_receipt_increase""],""score"":0.033333333333333326,""coverage_positive"":0.6444444444444445,""coverage_negative"":0.6111111111111112,""support_documents"":51,""support_dates"":51,""status"":""qualified""},{""rule_id"":""LC-BEAR-02"",""target_label"":""bearish"",""conditions"":[""warehouse_receipt_increase"",""authoritative_source""],""score"":0.033333333333333326,""coverage_positive"":0.6444444444444445,""coverage_negative"":0.6111111111111112,""support_documents"":51,""support_dates"":51,""status"":""qualified""},{""rule_id"":""LC-BEAR-03"",""target_label"":""bearish"",""conditions"":[""authoritative_source""],""score"":0.016666666666666607,""coverage_positive"":0.8222222222222222,""coverage_negative"":0.8055555555555556,""support_documents"":65,""support_dates"":63,""status"":""qualified""}]","[{""name"":""supply_disruption"",""deterministic_value"":false,""ai_value"":false,""status"":""agreed_false"",""confidence"":0.9,""evidence_text"":""""},{""name"":""supply_expansion"",""deterministic_value"":false,""ai_value"":false,""status"":""agreed_false"",""confidence"":0.9,""evidence_text"":""""},{""name"":""production_resumption"",""deterministic_value"":false,""ai_value"":false,""status"":""agreed_false"",""confidence"":0.9,""evidence_text"":""""},{""name"":""demand_ev_positive"",""deterministic_value"":false,""ai_value"":false,""status"":""agreed_false"",""confidence"":0.9,""evidence_text"":""""},{""name"":""demand_storage_positive"",""deterministic_value"":false,""ai_value"":false,""status"":""agreed_false"",""confidence"":0.9,""evidence_text"":""""},{""name"":""demand_weak_or_price_war"",""deterministic_value"":false,""ai_value"":false,""status"":""agreed_false"",""confidence"":0.9,""evidence_text"":""""},{""name"":""inventory_drawdown"",""deterministic_value"":false,""ai_value"":false,""status"":""agreed_false"",""confidence"":0.9,""evidence_text"":""""},{""name"":""inventory_build"",""deterministic_value"":false,""ai_value"":false,""status"":""agreed_false"",""confidence"":0.9,""evidence_text"":""""},{""name"":""warehouse_receipt_decline"",""deterministic_value"":false,""ai_value"":false,""status"":""agreed_false"",""confidence"":0.9,""evidence_text"":""""},{""name"":""warehouse_receipt_increase"",""deterministic_value"":true,""ai_value"":true,""status"":""agreed_true"",""confidence"":0.9,""evidence_text"":""仓单增加1070手""},{""name"":""policy_demand_support"",""deterministic_value"":false,""ai_value"":false,""status"":""agreed_false"",""confidence"":0.9,""evidence_text"":""""},{""name"":""import_supply_pressure"",""deterministic_value"":false,""ai_value"":false,""status"":""agreed_false"",""confidence"":0.9,""evidence_text"":""""},{""name"":""cost_support"",""deterministic_value"":false,""ai_value"":false,""status"":""agreed_false"",""confidence"":0.9,""evidence_text"":""""},{""name"":""delivery_pressure"",""deterministic_value"":false,""ai_value"":false,""status"":""agreed_false"",""confidence"":0.9,""evidence_text"":""""},{""name"":""authoritative_source"",""deterministic_value"":true,""ai_value"":true,""status"":""agreed_true"",""confidence"":0.9,""evidence_text"":""广期所""},{""name"":""quantitative_evidence"",""deterministic_value"":false,""ai_value"":true,""status"":""disputed"",""confidence"":0.9,""evidence_text"":""1070手""},{""name"":""uncertainty_high"",""deterministic_value"":false,""ai_value"":false,""status"":""agreed_false"",""confidence"":0.9,""evidence_text"":""""}]",仓单增加1070手,rift_rule_enhanced_llm,Qwen/Qwen2.5-0.5B-Instruct,local-61a7b10d322c85b8
GFEX-WR-20251222,2025-12-22,neutral,-0.0,0.0,0.8,5,"[{""rule_id"":""LC-BEAR-01"",""target_label"":""bearish"",""conditions"":[""warehouse_receipt_increase""],""score"":0.033333333333333326,""coverage_positive"":0.6444444444444445,""coverage_negative"":0.6111111111111112,""support_documents"":51,""support_dates"":51,""status"":""qualified""},{""rule_id"":""LC-BEAR-02"",""target_label"":""bearish"",""conditions"":[""warehouse_receipt_increase"",""authoritative_source""],""score"":0.033333333333333326,""coverage_positive"":0.6444444444444445,""coverage_negative"":0.6111111111111112,""support_documents"":51,""support_dates"":51,""status"":""qualified""},{""rule_id"":""LC-BEAR-03"",""target_label"":""bearish"",""conditions"":[""authoritative_source""],""score"":0.016666666666666607,""coverage_positive"":0.8222222222222222,""coverage_negative"":0.8055555555555556,""support_documents"":65,""support_dates"":63,""status"":""qualified""}]","[{""name"":""supply_disruption"",""deterministic_value"":false,""ai_value"":false,""status"":""agreed_false"",""confidence"":0.8,""evidence_text"":""""},{""name"":""supply_expansion"",""deterministic_value"":false,""ai_value"":false,""status"":""agreed_false"",""confidence"":0.8,""evidence_text"":""""},{""name"":""production_resumption"",""deterministic_value"":false,""ai_value"":false,""status"":""agreed_false"",""confidence"":0.8,""evidence_text"":""""},{""name"":""demand_ev_positive"",""deterministic_value"":false,""ai_value"":false,""status"":""agreed_false"",""confidence"":0.8,""evidence_text"":""""},{""name"":""demand_storage_positive"",""deterministic_value"":false,""ai_value"":false,""status"":""agreed_false"",""confidence"":0.8,""evidence_text"":""""},{""name"":""demand_weak_or_price_war"",""deterministic_value"":false,""ai_value"":false,""status"":""agreed_false"",""confidence"":0.8,""evidence_text"":""""},{""name"":""inventory_drawdown"",""deterministic_value"":false,""ai_value"":false,""status"":""agreed_false"",""confidence"":0.8,""evidence_text"":""""},{""name"":""inventory_build"",""deterministic_value"":false,""ai_value"":false,""status"":""agreed_false"",""confidence"":0.8,""evidence_text"":""""},{""name"":""warehouse_receipt_decline"",""deterministic_value"":false,""ai_value"":false,""status"":""agreed_false"",""confidence"":0.8,""evidence_text"":""""},{""name"":""warehouse_receipt_increase"",""deterministic_value"":true,""ai_value"":true,""status"":""agreed_true"",""confidence"":0.8,""evidence_text"":""仓单增加900手""},{""name"":""policy_demand_support"",""deterministic_value"":false,""ai_value"":false,""status"":""agreed_false"",""confidence"":0.8,""evidence_text"":""""},{""name"":""import_supply_pressure"",""deterministic_value"":false,""ai_value"":false,""status"":""agreed_false"",""confidence"":0.8,""evidence_text"":""""},{""name"":""cost_support"",""deterministic_value"":false,""ai_value"":false,""status"":""agreed_false"",""confidence"":0.8,""evidence_text"":""""},{""name"":""delivery_pressure"",""deterministic_value"":false,""ai_value"":false,""status"":""agreed_false"",""confidence"":0.8,""evidence_text"":""""},{""name"":""authoritative_source"",""deterministic_value"":true,""ai_value"":true,""status"":""agreed_true"",""confidence"":0.8,""evidence_text"":""广期所""},{""name"":""quantitative_evidence"",""deterministic_value"":false,""ai_value"":true,""status"":""disputed"",""confidence"":0.8,""evidence_text"":""900手""},{""name"":""uncertainty_high"",""deterministic_value"":false,""ai_value"":false,""status"":""agreed_false"",""confidence"":0.8,""evidence_text"":""""}]",仓单增加900手,rift_rule_enhanced_llm,Qwen/Qwen2.5-0.5B-Instruct,local-3bb125e6eb95a416
GFEX-WR-20251230,2025-12-30,bearish,-0.6,0.0,0.8,5,"[{""rule_id"":""LC-BEAR-01"",""target_label"":""bearish"",""conditions"":[""warehouse_receipt_increase""],""score"":0.033333333333333326,""coverage_positive"":0.6444444444444445,""coverage_negative"":0.6111111111111112,""support_documents"":51,""support_dates"":51,""status"":""qualified""},{""rule_id"":""LC-BEAR-02"",""target_label"":""bearish"",""conditions"":[""warehouse_receipt_increase"",""authoritative_source""],""score"":0.033333333333333326,""coverage_positive"":0.6444444444444445,""coverage_negative"":0.6111111111111112,""support_documents"":51,""support_dates"":51,""status"":""qualified""},{""rule_id"":""LC-BEAR-03"",""target_label"":""bearish"",""conditions"":[""authoritative_source""],""score"":0.016666666666666607,""coverage_positive"":0.8222222222222222,""coverage_negative"":0.8055555555555556,""support_documents"":65,""support_dates"":63,""status"":""qualified""}]","[{""name"":""supply_disruption"",""deterministic_value"":false,""ai_value"":false,""status"":""agreed_false"",""confidence"":0.8,""evidence_text"":""""},{""name"":""supply_expansion"",""deterministic_value"":false,""ai_value"":false,""status"":""agreed_false"",""confidence"":0.8,""evidence_text"":""""},{""name"":""production_resumption"",""deterministic_value"":false,""ai_value"":false,""status"":""agreed_false"",""confidence"":0.8,""evidence_text"":""""},{""name"":""demand_ev_positive"",""deterministic_value"":false,""ai_value"":false,""status"":""agreed_false"",""confidence"":0.8,""evidence_text"":""""},{""name"":""demand_storage_positive"",""deterministic_value"":false,""ai_value"":false,""status"":""agreed_false"",""confidence"":0.8,""evidence_text"":""""},{""name"":""demand_weak_or_price_war"",""deterministic_value"":false,""ai_value"":false,""status"":""agreed_false"",""confidence"":0.8,""evidence_text"":""""},{""name"":""inventory_drawdown"",""deterministic_value"":false,""ai_value"":false,""status"":""agreed_false"",""confidence"":0.8,""evidence_text"":""""},{""name"":""inventory_build"",""deterministic_value"":false,""ai_value"":false,""status"":""agreed_false"",""confidence"":0.8,""evidence_text"":""""},{""name"":""warehouse_receipt_decline"",""deterministic_value"":false,""ai_value"":false,""status"":""agreed_false"",""confidence"":0.8,""evidence_text"":""""},{""name"":""warehouse_receipt_increase"",""deterministic_value"":true,""ai_value"":true,""status"":""agreed_true"",""confidence"":0.8,""evidence_text"":""仓单增加1300手""},{""name"":""policy_demand_support"",""deterministic_value"":false,""ai_value"":false,""status"":""agreed_false"",""confidence"":0.8,""evidence_text"":""""},{""name"":""import_supply_pressure"",""deterministic_value"":false,""ai_value"":false,""status"":""agreed_false"",""confidence"":0.8,""evidence_text"":""""},{""name"":""cost_support"",""deterministic_value"":false,""ai_value"":false,""status"":""agreed_false"",""confidence"":0.8,""evidence_text"":""""},{""name"":""delivery_pressure"",""deterministic_value"":false,""ai_value"":false,""status"":""agreed_false"",""confidence"":0.8,""evidence_text"":""""},{""name"":""authoritative_source"",""deterministic_value"":true,""ai_value"":true,""status"":""agreed_true"",""confidence"":0.8,""evidence_text"":""广期所""},{""name"":""quantitative_evidence"",""deterministic_value"":false,""ai_value"":true,""status"":""disputed"",""confidence"":0.8,""evidence_text"":""1300手""},{""name"":""uncertainty_high"",""deterministic_value"":false,""ai_value"":false,""status"":""agreed_false"",""confidence"":0.8,""evidence_text"":""""}]",仓单增加1300手,rift_rule_enhanced_llm,Qwen/Qwen2.5-0.5B-Instruct,local-5f6bc3b888306b30
GFEX-WR-20260106,2026-01-06,bearish,-0.6,0.0,0.9,5,"[{""rule_id"":""LC-BEAR-01"",""target_label"":""bearish"",""conditions"":[""warehouse_receipt_increase""],""score"":0.033333333333333326,""coverage_positive"":0.6444444444444445,""coverage_negative"":0.6111111111111112,""support_documents"":51,""support_dates"":51,""status"":""qualified""},{""rule_id"":""LC-BEAR-02"",""target_label"":""bearish"",""conditions"":[""warehouse_receipt_increase"",""authoritative_source""],""score"":0.033333333333333326,""coverage_positive"":0.6444444444444445,""coverage_negative"":0.6111111111111112,""support_documents"":51,""support_dates"":51,""status"":""qualified""},{""rule_id"":""LC-BEAR-03"",""target_label"":""bearish"",""conditions"":[""authoritative_source""],""score"":0.016666666666666607,""coverage_positive"":0.8222222222222222,""coverage_negative"":0.8055555555555556,""support_documents"":65,""support_dates"":63,""status"":""qualified""}]","[{""name"":""supply_disruption"",""deterministic_value"":false,""ai_value"":false,""status"":""agreed_false"",""confidence"":0.9,""evidence_text"":""""},{""name"":""supply_expansion"",""deterministic_value"":false,""ai_value"":false,""status"":""agreed_false"",""confidence"":0.9,""evidence_text"":""""},{""name"":""production_resumption"",""deterministic_value"":false,""ai_value"":false,""status"":""agreed_false"",""confidence"":0.9,""evidence_text"":""""},{""name"":""demand_ev_positive"",""deterministic_value"":false,""ai_value"":false,""status"":""agreed_false"",""confidence"":0.9,""evidence_text"":""""},{""name"":""demand_storage_positive"",""deterministic_value"":false,""ai_value"":false,""status"":""agreed_false"",""confidence"":0.9,""evidence_text"":""""},{""name"":""demand_weak_or_price_war"",""deterministic_value"":false,""ai_value"":false,""status"":""agreed_false"",""confidence"":0.9,""evidence_text"":""""},{""name"":""inventory_drawdown"",""deterministic_value"":false,""ai_value"":false,""status"":""agreed_false"",""confidence"":0.9,""evidence_text"":""""},{""name"":""inventory_build"",""deterministic_value"":false,""ai_value"":false,""status"":""agreed_false"",""confidence"":0.9,""evidence_text"":""""},{""name"":""warehouse_receipt_decline"",""deterministic_value"":false,""ai_value"":false,""status"":""agreed_false"",""confidence"":0.9,""evidence_text"":""""},{""name"":""warehouse_receipt_increase"",""deterministic_value"":true,""ai_value"":true,""status"":""agreed_true"",""confidence"":0.9,""evidence_text"":""仓单增加2860手""},{""name"":""policy_demand_support"",""deterministic_value"":false,""ai_value"":false,""status"":""agreed_false"",""confidence"":0.9,""evidence_text"":""""},{""name"":""import_supply_pressure"",""deterministic_value"":false,""ai_value"":false,""status"":""agreed_false"",""confidence"":0.9,""evidence_text"":""""},{""name"":""cost_support"",""deterministic_value"":false,""ai_value"":false,""status"":""agreed_false"",""confidence"":0.9,""evidence_text"":""""},{""name"":""delivery_pressure"",""deterministic_value"":false,""ai_value"":false,""status"":""agreed_false"",""confidence"":0.9,""evidence_text"":""""},{""name"":""authoritative_source"",""deterministic_value"":true,""ai_value"":true,""status"":""agreed_true"",""confidence"":0.9,""evidence_text"":""广期所""},{""name"":""quantitative_evidence"",""deterministic_value"":false,""ai_value"":true,""status"":""disputed"",""confidence"":0.9,""evidence_text"":""2860手""},{""name"":""uncertainty_high"",""deterministic_value"":false,""ai_value"":false,""status"":""agreed_false"",""confidence"":0.9,""evidence_text"":""""}]",仓单增加2860手,rift_rule_enhanced_llm,Qwen/Qwen2.5-0.5B-Instruct,local-8c6e2a11a3013016
GFEX-WR-20260107,2026-01-07,bearish,-0.6,0.0,0.8,5,"[{""rule_id"":""LC-BEAR-01"",""target_label"":""bearish"",""conditions"":[""warehouse_receipt_increase""],""score"":0.033333333333333326,""coverage_positive"":0.6444444444444445,""coverage_negative"":0.6111111111111112,""support_documents"":51,""support_dates"":51,""status"":""qualified""},{""rule_id"":""LC-BEAR-02"",""target_label"":""bearish"",""conditions"":[""warehouse_receipt_increase"",""authoritative_source""],""score"":0.033333333333333326,""coverage_positive"":0.6444444444444445,""coverage_negative"":0.6111111111111112,""support_documents"":51,""support_dates"":51,""status"":""qualified""},{""rule_id"":""LC-BEAR-03"",""target_label"":""bearish"",""conditions"":[""authoritative_source""],""score"":0.016666666666666607,""coverage_positive"":0.8222222222222222,""coverage_negative"":0.8055555555555556,""support_documents"":65,""support_dates"":63,""status"":""qualified""}]","[{""name"":""supply_disruption"",""deterministic_value"":false,""ai_value"":false,""status"":""agreed_false"",""confidence"":0.8,""evidence_text"":""""},{""name"":""supply_expansion"",""deterministic_value"":false,""ai_value"":false,""status"":""agreed_false"",""confidence"":0.8,""evidence_text"":""""},{""name"":""production_resumption"",""deterministic_value"":false,""ai_value"":false,""status"":""agreed_false"",""confidence"":0.8,""evidence_text"":""""},{""name"":""demand_ev_positive"",""deterministic_value"":false,""ai_value"":false,""status"":""agreed_false"",""confidence"":0.8,""evidence_text"":""""},{""name"":""demand_storage_positive"",""deterministic_value"":false,""ai_value"":false,""status"":""agreed_false"",""confidence"":0.8,""evidence_text"":""""},{""name"":""demand_weak_or_price_war"",""deterministic_value"":false,""ai_value"":false,""status"":""agreed_false"",""confidence"":0.8,""evidence_text"":""""},{""name"":""inventory_drawdown"",""deterministic_value"":false,""ai_value"":false,""status"":""agreed_false"",""confidence"":0.8,""evidence_text"":""""},{""name"":""inventory_build"",""deterministic_value"":false,""ai_value"":false,""status"":""agreed_false"",""confidence"":0.8,""evidence_text"":""""},{""name"":""warehouse_receipt_decline"",""deterministic_value"":false,""ai_value"":false,""status"":""agreed_false"",""confidence"":0.8,""evidence_text"":""""},{""name"":""warehouse_receipt_increase"",""deterministic_value"":true,""ai_value"":true,""status"":""agreed_true"",""confidence"":0.8,""evidence_text"":""仓单增加2039手""},{""name"":""policy_demand_support"",""deterministic_value"":false,""ai_value"":false,""status"":""agreed_false"",""confidence"":0.8,""evidence_text"":""""},{""name"":""import_supply_pressure"",""deterministic_value"":false,""ai_value"":false,""status"":""agreed_false"",""confidence"":0.8,""evidence_text"":""""},{""name"":""cost_support"",""deterministic_value"":false,""ai_value"":false,""status"":""agreed_false"",""confidence"":0.8,""evidence_text"":""""},{""name"":""delivery_pressure"",""deterministic_value"":false,""ai_value"":false,""status"":""agreed_false"",""confidence"":0.8,""evidence_text"":""""},{""name"":""authoritative_source"",""deterministic_value"":true,""ai_value"":true,""status"":""agreed_true"",""confidence"":0.8,""evidence_text"":""广期所""},{""name"":""quantitative_evidence"",""deterministic_value"":false,""ai_value"":true,""status"":""disputed"",""confidence"":0.8,""evidence_text"":""2039手""},{""name"":""uncertainty_high"",""deterministic_value"":false,""ai_value"":false,""status"":""agreed_false"",""confidence"":0.8,""evidence_text"":""""}]",仓单增加2039手,rift_rule_enhanced_llm,Qwen/Qwen2.5-0.5B-Instruct,local-af0a2f3a215d3fd9
LC-TEXT-0027,2026-01-08,bullish,0.6,0.0,0.8,5,"[{""rule_id"":""LC-BEAR-03"",""target_label"":""bearish"",""conditions"":[""authoritative_source""],""score"":0.016666666666666607,""coverage_positive"":0.8222222222222222,""coverage_negative"":0.8055555555555556,""support_documents"":65,""support_dates"":63,""status"":""qualified""}]","[{""name"":""supply_disruption"",""deterministic_value"":false,""ai_value"":false,""status"":""agreed_false"",""confidence"":0.8,""evidence_text"":""""},{""name"":""supply_expansion"",""deterministic_value"":false,""ai_value"":false,""status"":""agreed_false"",""confidence"":0.8,""evidence_text"":""""},{""name"":""production_resumption"",""deterministic_value"":false,""ai_value"":false,""status"":""agreed_false"",""confidence"":0.8,""evidence_text"":""""},{""name"":""demand_ev_positive"",""deterministic_value"":true,""ai_value"":false,""status"":""disputed"",""confidence"":0.8,""evidence_text"":""以旧换新""},{""name"":""demand_storage_positive"",""deterministic_value"":false,""ai_value"":false,""status"":""agreed_false"",""confidence"":0.8,""evidence_text"":""""},{""name"":""demand_weak_or_price_war"",""deterministic_value"":false,""ai_value"":false,""status"":""agreed_false"",""confidence"":0.8,""evidence_text"":""""},{""name"":""inventory_drawdown"",""deterministic_value"":false,""ai_value"":false,""status"":""agreed_false"",""confidence"":0.8,""evidence_text"":""""},{""name"":""inventory_build"",""deterministic_value"":false,""ai_value"":false,""status"":""agreed_false"",""confidence"":0.8,""evidence_text"":""""},{""name"":""warehouse_receipt_decline"",""deterministic_value"":false,""ai_value"":false,""status"":""agreed_false"",""confidence"":0.8,""evidence_text"":""""},{""name"":""warehouse_receipt_increase"",""deterministic_value"":false,""ai_value"":false,""status"":""agreed_false"",""confidence"":0.8,""evidence_text"":""""},{""name"":""policy_demand_support"",""deterministic_value"":true,""ai_value"":false,""status"":""disputed"",""confidence"":0.8,""evidence_text"":""以旧换新""},{""name"":""import_supply_pressure"",""deterministic_value"":false,""ai_value"":false,""status"":""agreed_false"",""confidence"":0.8,""evidence_text"":""""},{""name"":""cost_support"",""deterministic_value"":false,""ai_value"":false,""status"":""agreed_false"",""confidence"":0.8,""evidence_text"":""""},{""name"":""delivery_pressure"",""deterministic_value"":false,""ai_value"":false,""status"":""agreed_false"",""confidence"":0.8,""evidence_text"":""""},{""name"":""authoritative_source"",""deterministic_value"":true,""ai_value"":true,""status"":""agreed_true"",""confidence"":0.8,""evidence_text"":""国家发展改革委""},{""name"":""quantitative_evidence"",""deterministic_value"":true,""ai_value"":false,""status"":""disputed"",""confidence"":0.8,""evidence_text"":""12个""},{""name"":""uncertainty_high"",""deterministic_value"":false,""ai_value"":false,""status"":""agreed_false"",""confidence"":0.8,""evidence_text"":""""}]",国家发展改革委,rift_rule_enhanced_llm,Qwen/Qwen2.5-0.5B-Instruct,local-66c6d4b507bbd961
GFEX-WR-20260121,2026-01-21,neutral,-0.0,0.0,0.8,5,"[{""rule_id"":""LC-BEAR-01"",""target_label"":""bearish"",""conditions"":[""warehouse_receipt_increase""],""score"":0.033333333333333326,""coverage_positive"":0.6444444444444445,""coverage_negative"":0.6111111111111112,""support_documents"":51,""support_dates"":51,""status"":""qualified""},{""rule_id"":""LC-BEAR-02"",""target_label"":""bearish"",""conditions"":[""warehouse_receipt_increase"",""authoritative_source""],""score"":0.033333333333333326,""coverage_positive"":0.6444444444444445,""coverage_negative"":0.6111111111111112,""support_documents"":51,""support_dates"":51,""status"":""qualified""},{""rule_id"":""LC-BEAR-03"",""target_label"":""bearish"",""conditions"":[""authoritative_source""],""score"":0.016666666666666607,""coverage_positive"":0.8222222222222222,""coverage_negative"":0.8055555555555556,""support_documents"":65,""support_dates"":63,""status"":""qualified""}]","[{""name"":""supply_disruption"",""deterministic_value"":false,""ai_value"":false,""status"":""agreed_false"",""confidence"":0.8,""evidence_text"":""""},{""name"":""supply_expansion"",""deterministic_value"":false,""ai_value"":false,""status"":""agreed_false"",""confidence"":0.8,""evidence_text"":""""},{""name"":""production_resumption"",""deterministic_value"":false,""ai_value"":false,""status"":""agreed_false"",""confidence"":0.8,""evidence_text"":""""},{""name"":""demand_ev_positive"",""deterministic_value"":false,""ai_value"":false,""status"":""agreed_false"",""confidence"":0.8,""evidence_text"":""""},{""name"":""demand_storage_positive"",""deterministic_value"":false,""ai_value"":false,""status"":""agreed_false"",""confidence"":0.8,""evidence_text"":""""},{""name"":""demand_weak_or_price_war"",""deterministic_value"":false,""ai_value"":false,""status"":""agreed_false"",""confidence"":0.8,""evidence_text"":""""},{""name"":""inventory_drawdown"",""deterministic_value"":false,""ai_value"":false,""status"":""agreed_false"",""confidence"":0.8,""evidence_text"":""""},{""name"":""inventory_build"",""deterministic_value"":false,""ai_value"":false,""status"":""agreed_false"",""confidence"":0.8,""evidence_text"":""""},{""name"":""warehouse_receipt_decline"",""deterministic_value"":false,""ai_value"":false,""status"":""agreed_false"",""confidence"":0.8,""evidence_text"":""""},{""name"":""warehouse_receipt_increase"",""deterministic_value"":true,""ai_value"":true,""status"":""agreed_true"",""confidence"":0.8,""evidence_text"":""仓单增加975手""},{""name"":""policy_demand_support"",""deterministic_value"":false,""ai_value"":false,""status"":""agreed_false"",""confidence"":0.8,""evidence_text"":""""},{""name"":""import_supply_pressure"",""deterministic_value"":false,""ai_value"":false,""status"":""agreed_false"",""confidence"":0.8,""evidence_text"":""""},{""name"":""cost_support"",""deterministic_value"":false,""ai_value"":false,""status"":""agreed_false"",""confidence"":0.8,""evidence_text"":""""},{""name"":""delivery_pressure"",""deterministic_value"":false,""ai_value"":false,""status"":""agreed_false"",""confidence"":0.8,""evidence_text"":""""},{""name"":""authoritative_source"",""deterministic_value"":true,""ai_value"":true,""status"":""agreed_true"",""confidence"":0.8,""evidence_text"":""广期所""},{""name"":""quantitative_evidence"",""deterministic_value"":false,""ai_value"":true,""status"":""disputed"",""confidence"":0.8,""evidence_text"":""975手""},{""name"":""uncertainty_high"",""deterministic_value"":false,""ai_value"":false,""status"":""agreed_false"",""confidence"":0.8,""evidence_text"":""""}]",仓单增加975手,rift_rule_enhanced_llm,Qwen/Qwen2.5-0.5B-Instruct,local-385f011d985dc605
LC-TEXT-0030,2026-01-22,neutral,0.0,0.0,0.8,5,[],"[{""name"":""supply_disruption"",""deterministic_value"":true,""ai_value"":false,""status"":""disputed"",""confidence"":0.8,""evidence_text"":""减产""},{""name"":""supply_expansion"",""deterministic_value"":false,""ai_value"":false,""status"":""agreed_false"",""confidence"":0.8,""evidence_text"":""""},{""name"":""production_resumption"",""deterministic_value"":false,""ai_value"":false,""status"":""agreed_false"",""confidence"":0.8,""evidence_text"":""""},{""name"":""demand_ev_positive"",""deterministic_value"":false,""ai_value"":false,""status"":""agreed_false"",""confidence"":0.8,""evidence_text"":""""},{""name"":""demand_storage_positive"",""deterministic_value"":false,""ai_value"":false,""status"":""agreed_false"",""confidence"":0.8,""evidence_text"":""""},{""name"":""demand_weak_or_price_war"",""deterministic_value"":true,""ai_value"":false,""status"":""disputed"",""confidence"":0.8,""evidence_text"":""价格战""},{""name"":""inventory_drawdown"",""deterministic_value"":false,""ai_value"":true,""status"":""disputed"",""confidence"":0.8,""evidence_text"":""光伏行业2025：全行业亏损下，谁能率先突围？_财富号_东方财富网""},{""name"":""inventory_build"",""deterministic_value"":false,""ai_value"":true,""status"":""disputed"",""confidence"":0.8,""evidence_text"":""光伏行业2025：全行业亏损下，谁能率先突围？_财富号_东方财富网""},{""name"":""warehouse_receipt_decline"",""deterministic_value"":false,""ai_value"":true,""status"":""disputed"",""confidence"":0.8,""evidence_text"":""光伏行业2025：全行业亏损下，谁能率先突围？_财富号_东方财富网""},{""name"":""warehouse_receipt_increase"",""deterministic_value"":false,""ai_value"":true,""status"":""disputed"",""confidence"":0.8,""evidence_text"":""光伏行业2025：全行业亏损下，谁能率先突围？_财富号_东方财富网""},{""name"":""policy_demand_support"",""deterministic_value"":false,""ai_value"":true,""status"":""disputed"",""confidence"":0.8,""evidence_text"":""光伏行业2025：全行业亏损下，谁能率先突围？_财富号_东方财富网""},{""name"":""import_supply_pressure"",""deterministic_value"":false,""ai_value"":false,""status"":""agreed_false"",""confidence"":0.8,""evidence_text"":""""},{""name"":""cost_support"",""deterministic_value"":false,""ai_value"":false,""status"":""agreed_false"",""confidence"":0.8,""evidence_text"":""""},{""name"":""delivery_pressure"",""deterministic_value"":false,""ai_value"":false,""status"":""agreed_false"",""confidence"":0.8,""evidence_text"":""""},{""name"":""authoritative_source"",""deterministic_value"":true,""ai_value"":false,""status"":""disputed"",""confidence"":0.8,""evidence_text"":""上市公司""},{""name"":""quantitative_evidence"",""deterministic_value"":true,""ai_value"":false,""status"":""disputed"",""confidence"":0.8,""evidence_text"":""11家""},{""name"":""uncertainty_high"",""deterministic_value"":true,""ai_value"":false,""status"":""disputed"",""confidence"":0.8,""evidence_text"":""预计""}]",光伏行业2025：全行业亏损下，谁能率先突围？_财富号_东方财富网,rulebook_inactive,Qwen/Qwen2.5-0.5B-Instruct,local-dae669b60cb1e372
GFEX-WR-20260202,2026-02-02,bearish,-0.6,0.0,0.9,5,"[{""rule_id"":""LC-BEAR-01"",""target_label"":""bearish"",""conditions"":[""warehouse_receipt_increase""],""score"":0.033333333333333326,""coverage_positive"":0.6444444444444445,""coverage_negative"":0.6111111111111112,""support_documents"":51,""support_dates"":51,""status"":""qualified""},{""rule_id"":""LC-BEAR-02"",""target_label"":""bearish"",""conditions"":[""warehouse_receipt_increase"",""authoritative_source""],""score"":0.033333333333333326,""coverage_positive"":0.6444444444444445,""coverage_negative"":0.6111111111111112,""support_documents"":51,""support_dates"":51,""status"":""qualified""},{""rule_id"":""LC-BEAR-03"",""target_label"":""bearish"",""conditions"":[""authoritative_source""],""score"":0.016666666666666607,""coverage_positive"":0.8222222222222222,""coverage_negative"":0.8055555555555556,""support_documents"":65,""support_dates"":63,""status"":""qualified""}]","[{""name"":""supply_disruption"",""deterministic_value"":false,""ai_value"":false,""status"":""agreed_false"",""confidence"":0.9,""evidence_text"":""""},{""name"":""supply_expansion"",""deterministic_value"":false,""ai_value"":false,""status"":""agreed_false"",""confidence"":0.9,""evidence_text"":""""},{""name"":""production_resumption"",""deterministic_value"":false,""ai_value"":false,""status"":""agreed_false"",""confidence"":0.9,""evidence_text"":""""},{""name"":""demand_ev_positive"",""deterministic_value"":false,""ai_value"":false,""status"":""agreed_false"",""confidence"":0.9,""evidence_text"":""""},{""name"":""demand_storage_positive"",""deterministic_value"":false,""ai_value"":false,""status"":""agreed_false"",""confidence"":0.9,""evidence_text"":""""},{""name"":""demand_weak_or_price_war"",""deterministic_value"":false,""ai_value"":false,""status"":""agreed_false"",""confidence"":0.9,""evidence_text"":""""},{""name"":""inventory_drawdown"",""deterministic_value"":false,""ai_value"":false,""status"":""agreed_false"",""confidence"":0.9,""evidence_text"":""""},{""name"":""inventory_build"",""deterministic_value"":false,""ai_value"":false,""status"":""agreed_false"",""confidence"":0.9,""evidence_text"":""""},{""name"":""warehouse_receipt_decline"",""deterministic_value"":false,""ai_value"":false,""status"":""agreed_false"",""confidence"":0.9,""evidence_text"":""""},{""name"":""warehouse_receipt_increase"",""deterministic_value"":true,""ai_value"":true,""status"":""agreed_true"",""confidence"":0.9,""evidence_text"":""仓单增加1610手""},{""name"":""policy_demand_support"",""deterministic_value"":false,""ai_value"":false,""status"":""agreed_false"",""confidence"":0.9,""evidence_text"":""""},{""name"":""import_supply_pressure"",""deterministic_value"":false,""ai_value"":false,""status"":""agreed_false"",""confidence"":0.9,""evidence_text"":""""},{""name"":""cost_support"",""deterministic_value"":false,""ai_value"":false,""status"":""agreed_false"",""confidence"":0.9,""evidence_text"":""""},{""name"":""delivery_pressure"",""deterministic_value"":false,""ai_value"":false,""status"":""agreed_false"",""confidence"":0.9,""evidence_text"":""""},{""name"":""authoritative_source"",""deterministic_value"":true,""ai_value"":true,""status"":""agreed_true"",""confidence"":0.9,""evidence_text"":""广期所""},{""name"":""quantitative_evidence"",""deterministic_value"":false,""ai_value"":true,""status"":""disputed"",""confidence"":0.9,""evidence_text"":""32241手""},{""name"":""uncertainty_high"",""deterministic_value"":false,""ai_value"":true,""status"":""disputed"",""confidence"":0.9,""evidence_text"":""增加1610手""}]",仓单增加1610手,rift_rule_enhanced_llm,Qwen/Qwen2.5-0.5B-Instruct,local-2739e67b3eae2d14
GFEX-WR-20260204,2026-02-04,bearish,-0.6,0.0,0.9,5,"[{""rule_id"":""LC-BEAR-01"",""target_label"":""bearish"",""conditions"":[""warehouse_receipt_increase""],""score"":0.033333333333333326,""coverage_positive"":0.6444444444444445,""coverage_negative"":0.6111111111111112,""support_documents"":51,""support_dates"":51,""status"":""qualified""},{""rule_id"":""LC-BEAR-02"",""target_label"":""bearish"",""conditions"":[""warehouse_receipt_increase"",""authoritative_source""],""score"":0.033333333333333326,""coverage_positive"":0.6444444444444445,""coverage_negative"":0.6111111111111112,""support_documents"":51,""support_dates"":51,""status"":""qualified""},{""rule_id"":""LC-BEAR-03"",""target_label"":""bearish"",""conditions"":[""authoritative_source""],""score"":0.016666666666666607,""coverage_positive"":0.8222222222222222,""coverage_negative"":0.8055555555555556,""support_documents"":65,""support_dates"":63,""status"":""qualified""}]","[{""name"":""supply_disruption"",""deterministic_value"":false,""ai_value"":false,""status"":""agreed_false"",""confidence"":0.9,""evidence_text"":""""},{""name"":""supply_expansion"",""deterministic_value"":false,""ai_value"":false,""status"":""agreed_false"",""confidence"":0.9,""evidence_text"":""""},{""name"":""production_resumption"",""deterministic_value"":false,""ai_value"":false,""status"":""agreed_false"",""confidence"":0.9,""evidence_text"":""""},{""name"":""demand_ev_positive"",""deterministic_value"":false,""ai_value"":false,""status"":""agreed_false"",""confidence"":0.9,""evidence_text"":""""},{""name"":""demand_storage_positive"",""deterministic_value"":false,""ai_value"":false,""status"":""agreed_false"",""confidence"":0.9,""evidence_text"":""""},{""name"":""demand_weak_or_price_war"",""deterministic_value"":false,""ai_value"":false,""status"":""agreed_false"",""confidence"":0.9,""evidence_text"":""""},{""name"":""inventory_drawdown"",""deterministic_value"":false,""ai_value"":false,""status"":""agreed_false"",""confidence"":0.9,""evidence_text"":""""},{""name"":""inventory_build"",""deterministic_value"":false,""ai_value"":false,""status"":""agreed_false"",""confidence"":0.9,""evidence_text"":""""},{""name"":""warehouse_receipt_decline"",""deterministic_value"":false,""ai_value"":false,""status"":""agreed_false"",""confidence"":0.9,""evidence_text"":""""},{""name"":""warehouse_receipt_increase"",""deterministic_value"":true,""ai_value"":true,""status"":""agreed_true"",""confidence"":0.9,""evidence_text"":""仓单增加1030手""},{""name"":""policy_demand_support"",""deterministic_value"":false,""ai_value"":false,""status"":""agreed_false"",""confidence"":0.9,""evidence_text"":""""},{""name"":""import_supply_pressure"",""deterministic_value"":false,""ai_value"":false,""status"":""agreed_false"",""confidence"":0.9,""evidence_text"":""""},{""name"":""cost_support"",""deterministic_value"":false,""ai_value"":false,""status"":""agreed_false"",""confidence"":0.9,""evidence_text"":""""},{""name"":""delivery_pressure"",""deterministic_value"":false,""ai_value"":false,""status"":""agreed_false"",""confidence"":0.9,""evidence_text"":""""},{""name"":""authoritative_source"",""deterministic_value"":true,""ai_value"":true,""status"":""agreed_true"",""confidence"":0.9,""evidence_text"":""广期所""},{""name"":""quantitative_evidence"",""deterministic_value"":false,""ai_value"":true,""status"":""disputed"",""confidence"":0.9,""evidence_text"":""34114手""},{""name"":""uncertainty_high"",""deterministic_value"":false,""ai_value"":true,""status"":""disputed"",""confidence"":0.9,""evidence_text"":""增加1030手""}]",仓单增加1030手,rift_rule_enhanced_llm,Qwen/Qwen2.5-0.5B-Instruct,local-0b824bf1aadb9692
GFEX-WR-20260209,2026-02-09,neutral,-0.0,0.0,0.8,5,"[{""rule_id"":""LC-BEAR-01"",""target_label"":""bearish"",""conditions"":[""warehouse_receipt_increase""],""score"":0.033333333333333326,""coverage_positive"":0.6444444444444445,""coverage_negative"":0.6111111111111112,""support_documents"":51,""support_dates"":51,""status"":""qualified""},{""rule_id"":""LC-BEAR-02"",""target_label"":""bearish"",""conditions"":[""warehouse_receipt_increase"",""authoritative_source""],""score"":0.033333333333333326,""coverage_positive"":0.6444444444444445,""coverage_negative"":0.6111111111111112,""support_documents"":51,""support_dates"":51,""status"":""qualified""},{""rule_id"":""LC-BEAR-03"",""target_label"":""bearish"",""conditions"":[""authoritative_source""],""score"":0.016666666666666607,""coverage_positive"":0.8222222222222222,""coverage_negative"":0.8055555555555556,""support_documents"":65,""support_dates"":63,""status"":""qualified""}]","[{""name"":""supply_disruption"",""deterministic_value"":false,""ai_value"":false,""status"":""agreed_false"",""confidence"":0.8,""evidence_text"":""""},{""name"":""supply_expansion"",""deterministic_value"":false,""ai_value"":false,""status"":""agreed_false"",""confidence"":0.8,""evidence_text"":""""},{""name"":""production_resumption"",""deterministic_value"":false,""ai_value"":false,""status"":""agreed_false"",""confidence"":0.8,""evidence_text"":""""},{""name"":""demand_ev_positive"",""deterministic_value"":false,""ai_value"":false,""status"":""agreed_false"",""confidence"":0.8,""evidence_text"":""""},{""name"":""demand_storage_positive"",""deterministic_value"":false,""ai_value"":false,""status"":""agreed_false"",""confidence"":0.8,""evidence_text"":""""},{""name"":""demand_weak_or_price_war"",""deterministic_value"":false,""ai_value"":false,""status"":""agreed_false"",""confidence"":0.8,""evidence_text"":""""},{""name"":""inventory_drawdown"",""deterministic_value"":false,""ai_value"":false,""status"":""agreed_false"",""confidence"":0.8,""evidence_text"":""""},{""name"":""inventory_build"",""deterministic_value"":false,""ai_value"":false,""status"":""agreed_false"",""confidence"":0.8,""evidence_text"":""""},{""name"":""warehouse_receipt_decline"",""deterministic_value"":false,""ai_value"":false,""status"":""agreed_false"",""confidence"":0.8,""evidence_text"":""""},{""name"":""warehouse_receipt_increase"",""deterministic_value"":true,""ai_value"":true,""status"":""agreed_true"",""confidence"":0.8,""evidence_text"":""仓单增加820手""},{""name"":""policy_demand_support"",""deterministic_value"":false,""ai_value"":false,""status"":""agreed_false"",""confidence"":0.8,""evidence_text"":""""},{""name"":""import_supply_pressure"",""deterministic_value"":false,""ai_value"":false,""status"":""agreed_false"",""confidence"":0.8,""evidence_text"":""""},{""name"":""cost_support"",""deterministic_value"":false,""ai_value"":false,""status"":""agreed_false"",""confidence"":0.8,""evidence_text"":""""},{""name"":""delivery_pressure"",""deterministic_value"":false,""ai_value"":false,""status"":""agreed_false"",""confidence"":0.8,""evidence_text"":""""},{""name"":""authoritative_source"",""deterministic_value"":true,""ai_value"":true,""status"":""agreed_true"",""confidence"":0.8,""evidence_text"":""广期所""},{""name"":""quantitative_evidence"",""deterministic_value"":false,""ai_value"":true,""status"":""disputed"",""confidence"":0.8,""evidence_text"":""820手""},{""name"":""uncertainty_high"",""deterministic_value"":false,""ai_value"":false,""status"":""agreed_false"",""confidence"":0.8,""evidence_text"":""""}]",仓单增加820手,rift_rule_enhanced_llm,Qwen/Qwen2.5-0.5B-Instruct,local-a9192e7388159ce6
GFEX-WR-20260210,2026-02-10,neutral,-0.0,0.0,0.8,5,"[{""rule_id"":""LC-BEAR-01"",""target_label"":""bearish"",""conditions"":[""warehouse_receipt_increase""],""score"":0.033333333333333326,""coverage_positive"":0.6444444444444445,""coverage_negative"":0.6111111111111112,""support_documents"":51,""support_dates"":51,""status"":""qualified""},{""rule_id"":""LC-BEAR-02"",""target_label"":""bearish"",""conditions"":[""warehouse_receipt_increase"",""authoritative_source""],""score"":0.033333333333333326,""coverage_positive"":0.6444444444444445,""coverage_negative"":0.6111111111111112,""support_documents"":51,""support_dates"":51,""status"":""qualified""},{""rule_id"":""LC-BEAR-03"",""target_label"":""bearish"",""conditions"":[""authoritative_source""],""score"":0.016666666666666607,""coverage_positive"":0.8222222222222222,""coverage_negative"":0.8055555555555556,""support_documents"":65,""support_dates"":63,""status"":""qualified""}]","[{""name"":""supply_disruption"",""deterministic_value"":false,""ai_value"":false,""status"":""agreed_false"",""confidence"":0.8,""evidence_text"":""""},{""name"":""supply_expansion"",""deterministic_value"":false,""ai_value"":false,""status"":""agreed_false"",""confidence"":0.8,""evidence_text"":""""},{""name"":""production_resumption"",""deterministic_value"":false,""ai_value"":false,""status"":""agreed_false"",""confidence"":0.8,""evidence_text"":""""},{""name"":""demand_ev_positive"",""deterministic_value"":false,""ai_value"":false,""status"":""agreed_false"",""confidence"":0.8,""evidence_text"":""""},{""name"":""demand_storage_positive"",""deterministic_value"":false,""ai_value"":false,""status"":""agreed_false"",""confidence"":0.8,""evidence_text"":""""},{""name"":""demand_weak_or_price_war"",""deterministic_value"":false,""ai_value"":false,""status"":""agreed_false"",""confidence"":0.8,""evidence_text"":""""},{""name"":""inventory_drawdown"",""deterministic_value"":false,""ai_value"":false,""status"":""agreed_false"",""confidence"":0.8,""evidence_text"":""""},{""name"":""inventory_build"",""deterministic_value"":false,""ai_value"":false,""status"":""agreed_false"",""confidence"":0.8,""evidence_text"":""""},{""name"":""warehouse_receipt_decline"",""deterministic_value"":false,""ai_value"":false,""status"":""agreed_false"",""confidence"":0.8,""evidence_text"":""""},{""name"":""warehouse_receipt_increase"",""deterministic_value"":true,""ai_value"":true,""status"":""agreed_true"",""confidence"":0.8,""evidence_text"":""仓单增加940手""},{""name"":""policy_demand_support"",""deterministic_value"":false,""ai_value"":false,""status"":""agreed_false"",""confidence"":0.8,""evidence_text"":""""},{""name"":""import_supply_pressure"",""deterministic_value"":false,""ai_value"":false,""status"":""agreed_false"",""confidence"":0.8,""evidence_text"":""""},{""name"":""cost_support"",""deterministic_value"":false,""ai_value"":false,""status"":""agreed_false"",""confidence"":0.8,""evidence_text"":""""},{""name"":""delivery_pressure"",""deterministic_value"":false,""ai_value"":false,""status"":""agreed_false"",""confidence"":0.8,""evidence_text"":""""},{""name"":""authoritative_source"",""deterministic_value"":true,""ai_value"":true,""status"":""agreed_true"",""confidence"":0.8,""evidence_text"":""广期所""},{""name"":""quantitative_evidence"",""deterministic_value"":false,""ai_value"":true,""status"":""disputed"",""confidence"":0.8,""evidence_text"":""940手""},{""name"":""uncertainty_high"",""deterministic_value"":false,""ai_value"":false,""status"":""agreed_false"",""confidence"":0.8,""evidence_text"":""""}]",仓单增加940手,rift_rule_enhanced_llm,Qwen/Qwen2.5-0.5B-Instruct,local-92d25d53cb012761
GFEX-WR-20260212,2026-02-12,bearish,-0.6,0.0,0.9,5,"[{""rule_id"":""LC-BEAR-01"",""target_label"":""bearish"",""conditions"":[""warehouse_receipt_increase""],""score"":0.033333333333333326,""coverage_positive"":0.6444444444444445,""coverage_negative"":0.6111111111111112,""support_documents"":51,""support_dates"":51,""status"":""qualified""},{""rule_id"":""LC-BEAR-02"",""target_label"":""bearish"",""conditions"":[""warehouse_receipt_increase"",""authoritative_source""],""score"":0.033333333333333326,""coverage_positive"":0.6444444444444445,""coverage_negative"":0.6111111111111112,""support_documents"":51,""support_dates"":51,""status"":""qualified""},{""rule_id"":""LC-BEAR-03"",""target_label"":""bearish"",""conditions"":[""authoritative_source""],""score"":0.016666666666666607,""coverage_positive"":0.8222222222222222,""coverage_negative"":0.8055555555555556,""support_documents"":65,""support_dates"":63,""status"":""qualified""}]","[{""name"":""supply_disruption"",""deterministic_value"":false,""ai_value"":false,""status"":""agreed_false"",""confidence"":0.9,""evidence_text"":""""},{""name"":""supply_expansion"",""deterministic_value"":false,""ai_value"":false,""status"":""agreed_false"",""confidence"":0.9,""evidence_text"":""""},{""name"":""production_resumption"",""deterministic_value"":false,""ai_value"":false,""status"":""agreed_false"",""confidence"":0.9,""evidence_text"":""""},{""name"":""demand_ev_positive"",""deterministic_value"":false,""ai_value"":false,""status"":""agreed_false"",""confidence"":0.9,""evidence_text"":""""},{""name"":""demand_storage_positive"",""deterministic_value"":false,""ai_value"":false,""status"":""agreed_false"",""confidence"":0.9,""evidence_text"":""""},{""name"":""demand_weak_or_price_war"",""deterministic_value"":false,""ai_value"":false,""status"":""agreed_false"",""confidence"":0.9,""evidence_text"":""""},{""name"":""inventory_drawdown"",""deterministic_value"":false,""ai_value"":false,""status"":""agreed_false"",""confidence"":0.9,""evidence_text"":""""},{""name"":""inventory_build"",""deterministic_value"":false,""ai_value"":false,""status"":""agreed_false"",""confidence"":0.9,""evidence_text"":""""},{""name"":""warehouse_receipt_decline"",""deterministic_value"":false,""ai_value"":false,""status"":""agreed_false"",""confidence"":0.9,""evidence_text"":""""},{""name"":""warehouse_receipt_increase"",""deterministic_value"":true,""ai_value"":true,""status"":""agreed_true"",""confidence"":0.9,""evidence_text"":""仓单增加1755手""},{""name"":""policy_demand_support"",""deterministic_value"":false,""ai_value"":false,""status"":""agreed_false"",""confidence"":0.9,""evidence_text"":""""},{""name"":""import_supply_pressure"",""deterministic_value"":false,""ai_value"":false,""status"":""agreed_false"",""confidence"":0.9,""evidence_text"":""""},{""name"":""cost_support"",""deterministic_value"":false,""ai_value"":false,""status"":""agreed_false"",""confidence"":0.9,""evidence_text"":""""},{""name"":""delivery_pressure"",""deterministic_value"":false,""ai_value"":false,""status"":""agreed_false"",""confidence"":0.9,""evidence_text"":""""},{""name"":""authoritative_source"",""deterministic_value"":true,""ai_value"":true,""status"":""agreed_true"",""confidence"":0.9,""evidence_text"":""广期所""},{""name"":""quantitative_evidence"",""deterministic_value"":false,""ai_value"":true,""status"":""disputed"",""confidence"":0.9,""evidence_text"":""1755手""},{""name"":""uncertainty_high"",""deterministic_value"":false,""ai_value"":false,""status"":""agreed_false"",""confidence"":0.9,""evidence_text"":""""}]",仓单增加1755手,rift_rule_enhanced_llm,Qwen/Qwen2.5-0.5B-Instruct,local-0e29a585e4f82832
GFEX-WR-20260213,2026-02-13,bearish,-0.6,0.0,0.8,5,"[{""rule_id"":""LC-BEAR-01"",""target_label"":""bearish"",""conditions"":[""warehouse_receipt_increase""],""score"":0.033333333333333326,""coverage_positive"":0.6444444444444445,""coverage_negative"":0.6111111111111112,""support_documents"":51,""support_dates"":51,""status"":""qualified""},{""rule_id"":""LC-BEAR-02"",""target_label"":""bearish"",""conditions"":[""warehouse_receipt_increase"",""authoritative_source""],""score"":0.033333333333333326,""coverage_positive"":0.6444444444444445,""coverage_negative"":0.6111111111111112,""support_documents"":51,""support_dates"":51,""status"":""qualified""},{""rule_id"":""LC-BEAR-03"",""target_label"":""bearish"",""conditions"":[""authoritative_source""],""score"":0.016666666666666607,""coverage_positive"":0.8222222222222222,""coverage_negative"":0.8055555555555556,""support_documents"":65,""support_dates"":63,""status"":""qualified""}]","[{""name"":""supply_disruption"",""deterministic_value"":false,""ai_value"":false,""status"":""agreed_false"",""confidence"":0.8,""evidence_text"":""""},{""name"":""supply_expansion"",""deterministic_value"":false,""ai_value"":false,""status"":""agreed_false"",""confidence"":0.8,""evidence_text"":""""},{""name"":""production_resumption"",""deterministic_value"":false,""ai_value"":false,""status"":""agreed_false"",""confidence"":0.8,""evidence_text"":""""},{""name"":""demand_ev_positive"",""deterministic_value"":false,""ai_value"":false,""status"":""agreed_false"",""confidence"":0.8,""evidence_text"":""""},{""name"":""demand_storage_positive"",""deterministic_value"":false,""ai_value"":false,""status"":""agreed_false"",""confidence"":0.8,""evidence_text"":""""},{""name"":""demand_weak_or_price_war"",""deterministic_value"":false,""ai_value"":false,""status"":""agreed_false"",""confidence"":0.8,""evidence_text"":""""},{""name"":""inventory_drawdown"",""deterministic_value"":false,""ai_value"":false,""status"":""agreed_false"",""confidence"":0.8,""evidence_text"":""""},{""name"":""inventory_build"",""deterministic_value"":false,""ai_value"":false,""status"":""agreed_false"",""confidence"":0.8,""evidence_text"":""""},{""name"":""warehouse_receipt_decline"",""deterministic_value"":false,""ai_value"":false,""status"":""agreed_false"",""confidence"":0.8,""evidence_text"":""""},{""name"":""warehouse_receipt_increase"",""deterministic_value"":true,""ai_value"":true,""status"":""agreed_true"",""confidence"":0.8,""evidence_text"":""仓单增加1477手""},{""name"":""policy_demand_support"",""deterministic_value"":false,""ai_value"":false,""status"":""agreed_false"",""confidence"":0.8,""evidence_text"":""""},{""name"":""import_supply_pressure"",""deterministic_value"":false,""ai_value"":false,""status"":""agreed_false"",""confidence"":0.8,""evidence_text"":""""},{""name"":""cost_support"",""deterministic_value"":false,""ai_value"":false,""status"":""agreed_false"",""confidence"":0.8,""evidence_text"":""""},{""name"":""delivery_pressure"",""deterministic_value"":false,""ai_value"":false,""status"":""agreed_false"",""confidence"":0.8,""evidence_text"":""""},{""name"":""authoritative_source"",""deterministic_value"":true,""ai_value"":true,""status"":""agreed_true"",""confidence"":0.8,""evidence_text"":""广期所""},{""name"":""quantitative_evidence"",""deterministic_value"":false,""ai_value"":true,""status"":""disputed"",""confidence"":0.8,""evidence_text"":""38759手""},{""name"":""uncertainty_high"",""deterministic_value"":false,""ai_value"":true,""status"":""disputed"",""confidence"":0.8,""evidence_text"":""增加1477手""}]",仓单增加1477手,rift_rule_enhanced_llm,Qwen/Qwen2.5-0.5B-Instruct,local-34979d407e21d3c3
LC-TEXT-0038,2026-03-12,neutral,0.0,0.0,0.8,5,[],"[{""name"":""supply_disruption"",""deterministic_value"":false,""ai_value"":false,""status"":""agreed_false"",""confidence"":0.8,""evidence_text"":""""},{""name"":""supply_expansion"",""deterministic_value"":false,""ai_value"":false,""status"":""agreed_false"",""confidence"":0.8,""evidence_text"":""""},{""name"":""production_resumption"",""deterministic_value"":false,""ai_value"":false,""status"":""agreed_false"",""confidence"":0.8,""evidence_text"":""""},{""name"":""demand_ev_positive"",""deterministic_value"":false,""ai_value"":false,""status"":""agreed_false"",""confidence"":0.8,""evidence_text"":""""},{""name"":""demand_storage_positive"",""deterministic_value"":false,""ai_value"":false,""status"":""agreed_false"",""confidence"":0.8,""evidence_text"":""""},{""name"":""demand_weak_or_price_war"",""deterministic_value"":false,""ai_value"":false,""status"":""agreed_false"",""confidence"":0.8,""evidence_text"":""""},{""name"":""inventory_drawdown"",""deterministic_value"":false,""ai_value"":false,""status"":""agreed_false"",""confidence"":0.8,""evidence_text"":""""},{""name"":""inventory_build"",""deterministic_value"":false,""ai_value"":false,""status"":""agreed_false"",""confidence"":0.8,""evidence_text"":""""},{""name"":""warehouse_receipt_decline"",""deterministic_value"":false,""ai_value"":false,""status"":""agreed_false"",""confidence"":0.8,""evidence_text"":""""},{""name"":""warehouse_receipt_increase"",""deterministic_value"":false,""ai_value"":true,""status"":""disputed"",""confidence"":0.8,""evidence_text"":""1-2月汽车行业运行平稳 新能源渗透率41.2%""},{""name"":""policy_demand_support"",""deterministic_value"":false,""ai_value"":false,""status"":""agreed_false"",""confidence"":0.8,""evidence_text"":""""},{""name"":""import_supply_pressure"",""deterministic_value"":false,""ai_value"":false,""status"":""agreed_false"",""confidence"":0.8,""evidence_text"":""""},{""name"":""cost_support"",""deterministic_value"":false,""ai_value"":false,""status"":""agreed_false"",""confidence"":0.8,""evidence_text"":""""},{""name"":""delivery_pressure"",""deterministic_value"":false,""ai_value"":false,""status"":""agreed_false"",""confidence"":0.8,""evidence_text"":""""},{""name"":""authoritative_source"",""deterministic_value"":false,""ai_value"":true,""status"":""disputed"",""confidence"":0.8,""evidence_text"":""中汽协""},{""name"":""quantitative_evidence"",""deterministic_value"":true,""ai_value"":true,""status"":""agreed_true"",""confidence"":0.8,""evidence_text"":""新能源渗透率41.2%""},{""name"":""uncertainty_high"",""deterministic_value"":false,""ai_value"":false,""status"":""agreed_false"",""confidence"":0.8,""evidence_text"":""""}]",1-2月汽车行业运行平稳 新能源渗透率41.2%,rulebook_inactive,Qwen/Qwen2.5-0.5B-Instruct,local-6c07e1d27f95fdae
LC-TEXT-0039,2026-03-13,neutral,0.0,0.0,0.8,5,[],"[{""name"":""supply_disruption"",""deterministic_value"":false,""ai_value"":false,""status"":""agreed_false"",""confidence"":0.8,""evidence_text"":""""},{""name"":""supply_expansion"",""deterministic_value"":false,""ai_value"":false,""status"":""agreed_false"",""confidence"":0.8,""evidence_text"":""""},{""name"":""production_resumption"",""deterministic_value"":false,""ai_value"":false,""status"":""agreed_false"",""confidence"":0.8,""evidence_text"":""""},{""name"":""demand_ev_positive"",""deterministic_value"":false,""ai_value"":false,""status"":""agreed_false"",""confidence"":0.8,""evidence_text"":""""},{""name"":""demand_storage_positive"",""deterministic_value"":false,""ai_value"":false,""status"":""agreed_false"",""confidence"":0.8,""evidence_text"":""""},{""name"":""demand_weak_or_price_war"",""deterministic_value"":false,""ai_value"":false,""status"":""agreed_false"",""confidence"":0.8,""evidence_text"":""""},{""name"":""inventory_drawdown"",""deterministic_value"":false,""ai_value"":false,""status"":""agreed_false"",""confidence"":0.8,""evidence_text"":""""},{""name"":""inventory_build"",""deterministic_value"":false,""ai_value"":false,""status"":""agreed_false"",""confidence"":0.8,""evidence_text"":""""},{""name"":""warehouse_receipt_decline"",""deterministic_value"":false,""ai_value"":false,""status"":""agreed_false"",""confidence"":0.8,""evidence_text"":""""},{""name"":""warehouse_receipt_increase"",""deterministic_value"":false,""ai_value"":true,""status"":""disputed"",""confidence"":0.8,""evidence_text"":""2026年2月中国动力电池企业装车量排行榜TOP10（附榜单）""},{""name"":""policy_demand_support"",""deterministic_value"":false,""ai_value"":false,""status"":""agreed_false"",""confidence"":0.8,""evidence_text"":""""},{""name"":""import_supply_pressure"",""deterministic_value"":false,""ai_value"":false,""status"":""agreed_false"",""confidence"":0.8,""evidence_text"":""""},{""name"":""cost_support"",""deterministic_value"":false,""ai_value"":false,""status"":""agreed_false"",""confidence"":0.8,""evidence_text"":""""},{""name"":""delivery_pressure"",""deterministic_value"":false,""ai_value"":false,""status"":""agreed_false"",""confidence"":0.8,""evidence_text"":""""},{""name"":""authoritative_source"",""deterministic_value"":false,""ai_value"":true,""status"":""disputed"",""confidence"":0.8,""evidence_text"":""中商情报网""},{""name"":""quantitative_evidence"",""deterministic_value"":true,""ai_value"":true,""status"":""agreed_true"",""confidence"":0.8,""evidence_text"":""2026年2月中国动力电池企业装车量排行榜TOP10（附榜单）""},{""name"":""uncertainty_high"",""deterministic_value"":false,""ai_value"":false,""status"":""agreed_false"",""confidence"":0.8,""evidence_text"":""""}]",2026年2月中国动力电池企业装车量排行榜TOP10（附榜单）,rulebook_inactive,Qwen/Qwen2.5-0.5B-Instruct,local-724163d09bafdd1c
GFEX-WR-20260319,2026-03-19,bullish,0.6,0.0,1.0,5,"[{""rule_id"":""LC-BULL-01"",""target_label"":""bullish"",""conditions"":[""warehouse_receipt_decline""],""score"":0.16666666666666669,""coverage_positive"":0.2777777777777778,""coverage_negative"":0.1111111111111111,""support_documents"":12,""support_dates"":12,""status"":""qualified""},{""rule_id"":""LC-BULL-02"",""target_label"":""bullish"",""conditions"":[""warehouse_receipt_decline"",""authoritative_source""],""score"":0.16666666666666669,""coverage_positive"":0.2777777777777778,""coverage_negative"":0.1111111111111111,""support_documents"":12,""support_dates"":12,""status"":""qualified""},{""rule_id"":""LC-BEAR-03"",""target_label"":""bearish"",""conditions"":[""authoritative_source""],""score"":0.016666666666666607,""coverage_positive"":0.8222222222222222,""coverage_negative"":0.8055555555555556,""support_documents"":65,""support_dates"":63,""status"":""qualified""}]","[{""name"":""supply_disruption"",""deterministic_value"":false,""ai_value"":false,""status"":""agreed_false"",""confidence"":1.0,""evidence_text"":""""},{""name"":""supply_expansion"",""deterministic_value"":false,""ai_value"":false,""status"":""agreed_false"",""confidence"":1.0,""evidence_text"":""""},{""name"":""production_resumption"",""deterministic_value"":false,""ai_value"":false,""status"":""agreed_false"",""confidence"":1.0,""evidence_text"":""""},{""name"":""demand_ev_positive"",""deterministic_value"":false,""ai_value"":false,""status"":""agreed_false"",""confidence"":1.0,""evidence_text"":""""},{""name"":""demand_storage_positive"",""deterministic_value"":false,""ai_value"":false,""status"":""agreed_false"",""confidence"":1.0,""evidence_text"":""""},{""name"":""demand_weak_or_price_war"",""deterministic_value"":false,""ai_value"":false,""status"":""agreed_false"",""confidence"":1.0,""evidence_text"":""""},{""name"":""inventory_drawdown"",""deterministic_value"":false,""ai_value"":false,""status"":""agreed_false"",""confidence"":1.0,""evidence_text"":""""},{""name"":""inventory_build"",""deterministic_value"":false,""ai_value"":false,""status"":""agreed_false"",""confidence"":1.0,""evidence_text"":""""},{""name"":""warehouse_receipt_decline"",""deterministic_value"":true,""ai_value"":true,""status"":""agreed_true"",""confidence"":1.0,""evidence_text"":""仓单减少1029手""},{""name"":""warehouse_receipt_increase"",""deterministic_value"":false,""ai_value"":false,""status"":""agreed_false"",""confidence"":1.0,""evidence_text"":""""},{""name"":""policy_demand_support"",""deterministic_value"":false,""ai_value"":false,""status"":""agreed_false"",""confidence"":1.0,""evidence_text"":""""},{""name"":""import_supply_pressure"",""deterministic_value"":false,""ai_value"":false,""status"":""agreed_false"",""confidence"":1.0,""evidence_text"":""""},{""name"":""cost_support"",""deterministic_value"":false,""ai_value"":false,""status"":""agreed_false"",""confidence"":1.0,""evidence_text"":""""},{""name"":""delivery_pressure"",""deterministic_value"":false,""ai_value"":false,""status"":""agreed_false"",""confidence"":1.0,""evidence_text"":""""},{""name"":""authoritative_source"",""deterministic_value"":true,""ai_value"":true,""status"":""agreed_true"",""confidence"":1.0,""evidence_text"":""广州期货交易所""},{""name"":""quantitative_evidence"",""deterministic_value"":false,""ai_value"":true,""status"":""disputed"",""confidence"":1.0,""evidence_text"":""1029手""},{""name"":""uncertainty_high"",""deterministic_value"":false,""ai_value"":false,""status"":""agreed_false"",""confidence"":1.0,""evidence_text"":""""}]",仓单减少1029手,rift_rule_enhanced_llm,Qwen/Qwen2.5-0.5B-Instruct,local-8dda2a02449e9be8
LC-TEXT-0040,2026-03-23,neutral,0.0,0.0,0.8,5,[],"[{""name"":""supply_disruption"",""deterministic_value"":false,""ai_value"":false,""status"":""agreed_false"",""confidence"":0.8,""evidence_text"":""""},{""name"":""supply_expansion"",""deterministic_value"":false,""ai_value"":false,""status"":""agreed_false"",""confidence"":0.8,""evidence_text"":""""},{""name"":""production_resumption"",""deterministic_value"":false,""ai_value"":false,""status"":""agreed_false"",""confidence"":0.8,""evidence_text"":""""},{""name"":""demand_ev_positive"",""deterministic_value"":false,""ai_value"":false,""status"":""agreed_false"",""confidence"":0.8,""evidence_text"":""""},{""name"":""demand_storage_positive"",""deterministic_value"":false,""ai_value"":false,""status"":""agreed_false"",""confidence"":0.8,""evidence_text"":""""},{""name"":""demand_weak_or_price_war"",""deterministic_value"":false,""ai_value"":false,""status"":""agreed_false"",""confidence"":0.8,""evidence_text"":""""},{""name"":""inventory_drawdown"",""deterministic_value"":false,""ai_value"":false,""status"":""agreed_false"",""confidence"":0.8,""evidence_text"":""""},{""name"":""inventory_build"",""deterministic_value"":false,""ai_value"":false,""status"":""agreed_false"",""confidence"":0.8,""evidence_text"":""""},{""name"":""warehouse_receipt_decline"",""deterministic_value"":false,""ai_value"":false,""status"":""agreed_false"",""confidence"":0.8,""evidence_text"":""""},{""name"":""warehouse_receipt_increase"",""deterministic_value"":false,""ai_value"":false,""status"":""agreed_false"",""confidence"":0.8,""evidence_text"":""""},{""name"":""policy_demand_support"",""deterministic_value"":false,""ai_value"":false,""status"":""agreed_false"",""confidence"":0.8,""evidence_text"":""""},{""name"":""import_supply_pressure"",""deterministic_value"":false,""ai_value"":false,""status"":""agreed_false"",""confidence"":0.8,""evidence_text"":""""},{""name"":""cost_support"",""deterministic_value"":false,""ai_value"":false,""status"":""agreed_false"",""confidence"":0.8,""evidence_text"":""""},{""name"":""delivery_pressure"",""deterministic_value"":false,""ai_value"":false,""status"":""agreed_false"",""confidence"":0.8,""evidence_text"":""""},{""name"":""authoritative_source"",""deterministic_value"":true,""ai_value"":false,""status"":""disputed"",""confidence"":0.8,""evidence_text"":""国务院""},{""name"":""quantitative_evidence"",""deterministic_value"":true,""ai_value"":false,""status"":""disputed"",""confidence"":0.8,""evidence_text"":""100%""},{""name"":""uncertainty_high"",""deterministic_value"":false,""ai_value"":false,""status"":""agreed_false"",""confidence"":0.8,""evidence_text"":""""}]",天津市电动汽车充电设施服务能力“质效双增”实施方案,rulebook_inactive,Qwen/Qwen2.5-0.5B-Instruct,local-3a51c1fc7194a9bc
GFEX-WR-20260324,2026-03-24,bullish,0.6,0.0,0.8,5,"[{""rule_id"":""LC-BULL-01"",""target_label"":""bullish"",""conditions"":[""warehouse_receipt_decline""],""score"":0.16666666666666669,""coverage_positive"":0.2777777777777778,""coverage_negative"":0.1111111111111111,""support_documents"":12,""support_dates"":12,""status"":""qualified""},{""rule_id"":""LC-BULL-02"",""target_label"":""bullish"",""conditions"":[""warehouse_receipt_decline"",""authoritative_source""],""score"":0.16666666666666669,""coverage_positive"":0.2777777777777778,""coverage_negative"":0.1111111111111111,""support_documents"":12,""support_dates"":12,""status"":""qualified""},{""rule_id"":""LC-BEAR-03"",""target_label"":""bearish"",""conditions"":[""authoritative_source""],""score"":0.016666666666666607,""coverage_positive"":0.8222222222222222,""coverage_negative"":0.8055555555555556,""support_documents"":65,""support_dates"":63,""status"":""qualified""}]","[{""name"":""supply_disruption"",""deterministic_value"":false,""ai_value"":false,""status"":""agreed_false"",""confidence"":0.8,""evidence_text"":""""},{""name"":""supply_expansion"",""deterministic_value"":false,""ai_value"":false,""status"":""agreed_false"",""confidence"":0.8,""evidence_text"":""""},{""name"":""production_resumption"",""deterministic_value"":false,""ai_value"":false,""status"":""agreed_false"",""confidence"":0.8,""evidence_text"":""""},{""name"":""demand_ev_positive"",""deterministic_value"":false,""ai_value"":false,""status"":""agreed_false"",""confidence"":0.8,""evidence_text"":""""},{""name"":""demand_storage_positive"",""deterministic_value"":false,""ai_value"":false,""status"":""agreed_false"",""confidence"":0.8,""evidence_text"":""""},{""name"":""demand_weak_or_price_war"",""deterministic_value"":false,""ai_value"":false,""status"":""agreed_false"",""confidence"":0.8,""evidence_text"":""""},{""name"":""inventory_drawdown"",""deterministic_value"":false,""ai_value"":false,""status"":""agreed_false"",""confidence"":0.8,""evidence_text"":""""},{""name"":""inventory_build"",""deterministic_value"":false,""ai_value"":false,""status"":""agreed_false"",""confidence"":0.8,""evidence_text"":""""},{""name"":""warehouse_receipt_decline"",""deterministic_value"":true,""ai_value"":true,""status"":""agreed_true"",""confidence"":0.8,""evidence_text"":""仓单减少1459手""},{""name"":""warehouse_receipt_increase"",""deterministic_value"":false,""ai_value"":false,""status"":""agreed_false"",""confidence"":0.8,""evidence_text"":""""},{""name"":""policy_demand_support"",""deterministic_value"":false,""ai_value"":false,""status"":""agreed_false"",""confidence"":0.8,""evidence_text"":""""},{""name"":""import_supply_pressure"",""deterministic_value"":false,""ai_value"":false,""status"":""agreed_false"",""confidence"":0.8,""evidence_text"":""""},{""name"":""cost_support"",""deterministic_value"":false,""ai_value"":false,""status"":""agreed_false"",""confidence"":0.8,""evidence_text"":""""},{""name"":""delivery_pressure"",""deterministic_value"":false,""ai_value"":false,""status"":""agreed_false"",""confidence"":0.8,""evidence_text"":""""},{""name"":""authoritative_source"",""deterministic_value"":true,""ai_value"":true,""status"":""agreed_true"",""confidence"":0.8,""evidence_text"":""广州期货交易所""},{""name"":""quantitative_evidence"",""deterministic_value"":false,""ai_value"":true,""status"":""disputed"",""confidence"":0.8,""evidence_text"":""1459手""},{""name"":""uncertainty_high"",""deterministic_value"":false,""ai_value"":false,""status"":""agreed_false"",""confidence"":0.8,""evidence_text"":""""}]",仓单减少1459手,rift_rule_enhanced_llm,Qwen/Qwen2.5-0.5B-Instruct,local-4c4500c6ce21f9ff
GFEX-WR-20260330,2026-03-30,neutral,-0.0,0.0,0.8,5,"[{""rule_id"":""LC-BEAR-01"",""target_label"":""bearish"",""conditions"":[""warehouse_receipt_increase""],""score"":0.033333333333333326,""coverage_positive"":0.6444444444444445,""coverage_negative"":0.6111111111111112,""support_documents"":51,""support_dates"":51,""status"":""qualified""},{""rule_id"":""LC-BEAR-02"",""target_label"":""bearish"",""conditions"":[""warehouse_receipt_increase"",""authoritative_source""],""score"":0.033333333333333326,""coverage_positive"":0.6444444444444445,""coverage_negative"":0.6111111111111112,""support_documents"":51,""support_dates"":51,""status"":""qualified""},{""rule_id"":""LC-BEAR-03"",""target_label"":""bearish"",""conditions"":[""authoritative_source""],""score"":0.016666666666666607,""coverage_positive"":0.8222222222222222,""coverage_negative"":0.8055555555555556,""support_documents"":65,""support_dates"":63,""status"":""qualified""}]","[{""name"":""supply_disruption"",""deterministic_value"":false,""ai_value"":false,""status"":""agreed_false"",""confidence"":0.8,""evidence_text"":""""},{""name"":""supply_expansion"",""deterministic_value"":false,""ai_value"":false,""status"":""agreed_false"",""confidence"":0.8,""evidence_text"":""""},{""name"":""production_resumption"",""deterministic_value"":false,""ai_value"":false,""status"":""agreed_false"",""confidence"":0.8,""evidence_text"":""""},{""name"":""demand_ev_positive"",""deterministic_value"":false,""ai_value"":false,""status"":""agreed_false"",""confidence"":0.8,""evidence_text"":""""},{""name"":""demand_storage_positive"",""deterministic_value"":false,""ai_value"":false,""status"":""agreed_false"",""confidence"":0.8,""evidence_text"":""""},{""name"":""demand_weak_or_price_war"",""deterministic_value"":false,""ai_value"":false,""status"":""agreed_false"",""confidence"":0.8,""evidence_text"":""""},{""name"":""inventory_drawdown"",""deterministic_value"":false,""ai_value"":false,""status"":""agreed_false"",""confidence"":0.8,""evidence_text"":""""},{""name"":""inventory_build"",""deterministic_value"":false,""ai_value"":false,""status"":""agreed_false"",""confidence"":0.8,""evidence_text"":""""},{""name"":""warehouse_receipt_decline"",""deterministic_value"":false,""ai_value"":false,""status"":""agreed_false"",""confidence"":0.8,""evidence_text"":""""},{""name"":""warehouse_receipt_increase"",""deterministic_value"":true,""ai_value"":true,""status"":""agreed_true"",""confidence"":0.8,""evidence_text"":""仓单增加953手""},{""name"":""policy_demand_support"",""deterministic_value"":false,""ai_value"":false,""status"":""agreed_false"",""confidence"":0.8,""evidence_text"":""""},{""name"":""import_supply_pressure"",""deterministic_value"":false,""ai_value"":false,""status"":""agreed_false"",""confidence"":0.8,""evidence_text"":""""},{""name"":""cost_support"",""deterministic_value"":false,""ai_value"":false,""status"":""agreed_false"",""confidence"":0.8,""evidence_text"":""""},{""name"":""delivery_pressure"",""deterministic_value"":false,""ai_value"":false,""status"":""agreed_false"",""confidence"":0.8,""evidence_text"":""""},{""name"":""authoritative_source"",""deterministic_value"":true,""ai_value"":true,""status"":""agreed_true"",""confidence"":0.8,""evidence_text"":""广期所""},{""name"":""quantitative_evidence"",""deterministic_value"":false,""ai_value"":true,""status"":""disputed"",""confidence"":0.8,""evidence_text"":""953手""},{""name"":""uncertainty_high"",""deterministic_value"":false,""ai_value"":false,""status"":""agreed_false"",""confidence"":0.8,""evidence_text"":""""}]",仓单增加953手,rift_rule_enhanced_llm,Qwen/Qwen2.5-0.5B-Instruct,local-7f4031dc61b131a5
GFEX-WR-20260331,2026-03-31,bullish,0.6,0.0,0.8,5,"[{""rule_id"":""LC-BULL-01"",""target_label"":""bullish"",""conditions"":[""warehouse_receipt_decline""],""score"":0.16666666666666669,""coverage_positive"":0.2777777777777778,""coverage_negative"":0.1111111111111111,""support_documents"":12,""support_dates"":12,""status"":""qualified""},{""rule_id"":""LC-BULL-02"",""target_label"":""bullish"",""conditions"":[""warehouse_receipt_decline"",""authoritative_source""],""score"":0.16666666666666669,""coverage_positive"":0.2777777777777778,""coverage_negative"":0.1111111111111111,""support_documents"":12,""support_dates"":12,""status"":""qualified""},{""rule_id"":""LC-BEAR-03"",""target_label"":""bearish"",""conditions"":[""authoritative_source""],""score"":0.016666666666666607,""coverage_positive"":0.8222222222222222,""coverage_negative"":0.8055555555555556,""support_documents"":65,""support_dates"":63,""status"":""qualified""}]","[{""name"":""supply_disruption"",""deterministic_value"":false,""ai_value"":false,""status"":""agreed_false"",""confidence"":0.8,""evidence_text"":""""},{""name"":""supply_expansion"",""deterministic_value"":false,""ai_value"":false,""status"":""agreed_false"",""confidence"":0.8,""evidence_text"":""""},{""name"":""production_resumption"",""deterministic_value"":false,""ai_value"":false,""status"":""agreed_false"",""confidence"":0.8,""evidence_text"":""""},{""name"":""demand_ev_positive"",""deterministic_value"":false,""ai_value"":false,""status"":""agreed_false"",""confidence"":0.8,""evidence_text"":""""},{""name"":""demand_storage_positive"",""deterministic_value"":false,""ai_value"":false,""status"":""agreed_false"",""confidence"":0.8,""evidence_text"":""""},{""name"":""demand_weak_or_price_war"",""deterministic_value"":false,""ai_value"":false,""status"":""agreed_false"",""confidence"":0.8,""evidence_text"":""""},{""name"":""inventory_drawdown"",""deterministic_value"":false,""ai_value"":false,""status"":""agreed_false"",""confidence"":0.8,""evidence_text"":""""},{""name"":""inventory_build"",""deterministic_value"":false,""ai_value"":false,""status"":""agreed_false"",""confidence"":0.8,""evidence_text"":""""},{""name"":""warehouse_receipt_decline"",""deterministic_value"":true,""ai_value"":true,""status"":""agreed_true"",""confidence"":0.8,""evidence_text"":""仓单减少19746手""},{""name"":""warehouse_receipt_increase"",""deterministic_value"":false,""ai_value"":false,""status"":""agreed_false"",""confidence"":0.8,""evidence_text"":""""},{""name"":""policy_demand_support"",""deterministic_value"":false,""ai_value"":false,""status"":""agreed_false"",""confidence"":0.8,""evidence_text"":""""},{""name"":""import_supply_pressure"",""deterministic_value"":false,""ai_value"":false,""status"":""agreed_false"",""confidence"":0.8,""evidence_text"":""""},{""name"":""cost_support"",""deterministic_value"":false,""ai_value"":false,""status"":""agreed_false"",""confidence"":0.8,""evidence_text"":""""},{""name"":""delivery_pressure"",""deterministic_value"":false,""ai_value"":false,""status"":""agreed_false"",""confidence"":0.8,""evidence_text"":""""},{""name"":""authoritative_source"",""deterministic_value"":true,""ai_value"":true,""status"":""agreed_true"",""confidence"":0.8,""evidence_text"":""广州期货交易所""},{""name"":""quantitative_evidence"",""deterministic_value"":false,""ai_value"":true,""status"":""disputed"",""confidence"":0.8,""evidence_text"":""11318手""},{""name"":""uncertainty_high"",""deterministic_value"":false,""ai_value"":false,""status"":""agreed_false"",""confidence"":0.8,""evidence_text"":""""}]",仓单减少19746手,rift_rule_enhanced_llm,Qwen/Qwen2.5-0.5B-Instruct,local-533a52902cb2674a
GFEX-WR-20260401,2026-04-01,bearish,-0.6,0.0,0.9,5,"[{""rule_id"":""LC-BEAR-01"",""target_label"":""bearish"",""conditions"":[""warehouse_receipt_increase""],""score"":0.033333333333333326,""coverage_positive"":0.6444444444444445,""coverage_negative"":0.6111111111111112,""support_documents"":51,""support_dates"":51,""status"":""qualified""},{""rule_id"":""LC-BEAR-02"",""target_label"":""bearish"",""conditions"":[""warehouse_receipt_increase"",""authoritative_source""],""score"":0.033333333333333326,""coverage_positive"":0.6444444444444445,""coverage_negative"":0.6111111111111112,""support_documents"":51,""support_dates"":51,""status"":""qualified""},{""rule_id"":""LC-BEAR-03"",""target_label"":""bearish"",""conditions"":[""authoritative_source""],""score"":0.016666666666666607,""coverage_positive"":0.8222222222222222,""coverage_negative"":0.8055555555555556,""support_documents"":65,""support_dates"":63,""status"":""qualified""}]","[{""name"":""supply_disruption"",""deterministic_value"":false,""ai_value"":false,""status"":""agreed_false"",""confidence"":0.9,""evidence_text"":""""},{""name"":""supply_expansion"",""deterministic_value"":false,""ai_value"":false,""status"":""agreed_false"",""confidence"":0.9,""evidence_text"":""""},{""name"":""production_resumption"",""deterministic_value"":false,""ai_value"":false,""status"":""agreed_false"",""confidence"":0.9,""evidence_text"":""""},{""name"":""demand_ev_positive"",""deterministic_value"":false,""ai_value"":false,""status"":""agreed_false"",""confidence"":0.9,""evidence_text"":""""},{""name"":""demand_storage_positive"",""deterministic_value"":false,""ai_value"":false,""status"":""agreed_false"",""confidence"":0.9,""evidence_text"":""""},{""name"":""demand_weak_or_price_war"",""deterministic_value"":false,""ai_value"":false,""status"":""agreed_false"",""confidence"":0.9,""evidence_text"":""""},{""name"":""inventory_drawdown"",""deterministic_value"":false,""ai_value"":false,""status"":""agreed_false"",""confidence"":0.9,""evidence_text"":""""},{""name"":""inventory_build"",""deterministic_value"":false,""ai_value"":false,""status"":""agreed_false"",""confidence"":0.9,""evidence_text"":""""},{""name"":""warehouse_receipt_decline"",""deterministic_value"":false,""ai_value"":false,""status"":""agreed_false"",""confidence"":0.9,""evidence_text"":""""},{""name"":""warehouse_receipt_increase"",""deterministic_value"":true,""ai_value"":true,""status"":""agreed_true"",""confidence"":0.9,""evidence_text"":""仓单增加6340手""},{""name"":""policy_demand_support"",""deterministic_value"":false,""ai_value"":false,""status"":""agreed_false"",""confidence"":0.9,""evidence_text"":""""},{""name"":""import_supply_pressure"",""deterministic_value"":false,""ai_value"":false,""status"":""agreed_false"",""confidence"":0.9,""evidence_text"":""""},{""name"":""cost_support"",""deterministic_value"":false,""ai_value"":false,""status"":""agreed_false"",""confidence"":0.9,""evidence_text"":""""},{""name"":""delivery_pressure"",""deterministic_value"":false,""ai_value"":false,""status"":""agreed_false"",""confidence"":0.9,""evidence_text"":""""},{""name"":""authoritative_source"",""deterministic_value"":true,""ai_value"":true,""status"":""agreed_true"",""confidence"":0.9,""evidence_text"":""广期所""},{""name"":""quantitative_evidence"",""deterministic_value"":false,""ai_value"":true,""status"":""disputed"",""confidence"":0.9,""evidence_text"":""6340手""},{""name"":""uncertainty_high"",""deterministic_value"":false,""ai_value"":false,""status"":""agreed_false"",""confidence"":0.9,""evidence_text"":""""}]",仓单增加6340手,rift_rule_enhanced_llm,Qwen/Qwen2.5-0.5B-Instruct,local-03c1b4bfc9fd786e
GFEX-WR-20260402,2026-04-02,bearish,-0.6,0.0,0.8,5,"[{""rule_id"":""LC-BEAR-01"",""target_label"":""bearish"",""conditions"":[""warehouse_receipt_increase""],""score"":0.033333333333333326,""coverage_positive"":0.6444444444444445,""coverage_negative"":0.6111111111111112,""support_documents"":51,""support_dates"":51,""status"":""qualified""},{""rule_id"":""LC-BEAR-02"",""target_label"":""bearish"",""conditions"":[""warehouse_receipt_increase"",""authoritative_source""],""score"":0.033333333333333326,""coverage_positive"":0.6444444444444445,""coverage_negative"":0.6111111111111112,""support_documents"":51,""support_dates"":51,""status"":""qualified""},{""rule_id"":""LC-BEAR-03"",""target_label"":""bearish"",""conditions"":[""authoritative_source""],""score"":0.016666666666666607,""coverage_positive"":0.8222222222222222,""coverage_negative"":0.8055555555555556,""support_documents"":65,""support_dates"":63,""status"":""qualified""}]","[{""name"":""supply_disruption"",""deterministic_value"":false,""ai_value"":false,""status"":""agreed_false"",""confidence"":0.8,""evidence_text"":""""},{""name"":""supply_expansion"",""deterministic_value"":false,""ai_value"":false,""status"":""agreed_false"",""confidence"":0.8,""evidence_text"":""""},{""name"":""production_resumption"",""deterministic_value"":false,""ai_value"":false,""status"":""agreed_false"",""confidence"":0.8,""evidence_text"":""""},{""name"":""demand_ev_positive"",""deterministic_value"":false,""ai_value"":false,""status"":""agreed_false"",""confidence"":0.8,""evidence_text"":""""},{""name"":""demand_storage_positive"",""deterministic_value"":false,""ai_value"":false,""status"":""agreed_false"",""confidence"":0.8,""evidence_text"":""""},{""name"":""demand_weak_or_price_war"",""deterministic_value"":false,""ai_value"":false,""status"":""agreed_false"",""confidence"":0.8,""evidence_text"":""""},{""name"":""inventory_drawdown"",""deterministic_value"":false,""ai_value"":false,""status"":""agreed_false"",""confidence"":0.8,""evidence_text"":""""},{""name"":""inventory_build"",""deterministic_value"":false,""ai_value"":false,""status"":""agreed_false"",""confidence"":0.8,""evidence_text"":""""},{""name"":""warehouse_receipt_decline"",""deterministic_value"":false,""ai_value"":false,""status"":""agreed_false"",""confidence"":0.8,""evidence_text"":""""},{""name"":""warehouse_receipt_increase"",""deterministic_value"":true,""ai_value"":true,""status"":""agreed_true"",""confidence"":0.8,""evidence_text"":""仓单增加1580手""},{""name"":""policy_demand_support"",""deterministic_value"":false,""ai_value"":false,""status"":""agreed_false"",""confidence"":0.8,""evidence_text"":""""},{""name"":""import_supply_pressure"",""deterministic_value"":false,""ai_value"":false,""status"":""agreed_false"",""confidence"":0.8,""evidence_text"":""""},{""name"":""cost_support"",""deterministic_value"":false,""ai_value"":false,""status"":""agreed_false"",""confidence"":0.8,""evidence_text"":""""},{""name"":""delivery_pressure"",""deterministic_value"":false,""ai_value"":false,""status"":""agreed_false"",""confidence"":0.8,""evidence_text"":""""},{""name"":""authoritative_source"",""deterministic_value"":true,""ai_value"":true,""status"":""agreed_true"",""confidence"":0.8,""evidence_text"":""广期所""},{""name"":""quantitative_evidence"",""deterministic_value"":false,""ai_value"":true,""status"":""disputed"",""confidence"":0.8,""evidence_text"":""1580手""},{""name"":""uncertainty_high"",""deterministic_value"":false,""ai_value"":false,""status"":""agreed_false"",""confidence"":0.8,""evidence_text"":""""}]",仓单增加1580手,rift_rule_enhanced_llm,Qwen/Qwen2.5-0.5B-Instruct,local-69bed1f44ee12d82
GFEX-WR-20260403,2026-04-03,bearish,-0.6,0.0,0.9,5,"[{""rule_id"":""LC-BEAR-01"",""target_label"":""bearish"",""conditions"":[""warehouse_receipt_increase""],""score"":0.033333333333333326,""coverage_positive"":0.6444444444444445,""coverage_negative"":0.6111111111111112,""support_documents"":51,""support_dates"":51,""status"":""qualified""},{""rule_id"":""LC-BEAR-02"",""target_label"":""bearish"",""conditions"":[""warehouse_receipt_increase"",""authoritative_source""],""score"":0.033333333333333326,""coverage_positive"":0.6444444444444445,""coverage_negative"":0.6111111111111112,""support_documents"":51,""support_dates"":51,""status"":""qualified""},{""rule_id"":""LC-BEAR-03"",""target_label"":""bearish"",""conditions"":[""authoritative_source""],""score"":0.016666666666666607,""coverage_positive"":0.8222222222222222,""coverage_negative"":0.8055555555555556,""support_documents"":65,""support_dates"":63,""status"":""qualified""}]","[{""name"":""supply_disruption"",""deterministic_value"":false,""ai_value"":false,""status"":""agreed_false"",""confidence"":0.9,""evidence_text"":""""},{""name"":""supply_expansion"",""deterministic_value"":false,""ai_value"":false,""status"":""agreed_false"",""confidence"":0.9,""evidence_text"":""""},{""name"":""production_resumption"",""deterministic_value"":false,""ai_value"":false,""status"":""agreed_false"",""confidence"":0.9,""evidence_text"":""""},{""name"":""demand_ev_positive"",""deterministic_value"":false,""ai_value"":false,""status"":""agreed_false"",""confidence"":0.9,""evidence_text"":""""},{""name"":""demand_storage_positive"",""deterministic_value"":false,""ai_value"":false,""status"":""agreed_false"",""confidence"":0.9,""evidence_text"":""""},{""name"":""demand_weak_or_price_war"",""deterministic_value"":false,""ai_value"":false,""status"":""agreed_false"",""confidence"":0.9,""evidence_text"":""""},{""name"":""inventory_drawdown"",""deterministic_value"":false,""ai_value"":false,""status"":""agreed_false"",""confidence"":0.9,""evidence_text"":""""},{""name"":""inventory_build"",""deterministic_value"":false,""ai_value"":false,""status"":""agreed_false"",""confidence"":0.9,""evidence_text"":""""},{""name"":""warehouse_receipt_decline"",""deterministic_value"":false,""ai_value"":false,""status"":""agreed_false"",""confidence"":0.9,""evidence_text"":""""},{""name"":""warehouse_receipt_increase"",""deterministic_value"":true,""ai_value"":true,""status"":""agreed_true"",""confidence"":0.9,""evidence_text"":""仓单增加2000手""},{""name"":""policy_demand_support"",""deterministic_value"":false,""ai_value"":false,""status"":""agreed_false"",""confidence"":0.9,""evidence_text"":""""},{""name"":""import_supply_pressure"",""deterministic_value"":false,""ai_value"":false,""status"":""agreed_false"",""confidence"":0.9,""evidence_text"":""""},{""name"":""cost_support"",""deterministic_value"":false,""ai_value"":false,""status"":""agreed_false"",""confidence"":0.9,""evidence_text"":""""},{""name"":""delivery_pressure"",""deterministic_value"":false,""ai_value"":false,""status"":""agreed_false"",""confidence"":0.9,""evidence_text"":""""},{""name"":""authoritative_source"",""deterministic_value"":true,""ai_value"":true,""status"":""agreed_true"",""confidence"":0.9,""evidence_text"":""广期所""},{""name"":""quantitative_evidence"",""deterministic_value"":false,""ai_value"":true,""status"":""disputed"",""confidence"":0.9,""evidence_text"":""2000手""},{""name"":""uncertainty_high"",""deterministic_value"":false,""ai_value"":false,""status"":""agreed_false"",""confidence"":0.9,""evidence_text"":""""}]",仓单增加2000手,rift_rule_enhanced_llm,Qwen/Qwen2.5-0.5B-Instruct,local-d8462a752edb0489
GFEX-WR-20260408,2026-04-08,bearish,-0.6,0.0,0.9,5,"[{""rule_id"":""LC-BEAR-01"",""target_label"":""bearish"",""conditions"":[""warehouse_receipt_increase""],""score"":0.033333333333333326,""coverage_positive"":0.6444444444444445,""coverage_negative"":0.6111111111111112,""support_documents"":51,""support_dates"":51,""status"":""qualified""},{""rule_id"":""LC-BEAR-02"",""target_label"":""bearish"",""conditions"":[""warehouse_receipt_increase"",""authoritative_source""],""score"":0.033333333333333326,""coverage_positive"":0.6444444444444445,""coverage_negative"":0.6111111111111112,""support_documents"":51,""support_dates"":51,""status"":""qualified""},{""rule_id"":""LC-BEAR-03"",""target_label"":""bearish"",""conditions"":[""authoritative_source""],""score"":0.016666666666666607,""coverage_positive"":0.8222222222222222,""coverage_negative"":0.8055555555555556,""support_documents"":65,""support_dates"":63,""status"":""qualified""}]","[{""name"":""supply_disruption"",""deterministic_value"":false,""ai_value"":false,""status"":""agreed_false"",""confidence"":0.9,""evidence_text"":""""},{""name"":""supply_expansion"",""deterministic_value"":false,""ai_value"":false,""status"":""agreed_false"",""confidence"":0.9,""evidence_text"":""""},{""name"":""production_resumption"",""deterministic_value"":false,""ai_value"":false,""status"":""agreed_false"",""confidence"":0.9,""evidence_text"":""""},{""name"":""demand_ev_positive"",""deterministic_value"":false,""ai_value"":false,""status"":""agreed_false"",""confidence"":0.9,""evidence_text"":""""},{""name"":""demand_storage_positive"",""deterministic_value"":false,""ai_value"":false,""status"":""agreed_false"",""confidence"":0.9,""evidence_text"":""""},{""name"":""demand_weak_or_price_war"",""deterministic_value"":false,""ai_value"":false,""status"":""agreed_false"",""confidence"":0.9,""evidence_text"":""""},{""name"":""inventory_drawdown"",""deterministic_value"":false,""ai_value"":false,""status"":""agreed_false"",""confidence"":0.9,""evidence_text"":""""},{""name"":""inventory_build"",""deterministic_value"":false,""ai_value"":false,""status"":""agreed_false"",""confidence"":0.9,""evidence_text"":""""},{""name"":""warehouse_receipt_decline"",""deterministic_value"":false,""ai_value"":false,""status"":""agreed_false"",""confidence"":0.9,""evidence_text"":""""},{""name"":""warehouse_receipt_increase"",""deterministic_value"":true,""ai_value"":true,""status"":""agreed_true"",""confidence"":0.9,""evidence_text"":""仓单增加2146手""},{""name"":""policy_demand_support"",""deterministic_value"":false,""ai_value"":false,""status"":""agreed_false"",""confidence"":0.9,""evidence_text"":""""},{""name"":""import_supply_pressure"",""deterministic_value"":false,""ai_value"":false,""status"":""agreed_false"",""confidence"":0.9,""evidence_text"":""""},{""name"":""cost_support"",""deterministic_value"":false,""ai_value"":false,""status"":""agreed_false"",""confidence"":0.9,""evidence_text"":""""},{""name"":""delivery_pressure"",""deterministic_value"":false,""ai_value"":false,""status"":""agreed_false"",""confidence"":0.9,""evidence_text"":""""},{""name"":""authoritative_source"",""deterministic_value"":true,""ai_value"":true,""status"":""agreed_true"",""confidence"":0.9,""evidence_text"":""广期所""},{""name"":""quantitative_evidence"",""deterministic_value"":false,""ai_value"":true,""status"":""disputed"",""confidence"":0.9,""evidence_text"":""2146手""},{""name"":""uncertainty_high"",""deterministic_value"":false,""ai_value"":false,""status"":""agreed_false"",""confidence"":0.9,""evidence_text"":""""}]",仓单增加2146手,rift_rule_enhanced_llm,Qwen/Qwen2.5-0.5B-Instruct,local-8585a8ec432f31b9
LC-TEXT-0043,2026-04-08,neutral,0.0,0.0,0.8,5,[],"[{""name"":""supply_disruption"",""deterministic_value"":false,""ai_value"":false,""status"":""agreed_false"",""confidence"":0.8,""evidence_text"":""""},{""name"":""supply_expansion"",""deterministic_value"":false,""ai_value"":false,""status"":""agreed_false"",""confidence"":0.8,""evidence_text"":""""},{""name"":""production_resumption"",""deterministic_value"":false,""ai_value"":false,""status"":""agreed_false"",""confidence"":0.8,""evidence_text"":""""},{""name"":""demand_ev_positive"",""deterministic_value"":false,""ai_value"":false,""status"":""agreed_false"",""confidence"":0.8,""evidence_text"":""""},{""name"":""demand_storage_positive"",""deterministic_value"":false,""ai_value"":false,""status"":""agreed_false"",""confidence"":0.8,""evidence_text"":""""},{""name"":""demand_weak_or_price_war"",""deterministic_value"":false,""ai_value"":false,""status"":""agreed_false"",""confidence"":0.8,""evidence_text"":""""},{""name"":""inventory_drawdown"",""deterministic_value"":false,""ai_value"":true,""status"":""disputed"",""confidence"":0.8,""evidence_text"":""2026年电力领域综合监管工作通知""},{""name"":""inventory_build"",""deterministic_value"":false,""ai_value"":true,""status"":""disputed"",""confidence"":0.8,""evidence_text"":""2026年电力领域综合监管工作通知""},{""name"":""warehouse_receipt_decline"",""deterministic_value"":false,""ai_value"":true,""status"":""disputed"",""confidence"":0.8,""evidence_text"":""2026年电力领域综合监管工作通知""},{""name"":""warehouse_receipt_increase"",""deterministic_value"":false,""ai_value"":true,""status"":""disputed"",""confidence"":0.8,""evidence_text"":""2026年电力领域综合监管工作通知""},{""name"":""policy_demand_support"",""deterministic_value"":false,""ai_value"":true,""status"":""disputed"",""confidence"":0.8,""evidence_text"":""2026年电力领域综合监管工作通知""},{""name"":""import_supply_pressure"",""deterministic_value"":false,""ai_value"":false,""status"":""agreed_false"",""confidence"":0.8,""evidence_text"":""""},{""name"":""cost_support"",""deterministic_value"":false,""ai_value"":false,""status"":""agreed_false"",""confidence"":0.8,""evidence_text"":""""},{""name"":""delivery_pressure"",""deterministic_value"":false,""ai_value"":true,""status"":""disputed"",""confidence"":0.8,""evidence_text"":""2026年电力领域综合监管工作通知""},{""name"":""authoritative_source"",""deterministic_value"":true,""ai_value"":false,""status"":""disputed"",""confidence"":0.8,""evidence_text"":""国家能源局""},{""name"":""quantitative_evidence"",""deterministic_value"":true,""ai_value"":false,""status"":""disputed"",""confidence"":0.8,""evidence_text"":""6个""},{""name"":""uncertainty_high"",""deterministic_value"":false,""ai_value"":false,""status"":""agreed_false"",""confidence"":0.8,""evidence_text"":""""}]",2026年电力领域综合监管工作通知,rulebook_inactive,Qwen/Qwen2.5-0.5B-Instruct,local-29dadc0b10e1ae94
GFEX-WR-20260409,2026-04-09,bearish,-0.6,0.0,0.8,5,"[{""rule_id"":""LC-BEAR-01"",""target_label"":""bearish"",""conditions"":[""warehouse_receipt_increase""],""score"":0.033333333333333326,""coverage_positive"":0.6444444444444445,""coverage_negative"":0.6111111111111112,""support_documents"":51,""support_dates"":51,""status"":""qualified""},{""rule_id"":""LC-BEAR-02"",""target_label"":""bearish"",""conditions"":[""warehouse_receipt_increase"",""authoritative_source""],""score"":0.033333333333333326,""coverage_positive"":0.6444444444444445,""coverage_negative"":0.6111111111111112,""support_documents"":51,""support_dates"":51,""status"":""qualified""},{""rule_id"":""LC-BEAR-03"",""target_label"":""bearish"",""conditions"":[""authoritative_source""],""score"":0.016666666666666607,""coverage_positive"":0.8222222222222222,""coverage_negative"":0.8055555555555556,""support_documents"":65,""support_dates"":63,""status"":""qualified""}]","[{""name"":""supply_disruption"",""deterministic_value"":false,""ai_value"":false,""status"":""agreed_false"",""confidence"":0.8,""evidence_text"":""""},{""name"":""supply_expansion"",""deterministic_value"":false,""ai_value"":false,""status"":""agreed_false"",""confidence"":0.8,""evidence_text"":""""},{""name"":""production_resumption"",""deterministic_value"":false,""ai_value"":false,""status"":""agreed_false"",""confidence"":0.8,""evidence_text"":""""},{""name"":""demand_ev_positive"",""deterministic_value"":false,""ai_value"":false,""status"":""agreed_false"",""confidence"":0.8,""evidence_text"":""""},{""name"":""demand_storage_positive"",""deterministic_value"":false,""ai_value"":false,""status"":""agreed_false"",""confidence"":0.8,""evidence_text"":""""},{""name"":""demand_weak_or_price_war"",""deterministic_value"":false,""ai_value"":false,""status"":""agreed_false"",""confidence"":0.8,""evidence_text"":""""},{""name"":""inventory_drawdown"",""deterministic_value"":false,""ai_value"":false,""status"":""agreed_false"",""confidence"":0.8,""evidence_text"":""""},{""name"":""inventory_build"",""deterministic_value"":false,""ai_value"":false,""status"":""agreed_false"",""confidence"":0.8,""evidence_text"":""""},{""name"":""warehouse_receipt_decline"",""deterministic_value"":false,""ai_value"":false,""status"":""agreed_false"",""confidence"":0.8,""evidence_text"":""""},{""name"":""warehouse_receipt_increase"",""deterministic_value"":true,""ai_value"":true,""status"":""agreed_true"",""confidence"":0.8,""evidence_text"":""仓单增加1010手""},{""name"":""policy_demand_support"",""deterministic_value"":false,""ai_value"":false,""status"":""agreed_false"",""confidence"":0.8,""evidence_text"":""""},{""name"":""import_supply_pressure"",""deterministic_value"":false,""ai_value"":false,""status"":""agreed_false"",""confidence"":0.8,""evidence_text"":""""},{""name"":""cost_support"",""deterministic_value"":false,""ai_value"":false,""status"":""agreed_false"",""confidence"":0.8,""evidence_text"":""""},{""name"":""delivery_pressure"",""deterministic_value"":false,""ai_value"":false,""status"":""agreed_false"",""confidence"":0.8,""evidence_text"":""""},{""name"":""authoritative_source"",""deterministic_value"":true,""ai_value"":true,""status"":""agreed_true"",""confidence"":0.8,""evidence_text"":""广期所""},{""name"":""quantitative_evidence"",""deterministic_value"":false,""ai_value"":true,""status"":""disputed"",""confidence"":0.8,""evidence_text"":""1010手""},{""name"":""uncertainty_high"",""deterministic_value"":false,""ai_value"":false,""status"":""agreed_false"",""confidence"":0.8,""evidence_text"":""""}]",仓单增加1010手,rift_rule_enhanced_llm,Qwen/Qwen2.5-0.5B-Instruct,local-ebbec191b85e7d62
LC-TEXT-0044,2026-04-13,neutral,0.0,0.0,0.8,5,[],"[{""name"":""supply_disruption"",""deterministic_value"":false,""ai_value"":false,""status"":""agreed_false"",""confidence"":0.8,""evidence_text"":""""},{""name"":""supply_expansion"",""deterministic_value"":false,""ai_value"":false,""status"":""agreed_false"",""confidence"":0.8,""evidence_text"":""""},{""name"":""production_resumption"",""deterministic_value"":false,""ai_value"":false,""status"":""agreed_false"",""confidence"":0.8,""evidence_text"":""""},{""name"":""demand_ev_positive"",""deterministic_value"":false,""ai_value"":false,""status"":""agreed_false"",""confidence"":0.8,""evidence_text"":""""},{""name"":""demand_storage_positive"",""deterministic_value"":false,""ai_value"":false,""status"":""agreed_false"",""confidence"":0.8,""evidence_text"":""""},{""name"":""demand_weak_or_price_war"",""deterministic_value"":false,""ai_value"":false,""status"":""agreed_false"",""confidence"":0.8,""evidence_text"":""""},{""name"":""inventory_drawdown"",""deterministic_value"":false,""ai_value"":true,""status"":""disputed"",""confidence"":0.8,""evidence_text"":""中车株洲所中标290MW/1.16GWh储能系统采购""},{""name"":""inventory_build"",""deterministic_value"":false,""ai_value"":true,""status"":""disputed"",""confidence"":0.8,""evidence_text"":""中车株洲所中标290MW/1.16GWh储能系统采购""},{""name"":""warehouse_receipt_decline"",""deterministic_value"":false,""ai_value"":true,""status"":""disputed"",""confidence"":0.8,""evidence_text"":""中车株洲所中标290MW/1.16GWh储能系统采购""},{""name"":""warehouse_receipt_increase"",""deterministic_value"":false,""ai_value"":true,""status"":""disputed"",""confidence"":0.8,""evidence_text"":""中车株洲所中标290MW/1.16GWh储能系统采购""},{""name"":""policy_demand_support"",""deterministic_value"":false,""ai_value"":false,""status"":""agreed_false"",""confidence"":0.8,""evidence_text"":""""},{""name"":""import_supply_pressure"",""deterministic_value"":false,""ai_value"":false,""status"":""agreed_false"",""confidence"":0.8,""evidence_text"":""""},{""name"":""cost_support"",""deterministic_value"":false,""ai_value"":false,""status"":""agreed_false"",""confidence"":0.8,""evidence_text"":""""},{""name"":""delivery_pressure"",""deterministic_value"":false,""ai_value"":false,""status"":""agreed_false"",""confidence"":0.8,""evidence_text"":""""},{""name"":""authoritative_source"",""deterministic_value"":true,""ai_value"":false,""status"":""disputed"",""confidence"":0.8,""evidence_text"":""上市公司""},{""name"":""quantitative_evidence"",""deterministic_value"":true,""ai_value"":false,""status"":""disputed"",""confidence"":0.8,""evidence_text"":""1.16GWh""},{""name"":""uncertainty_high"",""deterministic_value"":false,""ai_value"":false,""status"":""agreed_false"",""confidence"":0.8,""evidence_text"":""""}]",中车株洲所中标290MW/1.16GWh储能系统采购,rulebook_inactive,Qwen/Qwen2.5-0.5B-Instruct,local-2effb729e9f8d938
GFEX-WR-20260414,2026-04-14,bearish,-0.6,0.0,0.9,5,"[{""rule_id"":""LC-BEAR-01"",""target_label"":""bearish"",""conditions"":[""warehouse_receipt_increase""],""score"":0.033333333333333326,""coverage_positive"":0.6444444444444445,""coverage_negative"":0.6111111111111112,""support_documents"":51,""support_dates"":51,""status"":""qualified""},{""rule_id"":""LC-BEAR-02"",""target_label"":""bearish"",""conditions"":[""warehouse_receipt_increase"",""authoritative_source""],""score"":0.033333333333333326,""coverage_positive"":0.6444444444444445,""coverage_negative"":0.6111111111111112,""support_documents"":51,""support_dates"":51,""status"":""qualified""},{""rule_id"":""LC-BEAR-03"",""target_label"":""bearish"",""conditions"":[""authoritative_source""],""score"":0.016666666666666607,""coverage_positive"":0.8222222222222222,""coverage_negative"":0.8055555555555556,""support_documents"":65,""support_dates"":63,""status"":""qualified""}]","[{""name"":""supply_disruption"",""deterministic_value"":false,""ai_value"":false,""status"":""agreed_false"",""confidence"":0.9,""evidence_text"":""""},{""name"":""supply_expansion"",""deterministic_value"":false,""ai_value"":false,""status"":""agreed_false"",""confidence"":0.9,""evidence_text"":""""},{""name"":""production_resumption"",""deterministic_value"":false,""ai_value"":false,""status"":""agreed_false"",""confidence"":0.9,""evidence_text"":""""},{""name"":""demand_ev_positive"",""deterministic_value"":false,""ai_value"":false,""status"":""agreed_false"",""confidence"":0.9,""evidence_text"":""""},{""name"":""demand_storage_positive"",""deterministic_value"":false,""ai_value"":false,""status"":""agreed_false"",""confidence"":0.9,""evidence_text"":""""},{""name"":""demand_weak_or_price_war"",""deterministic_value"":false,""ai_value"":false,""status"":""agreed_false"",""confidence"":0.9,""evidence_text"":""""},{""name"":""inventory_drawdown"",""deterministic_value"":false,""ai_value"":false,""status"":""agreed_false"",""confidence"":0.9,""evidence_text"":""""},{""name"":""inventory_build"",""deterministic_value"":false,""ai_value"":false,""status"":""agreed_false"",""confidence"":0.9,""evidence_text"":""""},{""name"":""warehouse_receipt_decline"",""deterministic_value"":false,""ai_value"":false,""status"":""agreed_false"",""confidence"":0.9,""evidence_text"":""""},{""name"":""warehouse_receipt_increase"",""deterministic_value"":true,""ai_value"":true,""status"":""agreed_true"",""confidence"":0.9,""evidence_text"":""仓单增加1320手""},{""name"":""policy_demand_support"",""deterministic_value"":false,""ai_value"":false,""status"":""agreed_false"",""confidence"":0.9,""evidence_text"":""""},{""name"":""import_supply_pressure"",""deterministic_value"":false,""ai_value"":false,""status"":""agreed_false"",""confidence"":0.9,""evidence_text"":""""},{""name"":""cost_support"",""deterministic_value"":false,""ai_value"":false,""status"":""agreed_false"",""confidence"":0.9,""evidence_text"":""""},{""name"":""delivery_pressure"",""deterministic_value"":false,""ai_value"":false,""status"":""agreed_false"",""confidence"":0.9,""evidence_text"":""""},{""name"":""authoritative_source"",""deterministic_value"":true,""ai_value"":true,""status"":""agreed_true"",""confidence"":0.9,""evidence_text"":""广期所""},{""name"":""quantitative_evidence"",""deterministic_value"":false,""ai_value"":true,""status"":""disputed"",""confidence"":0.9,""evidence_text"":""27523手""},{""name"":""uncertainty_high"",""deterministic_value"":false,""ai_value"":true,""status"":""disputed"",""confidence"":0.9,""evidence_text"":""增加1320手""}]",仓单增加1320手,rift_rule_enhanced_llm,Qwen/Qwen2.5-0.5B-Instruct,local-7bd0fb3b3e6e8e1a
GFEX-WR-20260415,2026-04-15,neutral,-0.0,0.0,0.8,5,"[{""rule_id"":""LC-BEAR-01"",""target_label"":""bearish"",""conditions"":[""warehouse_receipt_increase""],""score"":0.033333333333333326,""coverage_positive"":0.6444444444444445,""coverage_negative"":0.6111111111111112,""support_documents"":51,""support_dates"":51,""status"":""qualified""},{""rule_id"":""LC-BEAR-02"",""target_label"":""bearish"",""conditions"":[""warehouse_receipt_increase"",""authoritative_source""],""score"":0.033333333333333326,""coverage_positive"":0.6444444444444445,""coverage_negative"":0.6111111111111112,""support_documents"":51,""support_dates"":51,""status"":""qualified""},{""rule_id"":""LC-BEAR-03"",""target_label"":""bearish"",""conditions"":[""authoritative_source""],""score"":0.016666666666666607,""coverage_positive"":0.8222222222222222,""coverage_negative"":0.8055555555555556,""support_documents"":65,""support_dates"":63,""status"":""qualified""}]","[{""name"":""supply_disruption"",""deterministic_value"":false,""ai_value"":false,""status"":""agreed_false"",""confidence"":0.8,""evidence_text"":""""},{""name"":""supply_expansion"",""deterministic_value"":false,""ai_value"":false,""status"":""agreed_false"",""confidence"":0.8,""evidence_text"":""""},{""name"":""production_resumption"",""deterministic_value"":false,""ai_value"":false,""status"":""agreed_false"",""confidence"":0.8,""evidence_text"":""""},{""name"":""demand_ev_positive"",""deterministic_value"":false,""ai_value"":false,""status"":""agreed_false"",""confidence"":0.8,""evidence_text"":""""},{""name"":""demand_storage_positive"",""deterministic_value"":false,""ai_value"":false,""status"":""agreed_false"",""confidence"":0.8,""evidence_text"":""""},{""name"":""demand_weak_or_price_war"",""deterministic_value"":false,""ai_value"":false,""status"":""agreed_false"",""confidence"":0.8,""evidence_text"":""""},{""name"":""inventory_drawdown"",""deterministic_value"":false,""ai_value"":false,""status"":""agreed_false"",""confidence"":0.8,""evidence_text"":""""},{""name"":""inventory_build"",""deterministic_value"":false,""ai_value"":false,""status"":""agreed_false"",""confidence"":0.8,""evidence_text"":""""},{""name"":""warehouse_receipt_decline"",""deterministic_value"":false,""ai_value"":false,""status"":""agreed_false"",""confidence"":0.8,""evidence_text"":""""},{""name"":""warehouse_receipt_increase"",""deterministic_value"":true,""ai_value"":true,""status"":""agreed_true"",""confidence"":0.8,""evidence_text"":""仓单增加860手""},{""name"":""policy_demand_support"",""deterministic_value"":false,""ai_value"":false,""status"":""agreed_false"",""confidence"":0.8,""evidence_text"":""""},{""name"":""import_supply_pressure"",""deterministic_value"":false,""ai_value"":false,""status"":""agreed_false"",""confidence"":0.8,""evidence_text"":""""},{""name"":""cost_support"",""deterministic_value"":false,""ai_value"":false,""status"":""agreed_false"",""confidence"":0.8,""evidence_text"":""""},{""name"":""delivery_pressure"",""deterministic_value"":false,""ai_value"":false,""status"":""agreed_false"",""confidence"":0.8,""evidence_text"":""""},{""name"":""authoritative_source"",""deterministic_value"":true,""ai_value"":true,""status"":""agreed_true"",""confidence"":0.8,""evidence_text"":""广期所""},{""name"":""quantitative_evidence"",""deterministic_value"":false,""ai_value"":true,""status"":""disputed"",""confidence"":0.8,""evidence_text"":""860手""},{""name"":""uncertainty_high"",""deterministic_value"":false,""ai_value"":false,""status"":""agreed_false"",""confidence"":0.8,""evidence_text"":""""}]",仓单增加860手,rift_rule_enhanced_llm,Qwen/Qwen2.5-0.5B-Instruct,local-60d78cc0e6344af3
GFEX-WR-20260416,2026-04-16,bearish,-0.6,0.0,0.8,5,"[{""rule_id"":""LC-BEAR-01"",""target_label"":""bearish"",""conditions"":[""warehouse_receipt_increase""],""score"":0.033333333333333326,""coverage_positive"":0.6444444444444445,""coverage_negative"":0.6111111111111112,""support_documents"":51,""support_dates"":51,""status"":""qualified""},{""rule_id"":""LC-BEAR-02"",""target_label"":""bearish"",""conditions"":[""warehouse_receipt_increase"",""authoritative_source""],""score"":0.033333333333333326,""coverage_positive"":0.6444444444444445,""coverage_negative"":0.6111111111111112,""support_documents"":51,""support_dates"":51,""status"":""qualified""},{""rule_id"":""LC-BEAR-03"",""target_label"":""bearish"",""conditions"":[""authoritative_source""],""score"":0.016666666666666607,""coverage_positive"":0.8222222222222222,""coverage_negative"":0.8055555555555556,""support_documents"":65,""support_dates"":63,""status"":""qualified""}]","[{""name"":""supply_disruption"",""deterministic_value"":false,""ai_value"":false,""status"":""agreed_false"",""confidence"":0.8,""evidence_text"":""""},{""name"":""supply_expansion"",""deterministic_value"":false,""ai_value"":false,""status"":""agreed_false"",""confidence"":0.8,""evidence_text"":""""},{""name"":""production_resumption"",""deterministic_value"":false,""ai_value"":false,""status"":""agreed_false"",""confidence"":0.8,""evidence_text"":""""},{""name"":""demand_ev_positive"",""deterministic_value"":false,""ai_value"":false,""status"":""agreed_false"",""confidence"":0.8,""evidence_text"":""""},{""name"":""demand_storage_positive"",""deterministic_value"":false,""ai_value"":false,""status"":""agreed_false"",""confidence"":0.8,""evidence_text"":""""},{""name"":""demand_weak_or_price_war"",""deterministic_value"":false,""ai_value"":false,""status"":""agreed_false"",""confidence"":0.8,""evidence_text"":""""},{""name"":""inventory_drawdown"",""deterministic_value"":false,""ai_value"":false,""status"":""agreed_false"",""confidence"":0.8,""evidence_text"":""""},{""name"":""inventory_build"",""deterministic_value"":false,""ai_value"":false,""status"":""agreed_false"",""confidence"":0.8,""evidence_text"":""""},{""name"":""warehouse_receipt_decline"",""deterministic_value"":false,""ai_value"":false,""status"":""agreed_false"",""confidence"":0.8,""evidence_text"":""""},{""name"":""warehouse_receipt_increase"",""deterministic_value"":true,""ai_value"":true,""status"":""agreed_true"",""confidence"":0.8,""evidence_text"":""仓单增加1040手""},{""name"":""policy_demand_support"",""deterministic_value"":false,""ai_value"":false,""status"":""agreed_false"",""confidence"":0.8,""evidence_text"":""""},{""name"":""import_supply_pressure"",""deterministic_value"":false,""ai_value"":false,""status"":""agreed_false"",""confidence"":0.8,""evidence_text"":""""},{""name"":""cost_support"",""deterministic_value"":false,""ai_value"":false,""status"":""agreed_false"",""confidence"":0.8,""evidence_text"":""""},{""name"":""delivery_pressure"",""deterministic_value"":false,""ai_value"":false,""status"":""agreed_false"",""confidence"":0.8,""evidence_text"":""""},{""name"":""authoritative_source"",""deterministic_value"":true,""ai_value"":true,""status"":""agreed_true"",""confidence"":0.8,""evidence_text"":""广期所""},{""name"":""quantitative_evidence"",""deterministic_value"":false,""ai_value"":true,""status"":""disputed"",""confidence"":0.8,""evidence_text"":""29423手""},{""name"":""uncertainty_high"",""deterministic_value"":false,""ai_value"":true,""status"":""disputed"",""confidence"":0.8,""evidence_text"":""增加1040手""}]",仓单增加1040手,rift_rule_enhanced_llm,Qwen/Qwen2.5-0.5B-Instruct,local-fdef7fcf243b64e5
LC-TEXT-0046,2026-04-17,bearish,-0.6,0.0,0.8,5,"[{""rule_id"":""LC-BEAR-03"",""target_label"":""bearish"",""conditions"":[""authoritative_source""],""score"":0.016666666666666607,""coverage_positive"":0.8222222222222222,""coverage_negative"":0.8055555555555556,""support_documents"":65,""support_dates"":63,""status"":""qualified""}]","[{""name"":""supply_disruption"",""deterministic_value"":false,""ai_value"":false,""status"":""agreed_false"",""confidence"":0.8,""evidence_text"":""""},{""name"":""supply_expansion"",""deterministic_value"":false,""ai_value"":false,""status"":""agreed_false"",""confidence"":0.8,""evidence_text"":""""},{""name"":""production_resumption"",""deterministic_value"":false,""ai_value"":false,""status"":""agreed_false"",""confidence"":0.8,""evidence_text"":""""},{""name"":""demand_ev_positive"",""deterministic_value"":false,""ai_value"":false,""status"":""agreed_false"",""confidence"":0.8,""evidence_text"":""""},{""name"":""demand_storage_positive"",""deterministic_value"":false,""ai_value"":false,""status"":""agreed_false"",""confidence"":0.8,""evidence_text"":""""},{""name"":""demand_weak_or_price_war"",""deterministic_value"":false,""ai_value"":false,""status"":""agreed_false"",""confidence"":0.8,""evidence_text"":""""},{""name"":""inventory_drawdown"",""deterministic_value"":false,""ai_value"":false,""status"":""agreed_false"",""confidence"":0.8,""evidence_text"":""""},{""name"":""inventory_build"",""deterministic_value"":false,""ai_value"":false,""status"":""agreed_false"",""confidence"":0.8,""evidence_text"":""""},{""name"":""warehouse_receipt_decline"",""deterministic_value"":false,""ai_value"":false,""status"":""agreed_false"",""confidence"":0.8,""evidence_text"":""""},{""name"":""warehouse_receipt_increase"",""deterministic_value"":false,""ai_value"":false,""status"":""agreed_false"",""confidence"":0.8,""evidence_text"":""""},{""name"":""policy_demand_support"",""deterministic_value"":false,""ai_value"":false,""status"":""agreed_false"",""confidence"":0.8,""evidence_text"":""""},{""name"":""import_supply_pressure"",""deterministic_value"":false,""ai_value"":false,""status"":""agreed_false"",""confidence"":0.8,""evidence_text"":""""},{""name"":""cost_support"",""deterministic_value"":false,""ai_value"":false,""status"":""agreed_false"",""confidence"":0.8,""evidence_text"":""""},{""name"":""delivery_pressure"",""deterministic_value"":false,""ai_value"":false,""status"":""agreed_false"",""confidence"":0.8,""evidence_text"":""""},{""name"":""authoritative_source"",""deterministic_value"":true,""ai_value"":true,""status"":""agreed_true"",""confidence"":0.8,""evidence_text"":""中关村储能产业技术联盟（CNESA）""},{""name"":""quantitative_evidence"",""deterministic_value"":true,""ai_value"":false,""status"":""disputed"",""confidence"":0.8,""evidence_text"":""144.7GW""},{""name"":""uncertainty_high"",""deterministic_value"":true,""ai_value"":false,""status"":""disputed"",""confidence"":0.8,""evidence_text"":""预计""}]",中关村储能产业技术联盟（CNESA）,rift_rule_enhanced_llm,Qwen/Qwen2.5-0.5B-Instruct,local-b39d413328449736
GFEX-WR-20260421,2026-04-21,bearish,-0.6,0.0,0.9,5,"[{""rule_id"":""LC-BEAR-01"",""target_label"":""bearish"",""conditions"":[""warehouse_receipt_increase""],""score"":0.033333333333333326,""coverage_positive"":0.6444444444444445,""coverage_negative"":0.6111111111111112,""support_documents"":51,""support_dates"":51,""status"":""qualified""},{""rule_id"":""LC-BEAR-02"",""target_label"":""bearish"",""conditions"":[""warehouse_receipt_increase"",""authoritative_source""],""score"":0.033333333333333326,""coverage_positive"":0.6444444444444445,""coverage_negative"":0.6111111111111112,""support_documents"":51,""support_dates"":51,""status"":""qualified""},{""rule_id"":""LC-BEAR-03"",""target_label"":""bearish"",""conditions"":[""authoritative_source""],""score"":0.016666666666666607,""coverage_positive"":0.8222222222222222,""coverage_negative"":0.8055555555555556,""support_documents"":65,""support_dates"":63,""status"":""qualified""}]","[{""name"":""supply_disruption"",""deterministic_value"":false,""ai_value"":false,""status"":""agreed_false"",""confidence"":0.9,""evidence_text"":""""},{""name"":""supply_expansion"",""deterministic_value"":false,""ai_value"":false,""status"":""agreed_false"",""confidence"":0.9,""evidence_text"":""""},{""name"":""production_resumption"",""deterministic_value"":false,""ai_value"":false,""status"":""agreed_false"",""confidence"":0.9,""evidence_text"":""""},{""name"":""demand_ev_positive"",""deterministic_value"":false,""ai_value"":false,""status"":""agreed_false"",""confidence"":0.9,""evidence_text"":""""},{""name"":""demand_storage_positive"",""deterministic_value"":false,""ai_value"":false,""status"":""agreed_false"",""confidence"":0.9,""evidence_text"":""""},{""name"":""demand_weak_or_price_war"",""deterministic_value"":false,""ai_value"":false,""status"":""agreed_false"",""confidence"":0.9,""evidence_text"":""""},{""name"":""inventory_drawdown"",""deterministic_value"":false,""ai_value"":false,""status"":""agreed_false"",""confidence"":0.9,""evidence_text"":""""},{""name"":""inventory_build"",""deterministic_value"":false,""ai_value"":false,""status"":""agreed_false"",""confidence"":0.9,""evidence_text"":""""},{""name"":""warehouse_receipt_decline"",""deterministic_value"":false,""ai_value"":false,""status"":""agreed_false"",""confidence"":0.9,""evidence_text"":""""},{""name"":""warehouse_receipt_increase"",""deterministic_value"":true,""ai_value"":true,""status"":""agreed_true"",""confidence"":0.9,""evidence_text"":""仓单增加1580手""},{""name"":""policy_demand_support"",""deterministic_value"":false,""ai_value"":false,""status"":""agreed_false"",""confidence"":0.9,""evidence_text"":""""},{""name"":""import_supply_pressure"",""deterministic_value"":false,""ai_value"":false,""status"":""agreed_false"",""confidence"":0.9,""evidence_text"":""""},{""name"":""cost_support"",""deterministic_value"":false,""ai_value"":false,""status"":""agreed_false"",""confidence"":0.9,""evidence_text"":""""},{""name"":""delivery_pressure"",""deterministic_value"":false,""ai_value"":false,""status"":""agreed_false"",""confidence"":0.9,""evidence_text"":""""},{""name"":""authoritative_source"",""deterministic_value"":true,""ai_value"":true,""status"":""agreed_true"",""confidence"":0.9,""evidence_text"":""广期所""},{""name"":""quantitative_evidence"",""deterministic_value"":false,""ai_value"":true,""status"":""disputed"",""confidence"":0.9,""evidence_text"":""32268手""},{""name"":""uncertainty_high"",""deterministic_value"":false,""ai_value"":true,""status"":""disputed"",""confidence"":0.9,""evidence_text"":""增加1580手""}]",仓单增加1580手,rift_rule_enhanced_llm,Qwen/Qwen2.5-0.5B-Instruct,local-e7bee36d65df0aa5
GFEX-WR-20260427,2026-04-27,bearish,-0.6,0.0,0.8,5,"[{""rule_id"":""LC-BEAR-01"",""target_label"":""bearish"",""conditions"":[""warehouse_receipt_increase""],""score"":0.033333333333333326,""coverage_positive"":0.6444444444444445,""coverage_negative"":0.6111111111111112,""support_documents"":51,""support_dates"":51,""status"":""qualified""},{""rule_id"":""LC-BEAR-02"",""target_label"":""bearish"",""conditions"":[""warehouse_receipt_increase"",""authoritative_source""],""score"":0.033333333333333326,""coverage_positive"":0.6444444444444445,""coverage_negative"":0.6111111111111112,""support_documents"":51,""support_dates"":51,""status"":""qualified""},{""rule_id"":""LC-BEAR-03"",""target_label"":""bearish"",""conditions"":[""authoritative_source""],""score"":0.016666666666666607,""coverage_positive"":0.8222222222222222,""coverage_negative"":0.8055555555555556,""support_documents"":65,""support_dates"":63,""status"":""qualified""}]","[{""name"":""supply_disruption"",""deterministic_value"":false,""ai_value"":false,""status"":""agreed_false"",""confidence"":0.8,""evidence_text"":""""},{""name"":""supply_expansion"",""deterministic_value"":false,""ai_value"":false,""status"":""agreed_false"",""confidence"":0.8,""evidence_text"":""""},{""name"":""production_resumption"",""deterministic_value"":false,""ai_value"":false,""status"":""agreed_false"",""confidence"":0.8,""evidence_text"":""""},{""name"":""demand_ev_positive"",""deterministic_value"":false,""ai_value"":false,""status"":""agreed_false"",""confidence"":0.8,""evidence_text"":""""},{""name"":""demand_storage_positive"",""deterministic_value"":false,""ai_value"":false,""status"":""agreed_false"",""confidence"":0.8,""evidence_text"":""""},{""name"":""demand_weak_or_price_war"",""deterministic_value"":false,""ai_value"":false,""status"":""agreed_false"",""confidence"":0.8,""evidence_text"":""""},{""name"":""inventory_drawdown"",""deterministic_value"":false,""ai_value"":false,""status"":""agreed_false"",""confidence"":0.8,""evidence_text"":""""},{""name"":""inventory_build"",""deterministic_value"":false,""ai_value"":false,""status"":""agreed_false"",""confidence"":0.8,""evidence_text"":""""},{""name"":""warehouse_receipt_decline"",""deterministic_value"":false,""ai_value"":false,""status"":""agreed_false"",""confidence"":0.8,""evidence_text"":""""},{""name"":""warehouse_receipt_increase"",""deterministic_value"":true,""ai_value"":true,""status"":""agreed_true"",""confidence"":0.8,""evidence_text"":""仓单增加1029手""},{""name"":""policy_demand_support"",""deterministic_value"":false,""ai_value"":false,""status"":""agreed_false"",""confidence"":0.8,""evidence_text"":""""},{""name"":""import_supply_pressure"",""deterministic_value"":false,""ai_value"":false,""status"":""agreed_false"",""confidence"":0.8,""evidence_text"":""""},{""name"":""cost_support"",""deterministic_value"":false,""ai_value"":false,""status"":""agreed_false"",""confidence"":0.8,""evidence_text"":""""},{""name"":""delivery_pressure"",""deterministic_value"":false,""ai_value"":false,""status"":""agreed_false"",""confidence"":0.8,""evidence_text"":""""},{""name"":""authoritative_source"",""deterministic_value"":true,""ai_value"":true,""status"":""agreed_true"",""confidence"":0.8,""evidence_text"":""广期所""},{""name"":""quantitative_evidence"",""deterministic_value"":false,""ai_value"":true,""status"":""disputed"",""confidence"":0.8,""evidence_text"":""35327手""},{""name"":""uncertainty_high"",""deterministic_value"":false,""ai_value"":true,""status"":""disputed"",""confidence"":0.8,""evidence_text"":""增加1029手""}]",仓单增加1029手,rift_rule_enhanced_llm,Qwen/Qwen2.5-0.5B-Instruct,local-7eb19039301bcffc
LC-TEXT-0048,2026-04-27,bullish,0.6,0.0,0.8,5,"[{""rule_id"":""LC-BEAR-03"",""target_label"":""bearish"",""conditions"":[""authoritative_source""],""score"":0.016666666666666607,""coverage_positive"":0.8222222222222222,""coverage_negative"":0.8055555555555556,""support_documents"":65,""support_dates"":63,""status"":""qualified""}]","[{""name"":""supply_disruption"",""deterministic_value"":false,""ai_value"":false,""status"":""agreed_false"",""confidence"":0.8,""evidence_text"":""""},{""name"":""supply_expansion"",""deterministic_value"":false,""ai_value"":false,""status"":""agreed_false"",""confidence"":0.8,""evidence_text"":""""},{""name"":""production_resumption"",""deterministic_value"":false,""ai_value"":false,""status"":""agreed_false"",""confidence"":0.8,""evidence_text"":""""},{""name"":""demand_ev_positive"",""deterministic_value"":false,""ai_value"":false,""status"":""agreed_false"",""confidence"":0.8,""evidence_text"":""""},{""name"":""demand_storage_positive"",""deterministic_value"":false,""ai_value"":false,""status"":""agreed_false"",""confidence"":0.8,""evidence_text"":""""},{""name"":""demand_weak_or_price_war"",""deterministic_value"":false,""ai_value"":false,""status"":""agreed_false"",""confidence"":0.8,""evidence_text"":""""},{""name"":""inventory_drawdown"",""deterministic_value"":false,""ai_value"":false,""status"":""agreed_false"",""confidence"":0.8,""evidence_text"":""""},{""name"":""inventory_build"",""deterministic_value"":false,""ai_value"":false,""status"":""agreed_false"",""confidence"":0.8,""evidence_text"":""""},{""name"":""warehouse_receipt_decline"",""deterministic_value"":false,""ai_value"":false,""status"":""agreed_false"",""confidence"":0.8,""evidence_text"":""""},{""name"":""warehouse_receipt_increase"",""deterministic_value"":false,""ai_value"":false,""status"":""agreed_false"",""confidence"":0.8,""evidence_text"":""""},{""name"":""policy_demand_support"",""deterministic_value"":false,""ai_value"":false,""status"":""agreed_false"",""confidence"":0.8,""evidence_text"":""""},{""name"":""import_supply_pressure"",""deterministic_value"":false,""ai_value"":false,""status"":""agreed_false"",""confidence"":0.8,""evidence_text"":""""},{""name"":""cost_support"",""deterministic_value"":false,""ai_value"":false,""status"":""agreed_false"",""confidence"":0.8,""evidence_text"":""""},{""name"":""delivery_pressure"",""deterministic_value"":false,""ai_value"":false,""status"":""agreed_false"",""confidence"":0.8,""evidence_text"":""""},{""name"":""authoritative_source"",""deterministic_value"":true,""ai_value"":true,""status"":""agreed_true"",""confidence"":0.8,""evidence_text"":""工业和信息化部等五部门""},{""name"":""quantitative_evidence"",""deterministic_value"":true,""ai_value"":false,""status"":""disputed"",""confidence"":0.8,""evidence_text"":""40万吨""},{""name"":""uncertainty_high"",""deterministic_value"":false,""ai_value"":false,""status"":""agreed_false"",""confidence"":0.8,""evidence_text"":""""}]",工业和信息化部等五部门,rift_rule_enhanced_llm,Qwen/Qwen2.5-0.5B-Instruct,local-6a6fcc48bcb4d697
LC-TEXT-0049,2026-04-27,neutral,0.0,0.0,0.8,5,[],"[{""name"":""supply_disruption"",""deterministic_value"":false,""ai_value"":false,""status"":""agreed_false"",""confidence"":0.8,""evidence_text"":""""},{""name"":""supply_expansion"",""deterministic_value"":false,""ai_value"":false,""status"":""agreed_false"",""confidence"":0.8,""evidence_text"":""""},{""name"":""production_resumption"",""deterministic_value"":false,""ai_value"":false,""status"":""agreed_false"",""confidence"":0.8,""evidence_text"":""""},{""name"":""demand_ev_positive"",""deterministic_value"":false,""ai_value"":false,""status"":""agreed_false"",""confidence"":0.8,""evidence_text"":""""},{""name"":""demand_storage_positive"",""deterministic_value"":false,""ai_value"":false,""status"":""agreed_false"",""confidence"":0.8,""evidence_text"":""""},{""name"":""demand_weak_or_price_war"",""deterministic_value"":false,""ai_value"":false,""status"":""agreed_false"",""confidence"":0.8,""evidence_text"":""""},{""name"":""inventory_drawdown"",""deterministic_value"":false,""ai_value"":false,""status"":""agreed_false"",""confidence"":0.8,""evidence_text"":""""},{""name"":""inventory_build"",""deterministic_value"":false,""ai_value"":false,""status"":""agreed_false"",""confidence"":0.8,""evidence_text"":""""},{""name"":""warehouse_receipt_decline"",""deterministic_value"":false,""ai_value"":false,""status"":""agreed_false"",""confidence"":0.8,""evidence_text"":""""},{""name"":""warehouse_receipt_increase"",""deterministic_value"":false,""ai_value"":false,""status"":""agreed_false"",""confidence"":0.8,""evidence_text"":""""},{""name"":""policy_demand_support"",""deterministic_value"":false,""ai_value"":false,""status"":""agreed_false"",""confidence"":0.8,""evidence_text"":""""},{""name"":""import_supply_pressure"",""deterministic_value"":false,""ai_value"":false,""status"":""agreed_false"",""confidence"":0.8,""evidence_text"":""""},{""name"":""cost_support"",""deterministic_value"":false,""ai_value"":false,""status"":""agreed_false"",""confidence"":0.8,""evidence_text"":""""},{""name"":""delivery_pressure"",""deterministic_value"":false,""ai_value"":false,""status"":""agreed_false"",""confidence"":0.8,""evidence_text"":""""},{""name"":""authoritative_source"",""deterministic_value"":true,""ai_value"":false,""status"":""disputed"",""confidence"":0.8,""evidence_text"":""上市公司""},{""name"":""quantitative_evidence"",""deterministic_value"":true,""ai_value"":false,""status"":""disputed"",""confidence"":0.8,""evidence_text"":""12个""},{""name"":""uncertainty_high"",""deterministic_value"":true,""ai_value"":false,""status"":""disputed"",""confidence"":0.8,""evidence_text"":""预计""}]",关于计提资产减值准备的公告,rulebook_inactive,Qwen/Qwen2.5-0.5B-Instruct,local-e70a345c173b206b
GFEX-WR-20260428,2026-04-28,bearish,-0.6,0.0,0.8,5,"[{""rule_id"":""LC-BEAR-01"",""target_label"":""bearish"",""conditions"":[""warehouse_receipt_increase""],""score"":0.033333333333333326,""coverage_positive"":0.6444444444444445,""coverage_negative"":0.6111111111111112,""support_documents"":51,""support_dates"":51,""status"":""qualified""},{""rule_id"":""LC-BEAR-02"",""target_label"":""bearish"",""conditions"":[""warehouse_receipt_increase"",""authoritative_source""],""score"":0.033333333333333326,""coverage_positive"":0.6444444444444445,""coverage_negative"":0.6111111111111112,""support_documents"":51,""support_dates"":51,""status"":""qualified""},{""rule_id"":""LC-BEAR-03"",""target_label"":""bearish"",""conditions"":[""authoritative_source""],""score"":0.016666666666666607,""coverage_positive"":0.8222222222222222,""coverage_negative"":0.8055555555555556,""support_documents"":65,""support_dates"":63,""status"":""qualified""}]","[{""name"":""supply_disruption"",""deterministic_value"":false,""ai_value"":false,""status"":""agreed_false"",""confidence"":0.8,""evidence_text"":""""},{""name"":""supply_expansion"",""deterministic_value"":false,""ai_value"":false,""status"":""agreed_false"",""confidence"":0.8,""evidence_text"":""""},{""name"":""production_resumption"",""deterministic_value"":false,""ai_value"":false,""status"":""agreed_false"",""confidence"":0.8,""evidence_text"":""""},{""name"":""demand_ev_positive"",""deterministic_value"":false,""ai_value"":false,""status"":""agreed_false"",""confidence"":0.8,""evidence_text"":""""},{""name"":""demand_storage_positive"",""deterministic_value"":false,""ai_value"":false,""status"":""agreed_false"",""confidence"":0.8,""evidence_text"":""""},{""name"":""demand_weak_or_price_war"",""deterministic_value"":false,""ai_value"":false,""status"":""agreed_false"",""confidence"":0.8,""evidence_text"":""""},{""name"":""inventory_drawdown"",""deterministic_value"":false,""ai_value"":false,""status"":""agreed_false"",""confidence"":0.8,""evidence_text"":""""},{""name"":""inventory_build"",""deterministic_value"":false,""ai_value"":false,""status"":""agreed_false"",""confidence"":0.8,""evidence_text"":""""},{""name"":""warehouse_receipt_decline"",""deterministic_value"":false,""ai_value"":false,""status"":""agreed_false"",""confidence"":0.8,""evidence_text"":""""},{""name"":""warehouse_receipt_increase"",""deterministic_value"":true,""ai_value"":true,""status"":""agreed_true"",""confidence"":0.8,""evidence_text"":""仓单增加1065手""},{""name"":""policy_demand_support"",""deterministic_value"":false,""ai_value"":false,""status"":""agreed_false"",""confidence"":0.8,""evidence_text"":""""},{""name"":""import_supply_pressure"",""deterministic_value"":false,""ai_value"":false,""status"":""agreed_false"",""confidence"":0.8,""evidence_text"":""""},{""name"":""cost_support"",""deterministic_value"":false,""ai_value"":false,""status"":""agreed_false"",""confidence"":0.8,""evidence_text"":""""},{""name"":""delivery_pressure"",""deterministic_value"":false,""ai_value"":false,""status"":""agreed_false"",""confidence"":0.8,""evidence_text"":""""},{""name"":""authoritative_source"",""deterministic_value"":true,""ai_value"":true,""status"":""agreed_true"",""confidence"":0.8,""evidence_text"":""广期所""},{""name"":""quantitative_evidence"",""deterministic_value"":false,""ai_value"":true,""status"":""disputed"",""confidence"":0.8,""evidence_text"":""36392手""},{""name"":""uncertainty_high"",""deterministic_value"":false,""ai_value"":true,""status"":""disputed"",""confidence"":0.8,""evidence_text"":""增加1065手""}]",仓单增加1065手,rift_rule_enhanced_llm,Qwen/Qwen2.5-0.5B-Instruct,local-1d68241abb4f4d53
GFEX-WR-20260430,2026-04-30,bearish,-0.6,0.0,0.9,5,"[{""rule_id"":""LC-BEAR-01"",""target_label"":""bearish"",""conditions"":[""warehouse_receipt_increase""],""score"":0.033333333333333326,""coverage_positive"":0.6444444444444445,""coverage_negative"":0.6111111111111112,""support_documents"":51,""support_dates"":51,""status"":""qualified""},{""rule_id"":""LC-BEAR-02"",""target_label"":""bearish"",""conditions"":[""warehouse_receipt_increase"",""authoritative_source""],""score"":0.033333333333333326,""coverage_positive"":0.6444444444444445,""coverage_negative"":0.6111111111111112,""support_documents"":51,""support_dates"":51,""status"":""qualified""},{""rule_id"":""LC-BEAR-03"",""target_label"":""bearish"",""conditions"":[""authoritative_source""],""score"":0.016666666666666607,""coverage_positive"":0.8222222222222222,""coverage_negative"":0.8055555555555556,""support_documents"":65,""support_dates"":63,""status"":""qualified""}]","[{""name"":""supply_disruption"",""deterministic_value"":false,""ai_value"":false,""status"":""agreed_false"",""confidence"":0.9,""evidence_text"":""""},{""name"":""supply_expansion"",""deterministic_value"":false,""ai_value"":false,""status"":""agreed_false"",""confidence"":0.9,""evidence_text"":""""},{""name"":""production_resumption"",""deterministic_value"":false,""ai_value"":false,""status"":""agreed_false"",""confidence"":0.9,""evidence_text"":""""},{""name"":""demand_ev_positive"",""deterministic_value"":false,""ai_value"":false,""status"":""agreed_false"",""confidence"":0.9,""evidence_text"":""""},{""name"":""demand_storage_positive"",""deterministic_value"":false,""ai_value"":false,""status"":""agreed_false"",""confidence"":0.9,""evidence_text"":""""},{""name"":""demand_weak_or_price_war"",""deterministic_value"":false,""ai_value"":false,""status"":""agreed_false"",""confidence"":0.9,""evidence_text"":""""},{""name"":""inventory_drawdown"",""deterministic_value"":false,""ai_value"":false,""status"":""agreed_false"",""confidence"":0.9,""evidence_text"":""""},{""name"":""inventory_build"",""deterministic_value"":false,""ai_value"":false,""status"":""agreed_false"",""confidence"":0.9,""evidence_text"":""""},{""name"":""warehouse_receipt_decline"",""deterministic_value"":false,""ai_value"":false,""status"":""agreed_false"",""confidence"":0.9,""evidence_text"":""""},{""name"":""warehouse_receipt_increase"",""deterministic_value"":true,""ai_value"":true,""status"":""agreed_true"",""confidence"":0.9,""evidence_text"":""仓单增加1050手""},{""name"":""policy_demand_support"",""deterministic_value"":false,""ai_value"":false,""status"":""agreed_false"",""confidence"":0.9,""evidence_text"":""""},{""name"":""import_supply_pressure"",""deterministic_value"":false,""ai_value"":false,""status"":""agreed_false"",""confidence"":0.9,""evidence_text"":""""},{""name"":""cost_support"",""deterministic_value"":false,""ai_value"":false,""status"":""agreed_false"",""confidence"":0.9,""evidence_text"":""""},{""name"":""delivery_pressure"",""deterministic_value"":false,""ai_value"":false,""status"":""agreed_false"",""confidence"":0.9,""evidence_text"":""""},{""name"":""authoritative_source"",""deterministic_value"":true,""ai_value"":true,""status"":""agreed_true"",""confidence"":0.9,""evidence_text"":""广期所""},{""name"":""quantitative_evidence"",""deterministic_value"":false,""ai_value"":true,""status"":""disputed"",""confidence"":0.9,""evidence_text"":""38012手""},{""name"":""uncertainty_high"",""deterministic_value"":false,""ai_value"":true,""status"":""disputed"",""confidence"":0.9,""evidence_text"":""增加1050手""}]",仓单增加1050手,rift_rule_enhanced_llm,Qwen/Qwen2.5-0.5B-Instruct,local-077cfaee65b36678
GFEX-WR-20260506,2026-05-06,bearish,-0.6,0.0,0.8,5,"[{""rule_id"":""LC-BEAR-01"",""target_label"":""bearish"",""conditions"":[""warehouse_receipt_increase""],""score"":0.033333333333333326,""coverage_positive"":0.6444444444444445,""coverage_negative"":0.6111111111111112,""support_documents"":51,""support_dates"":51,""status"":""qualified""},{""rule_id"":""LC-BEAR-02"",""target_label"":""bearish"",""conditions"":[""warehouse_receipt_increase"",""authoritative_source""],""score"":0.033333333333333326,""coverage_positive"":0.6444444444444445,""coverage_negative"":0.6111111111111112,""support_documents"":51,""support_dates"":51,""status"":""qualified""},{""rule_id"":""LC-BEAR-03"",""target_label"":""bearish"",""conditions"":[""authoritative_source""],""score"":0.016666666666666607,""coverage_positive"":0.8222222222222222,""coverage_negative"":0.8055555555555556,""support_documents"":65,""support_dates"":63,""status"":""qualified""}]","[{""name"":""supply_disruption"",""deterministic_value"":false,""ai_value"":false,""status"":""agreed_false"",""confidence"":0.8,""evidence_text"":""""},{""name"":""supply_expansion"",""deterministic_value"":false,""ai_value"":false,""status"":""agreed_false"",""confidence"":0.8,""evidence_text"":""""},{""name"":""production_resumption"",""deterministic_value"":false,""ai_value"":false,""status"":""agreed_false"",""confidence"":0.8,""evidence_text"":""""},{""name"":""demand_ev_positive"",""deterministic_value"":false,""ai_value"":false,""status"":""agreed_false"",""confidence"":0.8,""evidence_text"":""""},{""name"":""demand_storage_positive"",""deterministic_value"":false,""ai_value"":false,""status"":""agreed_false"",""confidence"":0.8,""evidence_text"":""""},{""name"":""demand_weak_or_price_war"",""deterministic_value"":false,""ai_value"":false,""status"":""agreed_false"",""confidence"":0.8,""evidence_text"":""""},{""name"":""inventory_drawdown"",""deterministic_value"":false,""ai_value"":false,""status"":""agreed_false"",""confidence"":0.8,""evidence_text"":""""},{""name"":""inventory_build"",""deterministic_value"":false,""ai_value"":false,""status"":""agreed_false"",""confidence"":0.8,""evidence_text"":""""},{""name"":""warehouse_receipt_decline"",""deterministic_value"":false,""ai_value"":false,""status"":""agreed_false"",""confidence"":0.8,""evidence_text"":""""},{""name"":""warehouse_receipt_increase"",""deterministic_value"":true,""ai_value"":true,""status"":""agreed_true"",""confidence"":0.8,""evidence_text"":""仓单增加1029手""},{""name"":""policy_demand_support"",""deterministic_value"":false,""ai_value"":false,""status"":""agreed_false"",""confidence"":0.8,""evidence_text"":""""},{""name"":""import_supply_pressure"",""deterministic_value"":false,""ai_value"":false,""status"":""agreed_false"",""confidence"":0.8,""evidence_text"":""""},{""name"":""cost_support"",""deterministic_value"":false,""ai_value"":false,""status"":""agreed_false"",""confidence"":0.8,""evidence_text"":""""},{""name"":""delivery_pressure"",""deterministic_value"":false,""ai_value"":false,""status"":""agreed_false"",""confidence"":0.8,""evidence_text"":""""},{""name"":""authoritative_source"",""deterministic_value"":true,""ai_value"":true,""status"":""agreed_true"",""confidence"":0.8,""evidence_text"":""广期所""},{""name"":""quantitative_evidence"",""deterministic_value"":false,""ai_value"":true,""status"":""disputed"",""confidence"":0.8,""evidence_text"":""39041手""},{""name"":""uncertainty_high"",""deterministic_value"":false,""ai_value"":true,""status"":""disputed"",""confidence"":0.8,""evidence_text"":""增加1029手""}]",仓单增加1029手,rift_rule_enhanced_llm,Qwen/Qwen2.5-0.5B-Instruct,local-9fd38a8c98985c70
GFEX-WR-20260507,2026-05-07,bearish,-0.6,0.0,0.8,5,"[{""rule_id"":""LC-BEAR-01"",""target_label"":""bearish"",""conditions"":[""warehouse_receipt_increase""],""score"":0.033333333333333326,""coverage_positive"":0.6444444444444445,""coverage_negative"":0.6111111111111112,""support_documents"":51,""support_dates"":51,""status"":""qualified""},{""rule_id"":""LC-BEAR-02"",""target_label"":""bearish"",""conditions"":[""warehouse_receipt_increase"",""authoritative_source""],""score"":0.033333333333333326,""coverage_positive"":0.6444444444444445,""coverage_negative"":0.6111111111111112,""support_documents"":51,""support_dates"":51,""status"":""qualified""},{""rule_id"":""LC-BEAR-03"",""target_label"":""bearish"",""conditions"":[""authoritative_source""],""score"":0.016666666666666607,""coverage_positive"":0.8222222222222222,""coverage_negative"":0.8055555555555556,""support_documents"":65,""support_dates"":63,""status"":""qualified""}]","[{""name"":""supply_disruption"",""deterministic_value"":false,""ai_value"":false,""status"":""agreed_false"",""confidence"":0.8,""evidence_text"":""""},{""name"":""supply_expansion"",""deterministic_value"":false,""ai_value"":false,""status"":""agreed_false"",""confidence"":0.8,""evidence_text"":""""},{""name"":""production_resumption"",""deterministic_value"":false,""ai_value"":false,""status"":""agreed_false"",""confidence"":0.8,""evidence_text"":""""},{""name"":""demand_ev_positive"",""deterministic_value"":false,""ai_value"":false,""status"":""agreed_false"",""confidence"":0.8,""evidence_text"":""""},{""name"":""demand_storage_positive"",""deterministic_value"":false,""ai_value"":false,""status"":""agreed_false"",""confidence"":0.8,""evidence_text"":""""},{""name"":""demand_weak_or_price_war"",""deterministic_value"":false,""ai_value"":false,""status"":""agreed_false"",""confidence"":0.8,""evidence_text"":""""},{""name"":""inventory_drawdown"",""deterministic_value"":false,""ai_value"":false,""status"":""agreed_false"",""confidence"":0.8,""evidence_text"":""""},{""name"":""inventory_build"",""deterministic_value"":false,""ai_value"":false,""status"":""agreed_false"",""confidence"":0.8,""evidence_text"":""""},{""name"":""warehouse_receipt_decline"",""deterministic_value"":false,""ai_value"":false,""status"":""agreed_false"",""confidence"":0.8,""evidence_text"":""""},{""name"":""warehouse_receipt_increase"",""deterministic_value"":true,""ai_value"":true,""status"":""agreed_true"",""confidence"":0.8,""evidence_text"":""仓单增加3590手""},{""name"":""policy_demand_support"",""deterministic_value"":false,""ai_value"":false,""status"":""agreed_false"",""confidence"":0.8,""evidence_text"":""""},{""name"":""import_supply_pressure"",""deterministic_value"":false,""ai_value"":false,""status"":""agreed_false"",""confidence"":0.8,""evidence_text"":""""},{""name"":""cost_support"",""deterministic_value"":false,""ai_value"":false,""status"":""agreed_false"",""confidence"":0.8,""evidence_text"":""""},{""name"":""delivery_pressure"",""deterministic_value"":false,""ai_value"":false,""status"":""agreed_false"",""confidence"":0.8,""evidence_text"":""""},{""name"":""authoritative_source"",""deterministic_value"":true,""ai_value"":true,""status"":""agreed_true"",""confidence"":0.8,""evidence_text"":""广期所""},{""name"":""quantitative_evidence"",""deterministic_value"":false,""ai_value"":true,""status"":""disputed"",""confidence"":0.8,""evidence_text"":""42631手""},{""name"":""uncertainty_high"",""deterministic_value"":false,""ai_value"":true,""status"":""disputed"",""confidence"":0.8,""evidence_text"":""增加3590手""}]",仓单增加3590手,rift_rule_enhanced_llm,Qwen/Qwen2.5-0.5B-Instruct,local-efeb4ba96f6c52d6
GFEX-WR-20260508,2026-05-08,bearish,-0.6,0.0,0.8,5,"[{""rule_id"":""LC-BEAR-01"",""target_label"":""bearish"",""conditions"":[""warehouse_receipt_increase""],""score"":0.033333333333333326,""coverage_positive"":0.6444444444444445,""coverage_negative"":0.6111111111111112,""support_documents"":51,""support_dates"":51,""status"":""qualified""},{""rule_id"":""LC-BEAR-02"",""target_label"":""bearish"",""conditions"":[""warehouse_receipt_increase"",""authoritative_source""],""score"":0.033333333333333326,""coverage_positive"":0.6444444444444445,""coverage_negative"":0.6111111111111112,""support_documents"":51,""support_dates"":51,""status"":""qualified""},{""rule_id"":""LC-BEAR-03"",""target_label"":""bearish"",""conditions"":[""authoritative_source""],""score"":0.016666666666666607,""coverage_positive"":0.8222222222222222,""coverage_negative"":0.8055555555555556,""support_documents"":65,""support_dates"":63,""status"":""qualified""}]","[{""name"":""supply_disruption"",""deterministic_value"":false,""ai_value"":false,""status"":""agreed_false"",""confidence"":0.8,""evidence_text"":""""},{""name"":""supply_expansion"",""deterministic_value"":false,""ai_value"":false,""status"":""agreed_false"",""confidence"":0.8,""evidence_text"":""""},{""name"":""production_resumption"",""deterministic_value"":false,""ai_value"":false,""status"":""agreed_false"",""confidence"":0.8,""evidence_text"":""""},{""name"":""demand_ev_positive"",""deterministic_value"":false,""ai_value"":false,""status"":""agreed_false"",""confidence"":0.8,""evidence_text"":""""},{""name"":""demand_storage_positive"",""deterministic_value"":false,""ai_value"":false,""status"":""agreed_false"",""confidence"":0.8,""evidence_text"":""""},{""name"":""demand_weak_or_price_war"",""deterministic_value"":false,""ai_value"":false,""status"":""agreed_false"",""confidence"":0.8,""evidence_text"":""""},{""name"":""inventory_drawdown"",""deterministic_value"":false,""ai_value"":false,""status"":""agreed_false"",""confidence"":0.8,""evidence_text"":""""},{""name"":""inventory_build"",""deterministic_value"":false,""ai_value"":false,""status"":""agreed_false"",""confidence"":0.8,""evidence_text"":""""},{""name"":""warehouse_receipt_decline"",""deterministic_value"":false,""ai_value"":false,""status"":""agreed_false"",""confidence"":0.8,""evidence_text"":""""},{""name"":""warehouse_receipt_increase"",""deterministic_value"":true,""ai_value"":true,""status"":""agreed_true"",""confidence"":0.8,""evidence_text"":""仓单增加1299手""},{""name"":""policy_demand_support"",""deterministic_value"":false,""ai_value"":false,""status"":""agreed_false"",""confidence"":0.8,""evidence_text"":""""},{""name"":""import_supply_pressure"",""deterministic_value"":false,""ai_value"":false,""status"":""agreed_false"",""confidence"":0.8,""evidence_text"":""""},{""name"":""cost_support"",""deterministic_value"":false,""ai_value"":false,""status"":""agreed_false"",""confidence"":0.8,""evidence_text"":""""},{""name"":""delivery_pressure"",""deterministic_value"":false,""ai_value"":false,""status"":""agreed_false"",""confidence"":0.8,""evidence_text"":""""},{""name"":""authoritative_source"",""deterministic_value"":true,""ai_value"":true,""status"":""agreed_true"",""confidence"":0.8,""evidence_text"":""广期所""},{""name"":""quantitative_evidence"",""deterministic_value"":false,""ai_value"":true,""status"":""disputed"",""confidence"":0.8,""evidence_text"":""43930手""},{""name"":""uncertainty_high"",""deterministic_value"":false,""ai_value"":true,""status"":""disputed"",""confidence"":0.8,""evidence_text"":""增加1299手""}]",仓单增加1299手,rift_rule_enhanced_llm,Qwen/Qwen2.5-0.5B-Instruct,local-1a95d065b5a8aba5
GFEX-WR-20260512,2026-05-12,bearish,-0.6,0.0,0.8,5,"[{""rule_id"":""LC-BEAR-01"",""target_label"":""bearish"",""conditions"":[""warehouse_receipt_increase""],""score"":0.033333333333333326,""coverage_positive"":0.6444444444444445,""coverage_negative"":0.6111111111111112,""support_documents"":51,""support_dates"":51,""status"":""qualified""},{""rule_id"":""LC-BEAR-02"",""target_label"":""bearish"",""conditions"":[""warehouse_receipt_increase"",""authoritative_source""],""score"":0.033333333333333326,""coverage_positive"":0.6444444444444445,""coverage_negative"":0.6111111111111112,""support_documents"":51,""support_dates"":51,""status"":""qualified""},{""rule_id"":""LC-BEAR-03"",""target_label"":""bearish"",""conditions"":[""authoritative_source""],""score"":0.016666666666666607,""coverage_positive"":0.8222222222222222,""coverage_negative"":0.8055555555555556,""support_documents"":65,""support_dates"":63,""status"":""qualified""}]","[{""name"":""supply_disruption"",""deterministic_value"":false,""ai_value"":false,""status"":""agreed_false"",""confidence"":0.8,""evidence_text"":""""},{""name"":""supply_expansion"",""deterministic_value"":false,""ai_value"":false,""status"":""agreed_false"",""confidence"":0.8,""evidence_text"":""""},{""name"":""production_resumption"",""deterministic_value"":false,""ai_value"":false,""status"":""agreed_false"",""confidence"":0.8,""evidence_text"":""""},{""name"":""demand_ev_positive"",""deterministic_value"":false,""ai_value"":false,""status"":""agreed_false"",""confidence"":0.8,""evidence_text"":""""},{""name"":""demand_storage_positive"",""deterministic_value"":false,""ai_value"":false,""status"":""agreed_false"",""confidence"":0.8,""evidence_text"":""""},{""name"":""demand_weak_or_price_war"",""deterministic_value"":false,""ai_value"":false,""status"":""agreed_false"",""confidence"":0.8,""evidence_text"":""""},{""name"":""inventory_drawdown"",""deterministic_value"":false,""ai_value"":false,""status"":""agreed_false"",""confidence"":0.8,""evidence_text"":""""},{""name"":""inventory_build"",""deterministic_value"":false,""ai_value"":false,""status"":""agreed_false"",""confidence"":0.8,""evidence_text"":""""},{""name"":""warehouse_receipt_decline"",""deterministic_value"":false,""ai_value"":false,""status"":""agreed_false"",""confidence"":0.8,""evidence_text"":""""},{""name"":""warehouse_receipt_increase"",""deterministic_value"":true,""ai_value"":true,""status"":""agreed_true"",""confidence"":0.8,""evidence_text"":""仓单增加2074手""},{""name"":""policy_demand_support"",""deterministic_value"":false,""ai_value"":false,""status"":""agreed_false"",""confidence"":0.8,""evidence_text"":""""},{""name"":""import_supply_pressure"",""deterministic_value"":false,""ai_value"":false,""status"":""agreed_false"",""confidence"":0.8,""evidence_text"":""""},{""name"":""cost_support"",""deterministic_value"":false,""ai_value"":false,""status"":""agreed_false"",""confidence"":0.8,""evidence_text"":""""},{""name"":""delivery_pressure"",""deterministic_value"":false,""ai_value"":false,""status"":""agreed_false"",""confidence"":0.8,""evidence_text"":""""},{""name"":""authoritative_source"",""deterministic_value"":true,""ai_value"":true,""status"":""agreed_true"",""confidence"":0.8,""evidence_text"":""广期所""},{""name"":""quantitative_evidence"",""deterministic_value"":false,""ai_value"":true,""status"":""disputed"",""confidence"":0.8,""evidence_text"":""45954手""},{""name"":""uncertainty_high"",""deterministic_value"":false,""ai_value"":true,""status"":""disputed"",""confidence"":0.8,""evidence_text"":""增加2074手""}]",仓单增加2074手,rift_rule_enhanced_llm,Qwen/Qwen2.5-0.5B-Instruct,local-3babecbbe5b39f25
GFEX-WR-20260513,2026-05-13,bearish,-0.6,0.0,0.9,5,"[{""rule_id"":""LC-BEAR-01"",""target_label"":""bearish"",""conditions"":[""warehouse_receipt_increase""],""score"":0.033333333333333326,""coverage_positive"":0.6444444444444445,""coverage_negative"":0.6111111111111112,""support_documents"":51,""support_dates"":51,""status"":""qualified""},{""rule_id"":""LC-BEAR-02"",""target_label"":""bearish"",""conditions"":[""warehouse_receipt_increase"",""authoritative_source""],""score"":0.033333333333333326,""coverage_positive"":0.6444444444444445,""coverage_negative"":0.6111111111111112,""support_documents"":51,""support_dates"":51,""status"":""qualified""},{""rule_id"":""LC-BEAR-03"",""target_label"":""bearish"",""conditions"":[""authoritative_source""],""score"":0.016666666666666607,""coverage_positive"":0.8222222222222222,""coverage_negative"":0.8055555555555556,""support_documents"":65,""support_dates"":63,""status"":""qualified""}]","[{""name"":""supply_disruption"",""deterministic_value"":false,""ai_value"":false,""status"":""agreed_false"",""confidence"":0.9,""evidence_text"":""""},{""name"":""supply_expansion"",""deterministic_value"":false,""ai_value"":false,""status"":""agreed_false"",""confidence"":0.9,""evidence_text"":""""},{""name"":""production_resumption"",""deterministic_value"":false,""ai_value"":false,""status"":""agreed_false"",""confidence"":0.9,""evidence_text"":""""},{""name"":""demand_ev_positive"",""deterministic_value"":false,""ai_value"":false,""status"":""agreed_false"",""confidence"":0.9,""evidence_text"":""""},{""name"":""demand_storage_positive"",""deterministic_value"":false,""ai_value"":false,""status"":""agreed_false"",""confidence"":0.9,""evidence_text"":""""},{""name"":""demand_weak_or_price_war"",""deterministic_value"":false,""ai_value"":false,""status"":""agreed_false"",""confidence"":0.9,""evidence_text"":""""},{""name"":""inventory_drawdown"",""deterministic_value"":false,""ai_value"":false,""status"":""agreed_false"",""confidence"":0.9,""evidence_text"":""""},{""name"":""inventory_build"",""deterministic_value"":false,""ai_value"":false,""status"":""agreed_false"",""confidence"":0.9,""evidence_text"":""""},{""name"":""warehouse_receipt_decline"",""deterministic_value"":false,""ai_value"":false,""status"":""agreed_false"",""confidence"":0.9,""evidence_text"":""""},{""name"":""warehouse_receipt_increase"",""deterministic_value"":true,""ai_value"":true,""status"":""agreed_true"",""confidence"":0.9,""evidence_text"":""仓单增加1766手""},{""name"":""policy_demand_support"",""deterministic_value"":false,""ai_value"":false,""status"":""agreed_false"",""confidence"":0.9,""evidence_text"":""""},{""name"":""import_supply_pressure"",""deterministic_value"":false,""ai_value"":false,""status"":""agreed_false"",""confidence"":0.9,""evidence_text"":""""},{""name"":""cost_support"",""deterministic_value"":false,""ai_value"":false,""status"":""agreed_false"",""confidence"":0.9,""evidence_text"":""""},{""name"":""delivery_pressure"",""deterministic_value"":false,""ai_value"":false,""status"":""agreed_false"",""confidence"":0.9,""evidence_text"":""""},{""name"":""authoritative_source"",""deterministic_value"":true,""ai_value"":true,""status"":""agreed_true"",""confidence"":0.9,""evidence_text"":""广期所""},{""name"":""quantitative_evidence"",""deterministic_value"":false,""ai_value"":true,""status"":""disputed"",""confidence"":0.9,""evidence_text"":""47720手""},{""name"":""uncertainty_high"",""deterministic_value"":false,""ai_value"":false,""status"":""agreed_false"",""confidence"":0.9,""evidence_text"":""""}]",仓单增加1766手,rift_rule_enhanced_llm,Qwen/Qwen2.5-0.5B-Instruct,local-748b267b287f810f
GFEX-WR-20260514,2026-05-14,bearish,-0.6,0.0,0.8,5,"[{""rule_id"":""LC-BEAR-01"",""target_label"":""bearish"",""conditions"":[""warehouse_receipt_increase""],""score"":0.033333333333333326,""coverage_positive"":0.6444444444444445,""coverage_negative"":0.6111111111111112,""support_documents"":51,""support_dates"":51,""status"":""qualified""},{""rule_id"":""LC-BEAR-02"",""target_label"":""bearish"",""conditions"":[""warehouse_receipt_increase"",""authoritative_source""],""score"":0.033333333333333326,""coverage_positive"":0.6444444444444445,""coverage_negative"":0.6111111111111112,""support_documents"":51,""support_dates"":51,""status"":""qualified""},{""rule_id"":""LC-BEAR-03"",""target_label"":""bearish"",""conditions"":[""authoritative_source""],""score"":0.016666666666666607,""coverage_positive"":0.8222222222222222,""coverage_negative"":0.8055555555555556,""support_documents"":65,""support_dates"":63,""status"":""qualified""}]","[{""name"":""supply_disruption"",""deterministic_value"":false,""ai_value"":false,""status"":""agreed_false"",""confidence"":0.8,""evidence_text"":""""},{""name"":""supply_expansion"",""deterministic_value"":false,""ai_value"":false,""status"":""agreed_false"",""confidence"":0.8,""evidence_text"":""""},{""name"":""production_resumption"",""deterministic_value"":false,""ai_value"":false,""status"":""agreed_false"",""confidence"":0.8,""evidence_text"":""""},{""name"":""demand_ev_positive"",""deterministic_value"":false,""ai_value"":false,""status"":""agreed_false"",""confidence"":0.8,""evidence_text"":""""},{""name"":""demand_storage_positive"",""deterministic_value"":false,""ai_value"":false,""status"":""agreed_false"",""confidence"":0.8,""evidence_text"":""""},{""name"":""demand_weak_or_price_war"",""deterministic_value"":false,""ai_value"":false,""status"":""agreed_false"",""confidence"":0.8,""evidence_text"":""""},{""name"":""inventory_drawdown"",""deterministic_value"":false,""ai_value"":false,""status"":""agreed_false"",""confidence"":0.8,""evidence_text"":""""},{""name"":""inventory_build"",""deterministic_value"":false,""ai_value"":false,""status"":""agreed_false"",""confidence"":0.8,""evidence_text"":""""},{""name"":""warehouse_receipt_decline"",""deterministic_value"":false,""ai_value"":false,""status"":""agreed_false"",""confidence"":0.8,""evidence_text"":""""},{""name"":""warehouse_receipt_increase"",""deterministic_value"":true,""ai_value"":true,""status"":""agreed_true"",""confidence"":0.8,""evidence_text"":""仓单增加1590手""},{""name"":""policy_demand_support"",""deterministic_value"":false,""ai_value"":false,""status"":""agreed_false"",""confidence"":0.8,""evidence_text"":""""},{""name"":""import_supply_pressure"",""deterministic_value"":false,""ai_value"":false,""status"":""agreed_false"",""confidence"":0.8,""evidence_text"":""""},{""name"":""cost_support"",""deterministic_value"":false,""ai_value"":false,""status"":""agreed_false"",""confidence"":0.8,""evidence_text"":""""},{""name"":""delivery_pressure"",""deterministic_value"":false,""ai_value"":false,""status"":""agreed_false"",""confidence"":0.8,""evidence_text"":""""},{""name"":""authoritative_source"",""deterministic_value"":true,""ai_value"":true,""status"":""agreed_true"",""confidence"":0.8,""evidence_text"":""广期所""},{""name"":""quantitative_evidence"",""deterministic_value"":false,""ai_value"":true,""status"":""disputed"",""confidence"":0.8,""evidence_text"":""49310手""},{""name"":""uncertainty_high"",""deterministic_value"":false,""ai_value"":true,""status"":""disputed"",""confidence"":0.8,""evidence_text"":""增加1590手""}]",仓单增加1590手,rift_rule_enhanced_llm,Qwen/Qwen2.5-0.5B-Instruct,local-b120ab53b60fca60
GFEX-WR-20260515,2026-05-15,bearish,-0.6,0.0,0.8,5,"[{""rule_id"":""LC-BEAR-01"",""target_label"":""bearish"",""conditions"":[""warehouse_receipt_increase""],""score"":0.033333333333333326,""coverage_positive"":0.6444444444444445,""coverage_negative"":0.6111111111111112,""support_documents"":51,""support_dates"":51,""status"":""qualified""},{""rule_id"":""LC-BEAR-02"",""target_label"":""bearish"",""conditions"":[""warehouse_receipt_increase"",""authoritative_source""],""score"":0.033333333333333326,""coverage_positive"":0.6444444444444445,""coverage_negative"":0.6111111111111112,""support_documents"":51,""support_dates"":51,""status"":""qualified""},{""rule_id"":""LC-BEAR-03"",""target_label"":""bearish"",""conditions"":[""authoritative_source""],""score"":0.016666666666666607,""coverage_positive"":0.8222222222222222,""coverage_negative"":0.8055555555555556,""support_documents"":65,""support_dates"":63,""status"":""qualified""}]","[{""name"":""supply_disruption"",""deterministic_value"":false,""ai_value"":false,""status"":""agreed_false"",""confidence"":0.8,""evidence_text"":""""},{""name"":""supply_expansion"",""deterministic_value"":false,""ai_value"":false,""status"":""agreed_false"",""confidence"":0.8,""evidence_text"":""""},{""name"":""production_resumption"",""deterministic_value"":false,""ai_value"":false,""status"":""agreed_false"",""confidence"":0.8,""evidence_text"":""""},{""name"":""demand_ev_positive"",""deterministic_value"":false,""ai_value"":false,""status"":""agreed_false"",""confidence"":0.8,""evidence_text"":""""},{""name"":""demand_storage_positive"",""deterministic_value"":false,""ai_value"":false,""status"":""agreed_false"",""confidence"":0.8,""evidence_text"":""""},{""name"":""demand_weak_or_price_war"",""deterministic_value"":false,""ai_value"":false,""status"":""agreed_false"",""confidence"":0.8,""evidence_text"":""""},{""name"":""inventory_drawdown"",""deterministic_value"":false,""ai_value"":false,""status"":""agreed_false"",""confidence"":0.8,""evidence_text"":""""},{""name"":""inventory_build"",""deterministic_value"":false,""ai_value"":false,""status"":""agreed_false"",""confidence"":0.8,""evidence_text"":""""},{""name"":""warehouse_receipt_decline"",""deterministic_value"":false,""ai_value"":false,""status"":""agreed_false"",""confidence"":0.8,""evidence_text"":""""},{""name"":""warehouse_receipt_increase"",""deterministic_value"":true,""ai_value"":true,""status"":""agreed_true"",""confidence"":0.8,""evidence_text"":""仓单增加1329手""},{""name"":""policy_demand_support"",""deterministic_value"":false,""ai_value"":false,""status"":""agreed_false"",""confidence"":0.8,""evidence_text"":""""},{""name"":""import_supply_pressure"",""deterministic_value"":false,""ai_value"":false,""status"":""agreed_false"",""confidence"":0.8,""evidence_text"":""""},{""name"":""cost_support"",""deterministic_value"":false,""ai_value"":false,""status"":""agreed_false"",""confidence"":0.8,""evidence_text"":""""},{""name"":""delivery_pressure"",""deterministic_value"":false,""ai_value"":false,""status"":""agreed_false"",""confidence"":0.8,""evidence_text"":""""},{""name"":""authoritative_source"",""deterministic_value"":true,""ai_value"":true,""status"":""agreed_true"",""confidence"":0.8,""evidence_text"":""广期所""},{""name"":""quantitative_evidence"",""deterministic_value"":false,""ai_value"":true,""status"":""disputed"",""confidence"":0.8,""evidence_text"":""50639手""},{""name"":""uncertainty_high"",""deterministic_value"":false,""ai_value"":true,""status"":""disputed"",""confidence"":0.8,""evidence_text"":""增加1329手""}]",仓单增加1329手,rift_rule_enhanced_llm,Qwen/Qwen2.5-0.5B-Instruct,local-cd8b57273f7eae52
GFEX-WR-20260518,2026-05-18,bearish,-0.6,0.0,0.9,5,"[{""rule_id"":""LC-BEAR-01"",""target_label"":""bearish"",""conditions"":[""warehouse_receipt_increase""],""score"":0.033333333333333326,""coverage_positive"":0.6444444444444445,""coverage_negative"":0.6111111111111112,""support_documents"":51,""support_dates"":51,""status"":""qualified""},{""rule_id"":""LC-BEAR-02"",""target_label"":""bearish"",""conditions"":[""warehouse_receipt_increase"",""authoritative_source""],""score"":0.033333333333333326,""coverage_positive"":0.6444444444444445,""coverage_negative"":0.6111111111111112,""support_documents"":51,""support_dates"":51,""status"":""qualified""},{""rule_id"":""LC-BEAR-03"",""target_label"":""bearish"",""conditions"":[""authoritative_source""],""score"":0.016666666666666607,""coverage_positive"":0.8222222222222222,""coverage_negative"":0.8055555555555556,""support_documents"":65,""support_dates"":63,""status"":""qualified""}]","[{""name"":""supply_disruption"",""deterministic_value"":false,""ai_value"":false,""status"":""agreed_false"",""confidence"":0.9,""evidence_text"":""""},{""name"":""supply_expansion"",""deterministic_value"":false,""ai_value"":false,""status"":""agreed_false"",""confidence"":0.9,""evidence_text"":""""},{""name"":""production_resumption"",""deterministic_value"":false,""ai_value"":false,""status"":""agreed_false"",""confidence"":0.9,""evidence_text"":""""},{""name"":""demand_ev_positive"",""deterministic_value"":false,""ai_value"":false,""status"":""agreed_false"",""confidence"":0.9,""evidence_text"":""""},{""name"":""demand_storage_positive"",""deterministic_value"":false,""ai_value"":false,""status"":""agreed_false"",""confidence"":0.9,""evidence_text"":""""},{""name"":""demand_weak_or_price_war"",""deterministic_value"":false,""ai_value"":false,""status"":""agreed_false"",""confidence"":0.9,""evidence_text"":""""},{""name"":""inventory_drawdown"",""deterministic_value"":false,""ai_value"":false,""status"":""agreed_false"",""confidence"":0.9,""evidence_text"":""""},{""name"":""inventory_build"",""deterministic_value"":false,""ai_value"":false,""status"":""agreed_false"",""confidence"":0.9,""evidence_text"":""""},{""name"":""warehouse_receipt_decline"",""deterministic_value"":false,""ai_value"":false,""status"":""agreed_false"",""confidence"":0.9,""evidence_text"":""""},{""name"":""warehouse_receipt_increase"",""deterministic_value"":true,""ai_value"":true,""status"":""agreed_true"",""confidence"":0.9,""evidence_text"":""仓单增加1165手""},{""name"":""policy_demand_support"",""deterministic_value"":false,""ai_value"":false,""status"":""agreed_false"",""confidence"":0.9,""evidence_text"":""""},{""name"":""import_supply_pressure"",""deterministic_value"":false,""ai_value"":false,""status"":""agreed_false"",""confidence"":0.9,""evidence_text"":""""},{""name"":""cost_support"",""deterministic_value"":false,""ai_value"":false,""status"":""agreed_false"",""confidence"":0.9,""evidence_text"":""""},{""name"":""delivery_pressure"",""deterministic_value"":false,""ai_value"":false,""status"":""agreed_false"",""confidence"":0.9,""evidence_text"":""""},{""name"":""authoritative_source"",""deterministic_value"":true,""ai_value"":true,""status"":""agreed_true"",""confidence"":0.9,""evidence_text"":""广期所""},{""name"":""quantitative_evidence"",""deterministic_value"":false,""ai_value"":true,""status"":""disputed"",""confidence"":0.9,""evidence_text"":""51804手""},{""name"":""uncertainty_high"",""deterministic_value"":false,""ai_value"":true,""status"":""disputed"",""confidence"":0.9,""evidence_text"":""增加1165手""}]",仓单增加1165手,rift_rule_enhanced_llm,Qwen/Qwen2.5-0.5B-Instruct,local-421bab724f7f89c9
GFEX-WR-20260525,2026-05-25,bullish,0.6,0.0,1.0,5,"[{""rule_id"":""LC-BULL-01"",""target_label"":""bullish"",""conditions"":[""warehouse_receipt_decline""],""score"":0.16666666666666669,""coverage_positive"":0.2777777777777778,""coverage_negative"":0.1111111111111111,""support_documents"":12,""support_dates"":12,""status"":""qualified""},{""rule_id"":""LC-BULL-02"",""target_label"":""bullish"",""conditions"":[""warehouse_receipt_decline"",""authoritative_source""],""score"":0.16666666666666669,""coverage_positive"":0.2777777777777778,""coverage_negative"":0.1111111111111111,""support_documents"":12,""support_dates"":12,""status"":""qualified""},{""rule_id"":""LC-BEAR-03"",""target_label"":""bearish"",""conditions"":[""authoritative_source""],""score"":0.016666666666666607,""coverage_positive"":0.8222222222222222,""coverage_negative"":0.8055555555555556,""support_documents"":65,""support_dates"":63,""status"":""qualified""}]","[{""name"":""supply_disruption"",""deterministic_value"":false,""ai_value"":false,""status"":""agreed_false"",""confidence"":1.0,""evidence_text"":""""},{""name"":""supply_expansion"",""deterministic_value"":false,""ai_value"":false,""status"":""agreed_false"",""confidence"":1.0,""evidence_text"":""""},{""name"":""production_resumption"",""deterministic_value"":false,""ai_value"":false,""status"":""agreed_false"",""confidence"":1.0,""evidence_text"":""""},{""name"":""demand_ev_positive"",""deterministic_value"":false,""ai_value"":false,""status"":""agreed_false"",""confidence"":1.0,""evidence_text"":""""},{""name"":""demand_storage_positive"",""deterministic_value"":false,""ai_value"":false,""status"":""agreed_false"",""confidence"":1.0,""evidence_text"":""""},{""name"":""demand_weak_or_price_war"",""deterministic_value"":false,""ai_value"":false,""status"":""agreed_false"",""confidence"":1.0,""evidence_text"":""""},{""name"":""inventory_drawdown"",""deterministic_value"":false,""ai_value"":false,""status"":""agreed_false"",""confidence"":1.0,""evidence_text"":""""},{""name"":""inventory_build"",""deterministic_value"":false,""ai_value"":false,""status"":""agreed_false"",""confidence"":1.0,""evidence_text"":""""},{""name"":""warehouse_receipt_decline"",""deterministic_value"":true,""ai_value"":true,""status"":""agreed_true"",""confidence"":1.0,""evidence_text"":""仓单减少904手""},{""name"":""warehouse_receipt_increase"",""deterministic_value"":false,""ai_value"":false,""status"":""agreed_false"",""confidence"":1.0,""evidence_text"":""""},{""name"":""policy_demand_support"",""deterministic_value"":false,""ai_value"":false,""status"":""agreed_false"",""confidence"":1.0,""evidence_text"":""""},{""name"":""import_supply_pressure"",""deterministic_value"":false,""ai_value"":false,""status"":""agreed_false"",""confidence"":1.0,""evidence_text"":""""},{""name"":""cost_support"",""deterministic_value"":false,""ai_value"":false,""status"":""agreed_false"",""confidence"":1.0,""evidence_text"":""""},{""name"":""delivery_pressure"",""deterministic_value"":false,""ai_value"":false,""status"":""agreed_false"",""confidence"":1.0,""evidence_text"":""""},{""name"":""authoritative_source"",""deterministic_value"":true,""ai_value"":true,""status"":""agreed_true"",""confidence"":1.0,""evidence_text"":""广州期货交易所""},{""name"":""quantitative_evidence"",""deterministic_value"":false,""ai_value"":true,""status"":""disputed"",""confidence"":1.0,""evidence_text"":""52143手""},{""name"":""uncertainty_high"",""deterministic_value"":false,""ai_value"":true,""status"":""disputed"",""confidence"":1.0,""evidence_text"":""减少904手""}]",仓单减少904手,rift_rule_enhanced_llm,Qwen/Qwen2.5-0.5B-Instruct,local-f5f3348edd9b0f01
GFEX-WR-20260526,2026-05-26,bearish,-0.6,0.0,0.9,5,"[{""rule_id"":""LC-BEAR-01"",""target_label"":""bearish"",""conditions"":[""warehouse_receipt_increase""],""score"":0.033333333333333326,""coverage_positive"":0.6444444444444445,""coverage_negative"":0.6111111111111112,""support_documents"":51,""support_dates"":51,""status"":""qualified""},{""rule_id"":""LC-BEAR-02"",""target_label"":""bearish"",""conditions"":[""warehouse_receipt_increase"",""authoritative_source""],""score"":0.033333333333333326,""coverage_positive"":0.6444444444444445,""coverage_negative"":0.6111111111111112,""support_documents"":51,""support_dates"":51,""status"":""qualified""},{""rule_id"":""LC-BEAR-03"",""target_label"":""bearish"",""conditions"":[""authoritative_source""],""score"":0.016666666666666607,""coverage_positive"":0.8222222222222222,""coverage_negative"":0.8055555555555556,""support_documents"":65,""support_dates"":63,""status"":""qualified""}]","[{""name"":""supply_disruption"",""deterministic_value"":false,""ai_value"":false,""status"":""agreed_false"",""confidence"":0.9,""evidence_text"":""""},{""name"":""supply_expansion"",""deterministic_value"":false,""ai_value"":false,""status"":""agreed_false"",""confidence"":0.9,""evidence_text"":""""},{""name"":""production_resumption"",""deterministic_value"":false,""ai_value"":false,""status"":""agreed_false"",""confidence"":0.9,""evidence_text"":""""},{""name"":""demand_ev_positive"",""deterministic_value"":false,""ai_value"":false,""status"":""agreed_false"",""confidence"":0.9,""evidence_text"":""""},{""name"":""demand_storage_positive"",""deterministic_value"":false,""ai_value"":false,""status"":""agreed_false"",""confidence"":0.9,""evidence_text"":""""},{""name"":""demand_weak_or_price_war"",""deterministic_value"":false,""ai_value"":false,""status"":""agreed_false"",""confidence"":0.9,""evidence_text"":""""},{""name"":""inventory_drawdown"",""deterministic_value"":false,""ai_value"":false,""status"":""agreed_false"",""confidence"":0.9,""evidence_text"":""""},{""name"":""inventory_build"",""deterministic_value"":false,""ai_value"":false,""status"":""agreed_false"",""confidence"":0.9,""evidence_text"":""""},{""name"":""warehouse_receipt_decline"",""deterministic_value"":false,""ai_value"":false,""status"":""agreed_false"",""confidence"":0.9,""evidence_text"":""""},{""name"":""warehouse_receipt_increase"",""deterministic_value"":true,""ai_value"":true,""status"":""agreed_true"",""confidence"":0.9,""evidence_text"":""仓单增加1620手""},{""name"":""policy_demand_support"",""deterministic_value"":false,""ai_value"":false,""status"":""agreed_false"",""confidence"":0.9,""evidence_text"":""""},{""name"":""import_supply_pressure"",""deterministic_value"":false,""ai_value"":false,""status"":""agreed_false"",""confidence"":0.9,""evidence_text"":""""},{""name"":""cost_support"",""deterministic_value"":false,""ai_value"":false,""status"":""agreed_false"",""confidence"":0.9,""evidence_text"":""""},{""name"":""delivery_pressure"",""deterministic_value"":false,""ai_value"":false,""status"":""agreed_false"",""confidence"":0.9,""evidence_text"":""""},{""name"":""authoritative_source"",""deterministic_value"":true,""ai_value"":true,""status"":""agreed_true"",""confidence"":0.9,""evidence_text"":""广期所""},{""name"":""quantitative_evidence"",""deterministic_value"":false,""ai_value"":true,""status"":""disputed"",""confidence"":0.9,""evidence_text"":""53763手""},{""name"":""uncertainty_high"",""deterministic_value"":false,""ai_value"":true,""status"":""disputed"",""confidence"":0.9,""evidence_text"":""增加1620手""}]",仓单增加1620手,rift_rule_enhanced_llm,Qwen/Qwen2.5-0.5B-Instruct,local-634f5e06b2a815e3
GFEX-WR-20260601,2026-06-01,bearish,-0.6,0.0,0.9,5,"[{""rule_id"":""LC-BEAR-01"",""target_label"":""bearish"",""conditions"":[""warehouse_receipt_increase""],""score"":0.033333333333333326,""coverage_positive"":0.6444444444444445,""coverage_negative"":0.6111111111111112,""support_documents"":51,""support_dates"":51,""status"":""qualified""},{""rule_id"":""LC-BEAR-02"",""target_label"":""bearish"",""conditions"":[""warehouse_receipt_increase"",""authoritative_source""],""score"":0.033333333333333326,""coverage_positive"":0.6444444444444445,""coverage_negative"":0.6111111111111112,""support_documents"":51,""support_dates"":51,""status"":""qualified""},{""rule_id"":""LC-BEAR-03"",""target_label"":""bearish"",""conditions"":[""authoritative_source""],""score"":0.016666666666666607,""coverage_positive"":0.8222222222222222,""coverage_negative"":0.8055555555555556,""support_documents"":65,""support_dates"":63,""status"":""qualified""}]","[{""name"":""supply_disruption"",""deterministic_value"":false,""ai_value"":false,""status"":""agreed_false"",""confidence"":0.9,""evidence_text"":""""},{""name"":""supply_expansion"",""deterministic_value"":false,""ai_value"":false,""status"":""agreed_false"",""confidence"":0.9,""evidence_text"":""""},{""name"":""production_resumption"",""deterministic_value"":false,""ai_value"":false,""status"":""agreed_false"",""confidence"":0.9,""evidence_text"":""""},{""name"":""demand_ev_positive"",""deterministic_value"":false,""ai_value"":false,""status"":""agreed_false"",""confidence"":0.9,""evidence_text"":""""},{""name"":""demand_storage_positive"",""deterministic_value"":false,""ai_value"":false,""status"":""agreed_false"",""confidence"":0.9,""evidence_text"":""""},{""name"":""demand_weak_or_price_war"",""deterministic_value"":false,""ai_value"":false,""status"":""agreed_false"",""confidence"":0.9,""evidence_text"":""""},{""name"":""inventory_drawdown"",""deterministic_value"":false,""ai_value"":false,""status"":""agreed_false"",""confidence"":0.9,""evidence_text"":""""},{""name"":""inventory_build"",""deterministic_value"":false,""ai_value"":false,""status"":""agreed_false"",""confidence"":0.9,""evidence_text"":""""},{""name"":""warehouse_receipt_decline"",""deterministic_value"":false,""ai_value"":false,""status"":""agreed_false"",""confidence"":0.9,""evidence_text"":""""},{""name"":""warehouse_receipt_increase"",""deterministic_value"":true,""ai_value"":true,""status"":""agreed_true"",""confidence"":0.9,""evidence_text"":""仓单增加1020手""},{""name"":""policy_demand_support"",""deterministic_value"":false,""ai_value"":false,""status"":""agreed_false"",""confidence"":0.9,""evidence_text"":""""},{""name"":""import_supply_pressure"",""deterministic_value"":false,""ai_value"":false,""status"":""agreed_false"",""confidence"":0.9,""evidence_text"":""""},{""name"":""cost_support"",""deterministic_value"":false,""ai_value"":false,""status"":""agreed_false"",""confidence"":0.9,""evidence_text"":""""},{""name"":""delivery_pressure"",""deterministic_value"":false,""ai_value"":false,""status"":""agreed_false"",""confidence"":0.9,""evidence_text"":""""},{""name"":""authoritative_source"",""deterministic_value"":true,""ai_value"":true,""status"":""agreed_true"",""confidence"":0.9,""evidence_text"":""广期所""},{""name"":""quantitative_evidence"",""deterministic_value"":false,""ai_value"":true,""status"":""disputed"",""confidence"":0.9,""evidence_text"":""55215手""},{""name"":""uncertainty_high"",""deterministic_value"":false,""ai_value"":true,""status"":""disputed"",""confidence"":0.9,""evidence_text"":""增加1020手""}]",仓单增加1020手,rift_rule_enhanced_llm,Qwen/Qwen2.5-0.5B-Instruct,local-c60b9cc180b9b4b5
GFEX-WR-20260605,2026-06-05,bullish,0.6,0.0,1.0,5,"[{""rule_id"":""LC-BULL-01"",""target_label"":""bullish"",""conditions"":[""warehouse_receipt_decline""],""score"":0.16666666666666669,""coverage_positive"":0.2777777777777778,""coverage_negative"":0.1111111111111111,""support_documents"":12,""support_dates"":12,""status"":""qualified""},{""rule_id"":""LC-BULL-02"",""target_label"":""bullish"",""conditions"":[""warehouse_receipt_decline"",""authoritative_source""],""score"":0.16666666666666669,""coverage_positive"":0.2777777777777778,""coverage_negative"":0.1111111111111111,""support_documents"":12,""support_dates"":12,""status"":""qualified""},{""rule_id"":""LC-BEAR-03"",""target_label"":""bearish"",""conditions"":[""authoritative_source""],""score"":0.016666666666666607,""coverage_positive"":0.8222222222222222,""coverage_negative"":0.8055555555555556,""support_documents"":65,""support_dates"":63,""status"":""qualified""}]","[{""name"":""supply_disruption"",""deterministic_value"":false,""ai_value"":false,""status"":""agreed_false"",""confidence"":1.0,""evidence_text"":""""},{""name"":""supply_expansion"",""deterministic_value"":false,""ai_value"":false,""status"":""agreed_false"",""confidence"":1.0,""evidence_text"":""""},{""name"":""production_resumption"",""deterministic_value"":false,""ai_value"":false,""status"":""agreed_false"",""confidence"":1.0,""evidence_text"":""""},{""name"":""demand_ev_positive"",""deterministic_value"":false,""ai_value"":false,""status"":""agreed_false"",""confidence"":1.0,""evidence_text"":""""},{""name"":""demand_storage_positive"",""deterministic_value"":false,""ai_value"":false,""status"":""agreed_false"",""confidence"":1.0,""evidence_text"":""""},{""name"":""demand_weak_or_price_war"",""deterministic_value"":false,""ai_value"":false,""status"":""agreed_false"",""confidence"":1.0,""evidence_text"":""""},{""name"":""inventory_drawdown"",""deterministic_value"":false,""ai_value"":false,""status"":""agreed_false"",""confidence"":1.0,""evidence_text"":""""},{""name"":""inventory_build"",""deterministic_value"":false,""ai_value"":false,""status"":""agreed_false"",""confidence"":1.0,""evidence_text"":""""},{""name"":""warehouse_receipt_decline"",""deterministic_value"":true,""ai_value"":true,""status"":""agreed_true"",""confidence"":1.0,""evidence_text"":""仓单减少912手""},{""name"":""warehouse_receipt_increase"",""deterministic_value"":false,""ai_value"":false,""status"":""agreed_false"",""confidence"":1.0,""evidence_text"":""""},{""name"":""policy_demand_support"",""deterministic_value"":false,""ai_value"":false,""status"":""agreed_false"",""confidence"":1.0,""evidence_text"":""""},{""name"":""import_supply_pressure"",""deterministic_value"":false,""ai_value"":false,""status"":""agreed_false"",""confidence"":1.0,""evidence_text"":""""},{""name"":""cost_support"",""deterministic_value"":false,""ai_value"":false,""status"":""agreed_false"",""confidence"":1.0,""evidence_text"":""""},{""name"":""delivery_pressure"",""deterministic_value"":false,""ai_value"":false,""status"":""agreed_false"",""confidence"":1.0,""evidence_text"":""""},{""name"":""authoritative_source"",""deterministic_value"":true,""ai_value"":true,""status"":""agreed_true"",""confidence"":1.0,""evidence_text"":""广期所""},{""name"":""quantitative_evidence"",""deterministic_value"":false,""ai_value"":true,""status"":""disputed"",""confidence"":1.0,""evidence_text"":""912手""},{""name"":""uncertainty_high"",""deterministic_value"":false,""ai_value"":false,""status"":""agreed_false"",""confidence"":1.0,""evidence_text"":""""}]",仓单减少912手,rift_rule_enhanced_llm,Qwen/Qwen2.5-0.5B-Instruct,local-1e7169c8757e4ffe
LC-TEXT-0055,2026-06-05,bullish,0.8,0.0,0.8,5,"[{""rule_id"":""LC-BEAR-03"",""target_label"":""bearish"",""conditions"":[""authoritative_source""],""score"":0.016666666666666607,""coverage_positive"":0.8222222222222222,""coverage_negative"":0.8055555555555556,""support_documents"":65,""support_dates"":63,""status"":""qualified""}]","[{""name"":""supply_disruption"",""deterministic_value"":false,""ai_value"":false,""status"":""agreed_false"",""confidence"":0.8,""evidence_text"":""""},{""name"":""supply_expansion"",""deterministic_value"":true,""ai_value"":false,""status"":""disputed"",""confidence"":0.8,""evidence_text"":""投产""},{""name"":""production_resumption"",""deterministic_value"":false,""ai_value"":false,""status"":""agreed_false"",""confidence"":0.8,""evidence_text"":""""},{""name"":""demand_ev_positive"",""deterministic_value"":false,""ai_value"":false,""status"":""agreed_false"",""confidence"":0.8,""evidence_text"":""""},{""name"":""demand_storage_positive"",""deterministic_value"":false,""ai_value"":false,""status"":""agreed_false"",""confidence"":0.8,""evidence_text"":""""},{""name"":""demand_weak_or_price_war"",""deterministic_value"":false,""ai_value"":false,""status"":""agreed_false"",""confidence"":0.8,""evidence_text"":""""},{""name"":""inventory_drawdown"",""deterministic_value"":false,""ai_value"":false,""status"":""agreed_false"",""confidence"":0.8,""evidence_text"":""""},{""name"":""inventory_build"",""deterministic_value"":false,""ai_value"":false,""status"":""agreed_false"",""confidence"":0.8,""evidence_text"":""""},{""name"":""warehouse_receipt_decline"",""deterministic_value"":false,""ai_value"":false,""status"":""agreed_false"",""confidence"":0.8,""evidence_text"":""""},{""name"":""warehouse_receipt_increase"",""deterministic_value"":false,""ai_value"":false,""status"":""agreed_false"",""confidence"":0.8,""evidence_text"":""""},{""name"":""policy_demand_support"",""deterministic_value"":false,""ai_value"":false,""status"":""agreed_false"",""confidence"":0.8,""evidence_text"":""""},{""name"":""import_supply_pressure"",""deterministic_value"":false,""ai_value"":false,""status"":""agreed_false"",""confidence"":0.8,""evidence_text"":""""},{""name"":""cost_support"",""deterministic_value"":false,""ai_value"":false,""status"":""agreed_false"",""confidence"":0.8,""evidence_text"":""""},{""name"":""delivery_pressure"",""deterministic_value"":false,""ai_value"":false,""status"":""agreed_false"",""confidence"":0.8,""evidence_text"":""""},{""name"":""authoritative_source"",""deterministic_value"":true,""ai_value"":true,""status"":""agreed_true"",""confidence"":0.8,""evidence_text"":""国家能源局""},{""name"":""quantitative_evidence"",""deterministic_value"":false,""ai_value"":false,""status"":""agreed_false"",""confidence"":0.8,""evidence_text"":""""},{""name"":""uncertainty_high"",""deterministic_value"":false,""ai_value"":false,""status"":""agreed_false"",""confidence"":0.8,""evidence_text"":""""}]",无,rift_rule_enhanced_llm,Qwen/Qwen2.5-0.5B-Instruct,local-6eedec21f3919f68
LC-TEXT-0057,2026-06-09,neutral,0.0,0.0,0.4,5,[],"[{""name"":""supply_disruption"",""deterministic_value"":false,""ai_value"":false,""status"":""agreed_false"",""confidence"":0.5,""evidence_text"":""""},{""name"":""supply_expansion"",""deterministic_value"":false,""ai_value"":false,""status"":""agreed_false"",""confidence"":0.5,""evidence_text"":""""},{""name"":""production_resumption"",""deterministic_value"":false,""ai_value"":false,""status"":""agreed_false"",""confidence"":0.5,""evidence_text"":""""},{""name"":""demand_ev_positive"",""deterministic_value"":false,""ai_value"":false,""status"":""agreed_false"",""confidence"":0.5,""evidence_text"":""""},{""name"":""demand_storage_positive"",""deterministic_value"":false,""ai_value"":false,""status"":""agreed_false"",""confidence"":0.5,""evidence_text"":""""},{""name"":""demand_weak_or_price_war"",""deterministic_value"":false,""ai_value"":false,""status"":""agreed_false"",""confidence"":0.5,""evidence_text"":""""},{""name"":""inventory_drawdown"",""deterministic_value"":false,""ai_value"":false,""status"":""agreed_false"",""confidence"":0.5,""evidence_text"":""""},{""name"":""inventory_build"",""deterministic_value"":false,""ai_value"":true,""status"":""disputed"",""confidence"":0.4,""evidence_text"":""欣旺达动力股权融资""},{""name"":""warehouse_receipt_decline"",""deterministic_value"":false,""ai_value"":false,""status"":""agreed_false"",""confidence"":0.5,""evidence_text"":""""},{""name"":""warehouse_receipt_increase"",""deterministic_value"":false,""ai_value"":false,""status"":""agreed_false"",""confidence"":0.5,""evidence_text"":""""},{""name"":""policy_demand_support"",""deterministic_value"":false,""ai_value"":false,""status"":""agreed_false"",""confidence"":0.5,""evidence_text"":""""},{""name"":""import_supply_pressure"",""deterministic_value"":false,""ai_value"":false,""status"":""agreed_false"",""confidence"":0.5,""evidence_text"":""""},{""name"":""cost_support"",""deterministic_value"":false,""ai_value"":false,""status"":""agreed_false"",""confidence"":0.5,""evidence_text"":""""},{""name"":""delivery_pressure"",""deterministic_value"":false,""ai_value"":false,""status"":""agreed_false"",""confidence"":0.5,""evidence_text"":""""},{""name"":""authoritative_source"",""deterministic_value"":false,""ai_value"":false,""status"":""agreed_false"",""confidence"":0.5,""evidence_text"":""""},{""name"":""quantitative_evidence"",""deterministic_value"":false,""ai_value"":false,""status"":""agreed_false"",""confidence"":0.5,""evidence_text"":""""},{""name"":""uncertainty_high"",""deterministic_value"":false,""ai_value"":false,""status"":""agreed_false"",""confidence"":0.5,""evidence_text"":""""}]",欣旺达动力股权融资,rulebook_inactive,Qwen/Qwen2.5-0.5B-Instruct,local-fd11b22ae3fa782b
LC-TEXT-0058,2026-06-09,neutral,0.0,0.0,0.8,5,[],"[{""name"":""supply_disruption"",""deterministic_value"":false,""ai_value"":false,""status"":""agreed_false"",""confidence"":0.8,""evidence_text"":""""},{""name"":""supply_expansion"",""deterministic_value"":false,""ai_value"":false,""status"":""agreed_false"",""confidence"":0.8,""evidence_text"":""""},{""name"":""production_resumption"",""deterministic_value"":false,""ai_value"":false,""status"":""agreed_false"",""confidence"":0.8,""evidence_text"":""""},{""name"":""demand_ev_positive"",""deterministic_value"":false,""ai_value"":false,""status"":""agreed_false"",""confidence"":0.8,""evidence_text"":""""},{""name"":""demand_storage_positive"",""deterministic_value"":false,""ai_value"":false,""status"":""agreed_false"",""confidence"":0.8,""evidence_text"":""""},{""name"":""demand_weak_or_price_war"",""deterministic_value"":false,""ai_value"":false,""status"":""agreed_false"",""confidence"":0.8,""evidence_text"":""""},{""name"":""inventory_drawdown"",""deterministic_value"":false,""ai_value"":false,""status"":""agreed_false"",""confidence"":0.8,""evidence_text"":""""},{""name"":""inventory_build"",""deterministic_value"":false,""ai_value"":false,""status"":""agreed_false"",""confidence"":0.8,""evidence_text"":""""},{""name"":""warehouse_receipt_decline"",""deterministic_value"":false,""ai_value"":false,""status"":""agreed_false"",""confidence"":0.8,""evidence_text"":""""},{""name"":""warehouse_receipt_increase"",""deterministic_value"":false,""ai_value"":false,""status"":""agreed_false"",""confidence"":0.8,""evidence_text"":""""},{""name"":""policy_demand_support"",""deterministic_value"":false,""ai_value"":false,""status"":""agreed_false"",""confidence"":0.8,""evidence_text"":""""},{""name"":""import_supply_pressure"",""deterministic_value"":false,""ai_value"":false,""status"":""agreed_false"",""confidence"":0.8,""evidence_text"":""""},{""name"":""cost_support"",""deterministic_value"":false,""ai_value"":false,""status"":""agreed_false"",""confidence"":0.8,""evidence_text"":""""},{""name"":""delivery_pressure"",""deterministic_value"":false,""ai_value"":false,""status"":""agreed_false"",""confidence"":0.8,""evidence_text"":""""},{""name"":""authoritative_source"",""deterministic_value"":true,""ai_value"":false,""status"":""disputed"",""confidence"":0.8,""evidence_text"":""公告""},{""name"":""quantitative_evidence"",""deterministic_value"":true,""ai_value"":false,""status"":""disputed"",""confidence"":0.8,""evidence_text"":""100%""},{""name"":""uncertainty_high"",""deterministic_value"":false,""ai_value"":false,""status"":""agreed_false"",""confidence"":0.8,""evidence_text"":""""}]",关于全资项目子公司股权转让涉及2022年度向特定对象发行股票募投项目的进展公告,rulebook_inactive,Qwen/Qwen2.5-0.5B-Instruct,local-6eb29b22dd6b3986
GFEX-WR-20260611,2026-06-11,bullish,0.6,0.0,1.0,5,"[{""rule_id"":""LC-BULL-01"",""target_label"":""bullish"",""conditions"":[""warehouse_receipt_decline""],""score"":0.16666666666666669,""coverage_positive"":0.2777777777777778,""coverage_negative"":0.1111111111111111,""support_documents"":12,""support_dates"":12,""status"":""qualified""},{""rule_id"":""LC-BULL-02"",""target_label"":""bullish"",""conditions"":[""warehouse_receipt_decline"",""authoritative_source""],""score"":0.16666666666666669,""coverage_positive"":0.2777777777777778,""coverage_negative"":0.1111111111111111,""support_documents"":12,""support_dates"":12,""status"":""qualified""},{""rule_id"":""LC-BEAR-03"",""target_label"":""bearish"",""conditions"":[""authoritative_source""],""score"":0.016666666666666607,""coverage_positive"":0.8222222222222222,""coverage_negative"":0.8055555555555556,""support_documents"":65,""support_dates"":63,""status"":""qualified""}]","[{""name"":""supply_disruption"",""deterministic_value"":false,""ai_value"":false,""status"":""agreed_false"",""confidence"":1.0,""evidence_text"":""""},{""name"":""supply_expansion"",""deterministic_value"":false,""ai_value"":false,""status"":""agreed_false"",""confidence"":1.0,""evidence_text"":""""},{""name"":""production_resumption"",""deterministic_value"":false,""ai_value"":false,""status"":""agreed_false"",""confidence"":1.0,""evidence_text"":""""},{""name"":""demand_ev_positive"",""deterministic_value"":false,""ai_value"":false,""status"":""agreed_false"",""confidence"":1.0,""evidence_text"":""""},{""name"":""demand_storage_positive"",""deterministic_value"":false,""ai_value"":false,""status"":""agreed_false"",""confidence"":1.0,""evidence_text"":""""},{""name"":""demand_weak_or_price_war"",""deterministic_value"":false,""ai_value"":false,""status"":""agreed_false"",""confidence"":1.0,""evidence_text"":""""},{""name"":""inventory_drawdown"",""deterministic_value"":false,""ai_value"":false,""status"":""agreed_false"",""confidence"":1.0,""evidence_text"":""""},{""name"":""inventory_build"",""deterministic_value"":false,""ai_value"":false,""status"":""agreed_false"",""confidence"":1.0,""evidence_text"":""""},{""name"":""warehouse_receipt_decline"",""deterministic_value"":true,""ai_value"":true,""status"":""agreed_true"",""confidence"":1.0,""evidence_text"":""仓单减少898手""},{""name"":""warehouse_receipt_increase"",""deterministic_value"":false,""ai_value"":false,""status"":""agreed_false"",""confidence"":1.0,""evidence_text"":""""},{""name"":""policy_demand_support"",""deterministic_value"":false,""ai_value"":false,""status"":""agreed_false"",""confidence"":1.0,""evidence_text"":""""},{""name"":""import_supply_pressure"",""deterministic_value"":false,""ai_value"":false,""status"":""agreed_false"",""confidence"":1.0,""evidence_text"":""""},{""name"":""cost_support"",""deterministic_value"":false,""ai_value"":false,""status"":""agreed_false"",""confidence"":1.0,""evidence_text"":""""},{""name"":""delivery_pressure"",""deterministic_value"":false,""ai_value"":false,""status"":""agreed_false"",""confidence"":1.0,""evidence_text"":""""},{""name"":""authoritative_source"",""deterministic_value"":true,""ai_value"":true,""status"":""agreed_true"",""confidence"":1.0,""evidence_text"":""广期所""},{""name"":""quantitative_evidence"",""deterministic_value"":false,""ai_value"":true,""status"":""disputed"",""confidence"":1.0,""evidence_text"":""898手""},{""name"":""uncertainty_high"",""deterministic_value"":false,""ai_value"":false,""status"":""agreed_false"",""confidence"":1.0,""evidence_text"":""""}]",仓单减少898手,rift_rule_enhanced_llm,Qwen/Qwen2.5-0.5B-Instruct,local-3218e17df98871c5
GFEX-WR-20260612,2026-06-12,bullish,0.6,0.0,1.0,5,"[{""rule_id"":""LC-BULL-01"",""target_label"":""bullish"",""conditions"":[""warehouse_receipt_decline""],""score"":0.16666666666666669,""coverage_positive"":0.2777777777777778,""coverage_negative"":0.1111111111111111,""support_documents"":12,""support_dates"":12,""status"":""qualified""},{""rule_id"":""LC-BULL-02"",""target_label"":""bullish"",""conditions"":[""warehouse_receipt_decline"",""authoritative_source""],""score"":0.16666666666666669,""coverage_positive"":0.2777777777777778,""coverage_negative"":0.1111111111111111,""support_documents"":12,""support_dates"":12,""status"":""qualified""},{""rule_id"":""LC-BEAR-03"",""target_label"":""bearish"",""conditions"":[""authoritative_source""],""score"":0.016666666666666607,""coverage_positive"":0.8222222222222222,""coverage_negative"":0.8055555555555556,""support_documents"":65,""support_dates"":63,""status"":""qualified""}]","[{""name"":""supply_disruption"",""deterministic_value"":false,""ai_value"":false,""status"":""agreed_false"",""confidence"":1.0,""evidence_text"":""""},{""name"":""supply_expansion"",""deterministic_value"":false,""ai_value"":false,""status"":""agreed_false"",""confidence"":1.0,""evidence_text"":""""},{""name"":""production_resumption"",""deterministic_value"":false,""ai_value"":false,""status"":""agreed_false"",""confidence"":1.0,""evidence_text"":""""},{""name"":""demand_ev_positive"",""deterministic_value"":false,""ai_value"":false,""status"":""agreed_false"",""confidence"":1.0,""evidence_text"":""""},{""name"":""demand_storage_positive"",""deterministic_value"":false,""ai_value"":false,""status"":""agreed_false"",""confidence"":1.0,""evidence_text"":""""},{""name"":""demand_weak_or_price_war"",""deterministic_value"":false,""ai_value"":false,""status"":""agreed_false"",""confidence"":1.0,""evidence_text"":""""},{""name"":""inventory_drawdown"",""deterministic_value"":false,""ai_value"":false,""status"":""agreed_false"",""confidence"":1.0,""evidence_text"":""""},{""name"":""inventory_build"",""deterministic_value"":false,""ai_value"":false,""status"":""agreed_false"",""confidence"":1.0,""evidence_text"":""""},{""name"":""warehouse_receipt_decline"",""deterministic_value"":true,""ai_value"":true,""status"":""agreed_true"",""confidence"":1.0,""evidence_text"":""仓单减少896手""},{""name"":""warehouse_receipt_increase"",""deterministic_value"":false,""ai_value"":false,""status"":""agreed_false"",""confidence"":1.0,""evidence_text"":""""},{""name"":""policy_demand_support"",""deterministic_value"":false,""ai_value"":false,""status"":""agreed_false"",""confidence"":1.0,""evidence_text"":""""},{""name"":""import_supply_pressure"",""deterministic_value"":false,""ai_value"":false,""status"":""agreed_false"",""confidence"":1.0,""evidence_text"":""""},{""name"":""cost_support"",""deterministic_value"":false,""ai_value"":false,""status"":""agreed_false"",""confidence"":1.0,""evidence_text"":""""},{""name"":""delivery_pressure"",""deterministic_value"":false,""ai_value"":false,""status"":""agreed_false"",""confidence"":1.0,""evidence_text"":""""},{""name"":""authoritative_source"",""deterministic_value"":true,""ai_value"":true,""status"":""agreed_true"",""confidence"":1.0,""evidence_text"":""广州期货交易所""},{""name"":""quantitative_evidence"",""deterministic_value"":false,""ai_value"":true,""status"":""disputed"",""confidence"":1.0,""evidence_text"":""53787手""},{""name"":""uncertainty_high"",""deterministic_value"":false,""ai_value"":false,""status"":""agreed_false"",""confidence"":1.0,""evidence_text"":""""}]",仓单减少896手,rift_rule_enhanced_llm,Qwen/Qwen2.5-0.5B-Instruct,local-bde5015ec1b986c7
LC-TEXT-0059,2026-06-15,neutral,0.0,0.0,0.8,5,[],"[{""name"":""supply_disruption"",""deterministic_value"":false,""ai_value"":false,""status"":""agreed_false"",""confidence"":0.8,""evidence_text"":""""},{""name"":""supply_expansion"",""deterministic_value"":false,""ai_value"":false,""status"":""agreed_false"",""confidence"":0.8,""evidence_text"":""""},{""name"":""production_resumption"",""deterministic_value"":false,""ai_value"":false,""status"":""agreed_false"",""confidence"":0.8,""evidence_text"":""""},{""name"":""demand_ev_positive"",""deterministic_value"":false,""ai_value"":false,""status"":""agreed_false"",""confidence"":0.8,""evidence_text"":""""},{""name"":""demand_storage_positive"",""deterministic_value"":false,""ai_value"":false,""status"":""agreed_false"",""confidence"":0.8,""evidence_text"":""""},{""name"":""demand_weak_or_price_war"",""deterministic_value"":false,""ai_value"":false,""status"":""agreed_false"",""confidence"":0.8,""evidence_text"":""""},{""name"":""inventory_drawdown"",""deterministic_value"":false,""ai_value"":false,""status"":""agreed_false"",""confidence"":0.8,""evidence_text"":""""},{""name"":""inventory_build"",""deterministic_value"":false,""ai_value"":false,""status"":""agreed_false"",""confidence"":0.8,""evidence_text"":""""},{""name"":""warehouse_receipt_decline"",""deterministic_value"":false,""ai_value"":false,""status"":""agreed_false"",""confidence"":0.8,""evidence_text"":""""},{""name"":""warehouse_receipt_increase"",""deterministic_value"":false,""ai_value"":true,""status"":""disputed"",""confidence"":0.8,""evidence_text"":""5月电池装车71.9GWh，宁德时代、比亚迪合计拿下超六成市场""},{""name"":""policy_demand_support"",""deterministic_value"":false,""ai_value"":false,""status"":""agreed_false"",""confidence"":0.8,""evidence_text"":""""},{""name"":""import_supply_pressure"",""deterministic_value"":false,""ai_value"":false,""status"":""agreed_false"",""confidence"":0.8,""evidence_text"":""""},{""name"":""cost_support"",""deterministic_value"":false,""ai_value"":false,""status"":""agreed_false"",""confidence"":0.8,""evidence_text"":""""},{""name"":""delivery_pressure"",""deterministic_value"":false,""ai_value"":false,""status"":""agreed_false"",""confidence"":0.8,""evidence_text"":""""},{""name"":""authoritative_source"",""deterministic_value"":false,""ai_value"":true,""status"":""disputed"",""confidence"":0.8,""evidence_text"":""腾讯新闻""},{""name"":""quantitative_evidence"",""deterministic_value"":true,""ai_value"":true,""status"":""agreed_true"",""confidence"":0.8,""evidence_text"":""71.9GWh""},{""name"":""uncertainty_high"",""deterministic_value"":false,""ai_value"":false,""status"":""agreed_false"",""confidence"":0.8,""evidence_text"":""""}]",5月电池装车71.9GWh，宁德时代、比亚迪合计拿下超六成市场_腾讯新闻,rulebook_inactive,Qwen/Qwen2.5-0.5B-Instruct,local-d4cb1ad8217abf5b
GFEX-WR-20260622,2026-06-22,bullish,0.6,0.0,1.0,5,"[{""rule_id"":""LC-BULL-01"",""target_label"":""bullish"",""conditions"":[""warehouse_receipt_decline""],""score"":0.16666666666666669,""coverage_positive"":0.2777777777777778,""coverage_negative"":0.1111111111111111,""support_documents"":12,""support_dates"":12,""status"":""qualified""},{""rule_id"":""LC-BULL-02"",""target_label"":""bullish"",""conditions"":[""warehouse_receipt_decline"",""authoritative_source""],""score"":0.16666666666666669,""coverage_positive"":0.2777777777777778,""coverage_negative"":0.1111111111111111,""support_documents"":12,""support_dates"":12,""status"":""qualified""},{""rule_id"":""LC-BEAR-03"",""target_label"":""bearish"",""conditions"":[""authoritative_source""],""score"":0.016666666666666607,""coverage_positive"":0.8222222222222222,""coverage_negative"":0.8055555555555556,""support_documents"":65,""support_dates"":63,""status"":""qualified""}]","[{""name"":""supply_disruption"",""deterministic_value"":false,""ai_value"":false,""status"":""agreed_false"",""confidence"":1.0,""evidence_text"":""""},{""name"":""supply_expansion"",""deterministic_value"":false,""ai_value"":false,""status"":""agreed_false"",""confidence"":1.0,""evidence_text"":""""},{""name"":""production_resumption"",""deterministic_value"":false,""ai_value"":false,""status"":""agreed_false"",""confidence"":1.0,""evidence_text"":""""},{""name"":""demand_ev_positive"",""deterministic_value"":false,""ai_value"":false,""status"":""agreed_false"",""confidence"":1.0,""evidence_text"":""""},{""name"":""demand_storage_positive"",""deterministic_value"":false,""ai_value"":false,""status"":""agreed_false"",""confidence"":1.0,""evidence_text"":""""},{""name"":""demand_weak_or_price_war"",""deterministic_value"":false,""ai_value"":false,""status"":""agreed_false"",""confidence"":1.0,""evidence_text"":""""},{""name"":""inventory_drawdown"",""deterministic_value"":false,""ai_value"":false,""status"":""agreed_false"",""confidence"":1.0,""evidence_text"":""""},{""name"":""inventory_build"",""deterministic_value"":false,""ai_value"":false,""status"":""agreed_false"",""confidence"":1.0,""evidence_text"":""""},{""name"":""warehouse_receipt_decline"",""deterministic_value"":true,""ai_value"":true,""status"":""agreed_true"",""confidence"":1.0,""evidence_text"":""仓单减少1560手""},{""name"":""warehouse_receipt_increase"",""deterministic_value"":false,""ai_value"":false,""status"":""agreed_false"",""confidence"":1.0,""evidence_text"":""""},{""name"":""policy_demand_support"",""deterministic_value"":false,""ai_value"":false,""status"":""agreed_false"",""confidence"":1.0,""evidence_text"":""""},{""name"":""import_supply_pressure"",""deterministic_value"":false,""ai_value"":false,""status"":""agreed_false"",""confidence"":1.0,""evidence_text"":""""},{""name"":""cost_support"",""deterministic_value"":false,""ai_value"":false,""status"":""agreed_false"",""confidence"":1.0,""evidence_text"":""""},{""name"":""delivery_pressure"",""deterministic_value"":false,""ai_value"":false,""status"":""agreed_false"",""confidence"":1.0,""evidence_text"":""""},{""name"":""authoritative_source"",""deterministic_value"":true,""ai_value"":true,""status"":""agreed_true"",""confidence"":1.0,""evidence_text"":""广州期货交易所""},{""name"":""quantitative_evidence"",""deterministic_value"":false,""ai_value"":true,""status"":""disputed"",""confidence"":1.0,""evidence_text"":""1560手""},{""name"":""uncertainty_high"",""deterministic_value"":false,""ai_value"":false,""status"":""agreed_false"",""confidence"":1.0,""evidence_text"":""""}]",仓单减少1560手,rift_rule_enhanced_llm,Qwen/Qwen2.5-0.5B-Instruct,local-4fed99757f153bc4
GFEX-WR-20260624,2026-06-24,bullish,0.6,0.0,1.0,5,"[{""rule_id"":""LC-BULL-01"",""target_label"":""bullish"",""conditions"":[""warehouse_receipt_decline""],""score"":0.16666666666666669,""coverage_positive"":0.2777777777777778,""coverage_negative"":0.1111111111111111,""support_documents"":12,""support_dates"":12,""status"":""qualified""},{""rule_id"":""LC-BULL-02"",""target_label"":""bullish"",""conditions"":[""warehouse_receipt_decline"",""authoritative_source""],""score"":0.16666666666666669,""coverage_positive"":0.2777777777777778,""coverage_negative"":0.1111111111111111,""support_documents"":12,""support_dates"":12,""status"":""qualified""},{""rule_id"":""LC-BEAR-03"",""target_label"":""bearish"",""conditions"":[""authoritative_source""],""score"":0.016666666666666607,""coverage_positive"":0.8222222222222222,""coverage_negative"":0.8055555555555556,""support_documents"":65,""support_dates"":63,""status"":""qualified""}]","[{""name"":""supply_disruption"",""deterministic_value"":false,""ai_value"":false,""status"":""agreed_false"",""confidence"":1.0,""evidence_text"":""""},{""name"":""supply_expansion"",""deterministic_value"":false,""ai_value"":false,""status"":""agreed_false"",""confidence"":1.0,""evidence_text"":""""},{""name"":""production_resumption"",""deterministic_value"":false,""ai_value"":false,""status"":""agreed_false"",""confidence"":1.0,""evidence_text"":""""},{""name"":""demand_ev_positive"",""deterministic_value"":false,""ai_value"":false,""status"":""agreed_false"",""confidence"":1.0,""evidence_text"":""""},{""name"":""demand_storage_positive"",""deterministic_value"":false,""ai_value"":false,""status"":""agreed_false"",""confidence"":1.0,""evidence_text"":""""},{""name"":""demand_weak_or_price_war"",""deterministic_value"":false,""ai_value"":false,""status"":""agreed_false"",""confidence"":1.0,""evidence_text"":""""},{""name"":""inventory_drawdown"",""deterministic_value"":false,""ai_value"":false,""status"":""agreed_false"",""confidence"":1.0,""evidence_text"":""""},{""name"":""inventory_build"",""deterministic_value"":false,""ai_value"":false,""status"":""agreed_false"",""confidence"":1.0,""evidence_text"":""""},{""name"":""warehouse_receipt_decline"",""deterministic_value"":true,""ai_value"":true,""status"":""agreed_true"",""confidence"":1.0,""evidence_text"":""仓单减少1345手""},{""name"":""warehouse_receipt_increase"",""deterministic_value"":false,""ai_value"":false,""status"":""agreed_false"",""confidence"":1.0,""evidence_text"":""""},{""name"":""policy_demand_support"",""deterministic_value"":false,""ai_value"":false,""status"":""agreed_false"",""confidence"":1.0,""evidence_text"":""""},{""name"":""import_supply_pressure"",""deterministic_value"":false,""ai_value"":false,""status"":""agreed_false"",""confidence"":1.0,""evidence_text"":""""},{""name"":""cost_support"",""deterministic_value"":false,""ai_value"":false,""status"":""agreed_false"",""confidence"":1.0,""evidence_text"":""""},{""name"":""delivery_pressure"",""deterministic_value"":false,""ai_value"":false,""status"":""agreed_false"",""confidence"":1.0,""evidence_text"":""""},{""name"":""authoritative_source"",""deterministic_value"":true,""ai_value"":true,""status"":""agreed_true"",""confidence"":1.0,""evidence_text"":""广州期货交易所""},{""name"":""quantitative_evidence"",""deterministic_value"":false,""ai_value"":true,""status"":""disputed"",""confidence"":1.0,""evidence_text"":""1345手""},{""name"":""uncertainty_high"",""deterministic_value"":false,""ai_value"":false,""status"":""agreed_false"",""confidence"":1.0,""evidence_text"":""""}]",仓单减少1345手,rift_rule_enhanced_llm,Qwen/Qwen2.5-0.5B-Instruct,local-c296715e22c803d7
GFEX-WR-20260706,2026-07-06,bullish,0.6,0.0,1.0,5,"[{""rule_id"":""LC-BULL-01"",""target_label"":""bullish"",""conditions"":[""warehouse_receipt_decline""],""score"":0.16666666666666669,""coverage_positive"":0.2777777777777778,""coverage_negative"":0.1111111111111111,""support_documents"":12,""support_dates"":12,""status"":""qualified""},{""rule_id"":""LC-BULL-02"",""target_label"":""bullish"",""conditions"":[""warehouse_receipt_decline"",""authoritative_source""],""score"":0.16666666666666669,""coverage_positive"":0.2777777777777778,""coverage_negative"":0.1111111111111111,""support_documents"":12,""support_dates"":12,""status"":""qualified""},{""rule_id"":""LC-BEAR-03"",""target_label"":""bearish"",""conditions"":[""authoritative_source""],""score"":0.016666666666666607,""coverage_positive"":0.8222222222222222,""coverage_negative"":0.8055555555555556,""support_documents"":65,""support_dates"":63,""status"":""qualified""}]","[{""name"":""supply_disruption"",""deterministic_value"":false,""ai_value"":false,""status"":""agreed_false"",""confidence"":1.0,""evidence_text"":""""},{""name"":""supply_expansion"",""deterministic_value"":false,""ai_value"":false,""status"":""agreed_false"",""confidence"":1.0,""evidence_text"":""""},{""name"":""production_resumption"",""deterministic_value"":false,""ai_value"":false,""status"":""agreed_false"",""confidence"":1.0,""evidence_text"":""""},{""name"":""demand_ev_positive"",""deterministic_value"":false,""ai_value"":false,""status"":""agreed_false"",""confidence"":1.0,""evidence_text"":""""},{""name"":""demand_storage_positive"",""deterministic_value"":false,""ai_value"":false,""status"":""agreed_false"",""confidence"":1.0,""evidence_text"":""""},{""name"":""demand_weak_or_price_war"",""deterministic_value"":false,""ai_value"":false,""status"":""agreed_false"",""confidence"":1.0,""evidence_text"":""""},{""name"":""inventory_drawdown"",""deterministic_value"":false,""ai_value"":false,""status"":""agreed_false"",""confidence"":1.0,""evidence_text"":""""},{""name"":""inventory_build"",""deterministic_value"":false,""ai_value"":false,""status"":""agreed_false"",""confidence"":1.0,""evidence_text"":""""},{""name"":""warehouse_receipt_decline"",""deterministic_value"":true,""ai_value"":true,""status"":""agreed_true"",""confidence"":1.0,""evidence_text"":""仓单减少1498手""},{""name"":""warehouse_receipt_increase"",""deterministic_value"":false,""ai_value"":false,""status"":""agreed_false"",""confidence"":1.0,""evidence_text"":""""},{""name"":""policy_demand_support"",""deterministic_value"":false,""ai_value"":false,""status"":""agreed_false"",""confidence"":1.0,""evidence_text"":""""},{""name"":""import_supply_pressure"",""deterministic_value"":false,""ai_value"":false,""status"":""agreed_false"",""confidence"":1.0,""evidence_text"":""""},{""name"":""cost_support"",""deterministic_value"":false,""ai_value"":false,""status"":""agreed_false"",""confidence"":1.0,""evidence_text"":""""},{""name"":""delivery_pressure"",""deterministic_value"":false,""ai_value"":false,""status"":""agreed_false"",""confidence"":1.0,""evidence_text"":""""},{""name"":""authoritative_source"",""deterministic_value"":true,""ai_value"":true,""status"":""agreed_true"",""confidence"":1.0,""evidence_text"":""广州期货交易所""},{""name"":""quantitative_evidence"",""deterministic_value"":false,""ai_value"":true,""status"":""disputed"",""confidence"":1.0,""evidence_text"":""1498手""},{""name"":""uncertainty_high"",""deterministic_value"":false,""ai_value"":false,""status"":""agreed_false"",""confidence"":1.0,""evidence_text"":""""}]",仓单减少1498手,rift_rule_enhanced_llm,Qwen/Qwen2.5-0.5B-Instruct,local-b8a7aad7e027b8be
GFEX-WR-20260708,2026-07-08,bullish,0.6,0.0,1.0,5,"[{""rule_id"":""LC-BULL-01"",""target_label"":""bullish"",""conditions"":[""warehouse_receipt_decline""],""score"":0.16666666666666669,""coverage_positive"":0.2777777777777778,""coverage_negative"":0.1111111111111111,""support_documents"":12,""support_dates"":12,""status"":""qualified""},{""rule_id"":""LC-BULL-02"",""target_label"":""bullish"",""conditions"":[""warehouse_receipt_decline"",""authoritative_source""],""score"":0.16666666666666669,""coverage_positive"":0.2777777777777778,""coverage_negative"":0.1111111111111111,""support_documents"":12,""support_dates"":12,""status"":""qualified""},{""rule_id"":""LC-BEAR-03"",""target_label"":""bearish"",""conditions"":[""authoritative_source""],""score"":0.016666666666666607,""coverage_positive"":0.8222222222222222,""coverage_negative"":0.8055555555555556,""support_documents"":65,""support_dates"":63,""status"":""qualified""}]","[{""name"":""supply_disruption"",""deterministic_value"":false,""ai_value"":false,""status"":""agreed_false"",""confidence"":1.0,""evidence_text"":""""},{""name"":""supply_expansion"",""deterministic_value"":false,""ai_value"":false,""status"":""agreed_false"",""confidence"":1.0,""evidence_text"":""""},{""name"":""production_resumption"",""deterministic_value"":false,""ai_value"":false,""status"":""agreed_false"",""confidence"":1.0,""evidence_text"":""""},{""name"":""demand_ev_positive"",""deterministic_value"":false,""ai_value"":false,""status"":""agreed_false"",""confidence"":1.0,""evidence_text"":""""},{""name"":""demand_storage_positive"",""deterministic_value"":false,""ai_value"":false,""status"":""agreed_false"",""confidence"":1.0,""evidence_text"":""""},{""name"":""demand_weak_or_price_war"",""deterministic_value"":false,""ai_value"":false,""status"":""agreed_false"",""confidence"":1.0,""evidence_text"":""""},{""name"":""inventory_drawdown"",""deterministic_value"":false,""ai_value"":false,""status"":""agreed_false"",""confidence"":1.0,""evidence_text"":""""},{""name"":""inventory_build"",""deterministic_value"":false,""ai_value"":false,""status"":""agreed_false"",""confidence"":1.0,""evidence_text"":""""},{""name"":""warehouse_receipt_decline"",""deterministic_value"":true,""ai_value"":true,""status"":""agreed_true"",""confidence"":1.0,""evidence_text"":""仓单减少2445手""},{""name"":""warehouse_receipt_increase"",""deterministic_value"":false,""ai_value"":false,""status"":""agreed_false"",""confidence"":1.0,""evidence_text"":""""},{""name"":""policy_demand_support"",""deterministic_value"":false,""ai_value"":false,""status"":""agreed_false"",""confidence"":1.0,""evidence_text"":""""},{""name"":""import_supply_pressure"",""deterministic_value"":false,""ai_value"":false,""status"":""agreed_false"",""confidence"":1.0,""evidence_text"":""""},{""name"":""cost_support"",""deterministic_value"":false,""ai_value"":false,""status"":""agreed_false"",""confidence"":1.0,""evidence_text"":""""},{""name"":""delivery_pressure"",""deterministic_value"":false,""ai_value"":false,""status"":""agreed_false"",""confidence"":1.0,""evidence_text"":""""},{""name"":""authoritative_source"",""deterministic_value"":true,""ai_value"":true,""status"":""agreed_true"",""confidence"":1.0,""evidence_text"":""广州期货交易所""},{""name"":""quantitative_evidence"",""deterministic_value"":false,""ai_value"":true,""status"":""disputed"",""confidence"":1.0,""evidence_text"":""2445手""},{""name"":""uncertainty_high"",""deterministic_value"":false,""ai_value"":false,""status"":""agreed_false"",""confidence"":1.0,""evidence_text"":""""}]",仓单减少2445手,rift_rule_enhanced_llm,Qwen/Qwen2.5-0.5B-Instruct,local-4d695a4711d5a799
GFEX-WR-20260710,2026-07-10,bullish,0.6,0.0,0.8,5,"[{""rule_id"":""LC-BULL-01"",""target_label"":""bullish"",""conditions"":[""warehouse_receipt_decline""],""score"":0.16666666666666669,""coverage_positive"":0.2777777777777778,""coverage_negative"":0.1111111111111111,""support_documents"":12,""support_dates"":12,""status"":""qualified""},{""rule_id"":""LC-BULL-02"",""target_label"":""bullish"",""conditions"":[""warehouse_receipt_decline"",""authoritative_source""],""score"":0.16666666666666669,""coverage_positive"":0.2777777777777778,""coverage_negative"":0.1111111111111111,""support_documents"":12,""support_dates"":12,""status"":""qualified""},{""rule_id"":""LC-BEAR-03"",""target_label"":""bearish"",""conditions"":[""authoritative_source""],""score"":0.016666666666666607,""coverage_positive"":0.8222222222222222,""coverage_negative"":0.8055555555555556,""support_documents"":65,""support_dates"":63,""status"":""qualified""}]","[{""name"":""supply_disruption"",""deterministic_value"":false,""ai_value"":false,""status"":""agreed_false"",""confidence"":0.8,""evidence_text"":""""},{""name"":""supply_expansion"",""deterministic_value"":false,""ai_value"":false,""status"":""agreed_false"",""confidence"":0.8,""evidence_text"":""""},{""name"":""production_resumption"",""deterministic_value"":false,""ai_value"":false,""status"":""agreed_false"",""confidence"":0.8,""evidence_text"":""""},{""name"":""demand_ev_positive"",""deterministic_value"":false,""ai_value"":false,""status"":""agreed_false"",""confidence"":0.8,""evidence_text"":""""},{""name"":""demand_storage_positive"",""deterministic_value"":false,""ai_value"":false,""status"":""agreed_false"",""confidence"":0.8,""evidence_text"":""""},{""name"":""demand_weak_or_price_war"",""deterministic_value"":false,""ai_value"":false,""status"":""agreed_false"",""confidence"":0.8,""evidence_text"":""""},{""name"":""inventory_drawdown"",""deterministic_value"":false,""ai_value"":false,""status"":""agreed_false"",""confidence"":0.8,""evidence_text"":""""},{""name"":""inventory_build"",""deterministic_value"":false,""ai_value"":false,""status"":""agreed_false"",""confidence"":0.8,""evidence_text"":""""},{""name"":""warehouse_receipt_decline"",""deterministic_value"":true,""ai_value"":true,""status"":""agreed_true"",""confidence"":0.8,""evidence_text"":""仓单减少1953手""},{""name"":""warehouse_receipt_increase"",""deterministic_value"":false,""ai_value"":false,""status"":""agreed_false"",""confidence"":0.8,""evidence_text"":""""},{""name"":""policy_demand_support"",""deterministic_value"":false,""ai_value"":false,""status"":""agreed_false"",""confidence"":0.8,""evidence_text"":""""},{""name"":""import_supply_pressure"",""deterministic_value"":false,""ai_value"":false,""status"":""agreed_false"",""confidence"":0.8,""evidence_text"":""""},{""name"":""cost_support"",""deterministic_value"":false,""ai_value"":false,""status"":""agreed_false"",""confidence"":0.8,""evidence_text"":""""},{""name"":""delivery_pressure"",""deterministic_value"":false,""ai_value"":false,""status"":""agreed_false"",""confidence"":0.8,""evidence_text"":""""},{""name"":""authoritative_source"",""deterministic_value"":true,""ai_value"":true,""status"":""agreed_true"",""confidence"":0.8,""evidence_text"":""广州期货交易所""},{""name"":""quantitative_evidence"",""deterministic_value"":false,""ai_value"":true,""status"":""disputed"",""confidence"":0.8,""evidence_text"":""1953手""},{""name"":""uncertainty_high"",""deterministic_value"":false,""ai_value"":false,""status"":""agreed_false"",""confidence"":0.8,""evidence_text"":""""}]",仓单减少1953手,rift_rule_enhanced_llm,Qwen/Qwen2.5-0.5B-Instruct,local-f0b33babdf6683ab
GFEX-WR-20260716,2026-07-16,bullish,0.6,0.0,1.0,5,"[{""rule_id"":""LC-BULL-01"",""target_label"":""bullish"",""conditions"":[""warehouse_receipt_decline""],""score"":0.16666666666666669,""coverage_positive"":0.2777777777777778,""coverage_negative"":0.1111111111111111,""support_documents"":12,""support_dates"":12,""status"":""qualified""},{""rule_id"":""LC-BULL-02"",""target_label"":""bullish"",""conditions"":[""warehouse_receipt_decline"",""authoritative_source""],""score"":0.16666666666666669,""coverage_positive"":0.2777777777777778,""coverage_negative"":0.1111111111111111,""support_documents"":12,""support_dates"":12,""status"":""qualified""},{""rule_id"":""LC-BEAR-03"",""target_label"":""bearish"",""conditions"":[""authoritative_source""],""score"":0.016666666666666607,""coverage_positive"":0.8222222222222222,""coverage_negative"":0.8055555555555556,""support_documents"":65,""support_dates"":63,""status"":""qualified""}]","[{""name"":""supply_disruption"",""deterministic_value"":false,""ai_value"":false,""status"":""agreed_false"",""confidence"":1.0,""evidence_text"":""""},{""name"":""supply_expansion"",""deterministic_value"":false,""ai_value"":false,""status"":""agreed_false"",""confidence"":1.0,""evidence_text"":""""},{""name"":""production_resumption"",""deterministic_value"":false,""ai_value"":false,""status"":""agreed_false"",""confidence"":1.0,""evidence_text"":""""},{""name"":""demand_ev_positive"",""deterministic_value"":false,""ai_value"":false,""status"":""agreed_false"",""confidence"":1.0,""evidence_text"":""""},{""name"":""demand_storage_positive"",""deterministic_value"":false,""ai_value"":false,""status"":""agreed_false"",""confidence"":1.0,""evidence_text"":""""},{""name"":""demand_weak_or_price_war"",""deterministic_value"":false,""ai_value"":false,""status"":""agreed_false"",""confidence"":1.0,""evidence_text"":""""},{""name"":""inventory_drawdown"",""deterministic_value"":false,""ai_value"":false,""status"":""agreed_false"",""confidence"":1.0,""evidence_text"":""""},{""name"":""inventory_build"",""deterministic_value"":false,""ai_value"":false,""status"":""agreed_false"",""confidence"":1.0,""evidence_text"":""""},{""name"":""warehouse_receipt_decline"",""deterministic_value"":true,""ai_value"":true,""status"":""agreed_true"",""confidence"":1.0,""evidence_text"":""仓单减少1189手""},{""name"":""warehouse_receipt_increase"",""deterministic_value"":false,""ai_value"":false,""status"":""agreed_false"",""confidence"":1.0,""evidence_text"":""""},{""name"":""policy_demand_support"",""deterministic_value"":false,""ai_value"":false,""status"":""agreed_false"",""confidence"":1.0,""evidence_text"":""""},{""name"":""import_supply_pressure"",""deterministic_value"":false,""ai_value"":false,""status"":""agreed_false"",""confidence"":1.0,""evidence_text"":""""},{""name"":""cost_support"",""deterministic_value"":false,""ai_value"":false,""status"":""agreed_false"",""confidence"":1.0,""evidence_text"":""""},{""name"":""delivery_pressure"",""deterministic_value"":false,""ai_value"":false,""status"":""agreed_false"",""confidence"":1.0,""evidence_text"":""""},{""name"":""authoritative_source"",""deterministic_value"":true,""ai_value"":true,""status"":""agreed_true"",""confidence"":1.0,""evidence_text"":""广州期货交易所""},{""name"":""quantitative_evidence"",""deterministic_value"":false,""ai_value"":true,""status"":""disputed"",""confidence"":1.0,""evidence_text"":""1189手""},{""name"":""uncertainty_high"",""deterministic_value"":false,""ai_value"":false,""status"":""agreed_false"",""confidence"":1.0,""evidence_text"":""""}]",仓单减少1189手,rift_rule_enhanced_llm,Qwen/Qwen2.5-0.5B-Instruct,local-779eecf20df24f23
GFEX-WR-20260717,2026-07-17,bullish,0.6,0.0,1.0,5,"[{""rule_id"":""LC-BULL-01"",""target_label"":""bullish"",""conditions"":[""warehouse_receipt_decline""],""score"":0.16666666666666669,""coverage_positive"":0.2777777777777778,""coverage_negative"":0.1111111111111111,""support_documents"":12,""support_dates"":12,""status"":""qualified""},{""rule_id"":""LC-BULL-02"",""target_label"":""bullish"",""conditions"":[""warehouse_receipt_decline"",""authoritative_source""],""score"":0.16666666666666669,""coverage_positive"":0.2777777777777778,""coverage_negative"":0.1111111111111111,""support_documents"":12,""support_dates"":12,""status"":""qualified""},{""rule_id"":""LC-BEAR-03"",""target_label"":""bearish"",""conditions"":[""authoritative_source""],""score"":0.016666666666666607,""coverage_positive"":0.8222222222222222,""coverage_negative"":0.8055555555555556,""support_documents"":65,""support_dates"":63,""status"":""qualified""}]","[{""name"":""supply_disruption"",""deterministic_value"":false,""ai_value"":false,""status"":""agreed_false"",""confidence"":1.0,""evidence_text"":""""},{""name"":""supply_expansion"",""deterministic_value"":false,""ai_value"":false,""status"":""agreed_false"",""confidence"":1.0,""evidence_text"":""""},{""name"":""production_resumption"",""deterministic_value"":false,""ai_value"":false,""status"":""agreed_false"",""confidence"":1.0,""evidence_text"":""""},{""name"":""demand_ev_positive"",""deterministic_value"":false,""ai_value"":false,""status"":""agreed_false"",""confidence"":1.0,""evidence_text"":""""},{""name"":""demand_storage_positive"",""deterministic_value"":false,""ai_value"":false,""status"":""agreed_false"",""confidence"":1.0,""evidence_text"":""""},{""name"":""demand_weak_or_price_war"",""deterministic_value"":false,""ai_value"":false,""status"":""agreed_false"",""confidence"":1.0,""evidence_text"":""""},{""name"":""inventory_drawdown"",""deterministic_value"":false,""ai_value"":false,""status"":""agreed_false"",""confidence"":1.0,""evidence_text"":""""},{""name"":""inventory_build"",""deterministic_value"":false,""ai_value"":false,""status"":""agreed_false"",""confidence"":1.0,""evidence_text"":""""},{""name"":""warehouse_receipt_decline"",""deterministic_value"":true,""ai_value"":true,""status"":""agreed_true"",""confidence"":1.0,""evidence_text"":""仓单减少886手""},{""name"":""warehouse_receipt_increase"",""deterministic_value"":false,""ai_value"":false,""status"":""agreed_false"",""confidence"":1.0,""evidence_text"":""""},{""name"":""policy_demand_support"",""deterministic_value"":false,""ai_value"":false,""status"":""agreed_false"",""confidence"":1.0,""evidence_text"":""""},{""name"":""import_supply_pressure"",""deterministic_value"":false,""ai_value"":false,""status"":""agreed_false"",""confidence"":1.0,""evidence_text"":""""},{""name"":""cost_support"",""deterministic_value"":false,""ai_value"":false,""status"":""agreed_false"",""confidence"":1.0,""evidence_text"":""""},{""name"":""delivery_pressure"",""deterministic_value"":false,""ai_value"":false,""status"":""agreed_false"",""confidence"":1.0,""evidence_text"":""""},{""name"":""authoritative_source"",""deterministic_value"":true,""ai_value"":true,""status"":""agreed_true"",""confidence"":1.0,""evidence_text"":""广期所""},{""name"":""quantitative_evidence"",""deterministic_value"":false,""ai_value"":true,""status"":""disputed"",""confidence"":1.0,""evidence_text"":""886手""},{""name"":""uncertainty_high"",""deterministic_value"":false,""ai_value"":false,""status"":""agreed_false"",""confidence"":1.0,""evidence_text"":""""}]",仓单减少886手,rift_rule_enhanced_llm,Qwen/Qwen2.5-0.5B-Instruct,local-e7c85edf0bf0be3d
GFEX-WR-20260720,2026-07-20,bearish,-0.6,0.0,0.8,5,"[{""rule_id"":""LC-BEAR-01"",""target_label"":""bearish"",""conditions"":[""warehouse_receipt_increase""],""score"":0.033333333333333326,""coverage_positive"":0.6444444444444445,""coverage_negative"":0.6111111111111112,""support_documents"":51,""support_dates"":51,""status"":""qualified""},{""rule_id"":""LC-BEAR-02"",""target_label"":""bearish"",""conditions"":[""warehouse_receipt_increase"",""authoritative_source""],""score"":0.033333333333333326,""coverage_positive"":0.6444444444444445,""coverage_negative"":0.6111111111111112,""support_documents"":51,""support_dates"":51,""status"":""qualified""},{""rule_id"":""LC-BEAR-03"",""target_label"":""bearish"",""conditions"":[""authoritative_source""],""score"":0.016666666666666607,""coverage_positive"":0.8222222222222222,""coverage_negative"":0.8055555555555556,""support_documents"":65,""support_dates"":63,""status"":""qualified""}]","[{""name"":""supply_disruption"",""deterministic_value"":false,""ai_value"":false,""status"":""agreed_false"",""confidence"":0.8,""evidence_text"":""""},{""name"":""supply_expansion"",""deterministic_value"":false,""ai_value"":false,""status"":""agreed_false"",""confidence"":0.8,""evidence_text"":""""},{""name"":""production_resumption"",""deterministic_value"":false,""ai_value"":false,""status"":""agreed_false"",""confidence"":0.8,""evidence_text"":""""},{""name"":""demand_ev_positive"",""deterministic_value"":false,""ai_value"":false,""status"":""agreed_false"",""confidence"":0.8,""evidence_text"":""""},{""name"":""demand_storage_positive"",""deterministic_value"":false,""ai_value"":false,""status"":""agreed_false"",""confidence"":0.8,""evidence_text"":""""},{""name"":""demand_weak_or_price_war"",""deterministic_value"":false,""ai_value"":false,""status"":""agreed_false"",""confidence"":0.8,""evidence_text"":""""},{""name"":""inventory_drawdown"",""deterministic_value"":false,""ai_value"":false,""status"":""agreed_false"",""confidence"":0.8,""evidence_text"":""""},{""name"":""inventory_build"",""deterministic_value"":false,""ai_value"":false,""status"":""agreed_false"",""confidence"":0.8,""evidence_text"":""""},{""name"":""warehouse_receipt_decline"",""deterministic_value"":false,""ai_value"":false,""status"":""agreed_false"",""confidence"":0.8,""evidence_text"":""""},{""name"":""warehouse_receipt_increase"",""deterministic_value"":true,""ai_value"":true,""status"":""agreed_true"",""confidence"":0.8,""evidence_text"":""仓单增加1014手""},{""name"":""policy_demand_support"",""deterministic_value"":false,""ai_value"":false,""status"":""agreed_false"",""confidence"":0.8,""evidence_text"":""""},{""name"":""import_supply_pressure"",""deterministic_value"":false,""ai_value"":false,""status"":""agreed_false"",""confidence"":0.8,""evidence_text"":""""},{""name"":""cost_support"",""deterministic_value"":false,""ai_value"":false,""status"":""agreed_false"",""confidence"":0.8,""evidence_text"":""""},{""name"":""delivery_pressure"",""deterministic_value"":false,""ai_value"":false,""status"":""agreed_false"",""confidence"":0.8,""evidence_text"":""""},{""name"":""authoritative_source"",""deterministic_value"":true,""ai_value"":true,""status"":""agreed_true"",""confidence"":0.8,""evidence_text"":""广期所""},{""name"":""quantitative_evidence"",""deterministic_value"":false,""ai_value"":true,""status"":""disputed"",""confidence"":0.8,""evidence_text"":""41359手""},{""name"":""uncertainty_high"",""deterministic_value"":false,""ai_value"":true,""status"":""disputed"",""confidence"":0.8,""evidence_text"":""增加1014手""}]",仓单增加1014手,rift_rule_enhanced_llm,Qwen/Qwen2.5-0.5B-Instruct,local-20447e9a9e1aac46
GFEX-WR-20260727,2026-07-27,bullish,0.6,0.0,0.8,5,"[{""rule_id"":""LC-BULL-01"",""target_label"":""bullish"",""conditions"":[""warehouse_receipt_decline""],""score"":0.16666666666666669,""coverage_positive"":0.2777777777777778,""coverage_negative"":0.1111111111111111,""support_documents"":12,""support_dates"":12,""status"":""qualified""},{""rule_id"":""LC-BULL-02"",""target_label"":""bullish"",""conditions"":[""warehouse_receipt_decline"",""authoritative_source""],""score"":0.16666666666666669,""coverage_positive"":0.2777777777777778,""coverage_negative"":0.1111111111111111,""support_documents"":12,""support_dates"":12,""status"":""qualified""},{""rule_id"":""LC-BEAR-03"",""target_label"":""bearish"",""conditions"":[""authoritative_source""],""score"":0.016666666666666607,""coverage_positive"":0.8222222222222222,""coverage_negative"":0.8055555555555556,""support_documents"":65,""support_dates"":63,""status"":""qualified""}]","[{""name"":""supply_disruption"",""deterministic_value"":false,""ai_value"":false,""status"":""agreed_false"",""confidence"":0.8,""evidence_text"":""""},{""name"":""supply_expansion"",""deterministic_value"":false,""ai_value"":false,""status"":""agreed_false"",""confidence"":0.8,""evidence_text"":""""},{""name"":""production_resumption"",""deterministic_value"":false,""ai_value"":false,""status"":""agreed_false"",""confidence"":0.8,""evidence_text"":""""},{""name"":""demand_ev_positive"",""deterministic_value"":false,""ai_value"":false,""status"":""agreed_false"",""confidence"":0.8,""evidence_text"":""""},{""name"":""demand_storage_positive"",""deterministic_value"":false,""ai_value"":false,""status"":""agreed_false"",""confidence"":0.8,""evidence_text"":""""},{""name"":""demand_weak_or_price_war"",""deterministic_value"":false,""ai_value"":false,""status"":""agreed_false"",""confidence"":0.8,""evidence_text"":""""},{""name"":""inventory_drawdown"",""deterministic_value"":false,""ai_value"":false,""status"":""agreed_false"",""confidence"":0.8,""evidence_text"":""""},{""name"":""inventory_build"",""deterministic_value"":false,""ai_value"":false,""status"":""agreed_false"",""confidence"":0.8,""evidence_text"":""""},{""name"":""warehouse_receipt_decline"",""deterministic_value"":true,""ai_value"":true,""status"":""agreed_true"",""confidence"":0.8,""evidence_text"":""仓单减少1461手""},{""name"":""warehouse_receipt_increase"",""deterministic_value"":false,""ai_value"":false,""status"":""agreed_false"",""confidence"":0.8,""evidence_text"":""""},{""name"":""policy_demand_support"",""deterministic_value"":false,""ai_value"":false,""status"":""agreed_false"",""confidence"":0.8,""evidence_text"":""""},{""name"":""import_supply_pressure"",""deterministic_value"":false,""ai_value"":false,""status"":""agreed_false"",""confidence"":0.8,""evidence_text"":""""},{""name"":""cost_support"",""deterministic_value"":false,""ai_value"":false,""status"":""agreed_false"",""confidence"":0.8,""evidence_text"":""""},{""name"":""delivery_pressure"",""deterministic_value"":false,""ai_value"":false,""status"":""agreed_false"",""confidence"":0.8,""evidence_text"":""""},{""name"":""authoritative_source"",""deterministic_value"":true,""ai_value"":true,""status"":""agreed_true"",""confidence"":0.8,""evidence_text"":""广州期货交易所""},{""name"":""quantitative_evidence"",""deterministic_value"":false,""ai_value"":true,""status"":""disputed"",""confidence"":0.8,""evidence_text"":""1461手""},{""name"":""uncertainty_high"",""deterministic_value"":false,""ai_value"":false,""status"":""agreed_false"",""confidence"":0.8,""evidence_text"":""""}]",仓单减少1461手,rift_rule_enhanced_llm,Qwen/Qwen2.5-0.5B-Instruct,local-7ff52cf2ba99da3f
GFEX-WR-20260729,2026-07-29,bearish,-0.6,0.0,0.8,5,"[{""rule_id"":""LC-BEAR-01"",""target_label"":""bearish"",""conditions"":[""warehouse_receipt_increase""],""score"":0.033333333333333326,""coverage_positive"":0.6444444444444445,""coverage_negative"":0.6111111111111112,""support_documents"":51,""support_dates"":51,""status"":""qualified""},{""rule_id"":""LC-BEAR-02"",""target_label"":""bearish"",""conditions"":[""warehouse_receipt_increase"",""authoritative_source""],""score"":0.033333333333333326,""coverage_positive"":0.6444444444444445,""coverage_negative"":0.6111111111111112,""support_documents"":51,""support_dates"":51,""status"":""qualified""},{""rule_id"":""LC-BEAR-03"",""target_label"":""bearish"",""conditions"":[""authoritative_source""],""score"":0.016666666666666607,""coverage_positive"":0.8222222222222222,""coverage_negative"":0.8055555555555556,""support_documents"":65,""support_dates"":63,""status"":""qualified""}]","[{""name"":""supply_disruption"",""deterministic_value"":false,""ai_value"":false,""status"":""agreed_false"",""confidence"":0.8,""evidence_text"":""""},{""name"":""supply_expansion"",""deterministic_value"":false,""ai_value"":false,""status"":""agreed_false"",""confidence"":0.8,""evidence_text"":""""},{""name"":""production_resumption"",""deterministic_value"":false,""ai_value"":false,""status"":""agreed_false"",""confidence"":0.8,""evidence_text"":""""},{""name"":""demand_ev_positive"",""deterministic_value"":false,""ai_value"":false,""status"":""agreed_false"",""confidence"":0.8,""evidence_text"":""""},{""name"":""demand_storage_positive"",""deterministic_value"":false,""ai_value"":false,""status"":""agreed_false"",""confidence"":0.8,""evidence_text"":""""},{""name"":""demand_weak_or_price_war"",""deterministic_value"":false,""ai_value"":false,""status"":""agreed_false"",""confidence"":0.8,""evidence_text"":""""},{""name"":""inventory_drawdown"",""deterministic_value"":false,""ai_value"":false,""status"":""agreed_false"",""confidence"":0.8,""evidence_text"":""""},{""name"":""inventory_build"",""deterministic_value"":false,""ai_value"":false,""status"":""agreed_false"",""confidence"":0.8,""evidence_text"":""""},{""name"":""warehouse_receipt_decline"",""deterministic_value"":false,""ai_value"":false,""status"":""agreed_false"",""confidence"":0.8,""evidence_text"":""""},{""name"":""warehouse_receipt_increase"",""deterministic_value"":true,""ai_value"":true,""status"":""agreed_true"",""confidence"":0.8,""evidence_text"":""仓单增加1037手""},{""name"":""policy_demand_support"",""deterministic_value"":false,""ai_value"":false,""status"":""agreed_false"",""confidence"":0.8,""evidence_text"":""""},{""name"":""import_supply_pressure"",""deterministic_value"":false,""ai_value"":false,""status"":""agreed_false"",""confidence"":0.8,""evidence_text"":""""},{""name"":""cost_support"",""deterministic_value"":false,""ai_value"":false,""status"":""agreed_false"",""confidence"":0.8,""evidence_text"":""""},{""name"":""delivery_pressure"",""deterministic_value"":false,""ai_value"":false,""status"":""agreed_false"",""confidence"":0.8,""evidence_text"":""""},{""name"":""authoritative_source"",""deterministic_value"":true,""ai_value"":true,""status"":""agreed_true"",""confidence"":0.8,""evidence_text"":""广期所""},{""name"":""quantitative_evidence"",""deterministic_value"":false,""ai_value"":true,""status"":""disputed"",""confidence"":0.8,""evidence_text"":""39315手""},{""name"":""uncertainty_high"",""deterministic_value"":false,""ai_value"":true,""status"":""disputed"",""confidence"":0.8,""evidence_text"":""增加1037手""}]",仓单增加1037手,rift_rule_enhanced_llm,Qwen/Qwen2.5-0.5B-Instruct,local-14abefb56bdd6136
GFEX-WR-20260731,2026-07-31,bullish,0.6,0.0,0.8,5,"[{""rule_id"":""LC-BULL-01"",""target_label"":""bullish"",""conditions"":[""warehouse_receipt_decline""],""score"":0.16666666666666669,""coverage_positive"":0.2777777777777778,""coverage_negative"":0.1111111111111111,""support_documents"":12,""support_dates"":12,""status"":""qualified""},{""rule_id"":""LC-BULL-02"",""target_label"":""bullish"",""conditions"":[""warehouse_receipt_decline"",""authoritative_source""],""score"":0.16666666666666669,""coverage_positive"":0.2777777777777778,""coverage_negative"":0.1111111111111111,""support_documents"":12,""support_dates"":12,""status"":""qualified""},{""rule_id"":""LC-BEAR-03"",""target_label"":""bearish"",""conditions"":[""authoritative_source""],""score"":0.016666666666666607,""coverage_positive"":0.8222222222222222,""coverage_negative"":0.8055555555555556,""support_documents"":65,""support_dates"":63,""status"":""qualified""}]","[{""name"":""supply_disruption"",""deterministic_value"":false,""ai_value"":false,""status"":""agreed_false"",""confidence"":0.8,""evidence_text"":""""},{""name"":""supply_expansion"",""deterministic_value"":false,""ai_value"":false,""status"":""agreed_false"",""confidence"":0.8,""evidence_text"":""""},{""name"":""production_resumption"",""deterministic_value"":false,""ai_value"":false,""status"":""agreed_false"",""confidence"":0.8,""evidence_text"":""""},{""name"":""demand_ev_positive"",""deterministic_value"":false,""ai_value"":false,""status"":""agreed_false"",""confidence"":0.8,""evidence_text"":""""},{""name"":""demand_storage_positive"",""deterministic_value"":false,""ai_value"":false,""status"":""agreed_false"",""confidence"":0.8,""evidence_text"":""""},{""name"":""demand_weak_or_price_war"",""deterministic_value"":false,""ai_value"":false,""status"":""agreed_false"",""confidence"":0.8,""evidence_text"":""""},{""name"":""inventory_drawdown"",""deterministic_value"":false,""ai_value"":false,""status"":""agreed_false"",""confidence"":0.8,""evidence_text"":""""},{""name"":""inventory_build"",""deterministic_value"":false,""ai_value"":false,""status"":""agreed_false"",""confidence"":0.8,""evidence_text"":""""},{""name"":""warehouse_receipt_decline"",""deterministic_value"":true,""ai_value"":true,""status"":""agreed_true"",""confidence"":0.8,""evidence_text"":""仓单减少13939手""},{""name"":""warehouse_receipt_increase"",""deterministic_value"":false,""ai_value"":false,""status"":""agreed_false"",""confidence"":0.8,""evidence_text"":""""},{""name"":""policy_demand_support"",""deterministic_value"":false,""ai_value"":false,""status"":""agreed_false"",""confidence"":0.8,""evidence_text"":""""},{""name"":""import_supply_pressure"",""deterministic_value"":false,""ai_value"":false,""status"":""agreed_false"",""confidence"":0.8,""evidence_text"":""""},{""name"":""cost_support"",""deterministic_value"":false,""ai_value"":false,""status"":""agreed_false"",""confidence"":0.8,""evidence_text"":""""},{""name"":""delivery_pressure"",""deterministic_value"":false,""ai_value"":false,""status"":""agreed_false"",""confidence"":0.8,""evidence_text"":""""},{""name"":""authoritative_source"",""deterministic_value"":true,""ai_value"":true,""status"":""agreed_true"",""confidence"":0.8,""evidence_text"":""广州期货交易所""},{""name"":""quantitative_evidence"",""deterministic_value"":false,""ai_value"":true,""status"":""disputed"",""confidence"":0.8,""evidence_text"":""13939手""},{""name"":""uncertainty_high"",""deterministic_value"":false,""ai_value"":false,""status"":""agreed_false"",""confidence"":0.8,""evidence_text"":""""}]",仓单减少13939手,rift_rule_enhanced_llm,Qwen/Qwen2.5-0.5B-Instruct,local-b934b38a2969f18c
GFEX-WR-20260803,2026-08-03,bearish,-0.6,0.0,0.9,5,"[{""rule_id"":""LC-BEAR-01"",""target_label"":""bearish"",""conditions"":[""warehouse_receipt_increase""],""score"":0.033333333333333326,""coverage_positive"":0.6444444444444445,""coverage_negative"":0.6111111111111112,""support_documents"":51,""support_dates"":51,""status"":""qualified""},{""rule_id"":""LC-BEAR-02"",""target_label"":""bearish"",""conditions"":[""warehouse_receipt_increase"",""authoritative_source""],""score"":0.033333333333333326,""coverage_positive"":0.6444444444444445,""coverage_negative"":0.6111111111111112,""support_documents"":51,""support_dates"":51,""status"":""qualified""},{""rule_id"":""LC-BEAR-03"",""target_label"":""bearish"",""conditions"":[""authoritative_source""],""score"":0.016666666666666607,""coverage_positive"":0.8222222222222222,""coverage_negative"":0.8055555555555556,""support_documents"":65,""support_dates"":63,""status"":""qualified""}]","[{""name"":""supply_disruption"",""deterministic_value"":false,""ai_value"":false,""status"":""agreed_false"",""confidence"":0.9,""evidence_text"":""""},{""name"":""supply_expansion"",""deterministic_value"":false,""ai_value"":false,""status"":""agreed_false"",""confidence"":0.9,""evidence_text"":""""},{""name"":""production_resumption"",""deterministic_value"":false,""ai_value"":false,""status"":""agreed_false"",""confidence"":0.9,""evidence_text"":""""},{""name"":""demand_ev_positive"",""deterministic_value"":false,""ai_value"":false,""status"":""agreed_false"",""confidence"":0.9,""evidence_text"":""""},{""name"":""demand_storage_positive"",""deterministic_value"":false,""ai_value"":false,""status"":""agreed_false"",""confidence"":0.9,""evidence_text"":""""},{""name"":""demand_weak_or_price_war"",""deterministic_value"":false,""ai_value"":false,""status"":""agreed_false"",""confidence"":0.9,""evidence_text"":""""},{""name"":""inventory_drawdown"",""deterministic_value"":false,""ai_value"":false,""status"":""agreed_false"",""confidence"":0.9,""evidence_text"":""""},{""name"":""inventory_build"",""deterministic_value"":false,""ai_value"":false,""status"":""agreed_false"",""confidence"":0.9,""evidence_text"":""""},{""name"":""warehouse_receipt_decline"",""deterministic_value"":false,""ai_value"":false,""status"":""agreed_false"",""confidence"":0.9,""evidence_text"":""""},{""name"":""warehouse_receipt_increase"",""deterministic_value"":true,""ai_value"":true,""status"":""agreed_true"",""confidence"":0.9,""evidence_text"":""仓单增加1510手""},{""name"":""policy_demand_support"",""deterministic_value"":false,""ai_value"":false,""status"":""agreed_false"",""confidence"":0.9,""evidence_text"":""""},{""name"":""import_supply_pressure"",""deterministic_value"":false,""ai_value"":false,""status"":""agreed_false"",""confidence"":0.9,""evidence_text"":""""},{""name"":""cost_support"",""deterministic_value"":false,""ai_value"":false,""status"":""agreed_false"",""confidence"":0.9,""evidence_text"":""""},{""name"":""delivery_pressure"",""deterministic_value"":false,""ai_value"":false,""status"":""agreed_false"",""confidence"":0.9,""evidence_text"":""""},{""name"":""authoritative_source"",""deterministic_value"":true,""ai_value"":true,""status"":""agreed_true"",""confidence"":0.9,""evidence_text"":""广期所""},{""name"":""quantitative_evidence"",""deterministic_value"":false,""ai_value"":true,""status"":""disputed"",""confidence"":0.9,""evidence_text"":""1510手""},{""name"":""uncertainty_high"",""deterministic_value"":false,""ai_value"":false,""status"":""agreed_false"",""confidence"":0.9,""evidence_text"":""""}]",仓单增加1510手,rift_rule_enhanced_llm,Qwen/Qwen2.5-0.5B-Instruct,local-6cb3c79b1a0e3fdd
GFEX-WR-20260804,2026-08-04,bearish,-0.6,0.0,0.9,5,"[{""rule_id"":""LC-BEAR-01"",""target_label"":""bearish"",""conditions"":[""warehouse_receipt_increase""],""score"":0.033333333333333326,""coverage_positive"":0.6444444444444445,""coverage_negative"":0.6111111111111112,""support_documents"":51,""support_dates"":51,""status"":""qualified""},{""rule_id"":""LC-BEAR-02"",""target_label"":""bearish"",""conditions"":[""warehouse_receipt_increase"",""authoritative_source""],""score"":0.033333333333333326,""coverage_positive"":0.6444444444444445,""coverage_negative"":0.6111111111111112,""support_documents"":51,""support_dates"":51,""status"":""qualified""},{""rule_id"":""LC-BEAR-03"",""target_label"":""bearish"",""conditions"":[""authoritative_source""],""score"":0.016666666666666607,""coverage_positive"":0.8222222222222222,""coverage_negative"":0.8055555555555556,""support_documents"":65,""support_dates"":63,""status"":""qualified""}]","[{""name"":""supply_disruption"",""deterministic_value"":false,""ai_value"":false,""status"":""agreed_false"",""confidence"":0.9,""evidence_text"":""""},{""name"":""supply_expansion"",""deterministic_value"":false,""ai_value"":false,""status"":""agreed_false"",""confidence"":0.9,""evidence_text"":""""},{""name"":""production_resumption"",""deterministic_value"":false,""ai_value"":false,""status"":""agreed_false"",""confidence"":0.9,""evidence_text"":""""},{""name"":""demand_ev_positive"",""deterministic_value"":false,""ai_value"":false,""status"":""agreed_false"",""confidence"":0.9,""evidence_text"":""""},{""name"":""demand_storage_positive"",""deterministic_value"":false,""ai_value"":false,""status"":""agreed_false"",""confidence"":0.9,""evidence_text"":""""},{""name"":""demand_weak_or_price_war"",""deterministic_value"":false,""ai_value"":false,""status"":""agreed_false"",""confidence"":0.9,""evidence_text"":""""},{""name"":""inventory_drawdown"",""deterministic_value"":false,""ai_value"":false,""status"":""agreed_false"",""confidence"":0.9,""evidence_text"":""""},{""name"":""inventory_build"",""deterministic_value"":false,""ai_value"":false,""status"":""agreed_false"",""confidence"":0.9,""evidence_text"":""""},{""name"":""warehouse_receipt_decline"",""deterministic_value"":false,""ai_value"":false,""status"":""agreed_false"",""confidence"":0.9,""evidence_text"":""""},{""name"":""warehouse_receipt_increase"",""deterministic_value"":true,""ai_value"":true,""status"":""agreed_true"",""confidence"":0.9,""evidence_text"":""仓单增加1101手""},{""name"":""policy_demand_support"",""deterministic_value"":false,""ai_value"":false,""status"":""agreed_false"",""confidence"":0.9,""evidence_text"":""""},{""name"":""import_supply_pressure"",""deterministic_value"":false,""ai_value"":false,""status"":""agreed_false"",""confidence"":0.9,""evidence_text"":""""},{""name"":""cost_support"",""deterministic_value"":false,""ai_value"":false,""status"":""agreed_false"",""confidence"":0.9,""evidence_text"":""""},{""name"":""delivery_pressure"",""deterministic_value"":false,""ai_value"":false,""status"":""agreed_false"",""confidence"":0.9,""evidence_text"":""""},{""name"":""authoritative_source"",""deterministic_value"":true,""ai_value"":true,""status"":""agreed_true"",""confidence"":0.9,""evidence_text"":""广期所""},{""name"":""quantitative_evidence"",""deterministic_value"":false,""ai_value"":true,""status"":""disputed"",""confidence"":0.9,""evidence_text"":""1101手""},{""name"":""uncertainty_high"",""deterministic_value"":false,""ai_value"":false,""status"":""agreed_false"",""confidence"":0.9,""evidence_text"":""""}]",仓单增加1101手,rift_rule_enhanced_llm,Qwen/Qwen2.5-0.5B-Instruct,local-87c10d23059cd8a0
