period_start,period_end,period_kind,route,feature_name,feature_value,document_count
2024-01-01,2024-02-29,jan_feb_combined,predicate_baseline,candidate.mean,0.68993733,3
2024-01-01,2024-02-29,jan_feb_combined,predicate_baseline,candidate.p25,0.45836200,3
2024-01-01,2024-02-29,jan_feb_combined,predicate_baseline,candidate.p50,0.49737900,3
2024-01-01,2024-02-29,jan_feb_combined,predicate_baseline,candidate.p75,0.82523350,3
2024-01-01,2024-02-29,jan_feb_combined,predicate_baseline,candidate.positive_share,1.00000000,3
2024-01-01,2024-02-29,jan_feb_combined,predicate_baseline,candidate.std,0.32904278,3
2024-01-01,2024-02-29,jan_feb_combined,predicate_baseline,coverage.ai_annotation_success_rate,1.00000000,3
2024-01-01,2024-02-29,jan_feb_combined,predicate_baseline,coverage.document_count_log1p,1.38629436,3
2024-01-01,2024-02-29,jan_feb_combined,predicate_baseline,coverage.event_count_log1p,3.09104245,3
2024-01-01,2024-02-29,jan_feb_combined,predicate_baseline,coverage.independent_source_count_log1p,1.38629436,3
2024-01-01,2024-02-29,jan_feb_combined,predicate_baseline,evidence.entity_confidence_mean,0.68285714,3
2024-01-01,2024-02-29,jan_feb_combined,predicate_baseline,evidence.event_strength_mean,0.77714286,3
2024-01-01,2024-02-29,jan_feb_combined,predicate_baseline,frozen_rule.supporting_document_share,0.66666667,3
2024-01-01,2024-02-29,jan_feb_combined,predicate_baseline,frozen_rule.unique_rule_count_log1p,1.38629436,3
2024-01-01,2024-02-29,jan_feb_combined,predicate_baseline,legacy_predicate.confidence.announcement_contains_uncertainty,0.78000000,3
2024-01-01,2024-02-29,jan_feb_combined,predicate_baseline,legacy_predicate.confidence.capacity_policy_support,0.76500000,3
2024-01-01,2024-02-29,jan_feb_combined,predicate_baseline,legacy_predicate.confidence.demand_side_policy,0.74000000,3
2024-01-01,2024-02-29,jan_feb_combined,predicate_baseline,legacy_predicate.confidence.event_evidence_strength,0.92000000,3
2024-01-01,2024-02-29,jan_feb_combined,predicate_baseline,legacy_predicate.confidence.event_has_short_term_price_impact,0.70000000,3
2024-01-01,2024-02-29,jan_feb_combined,predicate_baseline,legacy_predicate.confidence.event_mentions_core_product,0.77500000,3
2024-01-01,2024-02-29,jan_feb_combined,predicate_baseline,legacy_predicate.confidence.evidence_from_authoritative_source,0.94000000,3
2024-01-01,2024-02-29,jan_feb_combined,predicate_baseline,legacy_predicate.confidence.has_policy_support,0.92000000,3
2024-01-01,2024-02-29,jan_feb_combined,predicate_baseline,legacy_predicate.confidence.institutional_attention_increases,0.70000000,3
2024-01-01,2024-02-29,jan_feb_combined,predicate_baseline,legacy_predicate.confidence.investor_questions_increase,0.83000000,3
2024-01-01,2024-02-29,jan_feb_combined,predicate_baseline,legacy_predicate.confidence.management_response_vague,0.76000000,3
2024-01-01,2024-02-29,jan_feb_combined,predicate_baseline,legacy_predicate.confidence.policy_attention_followup,0.77000000,3
2024-01-01,2024-02-29,jan_feb_combined,predicate_baseline,legacy_predicate.confidence.policy_directly_related_to_business,0.78000000,3
2024-01-01,2024-02-29,jan_feb_combined,predicate_baseline,legacy_predicate.confidence.risk_or_uncertainty_disclosure,0.78000000,3
2024-01-01,2024-02-29,jan_feb_combined,predicate_baseline,legacy_predicate.confidence.social_attention_spikes,0.68000000,3
2024-01-01,2024-02-29,jan_feb_combined,predicate_baseline,legacy_predicate.confidence.source_company_announcement,0.82000000,3
2024-01-01,2024-02-29,jan_feb_combined,predicate_baseline,legacy_predicate.confidence.source_government_or_exchange,0.90250000,3
2024-01-01,2024-02-29,jan_feb_combined,predicate_baseline,legacy_predicate.confidence.source_major_media,0.76000000,3
2024-01-01,2024-02-29,jan_feb_combined,predicate_baseline,legacy_predicate.confidence.supply_side_policy,0.74000000,3
2024-01-01,2024-02-29,jan_feb_combined,predicate_baseline,legacy_predicate.mean.announcement_contains_uncertainty,0.00000000,3
2024-01-01,2024-02-29,jan_feb_combined,predicate_baseline,legacy_predicate.mean.capacity_policy_support,0.50000000,3
2024-01-01,2024-02-29,jan_feb_combined,predicate_baseline,legacy_predicate.mean.demand_side_policy,0.00000000,3
2024-01-01,2024-02-29,jan_feb_combined,predicate_baseline,legacy_predicate.mean.event_evidence_strength,0.92000000,3
2024-01-01,2024-02-29,jan_feb_combined,predicate_baseline,legacy_predicate.mean.event_has_short_term_price_impact,0.70500000,3
2024-01-01,2024-02-29,jan_feb_combined,predicate_baseline,legacy_predicate.mean.event_mentions_core_product,0.50000000,3
2024-01-01,2024-02-29,jan_feb_combined,predicate_baseline,legacy_predicate.mean.evidence_from_authoritative_source,1.00000000,3
2024-01-01,2024-02-29,jan_feb_combined,predicate_baseline,legacy_predicate.mean.has_policy_support,0.50000000,3
2024-01-01,2024-02-29,jan_feb_combined,predicate_baseline,legacy_predicate.mean.institutional_attention_increases,0.00000000,3
2024-01-01,2024-02-29,jan_feb_combined,predicate_baseline,legacy_predicate.mean.investor_questions_increase,0.50000000,3
2024-01-01,2024-02-29,jan_feb_combined,predicate_baseline,legacy_predicate.mean.management_response_vague,0.00000000,3
2024-01-01,2024-02-29,jan_feb_combined,predicate_baseline,legacy_predicate.mean.policy_attention_followup,0.50000000,3
2024-01-01,2024-02-29,jan_feb_combined,predicate_baseline,legacy_predicate.mean.policy_directly_related_to_business,0.00000000,3
2024-01-01,2024-02-29,jan_feb_combined,predicate_baseline,legacy_predicate.mean.risk_or_uncertainty_disclosure,0.00000000,3
2024-01-01,2024-02-29,jan_feb_combined,predicate_baseline,legacy_predicate.mean.social_attention_spikes,0.00000000,3
2024-01-01,2024-02-29,jan_feb_combined,predicate_baseline,legacy_predicate.mean.source_company_announcement,0.50000000,3
2024-01-01,2024-02-29,jan_feb_combined,predicate_baseline,legacy_predicate.mean.source_government_or_exchange,1.00000000,3
2024-01-01,2024-02-29,jan_feb_combined,predicate_baseline,legacy_predicate.mean.source_major_media,0.00000000,3
2024-01-01,2024-02-29,jan_feb_combined,predicate_baseline,legacy_predicate.mean.supply_side_policy,0.00000000,3
2024-01-01,2024-02-29,jan_feb_combined,predicate_baseline,macro_predicate.hit_rate.capacity_enters_production,0.00000000,3
2024-01-01,2024-02-29,jan_feb_combined,predicate_baseline,macro_predicate.hit_rate.capacity_under_construction,0.00000000,3
2024-01-01,2024-02-29,jan_feb_combined,predicate_baseline,macro_predicate.hit_rate.export_demand_improves,0.00000000,3
2024-01-01,2024-02-29,jan_feb_combined,predicate_baseline,macro_predicate.hit_rate.financing_constraint_eases,0.00000000,3
2024-01-01,2024-02-29,jan_feb_combined,predicate_baseline,macro_predicate.hit_rate.grid_investment_accelerates,0.00000000,3
2024-01-01,2024-02-29,jan_feb_combined,predicate_baseline,macro_predicate.hit_rate.industry_competition_intensifies,0.66666667,3
2024-01-01,2024-02-29,jan_feb_combined,predicate_baseline,macro_predicate.hit_rate.inventory_pressure_increases,0.33333333,3
2024-01-01,2024-02-29,jan_feb_combined,predicate_baseline,macro_predicate.hit_rate.order_demand_improves,0.00000000,3
2024-01-01,2024-02-29,jan_feb_combined,predicate_baseline,macro_predicate.hit_rate.policy_accelerates_project_implementation,0.33333333,3
2024-01-01,2024-02-29,jan_feb_combined,predicate_baseline,macro_predicate.hit_rate.policy_expands_effective_demand,0.00000000,3
2024-01-01,2024-02-29,jan_feb_combined,predicate_baseline,macro_predicate.hit_rate.product_price_recovers,0.00000000,3
2024-01-01,2024-02-29,jan_feb_combined,predicate_baseline,macro_predicate.hit_rate.raw_material_cost_pressure,0.00000000,3
2024-01-01,2024-02-29,jan_feb_combined,predicate_baseline,macro_predicate.net.capacity_enters_production,0.00000000,3
2024-01-01,2024-02-29,jan_feb_combined,predicate_baseline,macro_predicate.net.capacity_under_construction,0.00000000,3
2024-01-01,2024-02-29,jan_feb_combined,predicate_baseline,macro_predicate.net.export_demand_improves,0.00000000,3
2024-01-01,2024-02-29,jan_feb_combined,predicate_baseline,macro_predicate.net.financing_constraint_eases,0.00000000,3
2024-01-01,2024-02-29,jan_feb_combined,predicate_baseline,macro_predicate.net.grid_investment_accelerates,0.00000000,3
2024-01-01,2024-02-29,jan_feb_combined,predicate_baseline,macro_predicate.net.industry_competition_intensifies,-0.11966667,3
2024-01-01,2024-02-29,jan_feb_combined,predicate_baseline,macro_predicate.net.inventory_pressure_increases,-0.07000000,3
2024-01-01,2024-02-29,jan_feb_combined,predicate_baseline,macro_predicate.net.order_demand_improves,0.00000000,3
2024-01-01,2024-02-29,jan_feb_combined,predicate_baseline,macro_predicate.net.policy_accelerates_project_implementation,0.24866667,3
2024-01-01,2024-02-29,jan_feb_combined,predicate_baseline,macro_predicate.net.policy_expands_effective_demand,0.00000000,3
2024-01-01,2024-02-29,jan_feb_combined,predicate_baseline,macro_predicate.net.product_price_recovers,0.00000000,3
2024-01-01,2024-02-29,jan_feb_combined,predicate_baseline,macro_predicate.net.raw_material_cost_pressure,0.00000000,3
2024-01-01,2024-02-29,jan_feb_combined,predicate_baseline,source.share.announcement,0.00000000,3
2024-01-01,2024-02-29,jan_feb_combined,predicate_baseline,source.share.ir_qa,0.00000000,3
2024-01-01,2024-02-29,jan_feb_combined,predicate_baseline,source.share.news,0.66666667,3
2024-01-01,2024-02-29,jan_feb_combined,predicate_baseline,source.share.policy,0.33333333,3
2024-01-01,2024-02-29,jan_feb_combined,predicate_baseline,topic.share.battery,0.33333333,3
2024-01-01,2024-02-29,jan_feb_combined,predicate_baseline,topic.share.grid,0.00000000,3
2024-01-01,2024-02-29,jan_feb_combined,predicate_baseline,topic.share.photovoltaic,0.33333333,3
2024-01-01,2024-02-29,jan_feb_combined,predicate_baseline,topic.share.storage,0.00000000,3
2024-01-01,2024-02-29,jan_feb_combined,predicate_baseline,topic.share.wind,0.00000000,3
2024-03-01,2024-03-31,month,predicate_baseline,candidate.mean,1.02061000,2
2024-03-01,2024-03-31,month,predicate_baseline,candidate.p25,1.15308800,2
2024-03-01,2024-03-31,month,predicate_baseline,candidate.p50,1.15308800,2
2024-03-01,2024-03-31,month,predicate_baseline,candidate.p75,1.15308800,2
2024-03-01,2024-03-31,month,predicate_baseline,candidate.positive_share,1.00000000,2
2024-03-01,2024-03-31,month,predicate_baseline,candidate.std,0.26495600,2
2024-03-01,2024-03-31,month,predicate_baseline,coverage.ai_annotation_success_rate,1.00000000,2
2024-03-01,2024-03-31,month,predicate_baseline,coverage.document_count_log1p,1.09861229,2
2024-03-01,2024-03-31,month,predicate_baseline,coverage.event_count_log1p,2.19722458,2
2024-03-01,2024-03-31,month,predicate_baseline,coverage.independent_source_count_log1p,1.09861229,2
2024-03-01,2024-03-31,month,predicate_baseline,evidence.entity_confidence_mean,0.74500000,2
2024-03-01,2024-03-31,month,predicate_baseline,evidence.event_strength_mean,0.87000000,2
2024-03-01,2024-03-31,month,predicate_baseline,frozen_rule.supporting_document_share,0.50000000,2
2024-03-01,2024-03-31,month,predicate_baseline,frozen_rule.unique_rule_count_log1p,1.38629436,2
2024-03-01,2024-03-31,month,predicate_baseline,legacy_predicate.confidence.announcement_contains_uncertainty,0.78000000,2
2024-03-01,2024-03-31,month,predicate_baseline,legacy_predicate.confidence.capacity_policy_support,0.74000000,2
2024-03-01,2024-03-31,month,predicate_baseline,legacy_predicate.confidence.demand_side_policy,0.74000000,2
2024-03-01,2024-03-31,month,predicate_baseline,legacy_predicate.confidence.event_evidence_strength,0.92000000,2
2024-03-01,2024-03-31,month,predicate_baseline,legacy_predicate.confidence.event_has_short_term_price_impact,0.70000000,2
2024-03-01,2024-03-31,month,predicate_baseline,legacy_predicate.confidence.event_mentions_core_product,0.74000000,2
2024-03-01,2024-03-31,month,predicate_baseline,legacy_predicate.confidence.evidence_from_authoritative_source,0.94000000,2
2024-03-01,2024-03-31,month,predicate_baseline,legacy_predicate.confidence.has_policy_support,0.94400000,2
2024-03-01,2024-03-31,month,predicate_baseline,legacy_predicate.confidence.institutional_attention_increases,0.70000000,2
2024-03-01,2024-03-31,month,predicate_baseline,legacy_predicate.confidence.investor_questions_increase,0.82000000,2
2024-03-01,2024-03-31,month,predicate_baseline,legacy_predicate.confidence.management_response_vague,0.76000000,2
2024-03-01,2024-03-31,month,predicate_baseline,legacy_predicate.confidence.policy_attention_followup,0.81200000,2
2024-03-01,2024-03-31,month,predicate_baseline,legacy_predicate.confidence.policy_directly_related_to_business,0.78000000,2
2024-03-01,2024-03-31,month,predicate_baseline,legacy_predicate.confidence.risk_or_uncertainty_disclosure,0.79600000,2
2024-03-01,2024-03-31,month,predicate_baseline,legacy_predicate.confidence.social_attention_spikes,0.68000000,2
2024-03-01,2024-03-31,month,predicate_baseline,legacy_predicate.confidence.source_company_announcement,0.81200000,2
2024-03-01,2024-03-31,month,predicate_baseline,legacy_predicate.confidence.source_government_or_exchange,0.91200000,2
2024-03-01,2024-03-31,month,predicate_baseline,legacy_predicate.confidence.source_major_media,0.76000000,2
2024-03-01,2024-03-31,month,predicate_baseline,legacy_predicate.confidence.supply_side_policy,0.74000000,2
2024-03-01,2024-03-31,month,predicate_baseline,legacy_predicate.mean.announcement_contains_uncertainty,0.00000000,2
2024-03-01,2024-03-31,month,predicate_baseline,legacy_predicate.mean.capacity_policy_support,0.00000000,2
2024-03-01,2024-03-31,month,predicate_baseline,legacy_predicate.mean.demand_side_policy,0.00000000,2
2024-03-01,2024-03-31,month,predicate_baseline,legacy_predicate.mean.event_evidence_strength,0.94000000,2
2024-03-01,2024-03-31,month,predicate_baseline,legacy_predicate.mean.event_has_short_term_price_impact,0.78000000,2
2024-03-01,2024-03-31,month,predicate_baseline,legacy_predicate.mean.event_mentions_core_product,0.00000000,2
2024-03-01,2024-03-31,month,predicate_baseline,legacy_predicate.mean.evidence_from_authoritative_source,1.00000000,2
2024-03-01,2024-03-31,month,predicate_baseline,legacy_predicate.mean.has_policy_support,1.00000000,2
2024-03-01,2024-03-31,month,predicate_baseline,legacy_predicate.mean.institutional_attention_increases,0.00000000,2
2024-03-01,2024-03-31,month,predicate_baseline,legacy_predicate.mean.investor_questions_increase,0.00000000,2
2024-03-01,2024-03-31,month,predicate_baseline,legacy_predicate.mean.management_response_vague,0.00000000,2
2024-03-01,2024-03-31,month,predicate_baseline,legacy_predicate.mean.policy_attention_followup,1.00000000,2
2024-03-01,2024-03-31,month,predicate_baseline,legacy_predicate.mean.policy_directly_related_to_business,0.00000000,2
2024-03-01,2024-03-31,month,predicate_baseline,legacy_predicate.mean.risk_or_uncertainty_disclosure,1.00000000,2
2024-03-01,2024-03-31,month,predicate_baseline,legacy_predicate.mean.social_attention_spikes,0.00000000,2
2024-03-01,2024-03-31,month,predicate_baseline,legacy_predicate.mean.source_company_announcement,1.00000000,2
2024-03-01,2024-03-31,month,predicate_baseline,legacy_predicate.mean.source_government_or_exchange,1.00000000,2
2024-03-01,2024-03-31,month,predicate_baseline,legacy_predicate.mean.source_major_media,0.00000000,2
2024-03-01,2024-03-31,month,predicate_baseline,legacy_predicate.mean.supply_side_policy,0.00000000,2
2024-03-01,2024-03-31,month,predicate_baseline,macro_predicate.hit_rate.capacity_enters_production,0.00000000,2
2024-03-01,2024-03-31,month,predicate_baseline,macro_predicate.hit_rate.capacity_under_construction,0.50000000,2
2024-03-01,2024-03-31,month,predicate_baseline,macro_predicate.hit_rate.export_demand_improves,0.00000000,2
2024-03-01,2024-03-31,month,predicate_baseline,macro_predicate.hit_rate.financing_constraint_eases,0.00000000,2
2024-03-01,2024-03-31,month,predicate_baseline,macro_predicate.hit_rate.grid_investment_accelerates,0.00000000,2
2024-03-01,2024-03-31,month,predicate_baseline,macro_predicate.hit_rate.industry_competition_intensifies,0.00000000,2
2024-03-01,2024-03-31,month,predicate_baseline,macro_predicate.hit_rate.inventory_pressure_increases,0.00000000,2
2024-03-01,2024-03-31,month,predicate_baseline,macro_predicate.hit_rate.order_demand_improves,0.00000000,2
2024-03-01,2024-03-31,month,predicate_baseline,macro_predicate.hit_rate.policy_accelerates_project_implementation,0.00000000,2
2024-03-01,2024-03-31,month,predicate_baseline,macro_predicate.hit_rate.policy_expands_effective_demand,0.50000000,2
2024-03-01,2024-03-31,month,predicate_baseline,macro_predicate.hit_rate.product_price_recovers,0.00000000,2
2024-03-01,2024-03-31,month,predicate_baseline,macro_predicate.hit_rate.raw_material_cost_pressure,0.00000000,2
2024-03-01,2024-03-31,month,predicate_baseline,macro_predicate.net.capacity_enters_production,0.00000000,2
2024-03-01,2024-03-31,month,predicate_baseline,macro_predicate.net.capacity_under_construction,0.33570000,2
2024-03-01,2024-03-31,month,predicate_baseline,macro_predicate.net.export_demand_improves,0.00000000,2
2024-03-01,2024-03-31,month,predicate_baseline,macro_predicate.net.financing_constraint_eases,0.00000000,2
2024-03-01,2024-03-31,month,predicate_baseline,macro_predicate.net.grid_investment_accelerates,0.00000000,2
2024-03-01,2024-03-31,month,predicate_baseline,macro_predicate.net.industry_competition_intensifies,0.00000000,2
2024-03-01,2024-03-31,month,predicate_baseline,macro_predicate.net.inventory_pressure_increases,0.00000000,2
2024-03-01,2024-03-31,month,predicate_baseline,macro_predicate.net.order_demand_improves,0.00000000,2
2024-03-01,2024-03-31,month,predicate_baseline,macro_predicate.net.policy_accelerates_project_implementation,0.00000000,2
2024-03-01,2024-03-31,month,predicate_baseline,macro_predicate.net.policy_expands_effective_demand,0.27975000,2
2024-03-01,2024-03-31,month,predicate_baseline,macro_predicate.net.product_price_recovers,0.00000000,2
2024-03-01,2024-03-31,month,predicate_baseline,macro_predicate.net.raw_material_cost_pressure,0.00000000,2
2024-03-01,2024-03-31,month,predicate_baseline,source.share.announcement,0.00000000,2
2024-03-01,2024-03-31,month,predicate_baseline,source.share.ir_qa,0.00000000,2
2024-03-01,2024-03-31,month,predicate_baseline,source.share.news,0.00000000,2
2024-03-01,2024-03-31,month,predicate_baseline,source.share.policy,1.00000000,2
2024-03-01,2024-03-31,month,predicate_baseline,topic.share.battery,0.00000000,2
2024-03-01,2024-03-31,month,predicate_baseline,topic.share.grid,0.00000000,2
2024-03-01,2024-03-31,month,predicate_baseline,topic.share.photovoltaic,0.50000000,2
2024-03-01,2024-03-31,month,predicate_baseline,topic.share.storage,0.00000000,2
2024-03-01,2024-03-31,month,predicate_baseline,topic.share.wind,0.00000000,2
2024-04-01,2024-04-30,month,predicate_baseline,candidate.mean,0.44955600,2
2024-04-01,2024-04-30,month,predicate_baseline,candidate.p25,0.43445050,2
2024-04-01,2024-04-30,month,predicate_baseline,candidate.p50,0.44955600,2
2024-04-01,2024-04-30,month,predicate_baseline,candidate.p75,0.46466150,2
2024-04-01,2024-04-30,month,predicate_baseline,candidate.positive_share,1.00000000,2
2024-04-01,2024-04-30,month,predicate_baseline,candidate.std,0.03021100,2
2024-04-01,2024-04-30,month,predicate_baseline,coverage.ai_annotation_success_rate,1.00000000,2
2024-04-01,2024-04-30,month,predicate_baseline,coverage.document_count_log1p,1.09861229,2
2024-04-01,2024-04-30,month,predicate_baseline,coverage.event_count_log1p,2.39789527,2
2024-04-01,2024-04-30,month,predicate_baseline,coverage.independent_source_count_log1p,1.09861229,2
2024-04-01,2024-04-30,month,predicate_baseline,evidence.entity_confidence_mean,0.78000000,2
2024-04-01,2024-04-30,month,predicate_baseline,evidence.event_strength_mean,0.85000000,2
2024-04-01,2024-04-30,month,predicate_baseline,frozen_rule.supporting_document_share,1.00000000,2
2024-04-01,2024-04-30,month,predicate_baseline,frozen_rule.unique_rule_count_log1p,1.09861229,2
2024-04-01,2024-04-30,month,predicate_baseline,legacy_predicate.confidence.announcement_contains_uncertainty,0.81000000,2
2024-04-01,2024-04-30,month,predicate_baseline,legacy_predicate.confidence.capacity_policy_support,0.74000000,2
2024-04-01,2024-04-30,month,predicate_baseline,legacy_predicate.confidence.demand_side_policy,0.74000000,2
2024-04-01,2024-04-30,month,predicate_baseline,legacy_predicate.confidence.event_evidence_strength,0.92000000,2
2024-04-01,2024-04-30,month,predicate_baseline,legacy_predicate.confidence.event_has_short_term_price_impact,0.70000000,2
2024-04-01,2024-04-30,month,predicate_baseline,legacy_predicate.confidence.event_mentions_core_product,0.81000000,2
2024-04-01,2024-04-30,month,predicate_baseline,legacy_predicate.confidence.evidence_from_authoritative_source,0.94000000,2
2024-04-01,2024-04-30,month,predicate_baseline,legacy_predicate.confidence.has_policy_support,0.88000000,2
2024-04-01,2024-04-30,month,predicate_baseline,legacy_predicate.confidence.institutional_attention_increases,0.70000000,2
2024-04-01,2024-04-30,month,predicate_baseline,legacy_predicate.confidence.investor_questions_increase,0.84000000,2
2024-04-01,2024-04-30,month,predicate_baseline,legacy_predicate.confidence.management_response_vague,0.76000000,2
2024-04-01,2024-04-30,month,predicate_baseline,legacy_predicate.confidence.policy_attention_followup,0.70000000,2
2024-04-01,2024-04-30,month,predicate_baseline,legacy_predicate.confidence.policy_directly_related_to_business,0.78000000,2
2024-04-01,2024-04-30,month,predicate_baseline,legacy_predicate.confidence.risk_or_uncertainty_disclosure,0.82000000,2
2024-04-01,2024-04-30,month,predicate_baseline,legacy_predicate.confidence.social_attention_spikes,0.68000000,2
2024-04-01,2024-04-30,month,predicate_baseline,legacy_predicate.confidence.source_company_announcement,0.86000000,2
2024-04-01,2024-04-30,month,predicate_baseline,legacy_predicate.confidence.source_government_or_exchange,0.85500000,2
2024-04-01,2024-04-30,month,predicate_baseline,legacy_predicate.confidence.source_major_media,0.76000000,2
2024-04-01,2024-04-30,month,predicate_baseline,legacy_predicate.confidence.supply_side_policy,0.74000000,2
2024-04-01,2024-04-30,month,predicate_baseline,legacy_predicate.mean.announcement_contains_uncertainty,0.50000000,2
2024-04-01,2024-04-30,month,predicate_baseline,legacy_predicate.mean.capacity_policy_support,0.00000000,2
2024-04-01,2024-04-30,month,predicate_baseline,legacy_predicate.mean.demand_side_policy,0.00000000,2
2024-04-01,2024-04-30,month,predicate_baseline,legacy_predicate.mean.event_evidence_strength,0.80000000,2
2024-04-01,2024-04-30,month,predicate_baseline,legacy_predicate.mean.event_has_short_term_price_impact,0.54000000,2
2024-04-01,2024-04-30,month,predicate_baseline,legacy_predicate.mean.event_mentions_core_product,0.50000000,2
2024-04-01,2024-04-30,month,predicate_baseline,legacy_predicate.mean.evidence_from_authoritative_source,1.00000000,2
2024-04-01,2024-04-30,month,predicate_baseline,legacy_predicate.mean.has_policy_support,0.00000000,2
2024-04-01,2024-04-30,month,predicate_baseline,legacy_predicate.mean.institutional_attention_increases,0.00000000,2
2024-04-01,2024-04-30,month,predicate_baseline,legacy_predicate.mean.investor_questions_increase,0.50000000,2
2024-04-01,2024-04-30,month,predicate_baseline,legacy_predicate.mean.management_response_vague,0.00000000,2
2024-04-01,2024-04-30,month,predicate_baseline,legacy_predicate.mean.policy_attention_followup,0.00000000,2
2024-04-01,2024-04-30,month,predicate_baseline,legacy_predicate.mean.policy_directly_related_to_business,0.00000000,2
2024-04-01,2024-04-30,month,predicate_baseline,legacy_predicate.mean.risk_or_uncertainty_disclosure,0.50000000,2
2024-04-01,2024-04-30,month,predicate_baseline,legacy_predicate.mean.social_attention_spikes,0.00000000,2
2024-04-01,2024-04-30,month,predicate_baseline,legacy_predicate.mean.source_company_announcement,0.50000000,2
2024-04-01,2024-04-30,month,predicate_baseline,legacy_predicate.mean.source_government_or_exchange,0.50000000,2
2024-04-01,2024-04-30,month,predicate_baseline,legacy_predicate.mean.source_major_media,0.00000000,2
2024-04-01,2024-04-30,month,predicate_baseline,legacy_predicate.mean.supply_side_policy,0.00000000,2
2024-04-01,2024-04-30,month,predicate_baseline,macro_predicate.hit_rate.capacity_enters_production,0.00000000,2
2024-04-01,2024-04-30,month,predicate_baseline,macro_predicate.hit_rate.capacity_under_construction,0.00000000,2
2024-04-01,2024-04-30,month,predicate_baseline,macro_predicate.hit_rate.export_demand_improves,0.00000000,2
2024-04-01,2024-04-30,month,predicate_baseline,macro_predicate.hit_rate.financing_constraint_eases,0.00000000,2
2024-04-01,2024-04-30,month,predicate_baseline,macro_predicate.hit_rate.grid_investment_accelerates,0.00000000,2
2024-04-01,2024-04-30,month,predicate_baseline,macro_predicate.hit_rate.industry_competition_intensifies,0.00000000,2
2024-04-01,2024-04-30,month,predicate_baseline,macro_predicate.hit_rate.inventory_pressure_increases,0.00000000,2
2024-04-01,2024-04-30,month,predicate_baseline,macro_predicate.hit_rate.order_demand_improves,0.00000000,2
2024-04-01,2024-04-30,month,predicate_baseline,macro_predicate.hit_rate.policy_accelerates_project_implementation,0.00000000,2
2024-04-01,2024-04-30,month,predicate_baseline,macro_predicate.hit_rate.policy_expands_effective_demand,0.50000000,2
2024-04-01,2024-04-30,month,predicate_baseline,macro_predicate.hit_rate.product_price_recovers,0.00000000,2
2024-04-01,2024-04-30,month,predicate_baseline,macro_predicate.hit_rate.raw_material_cost_pressure,0.00000000,2
2024-04-01,2024-04-30,month,predicate_baseline,macro_predicate.net.capacity_enters_production,0.00000000,2
2024-04-01,2024-04-30,month,predicate_baseline,macro_predicate.net.capacity_under_construction,0.00000000,2
2024-04-01,2024-04-30,month,predicate_baseline,macro_predicate.net.export_demand_improves,0.00000000,2
2024-04-01,2024-04-30,month,predicate_baseline,macro_predicate.net.financing_constraint_eases,0.00000000,2
2024-04-01,2024-04-30,month,predicate_baseline,macro_predicate.net.grid_investment_accelerates,0.00000000,2
2024-04-01,2024-04-30,month,predicate_baseline,macro_predicate.net.industry_competition_intensifies,0.00000000,2
2024-04-01,2024-04-30,month,predicate_baseline,macro_predicate.net.inventory_pressure_increases,0.00000000,2
2024-04-01,2024-04-30,month,predicate_baseline,macro_predicate.net.order_demand_improves,0.00000000,2
2024-04-01,2024-04-30,month,predicate_baseline,macro_predicate.net.policy_accelerates_project_implementation,0.00000000,2
2024-04-01,2024-04-30,month,predicate_baseline,macro_predicate.net.policy_expands_effective_demand,0.27975000,2
2024-04-01,2024-04-30,month,predicate_baseline,macro_predicate.net.product_price_recovers,0.00000000,2
2024-04-01,2024-04-30,month,predicate_baseline,macro_predicate.net.raw_material_cost_pressure,0.00000000,2
2024-04-01,2024-04-30,month,predicate_baseline,source.share.announcement,0.00000000,2
2024-04-01,2024-04-30,month,predicate_baseline,source.share.ir_qa,0.00000000,2
2024-04-01,2024-04-30,month,predicate_baseline,source.share.news,0.00000000,2
2024-04-01,2024-04-30,month,predicate_baseline,source.share.policy,1.00000000,2
2024-04-01,2024-04-30,month,predicate_baseline,topic.share.battery,0.00000000,2
2024-04-01,2024-04-30,month,predicate_baseline,topic.share.grid,0.00000000,2
2024-04-01,2024-04-30,month,predicate_baseline,topic.share.photovoltaic,0.00000000,2
2024-04-01,2024-04-30,month,predicate_baseline,topic.share.storage,0.50000000,2
2024-04-01,2024-04-30,month,predicate_baseline,topic.share.wind,0.00000000,2
2024-05-01,2024-05-31,month,predicate_baseline,candidate.mean,0.49069800,3
2024-05-01,2024-05-31,month,predicate_baseline,candidate.p25,0.49069800,3
2024-05-01,2024-05-31,month,predicate_baseline,candidate.p50,0.49069800,3
2024-05-01,2024-05-31,month,predicate_baseline,candidate.p75,0.49069800,3
2024-05-01,2024-05-31,month,predicate_baseline,candidate.positive_share,1.00000000,3
2024-05-01,2024-05-31,month,predicate_baseline,candidate.std,0.00000000,3
2024-05-01,2024-05-31,month,predicate_baseline,coverage.ai_annotation_success_rate,1.00000000,3
2024-05-01,2024-05-31,month,predicate_baseline,coverage.document_count_log1p,1.38629436,3
2024-05-01,2024-05-31,month,predicate_baseline,coverage.event_count_log1p,1.94591015,3
2024-05-01,2024-05-31,month,predicate_baseline,coverage.independent_source_count_log1p,1.38629436,3
2024-05-01,2024-05-31,month,predicate_baseline,evidence.entity_confidence_mean,0.68666667,3
2024-05-01,2024-05-31,month,predicate_baseline,evidence.event_strength_mean,0.84000000,3
2024-05-01,2024-05-31,month,predicate_baseline,frozen_rule.supporting_document_share,0.33333333,3
2024-05-01,2024-05-31,month,predicate_baseline,frozen_rule.unique_rule_count_log1p,0.69314718,3
2024-05-01,2024-05-31,month,predicate_baseline,legacy_predicate.confidence.announcement_contains_uncertainty,0.78000000,3
2024-05-01,2024-05-31,month,predicate_baseline,legacy_predicate.confidence.capacity_policy_support,0.74000000,3
2024-05-01,2024-05-31,month,predicate_baseline,legacy_predicate.confidence.demand_side_policy,0.74000000,3
2024-05-01,2024-05-31,month,predicate_baseline,legacy_predicate.confidence.event_evidence_strength,0.92000000,3
2024-05-01,2024-05-31,month,predicate_baseline,legacy_predicate.confidence.event_has_short_term_price_impact,0.70000000,3
2024-05-01,2024-05-31,month,predicate_baseline,legacy_predicate.confidence.event_mentions_core_product,0.74000000,3
2024-05-01,2024-05-31,month,predicate_baseline,legacy_predicate.confidence.evidence_from_authoritative_source,0.94000000,3
2024-05-01,2024-05-31,month,predicate_baseline,legacy_predicate.confidence.has_policy_support,0.88000000,3
2024-05-01,2024-05-31,month,predicate_baseline,legacy_predicate.confidence.institutional_attention_increases,0.70000000,3
2024-05-01,2024-05-31,month,predicate_baseline,legacy_predicate.confidence.investor_questions_increase,0.82000000,3
2024-05-01,2024-05-31,month,predicate_baseline,legacy_predicate.confidence.management_response_vague,0.76000000,3
2024-05-01,2024-05-31,month,predicate_baseline,legacy_predicate.confidence.policy_attention_followup,0.70000000,3
2024-05-01,2024-05-31,month,predicate_baseline,legacy_predicate.confidence.policy_directly_related_to_business,0.78000000,3
2024-05-01,2024-05-31,month,predicate_baseline,legacy_predicate.confidence.risk_or_uncertainty_disclosure,0.86000000,3
2024-05-01,2024-05-31,month,predicate_baseline,legacy_predicate.confidence.social_attention_spikes,0.68000000,3
2024-05-01,2024-05-31,month,predicate_baseline,legacy_predicate.confidence.source_company_announcement,0.94000000,3
2024-05-01,2024-05-31,month,predicate_baseline,legacy_predicate.confidence.source_government_or_exchange,0.76000000,3
2024-05-01,2024-05-31,month,predicate_baseline,legacy_predicate.confidence.source_major_media,0.76000000,3
2024-05-01,2024-05-31,month,predicate_baseline,legacy_predicate.confidence.supply_side_policy,0.74000000,3
2024-05-01,2024-05-31,month,predicate_baseline,legacy_predicate.mean.announcement_contains_uncertainty,0.00000000,3
2024-05-01,2024-05-31,month,predicate_baseline,legacy_predicate.mean.capacity_policy_support,0.00000000,3
2024-05-01,2024-05-31,month,predicate_baseline,legacy_predicate.mean.demand_side_policy,0.00000000,3
2024-05-01,2024-05-31,month,predicate_baseline,legacy_predicate.mean.event_evidence_strength,0.88000000,3
2024-05-01,2024-05-31,month,predicate_baseline,legacy_predicate.mean.event_has_short_term_price_impact,0.64000000,3
2024-05-01,2024-05-31,month,predicate_baseline,legacy_predicate.mean.event_mentions_core_product,0.00000000,3
2024-05-01,2024-05-31,month,predicate_baseline,legacy_predicate.mean.evidence_from_authoritative_source,1.00000000,3
2024-05-01,2024-05-31,month,predicate_baseline,legacy_predicate.mean.has_policy_support,0.00000000,3
2024-05-01,2024-05-31,month,predicate_baseline,legacy_predicate.mean.institutional_attention_increases,0.00000000,3
2024-05-01,2024-05-31,month,predicate_baseline,legacy_predicate.mean.investor_questions_increase,0.00000000,3
2024-05-01,2024-05-31,month,predicate_baseline,legacy_predicate.mean.management_response_vague,0.00000000,3
2024-05-01,2024-05-31,month,predicate_baseline,legacy_predicate.mean.policy_attention_followup,0.00000000,3
2024-05-01,2024-05-31,month,predicate_baseline,legacy_predicate.mean.policy_directly_related_to_business,0.00000000,3
2024-05-01,2024-05-31,month,predicate_baseline,legacy_predicate.mean.risk_or_uncertainty_disclosure,1.00000000,3
2024-05-01,2024-05-31,month,predicate_baseline,legacy_predicate.mean.social_attention_spikes,0.00000000,3
2024-05-01,2024-05-31,month,predicate_baseline,legacy_predicate.mean.source_company_announcement,1.00000000,3
2024-05-01,2024-05-31,month,predicate_baseline,legacy_predicate.mean.source_government_or_exchange,0.00000000,3
2024-05-01,2024-05-31,month,predicate_baseline,legacy_predicate.mean.source_major_media,0.00000000,3
2024-05-01,2024-05-31,month,predicate_baseline,legacy_predicate.mean.supply_side_policy,0.00000000,3
2024-05-01,2024-05-31,month,predicate_baseline,macro_predicate.hit_rate.capacity_enters_production,0.00000000,3
2024-05-01,2024-05-31,month,predicate_baseline,macro_predicate.hit_rate.capacity_under_construction,0.00000000,3
2024-05-01,2024-05-31,month,predicate_baseline,macro_predicate.hit_rate.export_demand_improves,0.00000000,3
2024-05-01,2024-05-31,month,predicate_baseline,macro_predicate.hit_rate.financing_constraint_eases,0.00000000,3
2024-05-01,2024-05-31,month,predicate_baseline,macro_predicate.hit_rate.grid_investment_accelerates,0.00000000,3
2024-05-01,2024-05-31,month,predicate_baseline,macro_predicate.hit_rate.industry_competition_intensifies,0.00000000,3
2024-05-01,2024-05-31,month,predicate_baseline,macro_predicate.hit_rate.inventory_pressure_increases,0.00000000,3
2024-05-01,2024-05-31,month,predicate_baseline,macro_predicate.hit_rate.order_demand_improves,0.00000000,3
2024-05-01,2024-05-31,month,predicate_baseline,macro_predicate.hit_rate.policy_accelerates_project_implementation,0.33333333,3
2024-05-01,2024-05-31,month,predicate_baseline,macro_predicate.hit_rate.policy_expands_effective_demand,0.66666667,3
2024-05-01,2024-05-31,month,predicate_baseline,macro_predicate.hit_rate.product_price_recovers,0.00000000,3
2024-05-01,2024-05-31,month,predicate_baseline,macro_predicate.hit_rate.raw_material_cost_pressure,0.00000000,3
2024-05-01,2024-05-31,month,predicate_baseline,macro_predicate.net.capacity_enters_production,0.00000000,3
2024-05-01,2024-05-31,month,predicate_baseline,macro_predicate.net.capacity_under_construction,0.00000000,3
2024-05-01,2024-05-31,month,predicate_baseline,macro_predicate.net.export_demand_improves,0.00000000,3
2024-05-01,2024-05-31,month,predicate_baseline,macro_predicate.net.financing_constraint_eases,0.00000000,3
2024-05-01,2024-05-31,month,predicate_baseline,macro_predicate.net.grid_investment_accelerates,0.00000000,3
2024-05-01,2024-05-31,month,predicate_baseline,macro_predicate.net.industry_competition_intensifies,0.00000000,3
2024-05-01,2024-05-31,month,predicate_baseline,macro_predicate.net.inventory_pressure_increases,0.00000000,3
2024-05-01,2024-05-31,month,predicate_baseline,macro_predicate.net.order_demand_improves,0.00000000,3
2024-05-01,2024-05-31,month,predicate_baseline,macro_predicate.net.policy_accelerates_project_implementation,0.24866667,3
2024-05-01,2024-05-31,month,predicate_baseline,macro_predicate.net.policy_expands_effective_demand,0.48179167,3
2024-05-01,2024-05-31,month,predicate_baseline,macro_predicate.net.product_price_recovers,0.00000000,3
2024-05-01,2024-05-31,month,predicate_baseline,macro_predicate.net.raw_material_cost_pressure,0.00000000,3
2024-05-01,2024-05-31,month,predicate_baseline,source.share.announcement,0.00000000,3
2024-05-01,2024-05-31,month,predicate_baseline,source.share.ir_qa,0.00000000,3
2024-05-01,2024-05-31,month,predicate_baseline,source.share.news,0.00000000,3
2024-05-01,2024-05-31,month,predicate_baseline,source.share.policy,1.00000000,3
2024-05-01,2024-05-31,month,predicate_baseline,topic.share.battery,0.00000000,3
2024-05-01,2024-05-31,month,predicate_baseline,topic.share.grid,0.00000000,3
2024-05-01,2024-05-31,month,predicate_baseline,topic.share.photovoltaic,0.00000000,3
2024-05-01,2024-05-31,month,predicate_baseline,topic.share.storage,0.00000000,3
2024-05-01,2024-05-31,month,predicate_baseline,topic.share.wind,0.00000000,3
2024-06-01,2024-06-30,month,predicate_baseline,candidate.mean,0.00000000,1
2024-06-01,2024-06-30,month,predicate_baseline,candidate.p25,0.00000000,1
2024-06-01,2024-06-30,month,predicate_baseline,candidate.p50,0.00000000,1
2024-06-01,2024-06-30,month,predicate_baseline,candidate.p75,0.00000000,1
2024-06-01,2024-06-30,month,predicate_baseline,candidate.positive_share,0.00000000,1
2024-06-01,2024-06-30,month,predicate_baseline,candidate.std,0.00000000,1
2024-06-01,2024-06-30,month,predicate_baseline,coverage.ai_annotation_success_rate,1.00000000,1
2024-06-01,2024-06-30,month,predicate_baseline,coverage.document_count_log1p,0.69314718,1
2024-06-01,2024-06-30,month,predicate_baseline,coverage.event_count_log1p,0.00000000,1
2024-06-01,2024-06-30,month,predicate_baseline,coverage.independent_source_count_log1p,0.69314718,1
2024-06-01,2024-06-30,month,predicate_baseline,evidence.entity_confidence_mean,0.64000000,1
2024-06-01,2024-06-30,month,predicate_baseline,evidence.event_strength_mean,0.00000000,1
2024-06-01,2024-06-30,month,predicate_baseline,frozen_rule.supporting_document_share,0.00000000,1
2024-06-01,2024-06-30,month,predicate_baseline,frozen_rule.unique_rule_count_log1p,0.00000000,1
2024-06-01,2024-06-30,month,predicate_baseline,macro_predicate.hit_rate.capacity_enters_production,0.00000000,1
2024-06-01,2024-06-30,month,predicate_baseline,macro_predicate.hit_rate.capacity_under_construction,0.00000000,1
2024-06-01,2024-06-30,month,predicate_baseline,macro_predicate.hit_rate.export_demand_improves,0.00000000,1
2024-06-01,2024-06-30,month,predicate_baseline,macro_predicate.hit_rate.financing_constraint_eases,0.00000000,1
2024-06-01,2024-06-30,month,predicate_baseline,macro_predicate.hit_rate.grid_investment_accelerates,0.00000000,1
2024-06-01,2024-06-30,month,predicate_baseline,macro_predicate.hit_rate.industry_competition_intensifies,0.00000000,1
2024-06-01,2024-06-30,month,predicate_baseline,macro_predicate.hit_rate.inventory_pressure_increases,0.00000000,1
2024-06-01,2024-06-30,month,predicate_baseline,macro_predicate.hit_rate.order_demand_improves,0.00000000,1
2024-06-01,2024-06-30,month,predicate_baseline,macro_predicate.hit_rate.policy_accelerates_project_implementation,0.00000000,1
2024-06-01,2024-06-30,month,predicate_baseline,macro_predicate.hit_rate.policy_expands_effective_demand,0.00000000,1
2024-06-01,2024-06-30,month,predicate_baseline,macro_predicate.hit_rate.product_price_recovers,0.00000000,1
2024-06-01,2024-06-30,month,predicate_baseline,macro_predicate.hit_rate.raw_material_cost_pressure,0.00000000,1
2024-06-01,2024-06-30,month,predicate_baseline,macro_predicate.net.capacity_enters_production,0.00000000,1
2024-06-01,2024-06-30,month,predicate_baseline,macro_predicate.net.capacity_under_construction,0.00000000,1
2024-06-01,2024-06-30,month,predicate_baseline,macro_predicate.net.export_demand_improves,0.00000000,1
2024-06-01,2024-06-30,month,predicate_baseline,macro_predicate.net.financing_constraint_eases,0.00000000,1
2024-06-01,2024-06-30,month,predicate_baseline,macro_predicate.net.grid_investment_accelerates,0.00000000,1
2024-06-01,2024-06-30,month,predicate_baseline,macro_predicate.net.industry_competition_intensifies,0.00000000,1
2024-06-01,2024-06-30,month,predicate_baseline,macro_predicate.net.inventory_pressure_increases,0.00000000,1
2024-06-01,2024-06-30,month,predicate_baseline,macro_predicate.net.order_demand_improves,0.00000000,1
2024-06-01,2024-06-30,month,predicate_baseline,macro_predicate.net.policy_accelerates_project_implementation,0.00000000,1
2024-06-01,2024-06-30,month,predicate_baseline,macro_predicate.net.policy_expands_effective_demand,0.00000000,1
2024-06-01,2024-06-30,month,predicate_baseline,macro_predicate.net.product_price_recovers,0.00000000,1
2024-06-01,2024-06-30,month,predicate_baseline,macro_predicate.net.raw_material_cost_pressure,0.00000000,1
2024-06-01,2024-06-30,month,predicate_baseline,source.share.announcement,0.00000000,1
2024-06-01,2024-06-30,month,predicate_baseline,source.share.ir_qa,0.00000000,1
2024-06-01,2024-06-30,month,predicate_baseline,source.share.news,0.00000000,1
2024-06-01,2024-06-30,month,predicate_baseline,source.share.policy,1.00000000,1
2024-06-01,2024-06-30,month,predicate_baseline,topic.share.battery,0.00000000,1
2024-06-01,2024-06-30,month,predicate_baseline,topic.share.grid,0.00000000,1
2024-06-01,2024-06-30,month,predicate_baseline,topic.share.photovoltaic,0.00000000,1
2024-06-01,2024-06-30,month,predicate_baseline,topic.share.storage,0.00000000,1
2024-06-01,2024-06-30,month,predicate_baseline,topic.share.wind,0.00000000,1
2024-07-01,2024-07-31,month,predicate_baseline,candidate.mean,0.49069800,1
2024-07-01,2024-07-31,month,predicate_baseline,candidate.p25,0.49069800,1
2024-07-01,2024-07-31,month,predicate_baseline,candidate.p50,0.49069800,1
2024-07-01,2024-07-31,month,predicate_baseline,candidate.p75,0.49069800,1
2024-07-01,2024-07-31,month,predicate_baseline,candidate.positive_share,1.00000000,1
2024-07-01,2024-07-31,month,predicate_baseline,candidate.std,0.00000000,1
2024-07-01,2024-07-31,month,predicate_baseline,coverage.ai_annotation_success_rate,1.00000000,1
2024-07-01,2024-07-31,month,predicate_baseline,coverage.document_count_log1p,0.69314718,1
2024-07-01,2024-07-31,month,predicate_baseline,coverage.event_count_log1p,1.94591015,1
2024-07-01,2024-07-31,month,predicate_baseline,coverage.independent_source_count_log1p,0.69314718,1
2024-07-01,2024-07-31,month,predicate_baseline,evidence.entity_confidence_mean,0.64000000,1
2024-07-01,2024-07-31,month,predicate_baseline,evidence.event_strength_mean,0.84000000,1
2024-07-01,2024-07-31,month,predicate_baseline,frozen_rule.supporting_document_share,1.00000000,1
2024-07-01,2024-07-31,month,predicate_baseline,frozen_rule.unique_rule_count_log1p,0.69314718,1
2024-07-01,2024-07-31,month,predicate_baseline,legacy_predicate.confidence.announcement_contains_uncertainty,0.78000000,1
2024-07-01,2024-07-31,month,predicate_baseline,legacy_predicate.confidence.capacity_policy_support,0.74000000,1
2024-07-01,2024-07-31,month,predicate_baseline,legacy_predicate.confidence.demand_side_policy,0.74000000,1
2024-07-01,2024-07-31,month,predicate_baseline,legacy_predicate.confidence.event_evidence_strength,0.92000000,1
2024-07-01,2024-07-31,month,predicate_baseline,legacy_predicate.confidence.event_has_short_term_price_impact,0.70000000,1
2024-07-01,2024-07-31,month,predicate_baseline,legacy_predicate.confidence.event_mentions_core_product,0.74000000,1
2024-07-01,2024-07-31,month,predicate_baseline,legacy_predicate.confidence.evidence_from_authoritative_source,0.94000000,1
2024-07-01,2024-07-31,month,predicate_baseline,legacy_predicate.confidence.has_policy_support,0.88000000,1
2024-07-01,2024-07-31,month,predicate_baseline,legacy_predicate.confidence.institutional_attention_increases,0.70000000,1
2024-07-01,2024-07-31,month,predicate_baseline,legacy_predicate.confidence.investor_questions_increase,0.82000000,1
2024-07-01,2024-07-31,month,predicate_baseline,legacy_predicate.confidence.management_response_vague,0.76000000,1
2024-07-01,2024-07-31,month,predicate_baseline,legacy_predicate.confidence.policy_attention_followup,0.70000000,1
2024-07-01,2024-07-31,month,predicate_baseline,legacy_predicate.confidence.policy_directly_related_to_business,0.78000000,1
2024-07-01,2024-07-31,month,predicate_baseline,legacy_predicate.confidence.risk_or_uncertainty_disclosure,0.86000000,1
2024-07-01,2024-07-31,month,predicate_baseline,legacy_predicate.confidence.social_attention_spikes,0.68000000,1
2024-07-01,2024-07-31,month,predicate_baseline,legacy_predicate.confidence.source_company_announcement,0.94000000,1
2024-07-01,2024-07-31,month,predicate_baseline,legacy_predicate.confidence.source_government_or_exchange,0.76000000,1
2024-07-01,2024-07-31,month,predicate_baseline,legacy_predicate.confidence.source_major_media,0.76000000,1
2024-07-01,2024-07-31,month,predicate_baseline,legacy_predicate.confidence.supply_side_policy,0.74000000,1
2024-07-01,2024-07-31,month,predicate_baseline,legacy_predicate.mean.announcement_contains_uncertainty,0.00000000,1
2024-07-01,2024-07-31,month,predicate_baseline,legacy_predicate.mean.capacity_policy_support,0.00000000,1
2024-07-01,2024-07-31,month,predicate_baseline,legacy_predicate.mean.demand_side_policy,0.00000000,1
2024-07-01,2024-07-31,month,predicate_baseline,legacy_predicate.mean.event_evidence_strength,0.88000000,1
2024-07-01,2024-07-31,month,predicate_baseline,legacy_predicate.mean.event_has_short_term_price_impact,0.64000000,1
2024-07-01,2024-07-31,month,predicate_baseline,legacy_predicate.mean.event_mentions_core_product,0.00000000,1
2024-07-01,2024-07-31,month,predicate_baseline,legacy_predicate.mean.evidence_from_authoritative_source,1.00000000,1
2024-07-01,2024-07-31,month,predicate_baseline,legacy_predicate.mean.has_policy_support,0.00000000,1
2024-07-01,2024-07-31,month,predicate_baseline,legacy_predicate.mean.institutional_attention_increases,0.00000000,1
2024-07-01,2024-07-31,month,predicate_baseline,legacy_predicate.mean.investor_questions_increase,0.00000000,1
2024-07-01,2024-07-31,month,predicate_baseline,legacy_predicate.mean.management_response_vague,0.00000000,1
2024-07-01,2024-07-31,month,predicate_baseline,legacy_predicate.mean.policy_attention_followup,0.00000000,1
2024-07-01,2024-07-31,month,predicate_baseline,legacy_predicate.mean.policy_directly_related_to_business,0.00000000,1
2024-07-01,2024-07-31,month,predicate_baseline,legacy_predicate.mean.risk_or_uncertainty_disclosure,1.00000000,1
2024-07-01,2024-07-31,month,predicate_baseline,legacy_predicate.mean.social_attention_spikes,0.00000000,1
2024-07-01,2024-07-31,month,predicate_baseline,legacy_predicate.mean.source_company_announcement,1.00000000,1
2024-07-01,2024-07-31,month,predicate_baseline,legacy_predicate.mean.source_government_or_exchange,0.00000000,1
2024-07-01,2024-07-31,month,predicate_baseline,legacy_predicate.mean.source_major_media,0.00000000,1
2024-07-01,2024-07-31,month,predicate_baseline,legacy_predicate.mean.supply_side_policy,0.00000000,1
2024-07-01,2024-07-31,month,predicate_baseline,macro_predicate.hit_rate.capacity_enters_production,0.00000000,1
2024-07-01,2024-07-31,month,predicate_baseline,macro_predicate.hit_rate.capacity_under_construction,0.00000000,1
2024-07-01,2024-07-31,month,predicate_baseline,macro_predicate.hit_rate.export_demand_improves,0.00000000,1
2024-07-01,2024-07-31,month,predicate_baseline,macro_predicate.hit_rate.financing_constraint_eases,0.00000000,1
2024-07-01,2024-07-31,month,predicate_baseline,macro_predicate.hit_rate.grid_investment_accelerates,0.00000000,1
2024-07-01,2024-07-31,month,predicate_baseline,macro_predicate.hit_rate.industry_competition_intensifies,0.00000000,1
2024-07-01,2024-07-31,month,predicate_baseline,macro_predicate.hit_rate.inventory_pressure_increases,0.00000000,1
2024-07-01,2024-07-31,month,predicate_baseline,macro_predicate.hit_rate.order_demand_improves,0.00000000,1
2024-07-01,2024-07-31,month,predicate_baseline,macro_predicate.hit_rate.policy_accelerates_project_implementation,1.00000000,1
2024-07-01,2024-07-31,month,predicate_baseline,macro_predicate.hit_rate.policy_expands_effective_demand,0.00000000,1
2024-07-01,2024-07-31,month,predicate_baseline,macro_predicate.hit_rate.product_price_recovers,0.00000000,1
2024-07-01,2024-07-31,month,predicate_baseline,macro_predicate.hit_rate.raw_material_cost_pressure,0.00000000,1
2024-07-01,2024-07-31,month,predicate_baseline,macro_predicate.net.capacity_enters_production,0.00000000,1
2024-07-01,2024-07-31,month,predicate_baseline,macro_predicate.net.capacity_under_construction,0.00000000,1
2024-07-01,2024-07-31,month,predicate_baseline,macro_predicate.net.export_demand_improves,0.00000000,1
2024-07-01,2024-07-31,month,predicate_baseline,macro_predicate.net.financing_constraint_eases,0.00000000,1
2024-07-01,2024-07-31,month,predicate_baseline,macro_predicate.net.grid_investment_accelerates,0.00000000,1
2024-07-01,2024-07-31,month,predicate_baseline,macro_predicate.net.industry_competition_intensifies,0.00000000,1
2024-07-01,2024-07-31,month,predicate_baseline,macro_predicate.net.inventory_pressure_increases,0.00000000,1
2024-07-01,2024-07-31,month,predicate_baseline,macro_predicate.net.order_demand_improves,0.00000000,1
2024-07-01,2024-07-31,month,predicate_baseline,macro_predicate.net.policy_accelerates_project_implementation,0.74600000,1
2024-07-01,2024-07-31,month,predicate_baseline,macro_predicate.net.policy_expands_effective_demand,0.00000000,1
2024-07-01,2024-07-31,month,predicate_baseline,macro_predicate.net.product_price_recovers,0.00000000,1
2024-07-01,2024-07-31,month,predicate_baseline,macro_predicate.net.raw_material_cost_pressure,0.00000000,1
2024-07-01,2024-07-31,month,predicate_baseline,source.share.announcement,0.00000000,1
2024-07-01,2024-07-31,month,predicate_baseline,source.share.ir_qa,0.00000000,1
2024-07-01,2024-07-31,month,predicate_baseline,source.share.news,0.00000000,1
2024-07-01,2024-07-31,month,predicate_baseline,source.share.policy,1.00000000,1
2024-07-01,2024-07-31,month,predicate_baseline,topic.share.battery,0.00000000,1
2024-07-01,2024-07-31,month,predicate_baseline,topic.share.grid,0.00000000,1
2024-07-01,2024-07-31,month,predicate_baseline,topic.share.photovoltaic,0.00000000,1
2024-07-01,2024-07-31,month,predicate_baseline,topic.share.storage,0.00000000,1
2024-07-01,2024-07-31,month,predicate_baseline,topic.share.wind,0.00000000,1
2024-08-01,2024-08-31,month,predicate_baseline,candidate.mean,0.00000000,4
2024-08-01,2024-08-31,month,predicate_baseline,candidate.p25,0.00000000,4
2024-08-01,2024-08-31,month,predicate_baseline,candidate.p50,0.00000000,4
2024-08-01,2024-08-31,month,predicate_baseline,candidate.p75,0.00000000,4
2024-08-01,2024-08-31,month,predicate_baseline,candidate.positive_share,0.00000000,4
2024-08-01,2024-08-31,month,predicate_baseline,candidate.std,0.00000000,4
2024-08-01,2024-08-31,month,predicate_baseline,coverage.ai_annotation_success_rate,1.00000000,4
2024-08-01,2024-08-31,month,predicate_baseline,coverage.document_count_log1p,1.60943791,4
2024-08-01,2024-08-31,month,predicate_baseline,coverage.event_count_log1p,3.21887582,4
2024-08-01,2024-08-31,month,predicate_baseline,coverage.independent_source_count_log1p,1.60943791,4
2024-08-01,2024-08-31,month,predicate_baseline,evidence.entity_confidence_mean,0.66142857,4
2024-08-01,2024-08-31,month,predicate_baseline,evidence.event_strength_mean,0.83000000,4
2024-08-01,2024-08-31,month,predicate_baseline,frozen_rule.supporting_document_share,0.00000000,4
2024-08-01,2024-08-31,month,predicate_baseline,frozen_rule.unique_rule_count_log1p,0.00000000,4
2024-08-01,2024-08-31,month,predicate_baseline,legacy_predicate.confidence.announcement_contains_uncertainty,0.78000000,4
2024-08-01,2024-08-31,month,predicate_baseline,legacy_predicate.confidence.capacity_policy_support,0.74000000,4
2024-08-01,2024-08-31,month,predicate_baseline,legacy_predicate.confidence.demand_side_policy,0.74000000,4
2024-08-01,2024-08-31,month,predicate_baseline,legacy_predicate.confidence.event_evidence_strength,0.92000000,4
2024-08-01,2024-08-31,month,predicate_baseline,legacy_predicate.confidence.event_has_short_term_price_impact,0.70000000,4
2024-08-01,2024-08-31,month,predicate_baseline,legacy_predicate.confidence.event_mentions_core_product,0.88000000,4
2024-08-01,2024-08-31,month,predicate_baseline,legacy_predicate.confidence.evidence_from_authoritative_source,0.72000000,4
2024-08-01,2024-08-31,month,predicate_baseline,legacy_predicate.confidence.has_policy_support,0.88000000,4
2024-08-01,2024-08-31,month,predicate_baseline,legacy_predicate.confidence.institutional_attention_increases,0.70000000,4
2024-08-01,2024-08-31,month,predicate_baseline,legacy_predicate.confidence.investor_questions_increase,0.82000000,4
2024-08-01,2024-08-31,month,predicate_baseline,legacy_predicate.confidence.management_response_vague,0.76000000,4
2024-08-01,2024-08-31,month,predicate_baseline,legacy_predicate.confidence.policy_attention_followup,0.84000000,4
2024-08-01,2024-08-31,month,predicate_baseline,legacy_predicate.confidence.policy_directly_related_to_business,0.78000000,4
2024-08-01,2024-08-31,month,predicate_baseline,legacy_predicate.confidence.risk_or_uncertainty_disclosure,0.78000000,4
2024-08-01,2024-08-31,month,predicate_baseline,legacy_predicate.confidence.social_attention_spikes,0.68000000,4
2024-08-01,2024-08-31,month,predicate_baseline,legacy_predicate.confidence.source_company_announcement,0.78000000,4
2024-08-01,2024-08-31,month,predicate_baseline,legacy_predicate.confidence.source_government_or_exchange,0.76000000,4
2024-08-01,2024-08-31,month,predicate_baseline,legacy_predicate.confidence.source_major_media,0.76000000,4
2024-08-01,2024-08-31,month,predicate_baseline,legacy_predicate.confidence.supply_side_policy,0.74000000,4
2024-08-01,2024-08-31,month,predicate_baseline,legacy_predicate.mean.announcement_contains_uncertainty,0.00000000,4
2024-08-01,2024-08-31,month,predicate_baseline,legacy_predicate.mean.capacity_policy_support,0.00000000,4
2024-08-01,2024-08-31,month,predicate_baseline,legacy_predicate.mean.demand_side_policy,0.00000000,4
2024-08-01,2024-08-31,month,predicate_baseline,legacy_predicate.mean.event_evidence_strength,0.76000000,4
2024-08-01,2024-08-31,month,predicate_baseline,legacy_predicate.mean.event_has_short_term_price_impact,0.68000000,4
2024-08-01,2024-08-31,month,predicate_baseline,legacy_predicate.mean.event_mentions_core_product,1.00000000,4
2024-08-01,2024-08-31,month,predicate_baseline,legacy_predicate.mean.evidence_from_authoritative_source,0.00000000,4
2024-08-01,2024-08-31,month,predicate_baseline,legacy_predicate.mean.has_policy_support,0.00000000,4
2024-08-01,2024-08-31,month,predicate_baseline,legacy_predicate.mean.institutional_attention_increases,0.00000000,4
2024-08-01,2024-08-31,month,predicate_baseline,legacy_predicate.mean.investor_questions_increase,0.00000000,4
2024-08-01,2024-08-31,month,predicate_baseline,legacy_predicate.mean.management_response_vague,0.00000000,4
2024-08-01,2024-08-31,month,predicate_baseline,legacy_predicate.mean.policy_attention_followup,1.00000000,4
2024-08-01,2024-08-31,month,predicate_baseline,legacy_predicate.mean.policy_directly_related_to_business,0.00000000,4
2024-08-01,2024-08-31,month,predicate_baseline,legacy_predicate.mean.risk_or_uncertainty_disclosure,0.00000000,4
2024-08-01,2024-08-31,month,predicate_baseline,legacy_predicate.mean.social_attention_spikes,0.00000000,4
2024-08-01,2024-08-31,month,predicate_baseline,legacy_predicate.mean.source_company_announcement,0.00000000,4
2024-08-01,2024-08-31,month,predicate_baseline,legacy_predicate.mean.source_government_or_exchange,0.00000000,4
2024-08-01,2024-08-31,month,predicate_baseline,legacy_predicate.mean.source_major_media,0.00000000,4
2024-08-01,2024-08-31,month,predicate_baseline,legacy_predicate.mean.supply_side_policy,0.00000000,4
2024-08-01,2024-08-31,month,predicate_baseline,macro_predicate.hit_rate.capacity_enters_production,0.00000000,4
2024-08-01,2024-08-31,month,predicate_baseline,macro_predicate.hit_rate.capacity_under_construction,0.00000000,4
2024-08-01,2024-08-31,month,predicate_baseline,macro_predicate.hit_rate.export_demand_improves,0.25000000,4
2024-08-01,2024-08-31,month,predicate_baseline,macro_predicate.hit_rate.financing_constraint_eases,0.00000000,4
2024-08-01,2024-08-31,month,predicate_baseline,macro_predicate.hit_rate.grid_investment_accelerates,0.25000000,4
2024-08-01,2024-08-31,month,predicate_baseline,macro_predicate.hit_rate.industry_competition_intensifies,0.00000000,4
2024-08-01,2024-08-31,month,predicate_baseline,macro_predicate.hit_rate.inventory_pressure_increases,0.00000000,4
2024-08-01,2024-08-31,month,predicate_baseline,macro_predicate.hit_rate.order_demand_improves,0.00000000,4
2024-08-01,2024-08-31,month,predicate_baseline,macro_predicate.hit_rate.policy_accelerates_project_implementation,0.25000000,4
2024-08-01,2024-08-31,month,predicate_baseline,macro_predicate.hit_rate.policy_expands_effective_demand,0.25000000,4
2024-08-01,2024-08-31,month,predicate_baseline,macro_predicate.hit_rate.product_price_recovers,0.00000000,4
2024-08-01,2024-08-31,month,predicate_baseline,macro_predicate.hit_rate.raw_material_cost_pressure,0.00000000,4
2024-08-01,2024-08-31,month,predicate_baseline,macro_predicate.net.capacity_enters_production,0.00000000,4
2024-08-01,2024-08-31,month,predicate_baseline,macro_predicate.net.capacity_under_construction,0.00000000,4
2024-08-01,2024-08-31,month,predicate_baseline,macro_predicate.net.export_demand_improves,0.14175000,4
2024-08-01,2024-08-31,month,predicate_baseline,macro_predicate.net.financing_constraint_eases,0.00000000,4
2024-08-01,2024-08-31,month,predicate_baseline,macro_predicate.net.grid_investment_accelerates,0.07000000,4
2024-08-01,2024-08-31,month,predicate_baseline,macro_predicate.net.industry_competition_intensifies,0.00000000,4
2024-08-01,2024-08-31,month,predicate_baseline,macro_predicate.net.inventory_pressure_increases,0.00000000,4
2024-08-01,2024-08-31,month,predicate_baseline,macro_predicate.net.order_demand_improves,0.00000000,4
2024-08-01,2024-08-31,month,predicate_baseline,macro_predicate.net.policy_accelerates_project_implementation,0.04375000,4
2024-08-01,2024-08-31,month,predicate_baseline,macro_predicate.net.policy_expands_effective_demand,0.05250000,4
2024-08-01,2024-08-31,month,predicate_baseline,macro_predicate.net.product_price_recovers,0.00000000,4
2024-08-01,2024-08-31,month,predicate_baseline,macro_predicate.net.raw_material_cost_pressure,0.00000000,4
2024-08-01,2024-08-31,month,predicate_baseline,source.share.announcement,0.00000000,4
2024-08-01,2024-08-31,month,predicate_baseline,source.share.ir_qa,0.00000000,4
2024-08-01,2024-08-31,month,predicate_baseline,source.share.news,0.50000000,4
2024-08-01,2024-08-31,month,predicate_baseline,source.share.policy,0.50000000,4
2024-08-01,2024-08-31,month,predicate_baseline,topic.share.battery,0.25000000,4
2024-08-01,2024-08-31,month,predicate_baseline,topic.share.grid,0.25000000,4
2024-08-01,2024-08-31,month,predicate_baseline,topic.share.photovoltaic,0.00000000,4
2024-08-01,2024-08-31,month,predicate_baseline,topic.share.storage,0.25000000,4
2024-08-01,2024-08-31,month,predicate_baseline,topic.share.wind,0.00000000,4
2024-09-01,2024-09-30,month,predicate_baseline,candidate.mean,0.00000000,1
2024-09-01,2024-09-30,month,predicate_baseline,candidate.p25,0.00000000,1
2024-09-01,2024-09-30,month,predicate_baseline,candidate.p50,0.00000000,1
2024-09-01,2024-09-30,month,predicate_baseline,candidate.p75,0.00000000,1
2024-09-01,2024-09-30,month,predicate_baseline,candidate.positive_share,0.00000000,1
2024-09-01,2024-09-30,month,predicate_baseline,candidate.std,0.00000000,1
2024-09-01,2024-09-30,month,predicate_baseline,coverage.ai_annotation_success_rate,1.00000000,1
2024-09-01,2024-09-30,month,predicate_baseline,coverage.document_count_log1p,0.69314718,1
2024-09-01,2024-09-30,month,predicate_baseline,coverage.event_count_log1p,0.00000000,1
2024-09-01,2024-09-30,month,predicate_baseline,coverage.independent_source_count_log1p,0.69314718,1
2024-09-01,2024-09-30,month,predicate_baseline,evidence.entity_confidence_mean,0.64000000,1
2024-09-01,2024-09-30,month,predicate_baseline,evidence.event_strength_mean,0.00000000,1
2024-09-01,2024-09-30,month,predicate_baseline,frozen_rule.supporting_document_share,0.00000000,1
2024-09-01,2024-09-30,month,predicate_baseline,frozen_rule.unique_rule_count_log1p,0.00000000,1
2024-09-01,2024-09-30,month,predicate_baseline,macro_predicate.hit_rate.capacity_enters_production,0.00000000,1
2024-09-01,2024-09-30,month,predicate_baseline,macro_predicate.hit_rate.capacity_under_construction,0.00000000,1
2024-09-01,2024-09-30,month,predicate_baseline,macro_predicate.hit_rate.export_demand_improves,0.00000000,1
2024-09-01,2024-09-30,month,predicate_baseline,macro_predicate.hit_rate.financing_constraint_eases,0.00000000,1
2024-09-01,2024-09-30,month,predicate_baseline,macro_predicate.hit_rate.grid_investment_accelerates,0.00000000,1
2024-09-01,2024-09-30,month,predicate_baseline,macro_predicate.hit_rate.industry_competition_intensifies,0.00000000,1
2024-09-01,2024-09-30,month,predicate_baseline,macro_predicate.hit_rate.inventory_pressure_increases,0.00000000,1
2024-09-01,2024-09-30,month,predicate_baseline,macro_predicate.hit_rate.order_demand_improves,0.00000000,1
2024-09-01,2024-09-30,month,predicate_baseline,macro_predicate.hit_rate.policy_accelerates_project_implementation,0.00000000,1
2024-09-01,2024-09-30,month,predicate_baseline,macro_predicate.hit_rate.policy_expands_effective_demand,0.00000000,1
2024-09-01,2024-09-30,month,predicate_baseline,macro_predicate.hit_rate.product_price_recovers,0.00000000,1
2024-09-01,2024-09-30,month,predicate_baseline,macro_predicate.hit_rate.raw_material_cost_pressure,0.00000000,1
2024-09-01,2024-09-30,month,predicate_baseline,macro_predicate.net.capacity_enters_production,0.00000000,1
2024-09-01,2024-09-30,month,predicate_baseline,macro_predicate.net.capacity_under_construction,0.00000000,1
2024-09-01,2024-09-30,month,predicate_baseline,macro_predicate.net.export_demand_improves,0.00000000,1
2024-09-01,2024-09-30,month,predicate_baseline,macro_predicate.net.financing_constraint_eases,0.00000000,1
2024-09-01,2024-09-30,month,predicate_baseline,macro_predicate.net.grid_investment_accelerates,0.00000000,1
2024-09-01,2024-09-30,month,predicate_baseline,macro_predicate.net.industry_competition_intensifies,0.00000000,1
2024-09-01,2024-09-30,month,predicate_baseline,macro_predicate.net.inventory_pressure_increases,0.00000000,1
2024-09-01,2024-09-30,month,predicate_baseline,macro_predicate.net.order_demand_improves,0.00000000,1
2024-09-01,2024-09-30,month,predicate_baseline,macro_predicate.net.policy_accelerates_project_implementation,0.00000000,1
2024-09-01,2024-09-30,month,predicate_baseline,macro_predicate.net.policy_expands_effective_demand,0.00000000,1
2024-09-01,2024-09-30,month,predicate_baseline,macro_predicate.net.product_price_recovers,0.00000000,1
2024-09-01,2024-09-30,month,predicate_baseline,macro_predicate.net.raw_material_cost_pressure,0.00000000,1
2024-09-01,2024-09-30,month,predicate_baseline,source.share.announcement,0.00000000,1
2024-09-01,2024-09-30,month,predicate_baseline,source.share.ir_qa,0.00000000,1
2024-09-01,2024-09-30,month,predicate_baseline,source.share.news,0.00000000,1
2024-09-01,2024-09-30,month,predicate_baseline,source.share.policy,1.00000000,1
2024-09-01,2024-09-30,month,predicate_baseline,topic.share.battery,0.00000000,1
2024-09-01,2024-09-30,month,predicate_baseline,topic.share.grid,0.00000000,1
2024-09-01,2024-09-30,month,predicate_baseline,topic.share.photovoltaic,0.00000000,1
2024-09-01,2024-09-30,month,predicate_baseline,topic.share.storage,0.00000000,1
2024-09-01,2024-09-30,month,predicate_baseline,topic.share.wind,0.00000000,1
2024-10-01,2024-10-31,month,predicate_baseline,candidate.mean,0.00000000,1
2024-10-01,2024-10-31,month,predicate_baseline,candidate.p25,0.00000000,1
2024-10-01,2024-10-31,month,predicate_baseline,candidate.p50,0.00000000,1
2024-10-01,2024-10-31,month,predicate_baseline,candidate.p75,0.00000000,1
2024-10-01,2024-10-31,month,predicate_baseline,candidate.positive_share,0.00000000,1
2024-10-01,2024-10-31,month,predicate_baseline,candidate.std,0.00000000,1
2024-10-01,2024-10-31,month,predicate_baseline,coverage.ai_annotation_success_rate,1.00000000,1
2024-10-01,2024-10-31,month,predicate_baseline,coverage.document_count_log1p,0.69314718,1
2024-10-01,2024-10-31,month,predicate_baseline,coverage.event_count_log1p,0.00000000,1
2024-10-01,2024-10-31,month,predicate_baseline,coverage.independent_source_count_log1p,0.69314718,1
2024-10-01,2024-10-31,month,predicate_baseline,evidence.entity_confidence_mean,0.58000000,1
2024-10-01,2024-10-31,month,predicate_baseline,evidence.event_strength_mean,0.00000000,1
2024-10-01,2024-10-31,month,predicate_baseline,frozen_rule.supporting_document_share,0.00000000,1
2024-10-01,2024-10-31,month,predicate_baseline,frozen_rule.unique_rule_count_log1p,0.00000000,1
2024-10-01,2024-10-31,month,predicate_baseline,macro_predicate.hit_rate.capacity_enters_production,0.00000000,1
2024-10-01,2024-10-31,month,predicate_baseline,macro_predicate.hit_rate.capacity_under_construction,0.00000000,1
2024-10-01,2024-10-31,month,predicate_baseline,macro_predicate.hit_rate.export_demand_improves,0.00000000,1
2024-10-01,2024-10-31,month,predicate_baseline,macro_predicate.hit_rate.financing_constraint_eases,0.00000000,1
2024-10-01,2024-10-31,month,predicate_baseline,macro_predicate.hit_rate.grid_investment_accelerates,0.00000000,1
2024-10-01,2024-10-31,month,predicate_baseline,macro_predicate.hit_rate.industry_competition_intensifies,0.00000000,1
2024-10-01,2024-10-31,month,predicate_baseline,macro_predicate.hit_rate.inventory_pressure_increases,0.00000000,1
2024-10-01,2024-10-31,month,predicate_baseline,macro_predicate.hit_rate.order_demand_improves,0.00000000,1
2024-10-01,2024-10-31,month,predicate_baseline,macro_predicate.hit_rate.policy_accelerates_project_implementation,0.00000000,1
2024-10-01,2024-10-31,month,predicate_baseline,macro_predicate.hit_rate.policy_expands_effective_demand,0.00000000,1
2024-10-01,2024-10-31,month,predicate_baseline,macro_predicate.hit_rate.product_price_recovers,0.00000000,1
2024-10-01,2024-10-31,month,predicate_baseline,macro_predicate.hit_rate.raw_material_cost_pressure,0.00000000,1
2024-10-01,2024-10-31,month,predicate_baseline,macro_predicate.net.capacity_enters_production,0.00000000,1
2024-10-01,2024-10-31,month,predicate_baseline,macro_predicate.net.capacity_under_construction,0.00000000,1
2024-10-01,2024-10-31,month,predicate_baseline,macro_predicate.net.export_demand_improves,0.00000000,1
2024-10-01,2024-10-31,month,predicate_baseline,macro_predicate.net.financing_constraint_eases,0.00000000,1
2024-10-01,2024-10-31,month,predicate_baseline,macro_predicate.net.grid_investment_accelerates,0.00000000,1
2024-10-01,2024-10-31,month,predicate_baseline,macro_predicate.net.industry_competition_intensifies,0.00000000,1
2024-10-01,2024-10-31,month,predicate_baseline,macro_predicate.net.inventory_pressure_increases,0.00000000,1
2024-10-01,2024-10-31,month,predicate_baseline,macro_predicate.net.order_demand_improves,0.00000000,1
2024-10-01,2024-10-31,month,predicate_baseline,macro_predicate.net.policy_accelerates_project_implementation,0.00000000,1
2024-10-01,2024-10-31,month,predicate_baseline,macro_predicate.net.policy_expands_effective_demand,0.00000000,1
2024-10-01,2024-10-31,month,predicate_baseline,macro_predicate.net.product_price_recovers,0.00000000,1
2024-10-01,2024-10-31,month,predicate_baseline,macro_predicate.net.raw_material_cost_pressure,0.00000000,1
2024-10-01,2024-10-31,month,predicate_baseline,source.share.announcement,0.00000000,1
2024-10-01,2024-10-31,month,predicate_baseline,source.share.ir_qa,0.00000000,1
2024-10-01,2024-10-31,month,predicate_baseline,source.share.news,1.00000000,1
2024-10-01,2024-10-31,month,predicate_baseline,source.share.policy,0.00000000,1
2024-10-01,2024-10-31,month,predicate_baseline,topic.share.battery,0.00000000,1
2024-10-01,2024-10-31,month,predicate_baseline,topic.share.grid,0.00000000,1
2024-10-01,2024-10-31,month,predicate_baseline,topic.share.photovoltaic,0.00000000,1
2024-10-01,2024-10-31,month,predicate_baseline,topic.share.storage,0.00000000,1
2024-10-01,2024-10-31,month,predicate_baseline,topic.share.wind,0.00000000,1
2024-11-01,2024-11-30,month,predicate_baseline,candidate.mean,0.00000000,2
2024-11-01,2024-11-30,month,predicate_baseline,candidate.p25,0.00000000,2
2024-11-01,2024-11-30,month,predicate_baseline,candidate.p50,0.00000000,2
2024-11-01,2024-11-30,month,predicate_baseline,candidate.p75,0.00000000,2
2024-11-01,2024-11-30,month,predicate_baseline,candidate.positive_share,0.00000000,2
2024-11-01,2024-11-30,month,predicate_baseline,candidate.std,0.00000000,2
2024-11-01,2024-11-30,month,predicate_baseline,coverage.ai_annotation_success_rate,1.00000000,2
2024-11-01,2024-11-30,month,predicate_baseline,coverage.document_count_log1p,1.09861229,2
2024-11-01,2024-11-30,month,predicate_baseline,coverage.event_count_log1p,1.94591015,2
2024-11-01,2024-11-30,month,predicate_baseline,coverage.independent_source_count_log1p,1.09861229,2
2024-11-01,2024-11-30,month,predicate_baseline,evidence.entity_confidence_mean,0.74000000,2
2024-11-01,2024-11-30,month,predicate_baseline,evidence.event_strength_mean,0.78000000,2
2024-11-01,2024-11-30,month,predicate_baseline,frozen_rule.supporting_document_share,0.00000000,2
2024-11-01,2024-11-30,month,predicate_baseline,frozen_rule.unique_rule_count_log1p,0.00000000,2
2024-11-01,2024-11-30,month,predicate_baseline,macro_predicate.hit_rate.capacity_enters_production,0.00000000,2
2024-11-01,2024-11-30,month,predicate_baseline,macro_predicate.hit_rate.capacity_under_construction,0.00000000,2
2024-11-01,2024-11-30,month,predicate_baseline,macro_predicate.hit_rate.export_demand_improves,0.00000000,2
2024-11-01,2024-11-30,month,predicate_baseline,macro_predicate.hit_rate.financing_constraint_eases,0.00000000,2
2024-11-01,2024-11-30,month,predicate_baseline,macro_predicate.hit_rate.grid_investment_accelerates,0.00000000,2
2024-11-01,2024-11-30,month,predicate_baseline,macro_predicate.hit_rate.industry_competition_intensifies,0.00000000,2
2024-11-01,2024-11-30,month,predicate_baseline,macro_predicate.hit_rate.inventory_pressure_increases,0.00000000,2
2024-11-01,2024-11-30,month,predicate_baseline,macro_predicate.hit_rate.order_demand_improves,0.00000000,2
2024-11-01,2024-11-30,month,predicate_baseline,macro_predicate.hit_rate.policy_accelerates_project_implementation,0.00000000,2
2024-11-01,2024-11-30,month,predicate_baseline,macro_predicate.hit_rate.policy_expands_effective_demand,0.00000000,2
2024-11-01,2024-11-30,month,predicate_baseline,macro_predicate.hit_rate.product_price_recovers,0.00000000,2
2024-11-01,2024-11-30,month,predicate_baseline,macro_predicate.hit_rate.raw_material_cost_pressure,0.00000000,2
2024-11-01,2024-11-30,month,predicate_baseline,macro_predicate.net.capacity_enters_production,0.00000000,2
2024-11-01,2024-11-30,month,predicate_baseline,macro_predicate.net.capacity_under_construction,0.00000000,2
2024-11-01,2024-11-30,month,predicate_baseline,macro_predicate.net.export_demand_improves,0.00000000,2
2024-11-01,2024-11-30,month,predicate_baseline,macro_predicate.net.financing_constraint_eases,0.00000000,2
2024-11-01,2024-11-30,month,predicate_baseline,macro_predicate.net.grid_investment_accelerates,0.00000000,2
2024-11-01,2024-11-30,month,predicate_baseline,macro_predicate.net.industry_competition_intensifies,0.00000000,2
2024-11-01,2024-11-30,month,predicate_baseline,macro_predicate.net.inventory_pressure_increases,0.00000000,2
2024-11-01,2024-11-30,month,predicate_baseline,macro_predicate.net.order_demand_improves,0.00000000,2
2024-11-01,2024-11-30,month,predicate_baseline,macro_predicate.net.policy_accelerates_project_implementation,0.00000000,2
2024-11-01,2024-11-30,month,predicate_baseline,macro_predicate.net.policy_expands_effective_demand,0.00000000,2
2024-11-01,2024-11-30,month,predicate_baseline,macro_predicate.net.product_price_recovers,0.00000000,2
2024-11-01,2024-11-30,month,predicate_baseline,macro_predicate.net.raw_material_cost_pressure,0.00000000,2
2024-11-01,2024-11-30,month,predicate_baseline,source.share.announcement,0.00000000,2
2024-11-01,2024-11-30,month,predicate_baseline,source.share.ir_qa,0.00000000,2
2024-11-01,2024-11-30,month,predicate_baseline,source.share.news,0.50000000,2
2024-11-01,2024-11-30,month,predicate_baseline,source.share.policy,0.50000000,2
2024-11-01,2024-11-30,month,predicate_baseline,topic.share.battery,0.00000000,2
2024-11-01,2024-11-30,month,predicate_baseline,topic.share.grid,0.00000000,2
2024-11-01,2024-11-30,month,predicate_baseline,topic.share.photovoltaic,1.00000000,2
2024-11-01,2024-11-30,month,predicate_baseline,topic.share.storage,0.00000000,2
2024-11-01,2024-11-30,month,predicate_baseline,topic.share.wind,0.00000000,2
2024-12-01,2024-12-31,month,predicate_baseline,candidate.mean,0.00000000,3
2024-12-01,2024-12-31,month,predicate_baseline,candidate.p25,0.00000000,3
2024-12-01,2024-12-31,month,predicate_baseline,candidate.p50,0.00000000,3
2024-12-01,2024-12-31,month,predicate_baseline,candidate.p75,0.00000000,3
2024-12-01,2024-12-31,month,predicate_baseline,candidate.positive_share,0.00000000,3
2024-12-01,2024-12-31,month,predicate_baseline,candidate.std,0.00000000,3
2024-12-01,2024-12-31,month,predicate_baseline,coverage.ai_annotation_success_rate,1.00000000,3
2024-12-01,2024-12-31,month,predicate_baseline,coverage.document_count_log1p,1.38629436,3
2024-12-01,2024-12-31,month,predicate_baseline,coverage.event_count_log1p,1.94591015,3
2024-12-01,2024-12-31,month,predicate_baseline,coverage.independent_source_count_log1p,1.38629436,3
2024-12-01,2024-12-31,month,predicate_baseline,evidence.entity_confidence_mean,0.73040000,3
2024-12-01,2024-12-31,month,predicate_baseline,evidence.event_strength_mean,0.84000000,3
2024-12-01,2024-12-31,month,predicate_baseline,frozen_rule.supporting_document_share,0.00000000,3
2024-12-01,2024-12-31,month,predicate_baseline,frozen_rule.unique_rule_count_log1p,0.00000000,3
2024-12-01,2024-12-31,month,predicate_baseline,macro_predicate.hit_rate.capacity_enters_production,0.00000000,3
2024-12-01,2024-12-31,month,predicate_baseline,macro_predicate.hit_rate.capacity_under_construction,0.00000000,3
2024-12-01,2024-12-31,month,predicate_baseline,macro_predicate.hit_rate.export_demand_improves,0.00000000,3
2024-12-01,2024-12-31,month,predicate_baseline,macro_predicate.hit_rate.financing_constraint_eases,0.00000000,3
2024-12-01,2024-12-31,month,predicate_baseline,macro_predicate.hit_rate.grid_investment_accelerates,0.33333333,3
2024-12-01,2024-12-31,month,predicate_baseline,macro_predicate.hit_rate.industry_competition_intensifies,0.00000000,3
2024-12-01,2024-12-31,month,predicate_baseline,macro_predicate.hit_rate.inventory_pressure_increases,0.00000000,3
2024-12-01,2024-12-31,month,predicate_baseline,macro_predicate.hit_rate.order_demand_improves,0.33333333,3
2024-12-01,2024-12-31,month,predicate_baseline,macro_predicate.hit_rate.policy_accelerates_project_implementation,0.33333333,3
2024-12-01,2024-12-31,month,predicate_baseline,macro_predicate.hit_rate.policy_expands_effective_demand,0.00000000,3
2024-12-01,2024-12-31,month,predicate_baseline,macro_predicate.hit_rate.product_price_recovers,0.00000000,3
2024-12-01,2024-12-31,month,predicate_baseline,macro_predicate.hit_rate.raw_material_cost_pressure,0.00000000,3
2024-12-01,2024-12-31,month,predicate_baseline,macro_predicate.net.capacity_enters_production,0.00000000,3
2024-12-01,2024-12-31,month,predicate_baseline,macro_predicate.net.capacity_under_construction,0.00000000,3
2024-12-01,2024-12-31,month,predicate_baseline,macro_predicate.net.export_demand_improves,0.00000000,3
2024-12-01,2024-12-31,month,predicate_baseline,macro_predicate.net.financing_constraint_eases,0.00000000,3
2024-12-01,2024-12-31,month,predicate_baseline,macro_predicate.net.grid_investment_accelerates,0.24866667,3
2024-12-01,2024-12-31,month,predicate_baseline,macro_predicate.net.industry_competition_intensifies,0.00000000,3
2024-12-01,2024-12-31,month,predicate_baseline,macro_predicate.net.inventory_pressure_increases,0.00000000,3
2024-12-01,2024-12-31,month,predicate_baseline,macro_predicate.net.order_demand_improves,0.07000000,3
2024-12-01,2024-12-31,month,predicate_baseline,macro_predicate.net.policy_accelerates_project_implementation,0.21758333,3
2024-12-01,2024-12-31,month,predicate_baseline,macro_predicate.net.policy_expands_effective_demand,0.00000000,3
2024-12-01,2024-12-31,month,predicate_baseline,macro_predicate.net.product_price_recovers,0.00000000,3
2024-12-01,2024-12-31,month,predicate_baseline,macro_predicate.net.raw_material_cost_pressure,0.00000000,3
2024-12-01,2024-12-31,month,predicate_baseline,source.share.announcement,0.00000000,3
2024-12-01,2024-12-31,month,predicate_baseline,source.share.ir_qa,0.00000000,3
2024-12-01,2024-12-31,month,predicate_baseline,source.share.news,0.33333333,3
2024-12-01,2024-12-31,month,predicate_baseline,source.share.policy,0.66666667,3
2024-12-01,2024-12-31,month,predicate_baseline,topic.share.battery,0.33333333,3
2024-12-01,2024-12-31,month,predicate_baseline,topic.share.grid,0.33333333,3
2024-12-01,2024-12-31,month,predicate_baseline,topic.share.photovoltaic,0.00000000,3
2024-12-01,2024-12-31,month,predicate_baseline,topic.share.storage,0.33333333,3
2024-12-01,2024-12-31,month,predicate_baseline,topic.share.wind,0.00000000,3
2025-01-01,2025-02-28,jan_feb_combined,predicate_baseline,candidate.mean,1.15308800,10
2025-01-01,2025-02-28,jan_feb_combined,predicate_baseline,candidate.p25,1.15308800,10
2025-01-01,2025-02-28,jan_feb_combined,predicate_baseline,candidate.p50,1.15308800,10
2025-01-01,2025-02-28,jan_feb_combined,predicate_baseline,candidate.p75,1.15308800,10
2025-01-01,2025-02-28,jan_feb_combined,predicate_baseline,candidate.positive_share,1.00000000,10
2025-01-01,2025-02-28,jan_feb_combined,predicate_baseline,candidate.std,0.00000000,10
2025-01-01,2025-02-28,jan_feb_combined,predicate_baseline,coverage.ai_annotation_success_rate,0.90000000,10
2025-01-01,2025-02-28,jan_feb_combined,predicate_baseline,coverage.document_count_log1p,2.39789527,10
2025-01-01,2025-02-28,jan_feb_combined,predicate_baseline,coverage.event_count_log1p,3.58351894,10
2025-01-01,2025-02-28,jan_feb_combined,predicate_baseline,coverage.independent_source_count_log1p,2.39789527,10
2025-01-01,2025-02-28,jan_feb_combined,predicate_baseline,evidence.entity_confidence_mean,0.67964912,10
2025-01-01,2025-02-28,jan_feb_combined,predicate_baseline,evidence.event_strength_mean,0.79457143,10
2025-01-01,2025-02-28,jan_feb_combined,predicate_baseline,frozen_rule.supporting_document_share,0.10000000,10
2025-01-01,2025-02-28,jan_feb_combined,predicate_baseline,frozen_rule.unique_rule_count_log1p,1.09861229,10
2025-01-01,2025-02-28,jan_feb_combined,predicate_baseline,legacy_predicate.confidence.announcement_contains_uncertainty,0.78000000,10
2025-01-01,2025-02-28,jan_feb_combined,predicate_baseline,legacy_predicate.confidence.capacity_policy_support,0.74000000,10
2025-01-01,2025-02-28,jan_feb_combined,predicate_baseline,legacy_predicate.confidence.demand_side_policy,0.74000000,10
2025-01-01,2025-02-28,jan_feb_combined,predicate_baseline,legacy_predicate.confidence.event_evidence_strength,0.92000000,10
2025-01-01,2025-02-28,jan_feb_combined,predicate_baseline,legacy_predicate.confidence.event_has_short_term_price_impact,0.70000000,10
2025-01-01,2025-02-28,jan_feb_combined,predicate_baseline,legacy_predicate.confidence.event_mentions_core_product,0.88000000,10
2025-01-01,2025-02-28,jan_feb_combined,predicate_baseline,legacy_predicate.confidence.evidence_from_authoritative_source,0.83000000,10
2025-01-01,2025-02-28,jan_feb_combined,predicate_baseline,legacy_predicate.confidence.has_policy_support,0.92000000,10
2025-01-01,2025-02-28,jan_feb_combined,predicate_baseline,legacy_predicate.confidence.institutional_attention_increases,0.70000000,10
2025-01-01,2025-02-28,jan_feb_combined,predicate_baseline,legacy_predicate.confidence.investor_questions_increase,0.82000000,10
2025-01-01,2025-02-28,jan_feb_combined,predicate_baseline,legacy_predicate.confidence.management_response_vague,0.76000000,10
2025-01-01,2025-02-28,jan_feb_combined,predicate_baseline,legacy_predicate.confidence.policy_attention_followup,0.84000000,10
2025-01-01,2025-02-28,jan_feb_combined,predicate_baseline,legacy_predicate.confidence.policy_directly_related_to_business,0.84000000,10
2025-01-01,2025-02-28,jan_feb_combined,predicate_baseline,legacy_predicate.confidence.risk_or_uncertainty_disclosure,0.78000000,10
2025-01-01,2025-02-28,jan_feb_combined,predicate_baseline,legacy_predicate.confidence.social_attention_spikes,0.68000000,10
2025-01-01,2025-02-28,jan_feb_combined,predicate_baseline,legacy_predicate.confidence.source_company_announcement,0.78000000,10
2025-01-01,2025-02-28,jan_feb_combined,predicate_baseline,legacy_predicate.confidence.source_government_or_exchange,0.85500000,10
2025-01-01,2025-02-28,jan_feb_combined,predicate_baseline,legacy_predicate.confidence.source_major_media,0.76000000,10
2025-01-01,2025-02-28,jan_feb_combined,predicate_baseline,legacy_predicate.confidence.supply_side_policy,0.74000000,10
2025-01-01,2025-02-28,jan_feb_combined,predicate_baseline,legacy_predicate.mean.announcement_contains_uncertainty,0.00000000,10
2025-01-01,2025-02-28,jan_feb_combined,predicate_baseline,legacy_predicate.mean.capacity_policy_support,0.00000000,10
2025-01-01,2025-02-28,jan_feb_combined,predicate_baseline,legacy_predicate.mean.demand_side_policy,0.00000000,10
2025-01-01,2025-02-28,jan_feb_combined,predicate_baseline,legacy_predicate.mean.event_evidence_strength,0.85000000,10
2025-01-01,2025-02-28,jan_feb_combined,predicate_baseline,legacy_predicate.mean.event_has_short_term_price_impact,0.73000000,10
2025-01-01,2025-02-28,jan_feb_combined,predicate_baseline,legacy_predicate.mean.event_mentions_core_product,1.00000000,10
2025-01-01,2025-02-28,jan_feb_combined,predicate_baseline,legacy_predicate.mean.evidence_from_authoritative_source,0.50000000,10
2025-01-01,2025-02-28,jan_feb_combined,predicate_baseline,legacy_predicate.mean.has_policy_support,0.50000000,10
2025-01-01,2025-02-28,jan_feb_combined,predicate_baseline,legacy_predicate.mean.institutional_attention_increases,0.00000000,10
2025-01-01,2025-02-28,jan_feb_combined,predicate_baseline,legacy_predicate.mean.investor_questions_increase,0.00000000,10
2025-01-01,2025-02-28,jan_feb_combined,predicate_baseline,legacy_predicate.mean.management_response_vague,0.00000000,10
2025-01-01,2025-02-28,jan_feb_combined,predicate_baseline,legacy_predicate.mean.policy_attention_followup,1.00000000,10
2025-01-01,2025-02-28,jan_feb_combined,predicate_baseline,legacy_predicate.mean.policy_directly_related_to_business,0.50000000,10
2025-01-01,2025-02-28,jan_feb_combined,predicate_baseline,legacy_predicate.mean.risk_or_uncertainty_disclosure,0.00000000,10
2025-01-01,2025-02-28,jan_feb_combined,predicate_baseline,legacy_predicate.mean.social_attention_spikes,0.00000000,10
2025-01-01,2025-02-28,jan_feb_combined,predicate_baseline,legacy_predicate.mean.source_company_announcement,0.00000000,10
2025-01-01,2025-02-28,jan_feb_combined,predicate_baseline,legacy_predicate.mean.source_government_or_exchange,0.50000000,10
2025-01-01,2025-02-28,jan_feb_combined,predicate_baseline,legacy_predicate.mean.source_major_media,0.00000000,10
2025-01-01,2025-02-28,jan_feb_combined,predicate_baseline,legacy_predicate.mean.supply_side_policy,0.00000000,10
2025-01-01,2025-02-28,jan_feb_combined,predicate_baseline,macro_predicate.hit_rate.capacity_enters_production,0.00000000,10
2025-01-01,2025-02-28,jan_feb_combined,predicate_baseline,macro_predicate.hit_rate.capacity_under_construction,0.00000000,10
2025-01-01,2025-02-28,jan_feb_combined,predicate_baseline,macro_predicate.hit_rate.export_demand_improves,0.10000000,10
2025-01-01,2025-02-28,jan_feb_combined,predicate_baseline,macro_predicate.hit_rate.financing_constraint_eases,0.00000000,10
2025-01-01,2025-02-28,jan_feb_combined,predicate_baseline,macro_predicate.hit_rate.grid_investment_accelerates,0.10000000,10
2025-01-01,2025-02-28,jan_feb_combined,predicate_baseline,macro_predicate.hit_rate.industry_competition_intensifies,0.10000000,10
2025-01-01,2025-02-28,jan_feb_combined,predicate_baseline,macro_predicate.hit_rate.inventory_pressure_increases,0.00000000,10
2025-01-01,2025-02-28,jan_feb_combined,predicate_baseline,macro_predicate.hit_rate.order_demand_improves,0.30000000,10
2025-01-01,2025-02-28,jan_feb_combined,predicate_baseline,macro_predicate.hit_rate.policy_accelerates_project_implementation,0.10000000,10
2025-01-01,2025-02-28,jan_feb_combined,predicate_baseline,macro_predicate.hit_rate.policy_expands_effective_demand,0.20000000,10
2025-01-01,2025-02-28,jan_feb_combined,predicate_baseline,macro_predicate.hit_rate.product_price_recovers,0.00000000,10
2025-01-01,2025-02-28,jan_feb_combined,predicate_baseline,macro_predicate.hit_rate.raw_material_cost_pressure,0.00000000,10
2025-01-01,2025-02-28,jan_feb_combined,predicate_baseline,macro_predicate.net.capacity_enters_production,0.00000000,10
2025-01-01,2025-02-28,jan_feb_combined,predicate_baseline,macro_predicate.net.capacity_under_construction,0.00000000,10
2025-01-01,2025-02-28,jan_feb_combined,predicate_baseline,macro_predicate.net.export_demand_improves,0.05265000,10
2025-01-01,2025-02-28,jan_feb_combined,predicate_baseline,macro_predicate.net.financing_constraint_eases,0.00000000,10
2025-01-01,2025-02-28,jan_feb_combined,predicate_baseline,macro_predicate.net.grid_investment_accelerates,0.06341000,10
2025-01-01,2025-02-28,jan_feb_combined,predicate_baseline,macro_predicate.net.industry_competition_intensifies,-0.02100000,10
2025-01-01,2025-02-28,jan_feb_combined,predicate_baseline,macro_predicate.net.inventory_pressure_increases,0.00000000,10
2025-01-01,2025-02-28,jan_feb_combined,predicate_baseline,macro_predicate.net.order_demand_improves,0.08469375,10
2025-01-01,2025-02-28,jan_feb_combined,predicate_baseline,macro_predicate.net.policy_accelerates_project_implementation,0.01050000,10
2025-01-01,2025-02-28,jan_feb_combined,predicate_baseline,macro_predicate.net.policy_expands_effective_demand,0.03500000,10
2025-01-01,2025-02-28,jan_feb_combined,predicate_baseline,macro_predicate.net.product_price_recovers,0.00000000,10
2025-01-01,2025-02-28,jan_feb_combined,predicate_baseline,macro_predicate.net.raw_material_cost_pressure,0.00000000,10
2025-01-01,2025-02-28,jan_feb_combined,predicate_baseline,source.share.announcement,0.00000000,10
2025-01-01,2025-02-28,jan_feb_combined,predicate_baseline,source.share.ir_qa,0.00000000,10
2025-01-01,2025-02-28,jan_feb_combined,predicate_baseline,source.share.news,0.70000000,10
2025-01-01,2025-02-28,jan_feb_combined,predicate_baseline,source.share.policy,0.30000000,10
2025-01-01,2025-02-28,jan_feb_combined,predicate_baseline,topic.share.battery,0.10000000,10
2025-01-01,2025-02-28,jan_feb_combined,predicate_baseline,topic.share.grid,0.10000000,10
2025-01-01,2025-02-28,jan_feb_combined,predicate_baseline,topic.share.photovoltaic,0.00000000,10
2025-01-01,2025-02-28,jan_feb_combined,predicate_baseline,topic.share.storage,0.20000000,10
2025-01-01,2025-02-28,jan_feb_combined,predicate_baseline,topic.share.wind,0.00000000,10
2025-03-01,2025-03-31,month,predicate_baseline,candidate.mean,0.00000000,2
2025-03-01,2025-03-31,month,predicate_baseline,candidate.p25,0.00000000,2
2025-03-01,2025-03-31,month,predicate_baseline,candidate.p50,0.00000000,2
2025-03-01,2025-03-31,month,predicate_baseline,candidate.p75,0.00000000,2
2025-03-01,2025-03-31,month,predicate_baseline,candidate.positive_share,0.00000000,2
2025-03-01,2025-03-31,month,predicate_baseline,candidate.std,0.00000000,2
2025-03-01,2025-03-31,month,predicate_baseline,coverage.ai_annotation_success_rate,1.00000000,2
2025-03-01,2025-03-31,month,predicate_baseline,coverage.document_count_log1p,1.09861229,2
2025-03-01,2025-03-31,month,predicate_baseline,coverage.event_count_log1p,0.00000000,2
2025-03-01,2025-03-31,month,predicate_baseline,coverage.independent_source_count_log1p,1.09861229,2
2025-03-01,2025-03-31,month,predicate_baseline,evidence.entity_confidence_mean,0.68153846,2
2025-03-01,2025-03-31,month,predicate_baseline,evidence.event_strength_mean,0.00000000,2
2025-03-01,2025-03-31,month,predicate_baseline,frozen_rule.supporting_document_share,0.00000000,2
2025-03-01,2025-03-31,month,predicate_baseline,frozen_rule.unique_rule_count_log1p,0.00000000,2
2025-03-01,2025-03-31,month,predicate_baseline,macro_predicate.hit_rate.capacity_enters_production,0.00000000,2
2025-03-01,2025-03-31,month,predicate_baseline,macro_predicate.hit_rate.capacity_under_construction,0.00000000,2
2025-03-01,2025-03-31,month,predicate_baseline,macro_predicate.hit_rate.export_demand_improves,0.00000000,2
2025-03-01,2025-03-31,month,predicate_baseline,macro_predicate.hit_rate.financing_constraint_eases,0.00000000,2
2025-03-01,2025-03-31,month,predicate_baseline,macro_predicate.hit_rate.grid_investment_accelerates,0.50000000,2
2025-03-01,2025-03-31,month,predicate_baseline,macro_predicate.hit_rate.industry_competition_intensifies,0.00000000,2
2025-03-01,2025-03-31,month,predicate_baseline,macro_predicate.hit_rate.inventory_pressure_increases,0.00000000,2
2025-03-01,2025-03-31,month,predicate_baseline,macro_predicate.hit_rate.order_demand_improves,0.00000000,2
2025-03-01,2025-03-31,month,predicate_baseline,macro_predicate.hit_rate.policy_accelerates_project_implementation,0.50000000,2
2025-03-01,2025-03-31,month,predicate_baseline,macro_predicate.hit_rate.policy_expands_effective_demand,0.00000000,2
2025-03-01,2025-03-31,month,predicate_baseline,macro_predicate.hit_rate.product_price_recovers,0.00000000,2
2025-03-01,2025-03-31,month,predicate_baseline,macro_predicate.hit_rate.raw_material_cost_pressure,0.00000000,2
2025-03-01,2025-03-31,month,predicate_baseline,macro_predicate.net.capacity_enters_production,0.00000000,2
2025-03-01,2025-03-31,month,predicate_baseline,macro_predicate.net.capacity_under_construction,0.00000000,2
2025-03-01,2025-03-31,month,predicate_baseline,macro_predicate.net.export_demand_improves,0.00000000,2
2025-03-01,2025-03-31,month,predicate_baseline,macro_predicate.net.financing_constraint_eases,0.00000000,2
2025-03-01,2025-03-31,month,predicate_baseline,macro_predicate.net.grid_investment_accelerates,0.37300000,2
2025-03-01,2025-03-31,month,predicate_baseline,macro_predicate.net.industry_competition_intensifies,0.00000000,2
2025-03-01,2025-03-31,month,predicate_baseline,macro_predicate.net.inventory_pressure_increases,0.00000000,2
2025-03-01,2025-03-31,month,predicate_baseline,macro_predicate.net.order_demand_improves,0.00000000,2
2025-03-01,2025-03-31,month,predicate_baseline,macro_predicate.net.policy_accelerates_project_implementation,0.32637500,2
2025-03-01,2025-03-31,month,predicate_baseline,macro_predicate.net.policy_expands_effective_demand,0.00000000,2
2025-03-01,2025-03-31,month,predicate_baseline,macro_predicate.net.product_price_recovers,0.00000000,2
2025-03-01,2025-03-31,month,predicate_baseline,macro_predicate.net.raw_material_cost_pressure,0.00000000,2
2025-03-01,2025-03-31,month,predicate_baseline,source.share.announcement,0.00000000,2
2025-03-01,2025-03-31,month,predicate_baseline,source.share.ir_qa,0.00000000,2
2025-03-01,2025-03-31,month,predicate_baseline,source.share.news,0.50000000,2
2025-03-01,2025-03-31,month,predicate_baseline,source.share.policy,0.50000000,2
2025-03-01,2025-03-31,month,predicate_baseline,topic.share.battery,0.50000000,2
2025-03-01,2025-03-31,month,predicate_baseline,topic.share.grid,0.50000000,2
2025-03-01,2025-03-31,month,predicate_baseline,topic.share.photovoltaic,0.00000000,2
2025-03-01,2025-03-31,month,predicate_baseline,topic.share.storage,0.00000000,2
2025-03-01,2025-03-31,month,predicate_baseline,topic.share.wind,0.00000000,2
2025-04-01,2025-04-30,month,predicate_baseline,candidate.mean,0.00000000,2
2025-04-01,2025-04-30,month,predicate_baseline,candidate.p25,0.00000000,2
2025-04-01,2025-04-30,month,predicate_baseline,candidate.p50,0.00000000,2
2025-04-01,2025-04-30,month,predicate_baseline,candidate.p75,0.00000000,2
2025-04-01,2025-04-30,month,predicate_baseline,candidate.positive_share,0.00000000,2
2025-04-01,2025-04-30,month,predicate_baseline,candidate.std,0.00000000,2
2025-04-01,2025-04-30,month,predicate_baseline,coverage.ai_annotation_success_rate,1.00000000,2
2025-04-01,2025-04-30,month,predicate_baseline,coverage.document_count_log1p,1.09861229,2
2025-04-01,2025-04-30,month,predicate_baseline,coverage.event_count_log1p,0.00000000,2
2025-04-01,2025-04-30,month,predicate_baseline,coverage.independent_source_count_log1p,1.09861229,2
2025-04-01,2025-04-30,month,predicate_baseline,evidence.entity_confidence_mean,0.74000000,2
2025-04-01,2025-04-30,month,predicate_baseline,evidence.event_strength_mean,0.00000000,2
2025-04-01,2025-04-30,month,predicate_baseline,frozen_rule.supporting_document_share,0.00000000,2
2025-04-01,2025-04-30,month,predicate_baseline,frozen_rule.unique_rule_count_log1p,0.00000000,2
2025-04-01,2025-04-30,month,predicate_baseline,macro_predicate.hit_rate.capacity_enters_production,0.00000000,2
2025-04-01,2025-04-30,month,predicate_baseline,macro_predicate.hit_rate.capacity_under_construction,0.00000000,2
2025-04-01,2025-04-30,month,predicate_baseline,macro_predicate.hit_rate.export_demand_improves,0.00000000,2
2025-04-01,2025-04-30,month,predicate_baseline,macro_predicate.hit_rate.financing_constraint_eases,0.00000000,2
2025-04-01,2025-04-30,month,predicate_baseline,macro_predicate.hit_rate.grid_investment_accelerates,0.00000000,2
2025-04-01,2025-04-30,month,predicate_baseline,macro_predicate.hit_rate.industry_competition_intensifies,0.00000000,2
2025-04-01,2025-04-30,month,predicate_baseline,macro_predicate.hit_rate.inventory_pressure_increases,0.00000000,2
2025-04-01,2025-04-30,month,predicate_baseline,macro_predicate.hit_rate.order_demand_improves,0.50000000,2
2025-04-01,2025-04-30,month,predicate_baseline,macro_predicate.hit_rate.policy_accelerates_project_implementation,0.00000000,2
2025-04-01,2025-04-30,month,predicate_baseline,macro_predicate.hit_rate.policy_expands_effective_demand,0.00000000,2
2025-04-01,2025-04-30,month,predicate_baseline,macro_predicate.hit_rate.product_price_recovers,0.00000000,2
2025-04-01,2025-04-30,month,predicate_baseline,macro_predicate.hit_rate.raw_material_cost_pressure,0.00000000,2
2025-04-01,2025-04-30,month,predicate_baseline,macro_predicate.net.capacity_enters_production,0.00000000,2
2025-04-01,2025-04-30,month,predicate_baseline,macro_predicate.net.capacity_under_construction,0.00000000,2
2025-04-01,2025-04-30,month,predicate_baseline,macro_predicate.net.export_demand_improves,0.00000000,2
2025-04-01,2025-04-30,month,predicate_baseline,macro_predicate.net.financing_constraint_eases,0.00000000,2
2025-04-01,2025-04-30,month,predicate_baseline,macro_predicate.net.grid_investment_accelerates,0.00000000,2
2025-04-01,2025-04-30,month,predicate_baseline,macro_predicate.net.industry_competition_intensifies,0.00000000,2
2025-04-01,2025-04-30,month,predicate_baseline,macro_predicate.net.inventory_pressure_increases,0.00000000,2
2025-04-01,2025-04-30,month,predicate_baseline,macro_predicate.net.order_demand_improves,0.10500000,2
2025-04-01,2025-04-30,month,predicate_baseline,macro_predicate.net.policy_accelerates_project_implementation,0.00000000,2
2025-04-01,2025-04-30,month,predicate_baseline,macro_predicate.net.policy_expands_effective_demand,0.00000000,2
2025-04-01,2025-04-30,month,predicate_baseline,macro_predicate.net.product_price_recovers,0.00000000,2
2025-04-01,2025-04-30,month,predicate_baseline,macro_predicate.net.raw_material_cost_pressure,0.00000000,2
2025-04-01,2025-04-30,month,predicate_baseline,source.share.announcement,0.00000000,2
2025-04-01,2025-04-30,month,predicate_baseline,source.share.ir_qa,0.00000000,2
2025-04-01,2025-04-30,month,predicate_baseline,source.share.news,0.50000000,2
2025-04-01,2025-04-30,month,predicate_baseline,source.share.policy,0.50000000,2
2025-04-01,2025-04-30,month,predicate_baseline,topic.share.battery,0.00000000,2
2025-04-01,2025-04-30,month,predicate_baseline,topic.share.grid,0.00000000,2
2025-04-01,2025-04-30,month,predicate_baseline,topic.share.photovoltaic,0.00000000,2
2025-04-01,2025-04-30,month,predicate_baseline,topic.share.storage,0.00000000,2
2025-04-01,2025-04-30,month,predicate_baseline,topic.share.wind,0.00000000,2
2025-05-01,2025-05-31,month,predicate_baseline,candidate.mean,0.00000000,2
2025-05-01,2025-05-31,month,predicate_baseline,candidate.p25,0.00000000,2
2025-05-01,2025-05-31,month,predicate_baseline,candidate.p50,0.00000000,2
2025-05-01,2025-05-31,month,predicate_baseline,candidate.p75,0.00000000,2
2025-05-01,2025-05-31,month,predicate_baseline,candidate.positive_share,0.00000000,2
2025-05-01,2025-05-31,month,predicate_baseline,candidate.std,0.00000000,2
2025-05-01,2025-05-31,month,predicate_baseline,coverage.ai_annotation_success_rate,1.00000000,2
2025-05-01,2025-05-31,month,predicate_baseline,coverage.document_count_log1p,1.09861229,2
2025-05-01,2025-05-31,month,predicate_baseline,coverage.event_count_log1p,1.94591015,2
2025-05-01,2025-05-31,month,predicate_baseline,coverage.independent_source_count_log1p,1.09861229,2
2025-05-01,2025-05-31,month,predicate_baseline,evidence.entity_confidence_mean,0.70000000,2
2025-05-01,2025-05-31,month,predicate_baseline,evidence.event_strength_mean,0.84000000,2
2025-05-01,2025-05-31,month,predicate_baseline,frozen_rule.supporting_document_share,0.00000000,2
2025-05-01,2025-05-31,month,predicate_baseline,frozen_rule.unique_rule_count_log1p,0.00000000,2
2025-05-01,2025-05-31,month,predicate_baseline,legacy_predicate.confidence.announcement_contains_uncertainty,0.78000000,2
2025-05-01,2025-05-31,month,predicate_baseline,legacy_predicate.confidence.capacity_policy_support,0.74000000,2
2025-05-01,2025-05-31,month,predicate_baseline,legacy_predicate.confidence.demand_side_policy,0.74000000,2
2025-05-01,2025-05-31,month,predicate_baseline,legacy_predicate.confidence.event_evidence_strength,0.92000000,2
2025-05-01,2025-05-31,month,predicate_baseline,legacy_predicate.confidence.event_has_short_term_price_impact,0.70000000,2
2025-05-01,2025-05-31,month,predicate_baseline,legacy_predicate.confidence.event_mentions_core_product,0.88000000,2
2025-05-01,2025-05-31,month,predicate_baseline,legacy_predicate.confidence.evidence_from_authoritative_source,0.72000000,2
2025-05-01,2025-05-31,month,predicate_baseline,legacy_predicate.confidence.has_policy_support,0.88000000,2
2025-05-01,2025-05-31,month,predicate_baseline,legacy_predicate.confidence.institutional_attention_increases,0.70000000,2
2025-05-01,2025-05-31,month,predicate_baseline,legacy_predicate.confidence.investor_questions_increase,0.82000000,2
2025-05-01,2025-05-31,month,predicate_baseline,legacy_predicate.confidence.management_response_vague,0.76000000,2
2025-05-01,2025-05-31,month,predicate_baseline,legacy_predicate.confidence.policy_attention_followup,0.84000000,2
2025-05-01,2025-05-31,month,predicate_baseline,legacy_predicate.confidence.policy_directly_related_to_business,0.78000000,2
2025-05-01,2025-05-31,month,predicate_baseline,legacy_predicate.confidence.risk_or_uncertainty_disclosure,0.78000000,2
2025-05-01,2025-05-31,month,predicate_baseline,legacy_predicate.confidence.social_attention_spikes,0.68000000,2
2025-05-01,2025-05-31,month,predicate_baseline,legacy_predicate.confidence.source_company_announcement,0.78000000,2
2025-05-01,2025-05-31,month,predicate_baseline,legacy_predicate.confidence.source_government_or_exchange,0.76000000,2
2025-05-01,2025-05-31,month,predicate_baseline,legacy_predicate.confidence.source_major_media,0.76000000,2
2025-05-01,2025-05-31,month,predicate_baseline,legacy_predicate.confidence.supply_side_policy,0.74000000,2
2025-05-01,2025-05-31,month,predicate_baseline,legacy_predicate.mean.announcement_contains_uncertainty,0.00000000,2
2025-05-01,2025-05-31,month,predicate_baseline,legacy_predicate.mean.capacity_policy_support,0.00000000,2
2025-05-01,2025-05-31,month,predicate_baseline,legacy_predicate.mean.demand_side_policy,0.00000000,2
2025-05-01,2025-05-31,month,predicate_baseline,legacy_predicate.mean.event_evidence_strength,0.76000000,2
2025-05-01,2025-05-31,month,predicate_baseline,legacy_predicate.mean.event_has_short_term_price_impact,0.68000000,2
2025-05-01,2025-05-31,month,predicate_baseline,legacy_predicate.mean.event_mentions_core_product,1.00000000,2
2025-05-01,2025-05-31,month,predicate_baseline,legacy_predicate.mean.evidence_from_authoritative_source,0.00000000,2
2025-05-01,2025-05-31,month,predicate_baseline,legacy_predicate.mean.has_policy_support,0.00000000,2
2025-05-01,2025-05-31,month,predicate_baseline,legacy_predicate.mean.institutional_attention_increases,0.00000000,2
2025-05-01,2025-05-31,month,predicate_baseline,legacy_predicate.mean.investor_questions_increase,0.00000000,2
2025-05-01,2025-05-31,month,predicate_baseline,legacy_predicate.mean.management_response_vague,0.00000000,2
2025-05-01,2025-05-31,month,predicate_baseline,legacy_predicate.mean.policy_attention_followup,1.00000000,2
2025-05-01,2025-05-31,month,predicate_baseline,legacy_predicate.mean.policy_directly_related_to_business,0.00000000,2
2025-05-01,2025-05-31,month,predicate_baseline,legacy_predicate.mean.risk_or_uncertainty_disclosure,0.00000000,2
2025-05-01,2025-05-31,month,predicate_baseline,legacy_predicate.mean.social_attention_spikes,0.00000000,2
2025-05-01,2025-05-31,month,predicate_baseline,legacy_predicate.mean.source_company_announcement,0.00000000,2
2025-05-01,2025-05-31,month,predicate_baseline,legacy_predicate.mean.source_government_or_exchange,0.00000000,2
2025-05-01,2025-05-31,month,predicate_baseline,legacy_predicate.mean.source_major_media,0.00000000,2
2025-05-01,2025-05-31,month,predicate_baseline,legacy_predicate.mean.supply_side_policy,0.00000000,2
2025-05-01,2025-05-31,month,predicate_baseline,macro_predicate.hit_rate.capacity_enters_production,0.00000000,2
2025-05-01,2025-05-31,month,predicate_baseline,macro_predicate.hit_rate.capacity_under_construction,0.00000000,2
2025-05-01,2025-05-31,month,predicate_baseline,macro_predicate.hit_rate.export_demand_improves,0.00000000,2
2025-05-01,2025-05-31,month,predicate_baseline,macro_predicate.hit_rate.financing_constraint_eases,0.00000000,2
2025-05-01,2025-05-31,month,predicate_baseline,macro_predicate.hit_rate.grid_investment_accelerates,0.00000000,2
2025-05-01,2025-05-31,month,predicate_baseline,macro_predicate.hit_rate.industry_competition_intensifies,0.00000000,2
2025-05-01,2025-05-31,month,predicate_baseline,macro_predicate.hit_rate.inventory_pressure_increases,0.00000000,2
2025-05-01,2025-05-31,month,predicate_baseline,macro_predicate.hit_rate.order_demand_improves,0.50000000,2
2025-05-01,2025-05-31,month,predicate_baseline,macro_predicate.hit_rate.policy_accelerates_project_implementation,0.00000000,2
2025-05-01,2025-05-31,month,predicate_baseline,macro_predicate.hit_rate.policy_expands_effective_demand,0.50000000,2
2025-05-01,2025-05-31,month,predicate_baseline,macro_predicate.hit_rate.product_price_recovers,0.00000000,2
2025-05-01,2025-05-31,month,predicate_baseline,macro_predicate.hit_rate.raw_material_cost_pressure,0.00000000,2
2025-05-01,2025-05-31,month,predicate_baseline,macro_predicate.net.capacity_enters_production,0.00000000,2
2025-05-01,2025-05-31,month,predicate_baseline,macro_predicate.net.capacity_under_construction,0.00000000,2
2025-05-01,2025-05-31,month,predicate_baseline,macro_predicate.net.export_demand_improves,0.00000000,2
2025-05-01,2025-05-31,month,predicate_baseline,macro_predicate.net.financing_constraint_eases,0.00000000,2
2025-05-01,2025-05-31,month,predicate_baseline,macro_predicate.net.grid_investment_accelerates,0.00000000,2
2025-05-01,2025-05-31,month,predicate_baseline,macro_predicate.net.industry_competition_intensifies,0.00000000,2
2025-05-01,2025-05-31,month,predicate_baseline,macro_predicate.net.inventory_pressure_increases,0.00000000,2
2025-05-01,2025-05-31,month,predicate_baseline,macro_predicate.net.order_demand_improves,0.35200000,2
2025-05-01,2025-05-31,month,predicate_baseline,macro_predicate.net.policy_accelerates_project_implementation,0.00000000,2
2025-05-01,2025-05-31,month,predicate_baseline,macro_predicate.net.policy_expands_effective_demand,0.33000000,2
2025-05-01,2025-05-31,month,predicate_baseline,macro_predicate.net.product_price_recovers,0.00000000,2
2025-05-01,2025-05-31,month,predicate_baseline,macro_predicate.net.raw_material_cost_pressure,0.00000000,2
2025-05-01,2025-05-31,month,predicate_baseline,source.share.announcement,0.00000000,2
2025-05-01,2025-05-31,month,predicate_baseline,source.share.ir_qa,0.00000000,2
2025-05-01,2025-05-31,month,predicate_baseline,source.share.news,1.00000000,2
2025-05-01,2025-05-31,month,predicate_baseline,source.share.policy,0.00000000,2
2025-05-01,2025-05-31,month,predicate_baseline,topic.share.battery,0.50000000,2
2025-05-01,2025-05-31,month,predicate_baseline,topic.share.grid,0.00000000,2
2025-05-01,2025-05-31,month,predicate_baseline,topic.share.photovoltaic,0.50000000,2
2025-05-01,2025-05-31,month,predicate_baseline,topic.share.storage,0.00000000,2
2025-05-01,2025-05-31,month,predicate_baseline,topic.share.wind,0.00000000,2
2025-06-01,2025-06-30,month,predicate_baseline,candidate.mean,0.47803200,2
2025-06-01,2025-06-30,month,predicate_baseline,candidate.p25,0.47803200,2
2025-06-01,2025-06-30,month,predicate_baseline,candidate.p50,0.47803200,2
2025-06-01,2025-06-30,month,predicate_baseline,candidate.p75,0.47803200,2
2025-06-01,2025-06-30,month,predicate_baseline,candidate.positive_share,1.00000000,2
2025-06-01,2025-06-30,month,predicate_baseline,candidate.std,0.00000000,2
2025-06-01,2025-06-30,month,predicate_baseline,coverage.ai_annotation_success_rate,1.00000000,2
2025-06-01,2025-06-30,month,predicate_baseline,coverage.document_count_log1p,1.09861229,2
2025-06-01,2025-06-30,month,predicate_baseline,coverage.event_count_log1p,1.94591015,2
2025-06-01,2025-06-30,month,predicate_baseline,coverage.independent_source_count_log1p,1.09861229,2
2025-06-01,2025-06-30,month,predicate_baseline,evidence.entity_confidence_mean,0.73636364,2
2025-06-01,2025-06-30,month,predicate_baseline,evidence.event_strength_mean,0.84000000,2
2025-06-01,2025-06-30,month,predicate_baseline,frozen_rule.supporting_document_share,0.50000000,2
2025-06-01,2025-06-30,month,predicate_baseline,frozen_rule.unique_rule_count_log1p,0.69314718,2
2025-06-01,2025-06-30,month,predicate_baseline,legacy_predicate.confidence.announcement_contains_uncertainty,0.78000000,2
2025-06-01,2025-06-30,month,predicate_baseline,legacy_predicate.confidence.capacity_policy_support,0.74000000,2
2025-06-01,2025-06-30,month,predicate_baseline,legacy_predicate.confidence.demand_side_policy,0.74000000,2
2025-06-01,2025-06-30,month,predicate_baseline,legacy_predicate.confidence.event_evidence_strength,0.92000000,2
2025-06-01,2025-06-30,month,predicate_baseline,legacy_predicate.confidence.event_has_short_term_price_impact,0.70000000,2
2025-06-01,2025-06-30,month,predicate_baseline,legacy_predicate.confidence.event_mentions_core_product,0.88000000,2
2025-06-01,2025-06-30,month,predicate_baseline,legacy_predicate.confidence.evidence_from_authoritative_source,0.86666667,2
2025-06-01,2025-06-30,month,predicate_baseline,legacy_predicate.confidence.has_policy_support,0.88000000,2
2025-06-01,2025-06-30,month,predicate_baseline,legacy_predicate.confidence.institutional_attention_increases,0.70000000,2
2025-06-01,2025-06-30,month,predicate_baseline,legacy_predicate.confidence.investor_questions_increase,0.82000000,2
2025-06-01,2025-06-30,month,predicate_baseline,legacy_predicate.confidence.management_response_vague,0.76000000,2
2025-06-01,2025-06-30,month,predicate_baseline,legacy_predicate.confidence.policy_attention_followup,0.84000000,2
2025-06-01,2025-06-30,month,predicate_baseline,legacy_predicate.confidence.policy_directly_related_to_business,0.78000000,2
2025-06-01,2025-06-30,month,predicate_baseline,legacy_predicate.confidence.risk_or_uncertainty_disclosure,0.78000000,2
2025-06-01,2025-06-30,month,predicate_baseline,legacy_predicate.confidence.social_attention_spikes,0.77333333,2
2025-06-01,2025-06-30,month,predicate_baseline,legacy_predicate.confidence.source_company_announcement,0.78000000,2
2025-06-01,2025-06-30,month,predicate_baseline,legacy_predicate.confidence.source_government_or_exchange,0.76000000,2
2025-06-01,2025-06-30,month,predicate_baseline,legacy_predicate.confidence.source_major_media,0.85333333,2
2025-06-01,2025-06-30,month,predicate_baseline,legacy_predicate.confidence.supply_side_policy,0.74000000,2
2025-06-01,2025-06-30,month,predicate_baseline,legacy_predicate.mean.announcement_contains_uncertainty,0.00000000,2
2025-06-01,2025-06-30,month,predicate_baseline,legacy_predicate.mean.capacity_policy_support,0.00000000,2
2025-06-01,2025-06-30,month,predicate_baseline,legacy_predicate.mean.demand_side_policy,0.00000000,2
2025-06-01,2025-06-30,month,predicate_baseline,legacy_predicate.mean.event_evidence_strength,0.76000000,2
2025-06-01,2025-06-30,month,predicate_baseline,legacy_predicate.mean.event_has_short_term_price_impact,0.68000000,2
2025-06-01,2025-06-30,month,predicate_baseline,legacy_predicate.mean.event_mentions_core_product,1.00000000,2
2025-06-01,2025-06-30,month,predicate_baseline,legacy_predicate.mean.evidence_from_authoritative_source,1.00000000,2
2025-06-01,2025-06-30,month,predicate_baseline,legacy_predicate.mean.has_policy_support,0.00000000,2
2025-06-01,2025-06-30,month,predicate_baseline,legacy_predicate.mean.institutional_attention_increases,0.00000000,2
2025-06-01,2025-06-30,month,predicate_baseline,legacy_predicate.mean.investor_questions_increase,0.00000000,2
2025-06-01,2025-06-30,month,predicate_baseline,legacy_predicate.mean.management_response_vague,0.00000000,2
2025-06-01,2025-06-30,month,predicate_baseline,legacy_predicate.mean.policy_attention_followup,1.00000000,2
2025-06-01,2025-06-30,month,predicate_baseline,legacy_predicate.mean.policy_directly_related_to_business,0.00000000,2
2025-06-01,2025-06-30,month,predicate_baseline,legacy_predicate.mean.risk_or_uncertainty_disclosure,0.00000000,2
2025-06-01,2025-06-30,month,predicate_baseline,legacy_predicate.mean.social_attention_spikes,1.00000000,2
2025-06-01,2025-06-30,month,predicate_baseline,legacy_predicate.mean.source_company_announcement,0.00000000,2
2025-06-01,2025-06-30,month,predicate_baseline,legacy_predicate.mean.source_government_or_exchange,0.00000000,2
2025-06-01,2025-06-30,month,predicate_baseline,legacy_predicate.mean.source_major_media,1.00000000,2
2025-06-01,2025-06-30,month,predicate_baseline,legacy_predicate.mean.supply_side_policy,0.00000000,2
2025-06-01,2025-06-30,month,predicate_baseline,macro_predicate.hit_rate.capacity_enters_production,0.00000000,2
2025-06-01,2025-06-30,month,predicate_baseline,macro_predicate.hit_rate.capacity_under_construction,0.50000000,2
2025-06-01,2025-06-30,month,predicate_baseline,macro_predicate.hit_rate.export_demand_improves,0.00000000,2
2025-06-01,2025-06-30,month,predicate_baseline,macro_predicate.hit_rate.financing_constraint_eases,0.00000000,2
2025-06-01,2025-06-30,month,predicate_baseline,macro_predicate.hit_rate.grid_investment_accelerates,0.00000000,2
2025-06-01,2025-06-30,month,predicate_baseline,macro_predicate.hit_rate.industry_competition_intensifies,0.50000000,2
2025-06-01,2025-06-30,month,predicate_baseline,macro_predicate.hit_rate.inventory_pressure_increases,0.00000000,2
2025-06-01,2025-06-30,month,predicate_baseline,macro_predicate.hit_rate.order_demand_improves,0.00000000,2
2025-06-01,2025-06-30,month,predicate_baseline,macro_predicate.hit_rate.policy_accelerates_project_implementation,0.00000000,2
2025-06-01,2025-06-30,month,predicate_baseline,macro_predicate.hit_rate.policy_expands_effective_demand,0.00000000,2
2025-06-01,2025-06-30,month,predicate_baseline,macro_predicate.hit_rate.product_price_recovers,0.00000000,2
2025-06-01,2025-06-30,month,predicate_baseline,macro_predicate.hit_rate.raw_material_cost_pressure,0.00000000,2
2025-06-01,2025-06-30,month,predicate_baseline,macro_predicate.net.capacity_enters_production,0.00000000,2
2025-06-01,2025-06-30,month,predicate_baseline,macro_predicate.net.capacity_under_construction,0.22275000,2
2025-06-01,2025-06-30,month,predicate_baseline,macro_predicate.net.export_demand_improves,0.00000000,2
2025-06-01,2025-06-30,month,predicate_baseline,macro_predicate.net.financing_constraint_eases,0.00000000,2
2025-06-01,2025-06-30,month,predicate_baseline,macro_predicate.net.grid_investment_accelerates,0.00000000,2
2025-06-01,2025-06-30,month,predicate_baseline,macro_predicate.net.industry_competition_intensifies,-0.09000000,2
2025-06-01,2025-06-30,month,predicate_baseline,macro_predicate.net.inventory_pressure_increases,0.00000000,2
2025-06-01,2025-06-30,month,predicate_baseline,macro_predicate.net.order_demand_improves,0.00000000,2
2025-06-01,2025-06-30,month,predicate_baseline,macro_predicate.net.policy_accelerates_project_implementation,0.00000000,2
2025-06-01,2025-06-30,month,predicate_baseline,macro_predicate.net.policy_expands_effective_demand,0.00000000,2
2025-06-01,2025-06-30,month,predicate_baseline,macro_predicate.net.product_price_recovers,0.00000000,2
2025-06-01,2025-06-30,month,predicate_baseline,macro_predicate.net.raw_material_cost_pressure,0.00000000,2
2025-06-01,2025-06-30,month,predicate_baseline,source.share.announcement,0.00000000,2
2025-06-01,2025-06-30,month,predicate_baseline,source.share.ir_qa,0.00000000,2
2025-06-01,2025-06-30,month,predicate_baseline,source.share.news,0.50000000,2
2025-06-01,2025-06-30,month,predicate_baseline,source.share.policy,0.50000000,2
2025-06-01,2025-06-30,month,predicate_baseline,topic.share.battery,0.50000000,2
2025-06-01,2025-06-30,month,predicate_baseline,topic.share.grid,0.00000000,2
2025-06-01,2025-06-30,month,predicate_baseline,topic.share.photovoltaic,0.50000000,2
2025-06-01,2025-06-30,month,predicate_baseline,topic.share.storage,0.00000000,2
2025-06-01,2025-06-30,month,predicate_baseline,topic.share.wind,0.00000000,2
2025-07-01,2025-07-31,month,predicate_baseline,candidate.mean,1.15308800,6
2025-07-01,2025-07-31,month,predicate_baseline,candidate.p25,1.15308800,6
2025-07-01,2025-07-31,month,predicate_baseline,candidate.p50,1.15308800,6
2025-07-01,2025-07-31,month,predicate_baseline,candidate.p75,1.15308800,6
2025-07-01,2025-07-31,month,predicate_baseline,candidate.positive_share,1.00000000,6
2025-07-01,2025-07-31,month,predicate_baseline,candidate.std,0.00000000,6
2025-07-01,2025-07-31,month,predicate_baseline,coverage.ai_annotation_success_rate,0.83333333,6
2025-07-01,2025-07-31,month,predicate_baseline,coverage.document_count_log1p,1.94591015,6
2025-07-01,2025-07-31,month,predicate_baseline,coverage.event_count_log1p,2.48490665,6
2025-07-01,2025-07-31,month,predicate_baseline,coverage.independent_source_count_log1p,1.94591015,6
2025-07-01,2025-07-31,month,predicate_baseline,evidence.entity_confidence_mean,0.69545455,6
2025-07-01,2025-07-31,month,predicate_baseline,evidence.event_strength_mean,0.84000000,6
2025-07-01,2025-07-31,month,predicate_baseline,frozen_rule.supporting_document_share,0.16666667,6
2025-07-01,2025-07-31,month,predicate_baseline,frozen_rule.unique_rule_count_log1p,1.09861229,6
2025-07-01,2025-07-31,month,predicate_baseline,legacy_predicate.confidence.announcement_contains_uncertainty,0.78000000,6
2025-07-01,2025-07-31,month,predicate_baseline,legacy_predicate.confidence.capacity_policy_support,0.74000000,6
2025-07-01,2025-07-31,month,predicate_baseline,legacy_predicate.confidence.demand_side_policy,0.74000000,6
2025-07-01,2025-07-31,month,predicate_baseline,legacy_predicate.confidence.event_evidence_strength,0.92000000,6
2025-07-01,2025-07-31,month,predicate_baseline,legacy_predicate.confidence.event_has_short_term_price_impact,0.70000000,6
2025-07-01,2025-07-31,month,predicate_baseline,legacy_predicate.confidence.event_mentions_core_product,0.74000000,6
2025-07-01,2025-07-31,month,predicate_baseline,legacy_predicate.confidence.evidence_from_authoritative_source,0.94000000,6
2025-07-01,2025-07-31,month,predicate_baseline,legacy_predicate.confidence.has_policy_support,0.96000000,6
2025-07-01,2025-07-31,month,predicate_baseline,legacy_predicate.confidence.institutional_attention_increases,0.70000000,6
2025-07-01,2025-07-31,month,predicate_baseline,legacy_predicate.confidence.investor_questions_increase,0.82000000,6
2025-07-01,2025-07-31,month,predicate_baseline,legacy_predicate.confidence.management_response_vague,0.76000000,6
2025-07-01,2025-07-31,month,predicate_baseline,legacy_predicate.confidence.policy_attention_followup,0.84000000,6
2025-07-01,2025-07-31,month,predicate_baseline,legacy_predicate.confidence.policy_directly_related_to_business,0.78000000,6
2025-07-01,2025-07-31,month,predicate_baseline,legacy_predicate.confidence.risk_or_uncertainty_disclosure,0.78000000,6
2025-07-01,2025-07-31,month,predicate_baseline,legacy_predicate.confidence.social_attention_spikes,0.68000000,6
2025-07-01,2025-07-31,month,predicate_baseline,legacy_predicate.confidence.source_company_announcement,0.78000000,6
2025-07-01,2025-07-31,month,predicate_baseline,legacy_predicate.confidence.source_government_or_exchange,0.95000000,6
2025-07-01,2025-07-31,month,predicate_baseline,legacy_predicate.confidence.source_major_media,0.76000000,6
2025-07-01,2025-07-31,month,predicate_baseline,legacy_predicate.confidence.supply_side_policy,0.74000000,6
2025-07-01,2025-07-31,month,predicate_baseline,legacy_predicate.mean.announcement_contains_uncertainty,0.00000000,6
2025-07-01,2025-07-31,month,predicate_baseline,legacy_predicate.mean.capacity_policy_support,0.00000000,6
2025-07-01,2025-07-31,month,predicate_baseline,legacy_predicate.mean.demand_side_policy,0.00000000,6
2025-07-01,2025-07-31,month,predicate_baseline,legacy_predicate.mean.event_evidence_strength,0.94000000,6
2025-07-01,2025-07-31,month,predicate_baseline,legacy_predicate.mean.event_has_short_term_price_impact,0.78000000,6
2025-07-01,2025-07-31,month,predicate_baseline,legacy_predicate.mean.event_mentions_core_product,0.00000000,6
2025-07-01,2025-07-31,month,predicate_baseline,legacy_predicate.mean.evidence_from_authoritative_source,1.00000000,6
2025-07-01,2025-07-31,month,predicate_baseline,legacy_predicate.mean.has_policy_support,1.00000000,6
2025-07-01,2025-07-31,month,predicate_baseline,legacy_predicate.mean.institutional_attention_increases,0.00000000,6
2025-07-01,2025-07-31,month,predicate_baseline,legacy_predicate.mean.investor_questions_increase,0.00000000,6
2025-07-01,2025-07-31,month,predicate_baseline,legacy_predicate.mean.management_response_vague,0.00000000,6
2025-07-01,2025-07-31,month,predicate_baseline,legacy_predicate.mean.policy_attention_followup,1.00000000,6
2025-07-01,2025-07-31,month,predicate_baseline,legacy_predicate.mean.policy_directly_related_to_business,0.00000000,6
2025-07-01,2025-07-31,month,predicate_baseline,legacy_predicate.mean.risk_or_uncertainty_disclosure,0.00000000,6
2025-07-01,2025-07-31,month,predicate_baseline,legacy_predicate.mean.social_attention_spikes,0.00000000,6
2025-07-01,2025-07-31,month,predicate_baseline,legacy_predicate.mean.source_company_announcement,0.00000000,6
2025-07-01,2025-07-31,month,predicate_baseline,legacy_predicate.mean.source_government_or_exchange,1.00000000,6
2025-07-01,2025-07-31,month,predicate_baseline,legacy_predicate.mean.source_major_media,0.00000000,6
2025-07-01,2025-07-31,month,predicate_baseline,legacy_predicate.mean.supply_side_policy,0.00000000,6
2025-07-01,2025-07-31,month,predicate_baseline,macro_predicate.hit_rate.capacity_enters_production,0.00000000,6
2025-07-01,2025-07-31,month,predicate_baseline,macro_predicate.hit_rate.capacity_under_construction,0.00000000,6
2025-07-01,2025-07-31,month,predicate_baseline,macro_predicate.hit_rate.export_demand_improves,0.33333333,6
2025-07-01,2025-07-31,month,predicate_baseline,macro_predicate.hit_rate.financing_constraint_eases,0.00000000,6
2025-07-01,2025-07-31,month,predicate_baseline,macro_predicate.hit_rate.grid_investment_accelerates,0.16666667,6
2025-07-01,2025-07-31,month,predicate_baseline,macro_predicate.hit_rate.industry_competition_intensifies,0.50000000,6
2025-07-01,2025-07-31,month,predicate_baseline,macro_predicate.hit_rate.inventory_pressure_increases,0.33333333,6
2025-07-01,2025-07-31,month,predicate_baseline,macro_predicate.hit_rate.order_demand_improves,0.16666667,6
2025-07-01,2025-07-31,month,predicate_baseline,macro_predicate.hit_rate.policy_accelerates_project_implementation,0.16666667,6
2025-07-01,2025-07-31,month,predicate_baseline,macro_predicate.hit_rate.policy_expands_effective_demand,0.16666667,6
2025-07-01,2025-07-31,month,predicate_baseline,macro_predicate.hit_rate.product_price_recovers,0.33333333,6
2025-07-01,2025-07-31,month,predicate_baseline,macro_predicate.hit_rate.raw_material_cost_pressure,0.00000000,6
2025-07-01,2025-07-31,month,predicate_baseline,macro_predicate.net.capacity_enters_production,0.00000000,6
2025-07-01,2025-07-31,month,predicate_baseline,macro_predicate.net.capacity_under_construction,0.00000000,6
2025-07-01,2025-07-31,month,predicate_baseline,macro_predicate.net.export_demand_improves,0.22533333,6
2025-07-01,2025-07-31,month,predicate_baseline,macro_predicate.net.financing_constraint_eases,0.00000000,6
2025-07-01,2025-07-31,month,predicate_baseline,macro_predicate.net.grid_investment_accelerates,0.12433333,6
2025-07-01,2025-07-31,month,predicate_baseline,macro_predicate.net.industry_competition_intensifies,-0.13750000,6
2025-07-01,2025-07-31,month,predicate_baseline,macro_predicate.net.inventory_pressure_increases,-0.09500000,6
2025-07-01,2025-07-31,month,predicate_baseline,macro_predicate.net.order_demand_improves,0.03500000,6
2025-07-01,2025-07-31,month,predicate_baseline,macro_predicate.net.policy_accelerates_project_implementation,0.02333333,6
2025-07-01,2025-07-31,month,predicate_baseline,macro_predicate.net.policy_expands_effective_demand,0.02916667,6
2025-07-01,2025-07-31,month,predicate_baseline,macro_predicate.net.product_price_recovers,0.17093333,6
2025-07-01,2025-07-31,month,predicate_baseline,macro_predicate.net.raw_material_cost_pressure,0.00000000,6
2025-07-01,2025-07-31,month,predicate_baseline,source.share.announcement,0.16666667,6
2025-07-01,2025-07-31,month,predicate_baseline,source.share.ir_qa,0.00000000,6
2025-07-01,2025-07-31,month,predicate_baseline,source.share.news,0.66666667,6
2025-07-01,2025-07-31,month,predicate_baseline,source.share.policy,0.16666667,6
2025-07-01,2025-07-31,month,predicate_baseline,topic.share.battery,0.16666667,6
2025-07-01,2025-07-31,month,predicate_baseline,topic.share.grid,0.16666667,6
2025-07-01,2025-07-31,month,predicate_baseline,topic.share.photovoltaic,0.50000000,6
2025-07-01,2025-07-31,month,predicate_baseline,topic.share.storage,0.00000000,6
2025-07-01,2025-07-31,month,predicate_baseline,topic.share.wind,0.16666667,6
2025-08-01,2025-08-31,month,predicate_baseline,candidate.mean,0.92051733,7
2025-08-01,2025-08-31,month,predicate_baseline,candidate.p25,0.80989600,7
2025-08-01,2025-08-31,month,predicate_baseline,candidate.p50,1.14176000,7
2025-08-01,2025-08-31,month,predicate_baseline,candidate.p75,1.14176000,7
2025-08-01,2025-08-31,month,predicate_baseline,candidate.positive_share,1.00000000,7
2025-08-01,2025-08-31,month,predicate_baseline,candidate.std,0.31288438,7
2025-08-01,2025-08-31,month,predicate_baseline,coverage.ai_annotation_success_rate,0.85714286,7
2025-08-01,2025-08-31,month,predicate_baseline,coverage.document_count_log1p,2.07944154,7
2025-08-01,2025-08-31,month,predicate_baseline,coverage.event_count_log1p,2.89037176,7
2025-08-01,2025-08-31,month,predicate_baseline,coverage.independent_source_count_log1p,2.07944154,7
2025-08-01,2025-08-31,month,predicate_baseline,evidence.entity_confidence_mean,0.76280000,7
2025-08-01,2025-08-31,month,predicate_baseline,evidence.event_strength_mean,0.86823529,7
2025-08-01,2025-08-31,month,predicate_baseline,frozen_rule.supporting_document_share,0.28571429,7
2025-08-01,2025-08-31,month,predicate_baseline,frozen_rule.unique_rule_count_log1p,1.38629436,7
2025-08-01,2025-08-31,month,predicate_baseline,legacy_predicate.confidence.announcement_contains_uncertainty,0.78000000,7
2025-08-01,2025-08-31,month,predicate_baseline,legacy_predicate.confidence.capacity_policy_support,0.76500000,7
2025-08-01,2025-08-31,month,predicate_baseline,legacy_predicate.confidence.demand_side_policy,0.74000000,7
2025-08-01,2025-08-31,month,predicate_baseline,legacy_predicate.confidence.event_evidence_strength,0.92000000,7
2025-08-01,2025-08-31,month,predicate_baseline,legacy_predicate.confidence.event_has_short_term_price_impact,0.70000000,7
2025-08-01,2025-08-31,month,predicate_baseline,legacy_predicate.confidence.event_mentions_core_product,0.84500000,7
2025-08-01,2025-08-31,month,predicate_baseline,legacy_predicate.confidence.evidence_from_authoritative_source,0.88500000,7
2025-08-01,2025-08-31,month,predicate_baseline,legacy_predicate.confidence.has_policy_support,0.90000000,7
2025-08-01,2025-08-31,month,predicate_baseline,legacy_predicate.confidence.institutional_attention_increases,0.70000000,7
2025-08-01,2025-08-31,month,predicate_baseline,legacy_predicate.confidence.investor_questions_increase,0.82000000,7
2025-08-01,2025-08-31,month,predicate_baseline,legacy_predicate.confidence.management_response_vague,0.76000000,7
2025-08-01,2025-08-31,month,predicate_baseline,legacy_predicate.confidence.policy_attention_followup,0.80500000,7
2025-08-01,2025-08-31,month,predicate_baseline,legacy_predicate.confidence.policy_directly_related_to_business,0.78000000,7
2025-08-01,2025-08-31,month,predicate_baseline,legacy_predicate.confidence.risk_or_uncertainty_disclosure,0.78000000,7
2025-08-01,2025-08-31,month,predicate_baseline,legacy_predicate.confidence.social_attention_spikes,0.75000000,7
2025-08-01,2025-08-31,month,predicate_baseline,legacy_predicate.confidence.source_company_announcement,0.78000000,7
2025-08-01,2025-08-31,month,predicate_baseline,legacy_predicate.confidence.source_government_or_exchange,0.80750000,7
2025-08-01,2025-08-31,month,predicate_baseline,legacy_predicate.confidence.source_major_media,0.83000000,7
2025-08-01,2025-08-31,month,predicate_baseline,legacy_predicate.confidence.supply_side_policy,0.74000000,7
2025-08-01,2025-08-31,month,predicate_baseline,legacy_predicate.mean.announcement_contains_uncertainty,0.00000000,7
2025-08-01,2025-08-31,month,predicate_baseline,legacy_predicate.mean.capacity_policy_support,0.50000000,7
2025-08-01,2025-08-31,month,predicate_baseline,legacy_predicate.mean.demand_side_policy,0.00000000,7
2025-08-01,2025-08-31,month,predicate_baseline,legacy_predicate.mean.event_evidence_strength,0.85000000,7
2025-08-01,2025-08-31,month,predicate_baseline,legacy_predicate.mean.event_has_short_term_price_impact,0.73000000,7
2025-08-01,2025-08-31,month,predicate_baseline,legacy_predicate.mean.event_mentions_core_product,1.00000000,7
2025-08-01,2025-08-31,month,predicate_baseline,legacy_predicate.mean.evidence_from_authoritative_source,1.00000000,7
2025-08-01,2025-08-31,month,predicate_baseline,legacy_predicate.mean.has_policy_support,0.50000000,7
2025-08-01,2025-08-31,month,predicate_baseline,legacy_predicate.mean.institutional_attention_increases,0.00000000,7
2025-08-01,2025-08-31,month,predicate_baseline,legacy_predicate.mean.investor_questions_increase,0.00000000,7
2025-08-01,2025-08-31,month,predicate_baseline,legacy_predicate.mean.management_response_vague,0.00000000,7
2025-08-01,2025-08-31,month,predicate_baseline,legacy_predicate.mean.policy_attention_followup,1.00000000,7
2025-08-01,2025-08-31,month,predicate_baseline,legacy_predicate.mean.policy_directly_related_to_business,0.00000000,7
2025-08-01,2025-08-31,month,predicate_baseline,legacy_predicate.mean.risk_or_uncertainty_disclosure,0.00000000,7
2025-08-01,2025-08-31,month,predicate_baseline,legacy_predicate.mean.social_attention_spikes,0.50000000,7
2025-08-01,2025-08-31,month,predicate_baseline,legacy_predicate.mean.source_company_announcement,0.00000000,7
2025-08-01,2025-08-31,month,predicate_baseline,legacy_predicate.mean.source_government_or_exchange,0.50000000,7
2025-08-01,2025-08-31,month,predicate_baseline,legacy_predicate.mean.source_major_media,0.50000000,7
2025-08-01,2025-08-31,month,predicate_baseline,legacy_predicate.mean.supply_side_policy,0.00000000,7
2025-08-01,2025-08-31,month,predicate_baseline,macro_predicate.hit_rate.capacity_enters_production,0.00000000,7
2025-08-01,2025-08-31,month,predicate_baseline,macro_predicate.hit_rate.capacity_under_construction,0.00000000,7
2025-08-01,2025-08-31,month,predicate_baseline,macro_predicate.hit_rate.export_demand_improves,0.00000000,7
2025-08-01,2025-08-31,month,predicate_baseline,macro_predicate.hit_rate.financing_constraint_eases,0.00000000,7
2025-08-01,2025-08-31,month,predicate_baseline,macro_predicate.hit_rate.grid_investment_accelerates,0.00000000,7
2025-08-01,2025-08-31,month,predicate_baseline,macro_predicate.hit_rate.industry_competition_intensifies,0.14285714,7
2025-08-01,2025-08-31,month,predicate_baseline,macro_predicate.hit_rate.inventory_pressure_increases,0.00000000,7
2025-08-01,2025-08-31,month,predicate_baseline,macro_predicate.hit_rate.order_demand_improves,0.00000000,7
2025-08-01,2025-08-31,month,predicate_baseline,macro_predicate.hit_rate.policy_accelerates_project_implementation,0.14285714,7
2025-08-01,2025-08-31,month,predicate_baseline,macro_predicate.hit_rate.policy_expands_effective_demand,0.14285714,7
2025-08-01,2025-08-31,month,predicate_baseline,macro_predicate.hit_rate.product_price_recovers,0.00000000,7
2025-08-01,2025-08-31,month,predicate_baseline,macro_predicate.hit_rate.raw_material_cost_pressure,0.00000000,7
2025-08-01,2025-08-31,month,predicate_baseline,macro_predicate.net.capacity_enters_production,0.00000000,7
2025-08-01,2025-08-31,month,predicate_baseline,macro_predicate.net.capacity_under_construction,0.00000000,7
2025-08-01,2025-08-31,month,predicate_baseline,macro_predicate.net.export_demand_improves,0.00000000,7
2025-08-01,2025-08-31,month,predicate_baseline,macro_predicate.net.financing_constraint_eases,0.00000000,7
2025-08-01,2025-08-31,month,predicate_baseline,macro_predicate.net.grid_investment_accelerates,0.00000000,7
2025-08-01,2025-08-31,month,predicate_baseline,macro_predicate.net.industry_competition_intensifies,-0.01500000,7
2025-08-01,2025-08-31,month,predicate_baseline,macro_predicate.net.inventory_pressure_increases,0.00000000,7
2025-08-01,2025-08-31,month,predicate_baseline,macro_predicate.net.order_demand_improves,0.00000000,7
2025-08-01,2025-08-31,month,predicate_baseline,macro_predicate.net.policy_accelerates_project_implementation,0.01200000,7
2025-08-01,2025-08-31,month,predicate_baseline,macro_predicate.net.policy_expands_effective_demand,0.02000000,7
2025-08-01,2025-08-31,month,predicate_baseline,macro_predicate.net.product_price_recovers,0.00000000,7
2025-08-01,2025-08-31,month,predicate_baseline,macro_predicate.net.raw_material_cost_pressure,0.00000000,7
2025-08-01,2025-08-31,month,predicate_baseline,source.share.announcement,0.42857143,7
2025-08-01,2025-08-31,month,predicate_baseline,source.share.ir_qa,0.00000000,7
2025-08-01,2025-08-31,month,predicate_baseline,source.share.news,0.28571429,7
2025-08-01,2025-08-31,month,predicate_baseline,source.share.policy,0.28571429,7
2025-08-01,2025-08-31,month,predicate_baseline,topic.share.battery,0.00000000,7
2025-08-01,2025-08-31,month,predicate_baseline,topic.share.grid,0.00000000,7
2025-08-01,2025-08-31,month,predicate_baseline,topic.share.photovoltaic,0.28571429,7
2025-08-01,2025-08-31,month,predicate_baseline,topic.share.storage,0.28571429,7
2025-08-01,2025-08-31,month,predicate_baseline,topic.share.wind,0.00000000,7
2025-09-01,2025-09-30,month,predicate_baseline,candidate.mean,0.00000000,5
2025-09-01,2025-09-30,month,predicate_baseline,candidate.p25,0.00000000,5
2025-09-01,2025-09-30,month,predicate_baseline,candidate.p50,0.00000000,5
2025-09-01,2025-09-30,month,predicate_baseline,candidate.p75,0.00000000,5
2025-09-01,2025-09-30,month,predicate_baseline,candidate.positive_share,0.00000000,5
2025-09-01,2025-09-30,month,predicate_baseline,candidate.std,0.00000000,5
2025-09-01,2025-09-30,month,predicate_baseline,coverage.ai_annotation_success_rate,0.60000000,5
2025-09-01,2025-09-30,month,predicate_baseline,coverage.document_count_log1p,1.79175947,5
2025-09-01,2025-09-30,month,predicate_baseline,coverage.event_count_log1p,2.56494936,5
2025-09-01,2025-09-30,month,predicate_baseline,coverage.independent_source_count_log1p,1.79175947,5
2025-09-01,2025-09-30,month,predicate_baseline,evidence.entity_confidence_mean,0.72789474,5
2025-09-01,2025-09-30,month,predicate_baseline,evidence.event_strength_mean,0.81000000,5
2025-09-01,2025-09-30,month,predicate_baseline,frozen_rule.supporting_document_share,0.00000000,5
2025-09-01,2025-09-30,month,predicate_baseline,frozen_rule.unique_rule_count_log1p,0.00000000,5
2025-09-01,2025-09-30,month,predicate_baseline,macro_predicate.hit_rate.capacity_enters_production,0.20000000,5
2025-09-01,2025-09-30,month,predicate_baseline,macro_predicate.hit_rate.capacity_under_construction,0.00000000,5
2025-09-01,2025-09-30,month,predicate_baseline,macro_predicate.hit_rate.export_demand_improves,0.20000000,5
2025-09-01,2025-09-30,month,predicate_baseline,macro_predicate.hit_rate.financing_constraint_eases,0.00000000,5
2025-09-01,2025-09-30,month,predicate_baseline,macro_predicate.hit_rate.grid_investment_accelerates,0.00000000,5
2025-09-01,2025-09-30,month,predicate_baseline,macro_predicate.hit_rate.industry_competition_intensifies,0.20000000,5
2025-09-01,2025-09-30,month,predicate_baseline,macro_predicate.hit_rate.inventory_pressure_increases,0.00000000,5
2025-09-01,2025-09-30,month,predicate_baseline,macro_predicate.hit_rate.order_demand_improves,0.00000000,5
2025-09-01,2025-09-30,month,predicate_baseline,macro_predicate.hit_rate.policy_accelerates_project_implementation,0.40000000,5
2025-09-01,2025-09-30,month,predicate_baseline,macro_predicate.hit_rate.policy_expands_effective_demand,0.00000000,5
2025-09-01,2025-09-30,month,predicate_baseline,macro_predicate.hit_rate.product_price_recovers,0.00000000,5
2025-09-01,2025-09-30,month,predicate_baseline,macro_predicate.hit_rate.raw_material_cost_pressure,0.00000000,5
2025-09-01,2025-09-30,month,predicate_baseline,macro_predicate.net.capacity_enters_production,0.12960000,5
2025-09-01,2025-09-30,month,predicate_baseline,macro_predicate.net.capacity_under_construction,0.00000000,5
2025-09-01,2025-09-30,month,predicate_baseline,macro_predicate.net.export_demand_improves,0.12960000,5
2025-09-01,2025-09-30,month,predicate_baseline,macro_predicate.net.financing_constraint_eases,0.00000000,5
2025-09-01,2025-09-30,month,predicate_baseline,macro_predicate.net.grid_investment_accelerates,0.00000000,5
2025-09-01,2025-09-30,month,predicate_baseline,macro_predicate.net.industry_competition_intensifies,-0.12960000,5
2025-09-01,2025-09-30,month,predicate_baseline,macro_predicate.net.inventory_pressure_increases,0.00000000,5
2025-09-01,2025-09-30,month,predicate_baseline,macro_predicate.net.order_demand_improves,0.00000000,5
2025-09-01,2025-09-30,month,predicate_baseline,macro_predicate.net.policy_accelerates_project_implementation,0.27880000,5
2025-09-01,2025-09-30,month,predicate_baseline,macro_predicate.net.policy_expands_effective_demand,0.00000000,5
2025-09-01,2025-09-30,month,predicate_baseline,macro_predicate.net.product_price_recovers,0.00000000,5
2025-09-01,2025-09-30,month,predicate_baseline,macro_predicate.net.raw_material_cost_pressure,0.00000000,5
2025-09-01,2025-09-30,month,predicate_baseline,source.share.announcement,0.40000000,5
2025-09-01,2025-09-30,month,predicate_baseline,source.share.ir_qa,0.00000000,5
2025-09-01,2025-09-30,month,predicate_baseline,source.share.news,0.20000000,5
2025-09-01,2025-09-30,month,predicate_baseline,source.share.policy,0.40000000,5
2025-09-01,2025-09-30,month,predicate_baseline,topic.share.battery,0.20000000,5
2025-09-01,2025-09-30,month,predicate_baseline,topic.share.grid,0.00000000,5
2025-09-01,2025-09-30,month,predicate_baseline,topic.share.photovoltaic,0.20000000,5
2025-09-01,2025-09-30,month,predicate_baseline,topic.share.storage,0.00000000,5
2025-09-01,2025-09-30,month,predicate_baseline,topic.share.wind,0.00000000,5
2025-10-01,2025-10-31,month,predicate_baseline,candidate.mean,1.15308800,8
2025-10-01,2025-10-31,month,predicate_baseline,candidate.p25,1.15308800,8
2025-10-01,2025-10-31,month,predicate_baseline,candidate.p50,1.15308800,8
2025-10-01,2025-10-31,month,predicate_baseline,candidate.p75,1.15308800,8
2025-10-01,2025-10-31,month,predicate_baseline,candidate.positive_share,1.00000000,8
2025-10-01,2025-10-31,month,predicate_baseline,candidate.std,0.00000000,8
2025-10-01,2025-10-31,month,predicate_baseline,coverage.ai_annotation_success_rate,0.62500000,8
2025-10-01,2025-10-31,month,predicate_baseline,coverage.document_count_log1p,2.19722458,8
2025-10-01,2025-10-31,month,predicate_baseline,coverage.event_count_log1p,2.48490665,8
2025-10-01,2025-10-31,month,predicate_baseline,coverage.independent_source_count_log1p,2.19722458,8
2025-10-01,2025-10-31,month,predicate_baseline,evidence.entity_confidence_mean,0.78058824,8
2025-10-01,2025-10-31,month,predicate_baseline,evidence.event_strength_mean,0.88181818,8
2025-10-01,2025-10-31,month,predicate_baseline,frozen_rule.supporting_document_share,0.50000000,8
2025-10-01,2025-10-31,month,predicate_baseline,frozen_rule.unique_rule_count_log1p,1.09861229,8
2025-10-01,2025-10-31,month,predicate_baseline,legacy_predicate.confidence.announcement_contains_uncertainty,0.78000000,8
2025-10-01,2025-10-31,month,predicate_baseline,legacy_predicate.confidence.capacity_policy_support,0.79000000,8
2025-10-01,2025-10-31,month,predicate_baseline,legacy_predicate.confidence.demand_side_policy,0.80000000,8
2025-10-01,2025-10-31,month,predicate_baseline,legacy_predicate.confidence.event_evidence_strength,0.92000000,8
2025-10-01,2025-10-31,month,predicate_baseline,legacy_predicate.confidence.event_has_short_term_price_impact,0.70000000,8
2025-10-01,2025-10-31,month,predicate_baseline,legacy_predicate.confidence.event_mentions_core_product,0.74000000,8
2025-10-01,2025-10-31,month,predicate_baseline,legacy_predicate.confidence.evidence_from_authoritative_source,0.94000000,8
2025-10-01,2025-10-31,month,predicate_baseline,legacy_predicate.confidence.has_policy_support,0.96000000,8
2025-10-01,2025-10-31,month,predicate_baseline,legacy_predicate.confidence.institutional_attention_increases,0.70000000,8
2025-10-01,2025-10-31,month,predicate_baseline,legacy_predicate.confidence.investor_questions_increase,0.82000000,8
2025-10-01,2025-10-31,month,predicate_baseline,legacy_predicate.confidence.management_response_vague,0.76000000,8
2025-10-01,2025-10-31,month,predicate_baseline,legacy_predicate.confidence.policy_attention_followup,0.84000000,8
2025-10-01,2025-10-31,month,predicate_baseline,legacy_predicate.confidence.policy_directly_related_to_business,0.78000000,8
2025-10-01,2025-10-31,month,predicate_baseline,legacy_predicate.confidence.risk_or_uncertainty_disclosure,0.78000000,8
2025-10-01,2025-10-31,month,predicate_baseline,legacy_predicate.confidence.social_attention_spikes,0.68000000,8
2025-10-01,2025-10-31,month,predicate_baseline,legacy_predicate.confidence.source_company_announcement,0.78000000,8
2025-10-01,2025-10-31,month,predicate_baseline,legacy_predicate.confidence.source_government_or_exchange,0.95000000,8
2025-10-01,2025-10-31,month,predicate_baseline,legacy_predicate.confidence.source_major_media,0.76000000,8
2025-10-01,2025-10-31,month,predicate_baseline,legacy_predicate.confidence.supply_side_policy,0.79000000,8
2025-10-01,2025-10-31,month,predicate_baseline,legacy_predicate.mean.announcement_contains_uncertainty,0.00000000,8
2025-10-01,2025-10-31,month,predicate_baseline,legacy_predicate.mean.capacity_policy_support,0.50000000,8
2025-10-01,2025-10-31,month,predicate_baseline,legacy_predicate.mean.demand_side_policy,0.50000000,8
2025-10-01,2025-10-31,month,predicate_baseline,legacy_predicate.mean.event_evidence_strength,0.94000000,8
2025-10-01,2025-10-31,month,predicate_baseline,legacy_predicate.mean.event_has_short_term_price_impact,0.78000000,8
2025-10-01,2025-10-31,month,predicate_baseline,legacy_predicate.mean.event_mentions_core_product,0.00000000,8
2025-10-01,2025-10-31,month,predicate_baseline,legacy_predicate.mean.evidence_from_authoritative_source,1.00000000,8
2025-10-01,2025-10-31,month,predicate_baseline,legacy_predicate.mean.has_policy_support,1.00000000,8
2025-10-01,2025-10-31,month,predicate_baseline,legacy_predicate.mean.institutional_attention_increases,0.00000000,8
2025-10-01,2025-10-31,month,predicate_baseline,legacy_predicate.mean.investor_questions_increase,0.00000000,8
2025-10-01,2025-10-31,month,predicate_baseline,legacy_predicate.mean.management_response_vague,0.00000000,8
2025-10-01,2025-10-31,month,predicate_baseline,legacy_predicate.mean.policy_attention_followup,1.00000000,8
2025-10-01,2025-10-31,month,predicate_baseline,legacy_predicate.mean.policy_directly_related_to_business,0.00000000,8
2025-10-01,2025-10-31,month,predicate_baseline,legacy_predicate.mean.risk_or_uncertainty_disclosure,0.00000000,8
2025-10-01,2025-10-31,month,predicate_baseline,legacy_predicate.mean.social_attention_spikes,0.00000000,8
2025-10-01,2025-10-31,month,predicate_baseline,legacy_predicate.mean.source_company_announcement,0.00000000,8
2025-10-01,2025-10-31,month,predicate_baseline,legacy_predicate.mean.source_government_or_exchange,1.00000000,8
2025-10-01,2025-10-31,month,predicate_baseline,legacy_predicate.mean.source_major_media,0.00000000,8
2025-10-01,2025-10-31,month,predicate_baseline,legacy_predicate.mean.supply_side_policy,0.50000000,8
2025-10-01,2025-10-31,month,predicate_baseline,macro_predicate.hit_rate.capacity_enters_production,0.00000000,8
2025-10-01,2025-10-31,month,predicate_baseline,macro_predicate.hit_rate.capacity_under_construction,0.00000000,8
2025-10-01,2025-10-31,month,predicate_baseline,macro_predicate.hit_rate.export_demand_improves,0.00000000,8
2025-10-01,2025-10-31,month,predicate_baseline,macro_predicate.hit_rate.financing_constraint_eases,0.00000000,8
2025-10-01,2025-10-31,month,predicate_baseline,macro_predicate.hit_rate.grid_investment_accelerates,0.00000000,8
2025-10-01,2025-10-31,month,predicate_baseline,macro_predicate.hit_rate.industry_competition_intensifies,0.00000000,8
2025-10-01,2025-10-31,month,predicate_baseline,macro_predicate.hit_rate.inventory_pressure_increases,0.00000000,8
2025-10-01,2025-10-31,month,predicate_baseline,macro_predicate.hit_rate.order_demand_improves,0.00000000,8
2025-10-01,2025-10-31,month,predicate_baseline,macro_predicate.hit_rate.policy_accelerates_project_implementation,0.00000000,8
2025-10-01,2025-10-31,month,predicate_baseline,macro_predicate.hit_rate.policy_expands_effective_demand,0.25000000,8
2025-10-01,2025-10-31,month,predicate_baseline,macro_predicate.hit_rate.product_price_recovers,0.00000000,8
2025-10-01,2025-10-31,month,predicate_baseline,macro_predicate.hit_rate.raw_material_cost_pressure,0.00000000,8
2025-10-01,2025-10-31,month,predicate_baseline,macro_predicate.net.capacity_enters_production,0.00000000,8
2025-10-01,2025-10-31,month,predicate_baseline,macro_predicate.net.capacity_under_construction,0.00000000,8
2025-10-01,2025-10-31,month,predicate_baseline,macro_predicate.net.export_demand_improves,0.00000000,8
2025-10-01,2025-10-31,month,predicate_baseline,macro_predicate.net.financing_constraint_eases,0.00000000,8
2025-10-01,2025-10-31,month,predicate_baseline,macro_predicate.net.grid_investment_accelerates,0.00000000,8
2025-10-01,2025-10-31,month,predicate_baseline,macro_predicate.net.industry_competition_intensifies,0.00000000,8
2025-10-01,2025-10-31,month,predicate_baseline,macro_predicate.net.inventory_pressure_increases,0.00000000,8
2025-10-01,2025-10-31,month,predicate_baseline,macro_predicate.net.order_demand_improves,0.00000000,8
2025-10-01,2025-10-31,month,predicate_baseline,macro_predicate.net.policy_accelerates_project_implementation,0.00000000,8
2025-10-01,2025-10-31,month,predicate_baseline,macro_predicate.net.policy_expands_effective_demand,0.04375000,8
2025-10-01,2025-10-31,month,predicate_baseline,macro_predicate.net.product_price_recovers,0.00000000,8
2025-10-01,2025-10-31,month,predicate_baseline,macro_predicate.net.raw_material_cost_pressure,0.00000000,8
2025-10-01,2025-10-31,month,predicate_baseline,source.share.announcement,0.75000000,8
2025-10-01,2025-10-31,month,predicate_baseline,source.share.ir_qa,0.00000000,8
2025-10-01,2025-10-31,month,predicate_baseline,source.share.news,0.00000000,8
2025-10-01,2025-10-31,month,predicate_baseline,source.share.policy,0.25000000,8
2025-10-01,2025-10-31,month,predicate_baseline,topic.share.battery,0.00000000,8
2025-10-01,2025-10-31,month,predicate_baseline,topic.share.grid,0.00000000,8
2025-10-01,2025-10-31,month,predicate_baseline,topic.share.photovoltaic,0.00000000,8
2025-10-01,2025-10-31,month,predicate_baseline,topic.share.storage,0.00000000,8
2025-10-01,2025-10-31,month,predicate_baseline,topic.share.wind,0.00000000,8
2025-11-01,2025-11-30,month,predicate_baseline,candidate.mean,1.15308800,2
2025-11-01,2025-11-30,month,predicate_baseline,candidate.p25,1.15308800,2
2025-11-01,2025-11-30,month,predicate_baseline,candidate.p50,1.15308800,2
2025-11-01,2025-11-30,month,predicate_baseline,candidate.p75,1.15308800,2
2025-11-01,2025-11-30,month,predicate_baseline,candidate.positive_share,1.00000000,2
2025-11-01,2025-11-30,month,predicate_baseline,candidate.std,0.00000000,2
2025-11-01,2025-11-30,month,predicate_baseline,coverage.ai_annotation_success_rate,0.00000000,2
2025-11-01,2025-11-30,month,predicate_baseline,coverage.document_count_log1p,1.09861229,2
2025-11-01,2025-11-30,month,predicate_baseline,coverage.event_count_log1p,0.69314718,2
2025-11-01,2025-11-30,month,predicate_baseline,coverage.independent_source_count_log1p,1.09861229,2
2025-11-01,2025-11-30,month,predicate_baseline,evidence.entity_confidence_mean,0.94500000,2
2025-11-01,2025-11-30,month,predicate_baseline,evidence.event_strength_mean,0.98000000,2
2025-11-01,2025-11-30,month,predicate_baseline,frozen_rule.supporting_document_share,0.50000000,2
2025-11-01,2025-11-30,month,predicate_baseline,frozen_rule.unique_rule_count_log1p,1.09861229,2
2025-11-01,2025-11-30,month,predicate_baseline,legacy_predicate.confidence.announcement_contains_uncertainty,0.78000000,2
2025-11-01,2025-11-30,month,predicate_baseline,legacy_predicate.confidence.capacity_policy_support,0.84000000,2
2025-11-01,2025-11-30,month,predicate_baseline,legacy_predicate.confidence.demand_side_policy,0.86000000,2
2025-11-01,2025-11-30,month,predicate_baseline,legacy_predicate.confidence.event_evidence_strength,0.92000000,2
2025-11-01,2025-11-30,month,predicate_baseline,legacy_predicate.confidence.event_has_short_term_price_impact,0.70000000,2
2025-11-01,2025-11-30,month,predicate_baseline,legacy_predicate.confidence.event_mentions_core_product,0.74000000,2
2025-11-01,2025-11-30,month,predicate_baseline,legacy_predicate.confidence.evidence_from_authoritative_source,0.94000000,2
2025-11-01,2025-11-30,month,predicate_baseline,legacy_predicate.confidence.has_policy_support,0.96000000,2
2025-11-01,2025-11-30,month,predicate_baseline,legacy_predicate.confidence.institutional_attention_increases,0.70000000,2
2025-11-01,2025-11-30,month,predicate_baseline,legacy_predicate.confidence.investor_questions_increase,0.82000000,2
2025-11-01,2025-11-30,month,predicate_baseline,legacy_predicate.confidence.management_response_vague,0.76000000,2
2025-11-01,2025-11-30,month,predicate_baseline,legacy_predicate.confidence.policy_attention_followup,0.84000000,2
2025-11-01,2025-11-30,month,predicate_baseline,legacy_predicate.confidence.policy_directly_related_to_business,0.78000000,2
2025-11-01,2025-11-30,month,predicate_baseline,legacy_predicate.confidence.risk_or_uncertainty_disclosure,0.78000000,2
2025-11-01,2025-11-30,month,predicate_baseline,legacy_predicate.confidence.social_attention_spikes,0.68000000,2
2025-11-01,2025-11-30,month,predicate_baseline,legacy_predicate.confidence.source_company_announcement,0.78000000,2
2025-11-01,2025-11-30,month,predicate_baseline,legacy_predicate.confidence.source_government_or_exchange,0.95000000,2
2025-11-01,2025-11-30,month,predicate_baseline,legacy_predicate.confidence.source_major_media,0.76000000,2
2025-11-01,2025-11-30,month,predicate_baseline,legacy_predicate.confidence.supply_side_policy,0.84000000,2
2025-11-01,2025-11-30,month,predicate_baseline,legacy_predicate.mean.announcement_contains_uncertainty,0.00000000,2
2025-11-01,2025-11-30,month,predicate_baseline,legacy_predicate.mean.capacity_policy_support,1.00000000,2
2025-11-01,2025-11-30,month,predicate_baseline,legacy_predicate.mean.demand_side_policy,1.00000000,2
2025-11-01,2025-11-30,month,predicate_baseline,legacy_predicate.mean.event_evidence_strength,0.94000000,2
2025-11-01,2025-11-30,month,predicate_baseline,legacy_predicate.mean.event_has_short_term_price_impact,0.78000000,2
2025-11-01,2025-11-30,month,predicate_baseline,legacy_predicate.mean.event_mentions_core_product,0.00000000,2
2025-11-01,2025-11-30,month,predicate_baseline,legacy_predicate.mean.evidence_from_authoritative_source,1.00000000,2
2025-11-01,2025-11-30,month,predicate_baseline,legacy_predicate.mean.has_policy_support,1.00000000,2
2025-11-01,2025-11-30,month,predicate_baseline,legacy_predicate.mean.institutional_attention_increases,0.00000000,2
2025-11-01,2025-11-30,month,predicate_baseline,legacy_predicate.mean.investor_questions_increase,0.00000000,2
2025-11-01,2025-11-30,month,predicate_baseline,legacy_predicate.mean.management_response_vague,0.00000000,2
2025-11-01,2025-11-30,month,predicate_baseline,legacy_predicate.mean.policy_attention_followup,1.00000000,2
2025-11-01,2025-11-30,month,predicate_baseline,legacy_predicate.mean.policy_directly_related_to_business,0.00000000,2
2025-11-01,2025-11-30,month,predicate_baseline,legacy_predicate.mean.risk_or_uncertainty_disclosure,0.00000000,2
2025-11-01,2025-11-30,month,predicate_baseline,legacy_predicate.mean.social_attention_spikes,0.00000000,2
2025-11-01,2025-11-30,month,predicate_baseline,legacy_predicate.mean.source_company_announcement,0.00000000,2
2025-11-01,2025-11-30,month,predicate_baseline,legacy_predicate.mean.source_government_or_exchange,1.00000000,2
2025-11-01,2025-11-30,month,predicate_baseline,legacy_predicate.mean.source_major_media,0.00000000,2
2025-11-01,2025-11-30,month,predicate_baseline,legacy_predicate.mean.supply_side_policy,1.00000000,2
2025-11-01,2025-11-30,month,predicate_baseline,macro_predicate.hit_rate.capacity_enters_production,0.00000000,2
2025-11-01,2025-11-30,month,predicate_baseline,macro_predicate.hit_rate.capacity_under_construction,0.50000000,2
2025-11-01,2025-11-30,month,predicate_baseline,macro_predicate.hit_rate.export_demand_improves,0.00000000,2
2025-11-01,2025-11-30,month,predicate_baseline,macro_predicate.hit_rate.financing_constraint_eases,0.00000000,2
2025-11-01,2025-11-30,month,predicate_baseline,macro_predicate.hit_rate.grid_investment_accelerates,0.00000000,2
2025-11-01,2025-11-30,month,predicate_baseline,macro_predicate.hit_rate.industry_competition_intensifies,0.00000000,2
2025-11-01,2025-11-30,month,predicate_baseline,macro_predicate.hit_rate.inventory_pressure_increases,0.00000000,2
2025-11-01,2025-11-30,month,predicate_baseline,macro_predicate.hit_rate.order_demand_improves,0.50000000,2
2025-11-01,2025-11-30,month,predicate_baseline,macro_predicate.hit_rate.policy_accelerates_project_implementation,0.50000000,2
2025-11-01,2025-11-30,month,predicate_baseline,macro_predicate.hit_rate.policy_expands_effective_demand,0.50000000,2
2025-11-01,2025-11-30,month,predicate_baseline,macro_predicate.hit_rate.product_price_recovers,0.00000000,2
2025-11-01,2025-11-30,month,predicate_baseline,macro_predicate.hit_rate.raw_material_cost_pressure,0.00000000,2
2025-11-01,2025-11-30,month,predicate_baseline,macro_predicate.net.capacity_enters_production,0.00000000,2
2025-11-01,2025-11-30,month,predicate_baseline,macro_predicate.net.capacity_under_construction,0.34968750,2
2025-11-01,2025-11-30,month,predicate_baseline,macro_predicate.net.export_demand_improves,0.00000000,2
2025-11-01,2025-11-30,month,predicate_baseline,macro_predicate.net.financing_constraint_eases,0.00000000,2
2025-11-01,2025-11-30,month,predicate_baseline,macro_predicate.net.grid_investment_accelerates,0.00000000,2
2025-11-01,2025-11-30,month,predicate_baseline,macro_predicate.net.industry_competition_intensifies,0.00000000,2
2025-11-01,2025-11-30,month,predicate_baseline,macro_predicate.net.inventory_pressure_increases,0.00000000,2
2025-11-01,2025-11-30,month,predicate_baseline,macro_predicate.net.order_demand_improves,0.07000000,2
2025-11-01,2025-11-30,month,predicate_baseline,macro_predicate.net.policy_accelerates_project_implementation,0.37300000,2
2025-11-01,2025-11-30,month,predicate_baseline,macro_predicate.net.policy_expands_effective_demand,0.37300000,2
2025-11-01,2025-11-30,month,predicate_baseline,macro_predicate.net.product_price_recovers,0.00000000,2
2025-11-01,2025-11-30,month,predicate_baseline,macro_predicate.net.raw_material_cost_pressure,0.00000000,2
2025-11-01,2025-11-30,month,predicate_baseline,source.share.announcement,1.00000000,2
2025-11-01,2025-11-30,month,predicate_baseline,source.share.ir_qa,0.00000000,2
2025-11-01,2025-11-30,month,predicate_baseline,source.share.news,0.00000000,2
2025-11-01,2025-11-30,month,predicate_baseline,source.share.policy,0.00000000,2
2025-11-01,2025-11-30,month,predicate_baseline,topic.share.battery,0.00000000,2
2025-11-01,2025-11-30,month,predicate_baseline,topic.share.grid,0.00000000,2
2025-11-01,2025-11-30,month,predicate_baseline,topic.share.photovoltaic,0.00000000,2
2025-11-01,2025-11-30,month,predicate_baseline,topic.share.storage,0.00000000,2
2025-11-01,2025-11-30,month,predicate_baseline,topic.share.wind,0.00000000,2
2025-12-01,2025-12-31,month,predicate_baseline,candidate.mean,1.06320925,18
2025-12-01,2025-12-31,month,predicate_baseline,candidate.p25,1.14176000,18
2025-12-01,2025-12-31,month,predicate_baseline,candidate.p50,1.14176000,18
2025-12-01,2025-12-31,month,predicate_baseline,candidate.p75,1.14459200,18
2025-12-01,2025-12-31,month,predicate_baseline,candidate.positive_share,1.00000000,18
2025-12-01,2025-12-31,month,predicate_baseline,candidate.std,0.21644185,18
2025-12-01,2025-12-31,month,predicate_baseline,coverage.ai_annotation_success_rate,0.38888889,18
2025-12-01,2025-12-31,month,predicate_baseline,coverage.document_count_log1p,2.94443898,18
2025-12-01,2025-12-31,month,predicate_baseline,coverage.event_count_log1p,2.63905733,18
2025-12-01,2025-12-31,month,predicate_baseline,coverage.independent_source_count_log1p,2.94443898,18
2025-12-01,2025-12-31,month,predicate_baseline,evidence.entity_confidence_mean,0.74807018,18
2025-12-01,2025-12-31,month,predicate_baseline,evidence.event_strength_mean,0.83692308,18
2025-12-01,2025-12-31,month,predicate_baseline,frozen_rule.supporting_document_share,0.22222222,18
2025-12-01,2025-12-31,month,predicate_baseline,frozen_rule.unique_rule_count_log1p,1.60943791,18
2025-12-01,2025-12-31,month,predicate_baseline,legacy_predicate.confidence.announcement_contains_uncertainty,0.78000000,18
2025-12-01,2025-12-31,month,predicate_baseline,legacy_predicate.confidence.capacity_policy_support,0.76500000,18
2025-12-01,2025-12-31,month,predicate_baseline,legacy_predicate.confidence.demand_side_policy,0.77000000,18
2025-12-01,2025-12-31,month,predicate_baseline,legacy_predicate.confidence.event_evidence_strength,0.92000000,18
2025-12-01,2025-12-31,month,predicate_baseline,legacy_predicate.confidence.event_has_short_term_price_impact,0.70000000,18
2025-12-01,2025-12-31,month,predicate_baseline,legacy_predicate.confidence.event_mentions_core_product,0.80416667,18
2025-12-01,2025-12-31,month,predicate_baseline,legacy_predicate.confidence.evidence_from_authoritative_source,0.93083333,18
2025-12-01,2025-12-31,month,predicate_baseline,legacy_predicate.confidence.has_policy_support,0.95333333,18
2025-12-01,2025-12-31,month,predicate_baseline,legacy_predicate.confidence.institutional_attention_increases,0.70000000,18
2025-12-01,2025-12-31,month,predicate_baseline,legacy_predicate.confidence.investor_questions_increase,0.82000000,18
2025-12-01,2025-12-31,month,predicate_baseline,legacy_predicate.confidence.management_response_vague,0.76000000,18
2025-12-01,2025-12-31,month,predicate_baseline,legacy_predicate.confidence.policy_attention_followup,0.77583333,18
2025-12-01,2025-12-31,month,predicate_baseline,legacy_predicate.confidence.policy_directly_related_to_business,0.83000000,18
2025-12-01,2025-12-31,month,predicate_baseline,legacy_predicate.confidence.risk_or_uncertainty_disclosure,0.78333333,18
2025-12-01,2025-12-31,month,predicate_baseline,legacy_predicate.confidence.social_attention_spikes,0.68000000,18
2025-12-01,2025-12-31,month,predicate_baseline,legacy_predicate.confidence.source_company_announcement,0.78666667,18
2025-12-01,2025-12-31,month,predicate_baseline,legacy_predicate.confidence.source_government_or_exchange,0.93416667,18
2025-12-01,2025-12-31,month,predicate_baseline,legacy_predicate.confidence.source_major_media,0.76000000,18
2025-12-01,2025-12-31,month,predicate_baseline,legacy_predicate.confidence.supply_side_policy,0.76500000,18
2025-12-01,2025-12-31,month,predicate_baseline,legacy_predicate.mean.announcement_contains_uncertainty,0.00000000,18
2025-12-01,2025-12-31,month,predicate_baseline,legacy_predicate.mean.capacity_policy_support,0.25000000,18
2025-12-01,2025-12-31,month,predicate_baseline,legacy_predicate.mean.demand_side_policy,0.25000000,18
2025-12-01,2025-12-31,month,predicate_baseline,legacy_predicate.mean.event_evidence_strength,0.94000000,18
2025-12-01,2025-12-31,month,predicate_baseline,legacy_predicate.mean.event_has_short_term_price_impact,0.78000000,18
2025-12-01,2025-12-31,month,predicate_baseline,legacy_predicate.mean.event_mentions_core_product,0.50000000,18
2025-12-01,2025-12-31,month,predicate_baseline,legacy_predicate.mean.evidence_from_authoritative_source,1.00000000,18
2025-12-01,2025-12-31,month,predicate_baseline,legacy_predicate.mean.has_policy_support,1.00000000,18
2025-12-01,2025-12-31,month,predicate_baseline,legacy_predicate.mean.institutional_attention_increases,0.00000000,18
2025-12-01,2025-12-31,month,predicate_baseline,legacy_predicate.mean.investor_questions_increase,0.00000000,18
2025-12-01,2025-12-31,month,predicate_baseline,legacy_predicate.mean.management_response_vague,0.00000000,18
2025-12-01,2025-12-31,month,predicate_baseline,legacy_predicate.mean.policy_attention_followup,0.75000000,18
2025-12-01,2025-12-31,month,predicate_baseline,legacy_predicate.mean.policy_directly_related_to_business,0.50000000,18
2025-12-01,2025-12-31,month,predicate_baseline,legacy_predicate.mean.risk_or_uncertainty_disclosure,0.25000000,18
2025-12-01,2025-12-31,month,predicate_baseline,legacy_predicate.mean.social_attention_spikes,0.00000000,18
2025-12-01,2025-12-31,month,predicate_baseline,legacy_predicate.mean.source_company_announcement,0.25000000,18
2025-12-01,2025-12-31,month,predicate_baseline,legacy_predicate.mean.source_government_or_exchange,1.00000000,18
2025-12-01,2025-12-31,month,predicate_baseline,legacy_predicate.mean.source_major_media,0.00000000,18
2025-12-01,2025-12-31,month,predicate_baseline,legacy_predicate.mean.supply_side_policy,0.25000000,18
2025-12-01,2025-12-31,month,predicate_baseline,macro_predicate.hit_rate.capacity_enters_production,0.00000000,18
2025-12-01,2025-12-31,month,predicate_baseline,macro_predicate.hit_rate.capacity_under_construction,0.05555556,18
2025-12-01,2025-12-31,month,predicate_baseline,macro_predicate.hit_rate.export_demand_improves,0.05555556,18
2025-12-01,2025-12-31,month,predicate_baseline,macro_predicate.hit_rate.financing_constraint_eases,0.22222222,18
2025-12-01,2025-12-31,month,predicate_baseline,macro_predicate.hit_rate.grid_investment_accelerates,0.00000000,18
2025-12-01,2025-12-31,month,predicate_baseline,macro_predicate.hit_rate.industry_competition_intensifies,0.16666667,18
2025-12-01,2025-12-31,month,predicate_baseline,macro_predicate.hit_rate.inventory_pressure_increases,0.11111111,18
2025-12-01,2025-12-31,month,predicate_baseline,macro_predicate.hit_rate.order_demand_improves,0.11111111,18
2025-12-01,2025-12-31,month,predicate_baseline,macro_predicate.hit_rate.policy_accelerates_project_implementation,0.05555556,18
2025-12-01,2025-12-31,month,predicate_baseline,macro_predicate.hit_rate.policy_expands_effective_demand,0.16666667,18
2025-12-01,2025-12-31,month,predicate_baseline,macro_predicate.hit_rate.product_price_recovers,0.16666667,18
2025-12-01,2025-12-31,month,predicate_baseline,macro_predicate.hit_rate.raw_material_cost_pressure,0.16666667,18
2025-12-01,2025-12-31,month,predicate_baseline,macro_predicate.net.capacity_enters_production,0.00000000,18
2025-12-01,2025-12-31,month,predicate_baseline,macro_predicate.net.capacity_under_construction,0.00500000,18
2025-12-01,2025-12-31,month,predicate_baseline,macro_predicate.net.export_demand_improves,0.00972222,18
2025-12-01,2025-12-31,month,predicate_baseline,macro_predicate.net.financing_constraint_eases,0.16033333,18
2025-12-01,2025-12-31,month,predicate_baseline,macro_predicate.net.grid_investment_accelerates,0.00000000,18
2025-12-01,2025-12-31,month,predicate_baseline,macro_predicate.net.industry_competition_intensifies,-0.04594444,18
2025-12-01,2025-12-31,month,predicate_baseline,macro_predicate.net.inventory_pressure_increases,-0.01500000,18
2025-12-01,2025-12-31,month,predicate_baseline,macro_predicate.net.order_demand_improves,0.04541667,18
2025-12-01,2025-12-31,month,predicate_baseline,macro_predicate.net.policy_accelerates_project_implementation,0.03600000,18
2025-12-01,2025-12-31,month,predicate_baseline,macro_predicate.net.policy_expands_effective_demand,0.07977778,18
2025-12-01,2025-12-31,month,predicate_baseline,macro_predicate.net.product_price_recovers,0.09908333,18
2025-12-01,2025-12-31,month,predicate_baseline,macro_predicate.net.raw_material_cost_pressure,-0.10436111,18
2025-12-01,2025-12-31,month,predicate_baseline,source.share.announcement,0.66666667,18
2025-12-01,2025-12-31,month,predicate_baseline,source.share.ir_qa,0.00000000,18
2025-12-01,2025-12-31,month,predicate_baseline,source.share.news,0.27777778,18
2025-12-01,2025-12-31,month,predicate_baseline,source.share.policy,0.05555556,18
2025-12-01,2025-12-31,month,predicate_baseline,topic.share.battery,0.22222222,18
2025-12-01,2025-12-31,month,predicate_baseline,topic.share.grid,0.05555556,18
2025-12-01,2025-12-31,month,predicate_baseline,topic.share.photovoltaic,0.16666667,18
2025-12-01,2025-12-31,month,predicate_baseline,topic.share.storage,0.11111111,18
2025-12-01,2025-12-31,month,predicate_baseline,topic.share.wind,0.05555556,18
2026-01-01,2026-02-28,jan_feb_combined,predicate_baseline,candidate.mean,0.49403850,23
2026-01-01,2026-02-28,jan_feb_combined,predicate_baseline,candidate.p25,0.49236825,23
2026-01-01,2026-02-28,jan_feb_combined,predicate_baseline,candidate.p50,0.49403850,23
2026-01-01,2026-02-28,jan_feb_combined,predicate_baseline,candidate.p75,0.49570875,23
2026-01-01,2026-02-28,jan_feb_combined,predicate_baseline,candidate.positive_share,1.00000000,23
2026-01-01,2026-02-28,jan_feb_combined,predicate_baseline,candidate.std,0.00334050,23
2026-01-01,2026-02-28,jan_feb_combined,predicate_baseline,coverage.ai_annotation_success_rate,0.91304348,23
2026-01-01,2026-02-28,jan_feb_combined,predicate_baseline,coverage.document_count_log1p,3.17805383,23
2026-01-01,2026-02-28,jan_feb_combined,predicate_baseline,coverage.event_count_log1p,4.00733319,23
2026-01-01,2026-02-28,jan_feb_combined,predicate_baseline,coverage.independent_source_count_log1p,3.17805383,23
2026-01-01,2026-02-28,jan_feb_combined,predicate_baseline,evidence.entity_confidence_mean,0.73250000,23
2026-01-01,2026-02-28,jan_feb_combined,predicate_baseline,evidence.event_strength_mean,0.85888889,23
2026-01-01,2026-02-28,jan_feb_combined,predicate_baseline,frozen_rule.supporting_document_share,0.08695652,23
2026-01-01,2026-02-28,jan_feb_combined,predicate_baseline,frozen_rule.unique_rule_count_log1p,0.69314718,23
2026-01-01,2026-02-28,jan_feb_combined,predicate_baseline,legacy_predicate.confidence.announcement_contains_uncertainty,0.78000000,23
2026-01-01,2026-02-28,jan_feb_combined,predicate_baseline,legacy_predicate.confidence.capacity_policy_support,0.75666667,23
2026-01-01,2026-02-28,jan_feb_combined,predicate_baseline,legacy_predicate.confidence.demand_side_policy,0.74000000,23
2026-01-01,2026-02-28,jan_feb_combined,predicate_baseline,legacy_predicate.confidence.event_evidence_strength,0.92000000,23
2026-01-01,2026-02-28,jan_feb_combined,predicate_baseline,legacy_predicate.confidence.event_has_short_term_price_impact,0.70000000,23
2026-01-01,2026-02-28,jan_feb_combined,predicate_baseline,legacy_predicate.confidence.event_mentions_core_product,0.81933333,23
2026-01-01,2026-02-28,jan_feb_combined,predicate_baseline,legacy_predicate.confidence.evidence_from_authoritative_source,0.77866667,23
2026-01-01,2026-02-28,jan_feb_combined,predicate_baseline,legacy_predicate.confidence.has_policy_support,0.88000000,23
2026-01-01,2026-02-28,jan_feb_combined,predicate_baseline,legacy_predicate.confidence.institutional_attention_increases,0.70000000,23
2026-01-01,2026-02-28,jan_feb_combined,predicate_baseline,legacy_predicate.confidence.investor_questions_increase,0.82000000,23
2026-01-01,2026-02-28,jan_feb_combined,predicate_baseline,legacy_predicate.confidence.management_response_vague,0.76000000,23
2026-01-01,2026-02-28,jan_feb_combined,predicate_baseline,legacy_predicate.confidence.policy_attention_followup,0.74666667,23
2026-01-01,2026-02-28,jan_feb_combined,predicate_baseline,legacy_predicate.confidence.policy_directly_related_to_business,0.78000000,23
2026-01-01,2026-02-28,jan_feb_combined,predicate_baseline,legacy_predicate.confidence.risk_or_uncertainty_disclosure,0.78800000,23
2026-01-01,2026-02-28,jan_feb_combined,predicate_baseline,legacy_predicate.confidence.social_attention_spikes,0.68000000,23
2026-01-01,2026-02-28,jan_feb_combined,predicate_baseline,legacy_predicate.confidence.source_company_announcement,0.82266667,23
2026-01-01,2026-02-28,jan_feb_combined,predicate_baseline,legacy_predicate.confidence.source_government_or_exchange,0.76000000,23
2026-01-01,2026-02-28,jan_feb_combined,predicate_baseline,legacy_predicate.confidence.source_major_media,0.76000000,23
2026-01-01,2026-02-28,jan_feb_combined,predicate_baseline,legacy_predicate.confidence.supply_side_policy,0.74000000,23
2026-01-01,2026-02-28,jan_feb_combined,predicate_baseline,legacy_predicate.mean.announcement_contains_uncertainty,0.00000000,23
2026-01-01,2026-02-28,jan_feb_combined,predicate_baseline,legacy_predicate.mean.capacity_policy_support,0.50000000,23
2026-01-01,2026-02-28,jan_feb_combined,predicate_baseline,legacy_predicate.mean.demand_side_policy,0.00000000,23
2026-01-01,2026-02-28,jan_feb_combined,predicate_baseline,legacy_predicate.mean.event_evidence_strength,0.89000000,23
2026-01-01,2026-02-28,jan_feb_combined,predicate_baseline,legacy_predicate.mean.event_has_short_term_price_impact,0.66000000,23
2026-01-01,2026-02-28,jan_feb_combined,predicate_baseline,legacy_predicate.mean.event_mentions_core_product,1.00000000,23
2026-01-01,2026-02-28,jan_feb_combined,predicate_baseline,legacy_predicate.mean.evidence_from_authoritative_source,1.00000000,23
2026-01-01,2026-02-28,jan_feb_combined,predicate_baseline,legacy_predicate.mean.has_policy_support,0.00000000,23
2026-01-01,2026-02-28,jan_feb_combined,predicate_baseline,legacy_predicate.mean.institutional_attention_increases,0.00000000,23
2026-01-01,2026-02-28,jan_feb_combined,predicate_baseline,legacy_predicate.mean.investor_questions_increase,0.00000000,23
2026-01-01,2026-02-28,jan_feb_combined,predicate_baseline,legacy_predicate.mean.management_response_vague,0.00000000,23
2026-01-01,2026-02-28,jan_feb_combined,predicate_baseline,legacy_predicate.mean.policy_attention_followup,0.50000000,23
2026-01-01,2026-02-28,jan_feb_combined,predicate_baseline,legacy_predicate.mean.policy_directly_related_to_business,0.00000000,23
2026-01-01,2026-02-28,jan_feb_combined,predicate_baseline,legacy_predicate.mean.risk_or_uncertainty_disclosure,0.50000000,23
2026-01-01,2026-02-28,jan_feb_combined,predicate_baseline,legacy_predicate.mean.social_attention_spikes,0.00000000,23
2026-01-01,2026-02-28,jan_feb_combined,predicate_baseline,legacy_predicate.mean.source_company_announcement,1.00000000,23
2026-01-01,2026-02-28,jan_feb_combined,predicate_baseline,legacy_predicate.mean.source_government_or_exchange,0.00000000,23
2026-01-01,2026-02-28,jan_feb_combined,predicate_baseline,legacy_predicate.mean.source_major_media,0.00000000,23
2026-01-01,2026-02-28,jan_feb_combined,predicate_baseline,legacy_predicate.mean.supply_side_policy,0.00000000,23
2026-01-01,2026-02-28,jan_feb_combined,predicate_baseline,macro_predicate.hit_rate.capacity_enters_production,0.08695652,23
2026-01-01,2026-02-28,jan_feb_combined,predicate_baseline,macro_predicate.hit_rate.capacity_under_construction,0.26086957,23
2026-01-01,2026-02-28,jan_feb_combined,predicate_baseline,macro_predicate.hit_rate.export_demand_improves,0.00000000,23
2026-01-01,2026-02-28,jan_feb_combined,predicate_baseline,macro_predicate.hit_rate.financing_constraint_eases,0.13043478,23
2026-01-01,2026-02-28,jan_feb_combined,predicate_baseline,macro_predicate.hit_rate.grid_investment_accelerates,0.13043478,23
2026-01-01,2026-02-28,jan_feb_combined,predicate_baseline,macro_predicate.hit_rate.industry_competition_intensifies,0.13043478,23
2026-01-01,2026-02-28,jan_feb_combined,predicate_baseline,macro_predicate.hit_rate.inventory_pressure_increases,0.04347826,23
2026-01-01,2026-02-28,jan_feb_combined,predicate_baseline,macro_predicate.hit_rate.order_demand_improves,0.17391304,23
2026-01-01,2026-02-28,jan_feb_combined,predicate_baseline,macro_predicate.hit_rate.policy_accelerates_project_implementation,0.26086957,23
2026-01-01,2026-02-28,jan_feb_combined,predicate_baseline,macro_predicate.hit_rate.policy_expands_effective_demand,0.34782609,23
2026-01-01,2026-02-28,jan_feb_combined,predicate_baseline,macro_predicate.hit_rate.product_price_recovers,0.04347826,23
2026-01-01,2026-02-28,jan_feb_combined,predicate_baseline,macro_predicate.hit_rate.raw_material_cost_pressure,0.00000000,23
2026-01-01,2026-02-28,jan_feb_combined,predicate_baseline,macro_predicate.net.capacity_enters_production,0.03548370,23
2026-01-01,2026-02-28,jan_feb_combined,predicate_baseline,macro_predicate.net.capacity_under_construction,0.12957065,23
2026-01-01,2026-02-28,jan_feb_combined,predicate_baseline,macro_predicate.net.export_demand_improves,0.00000000,23
2026-01-01,2026-02-28,jan_feb_combined,predicate_baseline,macro_predicate.net.financing_constraint_eases,0.09730435,23
2026-01-01,2026-02-28,jan_feb_combined,predicate_baseline,macro_predicate.net.grid_investment_accelerates,0.07400000,23
2026-01-01,2026-02-28,jan_feb_combined,predicate_baseline,macro_predicate.net.industry_competition_intensifies,-0.04382609,23
2026-01-01,2026-02-28,jan_feb_combined,predicate_baseline,macro_predicate.net.inventory_pressure_increases,-0.00417391,23
2026-01-01,2026-02-28,jan_feb_combined,predicate_baseline,macro_predicate.net.order_demand_improves,0.04856250,23
2026-01-01,2026-02-28,jan_feb_combined,predicate_baseline,macro_predicate.net.policy_accelerates_project_implementation,0.16015109,23
2026-01-01,2026-02-28,jan_feb_combined,predicate_baseline,macro_predicate.net.policy_expands_effective_demand,0.20576630,23
2026-01-01,2026-02-28,jan_feb_combined,predicate_baseline,macro_predicate.net.product_price_recovers,0.02486957,23
2026-01-01,2026-02-28,jan_feb_combined,predicate_baseline,macro_predicate.net.raw_material_cost_pressure,0.00000000,23
2026-01-01,2026-02-28,jan_feb_combined,predicate_baseline,source.share.announcement,0.04347826,23
2026-01-01,2026-02-28,jan_feb_combined,predicate_baseline,source.share.ir_qa,0.00000000,23
2026-01-01,2026-02-28,jan_feb_combined,predicate_baseline,source.share.news,0.43478261,23
2026-01-01,2026-02-28,jan_feb_combined,predicate_baseline,source.share.policy,0.52173913,23
2026-01-01,2026-02-28,jan_feb_combined,predicate_baseline,topic.share.battery,0.13043478,23
2026-01-01,2026-02-28,jan_feb_combined,predicate_baseline,topic.share.grid,0.08695652,23
2026-01-01,2026-02-28,jan_feb_combined,predicate_baseline,topic.share.photovoltaic,0.26086957,23
2026-01-01,2026-02-28,jan_feb_combined,predicate_baseline,topic.share.storage,0.21739130,23
2026-01-01,2026-02-28,jan_feb_combined,predicate_baseline,topic.share.wind,0.13043478,23
2026-03-01,2026-03-31,month,predicate_baseline,candidate.mean,1.05198771,16
2026-03-01,2026-03-31,month,predicate_baseline,candidate.p25,1.14176000,16
2026-03-01,2026-03-31,month,predicate_baseline,candidate.p50,1.14176000,16
2026-03-01,2026-03-31,month,predicate_baseline,candidate.p75,1.14742400,16
2026-03-01,2026-03-31,month,predicate_baseline,candidate.positive_share,1.00000000,16
2026-03-01,2026-03-31,month,predicate_baseline,candidate.std,0.22919889,16
2026-03-01,2026-03-31,month,predicate_baseline,coverage.ai_annotation_success_rate,0.81250000,16
2026-03-01,2026-03-31,month,predicate_baseline,coverage.document_count_log1p,2.83321334,16
2026-03-01,2026-03-31,month,predicate_baseline,coverage.event_count_log1p,2.99573227,16
2026-03-01,2026-03-31,month,predicate_baseline,coverage.independent_source_count_log1p,2.83321334,16
2026-03-01,2026-03-31,month,predicate_baseline,evidence.entity_confidence_mean,0.80131148,16
2026-03-01,2026-03-31,month,predicate_baseline,evidence.event_strength_mean,0.87263158,16
2026-03-01,2026-03-31,month,predicate_baseline,frozen_rule.supporting_document_share,0.25000000,16
2026-03-01,2026-03-31,month,predicate_baseline,frozen_rule.unique_rule_count_log1p,1.60943791,16
2026-03-01,2026-03-31,month,predicate_baseline,legacy_predicate.confidence.announcement_contains_uncertainty,0.78000000,16
2026-03-01,2026-03-31,month,predicate_baseline,legacy_predicate.confidence.capacity_policy_support,0.74000000,16
2026-03-01,2026-03-31,month,predicate_baseline,legacy_predicate.confidence.demand_side_policy,0.78800000,16
2026-03-01,2026-03-31,month,predicate_baseline,legacy_predicate.confidence.event_evidence_strength,0.92000000,16
2026-03-01,2026-03-31,month,predicate_baseline,legacy_predicate.confidence.event_has_short_term_price_impact,0.70000000,16
2026-03-01,2026-03-31,month,predicate_baseline,legacy_predicate.confidence.event_mentions_core_product,0.76800000,16
2026-03-01,2026-03-31,month,predicate_baseline,legacy_predicate.confidence.evidence_from_authoritative_source,0.89600000,16
2026-03-01,2026-03-31,month,predicate_baseline,legacy_predicate.confidence.has_policy_support,0.92800000,16
2026-03-01,2026-03-31,month,predicate_baseline,legacy_predicate.confidence.institutional_attention_increases,0.70000000,16
2026-03-01,2026-03-31,month,predicate_baseline,legacy_predicate.confidence.investor_questions_increase,0.82000000,16
2026-03-01,2026-03-31,month,predicate_baseline,legacy_predicate.confidence.management_response_vague,0.76000000,16
2026-03-01,2026-03-31,month,predicate_baseline,legacy_predicate.confidence.policy_attention_followup,0.75600000,16
2026-03-01,2026-03-31,month,predicate_baseline,legacy_predicate.confidence.policy_directly_related_to_business,0.78000000,16
2026-03-01,2026-03-31,month,predicate_baseline,legacy_predicate.confidence.risk_or_uncertainty_disclosure,0.79600000,16
2026-03-01,2026-03-31,month,predicate_baseline,legacy_predicate.confidence.social_attention_spikes,0.68000000,16
2026-03-01,2026-03-31,month,predicate_baseline,legacy_predicate.confidence.source_company_announcement,0.81200000,16
2026-03-01,2026-03-31,month,predicate_baseline,legacy_predicate.confidence.source_government_or_exchange,0.87400000,16
2026-03-01,2026-03-31,month,predicate_baseline,legacy_predicate.confidence.source_major_media,0.76000000,16
2026-03-01,2026-03-31,month,predicate_baseline,legacy_predicate.confidence.supply_side_policy,0.74000000,16
2026-03-01,2026-03-31,month,predicate_baseline,legacy_predicate.mean.announcement_contains_uncertainty,0.00000000,16
2026-03-01,2026-03-31,month,predicate_baseline,legacy_predicate.mean.capacity_policy_support,0.00000000,16
2026-03-01,2026-03-31,month,predicate_baseline,legacy_predicate.mean.demand_side_policy,0.40000000,16
2026-03-01,2026-03-31,month,predicate_baseline,legacy_predicate.mean.event_evidence_strength,0.89200000,16
2026-03-01,2026-03-31,month,predicate_baseline,legacy_predicate.mean.event_has_short_term_price_impact,0.73200000,16
2026-03-01,2026-03-31,month,predicate_baseline,legacy_predicate.mean.event_mentions_core_product,0.20000000,16
2026-03-01,2026-03-31,month,predicate_baseline,legacy_predicate.mean.evidence_from_authoritative_source,0.80000000,16
2026-03-01,2026-03-31,month,predicate_baseline,legacy_predicate.mean.has_policy_support,0.60000000,16
2026-03-01,2026-03-31,month,predicate_baseline,legacy_predicate.mean.institutional_attention_increases,0.00000000,16
2026-03-01,2026-03-31,month,predicate_baseline,legacy_predicate.mean.investor_questions_increase,0.00000000,16
2026-03-01,2026-03-31,month,predicate_baseline,legacy_predicate.mean.management_response_vague,0.00000000,16
2026-03-01,2026-03-31,month,predicate_baseline,legacy_predicate.mean.policy_attention_followup,0.40000000,16
2026-03-01,2026-03-31,month,predicate_baseline,legacy_predicate.mean.policy_directly_related_to_business,0.00000000,16
2026-03-01,2026-03-31,month,predicate_baseline,legacy_predicate.mean.risk_or_uncertainty_disclosure,0.20000000,16
2026-03-01,2026-03-31,month,predicate_baseline,legacy_predicate.mean.social_attention_spikes,0.00000000,16
2026-03-01,2026-03-31,month,predicate_baseline,legacy_predicate.mean.source_company_announcement,0.20000000,16
2026-03-01,2026-03-31,month,predicate_baseline,legacy_predicate.mean.source_government_or_exchange,0.60000000,16
2026-03-01,2026-03-31,month,predicate_baseline,legacy_predicate.mean.source_major_media,0.00000000,16
2026-03-01,2026-03-31,month,predicate_baseline,legacy_predicate.mean.supply_side_policy,0.00000000,16
2026-03-01,2026-03-31,month,predicate_baseline,macro_predicate.hit_rate.capacity_enters_production,0.00000000,16
2026-03-01,2026-03-31,month,predicate_baseline,macro_predicate.hit_rate.capacity_under_construction,0.12500000,16
2026-03-01,2026-03-31,month,predicate_baseline,macro_predicate.hit_rate.export_demand_improves,0.00000000,16
2026-03-01,2026-03-31,month,predicate_baseline,macro_predicate.hit_rate.financing_constraint_eases,0.06250000,16
2026-03-01,2026-03-31,month,predicate_baseline,macro_predicate.hit_rate.grid_investment_accelerates,0.06250000,16
2026-03-01,2026-03-31,month,predicate_baseline,macro_predicate.hit_rate.industry_competition_intensifies,0.12500000,16
2026-03-01,2026-03-31,month,predicate_baseline,macro_predicate.hit_rate.inventory_pressure_increases,0.00000000,16
2026-03-01,2026-03-31,month,predicate_baseline,macro_predicate.hit_rate.order_demand_improves,0.25000000,16
2026-03-01,2026-03-31,month,predicate_baseline,macro_predicate.hit_rate.policy_accelerates_project_implementation,0.12500000,16
2026-03-01,2026-03-31,month,predicate_baseline,macro_predicate.hit_rate.policy_expands_effective_demand,0.18750000,16
2026-03-01,2026-03-31,month,predicate_baseline,macro_predicate.hit_rate.product_price_recovers,0.00000000,16
2026-03-01,2026-03-31,month,predicate_baseline,macro_predicate.hit_rate.raw_material_cost_pressure,0.00000000,16
2026-03-01,2026-03-31,month,predicate_baseline,macro_predicate.net.capacity_enters_production,0.00000000,16
2026-03-01,2026-03-31,month,predicate_baseline,macro_predicate.net.capacity_under_construction,0.07087500,16
2026-03-01,2026-03-31,month,predicate_baseline,macro_predicate.net.export_demand_improves,0.00000000,16
2026-03-01,2026-03-31,month,predicate_baseline,macro_predicate.net.financing_constraint_eases,0.04662500,16
2026-03-01,2026-03-31,month,predicate_baseline,macro_predicate.net.grid_investment_accelerates,0.04050000,16
2026-03-01,2026-03-31,month,predicate_baseline,macro_predicate.net.industry_competition_intensifies,-0.02062500,16
2026-03-01,2026-03-31,month,predicate_baseline,macro_predicate.net.inventory_pressure_increases,0.00000000,16
2026-03-01,2026-03-31,month,predicate_baseline,macro_predicate.net.order_demand_improves,0.11667578,16
2026-03-01,2026-03-31,month,predicate_baseline,macro_predicate.net.policy_accelerates_project_implementation,0.03187500,16
2026-03-01,2026-03-31,month,predicate_baseline,macro_predicate.net.policy_expands_effective_demand,0.13375000,16
2026-03-01,2026-03-31,month,predicate_baseline,macro_predicate.net.product_price_recovers,0.00000000,16
2026-03-01,2026-03-31,month,predicate_baseline,macro_predicate.net.raw_material_cost_pressure,0.00000000,16
2026-03-01,2026-03-31,month,predicate_baseline,source.share.announcement,0.37500000,16
2026-03-01,2026-03-31,month,predicate_baseline,source.share.ir_qa,0.00000000,16
2026-03-01,2026-03-31,month,predicate_baseline,source.share.news,0.50000000,16
2026-03-01,2026-03-31,month,predicate_baseline,source.share.policy,0.12500000,16
2026-03-01,2026-03-31,month,predicate_baseline,topic.share.battery,0.25000000,16
2026-03-01,2026-03-31,month,predicate_baseline,topic.share.grid,0.12500000,16
2026-03-01,2026-03-31,month,predicate_baseline,topic.share.photovoltaic,0.25000000,16
2026-03-01,2026-03-31,month,predicate_baseline,topic.share.storage,0.18750000,16
2026-03-01,2026-03-31,month,predicate_baseline,topic.share.wind,0.12500000,16
2026-04-01,2026-04-30,month,predicate_baseline,candidate.mean,1.04268967,29
2026-04-01,2026-04-30,month,predicate_baseline,candidate.p25,1.15308800,29
2026-04-01,2026-04-30,month,predicate_baseline,candidate.p50,1.15308800,29
2026-04-01,2026-04-30,month,predicate_baseline,candidate.p75,1.15308800,29
2026-04-01,2026-04-30,month,predicate_baseline,candidate.positive_share,1.00000000,29
2026-04-01,2026-04-30,month,predicate_baseline,candidate.std,0.24685818,29
2026-04-01,2026-04-30,month,predicate_baseline,coverage.ai_annotation_success_rate,0.89655172,29
2026-04-01,2026-04-30,month,predicate_baseline,coverage.document_count_log1p,3.40119738,29
2026-04-01,2026-04-30,month,predicate_baseline,coverage.event_count_log1p,3.82864140,29
2026-04-01,2026-04-30,month,predicate_baseline,coverage.independent_source_count_log1p,3.40119738,29
2026-04-01,2026-04-30,month,predicate_baseline,evidence.entity_confidence_mean,0.78378049,29
2026-04-01,2026-04-30,month,predicate_baseline,evidence.event_strength_mean,0.86977778,29
2026-04-01,2026-04-30,month,predicate_baseline,frozen_rule.supporting_document_share,0.20689655,29
2026-04-01,2026-04-30,month,predicate_baseline,frozen_rule.unique_rule_count_log1p,1.38629436,29
2026-04-01,2026-04-30,month,predicate_baseline,legacy_predicate.confidence.announcement_contains_uncertainty,0.78000000,29
2026-04-01,2026-04-30,month,predicate_baseline,legacy_predicate.confidence.capacity_policy_support,0.74000000,29
2026-04-01,2026-04-30,month,predicate_baseline,legacy_predicate.confidence.demand_side_policy,0.74000000,29
2026-04-01,2026-04-30,month,predicate_baseline,legacy_predicate.confidence.event_evidence_strength,0.92000000,29
2026-04-01,2026-04-30,month,predicate_baseline,legacy_predicate.confidence.event_has_short_term_price_impact,0.70000000,29
2026-04-01,2026-04-30,month,predicate_baseline,legacy_predicate.confidence.event_mentions_core_product,0.81388889,29
2026-04-01,2026-04-30,month,predicate_baseline,legacy_predicate.confidence.evidence_from_authoritative_source,0.89111111,29
2026-04-01,2026-04-30,month,predicate_baseline,legacy_predicate.confidence.has_policy_support,0.92444444,29
2026-04-01,2026-04-30,month,predicate_baseline,legacy_predicate.confidence.institutional_attention_increases,0.70000000,29
2026-04-01,2026-04-30,month,predicate_baseline,legacy_predicate.confidence.investor_questions_increase,0.82000000,29
2026-04-01,2026-04-30,month,predicate_baseline,legacy_predicate.confidence.management_response_vague,0.76000000,29
2026-04-01,2026-04-30,month,predicate_baseline,legacy_predicate.confidence.policy_attention_followup,0.80888889,29
2026-04-01,2026-04-30,month,predicate_baseline,legacy_predicate.confidence.policy_directly_related_to_business,0.79333333,29
2026-04-01,2026-04-30,month,predicate_baseline,legacy_predicate.confidence.risk_or_uncertainty_disclosure,0.78222222,29
2026-04-01,2026-04-30,month,predicate_baseline,legacy_predicate.confidence.social_attention_spikes,0.68000000,29
2026-04-01,2026-04-30,month,predicate_baseline,legacy_predicate.confidence.source_company_announcement,0.78444444,29
2026-04-01,2026-04-30,month,predicate_baseline,legacy_predicate.confidence.source_government_or_exchange,0.86555556,29
2026-04-01,2026-04-30,month,predicate_baseline,legacy_predicate.confidence.source_major_media,0.78722222,29
2026-04-01,2026-04-30,month,predicate_baseline,legacy_predicate.confidence.supply_side_policy,0.74000000,29
2026-04-01,2026-04-30,month,predicate_baseline,legacy_predicate.mean.announcement_contains_uncertainty,0.00000000,29
2026-04-01,2026-04-30,month,predicate_baseline,legacy_predicate.mean.capacity_policy_support,0.00000000,29
2026-04-01,2026-04-30,month,predicate_baseline,legacy_predicate.mean.demand_side_policy,0.00000000,29
2026-04-01,2026-04-30,month,predicate_baseline,legacy_predicate.mean.event_evidence_strength,0.87333333,29
2026-04-01,2026-04-30,month,predicate_baseline,legacy_predicate.mean.event_has_short_term_price_impact,0.73555556,29
2026-04-01,2026-04-30,month,predicate_baseline,legacy_predicate.mean.event_mentions_core_product,0.55555556,29
2026-04-01,2026-04-30,month,predicate_baseline,legacy_predicate.mean.evidence_from_authoritative_source,0.77777778,29
2026-04-01,2026-04-30,month,predicate_baseline,legacy_predicate.mean.has_policy_support,0.55555556,29
2026-04-01,2026-04-30,month,predicate_baseline,legacy_predicate.mean.institutional_attention_increases,0.00000000,29
2026-04-01,2026-04-30,month,predicate_baseline,legacy_predicate.mean.investor_questions_increase,0.00000000,29
2026-04-01,2026-04-30,month,predicate_baseline,legacy_predicate.mean.management_response_vague,0.00000000,29
2026-04-01,2026-04-30,month,predicate_baseline,legacy_predicate.mean.policy_attention_followup,0.77777778,29
2026-04-01,2026-04-30,month,predicate_baseline,legacy_predicate.mean.policy_directly_related_to_business,0.11111111,29
2026-04-01,2026-04-30,month,predicate_baseline,legacy_predicate.mean.risk_or_uncertainty_disclosure,0.11111111,29
2026-04-01,2026-04-30,month,predicate_baseline,legacy_predicate.mean.social_attention_spikes,0.00000000,29
2026-04-01,2026-04-30,month,predicate_baseline,legacy_predicate.mean.source_company_announcement,0.11111111,29
2026-04-01,2026-04-30,month,predicate_baseline,legacy_predicate.mean.source_government_or_exchange,0.55555556,29
2026-04-01,2026-04-30,month,predicate_baseline,legacy_predicate.mean.source_major_media,0.22222222,29
2026-04-01,2026-04-30,month,predicate_baseline,legacy_predicate.mean.supply_side_policy,0.00000000,29
2026-04-01,2026-04-30,month,predicate_baseline,macro_predicate.hit_rate.capacity_enters_production,0.00000000,29
2026-04-01,2026-04-30,month,predicate_baseline,macro_predicate.hit_rate.capacity_under_construction,0.24137931,29
2026-04-01,2026-04-30,month,predicate_baseline,macro_predicate.hit_rate.export_demand_improves,0.00000000,29
2026-04-01,2026-04-30,month,predicate_baseline,macro_predicate.hit_rate.financing_constraint_eases,0.03448276,29
2026-04-01,2026-04-30,month,predicate_baseline,macro_predicate.hit_rate.grid_investment_accelerates,0.06896552,29
2026-04-01,2026-04-30,month,predicate_baseline,macro_predicate.hit_rate.industry_competition_intensifies,0.06896552,29
2026-04-01,2026-04-30,month,predicate_baseline,macro_predicate.hit_rate.inventory_pressure_increases,0.00000000,29
2026-04-01,2026-04-30,month,predicate_baseline,macro_predicate.hit_rate.order_demand_improves,0.13793103,29
2026-04-01,2026-04-30,month,predicate_baseline,macro_predicate.hit_rate.policy_accelerates_project_implementation,0.10344828,29
2026-04-01,2026-04-30,month,predicate_baseline,macro_predicate.hit_rate.policy_expands_effective_demand,0.03448276,29
2026-04-01,2026-04-30,month,predicate_baseline,macro_predicate.hit_rate.product_price_recovers,0.00000000,29
2026-04-01,2026-04-30,month,predicate_baseline,macro_predicate.hit_rate.raw_material_cost_pressure,0.00000000,29
2026-04-01,2026-04-30,month,predicate_baseline,macro_predicate.net.capacity_enters_production,0.00000000,29
2026-04-01,2026-04-30,month,predicate_baseline,macro_predicate.net.capacity_under_construction,0.15394397,29
2026-04-01,2026-04-30,month,predicate_baseline,macro_predicate.net.export_demand_improves,0.00000000,29
2026-04-01,2026-04-30,month,predicate_baseline,macro_predicate.net.financing_constraint_eases,0.02572414,29
2026-04-01,2026-04-30,month,predicate_baseline,macro_predicate.net.grid_investment_accelerates,0.02882759,29
2026-04-01,2026-04-30,month,predicate_baseline,macro_predicate.net.industry_competition_intensifies,-0.03200000,29
2026-04-01,2026-04-30,month,predicate_baseline,macro_predicate.net.inventory_pressure_increases,0.00000000,29
2026-04-01,2026-04-30,month,predicate_baseline,macro_predicate.net.order_demand_improves,0.07161422,29
2026-04-01,2026-04-30,month,predicate_baseline,macro_predicate.net.policy_accelerates_project_implementation,0.07620690,29
2026-04-01,2026-04-30,month,predicate_baseline,macro_predicate.net.policy_expands_effective_demand,0.02572414,29
2026-04-01,2026-04-30,month,predicate_baseline,macro_predicate.net.product_price_recovers,0.00000000,29
2026-04-01,2026-04-30,month,predicate_baseline,macro_predicate.net.raw_material_cost_pressure,0.00000000,29
2026-04-01,2026-04-30,month,predicate_baseline,source.share.announcement,0.55172414,29
2026-04-01,2026-04-30,month,predicate_baseline,source.share.ir_qa,0.20689655,29
2026-04-01,2026-04-30,month,predicate_baseline,source.share.news,0.13793103,29
2026-04-01,2026-04-30,month,predicate_baseline,source.share.policy,0.10344828,29
2026-04-01,2026-04-30,month,predicate_baseline,topic.share.battery,0.20689655,29
2026-04-01,2026-04-30,month,predicate_baseline,topic.share.grid,0.03448276,29
2026-04-01,2026-04-30,month,predicate_baseline,topic.share.photovoltaic,0.37931034,29
2026-04-01,2026-04-30,month,predicate_baseline,topic.share.storage,0.24137931,29
2026-04-01,2026-04-30,month,predicate_baseline,topic.share.wind,0.17241379,29
2026-05-01,2026-05-31,month,predicate_baseline,candidate.mean,1.14742400,14
2026-05-01,2026-05-31,month,predicate_baseline,candidate.p25,1.14459200,14
2026-05-01,2026-05-31,month,predicate_baseline,candidate.p50,1.14742400,14
2026-05-01,2026-05-31,month,predicate_baseline,candidate.p75,1.15025600,14
2026-05-01,2026-05-31,month,predicate_baseline,candidate.positive_share,1.00000000,14
2026-05-01,2026-05-31,month,predicate_baseline,candidate.std,0.00566400,14
2026-05-01,2026-05-31,month,predicate_baseline,coverage.ai_annotation_success_rate,0.92857143,14
2026-05-01,2026-05-31,month,predicate_baseline,coverage.document_count_log1p,2.70805020,14
2026-05-01,2026-05-31,month,predicate_baseline,coverage.event_count_log1p,1.60943791,14
2026-05-01,2026-05-31,month,predicate_baseline,coverage.independent_source_count_log1p,2.70805020,14
2026-05-01,2026-05-31,month,predicate_baseline,evidence.entity_confidence_mean,0.79920000,14
2026-05-01,2026-05-31,month,predicate_baseline,evidence.event_strength_mean,0.83750000,14
2026-05-01,2026-05-31,month,predicate_baseline,frozen_rule.supporting_document_share,0.14285714,14
2026-05-01,2026-05-31,month,predicate_baseline,frozen_rule.unique_rule_count_log1p,1.38629436,14
2026-05-01,2026-05-31,month,predicate_baseline,legacy_predicate.confidence.announcement_contains_uncertainty,0.78000000,14
2026-05-01,2026-05-31,month,predicate_baseline,legacy_predicate.confidence.capacity_policy_support,0.79000000,14
2026-05-01,2026-05-31,month,predicate_baseline,legacy_predicate.confidence.demand_side_policy,0.80000000,14
2026-05-01,2026-05-31,month,predicate_baseline,legacy_predicate.confidence.event_evidence_strength,0.92000000,14
2026-05-01,2026-05-31,month,predicate_baseline,legacy_predicate.confidence.event_has_short_term_price_impact,0.70000000,14
2026-05-01,2026-05-31,month,predicate_baseline,legacy_predicate.confidence.event_mentions_core_product,0.74000000,14
2026-05-01,2026-05-31,month,predicate_baseline,legacy_predicate.confidence.evidence_from_authoritative_source,0.94000000,14
2026-05-01,2026-05-31,month,predicate_baseline,legacy_predicate.confidence.has_policy_support,0.96000000,14
2026-05-01,2026-05-31,month,predicate_baseline,legacy_predicate.confidence.institutional_attention_increases,0.70000000,14
2026-05-01,2026-05-31,month,predicate_baseline,legacy_predicate.confidence.investor_questions_increase,0.82000000,14
2026-05-01,2026-05-31,month,predicate_baseline,legacy_predicate.confidence.management_response_vague,0.76000000,14
2026-05-01,2026-05-31,month,predicate_baseline,legacy_predicate.confidence.policy_attention_followup,0.77000000,14
2026-05-01,2026-05-31,month,predicate_baseline,legacy_predicate.confidence.policy_directly_related_to_business,0.78000000,14
2026-05-01,2026-05-31,month,predicate_baseline,legacy_predicate.confidence.risk_or_uncertainty_disclosure,0.78000000,14
2026-05-01,2026-05-31,month,predicate_baseline,legacy_predicate.confidence.social_attention_spikes,0.68000000,14
2026-05-01,2026-05-31,month,predicate_baseline,legacy_predicate.confidence.source_company_announcement,0.78000000,14
2026-05-01,2026-05-31,month,predicate_baseline,legacy_predicate.confidence.source_government_or_exchange,0.95000000,14
2026-05-01,2026-05-31,month,predicate_baseline,legacy_predicate.confidence.source_major_media,0.76000000,14
2026-05-01,2026-05-31,month,predicate_baseline,legacy_predicate.confidence.supply_side_policy,0.74000000,14
2026-05-01,2026-05-31,month,predicate_baseline,legacy_predicate.mean.announcement_contains_uncertainty,0.00000000,14
2026-05-01,2026-05-31,month,predicate_baseline,legacy_predicate.mean.capacity_policy_support,0.50000000,14
2026-05-01,2026-05-31,month,predicate_baseline,legacy_predicate.mean.demand_side_policy,0.50000000,14
2026-05-01,2026-05-31,month,predicate_baseline,legacy_predicate.mean.event_evidence_strength,0.94000000,14
2026-05-01,2026-05-31,month,predicate_baseline,legacy_predicate.mean.event_has_short_term_price_impact,0.78000000,14
2026-05-01,2026-05-31,month,predicate_baseline,legacy_predicate.mean.event_mentions_core_product,0.00000000,14
2026-05-01,2026-05-31,month,predicate_baseline,legacy_predicate.mean.evidence_from_authoritative_source,1.00000000,14
2026-05-01,2026-05-31,month,predicate_baseline,legacy_predicate.mean.has_policy_support,1.00000000,14
2026-05-01,2026-05-31,month,predicate_baseline,legacy_predicate.mean.institutional_attention_increases,0.00000000,14
2026-05-01,2026-05-31,month,predicate_baseline,legacy_predicate.mean.investor_questions_increase,0.00000000,14
2026-05-01,2026-05-31,month,predicate_baseline,legacy_predicate.mean.management_response_vague,0.00000000,14
2026-05-01,2026-05-31,month,predicate_baseline,legacy_predicate.mean.policy_attention_followup,0.50000000,14
2026-05-01,2026-05-31,month,predicate_baseline,legacy_predicate.mean.policy_directly_related_to_business,0.00000000,14
2026-05-01,2026-05-31,month,predicate_baseline,legacy_predicate.mean.risk_or_uncertainty_disclosure,0.00000000,14
2026-05-01,2026-05-31,month,predicate_baseline,legacy_predicate.mean.social_attention_spikes,0.00000000,14
2026-05-01,2026-05-31,month,predicate_baseline,legacy_predicate.mean.source_company_announcement,0.00000000,14
2026-05-01,2026-05-31,month,predicate_baseline,legacy_predicate.mean.source_government_or_exchange,1.00000000,14
2026-05-01,2026-05-31,month,predicate_baseline,legacy_predicate.mean.source_major_media,0.00000000,14
2026-05-01,2026-05-31,month,predicate_baseline,legacy_predicate.mean.supply_side_policy,0.00000000,14
2026-05-01,2026-05-31,month,predicate_baseline,macro_predicate.hit_rate.capacity_enters_production,0.07142857,14
2026-05-01,2026-05-31,month,predicate_baseline,macro_predicate.hit_rate.capacity_under_construction,0.14285714,14
2026-05-01,2026-05-31,month,predicate_baseline,macro_predicate.hit_rate.export_demand_improves,0.00000000,14
2026-05-01,2026-05-31,month,predicate_baseline,macro_predicate.hit_rate.financing_constraint_eases,0.00000000,14
2026-05-01,2026-05-31,month,predicate_baseline,macro_predicate.hit_rate.grid_investment_accelerates,0.14285714,14
2026-05-01,2026-05-31,month,predicate_baseline,macro_predicate.hit_rate.industry_competition_intensifies,0.00000000,14
2026-05-01,2026-05-31,month,predicate_baseline,macro_predicate.hit_rate.inventory_pressure_increases,0.00000000,14
2026-05-01,2026-05-31,month,predicate_baseline,macro_predicate.hit_rate.order_demand_improves,0.07142857,14
2026-05-01,2026-05-31,month,predicate_baseline,macro_predicate.hit_rate.policy_accelerates_project_implementation,0.14285714,14
2026-05-01,2026-05-31,month,predicate_baseline,macro_predicate.hit_rate.policy_expands_effective_demand,0.21428571,14
2026-05-01,2026-05-31,month,predicate_baseline,macro_predicate.hit_rate.product_price_recovers,0.00000000,14
2026-05-01,2026-05-31,month,predicate_baseline,macro_predicate.hit_rate.raw_material_cost_pressure,0.00000000,14
2026-05-01,2026-05-31,month,predicate_baseline,macro_predicate.net.capacity_enters_production,0.02564286,14
2026-05-01,2026-05-31,month,predicate_baseline,macro_predicate.net.capacity_under_construction,0.07226786,14
2026-05-01,2026-05-31,month,predicate_baseline,macro_predicate.net.export_demand_improves,0.00000000,14
2026-05-01,2026-05-31,month,predicate_baseline,macro_predicate.net.financing_constraint_eases,0.00000000,14
2026-05-01,2026-05-31,month,predicate_baseline,macro_predicate.net.grid_investment_accelerates,0.06828571,14
2026-05-01,2026-05-31,month,predicate_baseline,macro_predicate.net.industry_competition_intensifies,0.00000000,14
2026-05-01,2026-05-31,month,predicate_baseline,macro_predicate.net.inventory_pressure_increases,0.00000000,14
2026-05-01,2026-05-31,month,predicate_baseline,macro_predicate.net.order_demand_improves,0.00857143,14
2026-05-01,2026-05-31,month,predicate_baseline,macro_predicate.net.policy_accelerates_project_implementation,0.10657143,14
2026-05-01,2026-05-31,month,predicate_baseline,macro_predicate.net.policy_expands_effective_demand,0.09978571,14
2026-05-01,2026-05-31,month,predicate_baseline,macro_predicate.net.product_price_recovers,0.00000000,14
2026-05-01,2026-05-31,month,predicate_baseline,macro_predicate.net.raw_material_cost_pressure,0.00000000,14
2026-05-01,2026-05-31,month,predicate_baseline,source.share.announcement,0.07142857,14
2026-05-01,2026-05-31,month,predicate_baseline,source.share.ir_qa,0.64285714,14
2026-05-01,2026-05-31,month,predicate_baseline,source.share.news,0.07142857,14
2026-05-01,2026-05-31,month,predicate_baseline,source.share.policy,0.21428571,14
2026-05-01,2026-05-31,month,predicate_baseline,topic.share.battery,0.57142857,14
2026-05-01,2026-05-31,month,predicate_baseline,topic.share.grid,0.07142857,14
2026-05-01,2026-05-31,month,predicate_baseline,topic.share.photovoltaic,0.07142857,14
2026-05-01,2026-05-31,month,predicate_baseline,topic.share.storage,0.00000000,14
2026-05-01,2026-05-31,month,predicate_baseline,topic.share.wind,0.07142857,14
2026-06-01,2026-06-30,month,predicate_baseline,candidate.mean,0.92473933,25
2026-06-01,2026-06-30,month,predicate_baseline,candidate.p25,0.81622900,25
2026-06-01,2026-06-30,month,predicate_baseline,candidate.p50,1.14176000,25
2026-06-01,2026-06-30,month,predicate_baseline,candidate.p75,1.14176000,25
2026-06-01,2026-06-30,month,predicate_baseline,candidate.positive_share,1.00000000,25
2026-06-01,2026-06-30,month,predicate_baseline,candidate.std,0.30691357,25
2026-06-01,2026-06-30,month,predicate_baseline,coverage.ai_annotation_success_rate,0.92000000,25
2026-06-01,2026-06-30,month,predicate_baseline,coverage.document_count_log1p,3.25809654,25
2026-06-01,2026-06-30,month,predicate_baseline,coverage.event_count_log1p,3.33220451,25
2026-06-01,2026-06-30,month,predicate_baseline,coverage.independent_source_count_log1p,3.25809654,25
2026-06-01,2026-06-30,month,predicate_baseline,evidence.entity_confidence_mean,0.80792453,25
2026-06-01,2026-06-30,month,predicate_baseline,evidence.event_strength_mean,0.85888889,25
2026-06-01,2026-06-30,month,predicate_baseline,frozen_rule.supporting_document_share,0.04000000,25
2026-06-01,2026-06-30,month,predicate_baseline,frozen_rule.unique_rule_count_log1p,1.38629436,25
2026-06-01,2026-06-30,month,predicate_baseline,legacy_predicate.confidence.announcement_contains_uncertainty,0.78000000,25
2026-06-01,2026-06-30,month,predicate_baseline,legacy_predicate.confidence.capacity_policy_support,0.74000000,25
2026-06-01,2026-06-30,month,predicate_baseline,legacy_predicate.confidence.demand_side_policy,0.74000000,25
2026-06-01,2026-06-30,month,predicate_baseline,legacy_predicate.confidence.event_evidence_strength,0.92000000,25
2026-06-01,2026-06-30,month,predicate_baseline,legacy_predicate.confidence.event_has_short_term_price_impact,0.70000000,25
2026-06-01,2026-06-30,month,predicate_baseline,legacy_predicate.confidence.event_mentions_core_product,0.81000000,25
2026-06-01,2026-06-30,month,predicate_baseline,legacy_predicate.confidence.evidence_from_authoritative_source,0.83000000,25
2026-06-01,2026-06-30,month,predicate_baseline,legacy_predicate.confidence.has_policy_support,0.90666667,25
2026-06-01,2026-06-30,month,predicate_baseline,legacy_predicate.confidence.institutional_attention_increases,0.70000000,25
2026-06-01,2026-06-30,month,predicate_baseline,legacy_predicate.confidence.investor_questions_increase,0.82000000,25
2026-06-01,2026-06-30,month,predicate_baseline,legacy_predicate.confidence.management_response_vague,0.76000000,25
2026-06-01,2026-06-30,month,predicate_baseline,legacy_predicate.confidence.policy_attention_followup,0.77000000,25
2026-06-01,2026-06-30,month,predicate_baseline,legacy_predicate.confidence.policy_directly_related_to_business,0.78000000,25
2026-06-01,2026-06-30,month,predicate_baseline,legacy_predicate.confidence.risk_or_uncertainty_disclosure,0.79333333,25
2026-06-01,2026-06-30,month,predicate_baseline,legacy_predicate.confidence.social_attention_spikes,0.68000000,25
2026-06-01,2026-06-30,month,predicate_baseline,legacy_predicate.confidence.source_company_announcement,0.80666667,25
2026-06-01,2026-06-30,month,predicate_baseline,legacy_predicate.confidence.source_government_or_exchange,0.82333333,25
2026-06-01,2026-06-30,month,predicate_baseline,legacy_predicate.confidence.source_major_media,0.76000000,25
2026-06-01,2026-06-30,month,predicate_baseline,legacy_predicate.confidence.supply_side_policy,0.77333333,25
2026-06-01,2026-06-30,month,predicate_baseline,legacy_predicate.mean.announcement_contains_uncertainty,0.00000000,25
2026-06-01,2026-06-30,month,predicate_baseline,legacy_predicate.mean.capacity_policy_support,0.00000000,25
2026-06-01,2026-06-30,month,predicate_baseline,legacy_predicate.mean.demand_side_policy,0.00000000,25
2026-06-01,2026-06-30,month,predicate_baseline,legacy_predicate.mean.event_evidence_strength,0.85000000,25
2026-06-01,2026-06-30,month,predicate_baseline,legacy_predicate.mean.event_has_short_term_price_impact,0.73000000,25
2026-06-01,2026-06-30,month,predicate_baseline,legacy_predicate.mean.event_mentions_core_product,0.50000000,25
2026-06-01,2026-06-30,month,predicate_baseline,legacy_predicate.mean.evidence_from_authoritative_source,0.50000000,25
2026-06-01,2026-06-30,month,predicate_baseline,legacy_predicate.mean.has_policy_support,0.50000000,25
2026-06-01,2026-06-30,month,predicate_baseline,legacy_predicate.mean.institutional_attention_increases,0.00000000,25
2026-06-01,2026-06-30,month,predicate_baseline,legacy_predicate.mean.investor_questions_increase,0.00000000,25
2026-06-01,2026-06-30,month,predicate_baseline,legacy_predicate.mean.management_response_vague,0.00000000,25
2026-06-01,2026-06-30,month,predicate_baseline,legacy_predicate.mean.policy_attention_followup,0.50000000,25
2026-06-01,2026-06-30,month,predicate_baseline,legacy_predicate.mean.policy_directly_related_to_business,0.00000000,25
2026-06-01,2026-06-30,month,predicate_baseline,legacy_predicate.mean.risk_or_uncertainty_disclosure,0.50000000,25
2026-06-01,2026-06-30,month,predicate_baseline,legacy_predicate.mean.social_attention_spikes,0.00000000,25
2026-06-01,2026-06-30,month,predicate_baseline,legacy_predicate.mean.source_company_announcement,0.50000000,25
2026-06-01,2026-06-30,month,predicate_baseline,legacy_predicate.mean.source_government_or_exchange,0.50000000,25
2026-06-01,2026-06-30,month,predicate_baseline,legacy_predicate.mean.source_major_media,0.00000000,25
2026-06-01,2026-06-30,month,predicate_baseline,legacy_predicate.mean.supply_side_policy,0.50000000,25
2026-06-01,2026-06-30,month,predicate_baseline,macro_predicate.hit_rate.capacity_enters_production,0.04000000,25
2026-06-01,2026-06-30,month,predicate_baseline,macro_predicate.hit_rate.capacity_under_construction,0.28000000,25
2026-06-01,2026-06-30,month,predicate_baseline,macro_predicate.hit_rate.export_demand_improves,0.04000000,25
2026-06-01,2026-06-30,month,predicate_baseline,macro_predicate.hit_rate.financing_constraint_eases,0.08000000,25
2026-06-01,2026-06-30,month,predicate_baseline,macro_predicate.hit_rate.grid_investment_accelerates,0.12000000,25
2026-06-01,2026-06-30,month,predicate_baseline,macro_predicate.hit_rate.industry_competition_intensifies,0.00000000,25
2026-06-01,2026-06-30,month,predicate_baseline,macro_predicate.hit_rate.inventory_pressure_increases,0.00000000,25
2026-06-01,2026-06-30,month,predicate_baseline,macro_predicate.hit_rate.order_demand_improves,0.08000000,25
2026-06-01,2026-06-30,month,predicate_baseline,macro_predicate.hit_rate.policy_accelerates_project_implementation,0.20000000,25
2026-06-01,2026-06-30,month,predicate_baseline,macro_predicate.hit_rate.policy_expands_effective_demand,0.12000000,25
2026-06-01,2026-06-30,month,predicate_baseline,macro_predicate.hit_rate.product_price_recovers,0.00000000,25
2026-06-01,2026-06-30,month,predicate_baseline,macro_predicate.hit_rate.raw_material_cost_pressure,0.00000000,25
2026-06-01,2026-06-30,month,predicate_baseline,macro_predicate.net.capacity_enters_production,0.02872000,25
2026-06-01,2026-06-30,month,predicate_baseline,macro_predicate.net.capacity_under_construction,0.19619500,25
2026-06-01,2026-06-30,month,predicate_baseline,macro_predicate.net.export_demand_improves,0.02872000,25
2026-06-01,2026-06-30,month,predicate_baseline,macro_predicate.net.financing_constraint_eases,0.05856000,25
2026-06-01,2026-06-30,month,predicate_baseline,macro_predicate.net.grid_investment_accelerates,0.08952000,25
2026-06-01,2026-06-30,month,predicate_baseline,macro_predicate.net.industry_competition_intensifies,0.00000000,25
2026-06-01,2026-06-30,month,predicate_baseline,macro_predicate.net.inventory_pressure_increases,0.00000000,25
2026-06-01,2026-06-30,month,predicate_baseline,macro_predicate.net.order_demand_improves,0.03128000,25
2026-06-01,2026-06-30,month,predicate_baseline,macro_predicate.net.policy_accelerates_project_implementation,0.14136600,25
2026-06-01,2026-06-30,month,predicate_baseline,macro_predicate.net.policy_expands_effective_demand,0.08131400,25
2026-06-01,2026-06-30,month,predicate_baseline,macro_predicate.net.product_price_recovers,0.00000000,25
2026-06-01,2026-06-30,month,predicate_baseline,macro_predicate.net.raw_material_cost_pressure,0.00000000,25
2026-06-01,2026-06-30,month,predicate_baseline,source.share.announcement,0.16000000,25
2026-06-01,2026-06-30,month,predicate_baseline,source.share.ir_qa,0.56000000,25
2026-06-01,2026-06-30,month,predicate_baseline,source.share.news,0.08000000,25
2026-06-01,2026-06-30,month,predicate_baseline,source.share.policy,0.20000000,25
2026-06-01,2026-06-30,month,predicate_baseline,topic.share.battery,0.52000000,25
2026-06-01,2026-06-30,month,predicate_baseline,topic.share.grid,0.12000000,25
2026-06-01,2026-06-30,month,predicate_baseline,topic.share.photovoltaic,0.00000000,25
2026-06-01,2026-06-30,month,predicate_baseline,topic.share.storage,0.20000000,25
2026-06-01,2026-06-30,month,predicate_baseline,topic.share.wind,0.20000000,25
2024-01-01,2024-02-29,jan_feb_combined,historical_rules,candidate.mean,0.68993733,3
2024-01-01,2024-02-29,jan_feb_combined,historical_rules,candidate.p25,0.45836200,3
2024-01-01,2024-02-29,jan_feb_combined,historical_rules,candidate.p50,0.49737900,3
2024-01-01,2024-02-29,jan_feb_combined,historical_rules,candidate.p75,0.82523350,3
2024-01-01,2024-02-29,jan_feb_combined,historical_rules,candidate.positive_share,1.00000000,3
2024-01-01,2024-02-29,jan_feb_combined,historical_rules,candidate.std,0.32904278,3
2024-01-01,2024-02-29,jan_feb_combined,historical_rules,coverage.ai_annotation_success_rate,1.00000000,3
2024-01-01,2024-02-29,jan_feb_combined,historical_rules,coverage.document_count_log1p,1.38629436,3
2024-01-01,2024-02-29,jan_feb_combined,historical_rules,coverage.event_count_log1p,3.09104245,3
2024-01-01,2024-02-29,jan_feb_combined,historical_rules,coverage.independent_source_count_log1p,1.38629436,3
2024-01-01,2024-02-29,jan_feb_combined,historical_rules,evidence.entity_confidence_mean,0.68285714,3
2024-01-01,2024-02-29,jan_feb_combined,historical_rules,evidence.event_strength_mean,0.77714286,3
2024-01-01,2024-02-29,jan_feb_combined,historical_rules,frozen_rule.supporting_document_share,0.66666667,3
2024-01-01,2024-02-29,jan_feb_combined,historical_rules,frozen_rule.unique_rule_count_log1p,1.38629436,3
2024-01-01,2024-02-29,jan_feb_combined,historical_rules,legacy_predicate.confidence.announcement_contains_uncertainty,0.78000000,3
2024-01-01,2024-02-29,jan_feb_combined,historical_rules,legacy_predicate.confidence.capacity_policy_support,0.76500000,3
2024-01-01,2024-02-29,jan_feb_combined,historical_rules,legacy_predicate.confidence.demand_side_policy,0.74000000,3
2024-01-01,2024-02-29,jan_feb_combined,historical_rules,legacy_predicate.confidence.event_evidence_strength,0.92000000,3
2024-01-01,2024-02-29,jan_feb_combined,historical_rules,legacy_predicate.confidence.event_has_short_term_price_impact,0.70000000,3
2024-01-01,2024-02-29,jan_feb_combined,historical_rules,legacy_predicate.confidence.event_mentions_core_product,0.77500000,3
2024-01-01,2024-02-29,jan_feb_combined,historical_rules,legacy_predicate.confidence.evidence_from_authoritative_source,0.94000000,3
2024-01-01,2024-02-29,jan_feb_combined,historical_rules,legacy_predicate.confidence.has_policy_support,0.92000000,3
2024-01-01,2024-02-29,jan_feb_combined,historical_rules,legacy_predicate.confidence.institutional_attention_increases,0.70000000,3
2024-01-01,2024-02-29,jan_feb_combined,historical_rules,legacy_predicate.confidence.investor_questions_increase,0.83000000,3
2024-01-01,2024-02-29,jan_feb_combined,historical_rules,legacy_predicate.confidence.management_response_vague,0.76000000,3
2024-01-01,2024-02-29,jan_feb_combined,historical_rules,legacy_predicate.confidence.policy_attention_followup,0.77000000,3
2024-01-01,2024-02-29,jan_feb_combined,historical_rules,legacy_predicate.confidence.policy_directly_related_to_business,0.78000000,3
2024-01-01,2024-02-29,jan_feb_combined,historical_rules,legacy_predicate.confidence.risk_or_uncertainty_disclosure,0.78000000,3
2024-01-01,2024-02-29,jan_feb_combined,historical_rules,legacy_predicate.confidence.social_attention_spikes,0.68000000,3
2024-01-01,2024-02-29,jan_feb_combined,historical_rules,legacy_predicate.confidence.source_company_announcement,0.82000000,3
2024-01-01,2024-02-29,jan_feb_combined,historical_rules,legacy_predicate.confidence.source_government_or_exchange,0.90250000,3
2024-01-01,2024-02-29,jan_feb_combined,historical_rules,legacy_predicate.confidence.source_major_media,0.76000000,3
2024-01-01,2024-02-29,jan_feb_combined,historical_rules,legacy_predicate.confidence.supply_side_policy,0.74000000,3
2024-01-01,2024-02-29,jan_feb_combined,historical_rules,legacy_predicate.mean.announcement_contains_uncertainty,0.00000000,3
2024-01-01,2024-02-29,jan_feb_combined,historical_rules,legacy_predicate.mean.capacity_policy_support,0.50000000,3
2024-01-01,2024-02-29,jan_feb_combined,historical_rules,legacy_predicate.mean.demand_side_policy,0.00000000,3
2024-01-01,2024-02-29,jan_feb_combined,historical_rules,legacy_predicate.mean.event_evidence_strength,0.92000000,3
2024-01-01,2024-02-29,jan_feb_combined,historical_rules,legacy_predicate.mean.event_has_short_term_price_impact,0.70500000,3
2024-01-01,2024-02-29,jan_feb_combined,historical_rules,legacy_predicate.mean.event_mentions_core_product,0.50000000,3
2024-01-01,2024-02-29,jan_feb_combined,historical_rules,legacy_predicate.mean.evidence_from_authoritative_source,1.00000000,3
2024-01-01,2024-02-29,jan_feb_combined,historical_rules,legacy_predicate.mean.has_policy_support,0.50000000,3
2024-01-01,2024-02-29,jan_feb_combined,historical_rules,legacy_predicate.mean.institutional_attention_increases,0.00000000,3
2024-01-01,2024-02-29,jan_feb_combined,historical_rules,legacy_predicate.mean.investor_questions_increase,0.50000000,3
2024-01-01,2024-02-29,jan_feb_combined,historical_rules,legacy_predicate.mean.management_response_vague,0.00000000,3
2024-01-01,2024-02-29,jan_feb_combined,historical_rules,legacy_predicate.mean.policy_attention_followup,0.50000000,3
2024-01-01,2024-02-29,jan_feb_combined,historical_rules,legacy_predicate.mean.policy_directly_related_to_business,0.00000000,3
2024-01-01,2024-02-29,jan_feb_combined,historical_rules,legacy_predicate.mean.risk_or_uncertainty_disclosure,0.00000000,3
2024-01-01,2024-02-29,jan_feb_combined,historical_rules,legacy_predicate.mean.social_attention_spikes,0.00000000,3
2024-01-01,2024-02-29,jan_feb_combined,historical_rules,legacy_predicate.mean.source_company_announcement,0.50000000,3
2024-01-01,2024-02-29,jan_feb_combined,historical_rules,legacy_predicate.mean.source_government_or_exchange,1.00000000,3
2024-01-01,2024-02-29,jan_feb_combined,historical_rules,legacy_predicate.mean.source_major_media,0.00000000,3
2024-01-01,2024-02-29,jan_feb_combined,historical_rules,legacy_predicate.mean.supply_side_policy,0.00000000,3
2024-01-01,2024-02-29,jan_feb_combined,historical_rules,macro_predicate.hit_rate.capacity_enters_production,0.00000000,3
2024-01-01,2024-02-29,jan_feb_combined,historical_rules,macro_predicate.hit_rate.capacity_under_construction,0.00000000,3
2024-01-01,2024-02-29,jan_feb_combined,historical_rules,macro_predicate.hit_rate.export_demand_improves,0.00000000,3
2024-01-01,2024-02-29,jan_feb_combined,historical_rules,macro_predicate.hit_rate.financing_constraint_eases,0.00000000,3
2024-01-01,2024-02-29,jan_feb_combined,historical_rules,macro_predicate.hit_rate.grid_investment_accelerates,0.00000000,3
2024-01-01,2024-02-29,jan_feb_combined,historical_rules,macro_predicate.hit_rate.industry_competition_intensifies,0.66666667,3
2024-01-01,2024-02-29,jan_feb_combined,historical_rules,macro_predicate.hit_rate.inventory_pressure_increases,0.33333333,3
2024-01-01,2024-02-29,jan_feb_combined,historical_rules,macro_predicate.hit_rate.order_demand_improves,0.00000000,3
2024-01-01,2024-02-29,jan_feb_combined,historical_rules,macro_predicate.hit_rate.policy_accelerates_project_implementation,0.33333333,3
2024-01-01,2024-02-29,jan_feb_combined,historical_rules,macro_predicate.hit_rate.policy_expands_effective_demand,0.00000000,3
2024-01-01,2024-02-29,jan_feb_combined,historical_rules,macro_predicate.hit_rate.product_price_recovers,0.00000000,3
2024-01-01,2024-02-29,jan_feb_combined,historical_rules,macro_predicate.hit_rate.raw_material_cost_pressure,0.00000000,3
2024-01-01,2024-02-29,jan_feb_combined,historical_rules,macro_predicate.net.capacity_enters_production,0.00000000,3
2024-01-01,2024-02-29,jan_feb_combined,historical_rules,macro_predicate.net.capacity_under_construction,0.00000000,3
2024-01-01,2024-02-29,jan_feb_combined,historical_rules,macro_predicate.net.export_demand_improves,0.00000000,3
2024-01-01,2024-02-29,jan_feb_combined,historical_rules,macro_predicate.net.financing_constraint_eases,0.00000000,3
2024-01-01,2024-02-29,jan_feb_combined,historical_rules,macro_predicate.net.grid_investment_accelerates,0.00000000,3
2024-01-01,2024-02-29,jan_feb_combined,historical_rules,macro_predicate.net.industry_competition_intensifies,-0.11966667,3
2024-01-01,2024-02-29,jan_feb_combined,historical_rules,macro_predicate.net.inventory_pressure_increases,-0.07000000,3
2024-01-01,2024-02-29,jan_feb_combined,historical_rules,macro_predicate.net.order_demand_improves,0.00000000,3
2024-01-01,2024-02-29,jan_feb_combined,historical_rules,macro_predicate.net.policy_accelerates_project_implementation,0.24866667,3
2024-01-01,2024-02-29,jan_feb_combined,historical_rules,macro_predicate.net.policy_expands_effective_demand,0.00000000,3
2024-01-01,2024-02-29,jan_feb_combined,historical_rules,macro_predicate.net.product_price_recovers,0.00000000,3
2024-01-01,2024-02-29,jan_feb_combined,historical_rules,macro_predicate.net.raw_material_cost_pressure,0.00000000,3
2024-01-01,2024-02-29,jan_feb_combined,historical_rules,source.share.announcement,0.00000000,3
2024-01-01,2024-02-29,jan_feb_combined,historical_rules,source.share.ir_qa,0.00000000,3
2024-01-01,2024-02-29,jan_feb_combined,historical_rules,source.share.news,0.66666667,3
2024-01-01,2024-02-29,jan_feb_combined,historical_rules,source.share.policy,0.33333333,3
2024-01-01,2024-02-29,jan_feb_combined,historical_rules,topic.share.battery,0.33333333,3
2024-01-01,2024-02-29,jan_feb_combined,historical_rules,topic.share.grid,0.00000000,3
2024-01-01,2024-02-29,jan_feb_combined,historical_rules,topic.share.photovoltaic,0.33333333,3
2024-01-01,2024-02-29,jan_feb_combined,historical_rules,topic.share.storage,0.00000000,3
2024-01-01,2024-02-29,jan_feb_combined,historical_rules,topic.share.wind,0.00000000,3
2024-03-01,2024-03-31,month,historical_rules,candidate.mean,1.02061000,2
2024-03-01,2024-03-31,month,historical_rules,candidate.p25,1.15308800,2
2024-03-01,2024-03-31,month,historical_rules,candidate.p50,1.15308800,2
2024-03-01,2024-03-31,month,historical_rules,candidate.p75,1.15308800,2
2024-03-01,2024-03-31,month,historical_rules,candidate.positive_share,1.00000000,2
2024-03-01,2024-03-31,month,historical_rules,candidate.std,0.26495600,2
2024-03-01,2024-03-31,month,historical_rules,coverage.ai_annotation_success_rate,1.00000000,2
2024-03-01,2024-03-31,month,historical_rules,coverage.document_count_log1p,1.09861229,2
2024-03-01,2024-03-31,month,historical_rules,coverage.event_count_log1p,2.19722458,2
2024-03-01,2024-03-31,month,historical_rules,coverage.independent_source_count_log1p,1.09861229,2
2024-03-01,2024-03-31,month,historical_rules,evidence.entity_confidence_mean,0.74500000,2
2024-03-01,2024-03-31,month,historical_rules,evidence.event_strength_mean,0.87000000,2
2024-03-01,2024-03-31,month,historical_rules,frozen_rule.supporting_document_share,0.50000000,2
2024-03-01,2024-03-31,month,historical_rules,frozen_rule.unique_rule_count_log1p,1.38629436,2
2024-03-01,2024-03-31,month,historical_rules,legacy_predicate.confidence.announcement_contains_uncertainty,0.78000000,2
2024-03-01,2024-03-31,month,historical_rules,legacy_predicate.confidence.capacity_policy_support,0.74000000,2
2024-03-01,2024-03-31,month,historical_rules,legacy_predicate.confidence.demand_side_policy,0.74000000,2
2024-03-01,2024-03-31,month,historical_rules,legacy_predicate.confidence.event_evidence_strength,0.92000000,2
2024-03-01,2024-03-31,month,historical_rules,legacy_predicate.confidence.event_has_short_term_price_impact,0.70000000,2
2024-03-01,2024-03-31,month,historical_rules,legacy_predicate.confidence.event_mentions_core_product,0.74000000,2
2024-03-01,2024-03-31,month,historical_rules,legacy_predicate.confidence.evidence_from_authoritative_source,0.94000000,2
2024-03-01,2024-03-31,month,historical_rules,legacy_predicate.confidence.has_policy_support,0.94400000,2
2024-03-01,2024-03-31,month,historical_rules,legacy_predicate.confidence.institutional_attention_increases,0.70000000,2
2024-03-01,2024-03-31,month,historical_rules,legacy_predicate.confidence.investor_questions_increase,0.82000000,2
2024-03-01,2024-03-31,month,historical_rules,legacy_predicate.confidence.management_response_vague,0.76000000,2
2024-03-01,2024-03-31,month,historical_rules,legacy_predicate.confidence.policy_attention_followup,0.81200000,2
2024-03-01,2024-03-31,month,historical_rules,legacy_predicate.confidence.policy_directly_related_to_business,0.78000000,2
2024-03-01,2024-03-31,month,historical_rules,legacy_predicate.confidence.risk_or_uncertainty_disclosure,0.79600000,2
2024-03-01,2024-03-31,month,historical_rules,legacy_predicate.confidence.social_attention_spikes,0.68000000,2
2024-03-01,2024-03-31,month,historical_rules,legacy_predicate.confidence.source_company_announcement,0.81200000,2
2024-03-01,2024-03-31,month,historical_rules,legacy_predicate.confidence.source_government_or_exchange,0.91200000,2
2024-03-01,2024-03-31,month,historical_rules,legacy_predicate.confidence.source_major_media,0.76000000,2
2024-03-01,2024-03-31,month,historical_rules,legacy_predicate.confidence.supply_side_policy,0.74000000,2
2024-03-01,2024-03-31,month,historical_rules,legacy_predicate.mean.announcement_contains_uncertainty,0.00000000,2
2024-03-01,2024-03-31,month,historical_rules,legacy_predicate.mean.capacity_policy_support,0.00000000,2
2024-03-01,2024-03-31,month,historical_rules,legacy_predicate.mean.demand_side_policy,0.00000000,2
2024-03-01,2024-03-31,month,historical_rules,legacy_predicate.mean.event_evidence_strength,0.94000000,2
2024-03-01,2024-03-31,month,historical_rules,legacy_predicate.mean.event_has_short_term_price_impact,0.78000000,2
2024-03-01,2024-03-31,month,historical_rules,legacy_predicate.mean.event_mentions_core_product,0.00000000,2
2024-03-01,2024-03-31,month,historical_rules,legacy_predicate.mean.evidence_from_authoritative_source,1.00000000,2
2024-03-01,2024-03-31,month,historical_rules,legacy_predicate.mean.has_policy_support,1.00000000,2
2024-03-01,2024-03-31,month,historical_rules,legacy_predicate.mean.institutional_attention_increases,0.00000000,2
2024-03-01,2024-03-31,month,historical_rules,legacy_predicate.mean.investor_questions_increase,0.00000000,2
2024-03-01,2024-03-31,month,historical_rules,legacy_predicate.mean.management_response_vague,0.00000000,2
2024-03-01,2024-03-31,month,historical_rules,legacy_predicate.mean.policy_attention_followup,1.00000000,2
2024-03-01,2024-03-31,month,historical_rules,legacy_predicate.mean.policy_directly_related_to_business,0.00000000,2
2024-03-01,2024-03-31,month,historical_rules,legacy_predicate.mean.risk_or_uncertainty_disclosure,1.00000000,2
2024-03-01,2024-03-31,month,historical_rules,legacy_predicate.mean.social_attention_spikes,0.00000000,2
2024-03-01,2024-03-31,month,historical_rules,legacy_predicate.mean.source_company_announcement,1.00000000,2
2024-03-01,2024-03-31,month,historical_rules,legacy_predicate.mean.source_government_or_exchange,1.00000000,2
2024-03-01,2024-03-31,month,historical_rules,legacy_predicate.mean.source_major_media,0.00000000,2
2024-03-01,2024-03-31,month,historical_rules,legacy_predicate.mean.supply_side_policy,0.00000000,2
2024-03-01,2024-03-31,month,historical_rules,macro_predicate.hit_rate.capacity_enters_production,0.00000000,2
2024-03-01,2024-03-31,month,historical_rules,macro_predicate.hit_rate.capacity_under_construction,0.50000000,2
2024-03-01,2024-03-31,month,historical_rules,macro_predicate.hit_rate.export_demand_improves,0.00000000,2
2024-03-01,2024-03-31,month,historical_rules,macro_predicate.hit_rate.financing_constraint_eases,0.00000000,2
2024-03-01,2024-03-31,month,historical_rules,macro_predicate.hit_rate.grid_investment_accelerates,0.00000000,2
2024-03-01,2024-03-31,month,historical_rules,macro_predicate.hit_rate.industry_competition_intensifies,0.00000000,2
2024-03-01,2024-03-31,month,historical_rules,macro_predicate.hit_rate.inventory_pressure_increases,0.00000000,2
2024-03-01,2024-03-31,month,historical_rules,macro_predicate.hit_rate.order_demand_improves,0.00000000,2
2024-03-01,2024-03-31,month,historical_rules,macro_predicate.hit_rate.policy_accelerates_project_implementation,0.00000000,2
2024-03-01,2024-03-31,month,historical_rules,macro_predicate.hit_rate.policy_expands_effective_demand,0.50000000,2
2024-03-01,2024-03-31,month,historical_rules,macro_predicate.hit_rate.product_price_recovers,0.00000000,2
2024-03-01,2024-03-31,month,historical_rules,macro_predicate.hit_rate.raw_material_cost_pressure,0.00000000,2
2024-03-01,2024-03-31,month,historical_rules,macro_predicate.net.capacity_enters_production,0.00000000,2
2024-03-01,2024-03-31,month,historical_rules,macro_predicate.net.capacity_under_construction,0.33570000,2
2024-03-01,2024-03-31,month,historical_rules,macro_predicate.net.export_demand_improves,0.00000000,2
2024-03-01,2024-03-31,month,historical_rules,macro_predicate.net.financing_constraint_eases,0.00000000,2
2024-03-01,2024-03-31,month,historical_rules,macro_predicate.net.grid_investment_accelerates,0.00000000,2
2024-03-01,2024-03-31,month,historical_rules,macro_predicate.net.industry_competition_intensifies,0.00000000,2
2024-03-01,2024-03-31,month,historical_rules,macro_predicate.net.inventory_pressure_increases,0.00000000,2
2024-03-01,2024-03-31,month,historical_rules,macro_predicate.net.order_demand_improves,0.00000000,2
2024-03-01,2024-03-31,month,historical_rules,macro_predicate.net.policy_accelerates_project_implementation,0.00000000,2
2024-03-01,2024-03-31,month,historical_rules,macro_predicate.net.policy_expands_effective_demand,0.27975000,2
2024-03-01,2024-03-31,month,historical_rules,macro_predicate.net.product_price_recovers,0.00000000,2
2024-03-01,2024-03-31,month,historical_rules,macro_predicate.net.raw_material_cost_pressure,0.00000000,2
2024-03-01,2024-03-31,month,historical_rules,source.share.announcement,0.00000000,2
2024-03-01,2024-03-31,month,historical_rules,source.share.ir_qa,0.00000000,2
2024-03-01,2024-03-31,month,historical_rules,source.share.news,0.00000000,2
2024-03-01,2024-03-31,month,historical_rules,source.share.policy,1.00000000,2
2024-03-01,2024-03-31,month,historical_rules,topic.share.battery,0.00000000,2
2024-03-01,2024-03-31,month,historical_rules,topic.share.grid,0.00000000,2
2024-03-01,2024-03-31,month,historical_rules,topic.share.photovoltaic,0.50000000,2
2024-03-01,2024-03-31,month,historical_rules,topic.share.storage,0.00000000,2
2024-03-01,2024-03-31,month,historical_rules,topic.share.wind,0.00000000,2
2024-04-01,2024-04-30,month,historical_rules,candidate.mean,0.44955600,2
2024-04-01,2024-04-30,month,historical_rules,candidate.p25,0.43445050,2
2024-04-01,2024-04-30,month,historical_rules,candidate.p50,0.44955600,2
2024-04-01,2024-04-30,month,historical_rules,candidate.p75,0.46466150,2
2024-04-01,2024-04-30,month,historical_rules,candidate.positive_share,1.00000000,2
2024-04-01,2024-04-30,month,historical_rules,candidate.std,0.03021100,2
2024-04-01,2024-04-30,month,historical_rules,coverage.ai_annotation_success_rate,1.00000000,2
2024-04-01,2024-04-30,month,historical_rules,coverage.document_count_log1p,1.09861229,2
2024-04-01,2024-04-30,month,historical_rules,coverage.event_count_log1p,2.39789527,2
2024-04-01,2024-04-30,month,historical_rules,coverage.independent_source_count_log1p,1.09861229,2
2024-04-01,2024-04-30,month,historical_rules,evidence.entity_confidence_mean,0.78000000,2
2024-04-01,2024-04-30,month,historical_rules,evidence.event_strength_mean,0.85000000,2
2024-04-01,2024-04-30,month,historical_rules,frozen_rule.supporting_document_share,1.00000000,2
2024-04-01,2024-04-30,month,historical_rules,frozen_rule.unique_rule_count_log1p,1.09861229,2
2024-04-01,2024-04-30,month,historical_rules,legacy_predicate.confidence.announcement_contains_uncertainty,0.81000000,2
2024-04-01,2024-04-30,month,historical_rules,legacy_predicate.confidence.capacity_policy_support,0.74000000,2
2024-04-01,2024-04-30,month,historical_rules,legacy_predicate.confidence.demand_side_policy,0.74000000,2
2024-04-01,2024-04-30,month,historical_rules,legacy_predicate.confidence.event_evidence_strength,0.92000000,2
2024-04-01,2024-04-30,month,historical_rules,legacy_predicate.confidence.event_has_short_term_price_impact,0.70000000,2
2024-04-01,2024-04-30,month,historical_rules,legacy_predicate.confidence.event_mentions_core_product,0.81000000,2
2024-04-01,2024-04-30,month,historical_rules,legacy_predicate.confidence.evidence_from_authoritative_source,0.94000000,2
2024-04-01,2024-04-30,month,historical_rules,legacy_predicate.confidence.has_policy_support,0.88000000,2
2024-04-01,2024-04-30,month,historical_rules,legacy_predicate.confidence.institutional_attention_increases,0.70000000,2
2024-04-01,2024-04-30,month,historical_rules,legacy_predicate.confidence.investor_questions_increase,0.84000000,2
2024-04-01,2024-04-30,month,historical_rules,legacy_predicate.confidence.management_response_vague,0.76000000,2
2024-04-01,2024-04-30,month,historical_rules,legacy_predicate.confidence.policy_attention_followup,0.70000000,2
2024-04-01,2024-04-30,month,historical_rules,legacy_predicate.confidence.policy_directly_related_to_business,0.78000000,2
2024-04-01,2024-04-30,month,historical_rules,legacy_predicate.confidence.risk_or_uncertainty_disclosure,0.82000000,2
2024-04-01,2024-04-30,month,historical_rules,legacy_predicate.confidence.social_attention_spikes,0.68000000,2
2024-04-01,2024-04-30,month,historical_rules,legacy_predicate.confidence.source_company_announcement,0.86000000,2
2024-04-01,2024-04-30,month,historical_rules,legacy_predicate.confidence.source_government_or_exchange,0.85500000,2
2024-04-01,2024-04-30,month,historical_rules,legacy_predicate.confidence.source_major_media,0.76000000,2
2024-04-01,2024-04-30,month,historical_rules,legacy_predicate.confidence.supply_side_policy,0.74000000,2
2024-04-01,2024-04-30,month,historical_rules,legacy_predicate.mean.announcement_contains_uncertainty,0.50000000,2
2024-04-01,2024-04-30,month,historical_rules,legacy_predicate.mean.capacity_policy_support,0.00000000,2
2024-04-01,2024-04-30,month,historical_rules,legacy_predicate.mean.demand_side_policy,0.00000000,2
2024-04-01,2024-04-30,month,historical_rules,legacy_predicate.mean.event_evidence_strength,0.80000000,2
2024-04-01,2024-04-30,month,historical_rules,legacy_predicate.mean.event_has_short_term_price_impact,0.54000000,2
2024-04-01,2024-04-30,month,historical_rules,legacy_predicate.mean.event_mentions_core_product,0.50000000,2
2024-04-01,2024-04-30,month,historical_rules,legacy_predicate.mean.evidence_from_authoritative_source,1.00000000,2
2024-04-01,2024-04-30,month,historical_rules,legacy_predicate.mean.has_policy_support,0.00000000,2
2024-04-01,2024-04-30,month,historical_rules,legacy_predicate.mean.institutional_attention_increases,0.00000000,2
2024-04-01,2024-04-30,month,historical_rules,legacy_predicate.mean.investor_questions_increase,0.50000000,2
2024-04-01,2024-04-30,month,historical_rules,legacy_predicate.mean.management_response_vague,0.00000000,2
2024-04-01,2024-04-30,month,historical_rules,legacy_predicate.mean.policy_attention_followup,0.00000000,2
2024-04-01,2024-04-30,month,historical_rules,legacy_predicate.mean.policy_directly_related_to_business,0.00000000,2
2024-04-01,2024-04-30,month,historical_rules,legacy_predicate.mean.risk_or_uncertainty_disclosure,0.50000000,2
2024-04-01,2024-04-30,month,historical_rules,legacy_predicate.mean.social_attention_spikes,0.00000000,2
2024-04-01,2024-04-30,month,historical_rules,legacy_predicate.mean.source_company_announcement,0.50000000,2
2024-04-01,2024-04-30,month,historical_rules,legacy_predicate.mean.source_government_or_exchange,0.50000000,2
2024-04-01,2024-04-30,month,historical_rules,legacy_predicate.mean.source_major_media,0.00000000,2
2024-04-01,2024-04-30,month,historical_rules,legacy_predicate.mean.supply_side_policy,0.00000000,2
2024-04-01,2024-04-30,month,historical_rules,macro_predicate.hit_rate.capacity_enters_production,0.00000000,2
2024-04-01,2024-04-30,month,historical_rules,macro_predicate.hit_rate.capacity_under_construction,0.00000000,2
2024-04-01,2024-04-30,month,historical_rules,macro_predicate.hit_rate.export_demand_improves,0.00000000,2
2024-04-01,2024-04-30,month,historical_rules,macro_predicate.hit_rate.financing_constraint_eases,0.00000000,2
2024-04-01,2024-04-30,month,historical_rules,macro_predicate.hit_rate.grid_investment_accelerates,0.00000000,2
2024-04-01,2024-04-30,month,historical_rules,macro_predicate.hit_rate.industry_competition_intensifies,0.00000000,2
2024-04-01,2024-04-30,month,historical_rules,macro_predicate.hit_rate.inventory_pressure_increases,0.00000000,2
2024-04-01,2024-04-30,month,historical_rules,macro_predicate.hit_rate.order_demand_improves,0.00000000,2
2024-04-01,2024-04-30,month,historical_rules,macro_predicate.hit_rate.policy_accelerates_project_implementation,0.00000000,2
2024-04-01,2024-04-30,month,historical_rules,macro_predicate.hit_rate.policy_expands_effective_demand,0.50000000,2
2024-04-01,2024-04-30,month,historical_rules,macro_predicate.hit_rate.product_price_recovers,0.00000000,2
2024-04-01,2024-04-30,month,historical_rules,macro_predicate.hit_rate.raw_material_cost_pressure,0.00000000,2
2024-04-01,2024-04-30,month,historical_rules,macro_predicate.net.capacity_enters_production,0.00000000,2
2024-04-01,2024-04-30,month,historical_rules,macro_predicate.net.capacity_under_construction,0.00000000,2
2024-04-01,2024-04-30,month,historical_rules,macro_predicate.net.export_demand_improves,0.00000000,2
2024-04-01,2024-04-30,month,historical_rules,macro_predicate.net.financing_constraint_eases,0.00000000,2
2024-04-01,2024-04-30,month,historical_rules,macro_predicate.net.grid_investment_accelerates,0.00000000,2
2024-04-01,2024-04-30,month,historical_rules,macro_predicate.net.industry_competition_intensifies,0.00000000,2
2024-04-01,2024-04-30,month,historical_rules,macro_predicate.net.inventory_pressure_increases,0.00000000,2
2024-04-01,2024-04-30,month,historical_rules,macro_predicate.net.order_demand_improves,0.00000000,2
2024-04-01,2024-04-30,month,historical_rules,macro_predicate.net.policy_accelerates_project_implementation,0.00000000,2
2024-04-01,2024-04-30,month,historical_rules,macro_predicate.net.policy_expands_effective_demand,0.27975000,2
2024-04-01,2024-04-30,month,historical_rules,macro_predicate.net.product_price_recovers,0.00000000,2
2024-04-01,2024-04-30,month,historical_rules,macro_predicate.net.raw_material_cost_pressure,0.00000000,2
2024-04-01,2024-04-30,month,historical_rules,source.share.announcement,0.00000000,2
2024-04-01,2024-04-30,month,historical_rules,source.share.ir_qa,0.00000000,2
2024-04-01,2024-04-30,month,historical_rules,source.share.news,0.00000000,2
2024-04-01,2024-04-30,month,historical_rules,source.share.policy,1.00000000,2
2024-04-01,2024-04-30,month,historical_rules,topic.share.battery,0.00000000,2
2024-04-01,2024-04-30,month,historical_rules,topic.share.grid,0.00000000,2
2024-04-01,2024-04-30,month,historical_rules,topic.share.photovoltaic,0.00000000,2
2024-04-01,2024-04-30,month,historical_rules,topic.share.storage,0.50000000,2
2024-04-01,2024-04-30,month,historical_rules,topic.share.wind,0.00000000,2
2024-05-01,2024-05-31,month,historical_rules,candidate.mean,0.49069800,3
2024-05-01,2024-05-31,month,historical_rules,candidate.p25,0.49069800,3
2024-05-01,2024-05-31,month,historical_rules,candidate.p50,0.49069800,3
2024-05-01,2024-05-31,month,historical_rules,candidate.p75,0.49069800,3
2024-05-01,2024-05-31,month,historical_rules,candidate.positive_share,1.00000000,3
2024-05-01,2024-05-31,month,historical_rules,candidate.std,0.00000000,3
2024-05-01,2024-05-31,month,historical_rules,coverage.ai_annotation_success_rate,1.00000000,3
2024-05-01,2024-05-31,month,historical_rules,coverage.document_count_log1p,1.38629436,3
2024-05-01,2024-05-31,month,historical_rules,coverage.event_count_log1p,1.94591015,3
2024-05-01,2024-05-31,month,historical_rules,coverage.independent_source_count_log1p,1.38629436,3
2024-05-01,2024-05-31,month,historical_rules,evidence.entity_confidence_mean,0.68666667,3
2024-05-01,2024-05-31,month,historical_rules,evidence.event_strength_mean,0.84000000,3
2024-05-01,2024-05-31,month,historical_rules,frozen_rule.supporting_document_share,0.33333333,3
2024-05-01,2024-05-31,month,historical_rules,frozen_rule.unique_rule_count_log1p,0.69314718,3
2024-05-01,2024-05-31,month,historical_rules,legacy_predicate.confidence.announcement_contains_uncertainty,0.78000000,3
2024-05-01,2024-05-31,month,historical_rules,legacy_predicate.confidence.capacity_policy_support,0.74000000,3
2024-05-01,2024-05-31,month,historical_rules,legacy_predicate.confidence.demand_side_policy,0.74000000,3
2024-05-01,2024-05-31,month,historical_rules,legacy_predicate.confidence.event_evidence_strength,0.92000000,3
2024-05-01,2024-05-31,month,historical_rules,legacy_predicate.confidence.event_has_short_term_price_impact,0.70000000,3
2024-05-01,2024-05-31,month,historical_rules,legacy_predicate.confidence.event_mentions_core_product,0.74000000,3
2024-05-01,2024-05-31,month,historical_rules,legacy_predicate.confidence.evidence_from_authoritative_source,0.94000000,3
2024-05-01,2024-05-31,month,historical_rules,legacy_predicate.confidence.has_policy_support,0.88000000,3
2024-05-01,2024-05-31,month,historical_rules,legacy_predicate.confidence.institutional_attention_increases,0.70000000,3
2024-05-01,2024-05-31,month,historical_rules,legacy_predicate.confidence.investor_questions_increase,0.82000000,3
2024-05-01,2024-05-31,month,historical_rules,legacy_predicate.confidence.management_response_vague,0.76000000,3
2024-05-01,2024-05-31,month,historical_rules,legacy_predicate.confidence.policy_attention_followup,0.70000000,3
2024-05-01,2024-05-31,month,historical_rules,legacy_predicate.confidence.policy_directly_related_to_business,0.78000000,3
2024-05-01,2024-05-31,month,historical_rules,legacy_predicate.confidence.risk_or_uncertainty_disclosure,0.86000000,3
2024-05-01,2024-05-31,month,historical_rules,legacy_predicate.confidence.social_attention_spikes,0.68000000,3
2024-05-01,2024-05-31,month,historical_rules,legacy_predicate.confidence.source_company_announcement,0.94000000,3
2024-05-01,2024-05-31,month,historical_rules,legacy_predicate.confidence.source_government_or_exchange,0.76000000,3
2024-05-01,2024-05-31,month,historical_rules,legacy_predicate.confidence.source_major_media,0.76000000,3
2024-05-01,2024-05-31,month,historical_rules,legacy_predicate.confidence.supply_side_policy,0.74000000,3
2024-05-01,2024-05-31,month,historical_rules,legacy_predicate.mean.announcement_contains_uncertainty,0.00000000,3
2024-05-01,2024-05-31,month,historical_rules,legacy_predicate.mean.capacity_policy_support,0.00000000,3
2024-05-01,2024-05-31,month,historical_rules,legacy_predicate.mean.demand_side_policy,0.00000000,3
2024-05-01,2024-05-31,month,historical_rules,legacy_predicate.mean.event_evidence_strength,0.88000000,3
2024-05-01,2024-05-31,month,historical_rules,legacy_predicate.mean.event_has_short_term_price_impact,0.64000000,3
2024-05-01,2024-05-31,month,historical_rules,legacy_predicate.mean.event_mentions_core_product,0.00000000,3
2024-05-01,2024-05-31,month,historical_rules,legacy_predicate.mean.evidence_from_authoritative_source,1.00000000,3
2024-05-01,2024-05-31,month,historical_rules,legacy_predicate.mean.has_policy_support,0.00000000,3
2024-05-01,2024-05-31,month,historical_rules,legacy_predicate.mean.institutional_attention_increases,0.00000000,3
2024-05-01,2024-05-31,month,historical_rules,legacy_predicate.mean.investor_questions_increase,0.00000000,3
2024-05-01,2024-05-31,month,historical_rules,legacy_predicate.mean.management_response_vague,0.00000000,3
2024-05-01,2024-05-31,month,historical_rules,legacy_predicate.mean.policy_attention_followup,0.00000000,3
2024-05-01,2024-05-31,month,historical_rules,legacy_predicate.mean.policy_directly_related_to_business,0.00000000,3
2024-05-01,2024-05-31,month,historical_rules,legacy_predicate.mean.risk_or_uncertainty_disclosure,1.00000000,3
2024-05-01,2024-05-31,month,historical_rules,legacy_predicate.mean.social_attention_spikes,0.00000000,3
2024-05-01,2024-05-31,month,historical_rules,legacy_predicate.mean.source_company_announcement,1.00000000,3
2024-05-01,2024-05-31,month,historical_rules,legacy_predicate.mean.source_government_or_exchange,0.00000000,3
2024-05-01,2024-05-31,month,historical_rules,legacy_predicate.mean.source_major_media,0.00000000,3
2024-05-01,2024-05-31,month,historical_rules,legacy_predicate.mean.supply_side_policy,0.00000000,3
2024-05-01,2024-05-31,month,historical_rules,macro_predicate.hit_rate.capacity_enters_production,0.00000000,3
2024-05-01,2024-05-31,month,historical_rules,macro_predicate.hit_rate.capacity_under_construction,0.00000000,3
2024-05-01,2024-05-31,month,historical_rules,macro_predicate.hit_rate.export_demand_improves,0.00000000,3
2024-05-01,2024-05-31,month,historical_rules,macro_predicate.hit_rate.financing_constraint_eases,0.00000000,3
2024-05-01,2024-05-31,month,historical_rules,macro_predicate.hit_rate.grid_investment_accelerates,0.00000000,3
2024-05-01,2024-05-31,month,historical_rules,macro_predicate.hit_rate.industry_competition_intensifies,0.00000000,3
2024-05-01,2024-05-31,month,historical_rules,macro_predicate.hit_rate.inventory_pressure_increases,0.00000000,3
2024-05-01,2024-05-31,month,historical_rules,macro_predicate.hit_rate.order_demand_improves,0.00000000,3
2024-05-01,2024-05-31,month,historical_rules,macro_predicate.hit_rate.policy_accelerates_project_implementation,0.33333333,3
2024-05-01,2024-05-31,month,historical_rules,macro_predicate.hit_rate.policy_expands_effective_demand,0.66666667,3
2024-05-01,2024-05-31,month,historical_rules,macro_predicate.hit_rate.product_price_recovers,0.00000000,3
2024-05-01,2024-05-31,month,historical_rules,macro_predicate.hit_rate.raw_material_cost_pressure,0.00000000,3
2024-05-01,2024-05-31,month,historical_rules,macro_predicate.net.capacity_enters_production,0.00000000,3
2024-05-01,2024-05-31,month,historical_rules,macro_predicate.net.capacity_under_construction,0.00000000,3
2024-05-01,2024-05-31,month,historical_rules,macro_predicate.net.export_demand_improves,0.00000000,3
2024-05-01,2024-05-31,month,historical_rules,macro_predicate.net.financing_constraint_eases,0.00000000,3
2024-05-01,2024-05-31,month,historical_rules,macro_predicate.net.grid_investment_accelerates,0.00000000,3
2024-05-01,2024-05-31,month,historical_rules,macro_predicate.net.industry_competition_intensifies,0.00000000,3
2024-05-01,2024-05-31,month,historical_rules,macro_predicate.net.inventory_pressure_increases,0.00000000,3
2024-05-01,2024-05-31,month,historical_rules,macro_predicate.net.order_demand_improves,0.00000000,3
2024-05-01,2024-05-31,month,historical_rules,macro_predicate.net.policy_accelerates_project_implementation,0.24866667,3
2024-05-01,2024-05-31,month,historical_rules,macro_predicate.net.policy_expands_effective_demand,0.48179167,3
2024-05-01,2024-05-31,month,historical_rules,macro_predicate.net.product_price_recovers,0.00000000,3
2024-05-01,2024-05-31,month,historical_rules,macro_predicate.net.raw_material_cost_pressure,0.00000000,3
2024-05-01,2024-05-31,month,historical_rules,source.share.announcement,0.00000000,3
2024-05-01,2024-05-31,month,historical_rules,source.share.ir_qa,0.00000000,3
2024-05-01,2024-05-31,month,historical_rules,source.share.news,0.00000000,3
2024-05-01,2024-05-31,month,historical_rules,source.share.policy,1.00000000,3
2024-05-01,2024-05-31,month,historical_rules,topic.share.battery,0.00000000,3
2024-05-01,2024-05-31,month,historical_rules,topic.share.grid,0.00000000,3
2024-05-01,2024-05-31,month,historical_rules,topic.share.photovoltaic,0.00000000,3
2024-05-01,2024-05-31,month,historical_rules,topic.share.storage,0.00000000,3
2024-05-01,2024-05-31,month,historical_rules,topic.share.wind,0.00000000,3
2024-06-01,2024-06-30,month,historical_rules,candidate.mean,0.00000000,1
2024-06-01,2024-06-30,month,historical_rules,candidate.p25,0.00000000,1
2024-06-01,2024-06-30,month,historical_rules,candidate.p50,0.00000000,1
2024-06-01,2024-06-30,month,historical_rules,candidate.p75,0.00000000,1
2024-06-01,2024-06-30,month,historical_rules,candidate.positive_share,0.00000000,1
2024-06-01,2024-06-30,month,historical_rules,candidate.std,0.00000000,1
2024-06-01,2024-06-30,month,historical_rules,coverage.ai_annotation_success_rate,1.00000000,1
2024-06-01,2024-06-30,month,historical_rules,coverage.document_count_log1p,0.69314718,1
2024-06-01,2024-06-30,month,historical_rules,coverage.event_count_log1p,0.00000000,1
2024-06-01,2024-06-30,month,historical_rules,coverage.independent_source_count_log1p,0.69314718,1
2024-06-01,2024-06-30,month,historical_rules,evidence.entity_confidence_mean,0.64000000,1
2024-06-01,2024-06-30,month,historical_rules,evidence.event_strength_mean,0.00000000,1
2024-06-01,2024-06-30,month,historical_rules,frozen_rule.supporting_document_share,0.00000000,1
2024-06-01,2024-06-30,month,historical_rules,frozen_rule.unique_rule_count_log1p,0.00000000,1
2024-06-01,2024-06-30,month,historical_rules,macro_predicate.hit_rate.capacity_enters_production,0.00000000,1
2024-06-01,2024-06-30,month,historical_rules,macro_predicate.hit_rate.capacity_under_construction,0.00000000,1
2024-06-01,2024-06-30,month,historical_rules,macro_predicate.hit_rate.export_demand_improves,0.00000000,1
2024-06-01,2024-06-30,month,historical_rules,macro_predicate.hit_rate.financing_constraint_eases,0.00000000,1
2024-06-01,2024-06-30,month,historical_rules,macro_predicate.hit_rate.grid_investment_accelerates,0.00000000,1
2024-06-01,2024-06-30,month,historical_rules,macro_predicate.hit_rate.industry_competition_intensifies,0.00000000,1
2024-06-01,2024-06-30,month,historical_rules,macro_predicate.hit_rate.inventory_pressure_increases,0.00000000,1
2024-06-01,2024-06-30,month,historical_rules,macro_predicate.hit_rate.order_demand_improves,0.00000000,1
2024-06-01,2024-06-30,month,historical_rules,macro_predicate.hit_rate.policy_accelerates_project_implementation,0.00000000,1
2024-06-01,2024-06-30,month,historical_rules,macro_predicate.hit_rate.policy_expands_effective_demand,0.00000000,1
2024-06-01,2024-06-30,month,historical_rules,macro_predicate.hit_rate.product_price_recovers,0.00000000,1
2024-06-01,2024-06-30,month,historical_rules,macro_predicate.hit_rate.raw_material_cost_pressure,0.00000000,1
2024-06-01,2024-06-30,month,historical_rules,macro_predicate.net.capacity_enters_production,0.00000000,1
2024-06-01,2024-06-30,month,historical_rules,macro_predicate.net.capacity_under_construction,0.00000000,1
2024-06-01,2024-06-30,month,historical_rules,macro_predicate.net.export_demand_improves,0.00000000,1
2024-06-01,2024-06-30,month,historical_rules,macro_predicate.net.financing_constraint_eases,0.00000000,1
2024-06-01,2024-06-30,month,historical_rules,macro_predicate.net.grid_investment_accelerates,0.00000000,1
2024-06-01,2024-06-30,month,historical_rules,macro_predicate.net.industry_competition_intensifies,0.00000000,1
2024-06-01,2024-06-30,month,historical_rules,macro_predicate.net.inventory_pressure_increases,0.00000000,1
2024-06-01,2024-06-30,month,historical_rules,macro_predicate.net.order_demand_improves,0.00000000,1
2024-06-01,2024-06-30,month,historical_rules,macro_predicate.net.policy_accelerates_project_implementation,0.00000000,1
2024-06-01,2024-06-30,month,historical_rules,macro_predicate.net.policy_expands_effective_demand,0.00000000,1
2024-06-01,2024-06-30,month,historical_rules,macro_predicate.net.product_price_recovers,0.00000000,1
2024-06-01,2024-06-30,month,historical_rules,macro_predicate.net.raw_material_cost_pressure,0.00000000,1
2024-06-01,2024-06-30,month,historical_rules,source.share.announcement,0.00000000,1
2024-06-01,2024-06-30,month,historical_rules,source.share.ir_qa,0.00000000,1
2024-06-01,2024-06-30,month,historical_rules,source.share.news,0.00000000,1
2024-06-01,2024-06-30,month,historical_rules,source.share.policy,1.00000000,1
2024-06-01,2024-06-30,month,historical_rules,topic.share.battery,0.00000000,1
2024-06-01,2024-06-30,month,historical_rules,topic.share.grid,0.00000000,1
2024-06-01,2024-06-30,month,historical_rules,topic.share.photovoltaic,0.00000000,1
2024-06-01,2024-06-30,month,historical_rules,topic.share.storage,0.00000000,1
2024-06-01,2024-06-30,month,historical_rules,topic.share.wind,0.00000000,1
2024-07-01,2024-07-31,month,historical_rules,candidate.mean,0.49069800,1
2024-07-01,2024-07-31,month,historical_rules,candidate.p25,0.49069800,1
2024-07-01,2024-07-31,month,historical_rules,candidate.p50,0.49069800,1
2024-07-01,2024-07-31,month,historical_rules,candidate.p75,0.49069800,1
2024-07-01,2024-07-31,month,historical_rules,candidate.positive_share,1.00000000,1
2024-07-01,2024-07-31,month,historical_rules,candidate.std,0.00000000,1
2024-07-01,2024-07-31,month,historical_rules,coverage.ai_annotation_success_rate,1.00000000,1
2024-07-01,2024-07-31,month,historical_rules,coverage.document_count_log1p,0.69314718,1
2024-07-01,2024-07-31,month,historical_rules,coverage.event_count_log1p,1.94591015,1
2024-07-01,2024-07-31,month,historical_rules,coverage.independent_source_count_log1p,0.69314718,1
2024-07-01,2024-07-31,month,historical_rules,evidence.entity_confidence_mean,0.64000000,1
2024-07-01,2024-07-31,month,historical_rules,evidence.event_strength_mean,0.84000000,1
2024-07-01,2024-07-31,month,historical_rules,frozen_rule.supporting_document_share,1.00000000,1
2024-07-01,2024-07-31,month,historical_rules,frozen_rule.unique_rule_count_log1p,0.69314718,1
2024-07-01,2024-07-31,month,historical_rules,legacy_predicate.confidence.announcement_contains_uncertainty,0.78000000,1
2024-07-01,2024-07-31,month,historical_rules,legacy_predicate.confidence.capacity_policy_support,0.74000000,1
2024-07-01,2024-07-31,month,historical_rules,legacy_predicate.confidence.demand_side_policy,0.74000000,1
2024-07-01,2024-07-31,month,historical_rules,legacy_predicate.confidence.event_evidence_strength,0.92000000,1
2024-07-01,2024-07-31,month,historical_rules,legacy_predicate.confidence.event_has_short_term_price_impact,0.70000000,1
2024-07-01,2024-07-31,month,historical_rules,legacy_predicate.confidence.event_mentions_core_product,0.74000000,1
2024-07-01,2024-07-31,month,historical_rules,legacy_predicate.confidence.evidence_from_authoritative_source,0.94000000,1
2024-07-01,2024-07-31,month,historical_rules,legacy_predicate.confidence.has_policy_support,0.88000000,1
2024-07-01,2024-07-31,month,historical_rules,legacy_predicate.confidence.institutional_attention_increases,0.70000000,1
2024-07-01,2024-07-31,month,historical_rules,legacy_predicate.confidence.investor_questions_increase,0.82000000,1
2024-07-01,2024-07-31,month,historical_rules,legacy_predicate.confidence.management_response_vague,0.76000000,1
2024-07-01,2024-07-31,month,historical_rules,legacy_predicate.confidence.policy_attention_followup,0.70000000,1
2024-07-01,2024-07-31,month,historical_rules,legacy_predicate.confidence.policy_directly_related_to_business,0.78000000,1
2024-07-01,2024-07-31,month,historical_rules,legacy_predicate.confidence.risk_or_uncertainty_disclosure,0.86000000,1
2024-07-01,2024-07-31,month,historical_rules,legacy_predicate.confidence.social_attention_spikes,0.68000000,1
2024-07-01,2024-07-31,month,historical_rules,legacy_predicate.confidence.source_company_announcement,0.94000000,1
2024-07-01,2024-07-31,month,historical_rules,legacy_predicate.confidence.source_government_or_exchange,0.76000000,1
2024-07-01,2024-07-31,month,historical_rules,legacy_predicate.confidence.source_major_media,0.76000000,1
2024-07-01,2024-07-31,month,historical_rules,legacy_predicate.confidence.supply_side_policy,0.74000000,1
2024-07-01,2024-07-31,month,historical_rules,legacy_predicate.mean.announcement_contains_uncertainty,0.00000000,1
2024-07-01,2024-07-31,month,historical_rules,legacy_predicate.mean.capacity_policy_support,0.00000000,1
2024-07-01,2024-07-31,month,historical_rules,legacy_predicate.mean.demand_side_policy,0.00000000,1
2024-07-01,2024-07-31,month,historical_rules,legacy_predicate.mean.event_evidence_strength,0.88000000,1
2024-07-01,2024-07-31,month,historical_rules,legacy_predicate.mean.event_has_short_term_price_impact,0.64000000,1
2024-07-01,2024-07-31,month,historical_rules,legacy_predicate.mean.event_mentions_core_product,0.00000000,1
2024-07-01,2024-07-31,month,historical_rules,legacy_predicate.mean.evidence_from_authoritative_source,1.00000000,1
2024-07-01,2024-07-31,month,historical_rules,legacy_predicate.mean.has_policy_support,0.00000000,1
2024-07-01,2024-07-31,month,historical_rules,legacy_predicate.mean.institutional_attention_increases,0.00000000,1
2024-07-01,2024-07-31,month,historical_rules,legacy_predicate.mean.investor_questions_increase,0.00000000,1
2024-07-01,2024-07-31,month,historical_rules,legacy_predicate.mean.management_response_vague,0.00000000,1
2024-07-01,2024-07-31,month,historical_rules,legacy_predicate.mean.policy_attention_followup,0.00000000,1
2024-07-01,2024-07-31,month,historical_rules,legacy_predicate.mean.policy_directly_related_to_business,0.00000000,1
2024-07-01,2024-07-31,month,historical_rules,legacy_predicate.mean.risk_or_uncertainty_disclosure,1.00000000,1
2024-07-01,2024-07-31,month,historical_rules,legacy_predicate.mean.social_attention_spikes,0.00000000,1
2024-07-01,2024-07-31,month,historical_rules,legacy_predicate.mean.source_company_announcement,1.00000000,1
2024-07-01,2024-07-31,month,historical_rules,legacy_predicate.mean.source_government_or_exchange,0.00000000,1
2024-07-01,2024-07-31,month,historical_rules,legacy_predicate.mean.source_major_media,0.00000000,1
2024-07-01,2024-07-31,month,historical_rules,legacy_predicate.mean.supply_side_policy,0.00000000,1
2024-07-01,2024-07-31,month,historical_rules,macro_predicate.hit_rate.capacity_enters_production,0.00000000,1
2024-07-01,2024-07-31,month,historical_rules,macro_predicate.hit_rate.capacity_under_construction,0.00000000,1
2024-07-01,2024-07-31,month,historical_rules,macro_predicate.hit_rate.export_demand_improves,0.00000000,1
2024-07-01,2024-07-31,month,historical_rules,macro_predicate.hit_rate.financing_constraint_eases,0.00000000,1
2024-07-01,2024-07-31,month,historical_rules,macro_predicate.hit_rate.grid_investment_accelerates,0.00000000,1
2024-07-01,2024-07-31,month,historical_rules,macro_predicate.hit_rate.industry_competition_intensifies,0.00000000,1
2024-07-01,2024-07-31,month,historical_rules,macro_predicate.hit_rate.inventory_pressure_increases,0.00000000,1
2024-07-01,2024-07-31,month,historical_rules,macro_predicate.hit_rate.order_demand_improves,0.00000000,1
2024-07-01,2024-07-31,month,historical_rules,macro_predicate.hit_rate.policy_accelerates_project_implementation,1.00000000,1
2024-07-01,2024-07-31,month,historical_rules,macro_predicate.hit_rate.policy_expands_effective_demand,0.00000000,1
2024-07-01,2024-07-31,month,historical_rules,macro_predicate.hit_rate.product_price_recovers,0.00000000,1
2024-07-01,2024-07-31,month,historical_rules,macro_predicate.hit_rate.raw_material_cost_pressure,0.00000000,1
2024-07-01,2024-07-31,month,historical_rules,macro_predicate.net.capacity_enters_production,0.00000000,1
2024-07-01,2024-07-31,month,historical_rules,macro_predicate.net.capacity_under_construction,0.00000000,1
2024-07-01,2024-07-31,month,historical_rules,macro_predicate.net.export_demand_improves,0.00000000,1
2024-07-01,2024-07-31,month,historical_rules,macro_predicate.net.financing_constraint_eases,0.00000000,1
2024-07-01,2024-07-31,month,historical_rules,macro_predicate.net.grid_investment_accelerates,0.00000000,1
2024-07-01,2024-07-31,month,historical_rules,macro_predicate.net.industry_competition_intensifies,0.00000000,1
2024-07-01,2024-07-31,month,historical_rules,macro_predicate.net.inventory_pressure_increases,0.00000000,1
2024-07-01,2024-07-31,month,historical_rules,macro_predicate.net.order_demand_improves,0.00000000,1
2024-07-01,2024-07-31,month,historical_rules,macro_predicate.net.policy_accelerates_project_implementation,0.74600000,1
2024-07-01,2024-07-31,month,historical_rules,macro_predicate.net.policy_expands_effective_demand,0.00000000,1
2024-07-01,2024-07-31,month,historical_rules,macro_predicate.net.product_price_recovers,0.00000000,1
2024-07-01,2024-07-31,month,historical_rules,macro_predicate.net.raw_material_cost_pressure,0.00000000,1
2024-07-01,2024-07-31,month,historical_rules,source.share.announcement,0.00000000,1
2024-07-01,2024-07-31,month,historical_rules,source.share.ir_qa,0.00000000,1
2024-07-01,2024-07-31,month,historical_rules,source.share.news,0.00000000,1
2024-07-01,2024-07-31,month,historical_rules,source.share.policy,1.00000000,1
2024-07-01,2024-07-31,month,historical_rules,topic.share.battery,0.00000000,1
2024-07-01,2024-07-31,month,historical_rules,topic.share.grid,0.00000000,1
2024-07-01,2024-07-31,month,historical_rules,topic.share.photovoltaic,0.00000000,1
2024-07-01,2024-07-31,month,historical_rules,topic.share.storage,0.00000000,1
2024-07-01,2024-07-31,month,historical_rules,topic.share.wind,0.00000000,1
2024-08-01,2024-08-31,month,historical_rules,candidate.mean,0.00000000,4
2024-08-01,2024-08-31,month,historical_rules,candidate.p25,0.00000000,4
2024-08-01,2024-08-31,month,historical_rules,candidate.p50,0.00000000,4
2024-08-01,2024-08-31,month,historical_rules,candidate.p75,0.00000000,4
2024-08-01,2024-08-31,month,historical_rules,candidate.positive_share,0.00000000,4
2024-08-01,2024-08-31,month,historical_rules,candidate.std,0.00000000,4
2024-08-01,2024-08-31,month,historical_rules,coverage.ai_annotation_success_rate,1.00000000,4
2024-08-01,2024-08-31,month,historical_rules,coverage.document_count_log1p,1.60943791,4
2024-08-01,2024-08-31,month,historical_rules,coverage.event_count_log1p,3.21887582,4
2024-08-01,2024-08-31,month,historical_rules,coverage.independent_source_count_log1p,1.60943791,4
2024-08-01,2024-08-31,month,historical_rules,evidence.entity_confidence_mean,0.66142857,4
2024-08-01,2024-08-31,month,historical_rules,evidence.event_strength_mean,0.83000000,4
2024-08-01,2024-08-31,month,historical_rules,frozen_rule.supporting_document_share,0.00000000,4
2024-08-01,2024-08-31,month,historical_rules,frozen_rule.unique_rule_count_log1p,0.00000000,4
2024-08-01,2024-08-31,month,historical_rules,legacy_predicate.confidence.announcement_contains_uncertainty,0.78000000,4
2024-08-01,2024-08-31,month,historical_rules,legacy_predicate.confidence.capacity_policy_support,0.74000000,4
2024-08-01,2024-08-31,month,historical_rules,legacy_predicate.confidence.demand_side_policy,0.74000000,4
2024-08-01,2024-08-31,month,historical_rules,legacy_predicate.confidence.event_evidence_strength,0.92000000,4
2024-08-01,2024-08-31,month,historical_rules,legacy_predicate.confidence.event_has_short_term_price_impact,0.70000000,4
2024-08-01,2024-08-31,month,historical_rules,legacy_predicate.confidence.event_mentions_core_product,0.88000000,4
2024-08-01,2024-08-31,month,historical_rules,legacy_predicate.confidence.evidence_from_authoritative_source,0.72000000,4
2024-08-01,2024-08-31,month,historical_rules,legacy_predicate.confidence.has_policy_support,0.88000000,4
2024-08-01,2024-08-31,month,historical_rules,legacy_predicate.confidence.institutional_attention_increases,0.70000000,4
2024-08-01,2024-08-31,month,historical_rules,legacy_predicate.confidence.investor_questions_increase,0.82000000,4
2024-08-01,2024-08-31,month,historical_rules,legacy_predicate.confidence.management_response_vague,0.76000000,4
2024-08-01,2024-08-31,month,historical_rules,legacy_predicate.confidence.policy_attention_followup,0.84000000,4
2024-08-01,2024-08-31,month,historical_rules,legacy_predicate.confidence.policy_directly_related_to_business,0.78000000,4
2024-08-01,2024-08-31,month,historical_rules,legacy_predicate.confidence.risk_or_uncertainty_disclosure,0.78000000,4
2024-08-01,2024-08-31,month,historical_rules,legacy_predicate.confidence.social_attention_spikes,0.68000000,4
2024-08-01,2024-08-31,month,historical_rules,legacy_predicate.confidence.source_company_announcement,0.78000000,4
2024-08-01,2024-08-31,month,historical_rules,legacy_predicate.confidence.source_government_or_exchange,0.76000000,4
2024-08-01,2024-08-31,month,historical_rules,legacy_predicate.confidence.source_major_media,0.76000000,4
2024-08-01,2024-08-31,month,historical_rules,legacy_predicate.confidence.supply_side_policy,0.74000000,4
2024-08-01,2024-08-31,month,historical_rules,legacy_predicate.mean.announcement_contains_uncertainty,0.00000000,4
2024-08-01,2024-08-31,month,historical_rules,legacy_predicate.mean.capacity_policy_support,0.00000000,4
2024-08-01,2024-08-31,month,historical_rules,legacy_predicate.mean.demand_side_policy,0.00000000,4
2024-08-01,2024-08-31,month,historical_rules,legacy_predicate.mean.event_evidence_strength,0.76000000,4
2024-08-01,2024-08-31,month,historical_rules,legacy_predicate.mean.event_has_short_term_price_impact,0.68000000,4
2024-08-01,2024-08-31,month,historical_rules,legacy_predicate.mean.event_mentions_core_product,1.00000000,4
2024-08-01,2024-08-31,month,historical_rules,legacy_predicate.mean.evidence_from_authoritative_source,0.00000000,4
2024-08-01,2024-08-31,month,historical_rules,legacy_predicate.mean.has_policy_support,0.00000000,4
2024-08-01,2024-08-31,month,historical_rules,legacy_predicate.mean.institutional_attention_increases,0.00000000,4
2024-08-01,2024-08-31,month,historical_rules,legacy_predicate.mean.investor_questions_increase,0.00000000,4
2024-08-01,2024-08-31,month,historical_rules,legacy_predicate.mean.management_response_vague,0.00000000,4
2024-08-01,2024-08-31,month,historical_rules,legacy_predicate.mean.policy_attention_followup,1.00000000,4
2024-08-01,2024-08-31,month,historical_rules,legacy_predicate.mean.policy_directly_related_to_business,0.00000000,4
2024-08-01,2024-08-31,month,historical_rules,legacy_predicate.mean.risk_or_uncertainty_disclosure,0.00000000,4
2024-08-01,2024-08-31,month,historical_rules,legacy_predicate.mean.social_attention_spikes,0.00000000,4
2024-08-01,2024-08-31,month,historical_rules,legacy_predicate.mean.source_company_announcement,0.00000000,4
2024-08-01,2024-08-31,month,historical_rules,legacy_predicate.mean.source_government_or_exchange,0.00000000,4
2024-08-01,2024-08-31,month,historical_rules,legacy_predicate.mean.source_major_media,0.00000000,4
2024-08-01,2024-08-31,month,historical_rules,legacy_predicate.mean.supply_side_policy,0.00000000,4
2024-08-01,2024-08-31,month,historical_rules,macro_predicate.hit_rate.capacity_enters_production,0.00000000,4
2024-08-01,2024-08-31,month,historical_rules,macro_predicate.hit_rate.capacity_under_construction,0.00000000,4
2024-08-01,2024-08-31,month,historical_rules,macro_predicate.hit_rate.export_demand_improves,0.25000000,4
2024-08-01,2024-08-31,month,historical_rules,macro_predicate.hit_rate.financing_constraint_eases,0.00000000,4
2024-08-01,2024-08-31,month,historical_rules,macro_predicate.hit_rate.grid_investment_accelerates,0.25000000,4
2024-08-01,2024-08-31,month,historical_rules,macro_predicate.hit_rate.industry_competition_intensifies,0.00000000,4
2024-08-01,2024-08-31,month,historical_rules,macro_predicate.hit_rate.inventory_pressure_increases,0.00000000,4
2024-08-01,2024-08-31,month,historical_rules,macro_predicate.hit_rate.order_demand_improves,0.00000000,4
2024-08-01,2024-08-31,month,historical_rules,macro_predicate.hit_rate.policy_accelerates_project_implementation,0.25000000,4
2024-08-01,2024-08-31,month,historical_rules,macro_predicate.hit_rate.policy_expands_effective_demand,0.25000000,4
2024-08-01,2024-08-31,month,historical_rules,macro_predicate.hit_rate.product_price_recovers,0.00000000,4
2024-08-01,2024-08-31,month,historical_rules,macro_predicate.hit_rate.raw_material_cost_pressure,0.00000000,4
2024-08-01,2024-08-31,month,historical_rules,macro_predicate.net.capacity_enters_production,0.00000000,4
2024-08-01,2024-08-31,month,historical_rules,macro_predicate.net.capacity_under_construction,0.00000000,4
2024-08-01,2024-08-31,month,historical_rules,macro_predicate.net.export_demand_improves,0.14175000,4
2024-08-01,2024-08-31,month,historical_rules,macro_predicate.net.financing_constraint_eases,0.00000000,4
2024-08-01,2024-08-31,month,historical_rules,macro_predicate.net.grid_investment_accelerates,0.07000000,4
2024-08-01,2024-08-31,month,historical_rules,macro_predicate.net.industry_competition_intensifies,0.00000000,4
2024-08-01,2024-08-31,month,historical_rules,macro_predicate.net.inventory_pressure_increases,0.00000000,4
2024-08-01,2024-08-31,month,historical_rules,macro_predicate.net.order_demand_improves,0.00000000,4
2024-08-01,2024-08-31,month,historical_rules,macro_predicate.net.policy_accelerates_project_implementation,0.04375000,4
2024-08-01,2024-08-31,month,historical_rules,macro_predicate.net.policy_expands_effective_demand,0.05250000,4
2024-08-01,2024-08-31,month,historical_rules,macro_predicate.net.product_price_recovers,0.00000000,4
2024-08-01,2024-08-31,month,historical_rules,macro_predicate.net.raw_material_cost_pressure,0.00000000,4
2024-08-01,2024-08-31,month,historical_rules,source.share.announcement,0.00000000,4
2024-08-01,2024-08-31,month,historical_rules,source.share.ir_qa,0.00000000,4
2024-08-01,2024-08-31,month,historical_rules,source.share.news,0.50000000,4
2024-08-01,2024-08-31,month,historical_rules,source.share.policy,0.50000000,4
2024-08-01,2024-08-31,month,historical_rules,topic.share.battery,0.25000000,4
2024-08-01,2024-08-31,month,historical_rules,topic.share.grid,0.25000000,4
2024-08-01,2024-08-31,month,historical_rules,topic.share.photovoltaic,0.00000000,4
2024-08-01,2024-08-31,month,historical_rules,topic.share.storage,0.25000000,4
2024-08-01,2024-08-31,month,historical_rules,topic.share.wind,0.00000000,4
2024-09-01,2024-09-30,month,historical_rules,candidate.mean,0.00000000,1
2024-09-01,2024-09-30,month,historical_rules,candidate.p25,0.00000000,1
2024-09-01,2024-09-30,month,historical_rules,candidate.p50,0.00000000,1
2024-09-01,2024-09-30,month,historical_rules,candidate.p75,0.00000000,1
2024-09-01,2024-09-30,month,historical_rules,candidate.positive_share,0.00000000,1
2024-09-01,2024-09-30,month,historical_rules,candidate.std,0.00000000,1
2024-09-01,2024-09-30,month,historical_rules,coverage.ai_annotation_success_rate,1.00000000,1
2024-09-01,2024-09-30,month,historical_rules,coverage.document_count_log1p,0.69314718,1
2024-09-01,2024-09-30,month,historical_rules,coverage.event_count_log1p,0.00000000,1
2024-09-01,2024-09-30,month,historical_rules,coverage.independent_source_count_log1p,0.69314718,1
2024-09-01,2024-09-30,month,historical_rules,evidence.entity_confidence_mean,0.64000000,1
2024-09-01,2024-09-30,month,historical_rules,evidence.event_strength_mean,0.00000000,1
2024-09-01,2024-09-30,month,historical_rules,frozen_rule.supporting_document_share,0.00000000,1
2024-09-01,2024-09-30,month,historical_rules,frozen_rule.unique_rule_count_log1p,0.00000000,1
2024-09-01,2024-09-30,month,historical_rules,macro_predicate.hit_rate.capacity_enters_production,0.00000000,1
2024-09-01,2024-09-30,month,historical_rules,macro_predicate.hit_rate.capacity_under_construction,0.00000000,1
2024-09-01,2024-09-30,month,historical_rules,macro_predicate.hit_rate.export_demand_improves,0.00000000,1
2024-09-01,2024-09-30,month,historical_rules,macro_predicate.hit_rate.financing_constraint_eases,0.00000000,1
2024-09-01,2024-09-30,month,historical_rules,macro_predicate.hit_rate.grid_investment_accelerates,0.00000000,1
2024-09-01,2024-09-30,month,historical_rules,macro_predicate.hit_rate.industry_competition_intensifies,0.00000000,1
2024-09-01,2024-09-30,month,historical_rules,macro_predicate.hit_rate.inventory_pressure_increases,0.00000000,1
2024-09-01,2024-09-30,month,historical_rules,macro_predicate.hit_rate.order_demand_improves,0.00000000,1
2024-09-01,2024-09-30,month,historical_rules,macro_predicate.hit_rate.policy_accelerates_project_implementation,0.00000000,1
2024-09-01,2024-09-30,month,historical_rules,macro_predicate.hit_rate.policy_expands_effective_demand,0.00000000,1
2024-09-01,2024-09-30,month,historical_rules,macro_predicate.hit_rate.product_price_recovers,0.00000000,1
2024-09-01,2024-09-30,month,historical_rules,macro_predicate.hit_rate.raw_material_cost_pressure,0.00000000,1
2024-09-01,2024-09-30,month,historical_rules,macro_predicate.net.capacity_enters_production,0.00000000,1
2024-09-01,2024-09-30,month,historical_rules,macro_predicate.net.capacity_under_construction,0.00000000,1
2024-09-01,2024-09-30,month,historical_rules,macro_predicate.net.export_demand_improves,0.00000000,1
2024-09-01,2024-09-30,month,historical_rules,macro_predicate.net.financing_constraint_eases,0.00000000,1
2024-09-01,2024-09-30,month,historical_rules,macro_predicate.net.grid_investment_accelerates,0.00000000,1
2024-09-01,2024-09-30,month,historical_rules,macro_predicate.net.industry_competition_intensifies,0.00000000,1
2024-09-01,2024-09-30,month,historical_rules,macro_predicate.net.inventory_pressure_increases,0.00000000,1
2024-09-01,2024-09-30,month,historical_rules,macro_predicate.net.order_demand_improves,0.00000000,1
2024-09-01,2024-09-30,month,historical_rules,macro_predicate.net.policy_accelerates_project_implementation,0.00000000,1
2024-09-01,2024-09-30,month,historical_rules,macro_predicate.net.policy_expands_effective_demand,0.00000000,1
2024-09-01,2024-09-30,month,historical_rules,macro_predicate.net.product_price_recovers,0.00000000,1
2024-09-01,2024-09-30,month,historical_rules,macro_predicate.net.raw_material_cost_pressure,0.00000000,1
2024-09-01,2024-09-30,month,historical_rules,source.share.announcement,0.00000000,1
2024-09-01,2024-09-30,month,historical_rules,source.share.ir_qa,0.00000000,1
2024-09-01,2024-09-30,month,historical_rules,source.share.news,0.00000000,1
2024-09-01,2024-09-30,month,historical_rules,source.share.policy,1.00000000,1
2024-09-01,2024-09-30,month,historical_rules,topic.share.battery,0.00000000,1
2024-09-01,2024-09-30,month,historical_rules,topic.share.grid,0.00000000,1
2024-09-01,2024-09-30,month,historical_rules,topic.share.photovoltaic,0.00000000,1
2024-09-01,2024-09-30,month,historical_rules,topic.share.storage,0.00000000,1
2024-09-01,2024-09-30,month,historical_rules,topic.share.wind,0.00000000,1
2024-10-01,2024-10-31,month,historical_rules,candidate.mean,0.00000000,1
2024-10-01,2024-10-31,month,historical_rules,candidate.p25,0.00000000,1
2024-10-01,2024-10-31,month,historical_rules,candidate.p50,0.00000000,1
2024-10-01,2024-10-31,month,historical_rules,candidate.p75,0.00000000,1
2024-10-01,2024-10-31,month,historical_rules,candidate.positive_share,0.00000000,1
2024-10-01,2024-10-31,month,historical_rules,candidate.std,0.00000000,1
2024-10-01,2024-10-31,month,historical_rules,coverage.ai_annotation_success_rate,1.00000000,1
2024-10-01,2024-10-31,month,historical_rules,coverage.document_count_log1p,0.69314718,1
2024-10-01,2024-10-31,month,historical_rules,coverage.event_count_log1p,0.00000000,1
2024-10-01,2024-10-31,month,historical_rules,coverage.independent_source_count_log1p,0.69314718,1
2024-10-01,2024-10-31,month,historical_rules,evidence.entity_confidence_mean,0.58000000,1
2024-10-01,2024-10-31,month,historical_rules,evidence.event_strength_mean,0.00000000,1
2024-10-01,2024-10-31,month,historical_rules,frozen_rule.supporting_document_share,0.00000000,1
2024-10-01,2024-10-31,month,historical_rules,frozen_rule.unique_rule_count_log1p,0.00000000,1
2024-10-01,2024-10-31,month,historical_rules,macro_predicate.hit_rate.capacity_enters_production,0.00000000,1
2024-10-01,2024-10-31,month,historical_rules,macro_predicate.hit_rate.capacity_under_construction,0.00000000,1
2024-10-01,2024-10-31,month,historical_rules,macro_predicate.hit_rate.export_demand_improves,0.00000000,1
2024-10-01,2024-10-31,month,historical_rules,macro_predicate.hit_rate.financing_constraint_eases,0.00000000,1
2024-10-01,2024-10-31,month,historical_rules,macro_predicate.hit_rate.grid_investment_accelerates,0.00000000,1
2024-10-01,2024-10-31,month,historical_rules,macro_predicate.hit_rate.industry_competition_intensifies,0.00000000,1
2024-10-01,2024-10-31,month,historical_rules,macro_predicate.hit_rate.inventory_pressure_increases,0.00000000,1
2024-10-01,2024-10-31,month,historical_rules,macro_predicate.hit_rate.order_demand_improves,0.00000000,1
2024-10-01,2024-10-31,month,historical_rules,macro_predicate.hit_rate.policy_accelerates_project_implementation,0.00000000,1
2024-10-01,2024-10-31,month,historical_rules,macro_predicate.hit_rate.policy_expands_effective_demand,0.00000000,1
2024-10-01,2024-10-31,month,historical_rules,macro_predicate.hit_rate.product_price_recovers,0.00000000,1
2024-10-01,2024-10-31,month,historical_rules,macro_predicate.hit_rate.raw_material_cost_pressure,0.00000000,1
2024-10-01,2024-10-31,month,historical_rules,macro_predicate.net.capacity_enters_production,0.00000000,1
2024-10-01,2024-10-31,month,historical_rules,macro_predicate.net.capacity_under_construction,0.00000000,1
2024-10-01,2024-10-31,month,historical_rules,macro_predicate.net.export_demand_improves,0.00000000,1
2024-10-01,2024-10-31,month,historical_rules,macro_predicate.net.financing_constraint_eases,0.00000000,1
2024-10-01,2024-10-31,month,historical_rules,macro_predicate.net.grid_investment_accelerates,0.00000000,1
2024-10-01,2024-10-31,month,historical_rules,macro_predicate.net.industry_competition_intensifies,0.00000000,1
2024-10-01,2024-10-31,month,historical_rules,macro_predicate.net.inventory_pressure_increases,0.00000000,1
2024-10-01,2024-10-31,month,historical_rules,macro_predicate.net.order_demand_improves,0.00000000,1
2024-10-01,2024-10-31,month,historical_rules,macro_predicate.net.policy_accelerates_project_implementation,0.00000000,1
2024-10-01,2024-10-31,month,historical_rules,macro_predicate.net.policy_expands_effective_demand,0.00000000,1
2024-10-01,2024-10-31,month,historical_rules,macro_predicate.net.product_price_recovers,0.00000000,1
2024-10-01,2024-10-31,month,historical_rules,macro_predicate.net.raw_material_cost_pressure,0.00000000,1
2024-10-01,2024-10-31,month,historical_rules,source.share.announcement,0.00000000,1
2024-10-01,2024-10-31,month,historical_rules,source.share.ir_qa,0.00000000,1
2024-10-01,2024-10-31,month,historical_rules,source.share.news,1.00000000,1
2024-10-01,2024-10-31,month,historical_rules,source.share.policy,0.00000000,1
2024-10-01,2024-10-31,month,historical_rules,topic.share.battery,0.00000000,1
2024-10-01,2024-10-31,month,historical_rules,topic.share.grid,0.00000000,1
2024-10-01,2024-10-31,month,historical_rules,topic.share.photovoltaic,0.00000000,1
2024-10-01,2024-10-31,month,historical_rules,topic.share.storage,0.00000000,1
2024-10-01,2024-10-31,month,historical_rules,topic.share.wind,0.00000000,1
2024-11-01,2024-11-30,month,historical_rules,candidate.mean,0.00000000,2
2024-11-01,2024-11-30,month,historical_rules,candidate.p25,0.00000000,2
2024-11-01,2024-11-30,month,historical_rules,candidate.p50,0.00000000,2
2024-11-01,2024-11-30,month,historical_rules,candidate.p75,0.00000000,2
2024-11-01,2024-11-30,month,historical_rules,candidate.positive_share,0.00000000,2
2024-11-01,2024-11-30,month,historical_rules,candidate.std,0.00000000,2
2024-11-01,2024-11-30,month,historical_rules,coverage.ai_annotation_success_rate,1.00000000,2
2024-11-01,2024-11-30,month,historical_rules,coverage.document_count_log1p,1.09861229,2
2024-11-01,2024-11-30,month,historical_rules,coverage.event_count_log1p,1.94591015,2
2024-11-01,2024-11-30,month,historical_rules,coverage.independent_source_count_log1p,1.09861229,2
2024-11-01,2024-11-30,month,historical_rules,evidence.entity_confidence_mean,0.74000000,2
2024-11-01,2024-11-30,month,historical_rules,evidence.event_strength_mean,0.78000000,2
2024-11-01,2024-11-30,month,historical_rules,frozen_rule.supporting_document_share,0.00000000,2
2024-11-01,2024-11-30,month,historical_rules,frozen_rule.unique_rule_count_log1p,0.00000000,2
2024-11-01,2024-11-30,month,historical_rules,macro_predicate.hit_rate.capacity_enters_production,0.00000000,2
2024-11-01,2024-11-30,month,historical_rules,macro_predicate.hit_rate.capacity_under_construction,0.00000000,2
2024-11-01,2024-11-30,month,historical_rules,macro_predicate.hit_rate.export_demand_improves,0.00000000,2
2024-11-01,2024-11-30,month,historical_rules,macro_predicate.hit_rate.financing_constraint_eases,0.00000000,2
2024-11-01,2024-11-30,month,historical_rules,macro_predicate.hit_rate.grid_investment_accelerates,0.00000000,2
2024-11-01,2024-11-30,month,historical_rules,macro_predicate.hit_rate.industry_competition_intensifies,0.00000000,2
2024-11-01,2024-11-30,month,historical_rules,macro_predicate.hit_rate.inventory_pressure_increases,0.00000000,2
2024-11-01,2024-11-30,month,historical_rules,macro_predicate.hit_rate.order_demand_improves,0.00000000,2
2024-11-01,2024-11-30,month,historical_rules,macro_predicate.hit_rate.policy_accelerates_project_implementation,0.00000000,2
2024-11-01,2024-11-30,month,historical_rules,macro_predicate.hit_rate.policy_expands_effective_demand,0.00000000,2
2024-11-01,2024-11-30,month,historical_rules,macro_predicate.hit_rate.product_price_recovers,0.00000000,2
2024-11-01,2024-11-30,month,historical_rules,macro_predicate.hit_rate.raw_material_cost_pressure,0.00000000,2
2024-11-01,2024-11-30,month,historical_rules,macro_predicate.net.capacity_enters_production,0.00000000,2
2024-11-01,2024-11-30,month,historical_rules,macro_predicate.net.capacity_under_construction,0.00000000,2
2024-11-01,2024-11-30,month,historical_rules,macro_predicate.net.export_demand_improves,0.00000000,2
2024-11-01,2024-11-30,month,historical_rules,macro_predicate.net.financing_constraint_eases,0.00000000,2
2024-11-01,2024-11-30,month,historical_rules,macro_predicate.net.grid_investment_accelerates,0.00000000,2
2024-11-01,2024-11-30,month,historical_rules,macro_predicate.net.industry_competition_intensifies,0.00000000,2
2024-11-01,2024-11-30,month,historical_rules,macro_predicate.net.inventory_pressure_increases,0.00000000,2
2024-11-01,2024-11-30,month,historical_rules,macro_predicate.net.order_demand_improves,0.00000000,2
2024-11-01,2024-11-30,month,historical_rules,macro_predicate.net.policy_accelerates_project_implementation,0.00000000,2
2024-11-01,2024-11-30,month,historical_rules,macro_predicate.net.policy_expands_effective_demand,0.00000000,2
2024-11-01,2024-11-30,month,historical_rules,macro_predicate.net.product_price_recovers,0.00000000,2
2024-11-01,2024-11-30,month,historical_rules,macro_predicate.net.raw_material_cost_pressure,0.00000000,2
2024-11-01,2024-11-30,month,historical_rules,source.share.announcement,0.00000000,2
2024-11-01,2024-11-30,month,historical_rules,source.share.ir_qa,0.00000000,2
2024-11-01,2024-11-30,month,historical_rules,source.share.news,0.50000000,2
2024-11-01,2024-11-30,month,historical_rules,source.share.policy,0.50000000,2
2024-11-01,2024-11-30,month,historical_rules,topic.share.battery,0.00000000,2
2024-11-01,2024-11-30,month,historical_rules,topic.share.grid,0.00000000,2
2024-11-01,2024-11-30,month,historical_rules,topic.share.photovoltaic,1.00000000,2
2024-11-01,2024-11-30,month,historical_rules,topic.share.storage,0.00000000,2
2024-11-01,2024-11-30,month,historical_rules,topic.share.wind,0.00000000,2
2024-12-01,2024-12-31,month,historical_rules,candidate.mean,0.00000000,3
2024-12-01,2024-12-31,month,historical_rules,candidate.p25,0.00000000,3
2024-12-01,2024-12-31,month,historical_rules,candidate.p50,0.00000000,3
2024-12-01,2024-12-31,month,historical_rules,candidate.p75,0.00000000,3
2024-12-01,2024-12-31,month,historical_rules,candidate.positive_share,0.00000000,3
2024-12-01,2024-12-31,month,historical_rules,candidate.std,0.00000000,3
2024-12-01,2024-12-31,month,historical_rules,coverage.ai_annotation_success_rate,1.00000000,3
2024-12-01,2024-12-31,month,historical_rules,coverage.document_count_log1p,1.38629436,3
2024-12-01,2024-12-31,month,historical_rules,coverage.event_count_log1p,1.94591015,3
2024-12-01,2024-12-31,month,historical_rules,coverage.independent_source_count_log1p,1.38629436,3
2024-12-01,2024-12-31,month,historical_rules,evidence.entity_confidence_mean,0.73040000,3
2024-12-01,2024-12-31,month,historical_rules,evidence.event_strength_mean,0.84000000,3
2024-12-01,2024-12-31,month,historical_rules,frozen_rule.supporting_document_share,0.00000000,3
2024-12-01,2024-12-31,month,historical_rules,frozen_rule.unique_rule_count_log1p,0.00000000,3
2024-12-01,2024-12-31,month,historical_rules,macro_predicate.hit_rate.capacity_enters_production,0.00000000,3
2024-12-01,2024-12-31,month,historical_rules,macro_predicate.hit_rate.capacity_under_construction,0.00000000,3
2024-12-01,2024-12-31,month,historical_rules,macro_predicate.hit_rate.export_demand_improves,0.00000000,3
2024-12-01,2024-12-31,month,historical_rules,macro_predicate.hit_rate.financing_constraint_eases,0.00000000,3
2024-12-01,2024-12-31,month,historical_rules,macro_predicate.hit_rate.grid_investment_accelerates,0.33333333,3
2024-12-01,2024-12-31,month,historical_rules,macro_predicate.hit_rate.industry_competition_intensifies,0.00000000,3
2024-12-01,2024-12-31,month,historical_rules,macro_predicate.hit_rate.inventory_pressure_increases,0.00000000,3
2024-12-01,2024-12-31,month,historical_rules,macro_predicate.hit_rate.order_demand_improves,0.33333333,3
2024-12-01,2024-12-31,month,historical_rules,macro_predicate.hit_rate.policy_accelerates_project_implementation,0.33333333,3
2024-12-01,2024-12-31,month,historical_rules,macro_predicate.hit_rate.policy_expands_effective_demand,0.00000000,3
2024-12-01,2024-12-31,month,historical_rules,macro_predicate.hit_rate.product_price_recovers,0.00000000,3
2024-12-01,2024-12-31,month,historical_rules,macro_predicate.hit_rate.raw_material_cost_pressure,0.00000000,3
2024-12-01,2024-12-31,month,historical_rules,macro_predicate.net.capacity_enters_production,0.00000000,3
2024-12-01,2024-12-31,month,historical_rules,macro_predicate.net.capacity_under_construction,0.00000000,3
2024-12-01,2024-12-31,month,historical_rules,macro_predicate.net.export_demand_improves,0.00000000,3
2024-12-01,2024-12-31,month,historical_rules,macro_predicate.net.financing_constraint_eases,0.00000000,3
2024-12-01,2024-12-31,month,historical_rules,macro_predicate.net.grid_investment_accelerates,0.24866667,3
2024-12-01,2024-12-31,month,historical_rules,macro_predicate.net.industry_competition_intensifies,0.00000000,3
2024-12-01,2024-12-31,month,historical_rules,macro_predicate.net.inventory_pressure_increases,0.00000000,3
2024-12-01,2024-12-31,month,historical_rules,macro_predicate.net.order_demand_improves,0.07000000,3
2024-12-01,2024-12-31,month,historical_rules,macro_predicate.net.policy_accelerates_project_implementation,0.21758333,3
2024-12-01,2024-12-31,month,historical_rules,macro_predicate.net.policy_expands_effective_demand,0.00000000,3
2024-12-01,2024-12-31,month,historical_rules,macro_predicate.net.product_price_recovers,0.00000000,3
2024-12-01,2024-12-31,month,historical_rules,macro_predicate.net.raw_material_cost_pressure,0.00000000,3
2024-12-01,2024-12-31,month,historical_rules,source.share.announcement,0.00000000,3
2024-12-01,2024-12-31,month,historical_rules,source.share.ir_qa,0.00000000,3
2024-12-01,2024-12-31,month,historical_rules,source.share.news,0.33333333,3
2024-12-01,2024-12-31,month,historical_rules,source.share.policy,0.66666667,3
2024-12-01,2024-12-31,month,historical_rules,topic.share.battery,0.33333333,3
2024-12-01,2024-12-31,month,historical_rules,topic.share.grid,0.33333333,3
2024-12-01,2024-12-31,month,historical_rules,topic.share.photovoltaic,0.00000000,3
2024-12-01,2024-12-31,month,historical_rules,topic.share.storage,0.33333333,3
2024-12-01,2024-12-31,month,historical_rules,topic.share.wind,0.00000000,3
2025-01-01,2025-02-28,jan_feb_combined,historical_rules,candidate.mean,1.15308800,10
2025-01-01,2025-02-28,jan_feb_combined,historical_rules,candidate.p25,1.15308800,10
2025-01-01,2025-02-28,jan_feb_combined,historical_rules,candidate.p50,1.15308800,10
2025-01-01,2025-02-28,jan_feb_combined,historical_rules,candidate.p75,1.15308800,10
2025-01-01,2025-02-28,jan_feb_combined,historical_rules,candidate.positive_share,1.00000000,10
2025-01-01,2025-02-28,jan_feb_combined,historical_rules,candidate.std,0.00000000,10
2025-01-01,2025-02-28,jan_feb_combined,historical_rules,coverage.ai_annotation_success_rate,0.90000000,10
2025-01-01,2025-02-28,jan_feb_combined,historical_rules,coverage.document_count_log1p,2.39789527,10
2025-01-01,2025-02-28,jan_feb_combined,historical_rules,coverage.event_count_log1p,3.58351894,10
2025-01-01,2025-02-28,jan_feb_combined,historical_rules,coverage.independent_source_count_log1p,2.39789527,10
2025-01-01,2025-02-28,jan_feb_combined,historical_rules,evidence.entity_confidence_mean,0.67964912,10
2025-01-01,2025-02-28,jan_feb_combined,historical_rules,evidence.event_strength_mean,0.79457143,10
2025-01-01,2025-02-28,jan_feb_combined,historical_rules,frozen_rule.supporting_document_share,0.10000000,10
2025-01-01,2025-02-28,jan_feb_combined,historical_rules,frozen_rule.unique_rule_count_log1p,1.09861229,10
2025-01-01,2025-02-28,jan_feb_combined,historical_rules,legacy_predicate.confidence.announcement_contains_uncertainty,0.78000000,10
2025-01-01,2025-02-28,jan_feb_combined,historical_rules,legacy_predicate.confidence.capacity_policy_support,0.74000000,10
2025-01-01,2025-02-28,jan_feb_combined,historical_rules,legacy_predicate.confidence.demand_side_policy,0.74000000,10
2025-01-01,2025-02-28,jan_feb_combined,historical_rules,legacy_predicate.confidence.event_evidence_strength,0.92000000,10
2025-01-01,2025-02-28,jan_feb_combined,historical_rules,legacy_predicate.confidence.event_has_short_term_price_impact,0.70000000,10
2025-01-01,2025-02-28,jan_feb_combined,historical_rules,legacy_predicate.confidence.event_mentions_core_product,0.88000000,10
2025-01-01,2025-02-28,jan_feb_combined,historical_rules,legacy_predicate.confidence.evidence_from_authoritative_source,0.83000000,10
2025-01-01,2025-02-28,jan_feb_combined,historical_rules,legacy_predicate.confidence.has_policy_support,0.92000000,10
2025-01-01,2025-02-28,jan_feb_combined,historical_rules,legacy_predicate.confidence.institutional_attention_increases,0.70000000,10
2025-01-01,2025-02-28,jan_feb_combined,historical_rules,legacy_predicate.confidence.investor_questions_increase,0.82000000,10
2025-01-01,2025-02-28,jan_feb_combined,historical_rules,legacy_predicate.confidence.management_response_vague,0.76000000,10
2025-01-01,2025-02-28,jan_feb_combined,historical_rules,legacy_predicate.confidence.policy_attention_followup,0.84000000,10
2025-01-01,2025-02-28,jan_feb_combined,historical_rules,legacy_predicate.confidence.policy_directly_related_to_business,0.84000000,10
2025-01-01,2025-02-28,jan_feb_combined,historical_rules,legacy_predicate.confidence.risk_or_uncertainty_disclosure,0.78000000,10
2025-01-01,2025-02-28,jan_feb_combined,historical_rules,legacy_predicate.confidence.social_attention_spikes,0.68000000,10
2025-01-01,2025-02-28,jan_feb_combined,historical_rules,legacy_predicate.confidence.source_company_announcement,0.78000000,10
2025-01-01,2025-02-28,jan_feb_combined,historical_rules,legacy_predicate.confidence.source_government_or_exchange,0.85500000,10
2025-01-01,2025-02-28,jan_feb_combined,historical_rules,legacy_predicate.confidence.source_major_media,0.76000000,10
2025-01-01,2025-02-28,jan_feb_combined,historical_rules,legacy_predicate.confidence.supply_side_policy,0.74000000,10
2025-01-01,2025-02-28,jan_feb_combined,historical_rules,legacy_predicate.mean.announcement_contains_uncertainty,0.00000000,10
2025-01-01,2025-02-28,jan_feb_combined,historical_rules,legacy_predicate.mean.capacity_policy_support,0.00000000,10
2025-01-01,2025-02-28,jan_feb_combined,historical_rules,legacy_predicate.mean.demand_side_policy,0.00000000,10
2025-01-01,2025-02-28,jan_feb_combined,historical_rules,legacy_predicate.mean.event_evidence_strength,0.85000000,10
2025-01-01,2025-02-28,jan_feb_combined,historical_rules,legacy_predicate.mean.event_has_short_term_price_impact,0.73000000,10
2025-01-01,2025-02-28,jan_feb_combined,historical_rules,legacy_predicate.mean.event_mentions_core_product,1.00000000,10
2025-01-01,2025-02-28,jan_feb_combined,historical_rules,legacy_predicate.mean.evidence_from_authoritative_source,0.50000000,10
2025-01-01,2025-02-28,jan_feb_combined,historical_rules,legacy_predicate.mean.has_policy_support,0.50000000,10
2025-01-01,2025-02-28,jan_feb_combined,historical_rules,legacy_predicate.mean.institutional_attention_increases,0.00000000,10
2025-01-01,2025-02-28,jan_feb_combined,historical_rules,legacy_predicate.mean.investor_questions_increase,0.00000000,10
2025-01-01,2025-02-28,jan_feb_combined,historical_rules,legacy_predicate.mean.management_response_vague,0.00000000,10
2025-01-01,2025-02-28,jan_feb_combined,historical_rules,legacy_predicate.mean.policy_attention_followup,1.00000000,10
2025-01-01,2025-02-28,jan_feb_combined,historical_rules,legacy_predicate.mean.policy_directly_related_to_business,0.50000000,10
2025-01-01,2025-02-28,jan_feb_combined,historical_rules,legacy_predicate.mean.risk_or_uncertainty_disclosure,0.00000000,10
2025-01-01,2025-02-28,jan_feb_combined,historical_rules,legacy_predicate.mean.social_attention_spikes,0.00000000,10
2025-01-01,2025-02-28,jan_feb_combined,historical_rules,legacy_predicate.mean.source_company_announcement,0.00000000,10
2025-01-01,2025-02-28,jan_feb_combined,historical_rules,legacy_predicate.mean.source_government_or_exchange,0.50000000,10
2025-01-01,2025-02-28,jan_feb_combined,historical_rules,legacy_predicate.mean.source_major_media,0.00000000,10
2025-01-01,2025-02-28,jan_feb_combined,historical_rules,legacy_predicate.mean.supply_side_policy,0.00000000,10
2025-01-01,2025-02-28,jan_feb_combined,historical_rules,macro_predicate.hit_rate.capacity_enters_production,0.00000000,10
2025-01-01,2025-02-28,jan_feb_combined,historical_rules,macro_predicate.hit_rate.capacity_under_construction,0.00000000,10
2025-01-01,2025-02-28,jan_feb_combined,historical_rules,macro_predicate.hit_rate.export_demand_improves,0.10000000,10
2025-01-01,2025-02-28,jan_feb_combined,historical_rules,macro_predicate.hit_rate.financing_constraint_eases,0.00000000,10
2025-01-01,2025-02-28,jan_feb_combined,historical_rules,macro_predicate.hit_rate.grid_investment_accelerates,0.10000000,10
2025-01-01,2025-02-28,jan_feb_combined,historical_rules,macro_predicate.hit_rate.industry_competition_intensifies,0.10000000,10
2025-01-01,2025-02-28,jan_feb_combined,historical_rules,macro_predicate.hit_rate.inventory_pressure_increases,0.00000000,10
2025-01-01,2025-02-28,jan_feb_combined,historical_rules,macro_predicate.hit_rate.order_demand_improves,0.30000000,10
2025-01-01,2025-02-28,jan_feb_combined,historical_rules,macro_predicate.hit_rate.policy_accelerates_project_implementation,0.10000000,10
2025-01-01,2025-02-28,jan_feb_combined,historical_rules,macro_predicate.hit_rate.policy_expands_effective_demand,0.20000000,10
2025-01-01,2025-02-28,jan_feb_combined,historical_rules,macro_predicate.hit_rate.product_price_recovers,0.00000000,10
2025-01-01,2025-02-28,jan_feb_combined,historical_rules,macro_predicate.hit_rate.raw_material_cost_pressure,0.00000000,10
2025-01-01,2025-02-28,jan_feb_combined,historical_rules,macro_predicate.net.capacity_enters_production,0.00000000,10
2025-01-01,2025-02-28,jan_feb_combined,historical_rules,macro_predicate.net.capacity_under_construction,0.00000000,10
2025-01-01,2025-02-28,jan_feb_combined,historical_rules,macro_predicate.net.export_demand_improves,0.05265000,10
2025-01-01,2025-02-28,jan_feb_combined,historical_rules,macro_predicate.net.financing_constraint_eases,0.00000000,10
2025-01-01,2025-02-28,jan_feb_combined,historical_rules,macro_predicate.net.grid_investment_accelerates,0.06341000,10
2025-01-01,2025-02-28,jan_feb_combined,historical_rules,macro_predicate.net.industry_competition_intensifies,-0.02100000,10
2025-01-01,2025-02-28,jan_feb_combined,historical_rules,macro_predicate.net.inventory_pressure_increases,0.00000000,10
2025-01-01,2025-02-28,jan_feb_combined,historical_rules,macro_predicate.net.order_demand_improves,0.08469375,10
2025-01-01,2025-02-28,jan_feb_combined,historical_rules,macro_predicate.net.policy_accelerates_project_implementation,0.01050000,10
2025-01-01,2025-02-28,jan_feb_combined,historical_rules,macro_predicate.net.policy_expands_effective_demand,0.03500000,10
2025-01-01,2025-02-28,jan_feb_combined,historical_rules,macro_predicate.net.product_price_recovers,0.00000000,10
2025-01-01,2025-02-28,jan_feb_combined,historical_rules,macro_predicate.net.raw_material_cost_pressure,0.00000000,10
2025-01-01,2025-02-28,jan_feb_combined,historical_rules,source.share.announcement,0.00000000,10
2025-01-01,2025-02-28,jan_feb_combined,historical_rules,source.share.ir_qa,0.00000000,10
2025-01-01,2025-02-28,jan_feb_combined,historical_rules,source.share.news,0.70000000,10
2025-01-01,2025-02-28,jan_feb_combined,historical_rules,source.share.policy,0.30000000,10
2025-01-01,2025-02-28,jan_feb_combined,historical_rules,topic.share.battery,0.10000000,10
2025-01-01,2025-02-28,jan_feb_combined,historical_rules,topic.share.grid,0.10000000,10
2025-01-01,2025-02-28,jan_feb_combined,historical_rules,topic.share.photovoltaic,0.00000000,10
2025-01-01,2025-02-28,jan_feb_combined,historical_rules,topic.share.storage,0.20000000,10
2025-01-01,2025-02-28,jan_feb_combined,historical_rules,topic.share.wind,0.00000000,10
2025-03-01,2025-03-31,month,historical_rules,candidate.mean,0.00000000,2
2025-03-01,2025-03-31,month,historical_rules,candidate.p25,0.00000000,2
2025-03-01,2025-03-31,month,historical_rules,candidate.p50,0.00000000,2
2025-03-01,2025-03-31,month,historical_rules,candidate.p75,0.00000000,2
2025-03-01,2025-03-31,month,historical_rules,candidate.positive_share,0.00000000,2
2025-03-01,2025-03-31,month,historical_rules,candidate.std,0.00000000,2
2025-03-01,2025-03-31,month,historical_rules,coverage.ai_annotation_success_rate,1.00000000,2
2025-03-01,2025-03-31,month,historical_rules,coverage.document_count_log1p,1.09861229,2
2025-03-01,2025-03-31,month,historical_rules,coverage.event_count_log1p,0.00000000,2
2025-03-01,2025-03-31,month,historical_rules,coverage.independent_source_count_log1p,1.09861229,2
2025-03-01,2025-03-31,month,historical_rules,evidence.entity_confidence_mean,0.68153846,2
2025-03-01,2025-03-31,month,historical_rules,evidence.event_strength_mean,0.00000000,2
2025-03-01,2025-03-31,month,historical_rules,frozen_rule.supporting_document_share,0.00000000,2
2025-03-01,2025-03-31,month,historical_rules,frozen_rule.unique_rule_count_log1p,0.00000000,2
2025-03-01,2025-03-31,month,historical_rules,macro_predicate.hit_rate.capacity_enters_production,0.00000000,2
2025-03-01,2025-03-31,month,historical_rules,macro_predicate.hit_rate.capacity_under_construction,0.00000000,2
2025-03-01,2025-03-31,month,historical_rules,macro_predicate.hit_rate.export_demand_improves,0.00000000,2
2025-03-01,2025-03-31,month,historical_rules,macro_predicate.hit_rate.financing_constraint_eases,0.00000000,2
2025-03-01,2025-03-31,month,historical_rules,macro_predicate.hit_rate.grid_investment_accelerates,0.50000000,2
2025-03-01,2025-03-31,month,historical_rules,macro_predicate.hit_rate.industry_competition_intensifies,0.00000000,2
2025-03-01,2025-03-31,month,historical_rules,macro_predicate.hit_rate.inventory_pressure_increases,0.00000000,2
2025-03-01,2025-03-31,month,historical_rules,macro_predicate.hit_rate.order_demand_improves,0.00000000,2
2025-03-01,2025-03-31,month,historical_rules,macro_predicate.hit_rate.policy_accelerates_project_implementation,0.50000000,2
2025-03-01,2025-03-31,month,historical_rules,macro_predicate.hit_rate.policy_expands_effective_demand,0.00000000,2
2025-03-01,2025-03-31,month,historical_rules,macro_predicate.hit_rate.product_price_recovers,0.00000000,2
2025-03-01,2025-03-31,month,historical_rules,macro_predicate.hit_rate.raw_material_cost_pressure,0.00000000,2
2025-03-01,2025-03-31,month,historical_rules,macro_predicate.net.capacity_enters_production,0.00000000,2
2025-03-01,2025-03-31,month,historical_rules,macro_predicate.net.capacity_under_construction,0.00000000,2
2025-03-01,2025-03-31,month,historical_rules,macro_predicate.net.export_demand_improves,0.00000000,2
2025-03-01,2025-03-31,month,historical_rules,macro_predicate.net.financing_constraint_eases,0.00000000,2
2025-03-01,2025-03-31,month,historical_rules,macro_predicate.net.grid_investment_accelerates,0.37300000,2
2025-03-01,2025-03-31,month,historical_rules,macro_predicate.net.industry_competition_intensifies,0.00000000,2
2025-03-01,2025-03-31,month,historical_rules,macro_predicate.net.inventory_pressure_increases,0.00000000,2
2025-03-01,2025-03-31,month,historical_rules,macro_predicate.net.order_demand_improves,0.00000000,2
2025-03-01,2025-03-31,month,historical_rules,macro_predicate.net.policy_accelerates_project_implementation,0.32637500,2
2025-03-01,2025-03-31,month,historical_rules,macro_predicate.net.policy_expands_effective_demand,0.00000000,2
2025-03-01,2025-03-31,month,historical_rules,macro_predicate.net.product_price_recovers,0.00000000,2
2025-03-01,2025-03-31,month,historical_rules,macro_predicate.net.raw_material_cost_pressure,0.00000000,2
2025-03-01,2025-03-31,month,historical_rules,source.share.announcement,0.00000000,2
2025-03-01,2025-03-31,month,historical_rules,source.share.ir_qa,0.00000000,2
2025-03-01,2025-03-31,month,historical_rules,source.share.news,0.50000000,2
2025-03-01,2025-03-31,month,historical_rules,source.share.policy,0.50000000,2
2025-03-01,2025-03-31,month,historical_rules,topic.share.battery,0.50000000,2
2025-03-01,2025-03-31,month,historical_rules,topic.share.grid,0.50000000,2
2025-03-01,2025-03-31,month,historical_rules,topic.share.photovoltaic,0.00000000,2
2025-03-01,2025-03-31,month,historical_rules,topic.share.storage,0.00000000,2
2025-03-01,2025-03-31,month,historical_rules,topic.share.wind,0.00000000,2
2025-04-01,2025-04-30,month,historical_rules,candidate.mean,0.00000000,2
2025-04-01,2025-04-30,month,historical_rules,candidate.p25,0.00000000,2
2025-04-01,2025-04-30,month,historical_rules,candidate.p50,0.00000000,2
2025-04-01,2025-04-30,month,historical_rules,candidate.p75,0.00000000,2
2025-04-01,2025-04-30,month,historical_rules,candidate.positive_share,0.00000000,2
2025-04-01,2025-04-30,month,historical_rules,candidate.std,0.00000000,2
2025-04-01,2025-04-30,month,historical_rules,coverage.ai_annotation_success_rate,1.00000000,2
2025-04-01,2025-04-30,month,historical_rules,coverage.document_count_log1p,1.09861229,2
2025-04-01,2025-04-30,month,historical_rules,coverage.event_count_log1p,0.00000000,2
2025-04-01,2025-04-30,month,historical_rules,coverage.independent_source_count_log1p,1.09861229,2
2025-04-01,2025-04-30,month,historical_rules,evidence.entity_confidence_mean,0.74000000,2
2025-04-01,2025-04-30,month,historical_rules,evidence.event_strength_mean,0.00000000,2
2025-04-01,2025-04-30,month,historical_rules,frozen_rule.supporting_document_share,0.00000000,2
2025-04-01,2025-04-30,month,historical_rules,frozen_rule.unique_rule_count_log1p,0.00000000,2
2025-04-01,2025-04-30,month,historical_rules,macro_predicate.hit_rate.capacity_enters_production,0.00000000,2
2025-04-01,2025-04-30,month,historical_rules,macro_predicate.hit_rate.capacity_under_construction,0.00000000,2
2025-04-01,2025-04-30,month,historical_rules,macro_predicate.hit_rate.export_demand_improves,0.00000000,2
2025-04-01,2025-04-30,month,historical_rules,macro_predicate.hit_rate.financing_constraint_eases,0.00000000,2
2025-04-01,2025-04-30,month,historical_rules,macro_predicate.hit_rate.grid_investment_accelerates,0.00000000,2
2025-04-01,2025-04-30,month,historical_rules,macro_predicate.hit_rate.industry_competition_intensifies,0.00000000,2
2025-04-01,2025-04-30,month,historical_rules,macro_predicate.hit_rate.inventory_pressure_increases,0.00000000,2
2025-04-01,2025-04-30,month,historical_rules,macro_predicate.hit_rate.order_demand_improves,0.50000000,2
2025-04-01,2025-04-30,month,historical_rules,macro_predicate.hit_rate.policy_accelerates_project_implementation,0.00000000,2
2025-04-01,2025-04-30,month,historical_rules,macro_predicate.hit_rate.policy_expands_effective_demand,0.00000000,2
2025-04-01,2025-04-30,month,historical_rules,macro_predicate.hit_rate.product_price_recovers,0.00000000,2
2025-04-01,2025-04-30,month,historical_rules,macro_predicate.hit_rate.raw_material_cost_pressure,0.00000000,2
2025-04-01,2025-04-30,month,historical_rules,macro_predicate.net.capacity_enters_production,0.00000000,2
2025-04-01,2025-04-30,month,historical_rules,macro_predicate.net.capacity_under_construction,0.00000000,2
2025-04-01,2025-04-30,month,historical_rules,macro_predicate.net.export_demand_improves,0.00000000,2
2025-04-01,2025-04-30,month,historical_rules,macro_predicate.net.financing_constraint_eases,0.00000000,2
2025-04-01,2025-04-30,month,historical_rules,macro_predicate.net.grid_investment_accelerates,0.00000000,2
2025-04-01,2025-04-30,month,historical_rules,macro_predicate.net.industry_competition_intensifies,0.00000000,2
2025-04-01,2025-04-30,month,historical_rules,macro_predicate.net.inventory_pressure_increases,0.00000000,2
2025-04-01,2025-04-30,month,historical_rules,macro_predicate.net.order_demand_improves,0.10500000,2
2025-04-01,2025-04-30,month,historical_rules,macro_predicate.net.policy_accelerates_project_implementation,0.00000000,2
2025-04-01,2025-04-30,month,historical_rules,macro_predicate.net.policy_expands_effective_demand,0.00000000,2
2025-04-01,2025-04-30,month,historical_rules,macro_predicate.net.product_price_recovers,0.00000000,2
2025-04-01,2025-04-30,month,historical_rules,macro_predicate.net.raw_material_cost_pressure,0.00000000,2
2025-04-01,2025-04-30,month,historical_rules,source.share.announcement,0.00000000,2
2025-04-01,2025-04-30,month,historical_rules,source.share.ir_qa,0.00000000,2
2025-04-01,2025-04-30,month,historical_rules,source.share.news,0.50000000,2
2025-04-01,2025-04-30,month,historical_rules,source.share.policy,0.50000000,2
2025-04-01,2025-04-30,month,historical_rules,topic.share.battery,0.00000000,2
2025-04-01,2025-04-30,month,historical_rules,topic.share.grid,0.00000000,2
2025-04-01,2025-04-30,month,historical_rules,topic.share.photovoltaic,0.00000000,2
2025-04-01,2025-04-30,month,historical_rules,topic.share.storage,0.00000000,2
2025-04-01,2025-04-30,month,historical_rules,topic.share.wind,0.00000000,2
2025-05-01,2025-05-31,month,historical_rules,candidate.mean,0.00000000,2
2025-05-01,2025-05-31,month,historical_rules,candidate.p25,0.00000000,2
2025-05-01,2025-05-31,month,historical_rules,candidate.p50,0.00000000,2
2025-05-01,2025-05-31,month,historical_rules,candidate.p75,0.00000000,2
2025-05-01,2025-05-31,month,historical_rules,candidate.positive_share,0.00000000,2
2025-05-01,2025-05-31,month,historical_rules,candidate.std,0.00000000,2
2025-05-01,2025-05-31,month,historical_rules,coverage.ai_annotation_success_rate,1.00000000,2
2025-05-01,2025-05-31,month,historical_rules,coverage.document_count_log1p,1.09861229,2
2025-05-01,2025-05-31,month,historical_rules,coverage.event_count_log1p,1.94591015,2
2025-05-01,2025-05-31,month,historical_rules,coverage.independent_source_count_log1p,1.09861229,2
2025-05-01,2025-05-31,month,historical_rules,evidence.entity_confidence_mean,0.70000000,2
2025-05-01,2025-05-31,month,historical_rules,evidence.event_strength_mean,0.84000000,2
2025-05-01,2025-05-31,month,historical_rules,frozen_rule.supporting_document_share,0.00000000,2
2025-05-01,2025-05-31,month,historical_rules,frozen_rule.unique_rule_count_log1p,0.00000000,2
2025-05-01,2025-05-31,month,historical_rules,legacy_predicate.confidence.announcement_contains_uncertainty,0.78000000,2
2025-05-01,2025-05-31,month,historical_rules,legacy_predicate.confidence.capacity_policy_support,0.74000000,2
2025-05-01,2025-05-31,month,historical_rules,legacy_predicate.confidence.demand_side_policy,0.74000000,2
2025-05-01,2025-05-31,month,historical_rules,legacy_predicate.confidence.event_evidence_strength,0.92000000,2
2025-05-01,2025-05-31,month,historical_rules,legacy_predicate.confidence.event_has_short_term_price_impact,0.70000000,2
2025-05-01,2025-05-31,month,historical_rules,legacy_predicate.confidence.event_mentions_core_product,0.88000000,2
2025-05-01,2025-05-31,month,historical_rules,legacy_predicate.confidence.evidence_from_authoritative_source,0.72000000,2
2025-05-01,2025-05-31,month,historical_rules,legacy_predicate.confidence.has_policy_support,0.88000000,2
2025-05-01,2025-05-31,month,historical_rules,legacy_predicate.confidence.institutional_attention_increases,0.70000000,2
2025-05-01,2025-05-31,month,historical_rules,legacy_predicate.confidence.investor_questions_increase,0.82000000,2
2025-05-01,2025-05-31,month,historical_rules,legacy_predicate.confidence.management_response_vague,0.76000000,2
2025-05-01,2025-05-31,month,historical_rules,legacy_predicate.confidence.policy_attention_followup,0.84000000,2
2025-05-01,2025-05-31,month,historical_rules,legacy_predicate.confidence.policy_directly_related_to_business,0.78000000,2
2025-05-01,2025-05-31,month,historical_rules,legacy_predicate.confidence.risk_or_uncertainty_disclosure,0.78000000,2
2025-05-01,2025-05-31,month,historical_rules,legacy_predicate.confidence.social_attention_spikes,0.68000000,2
2025-05-01,2025-05-31,month,historical_rules,legacy_predicate.confidence.source_company_announcement,0.78000000,2
2025-05-01,2025-05-31,month,historical_rules,legacy_predicate.confidence.source_government_or_exchange,0.76000000,2
2025-05-01,2025-05-31,month,historical_rules,legacy_predicate.confidence.source_major_media,0.76000000,2
2025-05-01,2025-05-31,month,historical_rules,legacy_predicate.confidence.supply_side_policy,0.74000000,2
2025-05-01,2025-05-31,month,historical_rules,legacy_predicate.mean.announcement_contains_uncertainty,0.00000000,2
2025-05-01,2025-05-31,month,historical_rules,legacy_predicate.mean.capacity_policy_support,0.00000000,2
2025-05-01,2025-05-31,month,historical_rules,legacy_predicate.mean.demand_side_policy,0.00000000,2
2025-05-01,2025-05-31,month,historical_rules,legacy_predicate.mean.event_evidence_strength,0.76000000,2
2025-05-01,2025-05-31,month,historical_rules,legacy_predicate.mean.event_has_short_term_price_impact,0.68000000,2
2025-05-01,2025-05-31,month,historical_rules,legacy_predicate.mean.event_mentions_core_product,1.00000000,2
2025-05-01,2025-05-31,month,historical_rules,legacy_predicate.mean.evidence_from_authoritative_source,0.00000000,2
2025-05-01,2025-05-31,month,historical_rules,legacy_predicate.mean.has_policy_support,0.00000000,2
2025-05-01,2025-05-31,month,historical_rules,legacy_predicate.mean.institutional_attention_increases,0.00000000,2
2025-05-01,2025-05-31,month,historical_rules,legacy_predicate.mean.investor_questions_increase,0.00000000,2
2025-05-01,2025-05-31,month,historical_rules,legacy_predicate.mean.management_response_vague,0.00000000,2
2025-05-01,2025-05-31,month,historical_rules,legacy_predicate.mean.policy_attention_followup,1.00000000,2
2025-05-01,2025-05-31,month,historical_rules,legacy_predicate.mean.policy_directly_related_to_business,0.00000000,2
2025-05-01,2025-05-31,month,historical_rules,legacy_predicate.mean.risk_or_uncertainty_disclosure,0.00000000,2
2025-05-01,2025-05-31,month,historical_rules,legacy_predicate.mean.social_attention_spikes,0.00000000,2
2025-05-01,2025-05-31,month,historical_rules,legacy_predicate.mean.source_company_announcement,0.00000000,2
2025-05-01,2025-05-31,month,historical_rules,legacy_predicate.mean.source_government_or_exchange,0.00000000,2
2025-05-01,2025-05-31,month,historical_rules,legacy_predicate.mean.source_major_media,0.00000000,2
2025-05-01,2025-05-31,month,historical_rules,legacy_predicate.mean.supply_side_policy,0.00000000,2
2025-05-01,2025-05-31,month,historical_rules,macro_predicate.hit_rate.capacity_enters_production,0.00000000,2
2025-05-01,2025-05-31,month,historical_rules,macro_predicate.hit_rate.capacity_under_construction,0.00000000,2
2025-05-01,2025-05-31,month,historical_rules,macro_predicate.hit_rate.export_demand_improves,0.00000000,2
2025-05-01,2025-05-31,month,historical_rules,macro_predicate.hit_rate.financing_constraint_eases,0.00000000,2
2025-05-01,2025-05-31,month,historical_rules,macro_predicate.hit_rate.grid_investment_accelerates,0.00000000,2
2025-05-01,2025-05-31,month,historical_rules,macro_predicate.hit_rate.industry_competition_intensifies,0.00000000,2
2025-05-01,2025-05-31,month,historical_rules,macro_predicate.hit_rate.inventory_pressure_increases,0.00000000,2
2025-05-01,2025-05-31,month,historical_rules,macro_predicate.hit_rate.order_demand_improves,0.50000000,2
2025-05-01,2025-05-31,month,historical_rules,macro_predicate.hit_rate.policy_accelerates_project_implementation,0.00000000,2
2025-05-01,2025-05-31,month,historical_rules,macro_predicate.hit_rate.policy_expands_effective_demand,0.50000000,2
2025-05-01,2025-05-31,month,historical_rules,macro_predicate.hit_rate.product_price_recovers,0.00000000,2
2025-05-01,2025-05-31,month,historical_rules,macro_predicate.hit_rate.raw_material_cost_pressure,0.00000000,2
2025-05-01,2025-05-31,month,historical_rules,macro_predicate.net.capacity_enters_production,0.00000000,2
2025-05-01,2025-05-31,month,historical_rules,macro_predicate.net.capacity_under_construction,0.00000000,2
2025-05-01,2025-05-31,month,historical_rules,macro_predicate.net.export_demand_improves,0.00000000,2
2025-05-01,2025-05-31,month,historical_rules,macro_predicate.net.financing_constraint_eases,0.00000000,2
2025-05-01,2025-05-31,month,historical_rules,macro_predicate.net.grid_investment_accelerates,0.00000000,2
2025-05-01,2025-05-31,month,historical_rules,macro_predicate.net.industry_competition_intensifies,0.00000000,2
2025-05-01,2025-05-31,month,historical_rules,macro_predicate.net.inventory_pressure_increases,0.00000000,2
2025-05-01,2025-05-31,month,historical_rules,macro_predicate.net.order_demand_improves,0.35200000,2
2025-05-01,2025-05-31,month,historical_rules,macro_predicate.net.policy_accelerates_project_implementation,0.00000000,2
2025-05-01,2025-05-31,month,historical_rules,macro_predicate.net.policy_expands_effective_demand,0.33000000,2
2025-05-01,2025-05-31,month,historical_rules,macro_predicate.net.product_price_recovers,0.00000000,2
2025-05-01,2025-05-31,month,historical_rules,macro_predicate.net.raw_material_cost_pressure,0.00000000,2
2025-05-01,2025-05-31,month,historical_rules,source.share.announcement,0.00000000,2
2025-05-01,2025-05-31,month,historical_rules,source.share.ir_qa,0.00000000,2
2025-05-01,2025-05-31,month,historical_rules,source.share.news,1.00000000,2
2025-05-01,2025-05-31,month,historical_rules,source.share.policy,0.00000000,2
2025-05-01,2025-05-31,month,historical_rules,topic.share.battery,0.50000000,2
2025-05-01,2025-05-31,month,historical_rules,topic.share.grid,0.00000000,2
2025-05-01,2025-05-31,month,historical_rules,topic.share.photovoltaic,0.50000000,2
2025-05-01,2025-05-31,month,historical_rules,topic.share.storage,0.00000000,2
2025-05-01,2025-05-31,month,historical_rules,topic.share.wind,0.00000000,2
2025-06-01,2025-06-30,month,historical_rules,candidate.mean,0.47803200,2
2025-06-01,2025-06-30,month,historical_rules,candidate.p25,0.47803200,2
2025-06-01,2025-06-30,month,historical_rules,candidate.p50,0.47803200,2
2025-06-01,2025-06-30,month,historical_rules,candidate.p75,0.47803200,2
2025-06-01,2025-06-30,month,historical_rules,candidate.positive_share,1.00000000,2
2025-06-01,2025-06-30,month,historical_rules,candidate.std,0.00000000,2
2025-06-01,2025-06-30,month,historical_rules,coverage.ai_annotation_success_rate,1.00000000,2
2025-06-01,2025-06-30,month,historical_rules,coverage.document_count_log1p,1.09861229,2
2025-06-01,2025-06-30,month,historical_rules,coverage.event_count_log1p,1.94591015,2
2025-06-01,2025-06-30,month,historical_rules,coverage.independent_source_count_log1p,1.09861229,2
2025-06-01,2025-06-30,month,historical_rules,evidence.entity_confidence_mean,0.73636364,2
2025-06-01,2025-06-30,month,historical_rules,evidence.event_strength_mean,0.84000000,2
2025-06-01,2025-06-30,month,historical_rules,frozen_rule.supporting_document_share,0.50000000,2
2025-06-01,2025-06-30,month,historical_rules,frozen_rule.unique_rule_count_log1p,0.69314718,2
2025-06-01,2025-06-30,month,historical_rules,legacy_predicate.confidence.announcement_contains_uncertainty,0.78000000,2
2025-06-01,2025-06-30,month,historical_rules,legacy_predicate.confidence.capacity_policy_support,0.74000000,2
2025-06-01,2025-06-30,month,historical_rules,legacy_predicate.confidence.demand_side_policy,0.74000000,2
2025-06-01,2025-06-30,month,historical_rules,legacy_predicate.confidence.event_evidence_strength,0.92000000,2
2025-06-01,2025-06-30,month,historical_rules,legacy_predicate.confidence.event_has_short_term_price_impact,0.70000000,2
2025-06-01,2025-06-30,month,historical_rules,legacy_predicate.confidence.event_mentions_core_product,0.88000000,2
2025-06-01,2025-06-30,month,historical_rules,legacy_predicate.confidence.evidence_from_authoritative_source,0.86666667,2
2025-06-01,2025-06-30,month,historical_rules,legacy_predicate.confidence.has_policy_support,0.88000000,2
2025-06-01,2025-06-30,month,historical_rules,legacy_predicate.confidence.institutional_attention_increases,0.70000000,2
2025-06-01,2025-06-30,month,historical_rules,legacy_predicate.confidence.investor_questions_increase,0.82000000,2
2025-06-01,2025-06-30,month,historical_rules,legacy_predicate.confidence.management_response_vague,0.76000000,2
2025-06-01,2025-06-30,month,historical_rules,legacy_predicate.confidence.policy_attention_followup,0.84000000,2
2025-06-01,2025-06-30,month,historical_rules,legacy_predicate.confidence.policy_directly_related_to_business,0.78000000,2
2025-06-01,2025-06-30,month,historical_rules,legacy_predicate.confidence.risk_or_uncertainty_disclosure,0.78000000,2
2025-06-01,2025-06-30,month,historical_rules,legacy_predicate.confidence.social_attention_spikes,0.77333333,2
2025-06-01,2025-06-30,month,historical_rules,legacy_predicate.confidence.source_company_announcement,0.78000000,2
2025-06-01,2025-06-30,month,historical_rules,legacy_predicate.confidence.source_government_or_exchange,0.76000000,2
2025-06-01,2025-06-30,month,historical_rules,legacy_predicate.confidence.source_major_media,0.85333333,2
2025-06-01,2025-06-30,month,historical_rules,legacy_predicate.confidence.supply_side_policy,0.74000000,2
2025-06-01,2025-06-30,month,historical_rules,legacy_predicate.mean.announcement_contains_uncertainty,0.00000000,2
2025-06-01,2025-06-30,month,historical_rules,legacy_predicate.mean.capacity_policy_support,0.00000000,2
2025-06-01,2025-06-30,month,historical_rules,legacy_predicate.mean.demand_side_policy,0.00000000,2
2025-06-01,2025-06-30,month,historical_rules,legacy_predicate.mean.event_evidence_strength,0.76000000,2
2025-06-01,2025-06-30,month,historical_rules,legacy_predicate.mean.event_has_short_term_price_impact,0.68000000,2
2025-06-01,2025-06-30,month,historical_rules,legacy_predicate.mean.event_mentions_core_product,1.00000000,2
2025-06-01,2025-06-30,month,historical_rules,legacy_predicate.mean.evidence_from_authoritative_source,1.00000000,2
2025-06-01,2025-06-30,month,historical_rules,legacy_predicate.mean.has_policy_support,0.00000000,2
2025-06-01,2025-06-30,month,historical_rules,legacy_predicate.mean.institutional_attention_increases,0.00000000,2
2025-06-01,2025-06-30,month,historical_rules,legacy_predicate.mean.investor_questions_increase,0.00000000,2
2025-06-01,2025-06-30,month,historical_rules,legacy_predicate.mean.management_response_vague,0.00000000,2
2025-06-01,2025-06-30,month,historical_rules,legacy_predicate.mean.policy_attention_followup,1.00000000,2
2025-06-01,2025-06-30,month,historical_rules,legacy_predicate.mean.policy_directly_related_to_business,0.00000000,2
2025-06-01,2025-06-30,month,historical_rules,legacy_predicate.mean.risk_or_uncertainty_disclosure,0.00000000,2
2025-06-01,2025-06-30,month,historical_rules,legacy_predicate.mean.social_attention_spikes,1.00000000,2
2025-06-01,2025-06-30,month,historical_rules,legacy_predicate.mean.source_company_announcement,0.00000000,2
2025-06-01,2025-06-30,month,historical_rules,legacy_predicate.mean.source_government_or_exchange,0.00000000,2
2025-06-01,2025-06-30,month,historical_rules,legacy_predicate.mean.source_major_media,1.00000000,2
2025-06-01,2025-06-30,month,historical_rules,legacy_predicate.mean.supply_side_policy,0.00000000,2
2025-06-01,2025-06-30,month,historical_rules,macro_predicate.hit_rate.capacity_enters_production,0.00000000,2
2025-06-01,2025-06-30,month,historical_rules,macro_predicate.hit_rate.capacity_under_construction,0.50000000,2
2025-06-01,2025-06-30,month,historical_rules,macro_predicate.hit_rate.export_demand_improves,0.00000000,2
2025-06-01,2025-06-30,month,historical_rules,macro_predicate.hit_rate.financing_constraint_eases,0.00000000,2
2025-06-01,2025-06-30,month,historical_rules,macro_predicate.hit_rate.grid_investment_accelerates,0.00000000,2
2025-06-01,2025-06-30,month,historical_rules,macro_predicate.hit_rate.industry_competition_intensifies,0.50000000,2
2025-06-01,2025-06-30,month,historical_rules,macro_predicate.hit_rate.inventory_pressure_increases,0.00000000,2
2025-06-01,2025-06-30,month,historical_rules,macro_predicate.hit_rate.order_demand_improves,0.00000000,2
2025-06-01,2025-06-30,month,historical_rules,macro_predicate.hit_rate.policy_accelerates_project_implementation,0.00000000,2
2025-06-01,2025-06-30,month,historical_rules,macro_predicate.hit_rate.policy_expands_effective_demand,0.00000000,2
2025-06-01,2025-06-30,month,historical_rules,macro_predicate.hit_rate.product_price_recovers,0.00000000,2
2025-06-01,2025-06-30,month,historical_rules,macro_predicate.hit_rate.raw_material_cost_pressure,0.00000000,2
2025-06-01,2025-06-30,month,historical_rules,macro_predicate.net.capacity_enters_production,0.00000000,2
2025-06-01,2025-06-30,month,historical_rules,macro_predicate.net.capacity_under_construction,0.22275000,2
2025-06-01,2025-06-30,month,historical_rules,macro_predicate.net.export_demand_improves,0.00000000,2
2025-06-01,2025-06-30,month,historical_rules,macro_predicate.net.financing_constraint_eases,0.00000000,2
2025-06-01,2025-06-30,month,historical_rules,macro_predicate.net.grid_investment_accelerates,0.00000000,2
2025-06-01,2025-06-30,month,historical_rules,macro_predicate.net.industry_competition_intensifies,-0.09000000,2
2025-06-01,2025-06-30,month,historical_rules,macro_predicate.net.inventory_pressure_increases,0.00000000,2
2025-06-01,2025-06-30,month,historical_rules,macro_predicate.net.order_demand_improves,0.00000000,2
2025-06-01,2025-06-30,month,historical_rules,macro_predicate.net.policy_accelerates_project_implementation,0.00000000,2
2025-06-01,2025-06-30,month,historical_rules,macro_predicate.net.policy_expands_effective_demand,0.00000000,2
2025-06-01,2025-06-30,month,historical_rules,macro_predicate.net.product_price_recovers,0.00000000,2
2025-06-01,2025-06-30,month,historical_rules,macro_predicate.net.raw_material_cost_pressure,0.00000000,2
2025-06-01,2025-06-30,month,historical_rules,source.share.announcement,0.00000000,2
2025-06-01,2025-06-30,month,historical_rules,source.share.ir_qa,0.00000000,2
2025-06-01,2025-06-30,month,historical_rules,source.share.news,0.50000000,2
2025-06-01,2025-06-30,month,historical_rules,source.share.policy,0.50000000,2
2025-06-01,2025-06-30,month,historical_rules,topic.share.battery,0.50000000,2
2025-06-01,2025-06-30,month,historical_rules,topic.share.grid,0.00000000,2
2025-06-01,2025-06-30,month,historical_rules,topic.share.photovoltaic,0.50000000,2
2025-06-01,2025-06-30,month,historical_rules,topic.share.storage,0.00000000,2
2025-06-01,2025-06-30,month,historical_rules,topic.share.wind,0.00000000,2
2025-07-01,2025-07-31,month,historical_rules,candidate.mean,1.15308800,6
2025-07-01,2025-07-31,month,historical_rules,candidate.p25,1.15308800,6
2025-07-01,2025-07-31,month,historical_rules,candidate.p50,1.15308800,6
2025-07-01,2025-07-31,month,historical_rules,candidate.p75,1.15308800,6
2025-07-01,2025-07-31,month,historical_rules,candidate.positive_share,1.00000000,6
2025-07-01,2025-07-31,month,historical_rules,candidate.std,0.00000000,6
2025-07-01,2025-07-31,month,historical_rules,coverage.ai_annotation_success_rate,0.83333333,6
2025-07-01,2025-07-31,month,historical_rules,coverage.document_count_log1p,1.94591015,6
2025-07-01,2025-07-31,month,historical_rules,coverage.event_count_log1p,2.48490665,6
2025-07-01,2025-07-31,month,historical_rules,coverage.independent_source_count_log1p,1.94591015,6
2025-07-01,2025-07-31,month,historical_rules,evidence.entity_confidence_mean,0.69545455,6
2025-07-01,2025-07-31,month,historical_rules,evidence.event_strength_mean,0.84000000,6
2025-07-01,2025-07-31,month,historical_rules,frozen_rule.supporting_document_share,0.16666667,6
2025-07-01,2025-07-31,month,historical_rules,frozen_rule.unique_rule_count_log1p,1.09861229,6
2025-07-01,2025-07-31,month,historical_rules,legacy_predicate.confidence.announcement_contains_uncertainty,0.78000000,6
2025-07-01,2025-07-31,month,historical_rules,legacy_predicate.confidence.capacity_policy_support,0.74000000,6
2025-07-01,2025-07-31,month,historical_rules,legacy_predicate.confidence.demand_side_policy,0.74000000,6
2025-07-01,2025-07-31,month,historical_rules,legacy_predicate.confidence.event_evidence_strength,0.92000000,6
2025-07-01,2025-07-31,month,historical_rules,legacy_predicate.confidence.event_has_short_term_price_impact,0.70000000,6
2025-07-01,2025-07-31,month,historical_rules,legacy_predicate.confidence.event_mentions_core_product,0.74000000,6
2025-07-01,2025-07-31,month,historical_rules,legacy_predicate.confidence.evidence_from_authoritative_source,0.94000000,6
2025-07-01,2025-07-31,month,historical_rules,legacy_predicate.confidence.has_policy_support,0.96000000,6
2025-07-01,2025-07-31,month,historical_rules,legacy_predicate.confidence.institutional_attention_increases,0.70000000,6
2025-07-01,2025-07-31,month,historical_rules,legacy_predicate.confidence.investor_questions_increase,0.82000000,6
2025-07-01,2025-07-31,month,historical_rules,legacy_predicate.confidence.management_response_vague,0.76000000,6
2025-07-01,2025-07-31,month,historical_rules,legacy_predicate.confidence.policy_attention_followup,0.84000000,6
2025-07-01,2025-07-31,month,historical_rules,legacy_predicate.confidence.policy_directly_related_to_business,0.78000000,6
2025-07-01,2025-07-31,month,historical_rules,legacy_predicate.confidence.risk_or_uncertainty_disclosure,0.78000000,6
2025-07-01,2025-07-31,month,historical_rules,legacy_predicate.confidence.social_attention_spikes,0.68000000,6
2025-07-01,2025-07-31,month,historical_rules,legacy_predicate.confidence.source_company_announcement,0.78000000,6
2025-07-01,2025-07-31,month,historical_rules,legacy_predicate.confidence.source_government_or_exchange,0.95000000,6
2025-07-01,2025-07-31,month,historical_rules,legacy_predicate.confidence.source_major_media,0.76000000,6
2025-07-01,2025-07-31,month,historical_rules,legacy_predicate.confidence.supply_side_policy,0.74000000,6
2025-07-01,2025-07-31,month,historical_rules,legacy_predicate.mean.announcement_contains_uncertainty,0.00000000,6
2025-07-01,2025-07-31,month,historical_rules,legacy_predicate.mean.capacity_policy_support,0.00000000,6
2025-07-01,2025-07-31,month,historical_rules,legacy_predicate.mean.demand_side_policy,0.00000000,6
2025-07-01,2025-07-31,month,historical_rules,legacy_predicate.mean.event_evidence_strength,0.94000000,6
2025-07-01,2025-07-31,month,historical_rules,legacy_predicate.mean.event_has_short_term_price_impact,0.78000000,6
2025-07-01,2025-07-31,month,historical_rules,legacy_predicate.mean.event_mentions_core_product,0.00000000,6
2025-07-01,2025-07-31,month,historical_rules,legacy_predicate.mean.evidence_from_authoritative_source,1.00000000,6
2025-07-01,2025-07-31,month,historical_rules,legacy_predicate.mean.has_policy_support,1.00000000,6
2025-07-01,2025-07-31,month,historical_rules,legacy_predicate.mean.institutional_attention_increases,0.00000000,6
2025-07-01,2025-07-31,month,historical_rules,legacy_predicate.mean.investor_questions_increase,0.00000000,6
2025-07-01,2025-07-31,month,historical_rules,legacy_predicate.mean.management_response_vague,0.00000000,6
2025-07-01,2025-07-31,month,historical_rules,legacy_predicate.mean.policy_attention_followup,1.00000000,6
2025-07-01,2025-07-31,month,historical_rules,legacy_predicate.mean.policy_directly_related_to_business,0.00000000,6
2025-07-01,2025-07-31,month,historical_rules,legacy_predicate.mean.risk_or_uncertainty_disclosure,0.00000000,6
2025-07-01,2025-07-31,month,historical_rules,legacy_predicate.mean.social_attention_spikes,0.00000000,6
2025-07-01,2025-07-31,month,historical_rules,legacy_predicate.mean.source_company_announcement,0.00000000,6
2025-07-01,2025-07-31,month,historical_rules,legacy_predicate.mean.source_government_or_exchange,1.00000000,6
2025-07-01,2025-07-31,month,historical_rules,legacy_predicate.mean.source_major_media,0.00000000,6
2025-07-01,2025-07-31,month,historical_rules,legacy_predicate.mean.supply_side_policy,0.00000000,6
2025-07-01,2025-07-31,month,historical_rules,macro_predicate.hit_rate.capacity_enters_production,0.00000000,6
2025-07-01,2025-07-31,month,historical_rules,macro_predicate.hit_rate.capacity_under_construction,0.00000000,6
2025-07-01,2025-07-31,month,historical_rules,macro_predicate.hit_rate.export_demand_improves,0.33333333,6
2025-07-01,2025-07-31,month,historical_rules,macro_predicate.hit_rate.financing_constraint_eases,0.00000000,6
2025-07-01,2025-07-31,month,historical_rules,macro_predicate.hit_rate.grid_investment_accelerates,0.16666667,6
2025-07-01,2025-07-31,month,historical_rules,macro_predicate.hit_rate.industry_competition_intensifies,0.50000000,6
2025-07-01,2025-07-31,month,historical_rules,macro_predicate.hit_rate.inventory_pressure_increases,0.33333333,6
2025-07-01,2025-07-31,month,historical_rules,macro_predicate.hit_rate.order_demand_improves,0.16666667,6
2025-07-01,2025-07-31,month,historical_rules,macro_predicate.hit_rate.policy_accelerates_project_implementation,0.16666667,6
2025-07-01,2025-07-31,month,historical_rules,macro_predicate.hit_rate.policy_expands_effective_demand,0.16666667,6
2025-07-01,2025-07-31,month,historical_rules,macro_predicate.hit_rate.product_price_recovers,0.33333333,6
2025-07-01,2025-07-31,month,historical_rules,macro_predicate.hit_rate.raw_material_cost_pressure,0.00000000,6
2025-07-01,2025-07-31,month,historical_rules,macro_predicate.net.capacity_enters_production,0.00000000,6
2025-07-01,2025-07-31,month,historical_rules,macro_predicate.net.capacity_under_construction,0.00000000,6
2025-07-01,2025-07-31,month,historical_rules,macro_predicate.net.export_demand_improves,0.22533333,6
2025-07-01,2025-07-31,month,historical_rules,macro_predicate.net.financing_constraint_eases,0.00000000,6
2025-07-01,2025-07-31,month,historical_rules,macro_predicate.net.grid_investment_accelerates,0.12433333,6
2025-07-01,2025-07-31,month,historical_rules,macro_predicate.net.industry_competition_intensifies,-0.13750000,6
2025-07-01,2025-07-31,month,historical_rules,macro_predicate.net.inventory_pressure_increases,-0.09500000,6
2025-07-01,2025-07-31,month,historical_rules,macro_predicate.net.order_demand_improves,0.03500000,6
2025-07-01,2025-07-31,month,historical_rules,macro_predicate.net.policy_accelerates_project_implementation,0.02333333,6
2025-07-01,2025-07-31,month,historical_rules,macro_predicate.net.policy_expands_effective_demand,0.02916667,6
2025-07-01,2025-07-31,month,historical_rules,macro_predicate.net.product_price_recovers,0.17093333,6
2025-07-01,2025-07-31,month,historical_rules,macro_predicate.net.raw_material_cost_pressure,0.00000000,6
2025-07-01,2025-07-31,month,historical_rules,source.share.announcement,0.16666667,6
2025-07-01,2025-07-31,month,historical_rules,source.share.ir_qa,0.00000000,6
2025-07-01,2025-07-31,month,historical_rules,source.share.news,0.66666667,6
2025-07-01,2025-07-31,month,historical_rules,source.share.policy,0.16666667,6
2025-07-01,2025-07-31,month,historical_rules,topic.share.battery,0.16666667,6
2025-07-01,2025-07-31,month,historical_rules,topic.share.grid,0.16666667,6
2025-07-01,2025-07-31,month,historical_rules,topic.share.photovoltaic,0.50000000,6
2025-07-01,2025-07-31,month,historical_rules,topic.share.storage,0.00000000,6
2025-07-01,2025-07-31,month,historical_rules,topic.share.wind,0.16666667,6
2025-08-01,2025-08-31,month,historical_rules,candidate.mean,0.92051733,7
2025-08-01,2025-08-31,month,historical_rules,candidate.p25,0.80989600,7
2025-08-01,2025-08-31,month,historical_rules,candidate.p50,1.14176000,7
2025-08-01,2025-08-31,month,historical_rules,candidate.p75,1.14176000,7
2025-08-01,2025-08-31,month,historical_rules,candidate.positive_share,1.00000000,7
2025-08-01,2025-08-31,month,historical_rules,candidate.std,0.31288438,7
2025-08-01,2025-08-31,month,historical_rules,coverage.ai_annotation_success_rate,0.85714286,7
2025-08-01,2025-08-31,month,historical_rules,coverage.document_count_log1p,2.07944154,7
2025-08-01,2025-08-31,month,historical_rules,coverage.event_count_log1p,2.89037176,7
2025-08-01,2025-08-31,month,historical_rules,coverage.independent_source_count_log1p,2.07944154,7
2025-08-01,2025-08-31,month,historical_rules,evidence.entity_confidence_mean,0.76280000,7
2025-08-01,2025-08-31,month,historical_rules,evidence.event_strength_mean,0.86823529,7
2025-08-01,2025-08-31,month,historical_rules,frozen_rule.supporting_document_share,0.28571429,7
2025-08-01,2025-08-31,month,historical_rules,frozen_rule.unique_rule_count_log1p,1.38629436,7
2025-08-01,2025-08-31,month,historical_rules,legacy_predicate.confidence.announcement_contains_uncertainty,0.78000000,7
2025-08-01,2025-08-31,month,historical_rules,legacy_predicate.confidence.capacity_policy_support,0.76500000,7
2025-08-01,2025-08-31,month,historical_rules,legacy_predicate.confidence.demand_side_policy,0.74000000,7
2025-08-01,2025-08-31,month,historical_rules,legacy_predicate.confidence.event_evidence_strength,0.92000000,7
2025-08-01,2025-08-31,month,historical_rules,legacy_predicate.confidence.event_has_short_term_price_impact,0.70000000,7
2025-08-01,2025-08-31,month,historical_rules,legacy_predicate.confidence.event_mentions_core_product,0.84500000,7
2025-08-01,2025-08-31,month,historical_rules,legacy_predicate.confidence.evidence_from_authoritative_source,0.88500000,7
2025-08-01,2025-08-31,month,historical_rules,legacy_predicate.confidence.has_policy_support,0.90000000,7
2025-08-01,2025-08-31,month,historical_rules,legacy_predicate.confidence.institutional_attention_increases,0.70000000,7
2025-08-01,2025-08-31,month,historical_rules,legacy_predicate.confidence.investor_questions_increase,0.82000000,7
2025-08-01,2025-08-31,month,historical_rules,legacy_predicate.confidence.management_response_vague,0.76000000,7
2025-08-01,2025-08-31,month,historical_rules,legacy_predicate.confidence.policy_attention_followup,0.80500000,7
2025-08-01,2025-08-31,month,historical_rules,legacy_predicate.confidence.policy_directly_related_to_business,0.78000000,7
2025-08-01,2025-08-31,month,historical_rules,legacy_predicate.confidence.risk_or_uncertainty_disclosure,0.78000000,7
2025-08-01,2025-08-31,month,historical_rules,legacy_predicate.confidence.social_attention_spikes,0.75000000,7
2025-08-01,2025-08-31,month,historical_rules,legacy_predicate.confidence.source_company_announcement,0.78000000,7
2025-08-01,2025-08-31,month,historical_rules,legacy_predicate.confidence.source_government_or_exchange,0.80750000,7
2025-08-01,2025-08-31,month,historical_rules,legacy_predicate.confidence.source_major_media,0.83000000,7
2025-08-01,2025-08-31,month,historical_rules,legacy_predicate.confidence.supply_side_policy,0.74000000,7
2025-08-01,2025-08-31,month,historical_rules,legacy_predicate.mean.announcement_contains_uncertainty,0.00000000,7
2025-08-01,2025-08-31,month,historical_rules,legacy_predicate.mean.capacity_policy_support,0.50000000,7
2025-08-01,2025-08-31,month,historical_rules,legacy_predicate.mean.demand_side_policy,0.00000000,7
2025-08-01,2025-08-31,month,historical_rules,legacy_predicate.mean.event_evidence_strength,0.85000000,7
2025-08-01,2025-08-31,month,historical_rules,legacy_predicate.mean.event_has_short_term_price_impact,0.73000000,7
2025-08-01,2025-08-31,month,historical_rules,legacy_predicate.mean.event_mentions_core_product,1.00000000,7
2025-08-01,2025-08-31,month,historical_rules,legacy_predicate.mean.evidence_from_authoritative_source,1.00000000,7
2025-08-01,2025-08-31,month,historical_rules,legacy_predicate.mean.has_policy_support,0.50000000,7
2025-08-01,2025-08-31,month,historical_rules,legacy_predicate.mean.institutional_attention_increases,0.00000000,7
2025-08-01,2025-08-31,month,historical_rules,legacy_predicate.mean.investor_questions_increase,0.00000000,7
2025-08-01,2025-08-31,month,historical_rules,legacy_predicate.mean.management_response_vague,0.00000000,7
2025-08-01,2025-08-31,month,historical_rules,legacy_predicate.mean.policy_attention_followup,1.00000000,7
2025-08-01,2025-08-31,month,historical_rules,legacy_predicate.mean.policy_directly_related_to_business,0.00000000,7
2025-08-01,2025-08-31,month,historical_rules,legacy_predicate.mean.risk_or_uncertainty_disclosure,0.00000000,7
2025-08-01,2025-08-31,month,historical_rules,legacy_predicate.mean.social_attention_spikes,0.50000000,7
2025-08-01,2025-08-31,month,historical_rules,legacy_predicate.mean.source_company_announcement,0.00000000,7
2025-08-01,2025-08-31,month,historical_rules,legacy_predicate.mean.source_government_or_exchange,0.50000000,7
2025-08-01,2025-08-31,month,historical_rules,legacy_predicate.mean.source_major_media,0.50000000,7
2025-08-01,2025-08-31,month,historical_rules,legacy_predicate.mean.supply_side_policy,0.00000000,7
2025-08-01,2025-08-31,month,historical_rules,macro_predicate.hit_rate.capacity_enters_production,0.00000000,7
2025-08-01,2025-08-31,month,historical_rules,macro_predicate.hit_rate.capacity_under_construction,0.00000000,7
2025-08-01,2025-08-31,month,historical_rules,macro_predicate.hit_rate.export_demand_improves,0.00000000,7
2025-08-01,2025-08-31,month,historical_rules,macro_predicate.hit_rate.financing_constraint_eases,0.00000000,7
2025-08-01,2025-08-31,month,historical_rules,macro_predicate.hit_rate.grid_investment_accelerates,0.00000000,7
2025-08-01,2025-08-31,month,historical_rules,macro_predicate.hit_rate.industry_competition_intensifies,0.14285714,7
2025-08-01,2025-08-31,month,historical_rules,macro_predicate.hit_rate.inventory_pressure_increases,0.00000000,7
2025-08-01,2025-08-31,month,historical_rules,macro_predicate.hit_rate.order_demand_improves,0.00000000,7
2025-08-01,2025-08-31,month,historical_rules,macro_predicate.hit_rate.policy_accelerates_project_implementation,0.14285714,7
2025-08-01,2025-08-31,month,historical_rules,macro_predicate.hit_rate.policy_expands_effective_demand,0.14285714,7
2025-08-01,2025-08-31,month,historical_rules,macro_predicate.hit_rate.product_price_recovers,0.00000000,7
2025-08-01,2025-08-31,month,historical_rules,macro_predicate.hit_rate.raw_material_cost_pressure,0.00000000,7
2025-08-01,2025-08-31,month,historical_rules,macro_predicate.net.capacity_enters_production,0.00000000,7
2025-08-01,2025-08-31,month,historical_rules,macro_predicate.net.capacity_under_construction,0.00000000,7
2025-08-01,2025-08-31,month,historical_rules,macro_predicate.net.export_demand_improves,0.00000000,7
2025-08-01,2025-08-31,month,historical_rules,macro_predicate.net.financing_constraint_eases,0.00000000,7
2025-08-01,2025-08-31,month,historical_rules,macro_predicate.net.grid_investment_accelerates,0.00000000,7
2025-08-01,2025-08-31,month,historical_rules,macro_predicate.net.industry_competition_intensifies,-0.01500000,7
2025-08-01,2025-08-31,month,historical_rules,macro_predicate.net.inventory_pressure_increases,0.00000000,7
2025-08-01,2025-08-31,month,historical_rules,macro_predicate.net.order_demand_improves,0.00000000,7
2025-08-01,2025-08-31,month,historical_rules,macro_predicate.net.policy_accelerates_project_implementation,0.01200000,7
2025-08-01,2025-08-31,month,historical_rules,macro_predicate.net.policy_expands_effective_demand,0.02000000,7
2025-08-01,2025-08-31,month,historical_rules,macro_predicate.net.product_price_recovers,0.00000000,7
2025-08-01,2025-08-31,month,historical_rules,macro_predicate.net.raw_material_cost_pressure,0.00000000,7
2025-08-01,2025-08-31,month,historical_rules,source.share.announcement,0.42857143,7
2025-08-01,2025-08-31,month,historical_rules,source.share.ir_qa,0.00000000,7
2025-08-01,2025-08-31,month,historical_rules,source.share.news,0.28571429,7
2025-08-01,2025-08-31,month,historical_rules,source.share.policy,0.28571429,7
2025-08-01,2025-08-31,month,historical_rules,topic.share.battery,0.00000000,7
2025-08-01,2025-08-31,month,historical_rules,topic.share.grid,0.00000000,7
2025-08-01,2025-08-31,month,historical_rules,topic.share.photovoltaic,0.28571429,7
2025-08-01,2025-08-31,month,historical_rules,topic.share.storage,0.28571429,7
2025-08-01,2025-08-31,month,historical_rules,topic.share.wind,0.00000000,7
2025-09-01,2025-09-30,month,historical_rules,candidate.mean,0.00000000,5
2025-09-01,2025-09-30,month,historical_rules,candidate.p25,0.00000000,5
2025-09-01,2025-09-30,month,historical_rules,candidate.p50,0.00000000,5
2025-09-01,2025-09-30,month,historical_rules,candidate.p75,0.00000000,5
2025-09-01,2025-09-30,month,historical_rules,candidate.positive_share,0.00000000,5
2025-09-01,2025-09-30,month,historical_rules,candidate.std,0.00000000,5
2025-09-01,2025-09-30,month,historical_rules,coverage.ai_annotation_success_rate,0.60000000,5
2025-09-01,2025-09-30,month,historical_rules,coverage.document_count_log1p,1.79175947,5
2025-09-01,2025-09-30,month,historical_rules,coverage.event_count_log1p,2.56494936,5
2025-09-01,2025-09-30,month,historical_rules,coverage.independent_source_count_log1p,1.79175947,5
2025-09-01,2025-09-30,month,historical_rules,evidence.entity_confidence_mean,0.72789474,5
2025-09-01,2025-09-30,month,historical_rules,evidence.event_strength_mean,0.81000000,5
2025-09-01,2025-09-30,month,historical_rules,frozen_rule.supporting_document_share,0.00000000,5
2025-09-01,2025-09-30,month,historical_rules,frozen_rule.unique_rule_count_log1p,0.00000000,5
2025-09-01,2025-09-30,month,historical_rules,macro_predicate.hit_rate.capacity_enters_production,0.20000000,5
2025-09-01,2025-09-30,month,historical_rules,macro_predicate.hit_rate.capacity_under_construction,0.00000000,5
2025-09-01,2025-09-30,month,historical_rules,macro_predicate.hit_rate.export_demand_improves,0.20000000,5
2025-09-01,2025-09-30,month,historical_rules,macro_predicate.hit_rate.financing_constraint_eases,0.00000000,5
2025-09-01,2025-09-30,month,historical_rules,macro_predicate.hit_rate.grid_investment_accelerates,0.00000000,5
2025-09-01,2025-09-30,month,historical_rules,macro_predicate.hit_rate.industry_competition_intensifies,0.20000000,5
2025-09-01,2025-09-30,month,historical_rules,macro_predicate.hit_rate.inventory_pressure_increases,0.00000000,5
2025-09-01,2025-09-30,month,historical_rules,macro_predicate.hit_rate.order_demand_improves,0.00000000,5
2025-09-01,2025-09-30,month,historical_rules,macro_predicate.hit_rate.policy_accelerates_project_implementation,0.40000000,5
2025-09-01,2025-09-30,month,historical_rules,macro_predicate.hit_rate.policy_expands_effective_demand,0.00000000,5
2025-09-01,2025-09-30,month,historical_rules,macro_predicate.hit_rate.product_price_recovers,0.00000000,5
2025-09-01,2025-09-30,month,historical_rules,macro_predicate.hit_rate.raw_material_cost_pressure,0.00000000,5
2025-09-01,2025-09-30,month,historical_rules,macro_predicate.net.capacity_enters_production,0.12960000,5
2025-09-01,2025-09-30,month,historical_rules,macro_predicate.net.capacity_under_construction,0.00000000,5
2025-09-01,2025-09-30,month,historical_rules,macro_predicate.net.export_demand_improves,0.12960000,5
2025-09-01,2025-09-30,month,historical_rules,macro_predicate.net.financing_constraint_eases,0.00000000,5
2025-09-01,2025-09-30,month,historical_rules,macro_predicate.net.grid_investment_accelerates,0.00000000,5
2025-09-01,2025-09-30,month,historical_rules,macro_predicate.net.industry_competition_intensifies,-0.12960000,5
2025-09-01,2025-09-30,month,historical_rules,macro_predicate.net.inventory_pressure_increases,0.00000000,5
2025-09-01,2025-09-30,month,historical_rules,macro_predicate.net.order_demand_improves,0.00000000,5
2025-09-01,2025-09-30,month,historical_rules,macro_predicate.net.policy_accelerates_project_implementation,0.27880000,5
2025-09-01,2025-09-30,month,historical_rules,macro_predicate.net.policy_expands_effective_demand,0.00000000,5
2025-09-01,2025-09-30,month,historical_rules,macro_predicate.net.product_price_recovers,0.00000000,5
2025-09-01,2025-09-30,month,historical_rules,macro_predicate.net.raw_material_cost_pressure,0.00000000,5
2025-09-01,2025-09-30,month,historical_rules,source.share.announcement,0.40000000,5
2025-09-01,2025-09-30,month,historical_rules,source.share.ir_qa,0.00000000,5
2025-09-01,2025-09-30,month,historical_rules,source.share.news,0.20000000,5
2025-09-01,2025-09-30,month,historical_rules,source.share.policy,0.40000000,5
2025-09-01,2025-09-30,month,historical_rules,topic.share.battery,0.20000000,5
2025-09-01,2025-09-30,month,historical_rules,topic.share.grid,0.00000000,5
2025-09-01,2025-09-30,month,historical_rules,topic.share.photovoltaic,0.20000000,5
2025-09-01,2025-09-30,month,historical_rules,topic.share.storage,0.00000000,5
2025-09-01,2025-09-30,month,historical_rules,topic.share.wind,0.00000000,5
2025-10-01,2025-10-31,month,historical_rules,candidate.mean,1.15308800,8
2025-10-01,2025-10-31,month,historical_rules,candidate.p25,1.15308800,8
2025-10-01,2025-10-31,month,historical_rules,candidate.p50,1.15308800,8
2025-10-01,2025-10-31,month,historical_rules,candidate.p75,1.15308800,8
2025-10-01,2025-10-31,month,historical_rules,candidate.positive_share,1.00000000,8
2025-10-01,2025-10-31,month,historical_rules,candidate.std,0.00000000,8
2025-10-01,2025-10-31,month,historical_rules,coverage.ai_annotation_success_rate,0.62500000,8
2025-10-01,2025-10-31,month,historical_rules,coverage.document_count_log1p,2.19722458,8
2025-10-01,2025-10-31,month,historical_rules,coverage.event_count_log1p,2.48490665,8
2025-10-01,2025-10-31,month,historical_rules,coverage.independent_source_count_log1p,2.19722458,8
2025-10-01,2025-10-31,month,historical_rules,evidence.entity_confidence_mean,0.78058824,8
2025-10-01,2025-10-31,month,historical_rules,evidence.event_strength_mean,0.88181818,8
2025-10-01,2025-10-31,month,historical_rules,frozen_rule.supporting_document_share,0.50000000,8
2025-10-01,2025-10-31,month,historical_rules,frozen_rule.unique_rule_count_log1p,1.09861229,8
2025-10-01,2025-10-31,month,historical_rules,legacy_predicate.confidence.announcement_contains_uncertainty,0.78000000,8
2025-10-01,2025-10-31,month,historical_rules,legacy_predicate.confidence.capacity_policy_support,0.79000000,8
2025-10-01,2025-10-31,month,historical_rules,legacy_predicate.confidence.demand_side_policy,0.80000000,8
2025-10-01,2025-10-31,month,historical_rules,legacy_predicate.confidence.event_evidence_strength,0.92000000,8
2025-10-01,2025-10-31,month,historical_rules,legacy_predicate.confidence.event_has_short_term_price_impact,0.70000000,8
2025-10-01,2025-10-31,month,historical_rules,legacy_predicate.confidence.event_mentions_core_product,0.74000000,8
2025-10-01,2025-10-31,month,historical_rules,legacy_predicate.confidence.evidence_from_authoritative_source,0.94000000,8
2025-10-01,2025-10-31,month,historical_rules,legacy_predicate.confidence.has_policy_support,0.96000000,8
2025-10-01,2025-10-31,month,historical_rules,legacy_predicate.confidence.institutional_attention_increases,0.70000000,8
2025-10-01,2025-10-31,month,historical_rules,legacy_predicate.confidence.investor_questions_increase,0.82000000,8
2025-10-01,2025-10-31,month,historical_rules,legacy_predicate.confidence.management_response_vague,0.76000000,8
2025-10-01,2025-10-31,month,historical_rules,legacy_predicate.confidence.policy_attention_followup,0.84000000,8
2025-10-01,2025-10-31,month,historical_rules,legacy_predicate.confidence.policy_directly_related_to_business,0.78000000,8
2025-10-01,2025-10-31,month,historical_rules,legacy_predicate.confidence.risk_or_uncertainty_disclosure,0.78000000,8
2025-10-01,2025-10-31,month,historical_rules,legacy_predicate.confidence.social_attention_spikes,0.68000000,8
2025-10-01,2025-10-31,month,historical_rules,legacy_predicate.confidence.source_company_announcement,0.78000000,8
2025-10-01,2025-10-31,month,historical_rules,legacy_predicate.confidence.source_government_or_exchange,0.95000000,8
2025-10-01,2025-10-31,month,historical_rules,legacy_predicate.confidence.source_major_media,0.76000000,8
2025-10-01,2025-10-31,month,historical_rules,legacy_predicate.confidence.supply_side_policy,0.79000000,8
2025-10-01,2025-10-31,month,historical_rules,legacy_predicate.mean.announcement_contains_uncertainty,0.00000000,8
2025-10-01,2025-10-31,month,historical_rules,legacy_predicate.mean.capacity_policy_support,0.50000000,8
2025-10-01,2025-10-31,month,historical_rules,legacy_predicate.mean.demand_side_policy,0.50000000,8
2025-10-01,2025-10-31,month,historical_rules,legacy_predicate.mean.event_evidence_strength,0.94000000,8
2025-10-01,2025-10-31,month,historical_rules,legacy_predicate.mean.event_has_short_term_price_impact,0.78000000,8
2025-10-01,2025-10-31,month,historical_rules,legacy_predicate.mean.event_mentions_core_product,0.00000000,8
2025-10-01,2025-10-31,month,historical_rules,legacy_predicate.mean.evidence_from_authoritative_source,1.00000000,8
2025-10-01,2025-10-31,month,historical_rules,legacy_predicate.mean.has_policy_support,1.00000000,8
2025-10-01,2025-10-31,month,historical_rules,legacy_predicate.mean.institutional_attention_increases,0.00000000,8
2025-10-01,2025-10-31,month,historical_rules,legacy_predicate.mean.investor_questions_increase,0.00000000,8
2025-10-01,2025-10-31,month,historical_rules,legacy_predicate.mean.management_response_vague,0.00000000,8
2025-10-01,2025-10-31,month,historical_rules,legacy_predicate.mean.policy_attention_followup,1.00000000,8
2025-10-01,2025-10-31,month,historical_rules,legacy_predicate.mean.policy_directly_related_to_business,0.00000000,8
2025-10-01,2025-10-31,month,historical_rules,legacy_predicate.mean.risk_or_uncertainty_disclosure,0.00000000,8
2025-10-01,2025-10-31,month,historical_rules,legacy_predicate.mean.social_attention_spikes,0.00000000,8
2025-10-01,2025-10-31,month,historical_rules,legacy_predicate.mean.source_company_announcement,0.00000000,8
2025-10-01,2025-10-31,month,historical_rules,legacy_predicate.mean.source_government_or_exchange,1.00000000,8
2025-10-01,2025-10-31,month,historical_rules,legacy_predicate.mean.source_major_media,0.00000000,8
2025-10-01,2025-10-31,month,historical_rules,legacy_predicate.mean.supply_side_policy,0.50000000,8
2025-10-01,2025-10-31,month,historical_rules,macro_predicate.hit_rate.capacity_enters_production,0.00000000,8
2025-10-01,2025-10-31,month,historical_rules,macro_predicate.hit_rate.capacity_under_construction,0.00000000,8
2025-10-01,2025-10-31,month,historical_rules,macro_predicate.hit_rate.export_demand_improves,0.00000000,8
2025-10-01,2025-10-31,month,historical_rules,macro_predicate.hit_rate.financing_constraint_eases,0.00000000,8
2025-10-01,2025-10-31,month,historical_rules,macro_predicate.hit_rate.grid_investment_accelerates,0.00000000,8
2025-10-01,2025-10-31,month,historical_rules,macro_predicate.hit_rate.industry_competition_intensifies,0.00000000,8
2025-10-01,2025-10-31,month,historical_rules,macro_predicate.hit_rate.inventory_pressure_increases,0.00000000,8
2025-10-01,2025-10-31,month,historical_rules,macro_predicate.hit_rate.order_demand_improves,0.00000000,8
2025-10-01,2025-10-31,month,historical_rules,macro_predicate.hit_rate.policy_accelerates_project_implementation,0.00000000,8
2025-10-01,2025-10-31,month,historical_rules,macro_predicate.hit_rate.policy_expands_effective_demand,0.25000000,8
2025-10-01,2025-10-31,month,historical_rules,macro_predicate.hit_rate.product_price_recovers,0.00000000,8
2025-10-01,2025-10-31,month,historical_rules,macro_predicate.hit_rate.raw_material_cost_pressure,0.00000000,8
2025-10-01,2025-10-31,month,historical_rules,macro_predicate.net.capacity_enters_production,0.00000000,8
2025-10-01,2025-10-31,month,historical_rules,macro_predicate.net.capacity_under_construction,0.00000000,8
2025-10-01,2025-10-31,month,historical_rules,macro_predicate.net.export_demand_improves,0.00000000,8
2025-10-01,2025-10-31,month,historical_rules,macro_predicate.net.financing_constraint_eases,0.00000000,8
2025-10-01,2025-10-31,month,historical_rules,macro_predicate.net.grid_investment_accelerates,0.00000000,8
2025-10-01,2025-10-31,month,historical_rules,macro_predicate.net.industry_competition_intensifies,0.00000000,8
2025-10-01,2025-10-31,month,historical_rules,macro_predicate.net.inventory_pressure_increases,0.00000000,8
2025-10-01,2025-10-31,month,historical_rules,macro_predicate.net.order_demand_improves,0.00000000,8
2025-10-01,2025-10-31,month,historical_rules,macro_predicate.net.policy_accelerates_project_implementation,0.00000000,8
2025-10-01,2025-10-31,month,historical_rules,macro_predicate.net.policy_expands_effective_demand,0.04375000,8
2025-10-01,2025-10-31,month,historical_rules,macro_predicate.net.product_price_recovers,0.00000000,8
2025-10-01,2025-10-31,month,historical_rules,macro_predicate.net.raw_material_cost_pressure,0.00000000,8
2025-10-01,2025-10-31,month,historical_rules,source.share.announcement,0.75000000,8
2025-10-01,2025-10-31,month,historical_rules,source.share.ir_qa,0.00000000,8
2025-10-01,2025-10-31,month,historical_rules,source.share.news,0.00000000,8
2025-10-01,2025-10-31,month,historical_rules,source.share.policy,0.25000000,8
2025-10-01,2025-10-31,month,historical_rules,topic.share.battery,0.00000000,8
2025-10-01,2025-10-31,month,historical_rules,topic.share.grid,0.00000000,8
2025-10-01,2025-10-31,month,historical_rules,topic.share.photovoltaic,0.00000000,8
2025-10-01,2025-10-31,month,historical_rules,topic.share.storage,0.00000000,8
2025-10-01,2025-10-31,month,historical_rules,topic.share.wind,0.00000000,8
2025-11-01,2025-11-30,month,historical_rules,candidate.mean,1.15308800,2
2025-11-01,2025-11-30,month,historical_rules,candidate.p25,1.15308800,2
2025-11-01,2025-11-30,month,historical_rules,candidate.p50,1.15308800,2
2025-11-01,2025-11-30,month,historical_rules,candidate.p75,1.15308800,2
2025-11-01,2025-11-30,month,historical_rules,candidate.positive_share,1.00000000,2
2025-11-01,2025-11-30,month,historical_rules,candidate.std,0.00000000,2
2025-11-01,2025-11-30,month,historical_rules,coverage.ai_annotation_success_rate,0.00000000,2
2025-11-01,2025-11-30,month,historical_rules,coverage.document_count_log1p,1.09861229,2
2025-11-01,2025-11-30,month,historical_rules,coverage.event_count_log1p,0.69314718,2
2025-11-01,2025-11-30,month,historical_rules,coverage.independent_source_count_log1p,1.09861229,2
2025-11-01,2025-11-30,month,historical_rules,evidence.entity_confidence_mean,0.94500000,2
2025-11-01,2025-11-30,month,historical_rules,evidence.event_strength_mean,0.98000000,2
2025-11-01,2025-11-30,month,historical_rules,frozen_rule.supporting_document_share,0.50000000,2
2025-11-01,2025-11-30,month,historical_rules,frozen_rule.unique_rule_count_log1p,1.09861229,2
2025-11-01,2025-11-30,month,historical_rules,legacy_predicate.confidence.announcement_contains_uncertainty,0.78000000,2
2025-11-01,2025-11-30,month,historical_rules,legacy_predicate.confidence.capacity_policy_support,0.84000000,2
2025-11-01,2025-11-30,month,historical_rules,legacy_predicate.confidence.demand_side_policy,0.86000000,2
2025-11-01,2025-11-30,month,historical_rules,legacy_predicate.confidence.event_evidence_strength,0.92000000,2
2025-11-01,2025-11-30,month,historical_rules,legacy_predicate.confidence.event_has_short_term_price_impact,0.70000000,2
2025-11-01,2025-11-30,month,historical_rules,legacy_predicate.confidence.event_mentions_core_product,0.74000000,2
2025-11-01,2025-11-30,month,historical_rules,legacy_predicate.confidence.evidence_from_authoritative_source,0.94000000,2
2025-11-01,2025-11-30,month,historical_rules,legacy_predicate.confidence.has_policy_support,0.96000000,2
2025-11-01,2025-11-30,month,historical_rules,legacy_predicate.confidence.institutional_attention_increases,0.70000000,2
2025-11-01,2025-11-30,month,historical_rules,legacy_predicate.confidence.investor_questions_increase,0.82000000,2
2025-11-01,2025-11-30,month,historical_rules,legacy_predicate.confidence.management_response_vague,0.76000000,2
2025-11-01,2025-11-30,month,historical_rules,legacy_predicate.confidence.policy_attention_followup,0.84000000,2
2025-11-01,2025-11-30,month,historical_rules,legacy_predicate.confidence.policy_directly_related_to_business,0.78000000,2
2025-11-01,2025-11-30,month,historical_rules,legacy_predicate.confidence.risk_or_uncertainty_disclosure,0.78000000,2
2025-11-01,2025-11-30,month,historical_rules,legacy_predicate.confidence.social_attention_spikes,0.68000000,2
2025-11-01,2025-11-30,month,historical_rules,legacy_predicate.confidence.source_company_announcement,0.78000000,2
2025-11-01,2025-11-30,month,historical_rules,legacy_predicate.confidence.source_government_or_exchange,0.95000000,2
2025-11-01,2025-11-30,month,historical_rules,legacy_predicate.confidence.source_major_media,0.76000000,2
2025-11-01,2025-11-30,month,historical_rules,legacy_predicate.confidence.supply_side_policy,0.84000000,2
2025-11-01,2025-11-30,month,historical_rules,legacy_predicate.mean.announcement_contains_uncertainty,0.00000000,2
2025-11-01,2025-11-30,month,historical_rules,legacy_predicate.mean.capacity_policy_support,1.00000000,2
2025-11-01,2025-11-30,month,historical_rules,legacy_predicate.mean.demand_side_policy,1.00000000,2
2025-11-01,2025-11-30,month,historical_rules,legacy_predicate.mean.event_evidence_strength,0.94000000,2
2025-11-01,2025-11-30,month,historical_rules,legacy_predicate.mean.event_has_short_term_price_impact,0.78000000,2
2025-11-01,2025-11-30,month,historical_rules,legacy_predicate.mean.event_mentions_core_product,0.00000000,2
2025-11-01,2025-11-30,month,historical_rules,legacy_predicate.mean.evidence_from_authoritative_source,1.00000000,2
2025-11-01,2025-11-30,month,historical_rules,legacy_predicate.mean.has_policy_support,1.00000000,2
2025-11-01,2025-11-30,month,historical_rules,legacy_predicate.mean.institutional_attention_increases,0.00000000,2
2025-11-01,2025-11-30,month,historical_rules,legacy_predicate.mean.investor_questions_increase,0.00000000,2
2025-11-01,2025-11-30,month,historical_rules,legacy_predicate.mean.management_response_vague,0.00000000,2
2025-11-01,2025-11-30,month,historical_rules,legacy_predicate.mean.policy_attention_followup,1.00000000,2
2025-11-01,2025-11-30,month,historical_rules,legacy_predicate.mean.policy_directly_related_to_business,0.00000000,2
2025-11-01,2025-11-30,month,historical_rules,legacy_predicate.mean.risk_or_uncertainty_disclosure,0.00000000,2
2025-11-01,2025-11-30,month,historical_rules,legacy_predicate.mean.social_attention_spikes,0.00000000,2
2025-11-01,2025-11-30,month,historical_rules,legacy_predicate.mean.source_company_announcement,0.00000000,2
2025-11-01,2025-11-30,month,historical_rules,legacy_predicate.mean.source_government_or_exchange,1.00000000,2
2025-11-01,2025-11-30,month,historical_rules,legacy_predicate.mean.source_major_media,0.00000000,2
2025-11-01,2025-11-30,month,historical_rules,legacy_predicate.mean.supply_side_policy,1.00000000,2
2025-11-01,2025-11-30,month,historical_rules,macro_predicate.hit_rate.capacity_enters_production,0.00000000,2
2025-11-01,2025-11-30,month,historical_rules,macro_predicate.hit_rate.capacity_under_construction,0.50000000,2
2025-11-01,2025-11-30,month,historical_rules,macro_predicate.hit_rate.export_demand_improves,0.00000000,2
2025-11-01,2025-11-30,month,historical_rules,macro_predicate.hit_rate.financing_constraint_eases,0.00000000,2
2025-11-01,2025-11-30,month,historical_rules,macro_predicate.hit_rate.grid_investment_accelerates,0.00000000,2
2025-11-01,2025-11-30,month,historical_rules,macro_predicate.hit_rate.industry_competition_intensifies,0.00000000,2
2025-11-01,2025-11-30,month,historical_rules,macro_predicate.hit_rate.inventory_pressure_increases,0.00000000,2
2025-11-01,2025-11-30,month,historical_rules,macro_predicate.hit_rate.order_demand_improves,0.50000000,2
2025-11-01,2025-11-30,month,historical_rules,macro_predicate.hit_rate.policy_accelerates_project_implementation,0.50000000,2
2025-11-01,2025-11-30,month,historical_rules,macro_predicate.hit_rate.policy_expands_effective_demand,0.50000000,2
2025-11-01,2025-11-30,month,historical_rules,macro_predicate.hit_rate.product_price_recovers,0.00000000,2
2025-11-01,2025-11-30,month,historical_rules,macro_predicate.hit_rate.raw_material_cost_pressure,0.00000000,2
2025-11-01,2025-11-30,month,historical_rules,macro_predicate.net.capacity_enters_production,0.00000000,2
2025-11-01,2025-11-30,month,historical_rules,macro_predicate.net.capacity_under_construction,0.34968750,2
2025-11-01,2025-11-30,month,historical_rules,macro_predicate.net.export_demand_improves,0.00000000,2
2025-11-01,2025-11-30,month,historical_rules,macro_predicate.net.financing_constraint_eases,0.00000000,2
2025-11-01,2025-11-30,month,historical_rules,macro_predicate.net.grid_investment_accelerates,0.00000000,2
2025-11-01,2025-11-30,month,historical_rules,macro_predicate.net.industry_competition_intensifies,0.00000000,2
2025-11-01,2025-11-30,month,historical_rules,macro_predicate.net.inventory_pressure_increases,0.00000000,2
2025-11-01,2025-11-30,month,historical_rules,macro_predicate.net.order_demand_improves,0.07000000,2
2025-11-01,2025-11-30,month,historical_rules,macro_predicate.net.policy_accelerates_project_implementation,0.37300000,2
2025-11-01,2025-11-30,month,historical_rules,macro_predicate.net.policy_expands_effective_demand,0.37300000,2
2025-11-01,2025-11-30,month,historical_rules,macro_predicate.net.product_price_recovers,0.00000000,2
2025-11-01,2025-11-30,month,historical_rules,macro_predicate.net.raw_material_cost_pressure,0.00000000,2
2025-11-01,2025-11-30,month,historical_rules,source.share.announcement,1.00000000,2
2025-11-01,2025-11-30,month,historical_rules,source.share.ir_qa,0.00000000,2
2025-11-01,2025-11-30,month,historical_rules,source.share.news,0.00000000,2
2025-11-01,2025-11-30,month,historical_rules,source.share.policy,0.00000000,2
2025-11-01,2025-11-30,month,historical_rules,topic.share.battery,0.00000000,2
2025-11-01,2025-11-30,month,historical_rules,topic.share.grid,0.00000000,2
2025-11-01,2025-11-30,month,historical_rules,topic.share.photovoltaic,0.00000000,2
2025-11-01,2025-11-30,month,historical_rules,topic.share.storage,0.00000000,2
2025-11-01,2025-11-30,month,historical_rules,topic.share.wind,0.00000000,2
2025-12-01,2025-12-31,month,historical_rules,candidate.mean,1.06320925,18
2025-12-01,2025-12-31,month,historical_rules,candidate.p25,1.14176000,18
2025-12-01,2025-12-31,month,historical_rules,candidate.p50,1.14176000,18
2025-12-01,2025-12-31,month,historical_rules,candidate.p75,1.14459200,18
2025-12-01,2025-12-31,month,historical_rules,candidate.positive_share,1.00000000,18
2025-12-01,2025-12-31,month,historical_rules,candidate.std,0.21644185,18
2025-12-01,2025-12-31,month,historical_rules,coverage.ai_annotation_success_rate,0.38888889,18
2025-12-01,2025-12-31,month,historical_rules,coverage.document_count_log1p,2.94443898,18
2025-12-01,2025-12-31,month,historical_rules,coverage.event_count_log1p,2.63905733,18
2025-12-01,2025-12-31,month,historical_rules,coverage.independent_source_count_log1p,2.94443898,18
2025-12-01,2025-12-31,month,historical_rules,evidence.entity_confidence_mean,0.74807018,18
2025-12-01,2025-12-31,month,historical_rules,evidence.event_strength_mean,0.83692308,18
2025-12-01,2025-12-31,month,historical_rules,frozen_rule.supporting_document_share,0.22222222,18
2025-12-01,2025-12-31,month,historical_rules,frozen_rule.unique_rule_count_log1p,1.60943791,18
2025-12-01,2025-12-31,month,historical_rules,legacy_predicate.confidence.announcement_contains_uncertainty,0.78000000,18
2025-12-01,2025-12-31,month,historical_rules,legacy_predicate.confidence.capacity_policy_support,0.76500000,18
2025-12-01,2025-12-31,month,historical_rules,legacy_predicate.confidence.demand_side_policy,0.77000000,18
2025-12-01,2025-12-31,month,historical_rules,legacy_predicate.confidence.event_evidence_strength,0.92000000,18
2025-12-01,2025-12-31,month,historical_rules,legacy_predicate.confidence.event_has_short_term_price_impact,0.70000000,18
2025-12-01,2025-12-31,month,historical_rules,legacy_predicate.confidence.event_mentions_core_product,0.80416667,18
2025-12-01,2025-12-31,month,historical_rules,legacy_predicate.confidence.evidence_from_authoritative_source,0.93083333,18
2025-12-01,2025-12-31,month,historical_rules,legacy_predicate.confidence.has_policy_support,0.95333333,18
2025-12-01,2025-12-31,month,historical_rules,legacy_predicate.confidence.institutional_attention_increases,0.70000000,18
2025-12-01,2025-12-31,month,historical_rules,legacy_predicate.confidence.investor_questions_increase,0.82000000,18
2025-12-01,2025-12-31,month,historical_rules,legacy_predicate.confidence.management_response_vague,0.76000000,18
2025-12-01,2025-12-31,month,historical_rules,legacy_predicate.confidence.policy_attention_followup,0.77583333,18
2025-12-01,2025-12-31,month,historical_rules,legacy_predicate.confidence.policy_directly_related_to_business,0.83000000,18
2025-12-01,2025-12-31,month,historical_rules,legacy_predicate.confidence.risk_or_uncertainty_disclosure,0.78333333,18
2025-12-01,2025-12-31,month,historical_rules,legacy_predicate.confidence.social_attention_spikes,0.68000000,18
2025-12-01,2025-12-31,month,historical_rules,legacy_predicate.confidence.source_company_announcement,0.78666667,18
2025-12-01,2025-12-31,month,historical_rules,legacy_predicate.confidence.source_government_or_exchange,0.93416667,18
2025-12-01,2025-12-31,month,historical_rules,legacy_predicate.confidence.source_major_media,0.76000000,18
2025-12-01,2025-12-31,month,historical_rules,legacy_predicate.confidence.supply_side_policy,0.76500000,18
2025-12-01,2025-12-31,month,historical_rules,legacy_predicate.mean.announcement_contains_uncertainty,0.00000000,18
2025-12-01,2025-12-31,month,historical_rules,legacy_predicate.mean.capacity_policy_support,0.25000000,18
2025-12-01,2025-12-31,month,historical_rules,legacy_predicate.mean.demand_side_policy,0.25000000,18
2025-12-01,2025-12-31,month,historical_rules,legacy_predicate.mean.event_evidence_strength,0.94000000,18
2025-12-01,2025-12-31,month,historical_rules,legacy_predicate.mean.event_has_short_term_price_impact,0.78000000,18
2025-12-01,2025-12-31,month,historical_rules,legacy_predicate.mean.event_mentions_core_product,0.50000000,18
2025-12-01,2025-12-31,month,historical_rules,legacy_predicate.mean.evidence_from_authoritative_source,1.00000000,18
2025-12-01,2025-12-31,month,historical_rules,legacy_predicate.mean.has_policy_support,1.00000000,18
2025-12-01,2025-12-31,month,historical_rules,legacy_predicate.mean.institutional_attention_increases,0.00000000,18
2025-12-01,2025-12-31,month,historical_rules,legacy_predicate.mean.investor_questions_increase,0.00000000,18
2025-12-01,2025-12-31,month,historical_rules,legacy_predicate.mean.management_response_vague,0.00000000,18
2025-12-01,2025-12-31,month,historical_rules,legacy_predicate.mean.policy_attention_followup,0.75000000,18
2025-12-01,2025-12-31,month,historical_rules,legacy_predicate.mean.policy_directly_related_to_business,0.50000000,18
2025-12-01,2025-12-31,month,historical_rules,legacy_predicate.mean.risk_or_uncertainty_disclosure,0.25000000,18
2025-12-01,2025-12-31,month,historical_rules,legacy_predicate.mean.social_attention_spikes,0.00000000,18
2025-12-01,2025-12-31,month,historical_rules,legacy_predicate.mean.source_company_announcement,0.25000000,18
2025-12-01,2025-12-31,month,historical_rules,legacy_predicate.mean.source_government_or_exchange,1.00000000,18
2025-12-01,2025-12-31,month,historical_rules,legacy_predicate.mean.source_major_media,0.00000000,18
2025-12-01,2025-12-31,month,historical_rules,legacy_predicate.mean.supply_side_policy,0.25000000,18
2025-12-01,2025-12-31,month,historical_rules,macro_predicate.hit_rate.capacity_enters_production,0.00000000,18
2025-12-01,2025-12-31,month,historical_rules,macro_predicate.hit_rate.capacity_under_construction,0.05555556,18
2025-12-01,2025-12-31,month,historical_rules,macro_predicate.hit_rate.export_demand_improves,0.05555556,18
2025-12-01,2025-12-31,month,historical_rules,macro_predicate.hit_rate.financing_constraint_eases,0.22222222,18
2025-12-01,2025-12-31,month,historical_rules,macro_predicate.hit_rate.grid_investment_accelerates,0.00000000,18
2025-12-01,2025-12-31,month,historical_rules,macro_predicate.hit_rate.industry_competition_intensifies,0.16666667,18
2025-12-01,2025-12-31,month,historical_rules,macro_predicate.hit_rate.inventory_pressure_increases,0.11111111,18
2025-12-01,2025-12-31,month,historical_rules,macro_predicate.hit_rate.order_demand_improves,0.11111111,18
2025-12-01,2025-12-31,month,historical_rules,macro_predicate.hit_rate.policy_accelerates_project_implementation,0.05555556,18
2025-12-01,2025-12-31,month,historical_rules,macro_predicate.hit_rate.policy_expands_effective_demand,0.16666667,18
2025-12-01,2025-12-31,month,historical_rules,macro_predicate.hit_rate.product_price_recovers,0.16666667,18
2025-12-01,2025-12-31,month,historical_rules,macro_predicate.hit_rate.raw_material_cost_pressure,0.16666667,18
2025-12-01,2025-12-31,month,historical_rules,macro_predicate.net.capacity_enters_production,0.00000000,18
2025-12-01,2025-12-31,month,historical_rules,macro_predicate.net.capacity_under_construction,0.00500000,18
2025-12-01,2025-12-31,month,historical_rules,macro_predicate.net.export_demand_improves,0.00972222,18
2025-12-01,2025-12-31,month,historical_rules,macro_predicate.net.financing_constraint_eases,0.16033333,18
2025-12-01,2025-12-31,month,historical_rules,macro_predicate.net.grid_investment_accelerates,0.00000000,18
2025-12-01,2025-12-31,month,historical_rules,macro_predicate.net.industry_competition_intensifies,-0.04594444,18
2025-12-01,2025-12-31,month,historical_rules,macro_predicate.net.inventory_pressure_increases,-0.01500000,18
2025-12-01,2025-12-31,month,historical_rules,macro_predicate.net.order_demand_improves,0.04541667,18
2025-12-01,2025-12-31,month,historical_rules,macro_predicate.net.policy_accelerates_project_implementation,0.03600000,18
2025-12-01,2025-12-31,month,historical_rules,macro_predicate.net.policy_expands_effective_demand,0.07977778,18
2025-12-01,2025-12-31,month,historical_rules,macro_predicate.net.product_price_recovers,0.09908333,18
2025-12-01,2025-12-31,month,historical_rules,macro_predicate.net.raw_material_cost_pressure,-0.10436111,18
2025-12-01,2025-12-31,month,historical_rules,source.share.announcement,0.66666667,18
2025-12-01,2025-12-31,month,historical_rules,source.share.ir_qa,0.00000000,18
2025-12-01,2025-12-31,month,historical_rules,source.share.news,0.27777778,18
2025-12-01,2025-12-31,month,historical_rules,source.share.policy,0.05555556,18
2025-12-01,2025-12-31,month,historical_rules,topic.share.battery,0.22222222,18
2025-12-01,2025-12-31,month,historical_rules,topic.share.grid,0.05555556,18
2025-12-01,2025-12-31,month,historical_rules,topic.share.photovoltaic,0.16666667,18
2025-12-01,2025-12-31,month,historical_rules,topic.share.storage,0.11111111,18
2025-12-01,2025-12-31,month,historical_rules,topic.share.wind,0.05555556,18
2026-01-01,2026-02-28,jan_feb_combined,historical_rules,candidate.mean,0.49403850,23
2026-01-01,2026-02-28,jan_feb_combined,historical_rules,candidate.p25,0.49236825,23
2026-01-01,2026-02-28,jan_feb_combined,historical_rules,candidate.p50,0.49403850,23
2026-01-01,2026-02-28,jan_feb_combined,historical_rules,candidate.p75,0.49570875,23
2026-01-01,2026-02-28,jan_feb_combined,historical_rules,candidate.positive_share,1.00000000,23
2026-01-01,2026-02-28,jan_feb_combined,historical_rules,candidate.std,0.00334050,23
2026-01-01,2026-02-28,jan_feb_combined,historical_rules,coverage.ai_annotation_success_rate,0.91304348,23
2026-01-01,2026-02-28,jan_feb_combined,historical_rules,coverage.document_count_log1p,3.17805383,23
2026-01-01,2026-02-28,jan_feb_combined,historical_rules,coverage.event_count_log1p,4.00733319,23
2026-01-01,2026-02-28,jan_feb_combined,historical_rules,coverage.independent_source_count_log1p,3.17805383,23
2026-01-01,2026-02-28,jan_feb_combined,historical_rules,evidence.entity_confidence_mean,0.73250000,23
2026-01-01,2026-02-28,jan_feb_combined,historical_rules,evidence.event_strength_mean,0.85888889,23
2026-01-01,2026-02-28,jan_feb_combined,historical_rules,frozen_rule.supporting_document_share,0.08695652,23
2026-01-01,2026-02-28,jan_feb_combined,historical_rules,frozen_rule.unique_rule_count_log1p,0.69314718,23
2026-01-01,2026-02-28,jan_feb_combined,historical_rules,legacy_predicate.confidence.announcement_contains_uncertainty,0.78000000,23
2026-01-01,2026-02-28,jan_feb_combined,historical_rules,legacy_predicate.confidence.capacity_policy_support,0.75666667,23
2026-01-01,2026-02-28,jan_feb_combined,historical_rules,legacy_predicate.confidence.demand_side_policy,0.74000000,23
2026-01-01,2026-02-28,jan_feb_combined,historical_rules,legacy_predicate.confidence.event_evidence_strength,0.92000000,23
2026-01-01,2026-02-28,jan_feb_combined,historical_rules,legacy_predicate.confidence.event_has_short_term_price_impact,0.70000000,23
2026-01-01,2026-02-28,jan_feb_combined,historical_rules,legacy_predicate.confidence.event_mentions_core_product,0.81933333,23
2026-01-01,2026-02-28,jan_feb_combined,historical_rules,legacy_predicate.confidence.evidence_from_authoritative_source,0.77866667,23
2026-01-01,2026-02-28,jan_feb_combined,historical_rules,legacy_predicate.confidence.has_policy_support,0.88000000,23
2026-01-01,2026-02-28,jan_feb_combined,historical_rules,legacy_predicate.confidence.institutional_attention_increases,0.70000000,23
2026-01-01,2026-02-28,jan_feb_combined,historical_rules,legacy_predicate.confidence.investor_questions_increase,0.82000000,23
2026-01-01,2026-02-28,jan_feb_combined,historical_rules,legacy_predicate.confidence.management_response_vague,0.76000000,23
2026-01-01,2026-02-28,jan_feb_combined,historical_rules,legacy_predicate.confidence.policy_attention_followup,0.74666667,23
2026-01-01,2026-02-28,jan_feb_combined,historical_rules,legacy_predicate.confidence.policy_directly_related_to_business,0.78000000,23
2026-01-01,2026-02-28,jan_feb_combined,historical_rules,legacy_predicate.confidence.risk_or_uncertainty_disclosure,0.78800000,23
2026-01-01,2026-02-28,jan_feb_combined,historical_rules,legacy_predicate.confidence.social_attention_spikes,0.68000000,23
2026-01-01,2026-02-28,jan_feb_combined,historical_rules,legacy_predicate.confidence.source_company_announcement,0.82266667,23
2026-01-01,2026-02-28,jan_feb_combined,historical_rules,legacy_predicate.confidence.source_government_or_exchange,0.76000000,23
2026-01-01,2026-02-28,jan_feb_combined,historical_rules,legacy_predicate.confidence.source_major_media,0.76000000,23
2026-01-01,2026-02-28,jan_feb_combined,historical_rules,legacy_predicate.confidence.supply_side_policy,0.74000000,23
2026-01-01,2026-02-28,jan_feb_combined,historical_rules,legacy_predicate.mean.announcement_contains_uncertainty,0.00000000,23
2026-01-01,2026-02-28,jan_feb_combined,historical_rules,legacy_predicate.mean.capacity_policy_support,0.50000000,23
2026-01-01,2026-02-28,jan_feb_combined,historical_rules,legacy_predicate.mean.demand_side_policy,0.00000000,23
2026-01-01,2026-02-28,jan_feb_combined,historical_rules,legacy_predicate.mean.event_evidence_strength,0.89000000,23
2026-01-01,2026-02-28,jan_feb_combined,historical_rules,legacy_predicate.mean.event_has_short_term_price_impact,0.66000000,23
2026-01-01,2026-02-28,jan_feb_combined,historical_rules,legacy_predicate.mean.event_mentions_core_product,1.00000000,23
2026-01-01,2026-02-28,jan_feb_combined,historical_rules,legacy_predicate.mean.evidence_from_authoritative_source,1.00000000,23
2026-01-01,2026-02-28,jan_feb_combined,historical_rules,legacy_predicate.mean.has_policy_support,0.00000000,23
2026-01-01,2026-02-28,jan_feb_combined,historical_rules,legacy_predicate.mean.institutional_attention_increases,0.00000000,23
2026-01-01,2026-02-28,jan_feb_combined,historical_rules,legacy_predicate.mean.investor_questions_increase,0.00000000,23
2026-01-01,2026-02-28,jan_feb_combined,historical_rules,legacy_predicate.mean.management_response_vague,0.00000000,23
2026-01-01,2026-02-28,jan_feb_combined,historical_rules,legacy_predicate.mean.policy_attention_followup,0.50000000,23
2026-01-01,2026-02-28,jan_feb_combined,historical_rules,legacy_predicate.mean.policy_directly_related_to_business,0.00000000,23
2026-01-01,2026-02-28,jan_feb_combined,historical_rules,legacy_predicate.mean.risk_or_uncertainty_disclosure,0.50000000,23
2026-01-01,2026-02-28,jan_feb_combined,historical_rules,legacy_predicate.mean.social_attention_spikes,0.00000000,23
2026-01-01,2026-02-28,jan_feb_combined,historical_rules,legacy_predicate.mean.source_company_announcement,1.00000000,23
2026-01-01,2026-02-28,jan_feb_combined,historical_rules,legacy_predicate.mean.source_government_or_exchange,0.00000000,23
2026-01-01,2026-02-28,jan_feb_combined,historical_rules,legacy_predicate.mean.source_major_media,0.00000000,23
2026-01-01,2026-02-28,jan_feb_combined,historical_rules,legacy_predicate.mean.supply_side_policy,0.00000000,23
2026-01-01,2026-02-28,jan_feb_combined,historical_rules,macro_predicate.hit_rate.capacity_enters_production,0.08695652,23
2026-01-01,2026-02-28,jan_feb_combined,historical_rules,macro_predicate.hit_rate.capacity_under_construction,0.26086957,23
2026-01-01,2026-02-28,jan_feb_combined,historical_rules,macro_predicate.hit_rate.export_demand_improves,0.00000000,23
2026-01-01,2026-02-28,jan_feb_combined,historical_rules,macro_predicate.hit_rate.financing_constraint_eases,0.13043478,23
2026-01-01,2026-02-28,jan_feb_combined,historical_rules,macro_predicate.hit_rate.grid_investment_accelerates,0.13043478,23
2026-01-01,2026-02-28,jan_feb_combined,historical_rules,macro_predicate.hit_rate.industry_competition_intensifies,0.13043478,23
2026-01-01,2026-02-28,jan_feb_combined,historical_rules,macro_predicate.hit_rate.inventory_pressure_increases,0.04347826,23
2026-01-01,2026-02-28,jan_feb_combined,historical_rules,macro_predicate.hit_rate.order_demand_improves,0.17391304,23
2026-01-01,2026-02-28,jan_feb_combined,historical_rules,macro_predicate.hit_rate.policy_accelerates_project_implementation,0.26086957,23
2026-01-01,2026-02-28,jan_feb_combined,historical_rules,macro_predicate.hit_rate.policy_expands_effective_demand,0.34782609,23
2026-01-01,2026-02-28,jan_feb_combined,historical_rules,macro_predicate.hit_rate.product_price_recovers,0.04347826,23
2026-01-01,2026-02-28,jan_feb_combined,historical_rules,macro_predicate.hit_rate.raw_material_cost_pressure,0.00000000,23
2026-01-01,2026-02-28,jan_feb_combined,historical_rules,macro_predicate.net.capacity_enters_production,0.03548370,23
2026-01-01,2026-02-28,jan_feb_combined,historical_rules,macro_predicate.net.capacity_under_construction,0.12957065,23
2026-01-01,2026-02-28,jan_feb_combined,historical_rules,macro_predicate.net.export_demand_improves,0.00000000,23
2026-01-01,2026-02-28,jan_feb_combined,historical_rules,macro_predicate.net.financing_constraint_eases,0.09730435,23
2026-01-01,2026-02-28,jan_feb_combined,historical_rules,macro_predicate.net.grid_investment_accelerates,0.07400000,23
2026-01-01,2026-02-28,jan_feb_combined,historical_rules,macro_predicate.net.industry_competition_intensifies,-0.04382609,23
2026-01-01,2026-02-28,jan_feb_combined,historical_rules,macro_predicate.net.inventory_pressure_increases,-0.00417391,23
2026-01-01,2026-02-28,jan_feb_combined,historical_rules,macro_predicate.net.order_demand_improves,0.04856250,23
2026-01-01,2026-02-28,jan_feb_combined,historical_rules,macro_predicate.net.policy_accelerates_project_implementation,0.16015109,23
2026-01-01,2026-02-28,jan_feb_combined,historical_rules,macro_predicate.net.policy_expands_effective_demand,0.20576630,23
2026-01-01,2026-02-28,jan_feb_combined,historical_rules,macro_predicate.net.product_price_recovers,0.02486957,23
2026-01-01,2026-02-28,jan_feb_combined,historical_rules,macro_predicate.net.raw_material_cost_pressure,0.00000000,23
2026-01-01,2026-02-28,jan_feb_combined,historical_rules,source.share.announcement,0.04347826,23
2026-01-01,2026-02-28,jan_feb_combined,historical_rules,source.share.ir_qa,0.00000000,23
2026-01-01,2026-02-28,jan_feb_combined,historical_rules,source.share.news,0.43478261,23
2026-01-01,2026-02-28,jan_feb_combined,historical_rules,source.share.policy,0.52173913,23
2026-01-01,2026-02-28,jan_feb_combined,historical_rules,topic.share.battery,0.13043478,23
2026-01-01,2026-02-28,jan_feb_combined,historical_rules,topic.share.grid,0.08695652,23
2026-01-01,2026-02-28,jan_feb_combined,historical_rules,topic.share.photovoltaic,0.26086957,23
2026-01-01,2026-02-28,jan_feb_combined,historical_rules,topic.share.storage,0.21739130,23
2026-01-01,2026-02-28,jan_feb_combined,historical_rules,topic.share.wind,0.13043478,23
2026-03-01,2026-03-31,month,historical_rules,candidate.mean,1.05198771,16
2026-03-01,2026-03-31,month,historical_rules,candidate.p25,1.14176000,16
2026-03-01,2026-03-31,month,historical_rules,candidate.p50,1.14176000,16
2026-03-01,2026-03-31,month,historical_rules,candidate.p75,1.14742400,16
2026-03-01,2026-03-31,month,historical_rules,candidate.positive_share,1.00000000,16
2026-03-01,2026-03-31,month,historical_rules,candidate.std,0.22919889,16
2026-03-01,2026-03-31,month,historical_rules,coverage.ai_annotation_success_rate,0.81250000,16
2026-03-01,2026-03-31,month,historical_rules,coverage.document_count_log1p,2.83321334,16
2026-03-01,2026-03-31,month,historical_rules,coverage.event_count_log1p,2.99573227,16
2026-03-01,2026-03-31,month,historical_rules,coverage.independent_source_count_log1p,2.83321334,16
2026-03-01,2026-03-31,month,historical_rules,evidence.entity_confidence_mean,0.80131148,16
2026-03-01,2026-03-31,month,historical_rules,evidence.event_strength_mean,0.87263158,16
2026-03-01,2026-03-31,month,historical_rules,frozen_rule.supporting_document_share,0.25000000,16
2026-03-01,2026-03-31,month,historical_rules,frozen_rule.unique_rule_count_log1p,1.60943791,16
2026-03-01,2026-03-31,month,historical_rules,legacy_predicate.confidence.announcement_contains_uncertainty,0.78000000,16
2026-03-01,2026-03-31,month,historical_rules,legacy_predicate.confidence.capacity_policy_support,0.74000000,16
2026-03-01,2026-03-31,month,historical_rules,legacy_predicate.confidence.demand_side_policy,0.78800000,16
2026-03-01,2026-03-31,month,historical_rules,legacy_predicate.confidence.event_evidence_strength,0.92000000,16
2026-03-01,2026-03-31,month,historical_rules,legacy_predicate.confidence.event_has_short_term_price_impact,0.70000000,16
2026-03-01,2026-03-31,month,historical_rules,legacy_predicate.confidence.event_mentions_core_product,0.76800000,16
2026-03-01,2026-03-31,month,historical_rules,legacy_predicate.confidence.evidence_from_authoritative_source,0.89600000,16
2026-03-01,2026-03-31,month,historical_rules,legacy_predicate.confidence.has_policy_support,0.92800000,16
2026-03-01,2026-03-31,month,historical_rules,legacy_predicate.confidence.institutional_attention_increases,0.70000000,16
2026-03-01,2026-03-31,month,historical_rules,legacy_predicate.confidence.investor_questions_increase,0.82000000,16
2026-03-01,2026-03-31,month,historical_rules,legacy_predicate.confidence.management_response_vague,0.76000000,16
2026-03-01,2026-03-31,month,historical_rules,legacy_predicate.confidence.policy_attention_followup,0.75600000,16
2026-03-01,2026-03-31,month,historical_rules,legacy_predicate.confidence.policy_directly_related_to_business,0.78000000,16
2026-03-01,2026-03-31,month,historical_rules,legacy_predicate.confidence.risk_or_uncertainty_disclosure,0.79600000,16
2026-03-01,2026-03-31,month,historical_rules,legacy_predicate.confidence.social_attention_spikes,0.68000000,16
2026-03-01,2026-03-31,month,historical_rules,legacy_predicate.confidence.source_company_announcement,0.81200000,16
2026-03-01,2026-03-31,month,historical_rules,legacy_predicate.confidence.source_government_or_exchange,0.87400000,16
2026-03-01,2026-03-31,month,historical_rules,legacy_predicate.confidence.source_major_media,0.76000000,16
2026-03-01,2026-03-31,month,historical_rules,legacy_predicate.confidence.supply_side_policy,0.74000000,16
2026-03-01,2026-03-31,month,historical_rules,legacy_predicate.mean.announcement_contains_uncertainty,0.00000000,16
2026-03-01,2026-03-31,month,historical_rules,legacy_predicate.mean.capacity_policy_support,0.00000000,16
2026-03-01,2026-03-31,month,historical_rules,legacy_predicate.mean.demand_side_policy,0.40000000,16
2026-03-01,2026-03-31,month,historical_rules,legacy_predicate.mean.event_evidence_strength,0.89200000,16
2026-03-01,2026-03-31,month,historical_rules,legacy_predicate.mean.event_has_short_term_price_impact,0.73200000,16
2026-03-01,2026-03-31,month,historical_rules,legacy_predicate.mean.event_mentions_core_product,0.20000000,16
2026-03-01,2026-03-31,month,historical_rules,legacy_predicate.mean.evidence_from_authoritative_source,0.80000000,16
2026-03-01,2026-03-31,month,historical_rules,legacy_predicate.mean.has_policy_support,0.60000000,16
2026-03-01,2026-03-31,month,historical_rules,legacy_predicate.mean.institutional_attention_increases,0.00000000,16
2026-03-01,2026-03-31,month,historical_rules,legacy_predicate.mean.investor_questions_increase,0.00000000,16
2026-03-01,2026-03-31,month,historical_rules,legacy_predicate.mean.management_response_vague,0.00000000,16
2026-03-01,2026-03-31,month,historical_rules,legacy_predicate.mean.policy_attention_followup,0.40000000,16
2026-03-01,2026-03-31,month,historical_rules,legacy_predicate.mean.policy_directly_related_to_business,0.00000000,16
2026-03-01,2026-03-31,month,historical_rules,legacy_predicate.mean.risk_or_uncertainty_disclosure,0.20000000,16
2026-03-01,2026-03-31,month,historical_rules,legacy_predicate.mean.social_attention_spikes,0.00000000,16
2026-03-01,2026-03-31,month,historical_rules,legacy_predicate.mean.source_company_announcement,0.20000000,16
2026-03-01,2026-03-31,month,historical_rules,legacy_predicate.mean.source_government_or_exchange,0.60000000,16
2026-03-01,2026-03-31,month,historical_rules,legacy_predicate.mean.source_major_media,0.00000000,16
2026-03-01,2026-03-31,month,historical_rules,legacy_predicate.mean.supply_side_policy,0.00000000,16
2026-03-01,2026-03-31,month,historical_rules,macro_predicate.hit_rate.capacity_enters_production,0.00000000,16
2026-03-01,2026-03-31,month,historical_rules,macro_predicate.hit_rate.capacity_under_construction,0.12500000,16
2026-03-01,2026-03-31,month,historical_rules,macro_predicate.hit_rate.export_demand_improves,0.00000000,16
2026-03-01,2026-03-31,month,historical_rules,macro_predicate.hit_rate.financing_constraint_eases,0.06250000,16
2026-03-01,2026-03-31,month,historical_rules,macro_predicate.hit_rate.grid_investment_accelerates,0.06250000,16
2026-03-01,2026-03-31,month,historical_rules,macro_predicate.hit_rate.industry_competition_intensifies,0.12500000,16
2026-03-01,2026-03-31,month,historical_rules,macro_predicate.hit_rate.inventory_pressure_increases,0.00000000,16
2026-03-01,2026-03-31,month,historical_rules,macro_predicate.hit_rate.order_demand_improves,0.25000000,16
2026-03-01,2026-03-31,month,historical_rules,macro_predicate.hit_rate.policy_accelerates_project_implementation,0.12500000,16
2026-03-01,2026-03-31,month,historical_rules,macro_predicate.hit_rate.policy_expands_effective_demand,0.18750000,16
2026-03-01,2026-03-31,month,historical_rules,macro_predicate.hit_rate.product_price_recovers,0.00000000,16
2026-03-01,2026-03-31,month,historical_rules,macro_predicate.hit_rate.raw_material_cost_pressure,0.00000000,16
2026-03-01,2026-03-31,month,historical_rules,macro_predicate.net.capacity_enters_production,0.00000000,16
2026-03-01,2026-03-31,month,historical_rules,macro_predicate.net.capacity_under_construction,0.07087500,16
2026-03-01,2026-03-31,month,historical_rules,macro_predicate.net.export_demand_improves,0.00000000,16
2026-03-01,2026-03-31,month,historical_rules,macro_predicate.net.financing_constraint_eases,0.04662500,16
2026-03-01,2026-03-31,month,historical_rules,macro_predicate.net.grid_investment_accelerates,0.04050000,16
2026-03-01,2026-03-31,month,historical_rules,macro_predicate.net.industry_competition_intensifies,-0.02062500,16
2026-03-01,2026-03-31,month,historical_rules,macro_predicate.net.inventory_pressure_increases,0.00000000,16
2026-03-01,2026-03-31,month,historical_rules,macro_predicate.net.order_demand_improves,0.11667578,16
2026-03-01,2026-03-31,month,historical_rules,macro_predicate.net.policy_accelerates_project_implementation,0.03187500,16
2026-03-01,2026-03-31,month,historical_rules,macro_predicate.net.policy_expands_effective_demand,0.13375000,16
2026-03-01,2026-03-31,month,historical_rules,macro_predicate.net.product_price_recovers,0.00000000,16
2026-03-01,2026-03-31,month,historical_rules,macro_predicate.net.raw_material_cost_pressure,0.00000000,16
2026-03-01,2026-03-31,month,historical_rules,source.share.announcement,0.37500000,16
2026-03-01,2026-03-31,month,historical_rules,source.share.ir_qa,0.00000000,16
2026-03-01,2026-03-31,month,historical_rules,source.share.news,0.50000000,16
2026-03-01,2026-03-31,month,historical_rules,source.share.policy,0.12500000,16
2026-03-01,2026-03-31,month,historical_rules,topic.share.battery,0.25000000,16
2026-03-01,2026-03-31,month,historical_rules,topic.share.grid,0.12500000,16
2026-03-01,2026-03-31,month,historical_rules,topic.share.photovoltaic,0.25000000,16
2026-03-01,2026-03-31,month,historical_rules,topic.share.storage,0.18750000,16
2026-03-01,2026-03-31,month,historical_rules,topic.share.wind,0.12500000,16
2026-04-01,2026-04-30,month,historical_rules,candidate.mean,1.04268967,29
2026-04-01,2026-04-30,month,historical_rules,candidate.p25,1.15308800,29
2026-04-01,2026-04-30,month,historical_rules,candidate.p50,1.15308800,29
2026-04-01,2026-04-30,month,historical_rules,candidate.p75,1.15308800,29
2026-04-01,2026-04-30,month,historical_rules,candidate.positive_share,1.00000000,29
2026-04-01,2026-04-30,month,historical_rules,candidate.std,0.24685818,29
2026-04-01,2026-04-30,month,historical_rules,coverage.ai_annotation_success_rate,0.89655172,29
2026-04-01,2026-04-30,month,historical_rules,coverage.document_count_log1p,3.40119738,29
2026-04-01,2026-04-30,month,historical_rules,coverage.event_count_log1p,3.82864140,29
2026-04-01,2026-04-30,month,historical_rules,coverage.independent_source_count_log1p,3.40119738,29
2026-04-01,2026-04-30,month,historical_rules,evidence.entity_confidence_mean,0.78378049,29
2026-04-01,2026-04-30,month,historical_rules,evidence.event_strength_mean,0.86977778,29
2026-04-01,2026-04-30,month,historical_rules,frozen_rule.supporting_document_share,0.20689655,29
2026-04-01,2026-04-30,month,historical_rules,frozen_rule.unique_rule_count_log1p,1.38629436,29
2026-04-01,2026-04-30,month,historical_rules,legacy_predicate.confidence.announcement_contains_uncertainty,0.78000000,29
2026-04-01,2026-04-30,month,historical_rules,legacy_predicate.confidence.capacity_policy_support,0.74000000,29
2026-04-01,2026-04-30,month,historical_rules,legacy_predicate.confidence.demand_side_policy,0.74000000,29
2026-04-01,2026-04-30,month,historical_rules,legacy_predicate.confidence.event_evidence_strength,0.92000000,29
2026-04-01,2026-04-30,month,historical_rules,legacy_predicate.confidence.event_has_short_term_price_impact,0.70000000,29
2026-04-01,2026-04-30,month,historical_rules,legacy_predicate.confidence.event_mentions_core_product,0.81388889,29
2026-04-01,2026-04-30,month,historical_rules,legacy_predicate.confidence.evidence_from_authoritative_source,0.89111111,29
2026-04-01,2026-04-30,month,historical_rules,legacy_predicate.confidence.has_policy_support,0.92444444,29
2026-04-01,2026-04-30,month,historical_rules,legacy_predicate.confidence.institutional_attention_increases,0.70000000,29
2026-04-01,2026-04-30,month,historical_rules,legacy_predicate.confidence.investor_questions_increase,0.82000000,29
2026-04-01,2026-04-30,month,historical_rules,legacy_predicate.confidence.management_response_vague,0.76000000,29
2026-04-01,2026-04-30,month,historical_rules,legacy_predicate.confidence.policy_attention_followup,0.80888889,29
2026-04-01,2026-04-30,month,historical_rules,legacy_predicate.confidence.policy_directly_related_to_business,0.79333333,29
2026-04-01,2026-04-30,month,historical_rules,legacy_predicate.confidence.risk_or_uncertainty_disclosure,0.78222222,29
2026-04-01,2026-04-30,month,historical_rules,legacy_predicate.confidence.social_attention_spikes,0.68000000,29
2026-04-01,2026-04-30,month,historical_rules,legacy_predicate.confidence.source_company_announcement,0.78444444,29
2026-04-01,2026-04-30,month,historical_rules,legacy_predicate.confidence.source_government_or_exchange,0.86555556,29
2026-04-01,2026-04-30,month,historical_rules,legacy_predicate.confidence.source_major_media,0.78722222,29
2026-04-01,2026-04-30,month,historical_rules,legacy_predicate.confidence.supply_side_policy,0.74000000,29
2026-04-01,2026-04-30,month,historical_rules,legacy_predicate.mean.announcement_contains_uncertainty,0.00000000,29
2026-04-01,2026-04-30,month,historical_rules,legacy_predicate.mean.capacity_policy_support,0.00000000,29
2026-04-01,2026-04-30,month,historical_rules,legacy_predicate.mean.demand_side_policy,0.00000000,29
2026-04-01,2026-04-30,month,historical_rules,legacy_predicate.mean.event_evidence_strength,0.87333333,29
2026-04-01,2026-04-30,month,historical_rules,legacy_predicate.mean.event_has_short_term_price_impact,0.73555556,29
2026-04-01,2026-04-30,month,historical_rules,legacy_predicate.mean.event_mentions_core_product,0.55555556,29
2026-04-01,2026-04-30,month,historical_rules,legacy_predicate.mean.evidence_from_authoritative_source,0.77777778,29
2026-04-01,2026-04-30,month,historical_rules,legacy_predicate.mean.has_policy_support,0.55555556,29
2026-04-01,2026-04-30,month,historical_rules,legacy_predicate.mean.institutional_attention_increases,0.00000000,29
2026-04-01,2026-04-30,month,historical_rules,legacy_predicate.mean.investor_questions_increase,0.00000000,29
2026-04-01,2026-04-30,month,historical_rules,legacy_predicate.mean.management_response_vague,0.00000000,29
2026-04-01,2026-04-30,month,historical_rules,legacy_predicate.mean.policy_attention_followup,0.77777778,29
2026-04-01,2026-04-30,month,historical_rules,legacy_predicate.mean.policy_directly_related_to_business,0.11111111,29
2026-04-01,2026-04-30,month,historical_rules,legacy_predicate.mean.risk_or_uncertainty_disclosure,0.11111111,29
2026-04-01,2026-04-30,month,historical_rules,legacy_predicate.mean.social_attention_spikes,0.00000000,29
2026-04-01,2026-04-30,month,historical_rules,legacy_predicate.mean.source_company_announcement,0.11111111,29
2026-04-01,2026-04-30,month,historical_rules,legacy_predicate.mean.source_government_or_exchange,0.55555556,29
2026-04-01,2026-04-30,month,historical_rules,legacy_predicate.mean.source_major_media,0.22222222,29
2026-04-01,2026-04-30,month,historical_rules,legacy_predicate.mean.supply_side_policy,0.00000000,29
2026-04-01,2026-04-30,month,historical_rules,macro_predicate.hit_rate.capacity_enters_production,0.00000000,29
2026-04-01,2026-04-30,month,historical_rules,macro_predicate.hit_rate.capacity_under_construction,0.24137931,29
2026-04-01,2026-04-30,month,historical_rules,macro_predicate.hit_rate.export_demand_improves,0.00000000,29
2026-04-01,2026-04-30,month,historical_rules,macro_predicate.hit_rate.financing_constraint_eases,0.03448276,29
2026-04-01,2026-04-30,month,historical_rules,macro_predicate.hit_rate.grid_investment_accelerates,0.06896552,29
2026-04-01,2026-04-30,month,historical_rules,macro_predicate.hit_rate.industry_competition_intensifies,0.06896552,29
2026-04-01,2026-04-30,month,historical_rules,macro_predicate.hit_rate.inventory_pressure_increases,0.00000000,29
2026-04-01,2026-04-30,month,historical_rules,macro_predicate.hit_rate.order_demand_improves,0.13793103,29
2026-04-01,2026-04-30,month,historical_rules,macro_predicate.hit_rate.policy_accelerates_project_implementation,0.10344828,29
2026-04-01,2026-04-30,month,historical_rules,macro_predicate.hit_rate.policy_expands_effective_demand,0.03448276,29
2026-04-01,2026-04-30,month,historical_rules,macro_predicate.hit_rate.product_price_recovers,0.00000000,29
2026-04-01,2026-04-30,month,historical_rules,macro_predicate.hit_rate.raw_material_cost_pressure,0.00000000,29
2026-04-01,2026-04-30,month,historical_rules,macro_predicate.net.capacity_enters_production,0.00000000,29
2026-04-01,2026-04-30,month,historical_rules,macro_predicate.net.capacity_under_construction,0.15394397,29
2026-04-01,2026-04-30,month,historical_rules,macro_predicate.net.export_demand_improves,0.00000000,29
2026-04-01,2026-04-30,month,historical_rules,macro_predicate.net.financing_constraint_eases,0.02572414,29
2026-04-01,2026-04-30,month,historical_rules,macro_predicate.net.grid_investment_accelerates,0.02882759,29
2026-04-01,2026-04-30,month,historical_rules,macro_predicate.net.industry_competition_intensifies,-0.03200000,29
2026-04-01,2026-04-30,month,historical_rules,macro_predicate.net.inventory_pressure_increases,0.00000000,29
2026-04-01,2026-04-30,month,historical_rules,macro_predicate.net.order_demand_improves,0.07161422,29
2026-04-01,2026-04-30,month,historical_rules,macro_predicate.net.policy_accelerates_project_implementation,0.07620690,29
2026-04-01,2026-04-30,month,historical_rules,macro_predicate.net.policy_expands_effective_demand,0.02572414,29
2026-04-01,2026-04-30,month,historical_rules,macro_predicate.net.product_price_recovers,0.00000000,29
2026-04-01,2026-04-30,month,historical_rules,macro_predicate.net.raw_material_cost_pressure,0.00000000,29
2026-04-01,2026-04-30,month,historical_rules,source.share.announcement,0.55172414,29
2026-04-01,2026-04-30,month,historical_rules,source.share.ir_qa,0.20689655,29
2026-04-01,2026-04-30,month,historical_rules,source.share.news,0.13793103,29
2026-04-01,2026-04-30,month,historical_rules,source.share.policy,0.10344828,29
2026-04-01,2026-04-30,month,historical_rules,topic.share.battery,0.20689655,29
2026-04-01,2026-04-30,month,historical_rules,topic.share.grid,0.03448276,29
2026-04-01,2026-04-30,month,historical_rules,topic.share.photovoltaic,0.37931034,29
2026-04-01,2026-04-30,month,historical_rules,topic.share.storage,0.24137931,29
2026-04-01,2026-04-30,month,historical_rules,topic.share.wind,0.17241379,29
2026-05-01,2026-05-31,month,historical_rules,candidate.mean,1.14742400,14
2026-05-01,2026-05-31,month,historical_rules,candidate.p25,1.14459200,14
2026-05-01,2026-05-31,month,historical_rules,candidate.p50,1.14742400,14
2026-05-01,2026-05-31,month,historical_rules,candidate.p75,1.15025600,14
2026-05-01,2026-05-31,month,historical_rules,candidate.positive_share,1.00000000,14
2026-05-01,2026-05-31,month,historical_rules,candidate.std,0.00566400,14
2026-05-01,2026-05-31,month,historical_rules,coverage.ai_annotation_success_rate,0.92857143,14
2026-05-01,2026-05-31,month,historical_rules,coverage.document_count_log1p,2.70805020,14
2026-05-01,2026-05-31,month,historical_rules,coverage.event_count_log1p,1.60943791,14
2026-05-01,2026-05-31,month,historical_rules,coverage.independent_source_count_log1p,2.70805020,14
2026-05-01,2026-05-31,month,historical_rules,evidence.entity_confidence_mean,0.79920000,14
2026-05-01,2026-05-31,month,historical_rules,evidence.event_strength_mean,0.83750000,14
2026-05-01,2026-05-31,month,historical_rules,frozen_rule.supporting_document_share,0.14285714,14
2026-05-01,2026-05-31,month,historical_rules,frozen_rule.unique_rule_count_log1p,1.38629436,14
2026-05-01,2026-05-31,month,historical_rules,legacy_predicate.confidence.announcement_contains_uncertainty,0.78000000,14
2026-05-01,2026-05-31,month,historical_rules,legacy_predicate.confidence.capacity_policy_support,0.79000000,14
2026-05-01,2026-05-31,month,historical_rules,legacy_predicate.confidence.demand_side_policy,0.80000000,14
2026-05-01,2026-05-31,month,historical_rules,legacy_predicate.confidence.event_evidence_strength,0.92000000,14
2026-05-01,2026-05-31,month,historical_rules,legacy_predicate.confidence.event_has_short_term_price_impact,0.70000000,14
2026-05-01,2026-05-31,month,historical_rules,legacy_predicate.confidence.event_mentions_core_product,0.74000000,14
2026-05-01,2026-05-31,month,historical_rules,legacy_predicate.confidence.evidence_from_authoritative_source,0.94000000,14
2026-05-01,2026-05-31,month,historical_rules,legacy_predicate.confidence.has_policy_support,0.96000000,14
2026-05-01,2026-05-31,month,historical_rules,legacy_predicate.confidence.institutional_attention_increases,0.70000000,14
2026-05-01,2026-05-31,month,historical_rules,legacy_predicate.confidence.investor_questions_increase,0.82000000,14
2026-05-01,2026-05-31,month,historical_rules,legacy_predicate.confidence.management_response_vague,0.76000000,14
2026-05-01,2026-05-31,month,historical_rules,legacy_predicate.confidence.policy_attention_followup,0.77000000,14
2026-05-01,2026-05-31,month,historical_rules,legacy_predicate.confidence.policy_directly_related_to_business,0.78000000,14
2026-05-01,2026-05-31,month,historical_rules,legacy_predicate.confidence.risk_or_uncertainty_disclosure,0.78000000,14
2026-05-01,2026-05-31,month,historical_rules,legacy_predicate.confidence.social_attention_spikes,0.68000000,14
2026-05-01,2026-05-31,month,historical_rules,legacy_predicate.confidence.source_company_announcement,0.78000000,14
2026-05-01,2026-05-31,month,historical_rules,legacy_predicate.confidence.source_government_or_exchange,0.95000000,14
2026-05-01,2026-05-31,month,historical_rules,legacy_predicate.confidence.source_major_media,0.76000000,14
2026-05-01,2026-05-31,month,historical_rules,legacy_predicate.confidence.supply_side_policy,0.74000000,14
2026-05-01,2026-05-31,month,historical_rules,legacy_predicate.mean.announcement_contains_uncertainty,0.00000000,14
2026-05-01,2026-05-31,month,historical_rules,legacy_predicate.mean.capacity_policy_support,0.50000000,14
2026-05-01,2026-05-31,month,historical_rules,legacy_predicate.mean.demand_side_policy,0.50000000,14
2026-05-01,2026-05-31,month,historical_rules,legacy_predicate.mean.event_evidence_strength,0.94000000,14
2026-05-01,2026-05-31,month,historical_rules,legacy_predicate.mean.event_has_short_term_price_impact,0.78000000,14
2026-05-01,2026-05-31,month,historical_rules,legacy_predicate.mean.event_mentions_core_product,0.00000000,14
2026-05-01,2026-05-31,month,historical_rules,legacy_predicate.mean.evidence_from_authoritative_source,1.00000000,14
2026-05-01,2026-05-31,month,historical_rules,legacy_predicate.mean.has_policy_support,1.00000000,14
2026-05-01,2026-05-31,month,historical_rules,legacy_predicate.mean.institutional_attention_increases,0.00000000,14
2026-05-01,2026-05-31,month,historical_rules,legacy_predicate.mean.investor_questions_increase,0.00000000,14
2026-05-01,2026-05-31,month,historical_rules,legacy_predicate.mean.management_response_vague,0.00000000,14
2026-05-01,2026-05-31,month,historical_rules,legacy_predicate.mean.policy_attention_followup,0.50000000,14
2026-05-01,2026-05-31,month,historical_rules,legacy_predicate.mean.policy_directly_related_to_business,0.00000000,14
2026-05-01,2026-05-31,month,historical_rules,legacy_predicate.mean.risk_or_uncertainty_disclosure,0.00000000,14
2026-05-01,2026-05-31,month,historical_rules,legacy_predicate.mean.social_attention_spikes,0.00000000,14
2026-05-01,2026-05-31,month,historical_rules,legacy_predicate.mean.source_company_announcement,0.00000000,14
2026-05-01,2026-05-31,month,historical_rules,legacy_predicate.mean.source_government_or_exchange,1.00000000,14
2026-05-01,2026-05-31,month,historical_rules,legacy_predicate.mean.source_major_media,0.00000000,14
2026-05-01,2026-05-31,month,historical_rules,legacy_predicate.mean.supply_side_policy,0.00000000,14
2026-05-01,2026-05-31,month,historical_rules,macro_predicate.hit_rate.capacity_enters_production,0.07142857,14
2026-05-01,2026-05-31,month,historical_rules,macro_predicate.hit_rate.capacity_under_construction,0.14285714,14
2026-05-01,2026-05-31,month,historical_rules,macro_predicate.hit_rate.export_demand_improves,0.00000000,14
2026-05-01,2026-05-31,month,historical_rules,macro_predicate.hit_rate.financing_constraint_eases,0.00000000,14
2026-05-01,2026-05-31,month,historical_rules,macro_predicate.hit_rate.grid_investment_accelerates,0.14285714,14
2026-05-01,2026-05-31,month,historical_rules,macro_predicate.hit_rate.industry_competition_intensifies,0.00000000,14
2026-05-01,2026-05-31,month,historical_rules,macro_predicate.hit_rate.inventory_pressure_increases,0.00000000,14
2026-05-01,2026-05-31,month,historical_rules,macro_predicate.hit_rate.order_demand_improves,0.07142857,14
2026-05-01,2026-05-31,month,historical_rules,macro_predicate.hit_rate.policy_accelerates_project_implementation,0.14285714,14
2026-05-01,2026-05-31,month,historical_rules,macro_predicate.hit_rate.policy_expands_effective_demand,0.21428571,14
2026-05-01,2026-05-31,month,historical_rules,macro_predicate.hit_rate.product_price_recovers,0.00000000,14
2026-05-01,2026-05-31,month,historical_rules,macro_predicate.hit_rate.raw_material_cost_pressure,0.00000000,14
2026-05-01,2026-05-31,month,historical_rules,macro_predicate.net.capacity_enters_production,0.02564286,14
2026-05-01,2026-05-31,month,historical_rules,macro_predicate.net.capacity_under_construction,0.07226786,14
2026-05-01,2026-05-31,month,historical_rules,macro_predicate.net.export_demand_improves,0.00000000,14
2026-05-01,2026-05-31,month,historical_rules,macro_predicate.net.financing_constraint_eases,0.00000000,14
2026-05-01,2026-05-31,month,historical_rules,macro_predicate.net.grid_investment_accelerates,0.06828571,14
2026-05-01,2026-05-31,month,historical_rules,macro_predicate.net.industry_competition_intensifies,0.00000000,14
2026-05-01,2026-05-31,month,historical_rules,macro_predicate.net.inventory_pressure_increases,0.00000000,14
2026-05-01,2026-05-31,month,historical_rules,macro_predicate.net.order_demand_improves,0.00857143,14
2026-05-01,2026-05-31,month,historical_rules,macro_predicate.net.policy_accelerates_project_implementation,0.10657143,14
2026-05-01,2026-05-31,month,historical_rules,macro_predicate.net.policy_expands_effective_demand,0.09978571,14
2026-05-01,2026-05-31,month,historical_rules,macro_predicate.net.product_price_recovers,0.00000000,14
2026-05-01,2026-05-31,month,historical_rules,macro_predicate.net.raw_material_cost_pressure,0.00000000,14
2026-05-01,2026-05-31,month,historical_rules,source.share.announcement,0.07142857,14
2026-05-01,2026-05-31,month,historical_rules,source.share.ir_qa,0.64285714,14
2026-05-01,2026-05-31,month,historical_rules,source.share.news,0.07142857,14
2026-05-01,2026-05-31,month,historical_rules,source.share.policy,0.21428571,14
2026-05-01,2026-05-31,month,historical_rules,topic.share.battery,0.57142857,14
2026-05-01,2026-05-31,month,historical_rules,topic.share.grid,0.07142857,14
2026-05-01,2026-05-31,month,historical_rules,topic.share.photovoltaic,0.07142857,14
2026-05-01,2026-05-31,month,historical_rules,topic.share.storage,0.00000000,14
2026-05-01,2026-05-31,month,historical_rules,topic.share.wind,0.07142857,14
2026-06-01,2026-06-30,month,historical_rules,candidate.mean,0.92473933,25
2026-06-01,2026-06-30,month,historical_rules,candidate.p25,0.81622900,25
2026-06-01,2026-06-30,month,historical_rules,candidate.p50,1.14176000,25
2026-06-01,2026-06-30,month,historical_rules,candidate.p75,1.14176000,25
2026-06-01,2026-06-30,month,historical_rules,candidate.positive_share,1.00000000,25
2026-06-01,2026-06-30,month,historical_rules,candidate.std,0.30691357,25
2026-06-01,2026-06-30,month,historical_rules,coverage.ai_annotation_success_rate,0.92000000,25
2026-06-01,2026-06-30,month,historical_rules,coverage.document_count_log1p,3.25809654,25
2026-06-01,2026-06-30,month,historical_rules,coverage.event_count_log1p,3.33220451,25
2026-06-01,2026-06-30,month,historical_rules,coverage.independent_source_count_log1p,3.25809654,25
2026-06-01,2026-06-30,month,historical_rules,evidence.entity_confidence_mean,0.80792453,25
2026-06-01,2026-06-30,month,historical_rules,evidence.event_strength_mean,0.85888889,25
2026-06-01,2026-06-30,month,historical_rules,frozen_rule.supporting_document_share,0.04000000,25
2026-06-01,2026-06-30,month,historical_rules,frozen_rule.unique_rule_count_log1p,1.38629436,25
2026-06-01,2026-06-30,month,historical_rules,legacy_predicate.confidence.announcement_contains_uncertainty,0.78000000,25
2026-06-01,2026-06-30,month,historical_rules,legacy_predicate.confidence.capacity_policy_support,0.74000000,25
2026-06-01,2026-06-30,month,historical_rules,legacy_predicate.confidence.demand_side_policy,0.74000000,25
2026-06-01,2026-06-30,month,historical_rules,legacy_predicate.confidence.event_evidence_strength,0.92000000,25
2026-06-01,2026-06-30,month,historical_rules,legacy_predicate.confidence.event_has_short_term_price_impact,0.70000000,25
2026-06-01,2026-06-30,month,historical_rules,legacy_predicate.confidence.event_mentions_core_product,0.81000000,25
2026-06-01,2026-06-30,month,historical_rules,legacy_predicate.confidence.evidence_from_authoritative_source,0.83000000,25
2026-06-01,2026-06-30,month,historical_rules,legacy_predicate.confidence.has_policy_support,0.90666667,25
2026-06-01,2026-06-30,month,historical_rules,legacy_predicate.confidence.institutional_attention_increases,0.70000000,25
2026-06-01,2026-06-30,month,historical_rules,legacy_predicate.confidence.investor_questions_increase,0.82000000,25
2026-06-01,2026-06-30,month,historical_rules,legacy_predicate.confidence.management_response_vague,0.76000000,25
2026-06-01,2026-06-30,month,historical_rules,legacy_predicate.confidence.policy_attention_followup,0.77000000,25
2026-06-01,2026-06-30,month,historical_rules,legacy_predicate.confidence.policy_directly_related_to_business,0.78000000,25
2026-06-01,2026-06-30,month,historical_rules,legacy_predicate.confidence.risk_or_uncertainty_disclosure,0.79333333,25
2026-06-01,2026-06-30,month,historical_rules,legacy_predicate.confidence.social_attention_spikes,0.68000000,25
2026-06-01,2026-06-30,month,historical_rules,legacy_predicate.confidence.source_company_announcement,0.80666667,25
2026-06-01,2026-06-30,month,historical_rules,legacy_predicate.confidence.source_government_or_exchange,0.82333333,25
2026-06-01,2026-06-30,month,historical_rules,legacy_predicate.confidence.source_major_media,0.76000000,25
2026-06-01,2026-06-30,month,historical_rules,legacy_predicate.confidence.supply_side_policy,0.77333333,25
2026-06-01,2026-06-30,month,historical_rules,legacy_predicate.mean.announcement_contains_uncertainty,0.00000000,25
2026-06-01,2026-06-30,month,historical_rules,legacy_predicate.mean.capacity_policy_support,0.00000000,25
2026-06-01,2026-06-30,month,historical_rules,legacy_predicate.mean.demand_side_policy,0.00000000,25
2026-06-01,2026-06-30,month,historical_rules,legacy_predicate.mean.event_evidence_strength,0.85000000,25
2026-06-01,2026-06-30,month,historical_rules,legacy_predicate.mean.event_has_short_term_price_impact,0.73000000,25
2026-06-01,2026-06-30,month,historical_rules,legacy_predicate.mean.event_mentions_core_product,0.50000000,25
2026-06-01,2026-06-30,month,historical_rules,legacy_predicate.mean.evidence_from_authoritative_source,0.50000000,25
2026-06-01,2026-06-30,month,historical_rules,legacy_predicate.mean.has_policy_support,0.50000000,25
2026-06-01,2026-06-30,month,historical_rules,legacy_predicate.mean.institutional_attention_increases,0.00000000,25
2026-06-01,2026-06-30,month,historical_rules,legacy_predicate.mean.investor_questions_increase,0.00000000,25
2026-06-01,2026-06-30,month,historical_rules,legacy_predicate.mean.management_response_vague,0.00000000,25
2026-06-01,2026-06-30,month,historical_rules,legacy_predicate.mean.policy_attention_followup,0.50000000,25
2026-06-01,2026-06-30,month,historical_rules,legacy_predicate.mean.policy_directly_related_to_business,0.00000000,25
2026-06-01,2026-06-30,month,historical_rules,legacy_predicate.mean.risk_or_uncertainty_disclosure,0.50000000,25
2026-06-01,2026-06-30,month,historical_rules,legacy_predicate.mean.social_attention_spikes,0.00000000,25
2026-06-01,2026-06-30,month,historical_rules,legacy_predicate.mean.source_company_announcement,0.50000000,25
2026-06-01,2026-06-30,month,historical_rules,legacy_predicate.mean.source_government_or_exchange,0.50000000,25
2026-06-01,2026-06-30,month,historical_rules,legacy_predicate.mean.source_major_media,0.00000000,25
2026-06-01,2026-06-30,month,historical_rules,legacy_predicate.mean.supply_side_policy,0.50000000,25
2026-06-01,2026-06-30,month,historical_rules,macro_predicate.hit_rate.capacity_enters_production,0.04000000,25
2026-06-01,2026-06-30,month,historical_rules,macro_predicate.hit_rate.capacity_under_construction,0.28000000,25
2026-06-01,2026-06-30,month,historical_rules,macro_predicate.hit_rate.export_demand_improves,0.04000000,25
2026-06-01,2026-06-30,month,historical_rules,macro_predicate.hit_rate.financing_constraint_eases,0.08000000,25
2026-06-01,2026-06-30,month,historical_rules,macro_predicate.hit_rate.grid_investment_accelerates,0.12000000,25
2026-06-01,2026-06-30,month,historical_rules,macro_predicate.hit_rate.industry_competition_intensifies,0.00000000,25
2026-06-01,2026-06-30,month,historical_rules,macro_predicate.hit_rate.inventory_pressure_increases,0.00000000,25
2026-06-01,2026-06-30,month,historical_rules,macro_predicate.hit_rate.order_demand_improves,0.08000000,25
2026-06-01,2026-06-30,month,historical_rules,macro_predicate.hit_rate.policy_accelerates_project_implementation,0.20000000,25
2026-06-01,2026-06-30,month,historical_rules,macro_predicate.hit_rate.policy_expands_effective_demand,0.12000000,25
2026-06-01,2026-06-30,month,historical_rules,macro_predicate.hit_rate.product_price_recovers,0.00000000,25
2026-06-01,2026-06-30,month,historical_rules,macro_predicate.hit_rate.raw_material_cost_pressure,0.00000000,25
2026-06-01,2026-06-30,month,historical_rules,macro_predicate.net.capacity_enters_production,0.02872000,25
2026-06-01,2026-06-30,month,historical_rules,macro_predicate.net.capacity_under_construction,0.19619500,25
2026-06-01,2026-06-30,month,historical_rules,macro_predicate.net.export_demand_improves,0.02872000,25
2026-06-01,2026-06-30,month,historical_rules,macro_predicate.net.financing_constraint_eases,0.05856000,25
2026-06-01,2026-06-30,month,historical_rules,macro_predicate.net.grid_investment_accelerates,0.08952000,25
2026-06-01,2026-06-30,month,historical_rules,macro_predicate.net.industry_competition_intensifies,0.00000000,25
2026-06-01,2026-06-30,month,historical_rules,macro_predicate.net.inventory_pressure_increases,0.00000000,25
2026-06-01,2026-06-30,month,historical_rules,macro_predicate.net.order_demand_improves,0.03128000,25
2026-06-01,2026-06-30,month,historical_rules,macro_predicate.net.policy_accelerates_project_implementation,0.14136600,25
2026-06-01,2026-06-30,month,historical_rules,macro_predicate.net.policy_expands_effective_demand,0.08131400,25
2026-06-01,2026-06-30,month,historical_rules,macro_predicate.net.product_price_recovers,0.00000000,25
2026-06-01,2026-06-30,month,historical_rules,macro_predicate.net.raw_material_cost_pressure,0.00000000,25
2026-06-01,2026-06-30,month,historical_rules,source.share.announcement,0.16000000,25
2026-06-01,2026-06-30,month,historical_rules,source.share.ir_qa,0.56000000,25
2026-06-01,2026-06-30,month,historical_rules,source.share.news,0.08000000,25
2026-06-01,2026-06-30,month,historical_rules,source.share.policy,0.20000000,25
2026-06-01,2026-06-30,month,historical_rules,topic.share.battery,0.52000000,25
2026-06-01,2026-06-30,month,historical_rules,topic.share.grid,0.12000000,25
2026-06-01,2026-06-30,month,historical_rules,topic.share.photovoltaic,0.00000000,25
2026-06-01,2026-06-30,month,historical_rules,topic.share.storage,0.20000000,25
2026-06-01,2026-06-30,month,historical_rules,topic.share.wind,0.20000000,25
2024-01-01,2024-02-29,jan_feb_combined,ai_dynamic_rules,candidate.mean,0.68993733,3
2024-01-01,2024-02-29,jan_feb_combined,ai_dynamic_rules,candidate.p25,0.45836200,3
2024-01-01,2024-02-29,jan_feb_combined,ai_dynamic_rules,candidate.p50,0.49737900,3
2024-01-01,2024-02-29,jan_feb_combined,ai_dynamic_rules,candidate.p75,0.82523350,3
2024-01-01,2024-02-29,jan_feb_combined,ai_dynamic_rules,candidate.positive_share,1.00000000,3
2024-01-01,2024-02-29,jan_feb_combined,ai_dynamic_rules,candidate.std,0.32904278,3
2024-01-01,2024-02-29,jan_feb_combined,ai_dynamic_rules,coverage.ai_annotation_success_rate,1.00000000,3
2024-01-01,2024-02-29,jan_feb_combined,ai_dynamic_rules,coverage.document_count_log1p,1.38629436,3
2024-01-01,2024-02-29,jan_feb_combined,ai_dynamic_rules,coverage.event_count_log1p,3.09104245,3
2024-01-01,2024-02-29,jan_feb_combined,ai_dynamic_rules,coverage.independent_source_count_log1p,1.38629436,3
2024-01-01,2024-02-29,jan_feb_combined,ai_dynamic_rules,evidence.entity_confidence_mean,0.68285714,3
2024-01-01,2024-02-29,jan_feb_combined,ai_dynamic_rules,evidence.event_strength_mean,0.77714286,3
2024-01-01,2024-02-29,jan_feb_combined,ai_dynamic_rules,frozen_rule.supporting_document_share,0.66666667,3
2024-01-01,2024-02-29,jan_feb_combined,ai_dynamic_rules,frozen_rule.unique_rule_count_log1p,1.38629436,3
2024-01-01,2024-02-29,jan_feb_combined,ai_dynamic_rules,legacy_predicate.confidence.announcement_contains_uncertainty,0.78000000,3
2024-01-01,2024-02-29,jan_feb_combined,ai_dynamic_rules,legacy_predicate.confidence.capacity_policy_support,0.76500000,3
2024-01-01,2024-02-29,jan_feb_combined,ai_dynamic_rules,legacy_predicate.confidence.demand_side_policy,0.74000000,3
2024-01-01,2024-02-29,jan_feb_combined,ai_dynamic_rules,legacy_predicate.confidence.event_evidence_strength,0.92000000,3
2024-01-01,2024-02-29,jan_feb_combined,ai_dynamic_rules,legacy_predicate.confidence.event_has_short_term_price_impact,0.70000000,3
2024-01-01,2024-02-29,jan_feb_combined,ai_dynamic_rules,legacy_predicate.confidence.event_mentions_core_product,0.77500000,3
2024-01-01,2024-02-29,jan_feb_combined,ai_dynamic_rules,legacy_predicate.confidence.evidence_from_authoritative_source,0.94000000,3
2024-01-01,2024-02-29,jan_feb_combined,ai_dynamic_rules,legacy_predicate.confidence.has_policy_support,0.92000000,3
2024-01-01,2024-02-29,jan_feb_combined,ai_dynamic_rules,legacy_predicate.confidence.institutional_attention_increases,0.70000000,3
2024-01-01,2024-02-29,jan_feb_combined,ai_dynamic_rules,legacy_predicate.confidence.investor_questions_increase,0.83000000,3
2024-01-01,2024-02-29,jan_feb_combined,ai_dynamic_rules,legacy_predicate.confidence.management_response_vague,0.76000000,3
2024-01-01,2024-02-29,jan_feb_combined,ai_dynamic_rules,legacy_predicate.confidence.policy_attention_followup,0.77000000,3
2024-01-01,2024-02-29,jan_feb_combined,ai_dynamic_rules,legacy_predicate.confidence.policy_directly_related_to_business,0.78000000,3
2024-01-01,2024-02-29,jan_feb_combined,ai_dynamic_rules,legacy_predicate.confidence.risk_or_uncertainty_disclosure,0.78000000,3
2024-01-01,2024-02-29,jan_feb_combined,ai_dynamic_rules,legacy_predicate.confidence.social_attention_spikes,0.68000000,3
2024-01-01,2024-02-29,jan_feb_combined,ai_dynamic_rules,legacy_predicate.confidence.source_company_announcement,0.82000000,3
2024-01-01,2024-02-29,jan_feb_combined,ai_dynamic_rules,legacy_predicate.confidence.source_government_or_exchange,0.90250000,3
2024-01-01,2024-02-29,jan_feb_combined,ai_dynamic_rules,legacy_predicate.confidence.source_major_media,0.76000000,3
2024-01-01,2024-02-29,jan_feb_combined,ai_dynamic_rules,legacy_predicate.confidence.supply_side_policy,0.74000000,3
2024-01-01,2024-02-29,jan_feb_combined,ai_dynamic_rules,legacy_predicate.mean.announcement_contains_uncertainty,0.00000000,3
2024-01-01,2024-02-29,jan_feb_combined,ai_dynamic_rules,legacy_predicate.mean.capacity_policy_support,0.50000000,3
2024-01-01,2024-02-29,jan_feb_combined,ai_dynamic_rules,legacy_predicate.mean.demand_side_policy,0.00000000,3
2024-01-01,2024-02-29,jan_feb_combined,ai_dynamic_rules,legacy_predicate.mean.event_evidence_strength,0.92000000,3
2024-01-01,2024-02-29,jan_feb_combined,ai_dynamic_rules,legacy_predicate.mean.event_has_short_term_price_impact,0.70500000,3
2024-01-01,2024-02-29,jan_feb_combined,ai_dynamic_rules,legacy_predicate.mean.event_mentions_core_product,0.50000000,3
2024-01-01,2024-02-29,jan_feb_combined,ai_dynamic_rules,legacy_predicate.mean.evidence_from_authoritative_source,1.00000000,3
2024-01-01,2024-02-29,jan_feb_combined,ai_dynamic_rules,legacy_predicate.mean.has_policy_support,0.50000000,3
2024-01-01,2024-02-29,jan_feb_combined,ai_dynamic_rules,legacy_predicate.mean.institutional_attention_increases,0.00000000,3
2024-01-01,2024-02-29,jan_feb_combined,ai_dynamic_rules,legacy_predicate.mean.investor_questions_increase,0.50000000,3
2024-01-01,2024-02-29,jan_feb_combined,ai_dynamic_rules,legacy_predicate.mean.management_response_vague,0.00000000,3
2024-01-01,2024-02-29,jan_feb_combined,ai_dynamic_rules,legacy_predicate.mean.policy_attention_followup,0.50000000,3
2024-01-01,2024-02-29,jan_feb_combined,ai_dynamic_rules,legacy_predicate.mean.policy_directly_related_to_business,0.00000000,3
2024-01-01,2024-02-29,jan_feb_combined,ai_dynamic_rules,legacy_predicate.mean.risk_or_uncertainty_disclosure,0.00000000,3
2024-01-01,2024-02-29,jan_feb_combined,ai_dynamic_rules,legacy_predicate.mean.social_attention_spikes,0.00000000,3
2024-01-01,2024-02-29,jan_feb_combined,ai_dynamic_rules,legacy_predicate.mean.source_company_announcement,0.50000000,3
2024-01-01,2024-02-29,jan_feb_combined,ai_dynamic_rules,legacy_predicate.mean.source_government_or_exchange,1.00000000,3
2024-01-01,2024-02-29,jan_feb_combined,ai_dynamic_rules,legacy_predicate.mean.source_major_media,0.00000000,3
2024-01-01,2024-02-29,jan_feb_combined,ai_dynamic_rules,legacy_predicate.mean.supply_side_policy,0.00000000,3
2024-01-01,2024-02-29,jan_feb_combined,ai_dynamic_rules,macro_predicate.hit_rate.capacity_enters_production,0.00000000,3
2024-01-01,2024-02-29,jan_feb_combined,ai_dynamic_rules,macro_predicate.hit_rate.capacity_under_construction,0.00000000,3
2024-01-01,2024-02-29,jan_feb_combined,ai_dynamic_rules,macro_predicate.hit_rate.export_demand_improves,0.00000000,3
2024-01-01,2024-02-29,jan_feb_combined,ai_dynamic_rules,macro_predicate.hit_rate.financing_constraint_eases,0.00000000,3
2024-01-01,2024-02-29,jan_feb_combined,ai_dynamic_rules,macro_predicate.hit_rate.grid_investment_accelerates,0.00000000,3
2024-01-01,2024-02-29,jan_feb_combined,ai_dynamic_rules,macro_predicate.hit_rate.industry_competition_intensifies,0.66666667,3
2024-01-01,2024-02-29,jan_feb_combined,ai_dynamic_rules,macro_predicate.hit_rate.inventory_pressure_increases,0.33333333,3
2024-01-01,2024-02-29,jan_feb_combined,ai_dynamic_rules,macro_predicate.hit_rate.order_demand_improves,0.00000000,3
2024-01-01,2024-02-29,jan_feb_combined,ai_dynamic_rules,macro_predicate.hit_rate.policy_accelerates_project_implementation,0.33333333,3
2024-01-01,2024-02-29,jan_feb_combined,ai_dynamic_rules,macro_predicate.hit_rate.policy_expands_effective_demand,0.00000000,3
2024-01-01,2024-02-29,jan_feb_combined,ai_dynamic_rules,macro_predicate.hit_rate.product_price_recovers,0.00000000,3
2024-01-01,2024-02-29,jan_feb_combined,ai_dynamic_rules,macro_predicate.hit_rate.raw_material_cost_pressure,0.00000000,3
2024-01-01,2024-02-29,jan_feb_combined,ai_dynamic_rules,macro_predicate.net.capacity_enters_production,0.00000000,3
2024-01-01,2024-02-29,jan_feb_combined,ai_dynamic_rules,macro_predicate.net.capacity_under_construction,0.00000000,3
2024-01-01,2024-02-29,jan_feb_combined,ai_dynamic_rules,macro_predicate.net.export_demand_improves,0.00000000,3
2024-01-01,2024-02-29,jan_feb_combined,ai_dynamic_rules,macro_predicate.net.financing_constraint_eases,0.00000000,3
2024-01-01,2024-02-29,jan_feb_combined,ai_dynamic_rules,macro_predicate.net.grid_investment_accelerates,0.00000000,3
2024-01-01,2024-02-29,jan_feb_combined,ai_dynamic_rules,macro_predicate.net.industry_competition_intensifies,-0.11966667,3
2024-01-01,2024-02-29,jan_feb_combined,ai_dynamic_rules,macro_predicate.net.inventory_pressure_increases,-0.07000000,3
2024-01-01,2024-02-29,jan_feb_combined,ai_dynamic_rules,macro_predicate.net.order_demand_improves,0.00000000,3
2024-01-01,2024-02-29,jan_feb_combined,ai_dynamic_rules,macro_predicate.net.policy_accelerates_project_implementation,0.24866667,3
2024-01-01,2024-02-29,jan_feb_combined,ai_dynamic_rules,macro_predicate.net.policy_expands_effective_demand,0.00000000,3
2024-01-01,2024-02-29,jan_feb_combined,ai_dynamic_rules,macro_predicate.net.product_price_recovers,0.00000000,3
2024-01-01,2024-02-29,jan_feb_combined,ai_dynamic_rules,macro_predicate.net.raw_material_cost_pressure,0.00000000,3
2024-01-01,2024-02-29,jan_feb_combined,ai_dynamic_rules,source.share.announcement,0.00000000,3
2024-01-01,2024-02-29,jan_feb_combined,ai_dynamic_rules,source.share.ir_qa,0.00000000,3
2024-01-01,2024-02-29,jan_feb_combined,ai_dynamic_rules,source.share.news,0.66666667,3
2024-01-01,2024-02-29,jan_feb_combined,ai_dynamic_rules,source.share.policy,0.33333333,3
2024-01-01,2024-02-29,jan_feb_combined,ai_dynamic_rules,topic.share.battery,0.33333333,3
2024-01-01,2024-02-29,jan_feb_combined,ai_dynamic_rules,topic.share.grid,0.00000000,3
2024-01-01,2024-02-29,jan_feb_combined,ai_dynamic_rules,topic.share.photovoltaic,0.33333333,3
2024-01-01,2024-02-29,jan_feb_combined,ai_dynamic_rules,topic.share.storage,0.00000000,3
2024-01-01,2024-02-29,jan_feb_combined,ai_dynamic_rules,topic.share.wind,0.00000000,3
2024-03-01,2024-03-31,month,ai_dynamic_rules,candidate.mean,1.02061000,2
2024-03-01,2024-03-31,month,ai_dynamic_rules,candidate.p25,1.15308800,2
2024-03-01,2024-03-31,month,ai_dynamic_rules,candidate.p50,1.15308800,2
2024-03-01,2024-03-31,month,ai_dynamic_rules,candidate.p75,1.15308800,2
2024-03-01,2024-03-31,month,ai_dynamic_rules,candidate.positive_share,1.00000000,2
2024-03-01,2024-03-31,month,ai_dynamic_rules,candidate.std,0.26495600,2
2024-03-01,2024-03-31,month,ai_dynamic_rules,coverage.ai_annotation_success_rate,1.00000000,2
2024-03-01,2024-03-31,month,ai_dynamic_rules,coverage.document_count_log1p,1.09861229,2
2024-03-01,2024-03-31,month,ai_dynamic_rules,coverage.event_count_log1p,2.19722458,2
2024-03-01,2024-03-31,month,ai_dynamic_rules,coverage.independent_source_count_log1p,1.09861229,2
2024-03-01,2024-03-31,month,ai_dynamic_rules,evidence.entity_confidence_mean,0.74500000,2
2024-03-01,2024-03-31,month,ai_dynamic_rules,evidence.event_strength_mean,0.87000000,2
2024-03-01,2024-03-31,month,ai_dynamic_rules,frozen_rule.supporting_document_share,0.50000000,2
2024-03-01,2024-03-31,month,ai_dynamic_rules,frozen_rule.unique_rule_count_log1p,1.38629436,2
2024-03-01,2024-03-31,month,ai_dynamic_rules,legacy_predicate.confidence.announcement_contains_uncertainty,0.78000000,2
2024-03-01,2024-03-31,month,ai_dynamic_rules,legacy_predicate.confidence.capacity_policy_support,0.74000000,2
2024-03-01,2024-03-31,month,ai_dynamic_rules,legacy_predicate.confidence.demand_side_policy,0.74000000,2
2024-03-01,2024-03-31,month,ai_dynamic_rules,legacy_predicate.confidence.event_evidence_strength,0.92000000,2
2024-03-01,2024-03-31,month,ai_dynamic_rules,legacy_predicate.confidence.event_has_short_term_price_impact,0.70000000,2
2024-03-01,2024-03-31,month,ai_dynamic_rules,legacy_predicate.confidence.event_mentions_core_product,0.74000000,2
2024-03-01,2024-03-31,month,ai_dynamic_rules,legacy_predicate.confidence.evidence_from_authoritative_source,0.94000000,2
2024-03-01,2024-03-31,month,ai_dynamic_rules,legacy_predicate.confidence.has_policy_support,0.94400000,2
2024-03-01,2024-03-31,month,ai_dynamic_rules,legacy_predicate.confidence.institutional_attention_increases,0.70000000,2
2024-03-01,2024-03-31,month,ai_dynamic_rules,legacy_predicate.confidence.investor_questions_increase,0.82000000,2
2024-03-01,2024-03-31,month,ai_dynamic_rules,legacy_predicate.confidence.management_response_vague,0.76000000,2
2024-03-01,2024-03-31,month,ai_dynamic_rules,legacy_predicate.confidence.policy_attention_followup,0.81200000,2
2024-03-01,2024-03-31,month,ai_dynamic_rules,legacy_predicate.confidence.policy_directly_related_to_business,0.78000000,2
2024-03-01,2024-03-31,month,ai_dynamic_rules,legacy_predicate.confidence.risk_or_uncertainty_disclosure,0.79600000,2
2024-03-01,2024-03-31,month,ai_dynamic_rules,legacy_predicate.confidence.social_attention_spikes,0.68000000,2
2024-03-01,2024-03-31,month,ai_dynamic_rules,legacy_predicate.confidence.source_company_announcement,0.81200000,2
2024-03-01,2024-03-31,month,ai_dynamic_rules,legacy_predicate.confidence.source_government_or_exchange,0.91200000,2
2024-03-01,2024-03-31,month,ai_dynamic_rules,legacy_predicate.confidence.source_major_media,0.76000000,2
2024-03-01,2024-03-31,month,ai_dynamic_rules,legacy_predicate.confidence.supply_side_policy,0.74000000,2
2024-03-01,2024-03-31,month,ai_dynamic_rules,legacy_predicate.mean.announcement_contains_uncertainty,0.00000000,2
2024-03-01,2024-03-31,month,ai_dynamic_rules,legacy_predicate.mean.capacity_policy_support,0.00000000,2
2024-03-01,2024-03-31,month,ai_dynamic_rules,legacy_predicate.mean.demand_side_policy,0.00000000,2
2024-03-01,2024-03-31,month,ai_dynamic_rules,legacy_predicate.mean.event_evidence_strength,0.94000000,2
2024-03-01,2024-03-31,month,ai_dynamic_rules,legacy_predicate.mean.event_has_short_term_price_impact,0.78000000,2
2024-03-01,2024-03-31,month,ai_dynamic_rules,legacy_predicate.mean.event_mentions_core_product,0.00000000,2
2024-03-01,2024-03-31,month,ai_dynamic_rules,legacy_predicate.mean.evidence_from_authoritative_source,1.00000000,2
2024-03-01,2024-03-31,month,ai_dynamic_rules,legacy_predicate.mean.has_policy_support,1.00000000,2
2024-03-01,2024-03-31,month,ai_dynamic_rules,legacy_predicate.mean.institutional_attention_increases,0.00000000,2
2024-03-01,2024-03-31,month,ai_dynamic_rules,legacy_predicate.mean.investor_questions_increase,0.00000000,2
2024-03-01,2024-03-31,month,ai_dynamic_rules,legacy_predicate.mean.management_response_vague,0.00000000,2
2024-03-01,2024-03-31,month,ai_dynamic_rules,legacy_predicate.mean.policy_attention_followup,1.00000000,2
2024-03-01,2024-03-31,month,ai_dynamic_rules,legacy_predicate.mean.policy_directly_related_to_business,0.00000000,2
2024-03-01,2024-03-31,month,ai_dynamic_rules,legacy_predicate.mean.risk_or_uncertainty_disclosure,1.00000000,2
2024-03-01,2024-03-31,month,ai_dynamic_rules,legacy_predicate.mean.social_attention_spikes,0.00000000,2
2024-03-01,2024-03-31,month,ai_dynamic_rules,legacy_predicate.mean.source_company_announcement,1.00000000,2
2024-03-01,2024-03-31,month,ai_dynamic_rules,legacy_predicate.mean.source_government_or_exchange,1.00000000,2
2024-03-01,2024-03-31,month,ai_dynamic_rules,legacy_predicate.mean.source_major_media,0.00000000,2
2024-03-01,2024-03-31,month,ai_dynamic_rules,legacy_predicate.mean.supply_side_policy,0.00000000,2
2024-03-01,2024-03-31,month,ai_dynamic_rules,macro_predicate.hit_rate.capacity_enters_production,0.00000000,2
2024-03-01,2024-03-31,month,ai_dynamic_rules,macro_predicate.hit_rate.capacity_under_construction,0.50000000,2
2024-03-01,2024-03-31,month,ai_dynamic_rules,macro_predicate.hit_rate.export_demand_improves,0.00000000,2
2024-03-01,2024-03-31,month,ai_dynamic_rules,macro_predicate.hit_rate.financing_constraint_eases,0.00000000,2
2024-03-01,2024-03-31,month,ai_dynamic_rules,macro_predicate.hit_rate.grid_investment_accelerates,0.00000000,2
2024-03-01,2024-03-31,month,ai_dynamic_rules,macro_predicate.hit_rate.industry_competition_intensifies,0.00000000,2
2024-03-01,2024-03-31,month,ai_dynamic_rules,macro_predicate.hit_rate.inventory_pressure_increases,0.00000000,2
2024-03-01,2024-03-31,month,ai_dynamic_rules,macro_predicate.hit_rate.order_demand_improves,0.00000000,2
2024-03-01,2024-03-31,month,ai_dynamic_rules,macro_predicate.hit_rate.policy_accelerates_project_implementation,0.00000000,2
2024-03-01,2024-03-31,month,ai_dynamic_rules,macro_predicate.hit_rate.policy_expands_effective_demand,0.50000000,2
2024-03-01,2024-03-31,month,ai_dynamic_rules,macro_predicate.hit_rate.product_price_recovers,0.00000000,2
2024-03-01,2024-03-31,month,ai_dynamic_rules,macro_predicate.hit_rate.raw_material_cost_pressure,0.00000000,2
2024-03-01,2024-03-31,month,ai_dynamic_rules,macro_predicate.net.capacity_enters_production,0.00000000,2
2024-03-01,2024-03-31,month,ai_dynamic_rules,macro_predicate.net.capacity_under_construction,0.33570000,2
2024-03-01,2024-03-31,month,ai_dynamic_rules,macro_predicate.net.export_demand_improves,0.00000000,2
2024-03-01,2024-03-31,month,ai_dynamic_rules,macro_predicate.net.financing_constraint_eases,0.00000000,2
2024-03-01,2024-03-31,month,ai_dynamic_rules,macro_predicate.net.grid_investment_accelerates,0.00000000,2
2024-03-01,2024-03-31,month,ai_dynamic_rules,macro_predicate.net.industry_competition_intensifies,0.00000000,2
2024-03-01,2024-03-31,month,ai_dynamic_rules,macro_predicate.net.inventory_pressure_increases,0.00000000,2
2024-03-01,2024-03-31,month,ai_dynamic_rules,macro_predicate.net.order_demand_improves,0.00000000,2
2024-03-01,2024-03-31,month,ai_dynamic_rules,macro_predicate.net.policy_accelerates_project_implementation,0.00000000,2
2024-03-01,2024-03-31,month,ai_dynamic_rules,macro_predicate.net.policy_expands_effective_demand,0.27975000,2
2024-03-01,2024-03-31,month,ai_dynamic_rules,macro_predicate.net.product_price_recovers,0.00000000,2
2024-03-01,2024-03-31,month,ai_dynamic_rules,macro_predicate.net.raw_material_cost_pressure,0.00000000,2
2024-03-01,2024-03-31,month,ai_dynamic_rules,source.share.announcement,0.00000000,2
2024-03-01,2024-03-31,month,ai_dynamic_rules,source.share.ir_qa,0.00000000,2
2024-03-01,2024-03-31,month,ai_dynamic_rules,source.share.news,0.00000000,2
2024-03-01,2024-03-31,month,ai_dynamic_rules,source.share.policy,1.00000000,2
2024-03-01,2024-03-31,month,ai_dynamic_rules,topic.share.battery,0.00000000,2
2024-03-01,2024-03-31,month,ai_dynamic_rules,topic.share.grid,0.00000000,2
2024-03-01,2024-03-31,month,ai_dynamic_rules,topic.share.photovoltaic,0.50000000,2
2024-03-01,2024-03-31,month,ai_dynamic_rules,topic.share.storage,0.00000000,2
2024-03-01,2024-03-31,month,ai_dynamic_rules,topic.share.wind,0.00000000,2
2024-04-01,2024-04-30,month,ai_dynamic_rules,candidate.mean,0.44955600,2
2024-04-01,2024-04-30,month,ai_dynamic_rules,candidate.p25,0.43445050,2
2024-04-01,2024-04-30,month,ai_dynamic_rules,candidate.p50,0.44955600,2
2024-04-01,2024-04-30,month,ai_dynamic_rules,candidate.p75,0.46466150,2
2024-04-01,2024-04-30,month,ai_dynamic_rules,candidate.positive_share,1.00000000,2
2024-04-01,2024-04-30,month,ai_dynamic_rules,candidate.std,0.03021100,2
2024-04-01,2024-04-30,month,ai_dynamic_rules,coverage.ai_annotation_success_rate,1.00000000,2
2024-04-01,2024-04-30,month,ai_dynamic_rules,coverage.document_count_log1p,1.09861229,2
2024-04-01,2024-04-30,month,ai_dynamic_rules,coverage.event_count_log1p,2.39789527,2
2024-04-01,2024-04-30,month,ai_dynamic_rules,coverage.independent_source_count_log1p,1.09861229,2
2024-04-01,2024-04-30,month,ai_dynamic_rules,evidence.entity_confidence_mean,0.78000000,2
2024-04-01,2024-04-30,month,ai_dynamic_rules,evidence.event_strength_mean,0.85000000,2
2024-04-01,2024-04-30,month,ai_dynamic_rules,frozen_rule.supporting_document_share,1.00000000,2
2024-04-01,2024-04-30,month,ai_dynamic_rules,frozen_rule.unique_rule_count_log1p,1.09861229,2
2024-04-01,2024-04-30,month,ai_dynamic_rules,legacy_predicate.confidence.announcement_contains_uncertainty,0.81000000,2
2024-04-01,2024-04-30,month,ai_dynamic_rules,legacy_predicate.confidence.capacity_policy_support,0.74000000,2
2024-04-01,2024-04-30,month,ai_dynamic_rules,legacy_predicate.confidence.demand_side_policy,0.74000000,2
2024-04-01,2024-04-30,month,ai_dynamic_rules,legacy_predicate.confidence.event_evidence_strength,0.92000000,2
2024-04-01,2024-04-30,month,ai_dynamic_rules,legacy_predicate.confidence.event_has_short_term_price_impact,0.70000000,2
2024-04-01,2024-04-30,month,ai_dynamic_rules,legacy_predicate.confidence.event_mentions_core_product,0.81000000,2
2024-04-01,2024-04-30,month,ai_dynamic_rules,legacy_predicate.confidence.evidence_from_authoritative_source,0.94000000,2
2024-04-01,2024-04-30,month,ai_dynamic_rules,legacy_predicate.confidence.has_policy_support,0.88000000,2
2024-04-01,2024-04-30,month,ai_dynamic_rules,legacy_predicate.confidence.institutional_attention_increases,0.70000000,2
2024-04-01,2024-04-30,month,ai_dynamic_rules,legacy_predicate.confidence.investor_questions_increase,0.84000000,2
2024-04-01,2024-04-30,month,ai_dynamic_rules,legacy_predicate.confidence.management_response_vague,0.76000000,2
2024-04-01,2024-04-30,month,ai_dynamic_rules,legacy_predicate.confidence.policy_attention_followup,0.70000000,2
2024-04-01,2024-04-30,month,ai_dynamic_rules,legacy_predicate.confidence.policy_directly_related_to_business,0.78000000,2
2024-04-01,2024-04-30,month,ai_dynamic_rules,legacy_predicate.confidence.risk_or_uncertainty_disclosure,0.82000000,2
2024-04-01,2024-04-30,month,ai_dynamic_rules,legacy_predicate.confidence.social_attention_spikes,0.68000000,2
2024-04-01,2024-04-30,month,ai_dynamic_rules,legacy_predicate.confidence.source_company_announcement,0.86000000,2
2024-04-01,2024-04-30,month,ai_dynamic_rules,legacy_predicate.confidence.source_government_or_exchange,0.85500000,2
2024-04-01,2024-04-30,month,ai_dynamic_rules,legacy_predicate.confidence.source_major_media,0.76000000,2
2024-04-01,2024-04-30,month,ai_dynamic_rules,legacy_predicate.confidence.supply_side_policy,0.74000000,2
2024-04-01,2024-04-30,month,ai_dynamic_rules,legacy_predicate.mean.announcement_contains_uncertainty,0.50000000,2
2024-04-01,2024-04-30,month,ai_dynamic_rules,legacy_predicate.mean.capacity_policy_support,0.00000000,2
2024-04-01,2024-04-30,month,ai_dynamic_rules,legacy_predicate.mean.demand_side_policy,0.00000000,2
2024-04-01,2024-04-30,month,ai_dynamic_rules,legacy_predicate.mean.event_evidence_strength,0.80000000,2
2024-04-01,2024-04-30,month,ai_dynamic_rules,legacy_predicate.mean.event_has_short_term_price_impact,0.54000000,2
2024-04-01,2024-04-30,month,ai_dynamic_rules,legacy_predicate.mean.event_mentions_core_product,0.50000000,2
2024-04-01,2024-04-30,month,ai_dynamic_rules,legacy_predicate.mean.evidence_from_authoritative_source,1.00000000,2
2024-04-01,2024-04-30,month,ai_dynamic_rules,legacy_predicate.mean.has_policy_support,0.00000000,2
2024-04-01,2024-04-30,month,ai_dynamic_rules,legacy_predicate.mean.institutional_attention_increases,0.00000000,2
2024-04-01,2024-04-30,month,ai_dynamic_rules,legacy_predicate.mean.investor_questions_increase,0.50000000,2
2024-04-01,2024-04-30,month,ai_dynamic_rules,legacy_predicate.mean.management_response_vague,0.00000000,2
2024-04-01,2024-04-30,month,ai_dynamic_rules,legacy_predicate.mean.policy_attention_followup,0.00000000,2
2024-04-01,2024-04-30,month,ai_dynamic_rules,legacy_predicate.mean.policy_directly_related_to_business,0.00000000,2
2024-04-01,2024-04-30,month,ai_dynamic_rules,legacy_predicate.mean.risk_or_uncertainty_disclosure,0.50000000,2
2024-04-01,2024-04-30,month,ai_dynamic_rules,legacy_predicate.mean.social_attention_spikes,0.00000000,2
2024-04-01,2024-04-30,month,ai_dynamic_rules,legacy_predicate.mean.source_company_announcement,0.50000000,2
2024-04-01,2024-04-30,month,ai_dynamic_rules,legacy_predicate.mean.source_government_or_exchange,0.50000000,2
2024-04-01,2024-04-30,month,ai_dynamic_rules,legacy_predicate.mean.source_major_media,0.00000000,2
2024-04-01,2024-04-30,month,ai_dynamic_rules,legacy_predicate.mean.supply_side_policy,0.00000000,2
2024-04-01,2024-04-30,month,ai_dynamic_rules,macro_predicate.hit_rate.capacity_enters_production,0.00000000,2
2024-04-01,2024-04-30,month,ai_dynamic_rules,macro_predicate.hit_rate.capacity_under_construction,0.00000000,2
2024-04-01,2024-04-30,month,ai_dynamic_rules,macro_predicate.hit_rate.export_demand_improves,0.00000000,2
2024-04-01,2024-04-30,month,ai_dynamic_rules,macro_predicate.hit_rate.financing_constraint_eases,0.00000000,2
2024-04-01,2024-04-30,month,ai_dynamic_rules,macro_predicate.hit_rate.grid_investment_accelerates,0.00000000,2
2024-04-01,2024-04-30,month,ai_dynamic_rules,macro_predicate.hit_rate.industry_competition_intensifies,0.00000000,2
2024-04-01,2024-04-30,month,ai_dynamic_rules,macro_predicate.hit_rate.inventory_pressure_increases,0.00000000,2
2024-04-01,2024-04-30,month,ai_dynamic_rules,macro_predicate.hit_rate.order_demand_improves,0.00000000,2
2024-04-01,2024-04-30,month,ai_dynamic_rules,macro_predicate.hit_rate.policy_accelerates_project_implementation,0.00000000,2
2024-04-01,2024-04-30,month,ai_dynamic_rules,macro_predicate.hit_rate.policy_expands_effective_demand,0.50000000,2
2024-04-01,2024-04-30,month,ai_dynamic_rules,macro_predicate.hit_rate.product_price_recovers,0.00000000,2
2024-04-01,2024-04-30,month,ai_dynamic_rules,macro_predicate.hit_rate.raw_material_cost_pressure,0.00000000,2
2024-04-01,2024-04-30,month,ai_dynamic_rules,macro_predicate.net.capacity_enters_production,0.00000000,2
2024-04-01,2024-04-30,month,ai_dynamic_rules,macro_predicate.net.capacity_under_construction,0.00000000,2
2024-04-01,2024-04-30,month,ai_dynamic_rules,macro_predicate.net.export_demand_improves,0.00000000,2
2024-04-01,2024-04-30,month,ai_dynamic_rules,macro_predicate.net.financing_constraint_eases,0.00000000,2
2024-04-01,2024-04-30,month,ai_dynamic_rules,macro_predicate.net.grid_investment_accelerates,0.00000000,2
2024-04-01,2024-04-30,month,ai_dynamic_rules,macro_predicate.net.industry_competition_intensifies,0.00000000,2
2024-04-01,2024-04-30,month,ai_dynamic_rules,macro_predicate.net.inventory_pressure_increases,0.00000000,2
2024-04-01,2024-04-30,month,ai_dynamic_rules,macro_predicate.net.order_demand_improves,0.00000000,2
2024-04-01,2024-04-30,month,ai_dynamic_rules,macro_predicate.net.policy_accelerates_project_implementation,0.00000000,2
2024-04-01,2024-04-30,month,ai_dynamic_rules,macro_predicate.net.policy_expands_effective_demand,0.27975000,2
2024-04-01,2024-04-30,month,ai_dynamic_rules,macro_predicate.net.product_price_recovers,0.00000000,2
2024-04-01,2024-04-30,month,ai_dynamic_rules,macro_predicate.net.raw_material_cost_pressure,0.00000000,2
2024-04-01,2024-04-30,month,ai_dynamic_rules,source.share.announcement,0.00000000,2
2024-04-01,2024-04-30,month,ai_dynamic_rules,source.share.ir_qa,0.00000000,2
2024-04-01,2024-04-30,month,ai_dynamic_rules,source.share.news,0.00000000,2
2024-04-01,2024-04-30,month,ai_dynamic_rules,source.share.policy,1.00000000,2
2024-04-01,2024-04-30,month,ai_dynamic_rules,topic.share.battery,0.00000000,2
2024-04-01,2024-04-30,month,ai_dynamic_rules,topic.share.grid,0.00000000,2
2024-04-01,2024-04-30,month,ai_dynamic_rules,topic.share.photovoltaic,0.00000000,2
2024-04-01,2024-04-30,month,ai_dynamic_rules,topic.share.storage,0.50000000,2
2024-04-01,2024-04-30,month,ai_dynamic_rules,topic.share.wind,0.00000000,2
2024-05-01,2024-05-31,month,ai_dynamic_rules,candidate.mean,0.49069800,3
2024-05-01,2024-05-31,month,ai_dynamic_rules,candidate.p25,0.49069800,3
2024-05-01,2024-05-31,month,ai_dynamic_rules,candidate.p50,0.49069800,3
2024-05-01,2024-05-31,month,ai_dynamic_rules,candidate.p75,0.49069800,3
2024-05-01,2024-05-31,month,ai_dynamic_rules,candidate.positive_share,1.00000000,3
2024-05-01,2024-05-31,month,ai_dynamic_rules,candidate.std,0.00000000,3
2024-05-01,2024-05-31,month,ai_dynamic_rules,coverage.ai_annotation_success_rate,1.00000000,3
2024-05-01,2024-05-31,month,ai_dynamic_rules,coverage.document_count_log1p,1.38629436,3
2024-05-01,2024-05-31,month,ai_dynamic_rules,coverage.event_count_log1p,1.94591015,3
2024-05-01,2024-05-31,month,ai_dynamic_rules,coverage.independent_source_count_log1p,1.38629436,3
2024-05-01,2024-05-31,month,ai_dynamic_rules,evidence.entity_confidence_mean,0.68666667,3
2024-05-01,2024-05-31,month,ai_dynamic_rules,evidence.event_strength_mean,0.84000000,3
2024-05-01,2024-05-31,month,ai_dynamic_rules,frozen_rule.supporting_document_share,0.33333333,3
2024-05-01,2024-05-31,month,ai_dynamic_rules,frozen_rule.unique_rule_count_log1p,0.69314718,3
2024-05-01,2024-05-31,month,ai_dynamic_rules,legacy_predicate.confidence.announcement_contains_uncertainty,0.78000000,3
2024-05-01,2024-05-31,month,ai_dynamic_rules,legacy_predicate.confidence.capacity_policy_support,0.74000000,3
2024-05-01,2024-05-31,month,ai_dynamic_rules,legacy_predicate.confidence.demand_side_policy,0.74000000,3
2024-05-01,2024-05-31,month,ai_dynamic_rules,legacy_predicate.confidence.event_evidence_strength,0.92000000,3
2024-05-01,2024-05-31,month,ai_dynamic_rules,legacy_predicate.confidence.event_has_short_term_price_impact,0.70000000,3
2024-05-01,2024-05-31,month,ai_dynamic_rules,legacy_predicate.confidence.event_mentions_core_product,0.74000000,3
2024-05-01,2024-05-31,month,ai_dynamic_rules,legacy_predicate.confidence.evidence_from_authoritative_source,0.94000000,3
2024-05-01,2024-05-31,month,ai_dynamic_rules,legacy_predicate.confidence.has_policy_support,0.88000000,3
2024-05-01,2024-05-31,month,ai_dynamic_rules,legacy_predicate.confidence.institutional_attention_increases,0.70000000,3
2024-05-01,2024-05-31,month,ai_dynamic_rules,legacy_predicate.confidence.investor_questions_increase,0.82000000,3
2024-05-01,2024-05-31,month,ai_dynamic_rules,legacy_predicate.confidence.management_response_vague,0.76000000,3
2024-05-01,2024-05-31,month,ai_dynamic_rules,legacy_predicate.confidence.policy_attention_followup,0.70000000,3
2024-05-01,2024-05-31,month,ai_dynamic_rules,legacy_predicate.confidence.policy_directly_related_to_business,0.78000000,3
2024-05-01,2024-05-31,month,ai_dynamic_rules,legacy_predicate.confidence.risk_or_uncertainty_disclosure,0.86000000,3
2024-05-01,2024-05-31,month,ai_dynamic_rules,legacy_predicate.confidence.social_attention_spikes,0.68000000,3
2024-05-01,2024-05-31,month,ai_dynamic_rules,legacy_predicate.confidence.source_company_announcement,0.94000000,3
2024-05-01,2024-05-31,month,ai_dynamic_rules,legacy_predicate.confidence.source_government_or_exchange,0.76000000,3
2024-05-01,2024-05-31,month,ai_dynamic_rules,legacy_predicate.confidence.source_major_media,0.76000000,3
2024-05-01,2024-05-31,month,ai_dynamic_rules,legacy_predicate.confidence.supply_side_policy,0.74000000,3
2024-05-01,2024-05-31,month,ai_dynamic_rules,legacy_predicate.mean.announcement_contains_uncertainty,0.00000000,3
2024-05-01,2024-05-31,month,ai_dynamic_rules,legacy_predicate.mean.capacity_policy_support,0.00000000,3
2024-05-01,2024-05-31,month,ai_dynamic_rules,legacy_predicate.mean.demand_side_policy,0.00000000,3
2024-05-01,2024-05-31,month,ai_dynamic_rules,legacy_predicate.mean.event_evidence_strength,0.88000000,3
2024-05-01,2024-05-31,month,ai_dynamic_rules,legacy_predicate.mean.event_has_short_term_price_impact,0.64000000,3
2024-05-01,2024-05-31,month,ai_dynamic_rules,legacy_predicate.mean.event_mentions_core_product,0.00000000,3
2024-05-01,2024-05-31,month,ai_dynamic_rules,legacy_predicate.mean.evidence_from_authoritative_source,1.00000000,3
2024-05-01,2024-05-31,month,ai_dynamic_rules,legacy_predicate.mean.has_policy_support,0.00000000,3
2024-05-01,2024-05-31,month,ai_dynamic_rules,legacy_predicate.mean.institutional_attention_increases,0.00000000,3
2024-05-01,2024-05-31,month,ai_dynamic_rules,legacy_predicate.mean.investor_questions_increase,0.00000000,3
2024-05-01,2024-05-31,month,ai_dynamic_rules,legacy_predicate.mean.management_response_vague,0.00000000,3
2024-05-01,2024-05-31,month,ai_dynamic_rules,legacy_predicate.mean.policy_attention_followup,0.00000000,3
2024-05-01,2024-05-31,month,ai_dynamic_rules,legacy_predicate.mean.policy_directly_related_to_business,0.00000000,3
2024-05-01,2024-05-31,month,ai_dynamic_rules,legacy_predicate.mean.risk_or_uncertainty_disclosure,1.00000000,3
2024-05-01,2024-05-31,month,ai_dynamic_rules,legacy_predicate.mean.social_attention_spikes,0.00000000,3
2024-05-01,2024-05-31,month,ai_dynamic_rules,legacy_predicate.mean.source_company_announcement,1.00000000,3
2024-05-01,2024-05-31,month,ai_dynamic_rules,legacy_predicate.mean.source_government_or_exchange,0.00000000,3
2024-05-01,2024-05-31,month,ai_dynamic_rules,legacy_predicate.mean.source_major_media,0.00000000,3
2024-05-01,2024-05-31,month,ai_dynamic_rules,legacy_predicate.mean.supply_side_policy,0.00000000,3
2024-05-01,2024-05-31,month,ai_dynamic_rules,macro_predicate.hit_rate.capacity_enters_production,0.00000000,3
2024-05-01,2024-05-31,month,ai_dynamic_rules,macro_predicate.hit_rate.capacity_under_construction,0.00000000,3
2024-05-01,2024-05-31,month,ai_dynamic_rules,macro_predicate.hit_rate.export_demand_improves,0.00000000,3
2024-05-01,2024-05-31,month,ai_dynamic_rules,macro_predicate.hit_rate.financing_constraint_eases,0.00000000,3
2024-05-01,2024-05-31,month,ai_dynamic_rules,macro_predicate.hit_rate.grid_investment_accelerates,0.00000000,3
2024-05-01,2024-05-31,month,ai_dynamic_rules,macro_predicate.hit_rate.industry_competition_intensifies,0.00000000,3
2024-05-01,2024-05-31,month,ai_dynamic_rules,macro_predicate.hit_rate.inventory_pressure_increases,0.00000000,3
2024-05-01,2024-05-31,month,ai_dynamic_rules,macro_predicate.hit_rate.order_demand_improves,0.00000000,3
2024-05-01,2024-05-31,month,ai_dynamic_rules,macro_predicate.hit_rate.policy_accelerates_project_implementation,0.33333333,3
2024-05-01,2024-05-31,month,ai_dynamic_rules,macro_predicate.hit_rate.policy_expands_effective_demand,0.66666667,3
2024-05-01,2024-05-31,month,ai_dynamic_rules,macro_predicate.hit_rate.product_price_recovers,0.00000000,3
2024-05-01,2024-05-31,month,ai_dynamic_rules,macro_predicate.hit_rate.raw_material_cost_pressure,0.00000000,3
2024-05-01,2024-05-31,month,ai_dynamic_rules,macro_predicate.net.capacity_enters_production,0.00000000,3
2024-05-01,2024-05-31,month,ai_dynamic_rules,macro_predicate.net.capacity_under_construction,0.00000000,3
2024-05-01,2024-05-31,month,ai_dynamic_rules,macro_predicate.net.export_demand_improves,0.00000000,3
2024-05-01,2024-05-31,month,ai_dynamic_rules,macro_predicate.net.financing_constraint_eases,0.00000000,3
2024-05-01,2024-05-31,month,ai_dynamic_rules,macro_predicate.net.grid_investment_accelerates,0.00000000,3
2024-05-01,2024-05-31,month,ai_dynamic_rules,macro_predicate.net.industry_competition_intensifies,0.00000000,3
2024-05-01,2024-05-31,month,ai_dynamic_rules,macro_predicate.net.inventory_pressure_increases,0.00000000,3
2024-05-01,2024-05-31,month,ai_dynamic_rules,macro_predicate.net.order_demand_improves,0.00000000,3
2024-05-01,2024-05-31,month,ai_dynamic_rules,macro_predicate.net.policy_accelerates_project_implementation,0.24866667,3
2024-05-01,2024-05-31,month,ai_dynamic_rules,macro_predicate.net.policy_expands_effective_demand,0.48179167,3
2024-05-01,2024-05-31,month,ai_dynamic_rules,macro_predicate.net.product_price_recovers,0.00000000,3
2024-05-01,2024-05-31,month,ai_dynamic_rules,macro_predicate.net.raw_material_cost_pressure,0.00000000,3
2024-05-01,2024-05-31,month,ai_dynamic_rules,source.share.announcement,0.00000000,3
2024-05-01,2024-05-31,month,ai_dynamic_rules,source.share.ir_qa,0.00000000,3
2024-05-01,2024-05-31,month,ai_dynamic_rules,source.share.news,0.00000000,3
2024-05-01,2024-05-31,month,ai_dynamic_rules,source.share.policy,1.00000000,3
2024-05-01,2024-05-31,month,ai_dynamic_rules,topic.share.battery,0.00000000,3
2024-05-01,2024-05-31,month,ai_dynamic_rules,topic.share.grid,0.00000000,3
2024-05-01,2024-05-31,month,ai_dynamic_rules,topic.share.photovoltaic,0.00000000,3
2024-05-01,2024-05-31,month,ai_dynamic_rules,topic.share.storage,0.00000000,3
2024-05-01,2024-05-31,month,ai_dynamic_rules,topic.share.wind,0.00000000,3
2024-06-01,2024-06-30,month,ai_dynamic_rules,candidate.mean,0.00000000,1
2024-06-01,2024-06-30,month,ai_dynamic_rules,candidate.p25,0.00000000,1
2024-06-01,2024-06-30,month,ai_dynamic_rules,candidate.p50,0.00000000,1
2024-06-01,2024-06-30,month,ai_dynamic_rules,candidate.p75,0.00000000,1
2024-06-01,2024-06-30,month,ai_dynamic_rules,candidate.positive_share,0.00000000,1
2024-06-01,2024-06-30,month,ai_dynamic_rules,candidate.std,0.00000000,1
2024-06-01,2024-06-30,month,ai_dynamic_rules,coverage.ai_annotation_success_rate,1.00000000,1
2024-06-01,2024-06-30,month,ai_dynamic_rules,coverage.document_count_log1p,0.69314718,1
2024-06-01,2024-06-30,month,ai_dynamic_rules,coverage.event_count_log1p,0.00000000,1
2024-06-01,2024-06-30,month,ai_dynamic_rules,coverage.independent_source_count_log1p,0.69314718,1
2024-06-01,2024-06-30,month,ai_dynamic_rules,evidence.entity_confidence_mean,0.64000000,1
2024-06-01,2024-06-30,month,ai_dynamic_rules,evidence.event_strength_mean,0.00000000,1
2024-06-01,2024-06-30,month,ai_dynamic_rules,frozen_rule.supporting_document_share,0.00000000,1
2024-06-01,2024-06-30,month,ai_dynamic_rules,frozen_rule.unique_rule_count_log1p,0.00000000,1
2024-06-01,2024-06-30,month,ai_dynamic_rules,macro_predicate.hit_rate.capacity_enters_production,0.00000000,1
2024-06-01,2024-06-30,month,ai_dynamic_rules,macro_predicate.hit_rate.capacity_under_construction,0.00000000,1
2024-06-01,2024-06-30,month,ai_dynamic_rules,macro_predicate.hit_rate.export_demand_improves,0.00000000,1
2024-06-01,2024-06-30,month,ai_dynamic_rules,macro_predicate.hit_rate.financing_constraint_eases,0.00000000,1
2024-06-01,2024-06-30,month,ai_dynamic_rules,macro_predicate.hit_rate.grid_investment_accelerates,0.00000000,1
2024-06-01,2024-06-30,month,ai_dynamic_rules,macro_predicate.hit_rate.industry_competition_intensifies,0.00000000,1
2024-06-01,2024-06-30,month,ai_dynamic_rules,macro_predicate.hit_rate.inventory_pressure_increases,0.00000000,1
2024-06-01,2024-06-30,month,ai_dynamic_rules,macro_predicate.hit_rate.order_demand_improves,0.00000000,1
2024-06-01,2024-06-30,month,ai_dynamic_rules,macro_predicate.hit_rate.policy_accelerates_project_implementation,0.00000000,1
2024-06-01,2024-06-30,month,ai_dynamic_rules,macro_predicate.hit_rate.policy_expands_effective_demand,0.00000000,1
2024-06-01,2024-06-30,month,ai_dynamic_rules,macro_predicate.hit_rate.product_price_recovers,0.00000000,1
2024-06-01,2024-06-30,month,ai_dynamic_rules,macro_predicate.hit_rate.raw_material_cost_pressure,0.00000000,1
2024-06-01,2024-06-30,month,ai_dynamic_rules,macro_predicate.net.capacity_enters_production,0.00000000,1
2024-06-01,2024-06-30,month,ai_dynamic_rules,macro_predicate.net.capacity_under_construction,0.00000000,1
2024-06-01,2024-06-30,month,ai_dynamic_rules,macro_predicate.net.export_demand_improves,0.00000000,1
2024-06-01,2024-06-30,month,ai_dynamic_rules,macro_predicate.net.financing_constraint_eases,0.00000000,1
2024-06-01,2024-06-30,month,ai_dynamic_rules,macro_predicate.net.grid_investment_accelerates,0.00000000,1
2024-06-01,2024-06-30,month,ai_dynamic_rules,macro_predicate.net.industry_competition_intensifies,0.00000000,1
2024-06-01,2024-06-30,month,ai_dynamic_rules,macro_predicate.net.inventory_pressure_increases,0.00000000,1
2024-06-01,2024-06-30,month,ai_dynamic_rules,macro_predicate.net.order_demand_improves,0.00000000,1
2024-06-01,2024-06-30,month,ai_dynamic_rules,macro_predicate.net.policy_accelerates_project_implementation,0.00000000,1
2024-06-01,2024-06-30,month,ai_dynamic_rules,macro_predicate.net.policy_expands_effective_demand,0.00000000,1
2024-06-01,2024-06-30,month,ai_dynamic_rules,macro_predicate.net.product_price_recovers,0.00000000,1
2024-06-01,2024-06-30,month,ai_dynamic_rules,macro_predicate.net.raw_material_cost_pressure,0.00000000,1
2024-06-01,2024-06-30,month,ai_dynamic_rules,source.share.announcement,0.00000000,1
2024-06-01,2024-06-30,month,ai_dynamic_rules,source.share.ir_qa,0.00000000,1
2024-06-01,2024-06-30,month,ai_dynamic_rules,source.share.news,0.00000000,1
2024-06-01,2024-06-30,month,ai_dynamic_rules,source.share.policy,1.00000000,1
2024-06-01,2024-06-30,month,ai_dynamic_rules,topic.share.battery,0.00000000,1
2024-06-01,2024-06-30,month,ai_dynamic_rules,topic.share.grid,0.00000000,1
2024-06-01,2024-06-30,month,ai_dynamic_rules,topic.share.photovoltaic,0.00000000,1
2024-06-01,2024-06-30,month,ai_dynamic_rules,topic.share.storage,0.00000000,1
2024-06-01,2024-06-30,month,ai_dynamic_rules,topic.share.wind,0.00000000,1
2024-07-01,2024-07-31,month,ai_dynamic_rules,candidate.mean,0.49069800,1
2024-07-01,2024-07-31,month,ai_dynamic_rules,candidate.p25,0.49069800,1
2024-07-01,2024-07-31,month,ai_dynamic_rules,candidate.p50,0.49069800,1
2024-07-01,2024-07-31,month,ai_dynamic_rules,candidate.p75,0.49069800,1
2024-07-01,2024-07-31,month,ai_dynamic_rules,candidate.positive_share,1.00000000,1
2024-07-01,2024-07-31,month,ai_dynamic_rules,candidate.std,0.00000000,1
2024-07-01,2024-07-31,month,ai_dynamic_rules,coverage.ai_annotation_success_rate,1.00000000,1
2024-07-01,2024-07-31,month,ai_dynamic_rules,coverage.document_count_log1p,0.69314718,1
2024-07-01,2024-07-31,month,ai_dynamic_rules,coverage.event_count_log1p,1.94591015,1
2024-07-01,2024-07-31,month,ai_dynamic_rules,coverage.independent_source_count_log1p,0.69314718,1
2024-07-01,2024-07-31,month,ai_dynamic_rules,evidence.entity_confidence_mean,0.64000000,1
2024-07-01,2024-07-31,month,ai_dynamic_rules,evidence.event_strength_mean,0.84000000,1
2024-07-01,2024-07-31,month,ai_dynamic_rules,frozen_rule.supporting_document_share,1.00000000,1
2024-07-01,2024-07-31,month,ai_dynamic_rules,frozen_rule.unique_rule_count_log1p,0.69314718,1
2024-07-01,2024-07-31,month,ai_dynamic_rules,legacy_predicate.confidence.announcement_contains_uncertainty,0.78000000,1
2024-07-01,2024-07-31,month,ai_dynamic_rules,legacy_predicate.confidence.capacity_policy_support,0.74000000,1
2024-07-01,2024-07-31,month,ai_dynamic_rules,legacy_predicate.confidence.demand_side_policy,0.74000000,1
2024-07-01,2024-07-31,month,ai_dynamic_rules,legacy_predicate.confidence.event_evidence_strength,0.92000000,1
2024-07-01,2024-07-31,month,ai_dynamic_rules,legacy_predicate.confidence.event_has_short_term_price_impact,0.70000000,1
2024-07-01,2024-07-31,month,ai_dynamic_rules,legacy_predicate.confidence.event_mentions_core_product,0.74000000,1
2024-07-01,2024-07-31,month,ai_dynamic_rules,legacy_predicate.confidence.evidence_from_authoritative_source,0.94000000,1
2024-07-01,2024-07-31,month,ai_dynamic_rules,legacy_predicate.confidence.has_policy_support,0.88000000,1
2024-07-01,2024-07-31,month,ai_dynamic_rules,legacy_predicate.confidence.institutional_attention_increases,0.70000000,1
2024-07-01,2024-07-31,month,ai_dynamic_rules,legacy_predicate.confidence.investor_questions_increase,0.82000000,1
2024-07-01,2024-07-31,month,ai_dynamic_rules,legacy_predicate.confidence.management_response_vague,0.76000000,1
2024-07-01,2024-07-31,month,ai_dynamic_rules,legacy_predicate.confidence.policy_attention_followup,0.70000000,1
2024-07-01,2024-07-31,month,ai_dynamic_rules,legacy_predicate.confidence.policy_directly_related_to_business,0.78000000,1
2024-07-01,2024-07-31,month,ai_dynamic_rules,legacy_predicate.confidence.risk_or_uncertainty_disclosure,0.86000000,1
2024-07-01,2024-07-31,month,ai_dynamic_rules,legacy_predicate.confidence.social_attention_spikes,0.68000000,1
2024-07-01,2024-07-31,month,ai_dynamic_rules,legacy_predicate.confidence.source_company_announcement,0.94000000,1
2024-07-01,2024-07-31,month,ai_dynamic_rules,legacy_predicate.confidence.source_government_or_exchange,0.76000000,1
2024-07-01,2024-07-31,month,ai_dynamic_rules,legacy_predicate.confidence.source_major_media,0.76000000,1
2024-07-01,2024-07-31,month,ai_dynamic_rules,legacy_predicate.confidence.supply_side_policy,0.74000000,1
2024-07-01,2024-07-31,month,ai_dynamic_rules,legacy_predicate.mean.announcement_contains_uncertainty,0.00000000,1
2024-07-01,2024-07-31,month,ai_dynamic_rules,legacy_predicate.mean.capacity_policy_support,0.00000000,1
2024-07-01,2024-07-31,month,ai_dynamic_rules,legacy_predicate.mean.demand_side_policy,0.00000000,1
2024-07-01,2024-07-31,month,ai_dynamic_rules,legacy_predicate.mean.event_evidence_strength,0.88000000,1
2024-07-01,2024-07-31,month,ai_dynamic_rules,legacy_predicate.mean.event_has_short_term_price_impact,0.64000000,1
2024-07-01,2024-07-31,month,ai_dynamic_rules,legacy_predicate.mean.event_mentions_core_product,0.00000000,1
2024-07-01,2024-07-31,month,ai_dynamic_rules,legacy_predicate.mean.evidence_from_authoritative_source,1.00000000,1
2024-07-01,2024-07-31,month,ai_dynamic_rules,legacy_predicate.mean.has_policy_support,0.00000000,1
2024-07-01,2024-07-31,month,ai_dynamic_rules,legacy_predicate.mean.institutional_attention_increases,0.00000000,1
2024-07-01,2024-07-31,month,ai_dynamic_rules,legacy_predicate.mean.investor_questions_increase,0.00000000,1
2024-07-01,2024-07-31,month,ai_dynamic_rules,legacy_predicate.mean.management_response_vague,0.00000000,1
2024-07-01,2024-07-31,month,ai_dynamic_rules,legacy_predicate.mean.policy_attention_followup,0.00000000,1
2024-07-01,2024-07-31,month,ai_dynamic_rules,legacy_predicate.mean.policy_directly_related_to_business,0.00000000,1
2024-07-01,2024-07-31,month,ai_dynamic_rules,legacy_predicate.mean.risk_or_uncertainty_disclosure,1.00000000,1
2024-07-01,2024-07-31,month,ai_dynamic_rules,legacy_predicate.mean.social_attention_spikes,0.00000000,1
2024-07-01,2024-07-31,month,ai_dynamic_rules,legacy_predicate.mean.source_company_announcement,1.00000000,1
2024-07-01,2024-07-31,month,ai_dynamic_rules,legacy_predicate.mean.source_government_or_exchange,0.00000000,1
2024-07-01,2024-07-31,month,ai_dynamic_rules,legacy_predicate.mean.source_major_media,0.00000000,1
2024-07-01,2024-07-31,month,ai_dynamic_rules,legacy_predicate.mean.supply_side_policy,0.00000000,1
2024-07-01,2024-07-31,month,ai_dynamic_rules,macro_predicate.hit_rate.capacity_enters_production,0.00000000,1
2024-07-01,2024-07-31,month,ai_dynamic_rules,macro_predicate.hit_rate.capacity_under_construction,0.00000000,1
2024-07-01,2024-07-31,month,ai_dynamic_rules,macro_predicate.hit_rate.export_demand_improves,0.00000000,1
2024-07-01,2024-07-31,month,ai_dynamic_rules,macro_predicate.hit_rate.financing_constraint_eases,0.00000000,1
2024-07-01,2024-07-31,month,ai_dynamic_rules,macro_predicate.hit_rate.grid_investment_accelerates,0.00000000,1
2024-07-01,2024-07-31,month,ai_dynamic_rules,macro_predicate.hit_rate.industry_competition_intensifies,0.00000000,1
2024-07-01,2024-07-31,month,ai_dynamic_rules,macro_predicate.hit_rate.inventory_pressure_increases,0.00000000,1
2024-07-01,2024-07-31,month,ai_dynamic_rules,macro_predicate.hit_rate.order_demand_improves,0.00000000,1
2024-07-01,2024-07-31,month,ai_dynamic_rules,macro_predicate.hit_rate.policy_accelerates_project_implementation,1.00000000,1
2024-07-01,2024-07-31,month,ai_dynamic_rules,macro_predicate.hit_rate.policy_expands_effective_demand,0.00000000,1
2024-07-01,2024-07-31,month,ai_dynamic_rules,macro_predicate.hit_rate.product_price_recovers,0.00000000,1
2024-07-01,2024-07-31,month,ai_dynamic_rules,macro_predicate.hit_rate.raw_material_cost_pressure,0.00000000,1
2024-07-01,2024-07-31,month,ai_dynamic_rules,macro_predicate.net.capacity_enters_production,0.00000000,1
2024-07-01,2024-07-31,month,ai_dynamic_rules,macro_predicate.net.capacity_under_construction,0.00000000,1
2024-07-01,2024-07-31,month,ai_dynamic_rules,macro_predicate.net.export_demand_improves,0.00000000,1
2024-07-01,2024-07-31,month,ai_dynamic_rules,macro_predicate.net.financing_constraint_eases,0.00000000,1
2024-07-01,2024-07-31,month,ai_dynamic_rules,macro_predicate.net.grid_investment_accelerates,0.00000000,1
2024-07-01,2024-07-31,month,ai_dynamic_rules,macro_predicate.net.industry_competition_intensifies,0.00000000,1
2024-07-01,2024-07-31,month,ai_dynamic_rules,macro_predicate.net.inventory_pressure_increases,0.00000000,1
2024-07-01,2024-07-31,month,ai_dynamic_rules,macro_predicate.net.order_demand_improves,0.00000000,1
2024-07-01,2024-07-31,month,ai_dynamic_rules,macro_predicate.net.policy_accelerates_project_implementation,0.74600000,1
2024-07-01,2024-07-31,month,ai_dynamic_rules,macro_predicate.net.policy_expands_effective_demand,0.00000000,1
2024-07-01,2024-07-31,month,ai_dynamic_rules,macro_predicate.net.product_price_recovers,0.00000000,1
2024-07-01,2024-07-31,month,ai_dynamic_rules,macro_predicate.net.raw_material_cost_pressure,0.00000000,1
2024-07-01,2024-07-31,month,ai_dynamic_rules,source.share.announcement,0.00000000,1
2024-07-01,2024-07-31,month,ai_dynamic_rules,source.share.ir_qa,0.00000000,1
2024-07-01,2024-07-31,month,ai_dynamic_rules,source.share.news,0.00000000,1
2024-07-01,2024-07-31,month,ai_dynamic_rules,source.share.policy,1.00000000,1
2024-07-01,2024-07-31,month,ai_dynamic_rules,topic.share.battery,0.00000000,1
2024-07-01,2024-07-31,month,ai_dynamic_rules,topic.share.grid,0.00000000,1
2024-07-01,2024-07-31,month,ai_dynamic_rules,topic.share.photovoltaic,0.00000000,1
2024-07-01,2024-07-31,month,ai_dynamic_rules,topic.share.storage,0.00000000,1
2024-07-01,2024-07-31,month,ai_dynamic_rules,topic.share.wind,0.00000000,1
2024-08-01,2024-08-31,month,ai_dynamic_rules,candidate.mean,0.00000000,4
2024-08-01,2024-08-31,month,ai_dynamic_rules,candidate.p25,0.00000000,4
2024-08-01,2024-08-31,month,ai_dynamic_rules,candidate.p50,0.00000000,4
2024-08-01,2024-08-31,month,ai_dynamic_rules,candidate.p75,0.00000000,4
2024-08-01,2024-08-31,month,ai_dynamic_rules,candidate.positive_share,0.00000000,4
2024-08-01,2024-08-31,month,ai_dynamic_rules,candidate.std,0.00000000,4
2024-08-01,2024-08-31,month,ai_dynamic_rules,coverage.ai_annotation_success_rate,1.00000000,4
2024-08-01,2024-08-31,month,ai_dynamic_rules,coverage.document_count_log1p,1.60943791,4
2024-08-01,2024-08-31,month,ai_dynamic_rules,coverage.event_count_log1p,3.21887582,4
2024-08-01,2024-08-31,month,ai_dynamic_rules,coverage.independent_source_count_log1p,1.60943791,4
2024-08-01,2024-08-31,month,ai_dynamic_rules,evidence.entity_confidence_mean,0.66142857,4
2024-08-01,2024-08-31,month,ai_dynamic_rules,evidence.event_strength_mean,0.83000000,4
2024-08-01,2024-08-31,month,ai_dynamic_rules,frozen_rule.supporting_document_share,0.00000000,4
2024-08-01,2024-08-31,month,ai_dynamic_rules,frozen_rule.unique_rule_count_log1p,0.00000000,4
2024-08-01,2024-08-31,month,ai_dynamic_rules,legacy_predicate.confidence.announcement_contains_uncertainty,0.78000000,4
2024-08-01,2024-08-31,month,ai_dynamic_rules,legacy_predicate.confidence.capacity_policy_support,0.74000000,4
2024-08-01,2024-08-31,month,ai_dynamic_rules,legacy_predicate.confidence.demand_side_policy,0.74000000,4
2024-08-01,2024-08-31,month,ai_dynamic_rules,legacy_predicate.confidence.event_evidence_strength,0.92000000,4
2024-08-01,2024-08-31,month,ai_dynamic_rules,legacy_predicate.confidence.event_has_short_term_price_impact,0.70000000,4
2024-08-01,2024-08-31,month,ai_dynamic_rules,legacy_predicate.confidence.event_mentions_core_product,0.88000000,4
2024-08-01,2024-08-31,month,ai_dynamic_rules,legacy_predicate.confidence.evidence_from_authoritative_source,0.72000000,4
2024-08-01,2024-08-31,month,ai_dynamic_rules,legacy_predicate.confidence.has_policy_support,0.88000000,4
2024-08-01,2024-08-31,month,ai_dynamic_rules,legacy_predicate.confidence.institutional_attention_increases,0.70000000,4
2024-08-01,2024-08-31,month,ai_dynamic_rules,legacy_predicate.confidence.investor_questions_increase,0.82000000,4
2024-08-01,2024-08-31,month,ai_dynamic_rules,legacy_predicate.confidence.management_response_vague,0.76000000,4
2024-08-01,2024-08-31,month,ai_dynamic_rules,legacy_predicate.confidence.policy_attention_followup,0.84000000,4
2024-08-01,2024-08-31,month,ai_dynamic_rules,legacy_predicate.confidence.policy_directly_related_to_business,0.78000000,4
2024-08-01,2024-08-31,month,ai_dynamic_rules,legacy_predicate.confidence.risk_or_uncertainty_disclosure,0.78000000,4
2024-08-01,2024-08-31,month,ai_dynamic_rules,legacy_predicate.confidence.social_attention_spikes,0.68000000,4
2024-08-01,2024-08-31,month,ai_dynamic_rules,legacy_predicate.confidence.source_company_announcement,0.78000000,4
2024-08-01,2024-08-31,month,ai_dynamic_rules,legacy_predicate.confidence.source_government_or_exchange,0.76000000,4
2024-08-01,2024-08-31,month,ai_dynamic_rules,legacy_predicate.confidence.source_major_media,0.76000000,4
2024-08-01,2024-08-31,month,ai_dynamic_rules,legacy_predicate.confidence.supply_side_policy,0.74000000,4
2024-08-01,2024-08-31,month,ai_dynamic_rules,legacy_predicate.mean.announcement_contains_uncertainty,0.00000000,4
2024-08-01,2024-08-31,month,ai_dynamic_rules,legacy_predicate.mean.capacity_policy_support,0.00000000,4
2024-08-01,2024-08-31,month,ai_dynamic_rules,legacy_predicate.mean.demand_side_policy,0.00000000,4
2024-08-01,2024-08-31,month,ai_dynamic_rules,legacy_predicate.mean.event_evidence_strength,0.76000000,4
2024-08-01,2024-08-31,month,ai_dynamic_rules,legacy_predicate.mean.event_has_short_term_price_impact,0.68000000,4
2024-08-01,2024-08-31,month,ai_dynamic_rules,legacy_predicate.mean.event_mentions_core_product,1.00000000,4
2024-08-01,2024-08-31,month,ai_dynamic_rules,legacy_predicate.mean.evidence_from_authoritative_source,0.00000000,4
2024-08-01,2024-08-31,month,ai_dynamic_rules,legacy_predicate.mean.has_policy_support,0.00000000,4
2024-08-01,2024-08-31,month,ai_dynamic_rules,legacy_predicate.mean.institutional_attention_increases,0.00000000,4
2024-08-01,2024-08-31,month,ai_dynamic_rules,legacy_predicate.mean.investor_questions_increase,0.00000000,4
2024-08-01,2024-08-31,month,ai_dynamic_rules,legacy_predicate.mean.management_response_vague,0.00000000,4
2024-08-01,2024-08-31,month,ai_dynamic_rules,legacy_predicate.mean.policy_attention_followup,1.00000000,4
2024-08-01,2024-08-31,month,ai_dynamic_rules,legacy_predicate.mean.policy_directly_related_to_business,0.00000000,4
2024-08-01,2024-08-31,month,ai_dynamic_rules,legacy_predicate.mean.risk_or_uncertainty_disclosure,0.00000000,4
2024-08-01,2024-08-31,month,ai_dynamic_rules,legacy_predicate.mean.social_attention_spikes,0.00000000,4
2024-08-01,2024-08-31,month,ai_dynamic_rules,legacy_predicate.mean.source_company_announcement,0.00000000,4
2024-08-01,2024-08-31,month,ai_dynamic_rules,legacy_predicate.mean.source_government_or_exchange,0.00000000,4
2024-08-01,2024-08-31,month,ai_dynamic_rules,legacy_predicate.mean.source_major_media,0.00000000,4
2024-08-01,2024-08-31,month,ai_dynamic_rules,legacy_predicate.mean.supply_side_policy,0.00000000,4
2024-08-01,2024-08-31,month,ai_dynamic_rules,macro_predicate.hit_rate.capacity_enters_production,0.00000000,4
2024-08-01,2024-08-31,month,ai_dynamic_rules,macro_predicate.hit_rate.capacity_under_construction,0.00000000,4
2024-08-01,2024-08-31,month,ai_dynamic_rules,macro_predicate.hit_rate.export_demand_improves,0.25000000,4
2024-08-01,2024-08-31,month,ai_dynamic_rules,macro_predicate.hit_rate.financing_constraint_eases,0.00000000,4
2024-08-01,2024-08-31,month,ai_dynamic_rules,macro_predicate.hit_rate.grid_investment_accelerates,0.25000000,4
2024-08-01,2024-08-31,month,ai_dynamic_rules,macro_predicate.hit_rate.industry_competition_intensifies,0.00000000,4
2024-08-01,2024-08-31,month,ai_dynamic_rules,macro_predicate.hit_rate.inventory_pressure_increases,0.00000000,4
2024-08-01,2024-08-31,month,ai_dynamic_rules,macro_predicate.hit_rate.order_demand_improves,0.00000000,4
2024-08-01,2024-08-31,month,ai_dynamic_rules,macro_predicate.hit_rate.policy_accelerates_project_implementation,0.25000000,4
2024-08-01,2024-08-31,month,ai_dynamic_rules,macro_predicate.hit_rate.policy_expands_effective_demand,0.25000000,4
2024-08-01,2024-08-31,month,ai_dynamic_rules,macro_predicate.hit_rate.product_price_recovers,0.00000000,4
2024-08-01,2024-08-31,month,ai_dynamic_rules,macro_predicate.hit_rate.raw_material_cost_pressure,0.00000000,4
2024-08-01,2024-08-31,month,ai_dynamic_rules,macro_predicate.net.capacity_enters_production,0.00000000,4
2024-08-01,2024-08-31,month,ai_dynamic_rules,macro_predicate.net.capacity_under_construction,0.00000000,4
2024-08-01,2024-08-31,month,ai_dynamic_rules,macro_predicate.net.export_demand_improves,0.14175000,4
2024-08-01,2024-08-31,month,ai_dynamic_rules,macro_predicate.net.financing_constraint_eases,0.00000000,4
2024-08-01,2024-08-31,month,ai_dynamic_rules,macro_predicate.net.grid_investment_accelerates,0.07000000,4
2024-08-01,2024-08-31,month,ai_dynamic_rules,macro_predicate.net.industry_competition_intensifies,0.00000000,4
2024-08-01,2024-08-31,month,ai_dynamic_rules,macro_predicate.net.inventory_pressure_increases,0.00000000,4
2024-08-01,2024-08-31,month,ai_dynamic_rules,macro_predicate.net.order_demand_improves,0.00000000,4
2024-08-01,2024-08-31,month,ai_dynamic_rules,macro_predicate.net.policy_accelerates_project_implementation,0.04375000,4
2024-08-01,2024-08-31,month,ai_dynamic_rules,macro_predicate.net.policy_expands_effective_demand,0.05250000,4
2024-08-01,2024-08-31,month,ai_dynamic_rules,macro_predicate.net.product_price_recovers,0.00000000,4
2024-08-01,2024-08-31,month,ai_dynamic_rules,macro_predicate.net.raw_material_cost_pressure,0.00000000,4
2024-08-01,2024-08-31,month,ai_dynamic_rules,source.share.announcement,0.00000000,4
2024-08-01,2024-08-31,month,ai_dynamic_rules,source.share.ir_qa,0.00000000,4
2024-08-01,2024-08-31,month,ai_dynamic_rules,source.share.news,0.50000000,4
2024-08-01,2024-08-31,month,ai_dynamic_rules,source.share.policy,0.50000000,4
2024-08-01,2024-08-31,month,ai_dynamic_rules,topic.share.battery,0.25000000,4
2024-08-01,2024-08-31,month,ai_dynamic_rules,topic.share.grid,0.25000000,4
2024-08-01,2024-08-31,month,ai_dynamic_rules,topic.share.photovoltaic,0.00000000,4
2024-08-01,2024-08-31,month,ai_dynamic_rules,topic.share.storage,0.25000000,4
2024-08-01,2024-08-31,month,ai_dynamic_rules,topic.share.wind,0.00000000,4
2024-09-01,2024-09-30,month,ai_dynamic_rules,candidate.mean,0.00000000,1
2024-09-01,2024-09-30,month,ai_dynamic_rules,candidate.p25,0.00000000,1
2024-09-01,2024-09-30,month,ai_dynamic_rules,candidate.p50,0.00000000,1
2024-09-01,2024-09-30,month,ai_dynamic_rules,candidate.p75,0.00000000,1
2024-09-01,2024-09-30,month,ai_dynamic_rules,candidate.positive_share,0.00000000,1
2024-09-01,2024-09-30,month,ai_dynamic_rules,candidate.std,0.00000000,1
2024-09-01,2024-09-30,month,ai_dynamic_rules,coverage.ai_annotation_success_rate,1.00000000,1
2024-09-01,2024-09-30,month,ai_dynamic_rules,coverage.document_count_log1p,0.69314718,1
2024-09-01,2024-09-30,month,ai_dynamic_rules,coverage.event_count_log1p,0.00000000,1
2024-09-01,2024-09-30,month,ai_dynamic_rules,coverage.independent_source_count_log1p,0.69314718,1
2024-09-01,2024-09-30,month,ai_dynamic_rules,evidence.entity_confidence_mean,0.64000000,1
2024-09-01,2024-09-30,month,ai_dynamic_rules,evidence.event_strength_mean,0.00000000,1
2024-09-01,2024-09-30,month,ai_dynamic_rules,frozen_rule.supporting_document_share,0.00000000,1
2024-09-01,2024-09-30,month,ai_dynamic_rules,frozen_rule.unique_rule_count_log1p,0.00000000,1
2024-09-01,2024-09-30,month,ai_dynamic_rules,macro_predicate.hit_rate.capacity_enters_production,0.00000000,1
2024-09-01,2024-09-30,month,ai_dynamic_rules,macro_predicate.hit_rate.capacity_under_construction,0.00000000,1
2024-09-01,2024-09-30,month,ai_dynamic_rules,macro_predicate.hit_rate.export_demand_improves,0.00000000,1
2024-09-01,2024-09-30,month,ai_dynamic_rules,macro_predicate.hit_rate.financing_constraint_eases,0.00000000,1
2024-09-01,2024-09-30,month,ai_dynamic_rules,macro_predicate.hit_rate.grid_investment_accelerates,0.00000000,1
2024-09-01,2024-09-30,month,ai_dynamic_rules,macro_predicate.hit_rate.industry_competition_intensifies,0.00000000,1
2024-09-01,2024-09-30,month,ai_dynamic_rules,macro_predicate.hit_rate.inventory_pressure_increases,0.00000000,1
2024-09-01,2024-09-30,month,ai_dynamic_rules,macro_predicate.hit_rate.order_demand_improves,0.00000000,1
2024-09-01,2024-09-30,month,ai_dynamic_rules,macro_predicate.hit_rate.policy_accelerates_project_implementation,0.00000000,1
2024-09-01,2024-09-30,month,ai_dynamic_rules,macro_predicate.hit_rate.policy_expands_effective_demand,0.00000000,1
2024-09-01,2024-09-30,month,ai_dynamic_rules,macro_predicate.hit_rate.product_price_recovers,0.00000000,1
2024-09-01,2024-09-30,month,ai_dynamic_rules,macro_predicate.hit_rate.raw_material_cost_pressure,0.00000000,1
2024-09-01,2024-09-30,month,ai_dynamic_rules,macro_predicate.net.capacity_enters_production,0.00000000,1
2024-09-01,2024-09-30,month,ai_dynamic_rules,macro_predicate.net.capacity_under_construction,0.00000000,1
2024-09-01,2024-09-30,month,ai_dynamic_rules,macro_predicate.net.export_demand_improves,0.00000000,1
2024-09-01,2024-09-30,month,ai_dynamic_rules,macro_predicate.net.financing_constraint_eases,0.00000000,1
2024-09-01,2024-09-30,month,ai_dynamic_rules,macro_predicate.net.grid_investment_accelerates,0.00000000,1
2024-09-01,2024-09-30,month,ai_dynamic_rules,macro_predicate.net.industry_competition_intensifies,0.00000000,1
2024-09-01,2024-09-30,month,ai_dynamic_rules,macro_predicate.net.inventory_pressure_increases,0.00000000,1
2024-09-01,2024-09-30,month,ai_dynamic_rules,macro_predicate.net.order_demand_improves,0.00000000,1
2024-09-01,2024-09-30,month,ai_dynamic_rules,macro_predicate.net.policy_accelerates_project_implementation,0.00000000,1
2024-09-01,2024-09-30,month,ai_dynamic_rules,macro_predicate.net.policy_expands_effective_demand,0.00000000,1
2024-09-01,2024-09-30,month,ai_dynamic_rules,macro_predicate.net.product_price_recovers,0.00000000,1
2024-09-01,2024-09-30,month,ai_dynamic_rules,macro_predicate.net.raw_material_cost_pressure,0.00000000,1
2024-09-01,2024-09-30,month,ai_dynamic_rules,source.share.announcement,0.00000000,1
2024-09-01,2024-09-30,month,ai_dynamic_rules,source.share.ir_qa,0.00000000,1
2024-09-01,2024-09-30,month,ai_dynamic_rules,source.share.news,0.00000000,1
2024-09-01,2024-09-30,month,ai_dynamic_rules,source.share.policy,1.00000000,1
2024-09-01,2024-09-30,month,ai_dynamic_rules,topic.share.battery,0.00000000,1
2024-09-01,2024-09-30,month,ai_dynamic_rules,topic.share.grid,0.00000000,1
2024-09-01,2024-09-30,month,ai_dynamic_rules,topic.share.photovoltaic,0.00000000,1
2024-09-01,2024-09-30,month,ai_dynamic_rules,topic.share.storage,0.00000000,1
2024-09-01,2024-09-30,month,ai_dynamic_rules,topic.share.wind,0.00000000,1
2024-10-01,2024-10-31,month,ai_dynamic_rules,candidate.mean,0.00000000,1
2024-10-01,2024-10-31,month,ai_dynamic_rules,candidate.p25,0.00000000,1
2024-10-01,2024-10-31,month,ai_dynamic_rules,candidate.p50,0.00000000,1
2024-10-01,2024-10-31,month,ai_dynamic_rules,candidate.p75,0.00000000,1
2024-10-01,2024-10-31,month,ai_dynamic_rules,candidate.positive_share,0.00000000,1
2024-10-01,2024-10-31,month,ai_dynamic_rules,candidate.std,0.00000000,1
2024-10-01,2024-10-31,month,ai_dynamic_rules,coverage.ai_annotation_success_rate,1.00000000,1
2024-10-01,2024-10-31,month,ai_dynamic_rules,coverage.document_count_log1p,0.69314718,1
2024-10-01,2024-10-31,month,ai_dynamic_rules,coverage.event_count_log1p,0.00000000,1
2024-10-01,2024-10-31,month,ai_dynamic_rules,coverage.independent_source_count_log1p,0.69314718,1
2024-10-01,2024-10-31,month,ai_dynamic_rules,evidence.entity_confidence_mean,0.58000000,1
2024-10-01,2024-10-31,month,ai_dynamic_rules,evidence.event_strength_mean,0.00000000,1
2024-10-01,2024-10-31,month,ai_dynamic_rules,frozen_rule.supporting_document_share,0.00000000,1
2024-10-01,2024-10-31,month,ai_dynamic_rules,frozen_rule.unique_rule_count_log1p,0.00000000,1
2024-10-01,2024-10-31,month,ai_dynamic_rules,macro_predicate.hit_rate.capacity_enters_production,0.00000000,1
2024-10-01,2024-10-31,month,ai_dynamic_rules,macro_predicate.hit_rate.capacity_under_construction,0.00000000,1
2024-10-01,2024-10-31,month,ai_dynamic_rules,macro_predicate.hit_rate.export_demand_improves,0.00000000,1
2024-10-01,2024-10-31,month,ai_dynamic_rules,macro_predicate.hit_rate.financing_constraint_eases,0.00000000,1
2024-10-01,2024-10-31,month,ai_dynamic_rules,macro_predicate.hit_rate.grid_investment_accelerates,0.00000000,1
2024-10-01,2024-10-31,month,ai_dynamic_rules,macro_predicate.hit_rate.industry_competition_intensifies,0.00000000,1
2024-10-01,2024-10-31,month,ai_dynamic_rules,macro_predicate.hit_rate.inventory_pressure_increases,0.00000000,1
2024-10-01,2024-10-31,month,ai_dynamic_rules,macro_predicate.hit_rate.order_demand_improves,0.00000000,1
2024-10-01,2024-10-31,month,ai_dynamic_rules,macro_predicate.hit_rate.policy_accelerates_project_implementation,0.00000000,1
2024-10-01,2024-10-31,month,ai_dynamic_rules,macro_predicate.hit_rate.policy_expands_effective_demand,0.00000000,1
2024-10-01,2024-10-31,month,ai_dynamic_rules,macro_predicate.hit_rate.product_price_recovers,0.00000000,1
2024-10-01,2024-10-31,month,ai_dynamic_rules,macro_predicate.hit_rate.raw_material_cost_pressure,0.00000000,1
2024-10-01,2024-10-31,month,ai_dynamic_rules,macro_predicate.net.capacity_enters_production,0.00000000,1
2024-10-01,2024-10-31,month,ai_dynamic_rules,macro_predicate.net.capacity_under_construction,0.00000000,1
2024-10-01,2024-10-31,month,ai_dynamic_rules,macro_predicate.net.export_demand_improves,0.00000000,1
2024-10-01,2024-10-31,month,ai_dynamic_rules,macro_predicate.net.financing_constraint_eases,0.00000000,1
2024-10-01,2024-10-31,month,ai_dynamic_rules,macro_predicate.net.grid_investment_accelerates,0.00000000,1
2024-10-01,2024-10-31,month,ai_dynamic_rules,macro_predicate.net.industry_competition_intensifies,0.00000000,1
2024-10-01,2024-10-31,month,ai_dynamic_rules,macro_predicate.net.inventory_pressure_increases,0.00000000,1
2024-10-01,2024-10-31,month,ai_dynamic_rules,macro_predicate.net.order_demand_improves,0.00000000,1
2024-10-01,2024-10-31,month,ai_dynamic_rules,macro_predicate.net.policy_accelerates_project_implementation,0.00000000,1
2024-10-01,2024-10-31,month,ai_dynamic_rules,macro_predicate.net.policy_expands_effective_demand,0.00000000,1
2024-10-01,2024-10-31,month,ai_dynamic_rules,macro_predicate.net.product_price_recovers,0.00000000,1
2024-10-01,2024-10-31,month,ai_dynamic_rules,macro_predicate.net.raw_material_cost_pressure,0.00000000,1
2024-10-01,2024-10-31,month,ai_dynamic_rules,source.share.announcement,0.00000000,1
2024-10-01,2024-10-31,month,ai_dynamic_rules,source.share.ir_qa,0.00000000,1
2024-10-01,2024-10-31,month,ai_dynamic_rules,source.share.news,1.00000000,1
2024-10-01,2024-10-31,month,ai_dynamic_rules,source.share.policy,0.00000000,1
2024-10-01,2024-10-31,month,ai_dynamic_rules,topic.share.battery,0.00000000,1
2024-10-01,2024-10-31,month,ai_dynamic_rules,topic.share.grid,0.00000000,1
2024-10-01,2024-10-31,month,ai_dynamic_rules,topic.share.photovoltaic,0.00000000,1
2024-10-01,2024-10-31,month,ai_dynamic_rules,topic.share.storage,0.00000000,1
2024-10-01,2024-10-31,month,ai_dynamic_rules,topic.share.wind,0.00000000,1
2024-11-01,2024-11-30,month,ai_dynamic_rules,candidate.mean,0.00000000,2
2024-11-01,2024-11-30,month,ai_dynamic_rules,candidate.p25,0.00000000,2
2024-11-01,2024-11-30,month,ai_dynamic_rules,candidate.p50,0.00000000,2
2024-11-01,2024-11-30,month,ai_dynamic_rules,candidate.p75,0.00000000,2
2024-11-01,2024-11-30,month,ai_dynamic_rules,candidate.positive_share,0.00000000,2
2024-11-01,2024-11-30,month,ai_dynamic_rules,candidate.std,0.00000000,2
2024-11-01,2024-11-30,month,ai_dynamic_rules,coverage.ai_annotation_success_rate,1.00000000,2
2024-11-01,2024-11-30,month,ai_dynamic_rules,coverage.document_count_log1p,1.09861229,2
2024-11-01,2024-11-30,month,ai_dynamic_rules,coverage.event_count_log1p,1.94591015,2
2024-11-01,2024-11-30,month,ai_dynamic_rules,coverage.independent_source_count_log1p,1.09861229,2
2024-11-01,2024-11-30,month,ai_dynamic_rules,evidence.entity_confidence_mean,0.74000000,2
2024-11-01,2024-11-30,month,ai_dynamic_rules,evidence.event_strength_mean,0.78000000,2
2024-11-01,2024-11-30,month,ai_dynamic_rules,frozen_rule.supporting_document_share,0.00000000,2
2024-11-01,2024-11-30,month,ai_dynamic_rules,frozen_rule.unique_rule_count_log1p,0.00000000,2
2024-11-01,2024-11-30,month,ai_dynamic_rules,macro_predicate.hit_rate.capacity_enters_production,0.00000000,2
2024-11-01,2024-11-30,month,ai_dynamic_rules,macro_predicate.hit_rate.capacity_under_construction,0.00000000,2
2024-11-01,2024-11-30,month,ai_dynamic_rules,macro_predicate.hit_rate.export_demand_improves,0.00000000,2
2024-11-01,2024-11-30,month,ai_dynamic_rules,macro_predicate.hit_rate.financing_constraint_eases,0.00000000,2
2024-11-01,2024-11-30,month,ai_dynamic_rules,macro_predicate.hit_rate.grid_investment_accelerates,0.00000000,2
2024-11-01,2024-11-30,month,ai_dynamic_rules,macro_predicate.hit_rate.industry_competition_intensifies,0.00000000,2
2024-11-01,2024-11-30,month,ai_dynamic_rules,macro_predicate.hit_rate.inventory_pressure_increases,0.00000000,2
2024-11-01,2024-11-30,month,ai_dynamic_rules,macro_predicate.hit_rate.order_demand_improves,0.00000000,2
2024-11-01,2024-11-30,month,ai_dynamic_rules,macro_predicate.hit_rate.policy_accelerates_project_implementation,0.00000000,2
2024-11-01,2024-11-30,month,ai_dynamic_rules,macro_predicate.hit_rate.policy_expands_effective_demand,0.00000000,2
2024-11-01,2024-11-30,month,ai_dynamic_rules,macro_predicate.hit_rate.product_price_recovers,0.00000000,2
2024-11-01,2024-11-30,month,ai_dynamic_rules,macro_predicate.hit_rate.raw_material_cost_pressure,0.00000000,2
2024-11-01,2024-11-30,month,ai_dynamic_rules,macro_predicate.net.capacity_enters_production,0.00000000,2
2024-11-01,2024-11-30,month,ai_dynamic_rules,macro_predicate.net.capacity_under_construction,0.00000000,2
2024-11-01,2024-11-30,month,ai_dynamic_rules,macro_predicate.net.export_demand_improves,0.00000000,2
2024-11-01,2024-11-30,month,ai_dynamic_rules,macro_predicate.net.financing_constraint_eases,0.00000000,2
2024-11-01,2024-11-30,month,ai_dynamic_rules,macro_predicate.net.grid_investment_accelerates,0.00000000,2
2024-11-01,2024-11-30,month,ai_dynamic_rules,macro_predicate.net.industry_competition_intensifies,0.00000000,2
2024-11-01,2024-11-30,month,ai_dynamic_rules,macro_predicate.net.inventory_pressure_increases,0.00000000,2
2024-11-01,2024-11-30,month,ai_dynamic_rules,macro_predicate.net.order_demand_improves,0.00000000,2
2024-11-01,2024-11-30,month,ai_dynamic_rules,macro_predicate.net.policy_accelerates_project_implementation,0.00000000,2
2024-11-01,2024-11-30,month,ai_dynamic_rules,macro_predicate.net.policy_expands_effective_demand,0.00000000,2
2024-11-01,2024-11-30,month,ai_dynamic_rules,macro_predicate.net.product_price_recovers,0.00000000,2
2024-11-01,2024-11-30,month,ai_dynamic_rules,macro_predicate.net.raw_material_cost_pressure,0.00000000,2
2024-11-01,2024-11-30,month,ai_dynamic_rules,source.share.announcement,0.00000000,2
2024-11-01,2024-11-30,month,ai_dynamic_rules,source.share.ir_qa,0.00000000,2
2024-11-01,2024-11-30,month,ai_dynamic_rules,source.share.news,0.50000000,2
2024-11-01,2024-11-30,month,ai_dynamic_rules,source.share.policy,0.50000000,2
2024-11-01,2024-11-30,month,ai_dynamic_rules,topic.share.battery,0.00000000,2
2024-11-01,2024-11-30,month,ai_dynamic_rules,topic.share.grid,0.00000000,2
2024-11-01,2024-11-30,month,ai_dynamic_rules,topic.share.photovoltaic,1.00000000,2
2024-11-01,2024-11-30,month,ai_dynamic_rules,topic.share.storage,0.00000000,2
2024-11-01,2024-11-30,month,ai_dynamic_rules,topic.share.wind,0.00000000,2
2024-12-01,2024-12-31,month,ai_dynamic_rules,candidate.mean,0.00000000,3
2024-12-01,2024-12-31,month,ai_dynamic_rules,candidate.p25,0.00000000,3
2024-12-01,2024-12-31,month,ai_dynamic_rules,candidate.p50,0.00000000,3
2024-12-01,2024-12-31,month,ai_dynamic_rules,candidate.p75,0.00000000,3
2024-12-01,2024-12-31,month,ai_dynamic_rules,candidate.positive_share,0.00000000,3
2024-12-01,2024-12-31,month,ai_dynamic_rules,candidate.std,0.00000000,3
2024-12-01,2024-12-31,month,ai_dynamic_rules,coverage.ai_annotation_success_rate,1.00000000,3
2024-12-01,2024-12-31,month,ai_dynamic_rules,coverage.document_count_log1p,1.38629436,3
2024-12-01,2024-12-31,month,ai_dynamic_rules,coverage.event_count_log1p,1.94591015,3
2024-12-01,2024-12-31,month,ai_dynamic_rules,coverage.independent_source_count_log1p,1.38629436,3
2024-12-01,2024-12-31,month,ai_dynamic_rules,evidence.entity_confidence_mean,0.73040000,3
2024-12-01,2024-12-31,month,ai_dynamic_rules,evidence.event_strength_mean,0.84000000,3
2024-12-01,2024-12-31,month,ai_dynamic_rules,frozen_rule.supporting_document_share,0.00000000,3
2024-12-01,2024-12-31,month,ai_dynamic_rules,frozen_rule.unique_rule_count_log1p,0.00000000,3
2024-12-01,2024-12-31,month,ai_dynamic_rules,macro_predicate.hit_rate.capacity_enters_production,0.00000000,3
2024-12-01,2024-12-31,month,ai_dynamic_rules,macro_predicate.hit_rate.capacity_under_construction,0.00000000,3
2024-12-01,2024-12-31,month,ai_dynamic_rules,macro_predicate.hit_rate.export_demand_improves,0.00000000,3
2024-12-01,2024-12-31,month,ai_dynamic_rules,macro_predicate.hit_rate.financing_constraint_eases,0.00000000,3
2024-12-01,2024-12-31,month,ai_dynamic_rules,macro_predicate.hit_rate.grid_investment_accelerates,0.33333333,3
2024-12-01,2024-12-31,month,ai_dynamic_rules,macro_predicate.hit_rate.industry_competition_intensifies,0.00000000,3
2024-12-01,2024-12-31,month,ai_dynamic_rules,macro_predicate.hit_rate.inventory_pressure_increases,0.00000000,3
2024-12-01,2024-12-31,month,ai_dynamic_rules,macro_predicate.hit_rate.order_demand_improves,0.33333333,3
2024-12-01,2024-12-31,month,ai_dynamic_rules,macro_predicate.hit_rate.policy_accelerates_project_implementation,0.33333333,3
2024-12-01,2024-12-31,month,ai_dynamic_rules,macro_predicate.hit_rate.policy_expands_effective_demand,0.00000000,3
2024-12-01,2024-12-31,month,ai_dynamic_rules,macro_predicate.hit_rate.product_price_recovers,0.00000000,3
2024-12-01,2024-12-31,month,ai_dynamic_rules,macro_predicate.hit_rate.raw_material_cost_pressure,0.00000000,3
2024-12-01,2024-12-31,month,ai_dynamic_rules,macro_predicate.net.capacity_enters_production,0.00000000,3
2024-12-01,2024-12-31,month,ai_dynamic_rules,macro_predicate.net.capacity_under_construction,0.00000000,3
2024-12-01,2024-12-31,month,ai_dynamic_rules,macro_predicate.net.export_demand_improves,0.00000000,3
2024-12-01,2024-12-31,month,ai_dynamic_rules,macro_predicate.net.financing_constraint_eases,0.00000000,3
2024-12-01,2024-12-31,month,ai_dynamic_rules,macro_predicate.net.grid_investment_accelerates,0.24866667,3
2024-12-01,2024-12-31,month,ai_dynamic_rules,macro_predicate.net.industry_competition_intensifies,0.00000000,3
2024-12-01,2024-12-31,month,ai_dynamic_rules,macro_predicate.net.inventory_pressure_increases,0.00000000,3
2024-12-01,2024-12-31,month,ai_dynamic_rules,macro_predicate.net.order_demand_improves,0.07000000,3
2024-12-01,2024-12-31,month,ai_dynamic_rules,macro_predicate.net.policy_accelerates_project_implementation,0.21758333,3
2024-12-01,2024-12-31,month,ai_dynamic_rules,macro_predicate.net.policy_expands_effective_demand,0.00000000,3
2024-12-01,2024-12-31,month,ai_dynamic_rules,macro_predicate.net.product_price_recovers,0.00000000,3
2024-12-01,2024-12-31,month,ai_dynamic_rules,macro_predicate.net.raw_material_cost_pressure,0.00000000,3
2024-12-01,2024-12-31,month,ai_dynamic_rules,source.share.announcement,0.00000000,3
2024-12-01,2024-12-31,month,ai_dynamic_rules,source.share.ir_qa,0.00000000,3
2024-12-01,2024-12-31,month,ai_dynamic_rules,source.share.news,0.33333333,3
2024-12-01,2024-12-31,month,ai_dynamic_rules,source.share.policy,0.66666667,3
2024-12-01,2024-12-31,month,ai_dynamic_rules,topic.share.battery,0.33333333,3
2024-12-01,2024-12-31,month,ai_dynamic_rules,topic.share.grid,0.33333333,3
2024-12-01,2024-12-31,month,ai_dynamic_rules,topic.share.photovoltaic,0.00000000,3
2024-12-01,2024-12-31,month,ai_dynamic_rules,topic.share.storage,0.33333333,3
2024-12-01,2024-12-31,month,ai_dynamic_rules,topic.share.wind,0.00000000,3
2025-01-01,2025-02-28,jan_feb_combined,ai_dynamic_rules,candidate.mean,1.15308800,10
2025-01-01,2025-02-28,jan_feb_combined,ai_dynamic_rules,candidate.p25,1.15308800,10
2025-01-01,2025-02-28,jan_feb_combined,ai_dynamic_rules,candidate.p50,1.15308800,10
2025-01-01,2025-02-28,jan_feb_combined,ai_dynamic_rules,candidate.p75,1.15308800,10
2025-01-01,2025-02-28,jan_feb_combined,ai_dynamic_rules,candidate.positive_share,1.00000000,10
2025-01-01,2025-02-28,jan_feb_combined,ai_dynamic_rules,candidate.std,0.00000000,10
2025-01-01,2025-02-28,jan_feb_combined,ai_dynamic_rules,coverage.ai_annotation_success_rate,0.90000000,10
2025-01-01,2025-02-28,jan_feb_combined,ai_dynamic_rules,coverage.document_count_log1p,2.39789527,10
2025-01-01,2025-02-28,jan_feb_combined,ai_dynamic_rules,coverage.event_count_log1p,3.58351894,10
2025-01-01,2025-02-28,jan_feb_combined,ai_dynamic_rules,coverage.independent_source_count_log1p,2.39789527,10
2025-01-01,2025-02-28,jan_feb_combined,ai_dynamic_rules,evidence.entity_confidence_mean,0.67964912,10
2025-01-01,2025-02-28,jan_feb_combined,ai_dynamic_rules,evidence.event_strength_mean,0.79457143,10
2025-01-01,2025-02-28,jan_feb_combined,ai_dynamic_rules,frozen_rule.supporting_document_share,0.10000000,10
2025-01-01,2025-02-28,jan_feb_combined,ai_dynamic_rules,frozen_rule.unique_rule_count_log1p,1.09861229,10
2025-01-01,2025-02-28,jan_feb_combined,ai_dynamic_rules,legacy_predicate.confidence.announcement_contains_uncertainty,0.78000000,10
2025-01-01,2025-02-28,jan_feb_combined,ai_dynamic_rules,legacy_predicate.confidence.capacity_policy_support,0.74000000,10
2025-01-01,2025-02-28,jan_feb_combined,ai_dynamic_rules,legacy_predicate.confidence.demand_side_policy,0.74000000,10
2025-01-01,2025-02-28,jan_feb_combined,ai_dynamic_rules,legacy_predicate.confidence.event_evidence_strength,0.92000000,10
2025-01-01,2025-02-28,jan_feb_combined,ai_dynamic_rules,legacy_predicate.confidence.event_has_short_term_price_impact,0.70000000,10
2025-01-01,2025-02-28,jan_feb_combined,ai_dynamic_rules,legacy_predicate.confidence.event_mentions_core_product,0.88000000,10
2025-01-01,2025-02-28,jan_feb_combined,ai_dynamic_rules,legacy_predicate.confidence.evidence_from_authoritative_source,0.83000000,10
2025-01-01,2025-02-28,jan_feb_combined,ai_dynamic_rules,legacy_predicate.confidence.has_policy_support,0.92000000,10
2025-01-01,2025-02-28,jan_feb_combined,ai_dynamic_rules,legacy_predicate.confidence.institutional_attention_increases,0.70000000,10
2025-01-01,2025-02-28,jan_feb_combined,ai_dynamic_rules,legacy_predicate.confidence.investor_questions_increase,0.82000000,10
2025-01-01,2025-02-28,jan_feb_combined,ai_dynamic_rules,legacy_predicate.confidence.management_response_vague,0.76000000,10
2025-01-01,2025-02-28,jan_feb_combined,ai_dynamic_rules,legacy_predicate.confidence.policy_attention_followup,0.84000000,10
2025-01-01,2025-02-28,jan_feb_combined,ai_dynamic_rules,legacy_predicate.confidence.policy_directly_related_to_business,0.84000000,10
2025-01-01,2025-02-28,jan_feb_combined,ai_dynamic_rules,legacy_predicate.confidence.risk_or_uncertainty_disclosure,0.78000000,10
2025-01-01,2025-02-28,jan_feb_combined,ai_dynamic_rules,legacy_predicate.confidence.social_attention_spikes,0.68000000,10
2025-01-01,2025-02-28,jan_feb_combined,ai_dynamic_rules,legacy_predicate.confidence.source_company_announcement,0.78000000,10
2025-01-01,2025-02-28,jan_feb_combined,ai_dynamic_rules,legacy_predicate.confidence.source_government_or_exchange,0.85500000,10
2025-01-01,2025-02-28,jan_feb_combined,ai_dynamic_rules,legacy_predicate.confidence.source_major_media,0.76000000,10
2025-01-01,2025-02-28,jan_feb_combined,ai_dynamic_rules,legacy_predicate.confidence.supply_side_policy,0.74000000,10
2025-01-01,2025-02-28,jan_feb_combined,ai_dynamic_rules,legacy_predicate.mean.announcement_contains_uncertainty,0.00000000,10
2025-01-01,2025-02-28,jan_feb_combined,ai_dynamic_rules,legacy_predicate.mean.capacity_policy_support,0.00000000,10
2025-01-01,2025-02-28,jan_feb_combined,ai_dynamic_rules,legacy_predicate.mean.demand_side_policy,0.00000000,10
2025-01-01,2025-02-28,jan_feb_combined,ai_dynamic_rules,legacy_predicate.mean.event_evidence_strength,0.85000000,10
2025-01-01,2025-02-28,jan_feb_combined,ai_dynamic_rules,legacy_predicate.mean.event_has_short_term_price_impact,0.73000000,10
2025-01-01,2025-02-28,jan_feb_combined,ai_dynamic_rules,legacy_predicate.mean.event_mentions_core_product,1.00000000,10
2025-01-01,2025-02-28,jan_feb_combined,ai_dynamic_rules,legacy_predicate.mean.evidence_from_authoritative_source,0.50000000,10
2025-01-01,2025-02-28,jan_feb_combined,ai_dynamic_rules,legacy_predicate.mean.has_policy_support,0.50000000,10
2025-01-01,2025-02-28,jan_feb_combined,ai_dynamic_rules,legacy_predicate.mean.institutional_attention_increases,0.00000000,10
2025-01-01,2025-02-28,jan_feb_combined,ai_dynamic_rules,legacy_predicate.mean.investor_questions_increase,0.00000000,10
2025-01-01,2025-02-28,jan_feb_combined,ai_dynamic_rules,legacy_predicate.mean.management_response_vague,0.00000000,10
2025-01-01,2025-02-28,jan_feb_combined,ai_dynamic_rules,legacy_predicate.mean.policy_attention_followup,1.00000000,10
2025-01-01,2025-02-28,jan_feb_combined,ai_dynamic_rules,legacy_predicate.mean.policy_directly_related_to_business,0.50000000,10
2025-01-01,2025-02-28,jan_feb_combined,ai_dynamic_rules,legacy_predicate.mean.risk_or_uncertainty_disclosure,0.00000000,10
2025-01-01,2025-02-28,jan_feb_combined,ai_dynamic_rules,legacy_predicate.mean.social_attention_spikes,0.00000000,10
2025-01-01,2025-02-28,jan_feb_combined,ai_dynamic_rules,legacy_predicate.mean.source_company_announcement,0.00000000,10
2025-01-01,2025-02-28,jan_feb_combined,ai_dynamic_rules,legacy_predicate.mean.source_government_or_exchange,0.50000000,10
2025-01-01,2025-02-28,jan_feb_combined,ai_dynamic_rules,legacy_predicate.mean.source_major_media,0.00000000,10
2025-01-01,2025-02-28,jan_feb_combined,ai_dynamic_rules,legacy_predicate.mean.supply_side_policy,0.00000000,10
2025-01-01,2025-02-28,jan_feb_combined,ai_dynamic_rules,macro_predicate.hit_rate.capacity_enters_production,0.00000000,10
2025-01-01,2025-02-28,jan_feb_combined,ai_dynamic_rules,macro_predicate.hit_rate.capacity_under_construction,0.00000000,10
2025-01-01,2025-02-28,jan_feb_combined,ai_dynamic_rules,macro_predicate.hit_rate.export_demand_improves,0.10000000,10
2025-01-01,2025-02-28,jan_feb_combined,ai_dynamic_rules,macro_predicate.hit_rate.financing_constraint_eases,0.00000000,10
2025-01-01,2025-02-28,jan_feb_combined,ai_dynamic_rules,macro_predicate.hit_rate.grid_investment_accelerates,0.10000000,10
2025-01-01,2025-02-28,jan_feb_combined,ai_dynamic_rules,macro_predicate.hit_rate.industry_competition_intensifies,0.10000000,10
2025-01-01,2025-02-28,jan_feb_combined,ai_dynamic_rules,macro_predicate.hit_rate.inventory_pressure_increases,0.00000000,10
2025-01-01,2025-02-28,jan_feb_combined,ai_dynamic_rules,macro_predicate.hit_rate.order_demand_improves,0.30000000,10
2025-01-01,2025-02-28,jan_feb_combined,ai_dynamic_rules,macro_predicate.hit_rate.policy_accelerates_project_implementation,0.10000000,10
2025-01-01,2025-02-28,jan_feb_combined,ai_dynamic_rules,macro_predicate.hit_rate.policy_expands_effective_demand,0.20000000,10
2025-01-01,2025-02-28,jan_feb_combined,ai_dynamic_rules,macro_predicate.hit_rate.product_price_recovers,0.00000000,10
2025-01-01,2025-02-28,jan_feb_combined,ai_dynamic_rules,macro_predicate.hit_rate.raw_material_cost_pressure,0.00000000,10
2025-01-01,2025-02-28,jan_feb_combined,ai_dynamic_rules,macro_predicate.net.capacity_enters_production,0.00000000,10
2025-01-01,2025-02-28,jan_feb_combined,ai_dynamic_rules,macro_predicate.net.capacity_under_construction,0.00000000,10
2025-01-01,2025-02-28,jan_feb_combined,ai_dynamic_rules,macro_predicate.net.export_demand_improves,0.05265000,10
2025-01-01,2025-02-28,jan_feb_combined,ai_dynamic_rules,macro_predicate.net.financing_constraint_eases,0.00000000,10
2025-01-01,2025-02-28,jan_feb_combined,ai_dynamic_rules,macro_predicate.net.grid_investment_accelerates,0.06341000,10
2025-01-01,2025-02-28,jan_feb_combined,ai_dynamic_rules,macro_predicate.net.industry_competition_intensifies,-0.02100000,10
2025-01-01,2025-02-28,jan_feb_combined,ai_dynamic_rules,macro_predicate.net.inventory_pressure_increases,0.00000000,10
2025-01-01,2025-02-28,jan_feb_combined,ai_dynamic_rules,macro_predicate.net.order_demand_improves,0.08469375,10
2025-01-01,2025-02-28,jan_feb_combined,ai_dynamic_rules,macro_predicate.net.policy_accelerates_project_implementation,0.01050000,10
2025-01-01,2025-02-28,jan_feb_combined,ai_dynamic_rules,macro_predicate.net.policy_expands_effective_demand,0.03500000,10
2025-01-01,2025-02-28,jan_feb_combined,ai_dynamic_rules,macro_predicate.net.product_price_recovers,0.00000000,10
2025-01-01,2025-02-28,jan_feb_combined,ai_dynamic_rules,macro_predicate.net.raw_material_cost_pressure,0.00000000,10
2025-01-01,2025-02-28,jan_feb_combined,ai_dynamic_rules,source.share.announcement,0.00000000,10
2025-01-01,2025-02-28,jan_feb_combined,ai_dynamic_rules,source.share.ir_qa,0.00000000,10
2025-01-01,2025-02-28,jan_feb_combined,ai_dynamic_rules,source.share.news,0.70000000,10
2025-01-01,2025-02-28,jan_feb_combined,ai_dynamic_rules,source.share.policy,0.30000000,10
2025-01-01,2025-02-28,jan_feb_combined,ai_dynamic_rules,topic.share.battery,0.10000000,10
2025-01-01,2025-02-28,jan_feb_combined,ai_dynamic_rules,topic.share.grid,0.10000000,10
2025-01-01,2025-02-28,jan_feb_combined,ai_dynamic_rules,topic.share.photovoltaic,0.00000000,10
2025-01-01,2025-02-28,jan_feb_combined,ai_dynamic_rules,topic.share.storage,0.20000000,10
2025-01-01,2025-02-28,jan_feb_combined,ai_dynamic_rules,topic.share.wind,0.00000000,10
2025-03-01,2025-03-31,month,ai_dynamic_rules,candidate.mean,0.00000000,2
2025-03-01,2025-03-31,month,ai_dynamic_rules,candidate.p25,0.00000000,2
2025-03-01,2025-03-31,month,ai_dynamic_rules,candidate.p50,0.00000000,2
2025-03-01,2025-03-31,month,ai_dynamic_rules,candidate.p75,0.00000000,2
2025-03-01,2025-03-31,month,ai_dynamic_rules,candidate.positive_share,0.00000000,2
2025-03-01,2025-03-31,month,ai_dynamic_rules,candidate.std,0.00000000,2
2025-03-01,2025-03-31,month,ai_dynamic_rules,coverage.ai_annotation_success_rate,1.00000000,2
2025-03-01,2025-03-31,month,ai_dynamic_rules,coverage.document_count_log1p,1.09861229,2
2025-03-01,2025-03-31,month,ai_dynamic_rules,coverage.event_count_log1p,0.00000000,2
2025-03-01,2025-03-31,month,ai_dynamic_rules,coverage.independent_source_count_log1p,1.09861229,2
2025-03-01,2025-03-31,month,ai_dynamic_rules,evidence.entity_confidence_mean,0.68153846,2
2025-03-01,2025-03-31,month,ai_dynamic_rules,evidence.event_strength_mean,0.00000000,2
2025-03-01,2025-03-31,month,ai_dynamic_rules,frozen_rule.supporting_document_share,0.00000000,2
2025-03-01,2025-03-31,month,ai_dynamic_rules,frozen_rule.unique_rule_count_log1p,0.00000000,2
2025-03-01,2025-03-31,month,ai_dynamic_rules,macro_predicate.hit_rate.capacity_enters_production,0.00000000,2
2025-03-01,2025-03-31,month,ai_dynamic_rules,macro_predicate.hit_rate.capacity_under_construction,0.00000000,2
2025-03-01,2025-03-31,month,ai_dynamic_rules,macro_predicate.hit_rate.export_demand_improves,0.00000000,2
2025-03-01,2025-03-31,month,ai_dynamic_rules,macro_predicate.hit_rate.financing_constraint_eases,0.00000000,2
2025-03-01,2025-03-31,month,ai_dynamic_rules,macro_predicate.hit_rate.grid_investment_accelerates,0.50000000,2
2025-03-01,2025-03-31,month,ai_dynamic_rules,macro_predicate.hit_rate.industry_competition_intensifies,0.00000000,2
2025-03-01,2025-03-31,month,ai_dynamic_rules,macro_predicate.hit_rate.inventory_pressure_increases,0.00000000,2
2025-03-01,2025-03-31,month,ai_dynamic_rules,macro_predicate.hit_rate.order_demand_improves,0.00000000,2
2025-03-01,2025-03-31,month,ai_dynamic_rules,macro_predicate.hit_rate.policy_accelerates_project_implementation,0.50000000,2
2025-03-01,2025-03-31,month,ai_dynamic_rules,macro_predicate.hit_rate.policy_expands_effective_demand,0.00000000,2
2025-03-01,2025-03-31,month,ai_dynamic_rules,macro_predicate.hit_rate.product_price_recovers,0.00000000,2
2025-03-01,2025-03-31,month,ai_dynamic_rules,macro_predicate.hit_rate.raw_material_cost_pressure,0.00000000,2
2025-03-01,2025-03-31,month,ai_dynamic_rules,macro_predicate.net.capacity_enters_production,0.00000000,2
2025-03-01,2025-03-31,month,ai_dynamic_rules,macro_predicate.net.capacity_under_construction,0.00000000,2
2025-03-01,2025-03-31,month,ai_dynamic_rules,macro_predicate.net.export_demand_improves,0.00000000,2
2025-03-01,2025-03-31,month,ai_dynamic_rules,macro_predicate.net.financing_constraint_eases,0.00000000,2
2025-03-01,2025-03-31,month,ai_dynamic_rules,macro_predicate.net.grid_investment_accelerates,0.37300000,2
2025-03-01,2025-03-31,month,ai_dynamic_rules,macro_predicate.net.industry_competition_intensifies,0.00000000,2
2025-03-01,2025-03-31,month,ai_dynamic_rules,macro_predicate.net.inventory_pressure_increases,0.00000000,2
2025-03-01,2025-03-31,month,ai_dynamic_rules,macro_predicate.net.order_demand_improves,0.00000000,2
2025-03-01,2025-03-31,month,ai_dynamic_rules,macro_predicate.net.policy_accelerates_project_implementation,0.32637500,2
2025-03-01,2025-03-31,month,ai_dynamic_rules,macro_predicate.net.policy_expands_effective_demand,0.00000000,2
2025-03-01,2025-03-31,month,ai_dynamic_rules,macro_predicate.net.product_price_recovers,0.00000000,2
2025-03-01,2025-03-31,month,ai_dynamic_rules,macro_predicate.net.raw_material_cost_pressure,0.00000000,2
2025-03-01,2025-03-31,month,ai_dynamic_rules,source.share.announcement,0.00000000,2
2025-03-01,2025-03-31,month,ai_dynamic_rules,source.share.ir_qa,0.00000000,2
2025-03-01,2025-03-31,month,ai_dynamic_rules,source.share.news,0.50000000,2
2025-03-01,2025-03-31,month,ai_dynamic_rules,source.share.policy,0.50000000,2
2025-03-01,2025-03-31,month,ai_dynamic_rules,topic.share.battery,0.50000000,2
2025-03-01,2025-03-31,month,ai_dynamic_rules,topic.share.grid,0.50000000,2
2025-03-01,2025-03-31,month,ai_dynamic_rules,topic.share.photovoltaic,0.00000000,2
2025-03-01,2025-03-31,month,ai_dynamic_rules,topic.share.storage,0.00000000,2
2025-03-01,2025-03-31,month,ai_dynamic_rules,topic.share.wind,0.00000000,2
2025-04-01,2025-04-30,month,ai_dynamic_rules,candidate.mean,0.00000000,2
2025-04-01,2025-04-30,month,ai_dynamic_rules,candidate.p25,0.00000000,2
2025-04-01,2025-04-30,month,ai_dynamic_rules,candidate.p50,0.00000000,2
2025-04-01,2025-04-30,month,ai_dynamic_rules,candidate.p75,0.00000000,2
2025-04-01,2025-04-30,month,ai_dynamic_rules,candidate.positive_share,0.00000000,2
2025-04-01,2025-04-30,month,ai_dynamic_rules,candidate.std,0.00000000,2
2025-04-01,2025-04-30,month,ai_dynamic_rules,coverage.ai_annotation_success_rate,1.00000000,2
2025-04-01,2025-04-30,month,ai_dynamic_rules,coverage.document_count_log1p,1.09861229,2
2025-04-01,2025-04-30,month,ai_dynamic_rules,coverage.event_count_log1p,0.00000000,2
2025-04-01,2025-04-30,month,ai_dynamic_rules,coverage.independent_source_count_log1p,1.09861229,2
2025-04-01,2025-04-30,month,ai_dynamic_rules,evidence.entity_confidence_mean,0.74000000,2
2025-04-01,2025-04-30,month,ai_dynamic_rules,evidence.event_strength_mean,0.00000000,2
2025-04-01,2025-04-30,month,ai_dynamic_rules,frozen_rule.supporting_document_share,0.00000000,2
2025-04-01,2025-04-30,month,ai_dynamic_rules,frozen_rule.unique_rule_count_log1p,0.00000000,2
2025-04-01,2025-04-30,month,ai_dynamic_rules,macro_predicate.hit_rate.capacity_enters_production,0.00000000,2
2025-04-01,2025-04-30,month,ai_dynamic_rules,macro_predicate.hit_rate.capacity_under_construction,0.00000000,2
2025-04-01,2025-04-30,month,ai_dynamic_rules,macro_predicate.hit_rate.export_demand_improves,0.00000000,2
2025-04-01,2025-04-30,month,ai_dynamic_rules,macro_predicate.hit_rate.financing_constraint_eases,0.00000000,2
2025-04-01,2025-04-30,month,ai_dynamic_rules,macro_predicate.hit_rate.grid_investment_accelerates,0.00000000,2
2025-04-01,2025-04-30,month,ai_dynamic_rules,macro_predicate.hit_rate.industry_competition_intensifies,0.00000000,2
2025-04-01,2025-04-30,month,ai_dynamic_rules,macro_predicate.hit_rate.inventory_pressure_increases,0.00000000,2
2025-04-01,2025-04-30,month,ai_dynamic_rules,macro_predicate.hit_rate.order_demand_improves,0.50000000,2
2025-04-01,2025-04-30,month,ai_dynamic_rules,macro_predicate.hit_rate.policy_accelerates_project_implementation,0.00000000,2
2025-04-01,2025-04-30,month,ai_dynamic_rules,macro_predicate.hit_rate.policy_expands_effective_demand,0.00000000,2
2025-04-01,2025-04-30,month,ai_dynamic_rules,macro_predicate.hit_rate.product_price_recovers,0.00000000,2
2025-04-01,2025-04-30,month,ai_dynamic_rules,macro_predicate.hit_rate.raw_material_cost_pressure,0.00000000,2
2025-04-01,2025-04-30,month,ai_dynamic_rules,macro_predicate.net.capacity_enters_production,0.00000000,2
2025-04-01,2025-04-30,month,ai_dynamic_rules,macro_predicate.net.capacity_under_construction,0.00000000,2
2025-04-01,2025-04-30,month,ai_dynamic_rules,macro_predicate.net.export_demand_improves,0.00000000,2
2025-04-01,2025-04-30,month,ai_dynamic_rules,macro_predicate.net.financing_constraint_eases,0.00000000,2
2025-04-01,2025-04-30,month,ai_dynamic_rules,macro_predicate.net.grid_investment_accelerates,0.00000000,2
2025-04-01,2025-04-30,month,ai_dynamic_rules,macro_predicate.net.industry_competition_intensifies,0.00000000,2
2025-04-01,2025-04-30,month,ai_dynamic_rules,macro_predicate.net.inventory_pressure_increases,0.00000000,2
2025-04-01,2025-04-30,month,ai_dynamic_rules,macro_predicate.net.order_demand_improves,0.10500000,2
2025-04-01,2025-04-30,month,ai_dynamic_rules,macro_predicate.net.policy_accelerates_project_implementation,0.00000000,2
2025-04-01,2025-04-30,month,ai_dynamic_rules,macro_predicate.net.policy_expands_effective_demand,0.00000000,2
2025-04-01,2025-04-30,month,ai_dynamic_rules,macro_predicate.net.product_price_recovers,0.00000000,2
2025-04-01,2025-04-30,month,ai_dynamic_rules,macro_predicate.net.raw_material_cost_pressure,0.00000000,2
2025-04-01,2025-04-30,month,ai_dynamic_rules,source.share.announcement,0.00000000,2
2025-04-01,2025-04-30,month,ai_dynamic_rules,source.share.ir_qa,0.00000000,2
2025-04-01,2025-04-30,month,ai_dynamic_rules,source.share.news,0.50000000,2
2025-04-01,2025-04-30,month,ai_dynamic_rules,source.share.policy,0.50000000,2
2025-04-01,2025-04-30,month,ai_dynamic_rules,topic.share.battery,0.00000000,2
2025-04-01,2025-04-30,month,ai_dynamic_rules,topic.share.grid,0.00000000,2
2025-04-01,2025-04-30,month,ai_dynamic_rules,topic.share.photovoltaic,0.00000000,2
2025-04-01,2025-04-30,month,ai_dynamic_rules,topic.share.storage,0.00000000,2
2025-04-01,2025-04-30,month,ai_dynamic_rules,topic.share.wind,0.00000000,2
2025-05-01,2025-05-31,month,ai_dynamic_rules,candidate.mean,0.00000000,2
2025-05-01,2025-05-31,month,ai_dynamic_rules,candidate.p25,0.00000000,2
2025-05-01,2025-05-31,month,ai_dynamic_rules,candidate.p50,0.00000000,2
2025-05-01,2025-05-31,month,ai_dynamic_rules,candidate.p75,0.00000000,2
2025-05-01,2025-05-31,month,ai_dynamic_rules,candidate.positive_share,0.00000000,2
2025-05-01,2025-05-31,month,ai_dynamic_rules,candidate.std,0.00000000,2
2025-05-01,2025-05-31,month,ai_dynamic_rules,coverage.ai_annotation_success_rate,1.00000000,2
2025-05-01,2025-05-31,month,ai_dynamic_rules,coverage.document_count_log1p,1.09861229,2
2025-05-01,2025-05-31,month,ai_dynamic_rules,coverage.event_count_log1p,1.94591015,2
2025-05-01,2025-05-31,month,ai_dynamic_rules,coverage.independent_source_count_log1p,1.09861229,2
2025-05-01,2025-05-31,month,ai_dynamic_rules,evidence.entity_confidence_mean,0.70000000,2
2025-05-01,2025-05-31,month,ai_dynamic_rules,evidence.event_strength_mean,0.84000000,2
2025-05-01,2025-05-31,month,ai_dynamic_rules,frozen_rule.supporting_document_share,0.00000000,2
2025-05-01,2025-05-31,month,ai_dynamic_rules,frozen_rule.unique_rule_count_log1p,0.00000000,2
2025-05-01,2025-05-31,month,ai_dynamic_rules,legacy_predicate.confidence.announcement_contains_uncertainty,0.78000000,2
2025-05-01,2025-05-31,month,ai_dynamic_rules,legacy_predicate.confidence.capacity_policy_support,0.74000000,2
2025-05-01,2025-05-31,month,ai_dynamic_rules,legacy_predicate.confidence.demand_side_policy,0.74000000,2
2025-05-01,2025-05-31,month,ai_dynamic_rules,legacy_predicate.confidence.event_evidence_strength,0.92000000,2
2025-05-01,2025-05-31,month,ai_dynamic_rules,legacy_predicate.confidence.event_has_short_term_price_impact,0.70000000,2
2025-05-01,2025-05-31,month,ai_dynamic_rules,legacy_predicate.confidence.event_mentions_core_product,0.88000000,2
2025-05-01,2025-05-31,month,ai_dynamic_rules,legacy_predicate.confidence.evidence_from_authoritative_source,0.72000000,2
2025-05-01,2025-05-31,month,ai_dynamic_rules,legacy_predicate.confidence.has_policy_support,0.88000000,2
2025-05-01,2025-05-31,month,ai_dynamic_rules,legacy_predicate.confidence.institutional_attention_increases,0.70000000,2
2025-05-01,2025-05-31,month,ai_dynamic_rules,legacy_predicate.confidence.investor_questions_increase,0.82000000,2
2025-05-01,2025-05-31,month,ai_dynamic_rules,legacy_predicate.confidence.management_response_vague,0.76000000,2
2025-05-01,2025-05-31,month,ai_dynamic_rules,legacy_predicate.confidence.policy_attention_followup,0.84000000,2
2025-05-01,2025-05-31,month,ai_dynamic_rules,legacy_predicate.confidence.policy_directly_related_to_business,0.78000000,2
2025-05-01,2025-05-31,month,ai_dynamic_rules,legacy_predicate.confidence.risk_or_uncertainty_disclosure,0.78000000,2
2025-05-01,2025-05-31,month,ai_dynamic_rules,legacy_predicate.confidence.social_attention_spikes,0.68000000,2
2025-05-01,2025-05-31,month,ai_dynamic_rules,legacy_predicate.confidence.source_company_announcement,0.78000000,2
2025-05-01,2025-05-31,month,ai_dynamic_rules,legacy_predicate.confidence.source_government_or_exchange,0.76000000,2
2025-05-01,2025-05-31,month,ai_dynamic_rules,legacy_predicate.confidence.source_major_media,0.76000000,2
2025-05-01,2025-05-31,month,ai_dynamic_rules,legacy_predicate.confidence.supply_side_policy,0.74000000,2
2025-05-01,2025-05-31,month,ai_dynamic_rules,legacy_predicate.mean.announcement_contains_uncertainty,0.00000000,2
2025-05-01,2025-05-31,month,ai_dynamic_rules,legacy_predicate.mean.capacity_policy_support,0.00000000,2
2025-05-01,2025-05-31,month,ai_dynamic_rules,legacy_predicate.mean.demand_side_policy,0.00000000,2
2025-05-01,2025-05-31,month,ai_dynamic_rules,legacy_predicate.mean.event_evidence_strength,0.76000000,2
2025-05-01,2025-05-31,month,ai_dynamic_rules,legacy_predicate.mean.event_has_short_term_price_impact,0.68000000,2
2025-05-01,2025-05-31,month,ai_dynamic_rules,legacy_predicate.mean.event_mentions_core_product,1.00000000,2
2025-05-01,2025-05-31,month,ai_dynamic_rules,legacy_predicate.mean.evidence_from_authoritative_source,0.00000000,2
2025-05-01,2025-05-31,month,ai_dynamic_rules,legacy_predicate.mean.has_policy_support,0.00000000,2
2025-05-01,2025-05-31,month,ai_dynamic_rules,legacy_predicate.mean.institutional_attention_increases,0.00000000,2
2025-05-01,2025-05-31,month,ai_dynamic_rules,legacy_predicate.mean.investor_questions_increase,0.00000000,2
2025-05-01,2025-05-31,month,ai_dynamic_rules,legacy_predicate.mean.management_response_vague,0.00000000,2
2025-05-01,2025-05-31,month,ai_dynamic_rules,legacy_predicate.mean.policy_attention_followup,1.00000000,2
2025-05-01,2025-05-31,month,ai_dynamic_rules,legacy_predicate.mean.policy_directly_related_to_business,0.00000000,2
2025-05-01,2025-05-31,month,ai_dynamic_rules,legacy_predicate.mean.risk_or_uncertainty_disclosure,0.00000000,2
2025-05-01,2025-05-31,month,ai_dynamic_rules,legacy_predicate.mean.social_attention_spikes,0.00000000,2
2025-05-01,2025-05-31,month,ai_dynamic_rules,legacy_predicate.mean.source_company_announcement,0.00000000,2
2025-05-01,2025-05-31,month,ai_dynamic_rules,legacy_predicate.mean.source_government_or_exchange,0.00000000,2
2025-05-01,2025-05-31,month,ai_dynamic_rules,legacy_predicate.mean.source_major_media,0.00000000,2
2025-05-01,2025-05-31,month,ai_dynamic_rules,legacy_predicate.mean.supply_side_policy,0.00000000,2
2025-05-01,2025-05-31,month,ai_dynamic_rules,macro_predicate.hit_rate.capacity_enters_production,0.00000000,2
2025-05-01,2025-05-31,month,ai_dynamic_rules,macro_predicate.hit_rate.capacity_under_construction,0.00000000,2
2025-05-01,2025-05-31,month,ai_dynamic_rules,macro_predicate.hit_rate.export_demand_improves,0.00000000,2
2025-05-01,2025-05-31,month,ai_dynamic_rules,macro_predicate.hit_rate.financing_constraint_eases,0.00000000,2
2025-05-01,2025-05-31,month,ai_dynamic_rules,macro_predicate.hit_rate.grid_investment_accelerates,0.00000000,2
2025-05-01,2025-05-31,month,ai_dynamic_rules,macro_predicate.hit_rate.industry_competition_intensifies,0.00000000,2
2025-05-01,2025-05-31,month,ai_dynamic_rules,macro_predicate.hit_rate.inventory_pressure_increases,0.00000000,2
2025-05-01,2025-05-31,month,ai_dynamic_rules,macro_predicate.hit_rate.order_demand_improves,0.50000000,2
2025-05-01,2025-05-31,month,ai_dynamic_rules,macro_predicate.hit_rate.policy_accelerates_project_implementation,0.00000000,2
2025-05-01,2025-05-31,month,ai_dynamic_rules,macro_predicate.hit_rate.policy_expands_effective_demand,0.50000000,2
2025-05-01,2025-05-31,month,ai_dynamic_rules,macro_predicate.hit_rate.product_price_recovers,0.00000000,2
2025-05-01,2025-05-31,month,ai_dynamic_rules,macro_predicate.hit_rate.raw_material_cost_pressure,0.00000000,2
2025-05-01,2025-05-31,month,ai_dynamic_rules,macro_predicate.net.capacity_enters_production,0.00000000,2
2025-05-01,2025-05-31,month,ai_dynamic_rules,macro_predicate.net.capacity_under_construction,0.00000000,2
2025-05-01,2025-05-31,month,ai_dynamic_rules,macro_predicate.net.export_demand_improves,0.00000000,2
2025-05-01,2025-05-31,month,ai_dynamic_rules,macro_predicate.net.financing_constraint_eases,0.00000000,2
2025-05-01,2025-05-31,month,ai_dynamic_rules,macro_predicate.net.grid_investment_accelerates,0.00000000,2
2025-05-01,2025-05-31,month,ai_dynamic_rules,macro_predicate.net.industry_competition_intensifies,0.00000000,2
2025-05-01,2025-05-31,month,ai_dynamic_rules,macro_predicate.net.inventory_pressure_increases,0.00000000,2
2025-05-01,2025-05-31,month,ai_dynamic_rules,macro_predicate.net.order_demand_improves,0.35200000,2
2025-05-01,2025-05-31,month,ai_dynamic_rules,macro_predicate.net.policy_accelerates_project_implementation,0.00000000,2
2025-05-01,2025-05-31,month,ai_dynamic_rules,macro_predicate.net.policy_expands_effective_demand,0.33000000,2
2025-05-01,2025-05-31,month,ai_dynamic_rules,macro_predicate.net.product_price_recovers,0.00000000,2
2025-05-01,2025-05-31,month,ai_dynamic_rules,macro_predicate.net.raw_material_cost_pressure,0.00000000,2
2025-05-01,2025-05-31,month,ai_dynamic_rules,source.share.announcement,0.00000000,2
2025-05-01,2025-05-31,month,ai_dynamic_rules,source.share.ir_qa,0.00000000,2
2025-05-01,2025-05-31,month,ai_dynamic_rules,source.share.news,1.00000000,2
2025-05-01,2025-05-31,month,ai_dynamic_rules,source.share.policy,0.00000000,2
2025-05-01,2025-05-31,month,ai_dynamic_rules,topic.share.battery,0.50000000,2
2025-05-01,2025-05-31,month,ai_dynamic_rules,topic.share.grid,0.00000000,2
2025-05-01,2025-05-31,month,ai_dynamic_rules,topic.share.photovoltaic,0.50000000,2
2025-05-01,2025-05-31,month,ai_dynamic_rules,topic.share.storage,0.00000000,2
2025-05-01,2025-05-31,month,ai_dynamic_rules,topic.share.wind,0.00000000,2
2025-06-01,2025-06-30,month,ai_dynamic_rules,candidate.mean,0.47803200,2
2025-06-01,2025-06-30,month,ai_dynamic_rules,candidate.p25,0.47803200,2
2025-06-01,2025-06-30,month,ai_dynamic_rules,candidate.p50,0.47803200,2
2025-06-01,2025-06-30,month,ai_dynamic_rules,candidate.p75,0.47803200,2
2025-06-01,2025-06-30,month,ai_dynamic_rules,candidate.positive_share,1.00000000,2
2025-06-01,2025-06-30,month,ai_dynamic_rules,candidate.std,0.00000000,2
2025-06-01,2025-06-30,month,ai_dynamic_rules,coverage.ai_annotation_success_rate,1.00000000,2
2025-06-01,2025-06-30,month,ai_dynamic_rules,coverage.document_count_log1p,1.09861229,2
2025-06-01,2025-06-30,month,ai_dynamic_rules,coverage.event_count_log1p,1.94591015,2
2025-06-01,2025-06-30,month,ai_dynamic_rules,coverage.independent_source_count_log1p,1.09861229,2
2025-06-01,2025-06-30,month,ai_dynamic_rules,evidence.entity_confidence_mean,0.73636364,2
2025-06-01,2025-06-30,month,ai_dynamic_rules,evidence.event_strength_mean,0.84000000,2
2025-06-01,2025-06-30,month,ai_dynamic_rules,frozen_rule.supporting_document_share,0.50000000,2
2025-06-01,2025-06-30,month,ai_dynamic_rules,frozen_rule.unique_rule_count_log1p,0.69314718,2
2025-06-01,2025-06-30,month,ai_dynamic_rules,legacy_predicate.confidence.announcement_contains_uncertainty,0.78000000,2
2025-06-01,2025-06-30,month,ai_dynamic_rules,legacy_predicate.confidence.capacity_policy_support,0.74000000,2
2025-06-01,2025-06-30,month,ai_dynamic_rules,legacy_predicate.confidence.demand_side_policy,0.74000000,2
2025-06-01,2025-06-30,month,ai_dynamic_rules,legacy_predicate.confidence.event_evidence_strength,0.92000000,2
2025-06-01,2025-06-30,month,ai_dynamic_rules,legacy_predicate.confidence.event_has_short_term_price_impact,0.70000000,2
2025-06-01,2025-06-30,month,ai_dynamic_rules,legacy_predicate.confidence.event_mentions_core_product,0.88000000,2
2025-06-01,2025-06-30,month,ai_dynamic_rules,legacy_predicate.confidence.evidence_from_authoritative_source,0.86666667,2
2025-06-01,2025-06-30,month,ai_dynamic_rules,legacy_predicate.confidence.has_policy_support,0.88000000,2
2025-06-01,2025-06-30,month,ai_dynamic_rules,legacy_predicate.confidence.institutional_attention_increases,0.70000000,2
2025-06-01,2025-06-30,month,ai_dynamic_rules,legacy_predicate.confidence.investor_questions_increase,0.82000000,2
2025-06-01,2025-06-30,month,ai_dynamic_rules,legacy_predicate.confidence.management_response_vague,0.76000000,2
2025-06-01,2025-06-30,month,ai_dynamic_rules,legacy_predicate.confidence.policy_attention_followup,0.84000000,2
2025-06-01,2025-06-30,month,ai_dynamic_rules,legacy_predicate.confidence.policy_directly_related_to_business,0.78000000,2
2025-06-01,2025-06-30,month,ai_dynamic_rules,legacy_predicate.confidence.risk_or_uncertainty_disclosure,0.78000000,2
2025-06-01,2025-06-30,month,ai_dynamic_rules,legacy_predicate.confidence.social_attention_spikes,0.77333333,2
2025-06-01,2025-06-30,month,ai_dynamic_rules,legacy_predicate.confidence.source_company_announcement,0.78000000,2
2025-06-01,2025-06-30,month,ai_dynamic_rules,legacy_predicate.confidence.source_government_or_exchange,0.76000000,2
2025-06-01,2025-06-30,month,ai_dynamic_rules,legacy_predicate.confidence.source_major_media,0.85333333,2
2025-06-01,2025-06-30,month,ai_dynamic_rules,legacy_predicate.confidence.supply_side_policy,0.74000000,2
2025-06-01,2025-06-30,month,ai_dynamic_rules,legacy_predicate.mean.announcement_contains_uncertainty,0.00000000,2
2025-06-01,2025-06-30,month,ai_dynamic_rules,legacy_predicate.mean.capacity_policy_support,0.00000000,2
2025-06-01,2025-06-30,month,ai_dynamic_rules,legacy_predicate.mean.demand_side_policy,0.00000000,2
2025-06-01,2025-06-30,month,ai_dynamic_rules,legacy_predicate.mean.event_evidence_strength,0.76000000,2
2025-06-01,2025-06-30,month,ai_dynamic_rules,legacy_predicate.mean.event_has_short_term_price_impact,0.68000000,2
2025-06-01,2025-06-30,month,ai_dynamic_rules,legacy_predicate.mean.event_mentions_core_product,1.00000000,2
2025-06-01,2025-06-30,month,ai_dynamic_rules,legacy_predicate.mean.evidence_from_authoritative_source,1.00000000,2
2025-06-01,2025-06-30,month,ai_dynamic_rules,legacy_predicate.mean.has_policy_support,0.00000000,2
2025-06-01,2025-06-30,month,ai_dynamic_rules,legacy_predicate.mean.institutional_attention_increases,0.00000000,2
2025-06-01,2025-06-30,month,ai_dynamic_rules,legacy_predicate.mean.investor_questions_increase,0.00000000,2
2025-06-01,2025-06-30,month,ai_dynamic_rules,legacy_predicate.mean.management_response_vague,0.00000000,2
2025-06-01,2025-06-30,month,ai_dynamic_rules,legacy_predicate.mean.policy_attention_followup,1.00000000,2
2025-06-01,2025-06-30,month,ai_dynamic_rules,legacy_predicate.mean.policy_directly_related_to_business,0.00000000,2
2025-06-01,2025-06-30,month,ai_dynamic_rules,legacy_predicate.mean.risk_or_uncertainty_disclosure,0.00000000,2
2025-06-01,2025-06-30,month,ai_dynamic_rules,legacy_predicate.mean.social_attention_spikes,1.00000000,2
2025-06-01,2025-06-30,month,ai_dynamic_rules,legacy_predicate.mean.source_company_announcement,0.00000000,2
2025-06-01,2025-06-30,month,ai_dynamic_rules,legacy_predicate.mean.source_government_or_exchange,0.00000000,2
2025-06-01,2025-06-30,month,ai_dynamic_rules,legacy_predicate.mean.source_major_media,1.00000000,2
2025-06-01,2025-06-30,month,ai_dynamic_rules,legacy_predicate.mean.supply_side_policy,0.00000000,2
2025-06-01,2025-06-30,month,ai_dynamic_rules,macro_predicate.hit_rate.capacity_enters_production,0.00000000,2
2025-06-01,2025-06-30,month,ai_dynamic_rules,macro_predicate.hit_rate.capacity_under_construction,0.50000000,2
2025-06-01,2025-06-30,month,ai_dynamic_rules,macro_predicate.hit_rate.export_demand_improves,0.00000000,2
2025-06-01,2025-06-30,month,ai_dynamic_rules,macro_predicate.hit_rate.financing_constraint_eases,0.00000000,2
2025-06-01,2025-06-30,month,ai_dynamic_rules,macro_predicate.hit_rate.grid_investment_accelerates,0.00000000,2
2025-06-01,2025-06-30,month,ai_dynamic_rules,macro_predicate.hit_rate.industry_competition_intensifies,0.50000000,2
2025-06-01,2025-06-30,month,ai_dynamic_rules,macro_predicate.hit_rate.inventory_pressure_increases,0.00000000,2
2025-06-01,2025-06-30,month,ai_dynamic_rules,macro_predicate.hit_rate.order_demand_improves,0.00000000,2
2025-06-01,2025-06-30,month,ai_dynamic_rules,macro_predicate.hit_rate.policy_accelerates_project_implementation,0.00000000,2
2025-06-01,2025-06-30,month,ai_dynamic_rules,macro_predicate.hit_rate.policy_expands_effective_demand,0.00000000,2
2025-06-01,2025-06-30,month,ai_dynamic_rules,macro_predicate.hit_rate.product_price_recovers,0.00000000,2
2025-06-01,2025-06-30,month,ai_dynamic_rules,macro_predicate.hit_rate.raw_material_cost_pressure,0.00000000,2
2025-06-01,2025-06-30,month,ai_dynamic_rules,macro_predicate.net.capacity_enters_production,0.00000000,2
2025-06-01,2025-06-30,month,ai_dynamic_rules,macro_predicate.net.capacity_under_construction,0.22275000,2
2025-06-01,2025-06-30,month,ai_dynamic_rules,macro_predicate.net.export_demand_improves,0.00000000,2
2025-06-01,2025-06-30,month,ai_dynamic_rules,macro_predicate.net.financing_constraint_eases,0.00000000,2
2025-06-01,2025-06-30,month,ai_dynamic_rules,macro_predicate.net.grid_investment_accelerates,0.00000000,2
2025-06-01,2025-06-30,month,ai_dynamic_rules,macro_predicate.net.industry_competition_intensifies,-0.09000000,2
2025-06-01,2025-06-30,month,ai_dynamic_rules,macro_predicate.net.inventory_pressure_increases,0.00000000,2
2025-06-01,2025-06-30,month,ai_dynamic_rules,macro_predicate.net.order_demand_improves,0.00000000,2
2025-06-01,2025-06-30,month,ai_dynamic_rules,macro_predicate.net.policy_accelerates_project_implementation,0.00000000,2
2025-06-01,2025-06-30,month,ai_dynamic_rules,macro_predicate.net.policy_expands_effective_demand,0.00000000,2
2025-06-01,2025-06-30,month,ai_dynamic_rules,macro_predicate.net.product_price_recovers,0.00000000,2
2025-06-01,2025-06-30,month,ai_dynamic_rules,macro_predicate.net.raw_material_cost_pressure,0.00000000,2
2025-06-01,2025-06-30,month,ai_dynamic_rules,source.share.announcement,0.00000000,2
2025-06-01,2025-06-30,month,ai_dynamic_rules,source.share.ir_qa,0.00000000,2
2025-06-01,2025-06-30,month,ai_dynamic_rules,source.share.news,0.50000000,2
2025-06-01,2025-06-30,month,ai_dynamic_rules,source.share.policy,0.50000000,2
2025-06-01,2025-06-30,month,ai_dynamic_rules,topic.share.battery,0.50000000,2
2025-06-01,2025-06-30,month,ai_dynamic_rules,topic.share.grid,0.00000000,2
2025-06-01,2025-06-30,month,ai_dynamic_rules,topic.share.photovoltaic,0.50000000,2
2025-06-01,2025-06-30,month,ai_dynamic_rules,topic.share.storage,0.00000000,2
2025-06-01,2025-06-30,month,ai_dynamic_rules,topic.share.wind,0.00000000,2
2025-07-01,2025-07-31,month,ai_dynamic_rules,candidate.mean,1.15308800,6
2025-07-01,2025-07-31,month,ai_dynamic_rules,candidate.p25,1.15308800,6
2025-07-01,2025-07-31,month,ai_dynamic_rules,candidate.p50,1.15308800,6
2025-07-01,2025-07-31,month,ai_dynamic_rules,candidate.p75,1.15308800,6
2025-07-01,2025-07-31,month,ai_dynamic_rules,candidate.positive_share,1.00000000,6
2025-07-01,2025-07-31,month,ai_dynamic_rules,candidate.std,0.00000000,6
2025-07-01,2025-07-31,month,ai_dynamic_rules,coverage.ai_annotation_success_rate,0.83333333,6
2025-07-01,2025-07-31,month,ai_dynamic_rules,coverage.document_count_log1p,1.94591015,6
2025-07-01,2025-07-31,month,ai_dynamic_rules,coverage.event_count_log1p,2.48490665,6
2025-07-01,2025-07-31,month,ai_dynamic_rules,coverage.independent_source_count_log1p,1.94591015,6
2025-07-01,2025-07-31,month,ai_dynamic_rules,evidence.entity_confidence_mean,0.69545455,6
2025-07-01,2025-07-31,month,ai_dynamic_rules,evidence.event_strength_mean,0.84000000,6
2025-07-01,2025-07-31,month,ai_dynamic_rules,frozen_rule.supporting_document_share,0.16666667,6
2025-07-01,2025-07-31,month,ai_dynamic_rules,frozen_rule.unique_rule_count_log1p,1.09861229,6
2025-07-01,2025-07-31,month,ai_dynamic_rules,legacy_predicate.confidence.announcement_contains_uncertainty,0.78000000,6
2025-07-01,2025-07-31,month,ai_dynamic_rules,legacy_predicate.confidence.capacity_policy_support,0.74000000,6
2025-07-01,2025-07-31,month,ai_dynamic_rules,legacy_predicate.confidence.demand_side_policy,0.74000000,6
2025-07-01,2025-07-31,month,ai_dynamic_rules,legacy_predicate.confidence.event_evidence_strength,0.92000000,6
2025-07-01,2025-07-31,month,ai_dynamic_rules,legacy_predicate.confidence.event_has_short_term_price_impact,0.70000000,6
2025-07-01,2025-07-31,month,ai_dynamic_rules,legacy_predicate.confidence.event_mentions_core_product,0.74000000,6
2025-07-01,2025-07-31,month,ai_dynamic_rules,legacy_predicate.confidence.evidence_from_authoritative_source,0.94000000,6
2025-07-01,2025-07-31,month,ai_dynamic_rules,legacy_predicate.confidence.has_policy_support,0.96000000,6
2025-07-01,2025-07-31,month,ai_dynamic_rules,legacy_predicate.confidence.institutional_attention_increases,0.70000000,6
2025-07-01,2025-07-31,month,ai_dynamic_rules,legacy_predicate.confidence.investor_questions_increase,0.82000000,6
2025-07-01,2025-07-31,month,ai_dynamic_rules,legacy_predicate.confidence.management_response_vague,0.76000000,6
2025-07-01,2025-07-31,month,ai_dynamic_rules,legacy_predicate.confidence.policy_attention_followup,0.84000000,6
2025-07-01,2025-07-31,month,ai_dynamic_rules,legacy_predicate.confidence.policy_directly_related_to_business,0.78000000,6
2025-07-01,2025-07-31,month,ai_dynamic_rules,legacy_predicate.confidence.risk_or_uncertainty_disclosure,0.78000000,6
2025-07-01,2025-07-31,month,ai_dynamic_rules,legacy_predicate.confidence.social_attention_spikes,0.68000000,6
2025-07-01,2025-07-31,month,ai_dynamic_rules,legacy_predicate.confidence.source_company_announcement,0.78000000,6
2025-07-01,2025-07-31,month,ai_dynamic_rules,legacy_predicate.confidence.source_government_or_exchange,0.95000000,6
2025-07-01,2025-07-31,month,ai_dynamic_rules,legacy_predicate.confidence.source_major_media,0.76000000,6
2025-07-01,2025-07-31,month,ai_dynamic_rules,legacy_predicate.confidence.supply_side_policy,0.74000000,6
2025-07-01,2025-07-31,month,ai_dynamic_rules,legacy_predicate.mean.announcement_contains_uncertainty,0.00000000,6
2025-07-01,2025-07-31,month,ai_dynamic_rules,legacy_predicate.mean.capacity_policy_support,0.00000000,6
2025-07-01,2025-07-31,month,ai_dynamic_rules,legacy_predicate.mean.demand_side_policy,0.00000000,6
2025-07-01,2025-07-31,month,ai_dynamic_rules,legacy_predicate.mean.event_evidence_strength,0.94000000,6
2025-07-01,2025-07-31,month,ai_dynamic_rules,legacy_predicate.mean.event_has_short_term_price_impact,0.78000000,6
2025-07-01,2025-07-31,month,ai_dynamic_rules,legacy_predicate.mean.event_mentions_core_product,0.00000000,6
2025-07-01,2025-07-31,month,ai_dynamic_rules,legacy_predicate.mean.evidence_from_authoritative_source,1.00000000,6
2025-07-01,2025-07-31,month,ai_dynamic_rules,legacy_predicate.mean.has_policy_support,1.00000000,6
2025-07-01,2025-07-31,month,ai_dynamic_rules,legacy_predicate.mean.institutional_attention_increases,0.00000000,6
2025-07-01,2025-07-31,month,ai_dynamic_rules,legacy_predicate.mean.investor_questions_increase,0.00000000,6
2025-07-01,2025-07-31,month,ai_dynamic_rules,legacy_predicate.mean.management_response_vague,0.00000000,6
2025-07-01,2025-07-31,month,ai_dynamic_rules,legacy_predicate.mean.policy_attention_followup,1.00000000,6
2025-07-01,2025-07-31,month,ai_dynamic_rules,legacy_predicate.mean.policy_directly_related_to_business,0.00000000,6
2025-07-01,2025-07-31,month,ai_dynamic_rules,legacy_predicate.mean.risk_or_uncertainty_disclosure,0.00000000,6
2025-07-01,2025-07-31,month,ai_dynamic_rules,legacy_predicate.mean.social_attention_spikes,0.00000000,6
2025-07-01,2025-07-31,month,ai_dynamic_rules,legacy_predicate.mean.source_company_announcement,0.00000000,6
2025-07-01,2025-07-31,month,ai_dynamic_rules,legacy_predicate.mean.source_government_or_exchange,1.00000000,6
2025-07-01,2025-07-31,month,ai_dynamic_rules,legacy_predicate.mean.source_major_media,0.00000000,6
2025-07-01,2025-07-31,month,ai_dynamic_rules,legacy_predicate.mean.supply_side_policy,0.00000000,6
2025-07-01,2025-07-31,month,ai_dynamic_rules,macro_predicate.hit_rate.capacity_enters_production,0.00000000,6
2025-07-01,2025-07-31,month,ai_dynamic_rules,macro_predicate.hit_rate.capacity_under_construction,0.00000000,6
2025-07-01,2025-07-31,month,ai_dynamic_rules,macro_predicate.hit_rate.export_demand_improves,0.33333333,6
2025-07-01,2025-07-31,month,ai_dynamic_rules,macro_predicate.hit_rate.financing_constraint_eases,0.00000000,6
2025-07-01,2025-07-31,month,ai_dynamic_rules,macro_predicate.hit_rate.grid_investment_accelerates,0.16666667,6
2025-07-01,2025-07-31,month,ai_dynamic_rules,macro_predicate.hit_rate.industry_competition_intensifies,0.50000000,6
2025-07-01,2025-07-31,month,ai_dynamic_rules,macro_predicate.hit_rate.inventory_pressure_increases,0.33333333,6
2025-07-01,2025-07-31,month,ai_dynamic_rules,macro_predicate.hit_rate.order_demand_improves,0.16666667,6
2025-07-01,2025-07-31,month,ai_dynamic_rules,macro_predicate.hit_rate.policy_accelerates_project_implementation,0.16666667,6
2025-07-01,2025-07-31,month,ai_dynamic_rules,macro_predicate.hit_rate.policy_expands_effective_demand,0.16666667,6
2025-07-01,2025-07-31,month,ai_dynamic_rules,macro_predicate.hit_rate.product_price_recovers,0.33333333,6
2025-07-01,2025-07-31,month,ai_dynamic_rules,macro_predicate.hit_rate.raw_material_cost_pressure,0.00000000,6
2025-07-01,2025-07-31,month,ai_dynamic_rules,macro_predicate.net.capacity_enters_production,0.00000000,6
2025-07-01,2025-07-31,month,ai_dynamic_rules,macro_predicate.net.capacity_under_construction,0.00000000,6
2025-07-01,2025-07-31,month,ai_dynamic_rules,macro_predicate.net.export_demand_improves,0.22533333,6
2025-07-01,2025-07-31,month,ai_dynamic_rules,macro_predicate.net.financing_constraint_eases,0.00000000,6
2025-07-01,2025-07-31,month,ai_dynamic_rules,macro_predicate.net.grid_investment_accelerates,0.12433333,6
2025-07-01,2025-07-31,month,ai_dynamic_rules,macro_predicate.net.industry_competition_intensifies,-0.13750000,6
2025-07-01,2025-07-31,month,ai_dynamic_rules,macro_predicate.net.inventory_pressure_increases,-0.09500000,6
2025-07-01,2025-07-31,month,ai_dynamic_rules,macro_predicate.net.order_demand_improves,0.03500000,6
2025-07-01,2025-07-31,month,ai_dynamic_rules,macro_predicate.net.policy_accelerates_project_implementation,0.02333333,6
2025-07-01,2025-07-31,month,ai_dynamic_rules,macro_predicate.net.policy_expands_effective_demand,0.02916667,6
2025-07-01,2025-07-31,month,ai_dynamic_rules,macro_predicate.net.product_price_recovers,0.17093333,6
2025-07-01,2025-07-31,month,ai_dynamic_rules,macro_predicate.net.raw_material_cost_pressure,0.00000000,6
2025-07-01,2025-07-31,month,ai_dynamic_rules,source.share.announcement,0.16666667,6
2025-07-01,2025-07-31,month,ai_dynamic_rules,source.share.ir_qa,0.00000000,6
2025-07-01,2025-07-31,month,ai_dynamic_rules,source.share.news,0.66666667,6
2025-07-01,2025-07-31,month,ai_dynamic_rules,source.share.policy,0.16666667,6
2025-07-01,2025-07-31,month,ai_dynamic_rules,topic.share.battery,0.16666667,6
2025-07-01,2025-07-31,month,ai_dynamic_rules,topic.share.grid,0.16666667,6
2025-07-01,2025-07-31,month,ai_dynamic_rules,topic.share.photovoltaic,0.50000000,6
2025-07-01,2025-07-31,month,ai_dynamic_rules,topic.share.storage,0.00000000,6
2025-07-01,2025-07-31,month,ai_dynamic_rules,topic.share.wind,0.16666667,6
2025-08-01,2025-08-31,month,ai_dynamic_rules,candidate.mean,0.92051733,7
2025-08-01,2025-08-31,month,ai_dynamic_rules,candidate.p25,0.80989600,7
2025-08-01,2025-08-31,month,ai_dynamic_rules,candidate.p50,1.14176000,7
2025-08-01,2025-08-31,month,ai_dynamic_rules,candidate.p75,1.14176000,7
2025-08-01,2025-08-31,month,ai_dynamic_rules,candidate.positive_share,1.00000000,7
2025-08-01,2025-08-31,month,ai_dynamic_rules,candidate.std,0.31288438,7
2025-08-01,2025-08-31,month,ai_dynamic_rules,coverage.ai_annotation_success_rate,0.85714286,7
2025-08-01,2025-08-31,month,ai_dynamic_rules,coverage.document_count_log1p,2.07944154,7
2025-08-01,2025-08-31,month,ai_dynamic_rules,coverage.event_count_log1p,2.89037176,7
2025-08-01,2025-08-31,month,ai_dynamic_rules,coverage.independent_source_count_log1p,2.07944154,7
2025-08-01,2025-08-31,month,ai_dynamic_rules,evidence.entity_confidence_mean,0.76280000,7
2025-08-01,2025-08-31,month,ai_dynamic_rules,evidence.event_strength_mean,0.86823529,7
2025-08-01,2025-08-31,month,ai_dynamic_rules,frozen_rule.supporting_document_share,0.28571429,7
2025-08-01,2025-08-31,month,ai_dynamic_rules,frozen_rule.unique_rule_count_log1p,1.38629436,7
2025-08-01,2025-08-31,month,ai_dynamic_rules,legacy_predicate.confidence.announcement_contains_uncertainty,0.78000000,7
2025-08-01,2025-08-31,month,ai_dynamic_rules,legacy_predicate.confidence.capacity_policy_support,0.76500000,7
2025-08-01,2025-08-31,month,ai_dynamic_rules,legacy_predicate.confidence.demand_side_policy,0.74000000,7
2025-08-01,2025-08-31,month,ai_dynamic_rules,legacy_predicate.confidence.event_evidence_strength,0.92000000,7
2025-08-01,2025-08-31,month,ai_dynamic_rules,legacy_predicate.confidence.event_has_short_term_price_impact,0.70000000,7
2025-08-01,2025-08-31,month,ai_dynamic_rules,legacy_predicate.confidence.event_mentions_core_product,0.84500000,7
2025-08-01,2025-08-31,month,ai_dynamic_rules,legacy_predicate.confidence.evidence_from_authoritative_source,0.88500000,7
2025-08-01,2025-08-31,month,ai_dynamic_rules,legacy_predicate.confidence.has_policy_support,0.90000000,7
2025-08-01,2025-08-31,month,ai_dynamic_rules,legacy_predicate.confidence.institutional_attention_increases,0.70000000,7
2025-08-01,2025-08-31,month,ai_dynamic_rules,legacy_predicate.confidence.investor_questions_increase,0.82000000,7
2025-08-01,2025-08-31,month,ai_dynamic_rules,legacy_predicate.confidence.management_response_vague,0.76000000,7
2025-08-01,2025-08-31,month,ai_dynamic_rules,legacy_predicate.confidence.policy_attention_followup,0.80500000,7
2025-08-01,2025-08-31,month,ai_dynamic_rules,legacy_predicate.confidence.policy_directly_related_to_business,0.78000000,7
2025-08-01,2025-08-31,month,ai_dynamic_rules,legacy_predicate.confidence.risk_or_uncertainty_disclosure,0.78000000,7
2025-08-01,2025-08-31,month,ai_dynamic_rules,legacy_predicate.confidence.social_attention_spikes,0.75000000,7
2025-08-01,2025-08-31,month,ai_dynamic_rules,legacy_predicate.confidence.source_company_announcement,0.78000000,7
2025-08-01,2025-08-31,month,ai_dynamic_rules,legacy_predicate.confidence.source_government_or_exchange,0.80750000,7
2025-08-01,2025-08-31,month,ai_dynamic_rules,legacy_predicate.confidence.source_major_media,0.83000000,7
2025-08-01,2025-08-31,month,ai_dynamic_rules,legacy_predicate.confidence.supply_side_policy,0.74000000,7
2025-08-01,2025-08-31,month,ai_dynamic_rules,legacy_predicate.mean.announcement_contains_uncertainty,0.00000000,7
2025-08-01,2025-08-31,month,ai_dynamic_rules,legacy_predicate.mean.capacity_policy_support,0.50000000,7
2025-08-01,2025-08-31,month,ai_dynamic_rules,legacy_predicate.mean.demand_side_policy,0.00000000,7
2025-08-01,2025-08-31,month,ai_dynamic_rules,legacy_predicate.mean.event_evidence_strength,0.85000000,7
2025-08-01,2025-08-31,month,ai_dynamic_rules,legacy_predicate.mean.event_has_short_term_price_impact,0.73000000,7
2025-08-01,2025-08-31,month,ai_dynamic_rules,legacy_predicate.mean.event_mentions_core_product,1.00000000,7
2025-08-01,2025-08-31,month,ai_dynamic_rules,legacy_predicate.mean.evidence_from_authoritative_source,1.00000000,7
2025-08-01,2025-08-31,month,ai_dynamic_rules,legacy_predicate.mean.has_policy_support,0.50000000,7
2025-08-01,2025-08-31,month,ai_dynamic_rules,legacy_predicate.mean.institutional_attention_increases,0.00000000,7
2025-08-01,2025-08-31,month,ai_dynamic_rules,legacy_predicate.mean.investor_questions_increase,0.00000000,7
2025-08-01,2025-08-31,month,ai_dynamic_rules,legacy_predicate.mean.management_response_vague,0.00000000,7
2025-08-01,2025-08-31,month,ai_dynamic_rules,legacy_predicate.mean.policy_attention_followup,1.00000000,7
2025-08-01,2025-08-31,month,ai_dynamic_rules,legacy_predicate.mean.policy_directly_related_to_business,0.00000000,7
2025-08-01,2025-08-31,month,ai_dynamic_rules,legacy_predicate.mean.risk_or_uncertainty_disclosure,0.00000000,7
2025-08-01,2025-08-31,month,ai_dynamic_rules,legacy_predicate.mean.social_attention_spikes,0.50000000,7
2025-08-01,2025-08-31,month,ai_dynamic_rules,legacy_predicate.mean.source_company_announcement,0.00000000,7
2025-08-01,2025-08-31,month,ai_dynamic_rules,legacy_predicate.mean.source_government_or_exchange,0.50000000,7
2025-08-01,2025-08-31,month,ai_dynamic_rules,legacy_predicate.mean.source_major_media,0.50000000,7
2025-08-01,2025-08-31,month,ai_dynamic_rules,legacy_predicate.mean.supply_side_policy,0.00000000,7
2025-08-01,2025-08-31,month,ai_dynamic_rules,macro_predicate.hit_rate.capacity_enters_production,0.00000000,7
2025-08-01,2025-08-31,month,ai_dynamic_rules,macro_predicate.hit_rate.capacity_under_construction,0.00000000,7
2025-08-01,2025-08-31,month,ai_dynamic_rules,macro_predicate.hit_rate.export_demand_improves,0.00000000,7
2025-08-01,2025-08-31,month,ai_dynamic_rules,macro_predicate.hit_rate.financing_constraint_eases,0.00000000,7
2025-08-01,2025-08-31,month,ai_dynamic_rules,macro_predicate.hit_rate.grid_investment_accelerates,0.00000000,7
2025-08-01,2025-08-31,month,ai_dynamic_rules,macro_predicate.hit_rate.industry_competition_intensifies,0.14285714,7
2025-08-01,2025-08-31,month,ai_dynamic_rules,macro_predicate.hit_rate.inventory_pressure_increases,0.00000000,7
2025-08-01,2025-08-31,month,ai_dynamic_rules,macro_predicate.hit_rate.order_demand_improves,0.00000000,7
2025-08-01,2025-08-31,month,ai_dynamic_rules,macro_predicate.hit_rate.policy_accelerates_project_implementation,0.14285714,7
2025-08-01,2025-08-31,month,ai_dynamic_rules,macro_predicate.hit_rate.policy_expands_effective_demand,0.14285714,7
2025-08-01,2025-08-31,month,ai_dynamic_rules,macro_predicate.hit_rate.product_price_recovers,0.00000000,7
2025-08-01,2025-08-31,month,ai_dynamic_rules,macro_predicate.hit_rate.raw_material_cost_pressure,0.00000000,7
2025-08-01,2025-08-31,month,ai_dynamic_rules,macro_predicate.net.capacity_enters_production,0.00000000,7
2025-08-01,2025-08-31,month,ai_dynamic_rules,macro_predicate.net.capacity_under_construction,0.00000000,7
2025-08-01,2025-08-31,month,ai_dynamic_rules,macro_predicate.net.export_demand_improves,0.00000000,7
2025-08-01,2025-08-31,month,ai_dynamic_rules,macro_predicate.net.financing_constraint_eases,0.00000000,7
2025-08-01,2025-08-31,month,ai_dynamic_rules,macro_predicate.net.grid_investment_accelerates,0.00000000,7
2025-08-01,2025-08-31,month,ai_dynamic_rules,macro_predicate.net.industry_competition_intensifies,-0.01500000,7
2025-08-01,2025-08-31,month,ai_dynamic_rules,macro_predicate.net.inventory_pressure_increases,0.00000000,7
2025-08-01,2025-08-31,month,ai_dynamic_rules,macro_predicate.net.order_demand_improves,0.00000000,7
2025-08-01,2025-08-31,month,ai_dynamic_rules,macro_predicate.net.policy_accelerates_project_implementation,0.01200000,7
2025-08-01,2025-08-31,month,ai_dynamic_rules,macro_predicate.net.policy_expands_effective_demand,0.02000000,7
2025-08-01,2025-08-31,month,ai_dynamic_rules,macro_predicate.net.product_price_recovers,0.00000000,7
2025-08-01,2025-08-31,month,ai_dynamic_rules,macro_predicate.net.raw_material_cost_pressure,0.00000000,7
2025-08-01,2025-08-31,month,ai_dynamic_rules,source.share.announcement,0.42857143,7
2025-08-01,2025-08-31,month,ai_dynamic_rules,source.share.ir_qa,0.00000000,7
2025-08-01,2025-08-31,month,ai_dynamic_rules,source.share.news,0.28571429,7
2025-08-01,2025-08-31,month,ai_dynamic_rules,source.share.policy,0.28571429,7
2025-08-01,2025-08-31,month,ai_dynamic_rules,topic.share.battery,0.00000000,7
2025-08-01,2025-08-31,month,ai_dynamic_rules,topic.share.grid,0.00000000,7
2025-08-01,2025-08-31,month,ai_dynamic_rules,topic.share.photovoltaic,0.28571429,7
2025-08-01,2025-08-31,month,ai_dynamic_rules,topic.share.storage,0.28571429,7
2025-08-01,2025-08-31,month,ai_dynamic_rules,topic.share.wind,0.00000000,7
2025-09-01,2025-09-30,month,ai_dynamic_rules,candidate.mean,0.00000000,5
2025-09-01,2025-09-30,month,ai_dynamic_rules,candidate.p25,0.00000000,5
2025-09-01,2025-09-30,month,ai_dynamic_rules,candidate.p50,0.00000000,5
2025-09-01,2025-09-30,month,ai_dynamic_rules,candidate.p75,0.00000000,5
2025-09-01,2025-09-30,month,ai_dynamic_rules,candidate.positive_share,0.00000000,5
2025-09-01,2025-09-30,month,ai_dynamic_rules,candidate.std,0.00000000,5
2025-09-01,2025-09-30,month,ai_dynamic_rules,coverage.ai_annotation_success_rate,0.60000000,5
2025-09-01,2025-09-30,month,ai_dynamic_rules,coverage.document_count_log1p,1.79175947,5
2025-09-01,2025-09-30,month,ai_dynamic_rules,coverage.event_count_log1p,2.56494936,5
2025-09-01,2025-09-30,month,ai_dynamic_rules,coverage.independent_source_count_log1p,1.79175947,5
2025-09-01,2025-09-30,month,ai_dynamic_rules,evidence.entity_confidence_mean,0.72789474,5
2025-09-01,2025-09-30,month,ai_dynamic_rules,evidence.event_strength_mean,0.81000000,5
2025-09-01,2025-09-30,month,ai_dynamic_rules,frozen_rule.supporting_document_share,0.00000000,5
2025-09-01,2025-09-30,month,ai_dynamic_rules,frozen_rule.unique_rule_count_log1p,0.00000000,5
2025-09-01,2025-09-30,month,ai_dynamic_rules,macro_predicate.hit_rate.capacity_enters_production,0.20000000,5
2025-09-01,2025-09-30,month,ai_dynamic_rules,macro_predicate.hit_rate.capacity_under_construction,0.00000000,5
2025-09-01,2025-09-30,month,ai_dynamic_rules,macro_predicate.hit_rate.export_demand_improves,0.20000000,5
2025-09-01,2025-09-30,month,ai_dynamic_rules,macro_predicate.hit_rate.financing_constraint_eases,0.00000000,5
2025-09-01,2025-09-30,month,ai_dynamic_rules,macro_predicate.hit_rate.grid_investment_accelerates,0.00000000,5
2025-09-01,2025-09-30,month,ai_dynamic_rules,macro_predicate.hit_rate.industry_competition_intensifies,0.20000000,5
2025-09-01,2025-09-30,month,ai_dynamic_rules,macro_predicate.hit_rate.inventory_pressure_increases,0.00000000,5
2025-09-01,2025-09-30,month,ai_dynamic_rules,macro_predicate.hit_rate.order_demand_improves,0.00000000,5
2025-09-01,2025-09-30,month,ai_dynamic_rules,macro_predicate.hit_rate.policy_accelerates_project_implementation,0.40000000,5
2025-09-01,2025-09-30,month,ai_dynamic_rules,macro_predicate.hit_rate.policy_expands_effective_demand,0.00000000,5
2025-09-01,2025-09-30,month,ai_dynamic_rules,macro_predicate.hit_rate.product_price_recovers,0.00000000,5
2025-09-01,2025-09-30,month,ai_dynamic_rules,macro_predicate.hit_rate.raw_material_cost_pressure,0.00000000,5
2025-09-01,2025-09-30,month,ai_dynamic_rules,macro_predicate.net.capacity_enters_production,0.12960000,5
2025-09-01,2025-09-30,month,ai_dynamic_rules,macro_predicate.net.capacity_under_construction,0.00000000,5
2025-09-01,2025-09-30,month,ai_dynamic_rules,macro_predicate.net.export_demand_improves,0.12960000,5
2025-09-01,2025-09-30,month,ai_dynamic_rules,macro_predicate.net.financing_constraint_eases,0.00000000,5
2025-09-01,2025-09-30,month,ai_dynamic_rules,macro_predicate.net.grid_investment_accelerates,0.00000000,5
2025-09-01,2025-09-30,month,ai_dynamic_rules,macro_predicate.net.industry_competition_intensifies,-0.12960000,5
2025-09-01,2025-09-30,month,ai_dynamic_rules,macro_predicate.net.inventory_pressure_increases,0.00000000,5
2025-09-01,2025-09-30,month,ai_dynamic_rules,macro_predicate.net.order_demand_improves,0.00000000,5
2025-09-01,2025-09-30,month,ai_dynamic_rules,macro_predicate.net.policy_accelerates_project_implementation,0.27880000,5
2025-09-01,2025-09-30,month,ai_dynamic_rules,macro_predicate.net.policy_expands_effective_demand,0.00000000,5
2025-09-01,2025-09-30,month,ai_dynamic_rules,macro_predicate.net.product_price_recovers,0.00000000,5
2025-09-01,2025-09-30,month,ai_dynamic_rules,macro_predicate.net.raw_material_cost_pressure,0.00000000,5
2025-09-01,2025-09-30,month,ai_dynamic_rules,source.share.announcement,0.40000000,5
2025-09-01,2025-09-30,month,ai_dynamic_rules,source.share.ir_qa,0.00000000,5
2025-09-01,2025-09-30,month,ai_dynamic_rules,source.share.news,0.20000000,5
2025-09-01,2025-09-30,month,ai_dynamic_rules,source.share.policy,0.40000000,5
2025-09-01,2025-09-30,month,ai_dynamic_rules,topic.share.battery,0.20000000,5
2025-09-01,2025-09-30,month,ai_dynamic_rules,topic.share.grid,0.00000000,5
2025-09-01,2025-09-30,month,ai_dynamic_rules,topic.share.photovoltaic,0.20000000,5
2025-09-01,2025-09-30,month,ai_dynamic_rules,topic.share.storage,0.00000000,5
2025-09-01,2025-09-30,month,ai_dynamic_rules,topic.share.wind,0.00000000,5
2025-10-01,2025-10-31,month,ai_dynamic_rules,candidate.mean,1.15308800,8
2025-10-01,2025-10-31,month,ai_dynamic_rules,candidate.p25,1.15308800,8
2025-10-01,2025-10-31,month,ai_dynamic_rules,candidate.p50,1.15308800,8
2025-10-01,2025-10-31,month,ai_dynamic_rules,candidate.p75,1.15308800,8
2025-10-01,2025-10-31,month,ai_dynamic_rules,candidate.positive_share,1.00000000,8
2025-10-01,2025-10-31,month,ai_dynamic_rules,candidate.std,0.00000000,8
2025-10-01,2025-10-31,month,ai_dynamic_rules,coverage.ai_annotation_success_rate,0.62500000,8
2025-10-01,2025-10-31,month,ai_dynamic_rules,coverage.document_count_log1p,2.19722458,8
2025-10-01,2025-10-31,month,ai_dynamic_rules,coverage.event_count_log1p,2.48490665,8
2025-10-01,2025-10-31,month,ai_dynamic_rules,coverage.independent_source_count_log1p,2.19722458,8
2025-10-01,2025-10-31,month,ai_dynamic_rules,evidence.entity_confidence_mean,0.78058824,8
2025-10-01,2025-10-31,month,ai_dynamic_rules,evidence.event_strength_mean,0.88181818,8
2025-10-01,2025-10-31,month,ai_dynamic_rules,frozen_rule.supporting_document_share,0.50000000,8
2025-10-01,2025-10-31,month,ai_dynamic_rules,frozen_rule.unique_rule_count_log1p,1.09861229,8
2025-10-01,2025-10-31,month,ai_dynamic_rules,legacy_predicate.confidence.announcement_contains_uncertainty,0.78000000,8
2025-10-01,2025-10-31,month,ai_dynamic_rules,legacy_predicate.confidence.capacity_policy_support,0.79000000,8
2025-10-01,2025-10-31,month,ai_dynamic_rules,legacy_predicate.confidence.demand_side_policy,0.80000000,8
2025-10-01,2025-10-31,month,ai_dynamic_rules,legacy_predicate.confidence.event_evidence_strength,0.92000000,8
2025-10-01,2025-10-31,month,ai_dynamic_rules,legacy_predicate.confidence.event_has_short_term_price_impact,0.70000000,8
2025-10-01,2025-10-31,month,ai_dynamic_rules,legacy_predicate.confidence.event_mentions_core_product,0.74000000,8
2025-10-01,2025-10-31,month,ai_dynamic_rules,legacy_predicate.confidence.evidence_from_authoritative_source,0.94000000,8
2025-10-01,2025-10-31,month,ai_dynamic_rules,legacy_predicate.confidence.has_policy_support,0.96000000,8
2025-10-01,2025-10-31,month,ai_dynamic_rules,legacy_predicate.confidence.institutional_attention_increases,0.70000000,8
2025-10-01,2025-10-31,month,ai_dynamic_rules,legacy_predicate.confidence.investor_questions_increase,0.82000000,8
2025-10-01,2025-10-31,month,ai_dynamic_rules,legacy_predicate.confidence.management_response_vague,0.76000000,8
2025-10-01,2025-10-31,month,ai_dynamic_rules,legacy_predicate.confidence.policy_attention_followup,0.84000000,8
2025-10-01,2025-10-31,month,ai_dynamic_rules,legacy_predicate.confidence.policy_directly_related_to_business,0.78000000,8
2025-10-01,2025-10-31,month,ai_dynamic_rules,legacy_predicate.confidence.risk_or_uncertainty_disclosure,0.78000000,8
2025-10-01,2025-10-31,month,ai_dynamic_rules,legacy_predicate.confidence.social_attention_spikes,0.68000000,8
2025-10-01,2025-10-31,month,ai_dynamic_rules,legacy_predicate.confidence.source_company_announcement,0.78000000,8
2025-10-01,2025-10-31,month,ai_dynamic_rules,legacy_predicate.confidence.source_government_or_exchange,0.95000000,8
2025-10-01,2025-10-31,month,ai_dynamic_rules,legacy_predicate.confidence.source_major_media,0.76000000,8
2025-10-01,2025-10-31,month,ai_dynamic_rules,legacy_predicate.confidence.supply_side_policy,0.79000000,8
2025-10-01,2025-10-31,month,ai_dynamic_rules,legacy_predicate.mean.announcement_contains_uncertainty,0.00000000,8
2025-10-01,2025-10-31,month,ai_dynamic_rules,legacy_predicate.mean.capacity_policy_support,0.50000000,8
2025-10-01,2025-10-31,month,ai_dynamic_rules,legacy_predicate.mean.demand_side_policy,0.50000000,8
2025-10-01,2025-10-31,month,ai_dynamic_rules,legacy_predicate.mean.event_evidence_strength,0.94000000,8
2025-10-01,2025-10-31,month,ai_dynamic_rules,legacy_predicate.mean.event_has_short_term_price_impact,0.78000000,8
2025-10-01,2025-10-31,month,ai_dynamic_rules,legacy_predicate.mean.event_mentions_core_product,0.00000000,8
2025-10-01,2025-10-31,month,ai_dynamic_rules,legacy_predicate.mean.evidence_from_authoritative_source,1.00000000,8
2025-10-01,2025-10-31,month,ai_dynamic_rules,legacy_predicate.mean.has_policy_support,1.00000000,8
2025-10-01,2025-10-31,month,ai_dynamic_rules,legacy_predicate.mean.institutional_attention_increases,0.00000000,8
2025-10-01,2025-10-31,month,ai_dynamic_rules,legacy_predicate.mean.investor_questions_increase,0.00000000,8
2025-10-01,2025-10-31,month,ai_dynamic_rules,legacy_predicate.mean.management_response_vague,0.00000000,8
2025-10-01,2025-10-31,month,ai_dynamic_rules,legacy_predicate.mean.policy_attention_followup,1.00000000,8
2025-10-01,2025-10-31,month,ai_dynamic_rules,legacy_predicate.mean.policy_directly_related_to_business,0.00000000,8
2025-10-01,2025-10-31,month,ai_dynamic_rules,legacy_predicate.mean.risk_or_uncertainty_disclosure,0.00000000,8
2025-10-01,2025-10-31,month,ai_dynamic_rules,legacy_predicate.mean.social_attention_spikes,0.00000000,8
2025-10-01,2025-10-31,month,ai_dynamic_rules,legacy_predicate.mean.source_company_announcement,0.00000000,8
2025-10-01,2025-10-31,month,ai_dynamic_rules,legacy_predicate.mean.source_government_or_exchange,1.00000000,8
2025-10-01,2025-10-31,month,ai_dynamic_rules,legacy_predicate.mean.source_major_media,0.00000000,8
2025-10-01,2025-10-31,month,ai_dynamic_rules,legacy_predicate.mean.supply_side_policy,0.50000000,8
2025-10-01,2025-10-31,month,ai_dynamic_rules,macro_predicate.hit_rate.capacity_enters_production,0.00000000,8
2025-10-01,2025-10-31,month,ai_dynamic_rules,macro_predicate.hit_rate.capacity_under_construction,0.00000000,8
2025-10-01,2025-10-31,month,ai_dynamic_rules,macro_predicate.hit_rate.export_demand_improves,0.00000000,8
2025-10-01,2025-10-31,month,ai_dynamic_rules,macro_predicate.hit_rate.financing_constraint_eases,0.00000000,8
2025-10-01,2025-10-31,month,ai_dynamic_rules,macro_predicate.hit_rate.grid_investment_accelerates,0.00000000,8
2025-10-01,2025-10-31,month,ai_dynamic_rules,macro_predicate.hit_rate.industry_competition_intensifies,0.00000000,8
2025-10-01,2025-10-31,month,ai_dynamic_rules,macro_predicate.hit_rate.inventory_pressure_increases,0.00000000,8
2025-10-01,2025-10-31,month,ai_dynamic_rules,macro_predicate.hit_rate.order_demand_improves,0.00000000,8
2025-10-01,2025-10-31,month,ai_dynamic_rules,macro_predicate.hit_rate.policy_accelerates_project_implementation,0.00000000,8
2025-10-01,2025-10-31,month,ai_dynamic_rules,macro_predicate.hit_rate.policy_expands_effective_demand,0.25000000,8
2025-10-01,2025-10-31,month,ai_dynamic_rules,macro_predicate.hit_rate.product_price_recovers,0.00000000,8
2025-10-01,2025-10-31,month,ai_dynamic_rules,macro_predicate.hit_rate.raw_material_cost_pressure,0.00000000,8
2025-10-01,2025-10-31,month,ai_dynamic_rules,macro_predicate.net.capacity_enters_production,0.00000000,8
2025-10-01,2025-10-31,month,ai_dynamic_rules,macro_predicate.net.capacity_under_construction,0.00000000,8
2025-10-01,2025-10-31,month,ai_dynamic_rules,macro_predicate.net.export_demand_improves,0.00000000,8
2025-10-01,2025-10-31,month,ai_dynamic_rules,macro_predicate.net.financing_constraint_eases,0.00000000,8
2025-10-01,2025-10-31,month,ai_dynamic_rules,macro_predicate.net.grid_investment_accelerates,0.00000000,8
2025-10-01,2025-10-31,month,ai_dynamic_rules,macro_predicate.net.industry_competition_intensifies,0.00000000,8
2025-10-01,2025-10-31,month,ai_dynamic_rules,macro_predicate.net.inventory_pressure_increases,0.00000000,8
2025-10-01,2025-10-31,month,ai_dynamic_rules,macro_predicate.net.order_demand_improves,0.00000000,8
2025-10-01,2025-10-31,month,ai_dynamic_rules,macro_predicate.net.policy_accelerates_project_implementation,0.00000000,8
2025-10-01,2025-10-31,month,ai_dynamic_rules,macro_predicate.net.policy_expands_effective_demand,0.04375000,8
2025-10-01,2025-10-31,month,ai_dynamic_rules,macro_predicate.net.product_price_recovers,0.00000000,8
2025-10-01,2025-10-31,month,ai_dynamic_rules,macro_predicate.net.raw_material_cost_pressure,0.00000000,8
2025-10-01,2025-10-31,month,ai_dynamic_rules,source.share.announcement,0.75000000,8
2025-10-01,2025-10-31,month,ai_dynamic_rules,source.share.ir_qa,0.00000000,8
2025-10-01,2025-10-31,month,ai_dynamic_rules,source.share.news,0.00000000,8
2025-10-01,2025-10-31,month,ai_dynamic_rules,source.share.policy,0.25000000,8
2025-10-01,2025-10-31,month,ai_dynamic_rules,topic.share.battery,0.00000000,8
2025-10-01,2025-10-31,month,ai_dynamic_rules,topic.share.grid,0.00000000,8
2025-10-01,2025-10-31,month,ai_dynamic_rules,topic.share.photovoltaic,0.00000000,8
2025-10-01,2025-10-31,month,ai_dynamic_rules,topic.share.storage,0.00000000,8
2025-10-01,2025-10-31,month,ai_dynamic_rules,topic.share.wind,0.00000000,8
2025-11-01,2025-11-30,month,ai_dynamic_rules,candidate.mean,1.15308800,2
2025-11-01,2025-11-30,month,ai_dynamic_rules,candidate.p25,1.15308800,2
2025-11-01,2025-11-30,month,ai_dynamic_rules,candidate.p50,1.15308800,2
2025-11-01,2025-11-30,month,ai_dynamic_rules,candidate.p75,1.15308800,2
2025-11-01,2025-11-30,month,ai_dynamic_rules,candidate.positive_share,1.00000000,2
2025-11-01,2025-11-30,month,ai_dynamic_rules,candidate.std,0.00000000,2
2025-11-01,2025-11-30,month,ai_dynamic_rules,coverage.ai_annotation_success_rate,0.00000000,2
2025-11-01,2025-11-30,month,ai_dynamic_rules,coverage.document_count_log1p,1.09861229,2
2025-11-01,2025-11-30,month,ai_dynamic_rules,coverage.event_count_log1p,0.69314718,2
2025-11-01,2025-11-30,month,ai_dynamic_rules,coverage.independent_source_count_log1p,1.09861229,2
2025-11-01,2025-11-30,month,ai_dynamic_rules,evidence.entity_confidence_mean,0.94500000,2
2025-11-01,2025-11-30,month,ai_dynamic_rules,evidence.event_strength_mean,0.98000000,2
2025-11-01,2025-11-30,month,ai_dynamic_rules,frozen_rule.supporting_document_share,0.50000000,2
2025-11-01,2025-11-30,month,ai_dynamic_rules,frozen_rule.unique_rule_count_log1p,1.09861229,2
2025-11-01,2025-11-30,month,ai_dynamic_rules,legacy_predicate.confidence.announcement_contains_uncertainty,0.78000000,2
2025-11-01,2025-11-30,month,ai_dynamic_rules,legacy_predicate.confidence.capacity_policy_support,0.84000000,2
2025-11-01,2025-11-30,month,ai_dynamic_rules,legacy_predicate.confidence.demand_side_policy,0.86000000,2
2025-11-01,2025-11-30,month,ai_dynamic_rules,legacy_predicate.confidence.event_evidence_strength,0.92000000,2
2025-11-01,2025-11-30,month,ai_dynamic_rules,legacy_predicate.confidence.event_has_short_term_price_impact,0.70000000,2
2025-11-01,2025-11-30,month,ai_dynamic_rules,legacy_predicate.confidence.event_mentions_core_product,0.74000000,2
2025-11-01,2025-11-30,month,ai_dynamic_rules,legacy_predicate.confidence.evidence_from_authoritative_source,0.94000000,2
2025-11-01,2025-11-30,month,ai_dynamic_rules,legacy_predicate.confidence.has_policy_support,0.96000000,2
2025-11-01,2025-11-30,month,ai_dynamic_rules,legacy_predicate.confidence.institutional_attention_increases,0.70000000,2
2025-11-01,2025-11-30,month,ai_dynamic_rules,legacy_predicate.confidence.investor_questions_increase,0.82000000,2
2025-11-01,2025-11-30,month,ai_dynamic_rules,legacy_predicate.confidence.management_response_vague,0.76000000,2
2025-11-01,2025-11-30,month,ai_dynamic_rules,legacy_predicate.confidence.policy_attention_followup,0.84000000,2
2025-11-01,2025-11-30,month,ai_dynamic_rules,legacy_predicate.confidence.policy_directly_related_to_business,0.78000000,2
2025-11-01,2025-11-30,month,ai_dynamic_rules,legacy_predicate.confidence.risk_or_uncertainty_disclosure,0.78000000,2
2025-11-01,2025-11-30,month,ai_dynamic_rules,legacy_predicate.confidence.social_attention_spikes,0.68000000,2
2025-11-01,2025-11-30,month,ai_dynamic_rules,legacy_predicate.confidence.source_company_announcement,0.78000000,2
2025-11-01,2025-11-30,month,ai_dynamic_rules,legacy_predicate.confidence.source_government_or_exchange,0.95000000,2
2025-11-01,2025-11-30,month,ai_dynamic_rules,legacy_predicate.confidence.source_major_media,0.76000000,2
2025-11-01,2025-11-30,month,ai_dynamic_rules,legacy_predicate.confidence.supply_side_policy,0.84000000,2
2025-11-01,2025-11-30,month,ai_dynamic_rules,legacy_predicate.mean.announcement_contains_uncertainty,0.00000000,2
2025-11-01,2025-11-30,month,ai_dynamic_rules,legacy_predicate.mean.capacity_policy_support,1.00000000,2
2025-11-01,2025-11-30,month,ai_dynamic_rules,legacy_predicate.mean.demand_side_policy,1.00000000,2
2025-11-01,2025-11-30,month,ai_dynamic_rules,legacy_predicate.mean.event_evidence_strength,0.94000000,2
2025-11-01,2025-11-30,month,ai_dynamic_rules,legacy_predicate.mean.event_has_short_term_price_impact,0.78000000,2
2025-11-01,2025-11-30,month,ai_dynamic_rules,legacy_predicate.mean.event_mentions_core_product,0.00000000,2
2025-11-01,2025-11-30,month,ai_dynamic_rules,legacy_predicate.mean.evidence_from_authoritative_source,1.00000000,2
2025-11-01,2025-11-30,month,ai_dynamic_rules,legacy_predicate.mean.has_policy_support,1.00000000,2
2025-11-01,2025-11-30,month,ai_dynamic_rules,legacy_predicate.mean.institutional_attention_increases,0.00000000,2
2025-11-01,2025-11-30,month,ai_dynamic_rules,legacy_predicate.mean.investor_questions_increase,0.00000000,2
2025-11-01,2025-11-30,month,ai_dynamic_rules,legacy_predicate.mean.management_response_vague,0.00000000,2
2025-11-01,2025-11-30,month,ai_dynamic_rules,legacy_predicate.mean.policy_attention_followup,1.00000000,2
2025-11-01,2025-11-30,month,ai_dynamic_rules,legacy_predicate.mean.policy_directly_related_to_business,0.00000000,2
2025-11-01,2025-11-30,month,ai_dynamic_rules,legacy_predicate.mean.risk_or_uncertainty_disclosure,0.00000000,2
2025-11-01,2025-11-30,month,ai_dynamic_rules,legacy_predicate.mean.social_attention_spikes,0.00000000,2
2025-11-01,2025-11-30,month,ai_dynamic_rules,legacy_predicate.mean.source_company_announcement,0.00000000,2
2025-11-01,2025-11-30,month,ai_dynamic_rules,legacy_predicate.mean.source_government_or_exchange,1.00000000,2
2025-11-01,2025-11-30,month,ai_dynamic_rules,legacy_predicate.mean.source_major_media,0.00000000,2
2025-11-01,2025-11-30,month,ai_dynamic_rules,legacy_predicate.mean.supply_side_policy,1.00000000,2
2025-11-01,2025-11-30,month,ai_dynamic_rules,macro_predicate.hit_rate.capacity_enters_production,0.00000000,2
2025-11-01,2025-11-30,month,ai_dynamic_rules,macro_predicate.hit_rate.capacity_under_construction,0.50000000,2
2025-11-01,2025-11-30,month,ai_dynamic_rules,macro_predicate.hit_rate.export_demand_improves,0.00000000,2
2025-11-01,2025-11-30,month,ai_dynamic_rules,macro_predicate.hit_rate.financing_constraint_eases,0.00000000,2
2025-11-01,2025-11-30,month,ai_dynamic_rules,macro_predicate.hit_rate.grid_investment_accelerates,0.00000000,2
2025-11-01,2025-11-30,month,ai_dynamic_rules,macro_predicate.hit_rate.industry_competition_intensifies,0.00000000,2
2025-11-01,2025-11-30,month,ai_dynamic_rules,macro_predicate.hit_rate.inventory_pressure_increases,0.00000000,2
2025-11-01,2025-11-30,month,ai_dynamic_rules,macro_predicate.hit_rate.order_demand_improves,0.50000000,2
2025-11-01,2025-11-30,month,ai_dynamic_rules,macro_predicate.hit_rate.policy_accelerates_project_implementation,0.50000000,2
2025-11-01,2025-11-30,month,ai_dynamic_rules,macro_predicate.hit_rate.policy_expands_effective_demand,0.50000000,2
2025-11-01,2025-11-30,month,ai_dynamic_rules,macro_predicate.hit_rate.product_price_recovers,0.00000000,2
2025-11-01,2025-11-30,month,ai_dynamic_rules,macro_predicate.hit_rate.raw_material_cost_pressure,0.00000000,2
2025-11-01,2025-11-30,month,ai_dynamic_rules,macro_predicate.net.capacity_enters_production,0.00000000,2
2025-11-01,2025-11-30,month,ai_dynamic_rules,macro_predicate.net.capacity_under_construction,0.34968750,2
2025-11-01,2025-11-30,month,ai_dynamic_rules,macro_predicate.net.export_demand_improves,0.00000000,2
2025-11-01,2025-11-30,month,ai_dynamic_rules,macro_predicate.net.financing_constraint_eases,0.00000000,2
2025-11-01,2025-11-30,month,ai_dynamic_rules,macro_predicate.net.grid_investment_accelerates,0.00000000,2
2025-11-01,2025-11-30,month,ai_dynamic_rules,macro_predicate.net.industry_competition_intensifies,0.00000000,2
2025-11-01,2025-11-30,month,ai_dynamic_rules,macro_predicate.net.inventory_pressure_increases,0.00000000,2
2025-11-01,2025-11-30,month,ai_dynamic_rules,macro_predicate.net.order_demand_improves,0.07000000,2
2025-11-01,2025-11-30,month,ai_dynamic_rules,macro_predicate.net.policy_accelerates_project_implementation,0.37300000,2
2025-11-01,2025-11-30,month,ai_dynamic_rules,macro_predicate.net.policy_expands_effective_demand,0.37300000,2
2025-11-01,2025-11-30,month,ai_dynamic_rules,macro_predicate.net.product_price_recovers,0.00000000,2
2025-11-01,2025-11-30,month,ai_dynamic_rules,macro_predicate.net.raw_material_cost_pressure,0.00000000,2
2025-11-01,2025-11-30,month,ai_dynamic_rules,source.share.announcement,1.00000000,2
2025-11-01,2025-11-30,month,ai_dynamic_rules,source.share.ir_qa,0.00000000,2
2025-11-01,2025-11-30,month,ai_dynamic_rules,source.share.news,0.00000000,2
2025-11-01,2025-11-30,month,ai_dynamic_rules,source.share.policy,0.00000000,2
2025-11-01,2025-11-30,month,ai_dynamic_rules,topic.share.battery,0.00000000,2
2025-11-01,2025-11-30,month,ai_dynamic_rules,topic.share.grid,0.00000000,2
2025-11-01,2025-11-30,month,ai_dynamic_rules,topic.share.photovoltaic,0.00000000,2
2025-11-01,2025-11-30,month,ai_dynamic_rules,topic.share.storage,0.00000000,2
2025-11-01,2025-11-30,month,ai_dynamic_rules,topic.share.wind,0.00000000,2
2025-12-01,2025-12-31,month,ai_dynamic_rules,candidate.mean,1.06320925,18
2025-12-01,2025-12-31,month,ai_dynamic_rules,candidate.p25,1.14176000,18
2025-12-01,2025-12-31,month,ai_dynamic_rules,candidate.p50,1.14176000,18
2025-12-01,2025-12-31,month,ai_dynamic_rules,candidate.p75,1.14459200,18
2025-12-01,2025-12-31,month,ai_dynamic_rules,candidate.positive_share,1.00000000,18
2025-12-01,2025-12-31,month,ai_dynamic_rules,candidate.std,0.21644185,18
2025-12-01,2025-12-31,month,ai_dynamic_rules,coverage.ai_annotation_success_rate,0.38888889,18
2025-12-01,2025-12-31,month,ai_dynamic_rules,coverage.document_count_log1p,2.94443898,18
2025-12-01,2025-12-31,month,ai_dynamic_rules,coverage.event_count_log1p,2.63905733,18
2025-12-01,2025-12-31,month,ai_dynamic_rules,coverage.independent_source_count_log1p,2.94443898,18
2025-12-01,2025-12-31,month,ai_dynamic_rules,evidence.entity_confidence_mean,0.74807018,18
2025-12-01,2025-12-31,month,ai_dynamic_rules,evidence.event_strength_mean,0.83692308,18
2025-12-01,2025-12-31,month,ai_dynamic_rules,frozen_rule.supporting_document_share,0.22222222,18
2025-12-01,2025-12-31,month,ai_dynamic_rules,frozen_rule.unique_rule_count_log1p,1.60943791,18
2025-12-01,2025-12-31,month,ai_dynamic_rules,legacy_predicate.confidence.announcement_contains_uncertainty,0.78000000,18
2025-12-01,2025-12-31,month,ai_dynamic_rules,legacy_predicate.confidence.capacity_policy_support,0.76500000,18
2025-12-01,2025-12-31,month,ai_dynamic_rules,legacy_predicate.confidence.demand_side_policy,0.77000000,18
2025-12-01,2025-12-31,month,ai_dynamic_rules,legacy_predicate.confidence.event_evidence_strength,0.92000000,18
2025-12-01,2025-12-31,month,ai_dynamic_rules,legacy_predicate.confidence.event_has_short_term_price_impact,0.70000000,18
2025-12-01,2025-12-31,month,ai_dynamic_rules,legacy_predicate.confidence.event_mentions_core_product,0.80416667,18
2025-12-01,2025-12-31,month,ai_dynamic_rules,legacy_predicate.confidence.evidence_from_authoritative_source,0.93083333,18
2025-12-01,2025-12-31,month,ai_dynamic_rules,legacy_predicate.confidence.has_policy_support,0.95333333,18
2025-12-01,2025-12-31,month,ai_dynamic_rules,legacy_predicate.confidence.institutional_attention_increases,0.70000000,18
2025-12-01,2025-12-31,month,ai_dynamic_rules,legacy_predicate.confidence.investor_questions_increase,0.82000000,18
2025-12-01,2025-12-31,month,ai_dynamic_rules,legacy_predicate.confidence.management_response_vague,0.76000000,18
2025-12-01,2025-12-31,month,ai_dynamic_rules,legacy_predicate.confidence.policy_attention_followup,0.77583333,18
2025-12-01,2025-12-31,month,ai_dynamic_rules,legacy_predicate.confidence.policy_directly_related_to_business,0.83000000,18
2025-12-01,2025-12-31,month,ai_dynamic_rules,legacy_predicate.confidence.risk_or_uncertainty_disclosure,0.78333333,18
2025-12-01,2025-12-31,month,ai_dynamic_rules,legacy_predicate.confidence.social_attention_spikes,0.68000000,18
2025-12-01,2025-12-31,month,ai_dynamic_rules,legacy_predicate.confidence.source_company_announcement,0.78666667,18
2025-12-01,2025-12-31,month,ai_dynamic_rules,legacy_predicate.confidence.source_government_or_exchange,0.93416667,18
2025-12-01,2025-12-31,month,ai_dynamic_rules,legacy_predicate.confidence.source_major_media,0.76000000,18
2025-12-01,2025-12-31,month,ai_dynamic_rules,legacy_predicate.confidence.supply_side_policy,0.76500000,18
2025-12-01,2025-12-31,month,ai_dynamic_rules,legacy_predicate.mean.announcement_contains_uncertainty,0.00000000,18
2025-12-01,2025-12-31,month,ai_dynamic_rules,legacy_predicate.mean.capacity_policy_support,0.25000000,18
2025-12-01,2025-12-31,month,ai_dynamic_rules,legacy_predicate.mean.demand_side_policy,0.25000000,18
2025-12-01,2025-12-31,month,ai_dynamic_rules,legacy_predicate.mean.event_evidence_strength,0.94000000,18
2025-12-01,2025-12-31,month,ai_dynamic_rules,legacy_predicate.mean.event_has_short_term_price_impact,0.78000000,18
2025-12-01,2025-12-31,month,ai_dynamic_rules,legacy_predicate.mean.event_mentions_core_product,0.50000000,18
2025-12-01,2025-12-31,month,ai_dynamic_rules,legacy_predicate.mean.evidence_from_authoritative_source,1.00000000,18
2025-12-01,2025-12-31,month,ai_dynamic_rules,legacy_predicate.mean.has_policy_support,1.00000000,18
2025-12-01,2025-12-31,month,ai_dynamic_rules,legacy_predicate.mean.institutional_attention_increases,0.00000000,18
2025-12-01,2025-12-31,month,ai_dynamic_rules,legacy_predicate.mean.investor_questions_increase,0.00000000,18
2025-12-01,2025-12-31,month,ai_dynamic_rules,legacy_predicate.mean.management_response_vague,0.00000000,18
2025-12-01,2025-12-31,month,ai_dynamic_rules,legacy_predicate.mean.policy_attention_followup,0.75000000,18
2025-12-01,2025-12-31,month,ai_dynamic_rules,legacy_predicate.mean.policy_directly_related_to_business,0.50000000,18
2025-12-01,2025-12-31,month,ai_dynamic_rules,legacy_predicate.mean.risk_or_uncertainty_disclosure,0.25000000,18
2025-12-01,2025-12-31,month,ai_dynamic_rules,legacy_predicate.mean.social_attention_spikes,0.00000000,18
2025-12-01,2025-12-31,month,ai_dynamic_rules,legacy_predicate.mean.source_company_announcement,0.25000000,18
2025-12-01,2025-12-31,month,ai_dynamic_rules,legacy_predicate.mean.source_government_or_exchange,1.00000000,18
2025-12-01,2025-12-31,month,ai_dynamic_rules,legacy_predicate.mean.source_major_media,0.00000000,18
2025-12-01,2025-12-31,month,ai_dynamic_rules,legacy_predicate.mean.supply_side_policy,0.25000000,18
2025-12-01,2025-12-31,month,ai_dynamic_rules,macro_predicate.hit_rate.capacity_enters_production,0.00000000,18
2025-12-01,2025-12-31,month,ai_dynamic_rules,macro_predicate.hit_rate.capacity_under_construction,0.05555556,18
2025-12-01,2025-12-31,month,ai_dynamic_rules,macro_predicate.hit_rate.export_demand_improves,0.05555556,18
2025-12-01,2025-12-31,month,ai_dynamic_rules,macro_predicate.hit_rate.financing_constraint_eases,0.22222222,18
2025-12-01,2025-12-31,month,ai_dynamic_rules,macro_predicate.hit_rate.grid_investment_accelerates,0.00000000,18
2025-12-01,2025-12-31,month,ai_dynamic_rules,macro_predicate.hit_rate.industry_competition_intensifies,0.16666667,18
2025-12-01,2025-12-31,month,ai_dynamic_rules,macro_predicate.hit_rate.inventory_pressure_increases,0.11111111,18
2025-12-01,2025-12-31,month,ai_dynamic_rules,macro_predicate.hit_rate.order_demand_improves,0.11111111,18
2025-12-01,2025-12-31,month,ai_dynamic_rules,macro_predicate.hit_rate.policy_accelerates_project_implementation,0.05555556,18
2025-12-01,2025-12-31,month,ai_dynamic_rules,macro_predicate.hit_rate.policy_expands_effective_demand,0.16666667,18
2025-12-01,2025-12-31,month,ai_dynamic_rules,macro_predicate.hit_rate.product_price_recovers,0.16666667,18
2025-12-01,2025-12-31,month,ai_dynamic_rules,macro_predicate.hit_rate.raw_material_cost_pressure,0.16666667,18
2025-12-01,2025-12-31,month,ai_dynamic_rules,macro_predicate.net.capacity_enters_production,0.00000000,18
2025-12-01,2025-12-31,month,ai_dynamic_rules,macro_predicate.net.capacity_under_construction,0.00500000,18
2025-12-01,2025-12-31,month,ai_dynamic_rules,macro_predicate.net.export_demand_improves,0.00972222,18
2025-12-01,2025-12-31,month,ai_dynamic_rules,macro_predicate.net.financing_constraint_eases,0.16033333,18
2025-12-01,2025-12-31,month,ai_dynamic_rules,macro_predicate.net.grid_investment_accelerates,0.00000000,18
2025-12-01,2025-12-31,month,ai_dynamic_rules,macro_predicate.net.industry_competition_intensifies,-0.04594444,18
2025-12-01,2025-12-31,month,ai_dynamic_rules,macro_predicate.net.inventory_pressure_increases,-0.01500000,18
2025-12-01,2025-12-31,month,ai_dynamic_rules,macro_predicate.net.order_demand_improves,0.04541667,18
2025-12-01,2025-12-31,month,ai_dynamic_rules,macro_predicate.net.policy_accelerates_project_implementation,0.03600000,18
2025-12-01,2025-12-31,month,ai_dynamic_rules,macro_predicate.net.policy_expands_effective_demand,0.07977778,18
2025-12-01,2025-12-31,month,ai_dynamic_rules,macro_predicate.net.product_price_recovers,0.09908333,18
2025-12-01,2025-12-31,month,ai_dynamic_rules,macro_predicate.net.raw_material_cost_pressure,-0.10436111,18
2025-12-01,2025-12-31,month,ai_dynamic_rules,source.share.announcement,0.66666667,18
2025-12-01,2025-12-31,month,ai_dynamic_rules,source.share.ir_qa,0.00000000,18
2025-12-01,2025-12-31,month,ai_dynamic_rules,source.share.news,0.27777778,18
2025-12-01,2025-12-31,month,ai_dynamic_rules,source.share.policy,0.05555556,18
2025-12-01,2025-12-31,month,ai_dynamic_rules,topic.share.battery,0.22222222,18
2025-12-01,2025-12-31,month,ai_dynamic_rules,topic.share.grid,0.05555556,18
2025-12-01,2025-12-31,month,ai_dynamic_rules,topic.share.photovoltaic,0.16666667,18
2025-12-01,2025-12-31,month,ai_dynamic_rules,topic.share.storage,0.11111111,18
2025-12-01,2025-12-31,month,ai_dynamic_rules,topic.share.wind,0.05555556,18
2026-01-01,2026-02-28,jan_feb_combined,ai_dynamic_rules,candidate.mean,0.49403850,23
2026-01-01,2026-02-28,jan_feb_combined,ai_dynamic_rules,candidate.p25,0.49236825,23
2026-01-01,2026-02-28,jan_feb_combined,ai_dynamic_rules,candidate.p50,0.49403850,23
2026-01-01,2026-02-28,jan_feb_combined,ai_dynamic_rules,candidate.p75,0.49570875,23
2026-01-01,2026-02-28,jan_feb_combined,ai_dynamic_rules,candidate.positive_share,1.00000000,23
2026-01-01,2026-02-28,jan_feb_combined,ai_dynamic_rules,candidate.std,0.00334050,23
2026-01-01,2026-02-28,jan_feb_combined,ai_dynamic_rules,coverage.ai_annotation_success_rate,0.91304348,23
2026-01-01,2026-02-28,jan_feb_combined,ai_dynamic_rules,coverage.document_count_log1p,3.17805383,23
2026-01-01,2026-02-28,jan_feb_combined,ai_dynamic_rules,coverage.event_count_log1p,4.00733319,23
2026-01-01,2026-02-28,jan_feb_combined,ai_dynamic_rules,coverage.independent_source_count_log1p,3.17805383,23
2026-01-01,2026-02-28,jan_feb_combined,ai_dynamic_rules,evidence.entity_confidence_mean,0.73250000,23
2026-01-01,2026-02-28,jan_feb_combined,ai_dynamic_rules,evidence.event_strength_mean,0.85888889,23
2026-01-01,2026-02-28,jan_feb_combined,ai_dynamic_rules,frozen_rule.supporting_document_share,0.08695652,23
2026-01-01,2026-02-28,jan_feb_combined,ai_dynamic_rules,frozen_rule.unique_rule_count_log1p,0.69314718,23
2026-01-01,2026-02-28,jan_feb_combined,ai_dynamic_rules,legacy_predicate.confidence.announcement_contains_uncertainty,0.78000000,23
2026-01-01,2026-02-28,jan_feb_combined,ai_dynamic_rules,legacy_predicate.confidence.capacity_policy_support,0.75666667,23
2026-01-01,2026-02-28,jan_feb_combined,ai_dynamic_rules,legacy_predicate.confidence.demand_side_policy,0.74000000,23
2026-01-01,2026-02-28,jan_feb_combined,ai_dynamic_rules,legacy_predicate.confidence.event_evidence_strength,0.92000000,23
2026-01-01,2026-02-28,jan_feb_combined,ai_dynamic_rules,legacy_predicate.confidence.event_has_short_term_price_impact,0.70000000,23
2026-01-01,2026-02-28,jan_feb_combined,ai_dynamic_rules,legacy_predicate.confidence.event_mentions_core_product,0.81933333,23
2026-01-01,2026-02-28,jan_feb_combined,ai_dynamic_rules,legacy_predicate.confidence.evidence_from_authoritative_source,0.77866667,23
2026-01-01,2026-02-28,jan_feb_combined,ai_dynamic_rules,legacy_predicate.confidence.has_policy_support,0.88000000,23
2026-01-01,2026-02-28,jan_feb_combined,ai_dynamic_rules,legacy_predicate.confidence.institutional_attention_increases,0.70000000,23
2026-01-01,2026-02-28,jan_feb_combined,ai_dynamic_rules,legacy_predicate.confidence.investor_questions_increase,0.82000000,23
2026-01-01,2026-02-28,jan_feb_combined,ai_dynamic_rules,legacy_predicate.confidence.management_response_vague,0.76000000,23
2026-01-01,2026-02-28,jan_feb_combined,ai_dynamic_rules,legacy_predicate.confidence.policy_attention_followup,0.74666667,23
2026-01-01,2026-02-28,jan_feb_combined,ai_dynamic_rules,legacy_predicate.confidence.policy_directly_related_to_business,0.78000000,23
2026-01-01,2026-02-28,jan_feb_combined,ai_dynamic_rules,legacy_predicate.confidence.risk_or_uncertainty_disclosure,0.78800000,23
2026-01-01,2026-02-28,jan_feb_combined,ai_dynamic_rules,legacy_predicate.confidence.social_attention_spikes,0.68000000,23
2026-01-01,2026-02-28,jan_feb_combined,ai_dynamic_rules,legacy_predicate.confidence.source_company_announcement,0.82266667,23
2026-01-01,2026-02-28,jan_feb_combined,ai_dynamic_rules,legacy_predicate.confidence.source_government_or_exchange,0.76000000,23
2026-01-01,2026-02-28,jan_feb_combined,ai_dynamic_rules,legacy_predicate.confidence.source_major_media,0.76000000,23
2026-01-01,2026-02-28,jan_feb_combined,ai_dynamic_rules,legacy_predicate.confidence.supply_side_policy,0.74000000,23
2026-01-01,2026-02-28,jan_feb_combined,ai_dynamic_rules,legacy_predicate.mean.announcement_contains_uncertainty,0.00000000,23
2026-01-01,2026-02-28,jan_feb_combined,ai_dynamic_rules,legacy_predicate.mean.capacity_policy_support,0.50000000,23
2026-01-01,2026-02-28,jan_feb_combined,ai_dynamic_rules,legacy_predicate.mean.demand_side_policy,0.00000000,23
2026-01-01,2026-02-28,jan_feb_combined,ai_dynamic_rules,legacy_predicate.mean.event_evidence_strength,0.89000000,23
2026-01-01,2026-02-28,jan_feb_combined,ai_dynamic_rules,legacy_predicate.mean.event_has_short_term_price_impact,0.66000000,23
2026-01-01,2026-02-28,jan_feb_combined,ai_dynamic_rules,legacy_predicate.mean.event_mentions_core_product,1.00000000,23
2026-01-01,2026-02-28,jan_feb_combined,ai_dynamic_rules,legacy_predicate.mean.evidence_from_authoritative_source,1.00000000,23
2026-01-01,2026-02-28,jan_feb_combined,ai_dynamic_rules,legacy_predicate.mean.has_policy_support,0.00000000,23
2026-01-01,2026-02-28,jan_feb_combined,ai_dynamic_rules,legacy_predicate.mean.institutional_attention_increases,0.00000000,23
2026-01-01,2026-02-28,jan_feb_combined,ai_dynamic_rules,legacy_predicate.mean.investor_questions_increase,0.00000000,23
2026-01-01,2026-02-28,jan_feb_combined,ai_dynamic_rules,legacy_predicate.mean.management_response_vague,0.00000000,23
2026-01-01,2026-02-28,jan_feb_combined,ai_dynamic_rules,legacy_predicate.mean.policy_attention_followup,0.50000000,23
2026-01-01,2026-02-28,jan_feb_combined,ai_dynamic_rules,legacy_predicate.mean.policy_directly_related_to_business,0.00000000,23
2026-01-01,2026-02-28,jan_feb_combined,ai_dynamic_rules,legacy_predicate.mean.risk_or_uncertainty_disclosure,0.50000000,23
2026-01-01,2026-02-28,jan_feb_combined,ai_dynamic_rules,legacy_predicate.mean.social_attention_spikes,0.00000000,23
2026-01-01,2026-02-28,jan_feb_combined,ai_dynamic_rules,legacy_predicate.mean.source_company_announcement,1.00000000,23
2026-01-01,2026-02-28,jan_feb_combined,ai_dynamic_rules,legacy_predicate.mean.source_government_or_exchange,0.00000000,23
2026-01-01,2026-02-28,jan_feb_combined,ai_dynamic_rules,legacy_predicate.mean.source_major_media,0.00000000,23
2026-01-01,2026-02-28,jan_feb_combined,ai_dynamic_rules,legacy_predicate.mean.supply_side_policy,0.00000000,23
2026-01-01,2026-02-28,jan_feb_combined,ai_dynamic_rules,macro_predicate.hit_rate.capacity_enters_production,0.08695652,23
2026-01-01,2026-02-28,jan_feb_combined,ai_dynamic_rules,macro_predicate.hit_rate.capacity_under_construction,0.26086957,23
2026-01-01,2026-02-28,jan_feb_combined,ai_dynamic_rules,macro_predicate.hit_rate.export_demand_improves,0.00000000,23
2026-01-01,2026-02-28,jan_feb_combined,ai_dynamic_rules,macro_predicate.hit_rate.financing_constraint_eases,0.13043478,23
2026-01-01,2026-02-28,jan_feb_combined,ai_dynamic_rules,macro_predicate.hit_rate.grid_investment_accelerates,0.13043478,23
2026-01-01,2026-02-28,jan_feb_combined,ai_dynamic_rules,macro_predicate.hit_rate.industry_competition_intensifies,0.13043478,23
2026-01-01,2026-02-28,jan_feb_combined,ai_dynamic_rules,macro_predicate.hit_rate.inventory_pressure_increases,0.04347826,23
2026-01-01,2026-02-28,jan_feb_combined,ai_dynamic_rules,macro_predicate.hit_rate.order_demand_improves,0.17391304,23
2026-01-01,2026-02-28,jan_feb_combined,ai_dynamic_rules,macro_predicate.hit_rate.policy_accelerates_project_implementation,0.26086957,23
2026-01-01,2026-02-28,jan_feb_combined,ai_dynamic_rules,macro_predicate.hit_rate.policy_expands_effective_demand,0.34782609,23
2026-01-01,2026-02-28,jan_feb_combined,ai_dynamic_rules,macro_predicate.hit_rate.product_price_recovers,0.04347826,23
2026-01-01,2026-02-28,jan_feb_combined,ai_dynamic_rules,macro_predicate.hit_rate.raw_material_cost_pressure,0.00000000,23
2026-01-01,2026-02-28,jan_feb_combined,ai_dynamic_rules,macro_predicate.net.capacity_enters_production,0.03548370,23
2026-01-01,2026-02-28,jan_feb_combined,ai_dynamic_rules,macro_predicate.net.capacity_under_construction,0.12957065,23
2026-01-01,2026-02-28,jan_feb_combined,ai_dynamic_rules,macro_predicate.net.export_demand_improves,0.00000000,23
2026-01-01,2026-02-28,jan_feb_combined,ai_dynamic_rules,macro_predicate.net.financing_constraint_eases,0.09730435,23
2026-01-01,2026-02-28,jan_feb_combined,ai_dynamic_rules,macro_predicate.net.grid_investment_accelerates,0.07400000,23
2026-01-01,2026-02-28,jan_feb_combined,ai_dynamic_rules,macro_predicate.net.industry_competition_intensifies,-0.04382609,23
2026-01-01,2026-02-28,jan_feb_combined,ai_dynamic_rules,macro_predicate.net.inventory_pressure_increases,-0.00417391,23
2026-01-01,2026-02-28,jan_feb_combined,ai_dynamic_rules,macro_predicate.net.order_demand_improves,0.04856250,23
2026-01-01,2026-02-28,jan_feb_combined,ai_dynamic_rules,macro_predicate.net.policy_accelerates_project_implementation,0.16015109,23
2026-01-01,2026-02-28,jan_feb_combined,ai_dynamic_rules,macro_predicate.net.policy_expands_effective_demand,0.20576630,23
2026-01-01,2026-02-28,jan_feb_combined,ai_dynamic_rules,macro_predicate.net.product_price_recovers,0.02486957,23
2026-01-01,2026-02-28,jan_feb_combined,ai_dynamic_rules,macro_predicate.net.raw_material_cost_pressure,0.00000000,23
2026-01-01,2026-02-28,jan_feb_combined,ai_dynamic_rules,source.share.announcement,0.04347826,23
2026-01-01,2026-02-28,jan_feb_combined,ai_dynamic_rules,source.share.ir_qa,0.00000000,23
2026-01-01,2026-02-28,jan_feb_combined,ai_dynamic_rules,source.share.news,0.43478261,23
2026-01-01,2026-02-28,jan_feb_combined,ai_dynamic_rules,source.share.policy,0.52173913,23
2026-01-01,2026-02-28,jan_feb_combined,ai_dynamic_rules,topic.share.battery,0.13043478,23
2026-01-01,2026-02-28,jan_feb_combined,ai_dynamic_rules,topic.share.grid,0.08695652,23
2026-01-01,2026-02-28,jan_feb_combined,ai_dynamic_rules,topic.share.photovoltaic,0.26086957,23
2026-01-01,2026-02-28,jan_feb_combined,ai_dynamic_rules,topic.share.storage,0.21739130,23
2026-01-01,2026-02-28,jan_feb_combined,ai_dynamic_rules,topic.share.wind,0.13043478,23
2026-03-01,2026-03-31,month,ai_dynamic_rules,candidate.mean,1.05198771,16
2026-03-01,2026-03-31,month,ai_dynamic_rules,candidate.p25,1.14176000,16
2026-03-01,2026-03-31,month,ai_dynamic_rules,candidate.p50,1.14176000,16
2026-03-01,2026-03-31,month,ai_dynamic_rules,candidate.p75,1.14742400,16
2026-03-01,2026-03-31,month,ai_dynamic_rules,candidate.positive_share,1.00000000,16
2026-03-01,2026-03-31,month,ai_dynamic_rules,candidate.std,0.22919889,16
2026-03-01,2026-03-31,month,ai_dynamic_rules,coverage.ai_annotation_success_rate,0.81250000,16
2026-03-01,2026-03-31,month,ai_dynamic_rules,coverage.document_count_log1p,2.83321334,16
2026-03-01,2026-03-31,month,ai_dynamic_rules,coverage.event_count_log1p,2.99573227,16
2026-03-01,2026-03-31,month,ai_dynamic_rules,coverage.independent_source_count_log1p,2.83321334,16
2026-03-01,2026-03-31,month,ai_dynamic_rules,evidence.entity_confidence_mean,0.80131148,16
2026-03-01,2026-03-31,month,ai_dynamic_rules,evidence.event_strength_mean,0.87263158,16
2026-03-01,2026-03-31,month,ai_dynamic_rules,frozen_rule.supporting_document_share,0.25000000,16
2026-03-01,2026-03-31,month,ai_dynamic_rules,frozen_rule.unique_rule_count_log1p,1.60943791,16
2026-03-01,2026-03-31,month,ai_dynamic_rules,legacy_predicate.confidence.announcement_contains_uncertainty,0.78000000,16
2026-03-01,2026-03-31,month,ai_dynamic_rules,legacy_predicate.confidence.capacity_policy_support,0.74000000,16
2026-03-01,2026-03-31,month,ai_dynamic_rules,legacy_predicate.confidence.demand_side_policy,0.78800000,16
2026-03-01,2026-03-31,month,ai_dynamic_rules,legacy_predicate.confidence.event_evidence_strength,0.92000000,16
2026-03-01,2026-03-31,month,ai_dynamic_rules,legacy_predicate.confidence.event_has_short_term_price_impact,0.70000000,16
2026-03-01,2026-03-31,month,ai_dynamic_rules,legacy_predicate.confidence.event_mentions_core_product,0.76800000,16
2026-03-01,2026-03-31,month,ai_dynamic_rules,legacy_predicate.confidence.evidence_from_authoritative_source,0.89600000,16
2026-03-01,2026-03-31,month,ai_dynamic_rules,legacy_predicate.confidence.has_policy_support,0.92800000,16
2026-03-01,2026-03-31,month,ai_dynamic_rules,legacy_predicate.confidence.institutional_attention_increases,0.70000000,16
2026-03-01,2026-03-31,month,ai_dynamic_rules,legacy_predicate.confidence.investor_questions_increase,0.82000000,16
2026-03-01,2026-03-31,month,ai_dynamic_rules,legacy_predicate.confidence.management_response_vague,0.76000000,16
2026-03-01,2026-03-31,month,ai_dynamic_rules,legacy_predicate.confidence.policy_attention_followup,0.75600000,16
2026-03-01,2026-03-31,month,ai_dynamic_rules,legacy_predicate.confidence.policy_directly_related_to_business,0.78000000,16
2026-03-01,2026-03-31,month,ai_dynamic_rules,legacy_predicate.confidence.risk_or_uncertainty_disclosure,0.79600000,16
2026-03-01,2026-03-31,month,ai_dynamic_rules,legacy_predicate.confidence.social_attention_spikes,0.68000000,16
2026-03-01,2026-03-31,month,ai_dynamic_rules,legacy_predicate.confidence.source_company_announcement,0.81200000,16
2026-03-01,2026-03-31,month,ai_dynamic_rules,legacy_predicate.confidence.source_government_or_exchange,0.87400000,16
2026-03-01,2026-03-31,month,ai_dynamic_rules,legacy_predicate.confidence.source_major_media,0.76000000,16
2026-03-01,2026-03-31,month,ai_dynamic_rules,legacy_predicate.confidence.supply_side_policy,0.74000000,16
2026-03-01,2026-03-31,month,ai_dynamic_rules,legacy_predicate.mean.announcement_contains_uncertainty,0.00000000,16
2026-03-01,2026-03-31,month,ai_dynamic_rules,legacy_predicate.mean.capacity_policy_support,0.00000000,16
2026-03-01,2026-03-31,month,ai_dynamic_rules,legacy_predicate.mean.demand_side_policy,0.40000000,16
2026-03-01,2026-03-31,month,ai_dynamic_rules,legacy_predicate.mean.event_evidence_strength,0.89200000,16
2026-03-01,2026-03-31,month,ai_dynamic_rules,legacy_predicate.mean.event_has_short_term_price_impact,0.73200000,16
2026-03-01,2026-03-31,month,ai_dynamic_rules,legacy_predicate.mean.event_mentions_core_product,0.20000000,16
2026-03-01,2026-03-31,month,ai_dynamic_rules,legacy_predicate.mean.evidence_from_authoritative_source,0.80000000,16
2026-03-01,2026-03-31,month,ai_dynamic_rules,legacy_predicate.mean.has_policy_support,0.60000000,16
2026-03-01,2026-03-31,month,ai_dynamic_rules,legacy_predicate.mean.institutional_attention_increases,0.00000000,16
2026-03-01,2026-03-31,month,ai_dynamic_rules,legacy_predicate.mean.investor_questions_increase,0.00000000,16
2026-03-01,2026-03-31,month,ai_dynamic_rules,legacy_predicate.mean.management_response_vague,0.00000000,16
2026-03-01,2026-03-31,month,ai_dynamic_rules,legacy_predicate.mean.policy_attention_followup,0.40000000,16
2026-03-01,2026-03-31,month,ai_dynamic_rules,legacy_predicate.mean.policy_directly_related_to_business,0.00000000,16
2026-03-01,2026-03-31,month,ai_dynamic_rules,legacy_predicate.mean.risk_or_uncertainty_disclosure,0.20000000,16
2026-03-01,2026-03-31,month,ai_dynamic_rules,legacy_predicate.mean.social_attention_spikes,0.00000000,16
2026-03-01,2026-03-31,month,ai_dynamic_rules,legacy_predicate.mean.source_company_announcement,0.20000000,16
2026-03-01,2026-03-31,month,ai_dynamic_rules,legacy_predicate.mean.source_government_or_exchange,0.60000000,16
2026-03-01,2026-03-31,month,ai_dynamic_rules,legacy_predicate.mean.source_major_media,0.00000000,16
2026-03-01,2026-03-31,month,ai_dynamic_rules,legacy_predicate.mean.supply_side_policy,0.00000000,16
2026-03-01,2026-03-31,month,ai_dynamic_rules,macro_predicate.hit_rate.capacity_enters_production,0.00000000,16
2026-03-01,2026-03-31,month,ai_dynamic_rules,macro_predicate.hit_rate.capacity_under_construction,0.12500000,16
2026-03-01,2026-03-31,month,ai_dynamic_rules,macro_predicate.hit_rate.export_demand_improves,0.00000000,16
2026-03-01,2026-03-31,month,ai_dynamic_rules,macro_predicate.hit_rate.financing_constraint_eases,0.06250000,16
2026-03-01,2026-03-31,month,ai_dynamic_rules,macro_predicate.hit_rate.grid_investment_accelerates,0.06250000,16
2026-03-01,2026-03-31,month,ai_dynamic_rules,macro_predicate.hit_rate.industry_competition_intensifies,0.12500000,16
2026-03-01,2026-03-31,month,ai_dynamic_rules,macro_predicate.hit_rate.inventory_pressure_increases,0.00000000,16
2026-03-01,2026-03-31,month,ai_dynamic_rules,macro_predicate.hit_rate.order_demand_improves,0.25000000,16
2026-03-01,2026-03-31,month,ai_dynamic_rules,macro_predicate.hit_rate.policy_accelerates_project_implementation,0.12500000,16
2026-03-01,2026-03-31,month,ai_dynamic_rules,macro_predicate.hit_rate.policy_expands_effective_demand,0.18750000,16
2026-03-01,2026-03-31,month,ai_dynamic_rules,macro_predicate.hit_rate.product_price_recovers,0.00000000,16
2026-03-01,2026-03-31,month,ai_dynamic_rules,macro_predicate.hit_rate.raw_material_cost_pressure,0.00000000,16
2026-03-01,2026-03-31,month,ai_dynamic_rules,macro_predicate.net.capacity_enters_production,0.00000000,16
2026-03-01,2026-03-31,month,ai_dynamic_rules,macro_predicate.net.capacity_under_construction,0.07087500,16
2026-03-01,2026-03-31,month,ai_dynamic_rules,macro_predicate.net.export_demand_improves,0.00000000,16
2026-03-01,2026-03-31,month,ai_dynamic_rules,macro_predicate.net.financing_constraint_eases,0.04662500,16
2026-03-01,2026-03-31,month,ai_dynamic_rules,macro_predicate.net.grid_investment_accelerates,0.04050000,16
2026-03-01,2026-03-31,month,ai_dynamic_rules,macro_predicate.net.industry_competition_intensifies,-0.02062500,16
2026-03-01,2026-03-31,month,ai_dynamic_rules,macro_predicate.net.inventory_pressure_increases,0.00000000,16
2026-03-01,2026-03-31,month,ai_dynamic_rules,macro_predicate.net.order_demand_improves,0.11667578,16
2026-03-01,2026-03-31,month,ai_dynamic_rules,macro_predicate.net.policy_accelerates_project_implementation,0.03187500,16
2026-03-01,2026-03-31,month,ai_dynamic_rules,macro_predicate.net.policy_expands_effective_demand,0.13375000,16
2026-03-01,2026-03-31,month,ai_dynamic_rules,macro_predicate.net.product_price_recovers,0.00000000,16
2026-03-01,2026-03-31,month,ai_dynamic_rules,macro_predicate.net.raw_material_cost_pressure,0.00000000,16
2026-03-01,2026-03-31,month,ai_dynamic_rules,source.share.announcement,0.37500000,16
2026-03-01,2026-03-31,month,ai_dynamic_rules,source.share.ir_qa,0.00000000,16
2026-03-01,2026-03-31,month,ai_dynamic_rules,source.share.news,0.50000000,16
2026-03-01,2026-03-31,month,ai_dynamic_rules,source.share.policy,0.12500000,16
2026-03-01,2026-03-31,month,ai_dynamic_rules,topic.share.battery,0.25000000,16
2026-03-01,2026-03-31,month,ai_dynamic_rules,topic.share.grid,0.12500000,16
2026-03-01,2026-03-31,month,ai_dynamic_rules,topic.share.photovoltaic,0.25000000,16
2026-03-01,2026-03-31,month,ai_dynamic_rules,topic.share.storage,0.18750000,16
2026-03-01,2026-03-31,month,ai_dynamic_rules,topic.share.wind,0.12500000,16
2026-04-01,2026-04-30,month,ai_dynamic_rules,candidate.mean,1.04268967,29
2026-04-01,2026-04-30,month,ai_dynamic_rules,candidate.p25,1.15308800,29
2026-04-01,2026-04-30,month,ai_dynamic_rules,candidate.p50,1.15308800,29
2026-04-01,2026-04-30,month,ai_dynamic_rules,candidate.p75,1.15308800,29
2026-04-01,2026-04-30,month,ai_dynamic_rules,candidate.positive_share,1.00000000,29
2026-04-01,2026-04-30,month,ai_dynamic_rules,candidate.std,0.24685818,29
2026-04-01,2026-04-30,month,ai_dynamic_rules,coverage.ai_annotation_success_rate,0.89655172,29
2026-04-01,2026-04-30,month,ai_dynamic_rules,coverage.document_count_log1p,3.40119738,29
2026-04-01,2026-04-30,month,ai_dynamic_rules,coverage.event_count_log1p,3.82864140,29
2026-04-01,2026-04-30,month,ai_dynamic_rules,coverage.independent_source_count_log1p,3.40119738,29
2026-04-01,2026-04-30,month,ai_dynamic_rules,evidence.entity_confidence_mean,0.78378049,29
2026-04-01,2026-04-30,month,ai_dynamic_rules,evidence.event_strength_mean,0.86977778,29
2026-04-01,2026-04-30,month,ai_dynamic_rules,frozen_rule.supporting_document_share,0.20689655,29
2026-04-01,2026-04-30,month,ai_dynamic_rules,frozen_rule.unique_rule_count_log1p,1.38629436,29
2026-04-01,2026-04-30,month,ai_dynamic_rules,legacy_predicate.confidence.announcement_contains_uncertainty,0.78000000,29
2026-04-01,2026-04-30,month,ai_dynamic_rules,legacy_predicate.confidence.capacity_policy_support,0.74000000,29
2026-04-01,2026-04-30,month,ai_dynamic_rules,legacy_predicate.confidence.demand_side_policy,0.74000000,29
2026-04-01,2026-04-30,month,ai_dynamic_rules,legacy_predicate.confidence.event_evidence_strength,0.92000000,29
2026-04-01,2026-04-30,month,ai_dynamic_rules,legacy_predicate.confidence.event_has_short_term_price_impact,0.70000000,29
2026-04-01,2026-04-30,month,ai_dynamic_rules,legacy_predicate.confidence.event_mentions_core_product,0.81388889,29
2026-04-01,2026-04-30,month,ai_dynamic_rules,legacy_predicate.confidence.evidence_from_authoritative_source,0.89111111,29
2026-04-01,2026-04-30,month,ai_dynamic_rules,legacy_predicate.confidence.has_policy_support,0.92444444,29
2026-04-01,2026-04-30,month,ai_dynamic_rules,legacy_predicate.confidence.institutional_attention_increases,0.70000000,29
2026-04-01,2026-04-30,month,ai_dynamic_rules,legacy_predicate.confidence.investor_questions_increase,0.82000000,29
2026-04-01,2026-04-30,month,ai_dynamic_rules,legacy_predicate.confidence.management_response_vague,0.76000000,29
2026-04-01,2026-04-30,month,ai_dynamic_rules,legacy_predicate.confidence.policy_attention_followup,0.80888889,29
2026-04-01,2026-04-30,month,ai_dynamic_rules,legacy_predicate.confidence.policy_directly_related_to_business,0.79333333,29
2026-04-01,2026-04-30,month,ai_dynamic_rules,legacy_predicate.confidence.risk_or_uncertainty_disclosure,0.78222222,29
2026-04-01,2026-04-30,month,ai_dynamic_rules,legacy_predicate.confidence.social_attention_spikes,0.68000000,29
2026-04-01,2026-04-30,month,ai_dynamic_rules,legacy_predicate.confidence.source_company_announcement,0.78444444,29
2026-04-01,2026-04-30,month,ai_dynamic_rules,legacy_predicate.confidence.source_government_or_exchange,0.86555556,29
2026-04-01,2026-04-30,month,ai_dynamic_rules,legacy_predicate.confidence.source_major_media,0.78722222,29
2026-04-01,2026-04-30,month,ai_dynamic_rules,legacy_predicate.confidence.supply_side_policy,0.74000000,29
2026-04-01,2026-04-30,month,ai_dynamic_rules,legacy_predicate.mean.announcement_contains_uncertainty,0.00000000,29
2026-04-01,2026-04-30,month,ai_dynamic_rules,legacy_predicate.mean.capacity_policy_support,0.00000000,29
2026-04-01,2026-04-30,month,ai_dynamic_rules,legacy_predicate.mean.demand_side_policy,0.00000000,29
2026-04-01,2026-04-30,month,ai_dynamic_rules,legacy_predicate.mean.event_evidence_strength,0.87333333,29
2026-04-01,2026-04-30,month,ai_dynamic_rules,legacy_predicate.mean.event_has_short_term_price_impact,0.73555556,29
2026-04-01,2026-04-30,month,ai_dynamic_rules,legacy_predicate.mean.event_mentions_core_product,0.55555556,29
2026-04-01,2026-04-30,month,ai_dynamic_rules,legacy_predicate.mean.evidence_from_authoritative_source,0.77777778,29
2026-04-01,2026-04-30,month,ai_dynamic_rules,legacy_predicate.mean.has_policy_support,0.55555556,29
2026-04-01,2026-04-30,month,ai_dynamic_rules,legacy_predicate.mean.institutional_attention_increases,0.00000000,29
2026-04-01,2026-04-30,month,ai_dynamic_rules,legacy_predicate.mean.investor_questions_increase,0.00000000,29
2026-04-01,2026-04-30,month,ai_dynamic_rules,legacy_predicate.mean.management_response_vague,0.00000000,29
2026-04-01,2026-04-30,month,ai_dynamic_rules,legacy_predicate.mean.policy_attention_followup,0.77777778,29
2026-04-01,2026-04-30,month,ai_dynamic_rules,legacy_predicate.mean.policy_directly_related_to_business,0.11111111,29
2026-04-01,2026-04-30,month,ai_dynamic_rules,legacy_predicate.mean.risk_or_uncertainty_disclosure,0.11111111,29
2026-04-01,2026-04-30,month,ai_dynamic_rules,legacy_predicate.mean.social_attention_spikes,0.00000000,29
2026-04-01,2026-04-30,month,ai_dynamic_rules,legacy_predicate.mean.source_company_announcement,0.11111111,29
2026-04-01,2026-04-30,month,ai_dynamic_rules,legacy_predicate.mean.source_government_or_exchange,0.55555556,29
2026-04-01,2026-04-30,month,ai_dynamic_rules,legacy_predicate.mean.source_major_media,0.22222222,29
2026-04-01,2026-04-30,month,ai_dynamic_rules,legacy_predicate.mean.supply_side_policy,0.00000000,29
2026-04-01,2026-04-30,month,ai_dynamic_rules,macro_predicate.hit_rate.capacity_enters_production,0.00000000,29
2026-04-01,2026-04-30,month,ai_dynamic_rules,macro_predicate.hit_rate.capacity_under_construction,0.24137931,29
2026-04-01,2026-04-30,month,ai_dynamic_rules,macro_predicate.hit_rate.export_demand_improves,0.00000000,29
2026-04-01,2026-04-30,month,ai_dynamic_rules,macro_predicate.hit_rate.financing_constraint_eases,0.03448276,29
2026-04-01,2026-04-30,month,ai_dynamic_rules,macro_predicate.hit_rate.grid_investment_accelerates,0.06896552,29
2026-04-01,2026-04-30,month,ai_dynamic_rules,macro_predicate.hit_rate.industry_competition_intensifies,0.06896552,29
2026-04-01,2026-04-30,month,ai_dynamic_rules,macro_predicate.hit_rate.inventory_pressure_increases,0.00000000,29
2026-04-01,2026-04-30,month,ai_dynamic_rules,macro_predicate.hit_rate.order_demand_improves,0.13793103,29
2026-04-01,2026-04-30,month,ai_dynamic_rules,macro_predicate.hit_rate.policy_accelerates_project_implementation,0.10344828,29
2026-04-01,2026-04-30,month,ai_dynamic_rules,macro_predicate.hit_rate.policy_expands_effective_demand,0.03448276,29
2026-04-01,2026-04-30,month,ai_dynamic_rules,macro_predicate.hit_rate.product_price_recovers,0.00000000,29
2026-04-01,2026-04-30,month,ai_dynamic_rules,macro_predicate.hit_rate.raw_material_cost_pressure,0.00000000,29
2026-04-01,2026-04-30,month,ai_dynamic_rules,macro_predicate.net.capacity_enters_production,0.00000000,29
2026-04-01,2026-04-30,month,ai_dynamic_rules,macro_predicate.net.capacity_under_construction,0.15394397,29
2026-04-01,2026-04-30,month,ai_dynamic_rules,macro_predicate.net.export_demand_improves,0.00000000,29
2026-04-01,2026-04-30,month,ai_dynamic_rules,macro_predicate.net.financing_constraint_eases,0.02572414,29
2026-04-01,2026-04-30,month,ai_dynamic_rules,macro_predicate.net.grid_investment_accelerates,0.02882759,29
2026-04-01,2026-04-30,month,ai_dynamic_rules,macro_predicate.net.industry_competition_intensifies,-0.03200000,29
2026-04-01,2026-04-30,month,ai_dynamic_rules,macro_predicate.net.inventory_pressure_increases,0.00000000,29
2026-04-01,2026-04-30,month,ai_dynamic_rules,macro_predicate.net.order_demand_improves,0.07161422,29
2026-04-01,2026-04-30,month,ai_dynamic_rules,macro_predicate.net.policy_accelerates_project_implementation,0.07620690,29
2026-04-01,2026-04-30,month,ai_dynamic_rules,macro_predicate.net.policy_expands_effective_demand,0.02572414,29
2026-04-01,2026-04-30,month,ai_dynamic_rules,macro_predicate.net.product_price_recovers,0.00000000,29
2026-04-01,2026-04-30,month,ai_dynamic_rules,macro_predicate.net.raw_material_cost_pressure,0.00000000,29
2026-04-01,2026-04-30,month,ai_dynamic_rules,source.share.announcement,0.55172414,29
2026-04-01,2026-04-30,month,ai_dynamic_rules,source.share.ir_qa,0.20689655,29
2026-04-01,2026-04-30,month,ai_dynamic_rules,source.share.news,0.13793103,29
2026-04-01,2026-04-30,month,ai_dynamic_rules,source.share.policy,0.10344828,29
2026-04-01,2026-04-30,month,ai_dynamic_rules,topic.share.battery,0.20689655,29
2026-04-01,2026-04-30,month,ai_dynamic_rules,topic.share.grid,0.03448276,29
2026-04-01,2026-04-30,month,ai_dynamic_rules,topic.share.photovoltaic,0.37931034,29
2026-04-01,2026-04-30,month,ai_dynamic_rules,topic.share.storage,0.24137931,29
2026-04-01,2026-04-30,month,ai_dynamic_rules,topic.share.wind,0.17241379,29
2026-05-01,2026-05-31,month,ai_dynamic_rules,candidate.mean,1.14742400,14
2026-05-01,2026-05-31,month,ai_dynamic_rules,candidate.p25,1.14459200,14
2026-05-01,2026-05-31,month,ai_dynamic_rules,candidate.p50,1.14742400,14
2026-05-01,2026-05-31,month,ai_dynamic_rules,candidate.p75,1.15025600,14
2026-05-01,2026-05-31,month,ai_dynamic_rules,candidate.positive_share,1.00000000,14
2026-05-01,2026-05-31,month,ai_dynamic_rules,candidate.std,0.00566400,14
2026-05-01,2026-05-31,month,ai_dynamic_rules,coverage.ai_annotation_success_rate,0.92857143,14
2026-05-01,2026-05-31,month,ai_dynamic_rules,coverage.document_count_log1p,2.70805020,14
2026-05-01,2026-05-31,month,ai_dynamic_rules,coverage.event_count_log1p,1.60943791,14
2026-05-01,2026-05-31,month,ai_dynamic_rules,coverage.independent_source_count_log1p,2.70805020,14
2026-05-01,2026-05-31,month,ai_dynamic_rules,evidence.entity_confidence_mean,0.79920000,14
2026-05-01,2026-05-31,month,ai_dynamic_rules,evidence.event_strength_mean,0.83750000,14
2026-05-01,2026-05-31,month,ai_dynamic_rules,frozen_rule.supporting_document_share,0.14285714,14
2026-05-01,2026-05-31,month,ai_dynamic_rules,frozen_rule.unique_rule_count_log1p,1.38629436,14
2026-05-01,2026-05-31,month,ai_dynamic_rules,legacy_predicate.confidence.announcement_contains_uncertainty,0.78000000,14
2026-05-01,2026-05-31,month,ai_dynamic_rules,legacy_predicate.confidence.capacity_policy_support,0.79000000,14
2026-05-01,2026-05-31,month,ai_dynamic_rules,legacy_predicate.confidence.demand_side_policy,0.80000000,14
2026-05-01,2026-05-31,month,ai_dynamic_rules,legacy_predicate.confidence.event_evidence_strength,0.92000000,14
2026-05-01,2026-05-31,month,ai_dynamic_rules,legacy_predicate.confidence.event_has_short_term_price_impact,0.70000000,14
2026-05-01,2026-05-31,month,ai_dynamic_rules,legacy_predicate.confidence.event_mentions_core_product,0.74000000,14
2026-05-01,2026-05-31,month,ai_dynamic_rules,legacy_predicate.confidence.evidence_from_authoritative_source,0.94000000,14
2026-05-01,2026-05-31,month,ai_dynamic_rules,legacy_predicate.confidence.has_policy_support,0.96000000,14
2026-05-01,2026-05-31,month,ai_dynamic_rules,legacy_predicate.confidence.institutional_attention_increases,0.70000000,14
2026-05-01,2026-05-31,month,ai_dynamic_rules,legacy_predicate.confidence.investor_questions_increase,0.82000000,14
2026-05-01,2026-05-31,month,ai_dynamic_rules,legacy_predicate.confidence.management_response_vague,0.76000000,14
2026-05-01,2026-05-31,month,ai_dynamic_rules,legacy_predicate.confidence.policy_attention_followup,0.77000000,14
2026-05-01,2026-05-31,month,ai_dynamic_rules,legacy_predicate.confidence.policy_directly_related_to_business,0.78000000,14
2026-05-01,2026-05-31,month,ai_dynamic_rules,legacy_predicate.confidence.risk_or_uncertainty_disclosure,0.78000000,14
2026-05-01,2026-05-31,month,ai_dynamic_rules,legacy_predicate.confidence.social_attention_spikes,0.68000000,14
2026-05-01,2026-05-31,month,ai_dynamic_rules,legacy_predicate.confidence.source_company_announcement,0.78000000,14
2026-05-01,2026-05-31,month,ai_dynamic_rules,legacy_predicate.confidence.source_government_or_exchange,0.95000000,14
2026-05-01,2026-05-31,month,ai_dynamic_rules,legacy_predicate.confidence.source_major_media,0.76000000,14
2026-05-01,2026-05-31,month,ai_dynamic_rules,legacy_predicate.confidence.supply_side_policy,0.74000000,14
2026-05-01,2026-05-31,month,ai_dynamic_rules,legacy_predicate.mean.announcement_contains_uncertainty,0.00000000,14
2026-05-01,2026-05-31,month,ai_dynamic_rules,legacy_predicate.mean.capacity_policy_support,0.50000000,14
2026-05-01,2026-05-31,month,ai_dynamic_rules,legacy_predicate.mean.demand_side_policy,0.50000000,14
2026-05-01,2026-05-31,month,ai_dynamic_rules,legacy_predicate.mean.event_evidence_strength,0.94000000,14
2026-05-01,2026-05-31,month,ai_dynamic_rules,legacy_predicate.mean.event_has_short_term_price_impact,0.78000000,14
2026-05-01,2026-05-31,month,ai_dynamic_rules,legacy_predicate.mean.event_mentions_core_product,0.00000000,14
2026-05-01,2026-05-31,month,ai_dynamic_rules,legacy_predicate.mean.evidence_from_authoritative_source,1.00000000,14
2026-05-01,2026-05-31,month,ai_dynamic_rules,legacy_predicate.mean.has_policy_support,1.00000000,14
2026-05-01,2026-05-31,month,ai_dynamic_rules,legacy_predicate.mean.institutional_attention_increases,0.00000000,14
2026-05-01,2026-05-31,month,ai_dynamic_rules,legacy_predicate.mean.investor_questions_increase,0.00000000,14
2026-05-01,2026-05-31,month,ai_dynamic_rules,legacy_predicate.mean.management_response_vague,0.00000000,14
2026-05-01,2026-05-31,month,ai_dynamic_rules,legacy_predicate.mean.policy_attention_followup,0.50000000,14
2026-05-01,2026-05-31,month,ai_dynamic_rules,legacy_predicate.mean.policy_directly_related_to_business,0.00000000,14
2026-05-01,2026-05-31,month,ai_dynamic_rules,legacy_predicate.mean.risk_or_uncertainty_disclosure,0.00000000,14
2026-05-01,2026-05-31,month,ai_dynamic_rules,legacy_predicate.mean.social_attention_spikes,0.00000000,14
2026-05-01,2026-05-31,month,ai_dynamic_rules,legacy_predicate.mean.source_company_announcement,0.00000000,14
2026-05-01,2026-05-31,month,ai_dynamic_rules,legacy_predicate.mean.source_government_or_exchange,1.00000000,14
2026-05-01,2026-05-31,month,ai_dynamic_rules,legacy_predicate.mean.source_major_media,0.00000000,14
2026-05-01,2026-05-31,month,ai_dynamic_rules,legacy_predicate.mean.supply_side_policy,0.00000000,14
2026-05-01,2026-05-31,month,ai_dynamic_rules,macro_predicate.hit_rate.capacity_enters_production,0.07142857,14
2026-05-01,2026-05-31,month,ai_dynamic_rules,macro_predicate.hit_rate.capacity_under_construction,0.14285714,14
2026-05-01,2026-05-31,month,ai_dynamic_rules,macro_predicate.hit_rate.export_demand_improves,0.00000000,14
2026-05-01,2026-05-31,month,ai_dynamic_rules,macro_predicate.hit_rate.financing_constraint_eases,0.00000000,14
2026-05-01,2026-05-31,month,ai_dynamic_rules,macro_predicate.hit_rate.grid_investment_accelerates,0.14285714,14
2026-05-01,2026-05-31,month,ai_dynamic_rules,macro_predicate.hit_rate.industry_competition_intensifies,0.00000000,14
2026-05-01,2026-05-31,month,ai_dynamic_rules,macro_predicate.hit_rate.inventory_pressure_increases,0.00000000,14
2026-05-01,2026-05-31,month,ai_dynamic_rules,macro_predicate.hit_rate.order_demand_improves,0.07142857,14
2026-05-01,2026-05-31,month,ai_dynamic_rules,macro_predicate.hit_rate.policy_accelerates_project_implementation,0.14285714,14
2026-05-01,2026-05-31,month,ai_dynamic_rules,macro_predicate.hit_rate.policy_expands_effective_demand,0.21428571,14
2026-05-01,2026-05-31,month,ai_dynamic_rules,macro_predicate.hit_rate.product_price_recovers,0.00000000,14
2026-05-01,2026-05-31,month,ai_dynamic_rules,macro_predicate.hit_rate.raw_material_cost_pressure,0.00000000,14
2026-05-01,2026-05-31,month,ai_dynamic_rules,macro_predicate.net.capacity_enters_production,0.02564286,14
2026-05-01,2026-05-31,month,ai_dynamic_rules,macro_predicate.net.capacity_under_construction,0.07226786,14
2026-05-01,2026-05-31,month,ai_dynamic_rules,macro_predicate.net.export_demand_improves,0.00000000,14
2026-05-01,2026-05-31,month,ai_dynamic_rules,macro_predicate.net.financing_constraint_eases,0.00000000,14
2026-05-01,2026-05-31,month,ai_dynamic_rules,macro_predicate.net.grid_investment_accelerates,0.06828571,14
2026-05-01,2026-05-31,month,ai_dynamic_rules,macro_predicate.net.industry_competition_intensifies,0.00000000,14
2026-05-01,2026-05-31,month,ai_dynamic_rules,macro_predicate.net.inventory_pressure_increases,0.00000000,14
2026-05-01,2026-05-31,month,ai_dynamic_rules,macro_predicate.net.order_demand_improves,0.00857143,14
2026-05-01,2026-05-31,month,ai_dynamic_rules,macro_predicate.net.policy_accelerates_project_implementation,0.10657143,14
2026-05-01,2026-05-31,month,ai_dynamic_rules,macro_predicate.net.policy_expands_effective_demand,0.09978571,14
2026-05-01,2026-05-31,month,ai_dynamic_rules,macro_predicate.net.product_price_recovers,0.00000000,14
2026-05-01,2026-05-31,month,ai_dynamic_rules,macro_predicate.net.raw_material_cost_pressure,0.00000000,14
2026-05-01,2026-05-31,month,ai_dynamic_rules,source.share.announcement,0.07142857,14
2026-05-01,2026-05-31,month,ai_dynamic_rules,source.share.ir_qa,0.64285714,14
2026-05-01,2026-05-31,month,ai_dynamic_rules,source.share.news,0.07142857,14
2026-05-01,2026-05-31,month,ai_dynamic_rules,source.share.policy,0.21428571,14
2026-05-01,2026-05-31,month,ai_dynamic_rules,topic.share.battery,0.57142857,14
2026-05-01,2026-05-31,month,ai_dynamic_rules,topic.share.grid,0.07142857,14
2026-05-01,2026-05-31,month,ai_dynamic_rules,topic.share.photovoltaic,0.07142857,14
2026-05-01,2026-05-31,month,ai_dynamic_rules,topic.share.storage,0.00000000,14
2026-05-01,2026-05-31,month,ai_dynamic_rules,topic.share.wind,0.07142857,14
2026-06-01,2026-06-30,month,ai_dynamic_rules,candidate.mean,0.92473933,25
2026-06-01,2026-06-30,month,ai_dynamic_rules,candidate.p25,0.81622900,25
2026-06-01,2026-06-30,month,ai_dynamic_rules,candidate.p50,1.14176000,25
2026-06-01,2026-06-30,month,ai_dynamic_rules,candidate.p75,1.14176000,25
2026-06-01,2026-06-30,month,ai_dynamic_rules,candidate.positive_share,1.00000000,25
2026-06-01,2026-06-30,month,ai_dynamic_rules,candidate.std,0.30691357,25
2026-06-01,2026-06-30,month,ai_dynamic_rules,coverage.ai_annotation_success_rate,0.92000000,25
2026-06-01,2026-06-30,month,ai_dynamic_rules,coverage.document_count_log1p,3.25809654,25
2026-06-01,2026-06-30,month,ai_dynamic_rules,coverage.event_count_log1p,3.33220451,25
2026-06-01,2026-06-30,month,ai_dynamic_rules,coverage.independent_source_count_log1p,3.25809654,25
2026-06-01,2026-06-30,month,ai_dynamic_rules,evidence.entity_confidence_mean,0.80792453,25
2026-06-01,2026-06-30,month,ai_dynamic_rules,evidence.event_strength_mean,0.85888889,25
2026-06-01,2026-06-30,month,ai_dynamic_rules,frozen_rule.supporting_document_share,0.04000000,25
2026-06-01,2026-06-30,month,ai_dynamic_rules,frozen_rule.unique_rule_count_log1p,1.38629436,25
2026-06-01,2026-06-30,month,ai_dynamic_rules,legacy_predicate.confidence.announcement_contains_uncertainty,0.78000000,25
2026-06-01,2026-06-30,month,ai_dynamic_rules,legacy_predicate.confidence.capacity_policy_support,0.74000000,25
2026-06-01,2026-06-30,month,ai_dynamic_rules,legacy_predicate.confidence.demand_side_policy,0.74000000,25
2026-06-01,2026-06-30,month,ai_dynamic_rules,legacy_predicate.confidence.event_evidence_strength,0.92000000,25
2026-06-01,2026-06-30,month,ai_dynamic_rules,legacy_predicate.confidence.event_has_short_term_price_impact,0.70000000,25
2026-06-01,2026-06-30,month,ai_dynamic_rules,legacy_predicate.confidence.event_mentions_core_product,0.81000000,25
2026-06-01,2026-06-30,month,ai_dynamic_rules,legacy_predicate.confidence.evidence_from_authoritative_source,0.83000000,25
2026-06-01,2026-06-30,month,ai_dynamic_rules,legacy_predicate.confidence.has_policy_support,0.90666667,25
2026-06-01,2026-06-30,month,ai_dynamic_rules,legacy_predicate.confidence.institutional_attention_increases,0.70000000,25
2026-06-01,2026-06-30,month,ai_dynamic_rules,legacy_predicate.confidence.investor_questions_increase,0.82000000,25
2026-06-01,2026-06-30,month,ai_dynamic_rules,legacy_predicate.confidence.management_response_vague,0.76000000,25
2026-06-01,2026-06-30,month,ai_dynamic_rules,legacy_predicate.confidence.policy_attention_followup,0.77000000,25
2026-06-01,2026-06-30,month,ai_dynamic_rules,legacy_predicate.confidence.policy_directly_related_to_business,0.78000000,25
2026-06-01,2026-06-30,month,ai_dynamic_rules,legacy_predicate.confidence.risk_or_uncertainty_disclosure,0.79333333,25
2026-06-01,2026-06-30,month,ai_dynamic_rules,legacy_predicate.confidence.social_attention_spikes,0.68000000,25
2026-06-01,2026-06-30,month,ai_dynamic_rules,legacy_predicate.confidence.source_company_announcement,0.80666667,25
2026-06-01,2026-06-30,month,ai_dynamic_rules,legacy_predicate.confidence.source_government_or_exchange,0.82333333,25
2026-06-01,2026-06-30,month,ai_dynamic_rules,legacy_predicate.confidence.source_major_media,0.76000000,25
2026-06-01,2026-06-30,month,ai_dynamic_rules,legacy_predicate.confidence.supply_side_policy,0.77333333,25
2026-06-01,2026-06-30,month,ai_dynamic_rules,legacy_predicate.mean.announcement_contains_uncertainty,0.00000000,25
2026-06-01,2026-06-30,month,ai_dynamic_rules,legacy_predicate.mean.capacity_policy_support,0.00000000,25
2026-06-01,2026-06-30,month,ai_dynamic_rules,legacy_predicate.mean.demand_side_policy,0.00000000,25
2026-06-01,2026-06-30,month,ai_dynamic_rules,legacy_predicate.mean.event_evidence_strength,0.85000000,25
2026-06-01,2026-06-30,month,ai_dynamic_rules,legacy_predicate.mean.event_has_short_term_price_impact,0.73000000,25
2026-06-01,2026-06-30,month,ai_dynamic_rules,legacy_predicate.mean.event_mentions_core_product,0.50000000,25
2026-06-01,2026-06-30,month,ai_dynamic_rules,legacy_predicate.mean.evidence_from_authoritative_source,0.50000000,25
2026-06-01,2026-06-30,month,ai_dynamic_rules,legacy_predicate.mean.has_policy_support,0.50000000,25
2026-06-01,2026-06-30,month,ai_dynamic_rules,legacy_predicate.mean.institutional_attention_increases,0.00000000,25
2026-06-01,2026-06-30,month,ai_dynamic_rules,legacy_predicate.mean.investor_questions_increase,0.00000000,25
2026-06-01,2026-06-30,month,ai_dynamic_rules,legacy_predicate.mean.management_response_vague,0.00000000,25
2026-06-01,2026-06-30,month,ai_dynamic_rules,legacy_predicate.mean.policy_attention_followup,0.50000000,25
2026-06-01,2026-06-30,month,ai_dynamic_rules,legacy_predicate.mean.policy_directly_related_to_business,0.00000000,25
2026-06-01,2026-06-30,month,ai_dynamic_rules,legacy_predicate.mean.risk_or_uncertainty_disclosure,0.50000000,25
2026-06-01,2026-06-30,month,ai_dynamic_rules,legacy_predicate.mean.social_attention_spikes,0.00000000,25
2026-06-01,2026-06-30,month,ai_dynamic_rules,legacy_predicate.mean.source_company_announcement,0.50000000,25
2026-06-01,2026-06-30,month,ai_dynamic_rules,legacy_predicate.mean.source_government_or_exchange,0.50000000,25
2026-06-01,2026-06-30,month,ai_dynamic_rules,legacy_predicate.mean.source_major_media,0.00000000,25
2026-06-01,2026-06-30,month,ai_dynamic_rules,legacy_predicate.mean.supply_side_policy,0.50000000,25
2026-06-01,2026-06-30,month,ai_dynamic_rules,macro_predicate.hit_rate.capacity_enters_production,0.04000000,25
2026-06-01,2026-06-30,month,ai_dynamic_rules,macro_predicate.hit_rate.capacity_under_construction,0.28000000,25
2026-06-01,2026-06-30,month,ai_dynamic_rules,macro_predicate.hit_rate.export_demand_improves,0.04000000,25
2026-06-01,2026-06-30,month,ai_dynamic_rules,macro_predicate.hit_rate.financing_constraint_eases,0.08000000,25
2026-06-01,2026-06-30,month,ai_dynamic_rules,macro_predicate.hit_rate.grid_investment_accelerates,0.12000000,25
2026-06-01,2026-06-30,month,ai_dynamic_rules,macro_predicate.hit_rate.industry_competition_intensifies,0.00000000,25
2026-06-01,2026-06-30,month,ai_dynamic_rules,macro_predicate.hit_rate.inventory_pressure_increases,0.00000000,25
2026-06-01,2026-06-30,month,ai_dynamic_rules,macro_predicate.hit_rate.order_demand_improves,0.08000000,25
2026-06-01,2026-06-30,month,ai_dynamic_rules,macro_predicate.hit_rate.policy_accelerates_project_implementation,0.20000000,25
2026-06-01,2026-06-30,month,ai_dynamic_rules,macro_predicate.hit_rate.policy_expands_effective_demand,0.12000000,25
2026-06-01,2026-06-30,month,ai_dynamic_rules,macro_predicate.hit_rate.product_price_recovers,0.00000000,25
2026-06-01,2026-06-30,month,ai_dynamic_rules,macro_predicate.hit_rate.raw_material_cost_pressure,0.00000000,25
2026-06-01,2026-06-30,month,ai_dynamic_rules,macro_predicate.net.capacity_enters_production,0.02872000,25
2026-06-01,2026-06-30,month,ai_dynamic_rules,macro_predicate.net.capacity_under_construction,0.19619500,25
2026-06-01,2026-06-30,month,ai_dynamic_rules,macro_predicate.net.export_demand_improves,0.02872000,25
2026-06-01,2026-06-30,month,ai_dynamic_rules,macro_predicate.net.financing_constraint_eases,0.05856000,25
2026-06-01,2026-06-30,month,ai_dynamic_rules,macro_predicate.net.grid_investment_accelerates,0.08952000,25
2026-06-01,2026-06-30,month,ai_dynamic_rules,macro_predicate.net.industry_competition_intensifies,0.00000000,25
2026-06-01,2026-06-30,month,ai_dynamic_rules,macro_predicate.net.inventory_pressure_increases,0.00000000,25
2026-06-01,2026-06-30,month,ai_dynamic_rules,macro_predicate.net.order_demand_improves,0.03128000,25
2026-06-01,2026-06-30,month,ai_dynamic_rules,macro_predicate.net.policy_accelerates_project_implementation,0.14136600,25
2026-06-01,2026-06-30,month,ai_dynamic_rules,macro_predicate.net.policy_expands_effective_demand,0.08131400,25
2026-06-01,2026-06-30,month,ai_dynamic_rules,macro_predicate.net.product_price_recovers,0.00000000,25
2026-06-01,2026-06-30,month,ai_dynamic_rules,macro_predicate.net.raw_material_cost_pressure,0.00000000,25
2026-06-01,2026-06-30,month,ai_dynamic_rules,source.share.announcement,0.16000000,25
2026-06-01,2026-06-30,month,ai_dynamic_rules,source.share.ir_qa,0.56000000,25
2026-06-01,2026-06-30,month,ai_dynamic_rules,source.share.news,0.08000000,25
2026-06-01,2026-06-30,month,ai_dynamic_rules,source.share.policy,0.20000000,25
2026-06-01,2026-06-30,month,ai_dynamic_rules,topic.share.battery,0.52000000,25
2026-06-01,2026-06-30,month,ai_dynamic_rules,topic.share.grid,0.12000000,25
2026-06-01,2026-06-30,month,ai_dynamic_rules,topic.share.photovoltaic,0.00000000,25
2026-06-01,2026-06-30,month,ai_dynamic_rules,topic.share.storage,0.20000000,25
2026-06-01,2026-06-30,month,ai_dynamic_rules,topic.share.wind,0.20000000,25
2024-01-01,2024-02-29,jan_feb_combined,hybrid_rules,candidate.mean,0.68993733,3
2024-01-01,2024-02-29,jan_feb_combined,hybrid_rules,candidate.p25,0.45836200,3
2024-01-01,2024-02-29,jan_feb_combined,hybrid_rules,candidate.p50,0.49737900,3
2024-01-01,2024-02-29,jan_feb_combined,hybrid_rules,candidate.p75,0.82523350,3
2024-01-01,2024-02-29,jan_feb_combined,hybrid_rules,candidate.positive_share,1.00000000,3
2024-01-01,2024-02-29,jan_feb_combined,hybrid_rules,candidate.std,0.32904278,3
2024-01-01,2024-02-29,jan_feb_combined,hybrid_rules,coverage.ai_annotation_success_rate,1.00000000,3
2024-01-01,2024-02-29,jan_feb_combined,hybrid_rules,coverage.document_count_log1p,1.38629436,3
2024-01-01,2024-02-29,jan_feb_combined,hybrid_rules,coverage.event_count_log1p,3.09104245,3
2024-01-01,2024-02-29,jan_feb_combined,hybrid_rules,coverage.independent_source_count_log1p,1.38629436,3
2024-01-01,2024-02-29,jan_feb_combined,hybrid_rules,evidence.entity_confidence_mean,0.68285714,3
2024-01-01,2024-02-29,jan_feb_combined,hybrid_rules,evidence.event_strength_mean,0.77714286,3
2024-01-01,2024-02-29,jan_feb_combined,hybrid_rules,frozen_rule.supporting_document_share,0.66666667,3
2024-01-01,2024-02-29,jan_feb_combined,hybrid_rules,frozen_rule.unique_rule_count_log1p,1.38629436,3
2024-01-01,2024-02-29,jan_feb_combined,hybrid_rules,legacy_predicate.confidence.announcement_contains_uncertainty,0.78000000,3
2024-01-01,2024-02-29,jan_feb_combined,hybrid_rules,legacy_predicate.confidence.capacity_policy_support,0.76500000,3
2024-01-01,2024-02-29,jan_feb_combined,hybrid_rules,legacy_predicate.confidence.demand_side_policy,0.74000000,3
2024-01-01,2024-02-29,jan_feb_combined,hybrid_rules,legacy_predicate.confidence.event_evidence_strength,0.92000000,3
2024-01-01,2024-02-29,jan_feb_combined,hybrid_rules,legacy_predicate.confidence.event_has_short_term_price_impact,0.70000000,3
2024-01-01,2024-02-29,jan_feb_combined,hybrid_rules,legacy_predicate.confidence.event_mentions_core_product,0.77500000,3
2024-01-01,2024-02-29,jan_feb_combined,hybrid_rules,legacy_predicate.confidence.evidence_from_authoritative_source,0.94000000,3
2024-01-01,2024-02-29,jan_feb_combined,hybrid_rules,legacy_predicate.confidence.has_policy_support,0.92000000,3
2024-01-01,2024-02-29,jan_feb_combined,hybrid_rules,legacy_predicate.confidence.institutional_attention_increases,0.70000000,3
2024-01-01,2024-02-29,jan_feb_combined,hybrid_rules,legacy_predicate.confidence.investor_questions_increase,0.83000000,3
2024-01-01,2024-02-29,jan_feb_combined,hybrid_rules,legacy_predicate.confidence.management_response_vague,0.76000000,3
2024-01-01,2024-02-29,jan_feb_combined,hybrid_rules,legacy_predicate.confidence.policy_attention_followup,0.77000000,3
2024-01-01,2024-02-29,jan_feb_combined,hybrid_rules,legacy_predicate.confidence.policy_directly_related_to_business,0.78000000,3
2024-01-01,2024-02-29,jan_feb_combined,hybrid_rules,legacy_predicate.confidence.risk_or_uncertainty_disclosure,0.78000000,3
2024-01-01,2024-02-29,jan_feb_combined,hybrid_rules,legacy_predicate.confidence.social_attention_spikes,0.68000000,3
2024-01-01,2024-02-29,jan_feb_combined,hybrid_rules,legacy_predicate.confidence.source_company_announcement,0.82000000,3
2024-01-01,2024-02-29,jan_feb_combined,hybrid_rules,legacy_predicate.confidence.source_government_or_exchange,0.90250000,3
2024-01-01,2024-02-29,jan_feb_combined,hybrid_rules,legacy_predicate.confidence.source_major_media,0.76000000,3
2024-01-01,2024-02-29,jan_feb_combined,hybrid_rules,legacy_predicate.confidence.supply_side_policy,0.74000000,3
2024-01-01,2024-02-29,jan_feb_combined,hybrid_rules,legacy_predicate.mean.announcement_contains_uncertainty,0.00000000,3
2024-01-01,2024-02-29,jan_feb_combined,hybrid_rules,legacy_predicate.mean.capacity_policy_support,0.50000000,3
2024-01-01,2024-02-29,jan_feb_combined,hybrid_rules,legacy_predicate.mean.demand_side_policy,0.00000000,3
2024-01-01,2024-02-29,jan_feb_combined,hybrid_rules,legacy_predicate.mean.event_evidence_strength,0.92000000,3
2024-01-01,2024-02-29,jan_feb_combined,hybrid_rules,legacy_predicate.mean.event_has_short_term_price_impact,0.70500000,3
2024-01-01,2024-02-29,jan_feb_combined,hybrid_rules,legacy_predicate.mean.event_mentions_core_product,0.50000000,3
2024-01-01,2024-02-29,jan_feb_combined,hybrid_rules,legacy_predicate.mean.evidence_from_authoritative_source,1.00000000,3
2024-01-01,2024-02-29,jan_feb_combined,hybrid_rules,legacy_predicate.mean.has_policy_support,0.50000000,3
2024-01-01,2024-02-29,jan_feb_combined,hybrid_rules,legacy_predicate.mean.institutional_attention_increases,0.00000000,3
2024-01-01,2024-02-29,jan_feb_combined,hybrid_rules,legacy_predicate.mean.investor_questions_increase,0.50000000,3
2024-01-01,2024-02-29,jan_feb_combined,hybrid_rules,legacy_predicate.mean.management_response_vague,0.00000000,3
2024-01-01,2024-02-29,jan_feb_combined,hybrid_rules,legacy_predicate.mean.policy_attention_followup,0.50000000,3
2024-01-01,2024-02-29,jan_feb_combined,hybrid_rules,legacy_predicate.mean.policy_directly_related_to_business,0.00000000,3
2024-01-01,2024-02-29,jan_feb_combined,hybrid_rules,legacy_predicate.mean.risk_or_uncertainty_disclosure,0.00000000,3
2024-01-01,2024-02-29,jan_feb_combined,hybrid_rules,legacy_predicate.mean.social_attention_spikes,0.00000000,3
2024-01-01,2024-02-29,jan_feb_combined,hybrid_rules,legacy_predicate.mean.source_company_announcement,0.50000000,3
2024-01-01,2024-02-29,jan_feb_combined,hybrid_rules,legacy_predicate.mean.source_government_or_exchange,1.00000000,3
2024-01-01,2024-02-29,jan_feb_combined,hybrid_rules,legacy_predicate.mean.source_major_media,0.00000000,3
2024-01-01,2024-02-29,jan_feb_combined,hybrid_rules,legacy_predicate.mean.supply_side_policy,0.00000000,3
2024-01-01,2024-02-29,jan_feb_combined,hybrid_rules,macro_predicate.hit_rate.capacity_enters_production,0.00000000,3
2024-01-01,2024-02-29,jan_feb_combined,hybrid_rules,macro_predicate.hit_rate.capacity_under_construction,0.00000000,3
2024-01-01,2024-02-29,jan_feb_combined,hybrid_rules,macro_predicate.hit_rate.export_demand_improves,0.00000000,3
2024-01-01,2024-02-29,jan_feb_combined,hybrid_rules,macro_predicate.hit_rate.financing_constraint_eases,0.00000000,3
2024-01-01,2024-02-29,jan_feb_combined,hybrid_rules,macro_predicate.hit_rate.grid_investment_accelerates,0.00000000,3
2024-01-01,2024-02-29,jan_feb_combined,hybrid_rules,macro_predicate.hit_rate.industry_competition_intensifies,0.66666667,3
2024-01-01,2024-02-29,jan_feb_combined,hybrid_rules,macro_predicate.hit_rate.inventory_pressure_increases,0.33333333,3
2024-01-01,2024-02-29,jan_feb_combined,hybrid_rules,macro_predicate.hit_rate.order_demand_improves,0.00000000,3
2024-01-01,2024-02-29,jan_feb_combined,hybrid_rules,macro_predicate.hit_rate.policy_accelerates_project_implementation,0.33333333,3
2024-01-01,2024-02-29,jan_feb_combined,hybrid_rules,macro_predicate.hit_rate.policy_expands_effective_demand,0.00000000,3
2024-01-01,2024-02-29,jan_feb_combined,hybrid_rules,macro_predicate.hit_rate.product_price_recovers,0.00000000,3
2024-01-01,2024-02-29,jan_feb_combined,hybrid_rules,macro_predicate.hit_rate.raw_material_cost_pressure,0.00000000,3
2024-01-01,2024-02-29,jan_feb_combined,hybrid_rules,macro_predicate.net.capacity_enters_production,0.00000000,3
2024-01-01,2024-02-29,jan_feb_combined,hybrid_rules,macro_predicate.net.capacity_under_construction,0.00000000,3
2024-01-01,2024-02-29,jan_feb_combined,hybrid_rules,macro_predicate.net.export_demand_improves,0.00000000,3
2024-01-01,2024-02-29,jan_feb_combined,hybrid_rules,macro_predicate.net.financing_constraint_eases,0.00000000,3
2024-01-01,2024-02-29,jan_feb_combined,hybrid_rules,macro_predicate.net.grid_investment_accelerates,0.00000000,3
2024-01-01,2024-02-29,jan_feb_combined,hybrid_rules,macro_predicate.net.industry_competition_intensifies,-0.11966667,3
2024-01-01,2024-02-29,jan_feb_combined,hybrid_rules,macro_predicate.net.inventory_pressure_increases,-0.07000000,3
2024-01-01,2024-02-29,jan_feb_combined,hybrid_rules,macro_predicate.net.order_demand_improves,0.00000000,3
2024-01-01,2024-02-29,jan_feb_combined,hybrid_rules,macro_predicate.net.policy_accelerates_project_implementation,0.24866667,3
2024-01-01,2024-02-29,jan_feb_combined,hybrid_rules,macro_predicate.net.policy_expands_effective_demand,0.00000000,3
2024-01-01,2024-02-29,jan_feb_combined,hybrid_rules,macro_predicate.net.product_price_recovers,0.00000000,3
2024-01-01,2024-02-29,jan_feb_combined,hybrid_rules,macro_predicate.net.raw_material_cost_pressure,0.00000000,3
2024-01-01,2024-02-29,jan_feb_combined,hybrid_rules,source.share.announcement,0.00000000,3
2024-01-01,2024-02-29,jan_feb_combined,hybrid_rules,source.share.ir_qa,0.00000000,3
2024-01-01,2024-02-29,jan_feb_combined,hybrid_rules,source.share.news,0.66666667,3
2024-01-01,2024-02-29,jan_feb_combined,hybrid_rules,source.share.policy,0.33333333,3
2024-01-01,2024-02-29,jan_feb_combined,hybrid_rules,topic.share.battery,0.33333333,3
2024-01-01,2024-02-29,jan_feb_combined,hybrid_rules,topic.share.grid,0.00000000,3
2024-01-01,2024-02-29,jan_feb_combined,hybrid_rules,topic.share.photovoltaic,0.33333333,3
2024-01-01,2024-02-29,jan_feb_combined,hybrid_rules,topic.share.storage,0.00000000,3
2024-01-01,2024-02-29,jan_feb_combined,hybrid_rules,topic.share.wind,0.00000000,3
2024-03-01,2024-03-31,month,hybrid_rules,candidate.mean,1.02061000,2
2024-03-01,2024-03-31,month,hybrid_rules,candidate.p25,1.15308800,2
2024-03-01,2024-03-31,month,hybrid_rules,candidate.p50,1.15308800,2
2024-03-01,2024-03-31,month,hybrid_rules,candidate.p75,1.15308800,2
2024-03-01,2024-03-31,month,hybrid_rules,candidate.positive_share,1.00000000,2
2024-03-01,2024-03-31,month,hybrid_rules,candidate.std,0.26495600,2
2024-03-01,2024-03-31,month,hybrid_rules,coverage.ai_annotation_success_rate,1.00000000,2
2024-03-01,2024-03-31,month,hybrid_rules,coverage.document_count_log1p,1.09861229,2
2024-03-01,2024-03-31,month,hybrid_rules,coverage.event_count_log1p,2.19722458,2
2024-03-01,2024-03-31,month,hybrid_rules,coverage.independent_source_count_log1p,1.09861229,2
2024-03-01,2024-03-31,month,hybrid_rules,evidence.entity_confidence_mean,0.74500000,2
2024-03-01,2024-03-31,month,hybrid_rules,evidence.event_strength_mean,0.87000000,2
2024-03-01,2024-03-31,month,hybrid_rules,frozen_rule.supporting_document_share,0.50000000,2
2024-03-01,2024-03-31,month,hybrid_rules,frozen_rule.unique_rule_count_log1p,1.38629436,2
2024-03-01,2024-03-31,month,hybrid_rules,legacy_predicate.confidence.announcement_contains_uncertainty,0.78000000,2
2024-03-01,2024-03-31,month,hybrid_rules,legacy_predicate.confidence.capacity_policy_support,0.74000000,2
2024-03-01,2024-03-31,month,hybrid_rules,legacy_predicate.confidence.demand_side_policy,0.74000000,2
2024-03-01,2024-03-31,month,hybrid_rules,legacy_predicate.confidence.event_evidence_strength,0.92000000,2
2024-03-01,2024-03-31,month,hybrid_rules,legacy_predicate.confidence.event_has_short_term_price_impact,0.70000000,2
2024-03-01,2024-03-31,month,hybrid_rules,legacy_predicate.confidence.event_mentions_core_product,0.74000000,2
2024-03-01,2024-03-31,month,hybrid_rules,legacy_predicate.confidence.evidence_from_authoritative_source,0.94000000,2
2024-03-01,2024-03-31,month,hybrid_rules,legacy_predicate.confidence.has_policy_support,0.94400000,2
2024-03-01,2024-03-31,month,hybrid_rules,legacy_predicate.confidence.institutional_attention_increases,0.70000000,2
2024-03-01,2024-03-31,month,hybrid_rules,legacy_predicate.confidence.investor_questions_increase,0.82000000,2
2024-03-01,2024-03-31,month,hybrid_rules,legacy_predicate.confidence.management_response_vague,0.76000000,2
2024-03-01,2024-03-31,month,hybrid_rules,legacy_predicate.confidence.policy_attention_followup,0.81200000,2
2024-03-01,2024-03-31,month,hybrid_rules,legacy_predicate.confidence.policy_directly_related_to_business,0.78000000,2
2024-03-01,2024-03-31,month,hybrid_rules,legacy_predicate.confidence.risk_or_uncertainty_disclosure,0.79600000,2
2024-03-01,2024-03-31,month,hybrid_rules,legacy_predicate.confidence.social_attention_spikes,0.68000000,2
2024-03-01,2024-03-31,month,hybrid_rules,legacy_predicate.confidence.source_company_announcement,0.81200000,2
2024-03-01,2024-03-31,month,hybrid_rules,legacy_predicate.confidence.source_government_or_exchange,0.91200000,2
2024-03-01,2024-03-31,month,hybrid_rules,legacy_predicate.confidence.source_major_media,0.76000000,2
2024-03-01,2024-03-31,month,hybrid_rules,legacy_predicate.confidence.supply_side_policy,0.74000000,2
2024-03-01,2024-03-31,month,hybrid_rules,legacy_predicate.mean.announcement_contains_uncertainty,0.00000000,2
2024-03-01,2024-03-31,month,hybrid_rules,legacy_predicate.mean.capacity_policy_support,0.00000000,2
2024-03-01,2024-03-31,month,hybrid_rules,legacy_predicate.mean.demand_side_policy,0.00000000,2
2024-03-01,2024-03-31,month,hybrid_rules,legacy_predicate.mean.event_evidence_strength,0.94000000,2
2024-03-01,2024-03-31,month,hybrid_rules,legacy_predicate.mean.event_has_short_term_price_impact,0.78000000,2
2024-03-01,2024-03-31,month,hybrid_rules,legacy_predicate.mean.event_mentions_core_product,0.00000000,2
2024-03-01,2024-03-31,month,hybrid_rules,legacy_predicate.mean.evidence_from_authoritative_source,1.00000000,2
2024-03-01,2024-03-31,month,hybrid_rules,legacy_predicate.mean.has_policy_support,1.00000000,2
2024-03-01,2024-03-31,month,hybrid_rules,legacy_predicate.mean.institutional_attention_increases,0.00000000,2
2024-03-01,2024-03-31,month,hybrid_rules,legacy_predicate.mean.investor_questions_increase,0.00000000,2
2024-03-01,2024-03-31,month,hybrid_rules,legacy_predicate.mean.management_response_vague,0.00000000,2
2024-03-01,2024-03-31,month,hybrid_rules,legacy_predicate.mean.policy_attention_followup,1.00000000,2
2024-03-01,2024-03-31,month,hybrid_rules,legacy_predicate.mean.policy_directly_related_to_business,0.00000000,2
2024-03-01,2024-03-31,month,hybrid_rules,legacy_predicate.mean.risk_or_uncertainty_disclosure,1.00000000,2
2024-03-01,2024-03-31,month,hybrid_rules,legacy_predicate.mean.social_attention_spikes,0.00000000,2
2024-03-01,2024-03-31,month,hybrid_rules,legacy_predicate.mean.source_company_announcement,1.00000000,2
2024-03-01,2024-03-31,month,hybrid_rules,legacy_predicate.mean.source_government_or_exchange,1.00000000,2
2024-03-01,2024-03-31,month,hybrid_rules,legacy_predicate.mean.source_major_media,0.00000000,2
2024-03-01,2024-03-31,month,hybrid_rules,legacy_predicate.mean.supply_side_policy,0.00000000,2
2024-03-01,2024-03-31,month,hybrid_rules,macro_predicate.hit_rate.capacity_enters_production,0.00000000,2
2024-03-01,2024-03-31,month,hybrid_rules,macro_predicate.hit_rate.capacity_under_construction,0.50000000,2
2024-03-01,2024-03-31,month,hybrid_rules,macro_predicate.hit_rate.export_demand_improves,0.00000000,2
2024-03-01,2024-03-31,month,hybrid_rules,macro_predicate.hit_rate.financing_constraint_eases,0.00000000,2
2024-03-01,2024-03-31,month,hybrid_rules,macro_predicate.hit_rate.grid_investment_accelerates,0.00000000,2
2024-03-01,2024-03-31,month,hybrid_rules,macro_predicate.hit_rate.industry_competition_intensifies,0.00000000,2
2024-03-01,2024-03-31,month,hybrid_rules,macro_predicate.hit_rate.inventory_pressure_increases,0.00000000,2
2024-03-01,2024-03-31,month,hybrid_rules,macro_predicate.hit_rate.order_demand_improves,0.00000000,2
2024-03-01,2024-03-31,month,hybrid_rules,macro_predicate.hit_rate.policy_accelerates_project_implementation,0.00000000,2
2024-03-01,2024-03-31,month,hybrid_rules,macro_predicate.hit_rate.policy_expands_effective_demand,0.50000000,2
2024-03-01,2024-03-31,month,hybrid_rules,macro_predicate.hit_rate.product_price_recovers,0.00000000,2
2024-03-01,2024-03-31,month,hybrid_rules,macro_predicate.hit_rate.raw_material_cost_pressure,0.00000000,2
2024-03-01,2024-03-31,month,hybrid_rules,macro_predicate.net.capacity_enters_production,0.00000000,2
2024-03-01,2024-03-31,month,hybrid_rules,macro_predicate.net.capacity_under_construction,0.33570000,2
2024-03-01,2024-03-31,month,hybrid_rules,macro_predicate.net.export_demand_improves,0.00000000,2
2024-03-01,2024-03-31,month,hybrid_rules,macro_predicate.net.financing_constraint_eases,0.00000000,2
2024-03-01,2024-03-31,month,hybrid_rules,macro_predicate.net.grid_investment_accelerates,0.00000000,2
2024-03-01,2024-03-31,month,hybrid_rules,macro_predicate.net.industry_competition_intensifies,0.00000000,2
2024-03-01,2024-03-31,month,hybrid_rules,macro_predicate.net.inventory_pressure_increases,0.00000000,2
2024-03-01,2024-03-31,month,hybrid_rules,macro_predicate.net.order_demand_improves,0.00000000,2
2024-03-01,2024-03-31,month,hybrid_rules,macro_predicate.net.policy_accelerates_project_implementation,0.00000000,2
2024-03-01,2024-03-31,month,hybrid_rules,macro_predicate.net.policy_expands_effective_demand,0.27975000,2
2024-03-01,2024-03-31,month,hybrid_rules,macro_predicate.net.product_price_recovers,0.00000000,2
2024-03-01,2024-03-31,month,hybrid_rules,macro_predicate.net.raw_material_cost_pressure,0.00000000,2
2024-03-01,2024-03-31,month,hybrid_rules,source.share.announcement,0.00000000,2
2024-03-01,2024-03-31,month,hybrid_rules,source.share.ir_qa,0.00000000,2
2024-03-01,2024-03-31,month,hybrid_rules,source.share.news,0.00000000,2
2024-03-01,2024-03-31,month,hybrid_rules,source.share.policy,1.00000000,2
2024-03-01,2024-03-31,month,hybrid_rules,topic.share.battery,0.00000000,2
2024-03-01,2024-03-31,month,hybrid_rules,topic.share.grid,0.00000000,2
2024-03-01,2024-03-31,month,hybrid_rules,topic.share.photovoltaic,0.50000000,2
2024-03-01,2024-03-31,month,hybrid_rules,topic.share.storage,0.00000000,2
2024-03-01,2024-03-31,month,hybrid_rules,topic.share.wind,0.00000000,2
2024-04-01,2024-04-30,month,hybrid_rules,candidate.mean,0.44955600,2
2024-04-01,2024-04-30,month,hybrid_rules,candidate.p25,0.43445050,2
2024-04-01,2024-04-30,month,hybrid_rules,candidate.p50,0.44955600,2
2024-04-01,2024-04-30,month,hybrid_rules,candidate.p75,0.46466150,2
2024-04-01,2024-04-30,month,hybrid_rules,candidate.positive_share,1.00000000,2
2024-04-01,2024-04-30,month,hybrid_rules,candidate.std,0.03021100,2
2024-04-01,2024-04-30,month,hybrid_rules,coverage.ai_annotation_success_rate,1.00000000,2
2024-04-01,2024-04-30,month,hybrid_rules,coverage.document_count_log1p,1.09861229,2
2024-04-01,2024-04-30,month,hybrid_rules,coverage.event_count_log1p,2.39789527,2
2024-04-01,2024-04-30,month,hybrid_rules,coverage.independent_source_count_log1p,1.09861229,2
2024-04-01,2024-04-30,month,hybrid_rules,evidence.entity_confidence_mean,0.78000000,2
2024-04-01,2024-04-30,month,hybrid_rules,evidence.event_strength_mean,0.85000000,2
2024-04-01,2024-04-30,month,hybrid_rules,frozen_rule.supporting_document_share,1.00000000,2
2024-04-01,2024-04-30,month,hybrid_rules,frozen_rule.unique_rule_count_log1p,1.09861229,2
2024-04-01,2024-04-30,month,hybrid_rules,legacy_predicate.confidence.announcement_contains_uncertainty,0.81000000,2
2024-04-01,2024-04-30,month,hybrid_rules,legacy_predicate.confidence.capacity_policy_support,0.74000000,2
2024-04-01,2024-04-30,month,hybrid_rules,legacy_predicate.confidence.demand_side_policy,0.74000000,2
2024-04-01,2024-04-30,month,hybrid_rules,legacy_predicate.confidence.event_evidence_strength,0.92000000,2
2024-04-01,2024-04-30,month,hybrid_rules,legacy_predicate.confidence.event_has_short_term_price_impact,0.70000000,2
2024-04-01,2024-04-30,month,hybrid_rules,legacy_predicate.confidence.event_mentions_core_product,0.81000000,2
2024-04-01,2024-04-30,month,hybrid_rules,legacy_predicate.confidence.evidence_from_authoritative_source,0.94000000,2
2024-04-01,2024-04-30,month,hybrid_rules,legacy_predicate.confidence.has_policy_support,0.88000000,2
2024-04-01,2024-04-30,month,hybrid_rules,legacy_predicate.confidence.institutional_attention_increases,0.70000000,2
2024-04-01,2024-04-30,month,hybrid_rules,legacy_predicate.confidence.investor_questions_increase,0.84000000,2
2024-04-01,2024-04-30,month,hybrid_rules,legacy_predicate.confidence.management_response_vague,0.76000000,2
2024-04-01,2024-04-30,month,hybrid_rules,legacy_predicate.confidence.policy_attention_followup,0.70000000,2
2024-04-01,2024-04-30,month,hybrid_rules,legacy_predicate.confidence.policy_directly_related_to_business,0.78000000,2
2024-04-01,2024-04-30,month,hybrid_rules,legacy_predicate.confidence.risk_or_uncertainty_disclosure,0.82000000,2
2024-04-01,2024-04-30,month,hybrid_rules,legacy_predicate.confidence.social_attention_spikes,0.68000000,2
2024-04-01,2024-04-30,month,hybrid_rules,legacy_predicate.confidence.source_company_announcement,0.86000000,2
2024-04-01,2024-04-30,month,hybrid_rules,legacy_predicate.confidence.source_government_or_exchange,0.85500000,2
2024-04-01,2024-04-30,month,hybrid_rules,legacy_predicate.confidence.source_major_media,0.76000000,2
2024-04-01,2024-04-30,month,hybrid_rules,legacy_predicate.confidence.supply_side_policy,0.74000000,2
2024-04-01,2024-04-30,month,hybrid_rules,legacy_predicate.mean.announcement_contains_uncertainty,0.50000000,2
2024-04-01,2024-04-30,month,hybrid_rules,legacy_predicate.mean.capacity_policy_support,0.00000000,2
2024-04-01,2024-04-30,month,hybrid_rules,legacy_predicate.mean.demand_side_policy,0.00000000,2
2024-04-01,2024-04-30,month,hybrid_rules,legacy_predicate.mean.event_evidence_strength,0.80000000,2
2024-04-01,2024-04-30,month,hybrid_rules,legacy_predicate.mean.event_has_short_term_price_impact,0.54000000,2
2024-04-01,2024-04-30,month,hybrid_rules,legacy_predicate.mean.event_mentions_core_product,0.50000000,2
2024-04-01,2024-04-30,month,hybrid_rules,legacy_predicate.mean.evidence_from_authoritative_source,1.00000000,2
2024-04-01,2024-04-30,month,hybrid_rules,legacy_predicate.mean.has_policy_support,0.00000000,2
2024-04-01,2024-04-30,month,hybrid_rules,legacy_predicate.mean.institutional_attention_increases,0.00000000,2
2024-04-01,2024-04-30,month,hybrid_rules,legacy_predicate.mean.investor_questions_increase,0.50000000,2
2024-04-01,2024-04-30,month,hybrid_rules,legacy_predicate.mean.management_response_vague,0.00000000,2
2024-04-01,2024-04-30,month,hybrid_rules,legacy_predicate.mean.policy_attention_followup,0.00000000,2
2024-04-01,2024-04-30,month,hybrid_rules,legacy_predicate.mean.policy_directly_related_to_business,0.00000000,2
2024-04-01,2024-04-30,month,hybrid_rules,legacy_predicate.mean.risk_or_uncertainty_disclosure,0.50000000,2
2024-04-01,2024-04-30,month,hybrid_rules,legacy_predicate.mean.social_attention_spikes,0.00000000,2
2024-04-01,2024-04-30,month,hybrid_rules,legacy_predicate.mean.source_company_announcement,0.50000000,2
2024-04-01,2024-04-30,month,hybrid_rules,legacy_predicate.mean.source_government_or_exchange,0.50000000,2
2024-04-01,2024-04-30,month,hybrid_rules,legacy_predicate.mean.source_major_media,0.00000000,2
2024-04-01,2024-04-30,month,hybrid_rules,legacy_predicate.mean.supply_side_policy,0.00000000,2
2024-04-01,2024-04-30,month,hybrid_rules,macro_predicate.hit_rate.capacity_enters_production,0.00000000,2
2024-04-01,2024-04-30,month,hybrid_rules,macro_predicate.hit_rate.capacity_under_construction,0.00000000,2
2024-04-01,2024-04-30,month,hybrid_rules,macro_predicate.hit_rate.export_demand_improves,0.00000000,2
2024-04-01,2024-04-30,month,hybrid_rules,macro_predicate.hit_rate.financing_constraint_eases,0.00000000,2
2024-04-01,2024-04-30,month,hybrid_rules,macro_predicate.hit_rate.grid_investment_accelerates,0.00000000,2
2024-04-01,2024-04-30,month,hybrid_rules,macro_predicate.hit_rate.industry_competition_intensifies,0.00000000,2
2024-04-01,2024-04-30,month,hybrid_rules,macro_predicate.hit_rate.inventory_pressure_increases,0.00000000,2
2024-04-01,2024-04-30,month,hybrid_rules,macro_predicate.hit_rate.order_demand_improves,0.00000000,2
2024-04-01,2024-04-30,month,hybrid_rules,macro_predicate.hit_rate.policy_accelerates_project_implementation,0.00000000,2
2024-04-01,2024-04-30,month,hybrid_rules,macro_predicate.hit_rate.policy_expands_effective_demand,0.50000000,2
2024-04-01,2024-04-30,month,hybrid_rules,macro_predicate.hit_rate.product_price_recovers,0.00000000,2
2024-04-01,2024-04-30,month,hybrid_rules,macro_predicate.hit_rate.raw_material_cost_pressure,0.00000000,2
2024-04-01,2024-04-30,month,hybrid_rules,macro_predicate.net.capacity_enters_production,0.00000000,2
2024-04-01,2024-04-30,month,hybrid_rules,macro_predicate.net.capacity_under_construction,0.00000000,2
2024-04-01,2024-04-30,month,hybrid_rules,macro_predicate.net.export_demand_improves,0.00000000,2
2024-04-01,2024-04-30,month,hybrid_rules,macro_predicate.net.financing_constraint_eases,0.00000000,2
2024-04-01,2024-04-30,month,hybrid_rules,macro_predicate.net.grid_investment_accelerates,0.00000000,2
2024-04-01,2024-04-30,month,hybrid_rules,macro_predicate.net.industry_competition_intensifies,0.00000000,2
2024-04-01,2024-04-30,month,hybrid_rules,macro_predicate.net.inventory_pressure_increases,0.00000000,2
2024-04-01,2024-04-30,month,hybrid_rules,macro_predicate.net.order_demand_improves,0.00000000,2
2024-04-01,2024-04-30,month,hybrid_rules,macro_predicate.net.policy_accelerates_project_implementation,0.00000000,2
2024-04-01,2024-04-30,month,hybrid_rules,macro_predicate.net.policy_expands_effective_demand,0.27975000,2
2024-04-01,2024-04-30,month,hybrid_rules,macro_predicate.net.product_price_recovers,0.00000000,2
2024-04-01,2024-04-30,month,hybrid_rules,macro_predicate.net.raw_material_cost_pressure,0.00000000,2
2024-04-01,2024-04-30,month,hybrid_rules,source.share.announcement,0.00000000,2
2024-04-01,2024-04-30,month,hybrid_rules,source.share.ir_qa,0.00000000,2
2024-04-01,2024-04-30,month,hybrid_rules,source.share.news,0.00000000,2
2024-04-01,2024-04-30,month,hybrid_rules,source.share.policy,1.00000000,2
2024-04-01,2024-04-30,month,hybrid_rules,topic.share.battery,0.00000000,2
2024-04-01,2024-04-30,month,hybrid_rules,topic.share.grid,0.00000000,2
2024-04-01,2024-04-30,month,hybrid_rules,topic.share.photovoltaic,0.00000000,2
2024-04-01,2024-04-30,month,hybrid_rules,topic.share.storage,0.50000000,2
2024-04-01,2024-04-30,month,hybrid_rules,topic.share.wind,0.00000000,2
2024-05-01,2024-05-31,month,hybrid_rules,candidate.mean,0.49069800,3
2024-05-01,2024-05-31,month,hybrid_rules,candidate.p25,0.49069800,3
2024-05-01,2024-05-31,month,hybrid_rules,candidate.p50,0.49069800,3
2024-05-01,2024-05-31,month,hybrid_rules,candidate.p75,0.49069800,3
2024-05-01,2024-05-31,month,hybrid_rules,candidate.positive_share,1.00000000,3
2024-05-01,2024-05-31,month,hybrid_rules,candidate.std,0.00000000,3
2024-05-01,2024-05-31,month,hybrid_rules,coverage.ai_annotation_success_rate,1.00000000,3
2024-05-01,2024-05-31,month,hybrid_rules,coverage.document_count_log1p,1.38629436,3
2024-05-01,2024-05-31,month,hybrid_rules,coverage.event_count_log1p,1.94591015,3
2024-05-01,2024-05-31,month,hybrid_rules,coverage.independent_source_count_log1p,1.38629436,3
2024-05-01,2024-05-31,month,hybrid_rules,evidence.entity_confidence_mean,0.68666667,3
2024-05-01,2024-05-31,month,hybrid_rules,evidence.event_strength_mean,0.84000000,3
2024-05-01,2024-05-31,month,hybrid_rules,frozen_rule.supporting_document_share,0.33333333,3
2024-05-01,2024-05-31,month,hybrid_rules,frozen_rule.unique_rule_count_log1p,0.69314718,3
2024-05-01,2024-05-31,month,hybrid_rules,legacy_predicate.confidence.announcement_contains_uncertainty,0.78000000,3
2024-05-01,2024-05-31,month,hybrid_rules,legacy_predicate.confidence.capacity_policy_support,0.74000000,3
2024-05-01,2024-05-31,month,hybrid_rules,legacy_predicate.confidence.demand_side_policy,0.74000000,3
2024-05-01,2024-05-31,month,hybrid_rules,legacy_predicate.confidence.event_evidence_strength,0.92000000,3
2024-05-01,2024-05-31,month,hybrid_rules,legacy_predicate.confidence.event_has_short_term_price_impact,0.70000000,3
2024-05-01,2024-05-31,month,hybrid_rules,legacy_predicate.confidence.event_mentions_core_product,0.74000000,3
2024-05-01,2024-05-31,month,hybrid_rules,legacy_predicate.confidence.evidence_from_authoritative_source,0.94000000,3
2024-05-01,2024-05-31,month,hybrid_rules,legacy_predicate.confidence.has_policy_support,0.88000000,3
2024-05-01,2024-05-31,month,hybrid_rules,legacy_predicate.confidence.institutional_attention_increases,0.70000000,3
2024-05-01,2024-05-31,month,hybrid_rules,legacy_predicate.confidence.investor_questions_increase,0.82000000,3
2024-05-01,2024-05-31,month,hybrid_rules,legacy_predicate.confidence.management_response_vague,0.76000000,3
2024-05-01,2024-05-31,month,hybrid_rules,legacy_predicate.confidence.policy_attention_followup,0.70000000,3
2024-05-01,2024-05-31,month,hybrid_rules,legacy_predicate.confidence.policy_directly_related_to_business,0.78000000,3
2024-05-01,2024-05-31,month,hybrid_rules,legacy_predicate.confidence.risk_or_uncertainty_disclosure,0.86000000,3
2024-05-01,2024-05-31,month,hybrid_rules,legacy_predicate.confidence.social_attention_spikes,0.68000000,3
2024-05-01,2024-05-31,month,hybrid_rules,legacy_predicate.confidence.source_company_announcement,0.94000000,3
2024-05-01,2024-05-31,month,hybrid_rules,legacy_predicate.confidence.source_government_or_exchange,0.76000000,3
2024-05-01,2024-05-31,month,hybrid_rules,legacy_predicate.confidence.source_major_media,0.76000000,3
2024-05-01,2024-05-31,month,hybrid_rules,legacy_predicate.confidence.supply_side_policy,0.74000000,3
2024-05-01,2024-05-31,month,hybrid_rules,legacy_predicate.mean.announcement_contains_uncertainty,0.00000000,3
2024-05-01,2024-05-31,month,hybrid_rules,legacy_predicate.mean.capacity_policy_support,0.00000000,3
2024-05-01,2024-05-31,month,hybrid_rules,legacy_predicate.mean.demand_side_policy,0.00000000,3
2024-05-01,2024-05-31,month,hybrid_rules,legacy_predicate.mean.event_evidence_strength,0.88000000,3
2024-05-01,2024-05-31,month,hybrid_rules,legacy_predicate.mean.event_has_short_term_price_impact,0.64000000,3
2024-05-01,2024-05-31,month,hybrid_rules,legacy_predicate.mean.event_mentions_core_product,0.00000000,3
2024-05-01,2024-05-31,month,hybrid_rules,legacy_predicate.mean.evidence_from_authoritative_source,1.00000000,3
2024-05-01,2024-05-31,month,hybrid_rules,legacy_predicate.mean.has_policy_support,0.00000000,3
2024-05-01,2024-05-31,month,hybrid_rules,legacy_predicate.mean.institutional_attention_increases,0.00000000,3
2024-05-01,2024-05-31,month,hybrid_rules,legacy_predicate.mean.investor_questions_increase,0.00000000,3
2024-05-01,2024-05-31,month,hybrid_rules,legacy_predicate.mean.management_response_vague,0.00000000,3
2024-05-01,2024-05-31,month,hybrid_rules,legacy_predicate.mean.policy_attention_followup,0.00000000,3
2024-05-01,2024-05-31,month,hybrid_rules,legacy_predicate.mean.policy_directly_related_to_business,0.00000000,3
2024-05-01,2024-05-31,month,hybrid_rules,legacy_predicate.mean.risk_or_uncertainty_disclosure,1.00000000,3
2024-05-01,2024-05-31,month,hybrid_rules,legacy_predicate.mean.social_attention_spikes,0.00000000,3
2024-05-01,2024-05-31,month,hybrid_rules,legacy_predicate.mean.source_company_announcement,1.00000000,3
2024-05-01,2024-05-31,month,hybrid_rules,legacy_predicate.mean.source_government_or_exchange,0.00000000,3
2024-05-01,2024-05-31,month,hybrid_rules,legacy_predicate.mean.source_major_media,0.00000000,3
2024-05-01,2024-05-31,month,hybrid_rules,legacy_predicate.mean.supply_side_policy,0.00000000,3
2024-05-01,2024-05-31,month,hybrid_rules,macro_predicate.hit_rate.capacity_enters_production,0.00000000,3
2024-05-01,2024-05-31,month,hybrid_rules,macro_predicate.hit_rate.capacity_under_construction,0.00000000,3
2024-05-01,2024-05-31,month,hybrid_rules,macro_predicate.hit_rate.export_demand_improves,0.00000000,3
2024-05-01,2024-05-31,month,hybrid_rules,macro_predicate.hit_rate.financing_constraint_eases,0.00000000,3
2024-05-01,2024-05-31,month,hybrid_rules,macro_predicate.hit_rate.grid_investment_accelerates,0.00000000,3
2024-05-01,2024-05-31,month,hybrid_rules,macro_predicate.hit_rate.industry_competition_intensifies,0.00000000,3
2024-05-01,2024-05-31,month,hybrid_rules,macro_predicate.hit_rate.inventory_pressure_increases,0.00000000,3
2024-05-01,2024-05-31,month,hybrid_rules,macro_predicate.hit_rate.order_demand_improves,0.00000000,3
2024-05-01,2024-05-31,month,hybrid_rules,macro_predicate.hit_rate.policy_accelerates_project_implementation,0.33333333,3
2024-05-01,2024-05-31,month,hybrid_rules,macro_predicate.hit_rate.policy_expands_effective_demand,0.66666667,3
2024-05-01,2024-05-31,month,hybrid_rules,macro_predicate.hit_rate.product_price_recovers,0.00000000,3
2024-05-01,2024-05-31,month,hybrid_rules,macro_predicate.hit_rate.raw_material_cost_pressure,0.00000000,3
2024-05-01,2024-05-31,month,hybrid_rules,macro_predicate.net.capacity_enters_production,0.00000000,3
2024-05-01,2024-05-31,month,hybrid_rules,macro_predicate.net.capacity_under_construction,0.00000000,3
2024-05-01,2024-05-31,month,hybrid_rules,macro_predicate.net.export_demand_improves,0.00000000,3
2024-05-01,2024-05-31,month,hybrid_rules,macro_predicate.net.financing_constraint_eases,0.00000000,3
2024-05-01,2024-05-31,month,hybrid_rules,macro_predicate.net.grid_investment_accelerates,0.00000000,3
2024-05-01,2024-05-31,month,hybrid_rules,macro_predicate.net.industry_competition_intensifies,0.00000000,3
2024-05-01,2024-05-31,month,hybrid_rules,macro_predicate.net.inventory_pressure_increases,0.00000000,3
2024-05-01,2024-05-31,month,hybrid_rules,macro_predicate.net.order_demand_improves,0.00000000,3
2024-05-01,2024-05-31,month,hybrid_rules,macro_predicate.net.policy_accelerates_project_implementation,0.24866667,3
2024-05-01,2024-05-31,month,hybrid_rules,macro_predicate.net.policy_expands_effective_demand,0.48179167,3
2024-05-01,2024-05-31,month,hybrid_rules,macro_predicate.net.product_price_recovers,0.00000000,3
2024-05-01,2024-05-31,month,hybrid_rules,macro_predicate.net.raw_material_cost_pressure,0.00000000,3
2024-05-01,2024-05-31,month,hybrid_rules,source.share.announcement,0.00000000,3
2024-05-01,2024-05-31,month,hybrid_rules,source.share.ir_qa,0.00000000,3
2024-05-01,2024-05-31,month,hybrid_rules,source.share.news,0.00000000,3
2024-05-01,2024-05-31,month,hybrid_rules,source.share.policy,1.00000000,3
2024-05-01,2024-05-31,month,hybrid_rules,topic.share.battery,0.00000000,3
2024-05-01,2024-05-31,month,hybrid_rules,topic.share.grid,0.00000000,3
2024-05-01,2024-05-31,month,hybrid_rules,topic.share.photovoltaic,0.00000000,3
2024-05-01,2024-05-31,month,hybrid_rules,topic.share.storage,0.00000000,3
2024-05-01,2024-05-31,month,hybrid_rules,topic.share.wind,0.00000000,3
2024-06-01,2024-06-30,month,hybrid_rules,candidate.mean,0.00000000,1
2024-06-01,2024-06-30,month,hybrid_rules,candidate.p25,0.00000000,1
2024-06-01,2024-06-30,month,hybrid_rules,candidate.p50,0.00000000,1
2024-06-01,2024-06-30,month,hybrid_rules,candidate.p75,0.00000000,1
2024-06-01,2024-06-30,month,hybrid_rules,candidate.positive_share,0.00000000,1
2024-06-01,2024-06-30,month,hybrid_rules,candidate.std,0.00000000,1
2024-06-01,2024-06-30,month,hybrid_rules,coverage.ai_annotation_success_rate,1.00000000,1
2024-06-01,2024-06-30,month,hybrid_rules,coverage.document_count_log1p,0.69314718,1
2024-06-01,2024-06-30,month,hybrid_rules,coverage.event_count_log1p,0.00000000,1
2024-06-01,2024-06-30,month,hybrid_rules,coverage.independent_source_count_log1p,0.69314718,1
2024-06-01,2024-06-30,month,hybrid_rules,evidence.entity_confidence_mean,0.64000000,1
2024-06-01,2024-06-30,month,hybrid_rules,evidence.event_strength_mean,0.00000000,1
2024-06-01,2024-06-30,month,hybrid_rules,frozen_rule.supporting_document_share,0.00000000,1
2024-06-01,2024-06-30,month,hybrid_rules,frozen_rule.unique_rule_count_log1p,0.00000000,1
2024-06-01,2024-06-30,month,hybrid_rules,macro_predicate.hit_rate.capacity_enters_production,0.00000000,1
2024-06-01,2024-06-30,month,hybrid_rules,macro_predicate.hit_rate.capacity_under_construction,0.00000000,1
2024-06-01,2024-06-30,month,hybrid_rules,macro_predicate.hit_rate.export_demand_improves,0.00000000,1
2024-06-01,2024-06-30,month,hybrid_rules,macro_predicate.hit_rate.financing_constraint_eases,0.00000000,1
2024-06-01,2024-06-30,month,hybrid_rules,macro_predicate.hit_rate.grid_investment_accelerates,0.00000000,1
2024-06-01,2024-06-30,month,hybrid_rules,macro_predicate.hit_rate.industry_competition_intensifies,0.00000000,1
2024-06-01,2024-06-30,month,hybrid_rules,macro_predicate.hit_rate.inventory_pressure_increases,0.00000000,1
2024-06-01,2024-06-30,month,hybrid_rules,macro_predicate.hit_rate.order_demand_improves,0.00000000,1
2024-06-01,2024-06-30,month,hybrid_rules,macro_predicate.hit_rate.policy_accelerates_project_implementation,0.00000000,1
2024-06-01,2024-06-30,month,hybrid_rules,macro_predicate.hit_rate.policy_expands_effective_demand,0.00000000,1
2024-06-01,2024-06-30,month,hybrid_rules,macro_predicate.hit_rate.product_price_recovers,0.00000000,1
2024-06-01,2024-06-30,month,hybrid_rules,macro_predicate.hit_rate.raw_material_cost_pressure,0.00000000,1
2024-06-01,2024-06-30,month,hybrid_rules,macro_predicate.net.capacity_enters_production,0.00000000,1
2024-06-01,2024-06-30,month,hybrid_rules,macro_predicate.net.capacity_under_construction,0.00000000,1
2024-06-01,2024-06-30,month,hybrid_rules,macro_predicate.net.export_demand_improves,0.00000000,1
2024-06-01,2024-06-30,month,hybrid_rules,macro_predicate.net.financing_constraint_eases,0.00000000,1
2024-06-01,2024-06-30,month,hybrid_rules,macro_predicate.net.grid_investment_accelerates,0.00000000,1
2024-06-01,2024-06-30,month,hybrid_rules,macro_predicate.net.industry_competition_intensifies,0.00000000,1
2024-06-01,2024-06-30,month,hybrid_rules,macro_predicate.net.inventory_pressure_increases,0.00000000,1
2024-06-01,2024-06-30,month,hybrid_rules,macro_predicate.net.order_demand_improves,0.00000000,1
2024-06-01,2024-06-30,month,hybrid_rules,macro_predicate.net.policy_accelerates_project_implementation,0.00000000,1
2024-06-01,2024-06-30,month,hybrid_rules,macro_predicate.net.policy_expands_effective_demand,0.00000000,1
2024-06-01,2024-06-30,month,hybrid_rules,macro_predicate.net.product_price_recovers,0.00000000,1
2024-06-01,2024-06-30,month,hybrid_rules,macro_predicate.net.raw_material_cost_pressure,0.00000000,1
2024-06-01,2024-06-30,month,hybrid_rules,source.share.announcement,0.00000000,1
2024-06-01,2024-06-30,month,hybrid_rules,source.share.ir_qa,0.00000000,1
2024-06-01,2024-06-30,month,hybrid_rules,source.share.news,0.00000000,1
2024-06-01,2024-06-30,month,hybrid_rules,source.share.policy,1.00000000,1
2024-06-01,2024-06-30,month,hybrid_rules,topic.share.battery,0.00000000,1
2024-06-01,2024-06-30,month,hybrid_rules,topic.share.grid,0.00000000,1
2024-06-01,2024-06-30,month,hybrid_rules,topic.share.photovoltaic,0.00000000,1
2024-06-01,2024-06-30,month,hybrid_rules,topic.share.storage,0.00000000,1
2024-06-01,2024-06-30,month,hybrid_rules,topic.share.wind,0.00000000,1
2024-07-01,2024-07-31,month,hybrid_rules,candidate.mean,0.49069800,1
2024-07-01,2024-07-31,month,hybrid_rules,candidate.p25,0.49069800,1
2024-07-01,2024-07-31,month,hybrid_rules,candidate.p50,0.49069800,1
2024-07-01,2024-07-31,month,hybrid_rules,candidate.p75,0.49069800,1
2024-07-01,2024-07-31,month,hybrid_rules,candidate.positive_share,1.00000000,1
2024-07-01,2024-07-31,month,hybrid_rules,candidate.std,0.00000000,1
2024-07-01,2024-07-31,month,hybrid_rules,coverage.ai_annotation_success_rate,1.00000000,1
2024-07-01,2024-07-31,month,hybrid_rules,coverage.document_count_log1p,0.69314718,1
2024-07-01,2024-07-31,month,hybrid_rules,coverage.event_count_log1p,1.94591015,1
2024-07-01,2024-07-31,month,hybrid_rules,coverage.independent_source_count_log1p,0.69314718,1
2024-07-01,2024-07-31,month,hybrid_rules,evidence.entity_confidence_mean,0.64000000,1
2024-07-01,2024-07-31,month,hybrid_rules,evidence.event_strength_mean,0.84000000,1
2024-07-01,2024-07-31,month,hybrid_rules,frozen_rule.supporting_document_share,1.00000000,1
2024-07-01,2024-07-31,month,hybrid_rules,frozen_rule.unique_rule_count_log1p,0.69314718,1
2024-07-01,2024-07-31,month,hybrid_rules,legacy_predicate.confidence.announcement_contains_uncertainty,0.78000000,1
2024-07-01,2024-07-31,month,hybrid_rules,legacy_predicate.confidence.capacity_policy_support,0.74000000,1
2024-07-01,2024-07-31,month,hybrid_rules,legacy_predicate.confidence.demand_side_policy,0.74000000,1
2024-07-01,2024-07-31,month,hybrid_rules,legacy_predicate.confidence.event_evidence_strength,0.92000000,1
2024-07-01,2024-07-31,month,hybrid_rules,legacy_predicate.confidence.event_has_short_term_price_impact,0.70000000,1
2024-07-01,2024-07-31,month,hybrid_rules,legacy_predicate.confidence.event_mentions_core_product,0.74000000,1
2024-07-01,2024-07-31,month,hybrid_rules,legacy_predicate.confidence.evidence_from_authoritative_source,0.94000000,1
2024-07-01,2024-07-31,month,hybrid_rules,legacy_predicate.confidence.has_policy_support,0.88000000,1
2024-07-01,2024-07-31,month,hybrid_rules,legacy_predicate.confidence.institutional_attention_increases,0.70000000,1
2024-07-01,2024-07-31,month,hybrid_rules,legacy_predicate.confidence.investor_questions_increase,0.82000000,1
2024-07-01,2024-07-31,month,hybrid_rules,legacy_predicate.confidence.management_response_vague,0.76000000,1
2024-07-01,2024-07-31,month,hybrid_rules,legacy_predicate.confidence.policy_attention_followup,0.70000000,1
2024-07-01,2024-07-31,month,hybrid_rules,legacy_predicate.confidence.policy_directly_related_to_business,0.78000000,1
2024-07-01,2024-07-31,month,hybrid_rules,legacy_predicate.confidence.risk_or_uncertainty_disclosure,0.86000000,1
2024-07-01,2024-07-31,month,hybrid_rules,legacy_predicate.confidence.social_attention_spikes,0.68000000,1
2024-07-01,2024-07-31,month,hybrid_rules,legacy_predicate.confidence.source_company_announcement,0.94000000,1
2024-07-01,2024-07-31,month,hybrid_rules,legacy_predicate.confidence.source_government_or_exchange,0.76000000,1
2024-07-01,2024-07-31,month,hybrid_rules,legacy_predicate.confidence.source_major_media,0.76000000,1
2024-07-01,2024-07-31,month,hybrid_rules,legacy_predicate.confidence.supply_side_policy,0.74000000,1
2024-07-01,2024-07-31,month,hybrid_rules,legacy_predicate.mean.announcement_contains_uncertainty,0.00000000,1
2024-07-01,2024-07-31,month,hybrid_rules,legacy_predicate.mean.capacity_policy_support,0.00000000,1
2024-07-01,2024-07-31,month,hybrid_rules,legacy_predicate.mean.demand_side_policy,0.00000000,1
2024-07-01,2024-07-31,month,hybrid_rules,legacy_predicate.mean.event_evidence_strength,0.88000000,1
2024-07-01,2024-07-31,month,hybrid_rules,legacy_predicate.mean.event_has_short_term_price_impact,0.64000000,1
2024-07-01,2024-07-31,month,hybrid_rules,legacy_predicate.mean.event_mentions_core_product,0.00000000,1
2024-07-01,2024-07-31,month,hybrid_rules,legacy_predicate.mean.evidence_from_authoritative_source,1.00000000,1
2024-07-01,2024-07-31,month,hybrid_rules,legacy_predicate.mean.has_policy_support,0.00000000,1
2024-07-01,2024-07-31,month,hybrid_rules,legacy_predicate.mean.institutional_attention_increases,0.00000000,1
2024-07-01,2024-07-31,month,hybrid_rules,legacy_predicate.mean.investor_questions_increase,0.00000000,1
2024-07-01,2024-07-31,month,hybrid_rules,legacy_predicate.mean.management_response_vague,0.00000000,1
2024-07-01,2024-07-31,month,hybrid_rules,legacy_predicate.mean.policy_attention_followup,0.00000000,1
2024-07-01,2024-07-31,month,hybrid_rules,legacy_predicate.mean.policy_directly_related_to_business,0.00000000,1
2024-07-01,2024-07-31,month,hybrid_rules,legacy_predicate.mean.risk_or_uncertainty_disclosure,1.00000000,1
2024-07-01,2024-07-31,month,hybrid_rules,legacy_predicate.mean.social_attention_spikes,0.00000000,1
2024-07-01,2024-07-31,month,hybrid_rules,legacy_predicate.mean.source_company_announcement,1.00000000,1
2024-07-01,2024-07-31,month,hybrid_rules,legacy_predicate.mean.source_government_or_exchange,0.00000000,1
2024-07-01,2024-07-31,month,hybrid_rules,legacy_predicate.mean.source_major_media,0.00000000,1
2024-07-01,2024-07-31,month,hybrid_rules,legacy_predicate.mean.supply_side_policy,0.00000000,1
2024-07-01,2024-07-31,month,hybrid_rules,macro_predicate.hit_rate.capacity_enters_production,0.00000000,1
2024-07-01,2024-07-31,month,hybrid_rules,macro_predicate.hit_rate.capacity_under_construction,0.00000000,1
2024-07-01,2024-07-31,month,hybrid_rules,macro_predicate.hit_rate.export_demand_improves,0.00000000,1
2024-07-01,2024-07-31,month,hybrid_rules,macro_predicate.hit_rate.financing_constraint_eases,0.00000000,1
2024-07-01,2024-07-31,month,hybrid_rules,macro_predicate.hit_rate.grid_investment_accelerates,0.00000000,1
2024-07-01,2024-07-31,month,hybrid_rules,macro_predicate.hit_rate.industry_competition_intensifies,0.00000000,1
2024-07-01,2024-07-31,month,hybrid_rules,macro_predicate.hit_rate.inventory_pressure_increases,0.00000000,1
2024-07-01,2024-07-31,month,hybrid_rules,macro_predicate.hit_rate.order_demand_improves,0.00000000,1
2024-07-01,2024-07-31,month,hybrid_rules,macro_predicate.hit_rate.policy_accelerates_project_implementation,1.00000000,1
2024-07-01,2024-07-31,month,hybrid_rules,macro_predicate.hit_rate.policy_expands_effective_demand,0.00000000,1
2024-07-01,2024-07-31,month,hybrid_rules,macro_predicate.hit_rate.product_price_recovers,0.00000000,1
2024-07-01,2024-07-31,month,hybrid_rules,macro_predicate.hit_rate.raw_material_cost_pressure,0.00000000,1
2024-07-01,2024-07-31,month,hybrid_rules,macro_predicate.net.capacity_enters_production,0.00000000,1
2024-07-01,2024-07-31,month,hybrid_rules,macro_predicate.net.capacity_under_construction,0.00000000,1
2024-07-01,2024-07-31,month,hybrid_rules,macro_predicate.net.export_demand_improves,0.00000000,1
2024-07-01,2024-07-31,month,hybrid_rules,macro_predicate.net.financing_constraint_eases,0.00000000,1
2024-07-01,2024-07-31,month,hybrid_rules,macro_predicate.net.grid_investment_accelerates,0.00000000,1
2024-07-01,2024-07-31,month,hybrid_rules,macro_predicate.net.industry_competition_intensifies,0.00000000,1
2024-07-01,2024-07-31,month,hybrid_rules,macro_predicate.net.inventory_pressure_increases,0.00000000,1
2024-07-01,2024-07-31,month,hybrid_rules,macro_predicate.net.order_demand_improves,0.00000000,1
2024-07-01,2024-07-31,month,hybrid_rules,macro_predicate.net.policy_accelerates_project_implementation,0.74600000,1
2024-07-01,2024-07-31,month,hybrid_rules,macro_predicate.net.policy_expands_effective_demand,0.00000000,1
2024-07-01,2024-07-31,month,hybrid_rules,macro_predicate.net.product_price_recovers,0.00000000,1
2024-07-01,2024-07-31,month,hybrid_rules,macro_predicate.net.raw_material_cost_pressure,0.00000000,1
2024-07-01,2024-07-31,month,hybrid_rules,source.share.announcement,0.00000000,1
2024-07-01,2024-07-31,month,hybrid_rules,source.share.ir_qa,0.00000000,1
2024-07-01,2024-07-31,month,hybrid_rules,source.share.news,0.00000000,1
2024-07-01,2024-07-31,month,hybrid_rules,source.share.policy,1.00000000,1
2024-07-01,2024-07-31,month,hybrid_rules,topic.share.battery,0.00000000,1
2024-07-01,2024-07-31,month,hybrid_rules,topic.share.grid,0.00000000,1
2024-07-01,2024-07-31,month,hybrid_rules,topic.share.photovoltaic,0.00000000,1
2024-07-01,2024-07-31,month,hybrid_rules,topic.share.storage,0.00000000,1
2024-07-01,2024-07-31,month,hybrid_rules,topic.share.wind,0.00000000,1
2024-08-01,2024-08-31,month,hybrid_rules,candidate.mean,0.00000000,4
2024-08-01,2024-08-31,month,hybrid_rules,candidate.p25,0.00000000,4
2024-08-01,2024-08-31,month,hybrid_rules,candidate.p50,0.00000000,4
2024-08-01,2024-08-31,month,hybrid_rules,candidate.p75,0.00000000,4
2024-08-01,2024-08-31,month,hybrid_rules,candidate.positive_share,0.00000000,4
2024-08-01,2024-08-31,month,hybrid_rules,candidate.std,0.00000000,4
2024-08-01,2024-08-31,month,hybrid_rules,coverage.ai_annotation_success_rate,1.00000000,4
2024-08-01,2024-08-31,month,hybrid_rules,coverage.document_count_log1p,1.60943791,4
2024-08-01,2024-08-31,month,hybrid_rules,coverage.event_count_log1p,3.21887582,4
2024-08-01,2024-08-31,month,hybrid_rules,coverage.independent_source_count_log1p,1.60943791,4
2024-08-01,2024-08-31,month,hybrid_rules,evidence.entity_confidence_mean,0.66142857,4
2024-08-01,2024-08-31,month,hybrid_rules,evidence.event_strength_mean,0.83000000,4
2024-08-01,2024-08-31,month,hybrid_rules,frozen_rule.supporting_document_share,0.00000000,4
2024-08-01,2024-08-31,month,hybrid_rules,frozen_rule.unique_rule_count_log1p,0.00000000,4
2024-08-01,2024-08-31,month,hybrid_rules,legacy_predicate.confidence.announcement_contains_uncertainty,0.78000000,4
2024-08-01,2024-08-31,month,hybrid_rules,legacy_predicate.confidence.capacity_policy_support,0.74000000,4
2024-08-01,2024-08-31,month,hybrid_rules,legacy_predicate.confidence.demand_side_policy,0.74000000,4
2024-08-01,2024-08-31,month,hybrid_rules,legacy_predicate.confidence.event_evidence_strength,0.92000000,4
2024-08-01,2024-08-31,month,hybrid_rules,legacy_predicate.confidence.event_has_short_term_price_impact,0.70000000,4
2024-08-01,2024-08-31,month,hybrid_rules,legacy_predicate.confidence.event_mentions_core_product,0.88000000,4
2024-08-01,2024-08-31,month,hybrid_rules,legacy_predicate.confidence.evidence_from_authoritative_source,0.72000000,4
2024-08-01,2024-08-31,month,hybrid_rules,legacy_predicate.confidence.has_policy_support,0.88000000,4
2024-08-01,2024-08-31,month,hybrid_rules,legacy_predicate.confidence.institutional_attention_increases,0.70000000,4
2024-08-01,2024-08-31,month,hybrid_rules,legacy_predicate.confidence.investor_questions_increase,0.82000000,4
2024-08-01,2024-08-31,month,hybrid_rules,legacy_predicate.confidence.management_response_vague,0.76000000,4
2024-08-01,2024-08-31,month,hybrid_rules,legacy_predicate.confidence.policy_attention_followup,0.84000000,4
2024-08-01,2024-08-31,month,hybrid_rules,legacy_predicate.confidence.policy_directly_related_to_business,0.78000000,4
2024-08-01,2024-08-31,month,hybrid_rules,legacy_predicate.confidence.risk_or_uncertainty_disclosure,0.78000000,4
2024-08-01,2024-08-31,month,hybrid_rules,legacy_predicate.confidence.social_attention_spikes,0.68000000,4
2024-08-01,2024-08-31,month,hybrid_rules,legacy_predicate.confidence.source_company_announcement,0.78000000,4
2024-08-01,2024-08-31,month,hybrid_rules,legacy_predicate.confidence.source_government_or_exchange,0.76000000,4
2024-08-01,2024-08-31,month,hybrid_rules,legacy_predicate.confidence.source_major_media,0.76000000,4
2024-08-01,2024-08-31,month,hybrid_rules,legacy_predicate.confidence.supply_side_policy,0.74000000,4
2024-08-01,2024-08-31,month,hybrid_rules,legacy_predicate.mean.announcement_contains_uncertainty,0.00000000,4
2024-08-01,2024-08-31,month,hybrid_rules,legacy_predicate.mean.capacity_policy_support,0.00000000,4
2024-08-01,2024-08-31,month,hybrid_rules,legacy_predicate.mean.demand_side_policy,0.00000000,4
2024-08-01,2024-08-31,month,hybrid_rules,legacy_predicate.mean.event_evidence_strength,0.76000000,4
2024-08-01,2024-08-31,month,hybrid_rules,legacy_predicate.mean.event_has_short_term_price_impact,0.68000000,4
2024-08-01,2024-08-31,month,hybrid_rules,legacy_predicate.mean.event_mentions_core_product,1.00000000,4
2024-08-01,2024-08-31,month,hybrid_rules,legacy_predicate.mean.evidence_from_authoritative_source,0.00000000,4
2024-08-01,2024-08-31,month,hybrid_rules,legacy_predicate.mean.has_policy_support,0.00000000,4
2024-08-01,2024-08-31,month,hybrid_rules,legacy_predicate.mean.institutional_attention_increases,0.00000000,4
2024-08-01,2024-08-31,month,hybrid_rules,legacy_predicate.mean.investor_questions_increase,0.00000000,4
2024-08-01,2024-08-31,month,hybrid_rules,legacy_predicate.mean.management_response_vague,0.00000000,4
2024-08-01,2024-08-31,month,hybrid_rules,legacy_predicate.mean.policy_attention_followup,1.00000000,4
2024-08-01,2024-08-31,month,hybrid_rules,legacy_predicate.mean.policy_directly_related_to_business,0.00000000,4
2024-08-01,2024-08-31,month,hybrid_rules,legacy_predicate.mean.risk_or_uncertainty_disclosure,0.00000000,4
2024-08-01,2024-08-31,month,hybrid_rules,legacy_predicate.mean.social_attention_spikes,0.00000000,4
2024-08-01,2024-08-31,month,hybrid_rules,legacy_predicate.mean.source_company_announcement,0.00000000,4
2024-08-01,2024-08-31,month,hybrid_rules,legacy_predicate.mean.source_government_or_exchange,0.00000000,4
2024-08-01,2024-08-31,month,hybrid_rules,legacy_predicate.mean.source_major_media,0.00000000,4
2024-08-01,2024-08-31,month,hybrid_rules,legacy_predicate.mean.supply_side_policy,0.00000000,4
2024-08-01,2024-08-31,month,hybrid_rules,macro_predicate.hit_rate.capacity_enters_production,0.00000000,4
2024-08-01,2024-08-31,month,hybrid_rules,macro_predicate.hit_rate.capacity_under_construction,0.00000000,4
2024-08-01,2024-08-31,month,hybrid_rules,macro_predicate.hit_rate.export_demand_improves,0.25000000,4
2024-08-01,2024-08-31,month,hybrid_rules,macro_predicate.hit_rate.financing_constraint_eases,0.00000000,4
2024-08-01,2024-08-31,month,hybrid_rules,macro_predicate.hit_rate.grid_investment_accelerates,0.25000000,4
2024-08-01,2024-08-31,month,hybrid_rules,macro_predicate.hit_rate.industry_competition_intensifies,0.00000000,4
2024-08-01,2024-08-31,month,hybrid_rules,macro_predicate.hit_rate.inventory_pressure_increases,0.00000000,4
2024-08-01,2024-08-31,month,hybrid_rules,macro_predicate.hit_rate.order_demand_improves,0.00000000,4
2024-08-01,2024-08-31,month,hybrid_rules,macro_predicate.hit_rate.policy_accelerates_project_implementation,0.25000000,4
2024-08-01,2024-08-31,month,hybrid_rules,macro_predicate.hit_rate.policy_expands_effective_demand,0.25000000,4
2024-08-01,2024-08-31,month,hybrid_rules,macro_predicate.hit_rate.product_price_recovers,0.00000000,4
2024-08-01,2024-08-31,month,hybrid_rules,macro_predicate.hit_rate.raw_material_cost_pressure,0.00000000,4
2024-08-01,2024-08-31,month,hybrid_rules,macro_predicate.net.capacity_enters_production,0.00000000,4
2024-08-01,2024-08-31,month,hybrid_rules,macro_predicate.net.capacity_under_construction,0.00000000,4
2024-08-01,2024-08-31,month,hybrid_rules,macro_predicate.net.export_demand_improves,0.14175000,4
2024-08-01,2024-08-31,month,hybrid_rules,macro_predicate.net.financing_constraint_eases,0.00000000,4
2024-08-01,2024-08-31,month,hybrid_rules,macro_predicate.net.grid_investment_accelerates,0.07000000,4
2024-08-01,2024-08-31,month,hybrid_rules,macro_predicate.net.industry_competition_intensifies,0.00000000,4
2024-08-01,2024-08-31,month,hybrid_rules,macro_predicate.net.inventory_pressure_increases,0.00000000,4
2024-08-01,2024-08-31,month,hybrid_rules,macro_predicate.net.order_demand_improves,0.00000000,4
2024-08-01,2024-08-31,month,hybrid_rules,macro_predicate.net.policy_accelerates_project_implementation,0.04375000,4
2024-08-01,2024-08-31,month,hybrid_rules,macro_predicate.net.policy_expands_effective_demand,0.05250000,4
2024-08-01,2024-08-31,month,hybrid_rules,macro_predicate.net.product_price_recovers,0.00000000,4
2024-08-01,2024-08-31,month,hybrid_rules,macro_predicate.net.raw_material_cost_pressure,0.00000000,4
2024-08-01,2024-08-31,month,hybrid_rules,source.share.announcement,0.00000000,4
2024-08-01,2024-08-31,month,hybrid_rules,source.share.ir_qa,0.00000000,4
2024-08-01,2024-08-31,month,hybrid_rules,source.share.news,0.50000000,4
2024-08-01,2024-08-31,month,hybrid_rules,source.share.policy,0.50000000,4
2024-08-01,2024-08-31,month,hybrid_rules,topic.share.battery,0.25000000,4
2024-08-01,2024-08-31,month,hybrid_rules,topic.share.grid,0.25000000,4
2024-08-01,2024-08-31,month,hybrid_rules,topic.share.photovoltaic,0.00000000,4
2024-08-01,2024-08-31,month,hybrid_rules,topic.share.storage,0.25000000,4
2024-08-01,2024-08-31,month,hybrid_rules,topic.share.wind,0.00000000,4
2024-09-01,2024-09-30,month,hybrid_rules,candidate.mean,0.00000000,1
2024-09-01,2024-09-30,month,hybrid_rules,candidate.p25,0.00000000,1
2024-09-01,2024-09-30,month,hybrid_rules,candidate.p50,0.00000000,1
2024-09-01,2024-09-30,month,hybrid_rules,candidate.p75,0.00000000,1
2024-09-01,2024-09-30,month,hybrid_rules,candidate.positive_share,0.00000000,1
2024-09-01,2024-09-30,month,hybrid_rules,candidate.std,0.00000000,1
2024-09-01,2024-09-30,month,hybrid_rules,coverage.ai_annotation_success_rate,1.00000000,1
2024-09-01,2024-09-30,month,hybrid_rules,coverage.document_count_log1p,0.69314718,1
2024-09-01,2024-09-30,month,hybrid_rules,coverage.event_count_log1p,0.00000000,1
2024-09-01,2024-09-30,month,hybrid_rules,coverage.independent_source_count_log1p,0.69314718,1
2024-09-01,2024-09-30,month,hybrid_rules,evidence.entity_confidence_mean,0.64000000,1
2024-09-01,2024-09-30,month,hybrid_rules,evidence.event_strength_mean,0.00000000,1
2024-09-01,2024-09-30,month,hybrid_rules,frozen_rule.supporting_document_share,0.00000000,1
2024-09-01,2024-09-30,month,hybrid_rules,frozen_rule.unique_rule_count_log1p,0.00000000,1
2024-09-01,2024-09-30,month,hybrid_rules,macro_predicate.hit_rate.capacity_enters_production,0.00000000,1
2024-09-01,2024-09-30,month,hybrid_rules,macro_predicate.hit_rate.capacity_under_construction,0.00000000,1
2024-09-01,2024-09-30,month,hybrid_rules,macro_predicate.hit_rate.export_demand_improves,0.00000000,1
2024-09-01,2024-09-30,month,hybrid_rules,macro_predicate.hit_rate.financing_constraint_eases,0.00000000,1
2024-09-01,2024-09-30,month,hybrid_rules,macro_predicate.hit_rate.grid_investment_accelerates,0.00000000,1
2024-09-01,2024-09-30,month,hybrid_rules,macro_predicate.hit_rate.industry_competition_intensifies,0.00000000,1
2024-09-01,2024-09-30,month,hybrid_rules,macro_predicate.hit_rate.inventory_pressure_increases,0.00000000,1
2024-09-01,2024-09-30,month,hybrid_rules,macro_predicate.hit_rate.order_demand_improves,0.00000000,1
2024-09-01,2024-09-30,month,hybrid_rules,macro_predicate.hit_rate.policy_accelerates_project_implementation,0.00000000,1
2024-09-01,2024-09-30,month,hybrid_rules,macro_predicate.hit_rate.policy_expands_effective_demand,0.00000000,1
2024-09-01,2024-09-30,month,hybrid_rules,macro_predicate.hit_rate.product_price_recovers,0.00000000,1
2024-09-01,2024-09-30,month,hybrid_rules,macro_predicate.hit_rate.raw_material_cost_pressure,0.00000000,1
2024-09-01,2024-09-30,month,hybrid_rules,macro_predicate.net.capacity_enters_production,0.00000000,1
2024-09-01,2024-09-30,month,hybrid_rules,macro_predicate.net.capacity_under_construction,0.00000000,1
2024-09-01,2024-09-30,month,hybrid_rules,macro_predicate.net.export_demand_improves,0.00000000,1
2024-09-01,2024-09-30,month,hybrid_rules,macro_predicate.net.financing_constraint_eases,0.00000000,1
2024-09-01,2024-09-30,month,hybrid_rules,macro_predicate.net.grid_investment_accelerates,0.00000000,1
2024-09-01,2024-09-30,month,hybrid_rules,macro_predicate.net.industry_competition_intensifies,0.00000000,1
2024-09-01,2024-09-30,month,hybrid_rules,macro_predicate.net.inventory_pressure_increases,0.00000000,1
2024-09-01,2024-09-30,month,hybrid_rules,macro_predicate.net.order_demand_improves,0.00000000,1
2024-09-01,2024-09-30,month,hybrid_rules,macro_predicate.net.policy_accelerates_project_implementation,0.00000000,1
2024-09-01,2024-09-30,month,hybrid_rules,macro_predicate.net.policy_expands_effective_demand,0.00000000,1
2024-09-01,2024-09-30,month,hybrid_rules,macro_predicate.net.product_price_recovers,0.00000000,1
2024-09-01,2024-09-30,month,hybrid_rules,macro_predicate.net.raw_material_cost_pressure,0.00000000,1
2024-09-01,2024-09-30,month,hybrid_rules,source.share.announcement,0.00000000,1
2024-09-01,2024-09-30,month,hybrid_rules,source.share.ir_qa,0.00000000,1
2024-09-01,2024-09-30,month,hybrid_rules,source.share.news,0.00000000,1
2024-09-01,2024-09-30,month,hybrid_rules,source.share.policy,1.00000000,1
2024-09-01,2024-09-30,month,hybrid_rules,topic.share.battery,0.00000000,1
2024-09-01,2024-09-30,month,hybrid_rules,topic.share.grid,0.00000000,1
2024-09-01,2024-09-30,month,hybrid_rules,topic.share.photovoltaic,0.00000000,1
2024-09-01,2024-09-30,month,hybrid_rules,topic.share.storage,0.00000000,1
2024-09-01,2024-09-30,month,hybrid_rules,topic.share.wind,0.00000000,1
2024-10-01,2024-10-31,month,hybrid_rules,candidate.mean,0.00000000,1
2024-10-01,2024-10-31,month,hybrid_rules,candidate.p25,0.00000000,1
2024-10-01,2024-10-31,month,hybrid_rules,candidate.p50,0.00000000,1
2024-10-01,2024-10-31,month,hybrid_rules,candidate.p75,0.00000000,1
2024-10-01,2024-10-31,month,hybrid_rules,candidate.positive_share,0.00000000,1
2024-10-01,2024-10-31,month,hybrid_rules,candidate.std,0.00000000,1
2024-10-01,2024-10-31,month,hybrid_rules,coverage.ai_annotation_success_rate,1.00000000,1
2024-10-01,2024-10-31,month,hybrid_rules,coverage.document_count_log1p,0.69314718,1
2024-10-01,2024-10-31,month,hybrid_rules,coverage.event_count_log1p,0.00000000,1
2024-10-01,2024-10-31,month,hybrid_rules,coverage.independent_source_count_log1p,0.69314718,1
2024-10-01,2024-10-31,month,hybrid_rules,evidence.entity_confidence_mean,0.58000000,1
2024-10-01,2024-10-31,month,hybrid_rules,evidence.event_strength_mean,0.00000000,1
2024-10-01,2024-10-31,month,hybrid_rules,frozen_rule.supporting_document_share,0.00000000,1
2024-10-01,2024-10-31,month,hybrid_rules,frozen_rule.unique_rule_count_log1p,0.00000000,1
2024-10-01,2024-10-31,month,hybrid_rules,macro_predicate.hit_rate.capacity_enters_production,0.00000000,1
2024-10-01,2024-10-31,month,hybrid_rules,macro_predicate.hit_rate.capacity_under_construction,0.00000000,1
2024-10-01,2024-10-31,month,hybrid_rules,macro_predicate.hit_rate.export_demand_improves,0.00000000,1
2024-10-01,2024-10-31,month,hybrid_rules,macro_predicate.hit_rate.financing_constraint_eases,0.00000000,1
2024-10-01,2024-10-31,month,hybrid_rules,macro_predicate.hit_rate.grid_investment_accelerates,0.00000000,1
2024-10-01,2024-10-31,month,hybrid_rules,macro_predicate.hit_rate.industry_competition_intensifies,0.00000000,1
2024-10-01,2024-10-31,month,hybrid_rules,macro_predicate.hit_rate.inventory_pressure_increases,0.00000000,1
2024-10-01,2024-10-31,month,hybrid_rules,macro_predicate.hit_rate.order_demand_improves,0.00000000,1
2024-10-01,2024-10-31,month,hybrid_rules,macro_predicate.hit_rate.policy_accelerates_project_implementation,0.00000000,1
2024-10-01,2024-10-31,month,hybrid_rules,macro_predicate.hit_rate.policy_expands_effective_demand,0.00000000,1
2024-10-01,2024-10-31,month,hybrid_rules,macro_predicate.hit_rate.product_price_recovers,0.00000000,1
2024-10-01,2024-10-31,month,hybrid_rules,macro_predicate.hit_rate.raw_material_cost_pressure,0.00000000,1
2024-10-01,2024-10-31,month,hybrid_rules,macro_predicate.net.capacity_enters_production,0.00000000,1
2024-10-01,2024-10-31,month,hybrid_rules,macro_predicate.net.capacity_under_construction,0.00000000,1
2024-10-01,2024-10-31,month,hybrid_rules,macro_predicate.net.export_demand_improves,0.00000000,1
2024-10-01,2024-10-31,month,hybrid_rules,macro_predicate.net.financing_constraint_eases,0.00000000,1
2024-10-01,2024-10-31,month,hybrid_rules,macro_predicate.net.grid_investment_accelerates,0.00000000,1
2024-10-01,2024-10-31,month,hybrid_rules,macro_predicate.net.industry_competition_intensifies,0.00000000,1
2024-10-01,2024-10-31,month,hybrid_rules,macro_predicate.net.inventory_pressure_increases,0.00000000,1
2024-10-01,2024-10-31,month,hybrid_rules,macro_predicate.net.order_demand_improves,0.00000000,1
2024-10-01,2024-10-31,month,hybrid_rules,macro_predicate.net.policy_accelerates_project_implementation,0.00000000,1
2024-10-01,2024-10-31,month,hybrid_rules,macro_predicate.net.policy_expands_effective_demand,0.00000000,1
2024-10-01,2024-10-31,month,hybrid_rules,macro_predicate.net.product_price_recovers,0.00000000,1
2024-10-01,2024-10-31,month,hybrid_rules,macro_predicate.net.raw_material_cost_pressure,0.00000000,1
2024-10-01,2024-10-31,month,hybrid_rules,source.share.announcement,0.00000000,1
2024-10-01,2024-10-31,month,hybrid_rules,source.share.ir_qa,0.00000000,1
2024-10-01,2024-10-31,month,hybrid_rules,source.share.news,1.00000000,1
2024-10-01,2024-10-31,month,hybrid_rules,source.share.policy,0.00000000,1
2024-10-01,2024-10-31,month,hybrid_rules,topic.share.battery,0.00000000,1
2024-10-01,2024-10-31,month,hybrid_rules,topic.share.grid,0.00000000,1
2024-10-01,2024-10-31,month,hybrid_rules,topic.share.photovoltaic,0.00000000,1
2024-10-01,2024-10-31,month,hybrid_rules,topic.share.storage,0.00000000,1
2024-10-01,2024-10-31,month,hybrid_rules,topic.share.wind,0.00000000,1
2024-11-01,2024-11-30,month,hybrid_rules,candidate.mean,0.00000000,2
2024-11-01,2024-11-30,month,hybrid_rules,candidate.p25,0.00000000,2
2024-11-01,2024-11-30,month,hybrid_rules,candidate.p50,0.00000000,2
2024-11-01,2024-11-30,month,hybrid_rules,candidate.p75,0.00000000,2
2024-11-01,2024-11-30,month,hybrid_rules,candidate.positive_share,0.00000000,2
2024-11-01,2024-11-30,month,hybrid_rules,candidate.std,0.00000000,2
2024-11-01,2024-11-30,month,hybrid_rules,coverage.ai_annotation_success_rate,1.00000000,2
2024-11-01,2024-11-30,month,hybrid_rules,coverage.document_count_log1p,1.09861229,2
2024-11-01,2024-11-30,month,hybrid_rules,coverage.event_count_log1p,1.94591015,2
2024-11-01,2024-11-30,month,hybrid_rules,coverage.independent_source_count_log1p,1.09861229,2
2024-11-01,2024-11-30,month,hybrid_rules,evidence.entity_confidence_mean,0.74000000,2
2024-11-01,2024-11-30,month,hybrid_rules,evidence.event_strength_mean,0.78000000,2
2024-11-01,2024-11-30,month,hybrid_rules,frozen_rule.supporting_document_share,0.00000000,2
2024-11-01,2024-11-30,month,hybrid_rules,frozen_rule.unique_rule_count_log1p,0.00000000,2
2024-11-01,2024-11-30,month,hybrid_rules,macro_predicate.hit_rate.capacity_enters_production,0.00000000,2
2024-11-01,2024-11-30,month,hybrid_rules,macro_predicate.hit_rate.capacity_under_construction,0.00000000,2
2024-11-01,2024-11-30,month,hybrid_rules,macro_predicate.hit_rate.export_demand_improves,0.00000000,2
2024-11-01,2024-11-30,month,hybrid_rules,macro_predicate.hit_rate.financing_constraint_eases,0.00000000,2
2024-11-01,2024-11-30,month,hybrid_rules,macro_predicate.hit_rate.grid_investment_accelerates,0.00000000,2
2024-11-01,2024-11-30,month,hybrid_rules,macro_predicate.hit_rate.industry_competition_intensifies,0.00000000,2
2024-11-01,2024-11-30,month,hybrid_rules,macro_predicate.hit_rate.inventory_pressure_increases,0.00000000,2
2024-11-01,2024-11-30,month,hybrid_rules,macro_predicate.hit_rate.order_demand_improves,0.00000000,2
2024-11-01,2024-11-30,month,hybrid_rules,macro_predicate.hit_rate.policy_accelerates_project_implementation,0.00000000,2
2024-11-01,2024-11-30,month,hybrid_rules,macro_predicate.hit_rate.policy_expands_effective_demand,0.00000000,2
2024-11-01,2024-11-30,month,hybrid_rules,macro_predicate.hit_rate.product_price_recovers,0.00000000,2
2024-11-01,2024-11-30,month,hybrid_rules,macro_predicate.hit_rate.raw_material_cost_pressure,0.00000000,2
2024-11-01,2024-11-30,month,hybrid_rules,macro_predicate.net.capacity_enters_production,0.00000000,2
2024-11-01,2024-11-30,month,hybrid_rules,macro_predicate.net.capacity_under_construction,0.00000000,2
2024-11-01,2024-11-30,month,hybrid_rules,macro_predicate.net.export_demand_improves,0.00000000,2
2024-11-01,2024-11-30,month,hybrid_rules,macro_predicate.net.financing_constraint_eases,0.00000000,2
2024-11-01,2024-11-30,month,hybrid_rules,macro_predicate.net.grid_investment_accelerates,0.00000000,2
2024-11-01,2024-11-30,month,hybrid_rules,macro_predicate.net.industry_competition_intensifies,0.00000000,2
2024-11-01,2024-11-30,month,hybrid_rules,macro_predicate.net.inventory_pressure_increases,0.00000000,2
2024-11-01,2024-11-30,month,hybrid_rules,macro_predicate.net.order_demand_improves,0.00000000,2
2024-11-01,2024-11-30,month,hybrid_rules,macro_predicate.net.policy_accelerates_project_implementation,0.00000000,2
2024-11-01,2024-11-30,month,hybrid_rules,macro_predicate.net.policy_expands_effective_demand,0.00000000,2
2024-11-01,2024-11-30,month,hybrid_rules,macro_predicate.net.product_price_recovers,0.00000000,2
2024-11-01,2024-11-30,month,hybrid_rules,macro_predicate.net.raw_material_cost_pressure,0.00000000,2
2024-11-01,2024-11-30,month,hybrid_rules,source.share.announcement,0.00000000,2
2024-11-01,2024-11-30,month,hybrid_rules,source.share.ir_qa,0.00000000,2
2024-11-01,2024-11-30,month,hybrid_rules,source.share.news,0.50000000,2
2024-11-01,2024-11-30,month,hybrid_rules,source.share.policy,0.50000000,2
2024-11-01,2024-11-30,month,hybrid_rules,topic.share.battery,0.00000000,2
2024-11-01,2024-11-30,month,hybrid_rules,topic.share.grid,0.00000000,2
2024-11-01,2024-11-30,month,hybrid_rules,topic.share.photovoltaic,1.00000000,2
2024-11-01,2024-11-30,month,hybrid_rules,topic.share.storage,0.00000000,2
2024-11-01,2024-11-30,month,hybrid_rules,topic.share.wind,0.00000000,2
2024-12-01,2024-12-31,month,hybrid_rules,candidate.mean,0.00000000,3
2024-12-01,2024-12-31,month,hybrid_rules,candidate.p25,0.00000000,3
2024-12-01,2024-12-31,month,hybrid_rules,candidate.p50,0.00000000,3
2024-12-01,2024-12-31,month,hybrid_rules,candidate.p75,0.00000000,3
2024-12-01,2024-12-31,month,hybrid_rules,candidate.positive_share,0.00000000,3
2024-12-01,2024-12-31,month,hybrid_rules,candidate.std,0.00000000,3
2024-12-01,2024-12-31,month,hybrid_rules,coverage.ai_annotation_success_rate,1.00000000,3
2024-12-01,2024-12-31,month,hybrid_rules,coverage.document_count_log1p,1.38629436,3
2024-12-01,2024-12-31,month,hybrid_rules,coverage.event_count_log1p,1.94591015,3
2024-12-01,2024-12-31,month,hybrid_rules,coverage.independent_source_count_log1p,1.38629436,3
2024-12-01,2024-12-31,month,hybrid_rules,evidence.entity_confidence_mean,0.73040000,3
2024-12-01,2024-12-31,month,hybrid_rules,evidence.event_strength_mean,0.84000000,3
2024-12-01,2024-12-31,month,hybrid_rules,frozen_rule.supporting_document_share,0.00000000,3
2024-12-01,2024-12-31,month,hybrid_rules,frozen_rule.unique_rule_count_log1p,0.00000000,3
2024-12-01,2024-12-31,month,hybrid_rules,macro_predicate.hit_rate.capacity_enters_production,0.00000000,3
2024-12-01,2024-12-31,month,hybrid_rules,macro_predicate.hit_rate.capacity_under_construction,0.00000000,3
2024-12-01,2024-12-31,month,hybrid_rules,macro_predicate.hit_rate.export_demand_improves,0.00000000,3
2024-12-01,2024-12-31,month,hybrid_rules,macro_predicate.hit_rate.financing_constraint_eases,0.00000000,3
2024-12-01,2024-12-31,month,hybrid_rules,macro_predicate.hit_rate.grid_investment_accelerates,0.33333333,3
2024-12-01,2024-12-31,month,hybrid_rules,macro_predicate.hit_rate.industry_competition_intensifies,0.00000000,3
2024-12-01,2024-12-31,month,hybrid_rules,macro_predicate.hit_rate.inventory_pressure_increases,0.00000000,3
2024-12-01,2024-12-31,month,hybrid_rules,macro_predicate.hit_rate.order_demand_improves,0.33333333,3
2024-12-01,2024-12-31,month,hybrid_rules,macro_predicate.hit_rate.policy_accelerates_project_implementation,0.33333333,3
2024-12-01,2024-12-31,month,hybrid_rules,macro_predicate.hit_rate.policy_expands_effective_demand,0.00000000,3
2024-12-01,2024-12-31,month,hybrid_rules,macro_predicate.hit_rate.product_price_recovers,0.00000000,3
2024-12-01,2024-12-31,month,hybrid_rules,macro_predicate.hit_rate.raw_material_cost_pressure,0.00000000,3
2024-12-01,2024-12-31,month,hybrid_rules,macro_predicate.net.capacity_enters_production,0.00000000,3
2024-12-01,2024-12-31,month,hybrid_rules,macro_predicate.net.capacity_under_construction,0.00000000,3
2024-12-01,2024-12-31,month,hybrid_rules,macro_predicate.net.export_demand_improves,0.00000000,3
2024-12-01,2024-12-31,month,hybrid_rules,macro_predicate.net.financing_constraint_eases,0.00000000,3
2024-12-01,2024-12-31,month,hybrid_rules,macro_predicate.net.grid_investment_accelerates,0.24866667,3
2024-12-01,2024-12-31,month,hybrid_rules,macro_predicate.net.industry_competition_intensifies,0.00000000,3
2024-12-01,2024-12-31,month,hybrid_rules,macro_predicate.net.inventory_pressure_increases,0.00000000,3
2024-12-01,2024-12-31,month,hybrid_rules,macro_predicate.net.order_demand_improves,0.07000000,3
2024-12-01,2024-12-31,month,hybrid_rules,macro_predicate.net.policy_accelerates_project_implementation,0.21758333,3
2024-12-01,2024-12-31,month,hybrid_rules,macro_predicate.net.policy_expands_effective_demand,0.00000000,3
2024-12-01,2024-12-31,month,hybrid_rules,macro_predicate.net.product_price_recovers,0.00000000,3
2024-12-01,2024-12-31,month,hybrid_rules,macro_predicate.net.raw_material_cost_pressure,0.00000000,3
2024-12-01,2024-12-31,month,hybrid_rules,source.share.announcement,0.00000000,3
2024-12-01,2024-12-31,month,hybrid_rules,source.share.ir_qa,0.00000000,3
2024-12-01,2024-12-31,month,hybrid_rules,source.share.news,0.33333333,3
2024-12-01,2024-12-31,month,hybrid_rules,source.share.policy,0.66666667,3
2024-12-01,2024-12-31,month,hybrid_rules,topic.share.battery,0.33333333,3
2024-12-01,2024-12-31,month,hybrid_rules,topic.share.grid,0.33333333,3
2024-12-01,2024-12-31,month,hybrid_rules,topic.share.photovoltaic,0.00000000,3
2024-12-01,2024-12-31,month,hybrid_rules,topic.share.storage,0.33333333,3
2024-12-01,2024-12-31,month,hybrid_rules,topic.share.wind,0.00000000,3
2025-01-01,2025-02-28,jan_feb_combined,hybrid_rules,candidate.mean,1.15308800,10
2025-01-01,2025-02-28,jan_feb_combined,hybrid_rules,candidate.p25,1.15308800,10
2025-01-01,2025-02-28,jan_feb_combined,hybrid_rules,candidate.p50,1.15308800,10
2025-01-01,2025-02-28,jan_feb_combined,hybrid_rules,candidate.p75,1.15308800,10
2025-01-01,2025-02-28,jan_feb_combined,hybrid_rules,candidate.positive_share,1.00000000,10
2025-01-01,2025-02-28,jan_feb_combined,hybrid_rules,candidate.std,0.00000000,10
2025-01-01,2025-02-28,jan_feb_combined,hybrid_rules,coverage.ai_annotation_success_rate,0.90000000,10
2025-01-01,2025-02-28,jan_feb_combined,hybrid_rules,coverage.document_count_log1p,2.39789527,10
2025-01-01,2025-02-28,jan_feb_combined,hybrid_rules,coverage.event_count_log1p,3.58351894,10
2025-01-01,2025-02-28,jan_feb_combined,hybrid_rules,coverage.independent_source_count_log1p,2.39789527,10
2025-01-01,2025-02-28,jan_feb_combined,hybrid_rules,evidence.entity_confidence_mean,0.67964912,10
2025-01-01,2025-02-28,jan_feb_combined,hybrid_rules,evidence.event_strength_mean,0.79457143,10
2025-01-01,2025-02-28,jan_feb_combined,hybrid_rules,frozen_rule.supporting_document_share,0.10000000,10
2025-01-01,2025-02-28,jan_feb_combined,hybrid_rules,frozen_rule.unique_rule_count_log1p,1.09861229,10
2025-01-01,2025-02-28,jan_feb_combined,hybrid_rules,legacy_predicate.confidence.announcement_contains_uncertainty,0.78000000,10
2025-01-01,2025-02-28,jan_feb_combined,hybrid_rules,legacy_predicate.confidence.capacity_policy_support,0.74000000,10
2025-01-01,2025-02-28,jan_feb_combined,hybrid_rules,legacy_predicate.confidence.demand_side_policy,0.74000000,10
2025-01-01,2025-02-28,jan_feb_combined,hybrid_rules,legacy_predicate.confidence.event_evidence_strength,0.92000000,10
2025-01-01,2025-02-28,jan_feb_combined,hybrid_rules,legacy_predicate.confidence.event_has_short_term_price_impact,0.70000000,10
2025-01-01,2025-02-28,jan_feb_combined,hybrid_rules,legacy_predicate.confidence.event_mentions_core_product,0.88000000,10
2025-01-01,2025-02-28,jan_feb_combined,hybrid_rules,legacy_predicate.confidence.evidence_from_authoritative_source,0.83000000,10
2025-01-01,2025-02-28,jan_feb_combined,hybrid_rules,legacy_predicate.confidence.has_policy_support,0.92000000,10
2025-01-01,2025-02-28,jan_feb_combined,hybrid_rules,legacy_predicate.confidence.institutional_attention_increases,0.70000000,10
2025-01-01,2025-02-28,jan_feb_combined,hybrid_rules,legacy_predicate.confidence.investor_questions_increase,0.82000000,10
2025-01-01,2025-02-28,jan_feb_combined,hybrid_rules,legacy_predicate.confidence.management_response_vague,0.76000000,10
2025-01-01,2025-02-28,jan_feb_combined,hybrid_rules,legacy_predicate.confidence.policy_attention_followup,0.84000000,10
2025-01-01,2025-02-28,jan_feb_combined,hybrid_rules,legacy_predicate.confidence.policy_directly_related_to_business,0.84000000,10
2025-01-01,2025-02-28,jan_feb_combined,hybrid_rules,legacy_predicate.confidence.risk_or_uncertainty_disclosure,0.78000000,10
2025-01-01,2025-02-28,jan_feb_combined,hybrid_rules,legacy_predicate.confidence.social_attention_spikes,0.68000000,10
2025-01-01,2025-02-28,jan_feb_combined,hybrid_rules,legacy_predicate.confidence.source_company_announcement,0.78000000,10
2025-01-01,2025-02-28,jan_feb_combined,hybrid_rules,legacy_predicate.confidence.source_government_or_exchange,0.85500000,10
2025-01-01,2025-02-28,jan_feb_combined,hybrid_rules,legacy_predicate.confidence.source_major_media,0.76000000,10
2025-01-01,2025-02-28,jan_feb_combined,hybrid_rules,legacy_predicate.confidence.supply_side_policy,0.74000000,10
2025-01-01,2025-02-28,jan_feb_combined,hybrid_rules,legacy_predicate.mean.announcement_contains_uncertainty,0.00000000,10
2025-01-01,2025-02-28,jan_feb_combined,hybrid_rules,legacy_predicate.mean.capacity_policy_support,0.00000000,10
2025-01-01,2025-02-28,jan_feb_combined,hybrid_rules,legacy_predicate.mean.demand_side_policy,0.00000000,10
2025-01-01,2025-02-28,jan_feb_combined,hybrid_rules,legacy_predicate.mean.event_evidence_strength,0.85000000,10
2025-01-01,2025-02-28,jan_feb_combined,hybrid_rules,legacy_predicate.mean.event_has_short_term_price_impact,0.73000000,10
2025-01-01,2025-02-28,jan_feb_combined,hybrid_rules,legacy_predicate.mean.event_mentions_core_product,1.00000000,10
2025-01-01,2025-02-28,jan_feb_combined,hybrid_rules,legacy_predicate.mean.evidence_from_authoritative_source,0.50000000,10
2025-01-01,2025-02-28,jan_feb_combined,hybrid_rules,legacy_predicate.mean.has_policy_support,0.50000000,10
2025-01-01,2025-02-28,jan_feb_combined,hybrid_rules,legacy_predicate.mean.institutional_attention_increases,0.00000000,10
2025-01-01,2025-02-28,jan_feb_combined,hybrid_rules,legacy_predicate.mean.investor_questions_increase,0.00000000,10
2025-01-01,2025-02-28,jan_feb_combined,hybrid_rules,legacy_predicate.mean.management_response_vague,0.00000000,10
2025-01-01,2025-02-28,jan_feb_combined,hybrid_rules,legacy_predicate.mean.policy_attention_followup,1.00000000,10
2025-01-01,2025-02-28,jan_feb_combined,hybrid_rules,legacy_predicate.mean.policy_directly_related_to_business,0.50000000,10
2025-01-01,2025-02-28,jan_feb_combined,hybrid_rules,legacy_predicate.mean.risk_or_uncertainty_disclosure,0.00000000,10
2025-01-01,2025-02-28,jan_feb_combined,hybrid_rules,legacy_predicate.mean.social_attention_spikes,0.00000000,10
2025-01-01,2025-02-28,jan_feb_combined,hybrid_rules,legacy_predicate.mean.source_company_announcement,0.00000000,10
2025-01-01,2025-02-28,jan_feb_combined,hybrid_rules,legacy_predicate.mean.source_government_or_exchange,0.50000000,10
2025-01-01,2025-02-28,jan_feb_combined,hybrid_rules,legacy_predicate.mean.source_major_media,0.00000000,10
2025-01-01,2025-02-28,jan_feb_combined,hybrid_rules,legacy_predicate.mean.supply_side_policy,0.00000000,10
2025-01-01,2025-02-28,jan_feb_combined,hybrid_rules,macro_predicate.hit_rate.capacity_enters_production,0.00000000,10
2025-01-01,2025-02-28,jan_feb_combined,hybrid_rules,macro_predicate.hit_rate.capacity_under_construction,0.00000000,10
2025-01-01,2025-02-28,jan_feb_combined,hybrid_rules,macro_predicate.hit_rate.export_demand_improves,0.10000000,10
2025-01-01,2025-02-28,jan_feb_combined,hybrid_rules,macro_predicate.hit_rate.financing_constraint_eases,0.00000000,10
2025-01-01,2025-02-28,jan_feb_combined,hybrid_rules,macro_predicate.hit_rate.grid_investment_accelerates,0.10000000,10
2025-01-01,2025-02-28,jan_feb_combined,hybrid_rules,macro_predicate.hit_rate.industry_competition_intensifies,0.10000000,10
2025-01-01,2025-02-28,jan_feb_combined,hybrid_rules,macro_predicate.hit_rate.inventory_pressure_increases,0.00000000,10
2025-01-01,2025-02-28,jan_feb_combined,hybrid_rules,macro_predicate.hit_rate.order_demand_improves,0.30000000,10
2025-01-01,2025-02-28,jan_feb_combined,hybrid_rules,macro_predicate.hit_rate.policy_accelerates_project_implementation,0.10000000,10
2025-01-01,2025-02-28,jan_feb_combined,hybrid_rules,macro_predicate.hit_rate.policy_expands_effective_demand,0.20000000,10
2025-01-01,2025-02-28,jan_feb_combined,hybrid_rules,macro_predicate.hit_rate.product_price_recovers,0.00000000,10
2025-01-01,2025-02-28,jan_feb_combined,hybrid_rules,macro_predicate.hit_rate.raw_material_cost_pressure,0.00000000,10
2025-01-01,2025-02-28,jan_feb_combined,hybrid_rules,macro_predicate.net.capacity_enters_production,0.00000000,10
2025-01-01,2025-02-28,jan_feb_combined,hybrid_rules,macro_predicate.net.capacity_under_construction,0.00000000,10
2025-01-01,2025-02-28,jan_feb_combined,hybrid_rules,macro_predicate.net.export_demand_improves,0.05265000,10
2025-01-01,2025-02-28,jan_feb_combined,hybrid_rules,macro_predicate.net.financing_constraint_eases,0.00000000,10
2025-01-01,2025-02-28,jan_feb_combined,hybrid_rules,macro_predicate.net.grid_investment_accelerates,0.06341000,10
2025-01-01,2025-02-28,jan_feb_combined,hybrid_rules,macro_predicate.net.industry_competition_intensifies,-0.02100000,10
2025-01-01,2025-02-28,jan_feb_combined,hybrid_rules,macro_predicate.net.inventory_pressure_increases,0.00000000,10
2025-01-01,2025-02-28,jan_feb_combined,hybrid_rules,macro_predicate.net.order_demand_improves,0.08469375,10
2025-01-01,2025-02-28,jan_feb_combined,hybrid_rules,macro_predicate.net.policy_accelerates_project_implementation,0.01050000,10
2025-01-01,2025-02-28,jan_feb_combined,hybrid_rules,macro_predicate.net.policy_expands_effective_demand,0.03500000,10
2025-01-01,2025-02-28,jan_feb_combined,hybrid_rules,macro_predicate.net.product_price_recovers,0.00000000,10
2025-01-01,2025-02-28,jan_feb_combined,hybrid_rules,macro_predicate.net.raw_material_cost_pressure,0.00000000,10
2025-01-01,2025-02-28,jan_feb_combined,hybrid_rules,source.share.announcement,0.00000000,10
2025-01-01,2025-02-28,jan_feb_combined,hybrid_rules,source.share.ir_qa,0.00000000,10
2025-01-01,2025-02-28,jan_feb_combined,hybrid_rules,source.share.news,0.70000000,10
2025-01-01,2025-02-28,jan_feb_combined,hybrid_rules,source.share.policy,0.30000000,10
2025-01-01,2025-02-28,jan_feb_combined,hybrid_rules,topic.share.battery,0.10000000,10
2025-01-01,2025-02-28,jan_feb_combined,hybrid_rules,topic.share.grid,0.10000000,10
2025-01-01,2025-02-28,jan_feb_combined,hybrid_rules,topic.share.photovoltaic,0.00000000,10
2025-01-01,2025-02-28,jan_feb_combined,hybrid_rules,topic.share.storage,0.20000000,10
2025-01-01,2025-02-28,jan_feb_combined,hybrid_rules,topic.share.wind,0.00000000,10
2025-03-01,2025-03-31,month,hybrid_rules,candidate.mean,0.00000000,2
2025-03-01,2025-03-31,month,hybrid_rules,candidate.p25,0.00000000,2
2025-03-01,2025-03-31,month,hybrid_rules,candidate.p50,0.00000000,2
2025-03-01,2025-03-31,month,hybrid_rules,candidate.p75,0.00000000,2
2025-03-01,2025-03-31,month,hybrid_rules,candidate.positive_share,0.00000000,2
2025-03-01,2025-03-31,month,hybrid_rules,candidate.std,0.00000000,2
2025-03-01,2025-03-31,month,hybrid_rules,coverage.ai_annotation_success_rate,1.00000000,2
2025-03-01,2025-03-31,month,hybrid_rules,coverage.document_count_log1p,1.09861229,2
2025-03-01,2025-03-31,month,hybrid_rules,coverage.event_count_log1p,0.00000000,2
2025-03-01,2025-03-31,month,hybrid_rules,coverage.independent_source_count_log1p,1.09861229,2
2025-03-01,2025-03-31,month,hybrid_rules,evidence.entity_confidence_mean,0.68153846,2
2025-03-01,2025-03-31,month,hybrid_rules,evidence.event_strength_mean,0.00000000,2
2025-03-01,2025-03-31,month,hybrid_rules,frozen_rule.supporting_document_share,0.00000000,2
2025-03-01,2025-03-31,month,hybrid_rules,frozen_rule.unique_rule_count_log1p,0.00000000,2
2025-03-01,2025-03-31,month,hybrid_rules,macro_predicate.hit_rate.capacity_enters_production,0.00000000,2
2025-03-01,2025-03-31,month,hybrid_rules,macro_predicate.hit_rate.capacity_under_construction,0.00000000,2
2025-03-01,2025-03-31,month,hybrid_rules,macro_predicate.hit_rate.export_demand_improves,0.00000000,2
2025-03-01,2025-03-31,month,hybrid_rules,macro_predicate.hit_rate.financing_constraint_eases,0.00000000,2
2025-03-01,2025-03-31,month,hybrid_rules,macro_predicate.hit_rate.grid_investment_accelerates,0.50000000,2
2025-03-01,2025-03-31,month,hybrid_rules,macro_predicate.hit_rate.industry_competition_intensifies,0.00000000,2
2025-03-01,2025-03-31,month,hybrid_rules,macro_predicate.hit_rate.inventory_pressure_increases,0.00000000,2
2025-03-01,2025-03-31,month,hybrid_rules,macro_predicate.hit_rate.order_demand_improves,0.00000000,2
2025-03-01,2025-03-31,month,hybrid_rules,macro_predicate.hit_rate.policy_accelerates_project_implementation,0.50000000,2
2025-03-01,2025-03-31,month,hybrid_rules,macro_predicate.hit_rate.policy_expands_effective_demand,0.00000000,2
2025-03-01,2025-03-31,month,hybrid_rules,macro_predicate.hit_rate.product_price_recovers,0.00000000,2
2025-03-01,2025-03-31,month,hybrid_rules,macro_predicate.hit_rate.raw_material_cost_pressure,0.00000000,2
2025-03-01,2025-03-31,month,hybrid_rules,macro_predicate.net.capacity_enters_production,0.00000000,2
2025-03-01,2025-03-31,month,hybrid_rules,macro_predicate.net.capacity_under_construction,0.00000000,2
2025-03-01,2025-03-31,month,hybrid_rules,macro_predicate.net.export_demand_improves,0.00000000,2
2025-03-01,2025-03-31,month,hybrid_rules,macro_predicate.net.financing_constraint_eases,0.00000000,2
2025-03-01,2025-03-31,month,hybrid_rules,macro_predicate.net.grid_investment_accelerates,0.37300000,2
2025-03-01,2025-03-31,month,hybrid_rules,macro_predicate.net.industry_competition_intensifies,0.00000000,2
2025-03-01,2025-03-31,month,hybrid_rules,macro_predicate.net.inventory_pressure_increases,0.00000000,2
2025-03-01,2025-03-31,month,hybrid_rules,macro_predicate.net.order_demand_improves,0.00000000,2
2025-03-01,2025-03-31,month,hybrid_rules,macro_predicate.net.policy_accelerates_project_implementation,0.32637500,2
2025-03-01,2025-03-31,month,hybrid_rules,macro_predicate.net.policy_expands_effective_demand,0.00000000,2
2025-03-01,2025-03-31,month,hybrid_rules,macro_predicate.net.product_price_recovers,0.00000000,2
2025-03-01,2025-03-31,month,hybrid_rules,macro_predicate.net.raw_material_cost_pressure,0.00000000,2
2025-03-01,2025-03-31,month,hybrid_rules,source.share.announcement,0.00000000,2
2025-03-01,2025-03-31,month,hybrid_rules,source.share.ir_qa,0.00000000,2
2025-03-01,2025-03-31,month,hybrid_rules,source.share.news,0.50000000,2
2025-03-01,2025-03-31,month,hybrid_rules,source.share.policy,0.50000000,2
2025-03-01,2025-03-31,month,hybrid_rules,topic.share.battery,0.50000000,2
2025-03-01,2025-03-31,month,hybrid_rules,topic.share.grid,0.50000000,2
2025-03-01,2025-03-31,month,hybrid_rules,topic.share.photovoltaic,0.00000000,2
2025-03-01,2025-03-31,month,hybrid_rules,topic.share.storage,0.00000000,2
2025-03-01,2025-03-31,month,hybrid_rules,topic.share.wind,0.00000000,2
2025-04-01,2025-04-30,month,hybrid_rules,candidate.mean,0.00000000,2
2025-04-01,2025-04-30,month,hybrid_rules,candidate.p25,0.00000000,2
2025-04-01,2025-04-30,month,hybrid_rules,candidate.p50,0.00000000,2
2025-04-01,2025-04-30,month,hybrid_rules,candidate.p75,0.00000000,2
2025-04-01,2025-04-30,month,hybrid_rules,candidate.positive_share,0.00000000,2
2025-04-01,2025-04-30,month,hybrid_rules,candidate.std,0.00000000,2
2025-04-01,2025-04-30,month,hybrid_rules,coverage.ai_annotation_success_rate,1.00000000,2
2025-04-01,2025-04-30,month,hybrid_rules,coverage.document_count_log1p,1.09861229,2
2025-04-01,2025-04-30,month,hybrid_rules,coverage.event_count_log1p,0.00000000,2
2025-04-01,2025-04-30,month,hybrid_rules,coverage.independent_source_count_log1p,1.09861229,2
2025-04-01,2025-04-30,month,hybrid_rules,evidence.entity_confidence_mean,0.74000000,2
2025-04-01,2025-04-30,month,hybrid_rules,evidence.event_strength_mean,0.00000000,2
2025-04-01,2025-04-30,month,hybrid_rules,frozen_rule.supporting_document_share,0.00000000,2
2025-04-01,2025-04-30,month,hybrid_rules,frozen_rule.unique_rule_count_log1p,0.00000000,2
2025-04-01,2025-04-30,month,hybrid_rules,macro_predicate.hit_rate.capacity_enters_production,0.00000000,2
2025-04-01,2025-04-30,month,hybrid_rules,macro_predicate.hit_rate.capacity_under_construction,0.00000000,2
2025-04-01,2025-04-30,month,hybrid_rules,macro_predicate.hit_rate.export_demand_improves,0.00000000,2
2025-04-01,2025-04-30,month,hybrid_rules,macro_predicate.hit_rate.financing_constraint_eases,0.00000000,2
2025-04-01,2025-04-30,month,hybrid_rules,macro_predicate.hit_rate.grid_investment_accelerates,0.00000000,2
2025-04-01,2025-04-30,month,hybrid_rules,macro_predicate.hit_rate.industry_competition_intensifies,0.00000000,2
2025-04-01,2025-04-30,month,hybrid_rules,macro_predicate.hit_rate.inventory_pressure_increases,0.00000000,2
2025-04-01,2025-04-30,month,hybrid_rules,macro_predicate.hit_rate.order_demand_improves,0.50000000,2
2025-04-01,2025-04-30,month,hybrid_rules,macro_predicate.hit_rate.policy_accelerates_project_implementation,0.00000000,2
2025-04-01,2025-04-30,month,hybrid_rules,macro_predicate.hit_rate.policy_expands_effective_demand,0.00000000,2
2025-04-01,2025-04-30,month,hybrid_rules,macro_predicate.hit_rate.product_price_recovers,0.00000000,2
2025-04-01,2025-04-30,month,hybrid_rules,macro_predicate.hit_rate.raw_material_cost_pressure,0.00000000,2
2025-04-01,2025-04-30,month,hybrid_rules,macro_predicate.net.capacity_enters_production,0.00000000,2
2025-04-01,2025-04-30,month,hybrid_rules,macro_predicate.net.capacity_under_construction,0.00000000,2
2025-04-01,2025-04-30,month,hybrid_rules,macro_predicate.net.export_demand_improves,0.00000000,2
2025-04-01,2025-04-30,month,hybrid_rules,macro_predicate.net.financing_constraint_eases,0.00000000,2
2025-04-01,2025-04-30,month,hybrid_rules,macro_predicate.net.grid_investment_accelerates,0.00000000,2
2025-04-01,2025-04-30,month,hybrid_rules,macro_predicate.net.industry_competition_intensifies,0.00000000,2
2025-04-01,2025-04-30,month,hybrid_rules,macro_predicate.net.inventory_pressure_increases,0.00000000,2
2025-04-01,2025-04-30,month,hybrid_rules,macro_predicate.net.order_demand_improves,0.10500000,2
2025-04-01,2025-04-30,month,hybrid_rules,macro_predicate.net.policy_accelerates_project_implementation,0.00000000,2
2025-04-01,2025-04-30,month,hybrid_rules,macro_predicate.net.policy_expands_effective_demand,0.00000000,2
2025-04-01,2025-04-30,month,hybrid_rules,macro_predicate.net.product_price_recovers,0.00000000,2
2025-04-01,2025-04-30,month,hybrid_rules,macro_predicate.net.raw_material_cost_pressure,0.00000000,2
2025-04-01,2025-04-30,month,hybrid_rules,source.share.announcement,0.00000000,2
2025-04-01,2025-04-30,month,hybrid_rules,source.share.ir_qa,0.00000000,2
2025-04-01,2025-04-30,month,hybrid_rules,source.share.news,0.50000000,2
2025-04-01,2025-04-30,month,hybrid_rules,source.share.policy,0.50000000,2
2025-04-01,2025-04-30,month,hybrid_rules,topic.share.battery,0.00000000,2
2025-04-01,2025-04-30,month,hybrid_rules,topic.share.grid,0.00000000,2
2025-04-01,2025-04-30,month,hybrid_rules,topic.share.photovoltaic,0.00000000,2
2025-04-01,2025-04-30,month,hybrid_rules,topic.share.storage,0.00000000,2
2025-04-01,2025-04-30,month,hybrid_rules,topic.share.wind,0.00000000,2
2025-05-01,2025-05-31,month,hybrid_rules,candidate.mean,0.00000000,2
2025-05-01,2025-05-31,month,hybrid_rules,candidate.p25,0.00000000,2
2025-05-01,2025-05-31,month,hybrid_rules,candidate.p50,0.00000000,2
2025-05-01,2025-05-31,month,hybrid_rules,candidate.p75,0.00000000,2
2025-05-01,2025-05-31,month,hybrid_rules,candidate.positive_share,0.00000000,2
2025-05-01,2025-05-31,month,hybrid_rules,candidate.std,0.00000000,2
2025-05-01,2025-05-31,month,hybrid_rules,coverage.ai_annotation_success_rate,1.00000000,2
2025-05-01,2025-05-31,month,hybrid_rules,coverage.document_count_log1p,1.09861229,2
2025-05-01,2025-05-31,month,hybrid_rules,coverage.event_count_log1p,1.94591015,2
2025-05-01,2025-05-31,month,hybrid_rules,coverage.independent_source_count_log1p,1.09861229,2
2025-05-01,2025-05-31,month,hybrid_rules,evidence.entity_confidence_mean,0.70000000,2
2025-05-01,2025-05-31,month,hybrid_rules,evidence.event_strength_mean,0.84000000,2
2025-05-01,2025-05-31,month,hybrid_rules,frozen_rule.supporting_document_share,0.00000000,2
2025-05-01,2025-05-31,month,hybrid_rules,frozen_rule.unique_rule_count_log1p,0.00000000,2
2025-05-01,2025-05-31,month,hybrid_rules,legacy_predicate.confidence.announcement_contains_uncertainty,0.78000000,2
2025-05-01,2025-05-31,month,hybrid_rules,legacy_predicate.confidence.capacity_policy_support,0.74000000,2
2025-05-01,2025-05-31,month,hybrid_rules,legacy_predicate.confidence.demand_side_policy,0.74000000,2
2025-05-01,2025-05-31,month,hybrid_rules,legacy_predicate.confidence.event_evidence_strength,0.92000000,2
2025-05-01,2025-05-31,month,hybrid_rules,legacy_predicate.confidence.event_has_short_term_price_impact,0.70000000,2
2025-05-01,2025-05-31,month,hybrid_rules,legacy_predicate.confidence.event_mentions_core_product,0.88000000,2
2025-05-01,2025-05-31,month,hybrid_rules,legacy_predicate.confidence.evidence_from_authoritative_source,0.72000000,2
2025-05-01,2025-05-31,month,hybrid_rules,legacy_predicate.confidence.has_policy_support,0.88000000,2
2025-05-01,2025-05-31,month,hybrid_rules,legacy_predicate.confidence.institutional_attention_increases,0.70000000,2
2025-05-01,2025-05-31,month,hybrid_rules,legacy_predicate.confidence.investor_questions_increase,0.82000000,2
2025-05-01,2025-05-31,month,hybrid_rules,legacy_predicate.confidence.management_response_vague,0.76000000,2
2025-05-01,2025-05-31,month,hybrid_rules,legacy_predicate.confidence.policy_attention_followup,0.84000000,2
2025-05-01,2025-05-31,month,hybrid_rules,legacy_predicate.confidence.policy_directly_related_to_business,0.78000000,2
2025-05-01,2025-05-31,month,hybrid_rules,legacy_predicate.confidence.risk_or_uncertainty_disclosure,0.78000000,2
2025-05-01,2025-05-31,month,hybrid_rules,legacy_predicate.confidence.social_attention_spikes,0.68000000,2
2025-05-01,2025-05-31,month,hybrid_rules,legacy_predicate.confidence.source_company_announcement,0.78000000,2
2025-05-01,2025-05-31,month,hybrid_rules,legacy_predicate.confidence.source_government_or_exchange,0.76000000,2
2025-05-01,2025-05-31,month,hybrid_rules,legacy_predicate.confidence.source_major_media,0.76000000,2
2025-05-01,2025-05-31,month,hybrid_rules,legacy_predicate.confidence.supply_side_policy,0.74000000,2
2025-05-01,2025-05-31,month,hybrid_rules,legacy_predicate.mean.announcement_contains_uncertainty,0.00000000,2
2025-05-01,2025-05-31,month,hybrid_rules,legacy_predicate.mean.capacity_policy_support,0.00000000,2
2025-05-01,2025-05-31,month,hybrid_rules,legacy_predicate.mean.demand_side_policy,0.00000000,2
2025-05-01,2025-05-31,month,hybrid_rules,legacy_predicate.mean.event_evidence_strength,0.76000000,2
2025-05-01,2025-05-31,month,hybrid_rules,legacy_predicate.mean.event_has_short_term_price_impact,0.68000000,2
2025-05-01,2025-05-31,month,hybrid_rules,legacy_predicate.mean.event_mentions_core_product,1.00000000,2
2025-05-01,2025-05-31,month,hybrid_rules,legacy_predicate.mean.evidence_from_authoritative_source,0.00000000,2
2025-05-01,2025-05-31,month,hybrid_rules,legacy_predicate.mean.has_policy_support,0.00000000,2
2025-05-01,2025-05-31,month,hybrid_rules,legacy_predicate.mean.institutional_attention_increases,0.00000000,2
2025-05-01,2025-05-31,month,hybrid_rules,legacy_predicate.mean.investor_questions_increase,0.00000000,2
2025-05-01,2025-05-31,month,hybrid_rules,legacy_predicate.mean.management_response_vague,0.00000000,2
2025-05-01,2025-05-31,month,hybrid_rules,legacy_predicate.mean.policy_attention_followup,1.00000000,2
2025-05-01,2025-05-31,month,hybrid_rules,legacy_predicate.mean.policy_directly_related_to_business,0.00000000,2
2025-05-01,2025-05-31,month,hybrid_rules,legacy_predicate.mean.risk_or_uncertainty_disclosure,0.00000000,2
2025-05-01,2025-05-31,month,hybrid_rules,legacy_predicate.mean.social_attention_spikes,0.00000000,2
2025-05-01,2025-05-31,month,hybrid_rules,legacy_predicate.mean.source_company_announcement,0.00000000,2
2025-05-01,2025-05-31,month,hybrid_rules,legacy_predicate.mean.source_government_or_exchange,0.00000000,2
2025-05-01,2025-05-31,month,hybrid_rules,legacy_predicate.mean.source_major_media,0.00000000,2
2025-05-01,2025-05-31,month,hybrid_rules,legacy_predicate.mean.supply_side_policy,0.00000000,2
2025-05-01,2025-05-31,month,hybrid_rules,macro_predicate.hit_rate.capacity_enters_production,0.00000000,2
2025-05-01,2025-05-31,month,hybrid_rules,macro_predicate.hit_rate.capacity_under_construction,0.00000000,2
2025-05-01,2025-05-31,month,hybrid_rules,macro_predicate.hit_rate.export_demand_improves,0.00000000,2
2025-05-01,2025-05-31,month,hybrid_rules,macro_predicate.hit_rate.financing_constraint_eases,0.00000000,2
2025-05-01,2025-05-31,month,hybrid_rules,macro_predicate.hit_rate.grid_investment_accelerates,0.00000000,2
2025-05-01,2025-05-31,month,hybrid_rules,macro_predicate.hit_rate.industry_competition_intensifies,0.00000000,2
2025-05-01,2025-05-31,month,hybrid_rules,macro_predicate.hit_rate.inventory_pressure_increases,0.00000000,2
2025-05-01,2025-05-31,month,hybrid_rules,macro_predicate.hit_rate.order_demand_improves,0.50000000,2
2025-05-01,2025-05-31,month,hybrid_rules,macro_predicate.hit_rate.policy_accelerates_project_implementation,0.00000000,2
2025-05-01,2025-05-31,month,hybrid_rules,macro_predicate.hit_rate.policy_expands_effective_demand,0.50000000,2
2025-05-01,2025-05-31,month,hybrid_rules,macro_predicate.hit_rate.product_price_recovers,0.00000000,2
2025-05-01,2025-05-31,month,hybrid_rules,macro_predicate.hit_rate.raw_material_cost_pressure,0.00000000,2
2025-05-01,2025-05-31,month,hybrid_rules,macro_predicate.net.capacity_enters_production,0.00000000,2
2025-05-01,2025-05-31,month,hybrid_rules,macro_predicate.net.capacity_under_construction,0.00000000,2
2025-05-01,2025-05-31,month,hybrid_rules,macro_predicate.net.export_demand_improves,0.00000000,2
2025-05-01,2025-05-31,month,hybrid_rules,macro_predicate.net.financing_constraint_eases,0.00000000,2
2025-05-01,2025-05-31,month,hybrid_rules,macro_predicate.net.grid_investment_accelerates,0.00000000,2
2025-05-01,2025-05-31,month,hybrid_rules,macro_predicate.net.industry_competition_intensifies,0.00000000,2
2025-05-01,2025-05-31,month,hybrid_rules,macro_predicate.net.inventory_pressure_increases,0.00000000,2
2025-05-01,2025-05-31,month,hybrid_rules,macro_predicate.net.order_demand_improves,0.35200000,2
2025-05-01,2025-05-31,month,hybrid_rules,macro_predicate.net.policy_accelerates_project_implementation,0.00000000,2
2025-05-01,2025-05-31,month,hybrid_rules,macro_predicate.net.policy_expands_effective_demand,0.33000000,2
2025-05-01,2025-05-31,month,hybrid_rules,macro_predicate.net.product_price_recovers,0.00000000,2
2025-05-01,2025-05-31,month,hybrid_rules,macro_predicate.net.raw_material_cost_pressure,0.00000000,2
2025-05-01,2025-05-31,month,hybrid_rules,source.share.announcement,0.00000000,2
2025-05-01,2025-05-31,month,hybrid_rules,source.share.ir_qa,0.00000000,2
2025-05-01,2025-05-31,month,hybrid_rules,source.share.news,1.00000000,2
2025-05-01,2025-05-31,month,hybrid_rules,source.share.policy,0.00000000,2
2025-05-01,2025-05-31,month,hybrid_rules,topic.share.battery,0.50000000,2
2025-05-01,2025-05-31,month,hybrid_rules,topic.share.grid,0.00000000,2
2025-05-01,2025-05-31,month,hybrid_rules,topic.share.photovoltaic,0.50000000,2
2025-05-01,2025-05-31,month,hybrid_rules,topic.share.storage,0.00000000,2
2025-05-01,2025-05-31,month,hybrid_rules,topic.share.wind,0.00000000,2
2025-06-01,2025-06-30,month,hybrid_rules,candidate.mean,0.47803200,2
2025-06-01,2025-06-30,month,hybrid_rules,candidate.p25,0.47803200,2
2025-06-01,2025-06-30,month,hybrid_rules,candidate.p50,0.47803200,2
2025-06-01,2025-06-30,month,hybrid_rules,candidate.p75,0.47803200,2
2025-06-01,2025-06-30,month,hybrid_rules,candidate.positive_share,1.00000000,2
2025-06-01,2025-06-30,month,hybrid_rules,candidate.std,0.00000000,2
2025-06-01,2025-06-30,month,hybrid_rules,coverage.ai_annotation_success_rate,1.00000000,2
2025-06-01,2025-06-30,month,hybrid_rules,coverage.document_count_log1p,1.09861229,2
2025-06-01,2025-06-30,month,hybrid_rules,coverage.event_count_log1p,1.94591015,2
2025-06-01,2025-06-30,month,hybrid_rules,coverage.independent_source_count_log1p,1.09861229,2
2025-06-01,2025-06-30,month,hybrid_rules,evidence.entity_confidence_mean,0.73636364,2
2025-06-01,2025-06-30,month,hybrid_rules,evidence.event_strength_mean,0.84000000,2
2025-06-01,2025-06-30,month,hybrid_rules,frozen_rule.supporting_document_share,0.50000000,2
2025-06-01,2025-06-30,month,hybrid_rules,frozen_rule.unique_rule_count_log1p,0.69314718,2
2025-06-01,2025-06-30,month,hybrid_rules,legacy_predicate.confidence.announcement_contains_uncertainty,0.78000000,2
2025-06-01,2025-06-30,month,hybrid_rules,legacy_predicate.confidence.capacity_policy_support,0.74000000,2
2025-06-01,2025-06-30,month,hybrid_rules,legacy_predicate.confidence.demand_side_policy,0.74000000,2
2025-06-01,2025-06-30,month,hybrid_rules,legacy_predicate.confidence.event_evidence_strength,0.92000000,2
2025-06-01,2025-06-30,month,hybrid_rules,legacy_predicate.confidence.event_has_short_term_price_impact,0.70000000,2
2025-06-01,2025-06-30,month,hybrid_rules,legacy_predicate.confidence.event_mentions_core_product,0.88000000,2
2025-06-01,2025-06-30,month,hybrid_rules,legacy_predicate.confidence.evidence_from_authoritative_source,0.86666667,2
2025-06-01,2025-06-30,month,hybrid_rules,legacy_predicate.confidence.has_policy_support,0.88000000,2
2025-06-01,2025-06-30,month,hybrid_rules,legacy_predicate.confidence.institutional_attention_increases,0.70000000,2
2025-06-01,2025-06-30,month,hybrid_rules,legacy_predicate.confidence.investor_questions_increase,0.82000000,2
2025-06-01,2025-06-30,month,hybrid_rules,legacy_predicate.confidence.management_response_vague,0.76000000,2
2025-06-01,2025-06-30,month,hybrid_rules,legacy_predicate.confidence.policy_attention_followup,0.84000000,2
2025-06-01,2025-06-30,month,hybrid_rules,legacy_predicate.confidence.policy_directly_related_to_business,0.78000000,2
2025-06-01,2025-06-30,month,hybrid_rules,legacy_predicate.confidence.risk_or_uncertainty_disclosure,0.78000000,2
2025-06-01,2025-06-30,month,hybrid_rules,legacy_predicate.confidence.social_attention_spikes,0.77333333,2
2025-06-01,2025-06-30,month,hybrid_rules,legacy_predicate.confidence.source_company_announcement,0.78000000,2
2025-06-01,2025-06-30,month,hybrid_rules,legacy_predicate.confidence.source_government_or_exchange,0.76000000,2
2025-06-01,2025-06-30,month,hybrid_rules,legacy_predicate.confidence.source_major_media,0.85333333,2
2025-06-01,2025-06-30,month,hybrid_rules,legacy_predicate.confidence.supply_side_policy,0.74000000,2
2025-06-01,2025-06-30,month,hybrid_rules,legacy_predicate.mean.announcement_contains_uncertainty,0.00000000,2
2025-06-01,2025-06-30,month,hybrid_rules,legacy_predicate.mean.capacity_policy_support,0.00000000,2
2025-06-01,2025-06-30,month,hybrid_rules,legacy_predicate.mean.demand_side_policy,0.00000000,2
2025-06-01,2025-06-30,month,hybrid_rules,legacy_predicate.mean.event_evidence_strength,0.76000000,2
2025-06-01,2025-06-30,month,hybrid_rules,legacy_predicate.mean.event_has_short_term_price_impact,0.68000000,2
2025-06-01,2025-06-30,month,hybrid_rules,legacy_predicate.mean.event_mentions_core_product,1.00000000,2
2025-06-01,2025-06-30,month,hybrid_rules,legacy_predicate.mean.evidence_from_authoritative_source,1.00000000,2
2025-06-01,2025-06-30,month,hybrid_rules,legacy_predicate.mean.has_policy_support,0.00000000,2
2025-06-01,2025-06-30,month,hybrid_rules,legacy_predicate.mean.institutional_attention_increases,0.00000000,2
2025-06-01,2025-06-30,month,hybrid_rules,legacy_predicate.mean.investor_questions_increase,0.00000000,2
2025-06-01,2025-06-30,month,hybrid_rules,legacy_predicate.mean.management_response_vague,0.00000000,2
2025-06-01,2025-06-30,month,hybrid_rules,legacy_predicate.mean.policy_attention_followup,1.00000000,2
2025-06-01,2025-06-30,month,hybrid_rules,legacy_predicate.mean.policy_directly_related_to_business,0.00000000,2
2025-06-01,2025-06-30,month,hybrid_rules,legacy_predicate.mean.risk_or_uncertainty_disclosure,0.00000000,2
2025-06-01,2025-06-30,month,hybrid_rules,legacy_predicate.mean.social_attention_spikes,1.00000000,2
2025-06-01,2025-06-30,month,hybrid_rules,legacy_predicate.mean.source_company_announcement,0.00000000,2
2025-06-01,2025-06-30,month,hybrid_rules,legacy_predicate.mean.source_government_or_exchange,0.00000000,2
2025-06-01,2025-06-30,month,hybrid_rules,legacy_predicate.mean.source_major_media,1.00000000,2
2025-06-01,2025-06-30,month,hybrid_rules,legacy_predicate.mean.supply_side_policy,0.00000000,2
2025-06-01,2025-06-30,month,hybrid_rules,macro_predicate.hit_rate.capacity_enters_production,0.00000000,2
2025-06-01,2025-06-30,month,hybrid_rules,macro_predicate.hit_rate.capacity_under_construction,0.50000000,2
2025-06-01,2025-06-30,month,hybrid_rules,macro_predicate.hit_rate.export_demand_improves,0.00000000,2
2025-06-01,2025-06-30,month,hybrid_rules,macro_predicate.hit_rate.financing_constraint_eases,0.00000000,2
2025-06-01,2025-06-30,month,hybrid_rules,macro_predicate.hit_rate.grid_investment_accelerates,0.00000000,2
2025-06-01,2025-06-30,month,hybrid_rules,macro_predicate.hit_rate.industry_competition_intensifies,0.50000000,2
2025-06-01,2025-06-30,month,hybrid_rules,macro_predicate.hit_rate.inventory_pressure_increases,0.00000000,2
2025-06-01,2025-06-30,month,hybrid_rules,macro_predicate.hit_rate.order_demand_improves,0.00000000,2
2025-06-01,2025-06-30,month,hybrid_rules,macro_predicate.hit_rate.policy_accelerates_project_implementation,0.00000000,2
2025-06-01,2025-06-30,month,hybrid_rules,macro_predicate.hit_rate.policy_expands_effective_demand,0.00000000,2
2025-06-01,2025-06-30,month,hybrid_rules,macro_predicate.hit_rate.product_price_recovers,0.00000000,2
2025-06-01,2025-06-30,month,hybrid_rules,macro_predicate.hit_rate.raw_material_cost_pressure,0.00000000,2
2025-06-01,2025-06-30,month,hybrid_rules,macro_predicate.net.capacity_enters_production,0.00000000,2
2025-06-01,2025-06-30,month,hybrid_rules,macro_predicate.net.capacity_under_construction,0.22275000,2
2025-06-01,2025-06-30,month,hybrid_rules,macro_predicate.net.export_demand_improves,0.00000000,2
2025-06-01,2025-06-30,month,hybrid_rules,macro_predicate.net.financing_constraint_eases,0.00000000,2
2025-06-01,2025-06-30,month,hybrid_rules,macro_predicate.net.grid_investment_accelerates,0.00000000,2
2025-06-01,2025-06-30,month,hybrid_rules,macro_predicate.net.industry_competition_intensifies,-0.09000000,2
2025-06-01,2025-06-30,month,hybrid_rules,macro_predicate.net.inventory_pressure_increases,0.00000000,2
2025-06-01,2025-06-30,month,hybrid_rules,macro_predicate.net.order_demand_improves,0.00000000,2
2025-06-01,2025-06-30,month,hybrid_rules,macro_predicate.net.policy_accelerates_project_implementation,0.00000000,2
2025-06-01,2025-06-30,month,hybrid_rules,macro_predicate.net.policy_expands_effective_demand,0.00000000,2
2025-06-01,2025-06-30,month,hybrid_rules,macro_predicate.net.product_price_recovers,0.00000000,2
2025-06-01,2025-06-30,month,hybrid_rules,macro_predicate.net.raw_material_cost_pressure,0.00000000,2
2025-06-01,2025-06-30,month,hybrid_rules,source.share.announcement,0.00000000,2
2025-06-01,2025-06-30,month,hybrid_rules,source.share.ir_qa,0.00000000,2
2025-06-01,2025-06-30,month,hybrid_rules,source.share.news,0.50000000,2
2025-06-01,2025-06-30,month,hybrid_rules,source.share.policy,0.50000000,2
2025-06-01,2025-06-30,month,hybrid_rules,topic.share.battery,0.50000000,2
2025-06-01,2025-06-30,month,hybrid_rules,topic.share.grid,0.00000000,2
2025-06-01,2025-06-30,month,hybrid_rules,topic.share.photovoltaic,0.50000000,2
2025-06-01,2025-06-30,month,hybrid_rules,topic.share.storage,0.00000000,2
2025-06-01,2025-06-30,month,hybrid_rules,topic.share.wind,0.00000000,2
2025-07-01,2025-07-31,month,hybrid_rules,candidate.mean,1.15308800,6
2025-07-01,2025-07-31,month,hybrid_rules,candidate.p25,1.15308800,6
2025-07-01,2025-07-31,month,hybrid_rules,candidate.p50,1.15308800,6
2025-07-01,2025-07-31,month,hybrid_rules,candidate.p75,1.15308800,6
2025-07-01,2025-07-31,month,hybrid_rules,candidate.positive_share,1.00000000,6
2025-07-01,2025-07-31,month,hybrid_rules,candidate.std,0.00000000,6
2025-07-01,2025-07-31,month,hybrid_rules,coverage.ai_annotation_success_rate,0.83333333,6
2025-07-01,2025-07-31,month,hybrid_rules,coverage.document_count_log1p,1.94591015,6
2025-07-01,2025-07-31,month,hybrid_rules,coverage.event_count_log1p,2.48490665,6
2025-07-01,2025-07-31,month,hybrid_rules,coverage.independent_source_count_log1p,1.94591015,6
2025-07-01,2025-07-31,month,hybrid_rules,evidence.entity_confidence_mean,0.69545455,6
2025-07-01,2025-07-31,month,hybrid_rules,evidence.event_strength_mean,0.84000000,6
2025-07-01,2025-07-31,month,hybrid_rules,frozen_rule.supporting_document_share,0.16666667,6
2025-07-01,2025-07-31,month,hybrid_rules,frozen_rule.unique_rule_count_log1p,1.09861229,6
2025-07-01,2025-07-31,month,hybrid_rules,legacy_predicate.confidence.announcement_contains_uncertainty,0.78000000,6
2025-07-01,2025-07-31,month,hybrid_rules,legacy_predicate.confidence.capacity_policy_support,0.74000000,6
2025-07-01,2025-07-31,month,hybrid_rules,legacy_predicate.confidence.demand_side_policy,0.74000000,6
2025-07-01,2025-07-31,month,hybrid_rules,legacy_predicate.confidence.event_evidence_strength,0.92000000,6
2025-07-01,2025-07-31,month,hybrid_rules,legacy_predicate.confidence.event_has_short_term_price_impact,0.70000000,6
2025-07-01,2025-07-31,month,hybrid_rules,legacy_predicate.confidence.event_mentions_core_product,0.74000000,6
2025-07-01,2025-07-31,month,hybrid_rules,legacy_predicate.confidence.evidence_from_authoritative_source,0.94000000,6
2025-07-01,2025-07-31,month,hybrid_rules,legacy_predicate.confidence.has_policy_support,0.96000000,6
2025-07-01,2025-07-31,month,hybrid_rules,legacy_predicate.confidence.institutional_attention_increases,0.70000000,6
2025-07-01,2025-07-31,month,hybrid_rules,legacy_predicate.confidence.investor_questions_increase,0.82000000,6
2025-07-01,2025-07-31,month,hybrid_rules,legacy_predicate.confidence.management_response_vague,0.76000000,6
2025-07-01,2025-07-31,month,hybrid_rules,legacy_predicate.confidence.policy_attention_followup,0.84000000,6
2025-07-01,2025-07-31,month,hybrid_rules,legacy_predicate.confidence.policy_directly_related_to_business,0.78000000,6
2025-07-01,2025-07-31,month,hybrid_rules,legacy_predicate.confidence.risk_or_uncertainty_disclosure,0.78000000,6
2025-07-01,2025-07-31,month,hybrid_rules,legacy_predicate.confidence.social_attention_spikes,0.68000000,6
2025-07-01,2025-07-31,month,hybrid_rules,legacy_predicate.confidence.source_company_announcement,0.78000000,6
2025-07-01,2025-07-31,month,hybrid_rules,legacy_predicate.confidence.source_government_or_exchange,0.95000000,6
2025-07-01,2025-07-31,month,hybrid_rules,legacy_predicate.confidence.source_major_media,0.76000000,6
2025-07-01,2025-07-31,month,hybrid_rules,legacy_predicate.confidence.supply_side_policy,0.74000000,6
2025-07-01,2025-07-31,month,hybrid_rules,legacy_predicate.mean.announcement_contains_uncertainty,0.00000000,6
2025-07-01,2025-07-31,month,hybrid_rules,legacy_predicate.mean.capacity_policy_support,0.00000000,6
2025-07-01,2025-07-31,month,hybrid_rules,legacy_predicate.mean.demand_side_policy,0.00000000,6
2025-07-01,2025-07-31,month,hybrid_rules,legacy_predicate.mean.event_evidence_strength,0.94000000,6
2025-07-01,2025-07-31,month,hybrid_rules,legacy_predicate.mean.event_has_short_term_price_impact,0.78000000,6
2025-07-01,2025-07-31,month,hybrid_rules,legacy_predicate.mean.event_mentions_core_product,0.00000000,6
2025-07-01,2025-07-31,month,hybrid_rules,legacy_predicate.mean.evidence_from_authoritative_source,1.00000000,6
2025-07-01,2025-07-31,month,hybrid_rules,legacy_predicate.mean.has_policy_support,1.00000000,6
2025-07-01,2025-07-31,month,hybrid_rules,legacy_predicate.mean.institutional_attention_increases,0.00000000,6
2025-07-01,2025-07-31,month,hybrid_rules,legacy_predicate.mean.investor_questions_increase,0.00000000,6
2025-07-01,2025-07-31,month,hybrid_rules,legacy_predicate.mean.management_response_vague,0.00000000,6
2025-07-01,2025-07-31,month,hybrid_rules,legacy_predicate.mean.policy_attention_followup,1.00000000,6
2025-07-01,2025-07-31,month,hybrid_rules,legacy_predicate.mean.policy_directly_related_to_business,0.00000000,6
2025-07-01,2025-07-31,month,hybrid_rules,legacy_predicate.mean.risk_or_uncertainty_disclosure,0.00000000,6
2025-07-01,2025-07-31,month,hybrid_rules,legacy_predicate.mean.social_attention_spikes,0.00000000,6
2025-07-01,2025-07-31,month,hybrid_rules,legacy_predicate.mean.source_company_announcement,0.00000000,6
2025-07-01,2025-07-31,month,hybrid_rules,legacy_predicate.mean.source_government_or_exchange,1.00000000,6
2025-07-01,2025-07-31,month,hybrid_rules,legacy_predicate.mean.source_major_media,0.00000000,6
2025-07-01,2025-07-31,month,hybrid_rules,legacy_predicate.mean.supply_side_policy,0.00000000,6
2025-07-01,2025-07-31,month,hybrid_rules,macro_predicate.hit_rate.capacity_enters_production,0.00000000,6
2025-07-01,2025-07-31,month,hybrid_rules,macro_predicate.hit_rate.capacity_under_construction,0.00000000,6
2025-07-01,2025-07-31,month,hybrid_rules,macro_predicate.hit_rate.export_demand_improves,0.33333333,6
2025-07-01,2025-07-31,month,hybrid_rules,macro_predicate.hit_rate.financing_constraint_eases,0.00000000,6
2025-07-01,2025-07-31,month,hybrid_rules,macro_predicate.hit_rate.grid_investment_accelerates,0.16666667,6
2025-07-01,2025-07-31,month,hybrid_rules,macro_predicate.hit_rate.industry_competition_intensifies,0.50000000,6
2025-07-01,2025-07-31,month,hybrid_rules,macro_predicate.hit_rate.inventory_pressure_increases,0.33333333,6
2025-07-01,2025-07-31,month,hybrid_rules,macro_predicate.hit_rate.order_demand_improves,0.16666667,6
2025-07-01,2025-07-31,month,hybrid_rules,macro_predicate.hit_rate.policy_accelerates_project_implementation,0.16666667,6
2025-07-01,2025-07-31,month,hybrid_rules,macro_predicate.hit_rate.policy_expands_effective_demand,0.16666667,6
2025-07-01,2025-07-31,month,hybrid_rules,macro_predicate.hit_rate.product_price_recovers,0.33333333,6
2025-07-01,2025-07-31,month,hybrid_rules,macro_predicate.hit_rate.raw_material_cost_pressure,0.00000000,6
2025-07-01,2025-07-31,month,hybrid_rules,macro_predicate.net.capacity_enters_production,0.00000000,6
2025-07-01,2025-07-31,month,hybrid_rules,macro_predicate.net.capacity_under_construction,0.00000000,6
2025-07-01,2025-07-31,month,hybrid_rules,macro_predicate.net.export_demand_improves,0.22533333,6
2025-07-01,2025-07-31,month,hybrid_rules,macro_predicate.net.financing_constraint_eases,0.00000000,6
2025-07-01,2025-07-31,month,hybrid_rules,macro_predicate.net.grid_investment_accelerates,0.12433333,6
2025-07-01,2025-07-31,month,hybrid_rules,macro_predicate.net.industry_competition_intensifies,-0.13750000,6
2025-07-01,2025-07-31,month,hybrid_rules,macro_predicate.net.inventory_pressure_increases,-0.09500000,6
2025-07-01,2025-07-31,month,hybrid_rules,macro_predicate.net.order_demand_improves,0.03500000,6
2025-07-01,2025-07-31,month,hybrid_rules,macro_predicate.net.policy_accelerates_project_implementation,0.02333333,6
2025-07-01,2025-07-31,month,hybrid_rules,macro_predicate.net.policy_expands_effective_demand,0.02916667,6
2025-07-01,2025-07-31,month,hybrid_rules,macro_predicate.net.product_price_recovers,0.17093333,6
2025-07-01,2025-07-31,month,hybrid_rules,macro_predicate.net.raw_material_cost_pressure,0.00000000,6
2025-07-01,2025-07-31,month,hybrid_rules,source.share.announcement,0.16666667,6
2025-07-01,2025-07-31,month,hybrid_rules,source.share.ir_qa,0.00000000,6
2025-07-01,2025-07-31,month,hybrid_rules,source.share.news,0.66666667,6
2025-07-01,2025-07-31,month,hybrid_rules,source.share.policy,0.16666667,6
2025-07-01,2025-07-31,month,hybrid_rules,topic.share.battery,0.16666667,6
2025-07-01,2025-07-31,month,hybrid_rules,topic.share.grid,0.16666667,6
2025-07-01,2025-07-31,month,hybrid_rules,topic.share.photovoltaic,0.50000000,6
2025-07-01,2025-07-31,month,hybrid_rules,topic.share.storage,0.00000000,6
2025-07-01,2025-07-31,month,hybrid_rules,topic.share.wind,0.16666667,6
2025-08-01,2025-08-31,month,hybrid_rules,candidate.mean,0.92051733,7
2025-08-01,2025-08-31,month,hybrid_rules,candidate.p25,0.80989600,7
2025-08-01,2025-08-31,month,hybrid_rules,candidate.p50,1.14176000,7
2025-08-01,2025-08-31,month,hybrid_rules,candidate.p75,1.14176000,7
2025-08-01,2025-08-31,month,hybrid_rules,candidate.positive_share,1.00000000,7
2025-08-01,2025-08-31,month,hybrid_rules,candidate.std,0.31288438,7
2025-08-01,2025-08-31,month,hybrid_rules,coverage.ai_annotation_success_rate,0.85714286,7
2025-08-01,2025-08-31,month,hybrid_rules,coverage.document_count_log1p,2.07944154,7
2025-08-01,2025-08-31,month,hybrid_rules,coverage.event_count_log1p,2.89037176,7
2025-08-01,2025-08-31,month,hybrid_rules,coverage.independent_source_count_log1p,2.07944154,7
2025-08-01,2025-08-31,month,hybrid_rules,evidence.entity_confidence_mean,0.76280000,7
2025-08-01,2025-08-31,month,hybrid_rules,evidence.event_strength_mean,0.86823529,7
2025-08-01,2025-08-31,month,hybrid_rules,frozen_rule.supporting_document_share,0.28571429,7
2025-08-01,2025-08-31,month,hybrid_rules,frozen_rule.unique_rule_count_log1p,1.38629436,7
2025-08-01,2025-08-31,month,hybrid_rules,legacy_predicate.confidence.announcement_contains_uncertainty,0.78000000,7
2025-08-01,2025-08-31,month,hybrid_rules,legacy_predicate.confidence.capacity_policy_support,0.76500000,7
2025-08-01,2025-08-31,month,hybrid_rules,legacy_predicate.confidence.demand_side_policy,0.74000000,7
2025-08-01,2025-08-31,month,hybrid_rules,legacy_predicate.confidence.event_evidence_strength,0.92000000,7
2025-08-01,2025-08-31,month,hybrid_rules,legacy_predicate.confidence.event_has_short_term_price_impact,0.70000000,7
2025-08-01,2025-08-31,month,hybrid_rules,legacy_predicate.confidence.event_mentions_core_product,0.84500000,7
2025-08-01,2025-08-31,month,hybrid_rules,legacy_predicate.confidence.evidence_from_authoritative_source,0.88500000,7
2025-08-01,2025-08-31,month,hybrid_rules,legacy_predicate.confidence.has_policy_support,0.90000000,7
2025-08-01,2025-08-31,month,hybrid_rules,legacy_predicate.confidence.institutional_attention_increases,0.70000000,7
2025-08-01,2025-08-31,month,hybrid_rules,legacy_predicate.confidence.investor_questions_increase,0.82000000,7
2025-08-01,2025-08-31,month,hybrid_rules,legacy_predicate.confidence.management_response_vague,0.76000000,7
2025-08-01,2025-08-31,month,hybrid_rules,legacy_predicate.confidence.policy_attention_followup,0.80500000,7
2025-08-01,2025-08-31,month,hybrid_rules,legacy_predicate.confidence.policy_directly_related_to_business,0.78000000,7
2025-08-01,2025-08-31,month,hybrid_rules,legacy_predicate.confidence.risk_or_uncertainty_disclosure,0.78000000,7
2025-08-01,2025-08-31,month,hybrid_rules,legacy_predicate.confidence.social_attention_spikes,0.75000000,7
2025-08-01,2025-08-31,month,hybrid_rules,legacy_predicate.confidence.source_company_announcement,0.78000000,7
2025-08-01,2025-08-31,month,hybrid_rules,legacy_predicate.confidence.source_government_or_exchange,0.80750000,7
2025-08-01,2025-08-31,month,hybrid_rules,legacy_predicate.confidence.source_major_media,0.83000000,7
2025-08-01,2025-08-31,month,hybrid_rules,legacy_predicate.confidence.supply_side_policy,0.74000000,7
2025-08-01,2025-08-31,month,hybrid_rules,legacy_predicate.mean.announcement_contains_uncertainty,0.00000000,7
2025-08-01,2025-08-31,month,hybrid_rules,legacy_predicate.mean.capacity_policy_support,0.50000000,7
2025-08-01,2025-08-31,month,hybrid_rules,legacy_predicate.mean.demand_side_policy,0.00000000,7
2025-08-01,2025-08-31,month,hybrid_rules,legacy_predicate.mean.event_evidence_strength,0.85000000,7
2025-08-01,2025-08-31,month,hybrid_rules,legacy_predicate.mean.event_has_short_term_price_impact,0.73000000,7
2025-08-01,2025-08-31,month,hybrid_rules,legacy_predicate.mean.event_mentions_core_product,1.00000000,7
2025-08-01,2025-08-31,month,hybrid_rules,legacy_predicate.mean.evidence_from_authoritative_source,1.00000000,7
2025-08-01,2025-08-31,month,hybrid_rules,legacy_predicate.mean.has_policy_support,0.50000000,7
2025-08-01,2025-08-31,month,hybrid_rules,legacy_predicate.mean.institutional_attention_increases,0.00000000,7
2025-08-01,2025-08-31,month,hybrid_rules,legacy_predicate.mean.investor_questions_increase,0.00000000,7
2025-08-01,2025-08-31,month,hybrid_rules,legacy_predicate.mean.management_response_vague,0.00000000,7
2025-08-01,2025-08-31,month,hybrid_rules,legacy_predicate.mean.policy_attention_followup,1.00000000,7
2025-08-01,2025-08-31,month,hybrid_rules,legacy_predicate.mean.policy_directly_related_to_business,0.00000000,7
2025-08-01,2025-08-31,month,hybrid_rules,legacy_predicate.mean.risk_or_uncertainty_disclosure,0.00000000,7
2025-08-01,2025-08-31,month,hybrid_rules,legacy_predicate.mean.social_attention_spikes,0.50000000,7
2025-08-01,2025-08-31,month,hybrid_rules,legacy_predicate.mean.source_company_announcement,0.00000000,7
2025-08-01,2025-08-31,month,hybrid_rules,legacy_predicate.mean.source_government_or_exchange,0.50000000,7
2025-08-01,2025-08-31,month,hybrid_rules,legacy_predicate.mean.source_major_media,0.50000000,7
2025-08-01,2025-08-31,month,hybrid_rules,legacy_predicate.mean.supply_side_policy,0.00000000,7
2025-08-01,2025-08-31,month,hybrid_rules,macro_predicate.hit_rate.capacity_enters_production,0.00000000,7
2025-08-01,2025-08-31,month,hybrid_rules,macro_predicate.hit_rate.capacity_under_construction,0.00000000,7
2025-08-01,2025-08-31,month,hybrid_rules,macro_predicate.hit_rate.export_demand_improves,0.00000000,7
2025-08-01,2025-08-31,month,hybrid_rules,macro_predicate.hit_rate.financing_constraint_eases,0.00000000,7
2025-08-01,2025-08-31,month,hybrid_rules,macro_predicate.hit_rate.grid_investment_accelerates,0.00000000,7
2025-08-01,2025-08-31,month,hybrid_rules,macro_predicate.hit_rate.industry_competition_intensifies,0.14285714,7
2025-08-01,2025-08-31,month,hybrid_rules,macro_predicate.hit_rate.inventory_pressure_increases,0.00000000,7
2025-08-01,2025-08-31,month,hybrid_rules,macro_predicate.hit_rate.order_demand_improves,0.00000000,7
2025-08-01,2025-08-31,month,hybrid_rules,macro_predicate.hit_rate.policy_accelerates_project_implementation,0.14285714,7
2025-08-01,2025-08-31,month,hybrid_rules,macro_predicate.hit_rate.policy_expands_effective_demand,0.14285714,7
2025-08-01,2025-08-31,month,hybrid_rules,macro_predicate.hit_rate.product_price_recovers,0.00000000,7
2025-08-01,2025-08-31,month,hybrid_rules,macro_predicate.hit_rate.raw_material_cost_pressure,0.00000000,7
2025-08-01,2025-08-31,month,hybrid_rules,macro_predicate.net.capacity_enters_production,0.00000000,7
2025-08-01,2025-08-31,month,hybrid_rules,macro_predicate.net.capacity_under_construction,0.00000000,7
2025-08-01,2025-08-31,month,hybrid_rules,macro_predicate.net.export_demand_improves,0.00000000,7
2025-08-01,2025-08-31,month,hybrid_rules,macro_predicate.net.financing_constraint_eases,0.00000000,7
2025-08-01,2025-08-31,month,hybrid_rules,macro_predicate.net.grid_investment_accelerates,0.00000000,7
2025-08-01,2025-08-31,month,hybrid_rules,macro_predicate.net.industry_competition_intensifies,-0.01500000,7
2025-08-01,2025-08-31,month,hybrid_rules,macro_predicate.net.inventory_pressure_increases,0.00000000,7
2025-08-01,2025-08-31,month,hybrid_rules,macro_predicate.net.order_demand_improves,0.00000000,7
2025-08-01,2025-08-31,month,hybrid_rules,macro_predicate.net.policy_accelerates_project_implementation,0.01200000,7
2025-08-01,2025-08-31,month,hybrid_rules,macro_predicate.net.policy_expands_effective_demand,0.02000000,7
2025-08-01,2025-08-31,month,hybrid_rules,macro_predicate.net.product_price_recovers,0.00000000,7
2025-08-01,2025-08-31,month,hybrid_rules,macro_predicate.net.raw_material_cost_pressure,0.00000000,7
2025-08-01,2025-08-31,month,hybrid_rules,source.share.announcement,0.42857143,7
2025-08-01,2025-08-31,month,hybrid_rules,source.share.ir_qa,0.00000000,7
2025-08-01,2025-08-31,month,hybrid_rules,source.share.news,0.28571429,7
2025-08-01,2025-08-31,month,hybrid_rules,source.share.policy,0.28571429,7
2025-08-01,2025-08-31,month,hybrid_rules,topic.share.battery,0.00000000,7
2025-08-01,2025-08-31,month,hybrid_rules,topic.share.grid,0.00000000,7
2025-08-01,2025-08-31,month,hybrid_rules,topic.share.photovoltaic,0.28571429,7
2025-08-01,2025-08-31,month,hybrid_rules,topic.share.storage,0.28571429,7
2025-08-01,2025-08-31,month,hybrid_rules,topic.share.wind,0.00000000,7
2025-09-01,2025-09-30,month,hybrid_rules,candidate.mean,0.00000000,5
2025-09-01,2025-09-30,month,hybrid_rules,candidate.p25,0.00000000,5
2025-09-01,2025-09-30,month,hybrid_rules,candidate.p50,0.00000000,5
2025-09-01,2025-09-30,month,hybrid_rules,candidate.p75,0.00000000,5
2025-09-01,2025-09-30,month,hybrid_rules,candidate.positive_share,0.00000000,5
2025-09-01,2025-09-30,month,hybrid_rules,candidate.std,0.00000000,5
2025-09-01,2025-09-30,month,hybrid_rules,coverage.ai_annotation_success_rate,0.60000000,5
2025-09-01,2025-09-30,month,hybrid_rules,coverage.document_count_log1p,1.79175947,5
2025-09-01,2025-09-30,month,hybrid_rules,coverage.event_count_log1p,2.56494936,5
2025-09-01,2025-09-30,month,hybrid_rules,coverage.independent_source_count_log1p,1.79175947,5
2025-09-01,2025-09-30,month,hybrid_rules,evidence.entity_confidence_mean,0.72789474,5
2025-09-01,2025-09-30,month,hybrid_rules,evidence.event_strength_mean,0.81000000,5
2025-09-01,2025-09-30,month,hybrid_rules,frozen_rule.supporting_document_share,0.00000000,5
2025-09-01,2025-09-30,month,hybrid_rules,frozen_rule.unique_rule_count_log1p,0.00000000,5
2025-09-01,2025-09-30,month,hybrid_rules,macro_predicate.hit_rate.capacity_enters_production,0.20000000,5
2025-09-01,2025-09-30,month,hybrid_rules,macro_predicate.hit_rate.capacity_under_construction,0.00000000,5
2025-09-01,2025-09-30,month,hybrid_rules,macro_predicate.hit_rate.export_demand_improves,0.20000000,5
2025-09-01,2025-09-30,month,hybrid_rules,macro_predicate.hit_rate.financing_constraint_eases,0.00000000,5
2025-09-01,2025-09-30,month,hybrid_rules,macro_predicate.hit_rate.grid_investment_accelerates,0.00000000,5
2025-09-01,2025-09-30,month,hybrid_rules,macro_predicate.hit_rate.industry_competition_intensifies,0.20000000,5
2025-09-01,2025-09-30,month,hybrid_rules,macro_predicate.hit_rate.inventory_pressure_increases,0.00000000,5
2025-09-01,2025-09-30,month,hybrid_rules,macro_predicate.hit_rate.order_demand_improves,0.00000000,5
2025-09-01,2025-09-30,month,hybrid_rules,macro_predicate.hit_rate.policy_accelerates_project_implementation,0.40000000,5
2025-09-01,2025-09-30,month,hybrid_rules,macro_predicate.hit_rate.policy_expands_effective_demand,0.00000000,5
2025-09-01,2025-09-30,month,hybrid_rules,macro_predicate.hit_rate.product_price_recovers,0.00000000,5
2025-09-01,2025-09-30,month,hybrid_rules,macro_predicate.hit_rate.raw_material_cost_pressure,0.00000000,5
2025-09-01,2025-09-30,month,hybrid_rules,macro_predicate.net.capacity_enters_production,0.12960000,5
2025-09-01,2025-09-30,month,hybrid_rules,macro_predicate.net.capacity_under_construction,0.00000000,5
2025-09-01,2025-09-30,month,hybrid_rules,macro_predicate.net.export_demand_improves,0.12960000,5
2025-09-01,2025-09-30,month,hybrid_rules,macro_predicate.net.financing_constraint_eases,0.00000000,5
2025-09-01,2025-09-30,month,hybrid_rules,macro_predicate.net.grid_investment_accelerates,0.00000000,5
2025-09-01,2025-09-30,month,hybrid_rules,macro_predicate.net.industry_competition_intensifies,-0.12960000,5
2025-09-01,2025-09-30,month,hybrid_rules,macro_predicate.net.inventory_pressure_increases,0.00000000,5
2025-09-01,2025-09-30,month,hybrid_rules,macro_predicate.net.order_demand_improves,0.00000000,5
2025-09-01,2025-09-30,month,hybrid_rules,macro_predicate.net.policy_accelerates_project_implementation,0.27880000,5
2025-09-01,2025-09-30,month,hybrid_rules,macro_predicate.net.policy_expands_effective_demand,0.00000000,5
2025-09-01,2025-09-30,month,hybrid_rules,macro_predicate.net.product_price_recovers,0.00000000,5
2025-09-01,2025-09-30,month,hybrid_rules,macro_predicate.net.raw_material_cost_pressure,0.00000000,5
2025-09-01,2025-09-30,month,hybrid_rules,source.share.announcement,0.40000000,5
2025-09-01,2025-09-30,month,hybrid_rules,source.share.ir_qa,0.00000000,5
2025-09-01,2025-09-30,month,hybrid_rules,source.share.news,0.20000000,5
2025-09-01,2025-09-30,month,hybrid_rules,source.share.policy,0.40000000,5
2025-09-01,2025-09-30,month,hybrid_rules,topic.share.battery,0.20000000,5
2025-09-01,2025-09-30,month,hybrid_rules,topic.share.grid,0.00000000,5
2025-09-01,2025-09-30,month,hybrid_rules,topic.share.photovoltaic,0.20000000,5
2025-09-01,2025-09-30,month,hybrid_rules,topic.share.storage,0.00000000,5
2025-09-01,2025-09-30,month,hybrid_rules,topic.share.wind,0.00000000,5
2025-10-01,2025-10-31,month,hybrid_rules,candidate.mean,1.15308800,8
2025-10-01,2025-10-31,month,hybrid_rules,candidate.p25,1.15308800,8
2025-10-01,2025-10-31,month,hybrid_rules,candidate.p50,1.15308800,8
2025-10-01,2025-10-31,month,hybrid_rules,candidate.p75,1.15308800,8
2025-10-01,2025-10-31,month,hybrid_rules,candidate.positive_share,1.00000000,8
2025-10-01,2025-10-31,month,hybrid_rules,candidate.std,0.00000000,8
2025-10-01,2025-10-31,month,hybrid_rules,coverage.ai_annotation_success_rate,0.62500000,8
2025-10-01,2025-10-31,month,hybrid_rules,coverage.document_count_log1p,2.19722458,8
2025-10-01,2025-10-31,month,hybrid_rules,coverage.event_count_log1p,2.48490665,8
2025-10-01,2025-10-31,month,hybrid_rules,coverage.independent_source_count_log1p,2.19722458,8
2025-10-01,2025-10-31,month,hybrid_rules,evidence.entity_confidence_mean,0.78058824,8
2025-10-01,2025-10-31,month,hybrid_rules,evidence.event_strength_mean,0.88181818,8
2025-10-01,2025-10-31,month,hybrid_rules,frozen_rule.supporting_document_share,0.50000000,8
2025-10-01,2025-10-31,month,hybrid_rules,frozen_rule.unique_rule_count_log1p,1.09861229,8
2025-10-01,2025-10-31,month,hybrid_rules,legacy_predicate.confidence.announcement_contains_uncertainty,0.78000000,8
2025-10-01,2025-10-31,month,hybrid_rules,legacy_predicate.confidence.capacity_policy_support,0.79000000,8
2025-10-01,2025-10-31,month,hybrid_rules,legacy_predicate.confidence.demand_side_policy,0.80000000,8
2025-10-01,2025-10-31,month,hybrid_rules,legacy_predicate.confidence.event_evidence_strength,0.92000000,8
2025-10-01,2025-10-31,month,hybrid_rules,legacy_predicate.confidence.event_has_short_term_price_impact,0.70000000,8
2025-10-01,2025-10-31,month,hybrid_rules,legacy_predicate.confidence.event_mentions_core_product,0.74000000,8
2025-10-01,2025-10-31,month,hybrid_rules,legacy_predicate.confidence.evidence_from_authoritative_source,0.94000000,8
2025-10-01,2025-10-31,month,hybrid_rules,legacy_predicate.confidence.has_policy_support,0.96000000,8
2025-10-01,2025-10-31,month,hybrid_rules,legacy_predicate.confidence.institutional_attention_increases,0.70000000,8
2025-10-01,2025-10-31,month,hybrid_rules,legacy_predicate.confidence.investor_questions_increase,0.82000000,8
2025-10-01,2025-10-31,month,hybrid_rules,legacy_predicate.confidence.management_response_vague,0.76000000,8
2025-10-01,2025-10-31,month,hybrid_rules,legacy_predicate.confidence.policy_attention_followup,0.84000000,8
2025-10-01,2025-10-31,month,hybrid_rules,legacy_predicate.confidence.policy_directly_related_to_business,0.78000000,8
2025-10-01,2025-10-31,month,hybrid_rules,legacy_predicate.confidence.risk_or_uncertainty_disclosure,0.78000000,8
2025-10-01,2025-10-31,month,hybrid_rules,legacy_predicate.confidence.social_attention_spikes,0.68000000,8
2025-10-01,2025-10-31,month,hybrid_rules,legacy_predicate.confidence.source_company_announcement,0.78000000,8
2025-10-01,2025-10-31,month,hybrid_rules,legacy_predicate.confidence.source_government_or_exchange,0.95000000,8
2025-10-01,2025-10-31,month,hybrid_rules,legacy_predicate.confidence.source_major_media,0.76000000,8
2025-10-01,2025-10-31,month,hybrid_rules,legacy_predicate.confidence.supply_side_policy,0.79000000,8
2025-10-01,2025-10-31,month,hybrid_rules,legacy_predicate.mean.announcement_contains_uncertainty,0.00000000,8
2025-10-01,2025-10-31,month,hybrid_rules,legacy_predicate.mean.capacity_policy_support,0.50000000,8
2025-10-01,2025-10-31,month,hybrid_rules,legacy_predicate.mean.demand_side_policy,0.50000000,8
2025-10-01,2025-10-31,month,hybrid_rules,legacy_predicate.mean.event_evidence_strength,0.94000000,8
2025-10-01,2025-10-31,month,hybrid_rules,legacy_predicate.mean.event_has_short_term_price_impact,0.78000000,8
2025-10-01,2025-10-31,month,hybrid_rules,legacy_predicate.mean.event_mentions_core_product,0.00000000,8
2025-10-01,2025-10-31,month,hybrid_rules,legacy_predicate.mean.evidence_from_authoritative_source,1.00000000,8
2025-10-01,2025-10-31,month,hybrid_rules,legacy_predicate.mean.has_policy_support,1.00000000,8
2025-10-01,2025-10-31,month,hybrid_rules,legacy_predicate.mean.institutional_attention_increases,0.00000000,8
2025-10-01,2025-10-31,month,hybrid_rules,legacy_predicate.mean.investor_questions_increase,0.00000000,8
2025-10-01,2025-10-31,month,hybrid_rules,legacy_predicate.mean.management_response_vague,0.00000000,8
2025-10-01,2025-10-31,month,hybrid_rules,legacy_predicate.mean.policy_attention_followup,1.00000000,8
2025-10-01,2025-10-31,month,hybrid_rules,legacy_predicate.mean.policy_directly_related_to_business,0.00000000,8
2025-10-01,2025-10-31,month,hybrid_rules,legacy_predicate.mean.risk_or_uncertainty_disclosure,0.00000000,8
2025-10-01,2025-10-31,month,hybrid_rules,legacy_predicate.mean.social_attention_spikes,0.00000000,8
2025-10-01,2025-10-31,month,hybrid_rules,legacy_predicate.mean.source_company_announcement,0.00000000,8
2025-10-01,2025-10-31,month,hybrid_rules,legacy_predicate.mean.source_government_or_exchange,1.00000000,8
2025-10-01,2025-10-31,month,hybrid_rules,legacy_predicate.mean.source_major_media,0.00000000,8
2025-10-01,2025-10-31,month,hybrid_rules,legacy_predicate.mean.supply_side_policy,0.50000000,8
2025-10-01,2025-10-31,month,hybrid_rules,macro_predicate.hit_rate.capacity_enters_production,0.00000000,8
2025-10-01,2025-10-31,month,hybrid_rules,macro_predicate.hit_rate.capacity_under_construction,0.00000000,8
2025-10-01,2025-10-31,month,hybrid_rules,macro_predicate.hit_rate.export_demand_improves,0.00000000,8
2025-10-01,2025-10-31,month,hybrid_rules,macro_predicate.hit_rate.financing_constraint_eases,0.00000000,8
2025-10-01,2025-10-31,month,hybrid_rules,macro_predicate.hit_rate.grid_investment_accelerates,0.00000000,8
2025-10-01,2025-10-31,month,hybrid_rules,macro_predicate.hit_rate.industry_competition_intensifies,0.00000000,8
2025-10-01,2025-10-31,month,hybrid_rules,macro_predicate.hit_rate.inventory_pressure_increases,0.00000000,8
2025-10-01,2025-10-31,month,hybrid_rules,macro_predicate.hit_rate.order_demand_improves,0.00000000,8
2025-10-01,2025-10-31,month,hybrid_rules,macro_predicate.hit_rate.policy_accelerates_project_implementation,0.00000000,8
2025-10-01,2025-10-31,month,hybrid_rules,macro_predicate.hit_rate.policy_expands_effective_demand,0.25000000,8
2025-10-01,2025-10-31,month,hybrid_rules,macro_predicate.hit_rate.product_price_recovers,0.00000000,8
2025-10-01,2025-10-31,month,hybrid_rules,macro_predicate.hit_rate.raw_material_cost_pressure,0.00000000,8
2025-10-01,2025-10-31,month,hybrid_rules,macro_predicate.net.capacity_enters_production,0.00000000,8
2025-10-01,2025-10-31,month,hybrid_rules,macro_predicate.net.capacity_under_construction,0.00000000,8
2025-10-01,2025-10-31,month,hybrid_rules,macro_predicate.net.export_demand_improves,0.00000000,8
2025-10-01,2025-10-31,month,hybrid_rules,macro_predicate.net.financing_constraint_eases,0.00000000,8
2025-10-01,2025-10-31,month,hybrid_rules,macro_predicate.net.grid_investment_accelerates,0.00000000,8
2025-10-01,2025-10-31,month,hybrid_rules,macro_predicate.net.industry_competition_intensifies,0.00000000,8
2025-10-01,2025-10-31,month,hybrid_rules,macro_predicate.net.inventory_pressure_increases,0.00000000,8
2025-10-01,2025-10-31,month,hybrid_rules,macro_predicate.net.order_demand_improves,0.00000000,8
2025-10-01,2025-10-31,month,hybrid_rules,macro_predicate.net.policy_accelerates_project_implementation,0.00000000,8
2025-10-01,2025-10-31,month,hybrid_rules,macro_predicate.net.policy_expands_effective_demand,0.04375000,8
2025-10-01,2025-10-31,month,hybrid_rules,macro_predicate.net.product_price_recovers,0.00000000,8
2025-10-01,2025-10-31,month,hybrid_rules,macro_predicate.net.raw_material_cost_pressure,0.00000000,8
2025-10-01,2025-10-31,month,hybrid_rules,source.share.announcement,0.75000000,8
2025-10-01,2025-10-31,month,hybrid_rules,source.share.ir_qa,0.00000000,8
2025-10-01,2025-10-31,month,hybrid_rules,source.share.news,0.00000000,8
2025-10-01,2025-10-31,month,hybrid_rules,source.share.policy,0.25000000,8
2025-10-01,2025-10-31,month,hybrid_rules,topic.share.battery,0.00000000,8
2025-10-01,2025-10-31,month,hybrid_rules,topic.share.grid,0.00000000,8
2025-10-01,2025-10-31,month,hybrid_rules,topic.share.photovoltaic,0.00000000,8
2025-10-01,2025-10-31,month,hybrid_rules,topic.share.storage,0.00000000,8
2025-10-01,2025-10-31,month,hybrid_rules,topic.share.wind,0.00000000,8
2025-11-01,2025-11-30,month,hybrid_rules,candidate.mean,1.15308800,2
2025-11-01,2025-11-30,month,hybrid_rules,candidate.p25,1.15308800,2
2025-11-01,2025-11-30,month,hybrid_rules,candidate.p50,1.15308800,2
2025-11-01,2025-11-30,month,hybrid_rules,candidate.p75,1.15308800,2
2025-11-01,2025-11-30,month,hybrid_rules,candidate.positive_share,1.00000000,2
2025-11-01,2025-11-30,month,hybrid_rules,candidate.std,0.00000000,2
2025-11-01,2025-11-30,month,hybrid_rules,coverage.ai_annotation_success_rate,0.00000000,2
2025-11-01,2025-11-30,month,hybrid_rules,coverage.document_count_log1p,1.09861229,2
2025-11-01,2025-11-30,month,hybrid_rules,coverage.event_count_log1p,0.69314718,2
2025-11-01,2025-11-30,month,hybrid_rules,coverage.independent_source_count_log1p,1.09861229,2
2025-11-01,2025-11-30,month,hybrid_rules,evidence.entity_confidence_mean,0.94500000,2
2025-11-01,2025-11-30,month,hybrid_rules,evidence.event_strength_mean,0.98000000,2
2025-11-01,2025-11-30,month,hybrid_rules,frozen_rule.supporting_document_share,0.50000000,2
2025-11-01,2025-11-30,month,hybrid_rules,frozen_rule.unique_rule_count_log1p,1.09861229,2
2025-11-01,2025-11-30,month,hybrid_rules,legacy_predicate.confidence.announcement_contains_uncertainty,0.78000000,2
2025-11-01,2025-11-30,month,hybrid_rules,legacy_predicate.confidence.capacity_policy_support,0.84000000,2
2025-11-01,2025-11-30,month,hybrid_rules,legacy_predicate.confidence.demand_side_policy,0.86000000,2
2025-11-01,2025-11-30,month,hybrid_rules,legacy_predicate.confidence.event_evidence_strength,0.92000000,2
2025-11-01,2025-11-30,month,hybrid_rules,legacy_predicate.confidence.event_has_short_term_price_impact,0.70000000,2
2025-11-01,2025-11-30,month,hybrid_rules,legacy_predicate.confidence.event_mentions_core_product,0.74000000,2
2025-11-01,2025-11-30,month,hybrid_rules,legacy_predicate.confidence.evidence_from_authoritative_source,0.94000000,2
2025-11-01,2025-11-30,month,hybrid_rules,legacy_predicate.confidence.has_policy_support,0.96000000,2
2025-11-01,2025-11-30,month,hybrid_rules,legacy_predicate.confidence.institutional_attention_increases,0.70000000,2
2025-11-01,2025-11-30,month,hybrid_rules,legacy_predicate.confidence.investor_questions_increase,0.82000000,2
2025-11-01,2025-11-30,month,hybrid_rules,legacy_predicate.confidence.management_response_vague,0.76000000,2
2025-11-01,2025-11-30,month,hybrid_rules,legacy_predicate.confidence.policy_attention_followup,0.84000000,2
2025-11-01,2025-11-30,month,hybrid_rules,legacy_predicate.confidence.policy_directly_related_to_business,0.78000000,2
2025-11-01,2025-11-30,month,hybrid_rules,legacy_predicate.confidence.risk_or_uncertainty_disclosure,0.78000000,2
2025-11-01,2025-11-30,month,hybrid_rules,legacy_predicate.confidence.social_attention_spikes,0.68000000,2
2025-11-01,2025-11-30,month,hybrid_rules,legacy_predicate.confidence.source_company_announcement,0.78000000,2
2025-11-01,2025-11-30,month,hybrid_rules,legacy_predicate.confidence.source_government_or_exchange,0.95000000,2
2025-11-01,2025-11-30,month,hybrid_rules,legacy_predicate.confidence.source_major_media,0.76000000,2
2025-11-01,2025-11-30,month,hybrid_rules,legacy_predicate.confidence.supply_side_policy,0.84000000,2
2025-11-01,2025-11-30,month,hybrid_rules,legacy_predicate.mean.announcement_contains_uncertainty,0.00000000,2
2025-11-01,2025-11-30,month,hybrid_rules,legacy_predicate.mean.capacity_policy_support,1.00000000,2
2025-11-01,2025-11-30,month,hybrid_rules,legacy_predicate.mean.demand_side_policy,1.00000000,2
2025-11-01,2025-11-30,month,hybrid_rules,legacy_predicate.mean.event_evidence_strength,0.94000000,2
2025-11-01,2025-11-30,month,hybrid_rules,legacy_predicate.mean.event_has_short_term_price_impact,0.78000000,2
2025-11-01,2025-11-30,month,hybrid_rules,legacy_predicate.mean.event_mentions_core_product,0.00000000,2
2025-11-01,2025-11-30,month,hybrid_rules,legacy_predicate.mean.evidence_from_authoritative_source,1.00000000,2
2025-11-01,2025-11-30,month,hybrid_rules,legacy_predicate.mean.has_policy_support,1.00000000,2
2025-11-01,2025-11-30,month,hybrid_rules,legacy_predicate.mean.institutional_attention_increases,0.00000000,2
2025-11-01,2025-11-30,month,hybrid_rules,legacy_predicate.mean.investor_questions_increase,0.00000000,2
2025-11-01,2025-11-30,month,hybrid_rules,legacy_predicate.mean.management_response_vague,0.00000000,2
2025-11-01,2025-11-30,month,hybrid_rules,legacy_predicate.mean.policy_attention_followup,1.00000000,2
2025-11-01,2025-11-30,month,hybrid_rules,legacy_predicate.mean.policy_directly_related_to_business,0.00000000,2
2025-11-01,2025-11-30,month,hybrid_rules,legacy_predicate.mean.risk_or_uncertainty_disclosure,0.00000000,2
2025-11-01,2025-11-30,month,hybrid_rules,legacy_predicate.mean.social_attention_spikes,0.00000000,2
2025-11-01,2025-11-30,month,hybrid_rules,legacy_predicate.mean.source_company_announcement,0.00000000,2
2025-11-01,2025-11-30,month,hybrid_rules,legacy_predicate.mean.source_government_or_exchange,1.00000000,2
2025-11-01,2025-11-30,month,hybrid_rules,legacy_predicate.mean.source_major_media,0.00000000,2
2025-11-01,2025-11-30,month,hybrid_rules,legacy_predicate.mean.supply_side_policy,1.00000000,2
2025-11-01,2025-11-30,month,hybrid_rules,macro_predicate.hit_rate.capacity_enters_production,0.00000000,2
2025-11-01,2025-11-30,month,hybrid_rules,macro_predicate.hit_rate.capacity_under_construction,0.50000000,2
2025-11-01,2025-11-30,month,hybrid_rules,macro_predicate.hit_rate.export_demand_improves,0.00000000,2
2025-11-01,2025-11-30,month,hybrid_rules,macro_predicate.hit_rate.financing_constraint_eases,0.00000000,2
2025-11-01,2025-11-30,month,hybrid_rules,macro_predicate.hit_rate.grid_investment_accelerates,0.00000000,2
2025-11-01,2025-11-30,month,hybrid_rules,macro_predicate.hit_rate.industry_competition_intensifies,0.00000000,2
2025-11-01,2025-11-30,month,hybrid_rules,macro_predicate.hit_rate.inventory_pressure_increases,0.00000000,2
2025-11-01,2025-11-30,month,hybrid_rules,macro_predicate.hit_rate.order_demand_improves,0.50000000,2
2025-11-01,2025-11-30,month,hybrid_rules,macro_predicate.hit_rate.policy_accelerates_project_implementation,0.50000000,2
2025-11-01,2025-11-30,month,hybrid_rules,macro_predicate.hit_rate.policy_expands_effective_demand,0.50000000,2
2025-11-01,2025-11-30,month,hybrid_rules,macro_predicate.hit_rate.product_price_recovers,0.00000000,2
2025-11-01,2025-11-30,month,hybrid_rules,macro_predicate.hit_rate.raw_material_cost_pressure,0.00000000,2
2025-11-01,2025-11-30,month,hybrid_rules,macro_predicate.net.capacity_enters_production,0.00000000,2
2025-11-01,2025-11-30,month,hybrid_rules,macro_predicate.net.capacity_under_construction,0.34968750,2
2025-11-01,2025-11-30,month,hybrid_rules,macro_predicate.net.export_demand_improves,0.00000000,2
2025-11-01,2025-11-30,month,hybrid_rules,macro_predicate.net.financing_constraint_eases,0.00000000,2
2025-11-01,2025-11-30,month,hybrid_rules,macro_predicate.net.grid_investment_accelerates,0.00000000,2
2025-11-01,2025-11-30,month,hybrid_rules,macro_predicate.net.industry_competition_intensifies,0.00000000,2
2025-11-01,2025-11-30,month,hybrid_rules,macro_predicate.net.inventory_pressure_increases,0.00000000,2
2025-11-01,2025-11-30,month,hybrid_rules,macro_predicate.net.order_demand_improves,0.07000000,2
2025-11-01,2025-11-30,month,hybrid_rules,macro_predicate.net.policy_accelerates_project_implementation,0.37300000,2
2025-11-01,2025-11-30,month,hybrid_rules,macro_predicate.net.policy_expands_effective_demand,0.37300000,2
2025-11-01,2025-11-30,month,hybrid_rules,macro_predicate.net.product_price_recovers,0.00000000,2
2025-11-01,2025-11-30,month,hybrid_rules,macro_predicate.net.raw_material_cost_pressure,0.00000000,2
2025-11-01,2025-11-30,month,hybrid_rules,source.share.announcement,1.00000000,2
2025-11-01,2025-11-30,month,hybrid_rules,source.share.ir_qa,0.00000000,2
2025-11-01,2025-11-30,month,hybrid_rules,source.share.news,0.00000000,2
2025-11-01,2025-11-30,month,hybrid_rules,source.share.policy,0.00000000,2
2025-11-01,2025-11-30,month,hybrid_rules,topic.share.battery,0.00000000,2
2025-11-01,2025-11-30,month,hybrid_rules,topic.share.grid,0.00000000,2
2025-11-01,2025-11-30,month,hybrid_rules,topic.share.photovoltaic,0.00000000,2
2025-11-01,2025-11-30,month,hybrid_rules,topic.share.storage,0.00000000,2
2025-11-01,2025-11-30,month,hybrid_rules,topic.share.wind,0.00000000,2
2025-12-01,2025-12-31,month,hybrid_rules,candidate.mean,1.06320925,18
2025-12-01,2025-12-31,month,hybrid_rules,candidate.p25,1.14176000,18
2025-12-01,2025-12-31,month,hybrid_rules,candidate.p50,1.14176000,18
2025-12-01,2025-12-31,month,hybrid_rules,candidate.p75,1.14459200,18
2025-12-01,2025-12-31,month,hybrid_rules,candidate.positive_share,1.00000000,18
2025-12-01,2025-12-31,month,hybrid_rules,candidate.std,0.21644185,18
2025-12-01,2025-12-31,month,hybrid_rules,coverage.ai_annotation_success_rate,0.38888889,18
2025-12-01,2025-12-31,month,hybrid_rules,coverage.document_count_log1p,2.94443898,18
2025-12-01,2025-12-31,month,hybrid_rules,coverage.event_count_log1p,2.63905733,18
2025-12-01,2025-12-31,month,hybrid_rules,coverage.independent_source_count_log1p,2.94443898,18
2025-12-01,2025-12-31,month,hybrid_rules,evidence.entity_confidence_mean,0.74807018,18
2025-12-01,2025-12-31,month,hybrid_rules,evidence.event_strength_mean,0.83692308,18
2025-12-01,2025-12-31,month,hybrid_rules,frozen_rule.supporting_document_share,0.22222222,18
2025-12-01,2025-12-31,month,hybrid_rules,frozen_rule.unique_rule_count_log1p,1.60943791,18
2025-12-01,2025-12-31,month,hybrid_rules,legacy_predicate.confidence.announcement_contains_uncertainty,0.78000000,18
2025-12-01,2025-12-31,month,hybrid_rules,legacy_predicate.confidence.capacity_policy_support,0.76500000,18
2025-12-01,2025-12-31,month,hybrid_rules,legacy_predicate.confidence.demand_side_policy,0.77000000,18
2025-12-01,2025-12-31,month,hybrid_rules,legacy_predicate.confidence.event_evidence_strength,0.92000000,18
2025-12-01,2025-12-31,month,hybrid_rules,legacy_predicate.confidence.event_has_short_term_price_impact,0.70000000,18
2025-12-01,2025-12-31,month,hybrid_rules,legacy_predicate.confidence.event_mentions_core_product,0.80416667,18
2025-12-01,2025-12-31,month,hybrid_rules,legacy_predicate.confidence.evidence_from_authoritative_source,0.93083333,18
2025-12-01,2025-12-31,month,hybrid_rules,legacy_predicate.confidence.has_policy_support,0.95333333,18
2025-12-01,2025-12-31,month,hybrid_rules,legacy_predicate.confidence.institutional_attention_increases,0.70000000,18
2025-12-01,2025-12-31,month,hybrid_rules,legacy_predicate.confidence.investor_questions_increase,0.82000000,18
2025-12-01,2025-12-31,month,hybrid_rules,legacy_predicate.confidence.management_response_vague,0.76000000,18
2025-12-01,2025-12-31,month,hybrid_rules,legacy_predicate.confidence.policy_attention_followup,0.77583333,18
2025-12-01,2025-12-31,month,hybrid_rules,legacy_predicate.confidence.policy_directly_related_to_business,0.83000000,18
2025-12-01,2025-12-31,month,hybrid_rules,legacy_predicate.confidence.risk_or_uncertainty_disclosure,0.78333333,18
2025-12-01,2025-12-31,month,hybrid_rules,legacy_predicate.confidence.social_attention_spikes,0.68000000,18
2025-12-01,2025-12-31,month,hybrid_rules,legacy_predicate.confidence.source_company_announcement,0.78666667,18
2025-12-01,2025-12-31,month,hybrid_rules,legacy_predicate.confidence.source_government_or_exchange,0.93416667,18
2025-12-01,2025-12-31,month,hybrid_rules,legacy_predicate.confidence.source_major_media,0.76000000,18
2025-12-01,2025-12-31,month,hybrid_rules,legacy_predicate.confidence.supply_side_policy,0.76500000,18
2025-12-01,2025-12-31,month,hybrid_rules,legacy_predicate.mean.announcement_contains_uncertainty,0.00000000,18
2025-12-01,2025-12-31,month,hybrid_rules,legacy_predicate.mean.capacity_policy_support,0.25000000,18
2025-12-01,2025-12-31,month,hybrid_rules,legacy_predicate.mean.demand_side_policy,0.25000000,18
2025-12-01,2025-12-31,month,hybrid_rules,legacy_predicate.mean.event_evidence_strength,0.94000000,18
2025-12-01,2025-12-31,month,hybrid_rules,legacy_predicate.mean.event_has_short_term_price_impact,0.78000000,18
2025-12-01,2025-12-31,month,hybrid_rules,legacy_predicate.mean.event_mentions_core_product,0.50000000,18
2025-12-01,2025-12-31,month,hybrid_rules,legacy_predicate.mean.evidence_from_authoritative_source,1.00000000,18
2025-12-01,2025-12-31,month,hybrid_rules,legacy_predicate.mean.has_policy_support,1.00000000,18
2025-12-01,2025-12-31,month,hybrid_rules,legacy_predicate.mean.institutional_attention_increases,0.00000000,18
2025-12-01,2025-12-31,month,hybrid_rules,legacy_predicate.mean.investor_questions_increase,0.00000000,18
2025-12-01,2025-12-31,month,hybrid_rules,legacy_predicate.mean.management_response_vague,0.00000000,18
2025-12-01,2025-12-31,month,hybrid_rules,legacy_predicate.mean.policy_attention_followup,0.75000000,18
2025-12-01,2025-12-31,month,hybrid_rules,legacy_predicate.mean.policy_directly_related_to_business,0.50000000,18
2025-12-01,2025-12-31,month,hybrid_rules,legacy_predicate.mean.risk_or_uncertainty_disclosure,0.25000000,18
2025-12-01,2025-12-31,month,hybrid_rules,legacy_predicate.mean.social_attention_spikes,0.00000000,18
2025-12-01,2025-12-31,month,hybrid_rules,legacy_predicate.mean.source_company_announcement,0.25000000,18
2025-12-01,2025-12-31,month,hybrid_rules,legacy_predicate.mean.source_government_or_exchange,1.00000000,18
2025-12-01,2025-12-31,month,hybrid_rules,legacy_predicate.mean.source_major_media,0.00000000,18
2025-12-01,2025-12-31,month,hybrid_rules,legacy_predicate.mean.supply_side_policy,0.25000000,18
2025-12-01,2025-12-31,month,hybrid_rules,macro_predicate.hit_rate.capacity_enters_production,0.00000000,18
2025-12-01,2025-12-31,month,hybrid_rules,macro_predicate.hit_rate.capacity_under_construction,0.05555556,18
2025-12-01,2025-12-31,month,hybrid_rules,macro_predicate.hit_rate.export_demand_improves,0.05555556,18
2025-12-01,2025-12-31,month,hybrid_rules,macro_predicate.hit_rate.financing_constraint_eases,0.22222222,18
2025-12-01,2025-12-31,month,hybrid_rules,macro_predicate.hit_rate.grid_investment_accelerates,0.00000000,18
2025-12-01,2025-12-31,month,hybrid_rules,macro_predicate.hit_rate.industry_competition_intensifies,0.16666667,18
2025-12-01,2025-12-31,month,hybrid_rules,macro_predicate.hit_rate.inventory_pressure_increases,0.11111111,18
2025-12-01,2025-12-31,month,hybrid_rules,macro_predicate.hit_rate.order_demand_improves,0.11111111,18
2025-12-01,2025-12-31,month,hybrid_rules,macro_predicate.hit_rate.policy_accelerates_project_implementation,0.05555556,18
2025-12-01,2025-12-31,month,hybrid_rules,macro_predicate.hit_rate.policy_expands_effective_demand,0.16666667,18
2025-12-01,2025-12-31,month,hybrid_rules,macro_predicate.hit_rate.product_price_recovers,0.16666667,18
2025-12-01,2025-12-31,month,hybrid_rules,macro_predicate.hit_rate.raw_material_cost_pressure,0.16666667,18
2025-12-01,2025-12-31,month,hybrid_rules,macro_predicate.net.capacity_enters_production,0.00000000,18
2025-12-01,2025-12-31,month,hybrid_rules,macro_predicate.net.capacity_under_construction,0.00500000,18
2025-12-01,2025-12-31,month,hybrid_rules,macro_predicate.net.export_demand_improves,0.00972222,18
2025-12-01,2025-12-31,month,hybrid_rules,macro_predicate.net.financing_constraint_eases,0.16033333,18
2025-12-01,2025-12-31,month,hybrid_rules,macro_predicate.net.grid_investment_accelerates,0.00000000,18
2025-12-01,2025-12-31,month,hybrid_rules,macro_predicate.net.industry_competition_intensifies,-0.04594444,18
2025-12-01,2025-12-31,month,hybrid_rules,macro_predicate.net.inventory_pressure_increases,-0.01500000,18
2025-12-01,2025-12-31,month,hybrid_rules,macro_predicate.net.order_demand_improves,0.04541667,18
2025-12-01,2025-12-31,month,hybrid_rules,macro_predicate.net.policy_accelerates_project_implementation,0.03600000,18
2025-12-01,2025-12-31,month,hybrid_rules,macro_predicate.net.policy_expands_effective_demand,0.07977778,18
2025-12-01,2025-12-31,month,hybrid_rules,macro_predicate.net.product_price_recovers,0.09908333,18
2025-12-01,2025-12-31,month,hybrid_rules,macro_predicate.net.raw_material_cost_pressure,-0.10436111,18
2025-12-01,2025-12-31,month,hybrid_rules,source.share.announcement,0.66666667,18
2025-12-01,2025-12-31,month,hybrid_rules,source.share.ir_qa,0.00000000,18
2025-12-01,2025-12-31,month,hybrid_rules,source.share.news,0.27777778,18
2025-12-01,2025-12-31,month,hybrid_rules,source.share.policy,0.05555556,18
2025-12-01,2025-12-31,month,hybrid_rules,topic.share.battery,0.22222222,18
2025-12-01,2025-12-31,month,hybrid_rules,topic.share.grid,0.05555556,18
2025-12-01,2025-12-31,month,hybrid_rules,topic.share.photovoltaic,0.16666667,18
2025-12-01,2025-12-31,month,hybrid_rules,topic.share.storage,0.11111111,18
2025-12-01,2025-12-31,month,hybrid_rules,topic.share.wind,0.05555556,18
2026-01-01,2026-02-28,jan_feb_combined,hybrid_rules,candidate.mean,0.49403850,23
2026-01-01,2026-02-28,jan_feb_combined,hybrid_rules,candidate.p25,0.49236825,23
2026-01-01,2026-02-28,jan_feb_combined,hybrid_rules,candidate.p50,0.49403850,23
2026-01-01,2026-02-28,jan_feb_combined,hybrid_rules,candidate.p75,0.49570875,23
2026-01-01,2026-02-28,jan_feb_combined,hybrid_rules,candidate.positive_share,1.00000000,23
2026-01-01,2026-02-28,jan_feb_combined,hybrid_rules,candidate.std,0.00334050,23
2026-01-01,2026-02-28,jan_feb_combined,hybrid_rules,coverage.ai_annotation_success_rate,0.91304348,23
2026-01-01,2026-02-28,jan_feb_combined,hybrid_rules,coverage.document_count_log1p,3.17805383,23
2026-01-01,2026-02-28,jan_feb_combined,hybrid_rules,coverage.event_count_log1p,4.00733319,23
2026-01-01,2026-02-28,jan_feb_combined,hybrid_rules,coverage.independent_source_count_log1p,3.17805383,23
2026-01-01,2026-02-28,jan_feb_combined,hybrid_rules,evidence.entity_confidence_mean,0.73250000,23
2026-01-01,2026-02-28,jan_feb_combined,hybrid_rules,evidence.event_strength_mean,0.85888889,23
2026-01-01,2026-02-28,jan_feb_combined,hybrid_rules,frozen_rule.supporting_document_share,0.08695652,23
2026-01-01,2026-02-28,jan_feb_combined,hybrid_rules,frozen_rule.unique_rule_count_log1p,0.69314718,23
2026-01-01,2026-02-28,jan_feb_combined,hybrid_rules,legacy_predicate.confidence.announcement_contains_uncertainty,0.78000000,23
2026-01-01,2026-02-28,jan_feb_combined,hybrid_rules,legacy_predicate.confidence.capacity_policy_support,0.75666667,23
2026-01-01,2026-02-28,jan_feb_combined,hybrid_rules,legacy_predicate.confidence.demand_side_policy,0.74000000,23
2026-01-01,2026-02-28,jan_feb_combined,hybrid_rules,legacy_predicate.confidence.event_evidence_strength,0.92000000,23
2026-01-01,2026-02-28,jan_feb_combined,hybrid_rules,legacy_predicate.confidence.event_has_short_term_price_impact,0.70000000,23
2026-01-01,2026-02-28,jan_feb_combined,hybrid_rules,legacy_predicate.confidence.event_mentions_core_product,0.81933333,23
2026-01-01,2026-02-28,jan_feb_combined,hybrid_rules,legacy_predicate.confidence.evidence_from_authoritative_source,0.77866667,23
2026-01-01,2026-02-28,jan_feb_combined,hybrid_rules,legacy_predicate.confidence.has_policy_support,0.88000000,23
2026-01-01,2026-02-28,jan_feb_combined,hybrid_rules,legacy_predicate.confidence.institutional_attention_increases,0.70000000,23
2026-01-01,2026-02-28,jan_feb_combined,hybrid_rules,legacy_predicate.confidence.investor_questions_increase,0.82000000,23
2026-01-01,2026-02-28,jan_feb_combined,hybrid_rules,legacy_predicate.confidence.management_response_vague,0.76000000,23
2026-01-01,2026-02-28,jan_feb_combined,hybrid_rules,legacy_predicate.confidence.policy_attention_followup,0.74666667,23
2026-01-01,2026-02-28,jan_feb_combined,hybrid_rules,legacy_predicate.confidence.policy_directly_related_to_business,0.78000000,23
2026-01-01,2026-02-28,jan_feb_combined,hybrid_rules,legacy_predicate.confidence.risk_or_uncertainty_disclosure,0.78800000,23
2026-01-01,2026-02-28,jan_feb_combined,hybrid_rules,legacy_predicate.confidence.social_attention_spikes,0.68000000,23
2026-01-01,2026-02-28,jan_feb_combined,hybrid_rules,legacy_predicate.confidence.source_company_announcement,0.82266667,23
2026-01-01,2026-02-28,jan_feb_combined,hybrid_rules,legacy_predicate.confidence.source_government_or_exchange,0.76000000,23
2026-01-01,2026-02-28,jan_feb_combined,hybrid_rules,legacy_predicate.confidence.source_major_media,0.76000000,23
2026-01-01,2026-02-28,jan_feb_combined,hybrid_rules,legacy_predicate.confidence.supply_side_policy,0.74000000,23
2026-01-01,2026-02-28,jan_feb_combined,hybrid_rules,legacy_predicate.mean.announcement_contains_uncertainty,0.00000000,23
2026-01-01,2026-02-28,jan_feb_combined,hybrid_rules,legacy_predicate.mean.capacity_policy_support,0.50000000,23
2026-01-01,2026-02-28,jan_feb_combined,hybrid_rules,legacy_predicate.mean.demand_side_policy,0.00000000,23
2026-01-01,2026-02-28,jan_feb_combined,hybrid_rules,legacy_predicate.mean.event_evidence_strength,0.89000000,23
2026-01-01,2026-02-28,jan_feb_combined,hybrid_rules,legacy_predicate.mean.event_has_short_term_price_impact,0.66000000,23
2026-01-01,2026-02-28,jan_feb_combined,hybrid_rules,legacy_predicate.mean.event_mentions_core_product,1.00000000,23
2026-01-01,2026-02-28,jan_feb_combined,hybrid_rules,legacy_predicate.mean.evidence_from_authoritative_source,1.00000000,23
2026-01-01,2026-02-28,jan_feb_combined,hybrid_rules,legacy_predicate.mean.has_policy_support,0.00000000,23
2026-01-01,2026-02-28,jan_feb_combined,hybrid_rules,legacy_predicate.mean.institutional_attention_increases,0.00000000,23
2026-01-01,2026-02-28,jan_feb_combined,hybrid_rules,legacy_predicate.mean.investor_questions_increase,0.00000000,23
2026-01-01,2026-02-28,jan_feb_combined,hybrid_rules,legacy_predicate.mean.management_response_vague,0.00000000,23
2026-01-01,2026-02-28,jan_feb_combined,hybrid_rules,legacy_predicate.mean.policy_attention_followup,0.50000000,23
2026-01-01,2026-02-28,jan_feb_combined,hybrid_rules,legacy_predicate.mean.policy_directly_related_to_business,0.00000000,23
2026-01-01,2026-02-28,jan_feb_combined,hybrid_rules,legacy_predicate.mean.risk_or_uncertainty_disclosure,0.50000000,23
2026-01-01,2026-02-28,jan_feb_combined,hybrid_rules,legacy_predicate.mean.social_attention_spikes,0.00000000,23
2026-01-01,2026-02-28,jan_feb_combined,hybrid_rules,legacy_predicate.mean.source_company_announcement,1.00000000,23
2026-01-01,2026-02-28,jan_feb_combined,hybrid_rules,legacy_predicate.mean.source_government_or_exchange,0.00000000,23
2026-01-01,2026-02-28,jan_feb_combined,hybrid_rules,legacy_predicate.mean.source_major_media,0.00000000,23
2026-01-01,2026-02-28,jan_feb_combined,hybrid_rules,legacy_predicate.mean.supply_side_policy,0.00000000,23
2026-01-01,2026-02-28,jan_feb_combined,hybrid_rules,macro_predicate.hit_rate.capacity_enters_production,0.08695652,23
2026-01-01,2026-02-28,jan_feb_combined,hybrid_rules,macro_predicate.hit_rate.capacity_under_construction,0.26086957,23
2026-01-01,2026-02-28,jan_feb_combined,hybrid_rules,macro_predicate.hit_rate.export_demand_improves,0.00000000,23
2026-01-01,2026-02-28,jan_feb_combined,hybrid_rules,macro_predicate.hit_rate.financing_constraint_eases,0.13043478,23
2026-01-01,2026-02-28,jan_feb_combined,hybrid_rules,macro_predicate.hit_rate.grid_investment_accelerates,0.13043478,23
2026-01-01,2026-02-28,jan_feb_combined,hybrid_rules,macro_predicate.hit_rate.industry_competition_intensifies,0.13043478,23
2026-01-01,2026-02-28,jan_feb_combined,hybrid_rules,macro_predicate.hit_rate.inventory_pressure_increases,0.04347826,23
2026-01-01,2026-02-28,jan_feb_combined,hybrid_rules,macro_predicate.hit_rate.order_demand_improves,0.17391304,23
2026-01-01,2026-02-28,jan_feb_combined,hybrid_rules,macro_predicate.hit_rate.policy_accelerates_project_implementation,0.26086957,23
2026-01-01,2026-02-28,jan_feb_combined,hybrid_rules,macro_predicate.hit_rate.policy_expands_effective_demand,0.34782609,23
2026-01-01,2026-02-28,jan_feb_combined,hybrid_rules,macro_predicate.hit_rate.product_price_recovers,0.04347826,23
2026-01-01,2026-02-28,jan_feb_combined,hybrid_rules,macro_predicate.hit_rate.raw_material_cost_pressure,0.00000000,23
2026-01-01,2026-02-28,jan_feb_combined,hybrid_rules,macro_predicate.net.capacity_enters_production,0.03548370,23
2026-01-01,2026-02-28,jan_feb_combined,hybrid_rules,macro_predicate.net.capacity_under_construction,0.12957065,23
2026-01-01,2026-02-28,jan_feb_combined,hybrid_rules,macro_predicate.net.export_demand_improves,0.00000000,23
2026-01-01,2026-02-28,jan_feb_combined,hybrid_rules,macro_predicate.net.financing_constraint_eases,0.09730435,23
2026-01-01,2026-02-28,jan_feb_combined,hybrid_rules,macro_predicate.net.grid_investment_accelerates,0.07400000,23
2026-01-01,2026-02-28,jan_feb_combined,hybrid_rules,macro_predicate.net.industry_competition_intensifies,-0.04382609,23
2026-01-01,2026-02-28,jan_feb_combined,hybrid_rules,macro_predicate.net.inventory_pressure_increases,-0.00417391,23
2026-01-01,2026-02-28,jan_feb_combined,hybrid_rules,macro_predicate.net.order_demand_improves,0.04856250,23
2026-01-01,2026-02-28,jan_feb_combined,hybrid_rules,macro_predicate.net.policy_accelerates_project_implementation,0.16015109,23
2026-01-01,2026-02-28,jan_feb_combined,hybrid_rules,macro_predicate.net.policy_expands_effective_demand,0.20576630,23
2026-01-01,2026-02-28,jan_feb_combined,hybrid_rules,macro_predicate.net.product_price_recovers,0.02486957,23
2026-01-01,2026-02-28,jan_feb_combined,hybrid_rules,macro_predicate.net.raw_material_cost_pressure,0.00000000,23
2026-01-01,2026-02-28,jan_feb_combined,hybrid_rules,source.share.announcement,0.04347826,23
2026-01-01,2026-02-28,jan_feb_combined,hybrid_rules,source.share.ir_qa,0.00000000,23
2026-01-01,2026-02-28,jan_feb_combined,hybrid_rules,source.share.news,0.43478261,23
2026-01-01,2026-02-28,jan_feb_combined,hybrid_rules,source.share.policy,0.52173913,23
2026-01-01,2026-02-28,jan_feb_combined,hybrid_rules,topic.share.battery,0.13043478,23
2026-01-01,2026-02-28,jan_feb_combined,hybrid_rules,topic.share.grid,0.08695652,23
2026-01-01,2026-02-28,jan_feb_combined,hybrid_rules,topic.share.photovoltaic,0.26086957,23
2026-01-01,2026-02-28,jan_feb_combined,hybrid_rules,topic.share.storage,0.21739130,23
2026-01-01,2026-02-28,jan_feb_combined,hybrid_rules,topic.share.wind,0.13043478,23
2026-03-01,2026-03-31,month,hybrid_rules,candidate.mean,1.05198771,16
2026-03-01,2026-03-31,month,hybrid_rules,candidate.p25,1.14176000,16
2026-03-01,2026-03-31,month,hybrid_rules,candidate.p50,1.14176000,16
2026-03-01,2026-03-31,month,hybrid_rules,candidate.p75,1.14742400,16
2026-03-01,2026-03-31,month,hybrid_rules,candidate.positive_share,1.00000000,16
2026-03-01,2026-03-31,month,hybrid_rules,candidate.std,0.22919889,16
2026-03-01,2026-03-31,month,hybrid_rules,coverage.ai_annotation_success_rate,0.81250000,16
2026-03-01,2026-03-31,month,hybrid_rules,coverage.document_count_log1p,2.83321334,16
2026-03-01,2026-03-31,month,hybrid_rules,coverage.event_count_log1p,2.99573227,16
2026-03-01,2026-03-31,month,hybrid_rules,coverage.independent_source_count_log1p,2.83321334,16
2026-03-01,2026-03-31,month,hybrid_rules,evidence.entity_confidence_mean,0.80131148,16
2026-03-01,2026-03-31,month,hybrid_rules,evidence.event_strength_mean,0.87263158,16
2026-03-01,2026-03-31,month,hybrid_rules,frozen_rule.supporting_document_share,0.25000000,16
2026-03-01,2026-03-31,month,hybrid_rules,frozen_rule.unique_rule_count_log1p,1.60943791,16
2026-03-01,2026-03-31,month,hybrid_rules,legacy_predicate.confidence.announcement_contains_uncertainty,0.78000000,16
2026-03-01,2026-03-31,month,hybrid_rules,legacy_predicate.confidence.capacity_policy_support,0.74000000,16
2026-03-01,2026-03-31,month,hybrid_rules,legacy_predicate.confidence.demand_side_policy,0.78800000,16
2026-03-01,2026-03-31,month,hybrid_rules,legacy_predicate.confidence.event_evidence_strength,0.92000000,16
2026-03-01,2026-03-31,month,hybrid_rules,legacy_predicate.confidence.event_has_short_term_price_impact,0.70000000,16
2026-03-01,2026-03-31,month,hybrid_rules,legacy_predicate.confidence.event_mentions_core_product,0.76800000,16
2026-03-01,2026-03-31,month,hybrid_rules,legacy_predicate.confidence.evidence_from_authoritative_source,0.89600000,16
2026-03-01,2026-03-31,month,hybrid_rules,legacy_predicate.confidence.has_policy_support,0.92800000,16
2026-03-01,2026-03-31,month,hybrid_rules,legacy_predicate.confidence.institutional_attention_increases,0.70000000,16
2026-03-01,2026-03-31,month,hybrid_rules,legacy_predicate.confidence.investor_questions_increase,0.82000000,16
2026-03-01,2026-03-31,month,hybrid_rules,legacy_predicate.confidence.management_response_vague,0.76000000,16
2026-03-01,2026-03-31,month,hybrid_rules,legacy_predicate.confidence.policy_attention_followup,0.75600000,16
2026-03-01,2026-03-31,month,hybrid_rules,legacy_predicate.confidence.policy_directly_related_to_business,0.78000000,16
2026-03-01,2026-03-31,month,hybrid_rules,legacy_predicate.confidence.risk_or_uncertainty_disclosure,0.79600000,16
2026-03-01,2026-03-31,month,hybrid_rules,legacy_predicate.confidence.social_attention_spikes,0.68000000,16
2026-03-01,2026-03-31,month,hybrid_rules,legacy_predicate.confidence.source_company_announcement,0.81200000,16
2026-03-01,2026-03-31,month,hybrid_rules,legacy_predicate.confidence.source_government_or_exchange,0.87400000,16
2026-03-01,2026-03-31,month,hybrid_rules,legacy_predicate.confidence.source_major_media,0.76000000,16
2026-03-01,2026-03-31,month,hybrid_rules,legacy_predicate.confidence.supply_side_policy,0.74000000,16
2026-03-01,2026-03-31,month,hybrid_rules,legacy_predicate.mean.announcement_contains_uncertainty,0.00000000,16
2026-03-01,2026-03-31,month,hybrid_rules,legacy_predicate.mean.capacity_policy_support,0.00000000,16
2026-03-01,2026-03-31,month,hybrid_rules,legacy_predicate.mean.demand_side_policy,0.40000000,16
2026-03-01,2026-03-31,month,hybrid_rules,legacy_predicate.mean.event_evidence_strength,0.89200000,16
2026-03-01,2026-03-31,month,hybrid_rules,legacy_predicate.mean.event_has_short_term_price_impact,0.73200000,16
2026-03-01,2026-03-31,month,hybrid_rules,legacy_predicate.mean.event_mentions_core_product,0.20000000,16
2026-03-01,2026-03-31,month,hybrid_rules,legacy_predicate.mean.evidence_from_authoritative_source,0.80000000,16
2026-03-01,2026-03-31,month,hybrid_rules,legacy_predicate.mean.has_policy_support,0.60000000,16
2026-03-01,2026-03-31,month,hybrid_rules,legacy_predicate.mean.institutional_attention_increases,0.00000000,16
2026-03-01,2026-03-31,month,hybrid_rules,legacy_predicate.mean.investor_questions_increase,0.00000000,16
2026-03-01,2026-03-31,month,hybrid_rules,legacy_predicate.mean.management_response_vague,0.00000000,16
2026-03-01,2026-03-31,month,hybrid_rules,legacy_predicate.mean.policy_attention_followup,0.40000000,16
2026-03-01,2026-03-31,month,hybrid_rules,legacy_predicate.mean.policy_directly_related_to_business,0.00000000,16
2026-03-01,2026-03-31,month,hybrid_rules,legacy_predicate.mean.risk_or_uncertainty_disclosure,0.20000000,16
2026-03-01,2026-03-31,month,hybrid_rules,legacy_predicate.mean.social_attention_spikes,0.00000000,16
2026-03-01,2026-03-31,month,hybrid_rules,legacy_predicate.mean.source_company_announcement,0.20000000,16
2026-03-01,2026-03-31,month,hybrid_rules,legacy_predicate.mean.source_government_or_exchange,0.60000000,16
2026-03-01,2026-03-31,month,hybrid_rules,legacy_predicate.mean.source_major_media,0.00000000,16
2026-03-01,2026-03-31,month,hybrid_rules,legacy_predicate.mean.supply_side_policy,0.00000000,16
2026-03-01,2026-03-31,month,hybrid_rules,macro_predicate.hit_rate.capacity_enters_production,0.00000000,16
2026-03-01,2026-03-31,month,hybrid_rules,macro_predicate.hit_rate.capacity_under_construction,0.12500000,16
2026-03-01,2026-03-31,month,hybrid_rules,macro_predicate.hit_rate.export_demand_improves,0.00000000,16
2026-03-01,2026-03-31,month,hybrid_rules,macro_predicate.hit_rate.financing_constraint_eases,0.06250000,16
2026-03-01,2026-03-31,month,hybrid_rules,macro_predicate.hit_rate.grid_investment_accelerates,0.06250000,16
2026-03-01,2026-03-31,month,hybrid_rules,macro_predicate.hit_rate.industry_competition_intensifies,0.12500000,16
2026-03-01,2026-03-31,month,hybrid_rules,macro_predicate.hit_rate.inventory_pressure_increases,0.00000000,16
2026-03-01,2026-03-31,month,hybrid_rules,macro_predicate.hit_rate.order_demand_improves,0.25000000,16
2026-03-01,2026-03-31,month,hybrid_rules,macro_predicate.hit_rate.policy_accelerates_project_implementation,0.12500000,16
2026-03-01,2026-03-31,month,hybrid_rules,macro_predicate.hit_rate.policy_expands_effective_demand,0.18750000,16
2026-03-01,2026-03-31,month,hybrid_rules,macro_predicate.hit_rate.product_price_recovers,0.00000000,16
2026-03-01,2026-03-31,month,hybrid_rules,macro_predicate.hit_rate.raw_material_cost_pressure,0.00000000,16
2026-03-01,2026-03-31,month,hybrid_rules,macro_predicate.net.capacity_enters_production,0.00000000,16
2026-03-01,2026-03-31,month,hybrid_rules,macro_predicate.net.capacity_under_construction,0.07087500,16
2026-03-01,2026-03-31,month,hybrid_rules,macro_predicate.net.export_demand_improves,0.00000000,16
2026-03-01,2026-03-31,month,hybrid_rules,macro_predicate.net.financing_constraint_eases,0.04662500,16
2026-03-01,2026-03-31,month,hybrid_rules,macro_predicate.net.grid_investment_accelerates,0.04050000,16
2026-03-01,2026-03-31,month,hybrid_rules,macro_predicate.net.industry_competition_intensifies,-0.02062500,16
2026-03-01,2026-03-31,month,hybrid_rules,macro_predicate.net.inventory_pressure_increases,0.00000000,16
2026-03-01,2026-03-31,month,hybrid_rules,macro_predicate.net.order_demand_improves,0.11667578,16
2026-03-01,2026-03-31,month,hybrid_rules,macro_predicate.net.policy_accelerates_project_implementation,0.03187500,16
2026-03-01,2026-03-31,month,hybrid_rules,macro_predicate.net.policy_expands_effective_demand,0.13375000,16
2026-03-01,2026-03-31,month,hybrid_rules,macro_predicate.net.product_price_recovers,0.00000000,16
2026-03-01,2026-03-31,month,hybrid_rules,macro_predicate.net.raw_material_cost_pressure,0.00000000,16
2026-03-01,2026-03-31,month,hybrid_rules,source.share.announcement,0.37500000,16
2026-03-01,2026-03-31,month,hybrid_rules,source.share.ir_qa,0.00000000,16
2026-03-01,2026-03-31,month,hybrid_rules,source.share.news,0.50000000,16
2026-03-01,2026-03-31,month,hybrid_rules,source.share.policy,0.12500000,16
2026-03-01,2026-03-31,month,hybrid_rules,topic.share.battery,0.25000000,16
2026-03-01,2026-03-31,month,hybrid_rules,topic.share.grid,0.12500000,16
2026-03-01,2026-03-31,month,hybrid_rules,topic.share.photovoltaic,0.25000000,16
2026-03-01,2026-03-31,month,hybrid_rules,topic.share.storage,0.18750000,16
2026-03-01,2026-03-31,month,hybrid_rules,topic.share.wind,0.12500000,16
2026-04-01,2026-04-30,month,hybrid_rules,candidate.mean,1.04268967,29
2026-04-01,2026-04-30,month,hybrid_rules,candidate.p25,1.15308800,29
2026-04-01,2026-04-30,month,hybrid_rules,candidate.p50,1.15308800,29
2026-04-01,2026-04-30,month,hybrid_rules,candidate.p75,1.15308800,29
2026-04-01,2026-04-30,month,hybrid_rules,candidate.positive_share,1.00000000,29
2026-04-01,2026-04-30,month,hybrid_rules,candidate.std,0.24685818,29
2026-04-01,2026-04-30,month,hybrid_rules,coverage.ai_annotation_success_rate,0.89655172,29
2026-04-01,2026-04-30,month,hybrid_rules,coverage.document_count_log1p,3.40119738,29
2026-04-01,2026-04-30,month,hybrid_rules,coverage.event_count_log1p,3.82864140,29
2026-04-01,2026-04-30,month,hybrid_rules,coverage.independent_source_count_log1p,3.40119738,29
2026-04-01,2026-04-30,month,hybrid_rules,evidence.entity_confidence_mean,0.78378049,29
2026-04-01,2026-04-30,month,hybrid_rules,evidence.event_strength_mean,0.86977778,29
2026-04-01,2026-04-30,month,hybrid_rules,frozen_rule.supporting_document_share,0.20689655,29
2026-04-01,2026-04-30,month,hybrid_rules,frozen_rule.unique_rule_count_log1p,1.38629436,29
2026-04-01,2026-04-30,month,hybrid_rules,legacy_predicate.confidence.announcement_contains_uncertainty,0.78000000,29
2026-04-01,2026-04-30,month,hybrid_rules,legacy_predicate.confidence.capacity_policy_support,0.74000000,29
2026-04-01,2026-04-30,month,hybrid_rules,legacy_predicate.confidence.demand_side_policy,0.74000000,29
2026-04-01,2026-04-30,month,hybrid_rules,legacy_predicate.confidence.event_evidence_strength,0.92000000,29
2026-04-01,2026-04-30,month,hybrid_rules,legacy_predicate.confidence.event_has_short_term_price_impact,0.70000000,29
2026-04-01,2026-04-30,month,hybrid_rules,legacy_predicate.confidence.event_mentions_core_product,0.81388889,29
2026-04-01,2026-04-30,month,hybrid_rules,legacy_predicate.confidence.evidence_from_authoritative_source,0.89111111,29
2026-04-01,2026-04-30,month,hybrid_rules,legacy_predicate.confidence.has_policy_support,0.92444444,29
2026-04-01,2026-04-30,month,hybrid_rules,legacy_predicate.confidence.institutional_attention_increases,0.70000000,29
2026-04-01,2026-04-30,month,hybrid_rules,legacy_predicate.confidence.investor_questions_increase,0.82000000,29
2026-04-01,2026-04-30,month,hybrid_rules,legacy_predicate.confidence.management_response_vague,0.76000000,29
2026-04-01,2026-04-30,month,hybrid_rules,legacy_predicate.confidence.policy_attention_followup,0.80888889,29
2026-04-01,2026-04-30,month,hybrid_rules,legacy_predicate.confidence.policy_directly_related_to_business,0.79333333,29
2026-04-01,2026-04-30,month,hybrid_rules,legacy_predicate.confidence.risk_or_uncertainty_disclosure,0.78222222,29
2026-04-01,2026-04-30,month,hybrid_rules,legacy_predicate.confidence.social_attention_spikes,0.68000000,29
2026-04-01,2026-04-30,month,hybrid_rules,legacy_predicate.confidence.source_company_announcement,0.78444444,29
2026-04-01,2026-04-30,month,hybrid_rules,legacy_predicate.confidence.source_government_or_exchange,0.86555556,29
2026-04-01,2026-04-30,month,hybrid_rules,legacy_predicate.confidence.source_major_media,0.78722222,29
2026-04-01,2026-04-30,month,hybrid_rules,legacy_predicate.confidence.supply_side_policy,0.74000000,29
2026-04-01,2026-04-30,month,hybrid_rules,legacy_predicate.mean.announcement_contains_uncertainty,0.00000000,29
2026-04-01,2026-04-30,month,hybrid_rules,legacy_predicate.mean.capacity_policy_support,0.00000000,29
2026-04-01,2026-04-30,month,hybrid_rules,legacy_predicate.mean.demand_side_policy,0.00000000,29
2026-04-01,2026-04-30,month,hybrid_rules,legacy_predicate.mean.event_evidence_strength,0.87333333,29
2026-04-01,2026-04-30,month,hybrid_rules,legacy_predicate.mean.event_has_short_term_price_impact,0.73555556,29
2026-04-01,2026-04-30,month,hybrid_rules,legacy_predicate.mean.event_mentions_core_product,0.55555556,29
2026-04-01,2026-04-30,month,hybrid_rules,legacy_predicate.mean.evidence_from_authoritative_source,0.77777778,29
2026-04-01,2026-04-30,month,hybrid_rules,legacy_predicate.mean.has_policy_support,0.55555556,29
2026-04-01,2026-04-30,month,hybrid_rules,legacy_predicate.mean.institutional_attention_increases,0.00000000,29
2026-04-01,2026-04-30,month,hybrid_rules,legacy_predicate.mean.investor_questions_increase,0.00000000,29
2026-04-01,2026-04-30,month,hybrid_rules,legacy_predicate.mean.management_response_vague,0.00000000,29
2026-04-01,2026-04-30,month,hybrid_rules,legacy_predicate.mean.policy_attention_followup,0.77777778,29
2026-04-01,2026-04-30,month,hybrid_rules,legacy_predicate.mean.policy_directly_related_to_business,0.11111111,29
2026-04-01,2026-04-30,month,hybrid_rules,legacy_predicate.mean.risk_or_uncertainty_disclosure,0.11111111,29
2026-04-01,2026-04-30,month,hybrid_rules,legacy_predicate.mean.social_attention_spikes,0.00000000,29
2026-04-01,2026-04-30,month,hybrid_rules,legacy_predicate.mean.source_company_announcement,0.11111111,29
2026-04-01,2026-04-30,month,hybrid_rules,legacy_predicate.mean.source_government_or_exchange,0.55555556,29
2026-04-01,2026-04-30,month,hybrid_rules,legacy_predicate.mean.source_major_media,0.22222222,29
2026-04-01,2026-04-30,month,hybrid_rules,legacy_predicate.mean.supply_side_policy,0.00000000,29
2026-04-01,2026-04-30,month,hybrid_rules,macro_predicate.hit_rate.capacity_enters_production,0.00000000,29
2026-04-01,2026-04-30,month,hybrid_rules,macro_predicate.hit_rate.capacity_under_construction,0.24137931,29
2026-04-01,2026-04-30,month,hybrid_rules,macro_predicate.hit_rate.export_demand_improves,0.00000000,29
2026-04-01,2026-04-30,month,hybrid_rules,macro_predicate.hit_rate.financing_constraint_eases,0.03448276,29
2026-04-01,2026-04-30,month,hybrid_rules,macro_predicate.hit_rate.grid_investment_accelerates,0.06896552,29
2026-04-01,2026-04-30,month,hybrid_rules,macro_predicate.hit_rate.industry_competition_intensifies,0.06896552,29
2026-04-01,2026-04-30,month,hybrid_rules,macro_predicate.hit_rate.inventory_pressure_increases,0.00000000,29
2026-04-01,2026-04-30,month,hybrid_rules,macro_predicate.hit_rate.order_demand_improves,0.13793103,29
2026-04-01,2026-04-30,month,hybrid_rules,macro_predicate.hit_rate.policy_accelerates_project_implementation,0.10344828,29
2026-04-01,2026-04-30,month,hybrid_rules,macro_predicate.hit_rate.policy_expands_effective_demand,0.03448276,29
2026-04-01,2026-04-30,month,hybrid_rules,macro_predicate.hit_rate.product_price_recovers,0.00000000,29
2026-04-01,2026-04-30,month,hybrid_rules,macro_predicate.hit_rate.raw_material_cost_pressure,0.00000000,29
2026-04-01,2026-04-30,month,hybrid_rules,macro_predicate.net.capacity_enters_production,0.00000000,29
2026-04-01,2026-04-30,month,hybrid_rules,macro_predicate.net.capacity_under_construction,0.15394397,29
2026-04-01,2026-04-30,month,hybrid_rules,macro_predicate.net.export_demand_improves,0.00000000,29
2026-04-01,2026-04-30,month,hybrid_rules,macro_predicate.net.financing_constraint_eases,0.02572414,29
2026-04-01,2026-04-30,month,hybrid_rules,macro_predicate.net.grid_investment_accelerates,0.02882759,29
2026-04-01,2026-04-30,month,hybrid_rules,macro_predicate.net.industry_competition_intensifies,-0.03200000,29
2026-04-01,2026-04-30,month,hybrid_rules,macro_predicate.net.inventory_pressure_increases,0.00000000,29
2026-04-01,2026-04-30,month,hybrid_rules,macro_predicate.net.order_demand_improves,0.07161422,29
2026-04-01,2026-04-30,month,hybrid_rules,macro_predicate.net.policy_accelerates_project_implementation,0.07620690,29
2026-04-01,2026-04-30,month,hybrid_rules,macro_predicate.net.policy_expands_effective_demand,0.02572414,29
2026-04-01,2026-04-30,month,hybrid_rules,macro_predicate.net.product_price_recovers,0.00000000,29
2026-04-01,2026-04-30,month,hybrid_rules,macro_predicate.net.raw_material_cost_pressure,0.00000000,29
2026-04-01,2026-04-30,month,hybrid_rules,source.share.announcement,0.55172414,29
2026-04-01,2026-04-30,month,hybrid_rules,source.share.ir_qa,0.20689655,29
2026-04-01,2026-04-30,month,hybrid_rules,source.share.news,0.13793103,29
2026-04-01,2026-04-30,month,hybrid_rules,source.share.policy,0.10344828,29
2026-04-01,2026-04-30,month,hybrid_rules,topic.share.battery,0.20689655,29
2026-04-01,2026-04-30,month,hybrid_rules,topic.share.grid,0.03448276,29
2026-04-01,2026-04-30,month,hybrid_rules,topic.share.photovoltaic,0.37931034,29
2026-04-01,2026-04-30,month,hybrid_rules,topic.share.storage,0.24137931,29
2026-04-01,2026-04-30,month,hybrid_rules,topic.share.wind,0.17241379,29
2026-05-01,2026-05-31,month,hybrid_rules,candidate.mean,1.14742400,14
2026-05-01,2026-05-31,month,hybrid_rules,candidate.p25,1.14459200,14
2026-05-01,2026-05-31,month,hybrid_rules,candidate.p50,1.14742400,14
2026-05-01,2026-05-31,month,hybrid_rules,candidate.p75,1.15025600,14
2026-05-01,2026-05-31,month,hybrid_rules,candidate.positive_share,1.00000000,14
2026-05-01,2026-05-31,month,hybrid_rules,candidate.std,0.00566400,14
2026-05-01,2026-05-31,month,hybrid_rules,coverage.ai_annotation_success_rate,0.92857143,14
2026-05-01,2026-05-31,month,hybrid_rules,coverage.document_count_log1p,2.70805020,14
2026-05-01,2026-05-31,month,hybrid_rules,coverage.event_count_log1p,1.60943791,14
2026-05-01,2026-05-31,month,hybrid_rules,coverage.independent_source_count_log1p,2.70805020,14
2026-05-01,2026-05-31,month,hybrid_rules,evidence.entity_confidence_mean,0.79920000,14
2026-05-01,2026-05-31,month,hybrid_rules,evidence.event_strength_mean,0.83750000,14
2026-05-01,2026-05-31,month,hybrid_rules,frozen_rule.supporting_document_share,0.14285714,14
2026-05-01,2026-05-31,month,hybrid_rules,frozen_rule.unique_rule_count_log1p,1.38629436,14
2026-05-01,2026-05-31,month,hybrid_rules,legacy_predicate.confidence.announcement_contains_uncertainty,0.78000000,14
2026-05-01,2026-05-31,month,hybrid_rules,legacy_predicate.confidence.capacity_policy_support,0.79000000,14
2026-05-01,2026-05-31,month,hybrid_rules,legacy_predicate.confidence.demand_side_policy,0.80000000,14
2026-05-01,2026-05-31,month,hybrid_rules,legacy_predicate.confidence.event_evidence_strength,0.92000000,14
2026-05-01,2026-05-31,month,hybrid_rules,legacy_predicate.confidence.event_has_short_term_price_impact,0.70000000,14
2026-05-01,2026-05-31,month,hybrid_rules,legacy_predicate.confidence.event_mentions_core_product,0.74000000,14
2026-05-01,2026-05-31,month,hybrid_rules,legacy_predicate.confidence.evidence_from_authoritative_source,0.94000000,14
2026-05-01,2026-05-31,month,hybrid_rules,legacy_predicate.confidence.has_policy_support,0.96000000,14
2026-05-01,2026-05-31,month,hybrid_rules,legacy_predicate.confidence.institutional_attention_increases,0.70000000,14
2026-05-01,2026-05-31,month,hybrid_rules,legacy_predicate.confidence.investor_questions_increase,0.82000000,14
2026-05-01,2026-05-31,month,hybrid_rules,legacy_predicate.confidence.management_response_vague,0.76000000,14
2026-05-01,2026-05-31,month,hybrid_rules,legacy_predicate.confidence.policy_attention_followup,0.77000000,14
2026-05-01,2026-05-31,month,hybrid_rules,legacy_predicate.confidence.policy_directly_related_to_business,0.78000000,14
2026-05-01,2026-05-31,month,hybrid_rules,legacy_predicate.confidence.risk_or_uncertainty_disclosure,0.78000000,14
2026-05-01,2026-05-31,month,hybrid_rules,legacy_predicate.confidence.social_attention_spikes,0.68000000,14
2026-05-01,2026-05-31,month,hybrid_rules,legacy_predicate.confidence.source_company_announcement,0.78000000,14
2026-05-01,2026-05-31,month,hybrid_rules,legacy_predicate.confidence.source_government_or_exchange,0.95000000,14
2026-05-01,2026-05-31,month,hybrid_rules,legacy_predicate.confidence.source_major_media,0.76000000,14
2026-05-01,2026-05-31,month,hybrid_rules,legacy_predicate.confidence.supply_side_policy,0.74000000,14
2026-05-01,2026-05-31,month,hybrid_rules,legacy_predicate.mean.announcement_contains_uncertainty,0.00000000,14
2026-05-01,2026-05-31,month,hybrid_rules,legacy_predicate.mean.capacity_policy_support,0.50000000,14
2026-05-01,2026-05-31,month,hybrid_rules,legacy_predicate.mean.demand_side_policy,0.50000000,14
2026-05-01,2026-05-31,month,hybrid_rules,legacy_predicate.mean.event_evidence_strength,0.94000000,14
2026-05-01,2026-05-31,month,hybrid_rules,legacy_predicate.mean.event_has_short_term_price_impact,0.78000000,14
2026-05-01,2026-05-31,month,hybrid_rules,legacy_predicate.mean.event_mentions_core_product,0.00000000,14
2026-05-01,2026-05-31,month,hybrid_rules,legacy_predicate.mean.evidence_from_authoritative_source,1.00000000,14
2026-05-01,2026-05-31,month,hybrid_rules,legacy_predicate.mean.has_policy_support,1.00000000,14
2026-05-01,2026-05-31,month,hybrid_rules,legacy_predicate.mean.institutional_attention_increases,0.00000000,14
2026-05-01,2026-05-31,month,hybrid_rules,legacy_predicate.mean.investor_questions_increase,0.00000000,14
2026-05-01,2026-05-31,month,hybrid_rules,legacy_predicate.mean.management_response_vague,0.00000000,14
2026-05-01,2026-05-31,month,hybrid_rules,legacy_predicate.mean.policy_attention_followup,0.50000000,14
2026-05-01,2026-05-31,month,hybrid_rules,legacy_predicate.mean.policy_directly_related_to_business,0.00000000,14
2026-05-01,2026-05-31,month,hybrid_rules,legacy_predicate.mean.risk_or_uncertainty_disclosure,0.00000000,14
2026-05-01,2026-05-31,month,hybrid_rules,legacy_predicate.mean.social_attention_spikes,0.00000000,14
2026-05-01,2026-05-31,month,hybrid_rules,legacy_predicate.mean.source_company_announcement,0.00000000,14
2026-05-01,2026-05-31,month,hybrid_rules,legacy_predicate.mean.source_government_or_exchange,1.00000000,14
2026-05-01,2026-05-31,month,hybrid_rules,legacy_predicate.mean.source_major_media,0.00000000,14
2026-05-01,2026-05-31,month,hybrid_rules,legacy_predicate.mean.supply_side_policy,0.00000000,14
2026-05-01,2026-05-31,month,hybrid_rules,macro_predicate.hit_rate.capacity_enters_production,0.07142857,14
2026-05-01,2026-05-31,month,hybrid_rules,macro_predicate.hit_rate.capacity_under_construction,0.14285714,14
2026-05-01,2026-05-31,month,hybrid_rules,macro_predicate.hit_rate.export_demand_improves,0.00000000,14
2026-05-01,2026-05-31,month,hybrid_rules,macro_predicate.hit_rate.financing_constraint_eases,0.00000000,14
2026-05-01,2026-05-31,month,hybrid_rules,macro_predicate.hit_rate.grid_investment_accelerates,0.14285714,14
2026-05-01,2026-05-31,month,hybrid_rules,macro_predicate.hit_rate.industry_competition_intensifies,0.00000000,14
2026-05-01,2026-05-31,month,hybrid_rules,macro_predicate.hit_rate.inventory_pressure_increases,0.00000000,14
2026-05-01,2026-05-31,month,hybrid_rules,macro_predicate.hit_rate.order_demand_improves,0.07142857,14
2026-05-01,2026-05-31,month,hybrid_rules,macro_predicate.hit_rate.policy_accelerates_project_implementation,0.14285714,14
2026-05-01,2026-05-31,month,hybrid_rules,macro_predicate.hit_rate.policy_expands_effective_demand,0.21428571,14
2026-05-01,2026-05-31,month,hybrid_rules,macro_predicate.hit_rate.product_price_recovers,0.00000000,14
2026-05-01,2026-05-31,month,hybrid_rules,macro_predicate.hit_rate.raw_material_cost_pressure,0.00000000,14
2026-05-01,2026-05-31,month,hybrid_rules,macro_predicate.net.capacity_enters_production,0.02564286,14
2026-05-01,2026-05-31,month,hybrid_rules,macro_predicate.net.capacity_under_construction,0.07226786,14
2026-05-01,2026-05-31,month,hybrid_rules,macro_predicate.net.export_demand_improves,0.00000000,14
2026-05-01,2026-05-31,month,hybrid_rules,macro_predicate.net.financing_constraint_eases,0.00000000,14
2026-05-01,2026-05-31,month,hybrid_rules,macro_predicate.net.grid_investment_accelerates,0.06828571,14
2026-05-01,2026-05-31,month,hybrid_rules,macro_predicate.net.industry_competition_intensifies,0.00000000,14
2026-05-01,2026-05-31,month,hybrid_rules,macro_predicate.net.inventory_pressure_increases,0.00000000,14
2026-05-01,2026-05-31,month,hybrid_rules,macro_predicate.net.order_demand_improves,0.00857143,14
2026-05-01,2026-05-31,month,hybrid_rules,macro_predicate.net.policy_accelerates_project_implementation,0.10657143,14
2026-05-01,2026-05-31,month,hybrid_rules,macro_predicate.net.policy_expands_effective_demand,0.09978571,14
2026-05-01,2026-05-31,month,hybrid_rules,macro_predicate.net.product_price_recovers,0.00000000,14
2026-05-01,2026-05-31,month,hybrid_rules,macro_predicate.net.raw_material_cost_pressure,0.00000000,14
2026-05-01,2026-05-31,month,hybrid_rules,source.share.announcement,0.07142857,14
2026-05-01,2026-05-31,month,hybrid_rules,source.share.ir_qa,0.64285714,14
2026-05-01,2026-05-31,month,hybrid_rules,source.share.news,0.07142857,14
2026-05-01,2026-05-31,month,hybrid_rules,source.share.policy,0.21428571,14
2026-05-01,2026-05-31,month,hybrid_rules,topic.share.battery,0.57142857,14
2026-05-01,2026-05-31,month,hybrid_rules,topic.share.grid,0.07142857,14
2026-05-01,2026-05-31,month,hybrid_rules,topic.share.photovoltaic,0.07142857,14
2026-05-01,2026-05-31,month,hybrid_rules,topic.share.storage,0.00000000,14
2026-05-01,2026-05-31,month,hybrid_rules,topic.share.wind,0.07142857,14
2026-06-01,2026-06-30,month,hybrid_rules,candidate.mean,0.92473933,25
2026-06-01,2026-06-30,month,hybrid_rules,candidate.p25,0.81622900,25
2026-06-01,2026-06-30,month,hybrid_rules,candidate.p50,1.14176000,25
2026-06-01,2026-06-30,month,hybrid_rules,candidate.p75,1.14176000,25
2026-06-01,2026-06-30,month,hybrid_rules,candidate.positive_share,1.00000000,25
2026-06-01,2026-06-30,month,hybrid_rules,candidate.std,0.30691357,25
2026-06-01,2026-06-30,month,hybrid_rules,coverage.ai_annotation_success_rate,0.92000000,25
2026-06-01,2026-06-30,month,hybrid_rules,coverage.document_count_log1p,3.25809654,25
2026-06-01,2026-06-30,month,hybrid_rules,coverage.event_count_log1p,3.33220451,25
2026-06-01,2026-06-30,month,hybrid_rules,coverage.independent_source_count_log1p,3.25809654,25
2026-06-01,2026-06-30,month,hybrid_rules,evidence.entity_confidence_mean,0.80792453,25
2026-06-01,2026-06-30,month,hybrid_rules,evidence.event_strength_mean,0.85888889,25
2026-06-01,2026-06-30,month,hybrid_rules,frozen_rule.supporting_document_share,0.04000000,25
2026-06-01,2026-06-30,month,hybrid_rules,frozen_rule.unique_rule_count_log1p,1.38629436,25
2026-06-01,2026-06-30,month,hybrid_rules,legacy_predicate.confidence.announcement_contains_uncertainty,0.78000000,25
2026-06-01,2026-06-30,month,hybrid_rules,legacy_predicate.confidence.capacity_policy_support,0.74000000,25
2026-06-01,2026-06-30,month,hybrid_rules,legacy_predicate.confidence.demand_side_policy,0.74000000,25
2026-06-01,2026-06-30,month,hybrid_rules,legacy_predicate.confidence.event_evidence_strength,0.92000000,25
2026-06-01,2026-06-30,month,hybrid_rules,legacy_predicate.confidence.event_has_short_term_price_impact,0.70000000,25
2026-06-01,2026-06-30,month,hybrid_rules,legacy_predicate.confidence.event_mentions_core_product,0.81000000,25
2026-06-01,2026-06-30,month,hybrid_rules,legacy_predicate.confidence.evidence_from_authoritative_source,0.83000000,25
2026-06-01,2026-06-30,month,hybrid_rules,legacy_predicate.confidence.has_policy_support,0.90666667,25
2026-06-01,2026-06-30,month,hybrid_rules,legacy_predicate.confidence.institutional_attention_increases,0.70000000,25
2026-06-01,2026-06-30,month,hybrid_rules,legacy_predicate.confidence.investor_questions_increase,0.82000000,25
2026-06-01,2026-06-30,month,hybrid_rules,legacy_predicate.confidence.management_response_vague,0.76000000,25
2026-06-01,2026-06-30,month,hybrid_rules,legacy_predicate.confidence.policy_attention_followup,0.77000000,25
2026-06-01,2026-06-30,month,hybrid_rules,legacy_predicate.confidence.policy_directly_related_to_business,0.78000000,25
2026-06-01,2026-06-30,month,hybrid_rules,legacy_predicate.confidence.risk_or_uncertainty_disclosure,0.79333333,25
2026-06-01,2026-06-30,month,hybrid_rules,legacy_predicate.confidence.social_attention_spikes,0.68000000,25
2026-06-01,2026-06-30,month,hybrid_rules,legacy_predicate.confidence.source_company_announcement,0.80666667,25
2026-06-01,2026-06-30,month,hybrid_rules,legacy_predicate.confidence.source_government_or_exchange,0.82333333,25
2026-06-01,2026-06-30,month,hybrid_rules,legacy_predicate.confidence.source_major_media,0.76000000,25
2026-06-01,2026-06-30,month,hybrid_rules,legacy_predicate.confidence.supply_side_policy,0.77333333,25
2026-06-01,2026-06-30,month,hybrid_rules,legacy_predicate.mean.announcement_contains_uncertainty,0.00000000,25
2026-06-01,2026-06-30,month,hybrid_rules,legacy_predicate.mean.capacity_policy_support,0.00000000,25
2026-06-01,2026-06-30,month,hybrid_rules,legacy_predicate.mean.demand_side_policy,0.00000000,25
2026-06-01,2026-06-30,month,hybrid_rules,legacy_predicate.mean.event_evidence_strength,0.85000000,25
2026-06-01,2026-06-30,month,hybrid_rules,legacy_predicate.mean.event_has_short_term_price_impact,0.73000000,25
2026-06-01,2026-06-30,month,hybrid_rules,legacy_predicate.mean.event_mentions_core_product,0.50000000,25
2026-06-01,2026-06-30,month,hybrid_rules,legacy_predicate.mean.evidence_from_authoritative_source,0.50000000,25
2026-06-01,2026-06-30,month,hybrid_rules,legacy_predicate.mean.has_policy_support,0.50000000,25
2026-06-01,2026-06-30,month,hybrid_rules,legacy_predicate.mean.institutional_attention_increases,0.00000000,25
2026-06-01,2026-06-30,month,hybrid_rules,legacy_predicate.mean.investor_questions_increase,0.00000000,25
2026-06-01,2026-06-30,month,hybrid_rules,legacy_predicate.mean.management_response_vague,0.00000000,25
2026-06-01,2026-06-30,month,hybrid_rules,legacy_predicate.mean.policy_attention_followup,0.50000000,25
2026-06-01,2026-06-30,month,hybrid_rules,legacy_predicate.mean.policy_directly_related_to_business,0.00000000,25
2026-06-01,2026-06-30,month,hybrid_rules,legacy_predicate.mean.risk_or_uncertainty_disclosure,0.50000000,25
2026-06-01,2026-06-30,month,hybrid_rules,legacy_predicate.mean.social_attention_spikes,0.00000000,25
2026-06-01,2026-06-30,month,hybrid_rules,legacy_predicate.mean.source_company_announcement,0.50000000,25
2026-06-01,2026-06-30,month,hybrid_rules,legacy_predicate.mean.source_government_or_exchange,0.50000000,25
2026-06-01,2026-06-30,month,hybrid_rules,legacy_predicate.mean.source_major_media,0.00000000,25
2026-06-01,2026-06-30,month,hybrid_rules,legacy_predicate.mean.supply_side_policy,0.50000000,25
2026-06-01,2026-06-30,month,hybrid_rules,macro_predicate.hit_rate.capacity_enters_production,0.04000000,25
2026-06-01,2026-06-30,month,hybrid_rules,macro_predicate.hit_rate.capacity_under_construction,0.28000000,25
2026-06-01,2026-06-30,month,hybrid_rules,macro_predicate.hit_rate.export_demand_improves,0.04000000,25
2026-06-01,2026-06-30,month,hybrid_rules,macro_predicate.hit_rate.financing_constraint_eases,0.08000000,25
2026-06-01,2026-06-30,month,hybrid_rules,macro_predicate.hit_rate.grid_investment_accelerates,0.12000000,25
2026-06-01,2026-06-30,month,hybrid_rules,macro_predicate.hit_rate.industry_competition_intensifies,0.00000000,25
2026-06-01,2026-06-30,month,hybrid_rules,macro_predicate.hit_rate.inventory_pressure_increases,0.00000000,25
2026-06-01,2026-06-30,month,hybrid_rules,macro_predicate.hit_rate.order_demand_improves,0.08000000,25
2026-06-01,2026-06-30,month,hybrid_rules,macro_predicate.hit_rate.policy_accelerates_project_implementation,0.20000000,25
2026-06-01,2026-06-30,month,hybrid_rules,macro_predicate.hit_rate.policy_expands_effective_demand,0.12000000,25
2026-06-01,2026-06-30,month,hybrid_rules,macro_predicate.hit_rate.product_price_recovers,0.00000000,25
2026-06-01,2026-06-30,month,hybrid_rules,macro_predicate.hit_rate.raw_material_cost_pressure,0.00000000,25
2026-06-01,2026-06-30,month,hybrid_rules,macro_predicate.net.capacity_enters_production,0.02872000,25
2026-06-01,2026-06-30,month,hybrid_rules,macro_predicate.net.capacity_under_construction,0.19619500,25
2026-06-01,2026-06-30,month,hybrid_rules,macro_predicate.net.export_demand_improves,0.02872000,25
2026-06-01,2026-06-30,month,hybrid_rules,macro_predicate.net.financing_constraint_eases,0.05856000,25
2026-06-01,2026-06-30,month,hybrid_rules,macro_predicate.net.grid_investment_accelerates,0.08952000,25
2026-06-01,2026-06-30,month,hybrid_rules,macro_predicate.net.industry_competition_intensifies,0.00000000,25
2026-06-01,2026-06-30,month,hybrid_rules,macro_predicate.net.inventory_pressure_increases,0.00000000,25
2026-06-01,2026-06-30,month,hybrid_rules,macro_predicate.net.order_demand_improves,0.03128000,25
2026-06-01,2026-06-30,month,hybrid_rules,macro_predicate.net.policy_accelerates_project_implementation,0.14136600,25
2026-06-01,2026-06-30,month,hybrid_rules,macro_predicate.net.policy_expands_effective_demand,0.08131400,25
2026-06-01,2026-06-30,month,hybrid_rules,macro_predicate.net.product_price_recovers,0.00000000,25
2026-06-01,2026-06-30,month,hybrid_rules,macro_predicate.net.raw_material_cost_pressure,0.00000000,25
2026-06-01,2026-06-30,month,hybrid_rules,source.share.announcement,0.16000000,25
2026-06-01,2026-06-30,month,hybrid_rules,source.share.ir_qa,0.56000000,25
2026-06-01,2026-06-30,month,hybrid_rules,source.share.news,0.08000000,25
2026-06-01,2026-06-30,month,hybrid_rules,source.share.policy,0.20000000,25
2026-06-01,2026-06-30,month,hybrid_rules,topic.share.battery,0.52000000,25
2026-06-01,2026-06-30,month,hybrid_rules,topic.share.grid,0.12000000,25
2026-06-01,2026-06-30,month,hybrid_rules,topic.share.photovoltaic,0.00000000,25
2026-06-01,2026-06-30,month,hybrid_rules,topic.share.storage,0.20000000,25
2026-06-01,2026-06-30,month,hybrid_rules,topic.share.wind,0.20000000,25
2024-03-01,2024-03-31,month,ai_dynamic_rules,ai_rule.industry_competition_intensifies|direction=-1|lag=1_3,-0.34540000,2
2024-03-01,2024-03-31,month,ai_dynamic_rules,ai_rule.inventory_pressure_increases|direction=-1|lag=1_3,-0.42000000,1
2024-05-01,2024-05-31,month,ai_dynamic_rules,ai_rule.policy_expands_effective_demand|direction=1|lag=1_3,0.20000000,1
2024-06-01,2024-06-30,month,ai_dynamic_rules,ai_rule.policy_expands_effective_demand|direction=1|lag=1_3,0.24000000,1
2024-07-01,2024-07-31,month,ai_dynamic_rules,ai_rule.policy_expands_effective_demand|direction=1|lag=1_3,0.56000000,1
2024-09-01,2024-09-30,month,ai_dynamic_rules,ai_rule.export_demand_improves|direction=1|lag=1_3,0.36000000,1
2024-10-01,2024-10-31,month,ai_dynamic_rules,ai_rule.policy_accelerates_project_implementation|direction=1|lag=1_3,0.30000000,1
2024-10-01,2024-10-31,month,ai_dynamic_rules,ai_rule.policy_expands_effective_demand|direction=1|lag=1_3,0.42000000,1
2024-11-01,2024-11-30,month,ai_dynamic_rules,ai_rule.grid_investment_accelerates|direction=1|lag=1_3,0.56000000,1
2025-01-01,2025-02-28,jan_feb_combined,ai_dynamic_rules,ai_rule.order_demand_improves|direction=1|lag=1_3,0.42000000,1
2025-03-01,2025-03-31,month,ai_dynamic_rules,ai_rule.export_demand_improves|direction=1|lag=1_3,0.36000000,1
2025-03-01,2025-03-31,month,ai_dynamic_rules,ai_rule.industry_competition_intensifies|direction=-1|lag=1_3,-0.42000000,1
2025-03-01,2025-03-31,month,ai_dynamic_rules,ai_rule.order_demand_improves|direction=1|lag=1_3,0.38000000,3
2025-04-01,2025-04-30,month,ai_dynamic_rules,ai_rule.grid_investment_accelerates|direction=1|lag=1_3,0.64000000,1
2025-04-01,2025-04-30,month,ai_dynamic_rules,ai_rule.policy_accelerates_project_implementation|direction=1|lag=1_3,0.15000000,1
2025-04-01,2025-04-30,month,ai_dynamic_rules,ai_rule.policy_expands_effective_demand|direction=1|lag=1_3,0.31000000,2
2025-05-01,2025-05-31,month,ai_dynamic_rules,ai_rule.grid_investment_accelerates|direction=1|lag=1_3,0.12000000,1
2025-05-01,2025-05-31,month,ai_dynamic_rules,ai_rule.order_demand_improves|direction=1|lag=1_3,0.30000000,1
2025-07-01,2025-07-31,month,ai_dynamic_rules,ai_rule.industry_competition_intensifies|direction=-1|lag=1_3,-0.36000000,1
2025-07-01,2025-07-31,month,ai_dynamic_rules,ai_rule.policy_accelerates_project_implementation|direction=1|lag=4_6,0.42000000,1
2025-07-01,2025-07-31,month,ai_dynamic_rules,ai_rule.policy_expands_effective_demand|direction=1|lag=1_3,0.56000000,1
2025-08-01,2025-08-31,month,ai_dynamic_rules,ai_rule.industry_competition_intensifies|direction=-1|lag=1_3,-0.55000000,3
2025-08-01,2025-08-31,month,ai_dynamic_rules,ai_rule.inventory_pressure_increases|direction=-1|lag=1_3,-0.57000000,2
2025-08-01,2025-08-31,month,ai_dynamic_rules,ai_rule.order_demand_improves|direction=1|lag=1_3,0.42000000,1
2025-08-01,2025-08-31,month,ai_dynamic_rules,ai_rule.product_price_recovers|direction=1|lag=1_3,0.19000000,2
2025-09-01,2025-09-30,month,ai_dynamic_rules,ai_rule.industry_competition_intensifies|direction=-1|lag=1_3,-0.15000000,1
2025-09-01,2025-09-30,month,ai_dynamic_rules,ai_rule.policy_accelerates_project_implementation|direction=1|lag=1_3,0.24000000,1
2025-09-01,2025-09-30,month,ai_dynamic_rules,ai_rule.policy_accelerates_project_implementation|direction=1|lag=4_6,0.30000000,1
2025-09-01,2025-09-30,month,ai_dynamic_rules,ai_rule.policy_expands_effective_demand|direction=1|lag=1_3,0.35000000,1
2025-10-01,2025-10-31,month,ai_dynamic_rules,ai_rule.industry_competition_intensifies|direction=-1|lag=1_3,-0.48000000,1
2025-10-01,2025-10-31,month,ai_dynamic_rules,ai_rule.policy_accelerates_project_implementation|direction=1|lag=1_3,0.12000000,1
2025-10-01,2025-10-31,month,ai_dynamic_rules,ai_rule.policy_expands_effective_demand|direction=1|lag=1_3,0.20000000,1
2025-12-01,2025-12-31,month,ai_dynamic_rules,ai_rule.capacity_under_construction|direction=1|lag=4_6,0.15000000,1
2025-12-01,2025-12-31,month,ai_dynamic_rules,ai_rule.order_demand_improves|direction=1|lag=1_3,0.24000000,1
2025-12-01,2025-12-31,month,ai_dynamic_rules,ai_rule.policy_expands_effective_demand|direction=1|lag=1_3,0.42000000,1
2026-01-01,2026-02-28,jan_feb_combined,ai_dynamic_rules,ai_rule.export_demand_improves|direction=1|lag=1_3,0.35000000,1
2026-01-01,2026-02-28,jan_feb_combined,ai_dynamic_rules,ai_rule.industry_competition_intensifies|direction=-1|lag=1_3,-0.33000000,2
2026-01-01,2026-02-28,jan_feb_combined,ai_dynamic_rules,ai_rule.inventory_pressure_increases|direction=-1|lag=1_3,-0.30000000,1
2026-01-01,2026-02-28,jan_feb_combined,ai_dynamic_rules,ai_rule.order_demand_improves|direction=1|lag=1_3,0.42000000,2
2026-01-01,2026-02-28,jan_feb_combined,ai_dynamic_rules,ai_rule.policy_expands_effective_demand|direction=1|lag=1_3,0.28000000,1
2026-01-01,2026-02-28,jan_feb_combined,ai_dynamic_rules,ai_rule.product_price_recovers|direction=1|lag=1_3,0.43666667,3
2026-01-01,2026-02-28,jan_feb_combined,ai_dynamic_rules,ai_rule.raw_material_cost_pressure|direction=-1|lag=1_3,-0.51333333,3
2026-03-01,2026-03-31,month,ai_dynamic_rules,ai_rule.capacity_enters_production|direction=1|lag=1_3,0.42000000,2
2026-03-01,2026-03-31,month,ai_dynamic_rules,ai_rule.industry_competition_intensifies|direction=-1|lag=1_3,-0.25000000,1
2026-03-01,2026-03-31,month,ai_dynamic_rules,ai_rule.inventory_pressure_increases|direction=-1|lag=1_3,-0.16000000,1
2026-03-01,2026-03-31,month,ai_dynamic_rules,ai_rule.order_demand_improves|direction=1|lag=1_3,0.40000000,4
2026-03-01,2026-03-31,month,ai_dynamic_rules,ai_rule.policy_expands_effective_demand|direction=1|lag=1_3,0.24000000,1
2026-03-01,2026-03-31,month,ai_dynamic_rules,ai_rule.product_price_recovers|direction=1|lag=1_3,0.48000000,1
2026-04-01,2026-04-30,month,ai_dynamic_rules,ai_rule.industry_competition_intensifies|direction=-1|lag=1_3,-0.33000000,2
2026-04-01,2026-04-30,month,ai_dynamic_rules,ai_rule.order_demand_improves|direction=1|lag=1_3,0.42000000,2
2026-04-01,2026-04-30,month,ai_dynamic_rules,ai_rule.policy_accelerates_project_implementation|direction=1|lag=1_3,0.32000000,3
2026-04-01,2026-04-30,month,ai_dynamic_rules,ai_rule.policy_expands_effective_demand|direction=1|lag=1_3,0.45333333,6
2026-05-01,2026-05-31,month,ai_dynamic_rules,ai_rule.industry_competition_intensifies|direction=-1|lag=1_3,-0.42000000,1
2026-05-01,2026-05-31,month,ai_dynamic_rules,ai_rule.order_demand_improves|direction=1|lag=1_3,0.38666667,3
2026-05-01,2026-05-31,month,ai_dynamic_rules,ai_rule.policy_accelerates_project_implementation|direction=1|lag=1_3,0.51000000,2
2026-05-01,2026-05-31,month,ai_dynamic_rules,ai_rule.policy_expands_effective_demand|direction=1|lag=1_3,0.66000000,2
2026-06-01,2026-06-30,month,ai_dynamic_rules,ai_rule.capacity_under_construction|direction=1|lag=4_6,0.56000000,1
2026-06-01,2026-06-30,month,ai_dynamic_rules,ai_rule.industry_competition_intensifies|direction=-1|lag=4_6,-0.42000000,1
2026-06-01,2026-06-30,month,ai_dynamic_rules,ai_rule.order_demand_improves|direction=1|lag=1_3,0.20000000,1
2026-07-01,2026-07-31,month,ai_dynamic_rules,ai_rule.grid_investment_accelerates|direction=1|lag=1_3,0.15000000,1
2026-07-01,2026-07-31,month,ai_dynamic_rules,ai_rule.order_demand_improves|direction=1|lag=1_3,0.42000000,2
2026-07-01,2026-07-31,month,ai_dynamic_rules,ai_rule.policy_expands_effective_demand|direction=1|lag=1_3,0.21000000,2
2026-08-01,2026-08-31,month,ai_dynamic_rules,ai_rule.capacity_under_construction|direction=1|lag=4_6,0.22500000,2
2026-08-01,2026-08-31,month,ai_dynamic_rules,ai_rule.grid_investment_accelerates|direction=1|lag=1_3,0.42000000,1
2026-08-01,2026-08-31,month,ai_dynamic_rules,ai_rule.policy_expands_effective_demand|direction=1|lag=1_3,0.27000000,2
2026-09-01,2026-09-30,month,ai_dynamic_rules,ai_rule.capacity_under_construction|direction=1|lag=4_6,0.24000000,1
2026-09-01,2026-09-30,month,ai_dynamic_rules,ai_rule.policy_accelerates_project_implementation|direction=1|lag=1_3,0.06000000,1
2026-10-01,2026-10-31,month,ai_dynamic_rules,ai_rule.capacity_under_construction|direction=1|lag=4_6,0.26000000,2
2026-11-01,2026-11-30,month,ai_dynamic_rules,ai_rule.capacity_under_construction|direction=1|lag=4_6,0.48000000,1
2026-12-01,2026-12-31,month,ai_dynamic_rules,ai_rule.capacity_under_construction|direction=1|lag=4_6,0.24000000,1
2024-03-01,2024-03-31,month,hybrid_rules,hybrid.ai_rule.industry_competition_intensifies|direction=-1|lag=1_3,-0.08635000,2
2024-03-01,2024-03-31,month,hybrid_rules,hybrid.ai_rule.inventory_pressure_increases|direction=-1|lag=1_3,-0.10500000,1
2024-05-01,2024-05-31,month,hybrid_rules,hybrid.ai_rule.policy_expands_effective_demand|direction=1|lag=1_3,0.05000000,1
2024-06-01,2024-06-30,month,hybrid_rules,hybrid.ai_rule.policy_expands_effective_demand|direction=1|lag=1_3,0.06000000,1
2024-07-01,2024-07-31,month,hybrid_rules,hybrid.ai_rule.policy_expands_effective_demand|direction=1|lag=1_3,0.14000000,1
2024-09-01,2024-09-30,month,hybrid_rules,hybrid.ai_rule.export_demand_improves|direction=1|lag=1_3,0.09000000,1
2024-10-01,2024-10-31,month,hybrid_rules,hybrid.ai_rule.policy_accelerates_project_implementation|direction=1|lag=1_3,0.07500000,1
2024-10-01,2024-10-31,month,hybrid_rules,hybrid.ai_rule.policy_expands_effective_demand|direction=1|lag=1_3,0.10500000,1
2024-11-01,2024-11-30,month,hybrid_rules,hybrid.ai_rule.grid_investment_accelerates|direction=1|lag=1_3,0.14000000,1
2025-01-01,2025-02-28,jan_feb_combined,hybrid_rules,hybrid.ai_rule.order_demand_improves|direction=1|lag=1_3,0.10500000,1
2025-03-01,2025-03-31,month,hybrid_rules,hybrid.ai_rule.export_demand_improves|direction=1|lag=1_3,0.09000000,1
2025-03-01,2025-03-31,month,hybrid_rules,hybrid.ai_rule.industry_competition_intensifies|direction=-1|lag=1_3,-0.10500000,1
2025-03-01,2025-03-31,month,hybrid_rules,hybrid.ai_rule.order_demand_improves|direction=1|lag=1_3,0.09500000,3
2025-04-01,2025-04-30,month,hybrid_rules,hybrid.ai_rule.grid_investment_accelerates|direction=1|lag=1_3,0.16000000,1
2025-04-01,2025-04-30,month,hybrid_rules,hybrid.ai_rule.policy_accelerates_project_implementation|direction=1|lag=1_3,0.03750000,1
2025-04-01,2025-04-30,month,hybrid_rules,hybrid.ai_rule.policy_expands_effective_demand|direction=1|lag=1_3,0.07750000,2
2025-05-01,2025-05-31,month,hybrid_rules,hybrid.ai_rule.grid_investment_accelerates|direction=1|lag=1_3,0.03000000,1
2025-05-01,2025-05-31,month,hybrid_rules,hybrid.ai_rule.order_demand_improves|direction=1|lag=1_3,0.07500000,1
2025-07-01,2025-07-31,month,hybrid_rules,hybrid.ai_rule.industry_competition_intensifies|direction=-1|lag=1_3,-0.09000000,1
2025-07-01,2025-07-31,month,hybrid_rules,hybrid.ai_rule.policy_accelerates_project_implementation|direction=1|lag=4_6,0.10500000,1
2025-07-01,2025-07-31,month,hybrid_rules,hybrid.ai_rule.policy_expands_effective_demand|direction=1|lag=1_3,0.14000000,1
2025-08-01,2025-08-31,month,hybrid_rules,hybrid.ai_rule.industry_competition_intensifies|direction=-1|lag=1_3,-0.13750000,3
2025-08-01,2025-08-31,month,hybrid_rules,hybrid.ai_rule.inventory_pressure_increases|direction=-1|lag=1_3,-0.14250000,2
2025-08-01,2025-08-31,month,hybrid_rules,hybrid.ai_rule.order_demand_improves|direction=1|lag=1_3,0.10500000,1
2025-08-01,2025-08-31,month,hybrid_rules,hybrid.ai_rule.product_price_recovers|direction=1|lag=1_3,0.04750000,2
2025-09-01,2025-09-30,month,hybrid_rules,hybrid.ai_rule.industry_competition_intensifies|direction=-1|lag=1_3,-0.03750000,1
2025-09-01,2025-09-30,month,hybrid_rules,hybrid.ai_rule.policy_accelerates_project_implementation|direction=1|lag=1_3,0.06000000,1
2025-09-01,2025-09-30,month,hybrid_rules,hybrid.ai_rule.policy_accelerates_project_implementation|direction=1|lag=4_6,0.07500000,1
2025-09-01,2025-09-30,month,hybrid_rules,hybrid.ai_rule.policy_expands_effective_demand|direction=1|lag=1_3,0.08750000,1
2025-10-01,2025-10-31,month,hybrid_rules,hybrid.ai_rule.industry_competition_intensifies|direction=-1|lag=1_3,-0.12000000,1
2025-10-01,2025-10-31,month,hybrid_rules,hybrid.ai_rule.policy_accelerates_project_implementation|direction=1|lag=1_3,0.03000000,1
2025-10-01,2025-10-31,month,hybrid_rules,hybrid.ai_rule.policy_expands_effective_demand|direction=1|lag=1_3,0.05000000,1
2025-12-01,2025-12-31,month,hybrid_rules,hybrid.ai_rule.capacity_under_construction|direction=1|lag=4_6,0.03750000,1
2025-12-01,2025-12-31,month,hybrid_rules,hybrid.ai_rule.order_demand_improves|direction=1|lag=1_3,0.06000000,1
2025-12-01,2025-12-31,month,hybrid_rules,hybrid.ai_rule.policy_expands_effective_demand|direction=1|lag=1_3,0.10500000,1
2026-01-01,2026-02-28,jan_feb_combined,hybrid_rules,hybrid.ai_rule.export_demand_improves|direction=1|lag=1_3,0.08750000,1
2026-01-01,2026-02-28,jan_feb_combined,hybrid_rules,hybrid.ai_rule.industry_competition_intensifies|direction=-1|lag=1_3,-0.08250000,2
2026-01-01,2026-02-28,jan_feb_combined,hybrid_rules,hybrid.ai_rule.inventory_pressure_increases|direction=-1|lag=1_3,-0.07500000,1
2026-01-01,2026-02-28,jan_feb_combined,hybrid_rules,hybrid.ai_rule.order_demand_improves|direction=1|lag=1_3,0.10500000,2
2026-01-01,2026-02-28,jan_feb_combined,hybrid_rules,hybrid.ai_rule.policy_expands_effective_demand|direction=1|lag=1_3,0.07000000,1
2026-01-01,2026-02-28,jan_feb_combined,hybrid_rules,hybrid.ai_rule.product_price_recovers|direction=1|lag=1_3,0.10916667,3
2026-01-01,2026-02-28,jan_feb_combined,hybrid_rules,hybrid.ai_rule.raw_material_cost_pressure|direction=-1|lag=1_3,-0.12833333,3
2026-03-01,2026-03-31,month,hybrid_rules,hybrid.ai_rule.capacity_enters_production|direction=1|lag=1_3,0.10500000,2
2026-03-01,2026-03-31,month,hybrid_rules,hybrid.ai_rule.industry_competition_intensifies|direction=-1|lag=1_3,-0.06250000,1
2026-03-01,2026-03-31,month,hybrid_rules,hybrid.ai_rule.inventory_pressure_increases|direction=-1|lag=1_3,-0.04000000,1
2026-03-01,2026-03-31,month,hybrid_rules,hybrid.ai_rule.order_demand_improves|direction=1|lag=1_3,0.10000000,4
2026-03-01,2026-03-31,month,hybrid_rules,hybrid.ai_rule.policy_expands_effective_demand|direction=1|lag=1_3,0.06000000,1
2026-03-01,2026-03-31,month,hybrid_rules,hybrid.ai_rule.product_price_recovers|direction=1|lag=1_3,0.12000000,1
2026-04-01,2026-04-30,month,hybrid_rules,hybrid.ai_rule.industry_competition_intensifies|direction=-1|lag=1_3,-0.08250000,2
2026-04-01,2026-04-30,month,hybrid_rules,hybrid.ai_rule.order_demand_improves|direction=1|lag=1_3,0.10500000,2
2026-04-01,2026-04-30,month,hybrid_rules,hybrid.ai_rule.policy_accelerates_project_implementation|direction=1|lag=1_3,0.08000000,3
2026-04-01,2026-04-30,month,hybrid_rules,hybrid.ai_rule.policy_expands_effective_demand|direction=1|lag=1_3,0.11333333,6
2026-05-01,2026-05-31,month,hybrid_rules,hybrid.ai_rule.industry_competition_intensifies|direction=-1|lag=1_3,-0.10500000,1
2026-05-01,2026-05-31,month,hybrid_rules,hybrid.ai_rule.order_demand_improves|direction=1|lag=1_3,0.09666667,3
2026-05-01,2026-05-31,month,hybrid_rules,hybrid.ai_rule.policy_accelerates_project_implementation|direction=1|lag=1_3,0.12750000,2
2026-05-01,2026-05-31,month,hybrid_rules,hybrid.ai_rule.policy_expands_effective_demand|direction=1|lag=1_3,0.16500000,2
2026-06-01,2026-06-30,month,hybrid_rules,hybrid.ai_rule.capacity_under_construction|direction=1|lag=4_6,0.14000000,1
2026-06-01,2026-06-30,month,hybrid_rules,hybrid.ai_rule.industry_competition_intensifies|direction=-1|lag=4_6,-0.10500000,1
2026-06-01,2026-06-30,month,hybrid_rules,hybrid.ai_rule.order_demand_improves|direction=1|lag=1_3,0.05000000,1
2026-07-01,2026-07-31,month,hybrid_rules,hybrid.ai_rule.grid_investment_accelerates|direction=1|lag=1_3,0.03750000,1
2026-07-01,2026-07-31,month,hybrid_rules,hybrid.ai_rule.order_demand_improves|direction=1|lag=1_3,0.10500000,2
2026-07-01,2026-07-31,month,hybrid_rules,hybrid.ai_rule.policy_expands_effective_demand|direction=1|lag=1_3,0.05250000,2
2026-08-01,2026-08-31,month,hybrid_rules,hybrid.ai_rule.capacity_under_construction|direction=1|lag=4_6,0.05625000,2
2026-08-01,2026-08-31,month,hybrid_rules,hybrid.ai_rule.grid_investment_accelerates|direction=1|lag=1_3,0.10500000,1
2026-08-01,2026-08-31,month,hybrid_rules,hybrid.ai_rule.policy_expands_effective_demand|direction=1|lag=1_3,0.06750000,2
2026-09-01,2026-09-30,month,hybrid_rules,hybrid.ai_rule.capacity_under_construction|direction=1|lag=4_6,0.06000000,1
2026-09-01,2026-09-30,month,hybrid_rules,hybrid.ai_rule.policy_accelerates_project_implementation|direction=1|lag=1_3,0.01500000,1
2026-10-01,2026-10-31,month,hybrid_rules,hybrid.ai_rule.capacity_under_construction|direction=1|lag=4_6,0.06500000,2
2026-11-01,2026-11-30,month,hybrid_rules,hybrid.ai_rule.capacity_under_construction|direction=1|lag=4_6,0.12000000,1
2026-12-01,2026-12-31,month,hybrid_rules,hybrid.ai_rule.capacity_under_construction|direction=1|lag=4_6,0.06000000,1
