event_id,doc_id,stock_code,event_type,event_time,subject,object,impact_path,evidence_text,evidence_strength
ME0001,HIST-NBS-012,002594,attention_spread,2016-03-12,国家统计局,新能源汽车销售与车型供给,政策活动/需求变化→终端销量关注→整车与电池链条联动,利用该指标，可以判断短期工业经济的运行走势，判断经济的景气程度，也是制定和调整经济政策，实施宏观调控的重要参考和依据。,0.84
ME0002,HIST-NBS-012,600104,attention_spread,2016-03-12,国家统计局,新能源汽车销售与车型供给,政策活动/需求变化→终端销量关注→整车与电池链条联动,利用该指标，可以判断短期工业经济的运行走势，判断经济的景气程度，也是制定和调整经济政策，实施宏观调控的重要参考和依据。,0.84
ME0003,HIST-NBS-012,601633,attention_spread,2016-03-12,国家统计局,新能源汽车销售与车型供给,政策活动/需求变化→终端销量关注→整车与电池链条联动,利用该指标，可以判断短期工业经济的运行走势，判断经济的景气程度，也是制定和调整经济政策，实施宏观调控的重要参考和依据。,0.84
ME0004,HIST-NBS-012,601127,attention_spread,2016-03-12,国家统计局,新能源汽车销售与车型供给,政策活动/需求变化→终端销量关注→整车与电池链条联动,利用该指标，可以判断短期工业经济的运行走势，判断经济的景气程度，也是制定和调整经济政策，实施宏观调控的重要参考和依据。,0.84
ME0005,HIST-NBS-012,000625,attention_spread,2016-03-12,国家统计局,新能源汽车销售与车型供给,政策活动/需求变化→终端销量关注→整车与电池链条联动,利用该指标，可以判断短期工业经济的运行走势，判断经济的景气程度，也是制定和调整经济政策，实施宏观调控的重要参考和依据。,0.84
ME0006,HIST-NBS-013,002594,attention_spread,2016-04-15,国家统计局,新能源汽车销售与车型供给,政策活动/需求变化→终端销量关注→整车与电池链条联动,利用该指标，可以判断短期工业经济的运行走势，判断经济的景气程度，也是制定和调整经济政策，实施宏观调控的重要参考和依据。,0.84
ME0007,HIST-NBS-013,600104,attention_spread,2016-04-15,国家统计局,新能源汽车销售与车型供给,政策活动/需求变化→终端销量关注→整车与电池链条联动,利用该指标，可以判断短期工业经济的运行走势，判断经济的景气程度，也是制定和调整经济政策，实施宏观调控的重要参考和依据。,0.84
ME0008,HIST-NBS-013,601633,attention_spread,2016-04-15,国家统计局,新能源汽车销售与车型供给,政策活动/需求变化→终端销量关注→整车与电池链条联动,利用该指标，可以判断短期工业经济的运行走势，判断经济的景气程度，也是制定和调整经济政策，实施宏观调控的重要参考和依据。,0.84
ME0009,HIST-NBS-013,601127,attention_spread,2016-04-15,国家统计局,新能源汽车销售与车型供给,政策活动/需求变化→终端销量关注→整车与电池链条联动,利用该指标，可以判断短期工业经济的运行走势，判断经济的景气程度，也是制定和调整经济政策，实施宏观调控的重要参考和依据。,0.84
ME0010,HIST-NBS-013,000625,attention_spread,2016-04-15,国家统计局,新能源汽车销售与车型供给,政策活动/需求变化→终端销量关注→整车与电池链条联动,利用该指标，可以判断短期工业经济的运行走势，判断经济的景气程度，也是制定和调整经济政策，实施宏观调控的重要参考和依据。,0.84
ME0011,HIST-NBS-014,002594,attention_spread,2016-05-14,国家统计局,新能源汽车销售与车型供给,政策活动/需求变化→终端销量关注→整车与电池链条联动,利用该指标，可以判断短期工业经济的运行走势，判断经济的景气程度，也是制定和调整经济政策，实施宏观调控的重要参考和依据。,0.84
ME0012,HIST-NBS-014,600104,attention_spread,2016-05-14,国家统计局,新能源汽车销售与车型供给,政策活动/需求变化→终端销量关注→整车与电池链条联动,利用该指标，可以判断短期工业经济的运行走势，判断经济的景气程度，也是制定和调整经济政策，实施宏观调控的重要参考和依据。,0.84
ME0013,HIST-NBS-014,601633,attention_spread,2016-05-14,国家统计局,新能源汽车销售与车型供给,政策活动/需求变化→终端销量关注→整车与电池链条联动,利用该指标，可以判断短期工业经济的运行走势，判断经济的景气程度，也是制定和调整经济政策，实施宏观调控的重要参考和依据。,0.84
ME0014,HIST-NBS-014,601127,attention_spread,2016-05-14,国家统计局,新能源汽车销售与车型供给,政策活动/需求变化→终端销量关注→整车与电池链条联动,利用该指标，可以判断短期工业经济的运行走势，判断经济的景气程度，也是制定和调整经济政策，实施宏观调控的重要参考和依据。,0.84
ME0015,HIST-NBS-014,000625,attention_spread,2016-05-14,国家统计局,新能源汽车销售与车型供给,政策活动/需求变化→终端销量关注→整车与电池链条联动,利用该指标，可以判断短期工业经济的运行走势，判断经济的景气程度，也是制定和调整经济政策，实施宏观调控的重要参考和依据。,0.84
ME0016,HIST-NBS-015,002594,attention_spread,2016-06-13,国家统计局,新能源汽车销售与车型供给,政策活动/需求变化→终端销量关注→整车与电池链条联动,利用该指标，可以判断短期工业经济的运行走势，判断经济的景气程度，也是制定和调整经济政策，实施宏观调控的重要参考和依据。,0.84
ME0017,HIST-NBS-015,600104,attention_spread,2016-06-13,国家统计局,新能源汽车销售与车型供给,政策活动/需求变化→终端销量关注→整车与电池链条联动,利用该指标，可以判断短期工业经济的运行走势，判断经济的景气程度，也是制定和调整经济政策，实施宏观调控的重要参考和依据。,0.84
ME0018,HIST-NBS-015,601633,attention_spread,2016-06-13,国家统计局,新能源汽车销售与车型供给,政策活动/需求变化→终端销量关注→整车与电池链条联动,利用该指标，可以判断短期工业经济的运行走势，判断经济的景气程度，也是制定和调整经济政策，实施宏观调控的重要参考和依据。,0.84
ME0019,HIST-NBS-015,601127,attention_spread,2016-06-13,国家统计局,新能源汽车销售与车型供给,政策活动/需求变化→终端销量关注→整车与电池链条联动,利用该指标，可以判断短期工业经济的运行走势，判断经济的景气程度，也是制定和调整经济政策，实施宏观调控的重要参考和依据。,0.84
ME0020,HIST-NBS-015,000625,attention_spread,2016-06-13,国家统计局,新能源汽车销售与车型供给,政策活动/需求变化→终端销量关注→整车与电池链条联动,利用该指标，可以判断短期工业经济的运行走势，判断经济的景气程度，也是制定和调整经济政策，实施宏观调控的重要参考和依据。,0.84
ME0021,HIST-NBS-016,002594,attention_spread,2016-07-15,国家统计局,新能源汽车销售与车型供给,政策活动/需求变化→终端销量关注→整车与电池链条联动,利用该指标，可以判断短期工业经济的运行走势，判断经济的景气程度，也是制定和调整经济政策，实施宏观调控的重要参考和依据。,0.84
ME0022,HIST-NBS-016,600104,attention_spread,2016-07-15,国家统计局,新能源汽车销售与车型供给,政策活动/需求变化→终端销量关注→整车与电池链条联动,利用该指标，可以判断短期工业经济的运行走势，判断经济的景气程度，也是制定和调整经济政策，实施宏观调控的重要参考和依据。,0.84
ME0023,HIST-NBS-016,601633,attention_spread,2016-07-15,国家统计局,新能源汽车销售与车型供给,政策活动/需求变化→终端销量关注→整车与电池链条联动,利用该指标，可以判断短期工业经济的运行走势，判断经济的景气程度，也是制定和调整经济政策，实施宏观调控的重要参考和依据。,0.84
ME0024,HIST-NBS-016,601127,attention_spread,2016-07-15,国家统计局,新能源汽车销售与车型供给,政策活动/需求变化→终端销量关注→整车与电池链条联动,利用该指标，可以判断短期工业经济的运行走势，判断经济的景气程度，也是制定和调整经济政策，实施宏观调控的重要参考和依据。,0.84
ME0025,HIST-NBS-016,000625,attention_spread,2016-07-15,国家统计局,新能源汽车销售与车型供给,政策活动/需求变化→终端销量关注→整车与电池链条联动,利用该指标，可以判断短期工业经济的运行走势，判断经济的景气程度，也是制定和调整经济政策，实施宏观调控的重要参考和依据。,0.84
ME0026,HIST-NBS-017,002594,attention_spread,2016-08-12,国家统计局,新能源汽车销售与车型供给,政策活动/需求变化→终端销量关注→整车与电池链条联动,利用该指标，可以判断短期工业经济的运行走势，判断经济的景气程度，也是制定和调整经济政策，实施宏观调控的重要参考和依据。,0.84
ME0027,HIST-NBS-017,600104,attention_spread,2016-08-12,国家统计局,新能源汽车销售与车型供给,政策活动/需求变化→终端销量关注→整车与电池链条联动,利用该指标，可以判断短期工业经济的运行走势，判断经济的景气程度，也是制定和调整经济政策，实施宏观调控的重要参考和依据。,0.84
ME0028,HIST-NBS-017,601633,attention_spread,2016-08-12,国家统计局,新能源汽车销售与车型供给,政策活动/需求变化→终端销量关注→整车与电池链条联动,利用该指标，可以判断短期工业经济的运行走势，判断经济的景气程度，也是制定和调整经济政策，实施宏观调控的重要参考和依据。,0.84
ME0029,HIST-NBS-017,601127,attention_spread,2016-08-12,国家统计局,新能源汽车销售与车型供给,政策活动/需求变化→终端销量关注→整车与电池链条联动,利用该指标，可以判断短期工业经济的运行走势，判断经济的景气程度，也是制定和调整经济政策，实施宏观调控的重要参考和依据。,0.84
ME0030,HIST-NBS-017,000625,attention_spread,2016-08-12,国家统计局,新能源汽车销售与车型供给,政策活动/需求变化→终端销量关注→整车与电池链条联动,利用该指标，可以判断短期工业经济的运行走势，判断经济的景气程度，也是制定和调整经济政策，实施宏观调控的重要参考和依据。,0.84
ME0031,HIST-NBS-018,002594,attention_spread,2016-09-13,国家统计局,新能源汽车销售与车型供给,政策活动/需求变化→终端销量关注→整车与电池链条联动,利用该指标，可以判断短期工业经济的运行走势，判断经济的景气程度，也是制定和调整经济政策，实施宏观调控的重要参考和依据。,0.84
ME0032,HIST-NBS-018,600104,attention_spread,2016-09-13,国家统计局,新能源汽车销售与车型供给,政策活动/需求变化→终端销量关注→整车与电池链条联动,利用该指标，可以判断短期工业经济的运行走势，判断经济的景气程度，也是制定和调整经济政策，实施宏观调控的重要参考和依据。,0.84
ME0033,HIST-NBS-018,601633,attention_spread,2016-09-13,国家统计局,新能源汽车销售与车型供给,政策活动/需求变化→终端销量关注→整车与电池链条联动,利用该指标，可以判断短期工业经济的运行走势，判断经济的景气程度，也是制定和调整经济政策，实施宏观调控的重要参考和依据。,0.84
ME0034,HIST-NBS-018,601127,attention_spread,2016-09-13,国家统计局,新能源汽车销售与车型供给,政策活动/需求变化→终端销量关注→整车与电池链条联动,利用该指标，可以判断短期工业经济的运行走势，判断经济的景气程度，也是制定和调整经济政策，实施宏观调控的重要参考和依据。,0.84
ME0035,HIST-NBS-018,000625,attention_spread,2016-09-13,国家统计局,新能源汽车销售与车型供给,政策活动/需求变化→终端销量关注→整车与电池链条联动,利用该指标，可以判断短期工业经济的运行走势，判断经济的景气程度，也是制定和调整经济政策，实施宏观调控的重要参考和依据。,0.84
ME0036,HIST-NBS-019,002594,attention_spread,2016-10-19,国家统计局,新能源汽车销售与车型供给,政策活动/需求变化→终端销量关注→整车与电池链条联动,利用该指标，可以判断短期工业经济的运行走势，判断经济的景气程度，也是制定和调整经济政策，实施宏观调控的重要参考和依据。,0.84
ME0037,HIST-NBS-019,600104,attention_spread,2016-10-19,国家统计局,新能源汽车销售与车型供给,政策活动/需求变化→终端销量关注→整车与电池链条联动,利用该指标，可以判断短期工业经济的运行走势，判断经济的景气程度，也是制定和调整经济政策，实施宏观调控的重要参考和依据。,0.84
ME0038,HIST-NBS-019,601633,attention_spread,2016-10-19,国家统计局,新能源汽车销售与车型供给,政策活动/需求变化→终端销量关注→整车与电池链条联动,利用该指标，可以判断短期工业经济的运行走势，判断经济的景气程度，也是制定和调整经济政策，实施宏观调控的重要参考和依据。,0.84
ME0039,HIST-NBS-019,601127,attention_spread,2016-10-19,国家统计局,新能源汽车销售与车型供给,政策活动/需求变化→终端销量关注→整车与电池链条联动,利用该指标，可以判断短期工业经济的运行走势，判断经济的景气程度，也是制定和调整经济政策，实施宏观调控的重要参考和依据。,0.84
ME0040,HIST-NBS-019,000625,attention_spread,2016-10-19,国家统计局,新能源汽车销售与车型供给,政策活动/需求变化→终端销量关注→整车与电池链条联动,利用该指标，可以判断短期工业经济的运行走势，判断经济的景气程度，也是制定和调整经济政策，实施宏观调控的重要参考和依据。,0.84
ME0041,HIST-NBS-020,002594,attention_spread,2016-11-14,国家统计局,新能源汽车销售与车型供给,政策活动/需求变化→终端销量关注→整车与电池链条联动,利用该指标，可以判断短期工业经济的运行走势，判断经济的景气程度，也是制定和调整经济政策，实施宏观调控的重要参考和依据。,0.84
ME0042,HIST-NBS-020,600104,attention_spread,2016-11-14,国家统计局,新能源汽车销售与车型供给,政策活动/需求变化→终端销量关注→整车与电池链条联动,利用该指标，可以判断短期工业经济的运行走势，判断经济的景气程度，也是制定和调整经济政策，实施宏观调控的重要参考和依据。,0.84
ME0043,HIST-NBS-020,601633,attention_spread,2016-11-14,国家统计局,新能源汽车销售与车型供给,政策活动/需求变化→终端销量关注→整车与电池链条联动,利用该指标，可以判断短期工业经济的运行走势，判断经济的景气程度，也是制定和调整经济政策，实施宏观调控的重要参考和依据。,0.84
ME0044,HIST-NBS-020,601127,attention_spread,2016-11-14,国家统计局,新能源汽车销售与车型供给,政策活动/需求变化→终端销量关注→整车与电池链条联动,利用该指标，可以判断短期工业经济的运行走势，判断经济的景气程度，也是制定和调整经济政策，实施宏观调控的重要参考和依据。,0.84
ME0045,HIST-NBS-020,000625,attention_spread,2016-11-14,国家统计局,新能源汽车销售与车型供给,政策活动/需求变化→终端销量关注→整车与电池链条联动,利用该指标，可以判断短期工业经济的运行走势，判断经济的景气程度，也是制定和调整经济政策，实施宏观调控的重要参考和依据。,0.84
ME0046,HIST-NBS-021,002594,attention_spread,2016-12-13,国家统计局,新能源汽车销售与车型供给,政策活动/需求变化→终端销量关注→整车与电池链条联动,利用该指标，可以判断短期工业经济的运行走势，判断经济的景气程度，也是制定和调整经济政策，实施宏观调控的重要参考和依据。,0.84
ME0047,HIST-NBS-021,600104,attention_spread,2016-12-13,国家统计局,新能源汽车销售与车型供给,政策活动/需求变化→终端销量关注→整车与电池链条联动,利用该指标，可以判断短期工业经济的运行走势，判断经济的景气程度，也是制定和调整经济政策，实施宏观调控的重要参考和依据。,0.84
ME0048,HIST-NBS-021,601633,attention_spread,2016-12-13,国家统计局,新能源汽车销售与车型供给,政策活动/需求变化→终端销量关注→整车与电池链条联动,利用该指标，可以判断短期工业经济的运行走势，判断经济的景气程度，也是制定和调整经济政策，实施宏观调控的重要参考和依据。,0.84
ME0049,HIST-NBS-021,601127,attention_spread,2016-12-13,国家统计局,新能源汽车销售与车型供给,政策活动/需求变化→终端销量关注→整车与电池链条联动,利用该指标，可以判断短期工业经济的运行走势，判断经济的景气程度，也是制定和调整经济政策，实施宏观调控的重要参考和依据。,0.84
ME0050,HIST-NBS-021,000625,attention_spread,2016-12-13,国家统计局,新能源汽车销售与车型供给,政策活动/需求变化→终端销量关注→整车与电池链条联动,利用该指标，可以判断短期工业经济的运行走势，判断经济的景气程度，也是制定和调整经济政策，实施宏观调控的重要参考和依据。,0.84
ME0051,HIST-NBS-022,002594,attention_spread,2017-01-20,国家统计局,新能源汽车销售与车型供给,政策活动/需求变化→终端销量关注→整车与电池链条联动,利用该指标，可以判断短期工业经济的运行走势，判断经济的景气程度，也是制定和调整经济政策，实施宏观调控的重要参考和依据。,0.84
ME0052,HIST-NBS-022,600104,attention_spread,2017-01-20,国家统计局,新能源汽车销售与车型供给,政策活动/需求变化→终端销量关注→整车与电池链条联动,利用该指标，可以判断短期工业经济的运行走势，判断经济的景气程度，也是制定和调整经济政策，实施宏观调控的重要参考和依据。,0.84
ME0053,HIST-NBS-022,601633,attention_spread,2017-01-20,国家统计局,新能源汽车销售与车型供给,政策活动/需求变化→终端销量关注→整车与电池链条联动,利用该指标，可以判断短期工业经济的运行走势，判断经济的景气程度，也是制定和调整经济政策，实施宏观调控的重要参考和依据。,0.84
ME0054,HIST-NBS-022,601127,attention_spread,2017-01-20,国家统计局,新能源汽车销售与车型供给,政策活动/需求变化→终端销量关注→整车与电池链条联动,利用该指标，可以判断短期工业经济的运行走势，判断经济的景气程度，也是制定和调整经济政策，实施宏观调控的重要参考和依据。,0.84
ME0055,HIST-NBS-022,000625,attention_spread,2017-01-20,国家统计局,新能源汽车销售与车型供给,政策活动/需求变化→终端销量关注→整车与电池链条联动,利用该指标，可以判断短期工业经济的运行走势，判断经济的景气程度，也是制定和调整经济政策，实施宏观调控的重要参考和依据。,0.84
ME0056,HIST-NBS-023,002594,attention_spread,2017-03-14,国家统计局,新能源汽车销售与车型供给,政策活动/需求变化→终端销量关注→整车与电池链条联动,利用该指标，可以判断短期工业经济的运行走势，判断经济的景气程度，也是制定和调整经济政策，实施宏观调控的重要参考和依据。,0.84
ME0057,HIST-NBS-023,600104,attention_spread,2017-03-14,国家统计局,新能源汽车销售与车型供给,政策活动/需求变化→终端销量关注→整车与电池链条联动,利用该指标，可以判断短期工业经济的运行走势，判断经济的景气程度，也是制定和调整经济政策，实施宏观调控的重要参考和依据。,0.84
ME0058,HIST-NBS-023,601633,attention_spread,2017-03-14,国家统计局,新能源汽车销售与车型供给,政策活动/需求变化→终端销量关注→整车与电池链条联动,利用该指标，可以判断短期工业经济的运行走势，判断经济的景气程度，也是制定和调整经济政策，实施宏观调控的重要参考和依据。,0.84
ME0059,HIST-NBS-023,601127,attention_spread,2017-03-14,国家统计局,新能源汽车销售与车型供给,政策活动/需求变化→终端销量关注→整车与电池链条联动,利用该指标，可以判断短期工业经济的运行走势，判断经济的景气程度，也是制定和调整经济政策，实施宏观调控的重要参考和依据。,0.84
ME0060,HIST-NBS-023,000625,attention_spread,2017-03-14,国家统计局,新能源汽车销售与车型供给,政策活动/需求变化→终端销量关注→整车与电池链条联动,利用该指标，可以判断短期工业经济的运行走势，判断经济的景气程度，也是制定和调整经济政策，实施宏观调控的重要参考和依据。,0.84
ME0061,HIST-NBS-024,002594,attention_spread,2017-04-17,国家统计局,新能源汽车销售与车型供给,政策活动/需求变化→终端销量关注→整车与电池链条联动,利用该指标，可以判断短期工业经济的运行走势，判断经济的景气程度，也是制定和调整经济政策，实施宏观调控的重要参考和依据。,0.84
ME0062,HIST-NBS-024,600104,attention_spread,2017-04-17,国家统计局,新能源汽车销售与车型供给,政策活动/需求变化→终端销量关注→整车与电池链条联动,利用该指标，可以判断短期工业经济的运行走势，判断经济的景气程度，也是制定和调整经济政策，实施宏观调控的重要参考和依据。,0.84
ME0063,HIST-NBS-024,601633,attention_spread,2017-04-17,国家统计局,新能源汽车销售与车型供给,政策活动/需求变化→终端销量关注→整车与电池链条联动,利用该指标，可以判断短期工业经济的运行走势，判断经济的景气程度，也是制定和调整经济政策，实施宏观调控的重要参考和依据。,0.84
ME0064,HIST-NBS-024,601127,attention_spread,2017-04-17,国家统计局,新能源汽车销售与车型供给,政策活动/需求变化→终端销量关注→整车与电池链条联动,利用该指标，可以判断短期工业经济的运行走势，判断经济的景气程度，也是制定和调整经济政策，实施宏观调控的重要参考和依据。,0.84
ME0065,HIST-NBS-024,000625,attention_spread,2017-04-17,国家统计局,新能源汽车销售与车型供给,政策活动/需求变化→终端销量关注→整车与电池链条联动,利用该指标，可以判断短期工业经济的运行走势，判断经济的景气程度，也是制定和调整经济政策，实施宏观调控的重要参考和依据。,0.84
ME0066,HIST-NBS-025,002594,attention_spread,2017-05-15,国家统计局,新能源汽车销售与车型供给,政策活动/需求变化→终端销量关注→整车与电池链条联动,利用该指标，可以判断短期工业经济的运行走势，判断经济的景气程度，也是制定和调整经济政策，实施宏观调控的重要参考和依据。,0.84
ME0067,HIST-NBS-025,600104,attention_spread,2017-05-15,国家统计局,新能源汽车销售与车型供给,政策活动/需求变化→终端销量关注→整车与电池链条联动,利用该指标，可以判断短期工业经济的运行走势，判断经济的景气程度，也是制定和调整经济政策，实施宏观调控的重要参考和依据。,0.84
ME0068,HIST-NBS-025,601633,attention_spread,2017-05-15,国家统计局,新能源汽车销售与车型供给,政策活动/需求变化→终端销量关注→整车与电池链条联动,利用该指标，可以判断短期工业经济的运行走势，判断经济的景气程度，也是制定和调整经济政策，实施宏观调控的重要参考和依据。,0.84
ME0069,HIST-NBS-025,601127,attention_spread,2017-05-15,国家统计局,新能源汽车销售与车型供给,政策活动/需求变化→终端销量关注→整车与电池链条联动,利用该指标，可以判断短期工业经济的运行走势，判断经济的景气程度，也是制定和调整经济政策，实施宏观调控的重要参考和依据。,0.84
ME0070,HIST-NBS-025,000625,attention_spread,2017-05-15,国家统计局,新能源汽车销售与车型供给,政策活动/需求变化→终端销量关注→整车与电池链条联动,利用该指标，可以判断短期工业经济的运行走势，判断经济的景气程度，也是制定和调整经济政策，实施宏观调控的重要参考和依据。,0.84
ME0071,HIST-NBS-026,002594,attention_spread,2017-06-14,国家统计局,新能源汽车销售与车型供给,政策活动/需求变化→终端销量关注→整车与电池链条联动,利用该指标，可以判断短期工业经济的运行走势，判断经济的景气程度，也是制定和调整经济政策，实施宏观调控的重要参考和依据。,0.84
ME0072,HIST-NBS-026,600104,attention_spread,2017-06-14,国家统计局,新能源汽车销售与车型供给,政策活动/需求变化→终端销量关注→整车与电池链条联动,利用该指标，可以判断短期工业经济的运行走势，判断经济的景气程度，也是制定和调整经济政策，实施宏观调控的重要参考和依据。,0.84
ME0073,HIST-NBS-026,601633,attention_spread,2017-06-14,国家统计局,新能源汽车销售与车型供给,政策活动/需求变化→终端销量关注→整车与电池链条联动,利用该指标，可以判断短期工业经济的运行走势，判断经济的景气程度，也是制定和调整经济政策，实施宏观调控的重要参考和依据。,0.84
ME0074,HIST-NBS-026,601127,attention_spread,2017-06-14,国家统计局,新能源汽车销售与车型供给,政策活动/需求变化→终端销量关注→整车与电池链条联动,利用该指标，可以判断短期工业经济的运行走势，判断经济的景气程度，也是制定和调整经济政策，实施宏观调控的重要参考和依据。,0.84
ME0075,HIST-NBS-026,000625,attention_spread,2017-06-14,国家统计局,新能源汽车销售与车型供给,政策活动/需求变化→终端销量关注→整车与电池链条联动,利用该指标，可以判断短期工业经济的运行走势，判断经济的景气程度，也是制定和调整经济政策，实施宏观调控的重要参考和依据。,0.84
ME0076,HIST-NBS-027,002594,attention_spread,2017-07-17,国家统计局,新能源汽车销售与车型供给,政策活动/需求变化→终端销量关注→整车与电池链条联动,利用该指标，可以判断短期工业经济的运行走势，判断经济的景气程度，也是制定和调整经济政策，实施宏观调控的重要参考和依据。,0.84
ME0077,HIST-NBS-027,600104,attention_spread,2017-07-17,国家统计局,新能源汽车销售与车型供给,政策活动/需求变化→终端销量关注→整车与电池链条联动,利用该指标，可以判断短期工业经济的运行走势，判断经济的景气程度，也是制定和调整经济政策，实施宏观调控的重要参考和依据。,0.84
ME0078,HIST-NBS-027,601633,attention_spread,2017-07-17,国家统计局,新能源汽车销售与车型供给,政策活动/需求变化→终端销量关注→整车与电池链条联动,利用该指标，可以判断短期工业经济的运行走势，判断经济的景气程度，也是制定和调整经济政策，实施宏观调控的重要参考和依据。,0.84
ME0079,HIST-NBS-027,601127,attention_spread,2017-07-17,国家统计局,新能源汽车销售与车型供给,政策活动/需求变化→终端销量关注→整车与电池链条联动,利用该指标，可以判断短期工业经济的运行走势，判断经济的景气程度，也是制定和调整经济政策，实施宏观调控的重要参考和依据。,0.84
ME0080,HIST-NBS-027,000625,attention_spread,2017-07-17,国家统计局,新能源汽车销售与车型供给,政策活动/需求变化→终端销量关注→整车与电池链条联动,利用该指标，可以判断短期工业经济的运行走势，判断经济的景气程度，也是制定和调整经济政策，实施宏观调控的重要参考和依据。,0.84
ME0081,HIST-NBS-028,002594,attention_spread,2017-08-14,国家统计局,新能源汽车销售与车型供给,政策活动/需求变化→终端销量关注→整车与电池链条联动,利用该指标，可以判断短期工业经济的运行走势，判断经济的景气程度，也是制定和调整经济政策，实施宏观调控的重要参考和依据。,0.84
ME0082,HIST-NBS-028,600104,attention_spread,2017-08-14,国家统计局,新能源汽车销售与车型供给,政策活动/需求变化→终端销量关注→整车与电池链条联动,利用该指标，可以判断短期工业经济的运行走势，判断经济的景气程度，也是制定和调整经济政策，实施宏观调控的重要参考和依据。,0.84
ME0083,HIST-NBS-028,601633,attention_spread,2017-08-14,国家统计局,新能源汽车销售与车型供给,政策活动/需求变化→终端销量关注→整车与电池链条联动,利用该指标，可以判断短期工业经济的运行走势，判断经济的景气程度，也是制定和调整经济政策，实施宏观调控的重要参考和依据。,0.84
ME0084,HIST-NBS-028,601127,attention_spread,2017-08-14,国家统计局,新能源汽车销售与车型供给,政策活动/需求变化→终端销量关注→整车与电池链条联动,利用该指标，可以判断短期工业经济的运行走势，判断经济的景气程度，也是制定和调整经济政策，实施宏观调控的重要参考和依据。,0.84
ME0085,HIST-NBS-028,000625,attention_spread,2017-08-14,国家统计局,新能源汽车销售与车型供给,政策活动/需求变化→终端销量关注→整车与电池链条联动,利用该指标，可以判断短期工业经济的运行走势，判断经济的景气程度，也是制定和调整经济政策，实施宏观调控的重要参考和依据。,0.84
ME0086,HIST-NBS-029,002594,attention_spread,2017-09-14,国家统计局,新能源汽车销售与车型供给,政策活动/需求变化→终端销量关注→整车与电池链条联动,利用该指标，可以判断短期工业经济的运行走势，判断经济的景气程度，也是制定和调整经济政策，实施宏观调控的重要参考和依据。,0.84
ME0087,HIST-NBS-029,600104,attention_spread,2017-09-14,国家统计局,新能源汽车销售与车型供给,政策活动/需求变化→终端销量关注→整车与电池链条联动,利用该指标，可以判断短期工业经济的运行走势，判断经济的景气程度，也是制定和调整经济政策，实施宏观调控的重要参考和依据。,0.84
ME0088,HIST-NBS-029,601633,attention_spread,2017-09-14,国家统计局,新能源汽车销售与车型供给,政策活动/需求变化→终端销量关注→整车与电池链条联动,利用该指标，可以判断短期工业经济的运行走势，判断经济的景气程度，也是制定和调整经济政策，实施宏观调控的重要参考和依据。,0.84
ME0089,HIST-NBS-029,601127,attention_spread,2017-09-14,国家统计局,新能源汽车销售与车型供给,政策活动/需求变化→终端销量关注→整车与电池链条联动,利用该指标，可以判断短期工业经济的运行走势，判断经济的景气程度，也是制定和调整经济政策，实施宏观调控的重要参考和依据。,0.84
ME0090,HIST-NBS-029,000625,attention_spread,2017-09-14,国家统计局,新能源汽车销售与车型供给,政策活动/需求变化→终端销量关注→整车与电池链条联动,利用该指标，可以判断短期工业经济的运行走势，判断经济的景气程度，也是制定和调整经济政策，实施宏观调控的重要参考和依据。,0.84
ME0091,HIST-NBS-030,002594,attention_spread,2017-10-19,国家统计局,新能源汽车销售与车型供给,政策活动/需求变化→终端销量关注→整车与电池链条联动,利用该指标，可以判断短期工业经济的运行走势，判断经济的景气程度，也是制定和调整经济政策，实施宏观调控的重要参考和依据。,0.84
ME0092,HIST-NBS-030,600104,attention_spread,2017-10-19,国家统计局,新能源汽车销售与车型供给,政策活动/需求变化→终端销量关注→整车与电池链条联动,利用该指标，可以判断短期工业经济的运行走势，判断经济的景气程度，也是制定和调整经济政策，实施宏观调控的重要参考和依据。,0.84
ME0093,HIST-NBS-030,601633,attention_spread,2017-10-19,国家统计局,新能源汽车销售与车型供给,政策活动/需求变化→终端销量关注→整车与电池链条联动,利用该指标，可以判断短期工业经济的运行走势，判断经济的景气程度，也是制定和调整经济政策，实施宏观调控的重要参考和依据。,0.84
ME0094,HIST-NBS-030,601127,attention_spread,2017-10-19,国家统计局,新能源汽车销售与车型供给,政策活动/需求变化→终端销量关注→整车与电池链条联动,利用该指标，可以判断短期工业经济的运行走势，判断经济的景气程度，也是制定和调整经济政策，实施宏观调控的重要参考和依据。,0.84
ME0095,HIST-NBS-030,000625,attention_spread,2017-10-19,国家统计局,新能源汽车销售与车型供给,政策活动/需求变化→终端销量关注→整车与电池链条联动,利用该指标，可以判断短期工业经济的运行走势，判断经济的景气程度，也是制定和调整经济政策，实施宏观调控的重要参考和依据。,0.84
ME0096,HIST-NBS-031,002594,attention_spread,2017-11-14,国家统计局,新能源汽车销售与车型供给,政策活动/需求变化→终端销量关注→整车与电池链条联动,利用该指标，可以判断短期工业经济的运行走势，判断经济的景气程度，也是制定和调整经济政策，实施宏观调控的重要参考和依据。,0.84
ME0097,HIST-NBS-031,600104,attention_spread,2017-11-14,国家统计局,新能源汽车销售与车型供给,政策活动/需求变化→终端销量关注→整车与电池链条联动,利用该指标，可以判断短期工业经济的运行走势，判断经济的景气程度，也是制定和调整经济政策，实施宏观调控的重要参考和依据。,0.84
ME0098,HIST-NBS-031,601633,attention_spread,2017-11-14,国家统计局,新能源汽车销售与车型供给,政策活动/需求变化→终端销量关注→整车与电池链条联动,利用该指标，可以判断短期工业经济的运行走势，判断经济的景气程度，也是制定和调整经济政策，实施宏观调控的重要参考和依据。,0.84
ME0099,HIST-NBS-031,601127,attention_spread,2017-11-14,国家统计局,新能源汽车销售与车型供给,政策活动/需求变化→终端销量关注→整车与电池链条联动,利用该指标，可以判断短期工业经济的运行走势，判断经济的景气程度，也是制定和调整经济政策，实施宏观调控的重要参考和依据。,0.84
ME0100,HIST-NBS-031,000625,attention_spread,2017-11-14,国家统计局,新能源汽车销售与车型供给,政策活动/需求变化→终端销量关注→整车与电池链条联动,利用该指标，可以判断短期工业经济的运行走势，判断经济的景气程度，也是制定和调整经济政策，实施宏观调控的重要参考和依据。,0.84
ME0101,HIST-NBS-032,002594,attention_spread,2017-12-14,国家统计局,新能源汽车销售与车型供给,政策活动/需求变化→终端销量关注→整车与电池链条联动,利用该指标，可以判断短期工业经济的运行走势，判断经济的景气程度，也是制定和调整经济政策，实施宏观调控的重要参考和依据。,0.84
ME0102,HIST-NBS-032,600104,attention_spread,2017-12-14,国家统计局,新能源汽车销售与车型供给,政策活动/需求变化→终端销量关注→整车与电池链条联动,利用该指标，可以判断短期工业经济的运行走势，判断经济的景气程度，也是制定和调整经济政策，实施宏观调控的重要参考和依据。,0.84
ME0103,HIST-NBS-032,601633,attention_spread,2017-12-14,国家统计局,新能源汽车销售与车型供给,政策活动/需求变化→终端销量关注→整车与电池链条联动,利用该指标，可以判断短期工业经济的运行走势，判断经济的景气程度，也是制定和调整经济政策，实施宏观调控的重要参考和依据。,0.84
ME0104,HIST-NBS-032,601127,attention_spread,2017-12-14,国家统计局,新能源汽车销售与车型供给,政策活动/需求变化→终端销量关注→整车与电池链条联动,利用该指标，可以判断短期工业经济的运行走势，判断经济的景气程度，也是制定和调整经济政策，实施宏观调控的重要参考和依据。,0.84
ME0105,HIST-NBS-032,000625,attention_spread,2017-12-14,国家统计局,新能源汽车销售与车型供给,政策活动/需求变化→终端销量关注→整车与电池链条联动,利用该指标，可以判断短期工业经济的运行走势，判断经济的景气程度，也是制定和调整经济政策，实施宏观调控的重要参考和依据。,0.84
ME0106,HIST-NBS-033,002594,attention_spread,2018-01-18,国家统计局,新能源汽车销售与车型供给,政策活动/需求变化→终端销量关注→整车与电池链条联动,利用该指标，可以判断短期工业经济的运行走势，判断经济的景气程度，也是制定和调整经济政策，实施宏观调控的重要参考和依据。,0.84
ME0107,HIST-NBS-033,600104,attention_spread,2018-01-18,国家统计局,新能源汽车销售与车型供给,政策活动/需求变化→终端销量关注→整车与电池链条联动,利用该指标，可以判断短期工业经济的运行走势，判断经济的景气程度，也是制定和调整经济政策，实施宏观调控的重要参考和依据。,0.84
ME0108,HIST-NBS-033,601633,attention_spread,2018-01-18,国家统计局,新能源汽车销售与车型供给,政策活动/需求变化→终端销量关注→整车与电池链条联动,利用该指标，可以判断短期工业经济的运行走势，判断经济的景气程度，也是制定和调整经济政策，实施宏观调控的重要参考和依据。,0.84
ME0109,HIST-NBS-033,601127,attention_spread,2018-01-18,国家统计局,新能源汽车销售与车型供给,政策活动/需求变化→终端销量关注→整车与电池链条联动,利用该指标，可以判断短期工业经济的运行走势，判断经济的景气程度，也是制定和调整经济政策，实施宏观调控的重要参考和依据。,0.84
ME0110,HIST-NBS-033,000625,attention_spread,2018-01-18,国家统计局,新能源汽车销售与车型供给,政策活动/需求变化→终端销量关注→整车与电池链条联动,利用该指标，可以判断短期工业经济的运行走势，判断经济的景气程度，也是制定和调整经济政策，实施宏观调控的重要参考和依据。,0.84
ME0111,HIST-NBS-034,002594,attention_spread,2018-03-14,国家统计局,新能源汽车销售与车型供给,政策活动/需求变化→终端销量关注→整车与电池链条联动,利用该指标，可以判断短期工业经济的运行走势，判断经济的景气程度，也是制定和调整经济政策，实施宏观调控的重要参考和依据。,0.84
ME0112,HIST-NBS-034,600104,attention_spread,2018-03-14,国家统计局,新能源汽车销售与车型供给,政策活动/需求变化→终端销量关注→整车与电池链条联动,利用该指标，可以判断短期工业经济的运行走势，判断经济的景气程度，也是制定和调整经济政策，实施宏观调控的重要参考和依据。,0.84
ME0113,HIST-NBS-034,601633,attention_spread,2018-03-14,国家统计局,新能源汽车销售与车型供给,政策活动/需求变化→终端销量关注→整车与电池链条联动,利用该指标，可以判断短期工业经济的运行走势，判断经济的景气程度，也是制定和调整经济政策，实施宏观调控的重要参考和依据。,0.84
ME0114,HIST-NBS-034,601127,attention_spread,2018-03-14,国家统计局,新能源汽车销售与车型供给,政策活动/需求变化→终端销量关注→整车与电池链条联动,利用该指标，可以判断短期工业经济的运行走势，判断经济的景气程度，也是制定和调整经济政策，实施宏观调控的重要参考和依据。,0.84
ME0115,HIST-NBS-034,000625,attention_spread,2018-03-14,国家统计局,新能源汽车销售与车型供给,政策活动/需求变化→终端销量关注→整车与电池链条联动,利用该指标，可以判断短期工业经济的运行走势，判断经济的景气程度，也是制定和调整经济政策，实施宏观调控的重要参考和依据。,0.84
ME0116,HIST-NBS-035,002594,attention_spread,2018-04-17,国家统计局,新能源汽车销售与车型供给,政策活动/需求变化→终端销量关注→整车与电池链条联动,利用该指标，可以判断短期工业经济的运行走势，判断经济的景气程度，也是制定和调整经济政策，实施宏观调控的重要参考和依据。,0.84
ME0117,HIST-NBS-035,600104,attention_spread,2018-04-17,国家统计局,新能源汽车销售与车型供给,政策活动/需求变化→终端销量关注→整车与电池链条联动,利用该指标，可以判断短期工业经济的运行走势，判断经济的景气程度，也是制定和调整经济政策，实施宏观调控的重要参考和依据。,0.84
ME0118,HIST-NBS-035,601633,attention_spread,2018-04-17,国家统计局,新能源汽车销售与车型供给,政策活动/需求变化→终端销量关注→整车与电池链条联动,利用该指标，可以判断短期工业经济的运行走势，判断经济的景气程度，也是制定和调整经济政策，实施宏观调控的重要参考和依据。,0.84
ME0119,HIST-NBS-035,601127,attention_spread,2018-04-17,国家统计局,新能源汽车销售与车型供给,政策活动/需求变化→终端销量关注→整车与电池链条联动,利用该指标，可以判断短期工业经济的运行走势，判断经济的景气程度，也是制定和调整经济政策，实施宏观调控的重要参考和依据。,0.84
ME0120,HIST-NBS-035,000625,attention_spread,2018-04-17,国家统计局,新能源汽车销售与车型供给,政策活动/需求变化→终端销量关注→整车与电池链条联动,利用该指标，可以判断短期工业经济的运行走势，判断经济的景气程度，也是制定和调整经济政策，实施宏观调控的重要参考和依据。,0.84
ME0121,HIST-NBS-036,002594,attention_spread,2018-05-15,国家统计局,新能源汽车销售与车型供给,政策活动/需求变化→终端销量关注→整车与电池链条联动,利用该指标，可以判断短期工业经济的运行走势，判断经济的景气程度，也是制定和调整经济政策，实施宏观调控的重要参考和依据。,0.84
ME0122,HIST-NBS-036,600104,attention_spread,2018-05-15,国家统计局,新能源汽车销售与车型供给,政策活动/需求变化→终端销量关注→整车与电池链条联动,利用该指标，可以判断短期工业经济的运行走势，判断经济的景气程度，也是制定和调整经济政策，实施宏观调控的重要参考和依据。,0.84
ME0123,HIST-NBS-036,601633,attention_spread,2018-05-15,国家统计局,新能源汽车销售与车型供给,政策活动/需求变化→终端销量关注→整车与电池链条联动,利用该指标，可以判断短期工业经济的运行走势，判断经济的景气程度，也是制定和调整经济政策，实施宏观调控的重要参考和依据。,0.84
ME0124,HIST-NBS-036,601127,attention_spread,2018-05-15,国家统计局,新能源汽车销售与车型供给,政策活动/需求变化→终端销量关注→整车与电池链条联动,利用该指标，可以判断短期工业经济的运行走势，判断经济的景气程度，也是制定和调整经济政策，实施宏观调控的重要参考和依据。,0.84
ME0125,HIST-NBS-036,000625,attention_spread,2018-05-15,国家统计局,新能源汽车销售与车型供给,政策活动/需求变化→终端销量关注→整车与电池链条联动,利用该指标，可以判断短期工业经济的运行走势，判断经济的景气程度，也是制定和调整经济政策，实施宏观调控的重要参考和依据。,0.84
ME0126,HIST-NBS-037,002594,attention_spread,2018-06-14,国家统计局,新能源汽车销售与车型供给,政策活动/需求变化→终端销量关注→整车与电池链条联动,利用该指标，可以判断短期工业经济的运行走势，判断经济的景气程度，也是制定和调整经济政策，实施宏观调控的重要参考和依据。,0.84
ME0127,HIST-NBS-037,600104,attention_spread,2018-06-14,国家统计局,新能源汽车销售与车型供给,政策活动/需求变化→终端销量关注→整车与电池链条联动,利用该指标，可以判断短期工业经济的运行走势，判断经济的景气程度，也是制定和调整经济政策，实施宏观调控的重要参考和依据。,0.84
ME0128,HIST-NBS-037,601633,attention_spread,2018-06-14,国家统计局,新能源汽车销售与车型供给,政策活动/需求变化→终端销量关注→整车与电池链条联动,利用该指标，可以判断短期工业经济的运行走势，判断经济的景气程度，也是制定和调整经济政策，实施宏观调控的重要参考和依据。,0.84
ME0129,HIST-NBS-037,601127,attention_spread,2018-06-14,国家统计局,新能源汽车销售与车型供给,政策活动/需求变化→终端销量关注→整车与电池链条联动,利用该指标，可以判断短期工业经济的运行走势，判断经济的景气程度，也是制定和调整经济政策，实施宏观调控的重要参考和依据。,0.84
ME0130,HIST-NBS-037,000625,attention_spread,2018-06-14,国家统计局,新能源汽车销售与车型供给,政策活动/需求变化→终端销量关注→整车与电池链条联动,利用该指标，可以判断短期工业经济的运行走势，判断经济的景气程度，也是制定和调整经济政策，实施宏观调控的重要参考和依据。,0.84
ME0131,HIST-NBS-038,002594,supply_chain_disruption,2018-07-16,国家统计局,新能源汽车销售与车型供给,政策活动/需求变化→终端销量关注→整车与电池链条联动,利用该指标，可以判断短期工业经济的运行走势，判断经济的景气程度，也是制定和调整经济政策，实施宏观调控的重要参考和依据。,0.84
ME0132,HIST-NBS-038,600104,supply_chain_disruption,2018-07-16,国家统计局,新能源汽车销售与车型供给,政策活动/需求变化→终端销量关注→整车与电池链条联动,利用该指标，可以判断短期工业经济的运行走势，判断经济的景气程度，也是制定和调整经济政策，实施宏观调控的重要参考和依据。,0.84
ME0133,HIST-NBS-038,601633,supply_chain_disruption,2018-07-16,国家统计局,新能源汽车销售与车型供给,政策活动/需求变化→终端销量关注→整车与电池链条联动,利用该指标，可以判断短期工业经济的运行走势，判断经济的景气程度，也是制定和调整经济政策，实施宏观调控的重要参考和依据。,0.84
ME0134,HIST-NBS-038,601127,supply_chain_disruption,2018-07-16,国家统计局,新能源汽车销售与车型供给,政策活动/需求变化→终端销量关注→整车与电池链条联动,利用该指标，可以判断短期工业经济的运行走势，判断经济的景气程度，也是制定和调整经济政策，实施宏观调控的重要参考和依据。,0.84
ME0135,HIST-NBS-038,000625,supply_chain_disruption,2018-07-16,国家统计局,新能源汽车销售与车型供给,政策活动/需求变化→终端销量关注→整车与电池链条联动,利用该指标，可以判断短期工业经济的运行走势，判断经济的景气程度，也是制定和调整经济政策，实施宏观调控的重要参考和依据。,0.84
ME0136,HIST-NBS-039,002594,supply_chain_disruption,2018-08-14,国家统计局,新能源汽车销售与车型供给,政策活动/需求变化→终端销量关注→整车与电池链条联动,利用该指标，可以判断短期工业经济的运行走势，判断经济的景气程度，也是制定和调整经济政策，实施宏观调控的重要参考和依据。,0.84
ME0137,HIST-NBS-039,600104,supply_chain_disruption,2018-08-14,国家统计局,新能源汽车销售与车型供给,政策活动/需求变化→终端销量关注→整车与电池链条联动,利用该指标，可以判断短期工业经济的运行走势，判断经济的景气程度，也是制定和调整经济政策，实施宏观调控的重要参考和依据。,0.84
ME0138,HIST-NBS-039,601633,supply_chain_disruption,2018-08-14,国家统计局,新能源汽车销售与车型供给,政策活动/需求变化→终端销量关注→整车与电池链条联动,利用该指标，可以判断短期工业经济的运行走势，判断经济的景气程度，也是制定和调整经济政策，实施宏观调控的重要参考和依据。,0.84
ME0139,HIST-NBS-039,601127,supply_chain_disruption,2018-08-14,国家统计局,新能源汽车销售与车型供给,政策活动/需求变化→终端销量关注→整车与电池链条联动,利用该指标，可以判断短期工业经济的运行走势，判断经济的景气程度，也是制定和调整经济政策，实施宏观调控的重要参考和依据。,0.84
ME0140,HIST-NBS-039,000625,supply_chain_disruption,2018-08-14,国家统计局,新能源汽车销售与车型供给,政策活动/需求变化→终端销量关注→整车与电池链条联动,利用该指标，可以判断短期工业经济的运行走势，判断经济的景气程度，也是制定和调整经济政策，实施宏观调控的重要参考和依据。,0.84
ME0141,HIST-NBS-040,002594,supply_chain_disruption,2018-09-14,国家统计局,新能源汽车销售与车型供给,政策活动/需求变化→终端销量关注→整车与电池链条联动,利用该指标，可以判断短期工业经济的运行走势，判断经济的景气程度，也是制定和调整经济政策，实施宏观调控的重要参考和依据。,0.84
ME0142,HIST-NBS-040,600104,supply_chain_disruption,2018-09-14,国家统计局,新能源汽车销售与车型供给,政策活动/需求变化→终端销量关注→整车与电池链条联动,利用该指标，可以判断短期工业经济的运行走势，判断经济的景气程度，也是制定和调整经济政策，实施宏观调控的重要参考和依据。,0.84
ME0143,HIST-NBS-040,601633,supply_chain_disruption,2018-09-14,国家统计局,新能源汽车销售与车型供给,政策活动/需求变化→终端销量关注→整车与电池链条联动,利用该指标，可以判断短期工业经济的运行走势，判断经济的景气程度，也是制定和调整经济政策，实施宏观调控的重要参考和依据。,0.84
ME0144,HIST-NBS-040,601127,supply_chain_disruption,2018-09-14,国家统计局,新能源汽车销售与车型供给,政策活动/需求变化→终端销量关注→整车与电池链条联动,利用该指标，可以判断短期工业经济的运行走势，判断经济的景气程度，也是制定和调整经济政策，实施宏观调控的重要参考和依据。,0.84
ME0145,HIST-NBS-040,000625,supply_chain_disruption,2018-09-14,国家统计局,新能源汽车销售与车型供给,政策活动/需求变化→终端销量关注→整车与电池链条联动,利用该指标，可以判断短期工业经济的运行走势，判断经济的景气程度，也是制定和调整经济政策，实施宏观调控的重要参考和依据。,0.84
ME0146,HIST-NBS-041,002594,supply_chain_disruption,2018-10-19,国家统计局,新能源汽车销售与车型供给,政策活动/需求变化→终端销量关注→整车与电池链条联动,利用该指标，可以判断短期工业经济的运行走势，判断经济的景气程度，也是制定和调整经济政策，实施宏观调控的重要参考和依据。,0.84
ME0147,HIST-NBS-041,600104,supply_chain_disruption,2018-10-19,国家统计局,新能源汽车销售与车型供给,政策活动/需求变化→终端销量关注→整车与电池链条联动,利用该指标，可以判断短期工业经济的运行走势，判断经济的景气程度，也是制定和调整经济政策，实施宏观调控的重要参考和依据。,0.84
ME0148,HIST-NBS-041,601633,supply_chain_disruption,2018-10-19,国家统计局,新能源汽车销售与车型供给,政策活动/需求变化→终端销量关注→整车与电池链条联动,利用该指标，可以判断短期工业经济的运行走势，判断经济的景气程度，也是制定和调整经济政策，实施宏观调控的重要参考和依据。,0.84
ME0149,HIST-NBS-041,601127,supply_chain_disruption,2018-10-19,国家统计局,新能源汽车销售与车型供给,政策活动/需求变化→终端销量关注→整车与电池链条联动,利用该指标，可以判断短期工业经济的运行走势，判断经济的景气程度，也是制定和调整经济政策，实施宏观调控的重要参考和依据。,0.84
ME0150,HIST-NBS-041,000625,supply_chain_disruption,2018-10-19,国家统计局,新能源汽车销售与车型供给,政策活动/需求变化→终端销量关注→整车与电池链条联动,利用该指标，可以判断短期工业经济的运行走势，判断经济的景气程度，也是制定和调整经济政策，实施宏观调控的重要参考和依据。,0.84
ME0151,HIST-NBS-042,002594,supply_chain_disruption,2018-11-14,国家统计局,新能源汽车销售与车型供给,政策活动/需求变化→终端销量关注→整车与电池链条联动,利用该指标，可以判断短期工业经济的运行走势，判断经济的景气程度，也是制定和调整经济政策，实施宏观调控的重要参考和依据。,0.84
ME0152,HIST-NBS-042,600104,supply_chain_disruption,2018-11-14,国家统计局,新能源汽车销售与车型供给,政策活动/需求变化→终端销量关注→整车与电池链条联动,利用该指标，可以判断短期工业经济的运行走势，判断经济的景气程度，也是制定和调整经济政策，实施宏观调控的重要参考和依据。,0.84
ME0153,HIST-NBS-042,601633,supply_chain_disruption,2018-11-14,国家统计局,新能源汽车销售与车型供给,政策活动/需求变化→终端销量关注→整车与电池链条联动,利用该指标，可以判断短期工业经济的运行走势，判断经济的景气程度，也是制定和调整经济政策，实施宏观调控的重要参考和依据。,0.84
ME0154,HIST-NBS-042,601127,supply_chain_disruption,2018-11-14,国家统计局,新能源汽车销售与车型供给,政策活动/需求变化→终端销量关注→整车与电池链条联动,利用该指标，可以判断短期工业经济的运行走势，判断经济的景气程度，也是制定和调整经济政策，实施宏观调控的重要参考和依据。,0.84
ME0155,HIST-NBS-042,000625,supply_chain_disruption,2018-11-14,国家统计局,新能源汽车销售与车型供给,政策活动/需求变化→终端销量关注→整车与电池链条联动,利用该指标，可以判断短期工业经济的运行走势，判断经济的景气程度，也是制定和调整经济政策，实施宏观调控的重要参考和依据。,0.84
ME0156,HIST-NBS-043,002594,supply_chain_disruption,2018-12-14,国家统计局,新能源汽车销售与车型供给,政策活动/需求变化→终端销量关注→整车与电池链条联动,利用该指标，可以判断短期工业经济的运行走势，判断经济的景气程度，也是制定和调整经济政策，实施宏观调控的重要参考和依据。,0.84
ME0157,HIST-NBS-043,600104,supply_chain_disruption,2018-12-14,国家统计局,新能源汽车销售与车型供给,政策活动/需求变化→终端销量关注→整车与电池链条联动,利用该指标，可以判断短期工业经济的运行走势，判断经济的景气程度，也是制定和调整经济政策，实施宏观调控的重要参考和依据。,0.84
ME0158,HIST-NBS-043,601633,supply_chain_disruption,2018-12-14,国家统计局,新能源汽车销售与车型供给,政策活动/需求变化→终端销量关注→整车与电池链条联动,利用该指标，可以判断短期工业经济的运行走势，判断经济的景气程度，也是制定和调整经济政策，实施宏观调控的重要参考和依据。,0.84
ME0159,HIST-NBS-043,601127,supply_chain_disruption,2018-12-14,国家统计局,新能源汽车销售与车型供给,政策活动/需求变化→终端销量关注→整车与电池链条联动,利用该指标，可以判断短期工业经济的运行走势，判断经济的景气程度，也是制定和调整经济政策，实施宏观调控的重要参考和依据。,0.84
ME0160,HIST-NBS-043,000625,supply_chain_disruption,2018-12-14,国家统计局,新能源汽车销售与车型供给,政策活动/需求变化→终端销量关注→整车与电池链条联动,利用该指标，可以判断短期工业经济的运行走势，判断经济的景气程度，也是制定和调整经济政策，实施宏观调控的重要参考和依据。,0.84
ME0161,HIST-NBS-044,002594,supply_chain_disruption,2019-01-21,国家统计局,新能源汽车销售与车型供给,政策活动/需求变化→终端销量关注→整车与电池链条联动,利用该指标，可以判断短期工业经济的运行走势，判断经济的景气程度，也是制定和调整经济政策，实施宏观调控的重要参考和依据。,0.84
ME0162,HIST-NBS-044,600104,supply_chain_disruption,2019-01-21,国家统计局,新能源汽车销售与车型供给,政策活动/需求变化→终端销量关注→整车与电池链条联动,利用该指标，可以判断短期工业经济的运行走势，判断经济的景气程度，也是制定和调整经济政策，实施宏观调控的重要参考和依据。,0.84
ME0163,HIST-NBS-044,601633,supply_chain_disruption,2019-01-21,国家统计局,新能源汽车销售与车型供给,政策活动/需求变化→终端销量关注→整车与电池链条联动,利用该指标，可以判断短期工业经济的运行走势，判断经济的景气程度，也是制定和调整经济政策，实施宏观调控的重要参考和依据。,0.84
ME0164,HIST-NBS-044,601127,supply_chain_disruption,2019-01-21,国家统计局,新能源汽车销售与车型供给,政策活动/需求变化→终端销量关注→整车与电池链条联动,利用该指标，可以判断短期工业经济的运行走势，判断经济的景气程度，也是制定和调整经济政策，实施宏观调控的重要参考和依据。,0.84
ME0165,HIST-NBS-044,000625,supply_chain_disruption,2019-01-21,国家统计局,新能源汽车销售与车型供给,政策活动/需求变化→终端销量关注→整车与电池链条联动,利用该指标，可以判断短期工业经济的运行走势，判断经济的景气程度，也是制定和调整经济政策，实施宏观调控的重要参考和依据。,0.84
ME0166,HIST-NBS-045,002594,supply_chain_disruption,2019-04-17,国家统计局,新能源汽车销售与车型供给,政策活动/需求变化→终端销量关注→整车与电池链条联动,利用该指标，可以判断短期工业经济的运行走势，判断经济的景气程度，也是制定和调整经济政策，实施宏观调控的重要参考和依据。,0.84
ME0167,HIST-NBS-045,600104,supply_chain_disruption,2019-04-17,国家统计局,新能源汽车销售与车型供给,政策活动/需求变化→终端销量关注→整车与电池链条联动,利用该指标，可以判断短期工业经济的运行走势，判断经济的景气程度，也是制定和调整经济政策，实施宏观调控的重要参考和依据。,0.84
ME0168,HIST-NBS-045,601633,supply_chain_disruption,2019-04-17,国家统计局,新能源汽车销售与车型供给,政策活动/需求变化→终端销量关注→整车与电池链条联动,利用该指标，可以判断短期工业经济的运行走势，判断经济的景气程度，也是制定和调整经济政策，实施宏观调控的重要参考和依据。,0.84
ME0169,HIST-NBS-045,601127,supply_chain_disruption,2019-04-17,国家统计局,新能源汽车销售与车型供给,政策活动/需求变化→终端销量关注→整车与电池链条联动,利用该指标，可以判断短期工业经济的运行走势，判断经济的景气程度，也是制定和调整经济政策，实施宏观调控的重要参考和依据。,0.84
ME0170,HIST-NBS-045,000625,supply_chain_disruption,2019-04-17,国家统计局,新能源汽车销售与车型供给,政策活动/需求变化→终端销量关注→整车与电池链条联动,利用该指标，可以判断短期工业经济的运行走势，判断经济的景气程度，也是制定和调整经济政策，实施宏观调控的重要参考和依据。,0.84
ME0171,HIST-NBS-046,002594,supply_chain_disruption,2019-05-15,国家统计局,新能源汽车销售与车型供给,政策活动/需求变化→终端销量关注→整车与电池链条联动,利用该指标，可以判断短期工业经济的运行走势，判断经济的景气程度，也是制定和调整经济政策，实施宏观调控的重要参考和依据。,0.84
ME0172,HIST-NBS-046,600104,supply_chain_disruption,2019-05-15,国家统计局,新能源汽车销售与车型供给,政策活动/需求变化→终端销量关注→整车与电池链条联动,利用该指标，可以判断短期工业经济的运行走势，判断经济的景气程度，也是制定和调整经济政策，实施宏观调控的重要参考和依据。,0.84
ME0173,HIST-NBS-046,601633,supply_chain_disruption,2019-05-15,国家统计局,新能源汽车销售与车型供给,政策活动/需求变化→终端销量关注→整车与电池链条联动,利用该指标，可以判断短期工业经济的运行走势，判断经济的景气程度，也是制定和调整经济政策，实施宏观调控的重要参考和依据。,0.84
ME0174,HIST-NBS-046,601127,supply_chain_disruption,2019-05-15,国家统计局,新能源汽车销售与车型供给,政策活动/需求变化→终端销量关注→整车与电池链条联动,利用该指标，可以判断短期工业经济的运行走势，判断经济的景气程度，也是制定和调整经济政策，实施宏观调控的重要参考和依据。,0.84
ME0175,HIST-NBS-046,000625,supply_chain_disruption,2019-05-15,国家统计局,新能源汽车销售与车型供给,政策活动/需求变化→终端销量关注→整车与电池链条联动,利用该指标，可以判断短期工业经济的运行走势，判断经济的景气程度，也是制定和调整经济政策，实施宏观调控的重要参考和依据。,0.84
ME0176,HIST-NBS-047,002594,supply_chain_disruption,2019-06-14,国家统计局,新能源汽车销售与车型供给,政策活动/需求变化→终端销量关注→整车与电池链条联动,利用该指标，可以判断短期工业经济的运行走势，判断经济的景气程度，也是制定和调整经济政策，实施宏观调控的重要参考和依据。,0.84
ME0177,HIST-NBS-047,600104,supply_chain_disruption,2019-06-14,国家统计局,新能源汽车销售与车型供给,政策活动/需求变化→终端销量关注→整车与电池链条联动,利用该指标，可以判断短期工业经济的运行走势，判断经济的景气程度，也是制定和调整经济政策，实施宏观调控的重要参考和依据。,0.84
ME0178,HIST-NBS-047,601633,supply_chain_disruption,2019-06-14,国家统计局,新能源汽车销售与车型供给,政策活动/需求变化→终端销量关注→整车与电池链条联动,利用该指标，可以判断短期工业经济的运行走势，判断经济的景气程度，也是制定和调整经济政策，实施宏观调控的重要参考和依据。,0.84
ME0179,HIST-NBS-047,601127,supply_chain_disruption,2019-06-14,国家统计局,新能源汽车销售与车型供给,政策活动/需求变化→终端销量关注→整车与电池链条联动,利用该指标，可以判断短期工业经济的运行走势，判断经济的景气程度，也是制定和调整经济政策，实施宏观调控的重要参考和依据。,0.84
ME0180,HIST-NBS-047,000625,supply_chain_disruption,2019-06-14,国家统计局,新能源汽车销售与车型供给,政策活动/需求变化→终端销量关注→整车与电池链条联动,利用该指标，可以判断短期工业经济的运行走势，判断经济的景气程度，也是制定和调整经济政策，实施宏观调控的重要参考和依据。,0.84
ME0181,HIST-NBS-048,002594,supply_chain_disruption,2019-09-16,国家统计局,新能源汽车销售与车型供给,政策活动/需求变化→终端销量关注→整车与电池链条联动,利用该指标，可以判断短期工业经济的运行走势，判断经济的景气程度，也是制定和调整经济政策，实施宏观调控的重要参考和依据。,0.84
ME0182,HIST-NBS-048,600104,supply_chain_disruption,2019-09-16,国家统计局,新能源汽车销售与车型供给,政策活动/需求变化→终端销量关注→整车与电池链条联动,利用该指标，可以判断短期工业经济的运行走势，判断经济的景气程度，也是制定和调整经济政策，实施宏观调控的重要参考和依据。,0.84
ME0183,HIST-NBS-048,601633,supply_chain_disruption,2019-09-16,国家统计局,新能源汽车销售与车型供给,政策活动/需求变化→终端销量关注→整车与电池链条联动,利用该指标，可以判断短期工业经济的运行走势，判断经济的景气程度，也是制定和调整经济政策，实施宏观调控的重要参考和依据。,0.84
ME0184,HIST-NBS-048,601127,supply_chain_disruption,2019-09-16,国家统计局,新能源汽车销售与车型供给,政策活动/需求变化→终端销量关注→整车与电池链条联动,利用该指标，可以判断短期工业经济的运行走势，判断经济的景气程度，也是制定和调整经济政策，实施宏观调控的重要参考和依据。,0.84
ME0185,HIST-NBS-048,000625,supply_chain_disruption,2019-09-16,国家统计局,新能源汽车销售与车型供给,政策活动/需求变化→终端销量关注→整车与电池链条联动,利用该指标，可以判断短期工业经济的运行走势，判断经济的景气程度，也是制定和调整经济政策，实施宏观调控的重要参考和依据。,0.84
ME0186,HIST-NBS-049,002594,supply_chain_disruption,2019-11-14,国家统计局,新能源汽车销售与车型供给,政策活动/需求变化→终端销量关注→整车与电池链条联动,利用该指标，可以判断短期工业经济的运行走势，判断经济的景气程度，也是制定和调整经济政策，实施宏观调控的重要参考和依据。,0.84
ME0187,HIST-NBS-049,600104,supply_chain_disruption,2019-11-14,国家统计局,新能源汽车销售与车型供给,政策活动/需求变化→终端销量关注→整车与电池链条联动,利用该指标，可以判断短期工业经济的运行走势，判断经济的景气程度，也是制定和调整经济政策，实施宏观调控的重要参考和依据。,0.84
ME0188,HIST-NBS-049,601633,supply_chain_disruption,2019-11-14,国家统计局,新能源汽车销售与车型供给,政策活动/需求变化→终端销量关注→整车与电池链条联动,利用该指标，可以判断短期工业经济的运行走势，判断经济的景气程度，也是制定和调整经济政策，实施宏观调控的重要参考和依据。,0.84
ME0189,HIST-NBS-049,601127,supply_chain_disruption,2019-11-14,国家统计局,新能源汽车销售与车型供给,政策活动/需求变化→终端销量关注→整车与电池链条联动,利用该指标，可以判断短期工业经济的运行走势，判断经济的景气程度，也是制定和调整经济政策，实施宏观调控的重要参考和依据。,0.84
ME0190,HIST-NBS-049,000625,supply_chain_disruption,2019-11-14,国家统计局,新能源汽车销售与车型供给,政策活动/需求变化→终端销量关注→整车与电池链条联动,利用该指标，可以判断短期工业经济的运行走势，判断经济的景气程度，也是制定和调整经济政策，实施宏观调控的重要参考和依据。,0.84
ME0191,HIST-NBS-050,002594,supply_chain_disruption,2020-05-15,国家统计局,新能源汽车销售与车型供给,政策活动/需求变化→终端销量关注→整车与电池链条联动,利用该指标，可以判断短期工业经济的运行走势，判断经济的景气程度，也是制定和调整经济政策，实施宏观调控的重要参考和依据。,0.84
ME0192,HIST-NBS-050,600104,supply_chain_disruption,2020-05-15,国家统计局,新能源汽车销售与车型供给,政策活动/需求变化→终端销量关注→整车与电池链条联动,利用该指标，可以判断短期工业经济的运行走势，判断经济的景气程度，也是制定和调整经济政策，实施宏观调控的重要参考和依据。,0.84
ME0193,HIST-NBS-050,601633,supply_chain_disruption,2020-05-15,国家统计局,新能源汽车销售与车型供给,政策活动/需求变化→终端销量关注→整车与电池链条联动,利用该指标，可以判断短期工业经济的运行走势，判断经济的景气程度，也是制定和调整经济政策，实施宏观调控的重要参考和依据。,0.84
ME0194,HIST-NBS-050,601127,supply_chain_disruption,2020-05-15,国家统计局,新能源汽车销售与车型供给,政策活动/需求变化→终端销量关注→整车与电池链条联动,利用该指标，可以判断短期工业经济的运行走势，判断经济的景气程度，也是制定和调整经济政策，实施宏观调控的重要参考和依据。,0.84
ME0195,HIST-NBS-050,000625,supply_chain_disruption,2020-05-15,国家统计局,新能源汽车销售与车型供给,政策活动/需求变化→终端销量关注→整车与电池链条联动,利用该指标，可以判断短期工业经济的运行走势，判断经济的景气程度，也是制定和调整经济政策，实施宏观调控的重要参考和依据。,0.84
ME0196,HIST-NBS-051,002594,supply_chain_disruption,2020-07-16,国家统计局,新能源汽车销售与车型供给,政策活动/需求变化→终端销量关注→整车与电池链条联动,利用该指标，可以判断短期工业经济的运行走势，判断经济的景气程度，也是制定和调整经济政策，实施宏观调控的重要参考和依据。,0.84
ME0197,HIST-NBS-051,600104,supply_chain_disruption,2020-07-16,国家统计局,新能源汽车销售与车型供给,政策活动/需求变化→终端销量关注→整车与电池链条联动,利用该指标，可以判断短期工业经济的运行走势，判断经济的景气程度，也是制定和调整经济政策，实施宏观调控的重要参考和依据。,0.84
ME0198,HIST-NBS-051,601633,supply_chain_disruption,2020-07-16,国家统计局,新能源汽车销售与车型供给,政策活动/需求变化→终端销量关注→整车与电池链条联动,利用该指标，可以判断短期工业经济的运行走势，判断经济的景气程度，也是制定和调整经济政策，实施宏观调控的重要参考和依据。,0.84
ME0199,HIST-NBS-051,601127,supply_chain_disruption,2020-07-16,国家统计局,新能源汽车销售与车型供给,政策活动/需求变化→终端销量关注→整车与电池链条联动,利用该指标，可以判断短期工业经济的运行走势，判断经济的景气程度，也是制定和调整经济政策，实施宏观调控的重要参考和依据。,0.84
ME0200,HIST-NBS-051,000625,supply_chain_disruption,2020-07-16,国家统计局,新能源汽车销售与车型供给,政策活动/需求变化→终端销量关注→整车与电池链条联动,利用该指标，可以判断短期工业经济的运行走势，判断经济的景气程度，也是制定和调整经济政策，实施宏观调控的重要参考和依据。,0.84
ME0201,HIST-NBS-052,002594,supply_chain_disruption,2020-08-14,国家统计局,新能源汽车销售与车型供给,政策活动/需求变化→终端销量关注→整车与电池链条联动,利用该指标，可以判断短期工业经济的运行走势，判断经济的景气程度，也是制定和调整经济政策，实施宏观调控的重要参考和依据。,0.84
ME0202,HIST-NBS-052,600104,supply_chain_disruption,2020-08-14,国家统计局,新能源汽车销售与车型供给,政策活动/需求变化→终端销量关注→整车与电池链条联动,利用该指标，可以判断短期工业经济的运行走势，判断经济的景气程度，也是制定和调整经济政策，实施宏观调控的重要参考和依据。,0.84
ME0203,HIST-NBS-052,601633,supply_chain_disruption,2020-08-14,国家统计局,新能源汽车销售与车型供给,政策活动/需求变化→终端销量关注→整车与电池链条联动,利用该指标，可以判断短期工业经济的运行走势，判断经济的景气程度，也是制定和调整经济政策，实施宏观调控的重要参考和依据。,0.84
ME0204,HIST-NBS-052,601127,supply_chain_disruption,2020-08-14,国家统计局,新能源汽车销售与车型供给,政策活动/需求变化→终端销量关注→整车与电池链条联动,利用该指标，可以判断短期工业经济的运行走势，判断经济的景气程度，也是制定和调整经济政策，实施宏观调控的重要参考和依据。,0.84
ME0205,HIST-NBS-052,000625,supply_chain_disruption,2020-08-14,国家统计局,新能源汽车销售与车型供给,政策活动/需求变化→终端销量关注→整车与电池链条联动,利用该指标，可以判断短期工业经济的运行走势，判断经济的景气程度，也是制定和调整经济政策，实施宏观调控的重要参考和依据。,0.84
ME0206,HIST-NBS-053,002594,supply_chain_disruption,2020-09-15,国家统计局,新能源汽车销售与车型供给,政策活动/需求变化→终端销量关注→整车与电池链条联动,利用该指标，可以判断短期工业经济的运行走势，判断经济的景气程度，也是制定和调整经济政策，实施宏观调控的重要参考和依据。,0.84
ME0207,HIST-NBS-053,600104,supply_chain_disruption,2020-09-15,国家统计局,新能源汽车销售与车型供给,政策活动/需求变化→终端销量关注→整车与电池链条联动,利用该指标，可以判断短期工业经济的运行走势，判断经济的景气程度，也是制定和调整经济政策，实施宏观调控的重要参考和依据。,0.84
ME0208,HIST-NBS-053,601633,supply_chain_disruption,2020-09-15,国家统计局,新能源汽车销售与车型供给,政策活动/需求变化→终端销量关注→整车与电池链条联动,利用该指标，可以判断短期工业经济的运行走势，判断经济的景气程度，也是制定和调整经济政策，实施宏观调控的重要参考和依据。,0.84
ME0209,HIST-NBS-053,601127,supply_chain_disruption,2020-09-15,国家统计局,新能源汽车销售与车型供给,政策活动/需求变化→终端销量关注→整车与电池链条联动,利用该指标，可以判断短期工业经济的运行走势，判断经济的景气程度，也是制定和调整经济政策，实施宏观调控的重要参考和依据。,0.84
ME0210,HIST-NBS-053,000625,supply_chain_disruption,2020-09-15,国家统计局,新能源汽车销售与车型供给,政策活动/需求变化→终端销量关注→整车与电池链条联动,利用该指标，可以判断短期工业经济的运行走势，判断经济的景气程度，也是制定和调整经济政策，实施宏观调控的重要参考和依据。,0.84
ME0211,HIST-NBS-054,002594,supply_chain_disruption,2020-10-19,国家统计局,新能源汽车销售与车型供给,政策活动/需求变化→终端销量关注→整车与电池链条联动,利用该指标，可以判断短期工业经济的运行走势，判断经济的景气程度，也是制定和调整经济政策，实施宏观调控的重要参考和依据。,0.84
ME0212,HIST-NBS-054,600104,supply_chain_disruption,2020-10-19,国家统计局,新能源汽车销售与车型供给,政策活动/需求变化→终端销量关注→整车与电池链条联动,利用该指标，可以判断短期工业经济的运行走势，判断经济的景气程度，也是制定和调整经济政策，实施宏观调控的重要参考和依据。,0.84
ME0213,HIST-NBS-054,601633,supply_chain_disruption,2020-10-19,国家统计局,新能源汽车销售与车型供给,政策活动/需求变化→终端销量关注→整车与电池链条联动,利用该指标，可以判断短期工业经济的运行走势，判断经济的景气程度，也是制定和调整经济政策，实施宏观调控的重要参考和依据。,0.84
ME0214,HIST-NBS-054,601127,supply_chain_disruption,2020-10-19,国家统计局,新能源汽车销售与车型供给,政策活动/需求变化→终端销量关注→整车与电池链条联动,利用该指标，可以判断短期工业经济的运行走势，判断经济的景气程度，也是制定和调整经济政策，实施宏观调控的重要参考和依据。,0.84
ME0215,HIST-NBS-054,000625,supply_chain_disruption,2020-10-19,国家统计局,新能源汽车销售与车型供给,政策活动/需求变化→终端销量关注→整车与电池链条联动,利用该指标，可以判断短期工业经济的运行走势，判断经济的景气程度，也是制定和调整经济政策，实施宏观调控的重要参考和依据。,0.84
ME0216,HIST-NBS-055,002594,supply_chain_disruption,2020-11-16,国家统计局,新能源汽车销售与车型供给,政策活动/需求变化→终端销量关注→整车与电池链条联动,利用该指标，可以判断短期工业经济的运行走势，判断经济的景气程度，也是制定和调整经济政策，实施宏观调控的重要参考和依据。,0.84
ME0217,HIST-NBS-055,600104,supply_chain_disruption,2020-11-16,国家统计局,新能源汽车销售与车型供给,政策活动/需求变化→终端销量关注→整车与电池链条联动,利用该指标，可以判断短期工业经济的运行走势，判断经济的景气程度，也是制定和调整经济政策，实施宏观调控的重要参考和依据。,0.84
ME0218,HIST-NBS-055,601633,supply_chain_disruption,2020-11-16,国家统计局,新能源汽车销售与车型供给,政策活动/需求变化→终端销量关注→整车与电池链条联动,利用该指标，可以判断短期工业经济的运行走势，判断经济的景气程度，也是制定和调整经济政策，实施宏观调控的重要参考和依据。,0.84
ME0219,HIST-NBS-055,601127,supply_chain_disruption,2020-11-16,国家统计局,新能源汽车销售与车型供给,政策活动/需求变化→终端销量关注→整车与电池链条联动,利用该指标，可以判断短期工业经济的运行走势，判断经济的景气程度，也是制定和调整经济政策，实施宏观调控的重要参考和依据。,0.84
ME0220,HIST-NBS-055,000625,supply_chain_disruption,2020-11-16,国家统计局,新能源汽车销售与车型供给,政策活动/需求变化→终端销量关注→整车与电池链条联动,利用该指标，可以判断短期工业经济的运行走势，判断经济的景气程度，也是制定和调整经济政策，实施宏观调控的重要参考和依据。,0.84
ME0221,HIST-NBS-056,002594,supply_chain_disruption,2020-12-15,国家统计局,新能源汽车销售与车型供给,政策活动/需求变化→终端销量关注→整车与电池链条联动,利用该指标，可以判断短期工业经济的运行走势，判断经济的景气程度，也是制定和调整经济政策，实施宏观调控的重要参考和依据。,0.84
ME0222,HIST-NBS-056,600104,supply_chain_disruption,2020-12-15,国家统计局,新能源汽车销售与车型供给,政策活动/需求变化→终端销量关注→整车与电池链条联动,利用该指标，可以判断短期工业经济的运行走势，判断经济的景气程度，也是制定和调整经济政策，实施宏观调控的重要参考和依据。,0.84
ME0223,HIST-NBS-056,601633,supply_chain_disruption,2020-12-15,国家统计局,新能源汽车销售与车型供给,政策活动/需求变化→终端销量关注→整车与电池链条联动,利用该指标，可以判断短期工业经济的运行走势，判断经济的景气程度，也是制定和调整经济政策，实施宏观调控的重要参考和依据。,0.84
ME0224,HIST-NBS-056,601127,supply_chain_disruption,2020-12-15,国家统计局,新能源汽车销售与车型供给,政策活动/需求变化→终端销量关注→整车与电池链条联动,利用该指标，可以判断短期工业经济的运行走势，判断经济的景气程度，也是制定和调整经济政策，实施宏观调控的重要参考和依据。,0.84
ME0225,HIST-NBS-056,000625,supply_chain_disruption,2020-12-15,国家统计局,新能源汽车销售与车型供给,政策活动/需求变化→终端销量关注→整车与电池链条联动,利用该指标，可以判断短期工业经济的运行走势，判断经济的景气程度，也是制定和调整经济政策，实施宏观调控的重要参考和依据。,0.84
ME0226,HIST-NBS-057,002594,supply_chain_disruption,2021-01-18,国家统计局,新能源汽车销售与车型供给,政策活动/需求变化→终端销量关注→整车与电池链条联动,利用该指标，可以判断短期工业经济的运行走势，判断经济的景气程度，也是制定和调整经济政策，实施宏观调控的重要参考和依据。,0.84
ME0227,HIST-NBS-057,600104,supply_chain_disruption,2021-01-18,国家统计局,新能源汽车销售与车型供给,政策活动/需求变化→终端销量关注→整车与电池链条联动,利用该指标，可以判断短期工业经济的运行走势，判断经济的景气程度，也是制定和调整经济政策，实施宏观调控的重要参考和依据。,0.84
ME0228,HIST-NBS-057,601633,supply_chain_disruption,2021-01-18,国家统计局,新能源汽车销售与车型供给,政策活动/需求变化→终端销量关注→整车与电池链条联动,利用该指标，可以判断短期工业经济的运行走势，判断经济的景气程度，也是制定和调整经济政策，实施宏观调控的重要参考和依据。,0.84
ME0229,HIST-NBS-057,601127,supply_chain_disruption,2021-01-18,国家统计局,新能源汽车销售与车型供给,政策活动/需求变化→终端销量关注→整车与电池链条联动,利用该指标，可以判断短期工业经济的运行走势，判断经济的景气程度，也是制定和调整经济政策，实施宏观调控的重要参考和依据。,0.84
ME0230,HIST-NBS-057,000625,supply_chain_disruption,2021-01-18,国家统计局,新能源汽车销售与车型供给,政策活动/需求变化→终端销量关注→整车与电池链条联动,利用该指标，可以判断短期工业经济的运行走势，判断经济的景气程度，也是制定和调整经济政策，实施宏观调控的重要参考和依据。,0.84
ME0231,HIST-NBS-058,002594,supply_chain_disruption,2021-03-15,国家统计局,新能源汽车销售与车型供给,政策活动/需求变化→终端销量关注→整车与电池链条联动,利用该指标，可以判断短期工业经济的运行走势，判断经济的景气程度，也是制定和调整经济政策，实施宏观调控的重要参考和依据。,0.84
ME0232,HIST-NBS-058,600104,supply_chain_disruption,2021-03-15,国家统计局,新能源汽车销售与车型供给,政策活动/需求变化→终端销量关注→整车与电池链条联动,利用该指标，可以判断短期工业经济的运行走势，判断经济的景气程度，也是制定和调整经济政策，实施宏观调控的重要参考和依据。,0.84
ME0233,HIST-NBS-058,601633,supply_chain_disruption,2021-03-15,国家统计局,新能源汽车销售与车型供给,政策活动/需求变化→终端销量关注→整车与电池链条联动,利用该指标，可以判断短期工业经济的运行走势，判断经济的景气程度，也是制定和调整经济政策，实施宏观调控的重要参考和依据。,0.84
ME0234,HIST-NBS-058,601127,supply_chain_disruption,2021-03-15,国家统计局,新能源汽车销售与车型供给,政策活动/需求变化→终端销量关注→整车与电池链条联动,利用该指标，可以判断短期工业经济的运行走势，判断经济的景气程度，也是制定和调整经济政策，实施宏观调控的重要参考和依据。,0.84
ME0235,HIST-NBS-058,000625,supply_chain_disruption,2021-03-15,国家统计局,新能源汽车销售与车型供给,政策活动/需求变化→终端销量关注→整车与电池链条联动,利用该指标，可以判断短期工业经济的运行走势，判断经济的景气程度，也是制定和调整经济政策，实施宏观调控的重要参考和依据。,0.84
ME0236,HIST-NBS-059,002594,supply_chain_disruption,2021-04-16,国家统计局,新能源汽车销售与车型供给,政策活动/需求变化→终端销量关注→整车与电池链条联动,利用该指标，可以判断短期工业经济的运行走势，判断经济的景气程度，也是制定和调整经济政策，实施宏观调控的重要参考和依据。,0.84
ME0237,HIST-NBS-059,600104,supply_chain_disruption,2021-04-16,国家统计局,新能源汽车销售与车型供给,政策活动/需求变化→终端销量关注→整车与电池链条联动,利用该指标，可以判断短期工业经济的运行走势，判断经济的景气程度，也是制定和调整经济政策，实施宏观调控的重要参考和依据。,0.84
ME0238,HIST-NBS-059,601633,supply_chain_disruption,2021-04-16,国家统计局,新能源汽车销售与车型供给,政策活动/需求变化→终端销量关注→整车与电池链条联动,利用该指标，可以判断短期工业经济的运行走势，判断经济的景气程度，也是制定和调整经济政策，实施宏观调控的重要参考和依据。,0.84
ME0239,HIST-NBS-059,601127,supply_chain_disruption,2021-04-16,国家统计局,新能源汽车销售与车型供给,政策活动/需求变化→终端销量关注→整车与电池链条联动,利用该指标，可以判断短期工业经济的运行走势，判断经济的景气程度，也是制定和调整经济政策，实施宏观调控的重要参考和依据。,0.84
ME0240,HIST-NBS-059,000625,supply_chain_disruption,2021-04-16,国家统计局,新能源汽车销售与车型供给,政策活动/需求变化→终端销量关注→整车与电池链条联动,利用该指标，可以判断短期工业经济的运行走势，判断经济的景气程度，也是制定和调整经济政策，实施宏观调控的重要参考和依据。,0.84
ME0241,HIST-NBS-060,002594,supply_chain_disruption,2021-05-17,国家统计局,新能源汽车销售与车型供给,政策活动/需求变化→终端销量关注→整车与电池链条联动,利用该指标，可以判断短期工业经济的运行走势，判断经济的景气程度，也是制定和调整经济政策，实施宏观调控的重要参考和依据。,0.84
ME0242,HIST-NBS-060,600104,supply_chain_disruption,2021-05-17,国家统计局,新能源汽车销售与车型供给,政策活动/需求变化→终端销量关注→整车与电池链条联动,利用该指标，可以判断短期工业经济的运行走势，判断经济的景气程度，也是制定和调整经济政策，实施宏观调控的重要参考和依据。,0.84
ME0243,HIST-NBS-060,601633,supply_chain_disruption,2021-05-17,国家统计局,新能源汽车销售与车型供给,政策活动/需求变化→终端销量关注→整车与电池链条联动,利用该指标，可以判断短期工业经济的运行走势，判断经济的景气程度，也是制定和调整经济政策，实施宏观调控的重要参考和依据。,0.84
ME0244,HIST-NBS-060,601127,supply_chain_disruption,2021-05-17,国家统计局,新能源汽车销售与车型供给,政策活动/需求变化→终端销量关注→整车与电池链条联动,利用该指标，可以判断短期工业经济的运行走势，判断经济的景气程度，也是制定和调整经济政策，实施宏观调控的重要参考和依据。,0.84
ME0245,HIST-NBS-060,000625,supply_chain_disruption,2021-05-17,国家统计局,新能源汽车销售与车型供给,政策活动/需求变化→终端销量关注→整车与电池链条联动,利用该指标，可以判断短期工业经济的运行走势，判断经济的景气程度，也是制定和调整经济政策，实施宏观调控的重要参考和依据。,0.84
ME0246,HIST-NBS-061,002594,supply_chain_disruption,2021-06-16,国家统计局,新能源汽车销售与车型供给,政策活动/需求变化→终端销量关注→整车与电池链条联动,利用该指标，可以判断短期工业经济的运行走势，判断经济的景气程度，也是制定和调整经济政策，实施宏观调控的重要参考和依据。,0.84
ME0247,HIST-NBS-061,600104,supply_chain_disruption,2021-06-16,国家统计局,新能源汽车销售与车型供给,政策活动/需求变化→终端销量关注→整车与电池链条联动,利用该指标，可以判断短期工业经济的运行走势，判断经济的景气程度，也是制定和调整经济政策，实施宏观调控的重要参考和依据。,0.84
ME0248,HIST-NBS-061,601633,supply_chain_disruption,2021-06-16,国家统计局,新能源汽车销售与车型供给,政策活动/需求变化→终端销量关注→整车与电池链条联动,利用该指标，可以判断短期工业经济的运行走势，判断经济的景气程度，也是制定和调整经济政策，实施宏观调控的重要参考和依据。,0.84
ME0249,HIST-NBS-061,601127,supply_chain_disruption,2021-06-16,国家统计局,新能源汽车销售与车型供给,政策活动/需求变化→终端销量关注→整车与电池链条联动,利用该指标，可以判断短期工业经济的运行走势，判断经济的景气程度，也是制定和调整经济政策，实施宏观调控的重要参考和依据。,0.84
ME0250,HIST-NBS-061,000625,supply_chain_disruption,2021-06-16,国家统计局,新能源汽车销售与车型供给,政策活动/需求变化→终端销量关注→整车与电池链条联动,利用该指标，可以判断短期工业经济的运行走势，判断经济的景气程度，也是制定和调整经济政策，实施宏观调控的重要参考和依据。,0.84
ME0251,HIST-NBS-062,002594,supply_chain_disruption,2021-07-15,国家统计局,新能源汽车销售与车型供给,政策活动/需求变化→终端销量关注→整车与电池链条联动,利用该指标，可以判断短期工业经济的运行走势，判断经济的景气程度，也是制定和调整经济政策，实施宏观调控的重要参考和依据。,0.84
ME0252,HIST-NBS-062,600104,supply_chain_disruption,2021-07-15,国家统计局,新能源汽车销售与车型供给,政策活动/需求变化→终端销量关注→整车与电池链条联动,利用该指标，可以判断短期工业经济的运行走势，判断经济的景气程度，也是制定和调整经济政策，实施宏观调控的重要参考和依据。,0.84
ME0253,HIST-NBS-062,601633,supply_chain_disruption,2021-07-15,国家统计局,新能源汽车销售与车型供给,政策活动/需求变化→终端销量关注→整车与电池链条联动,利用该指标，可以判断短期工业经济的运行走势，判断经济的景气程度，也是制定和调整经济政策，实施宏观调控的重要参考和依据。,0.84
ME0254,HIST-NBS-062,601127,supply_chain_disruption,2021-07-15,国家统计局,新能源汽车销售与车型供给,政策活动/需求变化→终端销量关注→整车与电池链条联动,利用该指标，可以判断短期工业经济的运行走势，判断经济的景气程度，也是制定和调整经济政策，实施宏观调控的重要参考和依据。,0.84
ME0255,HIST-NBS-062,000625,supply_chain_disruption,2021-07-15,国家统计局,新能源汽车销售与车型供给,政策活动/需求变化→终端销量关注→整车与电池链条联动,利用该指标，可以判断短期工业经济的运行走势，判断经济的景气程度，也是制定和调整经济政策，实施宏观调控的重要参考和依据。,0.84
ME0256,HIST-NBS-063,002594,supply_chain_disruption,2021-08-16,国家统计局,新能源汽车销售与车型供给,政策活动/需求变化→终端销量关注→整车与电池链条联动,利用该指标，可以判断短期工业经济的运行走势，判断经济的景气程度，也是制定和调整经济政策，实施宏观调控的重要参考和依据。,0.84
ME0257,HIST-NBS-063,600104,supply_chain_disruption,2021-08-16,国家统计局,新能源汽车销售与车型供给,政策活动/需求变化→终端销量关注→整车与电池链条联动,利用该指标，可以判断短期工业经济的运行走势，判断经济的景气程度，也是制定和调整经济政策，实施宏观调控的重要参考和依据。,0.84
ME0258,HIST-NBS-063,601633,supply_chain_disruption,2021-08-16,国家统计局,新能源汽车销售与车型供给,政策活动/需求变化→终端销量关注→整车与电池链条联动,利用该指标，可以判断短期工业经济的运行走势，判断经济的景气程度，也是制定和调整经济政策，实施宏观调控的重要参考和依据。,0.84
ME0259,HIST-NBS-063,601127,supply_chain_disruption,2021-08-16,国家统计局,新能源汽车销售与车型供给,政策活动/需求变化→终端销量关注→整车与电池链条联动,利用该指标，可以判断短期工业经济的运行走势，判断经济的景气程度，也是制定和调整经济政策，实施宏观调控的重要参考和依据。,0.84
ME0260,HIST-NBS-063,000625,supply_chain_disruption,2021-08-16,国家统计局,新能源汽车销售与车型供给,政策活动/需求变化→终端销量关注→整车与电池链条联动,利用该指标，可以判断短期工业经济的运行走势，判断经济的景气程度，也是制定和调整经济政策，实施宏观调控的重要参考和依据。,0.84
ME0261,HIST-NBS-064,002594,supply_chain_disruption,2021-09-15,国家统计局,新能源汽车销售与车型供给,政策活动/需求变化→终端销量关注→整车与电池链条联动,利用该指标，可以判断短期工业经济的运行走势和经济的景气程度，也是制定和调整经济政策、实施宏观调控的重要参考和依据。,0.84
ME0262,HIST-NBS-064,600104,supply_chain_disruption,2021-09-15,国家统计局,新能源汽车销售与车型供给,政策活动/需求变化→终端销量关注→整车与电池链条联动,利用该指标，可以判断短期工业经济的运行走势和经济的景气程度，也是制定和调整经济政策、实施宏观调控的重要参考和依据。,0.84
ME0263,HIST-NBS-064,601633,supply_chain_disruption,2021-09-15,国家统计局,新能源汽车销售与车型供给,政策活动/需求变化→终端销量关注→整车与电池链条联动,利用该指标，可以判断短期工业经济的运行走势和经济的景气程度，也是制定和调整经济政策、实施宏观调控的重要参考和依据。,0.84
ME0264,HIST-NBS-064,601127,supply_chain_disruption,2021-09-15,国家统计局,新能源汽车销售与车型供给,政策活动/需求变化→终端销量关注→整车与电池链条联动,利用该指标，可以判断短期工业经济的运行走势和经济的景气程度，也是制定和调整经济政策、实施宏观调控的重要参考和依据。,0.84
ME0265,HIST-NBS-064,000625,supply_chain_disruption,2021-09-15,国家统计局,新能源汽车销售与车型供给,政策活动/需求变化→终端销量关注→整车与电池链条联动,利用该指标，可以判断短期工业经济的运行走势和经济的景气程度，也是制定和调整经济政策、实施宏观调控的重要参考和依据。,0.84
ME0266,HIST-NBS-065,002594,supply_chain_disruption,2021-10-18,国家统计局,新能源汽车销售与车型供给,政策活动/需求变化→终端销量关注→整车与电池链条联动,利用该指标，可以判断短期工业经济的运行走势和经济的景气程度，也是制定和调整经济政策、实施宏观调控的重要参考和依据。,0.84
ME0267,HIST-NBS-065,600104,supply_chain_disruption,2021-10-18,国家统计局,新能源汽车销售与车型供给,政策活动/需求变化→终端销量关注→整车与电池链条联动,利用该指标，可以判断短期工业经济的运行走势和经济的景气程度，也是制定和调整经济政策、实施宏观调控的重要参考和依据。,0.84
ME0268,HIST-NBS-065,601633,supply_chain_disruption,2021-10-18,国家统计局,新能源汽车销售与车型供给,政策活动/需求变化→终端销量关注→整车与电池链条联动,利用该指标，可以判断短期工业经济的运行走势和经济的景气程度，也是制定和调整经济政策、实施宏观调控的重要参考和依据。,0.84
ME0269,HIST-NBS-065,601127,supply_chain_disruption,2021-10-18,国家统计局,新能源汽车销售与车型供给,政策活动/需求变化→终端销量关注→整车与电池链条联动,利用该指标，可以判断短期工业经济的运行走势和经济的景气程度，也是制定和调整经济政策、实施宏观调控的重要参考和依据。,0.84
ME0270,HIST-NBS-065,000625,supply_chain_disruption,2021-10-18,国家统计局,新能源汽车销售与车型供给,政策活动/需求变化→终端销量关注→整车与电池链条联动,利用该指标，可以判断短期工业经济的运行走势和经济的景气程度，也是制定和调整经济政策、实施宏观调控的重要参考和依据。,0.84
ME0271,HIST-NBS-066,002594,supply_chain_disruption,2021-11-15,国家统计局,新能源汽车销售与车型供给,政策活动/需求变化→终端销量关注→整车与电池链条联动,利用该指标，可以判断短期工业经济的运行走势和经济的景气程度，也是制定和调整经济政策、实施宏观调控的重要参考和依据。,0.84
ME0272,HIST-NBS-066,600104,supply_chain_disruption,2021-11-15,国家统计局,新能源汽车销售与车型供给,政策活动/需求变化→终端销量关注→整车与电池链条联动,利用该指标，可以判断短期工业经济的运行走势和经济的景气程度，也是制定和调整经济政策、实施宏观调控的重要参考和依据。,0.84
ME0273,HIST-NBS-066,601633,supply_chain_disruption,2021-11-15,国家统计局,新能源汽车销售与车型供给,政策活动/需求变化→终端销量关注→整车与电池链条联动,利用该指标，可以判断短期工业经济的运行走势和经济的景气程度，也是制定和调整经济政策、实施宏观调控的重要参考和依据。,0.84
ME0274,HIST-NBS-066,601127,supply_chain_disruption,2021-11-15,国家统计局,新能源汽车销售与车型供给,政策活动/需求变化→终端销量关注→整车与电池链条联动,利用该指标，可以判断短期工业经济的运行走势和经济的景气程度，也是制定和调整经济政策、实施宏观调控的重要参考和依据。,0.84
ME0275,HIST-NBS-066,000625,supply_chain_disruption,2021-11-15,国家统计局,新能源汽车销售与车型供给,政策活动/需求变化→终端销量关注→整车与电池链条联动,利用该指标，可以判断短期工业经济的运行走势和经济的景气程度，也是制定和调整经济政策、实施宏观调控的重要参考和依据。,0.84
ME0276,HIST-NBS-067,002594,supply_chain_disruption,2021-12-15,国家统计局,新能源汽车销售与车型供给,政策活动/需求变化→终端销量关注→整车与电池链条联动,利用该指标，可以判断短期工业经济的运行走势和经济的景气程度，也是制定和调整经济政策、实施宏观调控的重要参考和依据。,0.84
ME0277,HIST-NBS-067,600104,supply_chain_disruption,2021-12-15,国家统计局,新能源汽车销售与车型供给,政策活动/需求变化→终端销量关注→整车与电池链条联动,利用该指标，可以判断短期工业经济的运行走势和经济的景气程度，也是制定和调整经济政策、实施宏观调控的重要参考和依据。,0.84
ME0278,HIST-NBS-067,601633,supply_chain_disruption,2021-12-15,国家统计局,新能源汽车销售与车型供给,政策活动/需求变化→终端销量关注→整车与电池链条联动,利用该指标，可以判断短期工业经济的运行走势和经济的景气程度，也是制定和调整经济政策、实施宏观调控的重要参考和依据。,0.84
ME0279,HIST-NBS-067,601127,supply_chain_disruption,2021-12-15,国家统计局,新能源汽车销售与车型供给,政策活动/需求变化→终端销量关注→整车与电池链条联动,利用该指标，可以判断短期工业经济的运行走势和经济的景气程度，也是制定和调整经济政策、实施宏观调控的重要参考和依据。,0.84
ME0280,HIST-NBS-067,000625,supply_chain_disruption,2021-12-15,国家统计局,新能源汽车销售与车型供给,政策活动/需求变化→终端销量关注→整车与电池链条联动,利用该指标，可以判断短期工业经济的运行走势和经济的景气程度，也是制定和调整经济政策、实施宏观调控的重要参考和依据。,0.84
ME0281,HIST-NBS-068,002594,supply_chain_disruption,2022-01-17,国家统计局,新能源汽车销售与车型供给,政策活动/需求变化→终端销量关注→整车与电池链条联动,利用该指标，可以判断短期工业经济的运行走势和经济的景气程度，也是制定和调整经济政策、实施宏观调控的重要参考和依据。,0.84
ME0282,HIST-NBS-068,600104,supply_chain_disruption,2022-01-17,国家统计局,新能源汽车销售与车型供给,政策活动/需求变化→终端销量关注→整车与电池链条联动,利用该指标，可以判断短期工业经济的运行走势和经济的景气程度，也是制定和调整经济政策、实施宏观调控的重要参考和依据。,0.84
ME0283,HIST-NBS-068,601633,supply_chain_disruption,2022-01-17,国家统计局,新能源汽车销售与车型供给,政策活动/需求变化→终端销量关注→整车与电池链条联动,利用该指标，可以判断短期工业经济的运行走势和经济的景气程度，也是制定和调整经济政策、实施宏观调控的重要参考和依据。,0.84
ME0284,HIST-NBS-068,601127,supply_chain_disruption,2022-01-17,国家统计局,新能源汽车销售与车型供给,政策活动/需求变化→终端销量关注→整车与电池链条联动,利用该指标，可以判断短期工业经济的运行走势和经济的景气程度，也是制定和调整经济政策、实施宏观调控的重要参考和依据。,0.84
ME0285,HIST-NBS-068,000625,supply_chain_disruption,2022-01-17,国家统计局,新能源汽车销售与车型供给,政策活动/需求变化→终端销量关注→整车与电池链条联动,利用该指标，可以判断短期工业经济的运行走势和经济的景气程度，也是制定和调整经济政策、实施宏观调控的重要参考和依据。,0.84
ME0286,HIST-NBS-069,002594,supply_chain_disruption,2022-03-15,国家统计局,新能源汽车销售与车型供给,政策活动/需求变化→终端销量关注→整车与电池链条联动,利用该指标，可以判断短期工业经济的运行走势和经济的景气程度，也是制定和调整经济政策、实施宏观调控的重要参考和依据。,0.84
ME0287,HIST-NBS-069,600104,supply_chain_disruption,2022-03-15,国家统计局,新能源汽车销售与车型供给,政策活动/需求变化→终端销量关注→整车与电池链条联动,利用该指标，可以判断短期工业经济的运行走势和经济的景气程度，也是制定和调整经济政策、实施宏观调控的重要参考和依据。,0.84
ME0288,HIST-NBS-069,601633,supply_chain_disruption,2022-03-15,国家统计局,新能源汽车销售与车型供给,政策活动/需求变化→终端销量关注→整车与电池链条联动,利用该指标，可以判断短期工业经济的运行走势和经济的景气程度，也是制定和调整经济政策、实施宏观调控的重要参考和依据。,0.84
ME0289,HIST-NBS-069,601127,supply_chain_disruption,2022-03-15,国家统计局,新能源汽车销售与车型供给,政策活动/需求变化→终端销量关注→整车与电池链条联动,利用该指标，可以判断短期工业经济的运行走势和经济的景气程度，也是制定和调整经济政策、实施宏观调控的重要参考和依据。,0.84
ME0290,HIST-NBS-069,000625,supply_chain_disruption,2022-03-15,国家统计局,新能源汽车销售与车型供给,政策活动/需求变化→终端销量关注→整车与电池链条联动,利用该指标，可以判断短期工业经济的运行走势和经济的景气程度，也是制定和调整经济政策、实施宏观调控的重要参考和依据。,0.84
ME0291,HIST-NBS-070,002594,supply_chain_disruption,2022-04-18,国家统计局,新能源汽车销售与车型供给,政策活动/需求变化→终端销量关注→整车与电池链条联动,利用该指标，可以判断短期工业经济的运行走势和经济的景气程度，也是制定和调整经济政策、实施宏观调控的重要参考和依据。,0.84
ME0292,HIST-NBS-070,600104,supply_chain_disruption,2022-04-18,国家统计局,新能源汽车销售与车型供给,政策活动/需求变化→终端销量关注→整车与电池链条联动,利用该指标，可以判断短期工业经济的运行走势和经济的景气程度，也是制定和调整经济政策、实施宏观调控的重要参考和依据。,0.84
ME0293,HIST-NBS-070,601633,supply_chain_disruption,2022-04-18,国家统计局,新能源汽车销售与车型供给,政策活动/需求变化→终端销量关注→整车与电池链条联动,利用该指标，可以判断短期工业经济的运行走势和经济的景气程度，也是制定和调整经济政策、实施宏观调控的重要参考和依据。,0.84
ME0294,HIST-NBS-070,601127,supply_chain_disruption,2022-04-18,国家统计局,新能源汽车销售与车型供给,政策活动/需求变化→终端销量关注→整车与电池链条联动,利用该指标，可以判断短期工业经济的运行走势和经济的景气程度，也是制定和调整经济政策、实施宏观调控的重要参考和依据。,0.84
ME0295,HIST-NBS-070,000625,supply_chain_disruption,2022-04-18,国家统计局,新能源汽车销售与车型供给,政策活动/需求变化→终端销量关注→整车与电池链条联动,利用该指标，可以判断短期工业经济的运行走势和经济的景气程度，也是制定和调整经济政策、实施宏观调控的重要参考和依据。,0.84
ME0296,HIST-NBS-071,002594,supply_chain_disruption,2022-05-16,国家统计局,新能源汽车销售与车型供给,政策活动/需求变化→终端销量关注→整车与电池链条联动,利用该指标，可以判断短期工业经济的运行走势和经济的景气程度，也是制定和调整经济政策、实施宏观调控的重要参考和依据。,0.84
ME0297,HIST-NBS-071,600104,supply_chain_disruption,2022-05-16,国家统计局,新能源汽车销售与车型供给,政策活动/需求变化→终端销量关注→整车与电池链条联动,利用该指标，可以判断短期工业经济的运行走势和经济的景气程度，也是制定和调整经济政策、实施宏观调控的重要参考和依据。,0.84
ME0298,HIST-NBS-071,601633,supply_chain_disruption,2022-05-16,国家统计局,新能源汽车销售与车型供给,政策活动/需求变化→终端销量关注→整车与电池链条联动,利用该指标，可以判断短期工业经济的运行走势和经济的景气程度，也是制定和调整经济政策、实施宏观调控的重要参考和依据。,0.84
ME0299,HIST-NBS-071,601127,supply_chain_disruption,2022-05-16,国家统计局,新能源汽车销售与车型供给,政策活动/需求变化→终端销量关注→整车与电池链条联动,利用该指标，可以判断短期工业经济的运行走势和经济的景气程度，也是制定和调整经济政策、实施宏观调控的重要参考和依据。,0.84
ME0300,HIST-NBS-071,000625,supply_chain_disruption,2022-05-16,国家统计局,新能源汽车销售与车型供给,政策活动/需求变化→终端销量关注→整车与电池链条联动,利用该指标，可以判断短期工业经济的运行走势和经济的景气程度，也是制定和调整经济政策、实施宏观调控的重要参考和依据。,0.84
ME0301,HIST-NBS-072,002594,supply_chain_disruption,2022-06-15,国家统计局,新能源汽车销售与车型供给,政策活动/需求变化→终端销量关注→整车与电池链条联动,利用该指标，可以判断短期工业经济的运行走势和经济的景气程度，也是制定和调整经济政策、实施宏观调控的重要参考和依据。,0.84
ME0302,HIST-NBS-072,600104,supply_chain_disruption,2022-06-15,国家统计局,新能源汽车销售与车型供给,政策活动/需求变化→终端销量关注→整车与电池链条联动,利用该指标，可以判断短期工业经济的运行走势和经济的景气程度，也是制定和调整经济政策、实施宏观调控的重要参考和依据。,0.84
ME0303,HIST-NBS-072,601633,supply_chain_disruption,2022-06-15,国家统计局,新能源汽车销售与车型供给,政策活动/需求变化→终端销量关注→整车与电池链条联动,利用该指标，可以判断短期工业经济的运行走势和经济的景气程度，也是制定和调整经济政策、实施宏观调控的重要参考和依据。,0.84
ME0304,HIST-NBS-072,601127,supply_chain_disruption,2022-06-15,国家统计局,新能源汽车销售与车型供给,政策活动/需求变化→终端销量关注→整车与电池链条联动,利用该指标，可以判断短期工业经济的运行走势和经济的景气程度，也是制定和调整经济政策、实施宏观调控的重要参考和依据。,0.84
ME0305,HIST-NBS-072,000625,supply_chain_disruption,2022-06-15,国家统计局,新能源汽车销售与车型供给,政策活动/需求变化→终端销量关注→整车与电池链条联动,利用该指标，可以判断短期工业经济的运行走势和经济的景气程度，也是制定和调整经济政策、实施宏观调控的重要参考和依据。,0.84
ME0306,HIST-NBS-073,002594,supply_chain_disruption,2022-07-15,国家统计局,新能源汽车销售与车型供给,政策活动/需求变化→终端销量关注→整车与电池链条联动,利用该指标，可以判断短期工业经济的运行走势和经济的景气程度，也是制定和调整经济政策、实施宏观调控的重要参考和依据。,0.84
ME0307,HIST-NBS-073,600104,supply_chain_disruption,2022-07-15,国家统计局,新能源汽车销售与车型供给,政策活动/需求变化→终端销量关注→整车与电池链条联动,利用该指标，可以判断短期工业经济的运行走势和经济的景气程度，也是制定和调整经济政策、实施宏观调控的重要参考和依据。,0.84
ME0308,HIST-NBS-073,601633,supply_chain_disruption,2022-07-15,国家统计局,新能源汽车销售与车型供给,政策活动/需求变化→终端销量关注→整车与电池链条联动,利用该指标，可以判断短期工业经济的运行走势和经济的景气程度，也是制定和调整经济政策、实施宏观调控的重要参考和依据。,0.84
ME0309,HIST-NBS-073,601127,supply_chain_disruption,2022-07-15,国家统计局,新能源汽车销售与车型供给,政策活动/需求变化→终端销量关注→整车与电池链条联动,利用该指标，可以判断短期工业经济的运行走势和经济的景气程度，也是制定和调整经济政策、实施宏观调控的重要参考和依据。,0.84
ME0310,HIST-NBS-073,000625,supply_chain_disruption,2022-07-15,国家统计局,新能源汽车销售与车型供给,政策活动/需求变化→终端销量关注→整车与电池链条联动,利用该指标，可以判断短期工业经济的运行走势和经济的景气程度，也是制定和调整经济政策、实施宏观调控的重要参考和依据。,0.84
ME0311,HIST-NBS-074,002594,supply_chain_disruption,2022-08-15,国家统计局,新能源汽车销售与车型供给,政策活动/需求变化→终端销量关注→整车与电池链条联动,利用该指标，可以判断短期工业经济的运行走势和经济的景气程度，也是制定和调整经济政策、实施宏观调控的重要参考和依据。,0.84
ME0312,HIST-NBS-074,600104,supply_chain_disruption,2022-08-15,国家统计局,新能源汽车销售与车型供给,政策活动/需求变化→终端销量关注→整车与电池链条联动,利用该指标，可以判断短期工业经济的运行走势和经济的景气程度，也是制定和调整经济政策、实施宏观调控的重要参考和依据。,0.84
ME0313,HIST-NBS-074,601633,supply_chain_disruption,2022-08-15,国家统计局,新能源汽车销售与车型供给,政策活动/需求变化→终端销量关注→整车与电池链条联动,利用该指标，可以判断短期工业经济的运行走势和经济的景气程度，也是制定和调整经济政策、实施宏观调控的重要参考和依据。,0.84
ME0314,HIST-NBS-074,601127,supply_chain_disruption,2022-08-15,国家统计局,新能源汽车销售与车型供给,政策活动/需求变化→终端销量关注→整车与电池链条联动,利用该指标，可以判断短期工业经济的运行走势和经济的景气程度，也是制定和调整经济政策、实施宏观调控的重要参考和依据。,0.84
ME0315,HIST-NBS-074,000625,supply_chain_disruption,2022-08-15,国家统计局,新能源汽车销售与车型供给,政策活动/需求变化→终端销量关注→整车与电池链条联动,利用该指标，可以判断短期工业经济的运行走势和经济的景气程度，也是制定和调整经济政策、实施宏观调控的重要参考和依据。,0.84
ME0316,HIST-NBS-075,002594,supply_chain_disruption,2022-09-16,国家统计局,新能源汽车销售与车型供给,政策活动/需求变化→终端销量关注→整车与电池链条联动,利用该指标，可以判断短期工业经济的运行走势和经济的景气程度，也是制定和调整经济政策、实施宏观调控的重要参考和依据。,0.84
ME0317,HIST-NBS-075,600104,supply_chain_disruption,2022-09-16,国家统计局,新能源汽车销售与车型供给,政策活动/需求变化→终端销量关注→整车与电池链条联动,利用该指标，可以判断短期工业经济的运行走势和经济的景气程度，也是制定和调整经济政策、实施宏观调控的重要参考和依据。,0.84
ME0318,HIST-NBS-075,601633,supply_chain_disruption,2022-09-16,国家统计局,新能源汽车销售与车型供给,政策活动/需求变化→终端销量关注→整车与电池链条联动,利用该指标，可以判断短期工业经济的运行走势和经济的景气程度，也是制定和调整经济政策、实施宏观调控的重要参考和依据。,0.84
ME0319,HIST-NBS-075,601127,supply_chain_disruption,2022-09-16,国家统计局,新能源汽车销售与车型供给,政策活动/需求变化→终端销量关注→整车与电池链条联动,利用该指标，可以判断短期工业经济的运行走势和经济的景气程度，也是制定和调整经济政策、实施宏观调控的重要参考和依据。,0.84
ME0320,HIST-NBS-075,000625,supply_chain_disruption,2022-09-16,国家统计局,新能源汽车销售与车型供给,政策活动/需求变化→终端销量关注→整车与电池链条联动,利用该指标，可以判断短期工业经济的运行走势和经济的景气程度，也是制定和调整经济政策、实施宏观调控的重要参考和依据。,0.84
ME0321,HIST-NBS-076,002594,supply_chain_disruption,2022-10-24,国家统计局,新能源汽车销售与车型供给,政策活动/需求变化→终端销量关注→整车与电池链条联动,利用该指标，可以判断短期工业经济的运行走势和经济的景气程度，也是制定和调整经济政策、实施宏观调控的重要参考和依据。,0.84
ME0322,HIST-NBS-076,600104,supply_chain_disruption,2022-10-24,国家统计局,新能源汽车销售与车型供给,政策活动/需求变化→终端销量关注→整车与电池链条联动,利用该指标，可以判断短期工业经济的运行走势和经济的景气程度，也是制定和调整经济政策、实施宏观调控的重要参考和依据。,0.84
ME0323,HIST-NBS-076,601633,supply_chain_disruption,2022-10-24,国家统计局,新能源汽车销售与车型供给,政策活动/需求变化→终端销量关注→整车与电池链条联动,利用该指标，可以判断短期工业经济的运行走势和经济的景气程度，也是制定和调整经济政策、实施宏观调控的重要参考和依据。,0.84
ME0324,HIST-NBS-076,601127,supply_chain_disruption,2022-10-24,国家统计局,新能源汽车销售与车型供给,政策活动/需求变化→终端销量关注→整车与电池链条联动,利用该指标，可以判断短期工业经济的运行走势和经济的景气程度，也是制定和调整经济政策、实施宏观调控的重要参考和依据。,0.84
ME0325,HIST-NBS-076,000625,supply_chain_disruption,2022-10-24,国家统计局,新能源汽车销售与车型供给,政策活动/需求变化→终端销量关注→整车与电池链条联动,利用该指标，可以判断短期工业经济的运行走势和经济的景气程度，也是制定和调整经济政策、实施宏观调控的重要参考和依据。,0.84
ME0326,HIST-NBS-077,002594,supply_chain_disruption,2022-11-15,国家统计局,新能源汽车销售与车型供给,政策活动/需求变化→终端销量关注→整车与电池链条联动,利用该指标，可以判断短期工业经济的运行走势和经济的景气程度，也是制定和调整经济政策、实施宏观调控的重要参考和依据。,0.84
ME0327,HIST-NBS-077,600104,supply_chain_disruption,2022-11-15,国家统计局,新能源汽车销售与车型供给,政策活动/需求变化→终端销量关注→整车与电池链条联动,利用该指标，可以判断短期工业经济的运行走势和经济的景气程度，也是制定和调整经济政策、实施宏观调控的重要参考和依据。,0.84
ME0328,HIST-NBS-077,601633,supply_chain_disruption,2022-11-15,国家统计局,新能源汽车销售与车型供给,政策活动/需求变化→终端销量关注→整车与电池链条联动,利用该指标，可以判断短期工业经济的运行走势和经济的景气程度，也是制定和调整经济政策、实施宏观调控的重要参考和依据。,0.84
ME0329,HIST-NBS-077,601127,supply_chain_disruption,2022-11-15,国家统计局,新能源汽车销售与车型供给,政策活动/需求变化→终端销量关注→整车与电池链条联动,利用该指标，可以判断短期工业经济的运行走势和经济的景气程度，也是制定和调整经济政策、实施宏观调控的重要参考和依据。,0.84
ME0330,HIST-NBS-077,000625,supply_chain_disruption,2022-11-15,国家统计局,新能源汽车销售与车型供给,政策活动/需求变化→终端销量关注→整车与电池链条联动,利用该指标，可以判断短期工业经济的运行走势和经济的景气程度，也是制定和调整经济政策、实施宏观调控的重要参考和依据。,0.84
ME0331,HIST-NBS-078,002594,supply_chain_disruption,2022-12-15,国家统计局,新能源汽车销售与车型供给,政策活动/需求变化→终端销量关注→整车与电池链条联动,利用该指标，可以判断短期工业经济的运行走势和经济的景气程度，也是制定和调整经济政策、实施宏观调控的重要参考和依据。,0.84
ME0332,HIST-NBS-078,600104,supply_chain_disruption,2022-12-15,国家统计局,新能源汽车销售与车型供给,政策活动/需求变化→终端销量关注→整车与电池链条联动,利用该指标，可以判断短期工业经济的运行走势和经济的景气程度，也是制定和调整经济政策、实施宏观调控的重要参考和依据。,0.84
ME0333,HIST-NBS-078,601633,supply_chain_disruption,2022-12-15,国家统计局,新能源汽车销售与车型供给,政策活动/需求变化→终端销量关注→整车与电池链条联动,利用该指标，可以判断短期工业经济的运行走势和经济的景气程度，也是制定和调整经济政策、实施宏观调控的重要参考和依据。,0.84
ME0334,HIST-NBS-078,601127,supply_chain_disruption,2022-12-15,国家统计局,新能源汽车销售与车型供给,政策活动/需求变化→终端销量关注→整车与电池链条联动,利用该指标，可以判断短期工业经济的运行走势和经济的景气程度，也是制定和调整经济政策、实施宏观调控的重要参考和依据。,0.84
ME0335,HIST-NBS-078,000625,supply_chain_disruption,2022-12-15,国家统计局,新能源汽车销售与车型供给,政策活动/需求变化→终端销量关注→整车与电池链条联动,利用该指标，可以判断短期工业经济的运行走势和经济的景气程度，也是制定和调整经济政策、实施宏观调控的重要参考和依据。,0.84
ME0336,HIST-NBS-079,002594,supply_chain_disruption,2023-01-17,国家统计局,新能源汽车销售与车型供给,政策活动/需求变化→终端销量关注→整车与电池链条联动,利用该指标，可以判断短期工业经济的运行走势和经济的景气程度，也是制定和调整经济政策、实施宏观调控的重要参考和依据。,0.84
ME0337,HIST-NBS-079,600104,supply_chain_disruption,2023-01-17,国家统计局,新能源汽车销售与车型供给,政策活动/需求变化→终端销量关注→整车与电池链条联动,利用该指标，可以判断短期工业经济的运行走势和经济的景气程度，也是制定和调整经济政策、实施宏观调控的重要参考和依据。,0.84
ME0338,HIST-NBS-079,601633,supply_chain_disruption,2023-01-17,国家统计局,新能源汽车销售与车型供给,政策活动/需求变化→终端销量关注→整车与电池链条联动,利用该指标，可以判断短期工业经济的运行走势和经济的景气程度，也是制定和调整经济政策、实施宏观调控的重要参考和依据。,0.84
ME0339,HIST-NBS-079,601127,supply_chain_disruption,2023-01-17,国家统计局,新能源汽车销售与车型供给,政策活动/需求变化→终端销量关注→整车与电池链条联动,利用该指标，可以判断短期工业经济的运行走势和经济的景气程度，也是制定和调整经济政策、实施宏观调控的重要参考和依据。,0.84
ME0340,HIST-NBS-079,000625,supply_chain_disruption,2023-01-17,国家统计局,新能源汽车销售与车型供给,政策活动/需求变化→终端销量关注→整车与电池链条联动,利用该指标，可以判断短期工业经济的运行走势和经济的景气程度，也是制定和调整经济政策、实施宏观调控的重要参考和依据。,0.84
ME0341,HIST-NBS-080,601012,supply_chain_disruption,2023-03-15,国家统计局,光伏组件、逆变器与可再生能源消纳,政策/需求变化→光伏装机与组件/逆变器需求→产业链关注提升, 2023 年 1 — 2 月份规模以上工业生产主要数据 1 — 2 月 绝对量 同比增长（ % ） 规模以上工业增加值 … 2.4 分三大门类 采矿业 … 4,0.84
ME0342,HIST-NBS-080,300274,supply_chain_disruption,2023-03-15,国家统计局,光伏组件、逆变器与可再生能源消纳,政策/需求变化→光伏装机与组件/逆变器需求→产业链关注提升, 2023 年 1 — 2 月份规模以上工业生产主要数据 1 — 2 月 绝对量 同比增长（ % ） 规模以上工业增加值 … 2.4 分三大门类 采矿业 … 4,0.84
ME0343,HIST-NBS-080,600438,supply_chain_disruption,2023-03-15,国家统计局,光伏组件、逆变器与可再生能源消纳,政策/需求变化→光伏装机与组件/逆变器需求→产业链关注提升, 2023 年 1 — 2 月份规模以上工业生产主要数据 1 — 2 月 绝对量 同比增长（ % ） 规模以上工业增加值 … 2.4 分三大门类 采矿业 … 4,0.84
ME0344,HIST-NBS-080,688599,supply_chain_disruption,2023-03-15,国家统计局,光伏组件、逆变器与可再生能源消纳,政策/需求变化→光伏装机与组件/逆变器需求→产业链关注提升, 2023 年 1 — 2 月份规模以上工业生产主要数据 1 — 2 月 绝对量 同比增长（ % ） 规模以上工业增加值 … 2.4 分三大门类 采矿业 … 4,0.84
ME0345,HIST-NBS-080,002459,supply_chain_disruption,2023-03-15,国家统计局,光伏组件、逆变器与可再生能源消纳,政策/需求变化→光伏装机与组件/逆变器需求→产业链关注提升, 2023 年 1 — 2 月份规模以上工业生产主要数据 1 — 2 月 绝对量 同比增长（ % ） 规模以上工业增加值 … 2.4 分三大门类 采矿业 … 4,0.84
ME0346,HIST-NBS-080,002129,supply_chain_disruption,2023-03-15,国家统计局,光伏组件、逆变器与可再生能源消纳,政策/需求变化→光伏装机与组件/逆变器需求→产业链关注提升, 2023 年 1 — 2 月份规模以上工业生产主要数据 1 — 2 月 绝对量 同比增长（ % ） 规模以上工业增加值 … 2.4 分三大门类 采矿业 … 4,0.84
ME0347,HIST-NBS-080,002594,supply_chain_disruption,2023-03-15,国家统计局,新能源汽车销售与车型供给,政策活动/需求变化→终端销量关注→整车与电池链条联动, 2023 年 1 — 2 月份规模以上工业生产主要数据 1 — 2 月 绝对量 同比增长（ % ） 规模以上工业增加值 … 2.4 分三大门类 采矿业 … 4,0.84
ME0348,HIST-NBS-080,600104,supply_chain_disruption,2023-03-15,国家统计局,新能源汽车销售与车型供给,政策活动/需求变化→终端销量关注→整车与电池链条联动, 2023 年 1 — 2 月份规模以上工业生产主要数据 1 — 2 月 绝对量 同比增长（ % ） 规模以上工业增加值 … 2.4 分三大门类 采矿业 … 4,0.84
ME0349,HIST-NBS-080,601633,supply_chain_disruption,2023-03-15,国家统计局,新能源汽车销售与车型供给,政策活动/需求变化→终端销量关注→整车与电池链条联动, 2023 年 1 — 2 月份规模以上工业生产主要数据 1 — 2 月 绝对量 同比增长（ % ） 规模以上工业增加值 … 2.4 分三大门类 采矿业 … 4,0.84
ME0350,HIST-NBS-080,601127,supply_chain_disruption,2023-03-15,国家统计局,新能源汽车销售与车型供给,政策活动/需求变化→终端销量关注→整车与电池链条联动, 2023 年 1 — 2 月份规模以上工业生产主要数据 1 — 2 月 绝对量 同比增长（ % ） 规模以上工业增加值 … 2.4 分三大门类 采矿业 … 4,0.84
ME0351,HIST-NBS-080,000625,supply_chain_disruption,2023-03-15,国家统计局,新能源汽车销售与车型供给,政策活动/需求变化→终端销量关注→整车与电池链条联动, 2023 年 1 — 2 月份规模以上工业生产主要数据 1 — 2 月 绝对量 同比增长（ % ） 规模以上工业增加值 … 2.4 分三大门类 采矿业 … 4,0.84
ME0352,HIST-NBS-081,601012,supply_chain_disruption,2023-04-18,国家统计局,光伏组件、逆变器与可再生能源消纳,政策/需求变化→光伏装机与组件/逆变器需求→产业链关注提升, 2023 年 3 月份规模以上工业生产主要数据 3 月 1-3 月 绝对量 同比增长 （ % ） 绝对量 同比增长 （ % ） 规模以上工业增加值 … 3.9,0.84
ME0353,HIST-NBS-081,300274,supply_chain_disruption,2023-04-18,国家统计局,光伏组件、逆变器与可再生能源消纳,政策/需求变化→光伏装机与组件/逆变器需求→产业链关注提升, 2023 年 3 月份规模以上工业生产主要数据 3 月 1-3 月 绝对量 同比增长 （ % ） 绝对量 同比增长 （ % ） 规模以上工业增加值 … 3.9,0.84
ME0354,HIST-NBS-081,600438,supply_chain_disruption,2023-04-18,国家统计局,光伏组件、逆变器与可再生能源消纳,政策/需求变化→光伏装机与组件/逆变器需求→产业链关注提升, 2023 年 3 月份规模以上工业生产主要数据 3 月 1-3 月 绝对量 同比增长 （ % ） 绝对量 同比增长 （ % ） 规模以上工业增加值 … 3.9,0.84
ME0355,HIST-NBS-081,688599,supply_chain_disruption,2023-04-18,国家统计局,光伏组件、逆变器与可再生能源消纳,政策/需求变化→光伏装机与组件/逆变器需求→产业链关注提升, 2023 年 3 月份规模以上工业生产主要数据 3 月 1-3 月 绝对量 同比增长 （ % ） 绝对量 同比增长 （ % ） 规模以上工业增加值 … 3.9,0.84
ME0356,HIST-NBS-081,002459,supply_chain_disruption,2023-04-18,国家统计局,光伏组件、逆变器与可再生能源消纳,政策/需求变化→光伏装机与组件/逆变器需求→产业链关注提升, 2023 年 3 月份规模以上工业生产主要数据 3 月 1-3 月 绝对量 同比增长 （ % ） 绝对量 同比增长 （ % ） 规模以上工业增加值 … 3.9,0.84
ME0357,HIST-NBS-081,002129,supply_chain_disruption,2023-04-18,国家统计局,光伏组件、逆变器与可再生能源消纳,政策/需求变化→光伏装机与组件/逆变器需求→产业链关注提升, 2023 年 3 月份规模以上工业生产主要数据 3 月 1-3 月 绝对量 同比增长 （ % ） 绝对量 同比增长 （ % ） 规模以上工业增加值 … 3.9,0.84
ME0358,HIST-NBS-081,002594,supply_chain_disruption,2023-04-18,国家统计局,新能源汽车销售与车型供给,政策活动/需求变化→终端销量关注→整车与电池链条联动, 2023 年 3 月份规模以上工业生产主要数据 3 月 1-3 月 绝对量 同比增长 （ % ） 绝对量 同比增长 （ % ） 规模以上工业增加值 … 3.9,0.84
ME0359,HIST-NBS-081,600104,supply_chain_disruption,2023-04-18,国家统计局,新能源汽车销售与车型供给,政策活动/需求变化→终端销量关注→整车与电池链条联动, 2023 年 3 月份规模以上工业生产主要数据 3 月 1-3 月 绝对量 同比增长 （ % ） 绝对量 同比增长 （ % ） 规模以上工业增加值 … 3.9,0.84
ME0360,HIST-NBS-081,601633,supply_chain_disruption,2023-04-18,国家统计局,新能源汽车销售与车型供给,政策活动/需求变化→终端销量关注→整车与电池链条联动, 2023 年 3 月份规模以上工业生产主要数据 3 月 1-3 月 绝对量 同比增长 （ % ） 绝对量 同比增长 （ % ） 规模以上工业增加值 … 3.9,0.84
ME0361,HIST-NBS-081,601127,supply_chain_disruption,2023-04-18,国家统计局,新能源汽车销售与车型供给,政策活动/需求变化→终端销量关注→整车与电池链条联动, 2023 年 3 月份规模以上工业生产主要数据 3 月 1-3 月 绝对量 同比增长 （ % ） 绝对量 同比增长 （ % ） 规模以上工业增加值 … 3.9,0.84
ME0362,HIST-NBS-081,000625,supply_chain_disruption,2023-04-18,国家统计局,新能源汽车销售与车型供给,政策活动/需求变化→终端销量关注→整车与电池链条联动, 2023 年 3 月份规模以上工业生产主要数据 3 月 1-3 月 绝对量 同比增长 （ % ） 绝对量 同比增长 （ % ） 规模以上工业增加值 … 3.9,0.84
ME0363,HIST-NBS-082,601012,supply_chain_disruption,2023-05-16,国家统计局,光伏组件、逆变器与可再生能源消纳,政策/需求变化→光伏装机与组件/逆变器需求→产业链关注提升, 2023 年 4 月份规模以上工业生产主要数据 指标 4 月 1 — 4 月 绝对量 同比增长 （ % ） 绝对量 同比增长 （ % ） 规模以上工业增加值 ,0.84
ME0364,HIST-NBS-082,300274,supply_chain_disruption,2023-05-16,国家统计局,光伏组件、逆变器与可再生能源消纳,政策/需求变化→光伏装机与组件/逆变器需求→产业链关注提升, 2023 年 4 月份规模以上工业生产主要数据 指标 4 月 1 — 4 月 绝对量 同比增长 （ % ） 绝对量 同比增长 （ % ） 规模以上工业增加值 ,0.84
ME0365,HIST-NBS-082,600438,supply_chain_disruption,2023-05-16,国家统计局,光伏组件、逆变器与可再生能源消纳,政策/需求变化→光伏装机与组件/逆变器需求→产业链关注提升, 2023 年 4 月份规模以上工业生产主要数据 指标 4 月 1 — 4 月 绝对量 同比增长 （ % ） 绝对量 同比增长 （ % ） 规模以上工业增加值 ,0.84
ME0366,HIST-NBS-082,688599,supply_chain_disruption,2023-05-16,国家统计局,光伏组件、逆变器与可再生能源消纳,政策/需求变化→光伏装机与组件/逆变器需求→产业链关注提升, 2023 年 4 月份规模以上工业生产主要数据 指标 4 月 1 — 4 月 绝对量 同比增长 （ % ） 绝对量 同比增长 （ % ） 规模以上工业增加值 ,0.84
ME0367,HIST-NBS-082,002459,supply_chain_disruption,2023-05-16,国家统计局,光伏组件、逆变器与可再生能源消纳,政策/需求变化→光伏装机与组件/逆变器需求→产业链关注提升, 2023 年 4 月份规模以上工业生产主要数据 指标 4 月 1 — 4 月 绝对量 同比增长 （ % ） 绝对量 同比增长 （ % ） 规模以上工业增加值 ,0.84
ME0368,HIST-NBS-082,002129,supply_chain_disruption,2023-05-16,国家统计局,光伏组件、逆变器与可再生能源消纳,政策/需求变化→光伏装机与组件/逆变器需求→产业链关注提升, 2023 年 4 月份规模以上工业生产主要数据 指标 4 月 1 — 4 月 绝对量 同比增长 （ % ） 绝对量 同比增长 （ % ） 规模以上工业增加值 ,0.84
ME0369,HIST-NBS-082,002594,supply_chain_disruption,2023-05-16,国家统计局,新能源汽车销售与车型供给,政策活动/需求变化→终端销量关注→整车与电池链条联动, 2023 年 4 月份规模以上工业生产主要数据 指标 4 月 1 — 4 月 绝对量 同比增长 （ % ） 绝对量 同比增长 （ % ） 规模以上工业增加值 ,0.84
ME0370,HIST-NBS-082,600104,supply_chain_disruption,2023-05-16,国家统计局,新能源汽车销售与车型供给,政策活动/需求变化→终端销量关注→整车与电池链条联动, 2023 年 4 月份规模以上工业生产主要数据 指标 4 月 1 — 4 月 绝对量 同比增长 （ % ） 绝对量 同比增长 （ % ） 规模以上工业增加值 ,0.84
ME0371,HIST-NBS-082,601633,supply_chain_disruption,2023-05-16,国家统计局,新能源汽车销售与车型供给,政策活动/需求变化→终端销量关注→整车与电池链条联动, 2023 年 4 月份规模以上工业生产主要数据 指标 4 月 1 — 4 月 绝对量 同比增长 （ % ） 绝对量 同比增长 （ % ） 规模以上工业增加值 ,0.84
ME0372,HIST-NBS-082,601127,supply_chain_disruption,2023-05-16,国家统计局,新能源汽车销售与车型供给,政策活动/需求变化→终端销量关注→整车与电池链条联动, 2023 年 4 月份规模以上工业生产主要数据 指标 4 月 1 — 4 月 绝对量 同比增长 （ % ） 绝对量 同比增长 （ % ） 规模以上工业增加值 ,0.84
ME0373,HIST-NBS-082,000625,supply_chain_disruption,2023-05-16,国家统计局,新能源汽车销售与车型供给,政策活动/需求变化→终端销量关注→整车与电池链条联动, 2023 年 4 月份规模以上工业生产主要数据 指标 4 月 1 — 4 月 绝对量 同比增长 （ % ） 绝对量 同比增长 （ % ） 规模以上工业增加值 ,0.84
ME0374,HIST-NBS-083,601012,supply_chain_disruption,2023-06-15,国家统计局,光伏组件、逆变器与可再生能源消纳,政策/需求变化→光伏装机与组件/逆变器需求→产业链关注提升, 2023 年 5 月份规模以上工业生产主要数据 指标 5 月 1 — 5 月 绝对量 同比增长 （ % ） 绝对量 同比增长 （ % ） 规模以上工业增加值 ,0.84
ME0375,HIST-NBS-083,300274,supply_chain_disruption,2023-06-15,国家统计局,光伏组件、逆变器与可再生能源消纳,政策/需求变化→光伏装机与组件/逆变器需求→产业链关注提升, 2023 年 5 月份规模以上工业生产主要数据 指标 5 月 1 — 5 月 绝对量 同比增长 （ % ） 绝对量 同比增长 （ % ） 规模以上工业增加值 ,0.84
ME0376,HIST-NBS-083,600438,supply_chain_disruption,2023-06-15,国家统计局,光伏组件、逆变器与可再生能源消纳,政策/需求变化→光伏装机与组件/逆变器需求→产业链关注提升, 2023 年 5 月份规模以上工业生产主要数据 指标 5 月 1 — 5 月 绝对量 同比增长 （ % ） 绝对量 同比增长 （ % ） 规模以上工业增加值 ,0.84
ME0377,HIST-NBS-083,688599,supply_chain_disruption,2023-06-15,国家统计局,光伏组件、逆变器与可再生能源消纳,政策/需求变化→光伏装机与组件/逆变器需求→产业链关注提升, 2023 年 5 月份规模以上工业生产主要数据 指标 5 月 1 — 5 月 绝对量 同比增长 （ % ） 绝对量 同比增长 （ % ） 规模以上工业增加值 ,0.84
ME0378,HIST-NBS-083,002459,supply_chain_disruption,2023-06-15,国家统计局,光伏组件、逆变器与可再生能源消纳,政策/需求变化→光伏装机与组件/逆变器需求→产业链关注提升, 2023 年 5 月份规模以上工业生产主要数据 指标 5 月 1 — 5 月 绝对量 同比增长 （ % ） 绝对量 同比增长 （ % ） 规模以上工业增加值 ,0.84
ME0379,HIST-NBS-083,002129,supply_chain_disruption,2023-06-15,国家统计局,光伏组件、逆变器与可再生能源消纳,政策/需求变化→光伏装机与组件/逆变器需求→产业链关注提升, 2023 年 5 月份规模以上工业生产主要数据 指标 5 月 1 — 5 月 绝对量 同比增长 （ % ） 绝对量 同比增长 （ % ） 规模以上工业增加值 ,0.84
ME0380,HIST-NBS-083,002594,supply_chain_disruption,2023-06-15,国家统计局,新能源汽车销售与车型供给,政策活动/需求变化→终端销量关注→整车与电池链条联动, 2023 年 5 月份规模以上工业生产主要数据 指标 5 月 1 — 5 月 绝对量 同比增长 （ % ） 绝对量 同比增长 （ % ） 规模以上工业增加值 ,0.84
ME0381,HIST-NBS-083,600104,supply_chain_disruption,2023-06-15,国家统计局,新能源汽车销售与车型供给,政策活动/需求变化→终端销量关注→整车与电池链条联动, 2023 年 5 月份规模以上工业生产主要数据 指标 5 月 1 — 5 月 绝对量 同比增长 （ % ） 绝对量 同比增长 （ % ） 规模以上工业增加值 ,0.84
ME0382,HIST-NBS-083,601633,supply_chain_disruption,2023-06-15,国家统计局,新能源汽车销售与车型供给,政策活动/需求变化→终端销量关注→整车与电池链条联动, 2023 年 5 月份规模以上工业生产主要数据 指标 5 月 1 — 5 月 绝对量 同比增长 （ % ） 绝对量 同比增长 （ % ） 规模以上工业增加值 ,0.84
ME0383,HIST-NBS-083,601127,supply_chain_disruption,2023-06-15,国家统计局,新能源汽车销售与车型供给,政策活动/需求变化→终端销量关注→整车与电池链条联动, 2023 年 5 月份规模以上工业生产主要数据 指标 5 月 1 — 5 月 绝对量 同比增长 （ % ） 绝对量 同比增长 （ % ） 规模以上工业增加值 ,0.84
ME0384,HIST-NBS-083,000625,supply_chain_disruption,2023-06-15,国家统计局,新能源汽车销售与车型供给,政策活动/需求变化→终端销量关注→整车与电池链条联动, 2023 年 5 月份规模以上工业生产主要数据 指标 5 月 1 — 5 月 绝对量 同比增长 （ % ） 绝对量 同比增长 （ % ） 规模以上工业增加值 ,0.84
ME0385,HIST-NBS-084,601012,supply_chain_disruption,2023-08-15,国家统计局,光伏组件、逆变器与可再生能源消纳,政策/需求变化→光伏装机与组件/逆变器需求→产业链关注提升, 2023 年 7 月份规模以上工业生产主要数据 指标 7 月 1 — 7 月 绝对量 同比增长 （ % ） 绝对量 同比增长 （ % ） 规模以上工业增加值 ,0.84
ME0386,HIST-NBS-084,300274,supply_chain_disruption,2023-08-15,国家统计局,光伏组件、逆变器与可再生能源消纳,政策/需求变化→光伏装机与组件/逆变器需求→产业链关注提升, 2023 年 7 月份规模以上工业生产主要数据 指标 7 月 1 — 7 月 绝对量 同比增长 （ % ） 绝对量 同比增长 （ % ） 规模以上工业增加值 ,0.84
ME0387,HIST-NBS-084,600438,supply_chain_disruption,2023-08-15,国家统计局,光伏组件、逆变器与可再生能源消纳,政策/需求变化→光伏装机与组件/逆变器需求→产业链关注提升, 2023 年 7 月份规模以上工业生产主要数据 指标 7 月 1 — 7 月 绝对量 同比增长 （ % ） 绝对量 同比增长 （ % ） 规模以上工业增加值 ,0.84
ME0388,HIST-NBS-084,688599,supply_chain_disruption,2023-08-15,国家统计局,光伏组件、逆变器与可再生能源消纳,政策/需求变化→光伏装机与组件/逆变器需求→产业链关注提升, 2023 年 7 月份规模以上工业生产主要数据 指标 7 月 1 — 7 月 绝对量 同比增长 （ % ） 绝对量 同比增长 （ % ） 规模以上工业增加值 ,0.84
ME0389,HIST-NBS-084,002459,supply_chain_disruption,2023-08-15,国家统计局,光伏组件、逆变器与可再生能源消纳,政策/需求变化→光伏装机与组件/逆变器需求→产业链关注提升, 2023 年 7 月份规模以上工业生产主要数据 指标 7 月 1 — 7 月 绝对量 同比增长 （ % ） 绝对量 同比增长 （ % ） 规模以上工业增加值 ,0.84
ME0390,HIST-NBS-084,002129,supply_chain_disruption,2023-08-15,国家统计局,光伏组件、逆变器与可再生能源消纳,政策/需求变化→光伏装机与组件/逆变器需求→产业链关注提升, 2023 年 7 月份规模以上工业生产主要数据 指标 7 月 1 — 7 月 绝对量 同比增长 （ % ） 绝对量 同比增长 （ % ） 规模以上工业增加值 ,0.84
ME0391,HIST-NBS-084,002594,supply_chain_disruption,2023-08-15,国家统计局,新能源汽车销售与车型供给,政策活动/需求变化→终端销量关注→整车与电池链条联动, 2023 年 7 月份规模以上工业生产主要数据 指标 7 月 1 — 7 月 绝对量 同比增长 （ % ） 绝对量 同比增长 （ % ） 规模以上工业增加值 ,0.84
ME0392,HIST-NBS-084,600104,supply_chain_disruption,2023-08-15,国家统计局,新能源汽车销售与车型供给,政策活动/需求变化→终端销量关注→整车与电池链条联动, 2023 年 7 月份规模以上工业生产主要数据 指标 7 月 1 — 7 月 绝对量 同比增长 （ % ） 绝对量 同比增长 （ % ） 规模以上工业增加值 ,0.84
ME0393,HIST-NBS-084,601633,supply_chain_disruption,2023-08-15,国家统计局,新能源汽车销售与车型供给,政策活动/需求变化→终端销量关注→整车与电池链条联动, 2023 年 7 月份规模以上工业生产主要数据 指标 7 月 1 — 7 月 绝对量 同比增长 （ % ） 绝对量 同比增长 （ % ） 规模以上工业增加值 ,0.84
ME0394,HIST-NBS-084,601127,supply_chain_disruption,2023-08-15,国家统计局,新能源汽车销售与车型供给,政策活动/需求变化→终端销量关注→整车与电池链条联动, 2023 年 7 月份规模以上工业生产主要数据 指标 7 月 1 — 7 月 绝对量 同比增长 （ % ） 绝对量 同比增长 （ % ） 规模以上工业增加值 ,0.84
ME0395,HIST-NBS-084,000625,supply_chain_disruption,2023-08-15,国家统计局,新能源汽车销售与车型供给,政策活动/需求变化→终端销量关注→整车与电池链条联动, 2023 年 7 月份规模以上工业生产主要数据 指标 7 月 1 — 7 月 绝对量 同比增长 （ % ） 绝对量 同比增长 （ % ） 规模以上工业增加值 ,0.84
ME0396,HIST-NBS-085,601012,supply_chain_disruption,2023-09-15,国家统计局,光伏组件、逆变器与可再生能源消纳,政策/需求变化→光伏装机与组件/逆变器需求→产业链关注提升, 2023 年 8 月份规模以上工业生产主要数据 指标 8 月 1 — 8 月 绝对量 同比增长 （ % ） 绝对量 同比增长 （ % ） 规模以上工业增加值 ,0.84
ME0397,HIST-NBS-085,300274,supply_chain_disruption,2023-09-15,国家统计局,光伏组件、逆变器与可再生能源消纳,政策/需求变化→光伏装机与组件/逆变器需求→产业链关注提升, 2023 年 8 月份规模以上工业生产主要数据 指标 8 月 1 — 8 月 绝对量 同比增长 （ % ） 绝对量 同比增长 （ % ） 规模以上工业增加值 ,0.84
ME0398,HIST-NBS-085,600438,supply_chain_disruption,2023-09-15,国家统计局,光伏组件、逆变器与可再生能源消纳,政策/需求变化→光伏装机与组件/逆变器需求→产业链关注提升, 2023 年 8 月份规模以上工业生产主要数据 指标 8 月 1 — 8 月 绝对量 同比增长 （ % ） 绝对量 同比增长 （ % ） 规模以上工业增加值 ,0.84
ME0399,HIST-NBS-085,688599,supply_chain_disruption,2023-09-15,国家统计局,光伏组件、逆变器与可再生能源消纳,政策/需求变化→光伏装机与组件/逆变器需求→产业链关注提升, 2023 年 8 月份规模以上工业生产主要数据 指标 8 月 1 — 8 月 绝对量 同比增长 （ % ） 绝对量 同比增长 （ % ） 规模以上工业增加值 ,0.84
ME0400,HIST-NBS-085,002459,supply_chain_disruption,2023-09-15,国家统计局,光伏组件、逆变器与可再生能源消纳,政策/需求变化→光伏装机与组件/逆变器需求→产业链关注提升, 2023 年 8 月份规模以上工业生产主要数据 指标 8 月 1 — 8 月 绝对量 同比增长 （ % ） 绝对量 同比增长 （ % ） 规模以上工业增加值 ,0.84
ME0401,HIST-NBS-085,002129,supply_chain_disruption,2023-09-15,国家统计局,光伏组件、逆变器与可再生能源消纳,政策/需求变化→光伏装机与组件/逆变器需求→产业链关注提升, 2023 年 8 月份规模以上工业生产主要数据 指标 8 月 1 — 8 月 绝对量 同比增长 （ % ） 绝对量 同比增长 （ % ） 规模以上工业增加值 ,0.84
ME0402,HIST-NBS-085,002594,supply_chain_disruption,2023-09-15,国家统计局,新能源汽车销售与车型供给,政策活动/需求变化→终端销量关注→整车与电池链条联动, 2023 年 8 月份规模以上工业生产主要数据 指标 8 月 1 — 8 月 绝对量 同比增长 （ % ） 绝对量 同比增长 （ % ） 规模以上工业增加值 ,0.84
ME0403,HIST-NBS-085,600104,supply_chain_disruption,2023-09-15,国家统计局,新能源汽车销售与车型供给,政策活动/需求变化→终端销量关注→整车与电池链条联动, 2023 年 8 月份规模以上工业生产主要数据 指标 8 月 1 — 8 月 绝对量 同比增长 （ % ） 绝对量 同比增长 （ % ） 规模以上工业增加值 ,0.84
ME0404,HIST-NBS-085,601633,supply_chain_disruption,2023-09-15,国家统计局,新能源汽车销售与车型供给,政策活动/需求变化→终端销量关注→整车与电池链条联动, 2023 年 8 月份规模以上工业生产主要数据 指标 8 月 1 — 8 月 绝对量 同比增长 （ % ） 绝对量 同比增长 （ % ） 规模以上工业增加值 ,0.84
ME0405,HIST-NBS-085,601127,supply_chain_disruption,2023-09-15,国家统计局,新能源汽车销售与车型供给,政策活动/需求变化→终端销量关注→整车与电池链条联动, 2023 年 8 月份规模以上工业生产主要数据 指标 8 月 1 — 8 月 绝对量 同比增长 （ % ） 绝对量 同比增长 （ % ） 规模以上工业增加值 ,0.84
ME0406,HIST-NBS-085,000625,supply_chain_disruption,2023-09-15,国家统计局,新能源汽车销售与车型供给,政策活动/需求变化→终端销量关注→整车与电池链条联动, 2023 年 8 月份规模以上工业生产主要数据 指标 8 月 1 — 8 月 绝对量 同比增长 （ % ） 绝对量 同比增长 （ % ） 规模以上工业增加值 ,0.84
ME0407,HIST-NBS-086,601012,supply_chain_disruption,2023-10-18,国家统计局,光伏组件、逆变器与可再生能源消纳,政策/需求变化→光伏装机与组件/逆变器需求→产业链关注提升, 2023 年 9 月份规模以上工业生产主要数据 指标 9 月 1 — 9 月 绝对量 同比增长 （ % ） 绝对量 同比增长 （ % ） 规模以上工业增加值 ,0.84
ME0408,HIST-NBS-086,300274,supply_chain_disruption,2023-10-18,国家统计局,光伏组件、逆变器与可再生能源消纳,政策/需求变化→光伏装机与组件/逆变器需求→产业链关注提升, 2023 年 9 月份规模以上工业生产主要数据 指标 9 月 1 — 9 月 绝对量 同比增长 （ % ） 绝对量 同比增长 （ % ） 规模以上工业增加值 ,0.84
ME0409,HIST-NBS-086,600438,supply_chain_disruption,2023-10-18,国家统计局,光伏组件、逆变器与可再生能源消纳,政策/需求变化→光伏装机与组件/逆变器需求→产业链关注提升, 2023 年 9 月份规模以上工业生产主要数据 指标 9 月 1 — 9 月 绝对量 同比增长 （ % ） 绝对量 同比增长 （ % ） 规模以上工业增加值 ,0.84
ME0410,HIST-NBS-086,688599,supply_chain_disruption,2023-10-18,国家统计局,光伏组件、逆变器与可再生能源消纳,政策/需求变化→光伏装机与组件/逆变器需求→产业链关注提升, 2023 年 9 月份规模以上工业生产主要数据 指标 9 月 1 — 9 月 绝对量 同比增长 （ % ） 绝对量 同比增长 （ % ） 规模以上工业增加值 ,0.84
ME0411,HIST-NBS-086,002459,supply_chain_disruption,2023-10-18,国家统计局,光伏组件、逆变器与可再生能源消纳,政策/需求变化→光伏装机与组件/逆变器需求→产业链关注提升, 2023 年 9 月份规模以上工业生产主要数据 指标 9 月 1 — 9 月 绝对量 同比增长 （ % ） 绝对量 同比增长 （ % ） 规模以上工业增加值 ,0.84
ME0412,HIST-NBS-086,002129,supply_chain_disruption,2023-10-18,国家统计局,光伏组件、逆变器与可再生能源消纳,政策/需求变化→光伏装机与组件/逆变器需求→产业链关注提升, 2023 年 9 月份规模以上工业生产主要数据 指标 9 月 1 — 9 月 绝对量 同比增长 （ % ） 绝对量 同比增长 （ % ） 规模以上工业增加值 ,0.84
ME0413,HIST-NBS-086,002594,supply_chain_disruption,2023-10-18,国家统计局,新能源汽车销售与车型供给,政策活动/需求变化→终端销量关注→整车与电池链条联动, 2023 年 9 月份规模以上工业生产主要数据 指标 9 月 1 — 9 月 绝对量 同比增长 （ % ） 绝对量 同比增长 （ % ） 规模以上工业增加值 ,0.84
ME0414,HIST-NBS-086,600104,supply_chain_disruption,2023-10-18,国家统计局,新能源汽车销售与车型供给,政策活动/需求变化→终端销量关注→整车与电池链条联动, 2023 年 9 月份规模以上工业生产主要数据 指标 9 月 1 — 9 月 绝对量 同比增长 （ % ） 绝对量 同比增长 （ % ） 规模以上工业增加值 ,0.84
ME0415,HIST-NBS-086,601633,supply_chain_disruption,2023-10-18,国家统计局,新能源汽车销售与车型供给,政策活动/需求变化→终端销量关注→整车与电池链条联动, 2023 年 9 月份规模以上工业生产主要数据 指标 9 月 1 — 9 月 绝对量 同比增长 （ % ） 绝对量 同比增长 （ % ） 规模以上工业增加值 ,0.84
ME0416,HIST-NBS-086,601127,supply_chain_disruption,2023-10-18,国家统计局,新能源汽车销售与车型供给,政策活动/需求变化→终端销量关注→整车与电池链条联动, 2023 年 9 月份规模以上工业生产主要数据 指标 9 月 1 — 9 月 绝对量 同比增长 （ % ） 绝对量 同比增长 （ % ） 规模以上工业增加值 ,0.84
ME0417,HIST-NBS-086,000625,supply_chain_disruption,2023-10-18,国家统计局,新能源汽车销售与车型供给,政策活动/需求变化→终端销量关注→整车与电池链条联动, 2023 年 9 月份规模以上工业生产主要数据 指标 9 月 1 — 9 月 绝对量 同比增长 （ % ） 绝对量 同比增长 （ % ） 规模以上工业增加值 ,0.84
ME0418,HIST-NBS-087,601012,supply_chain_disruption,2023-11-15,国家统计局,光伏组件、逆变器与可再生能源消纳,政策/需求变化→光伏装机与组件/逆变器需求→产业链关注提升, 2023 年 10 月份规模以上工业生产主要数据 指标 10 月 1 — 10 月 绝对量 同比增长 （ % ） 绝对量 同比增长 （ % ） 规模以上工业增,0.84
ME0419,HIST-NBS-087,300274,supply_chain_disruption,2023-11-15,国家统计局,光伏组件、逆变器与可再生能源消纳,政策/需求变化→光伏装机与组件/逆变器需求→产业链关注提升, 2023 年 10 月份规模以上工业生产主要数据 指标 10 月 1 — 10 月 绝对量 同比增长 （ % ） 绝对量 同比增长 （ % ） 规模以上工业增,0.84
ME0420,HIST-NBS-087,600438,supply_chain_disruption,2023-11-15,国家统计局,光伏组件、逆变器与可再生能源消纳,政策/需求变化→光伏装机与组件/逆变器需求→产业链关注提升, 2023 年 10 月份规模以上工业生产主要数据 指标 10 月 1 — 10 月 绝对量 同比增长 （ % ） 绝对量 同比增长 （ % ） 规模以上工业增,0.84
ME0421,HIST-NBS-087,688599,supply_chain_disruption,2023-11-15,国家统计局,光伏组件、逆变器与可再生能源消纳,政策/需求变化→光伏装机与组件/逆变器需求→产业链关注提升, 2023 年 10 月份规模以上工业生产主要数据 指标 10 月 1 — 10 月 绝对量 同比增长 （ % ） 绝对量 同比增长 （ % ） 规模以上工业增,0.84
ME0422,HIST-NBS-087,002459,supply_chain_disruption,2023-11-15,国家统计局,光伏组件、逆变器与可再生能源消纳,政策/需求变化→光伏装机与组件/逆变器需求→产业链关注提升, 2023 年 10 月份规模以上工业生产主要数据 指标 10 月 1 — 10 月 绝对量 同比增长 （ % ） 绝对量 同比增长 （ % ） 规模以上工业增,0.84
ME0423,HIST-NBS-087,002129,supply_chain_disruption,2023-11-15,国家统计局,光伏组件、逆变器与可再生能源消纳,政策/需求变化→光伏装机与组件/逆变器需求→产业链关注提升, 2023 年 10 月份规模以上工业生产主要数据 指标 10 月 1 — 10 月 绝对量 同比增长 （ % ） 绝对量 同比增长 （ % ） 规模以上工业增,0.84
ME0424,HIST-NBS-087,002594,supply_chain_disruption,2023-11-15,国家统计局,新能源汽车销售与车型供给,政策活动/需求变化→终端销量关注→整车与电池链条联动, 2023 年 10 月份规模以上工业生产主要数据 指标 10 月 1 — 10 月 绝对量 同比增长 （ % ） 绝对量 同比增长 （ % ） 规模以上工业增,0.84
ME0425,HIST-NBS-087,600104,supply_chain_disruption,2023-11-15,国家统计局,新能源汽车销售与车型供给,政策活动/需求变化→终端销量关注→整车与电池链条联动, 2023 年 10 月份规模以上工业生产主要数据 指标 10 月 1 — 10 月 绝对量 同比增长 （ % ） 绝对量 同比增长 （ % ） 规模以上工业增,0.84
ME0426,HIST-NBS-087,601633,supply_chain_disruption,2023-11-15,国家统计局,新能源汽车销售与车型供给,政策活动/需求变化→终端销量关注→整车与电池链条联动, 2023 年 10 月份规模以上工业生产主要数据 指标 10 月 1 — 10 月 绝对量 同比增长 （ % ） 绝对量 同比增长 （ % ） 规模以上工业增,0.84
ME0427,HIST-NBS-087,601127,supply_chain_disruption,2023-11-15,国家统计局,新能源汽车销售与车型供给,政策活动/需求变化→终端销量关注→整车与电池链条联动, 2023 年 10 月份规模以上工业生产主要数据 指标 10 月 1 — 10 月 绝对量 同比增长 （ % ） 绝对量 同比增长 （ % ） 规模以上工业增,0.84
ME0428,HIST-NBS-087,000625,supply_chain_disruption,2023-11-15,国家统计局,新能源汽车销售与车型供给,政策活动/需求变化→终端销量关注→整车与电池链条联动, 2023 年 10 月份规模以上工业生产主要数据 指标 10 月 1 — 10 月 绝对量 同比增长 （ % ） 绝对量 同比增长 （ % ） 规模以上工业增,0.84
ME0429,HIST-NBS-088,601012,supply_chain_disruption,2023-12-15,国家统计局,光伏组件、逆变器与可再生能源消纳,政策/需求变化→光伏装机与组件/逆变器需求→产业链关注提升, 2023 年 11 月份规模以上工业生产主要数据 指标 11 月 1 — 11 月 绝对量 同比增长 （ % ） 绝对量 同比增长 （ % ） 规模以上工业增,0.84
ME0430,HIST-NBS-088,300274,supply_chain_disruption,2023-12-15,国家统计局,光伏组件、逆变器与可再生能源消纳,政策/需求变化→光伏装机与组件/逆变器需求→产业链关注提升, 2023 年 11 月份规模以上工业生产主要数据 指标 11 月 1 — 11 月 绝对量 同比增长 （ % ） 绝对量 同比增长 （ % ） 规模以上工业增,0.84
ME0431,HIST-NBS-088,600438,supply_chain_disruption,2023-12-15,国家统计局,光伏组件、逆变器与可再生能源消纳,政策/需求变化→光伏装机与组件/逆变器需求→产业链关注提升, 2023 年 11 月份规模以上工业生产主要数据 指标 11 月 1 — 11 月 绝对量 同比增长 （ % ） 绝对量 同比增长 （ % ） 规模以上工业增,0.84
ME0432,HIST-NBS-088,688599,supply_chain_disruption,2023-12-15,国家统计局,光伏组件、逆变器与可再生能源消纳,政策/需求变化→光伏装机与组件/逆变器需求→产业链关注提升, 2023 年 11 月份规模以上工业生产主要数据 指标 11 月 1 — 11 月 绝对量 同比增长 （ % ） 绝对量 同比增长 （ % ） 规模以上工业增,0.84
ME0433,HIST-NBS-088,002459,supply_chain_disruption,2023-12-15,国家统计局,光伏组件、逆变器与可再生能源消纳,政策/需求变化→光伏装机与组件/逆变器需求→产业链关注提升, 2023 年 11 月份规模以上工业生产主要数据 指标 11 月 1 — 11 月 绝对量 同比增长 （ % ） 绝对量 同比增长 （ % ） 规模以上工业增,0.84
ME0434,HIST-NBS-088,002129,supply_chain_disruption,2023-12-15,国家统计局,光伏组件、逆变器与可再生能源消纳,政策/需求变化→光伏装机与组件/逆变器需求→产业链关注提升, 2023 年 11 月份规模以上工业生产主要数据 指标 11 月 1 — 11 月 绝对量 同比增长 （ % ） 绝对量 同比增长 （ % ） 规模以上工业增,0.84
ME0435,HIST-NBS-088,002594,supply_chain_disruption,2023-12-15,国家统计局,新能源汽车销售与车型供给,政策活动/需求变化→终端销量关注→整车与电池链条联动, 2023 年 11 月份规模以上工业生产主要数据 指标 11 月 1 — 11 月 绝对量 同比增长 （ % ） 绝对量 同比增长 （ % ） 规模以上工业增,0.84
ME0436,HIST-NBS-088,600104,supply_chain_disruption,2023-12-15,国家统计局,新能源汽车销售与车型供给,政策活动/需求变化→终端销量关注→整车与电池链条联动, 2023 年 11 月份规模以上工业生产主要数据 指标 11 月 1 — 11 月 绝对量 同比增长 （ % ） 绝对量 同比增长 （ % ） 规模以上工业增,0.84
ME0437,HIST-NBS-088,601633,supply_chain_disruption,2023-12-15,国家统计局,新能源汽车销售与车型供给,政策活动/需求变化→终端销量关注→整车与电池链条联动, 2023 年 11 月份规模以上工业生产主要数据 指标 11 月 1 — 11 月 绝对量 同比增长 （ % ） 绝对量 同比增长 （ % ） 规模以上工业增,0.84
ME0438,HIST-NBS-088,601127,supply_chain_disruption,2023-12-15,国家统计局,新能源汽车销售与车型供给,政策活动/需求变化→终端销量关注→整车与电池链条联动, 2023 年 11 月份规模以上工业生产主要数据 指标 11 月 1 — 11 月 绝对量 同比增长 （ % ） 绝对量 同比增长 （ % ） 规模以上工业增,0.84
ME0439,HIST-NBS-088,000625,supply_chain_disruption,2023-12-15,国家统计局,新能源汽车销售与车型供给,政策活动/需求变化→终端销量关注→整车与电池链条联动, 2023 年 11 月份规模以上工业生产主要数据 指标 11 月 1 — 11 月 绝对量 同比增长 （ % ） 绝对量 同比增长 （ % ） 规模以上工业增,0.84
ME0440,HIST-POLICY-2015-01,601012,policy_support,2015-03-18,国家能源局,光伏组件、逆变器与可再生能源消纳,政策/需求变化→光伏装机与组件/逆变器需求→产业链关注提升,政府信息公开目录---国家能源局---国家能源局关于下达2015年光伏发电建设实施方案的通知 国能新能[2015]73号 您当前位置： 首页 > 正文 目录项的,0.94
ME0441,HIST-POLICY-2015-01,300274,policy_support,2015-03-18,国家能源局,光伏组件、逆变器与可再生能源消纳,政策/需求变化→光伏装机与组件/逆变器需求→产业链关注提升,政府信息公开目录---国家能源局---国家能源局关于下达2015年光伏发电建设实施方案的通知 国能新能[2015]73号 您当前位置： 首页 > 正文 目录项的,0.94
ME0442,HIST-POLICY-2015-01,600438,policy_support,2015-03-18,国家能源局,光伏组件、逆变器与可再生能源消纳,政策/需求变化→光伏装机与组件/逆变器需求→产业链关注提升,政府信息公开目录---国家能源局---国家能源局关于下达2015年光伏发电建设实施方案的通知 国能新能[2015]73号 您当前位置： 首页 > 正文 目录项的,0.94
ME0443,HIST-POLICY-2015-01,688599,policy_support,2015-03-18,国家能源局,光伏组件、逆变器与可再生能源消纳,政策/需求变化→光伏装机与组件/逆变器需求→产业链关注提升,政府信息公开目录---国家能源局---国家能源局关于下达2015年光伏发电建设实施方案的通知 国能新能[2015]73号 您当前位置： 首页 > 正文 目录项的,0.94
ME0444,HIST-POLICY-2015-01,002459,policy_support,2015-03-18,国家能源局,光伏组件、逆变器与可再生能源消纳,政策/需求变化→光伏装机与组件/逆变器需求→产业链关注提升,政府信息公开目录---国家能源局---国家能源局关于下达2015年光伏发电建设实施方案的通知 国能新能[2015]73号 您当前位置： 首页 > 正文 目录项的,0.94
ME0445,HIST-POLICY-2015-01,002129,policy_support,2015-03-18,国家能源局,光伏组件、逆变器与可再生能源消纳,政策/需求变化→光伏装机与组件/逆变器需求→产业链关注提升,政府信息公开目录---国家能源局---国家能源局关于下达2015年光伏发电建设实施方案的通知 国能新能[2015]73号 您当前位置： 首页 > 正文 目录项的,0.94
ME0446,HIST-POLICY-2015-02,601012,policy_support,2015-10-16,国家能源局,光伏组件、逆变器与可再生能源消纳,政策/需求变化→光伏装机与组件/逆变器需求→产业链关注提升,政府信息公开目录---国家能源局---国家能源局关于实行可再生能源发电项目信息化管理的通知 国能新能[2015]358号 您当前位置： 首页 > 正文 目录项的,0.88
ME0447,HIST-POLICY-2015-02,300274,policy_support,2015-10-16,国家能源局,光伏组件、逆变器与可再生能源消纳,政策/需求变化→光伏装机与组件/逆变器需求→产业链关注提升,政府信息公开目录---国家能源局---国家能源局关于实行可再生能源发电项目信息化管理的通知 国能新能[2015]358号 您当前位置： 首页 > 正文 目录项的,0.88
ME0448,HIST-POLICY-2015-02,600438,policy_support,2015-10-16,国家能源局,光伏组件、逆变器与可再生能源消纳,政策/需求变化→光伏装机与组件/逆变器需求→产业链关注提升,政府信息公开目录---国家能源局---国家能源局关于实行可再生能源发电项目信息化管理的通知 国能新能[2015]358号 您当前位置： 首页 > 正文 目录项的,0.88
ME0449,HIST-POLICY-2015-02,688599,policy_support,2015-10-16,国家能源局,光伏组件、逆变器与可再生能源消纳,政策/需求变化→光伏装机与组件/逆变器需求→产业链关注提升,政府信息公开目录---国家能源局---国家能源局关于实行可再生能源发电项目信息化管理的通知 国能新能[2015]358号 您当前位置： 首页 > 正文 目录项的,0.88
ME0450,HIST-POLICY-2015-02,002459,policy_support,2015-10-16,国家能源局,光伏组件、逆变器与可再生能源消纳,政策/需求变化→光伏装机与组件/逆变器需求→产业链关注提升,政府信息公开目录---国家能源局---国家能源局关于实行可再生能源发电项目信息化管理的通知 国能新能[2015]358号 您当前位置： 首页 > 正文 目录项的,0.88
ME0451,HIST-POLICY-2015-02,002129,policy_support,2015-10-16,国家能源局,光伏组件、逆变器与可再生能源消纳,政策/需求变化→光伏装机与组件/逆变器需求→产业链关注提升,政府信息公开目录---国家能源局---国家能源局关于实行可再生能源发电项目信息化管理的通知 国能新能[2015]358号 您当前位置： 首页 > 正文 目录项的,0.88
ME0452,HIST-POLICY-2015-02,002202,policy_support,2015-10-16,国家能源局,风电设备订单与项目交付,项目核准/招标改善→风机订单与交付→设备链关注提升,政府信息公开目录---国家能源局---国家能源局关于实行可再生能源发电项目信息化管理的通知 国能新能[2015]358号 您当前位置： 首页 > 正文 目录项的,0.88
ME0453,HIST-POLICY-2015-02,601615,policy_support,2015-10-16,国家能源局,风电设备订单与项目交付,项目核准/招标改善→风机订单与交付→设备链关注提升,政府信息公开目录---国家能源局---国家能源局关于实行可再生能源发电项目信息化管理的通知 国能新能[2015]358号 您当前位置： 首页 > 正文 目录项的,0.88
ME0454,HIST-POLICY-2015-02,688349,policy_support,2015-10-16,国家能源局,风电设备订单与项目交付,项目核准/招标改善→风机订单与交付→设备链关注提升,政府信息公开目录---国家能源局---国家能源局关于实行可再生能源发电项目信息化管理的通知 国能新能[2015]358号 您当前位置： 首页 > 正文 目录项的,0.88
ME0455,HIST-POLICY-2015-02,002080,policy_support,2015-10-16,国家能源局,风电设备订单与项目交付,项目核准/招标改善→风机订单与交付→设备链关注提升,政府信息公开目录---国家能源局---国家能源局关于实行可再生能源发电项目信息化管理的通知 国能新能[2015]358号 您当前位置： 首页 > 正文 目录项的,0.88
ME0456,HIST-POLICY-2015-02,300772,policy_support,2015-10-16,国家能源局,风电设备订单与项目交付,项目核准/招标改善→风机订单与交付→设备链关注提升,政府信息公开目录---国家能源局---国家能源局关于实行可再生能源发电项目信息化管理的通知 国能新能[2015]358号 您当前位置： 首页 > 正文 目录项的,0.88
ME0457,HIST-POLICY-2016-01,002202,policy_support,2016-03-17,国家能源局,风电设备订单与项目交付,项目核准/招标改善→风机订单与交付→设备链关注提升,政府信息公开目录---国家能源局---国家能源局关于做好2016年度风电消纳工作有关要求的通知 国能新能〔2016〕74号 您当前位置： 首页 > 正文 目录项,0.88
ME0458,HIST-POLICY-2016-01,601615,policy_support,2016-03-17,国家能源局,风电设备订单与项目交付,项目核准/招标改善→风机订单与交付→设备链关注提升,政府信息公开目录---国家能源局---国家能源局关于做好2016年度风电消纳工作有关要求的通知 国能新能〔2016〕74号 您当前位置： 首页 > 正文 目录项,0.88
ME0459,HIST-POLICY-2016-01,688349,policy_support,2016-03-17,国家能源局,风电设备订单与项目交付,项目核准/招标改善→风机订单与交付→设备链关注提升,政府信息公开目录---国家能源局---国家能源局关于做好2016年度风电消纳工作有关要求的通知 国能新能〔2016〕74号 您当前位置： 首页 > 正文 目录项,0.88
ME0460,HIST-POLICY-2016-01,002080,policy_support,2016-03-17,国家能源局,风电设备订单与项目交付,项目核准/招标改善→风机订单与交付→设备链关注提升,政府信息公开目录---国家能源局---国家能源局关于做好2016年度风电消纳工作有关要求的通知 国能新能〔2016〕74号 您当前位置： 首页 > 正文 目录项,0.88
ME0461,HIST-POLICY-2016-01,300772,policy_support,2016-03-17,国家能源局,风电设备订单与项目交付,项目核准/招标改善→风机订单与交付→设备链关注提升,政府信息公开目录---国家能源局---国家能源局关于做好2016年度风电消纳工作有关要求的通知 国能新能〔2016〕74号 您当前位置： 首页 > 正文 目录项,0.88
ME0462,HIST-POLICY-2016-02,601012,policy_support,2016-05-31,国家发展改革委,光伏组件、逆变器与可再生能源消纳,政策/需求变化→光伏装机与组件/逆变器需求→产业链关注提升,【关于做好风电、光伏发电全额保障性收购管理工作的通知(发改能源〔2016〕1150号)】-国家发展和改革委员会 首页 > 政务公开 > 政策 > 通知 关于做好,0.88
ME0463,HIST-POLICY-2016-02,300274,policy_support,2016-05-31,国家发展改革委,光伏组件、逆变器与可再生能源消纳,政策/需求变化→光伏装机与组件/逆变器需求→产业链关注提升,【关于做好风电、光伏发电全额保障性收购管理工作的通知(发改能源〔2016〕1150号)】-国家发展和改革委员会 首页 > 政务公开 > 政策 > 通知 关于做好,0.88
ME0464,HIST-POLICY-2016-02,600438,policy_support,2016-05-31,国家发展改革委,光伏组件、逆变器与可再生能源消纳,政策/需求变化→光伏装机与组件/逆变器需求→产业链关注提升,【关于做好风电、光伏发电全额保障性收购管理工作的通知(发改能源〔2016〕1150号)】-国家发展和改革委员会 首页 > 政务公开 > 政策 > 通知 关于做好,0.88
ME0465,HIST-POLICY-2016-02,688599,policy_support,2016-05-31,国家发展改革委,光伏组件、逆变器与可再生能源消纳,政策/需求变化→光伏装机与组件/逆变器需求→产业链关注提升,【关于做好风电、光伏发电全额保障性收购管理工作的通知(发改能源〔2016〕1150号)】-国家发展和改革委员会 首页 > 政务公开 > 政策 > 通知 关于做好,0.88
ME0466,HIST-POLICY-2016-02,002459,policy_support,2016-05-31,国家发展改革委,光伏组件、逆变器与可再生能源消纳,政策/需求变化→光伏装机与组件/逆变器需求→产业链关注提升,【关于做好风电、光伏发电全额保障性收购管理工作的通知(发改能源〔2016〕1150号)】-国家发展和改革委员会 首页 > 政务公开 > 政策 > 通知 关于做好,0.88
ME0467,HIST-POLICY-2016-02,002129,policy_support,2016-05-31,国家发展改革委,光伏组件、逆变器与可再生能源消纳,政策/需求变化→光伏装机与组件/逆变器需求→产业链关注提升,【关于做好风电、光伏发电全额保障性收购管理工作的通知(发改能源〔2016〕1150号)】-国家发展和改革委员会 首页 > 政务公开 > 政策 > 通知 关于做好,0.88
ME0468,HIST-POLICY-2016-02,002202,policy_support,2016-05-31,国家发展改革委,风电设备订单与项目交付,项目核准/招标改善→风机订单与交付→设备链关注提升,【关于做好风电、光伏发电全额保障性收购管理工作的通知(发改能源〔2016〕1150号)】-国家发展和改革委员会 首页 > 政务公开 > 政策 > 通知 关于做好,0.88
ME0469,HIST-POLICY-2016-02,601615,policy_support,2016-05-31,国家发展改革委,风电设备订单与项目交付,项目核准/招标改善→风机订单与交付→设备链关注提升,【关于做好风电、光伏发电全额保障性收购管理工作的通知(发改能源〔2016〕1150号)】-国家发展和改革委员会 首页 > 政务公开 > 政策 > 通知 关于做好,0.88
ME0470,HIST-POLICY-2016-02,688349,policy_support,2016-05-31,国家发展改革委,风电设备订单与项目交付,项目核准/招标改善→风机订单与交付→设备链关注提升,【关于做好风电、光伏发电全额保障性收购管理工作的通知(发改能源〔2016〕1150号)】-国家发展和改革委员会 首页 > 政务公开 > 政策 > 通知 关于做好,0.88
ME0471,HIST-POLICY-2016-02,002080,policy_support,2016-05-31,国家发展改革委,风电设备订单与项目交付,项目核准/招标改善→风机订单与交付→设备链关注提升,【关于做好风电、光伏发电全额保障性收购管理工作的通知(发改能源〔2016〕1150号)】-国家发展和改革委员会 首页 > 政务公开 > 政策 > 通知 关于做好,0.88
ME0472,HIST-POLICY-2016-02,300772,policy_support,2016-05-31,国家发展改革委,风电设备订单与项目交付,项目核准/招标改善→风机订单与交付→设备链关注提升,【关于做好风电、光伏发电全额保障性收购管理工作的通知(发改能源〔2016〕1150号)】-国家发展和改革委员会 首页 > 政务公开 > 政策 > 通知 关于做好,0.88
ME0473,HIST-POLICY-2017-01,601012,policy_support,2017-02-06,国家能源局,光伏组件、逆变器与可再生能源消纳,政策/需求变化→光伏装机与组件/逆变器需求→产业链关注提升,国家发展改革委 财政部 国家能源局关于试行可再生能源绿色电力证书核发及自愿认购交易制度的通知---国家能源局 您当前位置： 首页 > 正文 国家发展改革委 财政,0.88
ME0474,HIST-POLICY-2017-01,300274,policy_support,2017-02-06,国家能源局,光伏组件、逆变器与可再生能源消纳,政策/需求变化→光伏装机与组件/逆变器需求→产业链关注提升,国家发展改革委 财政部 国家能源局关于试行可再生能源绿色电力证书核发及自愿认购交易制度的通知---国家能源局 您当前位置： 首页 > 正文 国家发展改革委 财政,0.88
ME0475,HIST-POLICY-2017-01,600438,policy_support,2017-02-06,国家能源局,光伏组件、逆变器与可再生能源消纳,政策/需求变化→光伏装机与组件/逆变器需求→产业链关注提升,国家发展改革委 财政部 国家能源局关于试行可再生能源绿色电力证书核发及自愿认购交易制度的通知---国家能源局 您当前位置： 首页 > 正文 国家发展改革委 财政,0.88
ME0476,HIST-POLICY-2017-01,688599,policy_support,2017-02-06,国家能源局,光伏组件、逆变器与可再生能源消纳,政策/需求变化→光伏装机与组件/逆变器需求→产业链关注提升,国家发展改革委 财政部 国家能源局关于试行可再生能源绿色电力证书核发及自愿认购交易制度的通知---国家能源局 您当前位置： 首页 > 正文 国家发展改革委 财政,0.88
ME0477,HIST-POLICY-2017-01,002459,policy_support,2017-02-06,国家能源局,光伏组件、逆变器与可再生能源消纳,政策/需求变化→光伏装机与组件/逆变器需求→产业链关注提升,国家发展改革委 财政部 国家能源局关于试行可再生能源绿色电力证书核发及自愿认购交易制度的通知---国家能源局 您当前位置： 首页 > 正文 国家发展改革委 财政,0.88
ME0478,HIST-POLICY-2017-01,002129,policy_support,2017-02-06,国家能源局,光伏组件、逆变器与可再生能源消纳,政策/需求变化→光伏装机与组件/逆变器需求→产业链关注提升,国家发展改革委 财政部 国家能源局关于试行可再生能源绿色电力证书核发及自愿认购交易制度的通知---国家能源局 您当前位置： 首页 > 正文 国家发展改革委 财政,0.88
ME0479,HIST-POLICY-2017-01,002202,policy_support,2017-02-06,国家能源局,风电设备订单与项目交付,项目核准/招标改善→风机订单与交付→设备链关注提升,国家发展改革委 财政部 国家能源局关于试行可再生能源绿色电力证书核发及自愿认购交易制度的通知---国家能源局 您当前位置： 首页 > 正文 国家发展改革委 财政,0.88
ME0480,HIST-POLICY-2017-01,601615,policy_support,2017-02-06,国家能源局,风电设备订单与项目交付,项目核准/招标改善→风机订单与交付→设备链关注提升,国家发展改革委 财政部 国家能源局关于试行可再生能源绿色电力证书核发及自愿认购交易制度的通知---国家能源局 您当前位置： 首页 > 正文 国家发展改革委 财政,0.88
ME0481,HIST-POLICY-2017-01,688349,policy_support,2017-02-06,国家能源局,风电设备订单与项目交付,项目核准/招标改善→风机订单与交付→设备链关注提升,国家发展改革委 财政部 国家能源局关于试行可再生能源绿色电力证书核发及自愿认购交易制度的通知---国家能源局 您当前位置： 首页 > 正文 国家发展改革委 财政,0.88
ME0482,HIST-POLICY-2017-01,002080,policy_support,2017-02-06,国家能源局,风电设备订单与项目交付,项目核准/招标改善→风机订单与交付→设备链关注提升,国家发展改革委 财政部 国家能源局关于试行可再生能源绿色电力证书核发及自愿认购交易制度的通知---国家能源局 您当前位置： 首页 > 正文 国家发展改革委 财政,0.88
ME0483,HIST-POLICY-2017-01,300772,policy_support,2017-02-06,国家能源局,风电设备订单与项目交付,项目核准/招标改善→风机订单与交付→设备链关注提升,国家发展改革委 财政部 国家能源局关于试行可再生能源绿色电力证书核发及自愿认购交易制度的通知---国家能源局 您当前位置： 首页 > 正文 国家发展改革委 财政,0.88
ME0484,HIST-POLICY-2017-02,601012,policy_support,2017-02-22,国家能源局,光伏组件、逆变器与可再生能源消纳,政策/需求变化→光伏装机与组件/逆变器需求→产业链关注提升,政府信息公开目录---国家能源局---国家能源局关于发布2017年度风电投资监测预警结果的通知 您当前位置： 首页 > 正文 目录项的基本信息 公开事项名称: ,0.88
ME0485,HIST-POLICY-2017-02,300274,policy_support,2017-02-22,国家能源局,光伏组件、逆变器与可再生能源消纳,政策/需求变化→光伏装机与组件/逆变器需求→产业链关注提升,政府信息公开目录---国家能源局---国家能源局关于发布2017年度风电投资监测预警结果的通知 您当前位置： 首页 > 正文 目录项的基本信息 公开事项名称: ,0.88
ME0486,HIST-POLICY-2017-02,600438,policy_support,2017-02-22,国家能源局,光伏组件、逆变器与可再生能源消纳,政策/需求变化→光伏装机与组件/逆变器需求→产业链关注提升,政府信息公开目录---国家能源局---国家能源局关于发布2017年度风电投资监测预警结果的通知 您当前位置： 首页 > 正文 目录项的基本信息 公开事项名称: ,0.88
ME0487,HIST-POLICY-2017-02,688599,policy_support,2017-02-22,国家能源局,光伏组件、逆变器与可再生能源消纳,政策/需求变化→光伏装机与组件/逆变器需求→产业链关注提升,政府信息公开目录---国家能源局---国家能源局关于发布2017年度风电投资监测预警结果的通知 您当前位置： 首页 > 正文 目录项的基本信息 公开事项名称: ,0.88
ME0488,HIST-POLICY-2017-02,002459,policy_support,2017-02-22,国家能源局,光伏组件、逆变器与可再生能源消纳,政策/需求变化→光伏装机与组件/逆变器需求→产业链关注提升,政府信息公开目录---国家能源局---国家能源局关于发布2017年度风电投资监测预警结果的通知 您当前位置： 首页 > 正文 目录项的基本信息 公开事项名称: ,0.88
ME0489,HIST-POLICY-2017-02,002129,policy_support,2017-02-22,国家能源局,光伏组件、逆变器与可再生能源消纳,政策/需求变化→光伏装机与组件/逆变器需求→产业链关注提升,政府信息公开目录---国家能源局---国家能源局关于发布2017年度风电投资监测预警结果的通知 您当前位置： 首页 > 正文 目录项的基本信息 公开事项名称: ,0.88
ME0490,HIST-POLICY-2017-02,002202,policy_support,2017-02-22,国家能源局,风电设备订单与项目交付,项目核准/招标改善→风机订单与交付→设备链关注提升,政府信息公开目录---国家能源局---国家能源局关于发布2017年度风电投资监测预警结果的通知 您当前位置： 首页 > 正文 目录项的基本信息 公开事项名称: ,0.88
ME0491,HIST-POLICY-2017-02,601615,policy_support,2017-02-22,国家能源局,风电设备订单与项目交付,项目核准/招标改善→风机订单与交付→设备链关注提升,政府信息公开目录---国家能源局---国家能源局关于发布2017年度风电投资监测预警结果的通知 您当前位置： 首页 > 正文 目录项的基本信息 公开事项名称: ,0.88
ME0492,HIST-POLICY-2017-02,688349,policy_support,2017-02-22,国家能源局,风电设备订单与项目交付,项目核准/招标改善→风机订单与交付→设备链关注提升,政府信息公开目录---国家能源局---国家能源局关于发布2017年度风电投资监测预警结果的通知 您当前位置： 首页 > 正文 目录项的基本信息 公开事项名称: ,0.88
ME0493,HIST-POLICY-2017-02,002080,policy_support,2017-02-22,国家能源局,风电设备订单与项目交付,项目核准/招标改善→风机订单与交付→设备链关注提升,政府信息公开目录---国家能源局---国家能源局关于发布2017年度风电投资监测预警结果的通知 您当前位置： 首页 > 正文 目录项的基本信息 公开事项名称: ,0.88
ME0494,HIST-POLICY-2017-02,300772,policy_support,2017-02-22,国家能源局,风电设备订单与项目交付,项目核准/招标改善→风机订单与交付→设备链关注提升,政府信息公开目录---国家能源局---国家能源局关于发布2017年度风电投资监测预警结果的通知 您当前位置： 首页 > 正文 目录项的基本信息 公开事项名称: ,0.88
ME0495,HIST-POLICY-2018-01,601012,policy_support,2018-06-01,国家能源局,光伏组件、逆变器与可再生能源消纳,政策/需求变化→光伏装机与组件/逆变器需求→产业链关注提升,国家发展改革委 财政部 国家能源局关于2018年光伏发电有关事项的通知---国家能源局 您当前位置： 首页 > 正文 国家发展改革委 财政部 国家能源局关于20,0.94
ME0496,HIST-POLICY-2018-01,300274,policy_support,2018-06-01,国家能源局,光伏组件、逆变器与可再生能源消纳,政策/需求变化→光伏装机与组件/逆变器需求→产业链关注提升,国家发展改革委 财政部 国家能源局关于2018年光伏发电有关事项的通知---国家能源局 您当前位置： 首页 > 正文 国家发展改革委 财政部 国家能源局关于20,0.94
ME0497,HIST-POLICY-2018-01,600438,policy_support,2018-06-01,国家能源局,光伏组件、逆变器与可再生能源消纳,政策/需求变化→光伏装机与组件/逆变器需求→产业链关注提升,国家发展改革委 财政部 国家能源局关于2018年光伏发电有关事项的通知---国家能源局 您当前位置： 首页 > 正文 国家发展改革委 财政部 国家能源局关于20,0.94
ME0498,HIST-POLICY-2018-01,688599,policy_support,2018-06-01,国家能源局,光伏组件、逆变器与可再生能源消纳,政策/需求变化→光伏装机与组件/逆变器需求→产业链关注提升,国家发展改革委 财政部 国家能源局关于2018年光伏发电有关事项的通知---国家能源局 您当前位置： 首页 > 正文 国家发展改革委 财政部 国家能源局关于20,0.94
ME0499,HIST-POLICY-2018-01,002459,policy_support,2018-06-01,国家能源局,光伏组件、逆变器与可再生能源消纳,政策/需求变化→光伏装机与组件/逆变器需求→产业链关注提升,国家发展改革委 财政部 国家能源局关于2018年光伏发电有关事项的通知---国家能源局 您当前位置： 首页 > 正文 国家发展改革委 财政部 国家能源局关于20,0.94
ME0500,HIST-POLICY-2018-01,002129,policy_support,2018-06-01,国家能源局,光伏组件、逆变器与可再生能源消纳,政策/需求变化→光伏装机与组件/逆变器需求→产业链关注提升,国家发展改革委 财政部 国家能源局关于2018年光伏发电有关事项的通知---国家能源局 您当前位置： 首页 > 正文 国家发展改革委 财政部 国家能源局关于20,0.94
ME0501,HIST-POLICY-2018-02,601012,policy_support,2018-11-07,国家能源局,光伏组件、逆变器与可再生能源消纳,政策/需求变化→光伏装机与组件/逆变器需求→产业链关注提升,政府信息公开目录---国家能源局---国家能源局综合司关于梳理“十二五”以来风电、光伏发电项目信息的通知(国能综函新能〔2018〕367号) 您当前位置： 首页,0.88
ME0502,HIST-POLICY-2018-02,300274,policy_support,2018-11-07,国家能源局,光伏组件、逆变器与可再生能源消纳,政策/需求变化→光伏装机与组件/逆变器需求→产业链关注提升,政府信息公开目录---国家能源局---国家能源局综合司关于梳理“十二五”以来风电、光伏发电项目信息的通知(国能综函新能〔2018〕367号) 您当前位置： 首页,0.88
ME0503,HIST-POLICY-2018-02,600438,policy_support,2018-11-07,国家能源局,光伏组件、逆变器与可再生能源消纳,政策/需求变化→光伏装机与组件/逆变器需求→产业链关注提升,政府信息公开目录---国家能源局---国家能源局综合司关于梳理“十二五”以来风电、光伏发电项目信息的通知(国能综函新能〔2018〕367号) 您当前位置： 首页,0.88
ME0504,HIST-POLICY-2018-02,688599,policy_support,2018-11-07,国家能源局,光伏组件、逆变器与可再生能源消纳,政策/需求变化→光伏装机与组件/逆变器需求→产业链关注提升,政府信息公开目录---国家能源局---国家能源局综合司关于梳理“十二五”以来风电、光伏发电项目信息的通知(国能综函新能〔2018〕367号) 您当前位置： 首页,0.88
ME0505,HIST-POLICY-2018-02,002459,policy_support,2018-11-07,国家能源局,光伏组件、逆变器与可再生能源消纳,政策/需求变化→光伏装机与组件/逆变器需求→产业链关注提升,政府信息公开目录---国家能源局---国家能源局综合司关于梳理“十二五”以来风电、光伏发电项目信息的通知(国能综函新能〔2018〕367号) 您当前位置： 首页,0.88
ME0506,HIST-POLICY-2018-02,002129,policy_support,2018-11-07,国家能源局,光伏组件、逆变器与可再生能源消纳,政策/需求变化→光伏装机与组件/逆变器需求→产业链关注提升,政府信息公开目录---国家能源局---国家能源局综合司关于梳理“十二五”以来风电、光伏发电项目信息的通知(国能综函新能〔2018〕367号) 您当前位置： 首页,0.88
ME0507,HIST-POLICY-2018-02,002202,policy_support,2018-11-07,国家能源局,风电设备订单与项目交付,项目核准/招标改善→风机订单与交付→设备链关注提升,政府信息公开目录---国家能源局---国家能源局综合司关于梳理“十二五”以来风电、光伏发电项目信息的通知(国能综函新能〔2018〕367号) 您当前位置： 首页,0.88
ME0508,HIST-POLICY-2018-02,601615,policy_support,2018-11-07,国家能源局,风电设备订单与项目交付,项目核准/招标改善→风机订单与交付→设备链关注提升,政府信息公开目录---国家能源局---国家能源局综合司关于梳理“十二五”以来风电、光伏发电项目信息的通知(国能综函新能〔2018〕367号) 您当前位置： 首页,0.88
ME0509,HIST-POLICY-2018-02,688349,policy_support,2018-11-07,国家能源局,风电设备订单与项目交付,项目核准/招标改善→风机订单与交付→设备链关注提升,政府信息公开目录---国家能源局---国家能源局综合司关于梳理“十二五”以来风电、光伏发电项目信息的通知(国能综函新能〔2018〕367号) 您当前位置： 首页,0.88
ME0510,HIST-POLICY-2018-02,002080,policy_support,2018-11-07,国家能源局,风电设备订单与项目交付,项目核准/招标改善→风机订单与交付→设备链关注提升,政府信息公开目录---国家能源局---国家能源局综合司关于梳理“十二五”以来风电、光伏发电项目信息的通知(国能综函新能〔2018〕367号) 您当前位置： 首页,0.88
ME0511,HIST-POLICY-2018-02,300772,policy_support,2018-11-07,国家能源局,风电设备订单与项目交付,项目核准/招标改善→风机订单与交付→设备链关注提升,政府信息公开目录---国家能源局---国家能源局综合司关于梳理“十二五”以来风电、光伏发电项目信息的通知(国能综函新能〔2018〕367号) 您当前位置： 首页,0.88
ME0512,HIST-POLICY-2019-01,601012,policy_support,2019-01-09,国家发展改革委,光伏组件、逆变器与可再生能源消纳,政策/需求变化→光伏装机与组件/逆变器需求→产业链关注提升,【关于积极推进风电、光伏发电无补贴平价上网有关工作的通知(发改能源〔2019〕19号)】-国家发展和改革委员会 首页 > 政务公开 > 政策 > 通知 关于积极,0.88
ME0513,HIST-POLICY-2019-01,300274,policy_support,2019-01-09,国家发展改革委,光伏组件、逆变器与可再生能源消纳,政策/需求变化→光伏装机与组件/逆变器需求→产业链关注提升,【关于积极推进风电、光伏发电无补贴平价上网有关工作的通知(发改能源〔2019〕19号)】-国家发展和改革委员会 首页 > 政务公开 > 政策 > 通知 关于积极,0.88
ME0514,HIST-POLICY-2019-01,600438,policy_support,2019-01-09,国家发展改革委,光伏组件、逆变器与可再生能源消纳,政策/需求变化→光伏装机与组件/逆变器需求→产业链关注提升,【关于积极推进风电、光伏发电无补贴平价上网有关工作的通知(发改能源〔2019〕19号)】-国家发展和改革委员会 首页 > 政务公开 > 政策 > 通知 关于积极,0.88
ME0515,HIST-POLICY-2019-01,688599,policy_support,2019-01-09,国家发展改革委,光伏组件、逆变器与可再生能源消纳,政策/需求变化→光伏装机与组件/逆变器需求→产业链关注提升,【关于积极推进风电、光伏发电无补贴平价上网有关工作的通知(发改能源〔2019〕19号)】-国家发展和改革委员会 首页 > 政务公开 > 政策 > 通知 关于积极,0.88
ME0516,HIST-POLICY-2019-01,002459,policy_support,2019-01-09,国家发展改革委,光伏组件、逆变器与可再生能源消纳,政策/需求变化→光伏装机与组件/逆变器需求→产业链关注提升,【关于积极推进风电、光伏发电无补贴平价上网有关工作的通知(发改能源〔2019〕19号)】-国家发展和改革委员会 首页 > 政务公开 > 政策 > 通知 关于积极,0.88
ME0517,HIST-POLICY-2019-01,002129,policy_support,2019-01-09,国家发展改革委,光伏组件、逆变器与可再生能源消纳,政策/需求变化→光伏装机与组件/逆变器需求→产业链关注提升,【关于积极推进风电、光伏发电无补贴平价上网有关工作的通知(发改能源〔2019〕19号)】-国家发展和改革委员会 首页 > 政务公开 > 政策 > 通知 关于积极,0.88
ME0518,HIST-POLICY-2019-01,002202,policy_support,2019-01-09,国家发展改革委,风电设备订单与项目交付,项目核准/招标改善→风机订单与交付→设备链关注提升,【关于积极推进风电、光伏发电无补贴平价上网有关工作的通知(发改能源〔2019〕19号)】-国家发展和改革委员会 首页 > 政务公开 > 政策 > 通知 关于积极,0.88
ME0519,HIST-POLICY-2019-01,601615,policy_support,2019-01-09,国家发展改革委,风电设备订单与项目交付,项目核准/招标改善→风机订单与交付→设备链关注提升,【关于积极推进风电、光伏发电无补贴平价上网有关工作的通知(发改能源〔2019〕19号)】-国家发展和改革委员会 首页 > 政务公开 > 政策 > 通知 关于积极,0.88
ME0520,HIST-POLICY-2019-01,688349,policy_support,2019-01-09,国家发展改革委,风电设备订单与项目交付,项目核准/招标改善→风机订单与交付→设备链关注提升,【关于积极推进风电、光伏发电无补贴平价上网有关工作的通知(发改能源〔2019〕19号)】-国家发展和改革委员会 首页 > 政务公开 > 政策 > 通知 关于积极,0.88
ME0521,HIST-POLICY-2019-01,002080,policy_support,2019-01-09,国家发展改革委,风电设备订单与项目交付,项目核准/招标改善→风机订单与交付→设备链关注提升,【关于积极推进风电、光伏发电无补贴平价上网有关工作的通知(发改能源〔2019〕19号)】-国家发展和改革委员会 首页 > 政务公开 > 政策 > 通知 关于积极,0.88
ME0522,HIST-POLICY-2019-01,300772,policy_support,2019-01-09,国家发展改革委,风电设备订单与项目交付,项目核准/招标改善→风机订单与交付→设备链关注提升,【关于积极推进风电、光伏发电无补贴平价上网有关工作的通知(发改能源〔2019〕19号)】-国家发展和改革委员会 首页 > 政务公开 > 政策 > 通知 关于积极,0.88
ME0523,HIST-POLICY-2019-02,601012,policy_support,2019-05-30,国家能源局,光伏组件、逆变器与可再生能源消纳,政策/需求变化→光伏装机与组件/逆变器需求→产业链关注提升,政府信息公开目录---国家能源局---国家能源局关于2019年风电、光伏发电项目建设有关事项的通知（国能发新能〔2019〕49号） 您当前位置： 首页 > 正文,0.88
ME0524,HIST-POLICY-2019-02,300274,policy_support,2019-05-30,国家能源局,光伏组件、逆变器与可再生能源消纳,政策/需求变化→光伏装机与组件/逆变器需求→产业链关注提升,政府信息公开目录---国家能源局---国家能源局关于2019年风电、光伏发电项目建设有关事项的通知（国能发新能〔2019〕49号） 您当前位置： 首页 > 正文,0.88
ME0525,HIST-POLICY-2019-02,600438,policy_support,2019-05-30,国家能源局,光伏组件、逆变器与可再生能源消纳,政策/需求变化→光伏装机与组件/逆变器需求→产业链关注提升,政府信息公开目录---国家能源局---国家能源局关于2019年风电、光伏发电项目建设有关事项的通知（国能发新能〔2019〕49号） 您当前位置： 首页 > 正文,0.88
ME0526,HIST-POLICY-2019-02,688599,policy_support,2019-05-30,国家能源局,光伏组件、逆变器与可再生能源消纳,政策/需求变化→光伏装机与组件/逆变器需求→产业链关注提升,政府信息公开目录---国家能源局---国家能源局关于2019年风电、光伏发电项目建设有关事项的通知（国能发新能〔2019〕49号） 您当前位置： 首页 > 正文,0.88
ME0527,HIST-POLICY-2019-02,002459,policy_support,2019-05-30,国家能源局,光伏组件、逆变器与可再生能源消纳,政策/需求变化→光伏装机与组件/逆变器需求→产业链关注提升,政府信息公开目录---国家能源局---国家能源局关于2019年风电、光伏发电项目建设有关事项的通知（国能发新能〔2019〕49号） 您当前位置： 首页 > 正文,0.88
ME0528,HIST-POLICY-2019-02,002129,policy_support,2019-05-30,国家能源局,光伏组件、逆变器与可再生能源消纳,政策/需求变化→光伏装机与组件/逆变器需求→产业链关注提升,政府信息公开目录---国家能源局---国家能源局关于2019年风电、光伏发电项目建设有关事项的通知（国能发新能〔2019〕49号） 您当前位置： 首页 > 正文,0.88
ME0529,HIST-POLICY-2019-02,002202,policy_support,2019-05-30,国家能源局,风电设备订单与项目交付,项目核准/招标改善→风机订单与交付→设备链关注提升,政府信息公开目录---国家能源局---国家能源局关于2019年风电、光伏发电项目建设有关事项的通知（国能发新能〔2019〕49号） 您当前位置： 首页 > 正文,0.88
ME0530,HIST-POLICY-2019-02,601615,policy_support,2019-05-30,国家能源局,风电设备订单与项目交付,项目核准/招标改善→风机订单与交付→设备链关注提升,政府信息公开目录---国家能源局---国家能源局关于2019年风电、光伏发电项目建设有关事项的通知（国能发新能〔2019〕49号） 您当前位置： 首页 > 正文,0.88
ME0531,HIST-POLICY-2019-02,688349,policy_support,2019-05-30,国家能源局,风电设备订单与项目交付,项目核准/招标改善→风机订单与交付→设备链关注提升,政府信息公开目录---国家能源局---国家能源局关于2019年风电、光伏发电项目建设有关事项的通知（国能发新能〔2019〕49号） 您当前位置： 首页 > 正文,0.88
ME0532,HIST-POLICY-2019-02,002080,policy_support,2019-05-30,国家能源局,风电设备订单与项目交付,项目核准/招标改善→风机订单与交付→设备链关注提升,政府信息公开目录---国家能源局---国家能源局关于2019年风电、光伏发电项目建设有关事项的通知（国能发新能〔2019〕49号） 您当前位置： 首页 > 正文,0.88
ME0533,HIST-POLICY-2019-02,300772,policy_support,2019-05-30,国家能源局,风电设备订单与项目交付,项目核准/招标改善→风机订单与交付→设备链关注提升,政府信息公开目录---国家能源局---国家能源局关于2019年风电、光伏发电项目建设有关事项的通知（国能发新能〔2019〕49号） 您当前位置： 首页 > 正文,0.88
ME0534,HIST-POLICY-2020-01,601012,policy_support,2020-03-10,国家能源局,光伏组件、逆变器与可再生能源消纳,政策/需求变化→光伏装机与组件/逆变器需求→产业链关注提升,《国家能源局关于2020年风电、光伏发电项目建设有关事项的通知》解读---国家能源局 您当前位置： 首页 > 正文 《国家能源局关于2020年风电、光伏发电项目,0.94
ME0535,HIST-POLICY-2020-01,300274,policy_support,2020-03-10,国家能源局,光伏组件、逆变器与可再生能源消纳,政策/需求变化→光伏装机与组件/逆变器需求→产业链关注提升,《国家能源局关于2020年风电、光伏发电项目建设有关事项的通知》解读---国家能源局 您当前位置： 首页 > 正文 《国家能源局关于2020年风电、光伏发电项目,0.94
ME0536,HIST-POLICY-2020-01,600438,policy_support,2020-03-10,国家能源局,光伏组件、逆变器与可再生能源消纳,政策/需求变化→光伏装机与组件/逆变器需求→产业链关注提升,《国家能源局关于2020年风电、光伏发电项目建设有关事项的通知》解读---国家能源局 您当前位置： 首页 > 正文 《国家能源局关于2020年风电、光伏发电项目,0.94
ME0537,HIST-POLICY-2020-01,688599,policy_support,2020-03-10,国家能源局,光伏组件、逆变器与可再生能源消纳,政策/需求变化→光伏装机与组件/逆变器需求→产业链关注提升,《国家能源局关于2020年风电、光伏发电项目建设有关事项的通知》解读---国家能源局 您当前位置： 首页 > 正文 《国家能源局关于2020年风电、光伏发电项目,0.94
ME0538,HIST-POLICY-2020-01,002459,policy_support,2020-03-10,国家能源局,光伏组件、逆变器与可再生能源消纳,政策/需求变化→光伏装机与组件/逆变器需求→产业链关注提升,《国家能源局关于2020年风电、光伏发电项目建设有关事项的通知》解读---国家能源局 您当前位置： 首页 > 正文 《国家能源局关于2020年风电、光伏发电项目,0.94
ME0539,HIST-POLICY-2020-01,002129,policy_support,2020-03-10,国家能源局,光伏组件、逆变器与可再生能源消纳,政策/需求变化→光伏装机与组件/逆变器需求→产业链关注提升,《国家能源局关于2020年风电、光伏发电项目建设有关事项的通知》解读---国家能源局 您当前位置： 首页 > 正文 《国家能源局关于2020年风电、光伏发电项目,0.94
ME0540,HIST-POLICY-2020-01,002202,policy_support,2020-03-10,国家能源局,风电设备订单与项目交付,项目核准/招标改善→风机订单与交付→设备链关注提升,《国家能源局关于2020年风电、光伏发电项目建设有关事项的通知》解读---国家能源局 您当前位置： 首页 > 正文 《国家能源局关于2020年风电、光伏发电项目,0.94
ME0541,HIST-POLICY-2020-01,601615,policy_support,2020-03-10,国家能源局,风电设备订单与项目交付,项目核准/招标改善→风机订单与交付→设备链关注提升,《国家能源局关于2020年风电、光伏发电项目建设有关事项的通知》解读---国家能源局 您当前位置： 首页 > 正文 《国家能源局关于2020年风电、光伏发电项目,0.94
ME0542,HIST-POLICY-2020-01,688349,policy_support,2020-03-10,国家能源局,风电设备订单与项目交付,项目核准/招标改善→风机订单与交付→设备链关注提升,《国家能源局关于2020年风电、光伏发电项目建设有关事项的通知》解读---国家能源局 您当前位置： 首页 > 正文 《国家能源局关于2020年风电、光伏发电项目,0.94
ME0543,HIST-POLICY-2020-01,002080,policy_support,2020-03-10,国家能源局,风电设备订单与项目交付,项目核准/招标改善→风机订单与交付→设备链关注提升,《国家能源局关于2020年风电、光伏发电项目建设有关事项的通知》解读---国家能源局 您当前位置： 首页 > 正文 《国家能源局关于2020年风电、光伏发电项目,0.94
ME0544,HIST-POLICY-2020-01,300772,policy_support,2020-03-10,国家能源局,风电设备订单与项目交付,项目核准/招标改善→风机订单与交付→设备链关注提升,《国家能源局关于2020年风电、光伏发电项目建设有关事项的通知》解读---国家能源局 您当前位置： 首页 > 正文 《国家能源局关于2020年风电、光伏发电项目,0.94
ME0545,HIST-POLICY-2020-02,601012,policy_support,2020-05-22,财政部,光伏组件、逆变器与可再生能源消纳,政策/需求变化→光伏装机与组件/逆变器需求→产业链关注提升,财政部 国家发展改革委 国家能源局关于促进非水可再生能源发电健康发展的若干意见 EN 热门检索： 财政收支 积极财政政策 减税降费 首页 职能机构 新闻报道 信,0.88
ME0546,HIST-POLICY-2020-02,300274,policy_support,2020-05-22,财政部,光伏组件、逆变器与可再生能源消纳,政策/需求变化→光伏装机与组件/逆变器需求→产业链关注提升,财政部 国家发展改革委 国家能源局关于促进非水可再生能源发电健康发展的若干意见 EN 热门检索： 财政收支 积极财政政策 减税降费 首页 职能机构 新闻报道 信,0.88
ME0547,HIST-POLICY-2020-02,600438,policy_support,2020-05-22,财政部,光伏组件、逆变器与可再生能源消纳,政策/需求变化→光伏装机与组件/逆变器需求→产业链关注提升,财政部 国家发展改革委 国家能源局关于促进非水可再生能源发电健康发展的若干意见 EN 热门检索： 财政收支 积极财政政策 减税降费 首页 职能机构 新闻报道 信,0.88
ME0548,HIST-POLICY-2020-02,688599,policy_support,2020-05-22,财政部,光伏组件、逆变器与可再生能源消纳,政策/需求变化→光伏装机与组件/逆变器需求→产业链关注提升,财政部 国家发展改革委 国家能源局关于促进非水可再生能源发电健康发展的若干意见 EN 热门检索： 财政收支 积极财政政策 减税降费 首页 职能机构 新闻报道 信,0.88
ME0549,HIST-POLICY-2020-02,002459,policy_support,2020-05-22,财政部,光伏组件、逆变器与可再生能源消纳,政策/需求变化→光伏装机与组件/逆变器需求→产业链关注提升,财政部 国家发展改革委 国家能源局关于促进非水可再生能源发电健康发展的若干意见 EN 热门检索： 财政收支 积极财政政策 减税降费 首页 职能机构 新闻报道 信,0.88
ME0550,HIST-POLICY-2020-02,002129,policy_support,2020-05-22,财政部,光伏组件、逆变器与可再生能源消纳,政策/需求变化→光伏装机与组件/逆变器需求→产业链关注提升,财政部 国家发展改革委 国家能源局关于促进非水可再生能源发电健康发展的若干意见 EN 热门检索： 财政收支 积极财政政策 减税降费 首页 职能机构 新闻报道 信,0.88
ME0551,HIST-POLICY-2020-02,002202,policy_support,2020-05-22,财政部,风电设备订单与项目交付,项目核准/招标改善→风机订单与交付→设备链关注提升,财政部 国家发展改革委 国家能源局关于促进非水可再生能源发电健康发展的若干意见 EN 热门检索： 财政收支 积极财政政策 减税降费 首页 职能机构 新闻报道 信,0.88
ME0552,HIST-POLICY-2020-02,601615,policy_support,2020-05-22,财政部,风电设备订单与项目交付,项目核准/招标改善→风机订单与交付→设备链关注提升,财政部 国家发展改革委 国家能源局关于促进非水可再生能源发电健康发展的若干意见 EN 热门检索： 财政收支 积极财政政策 减税降费 首页 职能机构 新闻报道 信,0.88
ME0553,HIST-POLICY-2020-02,688349,policy_support,2020-05-22,财政部,风电设备订单与项目交付,项目核准/招标改善→风机订单与交付→设备链关注提升,财政部 国家发展改革委 国家能源局关于促进非水可再生能源发电健康发展的若干意见 EN 热门检索： 财政收支 积极财政政策 减税降费 首页 职能机构 新闻报道 信,0.88
ME0554,HIST-POLICY-2020-02,002080,policy_support,2020-05-22,财政部,风电设备订单与项目交付,项目核准/招标改善→风机订单与交付→设备链关注提升,财政部 国家发展改革委 国家能源局关于促进非水可再生能源发电健康发展的若干意见 EN 热门检索： 财政收支 积极财政政策 减税降费 首页 职能机构 新闻报道 信,0.88
ME0555,HIST-POLICY-2020-02,300772,policy_support,2020-05-22,财政部,风电设备订单与项目交付,项目核准/招标改善→风机订单与交付→设备链关注提升,财政部 国家发展改革委 国家能源局关于促进非水可再生能源发电健康发展的若干意见 EN 热门检索： 财政收支 积极财政政策 减税降费 首页 职能机构 新闻报道 信,0.88
ME0556,HIST-POLICY-2021-01,300750,policy_support,2021-07-23,国家发展改革委,动力电池与锂电材料,新能源汽车/储能需求→电池装车与材料需求→产业链景气度关注,【关于加快推动新型储能发展的指导意见(发改能源规〔2021〕1051号)】-国家发展和改革委员会 首页 > 政务公开 > 政策 > 规范性文件 关于加快推动新型,0.94
ME0557,HIST-POLICY-2021-01,300014,policy_support,2021-07-23,国家发展改革委,动力电池与锂电材料,新能源汽车/储能需求→电池装车与材料需求→产业链景气度关注,【关于加快推动新型储能发展的指导意见(发改能源规〔2021〕1051号)】-国家发展和改革委员会 首页 > 政务公开 > 政策 > 规范性文件 关于加快推动新型,0.94
ME0558,HIST-POLICY-2021-01,002074,policy_support,2021-07-23,国家发展改革委,动力电池与锂电材料,新能源汽车/储能需求→电池装车与材料需求→产业链景气度关注,【关于加快推动新型储能发展的指导意见(发改能源规〔2021〕1051号)】-国家发展和改革委员会 首页 > 政务公开 > 政策 > 规范性文件 关于加快推动新型,0.94
ME0559,HIST-POLICY-2021-01,603659,policy_support,2021-07-23,国家发展改革委,动力电池与锂电材料,新能源汽车/储能需求→电池装车与材料需求→产业链景气度关注,【关于加快推动新型储能发展的指导意见(发改能源规〔2021〕1051号)】-国家发展和改革委员会 首页 > 政务公开 > 政策 > 规范性文件 关于加快推动新型,0.94
ME0560,HIST-POLICY-2021-01,300450,policy_support,2021-07-23,国家发展改革委,动力电池与锂电材料,新能源汽车/储能需求→电池装车与材料需求→产业链景气度关注,【关于加快推动新型储能发展的指导意见(发改能源规〔2021〕1051号)】-国家发展和改革委员会 首页 > 政务公开 > 政策 > 规范性文件 关于加快推动新型,0.94
ME0561,HIST-POLICY-2021-01,002812,policy_support,2021-07-23,国家发展改革委,动力电池与锂电材料,新能源汽车/储能需求→电池装车与材料需求→产业链景气度关注,【关于加快推动新型储能发展的指导意见(发改能源规〔2021〕1051号)】-国家发展和改革委员会 首页 > 政务公开 > 政策 > 规范性文件 关于加快推动新型,0.94
ME0562,HIST-POLICY-2021-01,300207,policy_support,2021-07-23,国家发展改革委,动力电池与锂电材料,新能源汽车/储能需求→电池装车与材料需求→产业链景气度关注,【关于加快推动新型储能发展的指导意见(发改能源规〔2021〕1051号)】-国家发展和改革委员会 首页 > 政务公开 > 政策 > 规范性文件 关于加快推动新型,0.94
ME0563,HIST-POLICY-2021-01,300073,policy_support,2021-07-23,国家发展改革委,动力电池与锂电材料,新能源汽车/储能需求→电池装车与材料需求→产业链景气度关注,【关于加快推动新型储能发展的指导意见(发改能源规〔2021〕1051号)】-国家发展和改革委员会 首页 > 政务公开 > 政策 > 规范性文件 关于加快推动新型,0.94
ME0564,HIST-POLICY-2021-01,300438,policy_support,2021-07-23,国家发展改革委,动力电池与锂电材料,新能源汽车/储能需求→电池装车与材料需求→产业链景气度关注,【关于加快推动新型储能发展的指导意见(发改能源规〔2021〕1051号)】-国家发展和改革委员会 首页 > 政务公开 > 政策 > 规范性文件 关于加快推动新型,0.94
ME0565,HIST-POLICY-2021-01,605117,policy_support,2021-07-23,国家发展改革委,新型储能系统与逆变器,新型储能建设→系统集成与逆变器需求→订单关注提升,【关于加快推动新型储能发展的指导意见(发改能源规〔2021〕1051号)】-国家发展和改革委员会 首页 > 政务公开 > 政策 > 规范性文件 关于加快推动新型,0.94
ME0566,HIST-POLICY-2021-01,300763,policy_support,2021-07-23,国家发展改革委,新型储能系统与逆变器,新型储能建设→系统集成与逆变器需求→订单关注提升,【关于加快推动新型储能发展的指导意见(发改能源规〔2021〕1051号)】-国家发展和改革委员会 首页 > 政务公开 > 政策 > 规范性文件 关于加快推动新型,0.94
ME0567,HIST-POLICY-2021-01,688390,policy_support,2021-07-23,国家发展改革委,新型储能系统与逆变器,新型储能建设→系统集成与逆变器需求→订单关注提升,【关于加快推动新型储能发展的指导意见(发改能源规〔2021〕1051号)】-国家发展和改革委员会 首页 > 政务公开 > 政策 > 规范性文件 关于加快推动新型,0.94
ME0568,HIST-POLICY-2021-01,002335,policy_support,2021-07-23,国家发展改革委,新型储能系统与逆变器,新型储能建设→系统集成与逆变器需求→订单关注提升,【关于加快推动新型储能发展的指导意见(发改能源规〔2021〕1051号)】-国家发展和改革委员会 首页 > 政务公开 > 政策 > 规范性文件 关于加快推动新型,0.94
ME0569,HIST-POLICY-2021-01,688063,policy_support,2021-07-23,国家发展改革委,新型储能系统与逆变器,新型储能建设→系统集成与逆变器需求→订单关注提升,【关于加快推动新型储能发展的指导意见(发改能源规〔2021〕1051号)】-国家发展和改革委员会 首页 > 政务公开 > 政策 > 规范性文件 关于加快推动新型,0.94
ME0570,HIST-POLICY-2022-01,601012,policy_support,2022-05-30,国家能源局,光伏组件、逆变器与可再生能源消纳,政策/需求变化→光伏装机与组件/逆变器需求→产业链关注提升, 国务院办公厅 2022年5月14日 （此件公开发布） 关于促进新时代新能源 高质量发展的实施方案 国家发展改革委 国家能源局 近年来，我国以风电、光伏发电为代,0.94
ME0571,HIST-POLICY-2022-01,300274,policy_support,2022-05-30,国家能源局,光伏组件、逆变器与可再生能源消纳,政策/需求变化→光伏装机与组件/逆变器需求→产业链关注提升, 国务院办公厅 2022年5月14日 （此件公开发布） 关于促进新时代新能源 高质量发展的实施方案 国家发展改革委 国家能源局 近年来，我国以风电、光伏发电为代,0.94
ME0572,HIST-POLICY-2022-01,600438,policy_support,2022-05-30,国家能源局,光伏组件、逆变器与可再生能源消纳,政策/需求变化→光伏装机与组件/逆变器需求→产业链关注提升, 国务院办公厅 2022年5月14日 （此件公开发布） 关于促进新时代新能源 高质量发展的实施方案 国家发展改革委 国家能源局 近年来，我国以风电、光伏发电为代,0.94
ME0573,HIST-POLICY-2022-01,688599,policy_support,2022-05-30,国家能源局,光伏组件、逆变器与可再生能源消纳,政策/需求变化→光伏装机与组件/逆变器需求→产业链关注提升, 国务院办公厅 2022年5月14日 （此件公开发布） 关于促进新时代新能源 高质量发展的实施方案 国家发展改革委 国家能源局 近年来，我国以风电、光伏发电为代,0.94
ME0574,HIST-POLICY-2022-01,002459,policy_support,2022-05-30,国家能源局,光伏组件、逆变器与可再生能源消纳,政策/需求变化→光伏装机与组件/逆变器需求→产业链关注提升, 国务院办公厅 2022年5月14日 （此件公开发布） 关于促进新时代新能源 高质量发展的实施方案 国家发展改革委 国家能源局 近年来，我国以风电、光伏发电为代,0.94
ME0575,HIST-POLICY-2022-01,002129,policy_support,2022-05-30,国家能源局,光伏组件、逆变器与可再生能源消纳,政策/需求变化→光伏装机与组件/逆变器需求→产业链关注提升, 国务院办公厅 2022年5月14日 （此件公开发布） 关于促进新时代新能源 高质量发展的实施方案 国家发展改革委 国家能源局 近年来，我国以风电、光伏发电为代,0.94
ME0576,HIST-POLICY-2022-01,002202,policy_support,2022-05-30,国家能源局,风电设备订单与项目交付,项目核准/招标改善→风机订单与交付→设备链关注提升, 国务院办公厅 2022年5月14日 （此件公开发布） 关于促进新时代新能源 高质量发展的实施方案 国家发展改革委 国家能源局 近年来，我国以风电、光伏发电为代,0.94
ME0577,HIST-POLICY-2022-01,601615,policy_support,2022-05-30,国家能源局,风电设备订单与项目交付,项目核准/招标改善→风机订单与交付→设备链关注提升, 国务院办公厅 2022年5月14日 （此件公开发布） 关于促进新时代新能源 高质量发展的实施方案 国家发展改革委 国家能源局 近年来，我国以风电、光伏发电为代,0.94
ME0578,HIST-POLICY-2022-01,688349,policy_support,2022-05-30,国家能源局,风电设备订单与项目交付,项目核准/招标改善→风机订单与交付→设备链关注提升, 国务院办公厅 2022年5月14日 （此件公开发布） 关于促进新时代新能源 高质量发展的实施方案 国家发展改革委 国家能源局 近年来，我国以风电、光伏发电为代,0.94
ME0579,HIST-POLICY-2022-01,002080,policy_support,2022-05-30,国家能源局,风电设备订单与项目交付,项目核准/招标改善→风机订单与交付→设备链关注提升, 国务院办公厅 2022年5月14日 （此件公开发布） 关于促进新时代新能源 高质量发展的实施方案 国家发展改革委 国家能源局 近年来，我国以风电、光伏发电为代,0.94
ME0580,HIST-POLICY-2022-01,300772,policy_support,2022-05-30,国家能源局,风电设备订单与项目交付,项目核准/招标改善→风机订单与交付→设备链关注提升, 国务院办公厅 2022年5月14日 （此件公开发布） 关于促进新时代新能源 高质量发展的实施方案 国家发展改革委 国家能源局 近年来，我国以风电、光伏发电为代,0.94
ME0581,HIST-POLICY-2022-01,605117,policy_support,2022-05-30,国家能源局,新型储能系统与逆变器,新型储能建设→系统集成与逆变器需求→订单关注提升, 国务院办公厅 2022年5月14日 （此件公开发布） 关于促进新时代新能源 高质量发展的实施方案 国家发展改革委 国家能源局 近年来，我国以风电、光伏发电为代,0.94
ME0582,HIST-POLICY-2022-01,300763,policy_support,2022-05-30,国家能源局,新型储能系统与逆变器,新型储能建设→系统集成与逆变器需求→订单关注提升, 国务院办公厅 2022年5月14日 （此件公开发布） 关于促进新时代新能源 高质量发展的实施方案 国家发展改革委 国家能源局 近年来，我国以风电、光伏发电为代,0.94
ME0583,HIST-POLICY-2022-01,688390,policy_support,2022-05-30,国家能源局,新型储能系统与逆变器,新型储能建设→系统集成与逆变器需求→订单关注提升, 国务院办公厅 2022年5月14日 （此件公开发布） 关于促进新时代新能源 高质量发展的实施方案 国家发展改革委 国家能源局 近年来，我国以风电、光伏发电为代,0.94
ME0584,HIST-POLICY-2022-01,002335,policy_support,2022-05-30,国家能源局,新型储能系统与逆变器,新型储能建设→系统集成与逆变器需求→订单关注提升, 国务院办公厅 2022年5月14日 （此件公开发布） 关于促进新时代新能源 高质量发展的实施方案 国家发展改革委 国家能源局 近年来，我国以风电、光伏发电为代,0.94
ME0585,HIST-POLICY-2022-01,688063,policy_support,2022-05-30,国家能源局,新型储能系统与逆变器,新型储能建设→系统集成与逆变器需求→订单关注提升, 国务院办公厅 2022年5月14日 （此件公开发布） 关于促进新时代新能源 高质量发展的实施方案 国家发展改革委 国家能源局 近年来，我国以风电、光伏发电为代,0.94
ME0586,HIST-POLICY-2022-02,601012,policy_support,2022-07-11,国家能源局,光伏组件、逆变器与可再生能源消纳,政策/需求变化→光伏装机与组件/逆变器需求→产业链关注提升,对十三届全国人大五次会议第1503号建议的答复 国能建科技〔2022〕115号-国家能源局网站 您当前位置： 首页 > 正文 目录项的基本信息 公开事项名称: ,0.88
ME0587,HIST-POLICY-2022-02,300274,policy_support,2022-07-11,国家能源局,光伏组件、逆变器与可再生能源消纳,政策/需求变化→光伏装机与组件/逆变器需求→产业链关注提升,对十三届全国人大五次会议第1503号建议的答复 国能建科技〔2022〕115号-国家能源局网站 您当前位置： 首页 > 正文 目录项的基本信息 公开事项名称: ,0.88
ME0588,HIST-POLICY-2022-02,600438,policy_support,2022-07-11,国家能源局,光伏组件、逆变器与可再生能源消纳,政策/需求变化→光伏装机与组件/逆变器需求→产业链关注提升,对十三届全国人大五次会议第1503号建议的答复 国能建科技〔2022〕115号-国家能源局网站 您当前位置： 首页 > 正文 目录项的基本信息 公开事项名称: ,0.88
ME0589,HIST-POLICY-2022-02,688599,policy_support,2022-07-11,国家能源局,光伏组件、逆变器与可再生能源消纳,政策/需求变化→光伏装机与组件/逆变器需求→产业链关注提升,对十三届全国人大五次会议第1503号建议的答复 国能建科技〔2022〕115号-国家能源局网站 您当前位置： 首页 > 正文 目录项的基本信息 公开事项名称: ,0.88
ME0590,HIST-POLICY-2022-02,002459,policy_support,2022-07-11,国家能源局,光伏组件、逆变器与可再生能源消纳,政策/需求变化→光伏装机与组件/逆变器需求→产业链关注提升,对十三届全国人大五次会议第1503号建议的答复 国能建科技〔2022〕115号-国家能源局网站 您当前位置： 首页 > 正文 目录项的基本信息 公开事项名称: ,0.88
ME0591,HIST-POLICY-2022-02,002129,policy_support,2022-07-11,国家能源局,光伏组件、逆变器与可再生能源消纳,政策/需求变化→光伏装机与组件/逆变器需求→产业链关注提升,对十三届全国人大五次会议第1503号建议的答复 国能建科技〔2022〕115号-国家能源局网站 您当前位置： 首页 > 正文 目录项的基本信息 公开事项名称: ,0.88
ME0592,HIST-POLICY-2022-02,300750,policy_support,2022-07-11,国家能源局,动力电池与锂电材料,新能源汽车/储能需求→电池装车与材料需求→产业链景气度关注,对十三届全国人大五次会议第1503号建议的答复 国能建科技〔2022〕115号-国家能源局网站 您当前位置： 首页 > 正文 目录项的基本信息 公开事项名称: ,0.88
ME0593,HIST-POLICY-2022-02,300014,policy_support,2022-07-11,国家能源局,动力电池与锂电材料,新能源汽车/储能需求→电池装车与材料需求→产业链景气度关注,对十三届全国人大五次会议第1503号建议的答复 国能建科技〔2022〕115号-国家能源局网站 您当前位置： 首页 > 正文 目录项的基本信息 公开事项名称: ,0.88
ME0594,HIST-POLICY-2022-02,002074,policy_support,2022-07-11,国家能源局,动力电池与锂电材料,新能源汽车/储能需求→电池装车与材料需求→产业链景气度关注,对十三届全国人大五次会议第1503号建议的答复 国能建科技〔2022〕115号-国家能源局网站 您当前位置： 首页 > 正文 目录项的基本信息 公开事项名称: ,0.88
ME0595,HIST-POLICY-2022-02,603659,policy_support,2022-07-11,国家能源局,动力电池与锂电材料,新能源汽车/储能需求→电池装车与材料需求→产业链景气度关注,对十三届全国人大五次会议第1503号建议的答复 国能建科技〔2022〕115号-国家能源局网站 您当前位置： 首页 > 正文 目录项的基本信息 公开事项名称: ,0.88
ME0596,HIST-POLICY-2022-02,300450,policy_support,2022-07-11,国家能源局,动力电池与锂电材料,新能源汽车/储能需求→电池装车与材料需求→产业链景气度关注,对十三届全国人大五次会议第1503号建议的答复 国能建科技〔2022〕115号-国家能源局网站 您当前位置： 首页 > 正文 目录项的基本信息 公开事项名称: ,0.88
ME0597,HIST-POLICY-2022-02,002812,policy_support,2022-07-11,国家能源局,动力电池与锂电材料,新能源汽车/储能需求→电池装车与材料需求→产业链景气度关注,对十三届全国人大五次会议第1503号建议的答复 国能建科技〔2022〕115号-国家能源局网站 您当前位置： 首页 > 正文 目录项的基本信息 公开事项名称: ,0.88
ME0598,HIST-POLICY-2022-02,300207,policy_support,2022-07-11,国家能源局,动力电池与锂电材料,新能源汽车/储能需求→电池装车与材料需求→产业链景气度关注,对十三届全国人大五次会议第1503号建议的答复 国能建科技〔2022〕115号-国家能源局网站 您当前位置： 首页 > 正文 目录项的基本信息 公开事项名称: ,0.88
ME0599,HIST-POLICY-2022-02,300073,policy_support,2022-07-11,国家能源局,动力电池与锂电材料,新能源汽车/储能需求→电池装车与材料需求→产业链景气度关注,对十三届全国人大五次会议第1503号建议的答复 国能建科技〔2022〕115号-国家能源局网站 您当前位置： 首页 > 正文 目录项的基本信息 公开事项名称: ,0.88
ME0600,HIST-POLICY-2022-02,300438,policy_support,2022-07-11,国家能源局,动力电池与锂电材料,新能源汽车/储能需求→电池装车与材料需求→产业链景气度关注,对十三届全国人大五次会议第1503号建议的答复 国能建科技〔2022〕115号-国家能源局网站 您当前位置： 首页 > 正文 目录项的基本信息 公开事项名称: ,0.88
ME0601,HIST-POLICY-2022-02,002202,policy_support,2022-07-11,国家能源局,风电设备订单与项目交付,项目核准/招标改善→风机订单与交付→设备链关注提升,对十三届全国人大五次会议第1503号建议的答复 国能建科技〔2022〕115号-国家能源局网站 您当前位置： 首页 > 正文 目录项的基本信息 公开事项名称: ,0.88
ME0602,HIST-POLICY-2022-02,601615,policy_support,2022-07-11,国家能源局,风电设备订单与项目交付,项目核准/招标改善→风机订单与交付→设备链关注提升,对十三届全国人大五次会议第1503号建议的答复 国能建科技〔2022〕115号-国家能源局网站 您当前位置： 首页 > 正文 目录项的基本信息 公开事项名称: ,0.88
ME0603,HIST-POLICY-2022-02,688349,policy_support,2022-07-11,国家能源局,风电设备订单与项目交付,项目核准/招标改善→风机订单与交付→设备链关注提升,对十三届全国人大五次会议第1503号建议的答复 国能建科技〔2022〕115号-国家能源局网站 您当前位置： 首页 > 正文 目录项的基本信息 公开事项名称: ,0.88
ME0604,HIST-POLICY-2022-02,002080,policy_support,2022-07-11,国家能源局,风电设备订单与项目交付,项目核准/招标改善→风机订单与交付→设备链关注提升,对十三届全国人大五次会议第1503号建议的答复 国能建科技〔2022〕115号-国家能源局网站 您当前位置： 首页 > 正文 目录项的基本信息 公开事项名称: ,0.88
ME0605,HIST-POLICY-2022-02,300772,policy_support,2022-07-11,国家能源局,风电设备订单与项目交付,项目核准/招标改善→风机订单与交付→设备链关注提升,对十三届全国人大五次会议第1503号建议的答复 国能建科技〔2022〕115号-国家能源局网站 您当前位置： 首页 > 正文 目录项的基本信息 公开事项名称: ,0.88
ME0606,HIST-POLICY-2022-02,605117,policy_support,2022-07-11,国家能源局,新型储能系统与逆变器,新型储能建设→系统集成与逆变器需求→订单关注提升,对十三届全国人大五次会议第1503号建议的答复 国能建科技〔2022〕115号-国家能源局网站 您当前位置： 首页 > 正文 目录项的基本信息 公开事项名称: ,0.88
ME0607,HIST-POLICY-2022-02,300763,policy_support,2022-07-11,国家能源局,新型储能系统与逆变器,新型储能建设→系统集成与逆变器需求→订单关注提升,对十三届全国人大五次会议第1503号建议的答复 国能建科技〔2022〕115号-国家能源局网站 您当前位置： 首页 > 正文 目录项的基本信息 公开事项名称: ,0.88
ME0608,HIST-POLICY-2022-02,688390,policy_support,2022-07-11,国家能源局,新型储能系统与逆变器,新型储能建设→系统集成与逆变器需求→订单关注提升,对十三届全国人大五次会议第1503号建议的答复 国能建科技〔2022〕115号-国家能源局网站 您当前位置： 首页 > 正文 目录项的基本信息 公开事项名称: ,0.88
ME0609,HIST-POLICY-2022-02,002335,policy_support,2022-07-11,国家能源局,新型储能系统与逆变器,新型储能建设→系统集成与逆变器需求→订单关注提升,对十三届全国人大五次会议第1503号建议的答复 国能建科技〔2022〕115号-国家能源局网站 您当前位置： 首页 > 正文 目录项的基本信息 公开事项名称: ,0.88
ME0610,HIST-POLICY-2022-02,688063,policy_support,2022-07-11,国家能源局,新型储能系统与逆变器,新型储能建设→系统集成与逆变器需求→订单关注提升,对十三届全国人大五次会议第1503号建议的答复 国能建科技〔2022〕115号-国家能源局网站 您当前位置： 首页 > 正文 目录项的基本信息 公开事项名称: ,0.88
ME0611,HIST-POLICY-2023-01,605117,policy_support,2023-06-12,国家能源局,新型储能系统与逆变器,新型储能建设→系统集成与逆变器需求→订单关注提升,国家能源局综合司关于开展新型储能试点示范工作的通知-国家能源局网站 您当前位置： 首页 > 正文 目录项的基本信息 公开事项名称: 国家能源局综合司关于开展新型,0.94
ME0612,HIST-POLICY-2023-01,300763,policy_support,2023-06-12,国家能源局,新型储能系统与逆变器,新型储能建设→系统集成与逆变器需求→订单关注提升,国家能源局综合司关于开展新型储能试点示范工作的通知-国家能源局网站 您当前位置： 首页 > 正文 目录项的基本信息 公开事项名称: 国家能源局综合司关于开展新型,0.94
ME0613,HIST-POLICY-2023-01,688390,policy_support,2023-06-12,国家能源局,新型储能系统与逆变器,新型储能建设→系统集成与逆变器需求→订单关注提升,国家能源局综合司关于开展新型储能试点示范工作的通知-国家能源局网站 您当前位置： 首页 > 正文 目录项的基本信息 公开事项名称: 国家能源局综合司关于开展新型,0.94
ME0614,HIST-POLICY-2023-01,002335,policy_support,2023-06-12,国家能源局,新型储能系统与逆变器,新型储能建设→系统集成与逆变器需求→订单关注提升,国家能源局综合司关于开展新型储能试点示范工作的通知-国家能源局网站 您当前位置： 首页 > 正文 目录项的基本信息 公开事项名称: 国家能源局综合司关于开展新型,0.94
ME0615,HIST-POLICY-2023-01,688063,policy_support,2023-06-12,国家能源局,新型储能系统与逆变器,新型储能建设→系统集成与逆变器需求→订单关注提升,国家能源局综合司关于开展新型储能试点示范工作的通知-国家能源局网站 您当前位置： 首页 > 正文 目录项的基本信息 公开事项名称: 国家能源局综合司关于开展新型,0.94
ME0616,HIST-POLICY-2023-02,601012,policy_support,2023-08-03,国家发展改革委,光伏组件、逆变器与可再生能源消纳,政策/需求变化→光伏装机与组件/逆变器需求→产业链关注提升,【关于做好可再生能源绿色电力证书全覆盖工作促进可再生能源电力消费的通知(发改能源〔2023〕1044号)】-国家发展和改革委员会 首页 > 政务公开 > 政策 ,0.94
ME0617,HIST-POLICY-2023-02,300274,policy_support,2023-08-03,国家发展改革委,光伏组件、逆变器与可再生能源消纳,政策/需求变化→光伏装机与组件/逆变器需求→产业链关注提升,【关于做好可再生能源绿色电力证书全覆盖工作促进可再生能源电力消费的通知(发改能源〔2023〕1044号)】-国家发展和改革委员会 首页 > 政务公开 > 政策 ,0.94
ME0618,HIST-POLICY-2023-02,600438,policy_support,2023-08-03,国家发展改革委,光伏组件、逆变器与可再生能源消纳,政策/需求变化→光伏装机与组件/逆变器需求→产业链关注提升,【关于做好可再生能源绿色电力证书全覆盖工作促进可再生能源电力消费的通知(发改能源〔2023〕1044号)】-国家发展和改革委员会 首页 > 政务公开 > 政策 ,0.94
ME0619,HIST-POLICY-2023-02,688599,policy_support,2023-08-03,国家发展改革委,光伏组件、逆变器与可再生能源消纳,政策/需求变化→光伏装机与组件/逆变器需求→产业链关注提升,【关于做好可再生能源绿色电力证书全覆盖工作促进可再生能源电力消费的通知(发改能源〔2023〕1044号)】-国家发展和改革委员会 首页 > 政务公开 > 政策 ,0.94
ME0620,HIST-POLICY-2023-02,002459,policy_support,2023-08-03,国家发展改革委,光伏组件、逆变器与可再生能源消纳,政策/需求变化→光伏装机与组件/逆变器需求→产业链关注提升,【关于做好可再生能源绿色电力证书全覆盖工作促进可再生能源电力消费的通知(发改能源〔2023〕1044号)】-国家发展和改革委员会 首页 > 政务公开 > 政策 ,0.94
ME0621,HIST-POLICY-2023-02,002129,policy_support,2023-08-03,国家发展改革委,光伏组件、逆变器与可再生能源消纳,政策/需求变化→光伏装机与组件/逆变器需求→产业链关注提升,【关于做好可再生能源绿色电力证书全覆盖工作促进可再生能源电力消费的通知(发改能源〔2023〕1044号)】-国家发展和改革委员会 首页 > 政务公开 > 政策 ,0.94
ME0622,HIST-POLICY-2023-02,002202,policy_support,2023-08-03,国家发展改革委,风电设备订单与项目交付,项目核准/招标改善→风机订单与交付→设备链关注提升,【关于做好可再生能源绿色电力证书全覆盖工作促进可再生能源电力消费的通知(发改能源〔2023〕1044号)】-国家发展和改革委员会 首页 > 政务公开 > 政策 ,0.94
ME0623,HIST-POLICY-2023-02,601615,policy_support,2023-08-03,国家发展改革委,风电设备订单与项目交付,项目核准/招标改善→风机订单与交付→设备链关注提升,【关于做好可再生能源绿色电力证书全覆盖工作促进可再生能源电力消费的通知(发改能源〔2023〕1044号)】-国家发展和改革委员会 首页 > 政务公开 > 政策 ,0.94
ME0624,HIST-POLICY-2023-02,688349,policy_support,2023-08-03,国家发展改革委,风电设备订单与项目交付,项目核准/招标改善→风机订单与交付→设备链关注提升,【关于做好可再生能源绿色电力证书全覆盖工作促进可再生能源电力消费的通知(发改能源〔2023〕1044号)】-国家发展和改革委员会 首页 > 政务公开 > 政策 ,0.94
ME0625,HIST-POLICY-2023-02,002080,policy_support,2023-08-03,国家发展改革委,风电设备订单与项目交付,项目核准/招标改善→风机订单与交付→设备链关注提升,【关于做好可再生能源绿色电力证书全覆盖工作促进可再生能源电力消费的通知(发改能源〔2023〕1044号)】-国家发展和改革委员会 首页 > 政务公开 > 政策 ,0.94
ME0626,HIST-POLICY-2023-02,300772,policy_support,2023-08-03,国家发展改革委,风电设备订单与项目交付,项目核准/招标改善→风机订单与交付→设备链关注提升,【关于做好可再生能源绿色电力证书全覆盖工作促进可再生能源电力消费的通知(发改能源〔2023〕1044号)】-国家发展和改革委员会 首页 > 政务公开 > 政策 ,0.94
