doc_id,period_start,period_end,period_kind,predicate_name,value,direction,intensity,confidence,expected_lag_months,evidence_text,source
S011,2024-01-01,2024-02-29,jan_feb_combined,policy_expands_effective_demand,false,0,0.0000,0.7000,2,,fused
S011,2024-01-01,2024-02-29,jan_feb_combined,policy_accelerates_project_implementation,false,0,0.0000,0.7000,2,,fused
S011,2024-01-01,2024-02-29,jan_feb_combined,capacity_under_construction,false,0,0.0000,0.7000,6,,fused
S011,2024-01-01,2024-02-29,jan_feb_combined,capacity_enters_production,false,0,0.0000,0.7000,1,,fused
S011,2024-01-01,2024-02-29,jan_feb_combined,order_demand_improves,false,0,0.0000,0.7000,1,,fused
S011,2024-01-01,2024-02-29,jan_feb_combined,inventory_pressure_increases,false,0,0.0000,0.7000,1,,fused
S011,2024-01-01,2024-02-29,jan_feb_combined,product_price_recovers,false,0,0.0000,0.7000,1,,fused
S011,2024-01-01,2024-02-29,jan_feb_combined,raw_material_cost_pressure,false,0,0.0000,0.7000,1,,fused
S011,2024-01-01,2024-02-29,jan_feb_combined,export_demand_improves,false,0,0.0000,0.7000,1,,fused
S011,2024-01-01,2024-02-29,jan_feb_combined,grid_investment_accelerates,false,0,0.0000,0.7000,3,,fused
S011,2024-01-01,2024-02-29,jan_feb_combined,financing_constraint_eases,false,0,0.0000,0.7000,3,,fused
S011,2024-01-01,2024-02-29,jan_feb_combined,industry_competition_intensifies,true,-1,0.1700,0.7000,1,光伏行业就“强化行业自律，防止‘内卷式’恶性竞争”达成共识,fused
S065,2024-01-01,2024-02-29,jan_feb_combined,policy_expands_effective_demand,false,0,0.0000,0.7000,2,,fused
S065,2024-01-01,2024-02-29,jan_feb_combined,policy_accelerates_project_implementation,true,1,0.8000,0.9325,2,原文摘要：为深入贯彻落实党的二十大精神，推动制造业绿色化发展，在落实碳达峰碳中和目标任务过程中锻造新的产业竞争优势，加快建设现代化产业体系，推进新型工业化，提出如下意见。,fused
S065,2024-01-01,2024-02-29,jan_feb_combined,capacity_under_construction,false,0,0.0000,0.7000,6,,fused
S065,2024-01-01,2024-02-29,jan_feb_combined,capacity_enters_production,false,0,0.0000,0.7000,1,,fused
S065,2024-01-01,2024-02-29,jan_feb_combined,order_demand_improves,false,0,0.0000,0.7000,1,,fused
S065,2024-01-01,2024-02-29,jan_feb_combined,inventory_pressure_increases,false,0,0.0000,0.7000,1,,fused
S065,2024-01-01,2024-02-29,jan_feb_combined,product_price_recovers,false,0,0.0000,0.7000,1,,fused
S065,2024-01-01,2024-02-29,jan_feb_combined,raw_material_cost_pressure,false,0,0.0000,0.7000,1,,fused
S065,2024-01-01,2024-02-29,jan_feb_combined,export_demand_improves,false,0,0.0000,0.7000,1,,fused
S065,2024-01-01,2024-02-29,jan_feb_combined,grid_investment_accelerates,false,0,0.0000,0.7000,3,,fused
S065,2024-01-01,2024-02-29,jan_feb_combined,financing_constraint_eases,false,0,0.0000,0.7000,3,,fused
S065,2024-01-01,2024-02-29,jan_feb_combined,industry_competition_intensifies,false,0,0.0000,0.7000,1,,fused
S012,2024-01-01,2024-02-29,jan_feb_combined,policy_expands_effective_demand,false,0,0.0000,0.6000,2,,fused
S012,2024-01-01,2024-02-29,jan_feb_combined,policy_accelerates_project_implementation,false,0,0.0000,0.6000,2,,fused
S012,2024-01-01,2024-02-29,jan_feb_combined,capacity_under_construction,false,0,0.0000,0.6000,6,,fused
S012,2024-01-01,2024-02-29,jan_feb_combined,capacity_enters_production,false,0,0.0000,0.6000,1,,fused
S012,2024-01-01,2024-02-29,jan_feb_combined,order_demand_improves,false,0,0.0000,0.6000,1,,fused
S012,2024-01-01,2024-02-29,jan_feb_combined,inventory_pressure_increases,true,-1,0.3500,0.6000,1,产能装车率仅52%,fused
S012,2024-01-01,2024-02-29,jan_feb_combined,product_price_recovers,false,0,0.0000,0.6000,1,,fused
S012,2024-01-01,2024-02-29,jan_feb_combined,raw_material_cost_pressure,false,0,0.0000,0.6000,1,,fused
S012,2024-01-01,2024-02-29,jan_feb_combined,export_demand_improves,false,0,0.0000,0.6000,1,,fused
S012,2024-01-01,2024-02-29,jan_feb_combined,grid_investment_accelerates,false,0,0.0000,0.6000,3,,fused
S012,2024-01-01,2024-02-29,jan_feb_combined,financing_constraint_eases,false,0,0.0000,0.6000,3,,fused
S012,2024-01-01,2024-02-29,jan_feb_combined,industry_competition_intensifies,true,-1,0.4000,0.6000,1,产能装车率仅52% 价格持续下跌,fused
S003,2024-03-01,2024-03-31,month,policy_expands_effective_demand,true,1,0.6000,0.9325,2,推动大规模设备更新和消费品以旧换新,fused
S003,2024-03-01,2024-03-31,month,policy_accelerates_project_implementation,false,0,0.0000,0.7000,2,,fused
S003,2024-03-01,2024-03-31,month,capacity_under_construction,false,0,0.0000,0.7000,6,,fused
S003,2024-03-01,2024-03-31,month,capacity_enters_production,false,0,0.0000,0.7000,1,,fused
S003,2024-03-01,2024-03-31,month,order_demand_improves,false,0,0.0000,0.7000,1,,fused
S003,2024-03-01,2024-03-31,month,inventory_pressure_increases,false,0,0.0000,0.7000,1,,fused
S003,2024-03-01,2024-03-31,month,product_price_recovers,false,0,0.0000,0.7000,1,,fused
S003,2024-03-01,2024-03-31,month,raw_material_cost_pressure,false,0,0.0000,0.7000,1,,fused
S003,2024-03-01,2024-03-31,month,export_demand_improves,false,0,0.0000,0.7000,1,,fused
S003,2024-03-01,2024-03-31,month,grid_investment_accelerates,false,0,0.0000,0.7000,3,,fused
S003,2024-03-01,2024-03-31,month,financing_constraint_eases,false,0,0.0000,0.7000,3,,fused
S003,2024-03-01,2024-03-31,month,industry_competition_intensifies,false,0,0.0000,0.7000,1,,fused
S033,2024-03-01,2024-03-31,month,policy_expands_effective_demand,false,0,0.0000,0.7000,2,,fused
S033,2024-03-01,2024-03-31,month,policy_accelerates_project_implementation,false,0,0.0000,0.7000,2,,fused
S033,2024-03-01,2024-03-31,month,capacity_under_construction,true,1,0.7200,0.9325,6,附件：1.第四批智能光伏试点示范企业名单2.第四批智能光伏试点示范项目名单工业和信息化部住房和城乡建设部交通运输部农业农村部国家能源局2024年3月7日 来源为工业和信息化部，首次公开日期核验为2024-03-29。,fused
S033,2024-03-01,2024-03-31,month,capacity_enters_production,false,0,0.0000,0.7000,1,,fused
S033,2024-03-01,2024-03-31,month,order_demand_improves,false,0,0.0000,0.7000,1,,fused
S033,2024-03-01,2024-03-31,month,inventory_pressure_increases,false,0,0.0000,0.7000,1,,fused
S033,2024-03-01,2024-03-31,month,product_price_recovers,false,0,0.0000,0.7000,1,,fused
S033,2024-03-01,2024-03-31,month,raw_material_cost_pressure,false,0,0.0000,0.7000,1,,fused
S033,2024-03-01,2024-03-31,month,export_demand_improves,false,0,0.0000,0.7000,1,,fused
S033,2024-03-01,2024-03-31,month,grid_investment_accelerates,false,0,0.0000,0.7000,3,,fused
S033,2024-03-01,2024-03-31,month,financing_constraint_eases,false,0,0.0000,0.7000,3,,fused
S033,2024-03-01,2024-03-31,month,industry_competition_intensifies,false,0,0.0000,0.7000,1,,fused
S021,2024-04-01,2024-04-30,month,policy_expands_effective_demand,false,0,0.0000,0.7000,2,,fused
S021,2024-04-01,2024-04-30,month,policy_accelerates_project_implementation,false,0,0.0000,0.7000,2,,fused
S021,2024-04-01,2024-04-30,month,capacity_under_construction,false,0,0.0000,0.7000,6,,fused
S021,2024-04-01,2024-04-30,month,capacity_enters_production,false,0,0.0000,0.7000,1,,fused
S021,2024-04-01,2024-04-30,month,order_demand_improves,false,0,0.0000,0.7000,1,,fused
S021,2024-04-01,2024-04-30,month,inventory_pressure_increases,false,0,0.0000,0.7000,1,,fused
S021,2024-04-01,2024-04-30,month,product_price_recovers,false,0,0.0000,0.7000,1,,fused
S021,2024-04-01,2024-04-30,month,raw_material_cost_pressure,false,0,0.0000,0.7000,1,,fused
S021,2024-04-01,2024-04-30,month,export_demand_improves,false,0,0.0000,0.7000,1,,fused
S021,2024-04-01,2024-04-30,month,grid_investment_accelerates,false,0,0.0000,0.7000,3,,fused
S021,2024-04-01,2024-04-30,month,financing_constraint_eases,false,0,0.0000,0.7000,3,,fused
S021,2024-04-01,2024-04-30,month,industry_competition_intensifies,false,0,0.0000,0.7000,1,,fused
S002,2024-04-01,2024-04-30,month,policy_expands_effective_demand,true,1,0.6000,0.9325,2,更好实施汽车以旧换新补贴政策,fused
S002,2024-04-01,2024-04-30,month,policy_accelerates_project_implementation,false,0,0.0000,0.7000,2,,fused
S002,2024-04-01,2024-04-30,month,capacity_under_construction,false,0,0.0000,0.7000,6,,fused
S002,2024-04-01,2024-04-30,month,capacity_enters_production,false,0,0.0000,0.7000,1,,fused
S002,2024-04-01,2024-04-30,month,order_demand_improves,false,0,0.0000,0.7000,1,,fused
S002,2024-04-01,2024-04-30,month,inventory_pressure_increases,false,0,0.0000,0.7000,1,,fused
S002,2024-04-01,2024-04-30,month,product_price_recovers,false,0,0.0000,0.7000,1,,fused
S002,2024-04-01,2024-04-30,month,raw_material_cost_pressure,false,0,0.0000,0.7000,1,,fused
S002,2024-04-01,2024-04-30,month,export_demand_improves,false,0,0.0000,0.7000,1,,fused
S002,2024-04-01,2024-04-30,month,grid_investment_accelerates,false,0,0.0000,0.7000,3,,fused
S002,2024-04-01,2024-04-30,month,financing_constraint_eases,false,0,0.0000,0.7000,3,,fused
S002,2024-04-01,2024-04-30,month,industry_competition_intensifies,false,0,0.0000,0.7000,1,,fused
S001,2024-05-01,2024-05-31,month,policy_expands_effective_demand,true,1,0.7500,0.9325,2,加快补齐农村地区新能源汽车消费使用短板，提升居民绿色安全出行水平,fused
S001,2024-05-01,2024-05-31,month,policy_accelerates_project_implementation,true,1,0.8000,0.9325,2,原文摘要：为贯彻落实党中央、国务院相关决策部署，加快补齐农村地区新能源汽车消费使用短板，提升居民绿色安全出行水平，赋能美丽乡村建设和乡村振兴，工业和信息化部、国家发展改革委、农业农村部、商务部、国家能源局联合组织开展2024年新能源汽车下乡活动。,fused
S001,2024-05-01,2024-05-31,month,capacity_under_construction,false,0,0.0000,0.7000,6,,fused
S001,2024-05-01,2024-05-31,month,capacity_enters_production,false,0,0.0000,0.7000,1,,fused
S001,2024-05-01,2024-05-31,month,order_demand_improves,false,0,0.0000,0.7000,1,,fused
S001,2024-05-01,2024-05-31,month,inventory_pressure_increases,false,0,0.0000,0.7000,1,,fused
S001,2024-05-01,2024-05-31,month,product_price_recovers,false,0,0.0000,0.7000,1,,fused
S001,2024-05-01,2024-05-31,month,raw_material_cost_pressure,false,0,0.0000,0.7000,1,,fused
S001,2024-05-01,2024-05-31,month,export_demand_improves,false,0,0.0000,0.7000,1,,fused
S001,2024-05-01,2024-05-31,month,grid_investment_accelerates,false,0,0.0000,0.7000,3,,fused
S001,2024-05-01,2024-05-31,month,financing_constraint_eases,false,0,0.0000,0.7000,3,,fused
S001,2024-05-01,2024-05-31,month,industry_competition_intensifies,false,0,0.0000,0.7000,1,,fused
S004,2024-05-01,2024-05-31,month,policy_expands_effective_demand,false,0,0.0000,0.7000,2,,fused
S004,2024-05-01,2024-05-31,month,policy_accelerates_project_implementation,false,0,0.0000,0.7000,2,,fused
S004,2024-05-01,2024-05-31,month,capacity_under_construction,false,0,0.0000,0.7000,6,,fused
S004,2024-05-01,2024-05-31,month,capacity_enters_production,false,0,0.0000,0.7000,1,,fused
S004,2024-05-01,2024-05-31,month,order_demand_improves,false,0,0.0000,0.7000,1,,fused
S004,2024-05-01,2024-05-31,month,inventory_pressure_increases,false,0,0.0000,0.7000,1,,fused
S004,2024-05-01,2024-05-31,month,product_price_recovers,false,0,0.0000,0.7000,1,,fused
S004,2024-05-01,2024-05-31,month,raw_material_cost_pressure,false,0,0.0000,0.7000,1,,fused
S004,2024-05-01,2024-05-31,month,export_demand_improves,false,0,0.0000,0.7000,1,,fused
S004,2024-05-01,2024-05-31,month,grid_investment_accelerates,false,0,0.0000,0.7000,3,,fused
S004,2024-05-01,2024-05-31,month,financing_constraint_eases,false,0,0.0000,0.7000,3,,fused
S004,2024-05-01,2024-05-31,month,industry_competition_intensifies,false,0,0.0000,0.7000,1,,fused
S005,2024-05-01,2024-05-31,month,policy_expands_effective_demand,true,1,0.8000,0.9325,2,原文摘要：做好新形势下新能源消纳工作，是规划建设新型能源体系、构建新型电力系统的重要内容，对提升非化石能源消费比重、推动实现“双碳”目标具有重要意义。,fused
S005,2024-05-01,2024-05-31,month,policy_accelerates_project_implementation,false,0,0.0000,0.7000,2,,fused
S005,2024-05-01,2024-05-31,month,capacity_under_construction,false,0,0.0000,0.7000,6,,fused
S005,2024-05-01,2024-05-31,month,capacity_enters_production,false,0,0.0000,0.7000,1,,fused
S005,2024-05-01,2024-05-31,month,order_demand_improves,false,0,0.0000,0.7000,1,,fused
S005,2024-05-01,2024-05-31,month,inventory_pressure_increases,false,0,0.0000,0.7000,1,,fused
S005,2024-05-01,2024-05-31,month,product_price_recovers,false,0,0.0000,0.7000,1,,fused
S005,2024-05-01,2024-05-31,month,raw_material_cost_pressure,false,0,0.0000,0.7000,1,,fused
S005,2024-05-01,2024-05-31,month,export_demand_improves,false,0,0.0000,0.7000,1,,fused
S005,2024-05-01,2024-05-31,month,grid_investment_accelerates,false,0,0.0000,0.7000,3,,fused
S005,2024-05-01,2024-05-31,month,financing_constraint_eases,false,0,0.0000,0.7000,3,,fused
S005,2024-05-01,2024-05-31,month,industry_competition_intensifies,false,0,0.0000,0.7000,1,,fused
S093,2024-06-01,2024-06-30,month,policy_expands_effective_demand,false,0,0.0000,0.7000,2,,fused
S093,2024-06-01,2024-06-30,month,policy_accelerates_project_implementation,false,0,0.0000,0.7000,2,,fused
S093,2024-06-01,2024-06-30,month,capacity_under_construction,false,0,0.0000,0.7000,6,,fused
S093,2024-06-01,2024-06-30,month,capacity_enters_production,false,0,0.0000,0.7000,1,,fused
S093,2024-06-01,2024-06-30,month,order_demand_improves,false,0,0.0000,0.7000,1,,fused
S093,2024-06-01,2024-06-30,month,inventory_pressure_increases,false,0,0.0000,0.7000,1,,fused
S093,2024-06-01,2024-06-30,month,product_price_recovers,false,0,0.0000,0.7000,1,,fused
S093,2024-06-01,2024-06-30,month,raw_material_cost_pressure,false,0,0.0000,0.7000,1,,fused
S093,2024-06-01,2024-06-30,month,export_demand_improves,false,0,0.0000,0.7000,1,,fused
S093,2024-06-01,2024-06-30,month,grid_investment_accelerates,false,0,0.0000,0.7000,3,,fused
S093,2024-06-01,2024-06-30,month,financing_constraint_eases,false,0,0.0000,0.7000,3,,fused
S093,2024-06-01,2024-06-30,month,industry_competition_intensifies,false,0,0.0000,0.7000,1,,fused
S025,2024-07-01,2024-07-31,month,policy_expands_effective_demand,false,0,0.0000,0.7000,2,,fused
S025,2024-07-01,2024-07-31,month,policy_accelerates_project_implementation,true,1,0.8000,0.9325,2,原文摘要：为深入贯彻落实习近平总书记关于构建新型电力系统的重要指示精神和《中共中央办公厅、国务院办公厅关于深化电力体制改革加快构建新型电力系统的意见》有关要求，进一步加大工作力度，加快推进新型电力系统建设，国家发展改革委、国家能源局、国家数据局制定了《加快构建新型电力系统行动方案（2024—2027年）》。,fused
S025,2024-07-01,2024-07-31,month,capacity_under_construction,false,0,0.0000,0.7000,6,,fused
S025,2024-07-01,2024-07-31,month,capacity_enters_production,false,0,0.0000,0.7000,1,,fused
S025,2024-07-01,2024-07-31,month,order_demand_improves,false,0,0.0000,0.7000,1,,fused
S025,2024-07-01,2024-07-31,month,inventory_pressure_increases,false,0,0.0000,0.7000,1,,fused
S025,2024-07-01,2024-07-31,month,product_price_recovers,false,0,0.0000,0.7000,1,,fused
S025,2024-07-01,2024-07-31,month,raw_material_cost_pressure,false,0,0.0000,0.7000,1,,fused
S025,2024-07-01,2024-07-31,month,export_demand_improves,false,0,0.0000,0.7000,1,,fused
S025,2024-07-01,2024-07-31,month,grid_investment_accelerates,false,0,0.0000,0.7000,3,,fused
S025,2024-07-01,2024-07-31,month,financing_constraint_eases,false,0,0.0000,0.7000,3,,fused
S025,2024-07-01,2024-07-31,month,industry_competition_intensifies,false,0,0.0000,0.7000,1,,fused
S029,2024-08-01,2024-08-31,month,policy_expands_effective_demand,false,0,0.0000,0.7000,2,,fused
S029,2024-08-01,2024-08-31,month,policy_accelerates_project_implementation,false,0,0.0000,0.7000,2,,fused
S029,2024-08-01,2024-08-31,month,capacity_under_construction,false,0,0.0000,0.7000,6,,fused
S029,2024-08-01,2024-08-31,month,capacity_enters_production,false,0,0.0000,0.7000,1,,fused
S029,2024-08-01,2024-08-31,month,order_demand_improves,false,0,0.0000,0.7000,1,,fused
S029,2024-08-01,2024-08-31,month,inventory_pressure_increases,false,0,0.0000,0.7000,1,,fused
S029,2024-08-01,2024-08-31,month,product_price_recovers,false,0,0.0000,0.7000,1,,fused
S029,2024-08-01,2024-08-31,month,raw_material_cost_pressure,false,0,0.0000,0.7000,1,,fused
S029,2024-08-01,2024-08-31,month,export_demand_improves,false,0,0.0000,0.7000,1,,fused
S029,2024-08-01,2024-08-31,month,grid_investment_accelerates,false,0,0.0000,0.7000,3,,fused
S029,2024-08-01,2024-08-31,month,financing_constraint_eases,false,0,0.0000,0.7000,3,,fused
S029,2024-08-01,2024-08-31,month,industry_competition_intensifies,false,0,0.0000,0.7000,1,,fused
S105,2024-08-01,2024-08-31,month,policy_expands_effective_demand,true,1,0.3000,0.7000,2,深入推进配电网高质量发展重点任务落地见效,fused
S105,2024-08-01,2024-08-31,month,policy_accelerates_project_implementation,true,1,0.2500,0.7000,2,深入推进配电网高质量发展重点任务落地见效,fused
S105,2024-08-01,2024-08-31,month,capacity_under_construction,false,0,0.0000,0.7000,6,,fused
S105,2024-08-01,2024-08-31,month,capacity_enters_production,false,0,0.0000,0.7000,1,,fused
S105,2024-08-01,2024-08-31,month,order_demand_improves,false,0,0.0000,0.7000,1,,fused
S105,2024-08-01,2024-08-31,month,inventory_pressure_increases,false,0,0.0000,0.7000,1,,fused
S105,2024-08-01,2024-08-31,month,product_price_recovers,false,0,0.0000,0.7000,1,,fused
S105,2024-08-01,2024-08-31,month,raw_material_cost_pressure,false,0,0.0000,0.7000,1,,fused
S105,2024-08-01,2024-08-31,month,export_demand_improves,false,0,0.0000,0.7000,1,,fused
S105,2024-08-01,2024-08-31,month,grid_investment_accelerates,true,1,0.3500,0.8000,3,深入推进配电网高质量发展重点任务落地见效,fused
S105,2024-08-01,2024-08-31,month,financing_constraint_eases,false,0,0.0000,0.7000,3,,fused
S105,2024-08-01,2024-08-31,month,industry_competition_intensifies,false,0,0.0000,0.7000,1,,fused
S119,2024-08-01,2024-08-31,month,policy_expands_effective_demand,false,0,0.0000,0.6000,2,,fused
S119,2024-08-01,2024-08-31,month,policy_accelerates_project_implementation,false,0,0.0000,0.6000,2,,fused
S119,2024-08-01,2024-08-31,month,capacity_under_construction,false,0,0.0000,0.6000,6,,fused
S119,2024-08-01,2024-08-31,month,capacity_enters_production,false,0,0.0000,0.6000,1,,fused
S119,2024-08-01,2024-08-31,month,order_demand_improves,false,0,0.0000,0.6000,1,,fused
S119,2024-08-01,2024-08-31,month,inventory_pressure_increases,false,0,0.0000,0.6000,1,,fused
S119,2024-08-01,2024-08-31,month,product_price_recovers,false,0,0.0000,0.6000,1,,fused
S119,2024-08-01,2024-08-31,month,raw_material_cost_pressure,false,0,0.0000,0.6000,1,,fused
S119,2024-08-01,2024-08-31,month,export_demand_improves,true,1,0.7000,0.8100,1,1–6月全国锂电池出口总额达到1934亿元,fused
S119,2024-08-01,2024-08-31,month,grid_investment_accelerates,false,0,0.0000,0.6000,3,,fused
S119,2024-08-01,2024-08-31,month,financing_constraint_eases,false,0,0.0000,0.6000,3,,fused
S119,2024-08-01,2024-08-31,month,industry_competition_intensifies,false,0,0.0000,0.6000,1,,fused
S107,2024-08-01,2024-08-31,month,policy_expands_effective_demand,false,0,0.0000,0.6000,2,,fused
S107,2024-08-01,2024-08-31,month,policy_accelerates_project_implementation,false,0,0.0000,0.6000,2,,fused
S107,2024-08-01,2024-08-31,month,capacity_under_construction,false,0,0.0000,0.6000,6,,fused
S107,2024-08-01,2024-08-31,month,capacity_enters_production,false,0,0.0000,0.6000,1,,fused
S107,2024-08-01,2024-08-31,month,order_demand_improves,false,0,0.0000,0.6000,1,,fused
S107,2024-08-01,2024-08-31,month,inventory_pressure_increases,false,0,0.0000,0.6000,1,,fused
S107,2024-08-01,2024-08-31,month,product_price_recovers,false,0,0.0000,0.6000,1,,fused
S107,2024-08-01,2024-08-31,month,raw_material_cost_pressure,false,0,0.0000,0.6000,1,,fused
S107,2024-08-01,2024-08-31,month,export_demand_improves,false,0,0.0000,0.6000,1,,fused
S107,2024-08-01,2024-08-31,month,grid_investment_accelerates,false,0,0.0000,0.6000,3,,fused
S107,2024-08-01,2024-08-31,month,financing_constraint_eases,false,0,0.0000,0.6000,3,,fused
S107,2024-08-01,2024-08-31,month,industry_competition_intensifies,false,0,0.0000,0.6000,1,,fused
S101,2024-09-01,2024-09-30,month,policy_expands_effective_demand,false,0,0.0000,0.7000,2,,fused
S101,2024-09-01,2024-09-30,month,policy_accelerates_project_implementation,false,0,0.0000,0.7000,2,,fused
S101,2024-09-01,2024-09-30,month,capacity_under_construction,false,0,0.0000,0.7000,6,,fused
S101,2024-09-01,2024-09-30,month,capacity_enters_production,false,0,0.0000,0.7000,1,,fused
S101,2024-09-01,2024-09-30,month,order_demand_improves,false,0,0.0000,0.7000,1,,fused
S101,2024-09-01,2024-09-30,month,inventory_pressure_increases,false,0,0.0000,0.7000,1,,fused
S101,2024-09-01,2024-09-30,month,product_price_recovers,false,0,0.0000,0.7000,1,,fused
S101,2024-09-01,2024-09-30,month,raw_material_cost_pressure,false,0,0.0000,0.7000,1,,fused
S101,2024-09-01,2024-09-30,month,export_demand_improves,false,0,0.0000,0.7000,1,,fused
S101,2024-09-01,2024-09-30,month,grid_investment_accelerates,false,0,0.0000,0.7000,3,,fused
S101,2024-09-01,2024-09-30,month,financing_constraint_eases,false,0,0.0000,0.7000,3,,fused
S101,2024-09-01,2024-09-30,month,industry_competition_intensifies,false,0,0.0000,0.7000,1,,fused
S126,2024-10-01,2024-10-31,month,policy_expands_effective_demand,false,0,0.0000,0.6000,2,,fused
S126,2024-10-01,2024-10-31,month,policy_accelerates_project_implementation,false,0,0.0000,0.6000,2,,fused
S126,2024-10-01,2024-10-31,month,capacity_under_construction,false,0,0.0000,0.6000,6,,fused
S126,2024-10-01,2024-10-31,month,capacity_enters_production,false,0,0.0000,0.6000,1,,fused
S126,2024-10-01,2024-10-31,month,order_demand_improves,false,0,0.0000,0.6000,1,,fused
S126,2024-10-01,2024-10-31,month,inventory_pressure_increases,false,0,0.0000,0.6000,1,,fused
S126,2024-10-01,2024-10-31,month,product_price_recovers,false,0,0.0000,0.6000,1,,fused
S126,2024-10-01,2024-10-31,month,raw_material_cost_pressure,false,0,0.0000,0.6000,1,,fused
S126,2024-10-01,2024-10-31,month,export_demand_improves,false,0,0.0000,0.6000,1,,fused
S126,2024-10-01,2024-10-31,month,grid_investment_accelerates,false,0,0.0000,0.6000,3,,fused
S126,2024-10-01,2024-10-31,month,financing_constraint_eases,false,0,0.0000,0.6000,3,,fused
S126,2024-10-01,2024-10-31,month,industry_competition_intensifies,false,0,0.0000,0.6000,1,,fused
S039,2024-11-01,2024-11-30,month,policy_expands_effective_demand,false,0,0.0000,0.7000,2,,fused
S039,2024-11-01,2024-11-30,month,policy_accelerates_project_implementation,false,0,0.0000,0.7000,2,,fused
S039,2024-11-01,2024-11-30,month,capacity_under_construction,false,0,0.0000,0.7000,6,,fused
S039,2024-11-01,2024-11-30,month,capacity_enters_production,false,0,0.0000,0.7000,1,,fused
S039,2024-11-01,2024-11-30,month,order_demand_improves,false,0,0.0000,0.7000,1,,fused
S039,2024-11-01,2024-11-30,month,inventory_pressure_increases,false,0,0.0000,0.7000,1,,fused
S039,2024-11-01,2024-11-30,month,product_price_recovers,false,0,0.0000,0.7000,1,,fused
S039,2024-11-01,2024-11-30,month,raw_material_cost_pressure,false,0,0.0000,0.7000,1,,fused
S039,2024-11-01,2024-11-30,month,export_demand_improves,false,0,0.0000,0.7000,1,,fused
S039,2024-11-01,2024-11-30,month,grid_investment_accelerates,false,0,0.0000,0.7000,3,,fused
S039,2024-11-01,2024-11-30,month,financing_constraint_eases,false,0,0.0000,0.7000,3,,fused
S039,2024-11-01,2024-11-30,month,industry_competition_intensifies,false,0,0.0000,0.7000,1,,fused
S097,2024-11-01,2024-11-30,month,policy_expands_effective_demand,false,0,0.0000,0.7000,2,,fused
S097,2024-11-01,2024-11-30,month,policy_accelerates_project_implementation,false,0,0.0000,0.7000,2,,fused
S097,2024-11-01,2024-11-30,month,capacity_under_construction,false,0,0.0000,0.7000,6,,fused
S097,2024-11-01,2024-11-30,month,capacity_enters_production,false,0,0.0000,0.7000,1,,fused
S097,2024-11-01,2024-11-30,month,order_demand_improves,false,0,0.0000,0.7000,1,,fused
S097,2024-11-01,2024-11-30,month,inventory_pressure_increases,false,0,0.0000,0.7000,1,,fused
S097,2024-11-01,2024-11-30,month,product_price_recovers,false,0,0.0000,0.7000,1,,fused
S097,2024-11-01,2024-11-30,month,raw_material_cost_pressure,false,0,0.0000,0.7000,1,,fused
S097,2024-11-01,2024-11-30,month,export_demand_improves,false,0,0.0000,0.7000,1,,fused
S097,2024-11-01,2024-11-30,month,grid_investment_accelerates,false,0,0.0000,0.7000,3,,fused
S097,2024-11-01,2024-11-30,month,financing_constraint_eases,false,0,0.0000,0.7000,3,,fused
S097,2024-11-01,2024-11-30,month,industry_competition_intensifies,false,0,0.0000,0.7000,1,,fused
S109,2024-12-01,2024-12-31,month,policy_expands_effective_demand,false,0,0.0000,0.7000,2,,fused
S109,2024-12-01,2024-12-31,month,policy_accelerates_project_implementation,true,1,0.7000,0.9325,6,着力提升电力系统调节能力和调用水平，有效支撑新能源消纳利用，国家发展改革委、国家能源局制定了《电力系统调节能力优化专项行动实施方案（2025—2027年）》,fused
S109,2024-12-01,2024-12-31,month,capacity_under_construction,false,0,0.0000,0.7000,6,,fused
S109,2024-12-01,2024-12-31,month,capacity_enters_production,false,0,0.0000,0.7000,1,,fused
S109,2024-12-01,2024-12-31,month,order_demand_improves,false,0,0.0000,0.7000,1,,fused
S109,2024-12-01,2024-12-31,month,inventory_pressure_increases,false,0,0.0000,0.7000,1,,fused
S109,2024-12-01,2024-12-31,month,product_price_recovers,false,0,0.0000,0.7000,1,,fused
S109,2024-12-01,2024-12-31,month,raw_material_cost_pressure,false,0,0.0000,0.7000,1,,fused
S109,2024-12-01,2024-12-31,month,export_demand_improves,false,0,0.0000,0.7000,1,,fused
S109,2024-12-01,2024-12-31,month,grid_investment_accelerates,true,1,0.8000,0.9325,3,着力提升电力系统调节能力和调用水平，有效支撑新能源消纳利用,fused
S109,2024-12-01,2024-12-31,month,financing_constraint_eases,false,0,0.0000,0.7000,3,,fused
S109,2024-12-01,2024-12-31,month,industry_competition_intensifies,false,0,0.0000,0.7000,1,,fused
S037,2024-12-01,2024-12-31,month,policy_expands_effective_demand,false,0,0.0000,0.7000,2,,fused
S037,2024-12-01,2024-12-31,month,policy_accelerates_project_implementation,false,0,0.0000,0.7000,2,,fused
S037,2024-12-01,2024-12-31,month,capacity_under_construction,false,0,0.0000,0.7000,6,,fused
S037,2024-12-01,2024-12-31,month,capacity_enters_production,false,0,0.0000,0.7000,1,,fused
S037,2024-12-01,2024-12-31,month,order_demand_improves,false,0,0.0000,0.7000,1,,fused
S037,2024-12-01,2024-12-31,month,inventory_pressure_increases,false,0,0.0000,0.7000,1,,fused
S037,2024-12-01,2024-12-31,month,product_price_recovers,false,0,0.0000,0.7000,1,,fused
S037,2024-12-01,2024-12-31,month,raw_material_cost_pressure,false,0,0.0000,0.7000,1,,fused
S037,2024-12-01,2024-12-31,month,export_demand_improves,false,0,0.0000,0.7000,1,,fused
S037,2024-12-01,2024-12-31,month,grid_investment_accelerates,false,0,0.0000,0.7000,3,,fused
S037,2024-12-01,2024-12-31,month,financing_constraint_eases,false,0,0.0000,0.7000,3,,fused
S037,2024-12-01,2024-12-31,month,industry_competition_intensifies,false,0,0.0000,0.7000,1,,fused
S079,2024-12-01,2024-12-31,month,policy_expands_effective_demand,false,0,0.0000,0.6000,2,,fused
S079,2024-12-01,2024-12-31,month,policy_accelerates_project_implementation,false,0,0.0000,0.6000,2,,fused
S079,2024-12-01,2024-12-31,month,capacity_under_construction,false,0,0.0000,0.6000,6,,fused
S079,2024-12-01,2024-12-31,month,capacity_enters_production,false,0,0.0000,0.6000,1,,fused
S079,2024-12-01,2024-12-31,month,order_demand_improves,true,1,0.3500,0.6000,1,新能源汽车继续保持快速增长，月度产销再创历史新高,fused
S079,2024-12-01,2024-12-31,month,inventory_pressure_increases,false,0,0.0000,0.6000,1,,fused
S079,2024-12-01,2024-12-31,month,product_price_recovers,false,0,0.0000,0.6000,1,,fused
S079,2024-12-01,2024-12-31,month,raw_material_cost_pressure,false,0,0.0000,0.6000,1,,fused
S079,2024-12-01,2024-12-31,month,export_demand_improves,false,0,0.0000,0.6000,1,,fused
S079,2024-12-01,2024-12-31,month,grid_investment_accelerates,false,0,0.0000,0.6000,3,,fused
S079,2024-12-01,2024-12-31,month,financing_constraint_eases,false,0,0.0000,0.6000,3,,fused
S079,2024-12-01,2024-12-31,month,industry_competition_intensifies,false,0,0.0000,0.6000,1,,fused
S013,2025-01-01,2025-02-28,jan_feb_combined,policy_expands_effective_demand,false,0,0.0000,0.7000,2,,fused
S013,2025-01-01,2025-02-28,jan_feb_combined,policy_accelerates_project_implementation,false,0,0.0000,0.7000,2,,fused
S013,2025-01-01,2025-02-28,jan_feb_combined,capacity_under_construction,false,0,0.0000,0.7000,6,,fused
S013,2025-01-01,2025-02-28,jan_feb_combined,capacity_enters_production,false,0,0.0000,0.7000,1,,fused
S013,2025-01-01,2025-02-28,jan_feb_combined,order_demand_improves,false,0,0.0000,0.7000,1,,fused
S013,2025-01-01,2025-02-28,jan_feb_combined,inventory_pressure_increases,false,0,0.0000,0.7000,1,,fused
S013,2025-01-01,2025-02-28,jan_feb_combined,product_price_recovers,false,0,0.0000,0.7000,1,,fused
S013,2025-01-01,2025-02-28,jan_feb_combined,raw_material_cost_pressure,false,0,0.0000,0.7000,1,,fused
S013,2025-01-01,2025-02-28,jan_feb_combined,export_demand_improves,false,0,0.0000,0.7000,1,,fused
S013,2025-01-01,2025-02-28,jan_feb_combined,grid_investment_accelerates,false,0,0.0000,0.7000,3,,fused
S013,2025-01-01,2025-02-28,jan_feb_combined,financing_constraint_eases,false,0,0.0000,0.7000,3,,fused
S013,2025-01-01,2025-02-28,jan_feb_combined,industry_competition_intensifies,false,0,0.0000,0.7000,1,,fused
S041,2025-01-01,2025-02-28,jan_feb_combined,policy_expands_effective_demand,true,1,0.3000,0.7000,2,将符合条件的国四排放标准燃油乘用车纳入可申请报废更新补贴的旧车范围,fused
S041,2025-01-01,2025-02-28,jan_feb_combined,policy_accelerates_project_implementation,false,0,0.0000,0.7000,2,,fused
S041,2025-01-01,2025-02-28,jan_feb_combined,capacity_under_construction,false,0,0.0000,0.7000,6,,fused
S041,2025-01-01,2025-02-28,jan_feb_combined,capacity_enters_production,false,0,0.0000,0.7000,1,,fused
S041,2025-01-01,2025-02-28,jan_feb_combined,order_demand_improves,false,0,0.0000,0.7000,1,,fused
S041,2025-01-01,2025-02-28,jan_feb_combined,inventory_pressure_increases,false,0,0.0000,0.7000,1,,fused
S041,2025-01-01,2025-02-28,jan_feb_combined,product_price_recovers,false,0,0.0000,0.7000,1,,fused
S041,2025-01-01,2025-02-28,jan_feb_combined,raw_material_cost_pressure,false,0,0.0000,0.7000,1,,fused
S041,2025-01-01,2025-02-28,jan_feb_combined,export_demand_improves,false,0,0.0000,0.7000,1,,fused
S041,2025-01-01,2025-02-28,jan_feb_combined,grid_investment_accelerates,false,0,0.0000,0.7000,3,,fused
S041,2025-01-01,2025-02-28,jan_feb_combined,financing_constraint_eases,false,0,0.0000,0.7000,3,,fused
S041,2025-01-01,2025-02-28,jan_feb_combined,industry_competition_intensifies,false,0,0.0000,0.7000,1,,fused
S087,2025-01-01,2025-02-28,jan_feb_combined,policy_expands_effective_demand,false,0,0.0000,0.6000,2,,fused
S087,2025-01-01,2025-02-28,jan_feb_combined,policy_accelerates_project_implementation,false,0,0.0000,0.6000,2,,fused
S087,2025-01-01,2025-02-28,jan_feb_combined,capacity_under_construction,false,0,0.0000,0.6000,6,,fused
S087,2025-01-01,2025-02-28,jan_feb_combined,capacity_enters_production,false,0,0.0000,0.6000,1,,fused
S087,2025-01-01,2025-02-28,jan_feb_combined,order_demand_improves,true,1,0.3000,0.6000,1,新型储能装机规模首次超过抽水蓄能,fused
S087,2025-01-01,2025-02-28,jan_feb_combined,inventory_pressure_increases,false,0,0.0000,0.6000,1,,fused
S087,2025-01-01,2025-02-28,jan_feb_combined,product_price_recovers,false,0,0.0000,0.6000,1,,fused
S087,2025-01-01,2025-02-28,jan_feb_combined,raw_material_cost_pressure,false,0,0.0000,0.6000,1,,fused
S087,2025-01-01,2025-02-28,jan_feb_combined,export_demand_improves,false,0,0.0000,0.6000,1,,fused
S087,2025-01-01,2025-02-28,jan_feb_combined,grid_investment_accelerates,false,0,0.0000,0.6000,3,,fused
S087,2025-01-01,2025-02-28,jan_feb_combined,financing_constraint_eases,false,0,0.0000,0.6000,3,,fused
S087,2025-01-01,2025-02-28,jan_feb_combined,industry_competition_intensifies,false,0,0.0000,0.6000,1,,fused
S063,2025-01-01,2025-02-28,jan_feb_combined,policy_expands_effective_demand,false,0,0.0000,0.6000,2,,fused
S063,2025-01-01,2025-02-28,jan_feb_combined,policy_accelerates_project_implementation,false,0,0.0000,0.6000,2,,fused
S063,2025-01-01,2025-02-28,jan_feb_combined,capacity_under_construction,false,0,0.0000,0.6000,6,,fused
S063,2025-01-01,2025-02-28,jan_feb_combined,capacity_enters_production,false,0,0.0000,0.6000,1,,fused
S063,2025-01-01,2025-02-28,jan_feb_combined,order_demand_improves,true,1,0.3000,0.6000,1,2024年我国动力电池累计装车量548.4GWh，累计同比增长41.5%,fused
S063,2025-01-01,2025-02-28,jan_feb_combined,inventory_pressure_increases,false,0,0.0000,0.6000,1,,fused
S063,2025-01-01,2025-02-28,jan_feb_combined,product_price_recovers,false,0,0.0000,0.6000,1,,fused
S063,2025-01-01,2025-02-28,jan_feb_combined,raw_material_cost_pressure,false,0,0.0000,0.6000,1,,fused
S063,2025-01-01,2025-02-28,jan_feb_combined,export_demand_improves,false,0,0.0000,0.6000,1,,fused
S063,2025-01-01,2025-02-28,jan_feb_combined,grid_investment_accelerates,false,0,0.0000,0.6000,3,,fused
S063,2025-01-01,2025-02-28,jan_feb_combined,financing_constraint_eases,false,0,0.0000,0.6000,3,,fused
S063,2025-01-01,2025-02-28,jan_feb_combined,industry_competition_intensifies,true,-1,0.3500,0.6000,1,产能装车率仅52% 价格持续下跌,fused
S095,2025-01-01,2025-02-28,jan_feb_combined,policy_expands_effective_demand,false,0,0.0000,0.6000,2,,fused
S095,2025-01-01,2025-02-28,jan_feb_combined,policy_accelerates_project_implementation,false,0,0.0000,0.6000,2,,fused
S095,2025-01-01,2025-02-28,jan_feb_combined,capacity_under_construction,false,0,0.0000,0.6000,6,,fused
S095,2025-01-01,2025-02-28,jan_feb_combined,capacity_enters_production,false,0,0.0000,0.6000,1,,fused
S095,2025-01-01,2025-02-28,jan_feb_combined,order_demand_improves,false,0,0.0000,0.6000,1,,fused
S095,2025-01-01,2025-02-28,jan_feb_combined,inventory_pressure_increases,false,0,0.0000,0.6000,1,,fused
S095,2025-01-01,2025-02-28,jan_feb_combined,product_price_recovers,false,0,0.0000,0.6000,1,,fused
S095,2025-01-01,2025-02-28,jan_feb_combined,raw_material_cost_pressure,false,0,0.0000,0.6000,1,,fused
S095,2025-01-01,2025-02-28,jan_feb_combined,export_demand_improves,false,0,0.0000,0.6000,1,,fused
S095,2025-01-01,2025-02-28,jan_feb_combined,grid_investment_accelerates,false,0,0.0000,0.6000,3,,fused
S095,2025-01-01,2025-02-28,jan_feb_combined,financing_constraint_eases,false,0,0.0000,0.6000,3,,fused
S095,2025-01-01,2025-02-28,jan_feb_combined,industry_competition_intensifies,false,0,0.0000,0.6000,1,,fused
S115,2025-01-01,2025-02-28,jan_feb_combined,policy_expands_effective_demand,false,0,0.0000,0.6000,2,,fused
S115,2025-01-01,2025-02-28,jan_feb_combined,policy_accelerates_project_implementation,false,0,0.0000,0.6000,2,,fused
S115,2025-01-01,2025-02-28,jan_feb_combined,capacity_under_construction,false,0,0.0000,0.6000,6,,fused
S115,2025-01-01,2025-02-28,jan_feb_combined,capacity_enters_production,false,0,0.0000,0.6000,1,,fused
S115,2025-01-01,2025-02-28,jan_feb_combined,order_demand_improves,false,0,0.0000,0.6000,1,,fused
S115,2025-01-01,2025-02-28,jan_feb_combined,inventory_pressure_increases,false,0,0.0000,0.6000,1,,fused
S115,2025-01-01,2025-02-28,jan_feb_combined,product_price_recovers,false,0,0.0000,0.6000,1,,fused
S115,2025-01-01,2025-02-28,jan_feb_combined,raw_material_cost_pressure,false,0,0.0000,0.6000,1,,fused
S115,2025-01-01,2025-02-28,jan_feb_combined,export_demand_improves,true,1,0.6500,0.8100,1,全年中国汽车实现出口641万台，出口增速23%,fused
S115,2025-01-01,2025-02-28,jan_feb_combined,grid_investment_accelerates,false,0,0.0000,0.6000,3,,fused
S115,2025-01-01,2025-02-28,jan_feb_combined,financing_constraint_eases,false,0,0.0000,0.6000,3,,fused
S115,2025-01-01,2025-02-28,jan_feb_combined,industry_competition_intensifies,false,0,0.0000,0.6000,1,,fused
S083,2025-01-01,2025-02-28,jan_feb_combined,policy_expands_effective_demand,false,0,0.0000,0.6000,2,,fused
S083,2025-01-01,2025-02-28,jan_feb_combined,policy_accelerates_project_implementation,false,0,0.0000,0.6000,2,,fused
S083,2025-01-01,2025-02-28,jan_feb_combined,capacity_under_construction,false,0,0.0000,0.6000,6,,fused
S083,2025-01-01,2025-02-28,jan_feb_combined,capacity_enters_production,false,0,0.0000,0.6000,1,,fused
S083,2025-01-01,2025-02-28,jan_feb_combined,order_demand_improves,false,0,0.0000,0.6000,1,,fused
S083,2025-01-01,2025-02-28,jan_feb_combined,inventory_pressure_increases,false,0,0.0000,0.6000,1,,fused
S083,2025-01-01,2025-02-28,jan_feb_combined,product_price_recovers,false,0,0.0000,0.6000,1,,fused
S083,2025-01-01,2025-02-28,jan_feb_combined,raw_material_cost_pressure,false,0,0.0000,0.6000,1,,fused
S083,2025-01-01,2025-02-28,jan_feb_combined,export_demand_improves,false,0,0.0000,0.6000,1,,fused
S083,2025-01-01,2025-02-28,jan_feb_combined,grid_investment_accelerates,false,0,0.0000,0.6000,3,,fused
S083,2025-01-01,2025-02-28,jan_feb_combined,financing_constraint_eases,false,0,0.0000,0.6000,3,,fused
S083,2025-01-01,2025-02-28,jan_feb_combined,industry_competition_intensifies,false,0,0.0000,0.6000,1,,fused
S014,2025-01-01,2025-02-28,jan_feb_combined,policy_expands_effective_demand,false,0,0.0000,0.6000,2,,fused
S014,2025-01-01,2025-02-28,jan_feb_combined,policy_accelerates_project_implementation,false,0,0.0000,0.6000,2,,fused
S014,2025-01-01,2025-02-28,jan_feb_combined,capacity_under_construction,false,0,0.0000,0.6000,6,,fused
S014,2025-01-01,2025-02-28,jan_feb_combined,capacity_enters_production,false,0,0.0000,0.6000,1,,fused
S014,2025-01-01,2025-02-28,jan_feb_combined,order_demand_improves,true,1,0.6625,0.7350,1,总采招规模为196.4GWh,fused
S014,2025-01-01,2025-02-28,jan_feb_combined,inventory_pressure_increases,false,0,0.0000,0.6000,1,,fused
S014,2025-01-01,2025-02-28,jan_feb_combined,product_price_recovers,false,0,0.0000,0.6000,1,,fused
S014,2025-01-01,2025-02-28,jan_feb_combined,raw_material_cost_pressure,false,0,0.0000,0.6000,1,,fused
S014,2025-01-01,2025-02-28,jan_feb_combined,export_demand_improves,false,0,0.0000,0.6000,1,,fused
S014,2025-01-01,2025-02-28,jan_feb_combined,grid_investment_accelerates,false,0,0.0000,0.6000,3,,fused
S014,2025-01-01,2025-02-28,jan_feb_combined,financing_constraint_eases,false,0,0.0000,0.6000,3,,fused
S014,2025-01-01,2025-02-28,jan_feb_combined,industry_competition_intensifies,false,0,0.0000,0.6000,1,,fused
S113,2025-01-01,2025-02-28,jan_feb_combined,policy_expands_effective_demand,true,1,0.2000,0.7000,2,促进新能源高质量发展的通知,fused
S113,2025-01-01,2025-02-28,jan_feb_combined,policy_accelerates_project_implementation,true,1,0.1500,0.7000,2,深化新能源上网电价市场化改革,fused
S113,2025-01-01,2025-02-28,jan_feb_combined,capacity_under_construction,false,0,0.0000,0.7000,6,,fused
S113,2025-01-01,2025-02-28,jan_feb_combined,capacity_enters_production,false,0,0.0000,0.7000,1,,fused
S113,2025-01-01,2025-02-28,jan_feb_combined,order_demand_improves,false,0,0.0000,0.7000,1,,fused
S113,2025-01-01,2025-02-28,jan_feb_combined,inventory_pressure_increases,false,0,0.0000,0.7000,1,,fused
S113,2025-01-01,2025-02-28,jan_feb_combined,product_price_recovers,false,0,0.0000,0.7000,1,,fused
S113,2025-01-01,2025-02-28,jan_feb_combined,raw_material_cost_pressure,false,0,0.0000,0.7000,1,,fused
S113,2025-01-01,2025-02-28,jan_feb_combined,export_demand_improves,false,0,0.0000,0.7000,1,,fused
S113,2025-01-01,2025-02-28,jan_feb_combined,grid_investment_accelerates,true,1,0.6800,0.9325,3,深化新能源上网电价市场化改革,fused
S113,2025-01-01,2025-02-28,jan_feb_combined,financing_constraint_eases,false,0,0.0000,0.7000,3,,fused
S113,2025-01-01,2025-02-28,jan_feb_combined,industry_competition_intensifies,false,0,0.0000,0.7000,1,,fused
S049,2025-01-01,2025-02-28,jan_feb_combined,policy_expands_effective_demand,false,0,0.0000,0.7000,2,,fused
S049,2025-01-01,2025-02-28,jan_feb_combined,policy_accelerates_project_implementation,false,0,0.0000,0.7000,2,,fused
S049,2025-01-01,2025-02-28,jan_feb_combined,capacity_under_construction,false,0,0.0000,0.7000,6,,fused
S049,2025-01-01,2025-02-28,jan_feb_combined,capacity_enters_production,false,0,0.0000,0.7000,1,,fused
S049,2025-01-01,2025-02-28,jan_feb_combined,order_demand_improves,false,0,0.0000,0.7000,1,,fused
S049,2025-01-01,2025-02-28,jan_feb_combined,inventory_pressure_increases,false,0,0.0000,0.7000,1,,fused
S049,2025-01-01,2025-02-28,jan_feb_combined,product_price_recovers,false,0,0.0000,0.7000,1,,fused
S049,2025-01-01,2025-02-28,jan_feb_combined,raw_material_cost_pressure,false,0,0.0000,0.7000,1,,fused
S049,2025-01-01,2025-02-28,jan_feb_combined,export_demand_improves,false,0,0.0000,0.7000,1,,fused
S049,2025-01-01,2025-02-28,jan_feb_combined,grid_investment_accelerates,false,0,0.0000,0.7000,3,,fused
S049,2025-01-01,2025-02-28,jan_feb_combined,financing_constraint_eases,false,0,0.0000,0.7000,3,,fused
S049,2025-01-01,2025-02-28,jan_feb_combined,industry_competition_intensifies,false,0,0.0000,0.7000,1,,fused
S127,2025-03-01,2025-03-31,month,policy_expands_effective_demand,false,0,0.0000,0.6000,2,,fused
S127,2025-03-01,2025-03-31,month,policy_accelerates_project_implementation,false,0,0.0000,0.6000,2,,fused
S127,2025-03-01,2025-03-31,month,capacity_under_construction,false,0,0.0000,0.6000,6,,fused
S127,2025-03-01,2025-03-31,month,capacity_enters_production,false,0,0.0000,0.6000,1,,fused
S127,2025-03-01,2025-03-31,month,order_demand_improves,false,0,0.0000,0.6000,1,,fused
S127,2025-03-01,2025-03-31,month,inventory_pressure_increases,false,0,0.0000,0.6000,1,,fused
S127,2025-03-01,2025-03-31,month,product_price_recovers,false,0,0.0000,0.6000,1,,fused
S127,2025-03-01,2025-03-31,month,raw_material_cost_pressure,false,0,0.0000,0.6000,1,,fused
S127,2025-03-01,2025-03-31,month,export_demand_improves,false,0,0.0000,0.6000,1,,fused
S127,2025-03-01,2025-03-31,month,grid_investment_accelerates,false,0,0.0000,0.6000,3,,fused
S127,2025-03-01,2025-03-31,month,financing_constraint_eases,false,0,0.0000,0.6000,3,,fused
S127,2025-03-01,2025-03-31,month,industry_competition_intensifies,false,0,0.0000,0.6000,1,,fused
S053,2025-03-01,2025-03-31,month,policy_expands_effective_demand,false,0,0.0000,0.7000,2,,fused
S053,2025-03-01,2025-03-31,month,policy_accelerates_project_implementation,true,1,0.7000,0.9325,6,加快推进可再生能源绿色电力证书（以下简称绿证）市场建设，是以更大力度推动可再生能源高质量发展的关键举措,fused
S053,2025-03-01,2025-03-31,month,capacity_under_construction,false,0,0.0000,0.7000,6,,fused
S053,2025-03-01,2025-03-31,month,capacity_enters_production,false,0,0.0000,0.7000,1,,fused
S053,2025-03-01,2025-03-31,month,order_demand_improves,false,0,0.0000,0.7000,1,,fused
S053,2025-03-01,2025-03-31,month,inventory_pressure_increases,false,0,0.0000,0.7000,1,,fused
S053,2025-03-01,2025-03-31,month,product_price_recovers,false,0,0.0000,0.7000,1,,fused
S053,2025-03-01,2025-03-31,month,raw_material_cost_pressure,false,0,0.0000,0.7000,1,,fused
S053,2025-03-01,2025-03-31,month,export_demand_improves,false,0,0.0000,0.7000,1,,fused
S053,2025-03-01,2025-03-31,month,grid_investment_accelerates,true,1,0.8000,0.9325,3,"原文摘要：""> 国家发展改革委等部门关于促进可再生能源绿色电力证书市场高质量发展的意见 发改能源〔2025〕262号各省、自治区、直辖市、新疆生产建设兵团发展改革委、能源局、工业和信息化主管部门、商务主管部门、数据管理部门，国家能源局各派出机构，国家电网有限公司、中国南方电网有限责任公司、内蒙古电力（集团）有限责任公司",fused
S053,2025-03-01,2025-03-31,month,financing_constraint_eases,false,0,0.0000,0.7000,3,,fused
S053,2025-03-01,2025-03-31,month,industry_competition_intensifies,false,0,0.0000,0.7000,1,,fused
S117,2025-04-01,2025-04-30,month,policy_expands_effective_demand,false,0,0.0000,0.9000,2,,fused
S117,2025-04-01,2025-04-30,month,policy_accelerates_project_implementation,false,0,0.0000,0.9000,2,,fused
S117,2025-04-01,2025-04-30,month,capacity_under_construction,false,0,0.0000,0.9000,6,,fused
S117,2025-04-01,2025-04-30,month,capacity_enters_production,false,0,0.0000,0.9000,1,,fused
S117,2025-04-01,2025-04-30,month,order_demand_improves,false,0,0.0000,0.9000,1,,fused
S117,2025-04-01,2025-04-30,month,inventory_pressure_increases,false,0,0.0000,0.9000,1,,fused
S117,2025-04-01,2025-04-30,month,product_price_recovers,false,0,0.0000,0.9000,1,,fused
S117,2025-04-01,2025-04-30,month,raw_material_cost_pressure,false,0,0.0000,0.9000,1,,fused
S117,2025-04-01,2025-04-30,month,export_demand_improves,false,0,0.0000,0.9000,1,,fused
S117,2025-04-01,2025-04-30,month,grid_investment_accelerates,false,0,0.0000,0.9000,3,,fused
S117,2025-04-01,2025-04-30,month,financing_constraint_eases,false,0,0.0000,0.9000,3,,fused
S117,2025-04-01,2025-04-30,month,industry_competition_intensifies,false,0,0.0000,0.9000,1,,fused
S027,2025-04-01,2025-04-30,month,policy_expands_effective_demand,false,0,0.0000,0.7000,2,,fused
S027,2025-04-01,2025-04-30,month,policy_accelerates_project_implementation,false,0,0.0000,0.7000,2,,fused
S027,2025-04-01,2025-04-30,month,capacity_under_construction,false,0,0.0000,0.7000,6,,fused
S027,2025-04-01,2025-04-30,month,capacity_enters_production,false,0,0.0000,0.7000,1,,fused
S027,2025-04-01,2025-04-30,month,order_demand_improves,true,1,0.3000,0.7000,1,新能源汽车产销量完成318.2万辆和307.5万辆，同比分别增长50.4%和47.1%,fused
S027,2025-04-01,2025-04-30,month,inventory_pressure_increases,false,0,0.0000,0.7000,1,,fused
S027,2025-04-01,2025-04-30,month,product_price_recovers,false,0,0.0000,0.7000,1,,fused
S027,2025-04-01,2025-04-30,month,raw_material_cost_pressure,false,0,0.0000,0.7000,1,,fused
S027,2025-04-01,2025-04-30,month,export_demand_improves,false,0,0.0000,0.7000,1,,fused
S027,2025-04-01,2025-04-30,month,grid_investment_accelerates,false,0,0.0000,0.7000,3,,fused
S027,2025-04-01,2025-04-30,month,financing_constraint_eases,false,0,0.0000,0.7000,3,,fused
S027,2025-04-01,2025-04-30,month,industry_competition_intensifies,false,0,0.0000,0.7000,1,,fused
EVT-NWS-004,2025-05-01,2025-05-31,month,policy_expands_effective_demand,false,0,0.0000,0.6000,2,,fused
EVT-NWS-004,2025-05-01,2025-05-31,month,policy_accelerates_project_implementation,false,0,0.0000,0.6000,2,,fused
EVT-NWS-004,2025-05-01,2025-05-31,month,capacity_under_construction,false,0,0.0000,0.6000,6,,fused
EVT-NWS-004,2025-05-01,2025-05-31,month,capacity_enters_production,false,0,0.0000,0.6000,1,,fused
EVT-NWS-004,2025-05-01,2025-05-31,month,order_demand_improves,false,0,0.0000,0.6000,1,,fused
EVT-NWS-004,2025-05-01,2025-05-31,month,inventory_pressure_increases,false,0,0.0000,0.6000,1,,fused
EVT-NWS-004,2025-05-01,2025-05-31,month,product_price_recovers,false,0,0.0000,0.6000,1,,fused
EVT-NWS-004,2025-05-01,2025-05-31,month,raw_material_cost_pressure,false,0,0.0000,0.6000,1,,fused
EVT-NWS-004,2025-05-01,2025-05-31,month,export_demand_improves,false,0,0.0000,0.6000,1,,fused
EVT-NWS-004,2025-05-01,2025-05-31,month,grid_investment_accelerates,false,0,0.0000,0.6000,3,,fused
EVT-NWS-004,2025-05-01,2025-05-31,month,financing_constraint_eases,false,0,0.0000,0.6000,3,,fused
EVT-NWS-004,2025-05-01,2025-05-31,month,industry_competition_intensifies,false,0,0.0000,0.6000,1,,fused
S043,2025-05-01,2025-05-31,month,policy_expands_effective_demand,true,1,0.7500,0.8800,2,“以旧换新”政策显效新能源车置换热潮涌动,fused
S043,2025-05-01,2025-05-31,month,policy_accelerates_project_implementation,false,0,0.0000,0.7000,2,,fused
S043,2025-05-01,2025-05-31,month,capacity_under_construction,false,0,0.0000,0.7000,6,,fused
S043,2025-05-01,2025-05-31,month,capacity_enters_production,false,0,0.0000,0.7000,1,,fused
S043,2025-05-01,2025-05-31,month,order_demand_improves,true,1,0.8000,0.8800,1,在买觉得很合适。”5月18日，正在看车的刘女士告诉中国证券报记者。 “我们店置换订单和首购订单比例大概是6：4。”“厂家对指定置换车型有1万元补贴”…… 日前，中国证券报记者实地走访车市了解到，随着“以旧换新”政策持续发力，叠加车企新品投放和自掏腰包促销加码，汽车市场消费活力明显提升。商务部数据显示，全国汽车以旧换新补,fused
S043,2025-05-01,2025-05-31,month,inventory_pressure_increases,false,0,0.0000,0.7000,1,,fused
S043,2025-05-01,2025-05-31,month,product_price_recovers,false,0,0.0000,0.7000,1,,fused
S043,2025-05-01,2025-05-31,month,raw_material_cost_pressure,false,0,0.0000,0.7000,1,,fused
S043,2025-05-01,2025-05-31,month,export_demand_improves,false,0,0.0000,0.7000,1,,fused
S043,2025-05-01,2025-05-31,month,grid_investment_accelerates,false,0,0.0000,0.7000,3,,fused
S043,2025-05-01,2025-05-31,month,financing_constraint_eases,false,0,0.0000,0.7000,3,,fused
S043,2025-05-01,2025-05-31,month,industry_competition_intensifies,false,0,0.0000,0.7000,1,,fused
S057,2025-06-01,2025-06-30,month,policy_expands_effective_demand,false,0,0.0000,0.7000,2,,fused
S057,2025-06-01,2025-06-30,month,policy_accelerates_project_implementation,false,0,0.0000,0.7000,2,,fused
S057,2025-06-01,2025-06-30,month,capacity_under_construction,false,0,0.0000,0.7000,6,,fused
S057,2025-06-01,2025-06-30,month,capacity_enters_production,false,0,0.0000,0.7000,1,,fused
S057,2025-06-01,2025-06-30,month,order_demand_improves,false,0,0.0000,0.7000,1,,fused
S057,2025-06-01,2025-06-30,month,inventory_pressure_increases,false,0,0.0000,0.7000,1,,fused
S057,2025-06-01,2025-06-30,month,product_price_recovers,false,0,0.0000,0.7000,1,,fused
S057,2025-06-01,2025-06-30,month,raw_material_cost_pressure,false,0,0.0000,0.7000,1,,fused
S057,2025-06-01,2025-06-30,month,export_demand_improves,false,0,0.0000,0.7000,1,,fused
S057,2025-06-01,2025-06-30,month,grid_investment_accelerates,false,0,0.0000,0.7000,3,,fused
S057,2025-06-01,2025-06-30,month,financing_constraint_eases,false,0,0.0000,0.7000,3,,fused
S057,2025-06-01,2025-06-30,month,industry_competition_intensifies,false,0,0.0000,0.7000,1,,fused
EVT-NWS-005,2025-06-01,2025-06-30,month,policy_expands_effective_demand,false,0,0.0000,0.6000,2,,fused
EVT-NWS-005,2025-06-01,2025-06-30,month,policy_accelerates_project_implementation,false,0,0.0000,0.6000,2,,fused
EVT-NWS-005,2025-06-01,2025-06-30,month,capacity_under_construction,true,1,0.5500,0.8100,6,新建TOPCon产能项目进度滞后,fused
EVT-NWS-005,2025-06-01,2025-06-30,month,capacity_enters_production,false,0,0.0000,0.6000,1,,fused
EVT-NWS-005,2025-06-01,2025-06-30,month,order_demand_improves,false,0,0.0000,0.6000,1,,fused
EVT-NWS-005,2025-06-01,2025-06-30,month,inventory_pressure_increases,false,0,0.0000,0.6000,1,,fused
EVT-NWS-005,2025-06-01,2025-06-30,month,product_price_recovers,false,0,0.0000,0.6000,1,,fused
EVT-NWS-005,2025-06-01,2025-06-30,month,raw_material_cost_pressure,false,0,0.0000,0.6000,1,,fused
EVT-NWS-005,2025-06-01,2025-06-30,month,export_demand_improves,false,0,0.0000,0.6000,1,,fused
EVT-NWS-005,2025-06-01,2025-06-30,month,grid_investment_accelerates,false,0,0.0000,0.6000,3,,fused
EVT-NWS-005,2025-06-01,2025-06-30,month,financing_constraint_eases,false,0,0.0000,0.6000,3,,fused
EVT-NWS-005,2025-06-01,2025-06-30,month,industry_competition_intensifies,true,-1,0.3000,0.6000,1,受技术迭代加速、光伏产业链价格普跌等因素冲击,fused
S124,2025-07-01,2025-07-31,month,policy_expands_effective_demand,true,1,0.2500,0.7000,2,合理确定大功率充电设施发展目标和建设任务,fused
S124,2025-07-01,2025-07-31,month,policy_accelerates_project_implementation,true,1,0.2000,0.7000,2,根据需要适时制定大功率充电设施专项,fused
S124,2025-07-01,2025-07-31,month,capacity_under_construction,false,0,0.0000,0.7000,6,,fused
S124,2025-07-01,2025-07-31,month,capacity_enters_production,false,0,0.0000,0.7000,1,,fused
S124,2025-07-01,2025-07-31,month,order_demand_improves,false,0,0.0000,0.7000,1,,fused
S124,2025-07-01,2025-07-31,month,inventory_pressure_increases,false,0,0.0000,0.7000,1,,fused
S124,2025-07-01,2025-07-31,month,product_price_recovers,false,0,0.0000,0.7000,1,,fused
S124,2025-07-01,2025-07-31,month,raw_material_cost_pressure,false,0,0.0000,0.7000,1,,fused
S124,2025-07-01,2025-07-31,month,export_demand_improves,false,0,0.0000,0.7000,1,,fused
S124,2025-07-01,2025-07-31,month,grid_investment_accelerates,true,1,0.8000,0.9325,3,"原文摘要：2025年7月7日 - 省级牵头负责充电设施发展的部门要会同其他相关部门在充电网络规划中合理确定大功率充电设施发展目标和建设任务,根据需要适时制定大功率充电设施专项... 来源为国家发展改革委，首次公开日期核验为2025-07-07。",fused
S124,2025-07-01,2025-07-31,month,financing_constraint_eases,false,0,0.0000,0.7000,3,,fused
S124,2025-07-01,2025-07-31,month,industry_competition_intensifies,false,0,0.0000,0.7000,1,,fused
DANN-001,2025-07-01,2025-07-31,month,policy_expands_effective_demand,false,0,0.0000,0.7000,2,,fused
DANN-001,2025-07-01,2025-07-31,month,policy_accelerates_project_implementation,false,0,0.0000,0.7000,2,,fused
DANN-001,2025-07-01,2025-07-31,month,capacity_under_construction,false,0,0.0000,0.7000,6,,fused
DANN-001,2025-07-01,2025-07-31,month,capacity_enters_production,false,0,0.0000,0.7000,1,,fused
DANN-001,2025-07-01,2025-07-31,month,order_demand_improves,false,0,0.0000,0.7000,1,,fused
DANN-001,2025-07-01,2025-07-31,month,inventory_pressure_increases,true,-1,0.4000,0.9000,1,叠加产业链各环节产能供需失衡，库存压 力等因素影响，产品价格持续下跌,fused
DANN-001,2025-07-01,2025-07-31,month,product_price_recovers,false,0,0.0000,0.7000,1,,fused
DANN-001,2025-07-01,2025-07-31,month,raw_material_cost_pressure,false,0,0.0000,0.7000,1,,fused
DANN-001,2025-07-01,2025-07-31,month,export_demand_improves,false,0,0.0000,0.7000,1,,fused
DANN-001,2025-07-01,2025-07-31,month,grid_investment_accelerates,false,0,0.0000,0.7000,3,,fused
DANN-001,2025-07-01,2025-07-31,month,financing_constraint_eases,false,0,0.0000,0.7000,3,,fused
DANN-001,2025-07-01,2025-07-31,month,industry_competition_intensifies,true,-1,0.4500,0.9000,1,产能供需失衡，库存压 力等因素影响，产品价格持续下跌,fused
S035,2025-07-01,2025-07-31,month,policy_expands_effective_demand,false,0,0.0000,0.7000,2,,fused
S035,2025-07-01,2025-07-31,month,policy_accelerates_project_implementation,false,0,0.0000,0.7000,2,,fused
S035,2025-07-01,2025-07-31,month,capacity_under_construction,false,0,0.0000,0.7000,6,,fused
S035,2025-07-01,2025-07-31,month,capacity_enters_production,false,0,0.0000,0.7000,1,,fused
S035,2025-07-01,2025-07-31,month,order_demand_improves,true,1,0.3000,0.7000,1,释放出行业需求回暖、出货量稳步攀升的信号,fused
S035,2025-07-01,2025-07-31,month,inventory_pressure_increases,false,0,0.0000,0.7000,1,,fused
S035,2025-07-01,2025-07-31,month,product_price_recovers,true,1,0.6500,0.8800,1,风电行业招标价格已呈现回升态势,fused
S035,2025-07-01,2025-07-31,month,raw_material_cost_pressure,false,0,0.0000,0.7000,1,,fused
S035,2025-07-01,2025-07-31,month,export_demand_improves,true,1,0.8000,0.8800,1,“海上+海外”双驱动 风电行业景气回升|上海证券报。原文摘要：◎邱思雨 李子健 记者 仲茜 近期，风电企业大金重工、广大特材等公司相继披露半年度业绩预增公告，释放出行业需求回暖、出货量稳步攀升的信号。同时，上海证券报记者在调研中获悉，在政策持续引导、行业自律协同等多重因素共同作用下，风电行业招标价格已呈现回升态势，且这,fused
S035,2025-07-01,2025-07-31,month,grid_investment_accelerates,false,0,0.0000,0.7000,3,,fused
S035,2025-07-01,2025-07-31,month,financing_constraint_eases,false,0,0.0000,0.7000,3,,fused
S035,2025-07-01,2025-07-31,month,industry_competition_intensifies,false,0,0.0000,0.7000,1,,fused
EVT-NWS-007,2025-07-01,2025-07-31,month,policy_expands_effective_demand,false,0,0.0000,0.6000,2,,fused
EVT-NWS-007,2025-07-01,2025-07-31,month,policy_accelerates_project_implementation,false,0,0.0000,0.6000,2,,fused
EVT-NWS-007,2025-07-01,2025-07-31,month,capacity_under_construction,false,0,0.0000,0.6000,6,,fused
EVT-NWS-007,2025-07-01,2025-07-31,month,capacity_enters_production,false,0,0.0000,0.6000,1,,fused
EVT-NWS-007,2025-07-01,2025-07-31,month,order_demand_improves,false,0,0.0000,0.6000,1,,fused
EVT-NWS-007,2025-07-01,2025-07-31,month,inventory_pressure_increases,true,-1,0.3500,0.6000,1,供需失衡持续，行业整体疲软，整体盈利能力未得到修复,fused
EVT-NWS-007,2025-07-01,2025-07-31,month,product_price_recovers,true,1,0.5600,0.8100,1,产业链价格逐步筑底回升,fused
EVT-NWS-007,2025-07-01,2025-07-31,month,raw_material_cost_pressure,false,0,0.0000,0.6000,1,,fused
EVT-NWS-007,2025-07-01,2025-07-31,month,export_demand_improves,false,0,0.0000,0.6000,1,,fused
EVT-NWS-007,2025-07-01,2025-07-31,month,grid_investment_accelerates,false,0,0.0000,0.6000,3,,fused
EVT-NWS-007,2025-07-01,2025-07-31,month,financing_constraint_eases,false,0,0.0000,0.6000,3,,fused
EVT-NWS-007,2025-07-01,2025-07-31,month,industry_competition_intensifies,true,-1,0.4500,0.6000,1,行业周期性下行、产业链价格持续走低,fused
S015,2025-07-01,2025-07-31,month,policy_expands_effective_demand,false,0,0.0000,0.6000,2,,fused
S015,2025-07-01,2025-07-31,month,policy_accelerates_project_implementation,false,0,0.0000,0.6000,2,,fused
S015,2025-07-01,2025-07-31,month,capacity_under_construction,false,0,0.0000,0.6000,6,,fused
S015,2025-07-01,2025-07-31,month,capacity_enters_production,false,0,0.0000,0.6000,1,,fused
S015,2025-07-01,2025-07-31,month,order_demand_improves,false,0,0.0000,0.6000,1,,fused
S015,2025-07-01,2025-07-31,month,inventory_pressure_increases,false,0,0.0000,0.6000,1,,fused
S015,2025-07-01,2025-07-31,month,product_price_recovers,false,0,0.0000,0.6000,1,,fused
S015,2025-07-01,2025-07-31,month,raw_material_cost_pressure,false,0,0.0000,0.6000,1,,fused
S015,2025-07-01,2025-07-31,month,export_demand_improves,true,1,0.8000,0.8100,1,发展回顾与下半年形势展望研讨会上，中国光伏行业协会名誉理事长王勃华从产量、价格、出口、效益等多个维度分析了光伏行业发展现状，... 来源为新浪财经，首次公开日期核验为2025-07-26。,fused
S015,2025-07-01,2025-07-31,month,grid_investment_accelerates,false,0,0.0000,0.6000,3,,fused
S015,2025-07-01,2025-07-31,month,financing_constraint_eases,false,0,0.0000,0.6000,3,,fused
S015,2025-07-01,2025-07-31,month,industry_competition_intensifies,true,-1,0.2500,0.6000,1,多部门力推落后光伏产能有序退出,fused
S111,2025-07-01,2025-07-31,month,policy_expands_effective_demand,false,0,0.0000,0.6000,2,,fused
S111,2025-07-01,2025-07-31,month,policy_accelerates_project_implementation,false,0,0.0000,0.6000,2,,fused
S111,2025-07-01,2025-07-31,month,capacity_under_construction,false,0,0.0000,0.6000,6,,fused
S111,2025-07-01,2025-07-31,month,capacity_enters_production,false,0,0.0000,0.6000,1,,fused
S111,2025-07-01,2025-07-31,month,order_demand_improves,false,0,0.0000,0.6000,1,,fused
S111,2025-07-01,2025-07-31,month,inventory_pressure_increases,false,0,0.0000,0.6000,1,,fused
S111,2025-07-01,2025-07-31,month,product_price_recovers,false,0,0.0000,0.6000,1,,fused
S111,2025-07-01,2025-07-31,month,raw_material_cost_pressure,false,0,0.0000,0.6000,1,,fused
S111,2025-07-01,2025-07-31,month,export_demand_improves,false,0,0.0000,0.6000,1,,fused
S111,2025-07-01,2025-07-31,month,grid_investment_accelerates,false,0,0.0000,0.6000,3,,fused
S111,2025-07-01,2025-07-31,month,financing_constraint_eases,false,0,0.0000,0.6000,3,,fused
S111,2025-07-01,2025-07-31,month,industry_competition_intensifies,false,0,0.0000,0.6000,1,,fused
S067,2025-08-01,2025-08-31,month,policy_expands_effective_demand,false,0,0.0000,0.7000,2,,fused
S067,2025-08-01,2025-08-31,month,policy_accelerates_project_implementation,false,0,0.0000,0.7000,2,,fused
S067,2025-08-01,2025-08-31,month,capacity_under_construction,false,0,0.0000,0.7000,6,,fused
S067,2025-08-01,2025-08-31,month,capacity_enters_production,false,0,0.0000,0.7000,1,,fused
S067,2025-08-01,2025-08-31,month,order_demand_improves,false,0,0.0000,0.7000,1,,fused
S067,2025-08-01,2025-08-31,month,inventory_pressure_increases,false,0,0.0000,0.7000,1,,fused
S067,2025-08-01,2025-08-31,month,product_price_recovers,false,0,0.0000,0.7000,1,,fused
S067,2025-08-01,2025-08-31,month,raw_material_cost_pressure,false,0,0.0000,0.7000,1,,fused
S067,2025-08-01,2025-08-31,month,export_demand_improves,false,0,0.0000,0.7000,1,,fused
S067,2025-08-01,2025-08-31,month,grid_investment_accelerates,false,0,0.0000,0.7000,3,,fused
S067,2025-08-01,2025-08-31,month,financing_constraint_eases,false,0,0.0000,0.7000,3,,fused
S067,2025-08-01,2025-08-31,month,industry_competition_intensifies,true,-1,0.1500,0.7000,1,光伏行业持续整治无序竞争,fused
EVT-NWS-006,2025-08-01,2025-08-31,month,policy_expands_effective_demand,false,0,0.0000,0.6000,2,,fused
EVT-NWS-006,2025-08-01,2025-08-31,month,policy_accelerates_project_implementation,false,0,0.0000,0.6000,2,,fused
EVT-NWS-006,2025-08-01,2025-08-31,month,capacity_under_construction,false,0,0.0000,0.6000,6,,fused
EVT-NWS-006,2025-08-01,2025-08-31,month,capacity_enters_production,false,0,0.0000,0.6000,1,,fused
EVT-NWS-006,2025-08-01,2025-08-31,month,order_demand_improves,false,0,0.0000,0.6000,1,,fused
EVT-NWS-006,2025-08-01,2025-08-31,month,inventory_pressure_increases,false,0,0.0000,0.6000,1,,fused
EVT-NWS-006,2025-08-01,2025-08-31,month,product_price_recovers,false,0,0.0000,0.6000,1,,fused
EVT-NWS-006,2025-08-01,2025-08-31,month,raw_material_cost_pressure,false,0,0.0000,0.6000,1,,fused
EVT-NWS-006,2025-08-01,2025-08-31,month,export_demand_improves,false,0,0.0000,0.6000,1,,fused
EVT-NWS-006,2025-08-01,2025-08-31,month,grid_investment_accelerates,false,0,0.0000,0.6000,3,,fused
EVT-NWS-006,2025-08-01,2025-08-31,month,financing_constraint_eases,false,0,0.0000,0.6000,3,,fused
EVT-NWS-006,2025-08-01,2025-08-31,month,industry_competition_intensifies,false,0,0.0000,0.6000,1,,fused
S045,2025-08-01,2025-08-31,month,policy_expands_effective_demand,false,0,0.0000,0.7000,2,,fused
S045,2025-08-01,2025-08-31,month,policy_accelerates_project_implementation,false,0,0.0000,0.7000,2,,fused
S045,2025-08-01,2025-08-31,month,capacity_under_construction,false,0,0.0000,0.7000,6,,fused
S045,2025-08-01,2025-08-31,month,capacity_enters_production,false,0,0.0000,0.7000,1,,fused
S045,2025-08-01,2025-08-31,month,order_demand_improves,false,0,0.0000,0.7000,1,,fused
S045,2025-08-01,2025-08-31,month,inventory_pressure_increases,false,0,0.0000,0.7000,1,,fused
S045,2025-08-01,2025-08-31,month,product_price_recovers,false,0,0.0000,0.7000,1,,fused
S045,2025-08-01,2025-08-31,month,raw_material_cost_pressure,false,0,0.0000,0.7000,1,,fused
S045,2025-08-01,2025-08-31,month,export_demand_improves,false,0,0.0000,0.7000,1,,fused
S045,2025-08-01,2025-08-31,month,grid_investment_accelerates,false,0,0.0000,0.7000,3,,fused
S045,2025-08-01,2025-08-31,month,financing_constraint_eases,false,0,0.0000,0.7000,3,,fused
S045,2025-08-01,2025-08-31,month,industry_competition_intensifies,false,0,0.0000,0.7000,1,,fused
S125,2025-08-01,2025-08-31,month,policy_expands_effective_demand,true,1,0.2000,0.7000,2,为推动新型储能高质量发展，国家发展改革委、国家能源局研究制定了《新型储能规模化建设专项行动方案（2025—2027年）》,fused
S125,2025-08-01,2025-08-31,month,policy_accelerates_project_implementation,true,1,0.1200,0.7000,2,现予印发，请结合实际认真抓好贯彻落实,fused
S125,2025-08-01,2025-08-31,month,capacity_under_construction,false,0,0.0000,0.7000,6,,fused
S125,2025-08-01,2025-08-31,month,capacity_enters_production,false,0,0.0000,0.7000,1,,fused
S125,2025-08-01,2025-08-31,month,order_demand_improves,false,0,0.0000,0.7000,1,,fused
S125,2025-08-01,2025-08-31,month,inventory_pressure_increases,false,0,0.0000,0.7000,1,,fused
S125,2025-08-01,2025-08-31,month,product_price_recovers,false,0,0.0000,0.7000,1,,fused
S125,2025-08-01,2025-08-31,month,raw_material_cost_pressure,false,0,0.0000,0.7000,1,,fused
S125,2025-08-01,2025-08-31,month,export_demand_improves,false,0,0.0000,0.7000,1,,fused
S125,2025-08-01,2025-08-31,month,grid_investment_accelerates,false,0,0.0000,0.7000,3,,fused
S125,2025-08-01,2025-08-31,month,financing_constraint_eases,false,0,0.0000,0.7000,3,,fused
S125,2025-08-01,2025-08-31,month,industry_competition_intensifies,false,0,0.0000,0.7000,1,,fused
DANN-003,2025-08-01,2025-08-31,month,policy_expands_effective_demand,false,0,0.0000,0.7000,2,,fused
DANN-003,2025-08-01,2025-08-31,month,policy_accelerates_project_implementation,false,0,0.0000,0.7000,2,,fused
DANN-003,2025-08-01,2025-08-31,month,capacity_under_construction,false,0,0.0000,0.7000,6,,fused
DANN-003,2025-08-01,2025-08-31,month,capacity_enters_production,false,0,0.0000,0.7000,1,,fused
DANN-003,2025-08-01,2025-08-31,month,order_demand_improves,false,0,0.0000,0.7000,1,,fused
DANN-003,2025-08-01,2025-08-31,month,inventory_pressure_increases,false,0,0.0000,0.7000,1,,fused
DANN-003,2025-08-01,2025-08-31,month,product_price_recovers,false,0,0.0000,0.7000,1,,fused
DANN-003,2025-08-01,2025-08-31,month,raw_material_cost_pressure,false,0,0.0000,0.7000,1,,fused
DANN-003,2025-08-01,2025-08-31,month,export_demand_improves,false,0,0.0000,0.7000,1,,fused
DANN-003,2025-08-01,2025-08-31,month,grid_investment_accelerates,false,0,0.0000,0.7000,3,,fused
DANN-003,2025-08-01,2025-08-31,month,financing_constraint_eases,false,0,0.0000,0.7000,3,,fused
DANN-003,2025-08-01,2025-08-31,month,industry_competition_intensifies,false,0,0.0000,0.7000,1,,fused
DANN-005,2025-08-01,2025-08-31,month,policy_expands_effective_demand,false,0,0.0000,0.7000,2,,fused
DANN-005,2025-08-01,2025-08-31,month,policy_accelerates_project_implementation,false,0,0.0000,0.7000,2,,fused
DANN-005,2025-08-01,2025-08-31,month,capacity_under_construction,false,0,0.0000,0.7000,6,,fused
DANN-005,2025-08-01,2025-08-31,month,capacity_enters_production,false,0,0.0000,0.7000,1,,fused
DANN-005,2025-08-01,2025-08-31,month,order_demand_improves,false,0,0.0000,0.7000,1,,fused
DANN-005,2025-08-01,2025-08-31,month,inventory_pressure_increases,false,0,0.0000,0.7000,1,,fused
DANN-005,2025-08-01,2025-08-31,month,product_price_recovers,false,0,0.0000,0.7000,1,,fused
DANN-005,2025-08-01,2025-08-31,month,raw_material_cost_pressure,false,0,0.0000,0.7000,1,,fused
DANN-005,2025-08-01,2025-08-31,month,export_demand_improves,false,0,0.0000,0.7000,1,,fused
DANN-005,2025-08-01,2025-08-31,month,grid_investment_accelerates,false,0,0.0000,0.7000,3,,fused
DANN-005,2025-08-01,2025-08-31,month,financing_constraint_eases,false,0,0.0000,0.7000,3,,fused
DANN-005,2025-08-01,2025-08-31,month,industry_competition_intensifies,false,0,0.0000,0.7000,1,,fused
S102,2025-08-01,2025-08-31,month,policy_expands_effective_demand,false,0,0.0000,0.7000,2,,fused
S102,2025-08-01,2025-08-31,month,policy_accelerates_project_implementation,false,0,0.0000,0.7000,2,,fused
S102,2025-08-01,2025-08-31,month,capacity_under_construction,false,0,0.0000,0.7000,6,,fused
S102,2025-08-01,2025-08-31,month,capacity_enters_production,false,0,0.0000,0.7000,1,,fused
S102,2025-08-01,2025-08-31,month,order_demand_improves,false,0,0.0000,0.7000,1,,fused
S102,2025-08-01,2025-08-31,month,inventory_pressure_increases,false,0,0.0000,0.7000,1,,fused
S102,2025-08-01,2025-08-31,month,product_price_recovers,false,0,0.0000,0.7000,1,,fused
S102,2025-08-01,2025-08-31,month,raw_material_cost_pressure,false,0,0.0000,0.7000,1,,fused
S102,2025-08-01,2025-08-31,month,export_demand_improves,false,0,0.0000,0.7000,1,,fused
S102,2025-08-01,2025-08-31,month,grid_investment_accelerates,false,0,0.0000,0.7000,3,,fused
S102,2025-08-01,2025-08-31,month,financing_constraint_eases,false,0,0.0000,0.7000,3,,fused
S102,2025-08-01,2025-08-31,month,industry_competition_intensifies,false,0,0.0000,0.7000,1,,fused
EVT-NWS-008,2025-09-01,2025-09-30,month,policy_expands_effective_demand,false,0,0.0000,0.6000,2,,fused
EVT-NWS-008,2025-09-01,2025-09-30,month,policy_accelerates_project_implementation,true,1,0.8000,0.8100,2, 光电金属新材料 虚拟电厂分论坛要闻 企业 市场 财经 政策 国际 宏观 招标 项目 人物 技术 产业某光伏企业被迫停产停工遭员工不满拉横幅 来源：光伏界发布时间：2025-09-04 14:35:15分享：近日，某光伏企业由于市场行情及同行内卷等因素，被迫停产停工，遭员工不满拉横幅。据了解该公司成立于2020年，经营,fused
EVT-NWS-008,2025-09-01,2025-09-30,month,capacity_under_construction,false,0,0.0000,0.6000,6,,fused
EVT-NWS-008,2025-09-01,2025-09-30,month,capacity_enters_production,true,1,0.8000,0.8100,1,据了解该公司成立于2020年，经营范围包括许可项目：货物进出口，技术进出口（依法须经批准的项目，经相关部门批准后方可开展经营活动）一般项目：新兴能源技术研发，电力行业高效节能技术研发，电子专用材料研发，光伏设备及元器件制造，光伏设备及元器件销售，电子专用材料制造，电子专用材料销售，半导体器件专用设备制造，半导体器件专用,fused
EVT-NWS-008,2025-09-01,2025-09-30,month,order_demand_improves,false,0,0.0000,0.6000,1,,fused
EVT-NWS-008,2025-09-01,2025-09-30,month,inventory_pressure_increases,false,0,0.0000,0.6000,1,,fused
EVT-NWS-008,2025-09-01,2025-09-30,month,product_price_recovers,false,0,0.0000,0.6000,1,,fused
EVT-NWS-008,2025-09-01,2025-09-30,month,raw_material_cost_pressure,false,0,0.0000,0.6000,1,,fused
EVT-NWS-008,2025-09-01,2025-09-30,month,export_demand_improves,true,1,0.8000,0.8100,1,工，遭员工不满拉横幅。据了解该公司成立于2020年，经营范围包括许可项目：货物进出口，技术进出口（依法须经批准的项目，经相关部门批准后方可开展经营活动）一般项目：新兴能源技术研发，电力行业高效节能技术研发，电子专用材料研发，光伏设备及元器件制造，光伏设备及元器件销售，电子专用材料制造，电子专用材料销售，半导体器件专用设,fused
EVT-NWS-008,2025-09-01,2025-09-30,month,grid_investment_accelerates,false,0,0.0000,0.6000,3,,fused
EVT-NWS-008,2025-09-01,2025-09-30,month,financing_constraint_eases,false,0,0.0000,0.6000,3,,fused
EVT-NWS-008,2025-09-01,2025-09-30,month,industry_competition_intensifies,true,-1,0.8000,0.8100,1,由于市场行情及同行内卷等因素，被迫停产停工,fused
DANN-002,2025-09-01,2025-09-30,month,policy_expands_effective_demand,false,0,0.0000,0.7000,2,,fused
DANN-002,2025-09-01,2025-09-30,month,policy_accelerates_project_implementation,false,0,0.0000,0.7000,2,,fused
DANN-002,2025-09-01,2025-09-30,month,capacity_under_construction,false,0,0.0000,0.7000,6,,fused
DANN-002,2025-09-01,2025-09-30,month,capacity_enters_production,false,0,0.0000,0.7000,1,,fused
DANN-002,2025-09-01,2025-09-30,month,order_demand_improves,false,0,0.0000,0.7000,1,,fused
DANN-002,2025-09-01,2025-09-30,month,inventory_pressure_increases,false,0,0.0000,0.7000,1,,fused
DANN-002,2025-09-01,2025-09-30,month,product_price_recovers,false,0,0.0000,0.7000,1,,fused
DANN-002,2025-09-01,2025-09-30,month,raw_material_cost_pressure,false,0,0.0000,0.7000,1,,fused
DANN-002,2025-09-01,2025-09-30,month,export_demand_improves,false,0,0.0000,0.7000,1,,fused
DANN-002,2025-09-01,2025-09-30,month,grid_investment_accelerates,false,0,0.0000,0.7000,3,,fused
DANN-002,2025-09-01,2025-09-30,month,financing_constraint_eases,false,0,0.0000,0.7000,3,,fused
DANN-002,2025-09-01,2025-09-30,month,industry_competition_intensifies,false,0,0.0000,0.7000,1,,fused
S121,2025-09-01,2025-09-30,month,policy_expands_effective_demand,false,0,0.0000,0.7000,2,,fused
S121,2025-09-01,2025-09-30,month,policy_accelerates_project_implementation,true,1,0.8000,0.9325,2,原文摘要：为贯彻落实党中央、国务院决策部署，加快绿色低碳先进技术示范应用和推广，按照《绿色低碳先进技术示范工程实施方案》（发改环资〔2023〕1093号）工作部署，我委会同有关部门组织开展了第一批绿色低碳先进技术示范项目申报遴选工作。,fused
S121,2025-09-01,2025-09-30,month,capacity_under_construction,false,0,0.0000,0.7000,6,,fused
S121,2025-09-01,2025-09-30,month,capacity_enters_production,false,0,0.0000,0.7000,1,,fused
S121,2025-09-01,2025-09-30,month,order_demand_improves,false,0,0.0000,0.7000,1,,fused
S121,2025-09-01,2025-09-30,month,inventory_pressure_increases,false,0,0.0000,0.7000,1,,fused
S121,2025-09-01,2025-09-30,month,product_price_recovers,false,0,0.0000,0.7000,1,,fused
S121,2025-09-01,2025-09-30,month,raw_material_cost_pressure,false,0,0.0000,0.7000,1,,fused
S121,2025-09-01,2025-09-30,month,export_demand_improves,false,0,0.0000,0.7000,1,,fused
S121,2025-09-01,2025-09-30,month,grid_investment_accelerates,false,0,0.0000,0.7000,3,,fused
S121,2025-09-01,2025-09-30,month,financing_constraint_eases,false,0,0.0000,0.7000,3,,fused
S121,2025-09-01,2025-09-30,month,industry_competition_intensifies,false,0,0.0000,0.7000,1,,fused
S069,2025-09-01,2025-09-30,month,policy_expands_effective_demand,false,0,0.0000,0.7000,2,,fused
S069,2025-09-01,2025-09-30,month,policy_accelerates_project_implementation,false,0,0.0000,0.7000,2,,fused
S069,2025-09-01,2025-09-30,month,capacity_under_construction,false,0,0.0000,0.7000,6,,fused
S069,2025-09-01,2025-09-30,month,capacity_enters_production,false,0,0.0000,0.7000,1,,fused
S069,2025-09-01,2025-09-30,month,order_demand_improves,false,0,0.0000,0.7000,1,,fused
S069,2025-09-01,2025-09-30,month,inventory_pressure_increases,false,0,0.0000,0.7000,1,,fused
S069,2025-09-01,2025-09-30,month,product_price_recovers,false,0,0.0000,0.7000,1,,fused
S069,2025-09-01,2025-09-30,month,raw_material_cost_pressure,false,0,0.0000,0.7000,1,,fused
S069,2025-09-01,2025-09-30,month,export_demand_improves,false,0,0.0000,0.7000,1,,fused
S069,2025-09-01,2025-09-30,month,grid_investment_accelerates,false,0,0.0000,0.7000,3,,fused
S069,2025-09-01,2025-09-30,month,financing_constraint_eases,false,0,0.0000,0.7000,3,,fused
S069,2025-09-01,2025-09-30,month,industry_competition_intensifies,false,0,0.0000,0.7000,1,,fused
DANN-017,2025-09-01,2025-09-30,month,policy_expands_effective_demand,false,0,0.0000,0.7000,2,,fused
DANN-017,2025-09-01,2025-09-30,month,policy_accelerates_project_implementation,false,0,0.0000,0.7000,2,,fused
DANN-017,2025-09-01,2025-09-30,month,capacity_under_construction,false,0,0.0000,0.7000,6,,fused
DANN-017,2025-09-01,2025-09-30,month,capacity_enters_production,false,0,0.0000,0.7000,1,,fused
DANN-017,2025-09-01,2025-09-30,month,order_demand_improves,false,0,0.0000,0.7000,1,,fused
DANN-017,2025-09-01,2025-09-30,month,inventory_pressure_increases,false,0,0.0000,0.7000,1,,fused
DANN-017,2025-09-01,2025-09-30,month,product_price_recovers,false,0,0.0000,0.7000,1,,fused
DANN-017,2025-09-01,2025-09-30,month,raw_material_cost_pressure,false,0,0.0000,0.7000,1,,fused
DANN-017,2025-09-01,2025-09-30,month,export_demand_improves,false,0,0.0000,0.7000,1,,fused
DANN-017,2025-09-01,2025-09-30,month,grid_investment_accelerates,false,0,0.0000,0.7000,3,,fused
DANN-017,2025-09-01,2025-09-30,month,financing_constraint_eases,false,0,0.0000,0.7000,3,,fused
DANN-017,2025-09-01,2025-09-30,month,industry_competition_intensifies,false,0,0.0000,0.7000,1,,fused
S089,2025-10-01,2025-10-31,month,policy_expands_effective_demand,true,1,0.3000,0.7000,2,现就2026—2027年减免车辆购置税新能源汽车产品技术要求有关事项公告如下,fused
S089,2025-10-01,2025-10-31,month,policy_accelerates_project_implementation,false,0,0.0000,0.7000,2,,fused
S089,2025-10-01,2025-10-31,month,capacity_under_construction,false,0,0.0000,0.7000,6,,fused
S089,2025-10-01,2025-10-31,month,capacity_enters_production,false,0,0.0000,0.7000,1,,fused
S089,2025-10-01,2025-10-31,month,order_demand_improves,false,0,0.0000,0.7000,1,,fused
S089,2025-10-01,2025-10-31,month,inventory_pressure_increases,false,0,0.0000,0.7000,1,,fused
S089,2025-10-01,2025-10-31,month,product_price_recovers,false,0,0.0000,0.7000,1,,fused
S089,2025-10-01,2025-10-31,month,raw_material_cost_pressure,false,0,0.0000,0.7000,1,,fused
S089,2025-10-01,2025-10-31,month,export_demand_improves,false,0,0.0000,0.7000,1,,fused
S089,2025-10-01,2025-10-31,month,grid_investment_accelerates,false,0,0.0000,0.7000,3,,fused
S089,2025-10-01,2025-10-31,month,financing_constraint_eases,false,0,0.0000,0.7000,3,,fused
S089,2025-10-01,2025-10-31,month,industry_competition_intensifies,false,0,0.0000,0.7000,1,,fused
DANN-018,2025-10-01,2025-10-31,month,policy_expands_effective_demand,false,0,0.0000,0.7000,2,,fused
DANN-018,2025-10-01,2025-10-31,month,policy_accelerates_project_implementation,false,0,0.0000,0.7000,2,,fused
DANN-018,2025-10-01,2025-10-31,month,capacity_under_construction,false,0,0.0000,0.7000,6,,fused
DANN-018,2025-10-01,2025-10-31,month,capacity_enters_production,false,0,0.0000,0.7000,1,,fused
DANN-018,2025-10-01,2025-10-31,month,order_demand_improves,false,0,0.0000,0.7000,1,,fused
DANN-018,2025-10-01,2025-10-31,month,inventory_pressure_increases,false,0,0.0000,0.7000,1,,fused
DANN-018,2025-10-01,2025-10-31,month,product_price_recovers,false,0,0.0000,0.7000,1,,fused
DANN-018,2025-10-01,2025-10-31,month,raw_material_cost_pressure,false,0,0.0000,0.7000,1,,fused
DANN-018,2025-10-01,2025-10-31,month,export_demand_improves,false,0,0.0000,0.7000,1,,fused
DANN-018,2025-10-01,2025-10-31,month,grid_investment_accelerates,false,0,0.0000,0.7000,3,,fused
DANN-018,2025-10-01,2025-10-31,month,financing_constraint_eases,false,0,0.0000,0.7000,3,,fused
DANN-018,2025-10-01,2025-10-31,month,industry_competition_intensifies,false,0,0.0000,0.7000,1,,fused
S085,2025-10-01,2025-10-31,month,policy_expands_effective_demand,true,1,0.2000,0.7000,3,电动汽车充电设施服务能力“三年倍增”行动方案(2025—2027年),fused
S085,2025-10-01,2025-10-31,month,policy_accelerates_project_implementation,false,0,0.0000,0.7000,2,,fused
S085,2025-10-01,2025-10-31,month,capacity_under_construction,false,0,0.0000,0.7000,6,,fused
S085,2025-10-01,2025-10-31,month,capacity_enters_production,false,0,0.0000,0.7000,1,,fused
S085,2025-10-01,2025-10-31,month,order_demand_improves,false,0,0.0000,0.7000,1,,fused
S085,2025-10-01,2025-10-31,month,inventory_pressure_increases,false,0,0.0000,0.7000,1,,fused
S085,2025-10-01,2025-10-31,month,product_price_recovers,false,0,0.0000,0.7000,1,,fused
S085,2025-10-01,2025-10-31,month,raw_material_cost_pressure,false,0,0.0000,0.7000,1,,fused
S085,2025-10-01,2025-10-31,month,export_demand_improves,false,0,0.0000,0.7000,1,,fused
S085,2025-10-01,2025-10-31,month,grid_investment_accelerates,false,0,0.0000,0.7000,3,,fused
S085,2025-10-01,2025-10-31,month,financing_constraint_eases,false,0,0.0000,0.7000,3,,fused
S085,2025-10-01,2025-10-31,month,industry_competition_intensifies,false,0,0.0000,0.7000,1,,fused
DANN-015,2025-10-01,2025-10-31,month,policy_expands_effective_demand,false,0,0.0000,0.7000,2,,fused
DANN-015,2025-10-01,2025-10-31,month,policy_accelerates_project_implementation,false,0,0.0000,0.7000,2,,fused
DANN-015,2025-10-01,2025-10-31,month,capacity_under_construction,false,0,0.0000,0.7000,6,,fused
DANN-015,2025-10-01,2025-10-31,month,capacity_enters_production,false,0,0.0000,0.7000,1,,fused
DANN-015,2025-10-01,2025-10-31,month,order_demand_improves,false,0,0.0000,0.7000,1,,fused
DANN-015,2025-10-01,2025-10-31,month,inventory_pressure_increases,false,0,0.0000,0.7000,1,,fused
DANN-015,2025-10-01,2025-10-31,month,product_price_recovers,false,0,0.0000,0.7000,1,,fused
DANN-015,2025-10-01,2025-10-31,month,raw_material_cost_pressure,false,0,0.0000,0.7000,1,,fused
DANN-015,2025-10-01,2025-10-31,month,export_demand_improves,false,0,0.0000,0.7000,1,,fused
DANN-015,2025-10-01,2025-10-31,month,grid_investment_accelerates,false,0,0.0000,0.7000,3,,fused
DANN-015,2025-10-01,2025-10-31,month,financing_constraint_eases,false,0,0.0000,0.7000,3,,fused
DANN-015,2025-10-01,2025-10-31,month,industry_competition_intensifies,false,0,0.0000,0.7000,1,,fused
DANN-011,2025-10-01,2025-10-31,month,policy_expands_effective_demand,false,0,0.0000,0.7000,2,,fused
DANN-011,2025-10-01,2025-10-31,month,policy_accelerates_project_implementation,false,0,0.0000,0.7000,2,,fused
DANN-011,2025-10-01,2025-10-31,month,capacity_under_construction,false,0,0.0000,0.7000,6,,fused
DANN-011,2025-10-01,2025-10-31,month,capacity_enters_production,false,0,0.0000,0.7000,1,,fused
DANN-011,2025-10-01,2025-10-31,month,order_demand_improves,false,0,0.0000,0.7000,1,,fused
DANN-011,2025-10-01,2025-10-31,month,inventory_pressure_increases,false,0,0.0000,0.7000,1,,fused
DANN-011,2025-10-01,2025-10-31,month,product_price_recovers,false,0,0.0000,0.7000,1,,fused
DANN-011,2025-10-01,2025-10-31,month,raw_material_cost_pressure,false,0,0.0000,0.7000,1,,fused
DANN-011,2025-10-01,2025-10-31,month,export_demand_improves,false,0,0.0000,0.7000,1,,fused
DANN-011,2025-10-01,2025-10-31,month,grid_investment_accelerates,false,0,0.0000,0.7000,3,,fused
DANN-011,2025-10-01,2025-10-31,month,financing_constraint_eases,false,0,0.0000,0.7000,3,,fused
DANN-011,2025-10-01,2025-10-31,month,industry_competition_intensifies,false,0,0.0000,0.7000,1,,fused
DANN-012,2025-10-01,2025-10-31,month,policy_expands_effective_demand,false,0,0.0000,0.7000,2,,fused
DANN-012,2025-10-01,2025-10-31,month,policy_accelerates_project_implementation,false,0,0.0000,0.7000,2,,fused
DANN-012,2025-10-01,2025-10-31,month,capacity_under_construction,false,0,0.0000,0.7000,6,,fused
DANN-012,2025-10-01,2025-10-31,month,capacity_enters_production,false,0,0.0000,0.7000,1,,fused
DANN-012,2025-10-01,2025-10-31,month,order_demand_improves,false,0,0.0000,0.7000,1,,fused
DANN-012,2025-10-01,2025-10-31,month,inventory_pressure_increases,false,0,0.0000,0.7000,1,,fused
DANN-012,2025-10-01,2025-10-31,month,product_price_recovers,false,0,0.0000,0.7000,1,,fused
DANN-012,2025-10-01,2025-10-31,month,raw_material_cost_pressure,false,0,0.0000,0.7000,1,,fused
DANN-012,2025-10-01,2025-10-31,month,export_demand_improves,false,0,0.0000,0.7000,1,,fused
DANN-012,2025-10-01,2025-10-31,month,grid_investment_accelerates,false,0,0.0000,0.7000,3,,fused
DANN-012,2025-10-01,2025-10-31,month,financing_constraint_eases,false,0,0.0000,0.7000,3,,fused
DANN-012,2025-10-01,2025-10-31,month,industry_competition_intensifies,false,0,0.0000,0.7000,1,,fused
DANN-004,2025-10-01,2025-10-31,month,policy_expands_effective_demand,false,0,0.0000,0.7000,2,,fused
DANN-004,2025-10-01,2025-10-31,month,policy_accelerates_project_implementation,false,0,0.0000,0.7000,2,,fused
DANN-004,2025-10-01,2025-10-31,month,capacity_under_construction,false,0,0.0000,0.7000,6,,fused
DANN-004,2025-10-01,2025-10-31,month,capacity_enters_production,false,0,0.0000,0.7000,1,,fused
DANN-004,2025-10-01,2025-10-31,month,order_demand_improves,false,0,0.0000,0.7000,1,,fused
DANN-004,2025-10-01,2025-10-31,month,inventory_pressure_increases,false,0,0.0000,0.7000,1,,fused
DANN-004,2025-10-01,2025-10-31,month,product_price_recovers,false,0,0.0000,0.7000,1,,fused
DANN-004,2025-10-01,2025-10-31,month,raw_material_cost_pressure,false,0,0.0000,0.7000,1,,fused
DANN-004,2025-10-01,2025-10-31,month,export_demand_improves,false,0,0.0000,0.7000,1,,fused
DANN-004,2025-10-01,2025-10-31,month,grid_investment_accelerates,false,0,0.0000,0.7000,3,,fused
DANN-004,2025-10-01,2025-10-31,month,financing_constraint_eases,false,0,0.0000,0.7000,3,,fused
DANN-004,2025-10-01,2025-10-31,month,industry_competition_intensifies,false,0,0.0000,0.7000,1,,fused
DANN-014,2025-10-01,2025-10-31,month,policy_expands_effective_demand,false,0,0.0000,0.7000,2,,deterministic
DANN-014,2025-10-01,2025-10-31,month,policy_accelerates_project_implementation,false,0,0.0000,0.7000,2,,deterministic
DANN-014,2025-10-01,2025-10-31,month,capacity_under_construction,false,0,0.0000,0.7000,6,,deterministic
DANN-014,2025-10-01,2025-10-31,month,capacity_enters_production,false,0,0.0000,0.7000,1,,deterministic
DANN-014,2025-10-01,2025-10-31,month,order_demand_improves,false,0,0.0000,0.7000,1,,deterministic
DANN-014,2025-10-01,2025-10-31,month,inventory_pressure_increases,false,0,0.0000,0.7000,1,,deterministic
DANN-014,2025-10-01,2025-10-31,month,product_price_recovers,false,0,0.0000,0.7000,1,,deterministic
DANN-014,2025-10-01,2025-10-31,month,raw_material_cost_pressure,false,0,0.0000,0.7000,1,,deterministic
DANN-014,2025-10-01,2025-10-31,month,export_demand_improves,false,0,0.0000,0.7000,1,,deterministic
DANN-014,2025-10-01,2025-10-31,month,grid_investment_accelerates,false,0,0.0000,0.7000,3,,deterministic
DANN-014,2025-10-01,2025-10-31,month,financing_constraint_eases,false,0,0.0000,0.7000,3,,deterministic
DANN-014,2025-10-01,2025-10-31,month,industry_competition_intensifies,false,0,0.0000,0.7000,1,,deterministic
DANN-006,2025-11-01,2025-11-30,month,policy_expands_effective_demand,true,1,0.8000,0.9325,2,（一）概况 1、本次投资概况 结合当前较好的市场环境及公司下游客户产能上量的实际需求，基于公司现 有产能及技术情况，为抓住市场机遇，满足下游客户的增量需求，公司拟使用自 有资金向全资子公司四川卓勤新材料 来源为巨潮资讯网，首次公开日期核验为2025-11-15。,fused
DANN-006,2025-11-01,2025-11-30,month,policy_accelerates_project_implementation,true,1,0.8000,0.9325,2, 交易实施尚需履行的审批及其他相关程序 2025 年 11 月 14 日，上海璞泰来新能源科技集团股份有限公司（以下 简称“公司”“璞泰来”）第四届董事会第十次会议一致审议通过（同意 5 票、反对 0 票、弃权 0 票）了《关于投资建设基膜涂覆一体化项目(二期之 子项目二)暨增资四川卓勤的议案》，本次交易未达到股东会,fused
DANN-006,2025-11-01,2025-11-30,month,capacity_under_construction,true,1,0.7500,0.9325,6,投资建设基膜涂覆一体化项目(二期之子项目二),fused
DANN-006,2025-11-01,2025-11-30,month,capacity_enters_production,false,0,0.0000,0.7000,1,,fused
DANN-006,2025-11-01,2025-11-30,month,order_demand_improves,true,1,0.2000,0.7000,1,公司下游客户产能上量的实际需求,fused
DANN-006,2025-11-01,2025-11-30,month,inventory_pressure_increases,false,0,0.0000,0.7000,1,,fused
DANN-006,2025-11-01,2025-11-30,month,product_price_recovers,false,0,0.0000,0.7000,1,,fused
DANN-006,2025-11-01,2025-11-30,month,raw_material_cost_pressure,false,0,0.0000,0.7000,1,,fused
DANN-006,2025-11-01,2025-11-30,month,export_demand_improves,false,0,0.0000,0.7000,1,,fused
DANN-006,2025-11-01,2025-11-30,month,grid_investment_accelerates,false,0,0.0000,0.7000,3,,fused
DANN-006,2025-11-01,2025-11-30,month,financing_constraint_eases,false,0,0.0000,0.7000,3,,fused
DANN-006,2025-11-01,2025-11-30,month,industry_competition_intensifies,false,0,0.0000,0.7000,1,,fused
DANN-025,2025-11-01,2025-11-30,month,policy_expands_effective_demand,false,0,0.0000,0.7000,2,,fused
DANN-025,2025-11-01,2025-11-30,month,policy_accelerates_project_implementation,false,0,0.0000,0.7000,2,,fused
DANN-025,2025-11-01,2025-11-30,month,capacity_under_construction,false,0,0.0000,0.7000,6,,fused
DANN-025,2025-11-01,2025-11-30,month,capacity_enters_production,false,0,0.0000,0.7000,1,,fused
DANN-025,2025-11-01,2025-11-30,month,order_demand_improves,false,0,0.0000,0.7000,1,,fused
DANN-025,2025-11-01,2025-11-30,month,inventory_pressure_increases,false,0,0.0000,0.7000,1,,fused
DANN-025,2025-11-01,2025-11-30,month,product_price_recovers,false,0,0.0000,0.7000,1,,fused
DANN-025,2025-11-01,2025-11-30,month,raw_material_cost_pressure,false,0,0.0000,0.7000,1,,fused
DANN-025,2025-11-01,2025-11-30,month,export_demand_improves,false,0,0.0000,0.7000,1,,fused
DANN-025,2025-11-01,2025-11-30,month,grid_investment_accelerates,false,0,0.0000,0.7000,3,,fused
DANN-025,2025-11-01,2025-11-30,month,financing_constraint_eases,false,0,0.0000,0.7000,3,,fused
DANN-025,2025-11-01,2025-11-30,month,industry_competition_intensifies,false,0,0.0000,0.7000,1,,fused
DANN-022,2025-12-01,2025-12-31,month,policy_expands_effective_demand,false,0,0.0000,0.7000,2,,fused
DANN-022,2025-12-01,2025-12-31,month,policy_accelerates_project_implementation,false,0,0.0000,0.7000,2,,fused
DANN-022,2025-12-01,2025-12-31,month,capacity_under_construction,false,0,0.0000,0.7000,6,,fused
DANN-022,2025-12-01,2025-12-31,month,capacity_enters_production,false,0,0.0000,0.7000,1,,fused
DANN-022,2025-12-01,2025-12-31,month,order_demand_improves,false,0,0.0000,0.7000,1,,fused
DANN-022,2025-12-01,2025-12-31,month,inventory_pressure_increases,false,0,0.0000,0.7000,1,,fused
DANN-022,2025-12-01,2025-12-31,month,product_price_recovers,false,0,0.0000,0.7000,1,,fused
DANN-022,2025-12-01,2025-12-31,month,raw_material_cost_pressure,false,0,0.0000,0.7000,1,,fused
DANN-022,2025-12-01,2025-12-31,month,export_demand_improves,false,0,0.0000,0.7000,1,,fused
DANN-022,2025-12-01,2025-12-31,month,grid_investment_accelerates,false,0,0.0000,0.7000,3,,fused
DANN-022,2025-12-01,2025-12-31,month,financing_constraint_eases,true,1,0.8000,0.9325,3,一、回购股份基本情况 晶澳太阳能科技股份有限公司（以下简称“公司”）已于 2025 年 8 月 22 日 召开第六届董事会第四十三次会议，审议通过了《关于回购公司股份方案的议案》， 公司拟使用不低于人民币 2 亿元（含）且不超过人民币 4 亿元（含）的自有资金 及回购专项贷款以集中竞价交易方式回购部分公司发行的人民币普,fused
DANN-022,2025-12-01,2025-12-31,month,industry_competition_intensifies,false,0,0.0000,0.7000,1,,fused
S091,2025-12-01,2025-12-31,month,policy_expands_effective_demand,true,1,0.2000,0.7000,2,鼓励中国光伏、风电、锂电池、新能源汽车等优势企业“走出,fused
S091,2025-12-01,2025-12-31,month,policy_accelerates_project_implementation,false,0,0.0000,0.7000,2,,fused
S091,2025-12-01,2025-12-31,month,capacity_under_construction,false,0,0.0000,0.7000,6,,fused
S091,2025-12-01,2025-12-31,month,capacity_enters_production,false,0,0.0000,0.7000,1,,fused
S091,2025-12-01,2025-12-31,month,order_demand_improves,false,0,0.0000,0.7000,1,,fused
S091,2025-12-01,2025-12-31,month,inventory_pressure_increases,false,0,0.0000,0.7000,1,,fused
S091,2025-12-01,2025-12-31,month,product_price_recovers,false,0,0.0000,0.7000,1,,fused
S091,2025-12-01,2025-12-31,month,raw_material_cost_pressure,false,0,0.0000,0.7000,1,,fused
S091,2025-12-01,2025-12-31,month,export_demand_improves,true,1,0.2500,0.7000,1,鼓励中国光伏、风电、锂电池、新能源汽车等优势企业“走出,fused
S091,2025-12-01,2025-12-31,month,grid_investment_accelerates,false,0,0.0000,0.7000,3,,fused
S091,2025-12-01,2025-12-31,month,financing_constraint_eases,false,0,0.0000,0.7000,3,,fused
S091,2025-12-01,2025-12-31,month,industry_competition_intensifies,false,0,0.0000,0.7000,1,,fused
DANN-021,2025-12-01,2025-12-31,month,policy_expands_effective_demand,false,0,0.0000,0.7000,2,,fused
DANN-021,2025-12-01,2025-12-31,month,policy_accelerates_project_implementation,false,0,0.0000,0.7000,2,,fused
DANN-021,2025-12-01,2025-12-31,month,capacity_under_construction,false,0,0.0000,0.7000,6,,fused
DANN-021,2025-12-01,2025-12-31,month,capacity_enters_production,false,0,0.0000,0.7000,1,,fused
DANN-021,2025-12-01,2025-12-31,month,order_demand_improves,false,0,0.0000,0.7000,1,,fused
DANN-021,2025-12-01,2025-12-31,month,inventory_pressure_increases,false,0,0.0000,0.7000,1,,fused
DANN-021,2025-12-01,2025-12-31,month,product_price_recovers,false,0,0.0000,0.7000,1,,fused
DANN-021,2025-12-01,2025-12-31,month,raw_material_cost_pressure,false,0,0.0000,0.7000,1,,fused
DANN-021,2025-12-01,2025-12-31,month,export_demand_improves,false,0,0.0000,0.7000,1,,fused
DANN-021,2025-12-01,2025-12-31,month,grid_investment_accelerates,false,0,0.0000,0.7000,3,,fused
DANN-021,2025-12-01,2025-12-31,month,financing_constraint_eases,false,0,0.0000,0.7000,3,,fused
DANN-021,2025-12-01,2025-12-31,month,industry_competition_intensifies,false,0,0.0000,0.7000,1,,fused
S026,2025-12-01,2025-12-31,month,policy_expands_effective_demand,false,0,0.0000,0.7000,2,,fused
S026,2025-12-01,2025-12-31,month,policy_accelerates_project_implementation,false,0,0.0000,0.7000,2,,fused
S026,2025-12-01,2025-12-31,month,capacity_under_construction,false,0,0.0000,0.7000,6,,fused
S026,2025-12-01,2025-12-31,month,capacity_enters_production,false,0,0.0000,0.7000,1,,fused
S026,2025-12-01,2025-12-31,month,order_demand_improves,false,0,0.0000,0.7000,1,,fused
S026,2025-12-01,2025-12-31,month,inventory_pressure_increases,false,0,0.0000,0.7000,1,,fused
S026,2025-12-01,2025-12-31,month,product_price_recovers,false,0,0.0000,0.7000,1,,fused
S026,2025-12-01,2025-12-31,month,raw_material_cost_pressure,false,0,0.0000,0.7000,1,,fused
S026,2025-12-01,2025-12-31,month,export_demand_improves,false,0,0.0000,0.7000,1,,fused
S026,2025-12-01,2025-12-31,month,grid_investment_accelerates,false,0,0.0000,0.7000,3,,fused
S026,2025-12-01,2025-12-31,month,financing_constraint_eases,true,1,0.8000,0.9325,3,，结合公司的具体情况，制定本制度。 第二条 本制度所称的对外投资，是指公司以货币资金出资，或以实物、 知识产权、土地使用权等可以用货币估价并可以依法转让的非货币财产作价出资 的投资行,fused
S026,2025-12-01,2025-12-31,month,industry_competition_intensifies,false,0,0.0000,0.7000,1,,fused
DANN-019,2025-12-01,2025-12-31,month,policy_expands_effective_demand,false,0,0.0000,0.7000,2,,fused
DANN-019,2025-12-01,2025-12-31,month,policy_accelerates_project_implementation,false,0,0.0000,0.7000,2,,fused
DANN-019,2025-12-01,2025-12-31,month,capacity_under_construction,false,0,0.0000,0.7000,6,,fused
DANN-019,2025-12-01,2025-12-31,month,capacity_enters_production,false,0,0.0000,0.7000,1,,fused
DANN-019,2025-12-01,2025-12-31,month,order_demand_improves,false,0,0.0000,0.7000,1,,fused
DANN-019,2025-12-01,2025-12-31,month,inventory_pressure_increases,false,0,0.0000,0.7000,1,,fused
DANN-019,2025-12-01,2025-12-31,month,product_price_recovers,false,0,0.0000,0.7000,1,,fused
DANN-019,2025-12-01,2025-12-31,month,raw_material_cost_pressure,false,0,0.0000,0.7000,1,,fused
DANN-019,2025-12-01,2025-12-31,month,export_demand_improves,false,0,0.0000,0.7000,1,,fused
DANN-019,2025-12-01,2025-12-31,month,grid_investment_accelerates,false,0,0.0000,0.7000,3,,fused
DANN-019,2025-12-01,2025-12-31,month,financing_constraint_eases,false,0,0.0000,0.7000,3,,fused
DANN-019,2025-12-01,2025-12-31,month,industry_competition_intensifies,false,0,0.0000,0.7000,1,,fused
EVT-NWS-003,2025-12-01,2025-12-31,month,policy_expands_effective_demand,true,1,0.8000,0.8100,2,业链在一年多时间里经历了一轮价格大幅波动。开源证券在最新研报中表示，动力、储能、消费电子等下游需求旺盛，驱动行业供需关系改善，产业链中格局较好、产能偏紧的环节已率先开启涨价。“自2025年11月以来，锂电池核心原材料价格出现结构性大幅上涨。”谈及涨价原因，德加能源在通知中表示，近期，受锂电池原材料价格大幅上涨的影响，电,fused
EVT-NWS-003,2025-12-01,2025-12-31,month,policy_accelerates_project_implementation,false,0,0.0000,0.6000,2,,fused
EVT-NWS-003,2025-12-01,2025-12-31,month,capacity_under_construction,false,0,0.0000,0.6000,6,,fused
EVT-NWS-003,2025-12-01,2025-12-31,month,capacity_enters_production,false,0,0.0000,0.6000,1,,fused
EVT-NWS-003,2025-12-01,2025-12-31,month,order_demand_improves,true,1,0.3500,0.6000,1,动力、储能、消费电子等下游需求旺盛，驱动行业供需关系改善,fused
EVT-NWS-003,2025-12-01,2025-12-31,month,inventory_pressure_increases,true,-1,0.2000,0.6000,1,从2024年的库存去化，到2025年下半年的供不应求,fused
EVT-NWS-003,2025-12-01,2025-12-31,month,product_price_recovers,true,1,0.8000,0.8100,1,锂电池企业，纷纷涨价,fused
EVT-NWS-003,2025-12-01,2025-12-31,month,raw_material_cost_pressure,true,-1,0.8000,0.8100,1,上游原材料价格持续上涨，电池生产成本提升,fused
EVT-NWS-003,2025-12-01,2025-12-31,month,export_demand_improves,false,0,0.0000,0.6000,1,,fused
EVT-NWS-003,2025-12-01,2025-12-31,month,grid_investment_accelerates,false,0,0.0000,0.6000,3,,fused
EVT-NWS-003,2025-12-01,2025-12-31,month,financing_constraint_eases,false,0,0.0000,0.6000,3,,fused
EVT-NWS-003,2025-12-01,2025-12-31,month,industry_competition_intensifies,false,0,0.0000,0.6000,1,,fused
DANN-016,2025-12-01,2025-12-31,month,policy_expands_effective_demand,false,0,0.0000,0.7000,2,,fused
DANN-016,2025-12-01,2025-12-31,month,policy_accelerates_project_implementation,false,0,0.0000,0.7000,2,,fused
DANN-016,2025-12-01,2025-12-31,month,capacity_under_construction,false,0,0.0000,0.7000,6,,fused
DANN-016,2025-12-01,2025-12-31,month,capacity_enters_production,false,0,0.0000,0.7000,1,,fused
DANN-016,2025-12-01,2025-12-31,month,order_demand_improves,false,0,0.0000,0.7000,1,,fused
DANN-016,2025-12-01,2025-12-31,month,inventory_pressure_increases,false,0,0.0000,0.7000,1,,fused
DANN-016,2025-12-01,2025-12-31,month,product_price_recovers,false,0,0.0000,0.7000,1,,fused
DANN-016,2025-12-01,2025-12-31,month,raw_material_cost_pressure,false,0,0.0000,0.7000,1,,fused
DANN-016,2025-12-01,2025-12-31,month,export_demand_improves,false,0,0.0000,0.7000,1,,fused
DANN-016,2025-12-01,2025-12-31,month,grid_investment_accelerates,false,0,0.0000,0.7000,3,,fused
DANN-016,2025-12-01,2025-12-31,month,financing_constraint_eases,false,0,0.0000,0.7000,3,,fused
DANN-016,2025-12-01,2025-12-31,month,industry_competition_intensifies,false,0,0.0000,0.7000,1,,fused
DANN-007,2025-12-01,2025-12-31,month,policy_expands_effective_demand,false,0,0.0000,0.7000,2,,fused
DANN-007,2025-12-01,2025-12-31,month,policy_accelerates_project_implementation,false,0,0.0000,0.7000,2,,fused
DANN-007,2025-12-01,2025-12-31,month,capacity_under_construction,false,0,0.0000,0.7000,6,,fused
DANN-007,2025-12-01,2025-12-31,month,capacity_enters_production,false,0,0.0000,0.7000,1,,fused
DANN-007,2025-12-01,2025-12-31,month,order_demand_improves,false,0,0.0000,0.7000,1,,fused
DANN-007,2025-12-01,2025-12-31,month,inventory_pressure_increases,false,0,0.0000,0.7000,1,,fused
DANN-007,2025-12-01,2025-12-31,month,product_price_recovers,false,0,0.0000,0.7000,1,,fused
DANN-007,2025-12-01,2025-12-31,month,raw_material_cost_pressure,false,0,0.0000,0.7000,1,,fused
DANN-007,2025-12-01,2025-12-31,month,export_demand_improves,false,0,0.0000,0.7000,1,,fused
DANN-007,2025-12-01,2025-12-31,month,grid_investment_accelerates,false,0,0.0000,0.7000,3,,fused
DANN-007,2025-12-01,2025-12-31,month,financing_constraint_eases,false,0,0.0000,0.7000,3,,fused
DANN-007,2025-12-01,2025-12-31,month,industry_competition_intensifies,false,0,0.0000,0.7000,1,,fused
DANN-008,2025-12-01,2025-12-31,month,policy_expands_effective_demand,false,0,0.0000,0.7000,2,,fused
DANN-008,2025-12-01,2025-12-31,month,policy_accelerates_project_implementation,false,0,0.0000,0.7000,2,,fused
DANN-008,2025-12-01,2025-12-31,month,capacity_under_construction,false,0,0.0000,0.7000,6,,fused
DANN-008,2025-12-01,2025-12-31,month,capacity_enters_production,false,0,0.0000,0.7000,1,,fused
DANN-008,2025-12-01,2025-12-31,month,order_demand_improves,false,0,0.0000,0.7000,1,,fused
DANN-008,2025-12-01,2025-12-31,month,inventory_pressure_increases,false,0,0.0000,0.7000,1,,fused
DANN-008,2025-12-01,2025-12-31,month,product_price_recovers,false,0,0.0000,0.7000,1,,fused
DANN-008,2025-12-01,2025-12-31,month,raw_material_cost_pressure,false,0,0.0000,0.7000,1,,fused
DANN-008,2025-12-01,2025-12-31,month,export_demand_improves,false,0,0.0000,0.7000,1,,fused
DANN-008,2025-12-01,2025-12-31,month,grid_investment_accelerates,false,0,0.0000,0.7000,3,,fused
DANN-008,2025-12-01,2025-12-31,month,financing_constraint_eases,false,0,0.0000,0.7000,3,,fused
DANN-008,2025-12-01,2025-12-31,month,industry_competition_intensifies,false,0,0.0000,0.7000,1,,fused
DANN-013,2025-12-01,2025-12-31,month,policy_expands_effective_demand,false,0,0.0000,0.7000,2,,fused
DANN-013,2025-12-01,2025-12-31,month,policy_accelerates_project_implementation,false,0,0.0000,0.7000,2,,fused
DANN-013,2025-12-01,2025-12-31,month,capacity_under_construction,false,0,0.0000,0.7000,6,,fused
DANN-013,2025-12-01,2025-12-31,month,capacity_enters_production,false,0,0.0000,0.7000,1,,fused
DANN-013,2025-12-01,2025-12-31,month,order_demand_improves,false,0,0.0000,0.7000,1,,fused
DANN-013,2025-12-01,2025-12-31,month,inventory_pressure_increases,false,0,0.0000,0.7000,1,,fused
DANN-013,2025-12-01,2025-12-31,month,product_price_recovers,false,0,0.0000,0.7000,1,,fused
DANN-013,2025-12-01,2025-12-31,month,raw_material_cost_pressure,false,0,0.0000,0.7000,1,,fused
DANN-013,2025-12-01,2025-12-31,month,export_demand_improves,false,0,0.0000,0.7000,1,,fused
DANN-013,2025-12-01,2025-12-31,month,grid_investment_accelerates,false,0,0.0000,0.7000,3,,fused
DANN-013,2025-12-01,2025-12-31,month,financing_constraint_eases,false,0,0.0000,0.7000,3,,fused
DANN-013,2025-12-01,2025-12-31,month,industry_competition_intensifies,false,0,0.0000,0.7000,1,,fused
EVT-NWS-002,2025-12-01,2025-12-31,month,policy_expands_effective_demand,true,1,0.8000,0.8100,2,提及涨价的原因，龙蟠科技表示，一是成本提升，二是下游需求增长，另外，行业也在反内卷。,fused
EVT-NWS-002,2025-12-01,2025-12-31,month,policy_accelerates_project_implementation,false,0,0.0000,0.6000,2,,fused
EVT-NWS-002,2025-12-01,2025-12-31,month,capacity_under_construction,true,1,0.1500,0.6000,6,行业整体经过两年多的亏损，扩产节奏放缓,fused
EVT-NWS-002,2025-12-01,2025-12-31,month,capacity_enters_production,false,0,0.0000,0.6000,1,,fused
EVT-NWS-002,2025-12-01,2025-12-31,month,order_demand_improves,true,1,0.7500,0.8100,1,多数企业订单已饱和,fused
EVT-NWS-002,2025-12-01,2025-12-31,month,inventory_pressure_increases,false,0,0.0000,0.6000,1,,fused
EVT-NWS-002,2025-12-01,2025-12-31,month,product_price_recovers,true,1,0.7500,0.8100,1,多家头部企业已开始对产品价格进行调整,fused
EVT-NWS-002,2025-12-01,2025-12-31,month,raw_material_cost_pressure,true,-1,0.6500,0.8100,1,部分原材料价格上涨带来的压力,fused
EVT-NWS-002,2025-12-01,2025-12-31,month,export_demand_improves,false,0,0.0000,0.6000,1,,fused
EVT-NWS-002,2025-12-01,2025-12-31,month,grid_investment_accelerates,false,0,0.0000,0.6000,3,,fused
EVT-NWS-002,2025-12-01,2025-12-31,month,financing_constraint_eases,false,0,0.0000,0.6000,3,,fused
EVT-NWS-002,2025-12-01,2025-12-31,month,industry_competition_intensifies,true,-1,0.2000,0.6000,1,行业也在反内卷,fused
DANN-020,2025-12-01,2025-12-31,month,policy_expands_effective_demand,false,0,0.0000,0.7000,2,,fused
DANN-020,2025-12-01,2025-12-31,month,policy_accelerates_project_implementation,false,0,0.0000,0.7000,2,,fused
DANN-020,2025-12-01,2025-12-31,month,capacity_under_construction,false,0,0.0000,0.7000,6,,fused
DANN-020,2025-12-01,2025-12-31,month,capacity_enters_production,false,0,0.0000,0.7000,1,,fused
DANN-020,2025-12-01,2025-12-31,month,order_demand_improves,false,0,0.0000,0.7000,1,,fused
DANN-020,2025-12-01,2025-12-31,month,inventory_pressure_increases,false,0,0.0000,0.7000,1,,fused
DANN-020,2025-12-01,2025-12-31,month,product_price_recovers,false,0,0.0000,0.7000,1,,fused
DANN-020,2025-12-01,2025-12-31,month,raw_material_cost_pressure,false,0,0.0000,0.7000,1,,fused
DANN-020,2025-12-01,2025-12-31,month,export_demand_improves,false,0,0.0000,0.7000,1,,fused
DANN-020,2025-12-01,2025-12-31,month,grid_investment_accelerates,false,0,0.0000,0.7000,3,,fused
DANN-020,2025-12-01,2025-12-31,month,financing_constraint_eases,true,1,0.8000,0.9325,3,文摘要：证券代码：300763 证券简称：锦浪科技 公告编号：2025-111 债券代码：123259 债券简称：锦浪转 02 锦浪科技股份有限公司 关于公司董事、高级管理人员减持计划期限届满 暨实施情况的公告 锦浪科技股份有限公司（以下简称 “公司”）于 2025 年 8 月 28 日披露了 《关于公司董事、高级管理,fused
DANN-020,2025-12-01,2025-12-31,month,industry_competition_intensifies,false,0,0.0000,0.7000,1,,fused
DANN-024,2025-12-01,2025-12-31,month,policy_expands_effective_demand,false,0,0.0000,0.7000,2,,fused
DANN-024,2025-12-01,2025-12-31,month,policy_accelerates_project_implementation,false,0,0.0000,0.7000,2,,fused
DANN-024,2025-12-01,2025-12-31,month,capacity_under_construction,false,0,0.0000,0.7000,6,,fused
DANN-024,2025-12-01,2025-12-31,month,capacity_enters_production,false,0,0.0000,0.7000,1,,fused
DANN-024,2025-12-01,2025-12-31,month,order_demand_improves,false,0,0.0000,0.7000,1,,fused
DANN-024,2025-12-01,2025-12-31,month,inventory_pressure_increases,false,0,0.0000,0.7000,1,,fused
DANN-024,2025-12-01,2025-12-31,month,product_price_recovers,false,0,0.0000,0.7000,1,,fused
DANN-024,2025-12-01,2025-12-31,month,raw_material_cost_pressure,false,0,0.0000,0.7000,1,,fused
DANN-024,2025-12-01,2025-12-31,month,export_demand_improves,false,0,0.0000,0.7000,1,,fused
DANN-024,2025-12-01,2025-12-31,month,grid_investment_accelerates,false,0,0.0000,0.7000,3,,fused
DANN-024,2025-12-01,2025-12-31,month,financing_constraint_eases,false,0,0.0000,0.7000,3,,fused
DANN-024,2025-12-01,2025-12-31,month,industry_competition_intensifies,false,0,0.0000,0.7000,1,,fused
EVT-NWS-009,2025-12-01,2025-12-31,month,policy_expands_effective_demand,false,0,0.0000,0.7000,2,,fused
EVT-NWS-009,2025-12-01,2025-12-31,month,policy_accelerates_project_implementation,false,0,0.0000,0.7000,2,,fused
EVT-NWS-009,2025-12-01,2025-12-31,month,capacity_under_construction,false,0,0.0000,0.7000,6,,fused
EVT-NWS-009,2025-12-01,2025-12-31,month,capacity_enters_production,false,0,0.0000,0.7000,1,,fused
EVT-NWS-009,2025-12-01,2025-12-31,month,order_demand_improves,false,0,0.0000,0.7000,1,,fused
EVT-NWS-009,2025-12-01,2025-12-31,month,inventory_pressure_increases,false,0,0.0000,0.7000,1,,fused
EVT-NWS-009,2025-12-01,2025-12-31,month,product_price_recovers,true,1,0.6000,0.8800,1,隆基绿能率先上调组件价格,fused
EVT-NWS-009,2025-12-01,2025-12-31,month,raw_material_cost_pressure,true,-1,0.8000,0.8800,1,银价持续上涨导致光伏电池、组件成本上升,fused
EVT-NWS-009,2025-12-01,2025-12-31,month,export_demand_improves,false,0,0.0000,0.7000,1,,fused
EVT-NWS-009,2025-12-01,2025-12-31,month,grid_investment_accelerates,false,0,0.0000,0.7000,3,,fused
EVT-NWS-009,2025-12-01,2025-12-31,month,financing_constraint_eases,false,0,0.0000,0.7000,3,,fused
EVT-NWS-009,2025-12-01,2025-12-31,month,industry_competition_intensifies,true,-1,0.2000,0.7000,1,反“内卷式”竞争的又一次响应,fused
EVT-NWS-010,2025-12-01,2025-12-31,month,policy_expands_effective_demand,false,0,0.0000,0.6000,2,,fused
EVT-NWS-010,2025-12-01,2025-12-31,month,policy_accelerates_project_implementation,true,1,0.8000,0.8100,2, 光电金属新材料 虚拟电厂分论坛要闻 企业 市场 财经 政策 国际 宏观 招标 项目 人物 技术 产业25年老牌光伏企业宣布正式停产 来源：索比光伏网发布时间：2025-12-23 09:49:30分享：近日，ST长药(300391.SZ)发布公告，宣布其子公司河北羿珩科技有限责任公司正式停产，此次停产系光伏行业严峻竞,fused
EVT-NWS-010,2025-12-01,2025-12-31,month,capacity_under_construction,false,0,0.0000,0.6000,6,,fused
EVT-NWS-010,2025-12-01,2025-12-31,month,capacity_enters_production,false,0,0.0000,0.6000,1,,fused
EVT-NWS-010,2025-12-01,2025-12-31,month,order_demand_improves,false,0,0.0000,0.6000,1,,fused
EVT-NWS-010,2025-12-01,2025-12-31,month,inventory_pressure_increases,true,-1,0.2500,0.6000,1,当前光伏行业“内卷式”竞争加剧，组件环节价格承压，行业企业普遍面临盈利挑战。,fused
EVT-NWS-010,2025-12-01,2025-12-31,month,product_price_recovers,false,0,0.0000,0.6000,1,,fused
EVT-NWS-010,2025-12-01,2025-12-31,month,raw_material_cost_pressure,false,0,0.0000,0.6000,1,,fused
EVT-NWS-010,2025-12-01,2025-12-31,month,export_demand_improves,false,0,0.0000,0.6000,1,,fused
EVT-NWS-010,2025-12-01,2025-12-31,month,grid_investment_accelerates,false,0,0.0000,0.6000,3,,fused
EVT-NWS-010,2025-12-01,2025-12-31,month,financing_constraint_eases,true,1,0.8000,0.8100,3,”竞争加剧，组件环节价格承压，行业企业普遍面临盈利挑战。在此背景下，羿珩科技自身资金紧张且持续亏损，2025年前三季度实现营业收入6115.55万元，净利润亏损2685.48万元，截至9月30日净资产已为-0.64亿元，处于资不抵债状态。ST长药表示，为防止损失进一步扩大、降低运营成本，羿珩科技做出停产决定，后续将依据,fused
EVT-NWS-010,2025-12-01,2025-12-31,month,industry_competition_intensifies,true,-1,0.7000,0.8100,1,当前光伏行业“内卷式”竞争加剧，组件环节价格承压，行业企业普遍面临盈利挑战。,fused
S122,2025-12-01,2025-12-31,month,policy_expands_effective_demand,false,0,0.0000,0.7000,2,,fused
S122,2025-12-01,2025-12-31,month,policy_accelerates_project_implementation,false,0,0.0000,0.7000,2,,fused
S122,2025-12-01,2025-12-31,month,capacity_under_construction,false,0,0.0000,0.7000,6,,fused
S122,2025-12-01,2025-12-31,month,capacity_enters_production,false,0,0.0000,0.7000,1,,fused
S122,2025-12-01,2025-12-31,month,order_demand_improves,false,0,0.0000,0.7000,1,,fused
S122,2025-12-01,2025-12-31,month,inventory_pressure_increases,false,0,0.0000,0.7000,1,,fused
S122,2025-12-01,2025-12-31,month,product_price_recovers,false,0,0.0000,0.7000,1,,fused
S122,2025-12-01,2025-12-31,month,raw_material_cost_pressure,false,0,0.0000,0.7000,1,,fused
S122,2025-12-01,2025-12-31,month,export_demand_improves,false,0,0.0000,0.7000,1,,fused
S122,2025-12-01,2025-12-31,month,grid_investment_accelerates,false,0,0.0000,0.7000,3,,fused
S122,2025-12-01,2025-12-31,month,financing_constraint_eases,false,0,0.0000,0.7000,3,,fused
S122,2025-12-01,2025-12-31,month,industry_competition_intensifies,false,0,0.0000,0.7000,1,,fused
DANN-010,2025-12-01,2025-12-31,month,policy_expands_effective_demand,false,0,0.0000,0.7000,2,,fused
DANN-010,2025-12-01,2025-12-31,month,policy_accelerates_project_implementation,false,0,0.0000,0.7000,2,,fused
DANN-010,2025-12-01,2025-12-31,month,capacity_under_construction,false,0,0.0000,0.7000,6,,fused
DANN-010,2025-12-01,2025-12-31,month,capacity_enters_production,false,0,0.0000,0.7000,1,,fused
DANN-010,2025-12-01,2025-12-31,month,order_demand_improves,false,0,0.0000,0.7000,1,,fused
DANN-010,2025-12-01,2025-12-31,month,inventory_pressure_increases,false,0,0.0000,0.7000,1,,fused
DANN-010,2025-12-01,2025-12-31,month,product_price_recovers,false,0,0.0000,0.7000,1,,fused
DANN-010,2025-12-01,2025-12-31,month,raw_material_cost_pressure,false,0,0.0000,0.7000,1,,fused
DANN-010,2025-12-01,2025-12-31,month,export_demand_improves,false,0,0.0000,0.7000,1,,fused
DANN-010,2025-12-01,2025-12-31,month,grid_investment_accelerates,false,0,0.0000,0.7000,3,,fused
DANN-010,2025-12-01,2025-12-31,month,financing_constraint_eases,false,0,0.0000,0.7000,3,,fused
DANN-010,2025-12-01,2025-12-31,month,industry_competition_intensifies,false,0,0.0000,0.7000,1,,fused
DANN-023,2025-12-01,2025-12-31,month,policy_expands_effective_demand,false,0,0.0000,0.7000,2,,fused
DANN-023,2025-12-01,2025-12-31,month,policy_accelerates_project_implementation,false,0,0.0000,0.7000,2,,fused
DANN-023,2025-12-01,2025-12-31,month,capacity_under_construction,false,0,0.0000,0.7000,6,,fused
DANN-023,2025-12-01,2025-12-31,month,capacity_enters_production,false,0,0.0000,0.7000,1,,fused
DANN-023,2025-12-01,2025-12-31,month,order_demand_improves,false,0,0.0000,0.7000,1,,fused
DANN-023,2025-12-01,2025-12-31,month,inventory_pressure_increases,false,0,0.0000,0.7000,1,,fused
DANN-023,2025-12-01,2025-12-31,month,product_price_recovers,false,0,0.0000,0.7000,1,,fused
DANN-023,2025-12-01,2025-12-31,month,raw_material_cost_pressure,false,0,0.0000,0.7000,1,,fused
DANN-023,2025-12-01,2025-12-31,month,export_demand_improves,false,0,0.0000,0.7000,1,,fused
DANN-023,2025-12-01,2025-12-31,month,grid_investment_accelerates,false,0,0.0000,0.7000,3,,fused
DANN-023,2025-12-01,2025-12-31,month,financing_constraint_eases,false,0,0.0000,0.7000,3,,fused
DANN-023,2025-12-01,2025-12-31,month,industry_competition_intensifies,false,0,0.0000,0.7000,1,,fused
OOS-POL-006,2026-01-01,2026-02-28,jan_feb_combined,policy_expands_effective_demand,true,1,0.7000,0.9325,2,支持消费品以旧换新政策实施。全国统一明确汽车报废更新、汽车置换更新、6类家电以旧换新（冰箱、洗衣机、电视、空调、电脑、热水器）、4类数码和智能产品购新（手机、平板、智能手表/手环、智能眼镜）等四个领域,fused
OOS-POL-006,2026-01-01,2026-02-28,jan_feb_combined,policy_accelerates_project_implementation,false,0,0.0000,0.7000,2,,fused
OOS-POL-006,2026-01-01,2026-02-28,jan_feb_combined,capacity_under_construction,false,0,0.0000,0.7000,6,,fused
OOS-POL-006,2026-01-01,2026-02-28,jan_feb_combined,capacity_enters_production,false,0,0.0000,0.7000,1,,fused
OOS-POL-006,2026-01-01,2026-02-28,jan_feb_combined,order_demand_improves,false,0,0.0000,0.7000,1,,fused
OOS-POL-006,2026-01-01,2026-02-28,jan_feb_combined,inventory_pressure_increases,false,0,0.0000,0.7000,1,,fused
OOS-POL-006,2026-01-01,2026-02-28,jan_feb_combined,product_price_recovers,false,0,0.0000,0.7000,1,,fused
OOS-POL-006,2026-01-01,2026-02-28,jan_feb_combined,raw_material_cost_pressure,false,0,0.0000,0.7000,1,,fused
OOS-POL-006,2026-01-01,2026-02-28,jan_feb_combined,export_demand_improves,false,0,0.0000,0.7000,1,,fused
OOS-POL-006,2026-01-01,2026-02-28,jan_feb_combined,grid_investment_accelerates,false,0,0.0000,0.7000,3,,fused
OOS-POL-006,2026-01-01,2026-02-28,jan_feb_combined,financing_constraint_eases,true,1,0.8000,0.9325,3,原文摘要：转发商务部等7部门关于提质增效实施2026年消费品以旧换新政策的通知索引号 370215015002026033 主题分类 发文机关 中华人民共和国商务部 成文日期 2026-01-07 发文字号 商消费函〔2025〕697号 发布日期 2026-01-07 有效性 公文字号 商消费函〔2025〕697号 生,fused
OOS-POL-006,2026-01-01,2026-02-28,jan_feb_combined,industry_competition_intensifies,false,0,0.0000,0.7000,1,,fused
OOS-POL-002,2026-01-01,2026-02-28,jan_feb_combined,policy_expands_effective_demand,false,0,0.0000,0.7000,2,,fused
OOS-POL-002,2026-01-01,2026-02-28,jan_feb_combined,policy_accelerates_project_implementation,false,0,0.0000,0.7000,2,,fused
OOS-POL-002,2026-01-01,2026-02-28,jan_feb_combined,capacity_under_construction,false,0,0.0000,0.7000,6,,fused
OOS-POL-002,2026-01-01,2026-02-28,jan_feb_combined,capacity_enters_production,false,0,0.0000,0.7000,1,,fused
OOS-POL-002,2026-01-01,2026-02-28,jan_feb_combined,order_demand_improves,false,0,0.0000,0.7000,1,,fused
OOS-POL-002,2026-01-01,2026-02-28,jan_feb_combined,inventory_pressure_increases,false,0,0.0000,0.7000,1,,fused
OOS-POL-002,2026-01-01,2026-02-28,jan_feb_combined,product_price_recovers,false,0,0.0000,0.7000,1,,fused
OOS-POL-002,2026-01-01,2026-02-28,jan_feb_combined,raw_material_cost_pressure,false,0,0.0000,0.7000,1,,fused
OOS-POL-002,2026-01-01,2026-02-28,jan_feb_combined,export_demand_improves,false,0,0.0000,0.7000,1,,fused
OOS-POL-002,2026-01-01,2026-02-28,jan_feb_combined,grid_investment_accelerates,false,0,0.0000,0.7000,3,,fused
OOS-POL-002,2026-01-01,2026-02-28,jan_feb_combined,financing_constraint_eases,false,0,0.0000,0.7000,3,,fused
OOS-POL-002,2026-01-01,2026-02-28,jan_feb_combined,industry_competition_intensifies,true,-1,0.3000,0.7000,4,将电池产品的增值税出口退税率由9%下调至6%；2027年1月1日起，取消电池产品增值税出口退税,fused
OOS-POL-008,2026-01-01,2026-02-28,jan_feb_combined,policy_expands_effective_demand,true,1,0.7500,0.9325,2,为全面贯彻党的二十大和二十届历次全会精神，认真落实中央经济工作会议部署，根据《推动大规模设备更新和消费品以旧换新行动方案》（国发〔2024〕7号），经国务院同意，现就2026年实施大规模设备更新和消费品以旧换新政策通知如下。,fused
OOS-POL-008,2026-01-01,2026-02-28,jan_feb_combined,policy_accelerates_project_implementation,true,1,0.3000,0.7000,2,优化申报条件和审核流程，进一步降低申报设备更新项目的投资额门槛，加大对中小企业设备更新的支持力度，扩大政策惠及面。,fused
OOS-POL-008,2026-01-01,2026-02-28,jan_feb_combined,capacity_under_construction,true,1,0.8000,0.9325,6,优化申报条件和审核流程，进一步降低申报设备更新项目的投资额门槛，加大对中小企业设备更新的支持力度，扩大政策惠及面。,fused
OOS-POL-008,2026-01-01,2026-02-28,jan_feb_combined,capacity_enters_production,false,0,0.0000,0.7000,1,,fused
OOS-POL-008,2026-01-01,2026-02-28,jan_feb_combined,order_demand_improves,true,1,0.3500,0.8000,1,在继续支持工业、电子信息、能源电力、交通运输、物流、教育、文旅、医疗、设施农业、粮油加工、安全生产、海关查验、住宅老旧电梯、节能降碳环保等领域设备更新项目的基础上，将老旧小区加装电梯、养老机构、消防救援设施、检验检测等领域设备更新纳入支持范围,fused
OOS-POL-008,2026-01-01,2026-02-28,jan_feb_combined,inventory_pressure_increases,false,0,0.0000,0.7000,1,,fused
OOS-POL-008,2026-01-01,2026-02-28,jan_feb_combined,product_price_recovers,false,0,0.0000,0.7000,1,,fused
OOS-POL-008,2026-01-01,2026-02-28,jan_feb_combined,raw_material_cost_pressure,false,0,0.0000,0.7000,1,,fused
OOS-POL-008,2026-01-01,2026-02-28,jan_feb_combined,export_demand_improves,false,0,0.0000,0.7000,1,,fused
OOS-POL-008,2026-01-01,2026-02-28,jan_feb_combined,grid_investment_accelerates,false,0,0.0000,0.7000,3,,fused
OOS-POL-008,2026-01-01,2026-02-28,jan_feb_combined,financing_constraint_eases,true,1,0.8000,0.9325,3,化发展水平阶段，优化调整可自主选择的12个报废更新补贴农机种类。（五）加强项目和资金全链条管理。 来源为国家发展改革委 财政部，首次公开日期核验为2026-01-08。,fused
OOS-POL-008,2026-01-01,2026-02-28,jan_feb_combined,industry_competition_intensifies,false,0,0.0000,0.7000,1,,fused
S051,2026-01-01,2026-02-28,jan_feb_combined,policy_expands_effective_demand,false,0,0.0000,0.7000,2,,fused
S051,2026-01-01,2026-02-28,jan_feb_combined,policy_accelerates_project_implementation,false,0,0.0000,0.7000,2,,fused
S051,2026-01-01,2026-02-28,jan_feb_combined,capacity_under_construction,false,0,0.0000,0.7000,6,,fused
S051,2026-01-01,2026-02-28,jan_feb_combined,capacity_enters_production,false,0,0.0000,0.7000,1,,fused
S051,2026-01-01,2026-02-28,jan_feb_combined,order_demand_improves,false,0,0.0000,0.7000,1,,fused
S051,2026-01-01,2026-02-28,jan_feb_combined,inventory_pressure_increases,false,0,0.0000,0.7000,1,,fused
S051,2026-01-01,2026-02-28,jan_feb_combined,product_price_recovers,true,1,0.6500,0.8800,1,光伏组件价格再上调,fused
S051,2026-01-01,2026-02-28,jan_feb_combined,raw_material_cost_pressure,false,0,0.0000,0.7000,1,,fused
S051,2026-01-01,2026-02-28,jan_feb_combined,export_demand_improves,false,0,0.0000,0.7000,1,,fused
S051,2026-01-01,2026-02-28,jan_feb_combined,grid_investment_accelerates,false,0,0.0000,0.7000,3,,fused
S051,2026-01-01,2026-02-28,jan_feb_combined,financing_constraint_eases,false,0,0.0000,0.7000,3,,fused
S051,2026-01-01,2026-02-28,jan_feb_combined,industry_competition_intensifies,false,0,0.0000,0.7000,1,,fused
OOS-POL-007,2026-01-01,2026-02-28,jan_feb_combined,policy_expands_effective_demand,true,1,0.7000,0.9325,2,为贯彻落实党的二十届三中全会精神和党中央、国务院关于加快构建新型电力系统、健全绿色低碳发展机制的决策部署，充分发挥市场在资源配置中的决定性作用，大力推动新能源高质量发展，现就深化新能源上网电价市场化改革有关事项通知如下。,fused
OOS-POL-007,2026-01-01,2026-02-28,jan_feb_combined,policy_accelerates_project_implementation,true,1,0.8000,0.9325,2,原文摘要：政策法规 《风电场改造升级和退役管理办法》 《国家能源局关于进一步加强海上风电项目安全风险防控相关工作的通知》 《财政支持做好碳达峰碳中和工作的意见》 国家发展改革委、国家能源局 《关于促进新时代新能源高质量发展的实施方案》 财政部：推动解决补贴资金缺口 大力发展可再生能源 《“十四五”新型储能发展实施方案》,fused
OOS-POL-007,2026-01-01,2026-02-28,jan_feb_combined,capacity_under_construction,true,1,0.8000,0.9325,6,原文摘要：政策法规 《风电场改造升级和退役管理办法》 《国家能源局关于进一步加强海上风电项目安全风险防控相关工作的通知》 《财政支持做好碳达峰碳中和工作的意见》 国家发展改革委、国家能源局 《关于促进新时代新能源高质量发展的实施方案》 财政部：推动解决补贴资金缺口 大力发展可再生能源 《“十四五”新型储能发展实施方案》,fused
OOS-POL-007,2026-01-01,2026-02-28,jan_feb_combined,capacity_enters_production,false,0,0.0000,0.7000,1,,fused
OOS-POL-007,2026-01-01,2026-02-28,jan_feb_combined,order_demand_improves,false,0,0.0000,0.7000,1,,fused
OOS-POL-007,2026-01-01,2026-02-28,jan_feb_combined,inventory_pressure_increases,false,0,0.0000,0.7000,1,,fused
OOS-POL-007,2026-01-01,2026-02-28,jan_feb_combined,product_price_recovers,false,0,0.0000,0.7000,1,,fused
OOS-POL-007,2026-01-01,2026-02-28,jan_feb_combined,raw_material_cost_pressure,false,0,0.0000,0.7000,1,,fused
OOS-POL-007,2026-01-01,2026-02-28,jan_feb_combined,export_demand_improves,false,0,0.0000,0.7000,1,,fused
OOS-POL-007,2026-01-01,2026-02-28,jan_feb_combined,grid_investment_accelerates,true,1,0.8000,0.9325,3,原文摘要：政策法规 《风电场改造升级和退役管理办法》 《国家能源局关于进一步加强海上风电项目安全风险防控相关工作的通知》 《财政支持做好碳达峰碳中和工作的意见》 国家发展改革委、国家能源局 《关于促进新时代新能源高质量发展的实施方案》 财政部：推动解决补贴资金缺口 大力发展可再生能源 《“十四五”新型储能发展实施方案》,fused
OOS-POL-007,2026-01-01,2026-02-28,jan_feb_combined,financing_constraint_eases,true,1,0.8000,0.9325,3,原文摘要：政策法规 《风电场改造升级和退役管理办法》 《国家能源局关于进一步加强海上风电项目安全风险防控相关工作的通知》 《财政支持做好碳达峰碳中和工作的意见》 国家发展改革委、国家能源局 《关于促进新时代新能源高质量发展的实施方案》 财政部：推动解决补贴资金缺口 大力发展可再生能源 《“十四五”新型储能发展实施方案》,fused
OOS-POL-007,2026-01-01,2026-02-28,jan_feb_combined,industry_competition_intensifies,false,0,0.0000,0.7000,1,,fused
S023,2026-01-01,2026-02-28,jan_feb_combined,policy_expands_effective_demand,false,0,0.0000,0.6000,2,,fused
S023,2026-01-01,2026-02-28,jan_feb_combined,policy_accelerates_project_implementation,false,0,0.0000,0.6000,2,,fused
S023,2026-01-01,2026-02-28,jan_feb_combined,capacity_under_construction,false,0,0.0000,0.6000,6,,fused
S023,2026-01-01,2026-02-28,jan_feb_combined,capacity_enters_production,false,0,0.0000,0.6000,1,,fused
S023,2026-01-01,2026-02-28,jan_feb_combined,order_demand_improves,true,1,0.3500,0.6000,1,2025年国内动力电池装车量769.7GWh 同比增长40.4%,fused
S023,2026-01-01,2026-02-28,jan_feb_combined,inventory_pressure_increases,false,0,0.0000,0.6000,1,,fused
S023,2026-01-01,2026-02-28,jan_feb_combined,product_price_recovers,false,0,0.0000,0.6000,1,,fused
S023,2026-01-01,2026-02-28,jan_feb_combined,raw_material_cost_pressure,false,0,0.0000,0.6000,1,,fused
S023,2026-01-01,2026-02-28,jan_feb_combined,export_demand_improves,false,0,0.0000,0.6000,1,,fused
S023,2026-01-01,2026-02-28,jan_feb_combined,grid_investment_accelerates,false,0,0.0000,0.6000,3,,fused
S023,2026-01-01,2026-02-28,jan_feb_combined,financing_constraint_eases,false,0,0.0000,0.6000,3,,fused
S023,2026-01-01,2026-02-28,jan_feb_combined,industry_competition_intensifies,false,0,0.0000,0.6000,1,,fused
OOS-POL-021,2026-01-01,2026-02-28,jan_feb_combined,policy_expands_effective_demand,true,1,0.6000,0.9325,2,重点聚焦汽车报废更新、汽车置换更新、家电消费、数码及智能产品四大领域,fused
OOS-POL-021,2026-01-01,2026-02-28,jan_feb_combined,policy_accelerates_project_implementation,false,0,0.0000,0.7000,2,,fused
OOS-POL-021,2026-01-01,2026-02-28,jan_feb_combined,capacity_under_construction,false,0,0.0000,0.7000,6,,fused
OOS-POL-021,2026-01-01,2026-02-28,jan_feb_combined,capacity_enters_production,false,0,0.0000,0.7000,1,,fused
OOS-POL-021,2026-01-01,2026-02-28,jan_feb_combined,order_demand_improves,true,1,0.2000,0.7000,1,不断激发消费市场活力，切实满足人民群众高品质生活需要,fused
OOS-POL-021,2026-01-01,2026-02-28,jan_feb_combined,inventory_pressure_increases,false,0,0.0000,0.7000,1,,fused
OOS-POL-021,2026-01-01,2026-02-28,jan_feb_combined,product_price_recovers,false,0,0.0000,0.7000,1,,fused
OOS-POL-021,2026-01-01,2026-02-28,jan_feb_combined,raw_material_cost_pressure,false,0,0.0000,0.7000,1,,fused
OOS-POL-021,2026-01-01,2026-02-28,jan_feb_combined,export_demand_improves,false,0,0.0000,0.7000,1,,fused
OOS-POL-021,2026-01-01,2026-02-28,jan_feb_combined,grid_investment_accelerates,false,0,0.0000,0.7000,3,,fused
OOS-POL-021,2026-01-01,2026-02-28,jan_feb_combined,financing_constraint_eases,false,0,0.0000,0.7000,3,,fused
OOS-POL-021,2026-01-01,2026-02-28,jan_feb_combined,industry_competition_intensifies,false,0,0.0000,0.7000,1,,fused
S130,2026-01-01,2026-02-28,jan_feb_combined,policy_expands_effective_demand,false,0,0.0000,0.6000,2,,fused
S130,2026-01-01,2026-02-28,jan_feb_combined,policy_accelerates_project_implementation,false,0,0.0000,0.6000,2,,fused
S130,2026-01-01,2026-02-28,jan_feb_combined,capacity_under_construction,true,1,0.0900,0.6000,6,或自建电芯产能，或寻求战略合作，或通过收购快速入场,fused
S130,2026-01-01,2026-02-28,jan_feb_combined,capacity_enters_production,false,0,0.0000,0.6000,1,,fused
S130,2026-01-01,2026-02-28,jan_feb_combined,order_demand_improves,false,0,0.0000,0.6000,1,,fused
S130,2026-01-01,2026-02-28,jan_feb_combined,inventory_pressure_increases,true,-1,0.1600,0.6000,1,部分传统厂商仍在持续亏损，而更多企业则争相布局储能赛道,fused
S130,2026-01-01,2026-02-28,jan_feb_combined,product_price_recovers,false,0,0.0000,0.6000,1,,fused
S130,2026-01-01,2026-02-28,jan_feb_combined,raw_material_cost_pressure,false,0,0.0000,0.6000,1,,fused
S130,2026-01-01,2026-02-28,jan_feb_combined,export_demand_improves,false,0,0.0000,0.6000,1,,fused
S130,2026-01-01,2026-02-28,jan_feb_combined,grid_investment_accelerates,false,0,0.0000,0.6000,3,,fused
S130,2026-01-01,2026-02-28,jan_feb_combined,financing_constraint_eases,false,0,0.0000,0.6000,3,,fused
S130,2026-01-01,2026-02-28,jan_feb_combined,industry_competition_intensifies,true,-1,0.2500,0.6000,1,全行业亏损下，谁能率先突围？,fused
S047,2026-01-01,2026-02-28,jan_feb_combined,policy_expands_effective_demand,false,0,0.0000,0.6000,2,,fused
S047,2026-01-01,2026-02-28,jan_feb_combined,policy_accelerates_project_implementation,false,0,0.0000,0.6000,2,,fused
S047,2026-01-01,2026-02-28,jan_feb_combined,capacity_under_construction,true,1,0.3000,0.6000,6,2025年，风光装机实现历...,fused
S047,2026-01-01,2026-02-28,jan_feb_combined,capacity_enters_production,true,1,0.3500,0.6000,1,太阳能发电装机容量12.0亿千瓦，同比增长35.4%,fused
S047,2026-01-01,2026-02-28,jan_feb_combined,order_demand_improves,false,0,0.0000,0.6000,1,,fused
S047,2026-01-01,2026-02-28,jan_feb_combined,inventory_pressure_increases,false,0,0.0000,0.6000,1,,fused
S047,2026-01-01,2026-02-28,jan_feb_combined,product_price_recovers,false,0,0.0000,0.6000,1,,fused
S047,2026-01-01,2026-02-28,jan_feb_combined,raw_material_cost_pressure,false,0,0.0000,0.6000,1,,fused
S047,2026-01-01,2026-02-28,jan_feb_combined,export_demand_improves,false,0,0.0000,0.6000,1,,fused
S047,2026-01-01,2026-02-28,jan_feb_combined,grid_investment_accelerates,false,0,0.0000,0.6000,3,,fused
S047,2026-01-01,2026-02-28,jan_feb_combined,financing_constraint_eases,false,0,0.0000,0.6000,3,,fused
S047,2026-01-01,2026-02-28,jan_feb_combined,industry_competition_intensifies,false,0,0.0000,0.6000,1,,fused
S099,2026-01-01,2026-02-28,jan_feb_combined,policy_expands_effective_demand,false,0,0.0000,0.6000,2,,fused
S099,2026-01-01,2026-02-28,jan_feb_combined,policy_accelerates_project_implementation,false,0,0.0000,0.6000,2,,fused
S099,2026-01-01,2026-02-28,jan_feb_combined,capacity_under_construction,false,0,0.0000,0.6000,6,,fused
S099,2026-01-01,2026-02-28,jan_feb_combined,capacity_enters_production,false,0,0.0000,0.6000,1,,fused
S099,2026-01-01,2026-02-28,jan_feb_combined,order_demand_improves,false,0,0.0000,0.6000,1,,fused
S099,2026-01-01,2026-02-28,jan_feb_combined,inventory_pressure_increases,false,0,0.0000,0.6000,1,,fused
S099,2026-01-01,2026-02-28,jan_feb_combined,product_price_recovers,false,0,0.0000,0.6000,1,,fused
S099,2026-01-01,2026-02-28,jan_feb_combined,raw_material_cost_pressure,false,0,0.0000,0.6000,1,,fused
S099,2026-01-01,2026-02-28,jan_feb_combined,export_demand_improves,false,0,0.0000,0.6000,1,,fused
S099,2026-01-01,2026-02-28,jan_feb_combined,grid_investment_accelerates,false,0,0.0000,0.6000,3,,fused
S099,2026-01-01,2026-02-28,jan_feb_combined,financing_constraint_eases,false,0,0.0000,0.6000,3,,fused
S099,2026-01-01,2026-02-28,jan_feb_combined,industry_competition_intensifies,false,0,0.0000,0.6000,1,,fused
OOS-POL-001,2026-01-01,2026-02-28,jan_feb_combined,policy_expands_effective_demand,false,0,0.0000,0.7000,2,,fused
OOS-POL-001,2026-01-01,2026-02-28,jan_feb_combined,policy_accelerates_project_implementation,true,1,0.6800,0.9325,2,引导调节性电源平稳有序建设,fused
OOS-POL-001,2026-01-01,2026-02-28,jan_feb_combined,capacity_under_construction,false,0,0.0000,0.7000,6,,fused
OOS-POL-001,2026-01-01,2026-02-28,jan_feb_combined,capacity_enters_production,false,0,0.0000,0.7000,1,,fused
OOS-POL-001,2026-01-01,2026-02-28,jan_feb_combined,order_demand_improves,false,0,0.0000,0.7000,1,,fused
OOS-POL-001,2026-01-01,2026-02-28,jan_feb_combined,inventory_pressure_increases,false,0,0.0000,0.7000,1,,fused
OOS-POL-001,2026-01-01,2026-02-28,jan_feb_combined,product_price_recovers,false,0,0.0000,0.7000,1,,fused
OOS-POL-001,2026-01-01,2026-02-28,jan_feb_combined,raw_material_cost_pressure,false,0,0.0000,0.7000,1,,fused
OOS-POL-001,2026-01-01,2026-02-28,jan_feb_combined,export_demand_improves,false,0,0.0000,0.7000,1,,fused
OOS-POL-001,2026-01-01,2026-02-28,jan_feb_combined,grid_investment_accelerates,true,1,0.8000,0.9325,3,原文摘要：关于完善发电侧容量电价机制的通知(发改价格〔2026〕114号) 索引号：430S00/2026-005789 发布机构： 发文日期：2026-02-03 09:37 主题分类： 主题词： 名称：关于完善发电侧容量电价机制的通知(发改价格〔2026〕114号)国家发展改革委 国家能源局关于完善发电侧容量电价机,fused
OOS-POL-001,2026-01-01,2026-02-28,jan_feb_combined,financing_constraint_eases,false,0,0.0000,0.7000,3,,fused
OOS-POL-001,2026-01-01,2026-02-28,jan_feb_combined,industry_competition_intensifies,false,0,0.0000,0.7000,1,,fused
S031,2026-01-01,2026-02-28,jan_feb_combined,policy_expands_effective_demand,false,0,0.0000,0.6000,2,,fused
S031,2026-01-01,2026-02-28,jan_feb_combined,policy_accelerates_project_implementation,false,0,0.0000,0.6000,2,,fused
S031,2026-01-01,2026-02-28,jan_feb_combined,capacity_under_construction,false,0,0.0000,0.6000,6,,fused
S031,2026-01-01,2026-02-28,jan_feb_combined,capacity_enters_production,false,0,0.0000,0.6000,1,,fused
S031,2026-01-01,2026-02-28,jan_feb_combined,order_demand_improves,false,0,0.0000,0.6000,1,,fused
S031,2026-01-01,2026-02-28,jan_feb_combined,inventory_pressure_increases,false,0,0.0000,0.6000,1,,fused
S031,2026-01-01,2026-02-28,jan_feb_combined,product_price_recovers,false,0,0.0000,0.6000,1,,fused
S031,2026-01-01,2026-02-28,jan_feb_combined,raw_material_cost_pressure,false,0,0.0000,0.6000,1,,fused
S031,2026-01-01,2026-02-28,jan_feb_combined,export_demand_improves,false,0,0.0000,0.6000,1,,fused
S031,2026-01-01,2026-02-28,jan_feb_combined,grid_investment_accelerates,false,0,0.0000,0.6000,3,,fused
S031,2026-01-01,2026-02-28,jan_feb_combined,financing_constraint_eases,false,0,0.0000,0.6000,3,,fused
S031,2026-01-01,2026-02-28,jan_feb_combined,industry_competition_intensifies,false,0,0.0000,0.6000,1,,fused
S086,2026-01-01,2026-02-28,jan_feb_combined,policy_expands_effective_demand,false,0,0.0000,0.7000,2,,fused
S086,2026-01-01,2026-02-28,jan_feb_combined,policy_accelerates_project_implementation,false,0,0.0000,0.7000,2,,fused
S086,2026-01-01,2026-02-28,jan_feb_combined,capacity_under_construction,false,0,0.0000,0.7000,6,,fused
S086,2026-01-01,2026-02-28,jan_feb_combined,capacity_enters_production,false,0,0.0000,0.7000,1,,fused
S086,2026-01-01,2026-02-28,jan_feb_combined,order_demand_improves,false,0,0.0000,0.7000,1,,fused
S086,2026-01-01,2026-02-28,jan_feb_combined,inventory_pressure_increases,false,0,0.0000,0.7000,1,,fused
S086,2026-01-01,2026-02-28,jan_feb_combined,product_price_recovers,false,0,0.0000,0.7000,1,,fused
S086,2026-01-01,2026-02-28,jan_feb_combined,raw_material_cost_pressure,false,0,0.0000,0.7000,1,,fused
S086,2026-01-01,2026-02-28,jan_feb_combined,export_demand_improves,false,0,0.0000,0.7000,1,,fused
S086,2026-01-01,2026-02-28,jan_feb_combined,grid_investment_accelerates,false,0,0.0000,0.7000,3,,fused
S086,2026-01-01,2026-02-28,jan_feb_combined,financing_constraint_eases,false,0,0.0000,0.7000,3,,fused
S086,2026-01-01,2026-02-28,jan_feb_combined,industry_competition_intensifies,false,0,0.0000,0.7000,1,,fused
S123,2026-01-01,2026-02-28,jan_feb_combined,policy_expands_effective_demand,false,0,0.0000,0.7000,2,,fused
S123,2026-01-01,2026-02-28,jan_feb_combined,policy_accelerates_project_implementation,false,0,0.0000,0.7000,2,,fused
S123,2026-01-01,2026-02-28,jan_feb_combined,capacity_under_construction,false,0,0.0000,0.7000,6,,fused
S123,2026-01-01,2026-02-28,jan_feb_combined,capacity_enters_production,false,0,0.0000,0.7000,1,,fused
S123,2026-01-01,2026-02-28,jan_feb_combined,order_demand_improves,false,0,0.0000,0.7000,1,,fused
S123,2026-01-01,2026-02-28,jan_feb_combined,inventory_pressure_increases,false,0,0.0000,0.7000,1,,fused
S123,2026-01-01,2026-02-28,jan_feb_combined,product_price_recovers,false,0,0.0000,0.7000,1,,fused
S123,2026-01-01,2026-02-28,jan_feb_combined,raw_material_cost_pressure,false,0,0.0000,0.7000,1,,fused
S123,2026-01-01,2026-02-28,jan_feb_combined,export_demand_improves,false,0,0.0000,0.7000,1,,fused
S123,2026-01-01,2026-02-28,jan_feb_combined,grid_investment_accelerates,false,0,0.0000,0.7000,3,,fused
S123,2026-01-01,2026-02-28,jan_feb_combined,financing_constraint_eases,false,0,0.0000,0.7000,3,,fused
S123,2026-01-01,2026-02-28,jan_feb_combined,industry_competition_intensifies,false,0,0.0000,0.7000,1,,fused
S128,2026-01-01,2026-02-28,jan_feb_combined,policy_expands_effective_demand,false,0,0.0000,0.6000,2,,fused
S128,2026-01-01,2026-02-28,jan_feb_combined,policy_accelerates_project_implementation,false,0,0.0000,0.6000,2,,fused
S128,2026-01-01,2026-02-28,jan_feb_combined,capacity_under_construction,false,0,0.0000,0.6000,6,,fused
S128,2026-01-01,2026-02-28,jan_feb_combined,capacity_enters_production,false,0,0.0000,0.6000,1,,fused
S128,2026-01-01,2026-02-28,jan_feb_combined,order_demand_improves,false,0,0.0000,0.6000,1,,fused
S128,2026-01-01,2026-02-28,jan_feb_combined,inventory_pressure_increases,false,0,0.0000,0.6000,1,,fused
S128,2026-01-01,2026-02-28,jan_feb_combined,product_price_recovers,false,0,0.0000,0.6000,1,,fused
S128,2026-01-01,2026-02-28,jan_feb_combined,raw_material_cost_pressure,false,0,0.0000,0.6000,1,,fused
S128,2026-01-01,2026-02-28,jan_feb_combined,export_demand_improves,false,0,0.0000,0.6000,1,,fused
S128,2026-01-01,2026-02-28,jan_feb_combined,grid_investment_accelerates,false,0,0.0000,0.6000,3,,fused
S128,2026-01-01,2026-02-28,jan_feb_combined,financing_constraint_eases,false,0,0.0000,0.6000,3,,fused
S128,2026-01-01,2026-02-28,jan_feb_combined,industry_competition_intensifies,false,0,0.0000,0.6000,1,,fused
S129,2026-01-01,2026-02-28,jan_feb_combined,policy_expands_effective_demand,false,0,0.0000,0.6000,2,,fused
S129,2026-01-01,2026-02-28,jan_feb_combined,policy_accelerates_project_implementation,false,0,0.0000,0.6000,2,,fused
S129,2026-01-01,2026-02-28,jan_feb_combined,capacity_under_construction,false,0,0.0000,0.6000,6,,fused
S129,2026-01-01,2026-02-28,jan_feb_combined,capacity_enters_production,false,0,0.0000,0.6000,1,,fused
S129,2026-01-01,2026-02-28,jan_feb_combined,order_demand_improves,false,0,0.0000,0.6000,1,,fused
S129,2026-01-01,2026-02-28,jan_feb_combined,inventory_pressure_increases,false,0,0.0000,0.6000,1,,fused
S129,2026-01-01,2026-02-28,jan_feb_combined,product_price_recovers,false,0,0.0000,0.6000,1,,fused
S129,2026-01-01,2026-02-28,jan_feb_combined,raw_material_cost_pressure,false,0,0.0000,0.6000,1,,fused
S129,2026-01-01,2026-02-28,jan_feb_combined,export_demand_improves,false,0,0.0000,0.6000,1,,fused
S129,2026-01-01,2026-02-28,jan_feb_combined,grid_investment_accelerates,false,0,0.0000,0.6000,3,,fused
S129,2026-01-01,2026-02-28,jan_feb_combined,financing_constraint_eases,false,0,0.0000,0.6000,3,,fused
S129,2026-01-01,2026-02-28,jan_feb_combined,industry_competition_intensifies,false,0,0.0000,0.6000,1,,fused
OOS-POL-016,2026-01-01,2026-02-28,jan_feb_combined,policy_expands_effective_demand,true,1,0.7000,0.9325,2,2026年湖北省汽车以旧换新补贴实施细则。,fused
OOS-POL-016,2026-01-01,2026-02-28,jan_feb_combined,policy_accelerates_project_implementation,false,0,0.0000,0.7000,2,,fused
OOS-POL-016,2026-01-01,2026-02-28,jan_feb_combined,capacity_under_construction,false,0,0.0000,0.7000,6,,fused
OOS-POL-016,2026-01-01,2026-02-28,jan_feb_combined,capacity_enters_production,false,0,0.0000,0.7000,1,,fused
OOS-POL-016,2026-01-01,2026-02-28,jan_feb_combined,order_demand_improves,false,0,0.0000,0.7000,1,,fused
OOS-POL-016,2026-01-01,2026-02-28,jan_feb_combined,inventory_pressure_increases,false,0,0.0000,0.7000,1,,fused
OOS-POL-016,2026-01-01,2026-02-28,jan_feb_combined,product_price_recovers,false,0,0.0000,0.7000,1,,fused
OOS-POL-016,2026-01-01,2026-02-28,jan_feb_combined,raw_material_cost_pressure,false,0,0.0000,0.7000,1,,fused
OOS-POL-016,2026-01-01,2026-02-28,jan_feb_combined,export_demand_improves,false,0,0.0000,0.7000,1,,fused
OOS-POL-016,2026-01-01,2026-02-28,jan_feb_combined,grid_investment_accelerates,false,0,0.0000,0.7000,3,,fused
OOS-POL-016,2026-01-01,2026-02-28,jan_feb_combined,financing_constraint_eases,false,0,0.0000,0.7000,3,,fused
OOS-POL-016,2026-01-01,2026-02-28,jan_feb_combined,industry_competition_intensifies,false,0,0.0000,0.7000,1,,fused
OOS-NWS-005,2026-01-01,2026-02-28,jan_feb_combined,policy_expands_effective_demand,false,0,0.0000,0.6000,2,,fused
OOS-NWS-005,2026-01-01,2026-02-28,jan_feb_combined,policy_accelerates_project_implementation,false,0,0.0000,0.6000,2,,fused
OOS-NWS-005,2026-01-01,2026-02-28,jan_feb_combined,capacity_under_construction,false,0,0.0000,0.6000,6,,fused
OOS-NWS-005,2026-01-01,2026-02-28,jan_feb_combined,capacity_enters_production,false,0,0.0000,0.6000,1,,fused
OOS-NWS-005,2026-01-01,2026-02-28,jan_feb_combined,order_demand_improves,false,0,0.0000,0.6000,1,,fused
OOS-NWS-005,2026-01-01,2026-02-28,jan_feb_combined,inventory_pressure_increases,false,0,0.0000,0.6000,1,,fused
OOS-NWS-005,2026-01-01,2026-02-28,jan_feb_combined,product_price_recovers,false,0,0.0000,0.6000,1,,fused
OOS-NWS-005,2026-01-01,2026-02-28,jan_feb_combined,raw_material_cost_pressure,false,0,0.0000,0.6000,1,,fused
OOS-NWS-005,2026-01-01,2026-02-28,jan_feb_combined,export_demand_improves,false,0,0.0000,0.6000,1,,fused
OOS-NWS-005,2026-01-01,2026-02-28,jan_feb_combined,grid_investment_accelerates,false,0,0.0000,0.6000,3,,fused
OOS-NWS-005,2026-01-01,2026-02-28,jan_feb_combined,financing_constraint_eases,false,0,0.0000,0.6000,3,,fused
OOS-NWS-005,2026-01-01,2026-02-28,jan_feb_combined,industry_competition_intensifies,false,0,0.0000,0.6000,1,,fused
OOS-POL-003,2026-01-01,2026-02-28,jan_feb_combined,policy_expands_effective_demand,true,1,0.8000,0.9325,2,近年来，党中央和国务院对纵深推进全国统一大市场建设、加快构建新型电力系统等提出新的要求，电力生产方式、消费模式、产业结构发生了巨大变化，新能源占比不断提升、新模式新场景加速形成，经济发展和人民生活对用电成本和可靠性提出更高需求，这些都对电力市场提出了新挑战，迫切需要以改革创新手段进一步完善电力市场体系。,fused
OOS-POL-003,2026-01-01,2026-02-28,jan_feb_combined,policy_accelerates_project_implementation,true,1,0.8000,0.9325,2,建设全国统一电力市场体系既是构建新型电力系统、促进电力资源优化配置、保障能源安全稳定供给的关键支撑，也是纵深推进全国统一大市场建设的必然要求、推动经济稳步增长的基本要素保障。,fused
OOS-POL-003,2026-01-01,2026-02-28,jan_feb_combined,capacity_under_construction,false,0,0.0000,0.7000,6,,fused
OOS-POL-003,2026-01-01,2026-02-28,jan_feb_combined,capacity_enters_production,false,0,0.0000,0.7000,1,,fused
OOS-POL-003,2026-01-01,2026-02-28,jan_feb_combined,order_demand_improves,false,0,0.0000,0.7000,1,,fused
OOS-POL-003,2026-01-01,2026-02-28,jan_feb_combined,inventory_pressure_increases,false,0,0.0000,0.7000,1,,fused
OOS-POL-003,2026-01-01,2026-02-28,jan_feb_combined,product_price_recovers,false,0,0.0000,0.7000,1,,fused
OOS-POL-003,2026-01-01,2026-02-28,jan_feb_combined,raw_material_cost_pressure,false,0,0.0000,0.7000,1,,fused
OOS-POL-003,2026-01-01,2026-02-28,jan_feb_combined,export_demand_improves,false,0,0.0000,0.7000,1,,fused
OOS-POL-003,2026-01-01,2026-02-28,jan_feb_combined,grid_investment_accelerates,false,0,0.0000,0.7000,3,,fused
OOS-POL-003,2026-01-01,2026-02-28,jan_feb_combined,financing_constraint_eases,false,0,0.0000,0.7000,3,,fused
OOS-POL-003,2026-01-01,2026-02-28,jan_feb_combined,industry_competition_intensifies,false,0,0.0000,0.7000,1,,fused
S061,2026-01-01,2026-02-28,jan_feb_combined,policy_expands_effective_demand,false,0,0.0000,0.7000,2,,fused
S061,2026-01-01,2026-02-28,jan_feb_combined,policy_accelerates_project_implementation,false,0,0.0000,0.7000,2,,fused
S061,2026-01-01,2026-02-28,jan_feb_combined,capacity_under_construction,false,0,0.0000,0.7000,6,,fused
S061,2026-01-01,2026-02-28,jan_feb_combined,capacity_enters_production,false,0,0.0000,0.7000,1,,fused
S061,2026-01-01,2026-02-28,jan_feb_combined,order_demand_improves,false,0,0.0000,0.7000,1,,fused
S061,2026-01-01,2026-02-28,jan_feb_combined,inventory_pressure_increases,false,0,0.0000,0.7000,1,,fused
S061,2026-01-01,2026-02-28,jan_feb_combined,product_price_recovers,false,0,0.0000,0.7000,1,,fused
S061,2026-01-01,2026-02-28,jan_feb_combined,raw_material_cost_pressure,false,0,0.0000,0.7000,1,,fused
S061,2026-01-01,2026-02-28,jan_feb_combined,export_demand_improves,false,0,0.0000,0.7000,1,,fused
S061,2026-01-01,2026-02-28,jan_feb_combined,grid_investment_accelerates,false,0,0.0000,0.7000,3,,fused
S061,2026-01-01,2026-02-28,jan_feb_combined,financing_constraint_eases,false,0,0.0000,0.7000,3,,fused
S061,2026-01-01,2026-02-28,jan_feb_combined,industry_competition_intensifies,false,0,0.0000,0.7000,1,,fused
OOS-NWS-006,2026-01-01,2026-02-28,jan_feb_combined,policy_expands_effective_demand,false,0,0.0000,0.6000,2,,fused
OOS-NWS-006,2026-01-01,2026-02-28,jan_feb_combined,policy_accelerates_project_implementation,true,1,0.8000,0.8100,2,未来，天合光能将严格践行合作承诺，以高品质的产品供应、高效的交付服务保障项目顺利落地，与中国华电携手共进，充分发挥光伏清洁能源优势，为我国能源结构转型、双碳目标实现注入强劲动力，共绘绿色低碳发展新蓝图！,fused
OOS-NWS-006,2026-01-01,2026-02-28,jan_feb_combined,capacity_under_construction,true,1,0.8000,0.8100,6,中标是央国企对天合光能大型光伏电站的交付能力与项目运营经验的高度认可。从沙漠光伏基地到海上光伏项目，天合光能的产品已广泛应用于各类大型新能源工程，用实战成果验证了产品的稳定性与适配性。此次与中国华电的携手，是双方在新能源领域深化合作的重要体现。未来，天合光能将严格践行合作承诺，以高品质的产品供应、高效的交付服务保障项目,fused
OOS-NWS-006,2026-01-01,2026-02-28,jan_feb_combined,capacity_enters_production,false,0,0.0000,0.6000,1,,fused
OOS-NWS-006,2026-01-01,2026-02-28,jan_feb_combined,order_demand_improves,true,1,0.6625,0.7350,1,天合光能成功中标中国华电8GW光伏组件集采,fused
OOS-NWS-006,2026-01-01,2026-02-28,jan_feb_combined,inventory_pressure_increases,false,0,0.0000,0.6000,1,,fused
OOS-NWS-006,2026-01-01,2026-02-28,jan_feb_combined,product_price_recovers,false,0,0.0000,0.6000,1,,fused
OOS-NWS-006,2026-01-01,2026-02-28,jan_feb_combined,raw_material_cost_pressure,false,0,0.0000,0.6000,1,,fused
OOS-NWS-006,2026-01-01,2026-02-28,jan_feb_combined,export_demand_improves,false,0,0.0000,0.6000,1,,fused
OOS-NWS-006,2026-01-01,2026-02-28,jan_feb_combined,grid_investment_accelerates,false,0,0.0000,0.6000,3,,fused
OOS-NWS-006,2026-01-01,2026-02-28,jan_feb_combined,financing_constraint_eases,false,0,0.0000,0.6000,3,,fused
OOS-NWS-006,2026-01-01,2026-02-28,jan_feb_combined,industry_competition_intensifies,true,-1,0.8000,0.8100,1,本次华电集采总规模达8000MWp，是 2026 年光伏行业重量级集采项目，对组件产品的性能、品质及企业交付能力均提出高标准要求，技术门槛严苛，竞争尤为激烈。,fused
OOS-POL-017,2026-01-01,2026-02-28,jan_feb_combined,policy_expands_effective_demand,true,1,0.6000,0.9325,2,为有序实施2026年汽车以旧换新补贴政策,fused
OOS-POL-017,2026-01-01,2026-02-28,jan_feb_combined,policy_accelerates_project_implementation,false,0,0.0000,0.7000,2,,fused
OOS-POL-017,2026-01-01,2026-02-28,jan_feb_combined,capacity_under_construction,false,0,0.0000,0.7000,6,,fused
OOS-POL-017,2026-01-01,2026-02-28,jan_feb_combined,capacity_enters_production,false,0,0.0000,0.7000,1,,fused
OOS-POL-017,2026-01-01,2026-02-28,jan_feb_combined,order_demand_improves,false,0,0.0000,0.7000,1,,fused
OOS-POL-017,2026-01-01,2026-02-28,jan_feb_combined,inventory_pressure_increases,false,0,0.0000,0.7000,1,,fused
OOS-POL-017,2026-01-01,2026-02-28,jan_feb_combined,product_price_recovers,false,0,0.0000,0.7000,1,,fused
OOS-POL-017,2026-01-01,2026-02-28,jan_feb_combined,raw_material_cost_pressure,false,0,0.0000,0.7000,1,,fused
OOS-POL-017,2026-01-01,2026-02-28,jan_feb_combined,export_demand_improves,false,0,0.0000,0.7000,1,,fused
OOS-POL-017,2026-01-01,2026-02-28,jan_feb_combined,grid_investment_accelerates,false,0,0.0000,0.7000,3,,fused
OOS-POL-017,2026-01-01,2026-02-28,jan_feb_combined,financing_constraint_eases,false,0,0.0000,0.7000,3,,fused
OOS-POL-017,2026-01-01,2026-02-28,jan_feb_combined,industry_competition_intensifies,false,0,0.0000,0.7000,1,,fused
OOS-POL-018,2026-01-01,2026-02-28,jan_feb_combined,policy_expands_effective_demand,true,1,0.3000,0.7000,2,推动电解铝现有产能加快建设、投产满产，加快引进铝精深加工和终端制造等领域优质项目落地实施。推进硅光伏产业提质升级，推动先进产能充分释放,fused
OOS-POL-018,2026-01-01,2026-02-28,jan_feb_combined,policy_accelerates_project_implementation,true,1,0.7500,0.9325,2,支持产业与新能源一体化发展，各地新能源项目开发建设应与全省新建项目（含延链补链项目）投产时限相匹配,fused
OOS-POL-018,2026-01-01,2026-02-28,jan_feb_combined,capacity_under_construction,true,1,0.6500,0.9325,6,加快推进镇雄磷基新材料绿色低碳循环经济产业集群项目建设,fused
OOS-POL-018,2026-01-01,2026-02-28,jan_feb_combined,capacity_enters_production,true,1,0.6500,0.9325,1,推动电解铝现有产能加快建设、投产满产,fused
OOS-POL-018,2026-01-01,2026-02-28,jan_feb_combined,order_demand_improves,false,0,0.0000,0.7000,1,,fused
OOS-POL-018,2026-01-01,2026-02-28,jan_feb_combined,inventory_pressure_increases,false,0,0.0000,0.7000,1,,fused
OOS-POL-018,2026-01-01,2026-02-28,jan_feb_combined,product_price_recovers,false,0,0.0000,0.7000,1,,fused
OOS-POL-018,2026-01-01,2026-02-28,jan_feb_combined,raw_material_cost_pressure,false,0,0.0000,0.7000,1,,fused
OOS-POL-018,2026-01-01,2026-02-28,jan_feb_combined,export_demand_improves,false,0,0.0000,0.7000,1,,fused
OOS-POL-018,2026-01-01,2026-02-28,jan_feb_combined,grid_investment_accelerates,true,1,0.3000,0.7000,3,为促进绿色电力消纳，推动能源与产业协同发展，进一步将云南资源优势转化为发展优势,fused
OOS-POL-018,2026-01-01,2026-02-28,jan_feb_combined,financing_constraint_eases,false,0,0.0000,0.7000,3,,fused
OOS-POL-018,2026-01-01,2026-02-28,jan_feb_combined,industry_competition_intensifies,false,0,0.0000,0.7000,1,,fused
OOS-NWS-001,2026-03-01,2026-03-31,month,policy_expands_effective_demand,true,1,0.8000,0.8100,2,03 次 来自：华电 分享：3月3日，中国华电集团有限公司2026年光伏组件集中采购批次评标结果公示。项目招标情况如下：根据中标候选公告，标段一（N型高效组件框架）由协鑫集成、爱旭太阳能、TCL中环、隆基乐叶、天合光能、恒羲光伏、晶澳太阳能、晶科能源、正泰新能、华耀光电等10家企业入围，投标单价在0.820~0.925,fused
OOS-NWS-001,2026-03-01,2026-03-31,month,policy_accelerates_project_implementation,false,0,0.0000,0.6000,2,,fused
OOS-NWS-001,2026-03-01,2026-03-31,month,capacity_under_construction,true,1,0.8000,0.8100,6,漂亮 鲜花 雷人 鸡蛋 刚表态过的朋友 (0 人)投稿、咨询、爆料——电话：(021)50315221-812，邮箱：edit@solarzoom.com，QQ：2880163182关键字阅读： 华电 光伏组件 集采 中标广东华电广州番禺化龙站200MW/400MWh储能项目备案通过 总投资5亿元 华电新能：控股股东拟,fused
OOS-NWS-001,2026-03-01,2026-03-31,month,capacity_enters_production,false,0,0.0000,0.6000,1,,fused
OOS-NWS-001,2026-03-01,2026-03-31,month,order_demand_improves,true,1,0.7000,0.8100,1,中国华电集团有限公司2026年光伏组件集中采购批次评标结果公示,fused
OOS-NWS-001,2026-03-01,2026-03-31,month,inventory_pressure_increases,false,0,0.0000,0.6000,1,,fused
OOS-NWS-001,2026-03-01,2026-03-31,month,product_price_recovers,false,0,0.0000,0.6000,1,,fused
OOS-NWS-001,2026-03-01,2026-03-31,month,raw_material_cost_pressure,false,0,0.0000,0.6000,1,,fused
OOS-NWS-001,2026-03-01,2026-03-31,month,export_demand_improves,false,0,0.0000,0.6000,1,,fused
OOS-NWS-001,2026-03-01,2026-03-31,month,grid_investment_accelerates,false,0,0.0000,0.6000,3,,fused
OOS-NWS-001,2026-03-01,2026-03-31,month,financing_constraint_eases,false,0,0.0000,0.6000,3,,fused
OOS-NWS-001,2026-03-01,2026-03-31,month,industry_competition_intensifies,true,-1,0.2500,0.6000,1,标段一（N型高效组件框架）由协鑫集成、爱旭太阳能、TCL中环、隆基乐叶、天合光能、恒羲光伏、晶澳太阳能、晶科能源、正泰新能、华耀光电等10家企业入围,fused
OOS-NWS-010,2026-03-01,2026-03-31,month,policy_expands_effective_demand,false,0,0.0000,0.6000,2,,deterministic
OOS-NWS-010,2026-03-01,2026-03-31,month,policy_accelerates_project_implementation,false,0,0.0000,0.6000,2,,deterministic
OOS-NWS-010,2026-03-01,2026-03-31,month,capacity_under_construction,false,0,0.0000,0.6000,6,,deterministic
OOS-NWS-010,2026-03-01,2026-03-31,month,capacity_enters_production,false,0,0.0000,0.6000,1,,deterministic
OOS-NWS-010,2026-03-01,2026-03-31,month,order_demand_improves,false,0,0.0000,0.6000,1,,deterministic
OOS-NWS-010,2026-03-01,2026-03-31,month,inventory_pressure_increases,false,0,0.0000,0.6000,1,,deterministic
OOS-NWS-010,2026-03-01,2026-03-31,month,product_price_recovers,false,0,0.0000,0.6000,1,,deterministic
OOS-NWS-010,2026-03-01,2026-03-31,month,raw_material_cost_pressure,false,0,0.0000,0.6000,1,,deterministic
OOS-NWS-010,2026-03-01,2026-03-31,month,export_demand_improves,false,0,0.0000,0.6000,1,,deterministic
OOS-NWS-010,2026-03-01,2026-03-31,month,grid_investment_accelerates,false,0,0.0000,0.6000,3,,deterministic
OOS-NWS-010,2026-03-01,2026-03-31,month,financing_constraint_eases,false,0,0.0000,0.6000,3,,deterministic
OOS-NWS-010,2026-03-01,2026-03-31,month,industry_competition_intensifies,false,0,0.0000,0.6000,1,,deterministic
OOS-POL-004,2026-03-01,2026-03-31,month,policy_expands_effective_demand,true,1,0.8000,0.9325,2,为加快补齐农村地区公共充换电设施短板，进一步释放新能源汽车消费潜力,fused
OOS-POL-004,2026-03-01,2026-03-31,month,policy_accelerates_project_implementation,true,1,0.4000,0.7500,2,关于开展2026年县域充换电设施补短板试点申报有关工作的通知,fused
OOS-POL-004,2026-03-01,2026-03-31,month,capacity_under_construction,false,0,0.0000,0.7000,6,,fused
OOS-POL-004,2026-03-01,2026-03-31,month,capacity_enters_production,false,0,0.0000,0.7000,1,,fused
OOS-POL-004,2026-03-01,2026-03-31,month,order_demand_improves,false,0,0.0000,0.7000,1,,fused
OOS-POL-004,2026-03-01,2026-03-31,month,inventory_pressure_increases,false,0,0.0000,0.7000,1,,fused
OOS-POL-004,2026-03-01,2026-03-31,month,product_price_recovers,false,0,0.0000,0.7000,1,,fused
OOS-POL-004,2026-03-01,2026-03-31,month,raw_material_cost_pressure,false,0,0.0000,0.7000,1,,fused
OOS-POL-004,2026-03-01,2026-03-31,month,export_demand_improves,false,0,0.0000,0.7000,1,,fused
OOS-POL-004,2026-03-01,2026-03-31,month,grid_investment_accelerates,false,0,0.0000,0.7000,3,,fused
OOS-POL-004,2026-03-01,2026-03-31,month,financing_constraint_eases,true,1,0.8000,0.9325,3,当前财力状况、2025年试点省公共充换电设施接入新能源汽车公共充换电基础设施奖励资金清算平台（以下简称清算平台）情况、年度监督检查结果、各省试点县及地级市覆盖率，以及2025年绩效考核结果等因素分配省级试点县名额（见附件1）。2026年申报联合试点县的牵头县所在地级市2025年汽车保有量应不低于25万辆。二、鼓励绿电应,fused
OOS-POL-004,2026-03-01,2026-03-31,month,industry_competition_intensifies,false,0,0.0000,0.7000,1,,fused
S110,2026-03-01,2026-03-31,month,policy_expands_effective_demand,false,0,0.0000,0.7000,2,,fused
S110,2026-03-01,2026-03-31,month,policy_accelerates_project_implementation,false,0,0.0000,0.7000,2,,fused
S110,2026-03-01,2026-03-31,month,capacity_under_construction,false,0,0.0000,0.7000,6,,fused
S110,2026-03-01,2026-03-31,month,capacity_enters_production,false,0,0.0000,0.7000,1,,fused
S110,2026-03-01,2026-03-31,month,order_demand_improves,false,0,0.0000,0.7000,1,,fused
S110,2026-03-01,2026-03-31,month,inventory_pressure_increases,false,0,0.0000,0.7000,1,,fused
S110,2026-03-01,2026-03-31,month,product_price_recovers,false,0,0.0000,0.7000,1,,fused
S110,2026-03-01,2026-03-31,month,raw_material_cost_pressure,false,0,0.0000,0.7000,1,,fused
S110,2026-03-01,2026-03-31,month,export_demand_improves,false,0,0.0000,0.7000,1,,fused
S110,2026-03-01,2026-03-31,month,grid_investment_accelerates,false,0,0.0000,0.7000,3,,fused
S110,2026-03-01,2026-03-31,month,financing_constraint_eases,false,0,0.0000,0.7000,3,,fused
S110,2026-03-01,2026-03-31,month,industry_competition_intensifies,false,0,0.0000,0.7000,1,,fused
S075,2026-03-01,2026-03-31,month,policy_expands_effective_demand,false,0,0.0000,0.6000,2,,fused
S075,2026-03-01,2026-03-31,month,policy_accelerates_project_implementation,false,0,0.0000,0.6000,2,,fused
S075,2026-03-01,2026-03-31,month,capacity_under_construction,false,0,0.0000,0.6000,6,,fused
S075,2026-03-01,2026-03-31,month,capacity_enters_production,false,0,0.0000,0.6000,1,,fused
S075,2026-03-01,2026-03-31,month,order_demand_improves,false,0,0.0000,0.6000,1,,fused
S075,2026-03-01,2026-03-31,month,inventory_pressure_increases,false,0,0.0000,0.6000,1,,fused
S075,2026-03-01,2026-03-31,month,product_price_recovers,false,0,0.0000,0.6000,1,,fused
S075,2026-03-01,2026-03-31,month,raw_material_cost_pressure,false,0,0.0000,0.6000,1,,fused
S075,2026-03-01,2026-03-31,month,export_demand_improves,false,0,0.0000,0.6000,1,,fused
S075,2026-03-01,2026-03-31,month,grid_investment_accelerates,false,0,0.0000,0.6000,3,,fused
S075,2026-03-01,2026-03-31,month,financing_constraint_eases,false,0,0.0000,0.6000,3,,fused
S075,2026-03-01,2026-03-31,month,industry_competition_intensifies,false,0,0.0000,0.6000,1,,fused
OOS-NWS-003,2026-03-01,2026-03-31,month,policy_expands_effective_demand,false,0,0.0000,0.6000,2,,fused
OOS-NWS-003,2026-03-01,2026-03-31,month,policy_accelerates_project_implementation,false,0,0.0000,0.6000,2,,fused
OOS-NWS-003,2026-03-01,2026-03-31,month,capacity_under_construction,false,0,0.0000,0.6000,6,,fused
OOS-NWS-003,2026-03-01,2026-03-31,month,capacity_enters_production,false,0,0.0000,0.6000,1,,fused
OOS-NWS-003,2026-03-01,2026-03-31,month,order_demand_improves,false,0,0.0000,0.6000,1,,fused
OOS-NWS-003,2026-03-01,2026-03-31,month,inventory_pressure_increases,false,0,0.0000,0.6000,1,,fused
OOS-NWS-003,2026-03-01,2026-03-31,month,product_price_recovers,false,0,0.0000,0.6000,1,,fused
OOS-NWS-003,2026-03-01,2026-03-31,month,raw_material_cost_pressure,false,0,0.0000,0.6000,1,,fused
OOS-NWS-003,2026-03-01,2026-03-31,month,export_demand_improves,false,0,0.0000,0.6000,1,,fused
OOS-NWS-003,2026-03-01,2026-03-31,month,grid_investment_accelerates,false,0,0.0000,0.6000,3,,fused
OOS-NWS-003,2026-03-01,2026-03-31,month,financing_constraint_eases,false,0,0.0000,0.6000,3,,fused
OOS-NWS-003,2026-03-01,2026-03-31,month,industry_competition_intensifies,false,0,0.0000,0.6000,1,,fused
OOS-NWS-004,2026-03-01,2026-03-31,month,policy_expands_effective_demand,false,0,0.0000,0.7000,2,,fused
OOS-NWS-004,2026-03-01,2026-03-31,month,policy_accelerates_project_implementation,false,0,0.0000,0.7000,2,,fused
OOS-NWS-004,2026-03-01,2026-03-31,month,capacity_under_construction,false,0,0.0000,0.7000,6,,fused
OOS-NWS-004,2026-03-01,2026-03-31,month,capacity_enters_production,false,0,0.0000,0.7000,1,,fused
OOS-NWS-004,2026-03-01,2026-03-31,month,order_demand_improves,false,0,0.0000,0.7000,1,,fused
OOS-NWS-004,2026-03-01,2026-03-31,month,inventory_pressure_increases,false,0,0.0000,0.7000,1,,fused
OOS-NWS-004,2026-03-01,2026-03-31,month,product_price_recovers,false,0,0.0000,0.7000,1,,fused
OOS-NWS-004,2026-03-01,2026-03-31,month,raw_material_cost_pressure,false,0,0.0000,0.7000,1,,fused
OOS-NWS-004,2026-03-01,2026-03-31,month,export_demand_improves,false,0,0.0000,0.7000,1,,fused
OOS-NWS-004,2026-03-01,2026-03-31,month,grid_investment_accelerates,false,0,0.0000,0.7000,3,,fused
OOS-NWS-004,2026-03-01,2026-03-31,month,financing_constraint_eases,false,0,0.0000,0.7000,3,,fused
OOS-NWS-004,2026-03-01,2026-03-31,month,industry_competition_intensifies,false,0,0.0000,0.7000,1,,fused
OOS-NWS-008,2026-03-01,2026-03-31,month,policy_expands_effective_demand,false,0,0.0000,0.6000,2,,fused
OOS-NWS-008,2026-03-01,2026-03-31,month,policy_accelerates_project_implementation,false,0,0.0000,0.6000,2,,fused
OOS-NWS-008,2026-03-01,2026-03-31,month,capacity_under_construction,false,0,0.0000,0.6000,6,,fused
OOS-NWS-008,2026-03-01,2026-03-31,month,capacity_enters_production,false,0,0.0000,0.6000,1,,fused
OOS-NWS-008,2026-03-01,2026-03-31,month,order_demand_improves,false,0,0.0000,0.6000,1,,fused
OOS-NWS-008,2026-03-01,2026-03-31,month,inventory_pressure_increases,false,0,0.0000,0.6000,1,,fused
OOS-NWS-008,2026-03-01,2026-03-31,month,product_price_recovers,false,0,0.0000,0.6000,1,,fused
OOS-NWS-008,2026-03-01,2026-03-31,month,raw_material_cost_pressure,false,0,0.0000,0.6000,1,,fused
OOS-NWS-008,2026-03-01,2026-03-31,month,export_demand_improves,false,0,0.0000,0.6000,1,,fused
OOS-NWS-008,2026-03-01,2026-03-31,month,grid_investment_accelerates,false,0,0.0000,0.6000,3,,fused
OOS-NWS-008,2026-03-01,2026-03-31,month,financing_constraint_eases,false,0,0.0000,0.6000,3,,fused
OOS-NWS-008,2026-03-01,2026-03-31,month,industry_competition_intensifies,true,-1,0.3000,0.6000,1,国内动力电池装车量26.3GWh，同比下降24.6%。,fused
OOS-NWS-002,2026-03-01,2026-03-31,month,policy_expands_effective_demand,false,0,0.0000,0.6000,2,,deterministic
OOS-NWS-002,2026-03-01,2026-03-31,month,policy_accelerates_project_implementation,false,0,0.0000,0.6000,2,,deterministic
OOS-NWS-002,2026-03-01,2026-03-31,month,capacity_under_construction,false,0,0.0000,0.6000,6,,deterministic
OOS-NWS-002,2026-03-01,2026-03-31,month,capacity_enters_production,false,0,0.0000,0.6000,1,,deterministic
OOS-NWS-002,2026-03-01,2026-03-31,month,order_demand_improves,true,1,0.7250,0.7350,1,原文摘要：中国电建31GW光伏组件集采：阿特斯0.737入围包件二3GW N型HJT组件最低价记者获悉，3月18日，中国电建2026年度光伏组件框架入围集中采购项目中标候选人公示。,deterministic
OOS-NWS-002,2026-03-01,2026-03-31,month,inventory_pressure_increases,false,0,0.0000,0.6000,1,,deterministic
OOS-NWS-002,2026-03-01,2026-03-31,month,product_price_recovers,false,0,0.0000,0.6000,1,,deterministic
OOS-NWS-002,2026-03-01,2026-03-31,month,raw_material_cost_pressure,false,0,0.0000,0.6000,1,,deterministic
OOS-NWS-002,2026-03-01,2026-03-31,month,export_demand_improves,false,0,0.0000,0.6000,1,,deterministic
OOS-NWS-002,2026-03-01,2026-03-31,month,grid_investment_accelerates,false,0,0.0000,0.6000,3,,deterministic
OOS-NWS-002,2026-03-01,2026-03-31,month,financing_constraint_eases,false,0,0.0000,0.6000,3,,deterministic
OOS-NWS-002,2026-03-01,2026-03-31,month,industry_competition_intensifies,false,0,0.0000,0.6000,1,,deterministic
OOS-POL-020,2026-03-01,2026-03-31,month,policy_expands_effective_demand,true,1,0.8000,0.9325,2,到2027年底，在全市范围内建成超50万台充电设施，充电容量达到530万千瓦，满足超过100万辆电动汽车充电需求。,fused
OOS-POL-020,2026-03-01,2026-03-31,month,policy_accelerates_project_implementation,true,1,0.3000,0.7000,2,加大力度完善电动汽车充电设施服务网络，服务能力“质量”和“效能”双重提升,fused
OOS-POL-020,2026-03-01,2026-03-31,month,capacity_under_construction,false,0,0.0000,0.7000,6,,fused
OOS-POL-020,2026-03-01,2026-03-31,month,capacity_enters_production,false,0,0.0000,0.7000,1,,fused
OOS-POL-020,2026-03-01,2026-03-31,month,order_demand_improves,true,1,0.3500,0.8000,2,到2027年底，在全市范围内建成超50万台充电设施，充电容量达到530万千瓦，满足超过100万辆电动汽车充电需求。,fused
OOS-POL-020,2026-03-01,2026-03-31,month,inventory_pressure_increases,false,0,0.0000,0.7000,1,,fused
OOS-POL-020,2026-03-01,2026-03-31,month,product_price_recovers,false,0,0.0000,0.7000,1,,fused
OOS-POL-020,2026-03-01,2026-03-31,month,raw_material_cost_pressure,false,0,0.0000,0.7000,1,,fused
OOS-POL-020,2026-03-01,2026-03-31,month,export_demand_improves,false,0,0.0000,0.7000,1,,fused
OOS-POL-020,2026-03-01,2026-03-31,month,grid_investment_accelerates,false,0,0.0000,0.7000,3,,fused
OOS-POL-020,2026-03-01,2026-03-31,month,financing_constraint_eases,false,0,0.0000,0.7000,3,,fused
OOS-POL-020,2026-03-01,2026-03-31,month,industry_competition_intensifies,false,0,0.0000,0.7000,1,,fused
OOS-NWS-009,2026-03-01,2026-03-31,month,policy_expands_effective_demand,false,0,0.0000,0.6000,2,,fused
OOS-NWS-009,2026-03-01,2026-03-31,month,policy_accelerates_project_implementation,false,0,0.0000,0.6000,2,,fused
OOS-NWS-009,2026-03-01,2026-03-31,month,capacity_under_construction,true,1,0.6000,0.8100,6,山西沁源能量池200MW400MWh独立储能电站项目工程设计服务直接招标,fused
OOS-NWS-009,2026-03-01,2026-03-31,month,capacity_enters_production,false,0,0.0000,0.6000,1,,fused
OOS-NWS-009,2026-03-01,2026-03-31,month,order_demand_improves,true,1,0.6625,0.7350,1,中石油2026年逆变器集中采购项目中标候选人公示，本次集采分为4个标包，合计容量5GW，科华/阳光/华为等11家企业入围,fused
OOS-NWS-009,2026-03-01,2026-03-31,month,inventory_pressure_increases,false,0,0.0000,0.6000,1,,fused
OOS-NWS-009,2026-03-01,2026-03-31,month,product_price_recovers,false,0,0.0000,0.6000,1,,fused
OOS-NWS-009,2026-03-01,2026-03-31,month,raw_material_cost_pressure,false,0,0.0000,0.6000,1,,fused
OOS-NWS-009,2026-03-01,2026-03-31,month,export_demand_improves,false,0,0.0000,0.6000,1,,fused
OOS-NWS-009,2026-03-01,2026-03-31,month,grid_investment_accelerates,true,1,0.8000,0.8100,3,招标范围：中标人负责完成深能锡林郭勒西乌珠穆沁旗电网侧压缩空气储能项目地下储气库工程勘察、设计、采购、施工一体化EPC总承包工程，储气库运行压力范围为9.6-17MPa，须满足在额定工况下充电时长6.5小时，达到满功率持续发电4小时的能力，储气库总容积不少于63.9万m。,fused
OOS-NWS-009,2026-03-01,2026-03-31,month,financing_constraint_eases,false,0,0.0000,0.6000,3,,fused
OOS-NWS-009,2026-03-01,2026-03-31,month,industry_competition_intensifies,false,0,0.0000,0.6000,1,,fused
S030,2026-03-01,2026-03-31,month,policy_expands_effective_demand,false,0,0.0000,0.7000,2,,fused
S030,2026-03-01,2026-03-31,month,policy_accelerates_project_implementation,false,0,0.0000,0.7000,2,,fused
S030,2026-03-01,2026-03-31,month,capacity_under_construction,false,0,0.0000,0.7000,6,,fused
S030,2026-03-01,2026-03-31,month,capacity_enters_production,false,0,0.0000,0.7000,1,,fused
S030,2026-03-01,2026-03-31,month,order_demand_improves,false,0,0.0000,0.7000,1,,fused
S030,2026-03-01,2026-03-31,month,inventory_pressure_increases,false,0,0.0000,0.7000,1,,fused
S030,2026-03-01,2026-03-31,month,product_price_recovers,false,0,0.0000,0.7000,1,,fused
S030,2026-03-01,2026-03-31,month,raw_material_cost_pressure,false,0,0.0000,0.7000,1,,fused
S030,2026-03-01,2026-03-31,month,export_demand_improves,false,0,0.0000,0.7000,1,,fused
S030,2026-03-01,2026-03-31,month,grid_investment_accelerates,false,0,0.0000,0.7000,3,,fused
S030,2026-03-01,2026-03-31,month,financing_constraint_eases,false,0,0.0000,0.7000,3,,fused
S030,2026-03-01,2026-03-31,month,industry_competition_intensifies,false,0,0.0000,0.7000,1,,fused
S062,2026-03-01,2026-03-31,month,policy_expands_effective_demand,false,0,0.0000,0.7000,2,,fused
S062,2026-03-01,2026-03-31,month,policy_accelerates_project_implementation,false,0,0.0000,0.7000,2,,fused
S062,2026-03-01,2026-03-31,month,capacity_under_construction,false,0,0.0000,0.7000,6,,fused
S062,2026-03-01,2026-03-31,month,capacity_enters_production,false,0,0.0000,0.7000,1,,fused
S062,2026-03-01,2026-03-31,month,order_demand_improves,false,0,0.0000,0.7000,1,,fused
S062,2026-03-01,2026-03-31,month,inventory_pressure_increases,false,0,0.0000,0.7000,1,,fused
S062,2026-03-01,2026-03-31,month,product_price_recovers,false,0,0.0000,0.7000,1,,fused
S062,2026-03-01,2026-03-31,month,raw_material_cost_pressure,false,0,0.0000,0.7000,1,,fused
S062,2026-03-01,2026-03-31,month,export_demand_improves,false,0,0.0000,0.7000,1,,fused
S062,2026-03-01,2026-03-31,month,grid_investment_accelerates,false,0,0.0000,0.7000,3,,fused
S062,2026-03-01,2026-03-31,month,financing_constraint_eases,false,0,0.0000,0.7000,3,,fused
S062,2026-03-01,2026-03-31,month,industry_competition_intensifies,false,0,0.0000,0.7000,1,,fused
S008,2026-03-01,2026-03-31,month,policy_expands_effective_demand,false,0,0.0000,0.7000,2,,fused
S008,2026-03-01,2026-03-31,month,policy_accelerates_project_implementation,false,0,0.0000,0.7000,2,,fused
S008,2026-03-01,2026-03-31,month,capacity_under_construction,false,0,0.0000,0.7000,6,,fused
S008,2026-03-01,2026-03-31,month,capacity_enters_production,false,0,0.0000,0.7000,1,,fused
S008,2026-03-01,2026-03-31,month,order_demand_improves,false,0,0.0000,0.7000,1,,fused
S008,2026-03-01,2026-03-31,month,inventory_pressure_increases,false,0,0.0000,0.7000,1,,fused
S008,2026-03-01,2026-03-31,month,product_price_recovers,false,0,0.0000,0.7000,1,,fused
S008,2026-03-01,2026-03-31,month,raw_material_cost_pressure,false,0,0.0000,0.7000,1,,fused
S008,2026-03-01,2026-03-31,month,export_demand_improves,false,0,0.0000,0.7000,1,,fused
S008,2026-03-01,2026-03-31,month,grid_investment_accelerates,false,0,0.0000,0.7000,3,,fused
S008,2026-03-01,2026-03-31,month,financing_constraint_eases,false,0,0.0000,0.7000,3,,fused
S008,2026-03-01,2026-03-31,month,industry_competition_intensifies,false,0,0.0000,0.7000,1,,fused
S058,2026-03-01,2026-03-31,month,policy_expands_effective_demand,false,0,0.0000,0.7000,2,,fused
S058,2026-03-01,2026-03-31,month,policy_accelerates_project_implementation,false,0,0.0000,0.7000,2,,fused
S058,2026-03-01,2026-03-31,month,capacity_under_construction,false,0,0.0000,0.7000,6,,fused
S058,2026-03-01,2026-03-31,month,capacity_enters_production,false,0,0.0000,0.7000,1,,fused
S058,2026-03-01,2026-03-31,month,order_demand_improves,false,0,0.0000,0.7000,1,,fused
S058,2026-03-01,2026-03-31,month,inventory_pressure_increases,false,0,0.0000,0.7000,1,,fused
S058,2026-03-01,2026-03-31,month,product_price_recovers,false,0,0.0000,0.7000,1,,fused
S058,2026-03-01,2026-03-31,month,raw_material_cost_pressure,false,0,0.0000,0.7000,1,,fused
S058,2026-03-01,2026-03-31,month,export_demand_improves,false,0,0.0000,0.7000,1,,fused
S058,2026-03-01,2026-03-31,month,grid_investment_accelerates,false,0,0.0000,0.7000,3,,fused
S058,2026-03-01,2026-03-31,month,financing_constraint_eases,false,0,0.0000,0.7000,3,,fused
S058,2026-03-01,2026-03-31,month,industry_competition_intensifies,false,0,0.0000,0.7000,1,,fused
S106,2026-03-01,2026-03-31,month,policy_expands_effective_demand,false,0,0.0000,0.7000,2,,fused
S106,2026-03-01,2026-03-31,month,policy_accelerates_project_implementation,false,0,0.0000,0.7000,2,,fused
S106,2026-03-01,2026-03-31,month,capacity_under_construction,false,0,0.0000,0.7000,6,,fused
S106,2026-03-01,2026-03-31,month,capacity_enters_production,false,0,0.0000,0.7000,1,,fused
S106,2026-03-01,2026-03-31,month,order_demand_improves,false,0,0.0000,0.7000,1,,fused
S106,2026-03-01,2026-03-31,month,inventory_pressure_increases,false,0,0.0000,0.7000,1,,fused
S106,2026-03-01,2026-03-31,month,product_price_recovers,false,0,0.0000,0.7000,1,,fused
S106,2026-03-01,2026-03-31,month,raw_material_cost_pressure,false,0,0.0000,0.7000,1,,fused
S106,2026-03-01,2026-03-31,month,export_demand_improves,false,0,0.0000,0.7000,1,,fused
S106,2026-03-01,2026-03-31,month,grid_investment_accelerates,false,0,0.0000,0.7000,3,,fused
S106,2026-03-01,2026-03-31,month,financing_constraint_eases,false,0,0.0000,0.7000,3,,fused
S106,2026-03-01,2026-03-31,month,industry_competition_intensifies,false,0,0.0000,0.7000,1,,fused
S022,2026-04-01,2026-04-30,month,policy_expands_effective_demand,false,0,0.0000,0.7000,2,,fused
S022,2026-04-01,2026-04-30,month,policy_accelerates_project_implementation,false,0,0.0000,0.7000,2,,fused
S022,2026-04-01,2026-04-30,month,capacity_under_construction,false,0,0.0000,0.7000,6,,fused
S022,2026-04-01,2026-04-30,month,capacity_enters_production,false,0,0.0000,0.7000,1,,fused
S022,2026-04-01,2026-04-30,month,order_demand_improves,false,0,0.0000,0.7000,1,,fused
S022,2026-04-01,2026-04-30,month,inventory_pressure_increases,false,0,0.0000,0.7000,1,,fused
S022,2026-04-01,2026-04-30,month,product_price_recovers,false,0,0.0000,0.7000,1,,fused
S022,2026-04-01,2026-04-30,month,raw_material_cost_pressure,false,0,0.0000,0.7000,1,,fused
S022,2026-04-01,2026-04-30,month,export_demand_improves,false,0,0.0000,0.7000,1,,fused
S022,2026-04-01,2026-04-30,month,grid_investment_accelerates,false,0,0.0000,0.7000,3,,fused
S022,2026-04-01,2026-04-30,month,financing_constraint_eases,false,0,0.0000,0.7000,3,,fused
S022,2026-04-01,2026-04-30,month,industry_competition_intensifies,false,0,0.0000,0.7000,1,,fused
S082,2026-04-01,2026-04-30,month,policy_expands_effective_demand,false,0,0.0000,0.7000,2,,fused
S082,2026-04-01,2026-04-30,month,policy_accelerates_project_implementation,false,0,0.0000,0.7000,2,,fused
S082,2026-04-01,2026-04-30,month,capacity_under_construction,false,0,0.0000,0.7000,6,,fused
S082,2026-04-01,2026-04-30,month,capacity_enters_production,false,0,0.0000,0.7000,1,,fused
S082,2026-04-01,2026-04-30,month,order_demand_improves,false,0,0.0000,0.7000,1,,fused
S082,2026-04-01,2026-04-30,month,inventory_pressure_increases,false,0,0.0000,0.7000,1,,fused
S082,2026-04-01,2026-04-30,month,product_price_recovers,false,0,0.0000,0.7000,1,,fused
S082,2026-04-01,2026-04-30,month,raw_material_cost_pressure,false,0,0.0000,0.7000,1,,fused
S082,2026-04-01,2026-04-30,month,export_demand_improves,false,0,0.0000,0.7000,1,,fused
S082,2026-04-01,2026-04-30,month,grid_investment_accelerates,false,0,0.0000,0.7000,3,,fused
S082,2026-04-01,2026-04-30,month,financing_constraint_eases,false,0,0.0000,0.7000,3,,fused
S082,2026-04-01,2026-04-30,month,industry_competition_intensifies,false,0,0.0000,0.7000,1,,fused
S118,2026-04-01,2026-04-30,month,policy_expands_effective_demand,false,0,0.0000,0.7000,2,,fused
S118,2026-04-01,2026-04-30,month,policy_accelerates_project_implementation,false,0,0.0000,0.7000,2,,fused
S118,2026-04-01,2026-04-30,month,capacity_under_construction,false,0,0.0000,0.7000,6,,fused
S118,2026-04-01,2026-04-30,month,capacity_enters_production,false,0,0.0000,0.7000,1,,fused
S118,2026-04-01,2026-04-30,month,order_demand_improves,false,0,0.0000,0.7000,1,,fused
S118,2026-04-01,2026-04-30,month,inventory_pressure_increases,false,0,0.0000,0.7000,1,,fused
S118,2026-04-01,2026-04-30,month,product_price_recovers,false,0,0.0000,0.7000,1,,fused
S118,2026-04-01,2026-04-30,month,raw_material_cost_pressure,false,0,0.0000,0.7000,1,,fused
S118,2026-04-01,2026-04-30,month,export_demand_improves,false,0,0.0000,0.7000,1,,fused
S118,2026-04-01,2026-04-30,month,grid_investment_accelerates,false,0,0.0000,0.7000,3,,fused
S118,2026-04-01,2026-04-30,month,financing_constraint_eases,false,0,0.0000,0.7000,3,,fused
S118,2026-04-01,2026-04-30,month,industry_competition_intensifies,false,0,0.0000,0.7000,1,,fused
OOS-NWS-007,2026-04-01,2026-04-30,month,policy_expands_effective_demand,false,0,0.0000,0.6000,2,,fused
OOS-NWS-007,2026-04-01,2026-04-30,month,policy_accelerates_project_implementation,false,0,0.0000,0.6000,2,,fused
OOS-NWS-007,2026-04-01,2026-04-30,month,capacity_under_construction,true,1,0.8000,0.8100,6,原文摘要：科技地产汽车消费工业时尚交通医药互联网创投 能源数码教育食品新能源家电健康酒业物流零售美妆体育楼市家居餐饮日用企服珠宝腕表智库电厂农业出海天下中国地方评论数据职场国是文娱影像营销大湾区ESG双碳长三角中西部文化文旅生活方式美食美酒艺术游戏正午箭厂投资早晚报宏观晚6点打新早报盘前机会前瞻盘中必读风口价值调研早知,fused
OOS-NWS-007,2026-04-01,2026-04-30,month,capacity_enters_production,false,0,0.0000,0.6000,1,,fused
OOS-NWS-007,2026-04-01,2026-04-30,month,order_demand_improves,true,1,0.6000,0.8100,1,天顺风能中标约2.8亿元海上风电项目订单,fused
OOS-NWS-007,2026-04-01,2026-04-30,month,inventory_pressure_increases,false,0,0.0000,0.6000,1,,fused
OOS-NWS-007,2026-04-01,2026-04-30,month,product_price_recovers,false,0,0.0000,0.6000,1,,fused
OOS-NWS-007,2026-04-01,2026-04-30,month,raw_material_cost_pressure,false,0,0.0000,0.6000,1,,fused
OOS-NWS-007,2026-04-01,2026-04-30,month,export_demand_improves,false,0,0.0000,0.6000,1,,fused
OOS-NWS-007,2026-04-01,2026-04-30,month,grid_investment_accelerates,true,1,0.1500,0.6000,3,拟安装60台单机容量10MW风力发电机组，并配套建设海上升压站1台,fused
OOS-NWS-007,2026-04-01,2026-04-30,month,financing_constraint_eases,false,0,0.0000,0.6000,3,,fused
OOS-NWS-007,2026-04-01,2026-04-30,month,industry_competition_intensifies,false,0,0.0000,0.6000,1,,fused
OOS-POL-011,2026-04-01,2026-04-30,month,policy_expands_effective_demand,true,1,0.8000,0.9325,2,调研了解零碳园区建设过程中绿电直连项目建设实施落地情况、绿电直连项目发电量和向公共电网购电量情况，碳排放置换的新上“两高”工业项目实际发用电情况，碳排放置换源企业的绿电直连潜代、自备电厂煤电机组发电量压减、煤炭消费压减情况等。,fused
OOS-POL-011,2026-04-01,2026-04-30,month,policy_accelerates_project_implementation,true,1,0.8000,0.9325,2,调研了解零碳园区建设过程中绿电直连项目建设实施落地情况、绿电直连项目发电量和向公共电网购电量情况，碳排放置换的新上“两高”工业项目实际发用电情况，碳排放置换源企业的绿电直连潜代、自备电厂煤电机组发电量压减、煤炭消费压减情况等。,fused
OOS-POL-011,2026-04-01,2026-04-30,month,capacity_under_construction,true,1,0.8000,0.9325,6,电网公平开发情况方面指出， 重点监管电网企业接网工程投资建设和回购情况，电源、储能等各类主体接入电网流程和时限执行情况，电网互联项目流程和时限执行情况，公平开放工作制度建立和落实情况，电网企业信息公开和报送情况等。,fused
OOS-POL-011,2026-04-01,2026-04-30,month,capacity_enters_production,false,0,0.0000,0.7000,1,,fused
OOS-POL-011,2026-04-01,2026-04-30,month,order_demand_improves,false,0,0.0000,0.7000,1,,fused
OOS-POL-011,2026-04-01,2026-04-30,month,inventory_pressure_increases,false,0,0.0000,0.7000,1,,fused
OOS-POL-011,2026-04-01,2026-04-30,month,product_price_recovers,false,0,0.0000,0.7000,1,,fused
OOS-POL-011,2026-04-01,2026-04-30,month,raw_material_cost_pressure,false,0,0.0000,0.7000,1,,fused
OOS-POL-011,2026-04-01,2026-04-30,month,export_demand_improves,false,0,0.0000,0.7000,1,,fused
OOS-POL-011,2026-04-01,2026-04-30,month,grid_investment_accelerates,true,1,0.8000,0.9325,3,电网公平开发情况方面指出， 重点监管电网企业接网工程投资建设和回购情况，电源、储能等各类主体接入电网流程和时限执行情况，电网互联项目流程和时限执行情况，公平开放工作制度建立和落实情况，电网企业信息公开和报送情况等。,fused
OOS-POL-011,2026-04-01,2026-04-30,month,financing_constraint_eases,false,0,0.0000,0.7000,3,,fused
OOS-POL-011,2026-04-01,2026-04-30,month,industry_competition_intensifies,false,0,0.0000,0.7000,1,,fused
S024,2026-04-01,2026-04-30,month,policy_expands_effective_demand,false,0,0.0000,0.7000,2,,fused
S024,2026-04-01,2026-04-30,month,policy_accelerates_project_implementation,false,0,0.0000,0.7000,2,,fused
S024,2026-04-01,2026-04-30,month,capacity_under_construction,false,0,0.0000,0.7000,6,,fused
S024,2026-04-01,2026-04-30,month,capacity_enters_production,false,0,0.0000,0.7000,1,,fused
S024,2026-04-01,2026-04-30,month,order_demand_improves,false,0,0.0000,0.7000,1,,fused
S024,2026-04-01,2026-04-30,month,inventory_pressure_increases,false,0,0.0000,0.7000,1,,fused
S024,2026-04-01,2026-04-30,month,product_price_recovers,false,0,0.0000,0.7000,1,,fused
S024,2026-04-01,2026-04-30,month,raw_material_cost_pressure,false,0,0.0000,0.7000,1,,fused
S024,2026-04-01,2026-04-30,month,export_demand_improves,false,0,0.0000,0.7000,1,,fused
S024,2026-04-01,2026-04-30,month,grid_investment_accelerates,false,0,0.0000,0.7000,3,,fused
S024,2026-04-01,2026-04-30,month,financing_constraint_eases,false,0,0.0000,0.7000,3,,fused
S024,2026-04-01,2026-04-30,month,industry_competition_intensifies,false,0,0.0000,0.7000,1,,fused
S018,2026-04-01,2026-04-30,month,policy_expands_effective_demand,false,0,0.0000,0.7000,2,,fused
S018,2026-04-01,2026-04-30,month,policy_accelerates_project_implementation,false,0,0.0000,0.7000,2,,fused
S018,2026-04-01,2026-04-30,month,capacity_under_construction,false,0,0.0000,0.7000,6,,fused
S018,2026-04-01,2026-04-30,month,capacity_enters_production,false,0,0.0000,0.7000,1,,fused
S018,2026-04-01,2026-04-30,month,order_demand_improves,false,0,0.0000,0.7000,1,,fused
S018,2026-04-01,2026-04-30,month,inventory_pressure_increases,false,0,0.0000,0.7000,1,,fused
S018,2026-04-01,2026-04-30,month,product_price_recovers,false,0,0.0000,0.7000,1,,fused
S018,2026-04-01,2026-04-30,month,raw_material_cost_pressure,false,0,0.0000,0.7000,1,,fused
S018,2026-04-01,2026-04-30,month,export_demand_improves,false,0,0.0000,0.7000,1,,fused
S018,2026-04-01,2026-04-30,month,grid_investment_accelerates,false,0,0.0000,0.7000,3,,fused
S018,2026-04-01,2026-04-30,month,financing_constraint_eases,false,0,0.0000,0.7000,3,,fused
S018,2026-04-01,2026-04-30,month,industry_competition_intensifies,true,-1,0.8000,0.8975,1,"要为“您好，感谢您的关注和建议!公司将聚焦核心主业发展，补齐短板，完善和增强相对竞争力，以提升公司内在价值；并将持续加强市值管理工作,促进公司投资价值合理反映公司质量，争取为股东带来更好的回报。感谢您的关注”。",fused
OOS-NWS-011,2026-04-01,2026-04-30,month,policy_expands_effective_demand,false,0,0.0000,0.6000,2,,fused
OOS-NWS-011,2026-04-01,2026-04-30,month,policy_accelerates_project_implementation,false,0,0.0000,0.6000,2,,fused
OOS-NWS-011,2026-04-01,2026-04-30,month,capacity_under_construction,true,1,0.8000,0.8100,6,重庆綦江削峰填谷储能项目招标4月10日，重庆綦江工业园区管委会发布綦江区削峰填谷储能建设项目招标公告，招标人为重庆綦创建设开发有限公司，该项目最高限价20917.98万元，其中，储能柜储能系统的综合单价为0.73元/Wh。,fused
OOS-NWS-011,2026-04-01,2026-04-30,month,capacity_enters_production,false,0,0.0000,0.6000,1,,fused
OOS-NWS-011,2026-04-01,2026-04-30,month,order_demand_improves,true,1,0.6250,0.7350,1,中车株洲所中标290MW/1.16GWh储能系统采购。,fused
OOS-NWS-011,2026-04-01,2026-04-30,month,inventory_pressure_increases,false,0,0.0000,0.6000,1,,fused
OOS-NWS-011,2026-04-01,2026-04-30,month,product_price_recovers,false,0,0.0000,0.6000,1,,fused
OOS-NWS-011,2026-04-01,2026-04-30,month,raw_material_cost_pressure,false,0,0.0000,0.6000,1,,fused
OOS-NWS-011,2026-04-01,2026-04-30,month,export_demand_improves,false,0,0.0000,0.6000,1,,fused
OOS-NWS-011,2026-04-01,2026-04-30,month,grid_investment_accelerates,false,0,0.0000,0.6000,3,,fused
OOS-NWS-011,2026-04-01,2026-04-30,month,financing_constraint_eases,false,0,0.0000,0.6000,3,,fused
OOS-NWS-011,2026-04-01,2026-04-30,month,industry_competition_intensifies,false,0,0.0000,0.6000,1,,fused
S103,2026-04-01,2026-04-30,month,policy_expands_effective_demand,false,0,0.0000,0.6000,2,,fused
S103,2026-04-01,2026-04-30,month,policy_accelerates_project_implementation,false,0,0.0000,0.6000,2,,fused
S103,2026-04-01,2026-04-30,month,capacity_under_construction,false,0,0.0000,0.6000,6,,fused
S103,2026-04-01,2026-04-30,month,capacity_enters_production,false,0,0.0000,0.6000,1,,fused
S103,2026-04-01,2026-04-30,month,order_demand_improves,false,0,0.0000,0.6000,1,,fused
S103,2026-04-01,2026-04-30,month,inventory_pressure_increases,false,0,0.0000,0.6000,1,,fused
S103,2026-04-01,2026-04-30,month,product_price_recovers,false,0,0.0000,0.6000,1,,fused
S103,2026-04-01,2026-04-30,month,raw_material_cost_pressure,false,0,0.0000,0.6000,1,,fused
S103,2026-04-01,2026-04-30,month,export_demand_improves,false,0,0.0000,0.6000,1,,fused
S103,2026-04-01,2026-04-30,month,grid_investment_accelerates,false,0,0.0000,0.6000,3,,fused
S103,2026-04-01,2026-04-30,month,financing_constraint_eases,false,0,0.0000,0.6000,3,,fused
S103,2026-04-01,2026-04-30,month,industry_competition_intensifies,false,0,0.0000,0.6000,1,,fused
S050,2026-04-01,2026-04-30,month,policy_expands_effective_demand,false,0,0.0000,0.7000,2,,fused
S050,2026-04-01,2026-04-30,month,policy_accelerates_project_implementation,true,1,0.8000,0.9325,2,关于购买股权暨投资建设磷酸铁锂一体化项目的公告。原文摘要：当升科技于2026-04-16在巨潮资讯网披露《关于购买股权暨投资建设磷酸铁锂一体化项目的公告》。北京当升材料科技股份有限公司 关于购买股权暨投资建设磷酸铁锂一体化项目的公告 北京当升材料科技股份有限公司 关于购买股权暨投资建设磷酸铁锂一体化项目的公告 本公司及,fused
S050,2026-04-01,2026-04-30,month,capacity_under_construction,true,1,0.5500,0.9325,6,为落实公司“十五五”战略发展规划，加快磷酸铁锂一体化业务布局,fused
S050,2026-04-01,2026-04-30,month,capacity_enters_production,false,0,0.0000,0.7000,1,,fused
S050,2026-04-01,2026-04-30,month,order_demand_improves,false,0,0.0000,0.7000,1,,fused
S050,2026-04-01,2026-04-30,month,inventory_pressure_increases,false,0,0.0000,0.7000,1,,fused
S050,2026-04-01,2026-04-30,month,product_price_recovers,false,0,0.0000,0.7000,1,,fused
S050,2026-04-01,2026-04-30,month,raw_material_cost_pressure,false,0,0.0000,0.7000,1,,fused
S050,2026-04-01,2026-04-30,month,export_demand_improves,false,0,0.0000,0.7000,1,,fused
S050,2026-04-01,2026-04-30,month,grid_investment_accelerates,false,0,0.0000,0.7000,3,,fused
S050,2026-04-01,2026-04-30,month,financing_constraint_eases,false,0,0.0000,0.7000,3,,fused
S050,2026-04-01,2026-04-30,month,industry_competition_intensifies,false,0,0.0000,0.7000,1,,fused
S017,2026-04-01,2026-04-30,month,policy_expands_effective_demand,false,0,0.0000,0.7000,2,,fused
S017,2026-04-01,2026-04-30,month,policy_accelerates_project_implementation,false,0,0.0000,0.7000,2,,fused
S017,2026-04-01,2026-04-30,month,capacity_under_construction,false,0,0.0000,0.7000,6,,fused
S017,2026-04-01,2026-04-30,month,capacity_enters_production,false,0,0.0000,0.7000,1,,fused
S017,2026-04-01,2026-04-30,month,order_demand_improves,false,0,0.0000,0.7000,1,,fused
S017,2026-04-01,2026-04-30,month,inventory_pressure_increases,false,0,0.0000,0.7000,1,,fused
S017,2026-04-01,2026-04-30,month,product_price_recovers,false,0,0.0000,0.7000,1,,fused
S017,2026-04-01,2026-04-30,month,raw_material_cost_pressure,false,0,0.0000,0.7000,1,,fused
S017,2026-04-01,2026-04-30,month,export_demand_improves,false,0,0.0000,0.7000,1,,fused
S017,2026-04-01,2026-04-30,month,grid_investment_accelerates,false,0,0.0000,0.7000,3,,fused
S017,2026-04-01,2026-04-30,month,financing_constraint_eases,false,0,0.0000,0.7000,3,,fused
S017,2026-04-01,2026-04-30,month,industry_competition_intensifies,true,-1,0.3000,0.7000,1,光伏行业供需失衡持续，产业链价格底部震荡，持续位于全成本线以下,fused
S077,2026-04-01,2026-04-30,month,policy_expands_effective_demand,false,0,0.0000,0.7000,2,,fused
S077,2026-04-01,2026-04-30,month,policy_accelerates_project_implementation,false,0,0.0000,0.7000,2,,fused
S077,2026-04-01,2026-04-30,month,capacity_under_construction,false,0,0.0000,0.7000,6,,fused
S077,2026-04-01,2026-04-30,month,capacity_enters_production,false,0,0.0000,0.7000,1,,fused
S077,2026-04-01,2026-04-30,month,order_demand_improves,false,0,0.0000,0.7000,1,,fused
S077,2026-04-01,2026-04-30,month,inventory_pressure_increases,false,0,0.0000,0.7000,1,,fused
S077,2026-04-01,2026-04-30,month,product_price_recovers,false,0,0.0000,0.7000,1,,fused
S077,2026-04-01,2026-04-30,month,raw_material_cost_pressure,false,0,0.0000,0.7000,1,,fused
S077,2026-04-01,2026-04-30,month,export_demand_improves,false,0,0.0000,0.7000,1,,fused
S077,2026-04-01,2026-04-30,month,grid_investment_accelerates,false,0,0.0000,0.7000,3,,fused
S077,2026-04-01,2026-04-30,month,financing_constraint_eases,false,0,0.0000,0.7000,3,,fused
S077,2026-04-01,2026-04-30,month,industry_competition_intensifies,false,0,0.0000,0.7000,1,,fused
S114,2026-04-01,2026-04-30,month,policy_expands_effective_demand,false,0,0.0000,0.7000,2,,fused
S114,2026-04-01,2026-04-30,month,policy_accelerates_project_implementation,false,0,0.0000,0.7000,2,,fused
S114,2026-04-01,2026-04-30,month,capacity_under_construction,false,0,0.0000,0.7000,6,,fused
S114,2026-04-01,2026-04-30,month,capacity_enters_production,false,0,0.0000,0.7000,1,,fused
S114,2026-04-01,2026-04-30,month,order_demand_improves,false,0,0.0000,0.7000,1,,fused
S114,2026-04-01,2026-04-30,month,inventory_pressure_increases,false,0,0.0000,0.7000,1,,fused
S114,2026-04-01,2026-04-30,month,product_price_recovers,false,0,0.0000,0.7000,1,,fused
S114,2026-04-01,2026-04-30,month,raw_material_cost_pressure,false,0,0.0000,0.7000,1,,fused
S114,2026-04-01,2026-04-30,month,export_demand_improves,false,0,0.0000,0.7000,1,,fused
S114,2026-04-01,2026-04-30,month,grid_investment_accelerates,false,0,0.0000,0.7000,3,,fused
S114,2026-04-01,2026-04-30,month,financing_constraint_eases,false,0,0.0000,0.7000,3,,fused
S114,2026-04-01,2026-04-30,month,industry_competition_intensifies,false,0,0.0000,0.7000,1,,fused
S020,2026-04-01,2026-04-30,month,policy_expands_effective_demand,false,0,0.0000,0.7000,2,,fused
S020,2026-04-01,2026-04-30,month,policy_accelerates_project_implementation,false,0,0.0000,0.7000,2,,fused
S020,2026-04-01,2026-04-30,month,capacity_under_construction,false,0,0.0000,0.7000,6,,fused
S020,2026-04-01,2026-04-30,month,capacity_enters_production,false,0,0.0000,0.7000,1,,fused
S020,2026-04-01,2026-04-30,month,order_demand_improves,false,0,0.0000,0.7000,1,,fused
S020,2026-04-01,2026-04-30,month,inventory_pressure_increases,false,0,0.0000,0.7000,1,,fused
S020,2026-04-01,2026-04-30,month,product_price_recovers,false,0,0.0000,0.7000,1,,fused
S020,2026-04-01,2026-04-30,month,raw_material_cost_pressure,false,0,0.0000,0.7000,1,,fused
S020,2026-04-01,2026-04-30,month,export_demand_improves,false,0,0.0000,0.7000,1,,fused
S020,2026-04-01,2026-04-30,month,grid_investment_accelerates,false,0,0.0000,0.7000,3,,fused
S020,2026-04-01,2026-04-30,month,financing_constraint_eases,false,0,0.0000,0.7000,3,,fused
S020,2026-04-01,2026-04-30,month,industry_competition_intensifies,false,0,0.0000,0.7000,1,,fused
OOS-NWS-012,2026-04-01,2026-04-30,month,policy_expands_effective_demand,false,0,0.0000,0.6000,2,,fused
OOS-NWS-012,2026-04-01,2026-04-30,month,policy_accelerates_project_implementation,false,0,0.0000,0.6000,2,,fused
OOS-NWS-012,2026-04-01,2026-04-30,month,capacity_under_construction,true,1,0.5500,0.8100,6,该项目建设规模为100MW/200MWh电化学储能项目，工期90天,fused
OOS-NWS-012,2026-04-01,2026-04-30,month,capacity_enters_production,false,0,0.0000,0.6000,1,,fused
OOS-NWS-012,2026-04-01,2026-04-30,month,order_demand_improves,true,1,0.5625,0.7350,1,江西100MW/200MWh储能项目EPC中标候选人公示,fused
OOS-NWS-012,2026-04-01,2026-04-30,month,inventory_pressure_increases,false,0,0.0000,0.6000,1,,fused
OOS-NWS-012,2026-04-01,2026-04-30,month,product_price_recovers,false,0,0.0000,0.6000,1,,fused
OOS-NWS-012,2026-04-01,2026-04-30,month,raw_material_cost_pressure,false,0,0.0000,0.6000,1,,fused
OOS-NWS-012,2026-04-01,2026-04-30,month,export_demand_improves,false,0,0.0000,0.6000,1,,fused
OOS-NWS-012,2026-04-01,2026-04-30,month,grid_investment_accelerates,false,0,0.0000,0.6000,3,,fused
OOS-NWS-012,2026-04-01,2026-04-30,month,financing_constraint_eases,false,0,0.0000,0.6000,3,,fused
OOS-NWS-012,2026-04-01,2026-04-30,month,industry_competition_intensifies,false,0,0.0000,0.6000,1,,fused
S016,2026-04-01,2026-04-30,month,policy_expands_effective_demand,false,0,0.0000,0.7000,2,,fused
S016,2026-04-01,2026-04-30,month,policy_accelerates_project_implementation,false,0,0.0000,0.7000,2,,fused
S016,2026-04-01,2026-04-30,month,capacity_under_construction,false,0,0.0000,0.7000,6,,fused
S016,2026-04-01,2026-04-30,month,capacity_enters_production,false,0,0.0000,0.7000,1,,fused
S016,2026-04-01,2026-04-30,month,order_demand_improves,false,0,0.0000,0.7000,1,,fused
S016,2026-04-01,2026-04-30,month,inventory_pressure_increases,false,0,0.0000,0.7000,1,,fused
S016,2026-04-01,2026-04-30,month,product_price_recovers,false,0,0.0000,0.7000,1,,fused
S016,2026-04-01,2026-04-30,month,raw_material_cost_pressure,false,0,0.0000,0.7000,1,,fused
S016,2026-04-01,2026-04-30,month,export_demand_improves,false,0,0.0000,0.7000,1,,fused
S016,2026-04-01,2026-04-30,month,grid_investment_accelerates,false,0,0.0000,0.7000,3,,fused
S016,2026-04-01,2026-04-30,month,financing_constraint_eases,false,0,0.0000,0.7000,3,,fused
S016,2026-04-01,2026-04-30,month,industry_competition_intensifies,false,0,0.0000,0.7000,1,,fused
S074,2026-04-01,2026-04-30,month,policy_expands_effective_demand,false,0,0.0000,0.7000,2,,fused
S074,2026-04-01,2026-04-30,month,policy_accelerates_project_implementation,false,0,0.0000,0.7000,2,,fused
S074,2026-04-01,2026-04-30,month,capacity_under_construction,false,0,0.0000,0.7000,6,,fused
S074,2026-04-01,2026-04-30,month,capacity_enters_production,false,0,0.0000,0.7000,1,,fused
S074,2026-04-01,2026-04-30,month,order_demand_improves,false,0,0.0000,0.7000,1,,fused
S074,2026-04-01,2026-04-30,month,inventory_pressure_increases,false,0,0.0000,0.7000,1,,fused
S074,2026-04-01,2026-04-30,month,product_price_recovers,false,0,0.0000,0.7000,1,,fused
S074,2026-04-01,2026-04-30,month,raw_material_cost_pressure,false,0,0.0000,0.7000,1,,fused
S074,2026-04-01,2026-04-30,month,export_demand_improves,false,0,0.0000,0.7000,1,,fused
S074,2026-04-01,2026-04-30,month,grid_investment_accelerates,false,0,0.0000,0.7000,3,,fused
S074,2026-04-01,2026-04-30,month,financing_constraint_eases,false,0,0.0000,0.7000,3,,fused
S074,2026-04-01,2026-04-30,month,industry_competition_intensifies,false,0,0.0000,0.7000,1,,fused
S038,2026-04-01,2026-04-30,month,policy_expands_effective_demand,false,0,0.0000,0.7000,2,,fused
S038,2026-04-01,2026-04-30,month,policy_accelerates_project_implementation,false,0,0.0000,0.7000,2,,fused
S038,2026-04-01,2026-04-30,month,capacity_under_construction,false,0,0.0000,0.7000,6,,fused
S038,2026-04-01,2026-04-30,month,capacity_enters_production,false,0,0.0000,0.7000,1,,fused
S038,2026-04-01,2026-04-30,month,order_demand_improves,false,0,0.0000,0.7000,1,,fused
S038,2026-04-01,2026-04-30,month,inventory_pressure_increases,false,0,0.0000,0.7000,1,,fused
S038,2026-04-01,2026-04-30,month,product_price_recovers,false,0,0.0000,0.7000,1,,fused
S038,2026-04-01,2026-04-30,month,raw_material_cost_pressure,false,0,0.0000,0.7000,1,,fused
S038,2026-04-01,2026-04-30,month,export_demand_improves,false,0,0.0000,0.7000,1,,fused
S038,2026-04-01,2026-04-30,month,grid_investment_accelerates,false,0,0.0000,0.7000,3,,fused
S038,2026-04-01,2026-04-30,month,financing_constraint_eases,false,0,0.0000,0.7000,3,,fused
S038,2026-04-01,2026-04-30,month,industry_competition_intensifies,false,0,0.0000,0.7000,1,,fused
S070,2026-04-01,2026-04-30,month,policy_expands_effective_demand,false,0,0.0000,0.7000,2,,fused
S070,2026-04-01,2026-04-30,month,policy_accelerates_project_implementation,false,0,0.0000,0.7000,2,,fused
S070,2026-04-01,2026-04-30,month,capacity_under_construction,false,0,0.0000,0.7000,6,,fused
S070,2026-04-01,2026-04-30,month,capacity_enters_production,false,0,0.0000,0.7000,1,,fused
S070,2026-04-01,2026-04-30,month,order_demand_improves,false,0,0.0000,0.7000,1,,fused
S070,2026-04-01,2026-04-30,month,inventory_pressure_increases,false,0,0.0000,0.7000,1,,fused
S070,2026-04-01,2026-04-30,month,product_price_recovers,false,0,0.0000,0.7000,1,,fused
S070,2026-04-01,2026-04-30,month,raw_material_cost_pressure,false,0,0.0000,0.7000,1,,fused
S070,2026-04-01,2026-04-30,month,export_demand_improves,false,0,0.0000,0.7000,1,,fused
S070,2026-04-01,2026-04-30,month,grid_investment_accelerates,false,0,0.0000,0.7000,3,,fused
S070,2026-04-01,2026-04-30,month,financing_constraint_eases,false,0,0.0000,0.7000,3,,fused
S070,2026-04-01,2026-04-30,month,industry_competition_intensifies,false,0,0.0000,0.7000,1,,fused
OOS-POL-005,2026-04-01,2026-04-30,month,policy_expands_effective_demand,false,0,0.0000,0.7000,2,,fused
OOS-POL-005,2026-04-01,2026-04-30,month,policy_accelerates_project_implementation,false,0,0.0000,0.7000,2,,fused
OOS-POL-005,2026-04-01,2026-04-30,month,capacity_under_construction,false,0,0.0000,0.7000,6,,fused
OOS-POL-005,2026-04-01,2026-04-30,month,capacity_enters_production,false,0,0.0000,0.7000,1,,fused
OOS-POL-005,2026-04-01,2026-04-30,month,order_demand_improves,false,0,0.0000,0.7000,1,,fused
OOS-POL-005,2026-04-01,2026-04-30,month,inventory_pressure_increases,false,0,0.0000,0.7000,1,,fused
OOS-POL-005,2026-04-01,2026-04-30,month,product_price_recovers,false,0,0.0000,0.7000,1,,fused
OOS-POL-005,2026-04-01,2026-04-30,month,raw_material_cost_pressure,false,0,0.0000,0.7000,1,,fused
OOS-POL-005,2026-04-01,2026-04-30,month,export_demand_improves,false,0,0.0000,0.7000,1,,fused
OOS-POL-005,2026-04-01,2026-04-30,month,grid_investment_accelerates,false,0,0.0000,0.7000,3,,fused
OOS-POL-005,2026-04-01,2026-04-30,month,financing_constraint_eases,false,0,0.0000,0.7000,3,,fused
OOS-POL-005,2026-04-01,2026-04-30,month,industry_competition_intensifies,false,0,0.0000,0.7000,1,,fused
S098,2026-04-01,2026-04-30,month,policy_expands_effective_demand,false,0,0.0000,0.7000,2,,fused
S098,2026-04-01,2026-04-30,month,policy_accelerates_project_implementation,false,0,0.0000,0.7000,2,,fused
S098,2026-04-01,2026-04-30,month,capacity_under_construction,false,0,0.0000,0.7000,6,,fused
S098,2026-04-01,2026-04-30,month,capacity_enters_production,false,0,0.0000,0.7000,1,,fused
S098,2026-04-01,2026-04-30,month,order_demand_improves,false,0,0.0000,0.7000,1,,fused
S098,2026-04-01,2026-04-30,month,inventory_pressure_increases,false,0,0.0000,0.7000,1,,fused
S098,2026-04-01,2026-04-30,month,product_price_recovers,false,0,0.0000,0.7000,1,,fused
S098,2026-04-01,2026-04-30,month,raw_material_cost_pressure,false,0,0.0000,0.7000,1,,fused
S098,2026-04-01,2026-04-30,month,export_demand_improves,false,0,0.0000,0.7000,1,,fused
S098,2026-04-01,2026-04-30,month,grid_investment_accelerates,false,0,0.0000,0.7000,3,,fused
S098,2026-04-01,2026-04-30,month,financing_constraint_eases,false,0,0.0000,0.7000,3,,fused
S098,2026-04-01,2026-04-30,month,industry_competition_intensifies,false,0,0.0000,0.7000,1,,fused
S028,2026-04-01,2026-04-30,month,policy_expands_effective_demand,false,0,0.0000,0.7000,2,,fused
S028,2026-04-01,2026-04-30,month,policy_accelerates_project_implementation,true,1,0.8000,0.8975,2,2026年有新签订单，但受OBBBA法案政策调整影响，为充分利用安全港条款窗口期推进项目落地，很多客户已于2025年提前下单。,fused
S028,2026-04-01,2026-04-30,month,capacity_under_construction,true,1,0.8000,0.8975,6,26年有新签订单，但受OBBBA法案政策调整影响，为充分利用安全港条款窗口期推进项目落地，很多客户已于2025年提前下单。谢谢！”。,fused
S028,2026-04-01,2026-04-30,month,capacity_enters_production,false,0,0.0000,0.7000,1,,fused
S028,2026-04-01,2026-04-30,month,order_demand_improves,true,1,0.8000,0.8975,1,光电源回应“现在美国对中国储能产品的关税是多少？2026年阳光电源还有美国的储能订单”。原文摘要：投资者在深交所互动易向阳光电源提问，问题摘要为“现在美国对中国储能产品的关税是多少？2026年阳光电源还有美国的储能订单吗？如有的话，是增长还是减少？”。公司回复摘要为“感谢您对公司的关注。目前美国对中国储能产品关税是38,fused
S028,2026-04-01,2026-04-30,month,inventory_pressure_increases,false,0,0.0000,0.7000,1,,fused
S028,2026-04-01,2026-04-30,month,product_price_recovers,false,0,0.0000,0.7000,1,,fused
S028,2026-04-01,2026-04-30,month,raw_material_cost_pressure,false,0,0.0000,0.7000,1,,fused
S028,2026-04-01,2026-04-30,month,export_demand_improves,false,0,0.0000,0.7000,1,,fused
S028,2026-04-01,2026-04-30,month,grid_investment_accelerates,false,0,0.0000,0.7000,3,,fused
S028,2026-04-01,2026-04-30,month,financing_constraint_eases,false,0,0.0000,0.7000,3,,fused
S028,2026-04-01,2026-04-30,month,industry_competition_intensifies,false,0,0.0000,0.7000,1,,fused
S006,2026-04-01,2026-04-30,month,policy_expands_effective_demand,false,0,0.0000,0.7000,2,,fused
S006,2026-04-01,2026-04-30,month,policy_accelerates_project_implementation,false,0,0.0000,0.7000,2,,fused
S006,2026-04-01,2026-04-30,month,capacity_under_construction,false,0,0.0000,0.7000,6,,fused
S006,2026-04-01,2026-04-30,month,capacity_enters_production,false,0,0.0000,0.7000,1,,fused
S006,2026-04-01,2026-04-30,month,order_demand_improves,false,0,0.0000,0.7000,1,,fused
S006,2026-04-01,2026-04-30,month,inventory_pressure_increases,false,0,0.0000,0.7000,1,,fused
S006,2026-04-01,2026-04-30,month,product_price_recovers,false,0,0.0000,0.7000,1,,fused
S006,2026-04-01,2026-04-30,month,raw_material_cost_pressure,false,0,0.0000,0.7000,1,,fused
S006,2026-04-01,2026-04-30,month,export_demand_improves,false,0,0.0000,0.7000,1,,fused
S006,2026-04-01,2026-04-30,month,grid_investment_accelerates,false,0,0.0000,0.7000,3,,fused
S006,2026-04-01,2026-04-30,month,financing_constraint_eases,false,0,0.0000,0.7000,3,,fused
S006,2026-04-01,2026-04-30,month,industry_competition_intensifies,false,0,0.0000,0.7000,1,,fused
S009,2026-04-01,2026-04-30,month,policy_expands_effective_demand,false,0,0.0000,0.7000,2,,fused
S009,2026-04-01,2026-04-30,month,policy_accelerates_project_implementation,false,0,0.0000,0.7000,2,,fused
S009,2026-04-01,2026-04-30,month,capacity_under_construction,false,0,0.0000,0.7000,6,,fused
S009,2026-04-01,2026-04-30,month,capacity_enters_production,false,0,0.0000,0.7000,1,,fused
S009,2026-04-01,2026-04-30,month,order_demand_improves,false,0,0.0000,0.7000,1,,fused
S009,2026-04-01,2026-04-30,month,inventory_pressure_increases,false,0,0.0000,0.7000,1,,fused
S009,2026-04-01,2026-04-30,month,product_price_recovers,false,0,0.0000,0.7000,1,,fused
S009,2026-04-01,2026-04-30,month,raw_material_cost_pressure,false,0,0.0000,0.7000,1,,fused
S009,2026-04-01,2026-04-30,month,export_demand_improves,false,0,0.0000,0.7000,1,,fused
S009,2026-04-01,2026-04-30,month,grid_investment_accelerates,false,0,0.0000,0.7000,3,,fused
S009,2026-04-01,2026-04-30,month,financing_constraint_eases,false,0,0.0000,0.7000,3,,fused
S009,2026-04-01,2026-04-30,month,industry_competition_intensifies,false,0,0.0000,0.7000,1,,fused
S034,2026-04-01,2026-04-30,month,policy_expands_effective_demand,false,0,0.0000,0.7000,2,,fused
S034,2026-04-01,2026-04-30,month,policy_accelerates_project_implementation,false,0,0.0000,0.7000,2,,fused
S034,2026-04-01,2026-04-30,month,capacity_under_construction,true,1,0.8000,0.9325,6,国泰海通证券股份有限公司 关于国轩高科股份有限公司 部分募投项目提前结项并将节余募集资金永久补充流动资 金的核查意见 国泰海通证券股份有限公司（以下简称“国泰海通”或“保荐机构”）作为 国轩高科股份有限公司（以下简称“国轩高科”或“公司”）的持续督导机构， 根据《证券发行上市保荐业务管理办法》 《上市公司募集资金监管规,fused
S034,2026-04-01,2026-04-30,month,capacity_enters_production,false,0,0.0000,0.7000,1,,fused
S034,2026-04-01,2026-04-30,month,order_demand_improves,false,0,0.0000,0.7000,1,,fused
S034,2026-04-01,2026-04-30,month,inventory_pressure_increases,false,0,0.0000,0.7000,1,,fused
S034,2026-04-01,2026-04-30,month,product_price_recovers,false,0,0.0000,0.7000,1,,fused
S034,2026-04-01,2026-04-30,month,raw_material_cost_pressure,false,0,0.0000,0.7000,1,,fused
S034,2026-04-01,2026-04-30,month,export_demand_improves,false,0,0.0000,0.7000,1,,fused
S034,2026-04-01,2026-04-30,month,grid_investment_accelerates,false,0,0.0000,0.7000,3,,fused
S034,2026-04-01,2026-04-30,month,financing_constraint_eases,true,1,0.8000,0.9325,3,国泰海通证券股份有限公司 关于国轩高科股份有限公司 部分募投项目提前结项并将节余募集资金永久补充流动资 金的核查意见 国泰海通证券股份有限公司（以下简称“国泰海通”或“保荐机构”）作为 国轩高科股份有限公司（以下简称“国轩高科”或“公司”）的持续督导机构， 根据《证券发行上市保荐业务管理办法》 《上市公司募集资金监管规,fused
S034,2026-04-01,2026-04-30,month,industry_competition_intensifies,false,0,0.0000,0.7000,1,,fused
S042,2026-04-01,2026-04-30,month,policy_expands_effective_demand,false,0,0.0000,0.7000,2,,fused
S042,2026-04-01,2026-04-30,month,policy_accelerates_project_implementation,false,0,0.0000,0.7000,2,,fused
S042,2026-04-01,2026-04-30,month,capacity_under_construction,false,0,0.0000,0.7000,6,,fused
S042,2026-04-01,2026-04-30,month,capacity_enters_production,false,0,0.0000,0.7000,1,,fused
S042,2026-04-01,2026-04-30,month,order_demand_improves,false,0,0.0000,0.7000,1,,fused
S042,2026-04-01,2026-04-30,month,inventory_pressure_increases,false,0,0.0000,0.7000,1,,fused
S042,2026-04-01,2026-04-30,month,product_price_recovers,false,0,0.0000,0.7000,1,,fused
S042,2026-04-01,2026-04-30,month,raw_material_cost_pressure,false,0,0.0000,0.7000,1,,fused
S042,2026-04-01,2026-04-30,month,export_demand_improves,false,0,0.0000,0.7000,1,,fused
S042,2026-04-01,2026-04-30,month,grid_investment_accelerates,false,0,0.0000,0.7000,3,,fused
S042,2026-04-01,2026-04-30,month,financing_constraint_eases,false,0,0.0000,0.7000,3,,fused
S042,2026-04-01,2026-04-30,month,industry_competition_intensifies,false,0,0.0000,0.7000,1,,fused
S066,2026-04-01,2026-04-30,month,policy_expands_effective_demand,false,0,0.0000,0.7000,2,,fused
S066,2026-04-01,2026-04-30,month,policy_accelerates_project_implementation,false,0,0.0000,0.7000,2,,fused
S066,2026-04-01,2026-04-30,month,capacity_under_construction,false,0,0.0000,0.7000,6,,fused
S066,2026-04-01,2026-04-30,month,capacity_enters_production,false,0,0.0000,0.7000,1,,fused
S066,2026-04-01,2026-04-30,month,order_demand_improves,false,0,0.0000,0.7000,1,,fused
S066,2026-04-01,2026-04-30,month,inventory_pressure_increases,false,0,0.0000,0.7000,1,,fused
S066,2026-04-01,2026-04-30,month,product_price_recovers,false,0,0.0000,0.7000,1,,fused
S066,2026-04-01,2026-04-30,month,raw_material_cost_pressure,false,0,0.0000,0.7000,1,,fused
S066,2026-04-01,2026-04-30,month,export_demand_improves,false,0,0.0000,0.7000,1,,fused
S066,2026-04-01,2026-04-30,month,grid_investment_accelerates,false,0,0.0000,0.7000,3,,fused
S066,2026-04-01,2026-04-30,month,financing_constraint_eases,false,0,0.0000,0.7000,3,,fused
S066,2026-04-01,2026-04-30,month,industry_competition_intensifies,false,0,0.0000,0.7000,1,,fused
S007,2026-04-01,2026-04-30,month,policy_expands_effective_demand,false,0,0.0000,0.7000,2,,fused
S007,2026-04-01,2026-04-30,month,policy_accelerates_project_implementation,false,0,0.0000,0.7000,2,,fused
S007,2026-04-01,2026-04-30,month,capacity_under_construction,false,0,0.0000,0.7000,6,,fused
S007,2026-04-01,2026-04-30,month,capacity_enters_production,false,0,0.0000,0.7000,1,,fused
S007,2026-04-01,2026-04-30,month,order_demand_improves,false,0,0.0000,0.7000,1,,fused
S007,2026-04-01,2026-04-30,month,inventory_pressure_increases,false,0,0.0000,0.7000,1,,fused
S007,2026-04-01,2026-04-30,month,product_price_recovers,false,0,0.0000,0.7000,1,,fused
S007,2026-04-01,2026-04-30,month,raw_material_cost_pressure,false,0,0.0000,0.7000,1,,fused
S007,2026-04-01,2026-04-30,month,export_demand_improves,false,0,0.0000,0.7000,1,,fused
S007,2026-04-01,2026-04-30,month,grid_investment_accelerates,false,0,0.0000,0.7000,3,,fused
S007,2026-04-01,2026-04-30,month,financing_constraint_eases,false,0,0.0000,0.7000,3,,fused
S007,2026-04-01,2026-04-30,month,industry_competition_intensifies,false,0,0.0000,0.7000,1,,fused
S010,2026-04-01,2026-04-30,month,policy_expands_effective_demand,false,0,0.0000,0.7000,2,,fused
S010,2026-04-01,2026-04-30,month,policy_accelerates_project_implementation,false,0,0.0000,0.7000,2,,fused
S010,2026-04-01,2026-04-30,month,capacity_under_construction,false,0,0.0000,0.7000,6,,fused
S010,2026-04-01,2026-04-30,month,capacity_enters_production,false,0,0.0000,0.7000,1,,fused
S010,2026-04-01,2026-04-30,month,order_demand_improves,false,0,0.0000,0.7000,1,,fused
S010,2026-04-01,2026-04-30,month,inventory_pressure_increases,false,0,0.0000,0.7000,1,,fused
S010,2026-04-01,2026-04-30,month,product_price_recovers,false,0,0.0000,0.7000,1,,fused
S010,2026-04-01,2026-04-30,month,raw_material_cost_pressure,false,0,0.0000,0.7000,1,,fused
S010,2026-04-01,2026-04-30,month,export_demand_improves,false,0,0.0000,0.7000,1,,fused
S010,2026-04-01,2026-04-30,month,grid_investment_accelerates,false,0,0.0000,0.7000,3,,fused
S010,2026-04-01,2026-04-30,month,financing_constraint_eases,false,0,0.0000,0.7000,3,,fused
S010,2026-04-01,2026-04-30,month,industry_competition_intensifies,false,0,0.0000,0.7000,1,,fused
OOS-POL-014,2026-05-01,2026-05-31,month,policy_expands_effective_demand,true,1,0.8000,0.9325,2,原文摘要：五部门印发 《非化石能源电力消费核算指南（试行）》 来源：国家能源局 时间：2026-06-01 16:29 国家发展改革委等部门关于印发《非化石能源电力消费核算指南（试行）》的通知发改能源〔2026〕622号各省、自治区、直辖市及新疆生产建设兵团发展改革委、能源局、生态环境厅（局）、统计局、数据管理部门，国,fused
OOS-POL-014,2026-05-01,2026-05-31,month,policy_accelerates_project_implementation,false,0,0.0000,0.7000,2,,fused
OOS-POL-014,2026-05-01,2026-05-31,month,capacity_under_construction,false,0,0.0000,0.7000,6,,fused
OOS-POL-014,2026-05-01,2026-05-31,month,capacity_enters_production,false,0,0.0000,0.7000,1,,fused
OOS-POL-014,2026-05-01,2026-05-31,month,order_demand_improves,false,0,0.0000,0.7000,1,,fused
OOS-POL-014,2026-05-01,2026-05-31,month,inventory_pressure_increases,false,0,0.0000,0.7000,1,,fused
OOS-POL-014,2026-05-01,2026-05-31,month,product_price_recovers,false,0,0.0000,0.7000,1,,fused
OOS-POL-014,2026-05-01,2026-05-31,month,raw_material_cost_pressure,false,0,0.0000,0.7000,1,,fused
OOS-POL-014,2026-05-01,2026-05-31,month,export_demand_improves,false,0,0.0000,0.7000,1,,fused
OOS-POL-014,2026-05-01,2026-05-31,month,grid_investment_accelerates,true,1,0.8000,0.9325,3,原文摘要：五部门印发 《非化石能源电力消费核算指南（试行）》 来源：国家能源局 时间：2026-06-01 16:29 国家发展改革委等部门关于印发《非化石能源电力消费核算指南（试行）》的通知发改能源〔2026〕622号各省、自治区、直辖市及新疆生产建设兵团发展改革委、能源局、生态环境厅（局）、统计局、数据管理部门，国,fused
OOS-POL-014,2026-05-01,2026-05-31,month,financing_constraint_eases,false,0,0.0000,0.7000,3,,fused
OOS-POL-014,2026-05-01,2026-05-31,month,industry_competition_intensifies,false,0,0.0000,0.7000,1,,fused
OOS-POL-010,2026-05-01,2026-05-31,month,policy_expands_effective_demand,true,1,0.1200,0.7000,2,《减免车辆购置税的新能源汽车车型目录》（第三十批）,fused
OOS-POL-010,2026-05-01,2026-05-31,month,policy_accelerates_project_implementation,true,1,0.8000,0.9325,2,原文摘要：标 题：《道路机动车辆生产企业及产品》（第406批）、《享受车船税减免优惠的节约能源 使用新能源汽车车型目录》（第八十五批）、《减免车辆购置税的新能源汽车车型目录》（第三十批）发文字号：中华人民共和国工业和信息化部公告2026年第10号成文日期：2026-05-09 发布日期：2026-05-09发布机构：装,fused
OOS-POL-010,2026-05-01,2026-05-31,month,capacity_under_construction,false,0,0.0000,0.7000,6,,fused
OOS-POL-010,2026-05-01,2026-05-31,month,capacity_enters_production,false,0,0.0000,0.7000,1,,fused
OOS-POL-010,2026-05-01,2026-05-31,month,order_demand_improves,false,0,0.0000,0.7000,1,,fused
OOS-POL-010,2026-05-01,2026-05-31,month,inventory_pressure_increases,false,0,0.0000,0.7000,1,,fused
OOS-POL-010,2026-05-01,2026-05-31,month,product_price_recovers,false,0,0.0000,0.7000,1,,fused
OOS-POL-010,2026-05-01,2026-05-31,month,raw_material_cost_pressure,false,0,0.0000,0.7000,1,,fused
OOS-POL-010,2026-05-01,2026-05-31,month,export_demand_improves,false,0,0.0000,0.7000,1,,fused
OOS-POL-010,2026-05-01,2026-05-31,month,grid_investment_accelerates,false,0,0.0000,0.7000,3,,fused
OOS-POL-010,2026-05-01,2026-05-31,month,financing_constraint_eases,false,0,0.0000,0.7000,3,,fused
OOS-POL-010,2026-05-01,2026-05-31,month,industry_competition_intensifies,false,0,0.0000,0.7000,1,,fused
S040,2026-05-01,2026-05-31,month,policy_expands_effective_demand,false,0,0.0000,0.7000,2,,fused
S040,2026-05-01,2026-05-31,month,policy_accelerates_project_implementation,false,0,0.0000,0.7000,2,,fused
S040,2026-05-01,2026-05-31,month,capacity_under_construction,false,0,0.0000,0.7000,6,,fused
S040,2026-05-01,2026-05-31,month,capacity_enters_production,false,0,0.0000,0.7000,1,,fused
S040,2026-05-01,2026-05-31,month,order_demand_improves,false,0,0.0000,0.7000,1,,fused
S040,2026-05-01,2026-05-31,month,inventory_pressure_increases,false,0,0.0000,0.7000,1,,fused
S040,2026-05-01,2026-05-31,month,product_price_recovers,false,0,0.0000,0.7000,1,,fused
S040,2026-05-01,2026-05-31,month,raw_material_cost_pressure,false,0,0.0000,0.7000,1,,fused
S040,2026-05-01,2026-05-31,month,export_demand_improves,false,0,0.0000,0.7000,1,,fused
S040,2026-05-01,2026-05-31,month,grid_investment_accelerates,false,0,0.0000,0.7000,3,,fused
S040,2026-05-01,2026-05-31,month,financing_constraint_eases,false,0,0.0000,0.7000,3,,fused
S040,2026-05-01,2026-05-31,month,industry_competition_intensifies,false,0,0.0000,0.7000,1,,fused
S060,2026-05-01,2026-05-31,month,policy_expands_effective_demand,false,0,0.0000,0.7000,2,,fused
S060,2026-05-01,2026-05-31,month,policy_accelerates_project_implementation,false,0,0.0000,0.7000,2,,fused
S060,2026-05-01,2026-05-31,month,capacity_under_construction,false,0,0.0000,0.7000,6,,fused
S060,2026-05-01,2026-05-31,month,capacity_enters_production,false,0,0.0000,0.7000,1,,fused
S060,2026-05-01,2026-05-31,month,order_demand_improves,false,0,0.0000,0.7000,1,,fused
S060,2026-05-01,2026-05-31,month,inventory_pressure_increases,false,0,0.0000,0.7000,1,,fused
S060,2026-05-01,2026-05-31,month,product_price_recovers,false,0,0.0000,0.7000,1,,fused
S060,2026-05-01,2026-05-31,month,raw_material_cost_pressure,false,0,0.0000,0.7000,1,,fused
S060,2026-05-01,2026-05-31,month,export_demand_improves,false,0,0.0000,0.7000,1,,fused
S060,2026-05-01,2026-05-31,month,grid_investment_accelerates,false,0,0.0000,0.7000,3,,fused
S060,2026-05-01,2026-05-31,month,financing_constraint_eases,false,0,0.0000,0.7000,3,,fused
S060,2026-05-01,2026-05-31,month,industry_competition_intensifies,false,0,0.0000,0.7000,1,,fused
S046,2026-05-01,2026-05-31,month,policy_expands_effective_demand,false,0,0.0000,0.7000,2,,fused
S046,2026-05-01,2026-05-31,month,policy_accelerates_project_implementation,true,1,0.8000,0.9325,2,重要内容提示：  投资标的名称：年产 72 亿平方米锂离子电池隔膜建设项目  投资金额：计划总投资 56 亿元人民币（含流动资金，最终以实际投资为 准）  交易实施尚需履行的审批及其他相关程序 2026 年 5 月 20 日，上海璞泰来新能源科技集团股份有限公司（以下简称 “公司”）第四届董事会第十八次会议审议通,fused
S046,2026-05-01,2026-05-31,month,capacity_under_construction,true,1,0.7000,0.9325,6,投资建设年产72亿平方米锂离子电池隔膜建设项目,fused
S046,2026-05-01,2026-05-31,month,capacity_enters_production,false,0,0.0000,0.7000,1,,fused
S046,2026-05-01,2026-05-31,month,order_demand_improves,false,0,0.0000,0.7000,1,,fused
S046,2026-05-01,2026-05-31,month,inventory_pressure_increases,false,0,0.0000,0.7000,1,,fused
S046,2026-05-01,2026-05-31,month,product_price_recovers,false,0,0.0000,0.7000,1,,fused
S046,2026-05-01,2026-05-31,month,raw_material_cost_pressure,false,0,0.0000,0.7000,1,,fused
S046,2026-05-01,2026-05-31,month,export_demand_improves,false,0,0.0000,0.7000,1,,fused
S046,2026-05-01,2026-05-31,month,grid_investment_accelerates,false,0,0.0000,0.7000,3,,fused
S046,2026-05-01,2026-05-31,month,financing_constraint_eases,false,0,0.0000,0.7000,3,,fused
S046,2026-05-01,2026-05-31,month,industry_competition_intensifies,false,0,0.0000,0.7000,1,,fused
S081,2026-05-01,2026-05-31,month,policy_expands_effective_demand,false,0,0.0000,0.7000,2,,fused
S081,2026-05-01,2026-05-31,month,policy_accelerates_project_implementation,false,0,0.0000,0.7000,2,,fused
S081,2026-05-01,2026-05-31,month,capacity_under_construction,false,0,0.0000,0.7000,6,,fused
S081,2026-05-01,2026-05-31,month,capacity_enters_production,false,0,0.0000,0.7000,1,,fused
S081,2026-05-01,2026-05-31,month,order_demand_improves,false,0,0.0000,0.7000,1,,fused
S081,2026-05-01,2026-05-31,month,inventory_pressure_increases,false,0,0.0000,0.7000,1,,fused
S081,2026-05-01,2026-05-31,month,product_price_recovers,false,0,0.0000,0.7000,1,,fused
S081,2026-05-01,2026-05-31,month,raw_material_cost_pressure,false,0,0.0000,0.7000,1,,fused
S081,2026-05-01,2026-05-31,month,export_demand_improves,false,0,0.0000,0.7000,1,,fused
S081,2026-05-01,2026-05-31,month,grid_investment_accelerates,true,1,0.3000,0.7000,3,2025年全国交易绿证9.30亿个 规模创新高,fused
S081,2026-05-01,2026-05-31,month,financing_constraint_eases,false,0,0.0000,0.7000,3,,fused
S081,2026-05-01,2026-05-31,month,industry_competition_intensifies,false,0,0.0000,0.7000,1,,fused
S100,2026-05-01,2026-05-31,month,policy_expands_effective_demand,false,0,0.0000,0.7000,2,,fused
S100,2026-05-01,2026-05-31,month,policy_accelerates_project_implementation,false,0,0.0000,0.7000,2,,fused
S100,2026-05-01,2026-05-31,month,capacity_under_construction,false,0,0.0000,0.7000,6,,fused
S100,2026-05-01,2026-05-31,month,capacity_enters_production,false,0,0.0000,0.7000,1,,fused
S100,2026-05-01,2026-05-31,month,order_demand_improves,false,0,0.0000,0.7000,1,,fused
S100,2026-05-01,2026-05-31,month,inventory_pressure_increases,false,0,0.0000,0.7000,1,,fused
S100,2026-05-01,2026-05-31,month,product_price_recovers,false,0,0.0000,0.7000,1,,fused
S100,2026-05-01,2026-05-31,month,raw_material_cost_pressure,false,0,0.0000,0.7000,1,,fused
S100,2026-05-01,2026-05-31,month,export_demand_improves,false,0,0.0000,0.7000,1,,fused
S100,2026-05-01,2026-05-31,month,grid_investment_accelerates,false,0,0.0000,0.7000,3,,fused
S100,2026-05-01,2026-05-31,month,financing_constraint_eases,false,0,0.0000,0.7000,3,,fused
S100,2026-05-01,2026-05-31,month,industry_competition_intensifies,false,0,0.0000,0.7000,1,,fused
S056,2026-05-01,2026-05-31,month,policy_expands_effective_demand,false,0,0.0000,0.7000,2,,fused
S056,2026-05-01,2026-05-31,month,policy_accelerates_project_implementation,false,0,0.0000,0.7000,2,,fused
S056,2026-05-01,2026-05-31,month,capacity_under_construction,false,0,0.0000,0.7000,6,,fused
S056,2026-05-01,2026-05-31,month,capacity_enters_production,false,0,0.0000,0.7000,1,,fused
S056,2026-05-01,2026-05-31,month,order_demand_improves,false,0,0.0000,0.7000,1,,fused
S056,2026-05-01,2026-05-31,month,inventory_pressure_increases,false,0,0.0000,0.7000,1,,fused
S056,2026-05-01,2026-05-31,month,product_price_recovers,false,0,0.0000,0.7000,1,,fused
S056,2026-05-01,2026-05-31,month,raw_material_cost_pressure,false,0,0.0000,0.7000,1,,fused
S056,2026-05-01,2026-05-31,month,export_demand_improves,false,0,0.0000,0.7000,1,,fused
S056,2026-05-01,2026-05-31,month,grid_investment_accelerates,false,0,0.0000,0.7000,3,,fused
S056,2026-05-01,2026-05-31,month,financing_constraint_eases,false,0,0.0000,0.7000,3,,fused
S056,2026-05-01,2026-05-31,month,industry_competition_intensifies,false,0,0.0000,0.7000,1,,fused
S055,2026-05-01,2026-05-31,month,policy_expands_effective_demand,true,1,0.7000,0.8100,2,消费品以旧换新带动绿色智能产品销售较快增长,fused
S055,2026-05-01,2026-05-31,month,policy_accelerates_project_implementation,false,0,0.0000,0.6000,2,,fused
S055,2026-05-01,2026-05-31,month,capacity_under_construction,false,0,0.0000,0.6000,6,,fused
S055,2026-05-01,2026-05-31,month,capacity_enters_production,false,0,0.0000,0.6000,1,,fused
S055,2026-05-01,2026-05-31,month,order_demand_improves,true,1,0.2000,0.6000,1,4月份新能源乘用车市场渗透率达61.4%,fused
S055,2026-05-01,2026-05-31,month,inventory_pressure_increases,false,0,0.0000,0.6000,1,,fused
S055,2026-05-01,2026-05-31,month,product_price_recovers,false,0,0.0000,0.6000,1,,fused
S055,2026-05-01,2026-05-31,month,raw_material_cost_pressure,false,0,0.0000,0.6000,1,,fused
S055,2026-05-01,2026-05-31,month,export_demand_improves,false,0,0.0000,0.6000,1,,fused
S055,2026-05-01,2026-05-31,month,grid_investment_accelerates,false,0,0.0000,0.6000,3,,fused
S055,2026-05-01,2026-05-31,month,financing_constraint_eases,false,0,0.0000,0.6000,3,,fused
S055,2026-05-01,2026-05-31,month,industry_competition_intensifies,false,0,0.0000,0.6000,1,,fused
S052,2026-05-01,2026-05-31,month,policy_expands_effective_demand,false,0,0.0000,0.7000,2,,fused
S052,2026-05-01,2026-05-31,month,policy_accelerates_project_implementation,false,0,0.0000,0.7000,2,,fused
S052,2026-05-01,2026-05-31,month,capacity_under_construction,false,0,0.0000,0.7000,6,,fused
S052,2026-05-01,2026-05-31,month,capacity_enters_production,false,0,0.0000,0.7000,1,,fused
S052,2026-05-01,2026-05-31,month,order_demand_improves,false,0,0.0000,0.7000,1,,fused
S052,2026-05-01,2026-05-31,month,inventory_pressure_increases,false,0,0.0000,0.7000,1,,fused
S052,2026-05-01,2026-05-31,month,product_price_recovers,false,0,0.0000,0.7000,1,,fused
S052,2026-05-01,2026-05-31,month,raw_material_cost_pressure,false,0,0.0000,0.7000,1,,fused
S052,2026-05-01,2026-05-31,month,export_demand_improves,false,0,0.0000,0.7000,1,,fused
S052,2026-05-01,2026-05-31,month,grid_investment_accelerates,false,0,0.0000,0.7000,3,,fused
S052,2026-05-01,2026-05-31,month,financing_constraint_eases,false,0,0.0000,0.7000,3,,fused
S052,2026-05-01,2026-05-31,month,industry_competition_intensifies,false,0,0.0000,0.7000,1,,fused
S076,2026-05-01,2026-05-31,month,policy_expands_effective_demand,false,0,0.0000,0.8500,2,,fused
S076,2026-05-01,2026-05-31,month,policy_accelerates_project_implementation,false,0,0.0000,0.8500,2,,fused
S076,2026-05-01,2026-05-31,month,capacity_under_construction,true,1,0.4000,0.8975,6,0、2040”。公司回复摘要为“您好，公司与辉能科技在固态锂电材料领域开展了多个项目合作，建立了长期紧密的合作关系。2026年2月6日，公司与辉能科技正式签署《策略合作框架协议书》，双方建立了涵盖股权投资、电池材料合作、产品量产与供”。,fused
S076,2026-05-01,2026-05-31,month,capacity_enters_production,true,1,0.4000,0.8975,1,0、2040”。公司回复摘要为“您好，公司与辉能科技在固态锂电材料领域开展了多个项目合作，建立了长期紧密的合作关系。2026年2月6日，公司与辉能科技正式签署《策略合作框架协议书》，双方建立了涵盖股权投资、电池材料合作、产品量产与供”。,fused
S076,2026-05-01,2026-05-31,month,order_demand_improves,false,0,0.0000,0.8500,1,,fused
S076,2026-05-01,2026-05-31,month,inventory_pressure_increases,false,0,0.0000,0.8500,1,,fused
S076,2026-05-01,2026-05-31,month,product_price_recovers,false,0,0.0000,0.8500,1,,fused
S076,2026-05-01,2026-05-31,month,raw_material_cost_pressure,false,0,0.0000,0.8500,1,,fused
S076,2026-05-01,2026-05-31,month,export_demand_improves,false,0,0.0000,0.8500,1,,fused
S076,2026-05-01,2026-05-31,month,grid_investment_accelerates,false,0,0.0000,0.8500,3,,fused
S076,2026-05-01,2026-05-31,month,financing_constraint_eases,false,0,0.0000,0.8500,3,,fused
S076,2026-05-01,2026-05-31,month,industry_competition_intensifies,false,0,0.0000,0.8500,1,,fused
S019,2026-05-01,2026-05-31,month,policy_expands_effective_demand,false,0,0.0000,0.7000,2,,fused
S019,2026-05-01,2026-05-31,month,policy_accelerates_project_implementation,false,0,0.0000,0.7000,2,,fused
S019,2026-05-01,2026-05-31,month,capacity_under_construction,false,0,0.0000,0.7000,6,,fused
S019,2026-05-01,2026-05-31,month,capacity_enters_production,false,0,0.0000,0.7000,1,,fused
S019,2026-05-01,2026-05-31,month,order_demand_improves,false,0,0.0000,0.7000,1,,fused
S019,2026-05-01,2026-05-31,month,inventory_pressure_increases,false,0,0.0000,0.7000,1,,fused
S019,2026-05-01,2026-05-31,month,product_price_recovers,false,0,0.0000,0.7000,1,,fused
S019,2026-05-01,2026-05-31,month,raw_material_cost_pressure,false,0,0.0000,0.7000,1,,fused
S019,2026-05-01,2026-05-31,month,export_demand_improves,false,0,0.0000,0.7000,1,,fused
S019,2026-05-01,2026-05-31,month,grid_investment_accelerates,false,0,0.0000,0.7000,3,,fused
S019,2026-05-01,2026-05-31,month,financing_constraint_eases,false,0,0.0000,0.7000,3,,fused
S019,2026-05-01,2026-05-31,month,industry_competition_intensifies,false,0,0.0000,0.7000,1,,fused
S120,2026-05-01,2026-05-31,month,policy_expands_effective_demand,false,0,0.0000,0.7000,2,,fused
S120,2026-05-01,2026-05-31,month,policy_accelerates_project_implementation,false,0,0.0000,0.7000,2,,fused
S120,2026-05-01,2026-05-31,month,capacity_under_construction,false,0,0.0000,0.7000,6,,fused
S120,2026-05-01,2026-05-31,month,capacity_enters_production,false,0,0.0000,0.7000,1,,fused
S120,2026-05-01,2026-05-31,month,order_demand_improves,false,0,0.0000,0.7000,1,,fused
S120,2026-05-01,2026-05-31,month,inventory_pressure_increases,false,0,0.0000,0.7000,1,,fused
S120,2026-05-01,2026-05-31,month,product_price_recovers,false,0,0.0000,0.7000,1,,fused
S120,2026-05-01,2026-05-31,month,raw_material_cost_pressure,false,0,0.0000,0.7000,1,,fused
S120,2026-05-01,2026-05-31,month,export_demand_improves,false,0,0.0000,0.7000,1,,fused
S120,2026-05-01,2026-05-31,month,grid_investment_accelerates,false,0,0.0000,0.7000,3,,fused
S120,2026-05-01,2026-05-31,month,financing_constraint_eases,false,0,0.0000,0.7000,3,,fused
S120,2026-05-01,2026-05-31,month,industry_competition_intensifies,false,0,0.0000,0.7000,1,,fused
S048,2026-05-01,2026-05-31,month,policy_expands_effective_demand,false,0,0.0000,0.7000,2,,fused
S048,2026-05-01,2026-05-31,month,policy_accelerates_project_implementation,false,0,0.0000,0.7000,2,,fused
S048,2026-05-01,2026-05-31,month,capacity_under_construction,false,0,0.0000,0.7000,6,,fused
S048,2026-05-01,2026-05-31,month,capacity_enters_production,false,0,0.0000,0.7000,1,,fused
S048,2026-05-01,2026-05-31,month,order_demand_improves,false,0,0.0000,0.7000,1,,fused
S048,2026-05-01,2026-05-31,month,inventory_pressure_increases,false,0,0.0000,0.7000,1,,fused
S048,2026-05-01,2026-05-31,month,product_price_recovers,false,0,0.0000,0.7000,1,,fused
S048,2026-05-01,2026-05-31,month,raw_material_cost_pressure,false,0,0.0000,0.7000,1,,fused
S048,2026-05-01,2026-05-31,month,export_demand_improves,false,0,0.0000,0.7000,1,,fused
S048,2026-05-01,2026-05-31,month,grid_investment_accelerates,false,0,0.0000,0.7000,3,,fused
S048,2026-05-01,2026-05-31,month,financing_constraint_eases,false,0,0.0000,0.7000,3,,fused
S048,2026-05-01,2026-05-31,month,industry_competition_intensifies,false,0,0.0000,0.7000,1,,fused
S096,2026-06-01,2026-06-30,month,policy_expands_effective_demand,false,0,0.0000,0.7000,2,,fused
S096,2026-06-01,2026-06-30,month,policy_accelerates_project_implementation,false,0,0.0000,0.7000,2,,fused
S096,2026-06-01,2026-06-30,month,capacity_under_construction,false,0,0.0000,0.7000,6,,fused
S096,2026-06-01,2026-06-30,month,capacity_enters_production,false,0,0.0000,0.7000,1,,fused
S096,2026-06-01,2026-06-30,month,order_demand_improves,false,0,0.0000,0.7000,1,,fused
S096,2026-06-01,2026-06-30,month,inventory_pressure_increases,false,0,0.0000,0.7000,1,,fused
S096,2026-06-01,2026-06-30,month,product_price_recovers,false,0,0.0000,0.7000,1,,fused
S096,2026-06-01,2026-06-30,month,raw_material_cost_pressure,false,0,0.0000,0.7000,1,,fused
S096,2026-06-01,2026-06-30,month,export_demand_improves,false,0,0.0000,0.7000,1,,fused
S096,2026-06-01,2026-06-30,month,grid_investment_accelerates,false,0,0.0000,0.7000,3,,fused
S096,2026-06-01,2026-06-30,month,financing_constraint_eases,false,0,0.0000,0.7000,3,,fused
S096,2026-06-01,2026-06-30,month,industry_competition_intensifies,false,0,0.0000,0.7000,1,,fused
S080,2026-06-01,2026-06-30,month,policy_expands_effective_demand,false,0,0.0000,0.7000,2,,fused
S080,2026-06-01,2026-06-30,month,policy_accelerates_project_implementation,false,0,0.0000,0.7000,2,,fused
S080,2026-06-01,2026-06-30,month,capacity_under_construction,false,0,0.0000,0.7000,6,,fused
S080,2026-06-01,2026-06-30,month,capacity_enters_production,false,0,0.0000,0.7000,1,,fused
S080,2026-06-01,2026-06-30,month,order_demand_improves,false,0,0.0000,0.7000,1,,fused
S080,2026-06-01,2026-06-30,month,inventory_pressure_increases,false,0,0.0000,0.7000,1,,fused
S080,2026-06-01,2026-06-30,month,product_price_recovers,false,0,0.0000,0.7000,1,,fused
S080,2026-06-01,2026-06-30,month,raw_material_cost_pressure,false,0,0.0000,0.7000,1,,fused
S080,2026-06-01,2026-06-30,month,export_demand_improves,false,0,0.0000,0.7000,1,,fused
S080,2026-06-01,2026-06-30,month,grid_investment_accelerates,false,0,0.0000,0.7000,3,,fused
S080,2026-06-01,2026-06-30,month,financing_constraint_eases,false,0,0.0000,0.7000,3,,fused
S080,2026-06-01,2026-06-30,month,industry_competition_intensifies,false,0,0.0000,0.7000,1,,fused
S084,2026-06-01,2026-06-30,month,policy_expands_effective_demand,false,0,0.0000,0.7000,2,,fused
S084,2026-06-01,2026-06-30,month,policy_accelerates_project_implementation,false,0,0.0000,0.7000,2,,fused
S084,2026-06-01,2026-06-30,month,capacity_under_construction,false,0,0.0000,0.7000,6,,fused
S084,2026-06-01,2026-06-30,month,capacity_enters_production,false,0,0.0000,0.7000,1,,fused
S084,2026-06-01,2026-06-30,month,order_demand_improves,false,0,0.0000,0.7000,1,,fused
S084,2026-06-01,2026-06-30,month,inventory_pressure_increases,false,0,0.0000,0.7000,1,,fused
S084,2026-06-01,2026-06-30,month,product_price_recovers,false,0,0.0000,0.7000,1,,fused
S084,2026-06-01,2026-06-30,month,raw_material_cost_pressure,false,0,0.0000,0.7000,1,,fused
S084,2026-06-01,2026-06-30,month,export_demand_improves,false,0,0.0000,0.7000,1,,fused
S084,2026-06-01,2026-06-30,month,grid_investment_accelerates,false,0,0.0000,0.7000,3,,fused
S084,2026-06-01,2026-06-30,month,financing_constraint_eases,false,0,0.0000,0.7000,3,,fused
S084,2026-06-01,2026-06-30,month,industry_competition_intensifies,false,0,0.0000,0.7000,1,,fused
S088,2026-06-01,2026-06-30,month,policy_expands_effective_demand,false,0,0.0000,0.7000,2,,fused
S088,2026-06-01,2026-06-30,month,policy_accelerates_project_implementation,false,0,0.0000,0.7000,2,,fused
S088,2026-06-01,2026-06-30,month,capacity_under_construction,false,0,0.0000,0.7000,6,,fused
S088,2026-06-01,2026-06-30,month,capacity_enters_production,false,0,0.0000,0.7000,1,,fused
S088,2026-06-01,2026-06-30,month,order_demand_improves,false,0,0.0000,0.7000,1,,fused
S088,2026-06-01,2026-06-30,month,inventory_pressure_increases,false,0,0.0000,0.7000,1,,fused
S088,2026-06-01,2026-06-30,month,product_price_recovers,false,0,0.0000,0.7000,1,,fused
S088,2026-06-01,2026-06-30,month,raw_material_cost_pressure,false,0,0.0000,0.7000,1,,fused
S088,2026-06-01,2026-06-30,month,export_demand_improves,false,0,0.0000,0.7000,1,,fused
S088,2026-06-01,2026-06-30,month,grid_investment_accelerates,false,0,0.0000,0.7000,3,,fused
S088,2026-06-01,2026-06-30,month,financing_constraint_eases,false,0,0.0000,0.7000,3,,fused
S088,2026-06-01,2026-06-30,month,industry_competition_intensifies,false,0,0.0000,0.7000,1,,fused
S092,2026-06-01,2026-06-30,month,policy_expands_effective_demand,false,0,0.0000,0.7000,2,,fused
S092,2026-06-01,2026-06-30,month,policy_accelerates_project_implementation,false,0,0.0000,0.7000,2,,fused
S092,2026-06-01,2026-06-30,month,capacity_under_construction,false,0,0.0000,0.7000,6,,fused
S092,2026-06-01,2026-06-30,month,capacity_enters_production,false,0,0.0000,0.7000,1,,fused
S092,2026-06-01,2026-06-30,month,order_demand_improves,false,0,0.0000,0.7000,1,,fused
S092,2026-06-01,2026-06-30,month,inventory_pressure_increases,false,0,0.0000,0.7000,1,,fused
S092,2026-06-01,2026-06-30,month,product_price_recovers,false,0,0.0000,0.7000,1,,fused
S092,2026-06-01,2026-06-30,month,raw_material_cost_pressure,false,0,0.0000,0.7000,1,,fused
S092,2026-06-01,2026-06-30,month,export_demand_improves,false,0,0.0000,0.7000,1,,fused
S092,2026-06-01,2026-06-30,month,grid_investment_accelerates,false,0,0.0000,0.7000,3,,fused
S092,2026-06-01,2026-06-30,month,financing_constraint_eases,false,0,0.0000,0.7000,3,,fused
S092,2026-06-01,2026-06-30,month,industry_competition_intensifies,false,0,0.0000,0.7000,1,,fused
OOS-POL-015,2026-06-01,2026-06-30,month,policy_expands_effective_demand,true,1,0.6800,0.9325,2,进一步深化可再生能源绿色电力证书（以下简称绿证）核发全覆盖，推动绿证市场高质量发展,fused
OOS-POL-015,2026-06-01,2026-06-30,month,policy_accelerates_project_implementation,true,1,0.6200,0.9325,3,为落实《中华人民共和国能源法》《国家发展改革委 财政部 国家能源局关于做好可再生能源绿色电力证书全覆盖工作 促进可再生能源电力消费的通知》（发改能源〔2023〕1044号）等法规政策有关要求，加快建立绿色能源消费促进机制,fused
OOS-POL-015,2026-06-01,2026-06-30,month,capacity_under_construction,true,1,0.8000,0.9325,6,国家能源局综合司关于组织推进非公共电网可再生能源发电项目绿证核发的通知 国能综通资质〔2026〕60号 各派出机构，各省（自治区、直辖市）能源局、有关省（自治区、直辖市）及新疆生产建设兵团发展改革委、北京市城市管理委，有关电网企业、电力交易机构，可再生能源信息管理中心： 为落实《中华人民共和国能源法》《国家发展改革委 ,fused
OOS-POL-015,2026-06-01,2026-06-30,month,capacity_enters_production,false,0,0.0000,0.7000,1,,fused
OOS-POL-015,2026-06-01,2026-06-30,month,order_demand_improves,false,0,0.0000,0.7000,1,,fused
OOS-POL-015,2026-06-01,2026-06-30,month,inventory_pressure_increases,false,0,0.0000,0.7000,1,,fused
OOS-POL-015,2026-06-01,2026-06-30,month,product_price_recovers,false,0,0.0000,0.7000,1,,fused
OOS-POL-015,2026-06-01,2026-06-30,month,raw_material_cost_pressure,false,0,0.0000,0.7000,1,,fused
OOS-POL-015,2026-06-01,2026-06-30,month,export_demand_improves,false,0,0.0000,0.7000,1,,fused
OOS-POL-015,2026-06-01,2026-06-30,month,grid_investment_accelerates,true,1,0.8000,0.9325,3,国家能源局综合司关于组织推进非公共电网可再生能源发电项目绿证核发的通知 国能综通资质〔2026〕60号 各派出机构，各省（自治区、直辖市）能源局、有关省（自治区、直辖市）及新疆生产建设兵团发展改革委、北京市城市管理委，有关电网企业、电力交易机构，可再生能源信息管理中心： 为落实《中华人民共和国能源法》《国家发展改革委 ,fused
OOS-POL-015,2026-06-01,2026-06-30,month,financing_constraint_eases,false,0,0.0000,0.7000,3,,fused
OOS-POL-015,2026-06-01,2026-06-30,month,industry_competition_intensifies,false,0,0.0000,0.7000,1,,fused
OOS-POL-019,2026-06-01,2026-06-30,month,policy_expands_effective_demand,false,0,0.0000,0.7000,2,,deterministic
OOS-POL-019,2026-06-01,2026-06-30,month,policy_accelerates_project_implementation,true,1,0.8000,0.9325,2,原文摘要：新闻详情 关于印发《新型储能高质量发展实施方案》的通知发表时间： 2026-06-08 11:02 来源： 省能源局山西省能源局 山西省发展和改革委员会山西省工业和信息化厅 国家能源局山西监管办公室关于印发《新型储能高质量发展实施方案》的通知晋能源新能源发〔2026〕70号各市能源局、发展改革委、工信局，国网,deterministic
OOS-POL-019,2026-06-01,2026-06-30,month,capacity_under_construction,false,0,0.0000,0.7000,6,,deterministic
OOS-POL-019,2026-06-01,2026-06-30,month,capacity_enters_production,false,0,0.0000,0.7000,1,,deterministic
OOS-POL-019,2026-06-01,2026-06-30,month,order_demand_improves,false,0,0.0000,0.7000,1,,deterministic
OOS-POL-019,2026-06-01,2026-06-30,month,inventory_pressure_increases,false,0,0.0000,0.7000,1,,deterministic
OOS-POL-019,2026-06-01,2026-06-30,month,product_price_recovers,false,0,0.0000,0.7000,1,,deterministic
OOS-POL-019,2026-06-01,2026-06-30,month,raw_material_cost_pressure,false,0,0.0000,0.7000,1,,deterministic
OOS-POL-019,2026-06-01,2026-06-30,month,export_demand_improves,false,0,0.0000,0.7000,1,,deterministic
OOS-POL-019,2026-06-01,2026-06-30,month,grid_investment_accelerates,true,1,0.8000,0.9325,3,山西省能源局 山西省发展和改革委员会山西省工业和信息化厅 国家能源局山西监管办公室2026年5月13日（此件公开发布）新型储能高质量发展实施方案为深入贯彻落实国家发展改革委、国家能源局印发的《新型储能规模化建设专项行动方案（2025—2027年）》《关于促进电网高质量发展的指导意见》部署要求，紧抓能源革命战略机遇，推动,deterministic
OOS-POL-019,2026-06-01,2026-06-30,month,financing_constraint_eases,false,0,0.0000,0.7000,3,,deterministic
OOS-POL-019,2026-06-01,2026-06-30,month,industry_competition_intensifies,false,0,0.0000,0.7000,1,,deterministic
S044,2026-06-01,2026-06-30,month,policy_expands_effective_demand,false,0,0.0000,0.7000,2,,fused
S044,2026-06-01,2026-06-30,month,policy_accelerates_project_implementation,false,0,0.0000,0.7000,2,,fused
S044,2026-06-01,2026-06-30,month,capacity_under_construction,true,1,0.8000,0.8975,6,原文摘要：投资者在深交所互动易向欣旺达提问，问题摘要为“董秘你好，请问欣旺达母公司出售子公司欣旺达动力股权融资这件事上，在欣旺达动力已经扭亏，产能、营收大幅增加，前景向好的情况下，为什么其估值下降了100多亿？,fused
S044,2026-06-01,2026-06-30,month,capacity_enters_production,false,0,0.0000,0.7000,1,,fused
S044,2026-06-01,2026-06-30,month,order_demand_improves,false,0,0.0000,0.7000,1,,fused
S044,2026-06-01,2026-06-30,month,inventory_pressure_increases,false,0,0.0000,0.7000,1,,fused
S044,2026-06-01,2026-06-30,month,product_price_recovers,false,0,0.0000,0.7000,1,,fused
S044,2026-06-01,2026-06-30,month,raw_material_cost_pressure,false,0,0.0000,0.7000,1,,fused
S044,2026-06-01,2026-06-30,month,export_demand_improves,false,0,0.0000,0.7000,1,,fused
S044,2026-06-01,2026-06-30,month,grid_investment_accelerates,false,0,0.0000,0.7000,3,,fused
S044,2026-06-01,2026-06-30,month,financing_constraint_eases,true,1,0.8000,0.8975,3,原文摘要：投资者在深交所互动易向欣旺达提问，问题摘要为“董秘你好，请问欣旺达母公司出售子公司欣旺达动力股权融资这件事上，在欣旺达动力已经扭亏，产能、营收大幅增加，前景向好的情况下，为什么其估值下降了100多亿？,fused
S044,2026-06-01,2026-06-30,month,industry_competition_intensifies,false,0,0.0000,0.7000,1,,fused
S090,2026-06-01,2026-06-30,month,policy_expands_effective_demand,false,0,0.0000,0.7000,2,,fused
S090,2026-06-01,2026-06-30,month,policy_accelerates_project_implementation,false,0,0.0000,0.7000,2,,fused
S090,2026-06-01,2026-06-30,month,capacity_under_construction,false,0,0.0000,0.7000,6,,fused
S090,2026-06-01,2026-06-30,month,capacity_enters_production,false,0,0.0000,0.7000,1,,fused
S090,2026-06-01,2026-06-30,month,order_demand_improves,false,0,0.0000,0.7000,1,,fused
S090,2026-06-01,2026-06-30,month,inventory_pressure_increases,false,0,0.0000,0.7000,1,,fused
S090,2026-06-01,2026-06-30,month,product_price_recovers,false,0,0.0000,0.7000,1,,fused
S090,2026-06-01,2026-06-30,month,raw_material_cost_pressure,false,0,0.0000,0.7000,1,,fused
S090,2026-06-01,2026-06-30,month,export_demand_improves,false,0,0.0000,0.7000,1,,fused
S090,2026-06-01,2026-06-30,month,grid_investment_accelerates,false,0,0.0000,0.7000,3,,fused
S090,2026-06-01,2026-06-30,month,financing_constraint_eases,true,1,0.8000,0.9325,3,债券代码：123259 债券简称：锦浪转 02 锦浪科技股份有限公司 关于全资项目子公司股权转让涉及 2022 年度向特定 对象发行股票募投项目的进展公告 本公司及董事会全体成员保证公告内容真实、准确和完整，不存在任何虚假 记载、误导性陈述或者重大遗漏。,fused
S090,2026-06-01,2026-06-30,month,industry_competition_intensifies,false,0,0.0000,0.7000,1,,fused
S116,2026-06-01,2026-06-30,month,policy_expands_effective_demand,false,0,0.0000,0.7000,2,,fused
S116,2026-06-01,2026-06-30,month,policy_accelerates_project_implementation,false,0,0.0000,0.7000,2,,fused
S116,2026-06-01,2026-06-30,month,capacity_under_construction,false,0,0.0000,0.7000,6,,fused
S116,2026-06-01,2026-06-30,month,capacity_enters_production,false,0,0.0000,0.7000,1,,fused
S116,2026-06-01,2026-06-30,month,order_demand_improves,false,0,0.0000,0.7000,1,,fused
S116,2026-06-01,2026-06-30,month,inventory_pressure_increases,false,0,0.0000,0.7000,1,,fused
S116,2026-06-01,2026-06-30,month,product_price_recovers,false,0,0.0000,0.7000,1,,fused
S116,2026-06-01,2026-06-30,month,raw_material_cost_pressure,false,0,0.0000,0.7000,1,,fused
S116,2026-06-01,2026-06-30,month,export_demand_improves,false,0,0.0000,0.7000,1,,fused
S116,2026-06-01,2026-06-30,month,grid_investment_accelerates,false,0,0.0000,0.7000,3,,fused
S116,2026-06-01,2026-06-30,month,financing_constraint_eases,false,0,0.0000,0.7000,3,,fused
S116,2026-06-01,2026-06-30,month,industry_competition_intensifies,false,0,0.0000,0.7000,1,,fused
S054,2026-06-01,2026-06-30,month,policy_expands_effective_demand,false,0,0.0000,0.7000,2,,fused
S054,2026-06-01,2026-06-30,month,policy_accelerates_project_implementation,false,0,0.0000,0.7000,2,,fused
S054,2026-06-01,2026-06-30,month,capacity_under_construction,true,1,0.5500,0.9325,6,在自贡市投资建设锂电池隔离膜项目的进展公告,fused
S054,2026-06-01,2026-06-30,month,capacity_enters_production,false,0,0.0000,0.7000,1,,fused
S054,2026-06-01,2026-06-30,month,order_demand_improves,false,0,0.0000,0.7000,1,,fused
S054,2026-06-01,2026-06-30,month,inventory_pressure_increases,false,0,0.0000,0.7000,1,,fused
S054,2026-06-01,2026-06-30,month,product_price_recovers,false,0,0.0000,0.7000,1,,fused
S054,2026-06-01,2026-06-30,month,raw_material_cost_pressure,false,0,0.0000,0.7000,1,,fused
S054,2026-06-01,2026-06-30,month,export_demand_improves,false,0,0.0000,0.7000,1,,fused
S054,2026-06-01,2026-06-30,month,grid_investment_accelerates,false,0,0.0000,0.7000,3,,fused
S054,2026-06-01,2026-06-30,month,financing_constraint_eases,false,0,0.0000,0.7000,3,,fused
S054,2026-06-01,2026-06-30,month,industry_competition_intensifies,false,0,0.0000,0.7000,1,,fused
S072,2026-06-01,2026-06-30,month,policy_expands_effective_demand,false,0,0.0000,0.7000,2,,fused
S072,2026-06-01,2026-06-30,month,policy_accelerates_project_implementation,true,1,0.8000,0.8975,2,解质，已全方位布局硫化物、氧化物、卤化物等不同技术路线，与固态电池头部企业的核心项目深度绑定，综合技术性能处于行业领先位置。未来，公司将持续加快新型硫化物、”。,fused
S072,2026-06-01,2026-06-30,month,capacity_under_construction,true,1,0.8000,0.8975,6,解质，已全方位布局硫化物、氧化物、卤化物等不同技术路线，与固态电池头部企业的核心项目深度绑定，综合技术性能处于行业领先位置。未来，公司将持续加快新型硫化物、”。,fused
S072,2026-06-01,2026-06-30,month,capacity_enters_production,true,1,0.8000,0.8975,1,解质，已全方位布局硫化物、氧化物、卤化物等不同技术路线，与固态电池头部企业的核心项目深度绑定，综合技术性能处于行业领先位置。未来，公司将持续加快新型硫化物、”。,fused
S072,2026-06-01,2026-06-30,month,order_demand_improves,false,0,0.0000,0.7000,1,,fused
S072,2026-06-01,2026-06-30,month,inventory_pressure_increases,false,0,0.0000,0.7000,1,,fused
S072,2026-06-01,2026-06-30,month,product_price_recovers,false,0,0.0000,0.7000,1,,fused
S072,2026-06-01,2026-06-30,month,raw_material_cost_pressure,false,0,0.0000,0.7000,1,,fused
S072,2026-06-01,2026-06-30,month,export_demand_improves,false,0,0.0000,0.7000,1,,fused
S072,2026-06-01,2026-06-30,month,grid_investment_accelerates,false,0,0.0000,0.7000,3,,fused
S072,2026-06-01,2026-06-30,month,financing_constraint_eases,false,0,0.0000,0.7000,3,,fused
S072,2026-06-01,2026-06-30,month,industry_competition_intensifies,false,0,0.0000,0.7000,1,,fused
S059,2026-06-01,2026-06-30,month,policy_expands_effective_demand,false,0,0.0000,0.7000,2,,fused
S059,2026-06-01,2026-06-30,month,policy_accelerates_project_implementation,false,0,0.0000,0.7000,2,,fused
S059,2026-06-01,2026-06-30,month,capacity_under_construction,false,0,0.0000,0.7000,6,,fused
S059,2026-06-01,2026-06-30,month,capacity_enters_production,false,0,0.0000,0.7000,1,,fused
S059,2026-06-01,2026-06-30,month,order_demand_improves,true,1,0.6500,0.8800,1,进入6月份，海上风电产业订单落地节奏加快,fused
S059,2026-06-01,2026-06-30,month,inventory_pressure_increases,false,0,0.0000,0.7000,1,,fused
S059,2026-06-01,2026-06-30,month,product_price_recovers,false,0,0.0000,0.7000,1,,fused
S059,2026-06-01,2026-06-30,month,raw_material_cost_pressure,false,0,0.0000,0.7000,1,,fused
S059,2026-06-01,2026-06-30,month,export_demand_improves,false,0,0.0000,0.7000,1,,fused
S059,2026-06-01,2026-06-30,month,grid_investment_accelerates,false,0,0.0000,0.7000,3,,fused
S059,2026-06-01,2026-06-30,month,financing_constraint_eases,false,0,0.0000,0.7000,3,,fused
S059,2026-06-01,2026-06-30,month,industry_competition_intensifies,false,0,0.0000,0.7000,1,,fused
S112,2026-06-01,2026-06-30,month,policy_expands_effective_demand,false,0,0.0000,0.7000,2,,fused
S112,2026-06-01,2026-06-30,month,policy_accelerates_project_implementation,false,0,0.0000,0.7000,2,,fused
S112,2026-06-01,2026-06-30,month,capacity_under_construction,false,0,0.0000,0.7000,6,,fused
S112,2026-06-01,2026-06-30,month,capacity_enters_production,false,0,0.0000,0.7000,1,,fused
S112,2026-06-01,2026-06-30,month,order_demand_improves,false,0,0.0000,0.7000,1,,fused
S112,2026-06-01,2026-06-30,month,inventory_pressure_increases,false,0,0.0000,0.7000,1,,fused
S112,2026-06-01,2026-06-30,month,product_price_recovers,false,0,0.0000,0.7000,1,,fused
S112,2026-06-01,2026-06-30,month,raw_material_cost_pressure,false,0,0.0000,0.7000,1,,fused
S112,2026-06-01,2026-06-30,month,export_demand_improves,false,0,0.0000,0.7000,1,,fused
S112,2026-06-01,2026-06-30,month,grid_investment_accelerates,false,0,0.0000,0.7000,3,,fused
S112,2026-06-01,2026-06-30,month,financing_constraint_eases,false,0,0.0000,0.7000,3,,fused
S112,2026-06-01,2026-06-30,month,industry_competition_intensifies,false,0,0.0000,0.7000,1,,fused
S071,2026-06-01,2026-06-30,month,policy_expands_effective_demand,false,0,0.0000,0.6000,2,,fused
S071,2026-06-01,2026-06-30,month,policy_accelerates_project_implementation,false,0,0.0000,0.6000,2,,fused
S071,2026-06-01,2026-06-30,month,capacity_under_construction,false,0,0.0000,0.6000,6,,fused
S071,2026-06-01,2026-06-30,month,capacity_enters_production,false,0,0.0000,0.6000,1,,fused
S071,2026-06-01,2026-06-30,month,order_demand_improves,true,1,0.3500,0.6000,1,2026年5月国内动力电池装车量达到71.9GWh，同比大涨25.9%，环比也有15.2%的增幅，整个行业的回暖势头较为明显,fused
S071,2026-06-01,2026-06-30,month,inventory_pressure_increases,false,0,0.0000,0.6000,1,,fused
S071,2026-06-01,2026-06-30,month,product_price_recovers,false,0,0.0000,0.6000,1,,fused
S071,2026-06-01,2026-06-30,month,raw_material_cost_pressure,false,0,0.0000,0.6000,1,,fused
S071,2026-06-01,2026-06-30,month,export_demand_improves,false,0,0.0000,0.6000,1,,fused
S071,2026-06-01,2026-06-30,month,grid_investment_accelerates,false,0,0.0000,0.6000,3,,fused
S071,2026-06-01,2026-06-30,month,financing_constraint_eases,false,0,0.0000,0.6000,3,,fused
S071,2026-06-01,2026-06-30,month,industry_competition_intensifies,false,0,0.0000,0.6000,1,,fused
OOS-POL-012,2026-06-01,2026-06-30,month,policy_expands_effective_demand,true,1,0.7000,0.9325,2,落实车购税、车船税减免、县域充换电设施补短板等政策，积极扩大新能源汽车乡村地区消费,fused
OOS-POL-012,2026-06-01,2026-06-30,month,policy_accelerates_project_implementation,true,1,0.8000,0.9325,2,原文摘要：发文机关：工业和信息化部办公厅 商务部办公厅 国家发展改革委办公厅 农业农村部办公厅 国家能源局综合司标 题：工业和信息化部 商务部等五部门办公厅（综合司）关于开展2026年新能源汽车下乡活动的通知发文字号：工信厅联通装函〔2026〕280号成文日期：2026-06-12 发布日期：2026-06-18发布机,fused
OOS-POL-012,2026-06-01,2026-06-30,month,capacity_under_construction,false,0,0.0000,0.7000,6,,fused
OOS-POL-012,2026-06-01,2026-06-30,month,capacity_enters_production,false,0,0.0000,0.7000,1,,fused
OOS-POL-012,2026-06-01,2026-06-30,month,order_demand_improves,false,0,0.0000,0.7000,1,,fused
OOS-POL-012,2026-06-01,2026-06-30,month,inventory_pressure_increases,false,0,0.0000,0.7000,1,,fused
OOS-POL-012,2026-06-01,2026-06-30,month,product_price_recovers,false,0,0.0000,0.7000,1,,fused
OOS-POL-012,2026-06-01,2026-06-30,month,raw_material_cost_pressure,false,0,0.0000,0.7000,1,,fused
OOS-POL-012,2026-06-01,2026-06-30,month,export_demand_improves,false,0,0.0000,0.7000,1,,fused
OOS-POL-012,2026-06-01,2026-06-30,month,grid_investment_accelerates,false,0,0.0000,0.7000,3,,fused
OOS-POL-012,2026-06-01,2026-06-30,month,financing_constraint_eases,false,0,0.0000,0.7000,3,,fused
OOS-POL-012,2026-06-01,2026-06-30,month,industry_competition_intensifies,false,0,0.0000,0.7000,1,,fused
S036,2026-06-01,2026-06-30,month,policy_expands_effective_demand,false,0,0.0000,0.7000,2,,fused
S036,2026-06-01,2026-06-30,month,policy_accelerates_project_implementation,false,0,0.0000,0.7000,2,,fused
S036,2026-06-01,2026-06-30,month,capacity_under_construction,false,0,0.0000,0.7000,6,,fused
S036,2026-06-01,2026-06-30,month,capacity_enters_production,false,0,0.0000,0.7000,1,,fused
S036,2026-06-01,2026-06-30,month,order_demand_improves,false,0,0.0000,0.7000,1,,fused
S036,2026-06-01,2026-06-30,month,inventory_pressure_increases,false,0,0.0000,0.7000,1,,fused
S036,2026-06-01,2026-06-30,month,product_price_recovers,false,0,0.0000,0.7000,1,,fused
S036,2026-06-01,2026-06-30,month,raw_material_cost_pressure,false,0,0.0000,0.7000,1,,fused
S036,2026-06-01,2026-06-30,month,export_demand_improves,false,0,0.0000,0.7000,1,,fused
S036,2026-06-01,2026-06-30,month,grid_investment_accelerates,false,0,0.0000,0.7000,3,,fused
S036,2026-06-01,2026-06-30,month,financing_constraint_eases,false,0,0.0000,0.7000,3,,fused
S036,2026-06-01,2026-06-30,month,industry_competition_intensifies,false,0,0.0000,0.7000,1,,fused
S032,2026-06-01,2026-06-30,month,policy_expands_effective_demand,false,0,0.0000,0.7000,2,,fused
S032,2026-06-01,2026-06-30,month,policy_accelerates_project_implementation,false,0,0.0000,0.7000,2,,fused
S032,2026-06-01,2026-06-30,month,capacity_under_construction,false,0,0.0000,0.7000,6,,fused
S032,2026-06-01,2026-06-30,month,capacity_enters_production,false,0,0.0000,0.7000,1,,fused
S032,2026-06-01,2026-06-30,month,order_demand_improves,false,0,0.0000,0.7000,1,,fused
S032,2026-06-01,2026-06-30,month,inventory_pressure_increases,false,0,0.0000,0.7000,1,,fused
S032,2026-06-01,2026-06-30,month,product_price_recovers,false,0,0.0000,0.7000,1,,fused
S032,2026-06-01,2026-06-30,month,raw_material_cost_pressure,false,0,0.0000,0.7000,1,,fused
S032,2026-06-01,2026-06-30,month,export_demand_improves,true,1,0.8000,0.8975,1,为“请问董秘，公司的BBU电芯之前说5月6月会送样，目前进展怎么样？送样的公司是海外还是国内的？”。公司回复摘要为“尊敬的投资者，您好！亿纬锂能具备AIDC全场景解决方案。面向机架级精密供电场景，公司全系列BBU产品，可全面适配传统数据中心与高阶AI算力中心的差异化需求。产品搭载自研21700磷酸铁锂高功率电芯，搭”。,fused
S032,2026-06-01,2026-06-30,month,grid_investment_accelerates,false,0,0.0000,0.7000,3,,fused
S032,2026-06-01,2026-06-30,month,financing_constraint_eases,false,0,0.0000,0.7000,3,,fused
S032,2026-06-01,2026-06-30,month,industry_competition_intensifies,false,0,0.0000,0.7000,1,,fused
S078,2026-06-01,2026-06-30,month,policy_expands_effective_demand,false,0,0.0000,0.7000,2,,fused
S078,2026-06-01,2026-06-30,month,policy_accelerates_project_implementation,false,0,0.0000,0.7000,2,,fused
S078,2026-06-01,2026-06-30,month,capacity_under_construction,false,0,0.0000,0.7000,6,,fused
S078,2026-06-01,2026-06-30,month,capacity_enters_production,false,0,0.0000,0.7000,1,,fused
S078,2026-06-01,2026-06-30,month,order_demand_improves,false,0,0.0000,0.7000,1,,fused
S078,2026-06-01,2026-06-30,month,inventory_pressure_increases,false,0,0.0000,0.7000,1,,fused
S078,2026-06-01,2026-06-30,month,product_price_recovers,false,0,0.0000,0.7000,1,,fused
S078,2026-06-01,2026-06-30,month,raw_material_cost_pressure,false,0,0.0000,0.7000,1,,fused
S078,2026-06-01,2026-06-30,month,export_demand_improves,false,0,0.0000,0.7000,1,,fused
S078,2026-06-01,2026-06-30,month,grid_investment_accelerates,false,0,0.0000,0.7000,3,,fused
S078,2026-06-01,2026-06-30,month,financing_constraint_eases,false,0,0.0000,0.7000,3,,fused
S078,2026-06-01,2026-06-30,month,industry_competition_intensifies,false,0,0.0000,0.7000,1,,fused
S094,2026-06-01,2026-06-30,month,policy_expands_effective_demand,false,0,0.0000,0.7000,2,,deterministic
S094,2026-06-01,2026-06-30,month,policy_accelerates_project_implementation,false,0,0.0000,0.7000,2,,deterministic
S094,2026-06-01,2026-06-30,month,capacity_under_construction,true,1,0.8000,0.9325,6,重要内容提示： 年 产 16GWh 工 商 储 生 产 线 项 目 （ 二 期 投资标的名称 9GWh） 投资金额 不少于 12.32 亿元（具体以实际投资额为准） 投资进展情况 完成 终止 √交易要素变更 特别风险提示（如有） 无 一、对外投资基本情况 宁波德业科技股份有限公司（以下简称“公司”）已于 2025 ,deterministic
S094,2026-06-01,2026-06-30,month,capacity_enters_production,false,0,0.0000,0.7000,1,,deterministic
S094,2026-06-01,2026-06-30,month,order_demand_improves,false,0,0.0000,0.7000,1,,deterministic
S094,2026-06-01,2026-06-30,month,inventory_pressure_increases,false,0,0.0000,0.7000,1,,deterministic
S094,2026-06-01,2026-06-30,month,product_price_recovers,false,0,0.0000,0.7000,1,,deterministic
S094,2026-06-01,2026-06-30,month,raw_material_cost_pressure,false,0,0.0000,0.7000,1,,deterministic
S094,2026-06-01,2026-06-30,month,export_demand_improves,false,0,0.0000,0.7000,1,,deterministic
S094,2026-06-01,2026-06-30,month,grid_investment_accelerates,false,0,0.0000,0.7000,3,,deterministic
S094,2026-06-01,2026-06-30,month,financing_constraint_eases,false,0,0.0000,0.7000,3,,deterministic
S094,2026-06-01,2026-06-30,month,industry_competition_intensifies,false,0,0.0000,0.7000,1,,deterministic
S073,2026-06-01,2026-06-30,month,policy_expands_effective_demand,false,0,0.0000,0.7000,2,,fused
S073,2026-06-01,2026-06-30,month,policy_accelerates_project_implementation,false,0,0.0000,0.7000,2,,fused
S073,2026-06-01,2026-06-30,month,capacity_under_construction,false,0,0.0000,0.7000,6,,fused
S073,2026-06-01,2026-06-30,month,capacity_enters_production,false,0,0.0000,0.7000,1,,fused
S073,2026-06-01,2026-06-30,month,order_demand_improves,false,0,0.0000,0.7000,1,,fused
S073,2026-06-01,2026-06-30,month,inventory_pressure_increases,false,0,0.0000,0.7000,1,,fused
S073,2026-06-01,2026-06-30,month,product_price_recovers,false,0,0.0000,0.7000,1,,fused
S073,2026-06-01,2026-06-30,month,raw_material_cost_pressure,false,0,0.0000,0.7000,1,,fused
S073,2026-06-01,2026-06-30,month,export_demand_improves,false,0,0.0000,0.7000,1,,fused
S073,2026-06-01,2026-06-30,month,grid_investment_accelerates,false,0,0.0000,0.7000,3,,fused
S073,2026-06-01,2026-06-30,month,financing_constraint_eases,false,0,0.0000,0.7000,3,,fused
S073,2026-06-01,2026-06-30,month,industry_competition_intensifies,false,0,0.0000,0.7000,1,,fused
S104,2026-06-01,2026-06-30,month,policy_expands_effective_demand,false,0,0.0000,0.7000,2,,fused
S104,2026-06-01,2026-06-30,month,policy_accelerates_project_implementation,false,0,0.0000,0.7000,2,,fused
S104,2026-06-01,2026-06-30,month,capacity_under_construction,false,0,0.0000,0.7000,6,,fused
S104,2026-06-01,2026-06-30,month,capacity_enters_production,false,0,0.0000,0.7000,1,,fused
S104,2026-06-01,2026-06-30,month,order_demand_improves,false,0,0.0000,0.7000,1,,fused
S104,2026-06-01,2026-06-30,month,inventory_pressure_increases,false,0,0.0000,0.7000,1,,fused
S104,2026-06-01,2026-06-30,month,product_price_recovers,false,0,0.0000,0.7000,1,,fused
S104,2026-06-01,2026-06-30,month,raw_material_cost_pressure,false,0,0.0000,0.7000,1,,fused
S104,2026-06-01,2026-06-30,month,export_demand_improves,false,0,0.0000,0.7000,1,,fused
S104,2026-06-01,2026-06-30,month,grid_investment_accelerates,false,0,0.0000,0.7000,3,,fused
S104,2026-06-01,2026-06-30,month,financing_constraint_eases,false,0,0.0000,0.7000,3,,fused
S104,2026-06-01,2026-06-30,month,industry_competition_intensifies,false,0,0.0000,0.7000,1,,fused
OOS-POL-009,2026-06-01,2026-06-30,month,policy_expands_effective_demand,true,1,0.8000,0.9325,2,一、总体要求以习近平新时代中国特色社会主义思想为指导，深入贯彻党的二十大和二十届历次全会精神，认真落实四中全会部署，高标准践行能源安全新战略，以碳达峰碳中和为牵引，以优化能源结构、提升能效水平、强化科技创新、完善政策支撑为重点，把节能降碳工作贯穿能源产供储销用各环节，深化化石能源行业节能降碳，扩大非化石能源替代化石能源,fused
OOS-POL-009,2026-06-01,2026-06-30,month,policy_accelerates_project_implementation,true,1,0.8000,0.9325,2,2026〕45号各省（自治区、直辖市）能源局、有关省（自治区、直辖市）及新疆生产建设兵团发展改革委，北京市城管委，中核集团、中国石油、中国石化、中国海油、国家管网集团、国家电网、南方电网、中国华能、中国大唐、中国华电、国家电投、中国三峡集团、国家能源集团、国投、中煤集团、中国电建、中国能建、中广核：为支撑更高水平更高质,fused
OOS-POL-009,2026-06-01,2026-06-30,month,capacity_under_construction,true,1,0.8000,0.9325,6,费比重年均提升约1个百分点；合理控制煤电机组供电煤耗，达到现行能效标杆水平的煤电产能比例力争提高15个百分点；建成一批零碳低碳煤炭矿区、油区；支持建成一批零碳园区，重点行业节能降碳取得显著进展，绿色用能水平不断提升。二、深入推进电力系统节能降碳（一）大力推动火电节能降碳。 来源为国家能源局，首次公开日期核验为2026-,fused
OOS-POL-009,2026-06-01,2026-06-30,month,capacity_enters_production,false,0,0.0000,0.7000,1,,fused
OOS-POL-009,2026-06-01,2026-06-30,month,order_demand_improves,false,0,0.0000,0.7000,1,,fused
OOS-POL-009,2026-06-01,2026-06-30,month,inventory_pressure_increases,false,0,0.0000,0.7000,1,,fused
OOS-POL-009,2026-06-01,2026-06-30,month,product_price_recovers,false,0,0.0000,0.7000,1,,fused
OOS-POL-009,2026-06-01,2026-06-30,month,raw_material_cost_pressure,false,0,0.0000,0.7000,1,,fused
OOS-POL-009,2026-06-01,2026-06-30,month,export_demand_improves,false,0,0.0000,0.7000,1,,fused
OOS-POL-009,2026-06-01,2026-06-30,month,grid_investment_accelerates,true,1,0.8000,0.9325,3,原文摘要：政声传递｜国家能源局：关于印发《能源领域节能降碳行动计划（2026—2028年）》的通知信息来源：国家能源局 发布时间： 2026-07-23 浏览： 次国家能源局关于印发《能源领域节能降碳行动计划（2026—2028年）》的通知国能发规划〔2026〕45号各省（自治区、直辖市）能源局、有关省（自治区、直辖市,fused
OOS-POL-009,2026-06-01,2026-06-30,month,financing_constraint_eases,false,0,0.0000,0.7000,3,,fused
OOS-POL-009,2026-06-01,2026-06-30,month,industry_competition_intensifies,false,0,0.0000,0.7000,1,,fused
S068,2026-06-01,2026-06-30,month,policy_expands_effective_demand,false,0,0.0000,0.7000,2,,fused
S068,2026-06-01,2026-06-30,month,policy_accelerates_project_implementation,false,0,0.0000,0.7000,2,,fused
S068,2026-06-01,2026-06-30,month,capacity_under_construction,false,0,0.0000,0.7000,6,,fused
S068,2026-06-01,2026-06-30,month,capacity_enters_production,false,0,0.0000,0.7000,1,,fused
S068,2026-06-01,2026-06-30,month,order_demand_improves,false,0,0.0000,0.7000,1,,fused
S068,2026-06-01,2026-06-30,month,inventory_pressure_increases,false,0,0.0000,0.7000,1,,fused
S068,2026-06-01,2026-06-30,month,product_price_recovers,false,0,0.0000,0.7000,1,,fused
S068,2026-06-01,2026-06-30,month,raw_material_cost_pressure,false,0,0.0000,0.7000,1,,fused
S068,2026-06-01,2026-06-30,month,export_demand_improves,false,0,0.0000,0.7000,1,,fused
S068,2026-06-01,2026-06-30,month,grid_investment_accelerates,false,0,0.0000,0.7000,3,,fused
S068,2026-06-01,2026-06-30,month,financing_constraint_eases,false,0,0.0000,0.7000,3,,fused
S068,2026-06-01,2026-06-30,month,industry_competition_intensifies,false,0,0.0000,0.7000,1,,fused
S064,2026-06-01,2026-06-30,month,policy_expands_effective_demand,false,0,0.0000,0.7000,2,,fused
S064,2026-06-01,2026-06-30,month,policy_accelerates_project_implementation,false,0,0.0000,0.7000,2,,fused
S064,2026-06-01,2026-06-30,month,capacity_under_construction,true,1,0.8000,0.8975,6,？”。公司回复摘要为“您好，公司紧紧抓住锂电行业快速发展机遇，各项业务稳步推进，产能利用率保持在较高水平，具体经营情况请参见公司后续披露于巨潮资讯网的2026年半年度报告。谢谢。”。,fused
S064,2026-06-01,2026-06-30,month,capacity_enters_production,false,0,0.0000,0.7000,1,,fused
S064,2026-06-01,2026-06-30,month,order_demand_improves,false,0,0.0000,0.7000,1,,fused
S064,2026-06-01,2026-06-30,month,inventory_pressure_increases,false,0,0.0000,0.7000,1,,fused
S064,2026-06-01,2026-06-30,month,product_price_recovers,false,0,0.0000,0.7000,1,,fused
S064,2026-06-01,2026-06-30,month,raw_material_cost_pressure,false,0,0.0000,0.7000,1,,fused
S064,2026-06-01,2026-06-30,month,export_demand_improves,false,0,0.0000,0.7000,1,,fused
S064,2026-06-01,2026-06-30,month,grid_investment_accelerates,false,0,0.0000,0.7000,3,,fused
S064,2026-06-01,2026-06-30,month,financing_constraint_eases,false,0,0.0000,0.7000,3,,fused
S064,2026-06-01,2026-06-30,month,industry_competition_intensifies,false,0,0.0000,0.7000,1,,fused
