trade_date,monetary_policy,liquidity,growth,inflation,bond_supply,risk_appetite,rule_pressure,supporting_document_count,structured_observation_count,independent_event_count,monetary_policy_independent_event_count,liquidity_independent_event_count,growth_independent_event_count,inflation_independent_event_count,bond_supply_independent_event_count,risk_appetite_independent_event_count,monetary_policy_evidence_status,liquidity_evidence_status,growth_evidence_status,inflation_evidence_status,bond_supply_evidence_status,risk_appetite_evidence_status
2018-01-02,0.0,-0.5825,0.0,0.0,0.56404286,0.0,1.0,202,8,144,1,128,2,4,9,0,insufficient_evidence,sufficient,insufficient_evidence,insufficient_evidence,sufficient,insufficient_evidence
2018-01-03,0.0,-0.5825,0.0,0.0,0.56404286,0.0,1.0,202,8,144,1,128,2,4,9,0,insufficient_evidence,sufficient,insufficient_evidence,insufficient_evidence,sufficient,insufficient_evidence
2018-01-04,0.0,-0.5825,0.0,0.0,0.56404286,0.0,1.0,202,8,144,1,128,2,4,9,0,insufficient_evidence,sufficient,insufficient_evidence,insufficient_evidence,sufficient,insufficient_evidence
2018-01-05,0.0,-0.5825,0.0,0.0,0.56404286,0.0,1.0,202,8,144,1,128,2,4,9,0,insufficient_evidence,sufficient,insufficient_evidence,insufficient_evidence,sufficient,insufficient_evidence
2018-01-08,0.0,-0.58257692,0.0,0.0,0.56404286,0.0,1.0,203,8,145,1,129,2,4,9,0,insufficient_evidence,sufficient,insufficient_evidence,insufficient_evidence,sufficient,insufficient_evidence
2018-01-09,0.0,-0.585,0.0,0.0,0.0,0.0,0.0,1,8,145,1,129,2,4,9,0,insufficient_evidence,sufficient,insufficient_evidence,insufficient_evidence,sufficient,insufficient_evidence
2018-01-10,0.0,-0.585,0.0,0.0,0.0,0.0,0.0,1,8,145,1,129,2,4,9,0,insufficient_evidence,sufficient,insufficient_evidence,insufficient_evidence,sufficient,insufficient_evidence
2018-01-11,0.0,-0.585,0.0,0.0,0.0,0.0,0.0,1,8,145,1,129,2,4,9,0,insufficient_evidence,sufficient,insufficient_evidence,insufficient_evidence,sufficient,insufficient_evidence
2018-01-12,0.0,-0.585,0.0,0.0,0.0,0.0,0.0,1,8,145,1,129,2,4,9,0,insufficient_evidence,sufficient,insufficient_evidence,insufficient_evidence,sufficient,insufficient_evidence
2018-01-15,0.0,-0.585,0.0,0.0,0.0,0.0,0.0,1,8,146,1,130,2,4,9,0,insufficient_evidence,sufficient,insufficient_evidence,insufficient_evidence,sufficient,insufficient_evidence
2018-01-16,0.0,-0.585,0.0,0.0,0.0,0.0,0.0,1,8,146,1,130,2,4,9,0,insufficient_evidence,sufficient,insufficient_evidence,insufficient_evidence,sufficient,insufficient_evidence
2018-01-17,0.0,-0.585,0.0,0.0,0.0,0.0,0.0,1,8,146,1,130,2,4,9,0,insufficient_evidence,sufficient,insufficient_evidence,insufficient_evidence,sufficient,insufficient_evidence
2018-01-18,0.0,-0.585,0.0,0.0,0.0,0.0,0.0,1,8,146,1,130,2,4,9,0,insufficient_evidence,sufficient,insufficient_evidence,insufficient_evidence,sufficient,insufficient_evidence
2018-01-19,0.0,-0.585,0.0,0.0,0.0,0.0,0.0,2,8,146,1,130,2,4,9,0,insufficient_evidence,sufficient,insufficient_evidence,insufficient_evidence,sufficient,insufficient_evidence
2018-01-22,0.0,0.0,0.0,0.0,0.0,0.0,0.0,2,8,146,1,130,2,4,9,0,insufficient_evidence,sufficient,insufficient_evidence,insufficient_evidence,sufficient,insufficient_evidence
2018-01-23,0.0,0.0,0.0,0.0,0.0,0.0,0.0,2,8,146,1,130,2,4,9,0,insufficient_evidence,sufficient,insufficient_evidence,insufficient_evidence,sufficient,insufficient_evidence
2018-01-24,0.0,0.0,0.0,0.0,0.0,0.0,0.0,2,8,146,1,130,2,4,9,0,insufficient_evidence,sufficient,insufficient_evidence,insufficient_evidence,sufficient,insufficient_evidence
2018-01-25,0.0,0.0,0.0,0.0,0.0,0.0,0.0,2,8,146,1,130,2,4,9,0,insufficient_evidence,sufficient,insufficient_evidence,insufficient_evidence,sufficient,insufficient_evidence
2018-01-26,0.0,0.0,0.0,0.0,0.0,0.0,0.0,1,8,146,1,130,2,4,9,0,insufficient_evidence,sufficient,insufficient_evidence,insufficient_evidence,sufficient,insufficient_evidence
2018-01-29,0.0,-0.585,0.0,0.0,0.0,0.0,0.0,1,8,147,1,131,2,4,9,0,insufficient_evidence,sufficient,insufficient_evidence,insufficient_evidence,sufficient,insufficient_evidence
2018-01-30,0.0,-0.585,0.0,0.0,0.0,0.0,0.0,1,8,147,1,131,2,4,9,0,insufficient_evidence,sufficient,insufficient_evidence,insufficient_evidence,sufficient,insufficient_evidence
2018-01-31,0.0,-0.585,0.0,0.0,0.0,0.0,0.0,1,8,147,1,131,2,4,9,0,insufficient_evidence,sufficient,insufficient_evidence,insufficient_evidence,sufficient,insufficient_evidence
2018-02-01,0.0,-0.585,0.0,0.0,0.0,0.0,0.0,1,8,147,1,131,2,4,9,0,insufficient_evidence,sufficient,insufficient_evidence,insufficient_evidence,sufficient,insufficient_evidence
2018-02-02,0.0,-0.585,0.0,0.0,0.0,0.0,0.0,1,8,147,1,131,2,4,9,0,insufficient_evidence,sufficient,insufficient_evidence,insufficient_evidence,sufficient,insufficient_evidence
2018-02-05,0.0,-0.585,0.0,0.0,0.0,0.0,0.0,1,8,148,1,132,2,4,9,0,insufficient_evidence,sufficient,insufficient_evidence,insufficient_evidence,sufficient,insufficient_evidence
2018-02-06,0.0,-0.585,0.0,0.0,0.0,0.0,0.0,1,8,148,1,132,2,4,9,0,insufficient_evidence,sufficient,insufficient_evidence,insufficient_evidence,sufficient,insufficient_evidence
2018-02-07,0.0,-0.585,0.0,0.0,0.0,0.0,0.0,1,8,148,1,132,2,4,9,0,insufficient_evidence,sufficient,insufficient_evidence,insufficient_evidence,sufficient,insufficient_evidence
2018-02-08,0.0,-0.585,0.0,0.0,0.0,0.0,0.0,1,8,148,1,132,2,4,9,0,insufficient_evidence,sufficient,insufficient_evidence,insufficient_evidence,sufficient,insufficient_evidence
2018-02-09,0.0,-0.585,0.0,0.0,0.0,0.0,0.0,1,8,148,1,132,2,4,9,0,insufficient_evidence,sufficient,insufficient_evidence,insufficient_evidence,sufficient,insufficient_evidence
2018-02-11,0.0,0.0,0.0,0.0,0.0,0.0,0.0,0,8,148,1,132,2,4,9,0,insufficient_evidence,sufficient,insufficient_evidence,insufficient_evidence,sufficient,insufficient_evidence
2018-02-12,0.0,-0.585,0.0,0.0,0.0,0.0,0.0,1,8,149,1,133,2,4,9,0,insufficient_evidence,sufficient,insufficient_evidence,insufficient_evidence,sufficient,insufficient_evidence
2018-02-13,0.0,-0.585,0.0,0.0,0.0,0.0,0.0,1,8,149,1,133,2,4,9,0,insufficient_evidence,sufficient,insufficient_evidence,insufficient_evidence,sufficient,insufficient_evidence
2018-02-14,0.0,-0.585,0.0,0.0,0.0,0.0,0.0,2,8,149,1,133,2,4,9,0,insufficient_evidence,sufficient,insufficient_evidence,insufficient_evidence,sufficient,insufficient_evidence
2018-02-22,0.0,-0.585,0.0,0.0,0.0,0.0,0.0,3,8,150,1,134,2,4,9,0,insufficient_evidence,sufficient,insufficient_evidence,insufficient_evidence,sufficient,insufficient_evidence
2018-02-23,0.0,-0.585,0.0,0.0,0.0,0.0,0.0,3,8,150,1,134,2,4,9,0,insufficient_evidence,sufficient,insufficient_evidence,insufficient_evidence,sufficient,insufficient_evidence
2018-02-24,0.0,-0.585,0.0,0.0,0.0,0.0,0.0,2,8,150,1,134,2,4,9,0,insufficient_evidence,sufficient,insufficient_evidence,insufficient_evidence,sufficient,insufficient_evidence
2018-02-26,0.0,-0.585,0.0,0.0,0.0,0.0,0.0,3,8,151,1,135,2,4,9,0,insufficient_evidence,sufficient,insufficient_evidence,insufficient_evidence,sufficient,insufficient_evidence
2018-02-27,0.0,-0.585,0.0,0.0,0.0,0.0,0.0,2,8,151,1,135,2,4,9,0,insufficient_evidence,sufficient,insufficient_evidence,insufficient_evidence,sufficient,insufficient_evidence
2018-02-28,0.0,-0.585,0.0,0.0,0.0,0.0,0.0,1,8,151,1,135,2,4,9,0,insufficient_evidence,sufficient,insufficient_evidence,insufficient_evidence,sufficient,insufficient_evidence
2018-03-01,0.0,-0.585,0.0,0.0,0.0,0.0,0.0,1,8,151,1,135,2,4,9,0,insufficient_evidence,sufficient,insufficient_evidence,insufficient_evidence,sufficient,insufficient_evidence
2018-03-02,0.0,-0.585,0.0,0.0,0.0,0.0,0.0,1,8,151,1,135,2,4,9,0,insufficient_evidence,sufficient,insufficient_evidence,insufficient_evidence,sufficient,insufficient_evidence
2018-03-05,0.0,-0.585,0.0,0.0,0.0,0.0,0.0,1,8,152,1,136,2,4,9,0,insufficient_evidence,sufficient,insufficient_evidence,insufficient_evidence,sufficient,insufficient_evidence
2018-03-06,0.0,-0.585,0.0,0.0,0.0,0.0,0.0,1,8,152,1,136,2,4,9,0,insufficient_evidence,sufficient,insufficient_evidence,insufficient_evidence,sufficient,insufficient_evidence
2018-03-07,0.0,-0.585,0.0,0.0,0.0,0.0,0.0,1,8,152,1,136,2,4,9,0,insufficient_evidence,sufficient,insufficient_evidence,insufficient_evidence,sufficient,insufficient_evidence
2018-03-08,0.0,-0.585,0.0,0.0,0.0,0.0,0.0,1,8,152,1,136,2,4,9,0,insufficient_evidence,sufficient,insufficient_evidence,insufficient_evidence,sufficient,insufficient_evidence
2018-03-09,0.0,-0.585,0.0,0.0,0.0,0.0,0.0,1,8,152,1,136,2,4,9,0,insufficient_evidence,sufficient,insufficient_evidence,insufficient_evidence,sufficient,insufficient_evidence
2018-03-12,0.0,-0.585,0.0,0.0,0.0,0.0,0.0,1,8,153,1,137,2,4,9,0,insufficient_evidence,sufficient,insufficient_evidence,insufficient_evidence,sufficient,insufficient_evidence
2018-03-13,0.0,-0.585,0.0,0.0,0.0,0.0,0.0,1,8,153,1,137,2,4,9,0,insufficient_evidence,sufficient,insufficient_evidence,insufficient_evidence,sufficient,insufficient_evidence
2018-03-14,0.0,-0.585,0.0,0.0,0.0,0.0,0.0,1,8,153,1,137,2,4,9,0,insufficient_evidence,sufficient,insufficient_evidence,insufficient_evidence,sufficient,insufficient_evidence
2018-03-15,0.0,-0.585,0.0,0.0,0.0,0.0,0.0,2,8,153,1,137,2,4,9,0,insufficient_evidence,sufficient,insufficient_evidence,insufficient_evidence,sufficient,insufficient_evidence
2018-03-16,0.0,-0.585,0.0,0.0,0.0,0.0,0.0,2,8,153,1,137,2,4,9,0,insufficient_evidence,sufficient,insufficient_evidence,insufficient_evidence,sufficient,insufficient_evidence
2018-03-19,0.0,0.0,0.0,0.0,0.0,0.0,0.0,2,8,153,1,137,2,4,9,0,insufficient_evidence,sufficient,insufficient_evidence,insufficient_evidence,sufficient,insufficient_evidence
2018-03-20,0.0,0.0,0.0,0.0,0.0,0.0,0.0,2,8,153,1,137,2,4,9,0,insufficient_evidence,sufficient,insufficient_evidence,insufficient_evidence,sufficient,insufficient_evidence
2018-03-21,0.0,0.0,0.0,0.0,0.0,0.0,0.0,2,8,153,1,137,2,4,9,0,insufficient_evidence,sufficient,insufficient_evidence,insufficient_evidence,sufficient,insufficient_evidence
2018-03-22,0.0,0.0,0.0,0.0,0.0,0.0,0.0,1,8,153,1,137,2,4,9,0,insufficient_evidence,sufficient,insufficient_evidence,insufficient_evidence,sufficient,insufficient_evidence
2018-03-23,0.0,0.0,0.0,0.0,0.0,0.0,0.0,1,8,153,1,137,2,4,9,0,insufficient_evidence,sufficient,insufficient_evidence,insufficient_evidence,sufficient,insufficient_evidence
2018-03-26,0.0,-0.585,0.0,0.0,0.0,0.0,0.0,1,8,154,1,138,2,4,9,0,insufficient_evidence,sufficient,insufficient_evidence,insufficient_evidence,sufficient,insufficient_evidence
2018-03-27,0.0,-0.585,0.0,0.0,0.0,0.0,0.0,1,8,154,1,138,2,4,9,0,insufficient_evidence,sufficient,insufficient_evidence,insufficient_evidence,sufficient,insufficient_evidence
2018-03-28,0.0,-0.585,0.0,0.0,0.0,0.0,0.0,1,8,154,1,138,2,4,9,0,insufficient_evidence,sufficient,insufficient_evidence,insufficient_evidence,sufficient,insufficient_evidence
2018-03-29,0.0,-0.585,0.0,0.0,0.0,0.0,0.0,1,8,154,1,138,2,4,9,0,insufficient_evidence,sufficient,insufficient_evidence,insufficient_evidence,sufficient,insufficient_evidence
2018-03-30,0.0,-0.585,0.0,0.0,0.0,0.0,0.0,1,8,154,1,138,2,4,9,0,insufficient_evidence,sufficient,insufficient_evidence,insufficient_evidence,sufficient,insufficient_evidence
2018-04-02,0.0,-0.585,0.0,0.0,0.0,0.0,0.0,1,8,155,1,139,2,4,9,0,insufficient_evidence,sufficient,insufficient_evidence,insufficient_evidence,sufficient,insufficient_evidence
2018-04-03,0.0,-0.585,0.0,0.0,0.0,0.0,0.0,1,8,155,1,139,2,4,9,0,insufficient_evidence,sufficient,insufficient_evidence,insufficient_evidence,sufficient,insufficient_evidence
2018-04-04,0.0,-0.585,0.0,0.0,0.0,0.0,0.0,1,8,155,1,139,2,4,9,0,insufficient_evidence,sufficient,insufficient_evidence,insufficient_evidence,sufficient,insufficient_evidence
2018-04-08,0.0,-0.585,0.0,0.0,0.0,0.0,0.0,1,8,155,1,139,2,4,9,0,insufficient_evidence,sufficient,insufficient_evidence,insufficient_evidence,sufficient,insufficient_evidence
2018-04-09,0.0,-0.585,0.0,0.0,0.0,0.0,0.0,2,8,156,1,140,2,4,9,0,insufficient_evidence,sufficient,insufficient_evidence,insufficient_evidence,sufficient,insufficient_evidence
2018-04-10,0.0,-0.585,0.0,0.0,0.0,0.0,0.0,1,8,156,1,140,2,4,9,0,insufficient_evidence,sufficient,insufficient_evidence,insufficient_evidence,sufficient,insufficient_evidence
2018-04-11,0.0,-0.585,0.0,0.0,0.0,0.0,0.0,1,8,156,1,140,2,4,9,0,insufficient_evidence,sufficient,insufficient_evidence,insufficient_evidence,sufficient,insufficient_evidence
2018-04-12,0.0,-0.585,0.0,0.0,0.0,0.0,0.0,1,8,156,1,140,2,4,9,0,insufficient_evidence,sufficient,insufficient_evidence,insufficient_evidence,sufficient,insufficient_evidence
2018-04-13,0.0,-0.585,0.0,0.0,0.0,0.0,0.0,1,8,156,1,140,2,4,9,0,insufficient_evidence,sufficient,insufficient_evidence,insufficient_evidence,sufficient,insufficient_evidence
2018-04-16,0.0,-0.585,0.0,0.0,0.0,0.0,0.0,1,8,157,1,141,2,4,9,0,insufficient_evidence,sufficient,insufficient_evidence,insufficient_evidence,sufficient,insufficient_evidence
2018-04-17,0.0,-0.585,0.0,0.0,0.0,0.0,0.0,1,8,157,1,141,2,4,9,0,insufficient_evidence,sufficient,insufficient_evidence,insufficient_evidence,sufficient,insufficient_evidence
2018-04-18,0.0,-0.585,0.0,0.0,0.0,0.0,0.0,2,8,157,1,141,2,4,9,0,insufficient_evidence,sufficient,insufficient_evidence,insufficient_evidence,sufficient,insufficient_evidence
2018-04-19,0.0,-0.585,0.0,0.0,0.0,0.0,0.0,2,8,157,1,141,2,4,9,0,insufficient_evidence,sufficient,insufficient_evidence,insufficient_evidence,sufficient,insufficient_evidence
2018-04-20,0.0,-0.585,0.0,0.0,0.0,0.0,0.0,2,8,157,1,141,2,4,9,0,insufficient_evidence,sufficient,insufficient_evidence,insufficient_evidence,sufficient,insufficient_evidence
2018-04-23,0.0,0.0,0.0,0.0,0.0,0.0,0.0,2,8,157,1,141,2,4,9,0,insufficient_evidence,sufficient,insufficient_evidence,insufficient_evidence,sufficient,insufficient_evidence
2018-04-24,0.0,0.0,0.0,0.0,0.0,0.0,0.0,2,8,157,1,141,2,4,9,0,insufficient_evidence,sufficient,insufficient_evidence,insufficient_evidence,sufficient,insufficient_evidence
2018-04-25,0.0,0.0,0.0,0.0,0.0,0.0,0.0,1,8,157,1,141,2,4,9,0,insufficient_evidence,sufficient,insufficient_evidence,insufficient_evidence,sufficient,insufficient_evidence
2018-04-26,0.0,0.0,0.0,0.0,0.0,0.0,0.0,1,8,157,1,141,2,4,9,0,insufficient_evidence,sufficient,insufficient_evidence,insufficient_evidence,sufficient,insufficient_evidence
2018-04-27,0.0,0.0,0.0,0.0,0.0,0.0,0.0,1,8,157,1,141,2,4,9,0,insufficient_evidence,sufficient,insufficient_evidence,insufficient_evidence,sufficient,insufficient_evidence
2018-04-28,0.0,0.0,0.0,0.0,0.0,0.0,0.0,0,8,157,1,141,2,4,9,0,insufficient_evidence,sufficient,insufficient_evidence,insufficient_evidence,sufficient,insufficient_evidence
2018-05-02,0.0,-0.585,0.0,0.0,0.0,0.0,0.0,1,8,158,1,142,2,4,9,0,insufficient_evidence,sufficient,insufficient_evidence,insufficient_evidence,sufficient,insufficient_evidence
2018-05-03,0.0,-0.585,0.0,0.0,0.0,0.0,0.0,1,8,158,1,142,2,4,9,0,insufficient_evidence,sufficient,insufficient_evidence,insufficient_evidence,sufficient,insufficient_evidence
2018-05-04,0.0,-0.585,0.0,0.0,0.0,0.0,0.0,1,8,158,1,142,2,4,9,0,insufficient_evidence,sufficient,insufficient_evidence,insufficient_evidence,sufficient,insufficient_evidence
2018-05-07,0.0,-0.585,0.0,0.0,0.0,0.0,0.0,2,8,159,1,143,2,4,9,0,insufficient_evidence,sufficient,insufficient_evidence,insufficient_evidence,sufficient,insufficient_evidence
2018-05-08,0.0,-0.585,0.0,0.0,0.0,0.0,0.0,2,8,159,1,143,2,4,9,0,insufficient_evidence,sufficient,insufficient_evidence,insufficient_evidence,sufficient,insufficient_evidence
2018-05-09,0.0,-0.585,0.0,0.0,0.0,0.0,0.0,1,8,159,1,143,2,4,9,0,insufficient_evidence,sufficient,insufficient_evidence,insufficient_evidence,sufficient,insufficient_evidence
2018-05-10,0.0,-0.585,0.0,0.0,0.0,0.0,0.0,1,8,159,1,143,2,4,9,0,insufficient_evidence,sufficient,insufficient_evidence,insufficient_evidence,sufficient,insufficient_evidence
2018-05-11,0.0,-0.585,0.0,0.0,0.0,0.0,0.0,2,8,159,1,143,2,4,9,0,insufficient_evidence,sufficient,insufficient_evidence,insufficient_evidence,sufficient,insufficient_evidence
2018-05-14,0.0,-0.585,0.0,0.0,0.0,0.0,0.0,2,8,160,1,144,2,4,9,0,insufficient_evidence,sufficient,insufficient_evidence,insufficient_evidence,sufficient,insufficient_evidence
2018-05-15,0.0,-0.585,0.0,0.0,0.0,0.0,0.0,2,8,160,1,144,2,4,9,0,insufficient_evidence,sufficient,insufficient_evidence,insufficient_evidence,sufficient,insufficient_evidence
2018-05-16,0.0,-0.585,0.0,0.0,0.0,0.0,0.0,3,8,160,1,144,2,4,9,0,insufficient_evidence,sufficient,insufficient_evidence,insufficient_evidence,sufficient,insufficient_evidence
2018-05-17,0.0,-0.585,0.0,0.0,0.0,0.0,0.0,3,8,160,1,144,2,4,9,0,insufficient_evidence,sufficient,insufficient_evidence,insufficient_evidence,sufficient,insufficient_evidence
2018-05-18,0.0,-0.585,0.0,0.0,0.0,0.0,0.0,2,8,160,1,144,2,4,9,0,insufficient_evidence,sufficient,insufficient_evidence,insufficient_evidence,sufficient,insufficient_evidence
2018-05-21,0.0,-0.585,0.0,0.0,0.0,0.0,0.0,2,8,161,1,145,2,4,9,0,insufficient_evidence,sufficient,insufficient_evidence,insufficient_evidence,sufficient,insufficient_evidence
2018-05-22,0.0,-0.585,0.0,0.0,0.0,0.0,0.0,2,8,161,1,145,2,4,9,0,insufficient_evidence,sufficient,insufficient_evidence,insufficient_evidence,sufficient,insufficient_evidence
2018-05-23,0.0,-0.585,0.0,0.0,0.0,0.0,0.0,1,8,161,1,145,2,4,9,0,insufficient_evidence,sufficient,insufficient_evidence,insufficient_evidence,sufficient,insufficient_evidence
2018-05-24,0.0,-0.585,0.0,0.0,0.0,0.0,0.0,1,8,161,1,145,2,4,9,0,insufficient_evidence,sufficient,insufficient_evidence,insufficient_evidence,sufficient,insufficient_evidence
2018-05-25,0.0,-0.585,0.0,0.0,0.0,0.0,0.0,1,8,161,1,145,2,4,9,0,insufficient_evidence,sufficient,insufficient_evidence,insufficient_evidence,sufficient,insufficient_evidence
2018-05-28,0.0,0.0,0.0,0.0,0.0,0.0,0.0,1,8,161,1,145,2,4,9,0,insufficient_evidence,sufficient,insufficient_evidence,insufficient_evidence,sufficient,insufficient_evidence
2018-05-29,0.0,0.0,0.0,0.0,0.0,0.0,0.0,1,8,161,1,145,2,4,9,0,insufficient_evidence,sufficient,insufficient_evidence,insufficient_evidence,sufficient,insufficient_evidence
2018-05-30,0.0,0.0,0.0,0.0,0.0,0.0,0.0,1,8,161,1,145,2,4,9,0,insufficient_evidence,sufficient,insufficient_evidence,insufficient_evidence,sufficient,insufficient_evidence
2018-05-31,0.0,0.0,0.0,0.0,0.0,0.0,0.0,1,8,161,1,145,2,4,9,0,insufficient_evidence,sufficient,insufficient_evidence,insufficient_evidence,sufficient,insufficient_evidence
2018-06-01,0.0,0.0,0.0,0.0,0.0,0.0,0.0,1,8,161,1,145,2,4,9,0,insufficient_evidence,sufficient,insufficient_evidence,insufficient_evidence,sufficient,insufficient_evidence
2018-06-04,0.0,0.0,0.0,0.0,0.0,0.0,0.0,1,8,161,1,145,2,4,9,0,insufficient_evidence,sufficient,insufficient_evidence,insufficient_evidence,sufficient,insufficient_evidence
2018-06-05,0.0,0.0,0.0,0.0,0.0,0.0,0.0,1,8,161,1,145,2,4,9,0,insufficient_evidence,sufficient,insufficient_evidence,insufficient_evidence,sufficient,insufficient_evidence
2018-06-06,0.0,0.0,0.0,0.0,0.0,0.0,0.0,1,8,161,1,145,2,4,9,0,insufficient_evidence,sufficient,insufficient_evidence,insufficient_evidence,sufficient,insufficient_evidence
2018-06-07,0.0,0.0,0.0,0.0,0.0,0.0,0.0,1,8,161,1,145,2,4,9,0,insufficient_evidence,sufficient,insufficient_evidence,insufficient_evidence,sufficient,insufficient_evidence
2018-06-08,0.0,0.0,0.0,0.0,0.0,0.0,0.0,1,8,161,1,145,2,4,9,0,insufficient_evidence,sufficient,insufficient_evidence,insufficient_evidence,sufficient,insufficient_evidence
2018-06-11,0.0,0.0,0.0,0.0,0.0,0.0,0.0,1,8,161,1,145,2,4,9,0,insufficient_evidence,sufficient,insufficient_evidence,insufficient_evidence,sufficient,insufficient_evidence
2018-06-12,0.0,0.0,0.0,0.0,0.0,0.0,0.0,1,8,161,1,145,2,4,9,0,insufficient_evidence,sufficient,insufficient_evidence,insufficient_evidence,sufficient,insufficient_evidence
2018-06-13,0.0,0.0,0.0,0.0,0.0,0.0,0.0,1,8,161,1,145,2,4,9,0,insufficient_evidence,sufficient,insufficient_evidence,insufficient_evidence,sufficient,insufficient_evidence
2018-06-14,0.0,0.0,0.0,0.0,0.0,0.0,0.0,1,8,161,1,145,2,4,9,0,insufficient_evidence,sufficient,insufficient_evidence,insufficient_evidence,sufficient,insufficient_evidence
2018-06-15,0.0,0.0,0.0,0.0,0.0,0.0,0.0,2,8,161,1,145,2,4,9,0,insufficient_evidence,sufficient,insufficient_evidence,insufficient_evidence,sufficient,insufficient_evidence
2018-06-19,0.0,-0.585,0.0,0.0,0.0,0.0,0.0,2,8,162,1,146,2,4,9,0,insufficient_evidence,sufficient,insufficient_evidence,insufficient_evidence,sufficient,insufficient_evidence
2018-06-20,0.0,-0.585,0.0,0.0,0.0,0.0,0.0,2,8,162,1,146,2,4,9,0,insufficient_evidence,sufficient,insufficient_evidence,insufficient_evidence,sufficient,insufficient_evidence
2018-06-21,0.0,-0.585,0.0,0.0,0.0,0.0,0.0,2,8,162,1,146,2,4,9,0,insufficient_evidence,sufficient,insufficient_evidence,insufficient_evidence,sufficient,insufficient_evidence
2018-06-22,0.0,-0.585,0.0,0.0,0.0,0.0,0.0,2,8,162,1,146,2,4,9,0,insufficient_evidence,sufficient,insufficient_evidence,insufficient_evidence,sufficient,insufficient_evidence
2018-06-25,0.0,-0.585,0.0,0.0,0.0,0.0,0.0,2,8,163,1,147,2,4,9,0,insufficient_evidence,sufficient,insufficient_evidence,insufficient_evidence,sufficient,insufficient_evidence
2018-06-26,0.0,-0.585,0.0,0.0,0.0,0.0,0.0,1,8,163,1,147,2,4,9,0,insufficient_evidence,sufficient,insufficient_evidence,insufficient_evidence,sufficient,insufficient_evidence
2018-06-27,0.0,-0.585,0.0,0.0,0.0,0.0,0.0,1,8,163,1,147,2,4,9,0,insufficient_evidence,sufficient,insufficient_evidence,insufficient_evidence,sufficient,insufficient_evidence
2018-06-28,0.0,-0.585,0.0,0.0,0.0,0.0,0.0,1,8,163,1,147,2,4,9,0,insufficient_evidence,sufficient,insufficient_evidence,insufficient_evidence,sufficient,insufficient_evidence
2018-06-29,0.0,-0.585,0.0,0.0,0.0,0.0,0.0,1,8,163,1,147,2,4,9,0,insufficient_evidence,sufficient,insufficient_evidence,insufficient_evidence,sufficient,insufficient_evidence
2018-07-02,0.0,0.0,0.0,0.0,0.0,0.0,0.0,1,8,163,1,147,2,4,9,0,insufficient_evidence,sufficient,insufficient_evidence,insufficient_evidence,sufficient,insufficient_evidence
2018-07-03,0.0,0.0,0.0,0.0,0.0,0.0,0.0,1,8,163,1,147,2,4,9,0,insufficient_evidence,sufficient,insufficient_evidence,insufficient_evidence,sufficient,insufficient_evidence
2018-07-04,0.0,0.0,0.0,0.0,0.0,0.0,0.0,1,8,163,1,147,2,4,9,0,insufficient_evidence,sufficient,insufficient_evidence,insufficient_evidence,sufficient,insufficient_evidence
2018-07-05,0.0,0.0,0.0,0.0,0.0,0.0,0.0,1,8,163,1,147,2,4,9,0,insufficient_evidence,sufficient,insufficient_evidence,insufficient_evidence,sufficient,insufficient_evidence
2018-07-06,0.0,0.0,0.0,0.0,0.0,0.0,0.0,1,8,163,1,147,2,4,9,0,insufficient_evidence,sufficient,insufficient_evidence,insufficient_evidence,sufficient,insufficient_evidence
2018-07-09,0.0,0.0,0.0,0.0,0.0,0.0,0.0,1,8,163,1,147,2,4,9,0,insufficient_evidence,sufficient,insufficient_evidence,insufficient_evidence,sufficient,insufficient_evidence
2018-07-10,0.0,0.0,0.0,0.0,0.0,0.0,0.0,1,8,163,1,147,2,4,9,0,insufficient_evidence,sufficient,insufficient_evidence,insufficient_evidence,sufficient,insufficient_evidence
2018-07-11,0.0,0.0,0.0,0.0,0.0,0.0,0.0,1,8,163,1,147,2,4,9,0,insufficient_evidence,sufficient,insufficient_evidence,insufficient_evidence,sufficient,insufficient_evidence
2018-07-12,0.0,0.0,0.0,0.0,0.0,0.0,0.0,1,8,163,1,147,2,4,9,0,insufficient_evidence,sufficient,insufficient_evidence,insufficient_evidence,sufficient,insufficient_evidence
2018-07-13,0.0,0.0,0.0,0.0,0.0,0.0,0.0,1,8,163,1,147,2,4,9,0,insufficient_evidence,sufficient,insufficient_evidence,insufficient_evidence,sufficient,insufficient_evidence
2018-07-16,0.0,-0.585,0.0,0.0,0.0,0.0,0.0,1,8,164,1,148,2,4,9,0,insufficient_evidence,sufficient,insufficient_evidence,insufficient_evidence,sufficient,insufficient_evidence
2018-07-17,0.0,-0.585,0.0,0.0,0.0,0.0,0.0,2,8,164,1,148,2,4,9,0,insufficient_evidence,sufficient,insufficient_evidence,insufficient_evidence,sufficient,insufficient_evidence
2018-07-18,0.0,-0.585,0.0,0.0,0.0,0.0,0.0,2,8,164,1,148,2,4,9,0,insufficient_evidence,sufficient,insufficient_evidence,insufficient_evidence,sufficient,insufficient_evidence
2018-07-19,0.0,-0.585,0.0,0.0,0.0,0.0,0.0,2,8,164,1,148,2,4,9,0,insufficient_evidence,sufficient,insufficient_evidence,insufficient_evidence,sufficient,insufficient_evidence
2018-07-20,0.0,-0.585,0.0,0.0,0.0,0.0,0.0,2,8,164,1,148,2,4,9,0,insufficient_evidence,sufficient,insufficient_evidence,insufficient_evidence,sufficient,insufficient_evidence
2018-07-23,0.0,-0.585,0.0,0.0,0.0,0.0,0.0,2,8,165,1,149,2,4,9,0,insufficient_evidence,sufficient,insufficient_evidence,insufficient_evidence,sufficient,insufficient_evidence
2018-07-24,0.0,-0.585,0.0,0.0,0.0,0.0,0.0,1,8,165,1,149,2,4,9,0,insufficient_evidence,sufficient,insufficient_evidence,insufficient_evidence,sufficient,insufficient_evidence
2018-07-25,0.0,-0.585,0.0,0.0,0.0,0.0,0.0,1,8,165,1,149,2,4,9,0,insufficient_evidence,sufficient,insufficient_evidence,insufficient_evidence,sufficient,insufficient_evidence
2018-07-26,0.0,-0.585,0.0,0.0,0.0,0.0,0.0,1,8,165,1,149,2,4,9,0,insufficient_evidence,sufficient,insufficient_evidence,insufficient_evidence,sufficient,insufficient_evidence
2018-07-27,0.0,-0.585,0.0,0.0,0.0,0.0,0.0,1,8,165,1,149,2,4,9,0,insufficient_evidence,sufficient,insufficient_evidence,insufficient_evidence,sufficient,insufficient_evidence
2018-07-30,0.0,-0.585,0.0,0.0,0.0,0.0,0.0,1,8,166,1,150,2,4,9,0,insufficient_evidence,sufficient,insufficient_evidence,insufficient_evidence,sufficient,insufficient_evidence
2018-07-31,0.0,-0.585,0.0,0.0,0.0,0.0,0.0,1,8,166,1,150,2,4,9,0,insufficient_evidence,sufficient,insufficient_evidence,insufficient_evidence,sufficient,insufficient_evidence
2018-08-01,0.0,-0.585,0.0,0.0,0.0,0.0,0.0,1,8,166,1,150,2,4,9,0,insufficient_evidence,sufficient,insufficient_evidence,insufficient_evidence,sufficient,insufficient_evidence
2018-08-02,0.0,-0.585,0.0,0.0,0.0,0.0,0.0,1,8,166,1,150,2,4,9,0,insufficient_evidence,sufficient,insufficient_evidence,insufficient_evidence,sufficient,insufficient_evidence
2018-08-03,0.0,-0.585,0.0,0.0,0.0,0.0,0.0,1,8,166,1,150,2,4,9,0,insufficient_evidence,sufficient,insufficient_evidence,insufficient_evidence,sufficient,insufficient_evidence
2018-08-06,0.0,0.0,0.0,0.0,0.0,0.0,0.0,1,8,166,1,150,2,4,9,0,insufficient_evidence,sufficient,insufficient_evidence,insufficient_evidence,sufficient,insufficient_evidence
2018-08-07,0.0,0.0,0.0,0.0,0.0,0.0,0.0,1,8,166,1,150,2,4,9,0,insufficient_evidence,sufficient,insufficient_evidence,insufficient_evidence,sufficient,insufficient_evidence
2018-08-08,0.0,0.0,0.0,0.0,0.0,0.0,0.0,1,8,166,1,150,2,4,9,0,insufficient_evidence,sufficient,insufficient_evidence,insufficient_evidence,sufficient,insufficient_evidence
2018-08-09,0.0,0.0,0.0,0.0,0.0,0.0,0.0,1,8,166,1,150,2,4,9,0,insufficient_evidence,sufficient,insufficient_evidence,insufficient_evidence,sufficient,insufficient_evidence
2018-08-10,0.0,0.0,0.0,0.0,0.0,0.0,0.0,2,8,166,1,150,2,4,9,0,insufficient_evidence,sufficient,insufficient_evidence,insufficient_evidence,sufficient,insufficient_evidence
2018-08-13,0.0,-0.585,0.0,0.0,0.0,0.0,0.0,2,8,167,1,151,2,4,9,0,insufficient_evidence,sufficient,insufficient_evidence,insufficient_evidence,sufficient,insufficient_evidence
2018-08-14,0.0,-0.585,0.0,0.0,0.0,0.0,0.0,2,8,167,1,151,2,4,9,0,insufficient_evidence,sufficient,insufficient_evidence,insufficient_evidence,sufficient,insufficient_evidence
2018-08-15,0.0,-0.585,0.0,0.0,0.0,0.0,0.0,3,8,167,1,151,2,4,9,0,insufficient_evidence,sufficient,insufficient_evidence,insufficient_evidence,sufficient,insufficient_evidence
2018-08-16,0.0,-0.585,0.0,0.0,0.0,0.0,0.0,3,8,167,1,151,2,4,9,0,insufficient_evidence,sufficient,insufficient_evidence,insufficient_evidence,sufficient,insufficient_evidence
2018-08-17,0.0,-0.585,0.0,0.0,0.0,0.0,0.0,2,8,167,1,151,2,4,9,0,insufficient_evidence,sufficient,insufficient_evidence,insufficient_evidence,sufficient,insufficient_evidence
2018-08-20,0.0,-0.585,0.0,0.0,0.0,0.0,0.0,2,8,168,1,152,2,4,9,0,insufficient_evidence,sufficient,insufficient_evidence,insufficient_evidence,sufficient,insufficient_evidence
2018-08-21,0.0,-0.585,0.0,0.0,0.0,0.0,0.0,2,8,168,1,152,2,4,9,0,insufficient_evidence,sufficient,insufficient_evidence,insufficient_evidence,sufficient,insufficient_evidence
2018-08-22,0.0,-0.585,0.0,0.0,0.0,0.0,0.0,1,8,168,1,152,2,4,9,0,insufficient_evidence,sufficient,insufficient_evidence,insufficient_evidence,sufficient,insufficient_evidence
2018-08-23,0.0,-0.585,0.0,0.0,0.0,0.0,0.0,1,8,168,1,152,2,4,9,0,insufficient_evidence,sufficient,insufficient_evidence,insufficient_evidence,sufficient,insufficient_evidence
2018-08-24,0.0,-0.585,0.0,0.0,0.0,0.0,0.0,1,8,168,1,152,2,4,9,0,insufficient_evidence,sufficient,insufficient_evidence,insufficient_evidence,sufficient,insufficient_evidence
2018-08-27,0.0,-0.585,0.0,0.0,0.0,0.0,0.0,1,8,169,1,153,2,4,9,0,insufficient_evidence,sufficient,insufficient_evidence,insufficient_evidence,sufficient,insufficient_evidence
2018-08-28,0.0,-0.585,0.0,0.0,0.0,0.0,0.0,1,8,169,1,153,2,4,9,0,insufficient_evidence,sufficient,insufficient_evidence,insufficient_evidence,sufficient,insufficient_evidence
2018-08-29,0.0,-0.585,0.0,0.0,0.0,0.0,0.0,1,8,169,1,153,2,4,9,0,insufficient_evidence,sufficient,insufficient_evidence,insufficient_evidence,sufficient,insufficient_evidence
2018-08-30,0.0,-0.585,0.0,0.0,0.0,0.0,0.0,1,8,169,1,153,2,4,9,0,insufficient_evidence,sufficient,insufficient_evidence,insufficient_evidence,sufficient,insufficient_evidence
2018-08-31,0.0,-0.585,0.0,0.0,0.0,0.0,0.0,1,8,169,1,153,2,4,9,0,insufficient_evidence,sufficient,insufficient_evidence,insufficient_evidence,sufficient,insufficient_evidence
2018-09-03,0.0,0.0,0.0,0.0,0.0,0.0,0.0,1,8,169,1,153,2,4,9,0,insufficient_evidence,sufficient,insufficient_evidence,insufficient_evidence,sufficient,insufficient_evidence
2018-09-04,0.0,0.0,0.0,0.0,0.0,0.0,0.0,1,8,169,1,153,2,4,9,0,insufficient_evidence,sufficient,insufficient_evidence,insufficient_evidence,sufficient,insufficient_evidence
2018-09-05,0.0,0.0,0.0,0.0,0.0,0.0,0.0,1,8,169,1,153,2,4,9,0,insufficient_evidence,sufficient,insufficient_evidence,insufficient_evidence,sufficient,insufficient_evidence
2018-09-06,0.0,0.0,0.0,0.0,0.0,0.0,0.0,1,8,169,1,153,2,4,9,0,insufficient_evidence,sufficient,insufficient_evidence,insufficient_evidence,sufficient,insufficient_evidence
2018-09-07,0.0,0.0,0.0,0.0,0.0,0.0,0.0,1,8,169,1,153,2,4,9,0,insufficient_evidence,sufficient,insufficient_evidence,insufficient_evidence,sufficient,insufficient_evidence
2018-09-10,0.0,-0.585,0.0,0.0,0.0,0.0,0.0,1,8,170,1,154,2,4,9,0,insufficient_evidence,sufficient,insufficient_evidence,insufficient_evidence,sufficient,insufficient_evidence
2018-09-11,0.0,-0.585,0.0,0.0,0.0,0.0,0.0,1,8,170,1,154,2,4,9,0,insufficient_evidence,sufficient,insufficient_evidence,insufficient_evidence,sufficient,insufficient_evidence
2018-09-12,0.0,-0.585,0.0,0.0,0.0,0.0,0.0,1,8,170,1,154,2,4,9,0,insufficient_evidence,sufficient,insufficient_evidence,insufficient_evidence,sufficient,insufficient_evidence
2018-09-13,0.0,-0.585,0.0,0.0,0.0,0.0,0.0,1,8,170,1,154,2,4,9,0,insufficient_evidence,sufficient,insufficient_evidence,insufficient_evidence,sufficient,insufficient_evidence
2018-09-14,0.0,-0.585,0.0,0.0,0.0,0.0,0.0,1,8,170,1,154,2,4,9,0,insufficient_evidence,sufficient,insufficient_evidence,insufficient_evidence,sufficient,insufficient_evidence
2018-09-17,0.0,-0.585,0.0,0.0,0.0,0.0,0.0,2,8,171,1,155,2,4,9,0,insufficient_evidence,sufficient,insufficient_evidence,insufficient_evidence,sufficient,insufficient_evidence
2018-09-18,0.0,-0.585,0.0,0.0,0.0,0.0,0.0,2,8,171,1,155,2,4,9,0,insufficient_evidence,sufficient,insufficient_evidence,insufficient_evidence,sufficient,insufficient_evidence
2018-09-19,0.0,-0.585,0.0,0.0,0.0,0.0,0.0,2,8,171,1,155,2,4,9,0,insufficient_evidence,sufficient,insufficient_evidence,insufficient_evidence,sufficient,insufficient_evidence
2018-09-20,0.0,-0.585,0.0,0.0,0.0,0.0,0.0,2,8,171,1,155,2,4,9,0,insufficient_evidence,sufficient,insufficient_evidence,insufficient_evidence,sufficient,insufficient_evidence
2018-09-21,0.0,-0.585,0.0,0.0,0.0,0.0,0.0,2,8,171,1,155,2,4,9,0,insufficient_evidence,sufficient,insufficient_evidence,insufficient_evidence,sufficient,insufficient_evidence
2018-09-25,0.0,-0.585,0.0,0.0,0.0,0.0,0.0,1,8,172,1,156,2,4,9,0,insufficient_evidence,sufficient,insufficient_evidence,insufficient_evidence,sufficient,insufficient_evidence
2018-09-26,0.0,-0.585,0.0,0.0,0.0,0.0,0.0,1,8,172,1,156,2,4,9,0,insufficient_evidence,sufficient,insufficient_evidence,insufficient_evidence,sufficient,insufficient_evidence
2018-09-27,0.0,-0.585,0.0,0.0,0.0,0.0,0.0,1,8,172,1,156,2,4,9,0,insufficient_evidence,sufficient,insufficient_evidence,insufficient_evidence,sufficient,insufficient_evidence
2018-09-28,0.0,-0.585,0.0,0.0,0.0,0.0,0.0,1,8,172,1,156,2,4,9,0,insufficient_evidence,sufficient,insufficient_evidence,insufficient_evidence,sufficient,insufficient_evidence
2018-09-29,0.0,-0.585,0.0,0.0,0.0,0.0,0.0,1,8,172,1,156,2,4,9,0,insufficient_evidence,sufficient,insufficient_evidence,insufficient_evidence,sufficient,insufficient_evidence
2018-09-30,0.0,0.0,0.0,0.0,0.0,0.0,0.0,0,8,172,1,156,2,4,9,0,insufficient_evidence,sufficient,insufficient_evidence,insufficient_evidence,sufficient,insufficient_evidence
2018-10-08,0.0,-0.585,0.0,0.0,0.0,0.0,0.0,1,8,173,1,157,2,4,9,0,insufficient_evidence,sufficient,insufficient_evidence,insufficient_evidence,sufficient,insufficient_evidence
2018-10-09,0.0,-0.585,0.0,0.0,0.0,0.0,0.0,1,8,173,1,157,2,4,9,0,insufficient_evidence,sufficient,insufficient_evidence,insufficient_evidence,sufficient,insufficient_evidence
2018-10-10,0.0,-0.585,0.0,0.0,0.0,0.0,0.0,1,8,173,1,157,2,4,9,0,insufficient_evidence,sufficient,insufficient_evidence,insufficient_evidence,sufficient,insufficient_evidence
2018-10-11,0.0,-0.585,0.0,0.0,0.0,0.0,0.0,1,8,173,1,157,2,4,9,0,insufficient_evidence,sufficient,insufficient_evidence,insufficient_evidence,sufficient,insufficient_evidence
2018-10-12,0.0,-0.585,0.0,0.0,0.0,0.0,0.0,1,8,173,1,157,2,4,9,0,insufficient_evidence,sufficient,insufficient_evidence,insufficient_evidence,sufficient,insufficient_evidence
2018-10-15,0.0,-0.585,0.0,0.0,0.0,0.0,0.0,1,8,174,1,158,2,4,9,0,insufficient_evidence,sufficient,insufficient_evidence,insufficient_evidence,sufficient,insufficient_evidence
2018-10-16,0.0,-0.585,0.0,0.0,0.0,0.0,0.0,1,8,174,1,158,2,4,9,0,insufficient_evidence,sufficient,insufficient_evidence,insufficient_evidence,sufficient,insufficient_evidence
2018-10-17,0.0,-0.585,0.0,0.0,0.0,0.0,0.0,1,8,174,1,158,2,4,9,0,insufficient_evidence,sufficient,insufficient_evidence,insufficient_evidence,sufficient,insufficient_evidence
2018-10-18,0.0,-0.585,0.0,0.0,0.0,0.0,0.0,1,8,174,1,158,2,4,9,0,insufficient_evidence,sufficient,insufficient_evidence,insufficient_evidence,sufficient,insufficient_evidence
2018-10-19,0.0,-0.585,0.0,0.0,0.0,0.0,0.0,1,8,174,1,158,2,4,9,0,insufficient_evidence,sufficient,insufficient_evidence,insufficient_evidence,sufficient,insufficient_evidence
2018-10-22,0.0,-0.585,0.0,0.0,0.0,0.0,0.0,2,8,175,1,159,2,4,9,0,insufficient_evidence,sufficient,insufficient_evidence,insufficient_evidence,sufficient,insufficient_evidence
2018-10-23,0.0,-0.585,0.0,0.0,0.0,0.0,0.0,2,8,175,1,159,2,4,9,0,insufficient_evidence,sufficient,insufficient_evidence,insufficient_evidence,sufficient,insufficient_evidence
2018-10-24,0.0,-0.585,0.0,0.0,0.0,0.0,0.0,2,8,175,1,159,2,4,9,0,insufficient_evidence,sufficient,insufficient_evidence,insufficient_evidence,sufficient,insufficient_evidence
2018-10-25,0.0,-0.585,0.0,0.0,0.0,0.0,0.0,2,8,175,1,159,2,4,9,0,insufficient_evidence,sufficient,insufficient_evidence,insufficient_evidence,sufficient,insufficient_evidence
2018-10-26,0.0,-0.585,0.0,0.0,0.0,0.0,0.0,2,8,175,1,159,2,4,9,0,insufficient_evidence,sufficient,insufficient_evidence,insufficient_evidence,sufficient,insufficient_evidence
2018-10-29,0.0,-0.585,0.0,0.0,0.0,0.0,0.0,1,8,176,1,160,2,4,9,0,insufficient_evidence,sufficient,insufficient_evidence,insufficient_evidence,sufficient,insufficient_evidence
2018-10-30,0.0,-0.585,0.0,0.0,0.0,0.0,0.0,1,8,176,1,160,2,4,9,0,insufficient_evidence,sufficient,insufficient_evidence,insufficient_evidence,sufficient,insufficient_evidence
2018-10-31,0.0,-0.585,0.0,0.0,0.0,0.0,0.0,1,8,176,1,160,2,4,9,0,insufficient_evidence,sufficient,insufficient_evidence,insufficient_evidence,sufficient,insufficient_evidence
2018-11-01,0.0,-0.585,0.0,0.0,0.0,0.0,0.0,1,8,176,1,160,2,4,9,0,insufficient_evidence,sufficient,insufficient_evidence,insufficient_evidence,sufficient,insufficient_evidence
2018-11-02,0.0,-0.585,0.0,0.0,0.0,0.0,0.0,1,8,176,1,160,2,4,9,0,insufficient_evidence,sufficient,insufficient_evidence,insufficient_evidence,sufficient,insufficient_evidence
2018-11-05,0.0,-0.585,0.0,0.0,0.0,0.0,0.0,1,8,177,1,161,2,4,9,0,insufficient_evidence,sufficient,insufficient_evidence,insufficient_evidence,sufficient,insufficient_evidence
2018-11-06,0.0,-0.585,0.0,0.0,0.0,0.0,0.0,1,8,177,1,161,2,4,9,0,insufficient_evidence,sufficient,insufficient_evidence,insufficient_evidence,sufficient,insufficient_evidence
2018-11-07,0.0,-0.585,0.0,0.0,0.0,0.0,0.0,1,8,177,1,161,2,4,9,0,insufficient_evidence,sufficient,insufficient_evidence,insufficient_evidence,sufficient,insufficient_evidence
2018-11-08,0.0,-0.585,0.0,0.0,0.0,0.0,0.0,1,8,177,1,161,2,4,9,0,insufficient_evidence,sufficient,insufficient_evidence,insufficient_evidence,sufficient,insufficient_evidence
2018-11-09,0.0,-0.585,0.0,0.0,0.0,0.0,0.0,2,8,177,1,161,2,4,9,0,insufficient_evidence,sufficient,insufficient_evidence,insufficient_evidence,sufficient,insufficient_evidence
2018-11-12,0.0,-0.585,0.0,0.0,0.0,0.0,0.0,2,8,178,1,162,2,4,9,0,insufficient_evidence,sufficient,insufficient_evidence,insufficient_evidence,sufficient,insufficient_evidence
2018-11-13,0.0,-0.585,0.0,0.0,0.0,0.0,0.0,2,8,178,1,162,2,4,9,0,insufficient_evidence,sufficient,insufficient_evidence,insufficient_evidence,sufficient,insufficient_evidence
2018-11-14,0.0,-0.585,0.0,0.0,0.0,0.0,0.0,2,8,178,1,162,2,4,9,0,insufficient_evidence,sufficient,insufficient_evidence,insufficient_evidence,sufficient,insufficient_evidence
2018-11-15,0.0,-0.585,0.0,0.0,0.0,0.0,0.0,3,8,178,1,162,2,4,9,0,insufficient_evidence,sufficient,insufficient_evidence,insufficient_evidence,sufficient,insufficient_evidence
2018-11-16,0.0,-0.585,0.0,0.0,0.0,0.0,0.0,2,8,178,1,162,2,4,9,0,insufficient_evidence,sufficient,insufficient_evidence,insufficient_evidence,sufficient,insufficient_evidence
2018-11-19,0.0,0.0,0.0,0.0,0.0,0.0,0.0,2,8,178,1,162,2,4,9,0,insufficient_evidence,sufficient,insufficient_evidence,insufficient_evidence,sufficient,insufficient_evidence
2018-11-20,0.0,0.0,0.0,0.0,0.0,0.0,0.0,2,8,178,1,162,2,4,9,0,insufficient_evidence,sufficient,insufficient_evidence,insufficient_evidence,sufficient,insufficient_evidence
2018-11-21,0.0,0.0,0.0,0.0,0.0,0.0,0.0,2,8,178,1,162,2,4,9,0,insufficient_evidence,sufficient,insufficient_evidence,insufficient_evidence,sufficient,insufficient_evidence
2018-11-22,0.0,0.0,0.0,0.0,0.0,0.0,0.0,1,8,178,1,162,2,4,9,0,insufficient_evidence,sufficient,insufficient_evidence,insufficient_evidence,sufficient,insufficient_evidence
2018-11-23,0.0,0.0,0.0,0.0,0.0,0.0,0.0,1,8,178,1,162,2,4,9,0,insufficient_evidence,sufficient,insufficient_evidence,insufficient_evidence,sufficient,insufficient_evidence
2018-11-26,0.0,-0.585,0.0,0.0,0.0,0.0,0.0,1,8,179,1,163,2,4,9,0,insufficient_evidence,sufficient,insufficient_evidence,insufficient_evidence,sufficient,insufficient_evidence
2018-11-27,0.0,-0.585,0.0,0.0,0.0,0.0,0.0,1,8,179,1,163,2,4,9,0,insufficient_evidence,sufficient,insufficient_evidence,insufficient_evidence,sufficient,insufficient_evidence
2018-11-28,0.0,-0.585,0.0,0.0,0.0,0.0,0.0,1,8,179,1,163,2,4,9,0,insufficient_evidence,sufficient,insufficient_evidence,insufficient_evidence,sufficient,insufficient_evidence
2018-11-29,0.0,-0.585,0.0,0.0,0.0,0.0,0.0,1,8,179,1,163,2,4,9,0,insufficient_evidence,sufficient,insufficient_evidence,insufficient_evidence,sufficient,insufficient_evidence
2018-11-30,0.0,-0.585,0.0,0.0,0.0,0.0,0.0,1,8,179,1,163,2,4,9,0,insufficient_evidence,sufficient,insufficient_evidence,insufficient_evidence,sufficient,insufficient_evidence
2018-12-03,0.0,-0.585,0.0,0.0,0.0,0.0,0.0,1,8,180,1,164,2,4,9,0,insufficient_evidence,sufficient,insufficient_evidence,insufficient_evidence,sufficient,insufficient_evidence
2018-12-04,0.0,-0.585,0.0,0.0,0.0,0.0,0.0,1,8,180,1,164,2,4,9,0,insufficient_evidence,sufficient,insufficient_evidence,insufficient_evidence,sufficient,insufficient_evidence
2018-12-05,0.0,-0.585,0.0,0.0,0.0,0.0,0.0,1,8,180,1,164,2,4,9,0,insufficient_evidence,sufficient,insufficient_evidence,insufficient_evidence,sufficient,insufficient_evidence
2018-12-06,0.0,-0.585,0.0,0.0,0.0,0.0,0.0,1,8,180,1,164,2,4,9,0,insufficient_evidence,sufficient,insufficient_evidence,insufficient_evidence,sufficient,insufficient_evidence
2018-12-07,0.0,-0.585,0.0,0.0,0.0,0.0,0.0,1,8,180,1,164,2,4,9,0,insufficient_evidence,sufficient,insufficient_evidence,insufficient_evidence,sufficient,insufficient_evidence
2018-12-10,0.0,-0.585,0.0,0.0,0.0,0.0,0.0,1,8,181,1,165,2,4,9,0,insufficient_evidence,sufficient,insufficient_evidence,insufficient_evidence,sufficient,insufficient_evidence
2018-12-11,0.0,-0.585,0.0,0.0,0.0,0.0,0.0,1,8,181,1,165,2,4,9,0,insufficient_evidence,sufficient,insufficient_evidence,insufficient_evidence,sufficient,insufficient_evidence
2018-12-12,0.0,-0.585,0.0,0.0,0.0,0.0,0.0,1,8,181,1,165,2,4,9,0,insufficient_evidence,sufficient,insufficient_evidence,insufficient_evidence,sufficient,insufficient_evidence
2018-12-13,0.0,-0.585,0.0,0.0,0.0,0.0,0.0,1,8,181,1,165,2,4,9,0,insufficient_evidence,sufficient,insufficient_evidence,insufficient_evidence,sufficient,insufficient_evidence
2018-12-14,0.0,-0.585,0.0,0.0,0.0,0.0,0.0,1,8,181,1,165,2,4,9,0,insufficient_evidence,sufficient,insufficient_evidence,insufficient_evidence,sufficient,insufficient_evidence
2018-12-17,0.0,-0.585,0.0,0.0,0.0,0.0,0.0,2,8,182,1,166,2,4,9,0,insufficient_evidence,sufficient,insufficient_evidence,insufficient_evidence,sufficient,insufficient_evidence
2018-12-18,0.0,-0.585,0.0,0.0,0.0,0.0,0.0,2,8,182,1,166,2,4,9,0,insufficient_evidence,sufficient,insufficient_evidence,insufficient_evidence,sufficient,insufficient_evidence
2018-12-19,0.0,-0.585,0.0,0.0,0.0,0.0,0.0,2,8,182,1,166,2,4,9,0,insufficient_evidence,sufficient,insufficient_evidence,insufficient_evidence,sufficient,insufficient_evidence
2018-12-20,0.0,-0.585,0.0,0.0,0.0,0.0,0.0,2,8,182,1,166,2,4,9,0,insufficient_evidence,sufficient,insufficient_evidence,insufficient_evidence,sufficient,insufficient_evidence
2018-12-21,0.0,-0.585,0.0,0.0,0.0,0.0,0.0,2,8,182,1,166,2,4,9,0,insufficient_evidence,sufficient,insufficient_evidence,insufficient_evidence,sufficient,insufficient_evidence
2018-12-24,0.0,-0.585,0.0,0.0,0.0,0.0,0.0,1,8,183,1,167,2,4,9,0,insufficient_evidence,sufficient,insufficient_evidence,insufficient_evidence,sufficient,insufficient_evidence
2018-12-25,0.0,-0.585,0.0,0.0,0.0,0.0,0.0,1,8,183,1,167,2,4,9,0,insufficient_evidence,sufficient,insufficient_evidence,insufficient_evidence,sufficient,insufficient_evidence
2018-12-26,0.0,-0.585,0.0,0.0,0.0,0.0,0.0,1,8,183,1,167,2,4,9,0,insufficient_evidence,sufficient,insufficient_evidence,insufficient_evidence,sufficient,insufficient_evidence
2018-12-27,0.0,-0.585,0.0,0.0,0.0,0.0,0.0,1,8,183,1,167,2,4,9,0,insufficient_evidence,sufficient,insufficient_evidence,insufficient_evidence,sufficient,insufficient_evidence
2018-12-28,0.0,-0.585,0.0,0.0,0.0,0.0,0.0,1,8,183,1,167,2,4,9,0,insufficient_evidence,sufficient,insufficient_evidence,insufficient_evidence,sufficient,insufficient_evidence
2018-12-29,0.0,0.0,0.0,0.0,0.0,0.0,0.0,0,8,183,1,167,2,4,9,0,insufficient_evidence,sufficient,insufficient_evidence,insufficient_evidence,sufficient,insufficient_evidence
2019-01-02,0.0,-0.585,0.0,0.0,0.0,0.0,0.0,1,8,184,1,168,2,4,9,0,insufficient_evidence,sufficient,insufficient_evidence,insufficient_evidence,sufficient,insufficient_evidence
2019-01-03,0.0,-0.585,0.0,0.0,0.0,0.0,0.0,1,8,184,1,168,2,4,9,0,insufficient_evidence,sufficient,insufficient_evidence,insufficient_evidence,sufficient,insufficient_evidence
2019-01-04,0.0,-0.585,0.0,0.0,0.0,0.0,0.0,1,8,184,1,168,2,4,9,0,insufficient_evidence,sufficient,insufficient_evidence,insufficient_evidence,sufficient,insufficient_evidence
2019-01-07,0.0,-0.585,0.0,0.0,0.0,0.0,0.0,2,8,184,1,168,2,4,9,0,insufficient_evidence,sufficient,insufficient_evidence,insufficient_evidence,sufficient,insufficient_evidence
2019-01-08,0.0,-0.585,0.0,0.0,0.0,0.0,0.0,2,8,184,1,168,2,4,9,0,insufficient_evidence,sufficient,insufficient_evidence,insufficient_evidence,sufficient,insufficient_evidence
2019-01-09,0.0,0.0,0.0,0.0,0.0,0.0,0.0,1,8,184,1,168,2,4,9,0,insufficient_evidence,sufficient,insufficient_evidence,insufficient_evidence,sufficient,insufficient_evidence
2019-01-10,0.0,0.0,0.0,0.0,0.0,0.0,0.0,1,8,184,1,168,2,4,9,0,insufficient_evidence,sufficient,insufficient_evidence,insufficient_evidence,sufficient,insufficient_evidence
2019-01-11,0.0,0.0,0.0,0.0,0.0,0.0,0.0,1,8,184,1,168,2,4,9,0,insufficient_evidence,sufficient,insufficient_evidence,insufficient_evidence,sufficient,insufficient_evidence
2019-01-14,0.0,-0.585,0.0,0.0,0.0,0.0,0.0,1,8,185,1,169,2,4,9,0,insufficient_evidence,sufficient,insufficient_evidence,insufficient_evidence,sufficient,insufficient_evidence
2019-01-15,0.0,-0.585,0.0,0.0,0.0,0.0,0.0,1,8,185,1,169,2,4,9,0,insufficient_evidence,sufficient,insufficient_evidence,insufficient_evidence,sufficient,insufficient_evidence
2019-01-16,0.0,-0.585,0.0,0.0,0.0,0.0,0.0,1,8,185,1,169,2,4,9,0,insufficient_evidence,sufficient,insufficient_evidence,insufficient_evidence,sufficient,insufficient_evidence
2019-01-17,0.0,-0.585,0.0,0.0,0.0,0.0,0.0,1,8,185,1,169,2,4,9,0,insufficient_evidence,sufficient,insufficient_evidence,insufficient_evidence,sufficient,insufficient_evidence
2019-01-18,0.0,-0.585,0.0,0.0,0.0,0.0,0.0,1,8,185,1,169,2,4,9,0,insufficient_evidence,sufficient,insufficient_evidence,insufficient_evidence,sufficient,insufficient_evidence
2019-01-21,0.0,0.0,0.0,0.0,0.0,0.0,0.0,1,8,185,1,169,2,4,9,0,insufficient_evidence,sufficient,insufficient_evidence,insufficient_evidence,sufficient,insufficient_evidence
2019-01-22,0.0,0.0,0.0,0.0,0.0,0.0,0.0,2,8,185,1,169,2,4,9,0,insufficient_evidence,sufficient,insufficient_evidence,insufficient_evidence,sufficient,insufficient_evidence
2019-01-23,0.0,0.0,0.0,0.0,0.0,0.0,0.0,2,8,185,1,169,2,4,9,0,insufficient_evidence,sufficient,insufficient_evidence,insufficient_evidence,sufficient,insufficient_evidence
2019-01-24,0.0,0.0,0.0,0.0,0.0,0.0,0.0,2,8,185,1,169,2,4,9,0,insufficient_evidence,sufficient,insufficient_evidence,insufficient_evidence,sufficient,insufficient_evidence
2019-01-25,0.0,0.0,0.0,0.0,0.0,0.0,0.0,2,8,185,1,169,2,4,9,0,insufficient_evidence,sufficient,insufficient_evidence,insufficient_evidence,sufficient,insufficient_evidence
2019-01-28,0.0,-0.585,0.0,0.0,0.0,0.0,0.0,2,8,186,1,170,2,4,9,0,insufficient_evidence,sufficient,insufficient_evidence,insufficient_evidence,sufficient,insufficient_evidence
2019-01-29,0.0,-0.585,0.0,0.0,0.0,0.0,0.0,1,8,186,1,170,2,4,9,0,insufficient_evidence,sufficient,insufficient_evidence,insufficient_evidence,sufficient,insufficient_evidence
2019-01-30,0.0,-0.585,0.0,0.0,0.0,0.0,0.0,1,8,186,1,170,2,4,9,0,insufficient_evidence,sufficient,insufficient_evidence,insufficient_evidence,sufficient,insufficient_evidence
2019-01-31,0.0,-0.585,0.0,0.0,0.0,0.0,0.0,1,8,186,1,170,2,4,9,0,insufficient_evidence,sufficient,insufficient_evidence,insufficient_evidence,sufficient,insufficient_evidence
2019-02-01,0.0,-0.585,0.0,0.0,0.0,0.0,0.0,1,8,186,1,170,2,4,9,0,insufficient_evidence,sufficient,insufficient_evidence,insufficient_evidence,sufficient,insufficient_evidence
2019-02-02,0.0,0.0,0.0,0.0,0.0,0.0,0.0,0,8,186,1,170,2,4,9,0,insufficient_evidence,sufficient,insufficient_evidence,insufficient_evidence,sufficient,insufficient_evidence
2019-02-03,0.0,0.0,0.0,0.0,0.0,0.0,0.0,0,8,186,1,170,2,4,9,0,insufficient_evidence,sufficient,insufficient_evidence,insufficient_evidence,sufficient,insufficient_evidence
2019-02-11,0.0,-0.585,0.0,0.0,0.0,0.0,0.0,1,8,187,1,171,2,4,9,0,insufficient_evidence,sufficient,insufficient_evidence,insufficient_evidence,sufficient,insufficient_evidence
2019-02-12,0.0,-0.585,0.0,0.0,0.0,0.0,0.0,1,8,187,1,171,2,4,9,0,insufficient_evidence,sufficient,insufficient_evidence,insufficient_evidence,sufficient,insufficient_evidence
2019-02-13,0.0,-0.585,0.0,0.0,0.0,0.0,0.0,1,8,187,1,171,2,4,9,0,insufficient_evidence,sufficient,insufficient_evidence,insufficient_evidence,sufficient,insufficient_evidence
2019-02-14,0.0,-0.585,0.0,0.0,0.0,0.0,0.0,1,8,187,1,171,2,4,9,0,insufficient_evidence,sufficient,insufficient_evidence,insufficient_evidence,sufficient,insufficient_evidence
2019-02-15,0.0,-0.585,0.0,0.0,0.0,0.0,0.0,1,8,187,1,171,2,4,9,0,insufficient_evidence,sufficient,insufficient_evidence,insufficient_evidence,sufficient,insufficient_evidence
2019-02-18,0.0,0.0,0.0,0.0,0.0,0.0,0.0,1,8,189,1,173,2,4,9,0,insufficient_evidence,sufficient,insufficient_evidence,insufficient_evidence,sufficient,insufficient_evidence
2019-02-19,0.0,0.0,0.0,0.0,0.0,0.0,0.0,1,8,189,1,173,2,4,9,0,insufficient_evidence,sufficient,insufficient_evidence,insufficient_evidence,sufficient,insufficient_evidence
2019-02-20,0.0,0.0,0.0,0.0,0.0,0.0,0.0,1,8,189,1,173,2,4,9,0,insufficient_evidence,sufficient,insufficient_evidence,insufficient_evidence,sufficient,insufficient_evidence
2019-02-21,0.0,0.0,0.0,0.0,0.0,0.0,0.0,2,8,189,1,173,2,4,9,0,insufficient_evidence,sufficient,insufficient_evidence,insufficient_evidence,sufficient,insufficient_evidence
2019-02-22,0.0,0.0,0.0,0.0,0.0,0.0,0.0,2,8,189,1,173,2,4,9,0,insufficient_evidence,sufficient,insufficient_evidence,insufficient_evidence,sufficient,insufficient_evidence
2019-02-25,0.0,-0.585,0.0,0.0,0.0,0.0,0.0,2,8,190,1,174,2,4,9,0,insufficient_evidence,sufficient,insufficient_evidence,insufficient_evidence,sufficient,insufficient_evidence
2019-02-26,0.0,-0.585,0.0,0.0,0.0,0.0,0.0,2,8,190,1,174,2,4,9,0,insufficient_evidence,sufficient,insufficient_evidence,insufficient_evidence,sufficient,insufficient_evidence
2019-02-27,0.0,-0.585,0.0,0.0,0.0,0.0,0.0,2,8,190,1,174,2,4,9,0,insufficient_evidence,sufficient,insufficient_evidence,insufficient_evidence,sufficient,insufficient_evidence
2019-02-28,0.0,-0.585,0.0,0.0,0.0,0.0,0.0,1,8,190,1,174,2,4,9,0,insufficient_evidence,sufficient,insufficient_evidence,insufficient_evidence,sufficient,insufficient_evidence
2019-03-01,0.0,-0.585,0.0,0.0,0.0,0.0,0.0,1,8,190,1,174,2,4,9,0,insufficient_evidence,sufficient,insufficient_evidence,insufficient_evidence,sufficient,insufficient_evidence
2019-03-04,0.0,-0.585,0.0,0.0,0.0,0.0,0.0,1,8,191,1,175,2,4,9,0,insufficient_evidence,sufficient,insufficient_evidence,insufficient_evidence,sufficient,insufficient_evidence
2019-03-05,0.0,-0.585,0.0,0.0,0.0,0.0,0.0,1,8,191,1,175,2,4,9,0,insufficient_evidence,sufficient,insufficient_evidence,insufficient_evidence,sufficient,insufficient_evidence
2019-03-06,0.0,-0.585,0.0,0.0,0.0,0.0,0.0,1,8,191,1,175,2,4,9,0,insufficient_evidence,sufficient,insufficient_evidence,insufficient_evidence,sufficient,insufficient_evidence
2019-03-07,0.0,-0.585,0.0,0.0,0.0,0.0,0.0,1,8,191,1,175,2,4,9,0,insufficient_evidence,sufficient,insufficient_evidence,insufficient_evidence,sufficient,insufficient_evidence
2019-03-08,0.0,-0.585,0.0,0.0,0.0,0.0,0.0,1,8,191,1,175,2,4,9,0,insufficient_evidence,sufficient,insufficient_evidence,insufficient_evidence,sufficient,insufficient_evidence
2019-03-11,0.0,0.0,0.0,0.0,0.0,0.0,0.0,1,8,191,1,175,2,4,9,0,insufficient_evidence,sufficient,insufficient_evidence,insufficient_evidence,sufficient,insufficient_evidence
2019-03-12,0.0,0.0,0.0,0.0,0.0,0.0,0.0,1,8,191,1,175,2,4,9,0,insufficient_evidence,sufficient,insufficient_evidence,insufficient_evidence,sufficient,insufficient_evidence
2019-03-13,0.0,0.0,0.0,0.0,0.0,0.0,0.0,1,8,191,1,175,2,4,9,0,insufficient_evidence,sufficient,insufficient_evidence,insufficient_evidence,sufficient,insufficient_evidence
2019-03-14,0.0,0.0,0.0,0.0,0.0,0.0,0.0,1,8,191,1,175,2,4,9,0,insufficient_evidence,sufficient,insufficient_evidence,insufficient_evidence,sufficient,insufficient_evidence
2019-03-15,0.0,0.0,0.0,0.0,0.0,0.0,0.0,1,8,191,1,175,2,4,9,0,insufficient_evidence,sufficient,insufficient_evidence,insufficient_evidence,sufficient,insufficient_evidence
2019-03-18,0.0,-0.585,0.0,0.0,0.0,0.0,0.0,1,8,192,1,176,2,4,9,0,insufficient_evidence,sufficient,insufficient_evidence,insufficient_evidence,sufficient,insufficient_evidence
2019-03-19,0.0,-0.585,0.0,0.0,0.0,0.0,0.0,1,8,192,1,176,2,4,9,0,insufficient_evidence,sufficient,insufficient_evidence,insufficient_evidence,sufficient,insufficient_evidence
2019-03-20,0.0,-0.585,0.0,0.0,0.0,0.0,0.0,1,8,192,1,176,2,4,9,0,insufficient_evidence,sufficient,insufficient_evidence,insufficient_evidence,sufficient,insufficient_evidence
2019-03-21,0.0,-0.585,0.0,0.0,0.0,0.0,0.0,1,8,192,1,176,2,4,9,0,insufficient_evidence,sufficient,insufficient_evidence,insufficient_evidence,sufficient,insufficient_evidence
2019-03-22,0.0,-0.585,0.0,0.0,0.0,0.0,0.0,1,8,192,1,176,2,4,9,0,insufficient_evidence,sufficient,insufficient_evidence,insufficient_evidence,sufficient,insufficient_evidence
2019-03-25,0.0,0.0,0.0,0.0,0.0,0.0,0.0,1,8,192,1,176,2,4,9,0,insufficient_evidence,sufficient,insufficient_evidence,insufficient_evidence,sufficient,insufficient_evidence
2019-03-26,0.0,0.0,0.0,0.0,0.0,0.0,0.0,1,8,192,1,176,2,4,9,0,insufficient_evidence,sufficient,insufficient_evidence,insufficient_evidence,sufficient,insufficient_evidence
2019-03-27,0.0,0.0,0.0,0.0,0.0,0.0,0.0,1,8,192,1,176,2,4,9,0,insufficient_evidence,sufficient,insufficient_evidence,insufficient_evidence,sufficient,insufficient_evidence
2019-03-28,0.0,0.0,0.0,0.0,0.0,0.0,0.0,1,8,192,1,176,2,4,9,0,insufficient_evidence,sufficient,insufficient_evidence,insufficient_evidence,sufficient,insufficient_evidence
2019-03-29,0.0,0.0,0.0,0.0,0.0,0.0,0.0,1,8,192,1,176,2,4,9,0,insufficient_evidence,sufficient,insufficient_evidence,insufficient_evidence,sufficient,insufficient_evidence
2019-04-01,0.0,-0.585,0.0,0.0,0.0,0.0,0.0,1,8,193,1,177,2,4,9,0,insufficient_evidence,sufficient,insufficient_evidence,insufficient_evidence,sufficient,insufficient_evidence
2019-04-02,0.0,-0.585,0.0,0.0,0.0,0.0,0.0,1,8,193,1,177,2,4,9,0,insufficient_evidence,sufficient,insufficient_evidence,insufficient_evidence,sufficient,insufficient_evidence
2019-04-03,0.0,-0.585,0.0,0.0,0.0,0.0,0.0,1,8,193,1,177,2,4,9,0,insufficient_evidence,sufficient,insufficient_evidence,insufficient_evidence,sufficient,insufficient_evidence
2019-04-04,0.0,-0.585,0.0,0.0,0.0,0.0,0.0,1,8,193,1,177,2,4,9,0,insufficient_evidence,sufficient,insufficient_evidence,insufficient_evidence,sufficient,insufficient_evidence
2019-04-08,0.0,-0.585,0.0,0.0,0.0,0.0,0.0,2,8,193,1,177,2,4,9,0,insufficient_evidence,sufficient,insufficient_evidence,insufficient_evidence,sufficient,insufficient_evidence
2019-04-09,0.0,0.0,0.0,0.0,0.0,0.0,0.0,1,8,193,1,177,2,4,9,0,insufficient_evidence,sufficient,insufficient_evidence,insufficient_evidence,sufficient,insufficient_evidence
2019-04-10,0.0,0.0,0.0,0.0,0.0,0.0,0.0,1,8,193,1,177,2,4,9,0,insufficient_evidence,sufficient,insufficient_evidence,insufficient_evidence,sufficient,insufficient_evidence
2019-04-11,0.0,0.0,0.0,0.0,0.0,0.0,0.0,1,8,193,1,177,2,4,9,0,insufficient_evidence,sufficient,insufficient_evidence,insufficient_evidence,sufficient,insufficient_evidence
2019-04-12,0.0,0.0,0.0,0.0,0.0,0.0,0.0,1,8,193,1,177,2,4,9,0,insufficient_evidence,sufficient,insufficient_evidence,insufficient_evidence,sufficient,insufficient_evidence
2019-04-15,0.0,0.0,0.0,0.0,0.0,0.0,0.0,1,8,193,1,177,2,4,9,0,insufficient_evidence,sufficient,insufficient_evidence,insufficient_evidence,sufficient,insufficient_evidence
2019-04-16,0.0,0.0,0.0,0.0,0.0,0.0,0.0,1,8,193,1,177,2,4,9,0,insufficient_evidence,sufficient,insufficient_evidence,insufficient_evidence,sufficient,insufficient_evidence
2019-04-17,0.0,0.0,0.0,0.0,0.0,0.0,0.0,1,8,193,1,177,2,4,9,0,insufficient_evidence,sufficient,insufficient_evidence,insufficient_evidence,sufficient,insufficient_evidence
2019-04-18,0.0,0.0,0.0,0.0,0.0,0.0,0.0,2,8,193,1,177,2,4,9,0,insufficient_evidence,sufficient,insufficient_evidence,insufficient_evidence,sufficient,insufficient_evidence
2019-04-19,0.0,0.0,0.0,0.0,0.0,0.0,0.0,2,8,193,1,177,2,4,9,0,insufficient_evidence,sufficient,insufficient_evidence,insufficient_evidence,sufficient,insufficient_evidence
2019-04-22,0.0,0.0,0.0,0.0,0.0,0.0,0.0,2,8,193,1,177,2,4,9,0,insufficient_evidence,sufficient,insufficient_evidence,insufficient_evidence,sufficient,insufficient_evidence
2019-04-23,0.0,0.0,0.0,0.0,0.0,0.0,0.0,2,8,193,1,177,2,4,9,0,insufficient_evidence,sufficient,insufficient_evidence,insufficient_evidence,sufficient,insufficient_evidence
2019-04-24,0.0,0.0,0.0,0.0,0.0,0.0,0.0,2,8,193,1,177,2,4,9,0,insufficient_evidence,sufficient,insufficient_evidence,insufficient_evidence,sufficient,insufficient_evidence
2019-04-25,0.0,0.0,0.0,0.0,0.0,0.0,0.0,1,8,193,1,177,2,4,9,0,insufficient_evidence,sufficient,insufficient_evidence,insufficient_evidence,sufficient,insufficient_evidence
2019-04-26,0.0,0.0,0.0,0.0,0.0,0.0,0.0,1,8,193,1,177,2,4,9,0,insufficient_evidence,sufficient,insufficient_evidence,insufficient_evidence,sufficient,insufficient_evidence
2019-04-28,0.0,0.0,0.0,0.0,0.0,0.0,0.0,0,8,193,1,177,2,4,9,0,insufficient_evidence,sufficient,insufficient_evidence,insufficient_evidence,sufficient,insufficient_evidence
2019-04-29,0.0,-0.585,0.0,0.0,0.0,0.0,0.0,1,8,194,1,178,2,4,9,0,insufficient_evidence,sufficient,insufficient_evidence,insufficient_evidence,sufficient,insufficient_evidence
2019-04-30,0.0,-0.585,0.0,0.0,0.0,0.0,0.0,1,8,194,1,178,2,4,9,0,insufficient_evidence,sufficient,insufficient_evidence,insufficient_evidence,sufficient,insufficient_evidence
2019-05-05,0.0,-0.585,0.0,0.0,0.0,0.0,0.0,1,8,194,1,178,2,4,9,0,insufficient_evidence,sufficient,insufficient_evidence,insufficient_evidence,sufficient,insufficient_evidence
2019-05-06,0.0,-0.585,0.0,0.0,0.0,0.0,0.0,2,8,195,1,179,2,4,9,0,insufficient_evidence,sufficient,insufficient_evidence,insufficient_evidence,sufficient,insufficient_evidence
2019-05-07,0.0,-0.585,0.0,0.0,0.0,0.0,0.0,2,8,195,1,179,2,4,9,0,insufficient_evidence,sufficient,insufficient_evidence,insufficient_evidence,sufficient,insufficient_evidence
2019-05-08,0.0,-0.585,0.0,0.0,0.0,0.0,0.0,1,8,195,1,179,2,4,9,0,insufficient_evidence,sufficient,insufficient_evidence,insufficient_evidence,sufficient,insufficient_evidence
2019-05-09,0.0,-0.585,0.0,0.0,0.0,0.0,0.0,1,8,195,1,179,2,4,9,0,insufficient_evidence,sufficient,insufficient_evidence,insufficient_evidence,sufficient,insufficient_evidence
2019-05-10,0.0,-0.585,0.0,0.0,0.0,0.0,0.0,1,8,195,1,179,2,4,9,0,insufficient_evidence,sufficient,insufficient_evidence,insufficient_evidence,sufficient,insufficient_evidence
2019-05-13,0.0,0.0,0.0,0.0,0.0,0.0,0.0,1,8,195,1,179,2,4,9,0,insufficient_evidence,sufficient,insufficient_evidence,insufficient_evidence,sufficient,insufficient_evidence
2019-05-14,0.0,0.0,0.0,0.0,0.0,0.0,0.0,1,8,195,1,179,2,4,9,0,insufficient_evidence,sufficient,insufficient_evidence,insufficient_evidence,sufficient,insufficient_evidence
2019-05-15,0.0,0.0,0.0,0.0,0.0,0.0,0.0,1,8,195,1,179,2,4,9,0,insufficient_evidence,sufficient,insufficient_evidence,insufficient_evidence,sufficient,insufficient_evidence
2019-05-16,0.0,0.0,0.0,0.0,0.0,0.0,0.0,2,8,195,1,179,2,4,9,0,insufficient_evidence,sufficient,insufficient_evidence,insufficient_evidence,sufficient,insufficient_evidence
2019-05-17,0.0,0.0,0.0,0.0,0.0,0.0,0.0,3,8,195,1,179,2,4,9,0,insufficient_evidence,sufficient,insufficient_evidence,insufficient_evidence,sufficient,insufficient_evidence
2019-05-20,0.0,0.0,0.0,0.0,0.0,0.0,0.0,3,8,195,1,179,2,4,9,0,insufficient_evidence,sufficient,insufficient_evidence,insufficient_evidence,sufficient,insufficient_evidence
2019-05-21,0.0,0.0,0.0,0.0,0.0,0.0,0.0,3,8,195,1,179,2,4,9,0,insufficient_evidence,sufficient,insufficient_evidence,insufficient_evidence,sufficient,insufficient_evidence
2019-05-22,0.0,0.0,0.0,0.0,0.0,0.0,0.0,3,8,195,1,179,2,4,9,0,insufficient_evidence,sufficient,insufficient_evidence,insufficient_evidence,sufficient,insufficient_evidence
2019-05-23,0.0,0.0,0.0,0.0,0.0,0.0,0.0,2,8,195,1,179,2,4,9,0,insufficient_evidence,sufficient,insufficient_evidence,insufficient_evidence,sufficient,insufficient_evidence
2019-05-24,0.0,0.0,0.0,0.0,0.0,0.0,0.0,1,8,195,1,179,2,4,9,0,insufficient_evidence,sufficient,insufficient_evidence,insufficient_evidence,sufficient,insufficient_evidence
2019-05-27,0.0,-0.585,0.0,0.0,0.0,0.0,0.0,1,8,196,1,180,2,4,9,0,insufficient_evidence,sufficient,insufficient_evidence,insufficient_evidence,sufficient,insufficient_evidence
2019-05-28,0.0,-0.585,0.0,0.0,0.0,0.0,0.0,1,8,196,1,180,2,4,9,0,insufficient_evidence,sufficient,insufficient_evidence,insufficient_evidence,sufficient,insufficient_evidence
2019-05-29,0.0,-0.585,0.0,0.0,0.0,0.0,0.0,1,8,196,1,180,2,4,9,0,insufficient_evidence,sufficient,insufficient_evidence,insufficient_evidence,sufficient,insufficient_evidence
2019-05-30,0.0,-0.585,0.0,0.0,0.0,0.0,0.0,1,8,196,1,180,2,4,9,0,insufficient_evidence,sufficient,insufficient_evidence,insufficient_evidence,sufficient,insufficient_evidence
2019-05-31,0.0,-0.585,0.0,0.0,0.0,0.0,0.0,1,8,196,1,180,2,4,9,0,insufficient_evidence,sufficient,insufficient_evidence,insufficient_evidence,sufficient,insufficient_evidence
2019-06-03,0.0,0.0,0.0,0.0,0.0,0.0,0.0,1,8,196,1,180,2,4,9,0,insufficient_evidence,sufficient,insufficient_evidence,insufficient_evidence,sufficient,insufficient_evidence
2019-06-04,0.0,0.0,0.0,0.0,0.0,0.0,0.0,1,8,196,1,180,2,4,9,0,insufficient_evidence,sufficient,insufficient_evidence,insufficient_evidence,sufficient,insufficient_evidence
2019-06-05,0.0,0.0,0.0,0.0,0.0,0.0,0.0,1,8,196,1,180,2,4,9,0,insufficient_evidence,sufficient,insufficient_evidence,insufficient_evidence,sufficient,insufficient_evidence
2019-06-06,0.0,0.0,0.0,0.0,0.0,0.0,0.0,1,8,196,1,180,2,4,9,0,insufficient_evidence,sufficient,insufficient_evidence,insufficient_evidence,sufficient,insufficient_evidence
2019-06-10,0.0,-0.585,0.0,0.0,0.0,0.0,0.0,2,8,197,1,181,2,4,9,0,insufficient_evidence,sufficient,insufficient_evidence,insufficient_evidence,sufficient,insufficient_evidence
2019-06-11,0.0,-0.585,0.0,0.0,0.0,0.0,0.0,1,8,197,1,181,2,4,9,0,insufficient_evidence,sufficient,insufficient_evidence,insufficient_evidence,sufficient,insufficient_evidence
2019-06-12,0.0,-0.585,0.0,0.0,0.0,0.0,0.0,1,8,197,1,181,2,4,9,0,insufficient_evidence,sufficient,insufficient_evidence,insufficient_evidence,sufficient,insufficient_evidence
2019-06-13,0.0,-0.585,0.0,0.0,0.0,0.0,0.0,1,8,197,1,181,2,4,9,0,insufficient_evidence,sufficient,insufficient_evidence,insufficient_evidence,sufficient,insufficient_evidence
2019-06-14,0.0,-0.585,0.0,0.0,0.0,0.0,0.0,1,8,197,1,181,2,4,9,0,insufficient_evidence,sufficient,insufficient_evidence,insufficient_evidence,sufficient,insufficient_evidence
2019-06-17,0.0,-0.585,0.0,0.0,0.0,0.0,0.0,2,8,198,1,182,2,4,9,0,insufficient_evidence,sufficient,insufficient_evidence,insufficient_evidence,sufficient,insufficient_evidence
2019-06-18,0.0,-0.585,0.0,0.0,0.0,0.0,0.0,2,8,198,1,182,2,4,9,0,insufficient_evidence,sufficient,insufficient_evidence,insufficient_evidence,sufficient,insufficient_evidence
2019-06-19,0.0,-0.585,0.0,0.0,0.0,0.0,0.0,2,8,198,1,182,2,4,9,0,insufficient_evidence,sufficient,insufficient_evidence,insufficient_evidence,sufficient,insufficient_evidence
2019-06-20,0.0,-0.585,0.0,0.0,0.0,0.0,0.0,2,8,198,1,182,2,4,9,0,insufficient_evidence,sufficient,insufficient_evidence,insufficient_evidence,sufficient,insufficient_evidence
2019-06-21,0.0,-0.585,0.0,0.0,0.0,0.0,0.0,2,8,198,1,182,2,4,9,0,insufficient_evidence,sufficient,insufficient_evidence,insufficient_evidence,sufficient,insufficient_evidence
2019-06-24,0.0,0.0,0.0,0.0,0.0,0.0,0.0,1,8,198,1,182,2,4,9,0,insufficient_evidence,sufficient,insufficient_evidence,insufficient_evidence,sufficient,insufficient_evidence
2019-06-25,0.0,0.0,0.0,0.0,0.0,0.0,0.0,1,8,198,1,182,2,4,9,0,insufficient_evidence,sufficient,insufficient_evidence,insufficient_evidence,sufficient,insufficient_evidence
2019-06-26,0.0,0.0,0.0,0.0,0.0,0.0,0.0,1,8,198,1,182,2,4,9,0,insufficient_evidence,sufficient,insufficient_evidence,insufficient_evidence,sufficient,insufficient_evidence
2019-06-27,0.0,0.0,0.0,0.0,0.0,0.0,0.0,1,8,198,1,182,2,4,9,0,insufficient_evidence,sufficient,insufficient_evidence,insufficient_evidence,sufficient,insufficient_evidence
2019-06-28,0.0,0.0,0.0,0.0,0.0,0.0,0.0,1,8,198,1,182,2,4,9,0,insufficient_evidence,sufficient,insufficient_evidence,insufficient_evidence,sufficient,insufficient_evidence
2019-07-01,0.0,-0.585,0.0,0.0,0.0,0.0,0.0,1,8,199,1,183,2,4,9,0,insufficient_evidence,sufficient,insufficient_evidence,insufficient_evidence,sufficient,insufficient_evidence
2019-07-02,0.0,-0.585,0.0,0.0,0.0,0.0,0.0,1,8,199,1,183,2,4,9,0,insufficient_evidence,sufficient,insufficient_evidence,insufficient_evidence,sufficient,insufficient_evidence
2019-07-03,0.0,-0.585,0.0,0.0,0.0,0.0,0.0,1,8,199,1,183,2,4,9,0,insufficient_evidence,sufficient,insufficient_evidence,insufficient_evidence,sufficient,insufficient_evidence
2019-07-04,0.0,-0.585,0.0,0.0,0.0,0.0,0.0,1,8,199,1,183,2,4,9,0,insufficient_evidence,sufficient,insufficient_evidence,insufficient_evidence,sufficient,insufficient_evidence
2019-07-05,0.0,-0.585,0.0,0.0,0.0,0.0,0.0,1,8,199,1,183,2,4,9,0,insufficient_evidence,sufficient,insufficient_evidence,insufficient_evidence,sufficient,insufficient_evidence
2019-07-08,0.0,0.0,0.0,0.0,0.0,0.0,0.0,1,8,199,1,183,2,4,9,0,insufficient_evidence,sufficient,insufficient_evidence,insufficient_evidence,sufficient,insufficient_evidence
2019-07-09,0.0,0.0,0.0,0.0,0.0,0.0,0.0,1,8,199,1,183,2,4,9,0,insufficient_evidence,sufficient,insufficient_evidence,insufficient_evidence,sufficient,insufficient_evidence
2019-07-10,0.0,0.0,0.0,0.0,0.0,0.0,0.0,1,8,199,1,183,2,4,9,0,insufficient_evidence,sufficient,insufficient_evidence,insufficient_evidence,sufficient,insufficient_evidence
2019-07-11,0.0,0.0,0.0,0.0,0.0,0.0,0.0,1,8,199,1,183,2,4,9,0,insufficient_evidence,sufficient,insufficient_evidence,insufficient_evidence,sufficient,insufficient_evidence
2019-07-12,0.0,0.0,0.0,0.0,0.0,0.0,0.0,1,8,199,1,183,2,4,9,0,insufficient_evidence,sufficient,insufficient_evidence,insufficient_evidence,sufficient,insufficient_evidence
2019-07-15,0.0,-0.585,0.0,0.0,0.0,0.0,0.0,1,8,200,1,184,2,4,9,0,insufficient_evidence,sufficient,insufficient_evidence,insufficient_evidence,sufficient,insufficient_evidence
2019-07-16,0.0,-0.585,0.0,0.0,0.0,0.0,0.0,1,8,200,1,184,2,4,9,0,insufficient_evidence,sufficient,insufficient_evidence,insufficient_evidence,sufficient,insufficient_evidence
2019-07-17,0.0,-0.585,0.0,0.0,0.0,0.0,0.0,1,8,200,1,184,2,4,9,0,insufficient_evidence,sufficient,insufficient_evidence,insufficient_evidence,sufficient,insufficient_evidence
2019-07-18,0.0,-0.585,0.0,0.0,0.0,0.0,0.0,1,8,200,1,184,2,4,9,0,insufficient_evidence,sufficient,insufficient_evidence,insufficient_evidence,sufficient,insufficient_evidence
2019-07-19,0.0,-0.585,0.0,0.0,0.0,0.0,0.0,1,8,200,1,184,2,4,9,0,insufficient_evidence,sufficient,insufficient_evidence,insufficient_evidence,sufficient,insufficient_evidence
2019-07-22,0.0,-0.585,0.0,0.0,0.0,0.0,0.0,1,8,201,1,185,2,4,9,0,insufficient_evidence,sufficient,insufficient_evidence,insufficient_evidence,sufficient,insufficient_evidence
2019-07-23,0.0,-0.585,0.0,0.0,0.0,0.0,0.0,1,8,201,1,185,2,4,9,0,insufficient_evidence,sufficient,insufficient_evidence,insufficient_evidence,sufficient,insufficient_evidence
2019-07-24,0.0,-0.585,0.0,0.0,0.0,0.0,0.0,1,8,201,1,185,2,4,9,0,insufficient_evidence,sufficient,insufficient_evidence,insufficient_evidence,sufficient,insufficient_evidence
2019-07-25,0.0,-0.585,0.0,0.0,0.0,0.0,0.0,1,8,201,1,185,2,4,9,0,insufficient_evidence,sufficient,insufficient_evidence,insufficient_evidence,sufficient,insufficient_evidence
2019-07-26,0.0,-0.585,0.0,0.0,0.0,0.0,0.0,1,8,201,1,185,2,4,9,0,insufficient_evidence,sufficient,insufficient_evidence,insufficient_evidence,sufficient,insufficient_evidence
2019-07-29,0.0,-0.585,0.0,0.0,0.0,0.0,0.0,1,8,202,1,186,2,4,9,0,insufficient_evidence,sufficient,insufficient_evidence,insufficient_evidence,sufficient,insufficient_evidence
2019-07-30,0.0,-0.585,0.0,0.0,0.0,0.0,0.0,1,8,202,1,186,2,4,9,0,insufficient_evidence,sufficient,insufficient_evidence,insufficient_evidence,sufficient,insufficient_evidence
2019-07-31,0.0,-0.585,0.0,0.0,0.0,0.0,0.0,1,8,202,1,186,2,4,9,0,insufficient_evidence,sufficient,insufficient_evidence,insufficient_evidence,sufficient,insufficient_evidence
2019-08-01,0.0,-0.585,0.0,0.0,0.0,0.0,0.0,1,8,202,1,186,2,4,9,0,insufficient_evidence,sufficient,insufficient_evidence,insufficient_evidence,sufficient,insufficient_evidence
2019-08-02,0.0,-0.585,0.0,0.0,0.0,0.0,0.0,1,8,202,1,186,2,4,9,0,insufficient_evidence,sufficient,insufficient_evidence,insufficient_evidence,sufficient,insufficient_evidence
2019-08-05,0.0,0.0,0.0,0.0,0.0,0.0,0.0,1,8,202,1,186,2,4,9,0,insufficient_evidence,sufficient,insufficient_evidence,insufficient_evidence,sufficient,insufficient_evidence
2019-08-06,0.0,0.0,0.0,0.0,0.0,0.0,0.0,1,8,202,1,186,2,4,9,0,insufficient_evidence,sufficient,insufficient_evidence,insufficient_evidence,sufficient,insufficient_evidence
2019-08-07,0.0,0.0,0.0,0.0,0.0,0.0,0.0,1,8,202,1,186,2,4,9,0,insufficient_evidence,sufficient,insufficient_evidence,insufficient_evidence,sufficient,insufficient_evidence
2019-08-08,0.0,0.0,0.0,0.0,0.0,0.0,0.0,1,8,202,1,186,2,4,9,0,insufficient_evidence,sufficient,insufficient_evidence,insufficient_evidence,sufficient,insufficient_evidence
2019-08-09,0.0,0.0,0.0,0.0,0.0,0.0,0.0,2,8,202,1,186,2,4,9,0,insufficient_evidence,sufficient,insufficient_evidence,insufficient_evidence,sufficient,insufficient_evidence
2019-08-12,0.0,-0.585,0.0,0.0,0.0,0.0,0.0,2,8,203,1,187,2,4,9,0,insufficient_evidence,sufficient,insufficient_evidence,insufficient_evidence,sufficient,insufficient_evidence
2019-08-13,0.0,-0.585,0.0,0.0,0.0,0.0,0.0,2,8,203,1,187,2,4,9,0,insufficient_evidence,sufficient,insufficient_evidence,insufficient_evidence,sufficient,insufficient_evidence
2019-08-14,0.0,-0.585,0.0,0.0,0.0,0.0,0.0,2,8,203,1,187,2,4,9,0,insufficient_evidence,sufficient,insufficient_evidence,insufficient_evidence,sufficient,insufficient_evidence
2019-08-15,0.0,-0.585,0.0,0.0,0.0,0.0,0.0,2,8,203,1,187,2,4,9,0,insufficient_evidence,sufficient,insufficient_evidence,insufficient_evidence,sufficient,insufficient_evidence
2019-08-16,0.0,-0.585,0.0,0.0,0.0,0.0,0.0,1,8,203,1,187,2,4,9,0,insufficient_evidence,sufficient,insufficient_evidence,insufficient_evidence,sufficient,insufficient_evidence
2019-08-19,0.0,0.0,0.0,0.0,0.0,0.0,0.0,1,8,203,1,187,2,4,9,0,insufficient_evidence,sufficient,insufficient_evidence,insufficient_evidence,sufficient,insufficient_evidence
2019-08-20,0.0,0.0,0.0,0.0,0.0,0.0,0.0,1,8,203,1,187,2,4,9,0,insufficient_evidence,sufficient,insufficient_evidence,insufficient_evidence,sufficient,insufficient_evidence
2019-08-21,0.0,0.0,0.0,0.0,0.0,0.0,0.0,1,8,203,1,187,2,4,9,0,insufficient_evidence,sufficient,insufficient_evidence,insufficient_evidence,sufficient,insufficient_evidence
2019-08-22,0.0,0.0,0.0,0.0,0.0,0.0,0.0,1,8,203,1,187,2,4,9,0,insufficient_evidence,sufficient,insufficient_evidence,insufficient_evidence,sufficient,insufficient_evidence
2019-08-23,0.0,0.0,0.0,0.0,0.0,0.0,0.0,1,8,203,1,187,2,4,9,0,insufficient_evidence,sufficient,insufficient_evidence,insufficient_evidence,sufficient,insufficient_evidence
2019-08-26,0.0,-0.585,0.0,0.0,0.0,0.0,0.0,1,8,204,1,188,2,4,9,0,insufficient_evidence,sufficient,insufficient_evidence,insufficient_evidence,sufficient,insufficient_evidence
2019-08-27,0.0,-0.585,0.0,0.0,0.0,0.0,0.0,1,8,204,1,188,2,4,9,0,insufficient_evidence,sufficient,insufficient_evidence,insufficient_evidence,sufficient,insufficient_evidence
2019-08-28,0.0,-0.585,0.0,0.0,0.0,0.0,0.0,1,8,204,1,188,2,4,9,0,insufficient_evidence,sufficient,insufficient_evidence,insufficient_evidence,sufficient,insufficient_evidence
2019-08-29,0.0,-0.585,0.0,0.0,0.0,0.0,0.0,1,8,204,1,188,2,4,9,0,insufficient_evidence,sufficient,insufficient_evidence,insufficient_evidence,sufficient,insufficient_evidence
2019-08-30,0.0,-0.585,0.0,0.0,0.0,0.0,0.0,1,8,204,1,188,2,4,9,0,insufficient_evidence,sufficient,insufficient_evidence,insufficient_evidence,sufficient,insufficient_evidence
2019-09-02,0.0,0.0,0.0,0.0,0.0,0.0,0.0,1,8,204,1,188,2,4,9,0,insufficient_evidence,sufficient,insufficient_evidence,insufficient_evidence,sufficient,insufficient_evidence
2019-09-03,0.0,0.0,0.0,0.0,0.0,0.0,0.0,1,8,204,1,188,2,4,9,0,insufficient_evidence,sufficient,insufficient_evidence,insufficient_evidence,sufficient,insufficient_evidence
2019-09-04,0.0,0.0,0.0,0.0,0.0,0.0,0.0,1,8,204,1,188,2,4,9,0,insufficient_evidence,sufficient,insufficient_evidence,insufficient_evidence,sufficient,insufficient_evidence
2019-09-05,0.0,0.0,0.0,0.0,0.0,0.0,0.0,1,8,204,1,188,2,4,9,0,insufficient_evidence,sufficient,insufficient_evidence,insufficient_evidence,sufficient,insufficient_evidence
2019-09-06,0.0,0.0,0.0,0.0,0.0,0.0,0.0,1,8,204,1,188,2,4,9,0,insufficient_evidence,sufficient,insufficient_evidence,insufficient_evidence,sufficient,insufficient_evidence
2019-09-09,0.0,-0.585,0.0,0.0,0.0,0.0,0.0,1,8,205,1,189,2,4,9,0,insufficient_evidence,sufficient,insufficient_evidence,insufficient_evidence,sufficient,insufficient_evidence
2019-09-10,0.0,-0.585,0.0,0.0,0.0,0.0,0.0,1,8,205,1,189,2,4,9,0,insufficient_evidence,sufficient,insufficient_evidence,insufficient_evidence,sufficient,insufficient_evidence
2019-09-11,0.0,-0.585,0.0,0.0,0.0,0.0,0.0,1,8,205,1,189,2,4,9,0,insufficient_evidence,sufficient,insufficient_evidence,insufficient_evidence,sufficient,insufficient_evidence
2019-09-12,0.0,-0.585,0.0,0.0,0.0,0.0,0.0,1,8,205,1,189,2,4,9,0,insufficient_evidence,sufficient,insufficient_evidence,insufficient_evidence,sufficient,insufficient_evidence
2019-09-16,0.0,-0.585,0.0,0.0,0.0,0.0,0.0,2,8,206,1,190,2,4,9,0,insufficient_evidence,sufficient,insufficient_evidence,insufficient_evidence,sufficient,insufficient_evidence
2019-09-17,0.0,-0.585,0.0,0.0,0.0,0.0,0.0,2,8,206,1,190,2,4,9,0,insufficient_evidence,sufficient,insufficient_evidence,insufficient_evidence,sufficient,insufficient_evidence
2019-09-18,0.0,-0.585,0.0,0.0,0.0,0.0,0.0,2,8,206,1,190,2,4,9,0,insufficient_evidence,sufficient,insufficient_evidence,insufficient_evidence,sufficient,insufficient_evidence
2019-09-19,0.0,-0.585,0.0,0.0,0.0,0.0,0.0,2,8,206,1,190,2,4,9,0,insufficient_evidence,sufficient,insufficient_evidence,insufficient_evidence,sufficient,insufficient_evidence
2019-09-20,0.0,-0.585,0.0,0.0,0.0,0.0,0.0,2,8,206,1,190,2,4,9,0,insufficient_evidence,sufficient,insufficient_evidence,insufficient_evidence,sufficient,insufficient_evidence
2019-09-23,0.0,-0.585,0.0,0.0,0.0,0.0,0.0,2,8,207,1,191,2,4,9,0,insufficient_evidence,sufficient,insufficient_evidence,insufficient_evidence,sufficient,insufficient_evidence
2019-09-24,0.0,-0.585,0.0,0.0,0.0,0.0,0.0,1,8,207,1,191,2,4,9,0,insufficient_evidence,sufficient,insufficient_evidence,insufficient_evidence,sufficient,insufficient_evidence
2019-09-25,0.0,-0.585,0.0,0.0,0.0,0.0,0.0,1,8,207,1,191,2,4,9,0,insufficient_evidence,sufficient,insufficient_evidence,insufficient_evidence,sufficient,insufficient_evidence
2019-09-26,0.0,-0.585,0.0,0.0,0.0,0.0,0.0,1,8,207,1,191,2,4,9,0,insufficient_evidence,sufficient,insufficient_evidence,insufficient_evidence,sufficient,insufficient_evidence
2019-09-27,0.0,-0.585,0.0,0.0,0.0,0.0,0.0,1,8,207,1,191,2,4,9,0,insufficient_evidence,sufficient,insufficient_evidence,insufficient_evidence,sufficient,insufficient_evidence
2019-09-29,0.0,0.0,0.0,0.0,0.0,0.0,0.0,0,8,207,1,191,2,4,9,0,insufficient_evidence,sufficient,insufficient_evidence,insufficient_evidence,sufficient,insufficient_evidence
2019-09-30,0.0,-0.585,0.0,0.0,0.0,0.0,0.0,1,8,208,1,192,2,4,9,0,insufficient_evidence,sufficient,insufficient_evidence,insufficient_evidence,sufficient,insufficient_evidence
2019-10-08,0.0,-0.585,0.0,0.0,0.0,0.0,0.0,2,8,208,1,192,2,4,9,0,insufficient_evidence,sufficient,insufficient_evidence,insufficient_evidence,sufficient,insufficient_evidence
2019-10-09,0.0,-0.585,0.0,0.0,0.0,0.0,0.0,2,8,208,1,192,2,4,9,0,insufficient_evidence,sufficient,insufficient_evidence,insufficient_evidence,sufficient,insufficient_evidence
2019-10-10,0.0,-0.585,0.0,0.0,0.0,0.0,0.0,2,8,208,1,192,2,4,9,0,insufficient_evidence,sufficient,insufficient_evidence,insufficient_evidence,sufficient,insufficient_evidence
2019-10-11,0.0,-0.585,0.0,0.0,0.0,0.0,0.0,2,8,208,1,192,2,4,9,0,insufficient_evidence,sufficient,insufficient_evidence,insufficient_evidence,sufficient,insufficient_evidence
2019-10-12,0.0,0.0,0.0,0.0,0.0,0.0,0.0,1,8,208,1,192,2,4,9,0,insufficient_evidence,sufficient,insufficient_evidence,insufficient_evidence,sufficient,insufficient_evidence
2019-10-14,0.0,0.0,0.0,0.0,0.0,0.0,0.0,1,8,208,1,192,2,4,9,0,insufficient_evidence,sufficient,insufficient_evidence,insufficient_evidence,sufficient,insufficient_evidence
2019-10-15,0.0,0.0,0.0,0.0,0.0,0.0,0.0,1,8,208,1,192,2,4,9,0,insufficient_evidence,sufficient,insufficient_evidence,insufficient_evidence,sufficient,insufficient_evidence
2019-10-16,0.0,0.0,0.0,0.0,0.0,0.0,0.0,1,8,208,1,192,2,4,9,0,insufficient_evidence,sufficient,insufficient_evidence,insufficient_evidence,sufficient,insufficient_evidence
2019-10-17,0.0,0.0,0.0,0.0,0.0,0.0,0.0,1,8,208,1,192,2,4,9,0,insufficient_evidence,sufficient,insufficient_evidence,insufficient_evidence,sufficient,insufficient_evidence
2019-10-18,0.0,0.0,0.0,0.0,0.0,0.0,0.0,1,8,208,1,192,2,4,9,0,insufficient_evidence,sufficient,insufficient_evidence,insufficient_evidence,sufficient,insufficient_evidence
2019-10-21,0.0,-0.585,0.0,0.0,0.0,0.0,0.0,1,8,209,1,193,2,4,9,0,insufficient_evidence,sufficient,insufficient_evidence,insufficient_evidence,sufficient,insufficient_evidence
2019-10-22,0.0,-0.585,0.0,0.0,0.0,0.0,0.0,1,8,209,1,193,2,4,9,0,insufficient_evidence,sufficient,insufficient_evidence,insufficient_evidence,sufficient,insufficient_evidence
2019-10-23,0.0,-0.585,0.0,0.0,0.0,0.0,0.0,1,8,209,1,193,2,4,9,0,insufficient_evidence,sufficient,insufficient_evidence,insufficient_evidence,sufficient,insufficient_evidence
2019-10-24,0.0,-0.585,0.0,0.0,0.0,0.0,0.0,1,8,209,1,193,2,4,9,0,insufficient_evidence,sufficient,insufficient_evidence,insufficient_evidence,sufficient,insufficient_evidence
2019-10-25,0.0,-0.585,0.0,0.0,0.0,0.0,0.0,1,8,209,1,193,2,4,9,0,insufficient_evidence,sufficient,insufficient_evidence,insufficient_evidence,sufficient,insufficient_evidence
2019-10-28,0.0,-0.585,0.0,0.0,0.0,0.0,0.0,1,8,210,1,194,2,4,9,0,insufficient_evidence,sufficient,insufficient_evidence,insufficient_evidence,sufficient,insufficient_evidence
2019-10-29,0.0,-0.585,0.0,0.0,0.0,0.0,0.0,1,8,210,1,194,2,4,9,0,insufficient_evidence,sufficient,insufficient_evidence,insufficient_evidence,sufficient,insufficient_evidence
2019-10-30,0.0,-0.585,0.0,0.0,0.0,0.0,0.0,1,8,210,1,194,2,4,9,0,insufficient_evidence,sufficient,insufficient_evidence,insufficient_evidence,sufficient,insufficient_evidence
2019-10-31,0.0,-0.585,0.0,0.0,0.0,0.0,0.0,1,8,210,1,194,2,4,9,0,insufficient_evidence,sufficient,insufficient_evidence,insufficient_evidence,sufficient,insufficient_evidence
2019-11-01,0.0,-0.585,0.0,0.0,0.0,0.0,0.0,1,8,210,1,194,2,4,9,0,insufficient_evidence,sufficient,insufficient_evidence,insufficient_evidence,sufficient,insufficient_evidence
2019-11-04,0.0,0.0,0.0,0.0,0.0,0.0,0.0,1,8,210,1,194,2,4,9,0,insufficient_evidence,sufficient,insufficient_evidence,insufficient_evidence,sufficient,insufficient_evidence
2019-11-05,0.0,0.0,0.0,0.0,0.0,0.0,0.0,1,8,210,1,194,2,4,9,0,insufficient_evidence,sufficient,insufficient_evidence,insufficient_evidence,sufficient,insufficient_evidence
2019-11-06,0.0,0.0,0.0,0.0,0.0,0.0,0.0,1,8,210,1,194,2,4,9,0,insufficient_evidence,sufficient,insufficient_evidence,insufficient_evidence,sufficient,insufficient_evidence
2019-11-07,0.0,0.0,0.0,0.0,0.0,0.0,0.0,1,8,210,1,194,2,4,9,0,insufficient_evidence,sufficient,insufficient_evidence,insufficient_evidence,sufficient,insufficient_evidence
2019-11-08,0.0,0.0,0.0,0.0,0.0,0.0,0.0,1,8,210,1,194,2,4,9,0,insufficient_evidence,sufficient,insufficient_evidence,insufficient_evidence,sufficient,insufficient_evidence
2019-11-11,0.0,0.0,0.0,0.0,0.0,0.0,0.0,1,8,210,1,194,2,4,9,0,insufficient_evidence,sufficient,insufficient_evidence,insufficient_evidence,sufficient,insufficient_evidence
2019-11-12,0.0,0.0,0.0,0.0,0.0,0.0,0.0,1,8,210,1,194,2,4,9,0,insufficient_evidence,sufficient,insufficient_evidence,insufficient_evidence,sufficient,insufficient_evidence
2019-11-13,0.0,0.0,0.0,0.0,0.0,0.0,0.0,1,8,210,1,194,2,4,9,0,insufficient_evidence,sufficient,insufficient_evidence,insufficient_evidence,sufficient,insufficient_evidence
2019-11-14,0.0,0.0,0.0,0.0,0.0,0.0,0.0,1,8,210,1,194,2,4,9,0,insufficient_evidence,sufficient,insufficient_evidence,insufficient_evidence,sufficient,insufficient_evidence
2019-11-15,0.0,0.0,0.0,0.0,0.0,0.0,0.0,2,8,210,1,194,2,4,9,0,insufficient_evidence,sufficient,insufficient_evidence,insufficient_evidence,sufficient,insufficient_evidence
2019-11-18,0.0,-0.585,0.0,0.0,0.0,0.0,0.0,3,8,211,1,195,2,4,9,0,insufficient_evidence,sufficient,insufficient_evidence,insufficient_evidence,sufficient,insufficient_evidence
2019-11-19,0.0,-0.585,0.0,0.0,0.0,0.0,0.0,3,8,211,1,195,2,4,9,0,insufficient_evidence,sufficient,insufficient_evidence,insufficient_evidence,sufficient,insufficient_evidence
2019-11-20,0.0,-0.585,0.0,0.0,0.0,0.0,0.0,3,8,211,1,195,2,4,9,0,insufficient_evidence,sufficient,insufficient_evidence,insufficient_evidence,sufficient,insufficient_evidence
2019-11-21,0.0,-0.585,0.0,0.0,0.0,0.0,0.0,3,8,211,1,195,2,4,9,0,insufficient_evidence,sufficient,insufficient_evidence,insufficient_evidence,sufficient,insufficient_evidence
2019-11-22,0.0,-0.585,0.0,0.0,0.0,0.0,0.0,2,8,211,1,195,2,4,9,0,insufficient_evidence,sufficient,insufficient_evidence,insufficient_evidence,sufficient,insufficient_evidence
2019-11-25,0.0,-0.585,0.0,0.0,0.0,0.0,0.0,1,8,212,1,196,2,4,9,0,insufficient_evidence,sufficient,insufficient_evidence,insufficient_evidence,sufficient,insufficient_evidence
2019-11-26,0.0,-0.585,0.0,0.0,0.0,0.0,0.0,1,8,212,1,196,2,4,9,0,insufficient_evidence,sufficient,insufficient_evidence,insufficient_evidence,sufficient,insufficient_evidence
2019-11-27,0.0,-0.585,0.0,0.0,0.0,0.0,0.0,1,8,212,1,196,2,4,9,0,insufficient_evidence,sufficient,insufficient_evidence,insufficient_evidence,sufficient,insufficient_evidence
2019-11-28,0.0,-0.585,0.0,0.0,0.0,0.0,0.0,1,8,212,1,196,2,4,9,0,insufficient_evidence,sufficient,insufficient_evidence,insufficient_evidence,sufficient,insufficient_evidence
2019-11-29,0.0,-0.585,0.0,0.0,0.0,0.0,0.0,1,8,212,1,196,2,4,9,0,insufficient_evidence,sufficient,insufficient_evidence,insufficient_evidence,sufficient,insufficient_evidence
2019-12-02,0.0,0.0,0.0,0.0,0.0,0.0,0.0,1,8,212,1,196,2,4,9,0,insufficient_evidence,sufficient,insufficient_evidence,insufficient_evidence,sufficient,insufficient_evidence
2019-12-03,0.0,0.0,0.0,0.0,0.0,0.0,0.0,1,8,212,1,196,2,4,9,0,insufficient_evidence,sufficient,insufficient_evidence,insufficient_evidence,sufficient,insufficient_evidence
2019-12-04,0.0,0.0,0.0,0.0,0.0,0.0,0.0,1,8,212,1,196,2,4,9,0,insufficient_evidence,sufficient,insufficient_evidence,insufficient_evidence,sufficient,insufficient_evidence
2019-12-05,0.0,0.0,0.0,0.0,0.0,0.0,0.0,1,8,212,1,196,2,4,9,0,insufficient_evidence,sufficient,insufficient_evidence,insufficient_evidence,sufficient,insufficient_evidence
2019-12-06,0.0,0.0,0.0,0.0,0.0,0.0,0.0,1,8,212,1,196,2,4,9,0,insufficient_evidence,sufficient,insufficient_evidence,insufficient_evidence,sufficient,insufficient_evidence
2019-12-09,0.0,0.0,0.0,0.0,0.0,0.0,0.0,1,8,212,1,196,2,4,9,0,insufficient_evidence,sufficient,insufficient_evidence,insufficient_evidence,sufficient,insufficient_evidence
2019-12-10,0.0,0.0,0.0,0.0,0.0,0.0,0.0,1,8,212,1,196,2,4,9,0,insufficient_evidence,sufficient,insufficient_evidence,insufficient_evidence,sufficient,insufficient_evidence
2019-12-11,0.0,0.0,0.0,0.0,0.0,0.0,0.0,1,8,212,1,196,2,4,9,0,insufficient_evidence,sufficient,insufficient_evidence,insufficient_evidence,sufficient,insufficient_evidence
2019-12-12,0.0,0.0,0.0,0.0,0.0,0.0,0.0,1,8,212,1,196,2,4,9,0,insufficient_evidence,sufficient,insufficient_evidence,insufficient_evidence,sufficient,insufficient_evidence
2019-12-13,0.0,0.0,0.0,0.0,0.0,0.0,0.0,1,8,212,1,196,2,4,9,0,insufficient_evidence,sufficient,insufficient_evidence,insufficient_evidence,sufficient,insufficient_evidence
2019-12-16,0.0,-0.585,0.0,0.0,0.0,0.0,0.0,1,8,213,1,197,2,4,9,0,insufficient_evidence,sufficient,insufficient_evidence,insufficient_evidence,sufficient,insufficient_evidence
2019-12-17,0.0,-0.585,0.0,0.0,0.0,0.0,0.0,1,8,213,1,197,2,4,9,0,insufficient_evidence,sufficient,insufficient_evidence,insufficient_evidence,sufficient,insufficient_evidence
2019-12-18,0.0,-0.585,0.0,0.0,0.0,0.0,0.0,1,8,213,1,197,2,4,9,0,insufficient_evidence,sufficient,insufficient_evidence,insufficient_evidence,sufficient,insufficient_evidence
2019-12-19,0.0,-0.585,0.0,0.0,0.0,0.0,0.0,1,8,213,1,197,2,4,9,0,insufficient_evidence,sufficient,insufficient_evidence,insufficient_evidence,sufficient,insufficient_evidence
2019-12-20,0.0,-0.585,0.0,0.0,0.0,0.0,0.0,1,8,213,1,197,2,4,9,0,insufficient_evidence,sufficient,insufficient_evidence,insufficient_evidence,sufficient,insufficient_evidence
2019-12-23,0.0,0.0,0.0,0.0,0.0,0.0,0.0,1,8,213,1,197,2,4,9,0,insufficient_evidence,sufficient,insufficient_evidence,insufficient_evidence,sufficient,insufficient_evidence
2019-12-24,0.0,0.0,0.0,0.0,0.0,0.0,0.0,1,8,213,1,197,2,4,9,0,insufficient_evidence,sufficient,insufficient_evidence,insufficient_evidence,sufficient,insufficient_evidence
2019-12-25,0.0,0.0,0.0,0.0,0.0,0.0,0.0,1,8,213,1,197,2,4,9,0,insufficient_evidence,sufficient,insufficient_evidence,insufficient_evidence,sufficient,insufficient_evidence
2019-12-26,0.0,0.0,0.0,0.0,0.0,0.0,0.0,1,8,213,1,197,2,4,9,0,insufficient_evidence,sufficient,insufficient_evidence,insufficient_evidence,sufficient,insufficient_evidence
2019-12-27,0.0,0.0,0.0,0.0,0.0,0.0,0.0,1,8,213,1,197,2,4,9,0,insufficient_evidence,sufficient,insufficient_evidence,insufficient_evidence,sufficient,insufficient_evidence
2019-12-30,0.0,-0.585,0.0,0.0,0.0,0.0,0.0,1,8,214,1,198,2,4,9,0,insufficient_evidence,sufficient,insufficient_evidence,insufficient_evidence,sufficient,insufficient_evidence
2019-12-31,0.0,-0.585,0.0,0.0,0.0,0.0,0.0,1,8,214,1,198,2,4,9,0,insufficient_evidence,sufficient,insufficient_evidence,insufficient_evidence,sufficient,insufficient_evidence
2020-01-02,0.0,-0.585,0.0,0.0,0.0,0.0,0.0,1,8,214,1,198,2,4,9,0,insufficient_evidence,sufficient,insufficient_evidence,insufficient_evidence,sufficient,insufficient_evidence
2020-01-03,0.0,-0.585,0.0,0.0,0.0,0.0,0.0,1,8,214,1,198,2,4,9,0,insufficient_evidence,sufficient,insufficient_evidence,insufficient_evidence,sufficient,insufficient_evidence
2020-01-06,0.0,-0.567,0.0,0.0,0.0,0.0,0.0,2,8,217,2,200,2,4,9,0,insufficient_evidence,sufficient,insufficient_evidence,insufficient_evidence,sufficient,insufficient_evidence
2020-01-07,0.0,-0.5625,0.0,0.0,0.0,0.0,0.0,1,8,217,2,200,2,4,9,0,insufficient_evidence,sufficient,insufficient_evidence,insufficient_evidence,sufficient,insufficient_evidence
2020-01-08,0.0,-0.5625,0.0,0.0,0.0,0.0,0.0,1,8,217,2,200,2,4,9,0,insufficient_evidence,sufficient,insufficient_evidence,insufficient_evidence,sufficient,insufficient_evidence
2020-01-09,0.0,-0.5625,0.0,0.0,0.0,0.0,0.0,1,8,217,2,200,2,4,9,0,insufficient_evidence,sufficient,insufficient_evidence,insufficient_evidence,sufficient,insufficient_evidence
2020-01-10,0.0,-0.5625,0.0,0.0,0.0,0.0,0.0,1,8,217,2,200,2,4,9,0,insufficient_evidence,sufficient,insufficient_evidence,insufficient_evidence,sufficient,insufficient_evidence
2020-01-13,0.0,0.0,0.0,0.0,0.0,0.0,0.0,1,8,218,2,201,2,4,9,0,insufficient_evidence,sufficient,insufficient_evidence,insufficient_evidence,sufficient,insufficient_evidence
2020-01-14,0.0,0.0,0.0,0.0,0.0,0.0,0.0,1,8,218,2,201,2,4,9,0,insufficient_evidence,sufficient,insufficient_evidence,insufficient_evidence,sufficient,insufficient_evidence
2020-01-15,0.0,0.0,0.0,0.0,0.0,0.0,0.0,1,8,218,2,201,2,4,9,0,insufficient_evidence,sufficient,insufficient_evidence,insufficient_evidence,sufficient,insufficient_evidence
2020-01-16,0.0,0.0,0.0,0.0,0.0,0.0,0.0,1,8,218,2,201,2,4,9,0,insufficient_evidence,sufficient,insufficient_evidence,insufficient_evidence,sufficient,insufficient_evidence
2020-01-17,0.0,0.0,0.0,0.0,0.0,0.0,0.0,1,8,218,2,201,2,4,9,0,insufficient_evidence,sufficient,insufficient_evidence,insufficient_evidence,sufficient,insufficient_evidence
2020-01-19,0.0,0.0,0.0,0.0,0.0,0.0,0.0,0,8,218,2,201,2,4,9,0,insufficient_evidence,sufficient,insufficient_evidence,insufficient_evidence,sufficient,insufficient_evidence
2020-01-20,0.0,-0.5625,0.0,0.0,0.0,0.0,0.0,1,8,220,2,203,2,4,9,0,insufficient_evidence,sufficient,insufficient_evidence,insufficient_evidence,sufficient,insufficient_evidence
2020-01-21,0.0,-0.5625,0.0,0.0,0.0,0.0,0.0,1,8,220,2,203,2,4,9,0,insufficient_evidence,sufficient,insufficient_evidence,insufficient_evidence,sufficient,insufficient_evidence
2020-01-22,0.0,-0.5625,0.0,0.0,0.0,0.0,0.0,1,8,220,2,203,2,4,9,0,insufficient_evidence,sufficient,insufficient_evidence,insufficient_evidence,sufficient,insufficient_evidence
2020-01-23,0.0,-0.5625,0.0,0.0,0.0,0.0,0.0,1,8,220,2,203,2,4,9,0,insufficient_evidence,sufficient,insufficient_evidence,insufficient_evidence,sufficient,insufficient_evidence
2020-02-03,0.0,-0.5625,0.0,0.0,0.0,0.0,0.0,2,8,221,2,204,2,4,9,0,insufficient_evidence,sufficient,insufficient_evidence,insufficient_evidence,sufficient,insufficient_evidence
2020-02-04,0.0,-0.5625,0.0,0.0,0.0,0.0,0.0,1,8,221,2,204,2,4,9,0,insufficient_evidence,sufficient,insufficient_evidence,insufficient_evidence,sufficient,insufficient_evidence
2020-02-05,0.0,-0.5625,0.0,0.0,0.0,0.0,0.0,1,8,221,2,204,2,4,9,0,insufficient_evidence,sufficient,insufficient_evidence,insufficient_evidence,sufficient,insufficient_evidence
2020-02-06,0.0,-0.5625,0.0,0.0,0.0,0.0,0.0,1,8,221,2,204,2,4,9,0,insufficient_evidence,sufficient,insufficient_evidence,insufficient_evidence,sufficient,insufficient_evidence
2020-02-07,0.0,-0.5625,0.0,0.0,0.0,0.0,0.0,1,8,221,2,204,2,4,9,0,insufficient_evidence,sufficient,insufficient_evidence,insufficient_evidence,sufficient,insufficient_evidence
2020-02-10,0.0,-0.5625,0.0,0.0,0.0,0.0,0.0,1,8,222,2,205,2,4,9,0,insufficient_evidence,sufficient,insufficient_evidence,insufficient_evidence,sufficient,insufficient_evidence
2020-02-11,0.0,-0.5625,0.0,0.0,0.0,0.0,0.0,1,8,222,2,205,2,4,9,0,insufficient_evidence,sufficient,insufficient_evidence,insufficient_evidence,sufficient,insufficient_evidence
2020-02-12,0.0,-0.5625,0.0,0.0,0.0,0.0,0.0,1,8,222,2,205,2,4,9,0,insufficient_evidence,sufficient,insufficient_evidence,insufficient_evidence,sufficient,insufficient_evidence
2020-02-13,0.0,-0.5625,0.0,0.0,0.0,0.0,0.0,1,8,222,2,205,2,4,9,0,insufficient_evidence,sufficient,insufficient_evidence,insufficient_evidence,sufficient,insufficient_evidence
2020-02-14,0.0,-0.5625,0.0,0.0,0.0,0.0,0.0,1,8,222,2,205,2,4,9,0,insufficient_evidence,sufficient,insufficient_evidence,insufficient_evidence,sufficient,insufficient_evidence
2020-02-17,0.0,-0.5625,0.0,0.0,0.0,0.0,0.0,1,8,223,2,206,2,4,9,0,insufficient_evidence,sufficient,insufficient_evidence,insufficient_evidence,sufficient,insufficient_evidence
2020-02-18,0.0,-0.5625,0.0,0.0,0.0,0.0,0.0,1,8,223,2,206,2,4,9,0,insufficient_evidence,sufficient,insufficient_evidence,insufficient_evidence,sufficient,insufficient_evidence
2020-02-19,0.0,-0.5625,0.0,0.0,0.0,0.0,0.0,2,8,223,2,206,2,4,9,0,insufficient_evidence,sufficient,insufficient_evidence,insufficient_evidence,sufficient,insufficient_evidence
2020-02-20,0.0,-0.5625,0.0,0.0,0.0,0.0,0.0,2,8,223,2,206,2,4,9,0,insufficient_evidence,sufficient,insufficient_evidence,insufficient_evidence,sufficient,insufficient_evidence
2020-02-21,0.0,-0.5625,0.0,0.0,0.0,0.0,0.0,2,8,223,2,206,2,4,9,0,insufficient_evidence,sufficient,insufficient_evidence,insufficient_evidence,sufficient,insufficient_evidence
2020-02-24,0.0,0.0,0.0,0.0,0.0,0.0,0.0,2,8,224,2,207,2,4,9,0,insufficient_evidence,sufficient,insufficient_evidence,insufficient_evidence,sufficient,insufficient_evidence
2020-02-25,0.0,0.0,0.0,0.0,0.0,0.0,0.0,2,8,224,2,207,2,4,9,0,insufficient_evidence,sufficient,insufficient_evidence,insufficient_evidence,sufficient,insufficient_evidence
2020-02-26,0.0,0.0,0.0,0.0,0.0,0.0,0.0,1,8,224,2,207,2,4,9,0,insufficient_evidence,sufficient,insufficient_evidence,insufficient_evidence,sufficient,insufficient_evidence
2020-02-27,0.0,0.0,0.0,0.0,0.0,0.0,0.0,1,8,224,2,207,2,4,9,0,insufficient_evidence,sufficient,insufficient_evidence,insufficient_evidence,sufficient,insufficient_evidence
2020-02-28,0.0,0.0,0.0,0.0,0.0,0.0,0.0,1,8,224,2,207,2,4,9,0,insufficient_evidence,sufficient,insufficient_evidence,insufficient_evidence,sufficient,insufficient_evidence
2020-03-02,0.0,0.0,0.0,0.0,0.0,0.0,0.0,1,8,225,2,208,2,4,9,0,insufficient_evidence,sufficient,insufficient_evidence,insufficient_evidence,sufficient,insufficient_evidence
2020-03-03,0.0,0.0,0.0,0.0,0.0,0.0,0.0,1,8,225,2,208,2,4,9,0,insufficient_evidence,sufficient,insufficient_evidence,insufficient_evidence,sufficient,insufficient_evidence
2020-03-04,0.0,0.0,0.0,0.0,0.0,0.0,0.0,1,8,225,2,208,2,4,9,0,insufficient_evidence,sufficient,insufficient_evidence,insufficient_evidence,sufficient,insufficient_evidence
2020-03-05,0.0,0.0,0.0,0.0,0.0,0.0,0.0,1,8,225,2,208,2,4,9,0,insufficient_evidence,sufficient,insufficient_evidence,insufficient_evidence,sufficient,insufficient_evidence
2020-03-06,0.0,0.0,0.0,0.0,0.0,0.0,0.0,1,8,225,2,208,2,4,9,0,insufficient_evidence,sufficient,insufficient_evidence,insufficient_evidence,sufficient,insufficient_evidence
2020-03-09,0.0,0.0,0.0,0.0,0.0,0.0,0.0,1,8,225,2,208,2,4,9,0,insufficient_evidence,sufficient,insufficient_evidence,insufficient_evidence,sufficient,insufficient_evidence
2020-03-10,0.0,0.0,0.0,0.0,0.0,0.0,0.0,1,8,225,2,208,2,4,9,0,insufficient_evidence,sufficient,insufficient_evidence,insufficient_evidence,sufficient,insufficient_evidence
2020-03-11,0.0,0.0,0.0,0.0,0.0,0.0,0.0,1,8,225,2,208,2,4,9,0,insufficient_evidence,sufficient,insufficient_evidence,insufficient_evidence,sufficient,insufficient_evidence
2020-03-12,0.0,0.0,0.0,0.0,0.0,0.0,0.0,1,8,225,2,208,2,4,9,0,insufficient_evidence,sufficient,insufficient_evidence,insufficient_evidence,sufficient,insufficient_evidence
2020-03-13,0.0,0.0,0.0,0.0,0.0,0.0,0.0,1,8,225,2,208,2,4,9,0,insufficient_evidence,sufficient,insufficient_evidence,insufficient_evidence,sufficient,insufficient_evidence
2020-03-16,0.0,-0.5625,0.0,0.0,0.0,0.0,0.0,1,8,227,2,210,2,4,9,0,insufficient_evidence,sufficient,insufficient_evidence,insufficient_evidence,sufficient,insufficient_evidence
2020-03-17,0.0,-0.5625,0.0,0.0,0.0,0.0,0.0,1,8,227,2,210,2,4,9,0,insufficient_evidence,sufficient,insufficient_evidence,insufficient_evidence,sufficient,insufficient_evidence
2020-03-18,0.0,-0.5625,0.0,0.0,0.0,0.0,0.0,1,8,227,2,210,2,4,9,0,insufficient_evidence,sufficient,insufficient_evidence,insufficient_evidence,sufficient,insufficient_evidence
2020-03-19,0.0,-0.5625,0.0,0.0,0.0,0.0,0.0,1,8,227,2,210,2,4,9,0,insufficient_evidence,sufficient,insufficient_evidence,insufficient_evidence,sufficient,insufficient_evidence
2020-03-20,0.0,-0.5625,0.0,0.0,0.0,0.0,0.0,1,8,227,2,210,2,4,9,0,insufficient_evidence,sufficient,insufficient_evidence,insufficient_evidence,sufficient,insufficient_evidence
2020-03-23,0.0,0.0,0.0,0.0,0.0,0.0,0.0,1,8,228,2,211,2,4,9,0,insufficient_evidence,sufficient,insufficient_evidence,insufficient_evidence,sufficient,insufficient_evidence
2020-03-24,0.0,0.0,0.0,0.0,0.0,0.0,0.0,1,8,228,2,211,2,4,9,0,insufficient_evidence,sufficient,insufficient_evidence,insufficient_evidence,sufficient,insufficient_evidence
2020-03-25,0.0,0.0,0.0,0.0,0.0,0.0,0.0,1,8,228,2,211,2,4,9,0,insufficient_evidence,sufficient,insufficient_evidence,insufficient_evidence,sufficient,insufficient_evidence
2020-03-26,0.0,0.0,0.0,0.0,0.0,0.0,0.0,1,8,228,2,211,2,4,9,0,insufficient_evidence,sufficient,insufficient_evidence,insufficient_evidence,sufficient,insufficient_evidence
2020-03-27,0.0,0.0,0.0,0.0,0.0,0.0,0.0,1,8,228,2,211,2,4,9,0,insufficient_evidence,sufficient,insufficient_evidence,insufficient_evidence,sufficient,insufficient_evidence
2020-03-30,0.0,-0.5625,0.0,0.0,0.0,0.0,0.0,1,8,229,2,212,2,4,9,0,insufficient_evidence,sufficient,insufficient_evidence,insufficient_evidence,sufficient,insufficient_evidence
2020-03-31,0.0,-0.5625,0.0,0.0,0.0,0.0,0.0,1,8,229,2,212,2,4,9,0,insufficient_evidence,sufficient,insufficient_evidence,insufficient_evidence,sufficient,insufficient_evidence
2020-04-01,0.0,-0.5625,0.0,0.0,0.0,0.0,0.0,1,8,229,2,212,2,4,9,0,insufficient_evidence,sufficient,insufficient_evidence,insufficient_evidence,sufficient,insufficient_evidence
2020-04-02,0.0,-0.5625,0.0,0.0,0.0,0.0,0.0,1,8,229,2,212,2,4,9,0,insufficient_evidence,sufficient,insufficient_evidence,insufficient_evidence,sufficient,insufficient_evidence
2020-04-03,0.0,-0.5625,0.0,0.0,0.0,0.0,0.0,1,8,229,2,212,2,4,9,0,insufficient_evidence,sufficient,insufficient_evidence,insufficient_evidence,sufficient,insufficient_evidence
2020-04-07,0.0,0.0,0.0,0.0,0.0,0.0,0.0,1,8,230,2,213,2,4,9,0,insufficient_evidence,sufficient,insufficient_evidence,insufficient_evidence,sufficient,insufficient_evidence
2020-04-08,0.0,0.0,0.0,0.0,0.0,0.0,0.0,1,8,230,2,213,2,4,9,0,insufficient_evidence,sufficient,insufficient_evidence,insufficient_evidence,sufficient,insufficient_evidence
2020-04-09,0.0,0.0,0.0,0.0,0.0,0.0,0.0,1,8,230,2,213,2,4,9,0,insufficient_evidence,sufficient,insufficient_evidence,insufficient_evidence,sufficient,insufficient_evidence
2020-04-10,0.0,0.0,0.0,0.0,0.0,0.0,0.0,1,8,230,2,213,2,4,9,0,insufficient_evidence,sufficient,insufficient_evidence,insufficient_evidence,sufficient,insufficient_evidence
2020-04-13,0.0,0.0,0.0,0.0,0.0,0.0,0.0,2,8,230,2,213,2,4,9,0,insufficient_evidence,sufficient,insufficient_evidence,insufficient_evidence,sufficient,insufficient_evidence
2020-04-14,0.0,0.0,0.0,0.0,0.0,0.0,0.0,1,8,230,2,213,2,4,9,0,insufficient_evidence,sufficient,insufficient_evidence,insufficient_evidence,sufficient,insufficient_evidence
2020-04-15,0.0,0.0,0.0,0.0,0.0,0.0,0.0,1,8,230,2,213,2,4,9,0,insufficient_evidence,sufficient,insufficient_evidence,insufficient_evidence,sufficient,insufficient_evidence
2020-04-16,0.0,0.0,0.0,0.0,0.0,0.0,0.0,1,8,230,2,213,2,4,9,0,insufficient_evidence,sufficient,insufficient_evidence,insufficient_evidence,sufficient,insufficient_evidence
2020-04-17,0.0,0.0,0.0,0.0,0.0,0.0,0.0,1,8,230,2,213,2,4,9,0,insufficient_evidence,sufficient,insufficient_evidence,insufficient_evidence,sufficient,insufficient_evidence
2020-04-20,0.0,0.0,0.0,0.0,0.0,0.0,0.0,1,8,230,2,213,2,4,9,0,insufficient_evidence,sufficient,insufficient_evidence,insufficient_evidence,sufficient,insufficient_evidence
2020-04-21,0.0,0.0,0.0,0.0,0.0,0.0,0.0,1,8,230,2,213,2,4,9,0,insufficient_evidence,sufficient,insufficient_evidence,insufficient_evidence,sufficient,insufficient_evidence
2020-04-22,0.0,0.0,0.0,0.0,0.0,0.0,0.0,1,8,230,2,213,2,4,9,0,insufficient_evidence,sufficient,insufficient_evidence,insufficient_evidence,sufficient,insufficient_evidence
2020-04-23,0.0,0.0,0.0,0.0,0.0,0.0,0.0,1,8,230,2,213,2,4,9,0,insufficient_evidence,sufficient,insufficient_evidence,insufficient_evidence,sufficient,insufficient_evidence
2020-04-24,0.0,0.0,0.0,0.0,0.0,0.0,0.0,1,8,230,2,213,2,4,9,0,insufficient_evidence,sufficient,insufficient_evidence,insufficient_evidence,sufficient,insufficient_evidence
2020-04-26,0.0,0.0,0.0,0.0,0.0,0.0,0.0,0,8,230,2,213,2,4,9,0,insufficient_evidence,sufficient,insufficient_evidence,insufficient_evidence,sufficient,insufficient_evidence
2020-04-27,0.0,0.0,0.0,0.0,0.0,0.0,0.0,1,8,230,2,213,2,4,9,0,insufficient_evidence,sufficient,insufficient_evidence,insufficient_evidence,sufficient,insufficient_evidence
2020-04-28,0.0,0.0,0.0,0.0,0.0,0.0,0.0,1,8,230,2,213,2,4,9,0,insufficient_evidence,sufficient,insufficient_evidence,insufficient_evidence,sufficient,insufficient_evidence
2020-04-29,0.0,0.0,0.0,0.0,0.0,0.0,0.0,1,8,230,2,213,2,4,9,0,insufficient_evidence,sufficient,insufficient_evidence,insufficient_evidence,sufficient,insufficient_evidence
2020-04-30,0.0,0.0,0.0,0.0,0.0,0.0,0.0,1,8,230,2,213,2,4,9,0,insufficient_evidence,sufficient,insufficient_evidence,insufficient_evidence,sufficient,insufficient_evidence
2020-05-06,0.0,0.0,0.0,0.0,0.0,0.0,0.0,2,8,230,2,213,2,4,9,0,insufficient_evidence,sufficient,insufficient_evidence,insufficient_evidence,sufficient,insufficient_evidence
2020-05-07,0.0,0.0,0.0,0.0,0.0,0.0,0.0,1,8,230,2,213,2,4,9,0,insufficient_evidence,sufficient,insufficient_evidence,insufficient_evidence,sufficient,insufficient_evidence
2020-05-08,0.0,0.0,0.0,0.0,0.0,0.0,0.0,1,8,230,2,213,2,4,9,0,insufficient_evidence,sufficient,insufficient_evidence,insufficient_evidence,sufficient,insufficient_evidence
2020-05-09,0.0,0.0,0.0,0.0,0.0,0.0,0.0,1,8,230,2,213,2,4,9,0,insufficient_evidence,sufficient,insufficient_evidence,insufficient_evidence,sufficient,insufficient_evidence
2020-05-11,0.0,0.0,0.0,0.0,0.0,0.0,0.0,3,8,230,2,213,2,4,9,0,insufficient_evidence,sufficient,insufficient_evidence,insufficient_evidence,sufficient,insufficient_evidence
2020-05-12,0.0,0.0,0.0,0.0,0.0,0.0,0.0,2,8,230,2,213,2,4,9,0,insufficient_evidence,sufficient,insufficient_evidence,insufficient_evidence,sufficient,insufficient_evidence
2020-05-13,0.0,0.0,0.0,0.0,0.0,0.0,0.0,2,8,230,2,213,2,4,9,0,insufficient_evidence,sufficient,insufficient_evidence,insufficient_evidence,sufficient,insufficient_evidence
2020-05-14,0.0,0.0,0.0,0.0,0.0,0.0,0.0,2,8,230,2,213,2,4,9,0,insufficient_evidence,sufficient,insufficient_evidence,insufficient_evidence,sufficient,insufficient_evidence
2020-05-15,0.0,0.0,0.0,0.0,0.0,0.0,0.0,2,8,230,2,213,2,4,9,0,insufficient_evidence,sufficient,insufficient_evidence,insufficient_evidence,sufficient,insufficient_evidence
2020-05-18,0.0,0.0,0.0,0.0,0.0,0.0,0.0,2,8,230,2,213,2,4,9,0,insufficient_evidence,sufficient,insufficient_evidence,insufficient_evidence,sufficient,insufficient_evidence
2020-05-19,0.0,0.0,0.0,0.0,0.0,0.0,0.0,2,8,230,2,213,2,4,9,0,insufficient_evidence,sufficient,insufficient_evidence,insufficient_evidence,sufficient,insufficient_evidence
2020-05-20,0.0,0.0,0.0,0.0,0.0,0.0,0.0,2,8,230,2,213,2,4,9,0,insufficient_evidence,sufficient,insufficient_evidence,insufficient_evidence,sufficient,insufficient_evidence
2020-05-21,0.0,0.0,0.0,0.0,0.0,0.0,0.0,2,8,230,2,213,2,4,9,0,insufficient_evidence,sufficient,insufficient_evidence,insufficient_evidence,sufficient,insufficient_evidence
2020-05-22,0.0,0.0,0.0,0.0,0.0,0.0,0.0,2,8,230,2,213,2,4,9,0,insufficient_evidence,sufficient,insufficient_evidence,insufficient_evidence,sufficient,insufficient_evidence
2020-05-25,0.0,0.0,0.0,0.0,0.0,0.0,0.0,1,8,230,2,213,2,4,9,0,insufficient_evidence,sufficient,insufficient_evidence,insufficient_evidence,sufficient,insufficient_evidence
2020-05-26,0.0,0.0,0.0,0.0,0.0,0.0,0.0,1,8,230,2,213,2,4,9,0,insufficient_evidence,sufficient,insufficient_evidence,insufficient_evidence,sufficient,insufficient_evidence
2020-05-27,0.0,0.0,0.0,0.0,0.0,0.0,0.0,1,8,230,2,213,2,4,9,0,insufficient_evidence,sufficient,insufficient_evidence,insufficient_evidence,sufficient,insufficient_evidence
2020-05-28,0.0,0.0,0.0,0.0,0.0,0.0,0.0,1,8,230,2,213,2,4,9,0,insufficient_evidence,sufficient,insufficient_evidence,insufficient_evidence,sufficient,insufficient_evidence
2020-05-29,0.0,0.0,0.0,0.0,0.0,0.0,0.0,1,8,230,2,213,2,4,9,0,insufficient_evidence,sufficient,insufficient_evidence,insufficient_evidence,sufficient,insufficient_evidence
2020-06-01,0.0,0.0,0.0,0.0,0.0,0.0,0.0,1,8,231,2,214,2,4,9,0,insufficient_evidence,sufficient,insufficient_evidence,insufficient_evidence,sufficient,insufficient_evidence
2020-06-02,0.0,0.0,0.0,0.0,0.0,0.0,0.0,1,8,231,2,214,2,4,9,0,insufficient_evidence,sufficient,insufficient_evidence,insufficient_evidence,sufficient,insufficient_evidence
2020-06-03,0.0,0.0,0.0,0.0,0.0,0.0,0.0,1,8,231,2,214,2,4,9,0,insufficient_evidence,sufficient,insufficient_evidence,insufficient_evidence,sufficient,insufficient_evidence
2020-06-04,0.0,0.0,0.0,0.0,0.0,0.0,0.0,1,8,231,2,214,2,4,9,0,insufficient_evidence,sufficient,insufficient_evidence,insufficient_evidence,sufficient,insufficient_evidence
2020-06-05,0.0,0.0,0.0,0.0,0.0,0.0,0.0,1,8,231,2,214,2,4,9,0,insufficient_evidence,sufficient,insufficient_evidence,insufficient_evidence,sufficient,insufficient_evidence
2020-06-08,0.0,-0.5625,0.0,0.0,0.0,0.0,0.0,1,8,232,2,215,2,4,9,0,insufficient_evidence,sufficient,insufficient_evidence,insufficient_evidence,sufficient,insufficient_evidence
2020-06-09,0.0,-0.5625,0.0,0.0,0.0,0.0,0.0,1,8,232,2,215,2,4,9,0,insufficient_evidence,sufficient,insufficient_evidence,insufficient_evidence,sufficient,insufficient_evidence
2020-06-10,0.0,-0.5625,0.0,0.0,0.0,0.0,0.0,1,8,232,2,215,2,4,9,0,insufficient_evidence,sufficient,insufficient_evidence,insufficient_evidence,sufficient,insufficient_evidence
2020-06-11,0.0,-0.5625,0.0,0.0,0.0,0.0,0.0,1,8,232,2,215,2,4,9,0,insufficient_evidence,sufficient,insufficient_evidence,insufficient_evidence,sufficient,insufficient_evidence
2020-06-12,0.0,-0.5625,0.0,0.0,0.0,0.0,0.0,1,8,232,2,215,2,4,9,0,insufficient_evidence,sufficient,insufficient_evidence,insufficient_evidence,sufficient,insufficient_evidence
2020-06-15,0.0,-0.5625,0.0,0.0,0.0,0.0,0.0,1,8,233,2,216,2,4,9,0,insufficient_evidence,sufficient,insufficient_evidence,insufficient_evidence,sufficient,insufficient_evidence
2020-06-16,0.0,-0.5625,0.0,0.0,0.0,0.0,0.0,1,8,233,2,216,2,4,9,0,insufficient_evidence,sufficient,insufficient_evidence,insufficient_evidence,sufficient,insufficient_evidence
2020-06-17,0.0,-0.5625,0.0,0.0,0.0,0.0,0.0,1,8,233,2,216,2,4,9,0,insufficient_evidence,sufficient,insufficient_evidence,insufficient_evidence,sufficient,insufficient_evidence
2020-06-18,0.0,-0.5625,0.0,0.0,0.0,0.0,0.0,1,8,233,2,216,2,4,9,0,insufficient_evidence,sufficient,insufficient_evidence,insufficient_evidence,sufficient,insufficient_evidence
2020-06-19,0.0,-0.5625,0.0,0.0,0.0,0.0,0.0,1,8,233,2,216,2,4,9,0,insufficient_evidence,sufficient,insufficient_evidence,insufficient_evidence,sufficient,insufficient_evidence
2020-06-22,0.0,-0.5625,0.0,0.0,0.0,0.0,0.0,1,8,234,2,217,2,4,9,0,insufficient_evidence,sufficient,insufficient_evidence,insufficient_evidence,sufficient,insufficient_evidence
2020-06-23,0.0,-0.5625,0.0,0.0,0.0,0.0,0.0,1,8,234,2,217,2,4,9,0,insufficient_evidence,sufficient,insufficient_evidence,insufficient_evidence,sufficient,insufficient_evidence
2020-06-24,0.0,-0.5625,0.0,0.0,0.0,0.0,0.0,1,8,234,2,217,2,4,9,0,insufficient_evidence,sufficient,insufficient_evidence,insufficient_evidence,sufficient,insufficient_evidence
2020-06-28,0.0,-0.5625,0.0,0.0,0.0,0.0,0.0,1,8,234,2,217,2,4,9,0,insufficient_evidence,sufficient,insufficient_evidence,insufficient_evidence,sufficient,insufficient_evidence
2020-06-29,0.0,-0.5625,0.0,0.0,0.0,0.0,0.0,2,8,235,2,218,2,4,9,0,insufficient_evidence,sufficient,insufficient_evidence,insufficient_evidence,sufficient,insufficient_evidence
2020-06-30,0.0,-0.5625,0.0,0.0,0.0,0.0,0.0,1,8,235,2,218,2,4,9,0,insufficient_evidence,sufficient,insufficient_evidence,insufficient_evidence,sufficient,insufficient_evidence
2020-07-01,0.0,-0.5625,0.0,0.0,0.0,0.0,0.0,1,8,235,2,218,2,4,9,0,insufficient_evidence,sufficient,insufficient_evidence,insufficient_evidence,sufficient,insufficient_evidence
2020-07-02,0.0,-0.5625,0.0,0.0,0.0,0.0,0.0,1,8,235,2,218,2,4,9,0,insufficient_evidence,sufficient,insufficient_evidence,insufficient_evidence,sufficient,insufficient_evidence
2020-07-03,0.0,-0.5625,0.0,0.0,0.0,0.0,0.0,1,8,235,2,218,2,4,9,0,insufficient_evidence,sufficient,insufficient_evidence,insufficient_evidence,sufficient,insufficient_evidence
2020-07-06,0.0,0.0,0.0,0.0,0.0,0.0,0.0,1,8,235,2,218,2,4,9,0,insufficient_evidence,sufficient,insufficient_evidence,insufficient_evidence,sufficient,insufficient_evidence
2020-07-07,0.0,0.0,0.0,0.0,0.0,0.0,0.0,1,8,235,2,218,2,4,9,0,insufficient_evidence,sufficient,insufficient_evidence,insufficient_evidence,sufficient,insufficient_evidence
2020-07-08,0.0,0.0,0.0,0.0,0.0,0.0,0.0,1,8,235,2,218,2,4,9,0,insufficient_evidence,sufficient,insufficient_evidence,insufficient_evidence,sufficient,insufficient_evidence
2020-07-09,0.0,0.0,0.0,0.0,0.0,0.0,0.0,1,8,235,2,218,2,4,9,0,insufficient_evidence,sufficient,insufficient_evidence,insufficient_evidence,sufficient,insufficient_evidence
2020-07-10,0.0,0.0,0.0,0.0,0.0,0.0,0.0,1,8,235,2,218,2,4,9,0,insufficient_evidence,sufficient,insufficient_evidence,insufficient_evidence,sufficient,insufficient_evidence
2020-07-13,0.0,-0.5625,0.0,0.0,0.0,0.0,0.0,1,8,236,2,219,2,4,9,0,insufficient_evidence,sufficient,insufficient_evidence,insufficient_evidence,sufficient,insufficient_evidence
2020-07-14,0.0,-0.5625,0.0,0.0,0.0,0.0,0.0,1,8,236,2,219,2,4,9,0,insufficient_evidence,sufficient,insufficient_evidence,insufficient_evidence,sufficient,insufficient_evidence
2020-07-15,0.0,-0.5625,0.0,0.0,0.0,0.0,0.0,1,8,236,2,219,2,4,9,0,insufficient_evidence,sufficient,insufficient_evidence,insufficient_evidence,sufficient,insufficient_evidence
2020-07-16,0.0,-0.5625,0.0,0.0,0.0,0.0,0.0,1,8,236,2,219,2,4,9,0,insufficient_evidence,sufficient,insufficient_evidence,insufficient_evidence,sufficient,insufficient_evidence
2020-07-17,0.0,-0.5625,0.0,0.0,0.0,0.0,0.0,2,8,236,2,219,2,4,9,0,insufficient_evidence,sufficient,insufficient_evidence,insufficient_evidence,sufficient,insufficient_evidence
2020-07-20,0.0,-0.5625,0.0,0.0,0.0,0.0,0.0,2,8,237,2,220,2,4,9,0,insufficient_evidence,sufficient,insufficient_evidence,insufficient_evidence,sufficient,insufficient_evidence
2020-07-21,0.0,-0.5625,0.0,0.0,0.0,0.0,0.0,2,8,237,2,220,2,4,9,0,insufficient_evidence,sufficient,insufficient_evidence,insufficient_evidence,sufficient,insufficient_evidence
2020-07-22,0.0,-0.5625,0.0,0.0,0.0,0.0,0.0,2,8,237,2,220,2,4,9,0,insufficient_evidence,sufficient,insufficient_evidence,insufficient_evidence,sufficient,insufficient_evidence
2020-07-23,0.0,-0.5625,0.0,0.0,0.0,0.0,0.0,2,8,237,2,220,2,4,9,0,insufficient_evidence,sufficient,insufficient_evidence,insufficient_evidence,sufficient,insufficient_evidence
2020-07-24,0.0,-0.5625,0.0,0.0,0.0,0.0,0.0,1,8,237,2,220,2,4,9,0,insufficient_evidence,sufficient,insufficient_evidence,insufficient_evidence,sufficient,insufficient_evidence
2020-07-27,0.0,-0.5625,0.0,0.0,0.0,0.0,0.0,1,8,238,2,221,2,4,9,0,insufficient_evidence,sufficient,insufficient_evidence,insufficient_evidence,sufficient,insufficient_evidence
2020-07-28,0.0,-0.5625,0.0,0.0,0.0,0.0,0.0,1,8,238,2,221,2,4,9,0,insufficient_evidence,sufficient,insufficient_evidence,insufficient_evidence,sufficient,insufficient_evidence
2020-07-29,0.0,-0.5625,0.0,0.0,0.0,0.0,0.0,1,8,238,2,221,2,4,9,0,insufficient_evidence,sufficient,insufficient_evidence,insufficient_evidence,sufficient,insufficient_evidence
2020-07-30,0.0,-0.5625,0.0,0.0,0.0,0.0,0.0,1,8,238,2,221,2,4,9,0,insufficient_evidence,sufficient,insufficient_evidence,insufficient_evidence,sufficient,insufficient_evidence
2020-07-31,0.0,-0.5625,0.0,0.0,0.0,0.0,0.0,1,8,238,2,221,2,4,9,0,insufficient_evidence,sufficient,insufficient_evidence,insufficient_evidence,sufficient,insufficient_evidence
2020-08-03,0.0,0.0,0.0,0.0,0.0,0.0,0.0,1,8,238,2,221,2,4,9,0,insufficient_evidence,sufficient,insufficient_evidence,insufficient_evidence,sufficient,insufficient_evidence
2020-08-04,0.0,0.0,0.0,0.0,0.0,0.0,0.0,1,8,238,2,221,2,4,9,0,insufficient_evidence,sufficient,insufficient_evidence,insufficient_evidence,sufficient,insufficient_evidence
2020-08-05,0.0,0.0,0.0,0.0,0.0,0.0,0.0,1,8,238,2,221,2,4,9,0,insufficient_evidence,sufficient,insufficient_evidence,insufficient_evidence,sufficient,insufficient_evidence
2020-08-06,0.0,0.0,0.0,0.0,0.0,0.0,0.0,2,8,238,2,221,2,4,9,0,insufficient_evidence,sufficient,insufficient_evidence,insufficient_evidence,sufficient,insufficient_evidence
2020-08-07,0.0,0.0,0.0,0.0,0.0,0.0,0.0,2,8,238,2,221,2,4,9,0,insufficient_evidence,sufficient,insufficient_evidence,insufficient_evidence,sufficient,insufficient_evidence
2020-08-10,0.0,-0.5625,0.0,0.0,0.0,0.0,0.0,2,8,239,2,222,2,4,9,0,insufficient_evidence,sufficient,insufficient_evidence,insufficient_evidence,sufficient,insufficient_evidence
2020-08-11,0.0,-0.5625,0.0,0.0,0.0,0.0,0.0,2,8,239,2,222,2,4,9,0,insufficient_evidence,sufficient,insufficient_evidence,insufficient_evidence,sufficient,insufficient_evidence
2020-08-12,0.0,-0.5625,0.0,0.0,0.0,0.0,0.0,2,8,239,2,222,2,4,9,0,insufficient_evidence,sufficient,insufficient_evidence,insufficient_evidence,sufficient,insufficient_evidence
2020-08-13,0.0,-0.5625,0.0,0.0,0.0,0.0,0.0,1,8,239,2,222,2,4,9,0,insufficient_evidence,sufficient,insufficient_evidence,insufficient_evidence,sufficient,insufficient_evidence
2020-08-14,0.0,-0.5625,0.0,0.0,0.0,0.0,0.0,1,8,239,2,222,2,4,9,0,insufficient_evidence,sufficient,insufficient_evidence,insufficient_evidence,sufficient,insufficient_evidence
2020-08-17,0.0,-0.5625,0.0,0.0,0.0,0.0,0.0,2,8,240,2,223,2,4,9,0,insufficient_evidence,sufficient,insufficient_evidence,insufficient_evidence,sufficient,insufficient_evidence
2020-08-18,0.0,-0.5625,0.0,0.0,0.0,0.0,0.0,2,8,240,2,223,2,4,9,0,insufficient_evidence,sufficient,insufficient_evidence,insufficient_evidence,sufficient,insufficient_evidence
2020-08-19,0.0,-0.5625,0.0,0.0,0.0,0.0,0.0,2,8,240,2,223,2,4,9,0,insufficient_evidence,sufficient,insufficient_evidence,insufficient_evidence,sufficient,insufficient_evidence
2020-08-20,0.0,-0.5625,0.0,0.0,0.0,0.0,0.0,2,8,240,2,223,2,4,9,0,insufficient_evidence,sufficient,insufficient_evidence,insufficient_evidence,sufficient,insufficient_evidence
2020-08-21,0.0,-0.5625,0.0,0.0,0.0,0.0,0.0,2,8,240,2,223,2,4,9,0,insufficient_evidence,sufficient,insufficient_evidence,insufficient_evidence,sufficient,insufficient_evidence
2020-08-24,0.0,-0.5625,0.0,0.0,0.0,0.0,0.0,1,8,241,2,224,2,4,9,0,insufficient_evidence,sufficient,insufficient_evidence,insufficient_evidence,sufficient,insufficient_evidence
2020-08-25,0.0,-0.5625,0.0,0.0,0.0,0.0,0.0,1,8,241,2,224,2,4,9,0,insufficient_evidence,sufficient,insufficient_evidence,insufficient_evidence,sufficient,insufficient_evidence
2020-08-26,0.0,-0.5625,0.0,0.0,0.0,0.0,0.0,1,8,241,2,224,2,4,9,0,insufficient_evidence,sufficient,insufficient_evidence,insufficient_evidence,sufficient,insufficient_evidence
2020-08-27,0.0,-0.5625,0.0,0.0,0.0,0.0,0.0,1,8,241,2,224,2,4,9,0,insufficient_evidence,sufficient,insufficient_evidence,insufficient_evidence,sufficient,insufficient_evidence
2020-08-28,0.0,-0.5625,0.0,0.0,0.0,0.0,0.0,1,8,241,2,224,2,4,9,0,insufficient_evidence,sufficient,insufficient_evidence,insufficient_evidence,sufficient,insufficient_evidence
2020-08-31,0.0,-0.5625,0.0,0.0,0.0,0.0,0.0,1,8,242,2,225,2,4,9,0,insufficient_evidence,sufficient,insufficient_evidence,insufficient_evidence,sufficient,insufficient_evidence
2020-09-01,0.0,-0.5625,0.0,0.0,0.0,0.0,0.0,1,8,242,2,225,2,4,9,0,insufficient_evidence,sufficient,insufficient_evidence,insufficient_evidence,sufficient,insufficient_evidence
2020-09-02,0.0,-0.5625,0.0,0.0,0.0,0.0,0.0,1,8,242,2,225,2,4,9,0,insufficient_evidence,sufficient,insufficient_evidence,insufficient_evidence,sufficient,insufficient_evidence
2020-09-03,0.0,-0.5625,0.0,0.0,0.0,0.0,0.0,1,8,242,2,225,2,4,9,0,insufficient_evidence,sufficient,insufficient_evidence,insufficient_evidence,sufficient,insufficient_evidence
2020-09-04,0.0,-0.5625,0.0,0.0,0.0,0.0,0.0,1,8,242,2,225,2,4,9,0,insufficient_evidence,sufficient,insufficient_evidence,insufficient_evidence,sufficient,insufficient_evidence
2020-09-07,0.0,0.0,0.0,0.0,0.0,0.0,0.0,1,8,242,2,225,2,4,9,0,insufficient_evidence,sufficient,insufficient_evidence,insufficient_evidence,sufficient,insufficient_evidence
2020-09-08,0.0,0.0,0.0,0.0,0.0,0.0,0.0,1,8,242,2,225,2,4,9,0,insufficient_evidence,sufficient,insufficient_evidence,insufficient_evidence,sufficient,insufficient_evidence
2020-09-09,0.0,0.0,0.0,0.0,0.0,0.0,0.0,1,8,242,2,225,2,4,9,0,insufficient_evidence,sufficient,insufficient_evidence,insufficient_evidence,sufficient,insufficient_evidence
2020-09-10,0.0,0.0,0.0,0.0,0.0,0.0,0.0,1,8,242,2,225,2,4,9,0,insufficient_evidence,sufficient,insufficient_evidence,insufficient_evidence,sufficient,insufficient_evidence
2020-09-11,0.0,0.0,0.0,0.0,0.0,0.0,0.0,1,8,242,2,225,2,4,9,0,insufficient_evidence,sufficient,insufficient_evidence,insufficient_evidence,sufficient,insufficient_evidence
2020-09-14,0.0,-0.5625,0.0,0.0,0.0,0.0,0.0,1,8,243,2,226,2,4,9,0,insufficient_evidence,sufficient,insufficient_evidence,insufficient_evidence,sufficient,insufficient_evidence
2020-09-15,0.0,-0.5625,0.0,0.0,0.0,0.0,0.0,2,8,243,2,226,2,4,9,0,insufficient_evidence,sufficient,insufficient_evidence,insufficient_evidence,sufficient,insufficient_evidence
2020-09-16,0.0,-0.5625,0.0,0.0,0.0,0.0,0.0,3,8,243,2,226,2,4,9,0,insufficient_evidence,sufficient,insufficient_evidence,insufficient_evidence,sufficient,insufficient_evidence
2020-09-17,0.0,-0.5625,0.0,0.0,0.0,0.0,0.0,3,8,243,2,226,2,4,9,0,insufficient_evidence,sufficient,insufficient_evidence,insufficient_evidence,sufficient,insufficient_evidence
2020-09-18,0.0,-0.5625,0.0,0.0,0.0,0.0,0.0,3,8,243,2,226,2,4,9,0,insufficient_evidence,sufficient,insufficient_evidence,insufficient_evidence,sufficient,insufficient_evidence
2020-09-21,0.0,-0.5625,0.0,0.0,0.0,0.0,0.0,3,8,245,2,228,2,4,9,0,insufficient_evidence,sufficient,insufficient_evidence,insufficient_evidence,sufficient,insufficient_evidence
2020-09-22,0.0,-0.5625,0.0,0.0,0.0,0.0,0.0,2,8,245,2,228,2,4,9,0,insufficient_evidence,sufficient,insufficient_evidence,insufficient_evidence,sufficient,insufficient_evidence
2020-09-23,0.0,-0.5625,0.0,0.0,0.0,0.0,0.0,1,8,245,2,228,2,4,9,0,insufficient_evidence,sufficient,insufficient_evidence,insufficient_evidence,sufficient,insufficient_evidence
2020-09-24,0.0,-0.5625,0.0,0.0,0.0,0.0,0.0,1,8,245,2,228,2,4,9,0,insufficient_evidence,sufficient,insufficient_evidence,insufficient_evidence,sufficient,insufficient_evidence
2020-09-25,0.0,-0.5625,0.0,0.0,0.0,0.0,0.0,1,8,245,2,228,2,4,9,0,insufficient_evidence,sufficient,insufficient_evidence,insufficient_evidence,sufficient,insufficient_evidence
2020-09-27,0.0,0.0,0.0,0.0,0.0,0.0,0.0,0,8,245,2,228,2,4,9,0,insufficient_evidence,sufficient,insufficient_evidence,insufficient_evidence,sufficient,insufficient_evidence
2020-09-28,0.0,-0.585,0.0,0.0,0.0,0.0,0.0,1,8,246,2,229,2,4,9,0,insufficient_evidence,sufficient,insufficient_evidence,insufficient_evidence,sufficient,insufficient_evidence
2020-09-29,0.0,-0.585,0.0,0.0,0.0,0.0,0.0,1,8,246,2,229,2,4,9,0,insufficient_evidence,sufficient,insufficient_evidence,insufficient_evidence,sufficient,insufficient_evidence
2020-09-30,0.0,-0.585,0.0,0.0,0.0,0.0,0.0,1,8,246,2,229,2,4,9,0,insufficient_evidence,sufficient,insufficient_evidence,insufficient_evidence,sufficient,insufficient_evidence
2020-10-09,0.0,-0.585,0.0,0.0,0.0,0.0,0.0,2,8,246,2,229,2,4,9,0,insufficient_evidence,sufficient,insufficient_evidence,insufficient_evidence,sufficient,insufficient_evidence
2020-10-10,0.0,-0.585,0.0,0.0,0.0,0.0,0.0,2,8,246,2,229,2,4,9,0,insufficient_evidence,sufficient,insufficient_evidence,insufficient_evidence,sufficient,insufficient_evidence
2020-10-12,0.0,0.0,0.0,0.0,0.0,0.0,0.0,2,8,247,2,230,2,4,9,0,insufficient_evidence,sufficient,insufficient_evidence,insufficient_evidence,sufficient,insufficient_evidence
2020-10-13,0.0,0.0,0.0,0.0,0.0,0.0,0.0,2,8,247,2,230,2,4,9,0,insufficient_evidence,sufficient,insufficient_evidence,insufficient_evidence,sufficient,insufficient_evidence
2020-10-14,0.0,0.0,0.0,0.0,0.0,0.0,0.0,2,8,247,2,230,2,4,9,0,insufficient_evidence,sufficient,insufficient_evidence,insufficient_evidence,sufficient,insufficient_evidence
2020-10-15,0.0,0.0,0.0,0.0,0.0,0.0,0.0,1,8,247,2,230,2,4,9,0,insufficient_evidence,sufficient,insufficient_evidence,insufficient_evidence,sufficient,insufficient_evidence
2020-10-16,0.0,0.0,0.0,0.0,0.0,0.0,0.0,1,8,247,2,230,2,4,9,0,insufficient_evidence,sufficient,insufficient_evidence,insufficient_evidence,sufficient,insufficient_evidence
2020-10-19,0.0,-0.5625,0.0,0.0,0.0,0.0,0.0,1,8,248,2,231,2,4,9,0,insufficient_evidence,sufficient,insufficient_evidence,insufficient_evidence,sufficient,insufficient_evidence
2020-10-20,0.0,-0.5625,0.0,0.0,0.0,0.0,0.0,2,8,248,2,231,2,4,9,0,insufficient_evidence,sufficient,insufficient_evidence,insufficient_evidence,sufficient,insufficient_evidence
2020-10-21,0.0,-0.5625,0.0,0.0,0.0,0.0,0.0,2,8,248,2,231,2,4,9,0,insufficient_evidence,sufficient,insufficient_evidence,insufficient_evidence,sufficient,insufficient_evidence
2020-10-22,0.0,-0.5625,0.0,0.0,0.0,0.0,0.0,2,8,248,2,231,2,4,9,0,insufficient_evidence,sufficient,insufficient_evidence,insufficient_evidence,sufficient,insufficient_evidence
2020-10-23,0.0,-0.5625,0.0,0.0,0.0,0.0,0.0,2,8,248,2,231,2,4,9,0,insufficient_evidence,sufficient,insufficient_evidence,insufficient_evidence,sufficient,insufficient_evidence
2020-10-26,0.0,-0.5625,0.0,0.0,0.0,0.0,0.0,2,8,249,2,232,2,4,9,0,insufficient_evidence,sufficient,insufficient_evidence,insufficient_evidence,sufficient,insufficient_evidence
2020-10-27,0.0,-0.5625,0.0,0.0,0.0,0.0,0.0,1,8,249,2,232,2,4,9,0,insufficient_evidence,sufficient,insufficient_evidence,insufficient_evidence,sufficient,insufficient_evidence
2020-10-28,0.0,-0.5625,0.0,0.0,0.0,0.0,0.0,1,8,249,2,232,2,4,9,0,insufficient_evidence,sufficient,insufficient_evidence,insufficient_evidence,sufficient,insufficient_evidence
2020-10-29,0.0,-0.5625,0.0,0.0,0.0,0.0,0.0,1,8,249,2,232,2,4,9,0,insufficient_evidence,sufficient,insufficient_evidence,insufficient_evidence,sufficient,insufficient_evidence
2020-10-30,0.0,-0.5625,0.0,0.0,0.0,0.0,0.0,1,8,249,2,232,2,4,9,0,insufficient_evidence,sufficient,insufficient_evidence,insufficient_evidence,sufficient,insufficient_evidence
2020-11-02,0.0,-0.5625,0.0,0.0,0.0,0.0,0.0,1,8,250,2,233,2,4,9,0,insufficient_evidence,sufficient,insufficient_evidence,insufficient_evidence,sufficient,insufficient_evidence
2020-11-03,0.0,-0.5625,0.0,0.0,0.0,0.0,0.0,1,8,250,2,233,2,4,9,0,insufficient_evidence,sufficient,insufficient_evidence,insufficient_evidence,sufficient,insufficient_evidence
2020-11-04,0.0,-0.5625,0.0,0.0,0.0,0.0,0.0,1,8,250,2,233,2,4,9,0,insufficient_evidence,sufficient,insufficient_evidence,insufficient_evidence,sufficient,insufficient_evidence
2020-11-05,0.0,-0.5625,0.0,0.0,0.0,0.0,0.0,1,8,250,2,233,2,4,9,0,insufficient_evidence,sufficient,insufficient_evidence,insufficient_evidence,sufficient,insufficient_evidence
2020-11-06,0.0,-0.5625,0.0,0.0,0.0,0.0,0.0,1,8,250,2,233,2,4,9,0,insufficient_evidence,sufficient,insufficient_evidence,insufficient_evidence,sufficient,insufficient_evidence
2020-11-09,0.0,0.0,0.0,0.0,0.0,0.0,0.0,1,8,250,2,233,2,4,9,0,insufficient_evidence,sufficient,insufficient_evidence,insufficient_evidence,sufficient,insufficient_evidence
2020-11-10,0.0,0.0,0.0,0.0,0.0,0.0,0.0,1,8,250,2,233,2,4,9,0,insufficient_evidence,sufficient,insufficient_evidence,insufficient_evidence,sufficient,insufficient_evidence
2020-11-11,0.0,0.0,0.0,0.0,0.0,0.0,0.0,1,8,250,2,233,2,4,9,0,insufficient_evidence,sufficient,insufficient_evidence,insufficient_evidence,sufficient,insufficient_evidence
2020-11-12,0.0,0.0,0.0,0.0,0.0,0.0,0.0,1,8,250,2,233,2,4,9,0,insufficient_evidence,sufficient,insufficient_evidence,insufficient_evidence,sufficient,insufficient_evidence
2020-11-13,0.0,0.0,0.0,0.0,0.0,0.0,0.0,1,8,250,2,233,2,4,9,0,insufficient_evidence,sufficient,insufficient_evidence,insufficient_evidence,sufficient,insufficient_evidence
2020-11-16,0.0,-0.5625,0.0,0.0,0.0,0.0,0.0,1,8,251,2,234,2,4,9,0,insufficient_evidence,sufficient,insufficient_evidence,insufficient_evidence,sufficient,insufficient_evidence
2020-11-17,0.0,-0.5625,0.0,0.0,0.0,0.0,0.0,2,8,251,2,234,2,4,9,0,insufficient_evidence,sufficient,insufficient_evidence,insufficient_evidence,sufficient,insufficient_evidence
2020-11-18,0.0,-0.5625,0.0,0.0,0.0,0.0,0.0,2,8,251,2,234,2,4,9,0,insufficient_evidence,sufficient,insufficient_evidence,insufficient_evidence,sufficient,insufficient_evidence
2020-11-19,0.0,-0.5625,0.0,0.0,0.0,0.0,0.0,2,8,251,2,234,2,4,9,0,insufficient_evidence,sufficient,insufficient_evidence,insufficient_evidence,sufficient,insufficient_evidence
2020-11-20,0.0,-0.5625,0.0,0.0,0.0,0.0,0.0,2,8,251,2,234,2,4,9,0,insufficient_evidence,sufficient,insufficient_evidence,insufficient_evidence,sufficient,insufficient_evidence
2020-11-23,0.0,-0.5625,0.0,0.0,0.0,0.0,0.0,2,8,252,2,235,2,4,9,0,insufficient_evidence,sufficient,insufficient_evidence,insufficient_evidence,sufficient,insufficient_evidence
2020-11-24,0.0,-0.5625,0.0,0.0,0.0,0.0,0.0,1,8,252,2,235,2,4,9,0,insufficient_evidence,sufficient,insufficient_evidence,insufficient_evidence,sufficient,insufficient_evidence
2020-11-25,0.0,-0.5625,0.0,0.0,0.0,0.0,0.0,1,8,252,2,235,2,4,9,0,insufficient_evidence,sufficient,insufficient_evidence,insufficient_evidence,sufficient,insufficient_evidence
2020-11-26,0.0,-0.5625,0.0,0.0,0.0,0.0,0.0,2,8,252,2,235,2,4,9,0,insufficient_evidence,sufficient,insufficient_evidence,insufficient_evidence,sufficient,insufficient_evidence
2020-11-27,0.0,-0.5625,0.0,0.0,0.0,0.0,0.0,2,8,252,2,235,2,4,9,0,insufficient_evidence,sufficient,insufficient_evidence,insufficient_evidence,sufficient,insufficient_evidence
2020-11-30,0.0,-0.5625,0.0,0.0,0.0,0.0,0.0,2,8,255,2,238,2,4,9,0,insufficient_evidence,sufficient,insufficient_evidence,insufficient_evidence,sufficient,insufficient_evidence
2020-12-01,0.0,-0.5625,0.0,0.0,0.0,0.0,0.0,2,8,255,2,238,2,4,9,0,insufficient_evidence,sufficient,insufficient_evidence,insufficient_evidence,sufficient,insufficient_evidence
2020-12-02,0.0,-0.5625,0.0,0.0,0.0,0.0,0.0,2,8,255,2,238,2,4,9,0,insufficient_evidence,sufficient,insufficient_evidence,insufficient_evidence,sufficient,insufficient_evidence
2020-12-03,0.0,-0.5625,0.0,0.0,0.0,0.0,0.0,1,8,255,2,238,2,4,9,0,insufficient_evidence,sufficient,insufficient_evidence,insufficient_evidence,sufficient,insufficient_evidence
2020-12-04,0.0,-0.5625,0.0,0.0,0.0,0.0,0.0,1,8,255,2,238,2,4,9,0,insufficient_evidence,sufficient,insufficient_evidence,insufficient_evidence,sufficient,insufficient_evidence
2020-12-07,0.0,-0.5625,0.0,0.0,0.0,0.0,0.0,1,8,256,2,239,2,4,9,0,insufficient_evidence,sufficient,insufficient_evidence,insufficient_evidence,sufficient,insufficient_evidence
2020-12-08,0.0,-0.5625,0.0,0.0,0.0,0.0,0.0,1,8,256,2,239,2,4,9,0,insufficient_evidence,sufficient,insufficient_evidence,insufficient_evidence,sufficient,insufficient_evidence
2020-12-09,0.0,-0.5625,0.0,0.0,0.0,0.0,0.0,1,8,256,2,239,2,4,9,0,insufficient_evidence,sufficient,insufficient_evidence,insufficient_evidence,sufficient,insufficient_evidence
2020-12-10,0.0,-0.5625,0.0,0.0,0.0,0.0,0.0,1,8,256,2,239,2,4,9,0,insufficient_evidence,sufficient,insufficient_evidence,insufficient_evidence,sufficient,insufficient_evidence
2020-12-11,0.0,-0.5625,0.0,0.0,0.0,0.0,0.0,1,8,256,2,239,2,4,9,0,insufficient_evidence,sufficient,insufficient_evidence,insufficient_evidence,sufficient,insufficient_evidence
2020-12-14,0.0,-0.5625,0.0,0.0,0.0,0.0,0.0,1,8,257,2,240,2,4,9,0,insufficient_evidence,sufficient,insufficient_evidence,insufficient_evidence,sufficient,insufficient_evidence
2020-12-15,0.0,-0.5625,0.0,0.0,0.0,0.0,0.0,1,8,257,2,240,2,4,9,0,insufficient_evidence,sufficient,insufficient_evidence,insufficient_evidence,sufficient,insufficient_evidence
2020-12-16,0.0,-0.5625,0.0,0.0,0.0,0.0,0.0,2,8,257,2,240,2,4,9,0,insufficient_evidence,sufficient,insufficient_evidence,insufficient_evidence,sufficient,insufficient_evidence
2020-12-17,0.0,-0.5625,0.0,0.0,0.0,0.0,0.0,2,8,257,2,240,2,4,9,0,insufficient_evidence,sufficient,insufficient_evidence,insufficient_evidence,sufficient,insufficient_evidence
2020-12-18,0.0,-0.5625,0.0,0.0,0.0,0.0,0.0,2,8,257,2,240,2,4,9,0,insufficient_evidence,sufficient,insufficient_evidence,insufficient_evidence,sufficient,insufficient_evidence
2020-12-21,0.0,-0.5625,0.0,0.0,0.0,0.0,0.0,2,8,258,2,241,2,4,9,0,insufficient_evidence,sufficient,insufficient_evidence,insufficient_evidence,sufficient,insufficient_evidence
2020-12-22,0.0,-0.5625,0.0,0.0,0.0,0.0,0.0,2,8,258,2,241,2,4,9,0,insufficient_evidence,sufficient,insufficient_evidence,insufficient_evidence,sufficient,insufficient_evidence
2020-12-23,0.0,-0.5625,0.0,0.0,0.0,0.0,0.0,1,8,258,2,241,2,4,9,0,insufficient_evidence,sufficient,insufficient_evidence,insufficient_evidence,sufficient,insufficient_evidence
2020-12-24,0.0,-0.5625,0.0,0.0,0.0,0.0,0.0,1,8,258,2,241,2,4,9,0,insufficient_evidence,sufficient,insufficient_evidence,insufficient_evidence,sufficient,insufficient_evidence
2020-12-25,0.0,-0.5625,0.0,0.0,0.0,0.0,0.0,1,8,258,2,241,2,4,9,0,insufficient_evidence,sufficient,insufficient_evidence,insufficient_evidence,sufficient,insufficient_evidence
2020-12-28,0.0,-0.5625,0.0,0.0,0.0,0.0,0.0,1,8,259,2,242,2,4,9,0,insufficient_evidence,sufficient,insufficient_evidence,insufficient_evidence,sufficient,insufficient_evidence
2020-12-29,0.0,-0.5625,0.0,0.0,0.0,0.0,0.0,1,8,259,2,242,2,4,9,0,insufficient_evidence,sufficient,insufficient_evidence,insufficient_evidence,sufficient,insufficient_evidence
2020-12-30,0.0,-0.5625,0.0,0.0,0.0,0.0,0.0,1,8,259,2,242,2,4,9,0,insufficient_evidence,sufficient,insufficient_evidence,insufficient_evidence,sufficient,insufficient_evidence
2020-12-31,0.0,-0.5625,0.0,0.0,0.0,0.0,0.0,1,8,259,2,242,2,4,9,0,insufficient_evidence,sufficient,insufficient_evidence,insufficient_evidence,sufficient,insufficient_evidence
2021-01-04,0.0,-0.5625,0.0,0.0,0.0,0.0,0.0,2,8,260,2,243,2,4,9,0,insufficient_evidence,sufficient,insufficient_evidence,insufficient_evidence,sufficient,insufficient_evidence
2021-01-05,0.0,-0.5625,0.0,0.0,0.0,0.0,0.0,1,8,260,2,243,2,4,9,0,insufficient_evidence,sufficient,insufficient_evidence,insufficient_evidence,sufficient,insufficient_evidence
2021-01-06,0.0,-0.5625,0.0,0.0,0.0,0.0,0.0,1,8,260,2,243,2,4,9,0,insufficient_evidence,sufficient,insufficient_evidence,insufficient_evidence,sufficient,insufficient_evidence
2021-01-07,0.0,-0.5625,0.0,0.0,0.0,0.0,0.0,1,8,260,2,243,2,4,9,0,insufficient_evidence,sufficient,insufficient_evidence,insufficient_evidence,sufficient,insufficient_evidence
2021-01-08,0.0,-0.5625,0.0,0.0,0.0,0.0,0.0,1,8,260,2,243,2,4,9,0,insufficient_evidence,sufficient,insufficient_evidence,insufficient_evidence,sufficient,insufficient_evidence
2021-01-11,0.0,-0.5625,0.0,0.0,0.0,0.0,0.0,1,8,261,2,244,2,4,9,0,insufficient_evidence,sufficient,insufficient_evidence,insufficient_evidence,sufficient,insufficient_evidence
2021-01-12,0.0,-0.5625,0.0,0.0,0.0,0.0,0.0,1,8,261,2,244,2,4,9,0,insufficient_evidence,sufficient,insufficient_evidence,insufficient_evidence,sufficient,insufficient_evidence
2021-01-13,0.0,-0.5625,0.0,0.0,0.0,0.0,0.0,1,8,261,2,244,2,4,9,0,insufficient_evidence,sufficient,insufficient_evidence,insufficient_evidence,sufficient,insufficient_evidence
2021-01-14,0.0,-0.5625,0.0,0.0,0.0,0.0,0.0,1,8,261,2,244,2,4,9,0,insufficient_evidence,sufficient,insufficient_evidence,insufficient_evidence,sufficient,insufficient_evidence
2021-01-15,0.0,-0.5625,0.0,0.0,0.0,0.0,0.0,1,8,261,2,244,2,4,9,0,insufficient_evidence,sufficient,insufficient_evidence,insufficient_evidence,sufficient,insufficient_evidence
2021-01-18,0.0,0.0,0.0,0.0,0.0,0.0,0.0,1,8,262,2,245,2,4,9,0,insufficient_evidence,sufficient,insufficient_evidence,insufficient_evidence,sufficient,insufficient_evidence
2021-01-19,0.0,0.0,0.0,0.0,0.0,0.0,0.0,2,8,262,2,245,2,4,9,0,insufficient_evidence,sufficient,insufficient_evidence,insufficient_evidence,sufficient,insufficient_evidence
2021-01-20,0.0,0.0,0.0,0.0,0.0,0.0,0.0,2,8,262,2,245,2,4,9,0,insufficient_evidence,sufficient,insufficient_evidence,insufficient_evidence,sufficient,insufficient_evidence
2021-01-21,0.0,0.0,0.0,0.0,0.0,0.0,0.0,2,8,262,2,245,2,4,9,0,insufficient_evidence,sufficient,insufficient_evidence,insufficient_evidence,sufficient,insufficient_evidence
2021-01-22,0.0,0.0,0.0,0.0,0.0,0.0,0.0,2,8,262,2,245,2,4,9,0,insufficient_evidence,sufficient,insufficient_evidence,insufficient_evidence,sufficient,insufficient_evidence
2021-01-25,0.0,-0.5625,0.0,0.0,0.0,0.0,0.0,2,8,263,2,246,2,4,9,0,insufficient_evidence,sufficient,insufficient_evidence,insufficient_evidence,sufficient,insufficient_evidence
2021-01-26,0.0,-0.5625,0.0,0.0,0.0,0.0,0.0,1,8,263,2,246,2,4,9,0,insufficient_evidence,sufficient,insufficient_evidence,insufficient_evidence,sufficient,insufficient_evidence
2021-01-27,0.0,-0.5625,0.0,0.0,0.0,0.0,0.0,1,8,263,2,246,2,4,9,0,insufficient_evidence,sufficient,insufficient_evidence,insufficient_evidence,sufficient,insufficient_evidence
2021-01-28,0.0,-0.5625,0.0,0.0,0.0,0.0,0.0,1,8,263,2,246,2,4,9,0,insufficient_evidence,sufficient,insufficient_evidence,insufficient_evidence,sufficient,insufficient_evidence
2021-01-29,0.0,-0.5625,0.0,0.0,0.0,0.0,0.0,1,8,263,2,246,2,4,9,0,insufficient_evidence,sufficient,insufficient_evidence,insufficient_evidence,sufficient,insufficient_evidence
2021-02-01,0.0,-0.5625,0.0,0.0,0.0,0.0,0.0,1,8,264,2,247,2,4,9,0,insufficient_evidence,sufficient,insufficient_evidence,insufficient_evidence,sufficient,insufficient_evidence
2021-02-02,0.0,-0.5625,0.0,0.0,0.0,0.0,0.0,1,8,264,2,247,2,4,9,0,insufficient_evidence,sufficient,insufficient_evidence,insufficient_evidence,sufficient,insufficient_evidence
2021-02-03,0.0,-0.5625,0.0,0.0,0.0,0.0,0.0,1,8,264,2,247,2,4,9,0,insufficient_evidence,sufficient,insufficient_evidence,insufficient_evidence,sufficient,insufficient_evidence
2021-02-04,0.0,-0.5625,0.0,0.0,0.0,0.0,0.0,1,8,264,2,247,2,4,9,0,insufficient_evidence,sufficient,insufficient_evidence,insufficient_evidence,sufficient,insufficient_evidence
2021-02-05,0.0,-0.5625,0.0,0.0,0.0,0.0,0.0,1,8,264,2,247,2,4,9,0,insufficient_evidence,sufficient,insufficient_evidence,insufficient_evidence,sufficient,insufficient_evidence
2021-02-07,0.0,0.0,0.0,0.0,0.0,0.0,0.0,0,8,264,2,247,2,4,9,0,insufficient_evidence,sufficient,insufficient_evidence,insufficient_evidence,sufficient,insufficient_evidence
2021-02-08,0.0,-0.5625,0.0,0.0,0.0,0.0,0.0,2,8,265,2,248,2,4,9,0,insufficient_evidence,sufficient,insufficient_evidence,insufficient_evidence,sufficient,insufficient_evidence
2021-02-09,0.0,-0.5625,0.0,0.0,0.0,0.0,0.0,2,8,265,2,248,2,4,9,0,insufficient_evidence,sufficient,insufficient_evidence,insufficient_evidence,sufficient,insufficient_evidence
2021-02-10,0.0,-0.5625,0.0,0.0,0.0,0.0,0.0,2,8,265,2,248,2,4,9,0,insufficient_evidence,sufficient,insufficient_evidence,insufficient_evidence,sufficient,insufficient_evidence
2021-02-18,0.0,-0.5625,0.0,0.0,0.0,0.0,0.0,3,8,266,2,249,2,4,9,0,insufficient_evidence,sufficient,insufficient_evidence,insufficient_evidence,sufficient,insufficient_evidence
2021-02-19,0.0,-0.5625,0.0,0.0,0.0,0.0,0.0,3,8,266,2,249,2,4,9,0,insufficient_evidence,sufficient,insufficient_evidence,insufficient_evidence,sufficient,insufficient_evidence
2021-02-20,0.0,-0.5625,0.0,0.0,0.0,0.0,0.0,1,8,266,2,249,2,4,9,0,insufficient_evidence,sufficient,insufficient_evidence,insufficient_evidence,sufficient,insufficient_evidence
2021-02-22,0.0,-0.5625,0.0,0.0,0.0,0.0,0.0,2,8,267,2,250,2,4,9,0,insufficient_evidence,sufficient,insufficient_evidence,insufficient_evidence,sufficient,insufficient_evidence
2021-02-23,0.0,-0.5625,0.0,0.0,0.0,0.0,0.0,2,8,267,2,250,2,4,9,0,insufficient_evidence,sufficient,insufficient_evidence,insufficient_evidence,sufficient,insufficient_evidence
2021-02-24,0.0,0.0,0.0,0.0,0.0,0.0,0.0,1,8,267,2,250,2,4,9,0,insufficient_evidence,sufficient,insufficient_evidence,insufficient_evidence,sufficient,insufficient_evidence
2021-02-25,0.0,0.0,0.0,0.0,0.0,0.0,0.0,1,8,267,2,250,2,4,9,0,insufficient_evidence,sufficient,insufficient_evidence,insufficient_evidence,sufficient,insufficient_evidence
2021-02-26,0.0,0.0,0.0,0.0,0.0,0.0,0.0,1,8,267,2,250,2,4,9,0,insufficient_evidence,sufficient,insufficient_evidence,insufficient_evidence,sufficient,insufficient_evidence
2021-03-01,0.0,-0.5625,0.0,0.0,0.0,0.0,0.0,1,8,268,2,251,2,4,9,0,insufficient_evidence,sufficient,insufficient_evidence,insufficient_evidence,sufficient,insufficient_evidence
2021-03-02,0.0,-0.5625,0.0,0.0,0.0,0.0,0.0,1,8,268,2,251,2,4,9,0,insufficient_evidence,sufficient,insufficient_evidence,insufficient_evidence,sufficient,insufficient_evidence
2021-03-03,0.0,-0.5625,0.0,0.0,0.0,0.0,0.0,1,8,268,2,251,2,4,9,0,insufficient_evidence,sufficient,insufficient_evidence,insufficient_evidence,sufficient,insufficient_evidence
2021-03-04,0.0,-0.5625,0.0,0.0,0.0,0.0,0.0,1,8,268,2,251,2,4,9,0,insufficient_evidence,sufficient,insufficient_evidence,insufficient_evidence,sufficient,insufficient_evidence
2021-03-05,0.0,-0.5625,0.0,0.0,0.0,0.0,0.0,1,8,268,2,251,2,4,9,0,insufficient_evidence,sufficient,insufficient_evidence,insufficient_evidence,sufficient,insufficient_evidence
2021-03-08,0.0,0.0,0.0,0.0,0.0,0.0,0.0,1,8,269,2,252,2,4,9,0,insufficient_evidence,sufficient,insufficient_evidence,insufficient_evidence,sufficient,insufficient_evidence
2021-03-09,0.0,0.0,0.0,0.0,0.0,0.0,0.0,1,8,269,2,252,2,4,9,0,insufficient_evidence,sufficient,insufficient_evidence,insufficient_evidence,sufficient,insufficient_evidence
2021-03-10,0.0,0.0,0.0,0.0,0.0,0.0,0.0,1,8,269,2,252,2,4,9,0,insufficient_evidence,sufficient,insufficient_evidence,insufficient_evidence,sufficient,insufficient_evidence
2021-03-11,0.0,0.0,0.0,0.0,0.0,0.0,0.0,1,8,269,2,252,2,4,9,0,insufficient_evidence,sufficient,insufficient_evidence,insufficient_evidence,sufficient,insufficient_evidence
2021-03-12,0.0,0.0,0.0,0.0,0.0,0.0,0.0,1,8,269,2,252,2,4,9,0,insufficient_evidence,sufficient,insufficient_evidence,insufficient_evidence,sufficient,insufficient_evidence
2021-03-15,0.0,-0.5625,0.0,0.0,0.0,0.0,0.0,1,8,271,2,254,2,4,9,0,insufficient_evidence,sufficient,insufficient_evidence,insufficient_evidence,sufficient,insufficient_evidence
2021-03-16,0.0,-0.5625,0.0,0.0,0.0,0.0,0.0,2,8,271,2,254,2,4,9,0,insufficient_evidence,sufficient,insufficient_evidence,insufficient_evidence,sufficient,insufficient_evidence
2021-03-17,0.0,-0.5625,0.0,0.0,0.0,0.0,0.0,2,8,271,2,254,2,4,9,0,insufficient_evidence,sufficient,insufficient_evidence,insufficient_evidence,sufficient,insufficient_evidence
2021-03-18,0.0,-0.5625,0.0,0.0,0.0,0.0,0.0,2,8,271,2,254,2,4,9,0,insufficient_evidence,sufficient,insufficient_evidence,insufficient_evidence,sufficient,insufficient_evidence
2021-03-19,0.0,-0.5625,0.0,0.0,0.0,0.0,0.0,2,8,271,2,254,2,4,9,0,insufficient_evidence,sufficient,insufficient_evidence,insufficient_evidence,sufficient,insufficient_evidence
2021-03-22,0.0,-0.585,0.0,0.0,0.0,0.0,0.0,2,8,272,2,255,2,4,9,0,insufficient_evidence,sufficient,insufficient_evidence,insufficient_evidence,sufficient,insufficient_evidence
2021-03-23,0.0,-0.585,0.0,0.0,0.0,0.0,0.0,1,8,272,2,255,2,4,9,0,insufficient_evidence,sufficient,insufficient_evidence,insufficient_evidence,sufficient,insufficient_evidence
2021-03-24,0.0,-0.585,0.0,0.0,0.0,0.0,0.0,1,8,272,2,255,2,4,9,0,insufficient_evidence,sufficient,insufficient_evidence,insufficient_evidence,sufficient,insufficient_evidence
2021-03-25,0.0,-0.585,0.0,0.0,0.0,0.0,0.0,1,8,272,2,255,2,4,9,0,insufficient_evidence,sufficient,insufficient_evidence,insufficient_evidence,sufficient,insufficient_evidence
2021-03-26,0.0,-0.585,0.0,0.0,0.0,0.0,0.0,1,8,272,2,255,2,4,9,0,insufficient_evidence,sufficient,insufficient_evidence,insufficient_evidence,sufficient,insufficient_evidence
2021-03-29,0.0,0.0,0.0,0.0,0.0,0.0,0.0,1,8,272,2,255,2,4,9,0,insufficient_evidence,sufficient,insufficient_evidence,insufficient_evidence,sufficient,insufficient_evidence
2021-03-30,0.0,0.0,0.0,0.0,0.0,0.0,0.0,1,8,272,2,255,2,4,9,0,insufficient_evidence,sufficient,insufficient_evidence,insufficient_evidence,sufficient,insufficient_evidence
2021-03-31,0.0,0.0,0.0,0.0,0.0,0.0,0.0,1,8,272,2,255,2,4,9,0,insufficient_evidence,sufficient,insufficient_evidence,insufficient_evidence,sufficient,insufficient_evidence
2021-04-01,0.0,0.0,0.0,0.0,0.0,0.0,0.0,1,8,272,2,255,2,4,9,0,insufficient_evidence,sufficient,insufficient_evidence,insufficient_evidence,sufficient,insufficient_evidence
2021-04-02,0.0,0.0,0.0,0.0,0.0,0.0,0.0,1,8,272,2,255,2,4,9,0,insufficient_evidence,sufficient,insufficient_evidence,insufficient_evidence,sufficient,insufficient_evidence
2021-04-06,0.0,0.0,0.0,0.0,0.0,0.0,0.0,1,8,273,2,256,2,4,9,0,insufficient_evidence,sufficient,insufficient_evidence,insufficient_evidence,sufficient,insufficient_evidence
2021-04-07,0.0,0.0,0.0,0.0,0.0,0.0,0.0,1,8,273,2,256,2,4,9,0,insufficient_evidence,sufficient,insufficient_evidence,insufficient_evidence,sufficient,insufficient_evidence
2021-04-08,0.0,0.0,0.0,0.0,0.0,0.0,0.0,1,8,273,2,256,2,4,9,0,insufficient_evidence,sufficient,insufficient_evidence,insufficient_evidence,sufficient,insufficient_evidence
2021-04-09,0.0,0.0,0.0,0.0,0.0,0.0,0.0,1,8,273,2,256,2,4,9,0,insufficient_evidence,sufficient,insufficient_evidence,insufficient_evidence,sufficient,insufficient_evidence
2021-04-12,0.0,0.0,0.0,0.0,0.0,0.0,0.0,2,8,274,2,257,2,4,9,0,insufficient_evidence,sufficient,insufficient_evidence,insufficient_evidence,sufficient,insufficient_evidence
2021-04-13,0.0,0.0,0.0,0.0,0.0,0.0,0.0,1,8,274,2,257,2,4,9,0,insufficient_evidence,sufficient,insufficient_evidence,insufficient_evidence,sufficient,insufficient_evidence
2021-04-14,0.0,0.0,0.0,0.0,0.0,0.0,0.0,1,8,274,2,257,2,4,9,0,insufficient_evidence,sufficient,insufficient_evidence,insufficient_evidence,sufficient,insufficient_evidence
2021-04-15,0.0,0.0,0.0,0.0,0.0,0.0,0.0,1,8,274,2,257,2,4,9,0,insufficient_evidence,sufficient,insufficient_evidence,insufficient_evidence,sufficient,insufficient_evidence
2021-04-16,0.0,0.0,0.0,0.0,0.0,0.0,0.0,1,8,274,2,257,2,4,9,0,insufficient_evidence,sufficient,insufficient_evidence,insufficient_evidence,sufficient,insufficient_evidence
2021-04-19,0.0,-0.585,0.0,0.0,0.0,0.0,0.0,2,8,275,2,258,2,4,9,0,insufficient_evidence,sufficient,insufficient_evidence,insufficient_evidence,sufficient,insufficient_evidence
2021-04-20,0.0,-0.585,0.0,0.0,0.0,0.0,0.0,2,8,275,2,258,2,4,9,0,insufficient_evidence,sufficient,insufficient_evidence,insufficient_evidence,sufficient,insufficient_evidence
2021-04-21,0.0,-0.585,0.0,0.0,0.0,0.0,0.0,2,8,275,2,258,2,4,9,0,insufficient_evidence,sufficient,insufficient_evidence,insufficient_evidence,sufficient,insufficient_evidence
2021-04-22,0.0,-0.585,0.0,0.0,0.0,0.0,0.0,2,8,275,2,258,2,4,9,0,insufficient_evidence,sufficient,insufficient_evidence,insufficient_evidence,sufficient,insufficient_evidence
2021-04-23,0.0,-0.585,0.0,0.0,0.0,0.0,0.0,2,8,275,2,258,2,4,9,0,insufficient_evidence,sufficient,insufficient_evidence,insufficient_evidence,sufficient,insufficient_evidence
2021-04-25,0.0,0.0,0.0,0.0,0.0,0.0,0.0,0,8,275,2,258,2,4,9,0,insufficient_evidence,sufficient,insufficient_evidence,insufficient_evidence,sufficient,insufficient_evidence
2021-04-26,0.0,0.0,0.0,0.0,0.0,0.0,0.0,1,8,276,2,259,2,4,9,0,insufficient_evidence,sufficient,insufficient_evidence,insufficient_evidence,sufficient,insufficient_evidence
2021-04-27,0.0,0.0,0.0,0.0,0.0,0.0,0.0,1,8,276,2,259,2,4,9,0,insufficient_evidence,sufficient,insufficient_evidence,insufficient_evidence,sufficient,insufficient_evidence
2021-04-28,0.0,0.0,0.0,0.0,0.0,0.0,0.0,1,8,276,2,259,2,4,9,0,insufficient_evidence,sufficient,insufficient_evidence,insufficient_evidence,sufficient,insufficient_evidence
2021-04-29,0.0,0.0,0.0,0.0,0.0,0.0,0.0,1,8,276,2,259,2,4,9,0,insufficient_evidence,sufficient,insufficient_evidence,insufficient_evidence,sufficient,insufficient_evidence
2021-04-30,0.0,0.0,0.0,0.0,0.0,0.0,0.0,1,8,276,2,259,2,4,9,0,insufficient_evidence,sufficient,insufficient_evidence,insufficient_evidence,sufficient,insufficient_evidence
2021-05-06,0.0,0.0,0.0,0.0,0.0,0.0,0.0,1,8,276,2,259,2,4,9,0,insufficient_evidence,sufficient,insufficient_evidence,insufficient_evidence,sufficient,insufficient_evidence
2021-05-07,0.0,0.0,0.0,0.0,0.0,0.0,0.0,1,8,276,2,259,2,4,9,0,insufficient_evidence,sufficient,insufficient_evidence,insufficient_evidence,sufficient,insufficient_evidence
2021-05-08,0.0,0.0,0.0,0.0,0.0,0.0,0.0,1,8,276,2,259,2,4,9,0,insufficient_evidence,sufficient,insufficient_evidence,insufficient_evidence,sufficient,insufficient_evidence
2021-05-10,0.0,0.0,0.0,0.0,0.0,0.0,0.0,2,8,276,2,259,2,4,9,0,insufficient_evidence,sufficient,insufficient_evidence,insufficient_evidence,sufficient,insufficient_evidence
2021-05-11,0.0,0.0,0.0,0.0,0.0,0.0,0.0,3,8,276,2,259,2,4,9,0,insufficient_evidence,sufficient,insufficient_evidence,insufficient_evidence,sufficient,insufficient_evidence
2021-05-12,0.0,0.0,0.0,0.0,0.0,0.0,0.0,2,8,276,2,259,2,4,9,0,insufficient_evidence,sufficient,insufficient_evidence,insufficient_evidence,sufficient,insufficient_evidence
2021-05-13,0.0,0.0,0.0,0.0,0.0,0.0,0.0,2,8,276,2,259,2,4,9,0,insufficient_evidence,sufficient,insufficient_evidence,insufficient_evidence,sufficient,insufficient_evidence
2021-05-14,0.0,0.0,0.0,0.0,0.0,0.0,0.0,2,8,276,2,259,2,4,9,0,insufficient_evidence,sufficient,insufficient_evidence,insufficient_evidence,sufficient,insufficient_evidence
2021-05-17,0.0,-0.5625,0.0,0.0,0.0,0.0,0.0,2,8,277,2,260,2,4,9,0,insufficient_evidence,sufficient,insufficient_evidence,insufficient_evidence,sufficient,insufficient_evidence
2021-05-18,0.0,-0.5625,0.0,0.0,0.0,0.0,0.0,2,8,277,2,260,2,4,9,0,insufficient_evidence,sufficient,insufficient_evidence,insufficient_evidence,sufficient,insufficient_evidence
2021-05-19,0.0,-0.5625,0.0,0.0,0.0,0.0,0.0,2,8,277,2,260,2,4,9,0,insufficient_evidence,sufficient,insufficient_evidence,insufficient_evidence,sufficient,insufficient_evidence
2021-05-20,0.0,-0.5625,0.0,0.0,0.0,0.0,0.0,2,8,277,2,260,2,4,9,0,insufficient_evidence,sufficient,insufficient_evidence,insufficient_evidence,sufficient,insufficient_evidence
2021-05-21,0.0,-0.5625,0.0,0.0,0.0,0.0,0.0,2,8,277,2,260,2,4,9,0,insufficient_evidence,sufficient,insufficient_evidence,insufficient_evidence,sufficient,insufficient_evidence
2021-05-24,0.0,-0.5625,0.0,0.0,0.0,0.0,0.0,2,8,278,2,261,2,4,9,0,insufficient_evidence,sufficient,insufficient_evidence,insufficient_evidence,sufficient,insufficient_evidence
2021-05-25,0.0,-0.5625,0.0,0.0,0.0,0.0,0.0,1,8,278,2,261,2,4,9,0,insufficient_evidence,sufficient,insufficient_evidence,insufficient_evidence,sufficient,insufficient_evidence
2021-05-26,0.0,-0.5625,0.0,0.0,0.0,0.0,0.0,1,8,278,2,261,2,4,9,0,insufficient_evidence,sufficient,insufficient_evidence,insufficient_evidence,sufficient,insufficient_evidence
2021-05-27,0.0,-0.5625,0.0,0.0,0.0,0.0,0.0,1,8,278,2,261,2,4,9,0,insufficient_evidence,sufficient,insufficient_evidence,insufficient_evidence,sufficient,insufficient_evidence
2021-05-28,0.0,-0.5625,0.0,0.0,0.0,0.0,0.0,1,8,278,2,261,2,4,9,0,insufficient_evidence,sufficient,insufficient_evidence,insufficient_evidence,sufficient,insufficient_evidence
2021-05-31,0.0,-0.5625,0.0,0.0,0.0,0.0,0.0,1,8,279,2,262,2,4,9,0,insufficient_evidence,sufficient,insufficient_evidence,insufficient_evidence,sufficient,insufficient_evidence
2021-06-01,0.0,-0.5625,0.0,0.0,0.0,0.0,0.0,1,8,279,2,262,2,4,9,0,insufficient_evidence,sufficient,insufficient_evidence,insufficient_evidence,sufficient,insufficient_evidence
2021-06-02,0.0,-0.5625,0.0,0.0,0.0,0.0,0.0,1,8,279,2,262,2,4,9,0,insufficient_evidence,sufficient,insufficient_evidence,insufficient_evidence,sufficient,insufficient_evidence
2021-06-03,0.0,-0.5625,0.0,0.0,0.0,0.0,0.0,1,8,279,2,262,2,4,9,0,insufficient_evidence,sufficient,insufficient_evidence,insufficient_evidence,sufficient,insufficient_evidence
2021-06-04,0.0,-0.5625,0.0,0.0,0.0,0.0,0.0,1,8,279,2,262,2,4,9,0,insufficient_evidence,sufficient,insufficient_evidence,insufficient_evidence,sufficient,insufficient_evidence
2021-06-07,0.0,-0.5625,0.0,0.0,0.0,0.0,0.0,1,8,280,2,263,2,4,9,0,insufficient_evidence,sufficient,insufficient_evidence,insufficient_evidence,sufficient,insufficient_evidence
2021-06-08,0.0,-0.5625,0.0,0.0,0.0,0.0,0.0,1,8,280,2,263,2,4,9,0,insufficient_evidence,sufficient,insufficient_evidence,insufficient_evidence,sufficient,insufficient_evidence
2021-06-09,0.0,-0.5625,0.0,0.0,0.0,0.0,0.0,1,8,280,2,263,2,4,9,0,insufficient_evidence,sufficient,insufficient_evidence,insufficient_evidence,sufficient,insufficient_evidence
2021-06-10,0.0,-0.5625,0.0,0.0,0.0,0.0,0.0,1,8,280,2,263,2,4,9,0,insufficient_evidence,sufficient,insufficient_evidence,insufficient_evidence,sufficient,insufficient_evidence
2021-06-11,0.0,-0.5625,0.0,0.0,0.0,0.0,0.0,1,8,280,2,263,2,4,9,0,insufficient_evidence,sufficient,insufficient_evidence,insufficient_evidence,sufficient,insufficient_evidence
2021-06-15,0.0,-0.5625,0.0,0.0,0.0,0.0,0.0,1,8,281,2,264,2,4,9,0,insufficient_evidence,sufficient,insufficient_evidence,insufficient_evidence,sufficient,insufficient_evidence
2021-06-16,0.0,-0.5625,0.0,0.0,0.0,0.0,0.0,1,8,281,2,264,2,4,9,0,insufficient_evidence,sufficient,insufficient_evidence,insufficient_evidence,sufficient,insufficient_evidence
2021-06-17,0.0,-0.5625,0.0,0.0,0.0,0.0,0.0,2,8,281,2,264,2,4,9,0,insufficient_evidence,sufficient,insufficient_evidence,insufficient_evidence,sufficient,insufficient_evidence
2021-06-18,0.0,-0.5625,0.0,0.0,0.0,0.0,0.0,2,8,281,2,264,2,4,9,0,insufficient_evidence,sufficient,insufficient_evidence,insufficient_evidence,sufficient,insufficient_evidence
2021-06-21,0.0,-0.5625,0.0,0.0,0.0,0.0,0.0,3,8,281,2,264,2,4,9,0,insufficient_evidence,sufficient,insufficient_evidence,insufficient_evidence,sufficient,insufficient_evidence
2021-06-22,0.0,0.0,0.0,0.0,0.0,0.0,0.0,2,8,281,2,264,2,4,9,0,insufficient_evidence,sufficient,insufficient_evidence,insufficient_evidence,sufficient,insufficient_evidence
2021-06-23,0.0,0.0,0.0,0.0,0.0,0.0,0.0,2,8,281,2,264,2,4,9,0,insufficient_evidence,sufficient,insufficient_evidence,insufficient_evidence,sufficient,insufficient_evidence
2021-06-24,0.0,0.0,0.0,0.0,0.0,0.0,0.0,1,8,281,2,264,2,4,9,0,insufficient_evidence,sufficient,insufficient_evidence,insufficient_evidence,sufficient,insufficient_evidence
2021-06-25,0.0,0.0,0.0,0.0,0.0,0.0,0.0,1,8,281,2,264,2,4,9,0,insufficient_evidence,sufficient,insufficient_evidence,insufficient_evidence,sufficient,insufficient_evidence
2021-06-28,0.0,-0.5625,0.0,0.0,0.0,0.0,0.0,1,8,282,2,265,2,4,9,0,insufficient_evidence,sufficient,insufficient_evidence,insufficient_evidence,sufficient,insufficient_evidence
2021-06-29,0.0,-0.5625,0.0,0.0,0.0,0.0,0.0,1,8,282,2,265,2,4,9,0,insufficient_evidence,sufficient,insufficient_evidence,insufficient_evidence,sufficient,insufficient_evidence
2021-06-30,0.0,-0.5625,0.0,0.0,0.0,0.0,0.0,1,8,282,2,265,2,4,9,0,insufficient_evidence,sufficient,insufficient_evidence,insufficient_evidence,sufficient,insufficient_evidence
2021-07-01,0.0,-0.5625,0.0,0.0,0.0,0.0,0.0,1,8,282,2,265,2,4,9,0,insufficient_evidence,sufficient,insufficient_evidence,insufficient_evidence,sufficient,insufficient_evidence
2021-07-02,0.0,-0.5625,0.0,0.0,0.0,0.0,0.0,1,8,282,2,265,2,4,9,0,insufficient_evidence,sufficient,insufficient_evidence,insufficient_evidence,sufficient,insufficient_evidence
2021-07-05,0.0,0.0,0.0,0.0,0.0,0.0,0.0,1,8,282,2,265,2,4,9,0,insufficient_evidence,sufficient,insufficient_evidence,insufficient_evidence,sufficient,insufficient_evidence
2021-07-06,0.0,0.0,0.0,0.0,0.0,0.0,0.0,1,8,282,2,265,2,4,9,0,insufficient_evidence,sufficient,insufficient_evidence,insufficient_evidence,sufficient,insufficient_evidence
2021-07-07,0.0,0.0,0.0,0.0,0.0,0.0,0.0,1,8,282,2,265,2,4,9,0,insufficient_evidence,sufficient,insufficient_evidence,insufficient_evidence,sufficient,insufficient_evidence
2021-07-08,0.0,0.0,0.0,0.0,0.0,0.0,0.0,1,8,282,2,265,2,4,9,0,insufficient_evidence,sufficient,insufficient_evidence,insufficient_evidence,sufficient,insufficient_evidence
2021-07-09,0.0,0.0,0.0,0.0,0.0,0.0,0.0,1,8,282,2,265,2,4,9,0,insufficient_evidence,sufficient,insufficient_evidence,insufficient_evidence,sufficient,insufficient_evidence
2021-07-12,0.0,0.0,0.0,0.0,0.0,0.0,0.0,1,8,283,2,266,2,4,9,0,insufficient_evidence,sufficient,insufficient_evidence,insufficient_evidence,sufficient,insufficient_evidence
2021-07-13,0.0,0.0,0.0,0.0,0.0,0.0,0.0,1,8,283,2,266,2,4,9,0,insufficient_evidence,sufficient,insufficient_evidence,insufficient_evidence,sufficient,insufficient_evidence
2021-07-14,0.0,0.0,0.0,0.0,0.0,0.0,0.0,1,8,283,2,266,2,4,9,0,insufficient_evidence,sufficient,insufficient_evidence,insufficient_evidence,sufficient,insufficient_evidence
2021-07-15,0.0,0.0,0.0,0.0,0.0,0.0,0.0,1,8,283,2,266,2,4,9,0,insufficient_evidence,sufficient,insufficient_evidence,insufficient_evidence,sufficient,insufficient_evidence
2021-07-16,0.0,0.0,0.0,0.0,0.0,0.0,0.0,2,8,283,2,266,2,4,9,0,insufficient_evidence,sufficient,insufficient_evidence,insufficient_evidence,sufficient,insufficient_evidence
2021-07-19,0.0,0.0,0.0,0.0,0.0,0.0,0.0,2,8,283,2,266,2,4,9,0,insufficient_evidence,sufficient,insufficient_evidence,insufficient_evidence,sufficient,insufficient_evidence
2021-07-20,0.0,0.0,0.0,0.0,0.0,0.0,0.0,2,8,283,2,266,2,4,9,0,insufficient_evidence,sufficient,insufficient_evidence,insufficient_evidence,sufficient,insufficient_evidence
2021-07-21,0.0,0.0,0.0,0.0,0.0,0.0,0.0,2,8,283,2,266,2,4,9,0,insufficient_evidence,sufficient,insufficient_evidence,insufficient_evidence,sufficient,insufficient_evidence
2021-07-22,0.0,0.0,0.0,0.0,0.0,0.0,0.0,2,8,283,2,266,2,4,9,0,insufficient_evidence,sufficient,insufficient_evidence,insufficient_evidence,sufficient,insufficient_evidence
2021-07-23,0.0,0.0,0.0,0.0,0.0,0.0,0.0,1,8,283,2,266,2,4,9,0,insufficient_evidence,sufficient,insufficient_evidence,insufficient_evidence,sufficient,insufficient_evidence
2021-07-26,0.0,0.0,0.0,0.0,0.0,0.0,0.0,1,8,283,2,266,2,4,9,0,insufficient_evidence,sufficient,insufficient_evidence,insufficient_evidence,sufficient,insufficient_evidence
2021-07-27,0.0,0.0,0.0,0.0,0.0,0.0,0.0,1,8,283,2,266,2,4,9,0,insufficient_evidence,sufficient,insufficient_evidence,insufficient_evidence,sufficient,insufficient_evidence
2021-07-28,0.0,0.0,0.0,0.0,0.0,0.0,0.0,1,8,283,2,266,2,4,9,0,insufficient_evidence,sufficient,insufficient_evidence,insufficient_evidence,sufficient,insufficient_evidence
2021-07-29,0.0,0.0,0.0,0.0,0.0,0.0,0.0,1,8,283,2,266,2,4,9,0,insufficient_evidence,sufficient,insufficient_evidence,insufficient_evidence,sufficient,insufficient_evidence
2021-07-30,0.0,0.0,0.0,0.0,0.0,0.0,0.0,1,8,283,2,266,2,4,9,0,insufficient_evidence,sufficient,insufficient_evidence,insufficient_evidence,sufficient,insufficient_evidence
2021-08-02,0.0,0.0,0.0,0.0,0.0,0.0,0.0,1,8,284,2,267,2,4,9,0,insufficient_evidence,sufficient,insufficient_evidence,insufficient_evidence,sufficient,insufficient_evidence
2021-08-03,0.0,0.0,0.0,0.0,0.0,0.0,0.0,1,8,284,2,267,2,4,9,0,insufficient_evidence,sufficient,insufficient_evidence,insufficient_evidence,sufficient,insufficient_evidence
2021-08-04,0.0,0.0,0.0,0.0,0.0,0.0,0.0,1,8,284,2,267,2,4,9,0,insufficient_evidence,sufficient,insufficient_evidence,insufficient_evidence,sufficient,insufficient_evidence
2021-08-05,0.0,0.0,0.0,0.0,0.0,0.0,0.0,1,8,284,2,267,2,4,9,0,insufficient_evidence,sufficient,insufficient_evidence,insufficient_evidence,sufficient,insufficient_evidence
2021-08-06,0.0,0.0,0.0,0.0,0.0,0.0,0.0,1,8,284,2,267,2,4,9,0,insufficient_evidence,sufficient,insufficient_evidence,insufficient_evidence,sufficient,insufficient_evidence
2021-08-09,0.0,0.0,0.0,0.0,0.0,0.0,0.0,2,8,285,2,268,2,4,9,0,insufficient_evidence,sufficient,insufficient_evidence,insufficient_evidence,sufficient,insufficient_evidence
2021-08-10,0.0,0.0,0.0,0.0,0.0,0.0,0.0,2,8,285,2,268,2,4,9,0,insufficient_evidence,sufficient,insufficient_evidence,insufficient_evidence,sufficient,insufficient_evidence
2021-08-11,0.0,0.0,0.0,0.0,0.0,0.0,0.0,2,8,285,2,268,2,4,9,0,insufficient_evidence,sufficient,insufficient_evidence,insufficient_evidence,sufficient,insufficient_evidence
2021-08-12,0.0,0.0,0.0,0.0,0.0,0.0,0.0,2,8,285,2,268,2,4,9,0,insufficient_evidence,sufficient,insufficient_evidence,insufficient_evidence,sufficient,insufficient_evidence
2021-08-13,0.0,0.0,0.0,0.0,0.0,0.0,0.0,2,8,285,2,268,2,4,9,0,insufficient_evidence,sufficient,insufficient_evidence,insufficient_evidence,sufficient,insufficient_evidence
2021-08-16,0.0,-0.5625,0.0,0.0,0.0,0.0,0.0,1,8,286,2,269,2,4,9,0,insufficient_evidence,sufficient,insufficient_evidence,insufficient_evidence,sufficient,insufficient_evidence
2021-08-17,0.0,-0.5625,0.0,0.0,0.0,0.0,0.0,2,8,286,2,269,2,4,9,0,insufficient_evidence,sufficient,insufficient_evidence,insufficient_evidence,sufficient,insufficient_evidence
2021-08-18,0.0,-0.5625,0.0,0.0,0.0,0.0,0.0,2,8,286,2,269,2,4,9,0,insufficient_evidence,sufficient,insufficient_evidence,insufficient_evidence,sufficient,insufficient_evidence
2021-08-19,0.0,-0.5625,0.0,0.0,0.0,0.0,0.0,2,8,286,2,269,2,4,9,0,insufficient_evidence,sufficient,insufficient_evidence,insufficient_evidence,sufficient,insufficient_evidence
2021-08-20,0.0,-0.5625,0.0,0.0,0.0,0.0,0.0,2,8,286,2,269,2,4,9,0,insufficient_evidence,sufficient,insufficient_evidence,insufficient_evidence,sufficient,insufficient_evidence
2021-08-23,0.0,0.0,0.0,0.0,0.0,0.0,0.0,2,8,286,2,269,2,4,9,0,insufficient_evidence,sufficient,insufficient_evidence,insufficient_evidence,sufficient,insufficient_evidence
2021-08-24,0.0,0.0,0.0,0.0,0.0,0.0,0.0,1,8,286,2,269,2,4,9,0,insufficient_evidence,sufficient,insufficient_evidence,insufficient_evidence,sufficient,insufficient_evidence
2021-08-25,0.0,0.0,0.0,0.0,0.0,0.0,0.0,1,8,286,2,269,2,4,9,0,insufficient_evidence,sufficient,insufficient_evidence,insufficient_evidence,sufficient,insufficient_evidence
2021-08-26,0.0,0.0,0.0,0.0,0.0,0.0,0.0,1,8,286,2,269,2,4,9,0,insufficient_evidence,sufficient,insufficient_evidence,insufficient_evidence,sufficient,insufficient_evidence
2021-08-27,0.0,0.0,0.0,0.0,0.0,0.0,0.0,1,8,286,2,269,2,4,9,0,insufficient_evidence,sufficient,insufficient_evidence,insufficient_evidence,sufficient,insufficient_evidence
2021-08-30,0.0,-0.5625,0.0,0.0,0.0,0.0,0.0,1,8,287,2,270,2,4,9,0,insufficient_evidence,sufficient,insufficient_evidence,insufficient_evidence,sufficient,insufficient_evidence
2021-08-31,0.0,-0.5625,0.0,0.0,0.0,0.0,0.0,1,8,287,2,270,2,4,9,0,insufficient_evidence,sufficient,insufficient_evidence,insufficient_evidence,sufficient,insufficient_evidence
2021-09-01,0.0,-0.5625,0.0,0.0,0.0,0.0,0.0,1,8,287,2,270,2,4,9,0,insufficient_evidence,sufficient,insufficient_evidence,insufficient_evidence,sufficient,insufficient_evidence
2021-09-02,0.0,-0.5625,0.0,0.0,0.0,0.0,0.0,1,8,287,2,270,2,4,9,0,insufficient_evidence,sufficient,insufficient_evidence,insufficient_evidence,sufficient,insufficient_evidence
2021-09-03,0.0,-0.5625,0.0,0.0,0.0,0.0,0.0,1,8,287,2,270,2,4,9,0,insufficient_evidence,sufficient,insufficient_evidence,insufficient_evidence,sufficient,insufficient_evidence
2021-09-06,0.0,0.0,0.0,0.0,0.0,0.0,0.0,1,8,287,2,270,2,4,9,0,insufficient_evidence,sufficient,insufficient_evidence,insufficient_evidence,sufficient,insufficient_evidence
2021-09-07,0.0,0.0,0.0,0.0,0.0,0.0,0.0,1,8,287,2,270,2,4,9,0,insufficient_evidence,sufficient,insufficient_evidence,insufficient_evidence,sufficient,insufficient_evidence
2021-09-08,0.0,0.0,0.0,0.0,0.0,0.0,0.0,1,8,287,2,270,2,4,9,0,insufficient_evidence,sufficient,insufficient_evidence,insufficient_evidence,sufficient,insufficient_evidence
2021-09-09,0.0,0.0,0.0,0.0,0.0,0.0,0.0,1,8,287,2,270,2,4,9,0,insufficient_evidence,sufficient,insufficient_evidence,insufficient_evidence,sufficient,insufficient_evidence
2021-09-10,0.0,0.0,0.0,0.0,0.0,0.0,0.0,1,8,287,2,270,2,4,9,0,insufficient_evidence,sufficient,insufficient_evidence,insufficient_evidence,sufficient,insufficient_evidence
2021-09-13,0.0,-0.5625,0.0,0.0,0.0,0.0,0.0,1,8,288,2,271,2,4,9,0,insufficient_evidence,sufficient,insufficient_evidence,insufficient_evidence,sufficient,insufficient_evidence
2021-09-14,0.0,-0.5625,0.0,0.0,0.0,0.0,0.0,1,8,288,2,271,2,4,9,0,insufficient_evidence,sufficient,insufficient_evidence,insufficient_evidence,sufficient,insufficient_evidence
2021-09-15,0.0,-0.5625,0.0,0.0,0.0,0.0,0.0,1,8,288,2,271,2,4,9,0,insufficient_evidence,sufficient,insufficient_evidence,insufficient_evidence,sufficient,insufficient_evidence
2021-09-16,0.0,-0.5625,0.0,0.0,0.0,0.0,0.0,2,8,288,2,271,2,4,9,0,insufficient_evidence,sufficient,insufficient_evidence,insufficient_evidence,sufficient,insufficient_evidence
2021-09-17,0.0,-0.5625,0.0,0.0,0.0,0.0,0.0,2,8,288,2,271,2,4,9,0,insufficient_evidence,sufficient,insufficient_evidence,insufficient_evidence,sufficient,insufficient_evidence
2021-09-18,0.0,0.0,0.0,0.0,0.0,0.0,0.0,1,8,288,2,271,2,4,9,0,insufficient_evidence,sufficient,insufficient_evidence,insufficient_evidence,sufficient,insufficient_evidence
2021-09-22,0.0,-0.5625,0.0,0.0,0.0,0.0,0.0,2,8,289,2,272,2,4,9,0,insufficient_evidence,sufficient,insufficient_evidence,insufficient_evidence,sufficient,insufficient_evidence
2021-09-23,0.0,-0.5625,0.0,0.0,0.0,0.0,0.0,2,8,289,2,272,2,4,9,0,insufficient_evidence,sufficient,insufficient_evidence,insufficient_evidence,sufficient,insufficient_evidence
2021-09-24,0.0,-0.5625,0.0,0.0,0.0,0.0,0.0,1,8,289,2,272,2,4,9,0,insufficient_evidence,sufficient,insufficient_evidence,insufficient_evidence,sufficient,insufficient_evidence
2021-09-26,0.0,-0.5625,0.0,0.0,0.0,0.0,0.0,1,8,289,2,272,2,4,9,0,insufficient_evidence,sufficient,insufficient_evidence,insufficient_evidence,sufficient,insufficient_evidence
2021-09-27,0.0,-0.5625,0.0,0.0,0.0,0.0,0.0,2,8,290,2,273,2,4,9,0,insufficient_evidence,sufficient,insufficient_evidence,insufficient_evidence,sufficient,insufficient_evidence
2021-09-28,0.0,-0.5625,0.0,0.0,0.0,0.0,0.0,1,8,290,2,273,2,4,9,0,insufficient_evidence,sufficient,insufficient_evidence,insufficient_evidence,sufficient,insufficient_evidence
2021-09-29,0.0,-0.5625,0.0,0.0,0.0,0.0,0.0,1,8,290,2,273,2,4,9,0,insufficient_evidence,sufficient,insufficient_evidence,insufficient_evidence,sufficient,insufficient_evidence
2021-09-30,0.0,-0.5625,0.0,0.0,0.0,0.0,0.0,1,8,290,2,273,2,4,9,0,insufficient_evidence,sufficient,insufficient_evidence,insufficient_evidence,sufficient,insufficient_evidence
2021-10-08,0.0,-0.5625,0.0,0.0,0.0,0.0,0.0,2,8,290,2,273,2,4,9,0,insufficient_evidence,sufficient,insufficient_evidence,insufficient_evidence,sufficient,insufficient_evidence
2021-10-09,0.0,0.0,0.0,0.0,0.0,0.0,0.0,1,8,290,2,273,2,4,9,0,insufficient_evidence,sufficient,insufficient_evidence,insufficient_evidence,sufficient,insufficient_evidence
2021-10-11,0.0,-0.5625,0.0,0.0,0.0,0.0,0.0,2,8,291,2,274,2,4,9,0,insufficient_evidence,sufficient,insufficient_evidence,insufficient_evidence,sufficient,insufficient_evidence
2021-10-12,0.0,-0.5625,0.0,0.0,0.0,0.0,0.0,2,8,291,2,274,2,4,9,0,insufficient_evidence,sufficient,insufficient_evidence,insufficient_evidence,sufficient,insufficient_evidence
2021-10-13,0.0,-0.5625,0.0,0.0,0.0,0.0,0.0,2,8,291,2,274,2,4,9,0,insufficient_evidence,sufficient,insufficient_evidence,insufficient_evidence,sufficient,insufficient_evidence
2021-10-14,0.0,-0.5625,0.0,0.0,0.0,0.0,0.0,1,8,291,2,274,2,4,9,0,insufficient_evidence,sufficient,insufficient_evidence,insufficient_evidence,sufficient,insufficient_evidence
2021-10-15,0.0,-0.5625,0.0,0.0,0.0,0.0,0.0,1,8,291,2,274,2,4,9,0,insufficient_evidence,sufficient,insufficient_evidence,insufficient_evidence,sufficient,insufficient_evidence
2021-10-18,0.0,0.0,0.0,0.0,0.0,0.0,0.0,1,8,291,2,274,2,4,9,0,insufficient_evidence,sufficient,insufficient_evidence,insufficient_evidence,sufficient,insufficient_evidence
2021-10-19,0.0,0.0,0.0,0.0,0.0,0.0,0.0,2,8,291,2,274,2,4,9,0,insufficient_evidence,sufficient,insufficient_evidence,insufficient_evidence,sufficient,insufficient_evidence
2021-10-20,0.0,0.0,0.0,0.0,0.0,0.0,0.0,2,8,291,2,274,2,4,9,0,insufficient_evidence,sufficient,insufficient_evidence,insufficient_evidence,sufficient,insufficient_evidence
2021-10-21,0.0,0.0,0.0,0.0,0.0,0.0,0.0,2,8,291,2,274,2,4,9,0,insufficient_evidence,sufficient,insufficient_evidence,insufficient_evidence,sufficient,insufficient_evidence
2021-10-22,0.0,0.0,0.0,0.0,0.0,0.0,0.0,2,8,291,2,274,2,4,9,0,insufficient_evidence,sufficient,insufficient_evidence,insufficient_evidence,sufficient,insufficient_evidence
2021-10-25,0.0,-0.5625,0.0,0.0,0.0,0.0,0.0,2,8,292,2,275,2,4,9,0,insufficient_evidence,sufficient,insufficient_evidence,insufficient_evidence,sufficient,insufficient_evidence
2021-10-26,0.0,-0.5625,0.0,0.0,0.0,0.0,0.0,1,8,292,2,275,2,4,9,0,insufficient_evidence,sufficient,insufficient_evidence,insufficient_evidence,sufficient,insufficient_evidence
2021-10-27,0.0,-0.5625,0.0,0.0,0.0,0.0,0.0,1,8,292,2,275,2,4,9,0,insufficient_evidence,sufficient,insufficient_evidence,insufficient_evidence,sufficient,insufficient_evidence
2021-10-28,0.0,-0.5625,0.0,0.0,0.0,0.0,0.0,1,8,292,2,275,2,4,9,0,insufficient_evidence,sufficient,insufficient_evidence,insufficient_evidence,sufficient,insufficient_evidence
2021-10-29,0.0,-0.5625,0.0,0.0,0.0,0.0,0.0,1,8,292,2,275,2,4,9,0,insufficient_evidence,sufficient,insufficient_evidence,insufficient_evidence,sufficient,insufficient_evidence
2021-11-01,0.0,-0.5625,0.0,0.0,0.0,0.0,0.0,1,8,293,2,276,2,4,9,0,insufficient_evidence,sufficient,insufficient_evidence,insufficient_evidence,sufficient,insufficient_evidence
2021-11-02,0.0,-0.5625,0.0,0.0,0.0,0.0,0.0,1,8,293,2,276,2,4,9,0,insufficient_evidence,sufficient,insufficient_evidence,insufficient_evidence,sufficient,insufficient_evidence
2021-11-03,0.0,-0.5625,0.0,0.0,0.0,0.0,0.0,1,8,293,2,276,2,4,9,0,insufficient_evidence,sufficient,insufficient_evidence,insufficient_evidence,sufficient,insufficient_evidence
2021-11-04,0.0,-0.5625,0.0,0.0,0.0,0.0,0.0,1,8,293,2,276,2,4,9,0,insufficient_evidence,sufficient,insufficient_evidence,insufficient_evidence,sufficient,insufficient_evidence
2021-11-05,0.0,-0.5625,0.0,0.0,0.0,0.0,0.0,1,8,293,2,276,2,4,9,0,insufficient_evidence,sufficient,insufficient_evidence,insufficient_evidence,sufficient,insufficient_evidence
2021-11-08,0.0,-0.5625,0.0,0.0,0.0,0.0,0.0,1,8,294,2,277,2,4,9,0,insufficient_evidence,sufficient,insufficient_evidence,insufficient_evidence,sufficient,insufficient_evidence
2021-11-09,0.0,-0.5625,0.0,0.0,0.0,0.0,0.0,1,8,294,2,277,2,4,9,0,insufficient_evidence,sufficient,insufficient_evidence,insufficient_evidence,sufficient,insufficient_evidence
2021-11-10,0.0,-0.5625,0.0,0.0,0.0,0.0,0.0,1,8,294,2,277,2,4,9,0,insufficient_evidence,sufficient,insufficient_evidence,insufficient_evidence,sufficient,insufficient_evidence
2021-11-11,0.0,-0.5625,0.0,0.0,0.0,0.0,0.0,1,8,294,2,277,2,4,9,0,insufficient_evidence,sufficient,insufficient_evidence,insufficient_evidence,sufficient,insufficient_evidence
2021-11-12,0.0,-0.5625,0.0,0.0,0.0,0.0,0.0,1,8,294,2,277,2,4,9,0,insufficient_evidence,sufficient,insufficient_evidence,insufficient_evidence,sufficient,insufficient_evidence
2021-11-15,0.0,-0.5625,0.0,0.0,0.0,0.0,0.0,1,8,296,2,279,2,4,9,0,insufficient_evidence,sufficient,insufficient_evidence,insufficient_evidence,sufficient,insufficient_evidence
2021-11-16,0.0,-0.5625,0.0,0.0,0.0,0.0,0.0,2,8,296,2,279,2,4,9,0,insufficient_evidence,sufficient,insufficient_evidence,insufficient_evidence,sufficient,insufficient_evidence
2021-11-17,0.0,-0.5625,0.0,0.0,0.0,0.0,0.0,2,8,296,2,279,2,4,9,0,insufficient_evidence,sufficient,insufficient_evidence,insufficient_evidence,sufficient,insufficient_evidence
2021-11-18,0.0,-0.5625,0.0,0.0,0.0,0.0,0.0,2,8,296,2,279,2,4,9,0,insufficient_evidence,sufficient,insufficient_evidence,insufficient_evidence,sufficient,insufficient_evidence
2021-11-19,0.0,-0.5625,0.0,0.0,0.0,0.0,0.0,3,8,296,2,279,2,4,9,0,insufficient_evidence,sufficient,insufficient_evidence,insufficient_evidence,sufficient,insufficient_evidence
2021-11-22,0.0,0.0,0.0,0.0,0.0,0.0,0.0,3,8,296,2,279,2,4,9,0,insufficient_evidence,sufficient,insufficient_evidence,insufficient_evidence,sufficient,insufficient_evidence
2021-11-23,0.0,0.0,0.0,0.0,0.0,0.0,0.0,2,8,296,2,279,2,4,9,0,insufficient_evidence,sufficient,insufficient_evidence,insufficient_evidence,sufficient,insufficient_evidence
2021-11-24,0.0,0.0,0.0,0.0,0.0,0.0,0.0,2,8,296,2,279,2,4,9,0,insufficient_evidence,sufficient,insufficient_evidence,insufficient_evidence,sufficient,insufficient_evidence
2021-11-25,0.0,0.0,0.0,0.0,0.0,0.0,0.0,2,8,296,2,279,2,4,9,0,insufficient_evidence,sufficient,insufficient_evidence,insufficient_evidence,sufficient,insufficient_evidence
2021-11-26,0.0,0.0,0.0,0.0,0.0,0.0,0.0,1,8,296,2,279,2,4,9,0,insufficient_evidence,sufficient,insufficient_evidence,insufficient_evidence,sufficient,insufficient_evidence
2021-11-29,0.0,-0.5625,0.0,0.0,0.0,0.0,0.0,1,8,297,2,280,2,4,9,0,insufficient_evidence,sufficient,insufficient_evidence,insufficient_evidence,sufficient,insufficient_evidence
2021-11-30,0.0,-0.5625,0.0,0.0,0.0,0.0,0.0,1,8,297,2,280,2,4,9,0,insufficient_evidence,sufficient,insufficient_evidence,insufficient_evidence,sufficient,insufficient_evidence
2021-12-01,0.0,-0.5625,0.0,0.0,0.0,0.0,0.0,1,8,297,2,280,2,4,9,0,insufficient_evidence,sufficient,insufficient_evidence,insufficient_evidence,sufficient,insufficient_evidence
2021-12-02,0.0,-0.5625,0.0,0.0,0.0,0.0,0.0,1,8,297,2,280,2,4,9,0,insufficient_evidence,sufficient,insufficient_evidence,insufficient_evidence,sufficient,insufficient_evidence
2021-12-03,0.0,-0.5625,0.0,0.0,0.0,0.0,0.0,1,8,297,2,280,2,4,9,0,insufficient_evidence,sufficient,insufficient_evidence,insufficient_evidence,sufficient,insufficient_evidence
2021-12-06,0.0,-0.5625,0.0,0.0,0.0,0.0,0.0,1,8,298,2,281,2,4,9,0,insufficient_evidence,sufficient,insufficient_evidence,insufficient_evidence,sufficient,insufficient_evidence
2021-12-07,0.0,-0.5625,0.0,0.0,0.0,0.0,0.0,1,8,298,2,281,2,4,9,0,insufficient_evidence,sufficient,insufficient_evidence,insufficient_evidence,sufficient,insufficient_evidence
2021-12-08,0.0,-0.5625,0.0,0.0,0.0,0.0,0.0,1,8,298,2,281,2,4,9,0,insufficient_evidence,sufficient,insufficient_evidence,insufficient_evidence,sufficient,insufficient_evidence
2021-12-09,0.0,-0.5625,0.0,0.0,0.0,0.0,0.0,1,8,298,2,281,2,4,9,0,insufficient_evidence,sufficient,insufficient_evidence,insufficient_evidence,sufficient,insufficient_evidence
2021-12-10,0.0,-0.5625,0.0,0.0,0.0,0.0,0.0,1,8,298,2,281,2,4,9,0,insufficient_evidence,sufficient,insufficient_evidence,insufficient_evidence,sufficient,insufficient_evidence
2021-12-13,0.0,0.0,0.0,0.0,0.0,0.0,0.0,1,8,298,2,281,2,4,9,0,insufficient_evidence,sufficient,insufficient_evidence,insufficient_evidence,sufficient,insufficient_evidence
2021-12-14,0.0,0.0,0.0,0.0,0.0,0.0,0.0,1,8,298,2,281,2,4,9,0,insufficient_evidence,sufficient,insufficient_evidence,insufficient_evidence,sufficient,insufficient_evidence
2021-12-15,0.0,0.0,0.0,0.0,0.0,0.0,0.0,1,8,298,2,281,2,4,9,0,insufficient_evidence,sufficient,insufficient_evidence,insufficient_evidence,sufficient,insufficient_evidence
2021-12-16,0.0,0.0,0.0,0.0,0.0,0.0,0.0,2,8,298,2,281,2,4,9,0,insufficient_evidence,sufficient,insufficient_evidence,insufficient_evidence,sufficient,insufficient_evidence
2021-12-17,0.0,0.0,0.0,0.0,0.0,0.0,0.0,2,8,298,2,281,2,4,9,0,insufficient_evidence,sufficient,insufficient_evidence,insufficient_evidence,sufficient,insufficient_evidence
2021-12-20,0.0,-0.5625,0.0,0.0,0.0,0.0,0.0,2,8,299,2,282,2,4,9,0,insufficient_evidence,sufficient,insufficient_evidence,insufficient_evidence,sufficient,insufficient_evidence
2021-12-21,0.0,-0.5625,0.0,0.0,0.0,0.0,0.0,2,8,299,2,282,2,4,9,0,insufficient_evidence,sufficient,insufficient_evidence,insufficient_evidence,sufficient,insufficient_evidence
2021-12-22,0.0,-0.5625,0.0,0.0,0.0,0.0,0.0,2,8,299,2,282,2,4,9,0,insufficient_evidence,sufficient,insufficient_evidence,insufficient_evidence,sufficient,insufficient_evidence
2021-12-23,0.0,-0.5625,0.0,0.0,0.0,0.0,0.0,1,8,299,2,282,2,4,9,0,insufficient_evidence,sufficient,insufficient_evidence,insufficient_evidence,sufficient,insufficient_evidence
2021-12-24,0.0,-0.5625,0.0,0.0,0.0,0.0,0.0,1,8,299,2,282,2,4,9,0,insufficient_evidence,sufficient,insufficient_evidence,insufficient_evidence,sufficient,insufficient_evidence
2021-12-27,0.0,0.0,0.0,0.0,0.0,0.0,0.0,1,8,299,2,282,2,4,9,0,insufficient_evidence,sufficient,insufficient_evidence,insufficient_evidence,sufficient,insufficient_evidence
2021-12-28,0.0,0.0,0.0,0.0,0.0,0.0,0.0,1,8,299,2,282,2,4,9,0,insufficient_evidence,sufficient,insufficient_evidence,insufficient_evidence,sufficient,insufficient_evidence
2021-12-29,0.0,0.0,0.0,0.0,0.0,0.0,0.0,1,8,299,2,282,2,4,9,0,insufficient_evidence,sufficient,insufficient_evidence,insufficient_evidence,sufficient,insufficient_evidence
2021-12-30,0.0,0.0,0.0,0.0,0.0,0.0,0.0,1,8,299,2,282,2,4,9,0,insufficient_evidence,sufficient,insufficient_evidence,insufficient_evidence,sufficient,insufficient_evidence
2021-12-31,0.0,0.0,0.0,0.0,0.0,0.0,0.0,1,8,299,2,282,2,4,9,0,insufficient_evidence,sufficient,insufficient_evidence,insufficient_evidence,sufficient,insufficient_evidence
2022-01-04,0.0,-0.5625,0.0,0.0,0.0,0.0,0.0,1,8,300,2,283,2,4,9,0,insufficient_evidence,sufficient,insufficient_evidence,insufficient_evidence,sufficient,insufficient_evidence
2022-01-05,0.0,-0.5625,0.0,0.0,0.0,0.0,0.0,1,8,300,2,283,2,4,9,0,insufficient_evidence,sufficient,insufficient_evidence,insufficient_evidence,sufficient,insufficient_evidence
2022-01-06,0.0,-0.5625,0.0,0.0,0.0,0.0,0.0,1,8,300,2,283,2,4,9,0,insufficient_evidence,sufficient,insufficient_evidence,insufficient_evidence,sufficient,insufficient_evidence
2022-01-07,0.0,-0.5625,0.0,0.0,0.0,0.0,0.0,1,8,300,2,283,2,4,9,0,insufficient_evidence,sufficient,insufficient_evidence,insufficient_evidence,sufficient,insufficient_evidence
2022-01-10,0.0,-0.5625,0.0,0.0,0.0,0.0,0.0,2,8,301,2,284,2,4,9,0,insufficient_evidence,sufficient,insufficient_evidence,insufficient_evidence,sufficient,insufficient_evidence
2022-01-11,0.0,0.0,0.0,0.0,0.0,0.0,0.0,1,8,301,2,284,2,4,9,0,insufficient_evidence,sufficient,insufficient_evidence,insufficient_evidence,sufficient,insufficient_evidence
2022-01-12,0.0,0.0,0.0,0.0,0.0,0.0,0.0,1,8,301,2,284,2,4,9,0,insufficient_evidence,sufficient,insufficient_evidence,insufficient_evidence,sufficient,insufficient_evidence
2022-01-13,0.0,0.0,0.0,0.0,0.0,0.0,0.0,1,8,301,2,284,2,4,9,0,insufficient_evidence,sufficient,insufficient_evidence,insufficient_evidence,sufficient,insufficient_evidence
2022-01-14,0.0,0.0,0.0,0.0,0.0,0.0,0.0,1,8,301,2,284,2,4,9,0,insufficient_evidence,sufficient,insufficient_evidence,insufficient_evidence,sufficient,insufficient_evidence
2022-01-17,0.0,-0.5625,0.0,0.0,0.0,0.0,0.0,1,8,302,2,285,2,4,9,0,insufficient_evidence,sufficient,insufficient_evidence,insufficient_evidence,sufficient,insufficient_evidence
2022-01-18,0.0,-0.5625,0.0,0.0,0.0,0.0,0.0,2,8,302,2,285,2,4,9,0,insufficient_evidence,sufficient,insufficient_evidence,insufficient_evidence,sufficient,insufficient_evidence
2022-01-19,0.0,-0.5625,0.0,0.0,0.0,0.0,0.0,2,8,302,2,285,2,4,9,0,insufficient_evidence,sufficient,insufficient_evidence,insufficient_evidence,sufficient,insufficient_evidence
2022-01-20,0.0,-0.5625,0.0,0.0,0.0,0.0,0.0,2,8,302,2,285,2,4,9,0,insufficient_evidence,sufficient,insufficient_evidence,insufficient_evidence,sufficient,insufficient_evidence
2022-01-21,0.0,-0.5625,0.0,0.0,0.0,0.0,0.0,2,8,302,2,285,2,4,9,0,insufficient_evidence,sufficient,insufficient_evidence,insufficient_evidence,sufficient,insufficient_evidence
2022-01-24,0.0,-0.5625,0.0,0.0,0.0,0.0,0.0,2,8,303,2,286,2,4,9,0,insufficient_evidence,sufficient,insufficient_evidence,insufficient_evidence,sufficient,insufficient_evidence
2022-01-25,0.0,-0.5625,0.0,0.0,0.0,0.0,0.0,1,8,303,2,286,2,4,9,0,insufficient_evidence,sufficient,insufficient_evidence,insufficient_evidence,sufficient,insufficient_evidence
2022-01-26,0.0,-0.5625,0.0,0.0,0.0,0.0,0.0,1,8,303,2,286,2,4,9,0,insufficient_evidence,sufficient,insufficient_evidence,insufficient_evidence,sufficient,insufficient_evidence
2022-01-27,0.0,-0.5625,0.0,0.0,0.0,0.0,0.0,1,8,303,2,286,2,4,9,0,insufficient_evidence,sufficient,insufficient_evidence,insufficient_evidence,sufficient,insufficient_evidence
2022-01-28,0.0,-0.5625,0.0,0.0,0.0,0.0,0.0,1,8,303,2,286,2,4,9,0,insufficient_evidence,sufficient,insufficient_evidence,insufficient_evidence,sufficient,insufficient_evidence
2022-01-29,0.0,0.0,0.0,0.0,0.0,0.0,0.0,0,8,303,2,286,2,4,9,0,insufficient_evidence,sufficient,insufficient_evidence,insufficient_evidence,sufficient,insufficient_evidence
2022-01-30,0.0,0.0,0.0,0.0,0.0,0.0,0.0,0,8,303,2,286,2,4,9,0,insufficient_evidence,sufficient,insufficient_evidence,insufficient_evidence,sufficient,insufficient_evidence
2022-02-07,0.0,-0.585,0.0,0.0,0.0,0.0,0.0,1,8,304,2,287,2,4,9,0,insufficient_evidence,sufficient,insufficient_evidence,insufficient_evidence,sufficient,insufficient_evidence
2022-02-08,0.0,-0.585,0.0,0.0,0.0,0.0,0.0,1,8,304,2,287,2,4,9,0,insufficient_evidence,sufficient,insufficient_evidence,insufficient_evidence,sufficient,insufficient_evidence
2022-02-09,0.0,-0.585,0.0,0.0,0.0,0.0,0.0,1,8,304,2,287,2,4,9,0,insufficient_evidence,sufficient,insufficient_evidence,insufficient_evidence,sufficient,insufficient_evidence
2022-02-10,0.0,-0.585,0.0,0.0,0.0,0.0,0.0,1,8,304,2,287,2,4,9,0,insufficient_evidence,sufficient,insufficient_evidence,insufficient_evidence,sufficient,insufficient_evidence
2022-02-11,0.0,-0.585,0.0,0.0,0.0,0.0,0.0,2,8,304,2,287,2,4,9,0,insufficient_evidence,sufficient,insufficient_evidence,insufficient_evidence,sufficient,insufficient_evidence
2022-02-14,0.0,-0.5625,0.0,0.0,0.0,0.0,0.0,2,8,305,2,288,2,4,9,0,insufficient_evidence,sufficient,insufficient_evidence,insufficient_evidence,sufficient,insufficient_evidence
2022-02-15,0.0,-0.5625,0.0,0.0,0.0,0.0,0.0,2,8,305,2,288,2,4,9,0,insufficient_evidence,sufficient,insufficient_evidence,insufficient_evidence,sufficient,insufficient_evidence
2022-02-16,0.0,-0.5625,0.0,0.0,0.0,0.0,0.0,2,8,305,2,288,2,4,9,0,insufficient_evidence,sufficient,insufficient_evidence,insufficient_evidence,sufficient,insufficient_evidence
2022-02-17,0.0,-0.5625,0.0,0.0,0.0,0.0,0.0,2,8,305,2,288,2,4,9,0,insufficient_evidence,sufficient,insufficient_evidence,insufficient_evidence,sufficient,insufficient_evidence
2022-02-18,0.0,-0.5625,0.0,0.0,0.0,0.0,0.0,1,8,305,2,288,2,4,9,0,insufficient_evidence,sufficient,insufficient_evidence,insufficient_evidence,sufficient,insufficient_evidence
2022-02-21,0.0,-0.5625,0.0,0.0,0.0,0.0,0.0,1,8,306,2,289,2,4,9,0,insufficient_evidence,sufficient,insufficient_evidence,insufficient_evidence,sufficient,insufficient_evidence
2022-02-22,0.0,-0.5625,0.0,0.0,0.0,0.0,0.0,1,8,306,2,289,2,4,9,0,insufficient_evidence,sufficient,insufficient_evidence,insufficient_evidence,sufficient,insufficient_evidence
2022-02-23,0.0,-0.5625,0.0,0.0,0.0,0.0,0.0,1,8,306,2,289,2,4,9,0,insufficient_evidence,sufficient,insufficient_evidence,insufficient_evidence,sufficient,insufficient_evidence
2022-02-24,0.0,-0.5625,0.0,0.0,0.0,0.0,0.0,1,8,306,2,289,2,4,9,0,insufficient_evidence,sufficient,insufficient_evidence,insufficient_evidence,sufficient,insufficient_evidence
2022-02-25,0.0,-0.5625,0.0,0.0,0.0,0.0,0.0,1,8,306,2,289,2,4,9,0,insufficient_evidence,sufficient,insufficient_evidence,insufficient_evidence,sufficient,insufficient_evidence
2022-02-28,0.0,-0.5625,0.0,0.0,0.0,0.0,0.0,1,8,307,2,290,2,4,9,0,insufficient_evidence,sufficient,insufficient_evidence,insufficient_evidence,sufficient,insufficient_evidence
2022-03-01,0.0,-0.5625,0.0,0.0,0.0,0.0,0.0,1,8,307,2,290,2,4,9,0,insufficient_evidence,sufficient,insufficient_evidence,insufficient_evidence,sufficient,insufficient_evidence
2022-03-02,0.0,-0.5625,0.0,0.0,0.0,0.0,0.0,1,8,307,2,290,2,4,9,0,insufficient_evidence,sufficient,insufficient_evidence,insufficient_evidence,sufficient,insufficient_evidence
2022-03-03,0.0,-0.5625,0.0,0.0,0.0,0.0,0.0,1,8,307,2,290,2,4,9,0,insufficient_evidence,sufficient,insufficient_evidence,insufficient_evidence,sufficient,insufficient_evidence
2022-03-04,0.0,-0.5625,0.0,0.0,0.0,0.0,0.0,1,8,307,2,290,2,4,9,0,insufficient_evidence,sufficient,insufficient_evidence,insufficient_evidence,sufficient,insufficient_evidence
2022-03-07,0.0,0.0,0.0,0.0,0.0,0.0,0.0,1,8,307,2,290,2,4,9,0,insufficient_evidence,sufficient,insufficient_evidence,insufficient_evidence,sufficient,insufficient_evidence
2022-03-08,0.0,0.0,0.0,0.0,0.0,0.0,0.0,1,8,307,2,290,2,4,9,0,insufficient_evidence,sufficient,insufficient_evidence,insufficient_evidence,sufficient,insufficient_evidence
2022-03-09,0.0,0.0,0.0,0.0,0.0,0.0,0.0,1,8,307,2,290,2,4,9,0,insufficient_evidence,sufficient,insufficient_evidence,insufficient_evidence,sufficient,insufficient_evidence
2022-03-10,0.0,0.0,0.0,0.0,0.0,0.0,0.0,1,8,307,2,290,2,4,9,0,insufficient_evidence,sufficient,insufficient_evidence,insufficient_evidence,sufficient,insufficient_evidence
2022-03-11,0.0,0.0,0.0,0.0,0.0,0.0,0.0,1,8,307,2,290,2,4,9,0,insufficient_evidence,sufficient,insufficient_evidence,insufficient_evidence,sufficient,insufficient_evidence
2022-03-14,0.0,-0.5625,0.0,0.0,0.0,0.0,0.0,1,8,308,2,291,2,4,9,0,insufficient_evidence,sufficient,insufficient_evidence,insufficient_evidence,sufficient,insufficient_evidence
2022-03-15,0.0,-0.5625,0.0,0.0,0.0,0.0,0.0,1,8,308,2,291,2,4,9,0,insufficient_evidence,sufficient,insufficient_evidence,insufficient_evidence,sufficient,insufficient_evidence
2022-03-16,0.0,-0.5625,0.0,0.0,0.0,0.0,0.0,2,8,308,2,291,2,4,9,0,insufficient_evidence,sufficient,insufficient_evidence,insufficient_evidence,sufficient,insufficient_evidence
2022-03-17,0.0,-0.5625,0.0,0.0,0.0,0.0,0.0,2,8,308,2,291,2,4,9,0,insufficient_evidence,sufficient,insufficient_evidence,insufficient_evidence,sufficient,insufficient_evidence
2022-03-18,0.0,-0.5625,0.0,0.0,0.0,0.0,0.0,2,8,308,2,291,2,4,9,0,insufficient_evidence,sufficient,insufficient_evidence,insufficient_evidence,sufficient,insufficient_evidence
2022-03-21,0.0,-0.5625,0.0,0.0,0.0,0.0,0.0,2,8,309,2,292,2,4,9,0,insufficient_evidence,sufficient,insufficient_evidence,insufficient_evidence,sufficient,insufficient_evidence
2022-03-22,0.0,-0.5625,0.0,0.0,0.0,0.0,0.0,2,8,309,2,292,2,4,9,0,insufficient_evidence,sufficient,insufficient_evidence,insufficient_evidence,sufficient,insufficient_evidence
2022-03-23,0.0,-0.5625,0.0,0.0,0.0,0.0,0.0,1,8,309,2,292,2,4,9,0,insufficient_evidence,sufficient,insufficient_evidence,insufficient_evidence,sufficient,insufficient_evidence
2022-03-24,0.0,-0.5625,0.0,0.0,0.0,0.0,0.0,1,8,309,2,292,2,4,9,0,insufficient_evidence,sufficient,insufficient_evidence,insufficient_evidence,sufficient,insufficient_evidence
2022-03-25,0.0,-0.5625,0.0,0.0,0.0,0.0,0.0,1,8,309,2,292,2,4,9,0,insufficient_evidence,sufficient,insufficient_evidence,insufficient_evidence,sufficient,insufficient_evidence
2022-03-28,0.0,-0.5625,0.0,0.0,0.0,0.0,0.0,1,8,310,2,293,2,4,9,0,insufficient_evidence,sufficient,insufficient_evidence,insufficient_evidence,sufficient,insufficient_evidence
2022-03-29,0.0,-0.5625,0.0,0.0,0.0,0.0,0.0,1,8,310,2,293,2,4,9,0,insufficient_evidence,sufficient,insufficient_evidence,insufficient_evidence,sufficient,insufficient_evidence
2022-03-30,0.0,-0.5625,0.0,0.0,0.0,0.0,0.0,1,8,310,2,293,2,4,9,0,insufficient_evidence,sufficient,insufficient_evidence,insufficient_evidence,sufficient,insufficient_evidence
2022-03-31,0.0,-0.5625,0.0,0.0,0.0,0.0,0.0,1,8,310,2,293,2,4,9,0,insufficient_evidence,sufficient,insufficient_evidence,insufficient_evidence,sufficient,insufficient_evidence
2022-04-01,0.0,-0.5625,0.0,0.0,0.0,0.0,0.0,1,8,310,2,293,2,4,9,0,insufficient_evidence,sufficient,insufficient_evidence,insufficient_evidence,sufficient,insufficient_evidence
2022-04-02,0.0,0.0,0.0,0.0,0.0,0.0,0.0,0,8,310,2,293,2,4,9,0,insufficient_evidence,sufficient,insufficient_evidence,insufficient_evidence,sufficient,insufficient_evidence
2022-04-06,0.0,0.0,0.0,0.0,0.0,0.0,0.0,1,8,310,2,293,2,4,9,0,insufficient_evidence,sufficient,insufficient_evidence,insufficient_evidence,sufficient,insufficient_evidence
2022-04-07,0.0,0.0,0.0,0.0,0.0,0.0,0.0,1,8,310,2,293,2,4,9,0,insufficient_evidence,sufficient,insufficient_evidence,insufficient_evidence,sufficient,insufficient_evidence
2022-04-08,0.0,0.0,0.0,0.0,0.0,0.0,0.0,1,8,310,2,293,2,4,9,0,insufficient_evidence,sufficient,insufficient_evidence,insufficient_evidence,sufficient,insufficient_evidence
2022-04-11,0.0,0.0,0.0,0.0,0.0,0.0,0.0,2,8,310,2,293,2,4,9,0,insufficient_evidence,sufficient,insufficient_evidence,insufficient_evidence,sufficient,insufficient_evidence
2022-04-12,0.0,0.0,0.0,0.0,0.0,0.0,0.0,2,8,310,2,293,2,4,9,0,insufficient_evidence,sufficient,insufficient_evidence,insufficient_evidence,sufficient,insufficient_evidence
2022-04-13,0.0,0.0,0.0,0.0,0.0,0.0,0.0,1,8,310,2,293,2,4,9,0,insufficient_evidence,sufficient,insufficient_evidence,insufficient_evidence,sufficient,insufficient_evidence
2022-04-14,0.0,0.0,0.0,0.0,0.0,0.0,0.0,1,8,310,2,293,2,4,9,0,insufficient_evidence,sufficient,insufficient_evidence,insufficient_evidence,sufficient,insufficient_evidence
2022-04-15,0.0,0.0,0.0,0.0,0.0,0.0,0.0,1,8,310,2,293,2,4,9,0,insufficient_evidence,sufficient,insufficient_evidence,insufficient_evidence,sufficient,insufficient_evidence
2022-04-18,0.0,0.0,0.0,0.0,0.0,0.0,0.0,1,8,310,2,293,2,4,9,0,insufficient_evidence,sufficient,insufficient_evidence,insufficient_evidence,sufficient,insufficient_evidence
2022-04-19,0.0,0.0,0.0,0.0,0.0,0.0,0.0,2,8,310,2,293,2,4,9,0,insufficient_evidence,sufficient,insufficient_evidence,insufficient_evidence,sufficient,insufficient_evidence
2022-04-20,0.0,0.0,0.0,0.0,0.0,0.0,0.0,2,8,310,2,293,2,4,9,0,insufficient_evidence,sufficient,insufficient_evidence,insufficient_evidence,sufficient,insufficient_evidence
2022-04-21,0.0,0.0,0.0,0.0,0.0,0.0,0.0,2,8,310,2,293,2,4,9,0,insufficient_evidence,sufficient,insufficient_evidence,insufficient_evidence,sufficient,insufficient_evidence
2022-04-22,0.0,0.0,0.0,0.0,0.0,0.0,0.0,2,8,310,2,293,2,4,9,0,insufficient_evidence,sufficient,insufficient_evidence,insufficient_evidence,sufficient,insufficient_evidence
2022-04-24,0.0,0.0,0.0,0.0,0.0,0.0,0.0,1,8,310,2,293,2,4,9,0,insufficient_evidence,sufficient,insufficient_evidence,insufficient_evidence,sufficient,insufficient_evidence
2022-04-25,0.0,-0.5625,0.0,0.0,0.0,0.0,0.0,1,8,313,2,296,2,4,9,0,insufficient_evidence,sufficient,insufficient_evidence,insufficient_evidence,sufficient,insufficient_evidence
2022-04-26,0.0,-0.5625,0.0,0.0,0.0,0.0,0.0,1,8,313,2,296,2,4,9,0,insufficient_evidence,sufficient,insufficient_evidence,insufficient_evidence,sufficient,insufficient_evidence
2022-04-27,0.0,-0.5625,0.0,0.0,0.0,0.0,0.0,1,8,313,2,296,2,4,9,0,insufficient_evidence,sufficient,insufficient_evidence,insufficient_evidence,sufficient,insufficient_evidence
2022-04-28,0.0,-0.5625,0.0,0.0,0.0,0.0,0.0,1,8,313,2,296,2,4,9,0,insufficient_evidence,sufficient,insufficient_evidence,insufficient_evidence,sufficient,insufficient_evidence
2022-04-29,0.0,-0.5625,0.0,0.0,0.0,0.0,0.0,1,8,313,2,296,2,4,9,0,insufficient_evidence,sufficient,insufficient_evidence,insufficient_evidence,sufficient,insufficient_evidence
2022-05-05,0.0,0.0,0.0,0.0,0.0,0.0,0.0,1,8,313,2,296,2,4,9,0,insufficient_evidence,sufficient,insufficient_evidence,insufficient_evidence,sufficient,insufficient_evidence
2022-05-06,0.0,0.0,0.0,0.0,0.0,0.0,0.0,1,8,313,2,296,2,4,9,0,insufficient_evidence,sufficient,insufficient_evidence,insufficient_evidence,sufficient,insufficient_evidence
2022-05-07,0.0,0.0,0.0,0.0,0.0,0.0,0.0,1,8,313,2,296,2,4,9,0,insufficient_evidence,sufficient,insufficient_evidence,insufficient_evidence,sufficient,insufficient_evidence
2022-05-09,0.0,0.0,0.0,0.0,0.0,0.0,0.0,3,8,314,2,297,2,4,9,0,insufficient_evidence,sufficient,insufficient_evidence,insufficient_evidence,sufficient,insufficient_evidence
2022-05-10,0.0,0.0,0.0,0.0,0.0,0.0,0.0,3,8,314,2,297,2,4,9,0,insufficient_evidence,sufficient,insufficient_evidence,insufficient_evidence,sufficient,insufficient_evidence
2022-05-11,0.0,0.0,0.0,0.0,0.0,0.0,0.0,2,8,314,2,297,2,4,9,0,insufficient_evidence,sufficient,insufficient_evidence,insufficient_evidence,sufficient,insufficient_evidence
2022-05-12,0.0,0.0,0.0,0.0,0.0,0.0,0.0,2,8,314,2,297,2,4,9,0,insufficient_evidence,sufficient,insufficient_evidence,insufficient_evidence,sufficient,insufficient_evidence
2022-05-13,0.0,0.0,0.0,0.0,0.0,0.0,0.0,2,8,314,2,297,2,4,9,0,insufficient_evidence,sufficient,insufficient_evidence,insufficient_evidence,sufficient,insufficient_evidence
2022-05-16,0.0,-0.5625,0.0,0.0,0.0,0.0,0.0,1,8,316,2,299,2,4,9,0,insufficient_evidence,sufficient,insufficient_evidence,insufficient_evidence,sufficient,insufficient_evidence
2022-05-17,0.0,-0.5625,0.0,0.0,0.0,0.0,0.0,2,8,316,2,299,2,4,9,0,insufficient_evidence,sufficient,insufficient_evidence,insufficient_evidence,sufficient,insufficient_evidence
2022-05-18,0.0,-0.5625,0.0,0.0,0.0,0.0,0.0,2,8,316,2,299,2,4,9,0,insufficient_evidence,sufficient,insufficient_evidence,insufficient_evidence,sufficient,insufficient_evidence
2022-05-19,0.0,-0.5625,0.0,0.0,0.0,0.0,0.0,2,8,316,2,299,2,4,9,0,insufficient_evidence,sufficient,insufficient_evidence,insufficient_evidence,sufficient,insufficient_evidence
2022-05-20,0.0,-0.5625,0.0,0.0,0.0,0.0,0.0,2,8,316,2,299,2,4,9,0,insufficient_evidence,sufficient,insufficient_evidence,insufficient_evidence,sufficient,insufficient_evidence
2022-05-23,0.0,-0.5625,0.0,0.0,0.0,0.0,0.0,2,8,317,2,300,2,4,9,0,insufficient_evidence,sufficient,insufficient_evidence,insufficient_evidence,sufficient,insufficient_evidence
2022-05-24,0.0,-0.5625,0.0,0.0,0.0,0.0,0.0,1,8,317,2,300,2,4,9,0,insufficient_evidence,sufficient,insufficient_evidence,insufficient_evidence,sufficient,insufficient_evidence
2022-05-25,0.0,-0.5625,0.0,0.0,0.0,0.0,0.0,1,8,317,2,300,2,4,9,0,insufficient_evidence,sufficient,insufficient_evidence,insufficient_evidence,sufficient,insufficient_evidence
2022-05-26,0.0,-0.5625,0.0,0.0,0.0,0.0,0.0,1,8,317,2,300,2,4,9,0,insufficient_evidence,sufficient,insufficient_evidence,insufficient_evidence,sufficient,insufficient_evidence
2022-05-27,0.0,-0.5625,0.0,0.0,0.0,0.0,0.0,1,8,317,2,300,2,4,9,0,insufficient_evidence,sufficient,insufficient_evidence,insufficient_evidence,sufficient,insufficient_evidence
2022-05-30,0.0,0.0,0.0,0.0,0.0,0.0,0.0,1,8,317,2,300,2,4,9,0,insufficient_evidence,sufficient,insufficient_evidence,insufficient_evidence,sufficient,insufficient_evidence
2022-05-31,0.0,0.0,0.0,0.0,0.0,0.0,0.0,1,8,317,2,300,2,4,9,0,insufficient_evidence,sufficient,insufficient_evidence,insufficient_evidence,sufficient,insufficient_evidence
2022-06-01,0.0,0.0,0.0,0.0,0.0,0.0,0.0,1,8,317,2,300,2,4,9,0,insufficient_evidence,sufficient,insufficient_evidence,insufficient_evidence,sufficient,insufficient_evidence
2022-06-02,0.0,0.0,0.0,0.0,0.0,0.0,0.0,1,8,317,2,300,2,4,9,0,insufficient_evidence,sufficient,insufficient_evidence,insufficient_evidence,sufficient,insufficient_evidence
2022-06-06,0.0,0.0,0.0,0.0,0.0,0.0,0.0,2,8,317,2,300,2,4,9,0,insufficient_evidence,sufficient,insufficient_evidence,insufficient_evidence,sufficient,insufficient_evidence
2022-06-07,0.0,0.0,0.0,0.0,0.0,0.0,0.0,1,8,317,2,300,2,4,9,0,insufficient_evidence,sufficient,insufficient_evidence,insufficient_evidence,sufficient,insufficient_evidence
2022-06-08,0.0,0.0,0.0,0.0,0.0,0.0,0.0,1,8,317,2,300,2,4,9,0,insufficient_evidence,sufficient,insufficient_evidence,insufficient_evidence,sufficient,insufficient_evidence
2022-06-09,0.0,0.0,0.0,0.0,0.0,0.0,0.0,1,8,317,2,300,2,4,9,0,insufficient_evidence,sufficient,insufficient_evidence,insufficient_evidence,sufficient,insufficient_evidence
2022-06-10,0.0,0.0,0.0,0.0,0.0,0.0,0.0,1,8,317,2,300,2,4,9,0,insufficient_evidence,sufficient,insufficient_evidence,insufficient_evidence,sufficient,insufficient_evidence
2022-06-13,0.0,0.0,0.0,0.0,0.0,0.0,0.0,1,8,317,2,300,2,4,9,0,insufficient_evidence,sufficient,insufficient_evidence,insufficient_evidence,sufficient,insufficient_evidence
2022-06-14,0.0,0.0,0.0,0.0,0.0,0.0,0.0,1,8,317,2,300,2,4,9,0,insufficient_evidence,sufficient,insufficient_evidence,insufficient_evidence,sufficient,insufficient_evidence
2022-06-15,0.0,0.0,0.0,0.0,0.0,0.0,0.0,1,8,317,2,300,2,4,9,0,insufficient_evidence,sufficient,insufficient_evidence,insufficient_evidence,sufficient,insufficient_evidence
2022-06-16,0.0,0.0,0.0,0.0,0.0,0.0,0.0,2,8,317,2,300,2,4,9,0,insufficient_evidence,sufficient,insufficient_evidence,insufficient_evidence,sufficient,insufficient_evidence
2022-06-17,0.0,0.0,0.0,0.0,0.0,0.0,0.0,2,8,317,2,300,2,4,9,0,insufficient_evidence,sufficient,insufficient_evidence,insufficient_evidence,sufficient,insufficient_evidence
2022-06-20,0.0,0.0,0.0,0.0,0.0,0.0,0.0,2,8,317,2,300,2,4,9,0,insufficient_evidence,sufficient,insufficient_evidence,insufficient_evidence,sufficient,insufficient_evidence
2022-06-21,0.0,0.0,0.0,0.0,0.0,0.0,0.0,2,8,317,2,300,2,4,9,0,insufficient_evidence,sufficient,insufficient_evidence,insufficient_evidence,sufficient,insufficient_evidence
2022-06-22,0.0,0.0,0.0,0.0,0.0,0.0,0.0,2,8,317,2,300,2,4,9,0,insufficient_evidence,sufficient,insufficient_evidence,insufficient_evidence,sufficient,insufficient_evidence
2022-06-23,0.0,0.0,0.0,0.0,0.0,0.0,0.0,1,8,317,2,300,2,4,9,0,insufficient_evidence,sufficient,insufficient_evidence,insufficient_evidence,sufficient,insufficient_evidence
2022-06-24,0.0,0.0,0.0,0.0,0.0,0.0,0.0,1,8,317,2,300,2,4,9,0,insufficient_evidence,sufficient,insufficient_evidence,insufficient_evidence,sufficient,insufficient_evidence
2022-06-27,0.0,0.0,0.0,0.0,0.0,0.0,0.0,1,8,317,2,300,2,4,9,0,insufficient_evidence,sufficient,insufficient_evidence,insufficient_evidence,sufficient,insufficient_evidence
2022-06-28,0.0,0.0,0.0,0.0,0.0,0.0,0.0,1,8,317,2,300,2,4,9,0,insufficient_evidence,sufficient,insufficient_evidence,insufficient_evidence,sufficient,insufficient_evidence
2022-06-29,0.0,0.0,0.0,0.0,0.0,0.0,0.0,1,8,317,2,300,2,4,9,0,insufficient_evidence,sufficient,insufficient_evidence,insufficient_evidence,sufficient,insufficient_evidence
2022-06-30,0.0,0.0,0.0,0.0,0.0,0.0,0.0,1,8,317,2,300,2,4,9,0,insufficient_evidence,sufficient,insufficient_evidence,insufficient_evidence,sufficient,insufficient_evidence
2022-07-01,0.0,0.0,0.0,0.0,0.0,0.0,0.0,1,8,317,2,300,2,4,9,0,insufficient_evidence,sufficient,insufficient_evidence,insufficient_evidence,sufficient,insufficient_evidence
2022-07-04,0.0,-0.585,0.0,0.0,0.0,0.0,0.0,1,8,318,2,301,2,4,9,0,insufficient_evidence,sufficient,insufficient_evidence,insufficient_evidence,sufficient,insufficient_evidence
2022-07-05,0.0,-0.585,0.0,0.0,0.0,0.0,0.0,1,8,318,2,301,2,4,9,0,insufficient_evidence,sufficient,insufficient_evidence,insufficient_evidence,sufficient,insufficient_evidence
2022-07-06,0.0,-0.585,0.0,0.0,0.0,0.0,0.0,1,8,318,2,301,2,4,9,0,insufficient_evidence,sufficient,insufficient_evidence,insufficient_evidence,sufficient,insufficient_evidence
2022-07-07,0.0,-0.585,0.0,0.0,0.0,0.0,0.0,1,8,318,2,301,2,4,9,0,insufficient_evidence,sufficient,insufficient_evidence,insufficient_evidence,sufficient,insufficient_evidence
2022-07-08,0.0,-0.585,0.0,0.0,0.0,0.0,0.0,1,8,318,2,301,2,4,9,0,insufficient_evidence,sufficient,insufficient_evidence,insufficient_evidence,sufficient,insufficient_evidence
2022-07-11,0.0,0.0,0.0,0.0,0.0,0.0,0.0,1,8,319,2,302,2,4,9,0,insufficient_evidence,sufficient,insufficient_evidence,insufficient_evidence,sufficient,insufficient_evidence
2022-07-12,0.0,0.0,0.0,0.0,0.0,0.0,0.0,1,8,319,2,302,2,4,9,0,insufficient_evidence,sufficient,insufficient_evidence,insufficient_evidence,sufficient,insufficient_evidence
2022-07-13,0.0,0.0,0.0,0.0,0.0,0.0,0.0,1,8,319,2,302,2,4,9,0,insufficient_evidence,sufficient,insufficient_evidence,insufficient_evidence,sufficient,insufficient_evidence
2022-07-14,0.0,0.0,0.0,0.0,0.0,0.0,0.0,1,8,319,2,302,2,4,9,0,insufficient_evidence,sufficient,insufficient_evidence,insufficient_evidence,sufficient,insufficient_evidence
2022-07-15,0.0,0.0,0.0,0.0,0.0,0.0,0.0,1,8,319,2,302,2,4,9,0,insufficient_evidence,sufficient,insufficient_evidence,insufficient_evidence,sufficient,insufficient_evidence
2022-07-18,0.0,-0.5625,0.0,0.0,0.0,0.0,0.0,2,8,320,2,303,2,4,9,0,insufficient_evidence,sufficient,insufficient_evidence,insufficient_evidence,sufficient,insufficient_evidence
2022-07-19,0.0,-0.5625,0.0,0.0,0.0,0.0,0.0,2,8,320,2,303,2,4,9,0,insufficient_evidence,sufficient,insufficient_evidence,insufficient_evidence,sufficient,insufficient_evidence
2022-07-20,0.0,-0.5625,0.0,0.0,0.0,0.0,0.0,2,8,320,2,303,2,4,9,0,insufficient_evidence,sufficient,insufficient_evidence,insufficient_evidence,sufficient,insufficient_evidence
2022-07-21,0.0,-0.5625,0.0,0.0,0.0,0.0,0.0,2,8,320,2,303,2,4,9,0,insufficient_evidence,sufficient,insufficient_evidence,insufficient_evidence,sufficient,insufficient_evidence
2022-07-22,0.0,-0.5625,0.0,0.0,0.0,0.0,0.0,2,8,320,2,303,2,4,9,0,insufficient_evidence,sufficient,insufficient_evidence,insufficient_evidence,sufficient,insufficient_evidence
2022-07-25,0.0,-0.5625,0.0,0.0,0.0,0.0,0.0,1,8,321,2,304,2,4,9,0,insufficient_evidence,sufficient,insufficient_evidence,insufficient_evidence,sufficient,insufficient_evidence
2022-07-26,0.0,-0.5625,0.0,0.0,0.0,0.0,0.0,1,8,321,2,304,2,4,9,0,insufficient_evidence,sufficient,insufficient_evidence,insufficient_evidence,sufficient,insufficient_evidence
2022-07-27,0.0,-0.5625,0.0,0.0,0.0,0.0,0.0,1,8,321,2,304,2,4,9,0,insufficient_evidence,sufficient,insufficient_evidence,insufficient_evidence,sufficient,insufficient_evidence
2022-07-28,0.0,-0.5625,0.0,0.0,0.0,0.0,0.0,1,8,321,2,304,2,4,9,0,insufficient_evidence,sufficient,insufficient_evidence,insufficient_evidence,sufficient,insufficient_evidence
2022-07-29,0.0,-0.5625,0.0,0.0,0.0,0.0,0.0,1,8,321,2,304,2,4,9,0,insufficient_evidence,sufficient,insufficient_evidence,insufficient_evidence,sufficient,insufficient_evidence
2022-08-01,0.0,-0.5625,0.0,0.0,0.0,0.0,0.0,1,8,322,2,305,2,4,9,0,insufficient_evidence,sufficient,insufficient_evidence,insufficient_evidence,sufficient,insufficient_evidence
2022-08-02,0.0,-0.5625,0.0,0.0,0.0,0.0,0.0,1,8,322,2,305,2,4,9,0,insufficient_evidence,sufficient,insufficient_evidence,insufficient_evidence,sufficient,insufficient_evidence
2022-08-03,0.0,-0.5625,0.0,0.0,0.0,0.0,0.0,1,8,322,2,305,2,4,9,0,insufficient_evidence,sufficient,insufficient_evidence,insufficient_evidence,sufficient,insufficient_evidence
2022-08-04,0.0,-0.5625,0.0,0.0,0.0,0.0,0.0,1,8,322,2,305,2,4,9,0,insufficient_evidence,sufficient,insufficient_evidence,insufficient_evidence,sufficient,insufficient_evidence
2022-08-05,0.0,-0.5625,0.0,0.0,0.0,0.0,0.0,1,8,322,2,305,2,4,9,0,insufficient_evidence,sufficient,insufficient_evidence,insufficient_evidence,sufficient,insufficient_evidence
2022-08-08,0.0,0.0,0.0,0.0,0.0,0.0,0.0,1,8,323,2,306,2,4,9,0,insufficient_evidence,sufficient,insufficient_evidence,insufficient_evidence,sufficient,insufficient_evidence
2022-08-09,0.0,0.0,0.0,0.0,0.0,0.0,0.0,1,8,323,2,306,2,4,9,0,insufficient_evidence,sufficient,insufficient_evidence,insufficient_evidence,sufficient,insufficient_evidence
2022-08-10,0.0,-0.5625,0.0,0.0,0.0,0.0,0.0,2,8,325,2,308,2,4,9,0,insufficient_evidence,sufficient,insufficient_evidence,insufficient_evidence,sufficient,insufficient_evidence
2022-08-11,0.0,-0.5625,0.0,0.0,0.0,0.0,0.0,2,8,325,2,308,2,4,9,0,insufficient_evidence,sufficient,insufficient_evidence,insufficient_evidence,sufficient,insufficient_evidence
2022-08-12,0.0,-0.5625,0.0,0.0,0.0,0.0,0.0,2,8,325,2,308,2,4,9,0,insufficient_evidence,sufficient,insufficient_evidence,insufficient_evidence,sufficient,insufficient_evidence
2022-08-15,0.0,-0.5625,0.0,0.0,0.0,0.0,0.0,2,8,326,2,309,2,4,9,0,insufficient_evidence,sufficient,insufficient_evidence,insufficient_evidence,sufficient,insufficient_evidence
2022-08-16,0.0,-0.5625,0.0,0.0,0.0,0.0,0.0,3,8,326,2,309,2,4,9,0,insufficient_evidence,sufficient,insufficient_evidence,insufficient_evidence,sufficient,insufficient_evidence
2022-08-17,0.0,-0.5625,0.0,0.0,0.0,0.0,0.0,2,8,326,2,309,2,4,9,0,insufficient_evidence,sufficient,insufficient_evidence,insufficient_evidence,sufficient,insufficient_evidence
2022-08-18,0.0,-0.5625,0.0,0.0,0.0,0.0,0.0,2,8,326,2,309,2,4,9,0,insufficient_evidence,sufficient,insufficient_evidence,insufficient_evidence,sufficient,insufficient_evidence
2022-08-19,0.0,-0.5625,0.0,0.0,0.0,0.0,0.0,2,8,326,2,309,2,4,9,0,insufficient_evidence,sufficient,insufficient_evidence,insufficient_evidence,sufficient,insufficient_evidence
2022-08-22,0.0,-0.5625,0.0,0.0,0.0,0.0,0.0,2,8,327,2,310,2,4,9,0,insufficient_evidence,sufficient,insufficient_evidence,insufficient_evidence,sufficient,insufficient_evidence
2022-08-23,0.0,-0.5625,0.0,0.0,0.0,0.0,0.0,1,8,327,2,310,2,4,9,0,insufficient_evidence,sufficient,insufficient_evidence,insufficient_evidence,sufficient,insufficient_evidence
2022-08-24,0.0,-0.5625,0.0,0.0,0.0,0.0,0.0,1,8,327,2,310,2,4,9,0,insufficient_evidence,sufficient,insufficient_evidence,insufficient_evidence,sufficient,insufficient_evidence
2022-08-25,0.0,-0.5625,0.0,0.0,0.0,0.0,0.0,1,8,327,2,310,2,4,9,0,insufficient_evidence,sufficient,insufficient_evidence,insufficient_evidence,sufficient,insufficient_evidence
2022-08-26,0.0,-0.5625,0.0,0.0,0.0,0.0,0.0,1,8,327,2,310,2,4,9,0,insufficient_evidence,sufficient,insufficient_evidence,insufficient_evidence,sufficient,insufficient_evidence
2022-08-29,0.0,-0.5625,0.0,0.0,0.0,0.0,0.0,1,8,328,2,311,2,4,9,0,insufficient_evidence,sufficient,insufficient_evidence,insufficient_evidence,sufficient,insufficient_evidence
2022-08-30,0.0,-0.5625,0.0,0.0,0.0,0.0,0.0,1,8,328,2,311,2,4,9,0,insufficient_evidence,sufficient,insufficient_evidence,insufficient_evidence,sufficient,insufficient_evidence
2022-08-31,0.0,-0.5625,0.0,0.0,0.0,0.0,0.0,1,8,328,2,311,2,4,9,0,insufficient_evidence,sufficient,insufficient_evidence,insufficient_evidence,sufficient,insufficient_evidence
2022-09-01,0.0,-0.5625,0.0,0.0,0.0,0.0,0.0,1,8,328,2,311,2,4,9,0,insufficient_evidence,sufficient,insufficient_evidence,insufficient_evidence,sufficient,insufficient_evidence
2022-09-02,0.0,-0.5625,0.0,0.0,0.0,0.0,0.0,1,8,328,2,311,2,4,9,0,insufficient_evidence,sufficient,insufficient_evidence,insufficient_evidence,sufficient,insufficient_evidence
2022-09-05,0.0,-0.5625,0.0,0.0,0.0,0.0,0.0,1,8,329,2,312,2,4,9,0,insufficient_evidence,sufficient,insufficient_evidence,insufficient_evidence,sufficient,insufficient_evidence
2022-09-06,0.0,-0.5625,0.0,0.0,0.0,0.0,0.0,1,8,329,2,312,2,4,9,0,insufficient_evidence,sufficient,insufficient_evidence,insufficient_evidence,sufficient,insufficient_evidence
2022-09-07,0.0,-0.5625,0.0,0.0,0.0,0.0,0.0,1,8,329,2,312,2,4,9,0,insufficient_evidence,sufficient,insufficient_evidence,insufficient_evidence,sufficient,insufficient_evidence
2022-09-08,0.0,-0.5625,0.0,0.0,0.0,0.0,0.0,1,8,329,2,312,2,4,9,0,insufficient_evidence,sufficient,insufficient_evidence,insufficient_evidence,sufficient,insufficient_evidence
2022-09-09,0.0,-0.5625,0.0,0.0,0.0,0.0,0.0,1,8,329,2,312,2,4,9,0,insufficient_evidence,sufficient,insufficient_evidence,insufficient_evidence,sufficient,insufficient_evidence
2022-09-13,0.0,0.0,0.0,0.0,0.0,0.0,0.0,1,8,329,2,312,2,4,9,0,insufficient_evidence,sufficient,insufficient_evidence,insufficient_evidence,sufficient,insufficient_evidence
2022-09-14,0.0,0.0,0.0,0.0,0.0,0.0,0.0,1,8,329,2,312,2,4,9,0,insufficient_evidence,sufficient,insufficient_evidence,insufficient_evidence,sufficient,insufficient_evidence
2022-09-15,0.0,0.0,0.0,0.0,0.0,0.0,0.0,1,8,329,2,312,2,4,9,0,insufficient_evidence,sufficient,insufficient_evidence,insufficient_evidence,sufficient,insufficient_evidence
2022-09-16,0.0,0.0,0.0,0.0,0.0,0.0,0.0,1,8,329,2,312,2,4,9,0,insufficient_evidence,sufficient,insufficient_evidence,insufficient_evidence,sufficient,insufficient_evidence
2022-09-19,0.0,-0.5625,0.0,0.0,0.0,0.0,0.0,3,8,330,2,313,2,4,9,0,insufficient_evidence,sufficient,insufficient_evidence,insufficient_evidence,sufficient,insufficient_evidence
2022-09-20,0.0,-0.5625,0.0,0.0,0.0,0.0,0.0,2,8,330,2,313,2,4,9,0,insufficient_evidence,sufficient,insufficient_evidence,insufficient_evidence,sufficient,insufficient_evidence
2022-09-21,0.0,-0.5625,0.0,0.0,0.0,0.0,0.0,2,8,330,2,313,2,4,9,0,insufficient_evidence,sufficient,insufficient_evidence,insufficient_evidence,sufficient,insufficient_evidence
2022-09-22,0.0,-0.5625,0.0,0.0,0.0,0.0,0.0,2,8,330,2,313,2,4,9,0,insufficient_evidence,sufficient,insufficient_evidence,insufficient_evidence,sufficient,insufficient_evidence
2022-09-23,0.0,-0.5625,0.0,0.0,0.0,0.0,0.0,2,8,330,2,313,2,4,9,0,insufficient_evidence,sufficient,insufficient_evidence,insufficient_evidence,sufficient,insufficient_evidence
2022-09-26,0.0,-0.5625,0.0,0.0,0.0,0.0,0.0,1,8,331,2,314,2,4,9,0,insufficient_evidence,sufficient,insufficient_evidence,insufficient_evidence,sufficient,insufficient_evidence
2022-09-27,0.0,-0.5625,0.0,0.0,0.0,0.0,0.0,1,8,331,2,314,2,4,9,0,insufficient_evidence,sufficient,insufficient_evidence,insufficient_evidence,sufficient,insufficient_evidence
2022-09-28,0.0,-0.5625,0.0,0.0,0.0,0.0,0.0,1,8,331,2,314,2,4,9,0,insufficient_evidence,sufficient,insufficient_evidence,insufficient_evidence,sufficient,insufficient_evidence
2022-09-29,0.0,-0.5625,0.0,0.0,0.0,0.0,0.0,1,8,331,2,314,2,4,9,0,insufficient_evidence,sufficient,insufficient_evidence,insufficient_evidence,sufficient,insufficient_evidence
2022-09-30,0.0,-0.5625,0.0,0.0,0.0,0.0,0.0,1,8,331,2,314,2,4,9,0,insufficient_evidence,sufficient,insufficient_evidence,insufficient_evidence,sufficient,insufficient_evidence
2022-10-08,0.0,-0.5625,0.0,0.0,0.0,0.0,0.0,1,8,332,2,315,2,4,9,0,insufficient_evidence,sufficient,insufficient_evidence,insufficient_evidence,sufficient,insufficient_evidence
2022-10-09,0.0,-0.5625,0.0,0.0,0.0,0.0,0.0,1,8,332,2,315,2,4,9,0,insufficient_evidence,sufficient,insufficient_evidence,insufficient_evidence,sufficient,insufficient_evidence
2022-10-10,0.0,-0.5625,0.0,0.0,0.0,0.0,0.0,2,8,333,2,316,2,4,9,0,insufficient_evidence,sufficient,insufficient_evidence,insufficient_evidence,sufficient,insufficient_evidence
2022-10-11,0.0,-0.5625,0.0,0.0,0.0,0.0,0.0,2,8,333,2,316,2,4,9,0,insufficient_evidence,sufficient,insufficient_evidence,insufficient_evidence,sufficient,insufficient_evidence
2022-10-12,0.0,-0.5625,0.0,0.0,0.0,0.0,0.0,2,8,333,2,316,2,4,9,0,insufficient_evidence,sufficient,insufficient_evidence,insufficient_evidence,sufficient,insufficient_evidence
2022-10-13,0.0,-0.5625,0.0,0.0,0.0,0.0,0.0,1,8,333,2,316,2,4,9,0,insufficient_evidence,sufficient,insufficient_evidence,insufficient_evidence,sufficient,insufficient_evidence
2022-10-14,0.0,-0.5625,0.0,0.0,0.0,0.0,0.0,1,8,333,2,316,2,4,9,0,insufficient_evidence,sufficient,insufficient_evidence,insufficient_evidence,sufficient,insufficient_evidence
2022-10-17,0.0,-0.5625,0.0,0.0,0.0,0.0,0.0,1,8,336,2,319,2,4,9,0,insufficient_evidence,sufficient,insufficient_evidence,insufficient_evidence,sufficient,insufficient_evidence
2022-10-18,0.0,-0.5625,0.0,0.0,0.0,0.0,0.0,1,8,336,2,319,2,4,9,0,insufficient_evidence,sufficient,insufficient_evidence,insufficient_evidence,sufficient,insufficient_evidence
2022-10-19,0.0,-0.5625,0.0,0.0,0.0,0.0,0.0,1,8,336,2,319,2,4,9,0,insufficient_evidence,sufficient,insufficient_evidence,insufficient_evidence,sufficient,insufficient_evidence
2022-10-20,0.0,-0.5625,0.0,0.0,0.0,0.0,0.0,1,8,336,2,319,2,4,9,0,insufficient_evidence,sufficient,insufficient_evidence,insufficient_evidence,sufficient,insufficient_evidence
2022-10-21,0.0,-0.5625,0.0,0.0,0.0,0.0,0.0,1,8,336,2,319,2,4,9,0,insufficient_evidence,sufficient,insufficient_evidence,insufficient_evidence,sufficient,insufficient_evidence
2022-10-24,0.0,-0.5625,0.0,0.0,0.0,0.0,0.0,1,8,337,2,320,2,4,9,0,insufficient_evidence,sufficient,insufficient_evidence,insufficient_evidence,sufficient,insufficient_evidence
2022-10-25,0.0,-0.5625,0.0,0.0,0.0,0.0,0.0,2,8,337,2,320,2,4,9,0,insufficient_evidence,sufficient,insufficient_evidence,insufficient_evidence,sufficient,insufficient_evidence
2022-10-26,0.0,-0.5625,0.0,0.0,0.0,0.0,0.0,2,8,337,2,320,2,4,9,0,insufficient_evidence,sufficient,insufficient_evidence,insufficient_evidence,sufficient,insufficient_evidence
2022-10-27,0.0,-0.5625,0.0,0.0,0.0,0.0,0.0,2,8,337,2,320,2,4,9,0,insufficient_evidence,sufficient,insufficient_evidence,insufficient_evidence,sufficient,insufficient_evidence
2022-10-28,0.0,-0.5625,0.0,0.0,0.0,0.0,0.0,2,8,337,2,320,2,4,9,0,insufficient_evidence,sufficient,insufficient_evidence,insufficient_evidence,sufficient,insufficient_evidence
2022-10-31,0.0,-0.5625,0.0,0.0,0.0,0.0,0.0,2,8,338,2,321,2,4,9,0,insufficient_evidence,sufficient,insufficient_evidence,insufficient_evidence,sufficient,insufficient_evidence
2022-11-01,0.0,-0.5625,0.0,0.0,0.0,0.0,0.0,1,8,338,2,321,2,4,9,0,insufficient_evidence,sufficient,insufficient_evidence,insufficient_evidence,sufficient,insufficient_evidence
2022-11-02,0.0,-0.5625,0.0,0.0,0.0,0.0,0.0,1,8,338,2,321,2,4,9,0,insufficient_evidence,sufficient,insufficient_evidence,insufficient_evidence,sufficient,insufficient_evidence
2022-11-03,0.0,-0.5625,0.0,0.0,0.0,0.0,0.0,1,8,338,2,321,2,4,9,0,insufficient_evidence,sufficient,insufficient_evidence,insufficient_evidence,sufficient,insufficient_evidence
2022-11-04,0.0,-0.5625,0.0,0.0,0.0,0.0,0.0,1,8,338,2,321,2,4,9,0,insufficient_evidence,sufficient,insufficient_evidence,insufficient_evidence,sufficient,insufficient_evidence
2022-11-07,0.0,-0.5625,0.0,0.0,0.0,0.0,0.0,1,8,339,2,322,2,4,9,0,insufficient_evidence,sufficient,insufficient_evidence,insufficient_evidence,sufficient,insufficient_evidence
2022-11-08,0.0,-0.5625,0.0,0.0,0.0,0.0,0.0,1,8,339,2,322,2,4,9,0,insufficient_evidence,sufficient,insufficient_evidence,insufficient_evidence,sufficient,insufficient_evidence
2022-11-09,0.0,-0.5625,0.0,0.0,0.0,0.0,0.0,1,8,339,2,322,2,4,9,0,insufficient_evidence,sufficient,insufficient_evidence,insufficient_evidence,sufficient,insufficient_evidence
2022-11-10,0.0,-0.5625,0.0,0.0,0.0,0.0,0.0,1,8,339,2,322,2,4,9,0,insufficient_evidence,sufficient,insufficient_evidence,insufficient_evidence,sufficient,insufficient_evidence
2022-11-11,0.0,-0.5625,0.0,0.0,0.0,0.0,0.0,1,8,339,2,322,2,4,9,0,insufficient_evidence,sufficient,insufficient_evidence,insufficient_evidence,sufficient,insufficient_evidence
2022-11-14,0.0,-0.5625,0.0,0.0,0.0,0.0,0.0,1,8,340,2,323,2,4,9,0,insufficient_evidence,sufficient,insufficient_evidence,insufficient_evidence,sufficient,insufficient_evidence
2022-11-15,0.0,-0.5625,0.0,0.0,0.0,0.0,0.0,1,8,340,2,323,2,4,9,0,insufficient_evidence,sufficient,insufficient_evidence,insufficient_evidence,sufficient,insufficient_evidence
2022-11-16,0.0,-0.5625,0.0,0.0,0.0,0.0,0.0,3,8,342,2,325,2,4,9,0,insufficient_evidence,sufficient,insufficient_evidence,insufficient_evidence,sufficient,insufficient_evidence
2022-11-17,0.0,-0.5625,0.0,0.0,0.0,0.0,0.0,3,8,342,2,325,2,4,9,0,insufficient_evidence,sufficient,insufficient_evidence,insufficient_evidence,sufficient,insufficient_evidence
2022-11-18,0.0,-0.5625,0.0,0.0,0.0,0.0,0.0,3,8,342,2,325,2,4,9,0,insufficient_evidence,sufficient,insufficient_evidence,insufficient_evidence,sufficient,insufficient_evidence
2022-11-21,0.0,-0.5625,0.0,0.0,0.0,0.0,0.0,3,8,342,2,325,2,4,9,0,insufficient_evidence,sufficient,insufficient_evidence,insufficient_evidence,sufficient,insufficient_evidence
2022-11-22,0.0,-0.5625,0.0,0.0,0.0,0.0,0.0,3,8,342,2,325,2,4,9,0,insufficient_evidence,sufficient,insufficient_evidence,insufficient_evidence,sufficient,insufficient_evidence
2022-11-23,0.0,0.0,0.0,0.0,0.0,0.0,0.0,1,8,342,2,325,2,4,9,0,insufficient_evidence,sufficient,insufficient_evidence,insufficient_evidence,sufficient,insufficient_evidence
2022-11-24,0.0,0.0,0.0,0.0,0.0,0.0,0.0,1,8,342,2,325,2,4,9,0,insufficient_evidence,sufficient,insufficient_evidence,insufficient_evidence,sufficient,insufficient_evidence
2022-11-25,0.0,0.0,0.0,0.0,0.0,0.0,0.0,1,8,342,2,325,2,4,9,0,insufficient_evidence,sufficient,insufficient_evidence,insufficient_evidence,sufficient,insufficient_evidence
2022-11-28,0.0,-0.5625,0.0,0.0,0.0,0.0,0.0,1,8,343,2,326,2,4,9,0,insufficient_evidence,sufficient,insufficient_evidence,insufficient_evidence,sufficient,insufficient_evidence
2022-11-29,0.0,-0.5625,0.0,0.0,0.0,0.0,0.0,1,8,343,2,326,2,4,9,0,insufficient_evidence,sufficient,insufficient_evidence,insufficient_evidence,sufficient,insufficient_evidence
2022-11-30,0.0,-0.5625,0.0,0.0,0.0,0.0,0.0,1,8,343,2,326,2,4,9,0,insufficient_evidence,sufficient,insufficient_evidence,insufficient_evidence,sufficient,insufficient_evidence
2022-12-01,0.0,-0.5625,0.0,0.0,0.0,0.0,0.0,1,8,343,2,326,2,4,9,0,insufficient_evidence,sufficient,insufficient_evidence,insufficient_evidence,sufficient,insufficient_evidence
2022-12-02,0.0,-0.5625,0.0,0.0,0.0,0.0,0.0,1,8,343,2,326,2,4,9,0,insufficient_evidence,sufficient,insufficient_evidence,insufficient_evidence,sufficient,insufficient_evidence
2022-12-05,0.0,-0.5625,0.0,0.0,0.0,0.0,0.0,1,8,344,2,327,2,4,9,0,insufficient_evidence,sufficient,insufficient_evidence,insufficient_evidence,sufficient,insufficient_evidence
2022-12-06,0.0,-0.5625,0.0,0.0,0.0,0.0,0.0,1,8,344,2,327,2,4,9,0,insufficient_evidence,sufficient,insufficient_evidence,insufficient_evidence,sufficient,insufficient_evidence
2022-12-07,0.0,-0.5625,0.0,0.0,0.0,0.0,0.0,1,8,344,2,327,2,4,9,0,insufficient_evidence,sufficient,insufficient_evidence,insufficient_evidence,sufficient,insufficient_evidence
2022-12-08,0.0,-0.5625,0.0,0.0,0.0,0.0,0.0,1,8,344,2,327,2,4,9,0,insufficient_evidence,sufficient,insufficient_evidence,insufficient_evidence,sufficient,insufficient_evidence
2022-12-09,0.0,-0.5625,0.0,0.0,0.0,0.0,0.0,1,8,344,2,327,2,4,9,0,insufficient_evidence,sufficient,insufficient_evidence,insufficient_evidence,sufficient,insufficient_evidence
2022-12-12,0.0,0.0,0.0,0.0,0.0,0.0,0.0,1,8,344,2,327,2,4,9,0,insufficient_evidence,sufficient,insufficient_evidence,insufficient_evidence,sufficient,insufficient_evidence
2022-12-13,0.0,0.0,0.0,0.0,0.0,0.0,0.0,1,8,344,2,327,2,4,9,0,insufficient_evidence,sufficient,insufficient_evidence,insufficient_evidence,sufficient,insufficient_evidence
2022-12-14,0.0,0.0,0.0,0.0,0.0,0.0,0.0,1,8,344,2,327,2,4,9,0,insufficient_evidence,sufficient,insufficient_evidence,insufficient_evidence,sufficient,insufficient_evidence
2022-12-15,0.0,0.0,0.0,0.0,0.0,0.0,0.0,1,8,344,2,327,2,4,9,0,insufficient_evidence,sufficient,insufficient_evidence,insufficient_evidence,sufficient,insufficient_evidence
2022-12-16,0.0,0.0,0.0,0.0,0.0,0.0,0.0,2,8,344,2,327,2,4,9,0,insufficient_evidence,sufficient,insufficient_evidence,insufficient_evidence,sufficient,insufficient_evidence
2022-12-19,0.0,-0.5625,0.0,0.0,0.0,0.0,0.0,2,8,345,2,328,2,4,9,0,insufficient_evidence,sufficient,insufficient_evidence,insufficient_evidence,sufficient,insufficient_evidence
2022-12-20,0.0,-0.5625,0.0,0.0,0.0,0.0,0.0,2,8,345,2,328,2,4,9,0,insufficient_evidence,sufficient,insufficient_evidence,insufficient_evidence,sufficient,insufficient_evidence
2022-12-21,0.0,-0.5625,0.0,0.0,0.0,0.0,0.0,2,8,345,2,328,2,4,9,0,insufficient_evidence,sufficient,insufficient_evidence,insufficient_evidence,sufficient,insufficient_evidence
2022-12-22,0.0,-0.5625,0.0,0.0,0.0,0.0,0.0,2,8,345,2,328,2,4,9,0,insufficient_evidence,sufficient,insufficient_evidence,insufficient_evidence,sufficient,insufficient_evidence
2022-12-23,0.0,-0.5625,0.0,0.0,0.0,0.0,0.0,1,8,345,2,328,2,4,9,0,insufficient_evidence,sufficient,insufficient_evidence,insufficient_evidence,sufficient,insufficient_evidence
2022-12-26,0.0,-0.5625,0.0,0.0,0.0,0.0,0.0,1,8,346,2,329,2,4,9,0,insufficient_evidence,sufficient,insufficient_evidence,insufficient_evidence,sufficient,insufficient_evidence
2022-12-27,0.0,-0.5625,0.0,0.0,0.0,0.0,0.0,1,8,346,2,329,2,4,9,0,insufficient_evidence,sufficient,insufficient_evidence,insufficient_evidence,sufficient,insufficient_evidence
2022-12-28,0.0,-0.5625,0.0,0.0,0.0,0.0,0.0,1,8,346,2,329,2,4,9,0,insufficient_evidence,sufficient,insufficient_evidence,insufficient_evidence,sufficient,insufficient_evidence
2022-12-29,0.0,-0.5625,0.0,0.0,0.0,0.0,0.0,1,8,346,2,329,2,4,9,0,insufficient_evidence,sufficient,insufficient_evidence,insufficient_evidence,sufficient,insufficient_evidence
2022-12-30,0.0,-0.5625,0.0,0.0,0.0,0.0,0.0,1,8,346,2,329,2,4,9,0,insufficient_evidence,sufficient,insufficient_evidence,insufficient_evidence,sufficient,insufficient_evidence
2023-01-03,0.0,-0.5625,0.0,0.0,0.0,0.0,0.0,1,8,347,2,330,2,4,9,0,insufficient_evidence,sufficient,insufficient_evidence,insufficient_evidence,sufficient,insufficient_evidence
2023-01-04,0.0,-0.5625,0.0,0.0,0.0,0.0,0.0,1,8,347,2,330,2,4,9,0,insufficient_evidence,sufficient,insufficient_evidence,insufficient_evidence,sufficient,insufficient_evidence
2023-01-05,0.0,-0.5625,0.0,0.0,0.0,0.0,0.0,1,8,347,2,330,2,4,9,0,insufficient_evidence,sufficient,insufficient_evidence,insufficient_evidence,sufficient,insufficient_evidence
2023-01-06,0.0,-0.5625,0.0,0.0,0.0,0.0,0.0,1,8,347,2,330,2,4,9,0,insufficient_evidence,sufficient,insufficient_evidence,insufficient_evidence,sufficient,insufficient_evidence
2023-01-09,0.0,-0.5625,0.0,0.0,0.0,0.0,0.0,2,8,347,2,330,2,4,9,0,insufficient_evidence,sufficient,insufficient_evidence,insufficient_evidence,sufficient,insufficient_evidence
2023-01-10,0.0,0.0,0.0,0.0,0.0,0.0,0.0,1,8,347,2,330,2,4,9,0,insufficient_evidence,sufficient,insufficient_evidence,insufficient_evidence,sufficient,insufficient_evidence
2023-01-11,0.0,0.0,0.0,0.0,0.0,0.0,0.0,1,8,347,2,330,2,4,9,0,insufficient_evidence,sufficient,insufficient_evidence,insufficient_evidence,sufficient,insufficient_evidence
2023-01-12,0.0,0.0,0.0,0.0,0.0,0.0,0.0,1,8,347,2,330,2,4,9,0,insufficient_evidence,sufficient,insufficient_evidence,insufficient_evidence,sufficient,insufficient_evidence
2023-01-13,0.0,0.0,0.0,0.0,0.0,0.0,0.0,1,8,347,2,330,2,4,9,0,insufficient_evidence,sufficient,insufficient_evidence,insufficient_evidence,sufficient,insufficient_evidence
2023-01-16,0.0,-0.5625,0.0,0.0,0.0,0.0,0.0,1,8,348,2,331,2,4,9,0,insufficient_evidence,sufficient,insufficient_evidence,insufficient_evidence,sufficient,insufficient_evidence
2023-01-17,0.0,-0.5625,0.0,0.0,0.0,0.0,0.0,1,8,348,2,331,2,4,9,0,insufficient_evidence,sufficient,insufficient_evidence,insufficient_evidence,sufficient,insufficient_evidence
2023-01-18,0.0,-0.5625,0.0,0.0,0.0,0.0,0.0,2,8,348,2,331,2,4,9,0,insufficient_evidence,sufficient,insufficient_evidence,insufficient_evidence,sufficient,insufficient_evidence
2023-01-19,0.0,-0.5625,0.0,0.0,0.0,0.0,0.0,2,8,348,2,331,2,4,9,0,insufficient_evidence,sufficient,insufficient_evidence,insufficient_evidence,sufficient,insufficient_evidence
2023-01-20,0.0,-0.5625,0.0,0.0,0.0,0.0,0.0,2,8,348,2,331,2,4,9,0,insufficient_evidence,sufficient,insufficient_evidence,insufficient_evidence,sufficient,insufficient_evidence
2023-01-28,0.0,-0.5625,0.0,0.0,0.0,0.0,0.0,2,8,349,2,332,2,4,9,0,insufficient_evidence,sufficient,insufficient_evidence,insufficient_evidence,sufficient,insufficient_evidence
2023-01-29,0.0,-0.5625,0.0,0.0,0.0,0.0,0.0,2,8,349,2,332,2,4,9,0,insufficient_evidence,sufficient,insufficient_evidence,insufficient_evidence,sufficient,insufficient_evidence
2023-01-30,0.0,-0.5775,0.0,0.0,0.0,0.0,0.0,2,8,350,2,333,2,4,9,0,insufficient_evidence,sufficient,insufficient_evidence,insufficient_evidence,sufficient,insufficient_evidence
2023-01-31,0.0,-0.5775,0.0,0.0,0.0,0.0,0.0,2,8,350,2,333,2,4,9,0,insufficient_evidence,sufficient,insufficient_evidence,insufficient_evidence,sufficient,insufficient_evidence
2023-02-01,0.0,-0.5775,0.0,0.0,0.0,0.0,0.0,2,8,350,2,333,2,4,9,0,insufficient_evidence,sufficient,insufficient_evidence,insufficient_evidence,sufficient,insufficient_evidence
2023-02-02,0.0,-0.585,0.0,0.0,0.0,0.0,0.0,1,8,350,2,333,2,4,9,0,insufficient_evidence,sufficient,insufficient_evidence,insufficient_evidence,sufficient,insufficient_evidence
2023-02-03,0.0,-0.585,0.0,0.0,0.0,0.0,0.0,1,8,350,2,333,2,4,9,0,insufficient_evidence,sufficient,insufficient_evidence,insufficient_evidence,sufficient,insufficient_evidence
2023-02-06,0.0,-0.5625,0.0,0.0,0.0,0.0,0.0,1,8,351,2,334,2,4,9,0,insufficient_evidence,sufficient,insufficient_evidence,insufficient_evidence,sufficient,insufficient_evidence
2023-02-07,0.0,-0.5625,0.0,0.0,0.0,0.0,0.0,1,8,351,2,334,2,4,9,0,insufficient_evidence,sufficient,insufficient_evidence,insufficient_evidence,sufficient,insufficient_evidence
2023-02-08,0.0,-0.5625,0.0,0.0,0.0,0.0,0.0,1,8,351,2,334,2,4,9,0,insufficient_evidence,sufficient,insufficient_evidence,insufficient_evidence,sufficient,insufficient_evidence
2023-02-09,0.0,-0.5625,0.0,0.0,0.0,0.0,0.0,1,8,351,2,334,2,4,9,0,insufficient_evidence,sufficient,insufficient_evidence,insufficient_evidence,sufficient,insufficient_evidence
2023-02-10,0.0,-0.5625,0.0,0.0,0.0,0.0,0.0,1,8,351,2,334,2,4,9,0,insufficient_evidence,sufficient,insufficient_evidence,insufficient_evidence,sufficient,insufficient_evidence
2023-02-13,0.0,-0.585,0.0,0.0,0.0,0.0,0.0,1,8,352,2,335,2,4,9,0,insufficient_evidence,sufficient,insufficient_evidence,insufficient_evidence,sufficient,insufficient_evidence
2023-02-14,0.0,-0.585,0.0,0.0,0.0,0.0,0.0,1,8,352,2,335,2,4,9,0,insufficient_evidence,sufficient,insufficient_evidence,insufficient_evidence,sufficient,insufficient_evidence
2023-02-15,0.0,-0.585,0.0,0.0,0.0,0.0,0.0,1,8,352,2,335,2,4,9,0,insufficient_evidence,sufficient,insufficient_evidence,insufficient_evidence,sufficient,insufficient_evidence
2023-02-16,0.0,-0.585,0.0,0.0,0.0,0.0,0.0,1,8,352,2,335,2,4,9,0,insufficient_evidence,sufficient,insufficient_evidence,insufficient_evidence,sufficient,insufficient_evidence
2023-02-17,0.0,-0.585,0.0,0.0,0.0,0.0,0.0,1,8,352,2,335,2,4,9,0,insufficient_evidence,sufficient,insufficient_evidence,insufficient_evidence,sufficient,insufficient_evidence
2023-02-20,0.0,-0.5625,0.0,0.0,0.0,0.0,0.0,1,8,353,2,336,2,4,9,0,insufficient_evidence,sufficient,insufficient_evidence,insufficient_evidence,sufficient,insufficient_evidence
2023-02-21,0.0,-0.5625,0.0,0.0,0.0,0.0,0.0,1,8,353,2,336,2,4,9,0,insufficient_evidence,sufficient,insufficient_evidence,insufficient_evidence,sufficient,insufficient_evidence
2023-02-22,0.0,-0.5625,0.0,0.0,0.0,0.0,0.0,1,8,353,2,336,2,4,9,0,insufficient_evidence,sufficient,insufficient_evidence,insufficient_evidence,sufficient,insufficient_evidence
2023-02-23,0.0,-0.5625,0.0,0.0,0.0,0.0,0.0,1,8,353,2,336,2,4,9,0,insufficient_evidence,sufficient,insufficient_evidence,insufficient_evidence,sufficient,insufficient_evidence
2023-02-24,0.0,-0.5625,0.0,0.0,0.0,0.0,0.0,2,8,355,2,338,2,4,9,0,insufficient_evidence,sufficient,insufficient_evidence,insufficient_evidence,sufficient,insufficient_evidence
2023-02-27,0.0,-0.5625,0.0,0.0,0.0,0.0,0.0,2,8,356,2,339,2,4,9,0,insufficient_evidence,sufficient,insufficient_evidence,insufficient_evidence,sufficient,insufficient_evidence
2023-02-28,0.0,-0.5625,0.0,0.0,0.0,0.0,0.0,2,8,356,2,339,2,4,9,0,insufficient_evidence,sufficient,insufficient_evidence,insufficient_evidence,sufficient,insufficient_evidence
2023-03-01,0.0,-0.5625,0.0,0.0,0.0,0.0,0.0,2,8,356,2,339,2,4,9,0,insufficient_evidence,sufficient,insufficient_evidence,insufficient_evidence,sufficient,insufficient_evidence
2023-03-02,0.0,-0.5625,0.0,0.0,0.0,0.0,0.0,2,8,356,2,339,2,4,9,0,insufficient_evidence,sufficient,insufficient_evidence,insufficient_evidence,sufficient,insufficient_evidence
2023-03-03,0.0,-0.5625,0.0,0.0,0.0,0.0,0.0,1,8,356,2,339,2,4,9,0,insufficient_evidence,sufficient,insufficient_evidence,insufficient_evidence,sufficient,insufficient_evidence
2023-03-06,0.0,-0.5625,0.0,0.0,0.0,0.0,0.0,1,8,357,2,340,2,4,9,0,insufficient_evidence,sufficient,insufficient_evidence,insufficient_evidence,sufficient,insufficient_evidence
2023-03-07,0.0,-0.5625,0.0,0.0,0.0,0.0,0.0,1,8,357,2,340,2,4,9,0,insufficient_evidence,sufficient,insufficient_evidence,insufficient_evidence,sufficient,insufficient_evidence
2023-03-08,0.0,-0.5625,0.0,0.0,0.0,0.0,0.0,1,8,357,2,340,2,4,9,0,insufficient_evidence,sufficient,insufficient_evidence,insufficient_evidence,sufficient,insufficient_evidence
2023-03-09,0.0,-0.5625,0.0,0.0,0.0,0.0,0.0,1,8,357,2,340,2,4,9,0,insufficient_evidence,sufficient,insufficient_evidence,insufficient_evidence,sufficient,insufficient_evidence
2023-03-10,0.0,-0.5625,0.0,0.0,0.0,0.0,0.0,1,8,357,2,340,2,4,9,0,insufficient_evidence,sufficient,insufficient_evidence,insufficient_evidence,sufficient,insufficient_evidence
2023-03-13,0.0,-0.5625,0.0,0.0,0.0,0.0,0.0,1,8,358,2,341,2,4,9,0,insufficient_evidence,sufficient,insufficient_evidence,insufficient_evidence,sufficient,insufficient_evidence
2023-03-14,0.0,-0.5625,0.0,0.0,0.0,0.0,0.0,1,8,358,2,341,2,4,9,0,insufficient_evidence,sufficient,insufficient_evidence,insufficient_evidence,sufficient,insufficient_evidence
2023-03-15,0.0,-0.5625,0.0,0.0,0.0,0.0,0.0,1,8,358,2,341,2,4,9,0,insufficient_evidence,sufficient,insufficient_evidence,insufficient_evidence,sufficient,insufficient_evidence
2023-03-16,0.0,-0.5625,0.0,0.0,0.0,0.0,0.0,2,8,358,2,341,2,4,9,0,insufficient_evidence,sufficient,insufficient_evidence,insufficient_evidence,sufficient,insufficient_evidence
2023-03-17,0.0,-0.5625,0.0,0.0,0.0,0.0,0.0,2,8,358,2,341,2,4,9,0,insufficient_evidence,sufficient,insufficient_evidence,insufficient_evidence,sufficient,insufficient_evidence
2023-03-20,0.0,-0.5625,0.0,0.0,0.0,0.0,0.0,2,8,359,2,342,2,4,9,0,insufficient_evidence,sufficient,insufficient_evidence,insufficient_evidence,sufficient,insufficient_evidence
2023-03-21,0.0,-0.5625,0.0,0.0,0.0,0.0,0.0,2,8,359,2,342,2,4,9,0,insufficient_evidence,sufficient,insufficient_evidence,insufficient_evidence,sufficient,insufficient_evidence
2023-03-22,0.0,-0.5625,0.0,0.0,0.0,0.0,0.0,2,8,359,2,342,2,4,9,0,insufficient_evidence,sufficient,insufficient_evidence,insufficient_evidence,sufficient,insufficient_evidence
2023-03-23,0.0,-0.5625,0.0,0.0,0.0,0.0,0.0,1,8,359,2,342,2,4,9,0,insufficient_evidence,sufficient,insufficient_evidence,insufficient_evidence,sufficient,insufficient_evidence
2023-03-24,0.0,-0.5625,0.0,0.0,0.0,0.0,0.0,1,8,359,2,342,2,4,9,0,insufficient_evidence,sufficient,insufficient_evidence,insufficient_evidence,sufficient,insufficient_evidence
2023-03-27,0.0,-0.5625,0.0,0.0,0.0,0.0,0.0,1,8,360,2,343,2,4,9,0,insufficient_evidence,sufficient,insufficient_evidence,insufficient_evidence,sufficient,insufficient_evidence
2023-03-28,0.0,-0.5625,0.0,0.0,0.0,0.0,0.0,1,8,360,2,343,2,4,9,0,insufficient_evidence,sufficient,insufficient_evidence,insufficient_evidence,sufficient,insufficient_evidence
2023-03-29,0.0,-0.5625,0.0,0.0,0.0,0.0,0.0,1,8,360,2,343,2,4,9,0,insufficient_evidence,sufficient,insufficient_evidence,insufficient_evidence,sufficient,insufficient_evidence
2023-03-30,0.0,-0.5625,0.0,0.0,0.0,0.0,0.0,1,8,360,2,343,2,4,9,0,insufficient_evidence,sufficient,insufficient_evidence,insufficient_evidence,sufficient,insufficient_evidence
2023-03-31,0.0,-0.5625,0.0,0.0,0.0,0.0,0.0,1,8,360,2,343,2,4,9,0,insufficient_evidence,sufficient,insufficient_evidence,insufficient_evidence,sufficient,insufficient_evidence
2023-04-03,0.0,0.0,0.0,0.0,0.0,0.0,0.0,1,8,360,2,343,2,4,9,0,insufficient_evidence,sufficient,insufficient_evidence,insufficient_evidence,sufficient,insufficient_evidence
2023-04-04,0.0,0.0,0.0,0.0,0.0,0.0,0.0,1,8,360,2,343,2,4,9,0,insufficient_evidence,sufficient,insufficient_evidence,insufficient_evidence,sufficient,insufficient_evidence
2023-04-06,0.0,0.0,0.0,0.0,0.0,0.0,0.0,1,8,360,2,343,2,4,9,0,insufficient_evidence,sufficient,insufficient_evidence,insufficient_evidence,sufficient,insufficient_evidence
2023-04-07,0.0,0.0,0.0,0.0,0.0,0.0,0.0,1,8,360,2,343,2,4,9,0,insufficient_evidence,sufficient,insufficient_evidence,insufficient_evidence,sufficient,insufficient_evidence
2023-04-10,0.0,-0.5625,0.0,0.0,0.0,0.0,0.0,2,8,361,2,344,2,4,9,0,insufficient_evidence,sufficient,insufficient_evidence,insufficient_evidence,sufficient,insufficient_evidence
2023-04-11,0.0,-0.5625,0.0,0.0,0.0,0.0,0.0,1,8,361,2,344,2,4,9,0,insufficient_evidence,sufficient,insufficient_evidence,insufficient_evidence,sufficient,insufficient_evidence
2023-04-12,0.0,-0.5625,0.0,0.0,0.0,0.0,0.0,1,8,361,2,344,2,4,9,0,insufficient_evidence,sufficient,insufficient_evidence,insufficient_evidence,sufficient,insufficient_evidence
2023-04-13,0.0,-0.5625,0.0,0.0,0.0,0.0,0.0,1,8,361,2,344,2,4,9,0,insufficient_evidence,sufficient,insufficient_evidence,insufficient_evidence,sufficient,insufficient_evidence
2023-04-14,0.0,-0.5625,0.0,0.0,0.0,0.0,0.0,1,8,361,2,344,2,4,9,0,insufficient_evidence,sufficient,insufficient_evidence,insufficient_evidence,sufficient,insufficient_evidence
2023-04-17,0.0,-0.5625,0.0,0.0,0.0,0.0,0.0,1,8,362,2,345,2,4,9,0,insufficient_evidence,sufficient,insufficient_evidence,insufficient_evidence,sufficient,insufficient_evidence
2023-04-18,0.0,-0.5625,0.0,0.0,0.0,0.0,0.0,1,8,362,2,345,2,4,9,0,insufficient_evidence,sufficient,insufficient_evidence,insufficient_evidence,sufficient,insufficient_evidence
2023-04-19,0.0,-0.5625,0.0,0.0,0.0,0.0,0.0,2,8,362,2,345,2,4,9,0,insufficient_evidence,sufficient,insufficient_evidence,insufficient_evidence,sufficient,insufficient_evidence
2023-04-20,0.0,-0.5625,0.0,0.0,0.0,0.0,0.0,2,8,362,2,345,2,4,9,0,insufficient_evidence,sufficient,insufficient_evidence,insufficient_evidence,sufficient,insufficient_evidence
2023-04-21,0.0,-0.5625,0.0,0.0,0.0,0.0,0.0,2,8,362,2,345,2,4,9,0,insufficient_evidence,sufficient,insufficient_evidence,insufficient_evidence,sufficient,insufficient_evidence
2023-04-23,0.0,0.0,0.0,0.0,0.0,0.0,0.0,1,8,362,2,345,2,4,9,0,insufficient_evidence,sufficient,insufficient_evidence,insufficient_evidence,sufficient,insufficient_evidence
2023-04-24,0.0,-0.5625,0.0,0.0,0.0,0.0,0.0,2,8,363,2,346,2,4,9,0,insufficient_evidence,sufficient,insufficient_evidence,insufficient_evidence,sufficient,insufficient_evidence
2023-04-25,0.0,-0.5625,0.0,0.0,0.0,0.0,0.0,1,8,363,2,346,2,4,9,0,insufficient_evidence,sufficient,insufficient_evidence,insufficient_evidence,sufficient,insufficient_evidence
2023-04-26,0.0,-0.5625,0.0,0.0,0.0,0.0,0.0,1,8,363,2,346,2,4,9,0,insufficient_evidence,sufficient,insufficient_evidence,insufficient_evidence,sufficient,insufficient_evidence
2023-04-27,0.0,-0.5625,0.0,0.0,0.0,0.0,0.0,1,8,363,2,346,2,4,9,0,insufficient_evidence,sufficient,insufficient_evidence,insufficient_evidence,sufficient,insufficient_evidence
2023-04-28,0.0,-0.5625,0.0,0.0,0.0,0.0,0.0,1,8,363,2,346,2,4,9,0,insufficient_evidence,sufficient,insufficient_evidence,insufficient_evidence,sufficient,insufficient_evidence
2023-05-04,0.0,-0.5625,0.0,0.0,0.0,0.0,0.0,1,8,364,2,347,2,4,9,0,insufficient_evidence,sufficient,insufficient_evidence,insufficient_evidence,sufficient,insufficient_evidence
2023-05-05,0.0,-0.5625,0.0,0.0,0.0,0.0,0.0,1,8,364,2,347,2,4,9,0,insufficient_evidence,sufficient,insufficient_evidence,insufficient_evidence,sufficient,insufficient_evidence
2023-05-06,0.0,-0.5625,0.0,0.0,0.0,0.0,0.0,1,8,364,2,347,2,4,9,0,insufficient_evidence,sufficient,insufficient_evidence,insufficient_evidence,sufficient,insufficient_evidence
2023-05-08,0.0,-0.5625,0.0,0.0,0.0,0.0,0.0,2,8,364,2,347,2,4,9,0,insufficient_evidence,sufficient,insufficient_evidence,insufficient_evidence,sufficient,insufficient_evidence
2023-05-09,0.0,-0.5625,0.0,0.0,0.0,0.0,0.0,2,8,364,2,347,2,4,9,0,insufficient_evidence,sufficient,insufficient_evidence,insufficient_evidence,sufficient,insufficient_evidence
2023-05-10,0.0,0.0,0.0,0.0,0.0,0.0,0.0,1,8,364,2,347,2,4,9,0,insufficient_evidence,sufficient,insufficient_evidence,insufficient_evidence,sufficient,insufficient_evidence
2023-05-11,0.0,0.0,0.0,0.0,0.0,0.0,0.0,1,8,364,2,347,2,4,9,0,insufficient_evidence,sufficient,insufficient_evidence,insufficient_evidence,sufficient,insufficient_evidence
2023-05-12,0.0,0.0,0.0,0.0,0.0,0.0,0.0,1,8,364,2,347,2,4,9,0,insufficient_evidence,sufficient,insufficient_evidence,insufficient_evidence,sufficient,insufficient_evidence
2023-05-15,0.0,-0.5625,0.0,0.0,0.0,0.0,0.0,2,8,367,2,350,2,4,9,0,insufficient_evidence,sufficient,insufficient_evidence,insufficient_evidence,sufficient,insufficient_evidence
2023-05-16,0.0,-0.5625,0.0,0.0,0.0,0.0,0.0,2,8,367,2,350,2,4,9,0,insufficient_evidence,sufficient,insufficient_evidence,insufficient_evidence,sufficient,insufficient_evidence
2023-05-17,0.0,-0.5625,0.0,0.0,0.0,0.0,0.0,3,8,367,2,350,2,4,9,0,insufficient_evidence,sufficient,insufficient_evidence,insufficient_evidence,sufficient,insufficient_evidence
2023-05-18,0.0,-0.5625,0.0,0.0,0.0,0.0,0.0,3,8,367,2,350,2,4,9,0,insufficient_evidence,sufficient,insufficient_evidence,insufficient_evidence,sufficient,insufficient_evidence
2023-05-19,0.0,-0.5625,0.0,0.0,0.0,0.0,0.0,3,8,367,2,350,2,4,9,0,insufficient_evidence,sufficient,insufficient_evidence,insufficient_evidence,sufficient,insufficient_evidence
2023-05-22,0.0,-0.5625,0.0,0.0,0.0,0.0,0.0,2,8,368,2,351,2,4,9,0,insufficient_evidence,sufficient,insufficient_evidence,insufficient_evidence,sufficient,insufficient_evidence
2023-05-23,0.0,-0.5625,0.0,0.0,0.0,0.0,0.0,2,8,368,2,351,2,4,9,0,insufficient_evidence,sufficient,insufficient_evidence,insufficient_evidence,sufficient,insufficient_evidence
2023-05-24,0.0,-0.5625,0.0,0.0,0.0,0.0,0.0,1,8,368,2,351,2,4,9,0,insufficient_evidence,sufficient,insufficient_evidence,insufficient_evidence,sufficient,insufficient_evidence
2023-05-25,0.0,-0.5625,0.0,0.0,0.0,0.0,0.0,1,8,368,2,351,2,4,9,0,insufficient_evidence,sufficient,insufficient_evidence,insufficient_evidence,sufficient,insufficient_evidence
2023-05-26,0.0,-0.5625,0.0,0.0,0.0,0.0,0.0,1,8,368,2,351,2,4,9,0,insufficient_evidence,sufficient,insufficient_evidence,insufficient_evidence,sufficient,insufficient_evidence
2023-05-29,0.0,-0.5625,0.0,0.0,0.0,0.0,0.0,1,8,369,2,352,2,4,9,0,insufficient_evidence,sufficient,insufficient_evidence,insufficient_evidence,sufficient,insufficient_evidence
2023-05-30,0.0,-0.5625,0.0,0.0,0.0,0.0,0.0,1,8,369,2,352,2,4,9,0,insufficient_evidence,sufficient,insufficient_evidence,insufficient_evidence,sufficient,insufficient_evidence
2023-05-31,0.0,-0.5625,0.0,0.0,0.0,0.0,0.0,1,8,369,2,352,2,4,9,0,insufficient_evidence,sufficient,insufficient_evidence,insufficient_evidence,sufficient,insufficient_evidence
2023-06-01,0.0,-0.5625,0.0,0.0,0.0,0.0,0.0,1,8,369,2,352,2,4,9,0,insufficient_evidence,sufficient,insufficient_evidence,insufficient_evidence,sufficient,insufficient_evidence
2023-06-02,0.0,-0.5625,0.0,0.0,0.0,0.0,0.0,1,8,369,2,352,2,4,9,0,insufficient_evidence,sufficient,insufficient_evidence,insufficient_evidence,sufficient,insufficient_evidence
2023-06-05,0.0,-0.5625,0.0,0.0,0.0,0.0,0.0,1,8,370,2,353,2,4,9,0,insufficient_evidence,sufficient,insufficient_evidence,insufficient_evidence,sufficient,insufficient_evidence
2023-06-06,0.0,-0.5625,0.0,0.0,0.0,0.0,0.0,1,8,370,2,353,2,4,9,0,insufficient_evidence,sufficient,insufficient_evidence,insufficient_evidence,sufficient,insufficient_evidence
2023-06-07,0.0,-0.5625,0.0,0.0,0.0,0.0,0.0,1,8,370,2,353,2,4,9,0,insufficient_evidence,sufficient,insufficient_evidence,insufficient_evidence,sufficient,insufficient_evidence
2023-06-08,0.0,-0.5625,0.0,0.0,0.0,0.0,0.0,1,8,370,2,353,2,4,9,0,insufficient_evidence,sufficient,insufficient_evidence,insufficient_evidence,sufficient,insufficient_evidence
2023-06-09,0.0,-0.5625,0.0,0.0,0.0,0.0,0.0,1,8,370,2,353,2,4,9,0,insufficient_evidence,sufficient,insufficient_evidence,insufficient_evidence,sufficient,insufficient_evidence
2023-06-12,0.0,0.0,0.0,0.0,0.0,0.0,0.0,1,8,370,2,353,2,4,9,0,insufficient_evidence,sufficient,insufficient_evidence,insufficient_evidence,sufficient,insufficient_evidence
2023-06-13,0.0,0.0,0.0,0.0,0.0,0.0,0.0,1,8,370,2,353,2,4,9,0,insufficient_evidence,sufficient,insufficient_evidence,insufficient_evidence,sufficient,insufficient_evidence
2023-06-14,0.0,0.0,0.0,0.0,0.0,0.0,0.0,1,8,370,2,353,2,4,9,0,insufficient_evidence,sufficient,insufficient_evidence,insufficient_evidence,sufficient,insufficient_evidence
2023-06-15,0.0,0.0,0.0,0.0,0.0,0.0,0.0,1,8,370,2,353,2,4,9,0,insufficient_evidence,sufficient,insufficient_evidence,insufficient_evidence,sufficient,insufficient_evidence
2023-06-16,0.0,0.0,0.0,0.0,0.0,0.0,0.0,2,8,370,2,353,2,4,9,0,insufficient_evidence,sufficient,insufficient_evidence,insufficient_evidence,sufficient,insufficient_evidence
2023-06-19,0.0,-0.5625,0.0,0.0,0.0,0.0,0.0,2,8,371,2,354,2,4,9,0,insufficient_evidence,sufficient,insufficient_evidence,insufficient_evidence,sufficient,insufficient_evidence
2023-06-20,0.0,-0.5625,0.0,0.0,0.0,0.0,0.0,2,8,371,2,354,2,4,9,0,insufficient_evidence,sufficient,insufficient_evidence,insufficient_evidence,sufficient,insufficient_evidence
2023-06-21,0.0,-0.5625,0.0,0.0,0.0,0.0,0.0,2,8,371,2,354,2,4,9,0,insufficient_evidence,sufficient,insufficient_evidence,insufficient_evidence,sufficient,insufficient_evidence
2023-06-25,0.0,-0.5625,0.0,0.0,0.0,0.0,0.0,2,8,371,2,354,2,4,9,0,insufficient_evidence,sufficient,insufficient_evidence,insufficient_evidence,sufficient,insufficient_evidence
2023-06-26,0.0,-0.5625,0.0,0.0,0.0,0.0,0.0,2,8,372,2,355,2,4,9,0,insufficient_evidence,sufficient,insufficient_evidence,insufficient_evidence,sufficient,insufficient_evidence
2023-06-27,0.0,-0.5625,0.0,0.0,0.0,0.0,0.0,1,8,372,2,355,2,4,9,0,insufficient_evidence,sufficient,insufficient_evidence,insufficient_evidence,sufficient,insufficient_evidence
2023-06-28,0.0,-0.5625,0.0,0.0,0.0,0.0,0.0,1,8,372,2,355,2,4,9,0,insufficient_evidence,sufficient,insufficient_evidence,insufficient_evidence,sufficient,insufficient_evidence
2023-06-29,0.0,-0.5625,0.0,0.0,0.0,0.0,0.0,1,8,372,2,355,2,4,9,0,insufficient_evidence,sufficient,insufficient_evidence,insufficient_evidence,sufficient,insufficient_evidence
2023-06-30,0.0,-0.5625,0.0,0.0,0.0,0.0,0.0,1,8,372,2,355,2,4,9,0,insufficient_evidence,sufficient,insufficient_evidence,insufficient_evidence,sufficient,insufficient_evidence
2023-07-03,0.0,-0.5625,0.0,0.0,0.0,0.0,0.0,1,8,373,2,356,2,4,9,0,insufficient_evidence,sufficient,insufficient_evidence,insufficient_evidence,sufficient,insufficient_evidence
2023-07-04,0.0,-0.5625,0.0,0.0,0.0,0.0,0.0,1,8,373,2,356,2,4,9,0,insufficient_evidence,sufficient,insufficient_evidence,insufficient_evidence,sufficient,insufficient_evidence
2023-07-05,0.0,-0.5625,0.0,0.0,0.0,0.0,0.0,1,8,373,2,356,2,4,9,0,insufficient_evidence,sufficient,insufficient_evidence,insufficient_evidence,sufficient,insufficient_evidence
2023-07-06,0.0,-0.5625,0.0,0.0,0.0,0.0,0.0,1,8,373,2,356,2,4,9,0,insufficient_evidence,sufficient,insufficient_evidence,insufficient_evidence,sufficient,insufficient_evidence
2023-07-07,0.0,-0.5625,0.0,0.0,0.0,0.0,0.0,1,8,373,2,356,2,4,9,0,insufficient_evidence,sufficient,insufficient_evidence,insufficient_evidence,sufficient,insufficient_evidence
2023-07-10,0.0,-0.5625,0.0,0.0,0.0,0.0,0.0,1,8,374,2,357,2,4,9,0,insufficient_evidence,sufficient,insufficient_evidence,insufficient_evidence,sufficient,insufficient_evidence
2023-07-11,0.0,-0.5625,0.0,0.0,0.0,0.0,0.0,1,8,374,2,357,2,4,9,0,insufficient_evidence,sufficient,insufficient_evidence,insufficient_evidence,sufficient,insufficient_evidence
2023-07-12,0.0,-0.5625,0.0,0.0,0.0,0.0,0.0,1,8,374,2,357,2,4,9,0,insufficient_evidence,sufficient,insufficient_evidence,insufficient_evidence,sufficient,insufficient_evidence
2023-07-13,0.0,-0.5625,0.0,0.0,0.0,0.0,0.0,1,8,374,2,357,2,4,9,0,insufficient_evidence,sufficient,insufficient_evidence,insufficient_evidence,sufficient,insufficient_evidence
2023-07-14,0.0,-0.5625,0.0,0.0,0.0,0.0,0.0,1,8,374,2,357,2,4,9,0,insufficient_evidence,sufficient,insufficient_evidence,insufficient_evidence,sufficient,insufficient_evidence
2023-07-17,0.0,-0.5625,0.0,0.0,0.0,0.0,0.0,1,8,376,2,359,2,4,9,0,insufficient_evidence,sufficient,insufficient_evidence,insufficient_evidence,sufficient,insufficient_evidence
2023-07-18,0.0,-0.5625,0.0,0.0,0.0,0.0,0.0,1,8,376,2,359,2,4,9,0,insufficient_evidence,sufficient,insufficient_evidence,insufficient_evidence,sufficient,insufficient_evidence
2023-07-19,0.0,-0.5625,0.0,0.0,0.0,0.0,0.0,1,8,376,2,359,2,4,9,0,insufficient_evidence,sufficient,insufficient_evidence,insufficient_evidence,sufficient,insufficient_evidence
2023-07-20,0.0,-0.5625,0.0,0.0,0.0,0.0,0.0,1,8,376,2,359,2,4,9,0,insufficient_evidence,sufficient,insufficient_evidence,insufficient_evidence,sufficient,insufficient_evidence
2023-07-21,0.0,-0.5625,0.0,0.0,0.0,0.0,0.0,1,8,376,2,359,2,4,9,0,insufficient_evidence,sufficient,insufficient_evidence,insufficient_evidence,sufficient,insufficient_evidence
2023-07-24,0.0,-0.5625,0.0,0.0,0.0,0.0,0.0,1,8,377,2,360,2,4,9,0,insufficient_evidence,sufficient,insufficient_evidence,insufficient_evidence,sufficient,insufficient_evidence
2023-07-25,0.0,-0.5625,0.0,0.0,0.0,0.0,0.0,1,8,377,2,360,2,4,9,0,insufficient_evidence,sufficient,insufficient_evidence,insufficient_evidence,sufficient,insufficient_evidence
2023-07-26,0.0,-0.5625,0.0,0.0,0.0,0.0,0.0,1,8,377,2,360,2,4,9,0,insufficient_evidence,sufficient,insufficient_evidence,insufficient_evidence,sufficient,insufficient_evidence
2023-07-27,0.0,-0.5625,0.0,0.0,0.0,0.0,0.0,1,8,377,2,360,2,4,9,0,insufficient_evidence,sufficient,insufficient_evidence,insufficient_evidence,sufficient,insufficient_evidence
2023-07-28,0.0,-0.5625,0.0,0.0,0.0,0.0,0.0,1,8,377,2,360,2,4,9,0,insufficient_evidence,sufficient,insufficient_evidence,insufficient_evidence,sufficient,insufficient_evidence
2023-07-31,0.0,-0.5625,0.0,0.0,0.0,0.0,0.0,1,8,378,2,361,2,4,9,0,insufficient_evidence,sufficient,insufficient_evidence,insufficient_evidence,sufficient,insufficient_evidence
2023-08-01,0.0,-0.5625,0.0,0.0,0.0,0.0,0.0,1,8,378,2,361,2,4,9,0,insufficient_evidence,sufficient,insufficient_evidence,insufficient_evidence,sufficient,insufficient_evidence
2023-08-02,0.0,-0.5625,0.0,0.0,0.0,0.0,0.0,1,8,378,2,361,2,4,9,0,insufficient_evidence,sufficient,insufficient_evidence,insufficient_evidence,sufficient,insufficient_evidence
2023-08-03,0.0,-0.5625,0.0,0.0,0.0,0.0,0.0,1,8,378,2,361,2,4,9,0,insufficient_evidence,sufficient,insufficient_evidence,insufficient_evidence,sufficient,insufficient_evidence
2023-08-04,0.0,-0.5625,0.0,0.0,0.0,0.0,0.0,1,8,378,2,361,2,4,9,0,insufficient_evidence,sufficient,insufficient_evidence,insufficient_evidence,sufficient,insufficient_evidence
2023-08-07,0.0,-0.5625,0.0,0.0,0.0,0.0,0.0,1,8,379,2,362,2,4,9,0,insufficient_evidence,sufficient,insufficient_evidence,insufficient_evidence,sufficient,insufficient_evidence
2023-08-08,0.0,-0.5625,0.0,0.0,0.0,0.0,0.0,1,8,379,2,362,2,4,9,0,insufficient_evidence,sufficient,insufficient_evidence,insufficient_evidence,sufficient,insufficient_evidence
2023-08-09,0.0,-0.5625,0.0,0.0,0.0,0.0,0.0,1,8,379,2,362,2,4,9,0,insufficient_evidence,sufficient,insufficient_evidence,insufficient_evidence,sufficient,insufficient_evidence
2023-08-10,0.0,-0.5625,0.0,0.0,0.0,0.0,0.0,1,8,379,2,362,2,4,9,0,insufficient_evidence,sufficient,insufficient_evidence,insufficient_evidence,sufficient,insufficient_evidence
2023-08-11,0.0,-0.5625,0.0,0.0,0.0,0.0,0.0,1,8,379,2,362,2,4,9,0,insufficient_evidence,sufficient,insufficient_evidence,insufficient_evidence,sufficient,insufficient_evidence
2023-08-14,0.0,-0.5625,0.0,0.0,0.0,0.0,0.0,1,8,380,2,363,2,4,9,0,insufficient_evidence,sufficient,insufficient_evidence,insufficient_evidence,sufficient,insufficient_evidence
2023-08-15,0.0,-0.5625,0.0,0.0,0.0,0.0,0.0,1,8,380,2,363,2,4,9,0,insufficient_evidence,sufficient,insufficient_evidence,insufficient_evidence,sufficient,insufficient_evidence
2023-08-16,0.0,-0.5625,0.0,0.0,0.0,0.0,0.0,2,8,380,2,363,2,4,9,0,insufficient_evidence,sufficient,insufficient_evidence,insufficient_evidence,sufficient,insufficient_evidence
2023-08-17,0.0,-0.5625,0.0,0.0,0.0,0.0,0.0,3,8,382,2,363,2,4,9,2,insufficient_evidence,sufficient,insufficient_evidence,insufficient_evidence,sufficient,insufficient_evidence
2023-08-18,0.0,-0.5625,0.0,0.0,0.0,0.0,0.0,3,8,382,2,363,2,4,9,2,insufficient_evidence,sufficient,insufficient_evidence,insufficient_evidence,sufficient,insufficient_evidence
2023-08-21,0.0,-0.5625,0.0,0.0,0.0,0.0,0.0,3,8,383,2,364,2,4,9,2,insufficient_evidence,sufficient,insufficient_evidence,insufficient_evidence,sufficient,insufficient_evidence
2023-08-22,0.0,-0.5625,0.0,0.0,0.0,0.0,0.0,3,8,383,2,364,2,4,9,2,insufficient_evidence,sufficient,insufficient_evidence,insufficient_evidence,sufficient,insufficient_evidence
2023-08-23,0.0,-0.5625,0.0,0.0,0.0,0.0,0.0,2,8,383,2,364,2,4,9,2,insufficient_evidence,sufficient,insufficient_evidence,insufficient_evidence,sufficient,insufficient_evidence
2023-08-24,0.0,-0.5625,0.0,0.0,0.0,0.0,0.0,1,8,383,2,364,2,4,9,2,insufficient_evidence,sufficient,insufficient_evidence,insufficient_evidence,sufficient,insufficient_evidence
2023-08-25,0.0,-0.5625,0.0,0.0,0.0,0.0,0.0,1,8,383,2,364,2,4,9,2,insufficient_evidence,sufficient,insufficient_evidence,insufficient_evidence,sufficient,insufficient_evidence
2023-08-28,0.0,-0.5625,0.0,0.0,0.0,0.0,0.0,1,8,384,2,365,2,4,9,2,insufficient_evidence,sufficient,insufficient_evidence,insufficient_evidence,sufficient,insufficient_evidence
2023-08-29,0.0,-0.5625,0.0,0.0,0.0,0.0,0.0,1,8,384,2,365,2,4,9,2,insufficient_evidence,sufficient,insufficient_evidence,insufficient_evidence,sufficient,insufficient_evidence
2023-08-30,0.0,-0.5625,0.0,0.0,0.0,0.0,0.0,1,8,384,2,365,2,4,9,2,insufficient_evidence,sufficient,insufficient_evidence,insufficient_evidence,sufficient,insufficient_evidence
2023-08-31,0.0,-0.5625,0.0,0.0,0.0,0.0,0.0,1,8,384,2,365,2,4,9,2,insufficient_evidence,sufficient,insufficient_evidence,insufficient_evidence,sufficient,insufficient_evidence
2023-09-01,0.0,-0.5625,0.0,0.0,0.0,0.0,0.0,1,8,384,2,365,2,4,9,2,insufficient_evidence,sufficient,insufficient_evidence,insufficient_evidence,sufficient,insufficient_evidence
2023-09-04,0.0,-0.5625,0.0,0.0,0.0,0.0,0.0,1,8,385,2,366,2,4,9,2,insufficient_evidence,sufficient,insufficient_evidence,insufficient_evidence,sufficient,insufficient_evidence
2023-09-05,0.0,-0.5625,0.0,0.0,0.0,0.0,0.0,1,8,385,2,366,2,4,9,2,insufficient_evidence,sufficient,insufficient_evidence,insufficient_evidence,sufficient,insufficient_evidence
2023-09-06,0.0,-0.5625,0.0,0.0,0.0,0.0,0.0,1,8,385,2,366,2,4,9,2,insufficient_evidence,sufficient,insufficient_evidence,insufficient_evidence,sufficient,insufficient_evidence
2023-09-07,0.0,-0.5625,0.0,0.0,0.0,0.0,0.0,1,8,385,2,366,2,4,9,2,insufficient_evidence,sufficient,insufficient_evidence,insufficient_evidence,sufficient,insufficient_evidence
2023-09-08,0.0,-0.5625,0.0,0.0,0.0,0.0,0.0,1,8,385,2,366,2,4,9,2,insufficient_evidence,sufficient,insufficient_evidence,insufficient_evidence,sufficient,insufficient_evidence
2023-09-11,0.0,-0.5625,0.0,0.0,0.0,0.0,0.0,1,8,386,2,367,2,4,9,2,insufficient_evidence,sufficient,insufficient_evidence,insufficient_evidence,sufficient,insufficient_evidence
2023-09-12,0.0,-0.5625,0.0,0.0,0.0,0.0,0.0,1,8,386,2,367,2,4,9,2,insufficient_evidence,sufficient,insufficient_evidence,insufficient_evidence,sufficient,insufficient_evidence
2023-09-13,0.0,-0.5625,0.0,0.0,0.0,0.0,0.0,1,8,386,2,367,2,4,9,2,insufficient_evidence,sufficient,insufficient_evidence,insufficient_evidence,sufficient,insufficient_evidence
2023-09-14,0.0,-0.5625,0.0,0.0,0.0,0.0,0.0,1,8,386,2,367,2,4,9,2,insufficient_evidence,sufficient,insufficient_evidence,insufficient_evidence,sufficient,insufficient_evidence
2023-09-15,0.0,-0.5625,0.0,0.0,0.0,0.0,0.0,1,8,386,2,367,2,4,9,2,insufficient_evidence,sufficient,insufficient_evidence,insufficient_evidence,sufficient,insufficient_evidence
2023-09-18,0.0,-0.5625,0.0,0.0,0.0,0.0,0.0,2,8,387,2,368,2,4,9,2,insufficient_evidence,sufficient,insufficient_evidence,insufficient_evidence,sufficient,insufficient_evidence
2023-09-19,0.0,-0.5625,0.0,0.0,0.0,0.0,0.0,2,8,387,2,368,2,4,9,2,insufficient_evidence,sufficient,insufficient_evidence,insufficient_evidence,sufficient,insufficient_evidence
2023-09-20,0.0,-0.5625,0.0,0.0,0.0,0.0,0.0,2,8,387,2,368,2,4,9,2,insufficient_evidence,sufficient,insufficient_evidence,insufficient_evidence,sufficient,insufficient_evidence
2023-09-21,0.0,-0.5625,0.0,0.0,0.0,0.0,0.0,2,8,387,2,368,2,4,9,2,insufficient_evidence,sufficient,insufficient_evidence,insufficient_evidence,sufficient,insufficient_evidence
2023-09-22,0.0,-0.5625,0.0,0.0,0.0,0.0,0.0,2,8,387,2,368,2,4,9,2,insufficient_evidence,sufficient,insufficient_evidence,insufficient_evidence,sufficient,insufficient_evidence
2023-09-25,0.0,-0.5625,0.0,0.0,0.0,0.0,0.0,1,8,388,2,369,2,4,9,2,insufficient_evidence,sufficient,insufficient_evidence,insufficient_evidence,sufficient,insufficient_evidence
2023-09-26,0.0,-0.5625,0.0,0.0,0.0,0.0,0.0,1,8,388,2,369,2,4,9,2,insufficient_evidence,sufficient,insufficient_evidence,insufficient_evidence,sufficient,insufficient_evidence
2023-09-27,0.0,-0.5625,0.0,0.0,0.0,0.0,0.0,1,8,388,2,369,2,4,9,2,insufficient_evidence,sufficient,insufficient_evidence,insufficient_evidence,sufficient,insufficient_evidence
2023-09-28,0.0,-0.5625,0.0,0.0,0.0,0.0,0.0,1,8,388,2,369,2,4,9,2,insufficient_evidence,sufficient,insufficient_evidence,insufficient_evidence,sufficient,insufficient_evidence
2023-10-07,0.0,-0.5625,0.0,0.0,0.0,0.0,0.0,2,8,389,2,370,2,4,9,2,insufficient_evidence,sufficient,insufficient_evidence,insufficient_evidence,sufficient,insufficient_evidence
2023-10-08,0.0,-0.5625,0.0,0.0,0.0,0.0,0.0,1,8,389,2,370,2,4,9,2,insufficient_evidence,sufficient,insufficient_evidence,insufficient_evidence,sufficient,insufficient_evidence
2023-10-09,0.0,-0.5625,0.0,0.0,0.0,0.0,0.0,2,8,389,2,370,2,4,9,2,insufficient_evidence,sufficient,insufficient_evidence,insufficient_evidence,sufficient,insufficient_evidence
2023-10-10,0.0,-0.5625,0.0,0.0,0.0,0.0,0.0,2,8,389,2,370,2,4,9,2,insufficient_evidence,sufficient,insufficient_evidence,insufficient_evidence,sufficient,insufficient_evidence
2023-10-11,0.0,-0.5625,0.0,0.0,0.0,0.0,0.0,2,8,389,2,370,2,4,9,2,insufficient_evidence,sufficient,insufficient_evidence,insufficient_evidence,sufficient,insufficient_evidence
2023-10-12,0.0,0.0,0.0,0.0,0.0,0.0,0.0,1,8,389,2,370,2,4,9,2,insufficient_evidence,sufficient,insufficient_evidence,insufficient_evidence,sufficient,insufficient_evidence
2023-10-13,0.0,0.0,0.0,0.0,0.0,0.0,0.0,1,8,389,2,370,2,4,9,2,insufficient_evidence,sufficient,insufficient_evidence,insufficient_evidence,sufficient,insufficient_evidence
2023-10-16,0.0,-0.5625,0.0,0.0,0.0,0.0,0.0,1,8,391,2,372,2,4,9,2,insufficient_evidence,sufficient,insufficient_evidence,insufficient_evidence,sufficient,insufficient_evidence
2023-10-17,0.0,-0.5625,0.0,0.0,0.0,0.0,0.0,1,8,391,2,372,2,4,9,2,insufficient_evidence,sufficient,insufficient_evidence,insufficient_evidence,sufficient,insufficient_evidence
2023-10-18,0.0,-0.5625,0.0,0.0,0.0,0.0,0.0,1,8,391,2,372,2,4,9,2,insufficient_evidence,sufficient,insufficient_evidence,insufficient_evidence,sufficient,insufficient_evidence
2023-10-19,0.0,-0.5625,0.0,0.0,0.0,0.0,0.0,2,8,391,2,372,2,4,9,2,insufficient_evidence,sufficient,insufficient_evidence,insufficient_evidence,sufficient,insufficient_evidence
2023-10-20,0.0,-0.5625,0.0,0.0,0.0,0.0,0.0,2,8,391,2,372,2,4,9,2,insufficient_evidence,sufficient,insufficient_evidence,insufficient_evidence,sufficient,insufficient_evidence
2023-10-23,0.0,-0.5625,0.0,0.0,0.0,0.0,0.0,2,8,392,2,373,2,4,9,2,insufficient_evidence,sufficient,insufficient_evidence,insufficient_evidence,sufficient,insufficient_evidence
2023-10-24,0.0,-0.5625,0.0,0.0,0.0,0.0,0.0,2,8,392,2,373,2,4,9,2,insufficient_evidence,sufficient,insufficient_evidence,insufficient_evidence,sufficient,insufficient_evidence
2023-10-25,0.0,-0.5625,0.0,0.0,0.0,0.0,0.0,2,8,392,2,373,2,4,9,2,insufficient_evidence,sufficient,insufficient_evidence,insufficient_evidence,sufficient,insufficient_evidence
2023-10-26,0.0,-0.5625,0.0,0.0,0.0,0.0,0.0,1,8,392,2,373,2,4,9,2,insufficient_evidence,sufficient,insufficient_evidence,insufficient_evidence,sufficient,insufficient_evidence
2023-10-27,0.0,-0.5625,0.0,0.0,0.0,0.0,0.0,1,8,392,2,373,2,4,9,2,insufficient_evidence,sufficient,insufficient_evidence,insufficient_evidence,sufficient,insufficient_evidence
2023-10-30,0.0,-0.5625,0.0,0.0,0.0,0.0,0.0,1,8,393,2,374,2,4,9,2,insufficient_evidence,sufficient,insufficient_evidence,insufficient_evidence,sufficient,insufficient_evidence
2023-10-31,0.0,-0.5625,0.0,0.0,0.0,0.0,0.0,1,8,393,2,374,2,4,9,2,insufficient_evidence,sufficient,insufficient_evidence,insufficient_evidence,sufficient,insufficient_evidence
2023-11-01,0.0,-0.5625,0.0,0.0,0.0,0.0,0.0,1,8,393,2,374,2,4,9,2,insufficient_evidence,sufficient,insufficient_evidence,insufficient_evidence,sufficient,insufficient_evidence
2023-11-02,0.0,-0.5625,0.0,0.0,0.0,0.0,0.0,1,8,393,2,374,2,4,9,2,insufficient_evidence,sufficient,insufficient_evidence,insufficient_evidence,sufficient,insufficient_evidence
2023-11-03,0.0,-0.5625,0.0,0.0,0.0,0.0,0.0,1,8,393,2,374,2,4,9,2,insufficient_evidence,sufficient,insufficient_evidence,insufficient_evidence,sufficient,insufficient_evidence
2023-11-06,0.0,0.0,0.0,0.0,0.0,0.0,0.0,1,8,393,2,374,2,4,9,2,insufficient_evidence,sufficient,insufficient_evidence,insufficient_evidence,sufficient,insufficient_evidence
2023-11-07,0.0,0.0,0.0,0.0,0.0,0.0,0.0,1,8,393,2,374,2,4,9,2,insufficient_evidence,sufficient,insufficient_evidence,insufficient_evidence,sufficient,insufficient_evidence
2023-11-08,0.0,0.0,0.0,0.0,0.0,0.0,0.0,1,8,393,2,374,2,4,9,2,insufficient_evidence,sufficient,insufficient_evidence,insufficient_evidence,sufficient,insufficient_evidence
2023-11-09,0.0,0.0,0.0,0.0,0.0,0.0,0.0,1,8,393,2,374,2,4,9,2,insufficient_evidence,sufficient,insufficient_evidence,insufficient_evidence,sufficient,insufficient_evidence
2023-11-10,0.0,0.0,0.0,0.0,0.0,0.0,0.0,1,8,393,2,374,2,4,9,2,insufficient_evidence,sufficient,insufficient_evidence,insufficient_evidence,sufficient,insufficient_evidence
2023-11-13,0.0,-0.5625,0.0,0.0,0.0,0.0,0.0,1,8,394,2,375,2,4,9,2,insufficient_evidence,sufficient,insufficient_evidence,insufficient_evidence,sufficient,insufficient_evidence
2023-11-14,0.0,-0.5625,0.0,0.0,0.0,0.0,0.0,1,8,394,2,375,2,4,9,2,insufficient_evidence,sufficient,insufficient_evidence,insufficient_evidence,sufficient,insufficient_evidence
2023-11-15,0.0,-0.5625,0.0,0.0,0.0,0.0,0.0,1,8,394,2,375,2,4,9,2,insufficient_evidence,sufficient,insufficient_evidence,insufficient_evidence,sufficient,insufficient_evidence
2023-11-16,0.0,-0.5625,0.0,0.0,0.0,0.0,0.0,2,8,394,2,375,2,4,9,2,insufficient_evidence,sufficient,insufficient_evidence,insufficient_evidence,sufficient,insufficient_evidence
2023-11-17,0.0,-0.5625,0.0,0.0,0.0,0.0,0.0,2,8,394,2,375,2,4,9,2,insufficient_evidence,sufficient,insufficient_evidence,insufficient_evidence,sufficient,insufficient_evidence
2023-11-20,0.0,-0.5625,0.0,0.0,0.0,0.0,0.0,2,8,395,2,376,2,4,9,2,insufficient_evidence,sufficient,insufficient_evidence,insufficient_evidence,sufficient,insufficient_evidence
2023-11-21,0.0,-0.5625,0.0,0.0,0.0,0.0,0.0,2,8,395,2,376,2,4,9,2,insufficient_evidence,sufficient,insufficient_evidence,insufficient_evidence,sufficient,insufficient_evidence
2023-11-22,0.0,-0.5625,0.0,0.0,0.0,0.0,0.0,2,8,395,2,376,2,4,9,2,insufficient_evidence,sufficient,insufficient_evidence,insufficient_evidence,sufficient,insufficient_evidence
2023-11-23,0.0,-0.5625,0.0,0.0,0.0,0.0,0.0,1,8,395,2,376,2,4,9,2,insufficient_evidence,sufficient,insufficient_evidence,insufficient_evidence,sufficient,insufficient_evidence
2023-11-24,0.0,-0.5625,0.0,0.0,0.0,0.0,0.0,1,8,395,2,376,2,4,9,2,insufficient_evidence,sufficient,insufficient_evidence,insufficient_evidence,sufficient,insufficient_evidence
2023-11-27,0.0,-0.5625,0.0,0.0,0.0,0.0,0.0,2,8,397,2,378,2,4,9,2,insufficient_evidence,sufficient,insufficient_evidence,insufficient_evidence,sufficient,insufficient_evidence
2023-11-28,0.0,-0.5625,0.0,0.0,0.0,0.0,0.0,2,8,397,2,378,2,4,9,2,insufficient_evidence,sufficient,insufficient_evidence,insufficient_evidence,sufficient,insufficient_evidence
2023-11-29,0.0,-0.5625,0.0,0.0,0.0,0.0,0.0,2,8,397,2,378,2,4,9,2,insufficient_evidence,sufficient,insufficient_evidence,insufficient_evidence,sufficient,insufficient_evidence
2023-11-30,0.0,-0.5625,0.0,0.0,0.0,0.0,0.0,2,8,397,2,378,2,4,9,2,insufficient_evidence,sufficient,insufficient_evidence,insufficient_evidence,sufficient,insufficient_evidence
2023-12-01,0.0,-0.5625,0.0,0.0,0.0,0.0,0.0,2,8,397,2,378,2,4,9,2,insufficient_evidence,sufficient,insufficient_evidence,insufficient_evidence,sufficient,insufficient_evidence
2023-12-04,0.0,-0.5625,0.0,0.0,0.0,0.0,0.0,1,8,398,2,379,2,4,9,2,insufficient_evidence,sufficient,insufficient_evidence,insufficient_evidence,sufficient,insufficient_evidence
2023-12-05,0.0,-0.5625,0.0,0.0,0.0,0.0,0.0,1,8,398,2,379,2,4,9,2,insufficient_evidence,sufficient,insufficient_evidence,insufficient_evidence,sufficient,insufficient_evidence
2023-12-06,0.0,-0.5625,0.0,0.0,0.0,0.0,0.0,1,8,398,2,379,2,4,9,2,insufficient_evidence,sufficient,insufficient_evidence,insufficient_evidence,sufficient,insufficient_evidence
2023-12-07,0.0,-0.5625,0.0,0.0,0.0,0.0,0.0,1,8,398,2,379,2,4,9,2,insufficient_evidence,sufficient,insufficient_evidence,insufficient_evidence,sufficient,insufficient_evidence
2023-12-08,0.0,-0.5625,0.0,0.0,0.0,0.0,0.0,1,8,398,2,379,2,4,9,2,insufficient_evidence,sufficient,insufficient_evidence,insufficient_evidence,sufficient,insufficient_evidence
2023-12-11,0.0,-0.5625,0.0,0.0,0.0,0.0,0.0,1,8,399,2,380,2,4,9,2,insufficient_evidence,sufficient,insufficient_evidence,insufficient_evidence,sufficient,insufficient_evidence
2023-12-12,0.0,-0.5625,0.0,0.0,0.0,0.0,0.0,1,8,399,2,380,2,4,9,2,insufficient_evidence,sufficient,insufficient_evidence,insufficient_evidence,sufficient,insufficient_evidence
2023-12-13,0.0,-0.5625,0.0,0.0,0.0,0.0,0.0,1,8,399,2,380,2,4,9,2,insufficient_evidence,sufficient,insufficient_evidence,insufficient_evidence,sufficient,insufficient_evidence
2023-12-14,0.0,-0.5625,0.0,0.0,0.0,0.0,0.0,1,8,399,2,380,2,4,9,2,insufficient_evidence,sufficient,insufficient_evidence,insufficient_evidence,sufficient,insufficient_evidence
2023-12-15,0.0,-0.5625,0.0,0.0,0.0,0.0,0.0,1,8,399,2,380,2,4,9,2,insufficient_evidence,sufficient,insufficient_evidence,insufficient_evidence,sufficient,insufficient_evidence
2023-12-18,0.0,-0.5625,0.0,0.0,0.0,0.0,0.0,2,8,400,2,381,2,4,9,2,insufficient_evidence,sufficient,insufficient_evidence,insufficient_evidence,sufficient,insufficient_evidence
2023-12-19,0.0,-0.5625,0.0,0.0,0.0,0.0,0.0,2,8,400,2,381,2,4,9,2,insufficient_evidence,sufficient,insufficient_evidence,insufficient_evidence,sufficient,insufficient_evidence
2023-12-20,0.0,-0.5625,0.0,0.0,0.0,0.0,0.0,2,8,400,2,381,2,4,9,2,insufficient_evidence,sufficient,insufficient_evidence,insufficient_evidence,sufficient,insufficient_evidence
2023-12-21,0.0,-0.5625,0.0,0.0,0.0,0.0,0.0,2,8,400,2,381,2,4,9,2,insufficient_evidence,sufficient,insufficient_evidence,insufficient_evidence,sufficient,insufficient_evidence
2023-12-22,0.0,-0.5625,0.0,0.0,0.0,0.0,0.0,2,8,400,2,381,2,4,9,2,insufficient_evidence,sufficient,insufficient_evidence,insufficient_evidence,sufficient,insufficient_evidence
2023-12-25,0.0,-0.5625,0.0,0.0,0.0,0.0,0.0,1,8,401,2,382,2,4,9,2,insufficient_evidence,sufficient,insufficient_evidence,insufficient_evidence,sufficient,insufficient_evidence
2023-12-26,0.0,-0.5625,0.0,0.0,0.0,0.0,0.0,1,8,401,2,382,2,4,9,2,insufficient_evidence,sufficient,insufficient_evidence,insufficient_evidence,sufficient,insufficient_evidence
2023-12-27,0.0,-0.5625,0.0,0.0,0.0,0.0,0.0,1,8,401,2,382,2,4,9,2,insufficient_evidence,sufficient,insufficient_evidence,insufficient_evidence,sufficient,insufficient_evidence
2023-12-28,0.0,-0.5625,0.0,0.0,0.0,0.0,0.0,1,8,401,2,382,2,4,9,2,insufficient_evidence,sufficient,insufficient_evidence,insufficient_evidence,sufficient,insufficient_evidence
2023-12-29,0.0,-0.5625,0.0,0.0,0.0,0.0,0.0,1,8,401,2,382,2,4,9,2,insufficient_evidence,sufficient,insufficient_evidence,insufficient_evidence,sufficient,insufficient_evidence
2024-01-02,0.0,-0.5625,0.0,0.0,0.0,0.0,0.0,1,8,402,2,383,2,4,9,2,insufficient_evidence,sufficient,insufficient_evidence,insufficient_evidence,sufficient,insufficient_evidence
2024-01-03,0.0,-0.5625,0.0,0.0,0.0,0.0,0.0,1,8,402,2,383,2,4,9,2,insufficient_evidence,sufficient,insufficient_evidence,insufficient_evidence,sufficient,insufficient_evidence
2024-01-04,0.0,-0.5625,0.0,0.0,0.0,0.0,0.0,1,8,402,2,383,2,4,9,2,insufficient_evidence,sufficient,insufficient_evidence,insufficient_evidence,sufficient,insufficient_evidence
2024-01-05,0.0,-0.5625,0.0,0.0,0.0,0.0,0.0,1,8,402,2,383,2,4,9,2,insufficient_evidence,sufficient,insufficient_evidence,insufficient_evidence,sufficient,insufficient_evidence
2024-01-08,0.0,-0.5625,0.0,0.0,0.0,0.0,0.0,2,8,403,2,384,2,4,9,2,insufficient_evidence,sufficient,insufficient_evidence,insufficient_evidence,sufficient,insufficient_evidence
2024-01-09,0.0,-0.5625,0.0,0.0,0.0,0.0,0.0,1,8,403,2,384,2,4,9,2,insufficient_evidence,sufficient,insufficient_evidence,insufficient_evidence,sufficient,insufficient_evidence
2024-01-10,0.0,-0.5625,0.0,0.0,0.0,0.0,0.0,1,8,403,2,384,2,4,9,2,insufficient_evidence,sufficient,insufficient_evidence,insufficient_evidence,sufficient,insufficient_evidence
2024-01-11,0.0,-0.5625,0.0,0.0,0.0,0.0,0.0,1,8,403,2,384,2,4,9,2,insufficient_evidence,sufficient,insufficient_evidence,insufficient_evidence,sufficient,insufficient_evidence
2024-01-12,0.0,-0.5625,0.0,0.0,0.0,0.0,0.0,1,8,403,2,384,2,4,9,2,insufficient_evidence,sufficient,insufficient_evidence,insufficient_evidence,sufficient,insufficient_evidence
2024-01-15,0.0,-0.5625,0.0,0.0,0.0,0.0,0.0,1,8,404,2,385,2,4,9,2,insufficient_evidence,sufficient,insufficient_evidence,insufficient_evidence,sufficient,insufficient_evidence
2024-01-16,0.0,-0.5625,0.0,0.0,0.0,0.0,0.0,1,8,404,2,385,2,4,9,2,insufficient_evidence,sufficient,insufficient_evidence,insufficient_evidence,sufficient,insufficient_evidence
2024-01-17,0.0,-0.5625,0.0,0.0,0.0,0.0,0.0,1,8,404,2,385,2,4,9,2,insufficient_evidence,sufficient,insufficient_evidence,insufficient_evidence,sufficient,insufficient_evidence
2024-01-18,0.0,-0.5625,0.0,0.0,0.0,0.0,0.0,1,8,404,2,385,2,4,9,2,insufficient_evidence,sufficient,insufficient_evidence,insufficient_evidence,sufficient,insufficient_evidence
2024-01-19,0.0,-0.5625,0.0,0.0,0.0,0.0,0.0,1,8,404,2,385,2,4,9,2,insufficient_evidence,sufficient,insufficient_evidence,insufficient_evidence,sufficient,insufficient_evidence
2024-01-22,0.0,-0.5625,0.0,0.0,0.0,0.0,0.0,1,8,405,2,386,2,4,9,2,insufficient_evidence,sufficient,insufficient_evidence,insufficient_evidence,sufficient,insufficient_evidence
2024-01-23,0.0,-0.5625,0.0,0.0,0.0,0.0,0.0,1,8,405,2,386,2,4,9,2,insufficient_evidence,sufficient,insufficient_evidence,insufficient_evidence,sufficient,insufficient_evidence
2024-01-24,0.0,-0.5625,0.0,0.0,0.0,0.0,0.0,1,8,405,2,386,2,4,9,2,insufficient_evidence,sufficient,insufficient_evidence,insufficient_evidence,sufficient,insufficient_evidence
2024-01-25,0.0,-0.5625,0.0,0.0,0.0,0.0,0.0,1,8,405,2,386,2,4,9,2,insufficient_evidence,sufficient,insufficient_evidence,insufficient_evidence,sufficient,insufficient_evidence
2024-01-26,0.0,-0.5625,0.0,0.0,0.0,0.0,0.0,1,8,405,2,386,2,4,9,2,insufficient_evidence,sufficient,insufficient_evidence,insufficient_evidence,sufficient,insufficient_evidence
2024-01-29,0.0,-0.5625,0.0,0.0,0.0,0.0,0.0,1,8,406,2,387,2,4,9,2,insufficient_evidence,sufficient,insufficient_evidence,insufficient_evidence,sufficient,insufficient_evidence
2024-01-30,0.0,-0.5625,0.0,0.0,0.0,0.0,0.0,1,8,406,2,387,2,4,9,2,insufficient_evidence,sufficient,insufficient_evidence,insufficient_evidence,sufficient,insufficient_evidence
2024-01-31,0.0,-0.5625,0.0,0.0,0.0,0.0,0.0,1,8,406,2,387,2,4,9,2,insufficient_evidence,sufficient,insufficient_evidence,insufficient_evidence,sufficient,insufficient_evidence
2024-02-01,0.0,-0.5625,0.0,0.0,0.0,0.0,0.0,1,8,406,2,387,2,4,9,2,insufficient_evidence,sufficient,insufficient_evidence,insufficient_evidence,sufficient,insufficient_evidence
2024-02-02,0.0,-0.5625,0.0,0.0,0.0,0.0,0.0,1,8,406,2,387,2,4,9,2,insufficient_evidence,sufficient,insufficient_evidence,insufficient_evidence,sufficient,insufficient_evidence
2024-02-04,0.0,0.0,0.0,0.0,0.0,0.0,0.0,0,8,406,2,387,2,4,9,2,insufficient_evidence,sufficient,insufficient_evidence,insufficient_evidence,sufficient,insufficient_evidence
2024-02-05,0.0,-0.5625,0.0,0.0,0.0,0.0,0.0,1,8,408,2,389,2,4,9,2,insufficient_evidence,sufficient,insufficient_evidence,insufficient_evidence,sufficient,insufficient_evidence
2024-02-06,0.0,-0.5625,0.0,0.0,0.0,0.0,0.0,1,8,408,2,389,2,4,9,2,insufficient_evidence,sufficient,insufficient_evidence,insufficient_evidence,sufficient,insufficient_evidence
2024-02-07,0.0,-0.5625,0.0,0.0,0.0,0.0,0.0,1,8,408,2,389,2,4,9,2,insufficient_evidence,sufficient,insufficient_evidence,insufficient_evidence,sufficient,insufficient_evidence
2024-02-08,0.0,-0.5625,0.0,0.0,0.0,0.0,0.0,2,8,410,2,391,2,4,9,2,insufficient_evidence,sufficient,insufficient_evidence,insufficient_evidence,sufficient,insufficient_evidence
2024-02-09,0.0,-0.5625,0.0,0.0,0.0,0.0,0.0,2,8,410,2,391,2,4,9,2,insufficient_evidence,sufficient,insufficient_evidence,insufficient_evidence,sufficient,insufficient_evidence
2024-02-18,0.0,-0.5625,0.0,0.0,0.0,0.0,0.0,2,8,411,2,392,2,4,9,2,insufficient_evidence,sufficient,insufficient_evidence,insufficient_evidence,sufficient,insufficient_evidence
2024-02-19,0.0,-0.5625,0.0,0.0,0.0,0.0,0.0,3,8,412,2,393,2,4,9,2,insufficient_evidence,sufficient,insufficient_evidence,insufficient_evidence,sufficient,insufficient_evidence
2024-02-20,0.0,-0.5625,0.0,0.0,0.0,0.0,0.0,3,8,412,2,393,2,4,9,2,insufficient_evidence,sufficient,insufficient_evidence,insufficient_evidence,sufficient,insufficient_evidence
2024-02-21,0.0,-0.5625,0.0,0.0,0.0,0.0,0.0,2,8,412,2,393,2,4,9,2,insufficient_evidence,sufficient,insufficient_evidence,insufficient_evidence,sufficient,insufficient_evidence
2024-02-22,0.0,-0.5625,0.0,0.0,0.0,0.0,0.0,2,8,412,2,393,2,4,9,2,insufficient_evidence,sufficient,insufficient_evidence,insufficient_evidence,sufficient,insufficient_evidence
2024-02-23,0.0,-0.5625,0.0,0.0,0.0,0.0,0.0,1,8,412,2,393,2,4,9,2,insufficient_evidence,sufficient,insufficient_evidence,insufficient_evidence,sufficient,insufficient_evidence
2024-02-26,0.0,-0.5625,0.0,0.0,0.0,0.0,0.0,1,8,413,2,394,2,4,9,2,insufficient_evidence,sufficient,insufficient_evidence,insufficient_evidence,sufficient,insufficient_evidence
2024-02-27,0.0,-0.5625,0.0,0.0,0.0,0.0,0.0,1,8,413,2,394,2,4,9,2,insufficient_evidence,sufficient,insufficient_evidence,insufficient_evidence,sufficient,insufficient_evidence
2024-02-28,0.0,-0.5625,0.0,0.0,0.0,0.0,0.0,1,8,413,2,394,2,4,9,2,insufficient_evidence,sufficient,insufficient_evidence,insufficient_evidence,sufficient,insufficient_evidence
2024-02-29,0.0,-0.5625,0.0,0.0,0.0,0.0,0.0,1,8,413,2,394,2,4,9,2,insufficient_evidence,sufficient,insufficient_evidence,insufficient_evidence,sufficient,insufficient_evidence
2024-03-01,0.0,-0.5625,0.0,0.0,0.0,0.0,0.0,1,8,413,2,394,2,4,9,2,insufficient_evidence,sufficient,insufficient_evidence,insufficient_evidence,sufficient,insufficient_evidence
2024-03-04,0.0,0.0,0.0,0.0,0.0,0.0,0.0,1,8,413,2,394,2,4,9,2,insufficient_evidence,sufficient,insufficient_evidence,insufficient_evidence,sufficient,insufficient_evidence
2024-03-05,0.0,0.0,0.0,0.0,0.0,0.0,0.0,1,8,413,2,394,2,4,9,2,insufficient_evidence,sufficient,insufficient_evidence,insufficient_evidence,sufficient,insufficient_evidence
2024-03-06,0.0,0.0,0.0,0.0,0.0,0.0,0.0,1,8,413,2,394,2,4,9,2,insufficient_evidence,sufficient,insufficient_evidence,insufficient_evidence,sufficient,insufficient_evidence
2024-03-07,0.0,0.0,0.0,0.0,0.0,0.0,0.0,1,8,413,2,394,2,4,9,2,insufficient_evidence,sufficient,insufficient_evidence,insufficient_evidence,sufficient,insufficient_evidence
2024-03-08,0.0,0.0,0.0,0.0,0.0,0.0,0.0,1,8,413,2,394,2,4,9,2,insufficient_evidence,sufficient,insufficient_evidence,insufficient_evidence,sufficient,insufficient_evidence
2024-03-11,0.0,0.0,0.0,0.0,0.0,0.0,0.0,1,8,413,2,394,2,4,9,2,insufficient_evidence,sufficient,insufficient_evidence,insufficient_evidence,sufficient,insufficient_evidence
2024-03-12,0.0,0.0,0.0,0.0,0.0,0.0,0.0,1,8,413,2,394,2,4,9,2,insufficient_evidence,sufficient,insufficient_evidence,insufficient_evidence,sufficient,insufficient_evidence
2024-03-13,0.0,0.0,0.0,0.0,0.0,0.0,0.0,1,8,413,2,394,2,4,9,2,insufficient_evidence,sufficient,insufficient_evidence,insufficient_evidence,sufficient,insufficient_evidence
2024-03-14,0.0,0.0,0.0,0.0,0.0,0.0,0.0,1,8,413,2,394,2,4,9,2,insufficient_evidence,sufficient,insufficient_evidence,insufficient_evidence,sufficient,insufficient_evidence
2024-03-15,0.0,0.0,0.0,0.0,0.0,0.0,0.0,1,8,413,2,394,2,4,9,2,insufficient_evidence,sufficient,insufficient_evidence,insufficient_evidence,sufficient,insufficient_evidence
2024-03-18,0.0,-0.5625,0.0,0.0,0.0,0.0,0.0,1,8,414,2,395,2,4,9,2,insufficient_evidence,sufficient,insufficient_evidence,insufficient_evidence,sufficient,insufficient_evidence
2024-03-19,0.0,-0.5625,0.0,0.0,0.0,0.0,0.0,1,8,414,2,395,2,4,9,2,insufficient_evidence,sufficient,insufficient_evidence,insufficient_evidence,sufficient,insufficient_evidence
2024-03-20,0.0,-0.5625,0.0,0.0,0.0,0.0,0.0,1,8,414,2,395,2,4,9,2,insufficient_evidence,sufficient,insufficient_evidence,insufficient_evidence,sufficient,insufficient_evidence
2024-03-21,0.0,-0.5625,0.0,0.0,0.0,0.0,0.0,1,8,414,2,395,2,4,9,2,insufficient_evidence,sufficient,insufficient_evidence,insufficient_evidence,sufficient,insufficient_evidence
2024-03-22,0.0,-0.5625,0.0,0.0,0.0,0.0,0.0,1,8,414,2,395,2,4,9,2,insufficient_evidence,sufficient,insufficient_evidence,insufficient_evidence,sufficient,insufficient_evidence
2024-03-25,0.0,-0.5625,0.0,0.0,0.0,0.0,0.0,1,8,415,2,396,2,4,9,2,insufficient_evidence,sufficient,insufficient_evidence,insufficient_evidence,sufficient,insufficient_evidence
2024-03-26,0.0,-0.5625,0.0,0.0,0.0,0.0,0.0,1,8,415,2,396,2,4,9,2,insufficient_evidence,sufficient,insufficient_evidence,insufficient_evidence,sufficient,insufficient_evidence
2024-03-27,0.0,-0.5625,0.0,0.0,0.0,0.0,0.0,1,8,415,2,396,2,4,9,2,insufficient_evidence,sufficient,insufficient_evidence,insufficient_evidence,sufficient,insufficient_evidence
2024-03-28,0.0,-0.5625,0.0,0.0,0.0,0.0,0.0,1,8,415,2,396,2,4,9,2,insufficient_evidence,sufficient,insufficient_evidence,insufficient_evidence,sufficient,insufficient_evidence
2024-03-29,0.0,-0.5625,0.0,0.0,0.0,0.0,0.0,1,8,415,2,396,2,4,9,2,insufficient_evidence,sufficient,insufficient_evidence,insufficient_evidence,sufficient,insufficient_evidence
2024-04-01,0.0,0.0,0.0,0.0,0.0,0.0,0.0,1,8,415,2,396,2,4,9,2,insufficient_evidence,sufficient,insufficient_evidence,insufficient_evidence,sufficient,insufficient_evidence
2024-04-02,0.0,0.0,0.0,0.0,0.0,0.0,0.0,1,8,415,2,396,2,4,9,2,insufficient_evidence,sufficient,insufficient_evidence,insufficient_evidence,sufficient,insufficient_evidence
2024-04-03,0.0,0.0,0.0,0.0,0.0,0.0,0.0,1,8,415,2,396,2,4,9,2,insufficient_evidence,sufficient,insufficient_evidence,insufficient_evidence,sufficient,insufficient_evidence
2024-04-07,0.0,0.0,0.0,0.0,0.0,0.0,0.0,1,8,415,2,396,2,4,9,2,insufficient_evidence,sufficient,insufficient_evidence,insufficient_evidence,sufficient,insufficient_evidence
2024-04-08,0.0,0.0,0.0,0.0,0.0,0.0,0.0,2,8,415,2,396,2,4,9,2,insufficient_evidence,sufficient,insufficient_evidence,insufficient_evidence,sufficient,insufficient_evidence
2024-04-09,0.0,0.0,0.0,0.0,0.0,0.0,0.0,1,8,415,2,396,2,4,9,2,insufficient_evidence,sufficient,insufficient_evidence,insufficient_evidence,sufficient,insufficient_evidence
2024-04-10,0.0,0.0,0.0,0.0,0.0,0.0,0.0,1,8,415,2,396,2,4,9,2,insufficient_evidence,sufficient,insufficient_evidence,insufficient_evidence,sufficient,insufficient_evidence
2024-04-11,0.0,0.0,0.0,0.0,0.0,0.0,0.0,1,8,415,2,396,2,4,9,2,insufficient_evidence,sufficient,insufficient_evidence,insufficient_evidence,sufficient,insufficient_evidence
2024-04-12,0.0,0.0,0.0,0.0,0.0,0.0,0.0,1,8,415,2,396,2,4,9,2,insufficient_evidence,sufficient,insufficient_evidence,insufficient_evidence,sufficient,insufficient_evidence
2024-04-15,0.0,-0.5625,0.0,0.0,0.0,0.0,0.0,1,8,417,2,398,2,4,9,2,insufficient_evidence,sufficient,insufficient_evidence,insufficient_evidence,sufficient,insufficient_evidence
2024-04-16,0.0,-0.5625,0.0,0.0,0.0,0.0,0.0,1,8,417,2,398,2,4,9,2,insufficient_evidence,sufficient,insufficient_evidence,insufficient_evidence,sufficient,insufficient_evidence
2024-04-17,0.0,-0.5625,0.0,0.0,0.0,0.0,0.0,1,8,417,2,398,2,4,9,2,insufficient_evidence,sufficient,insufficient_evidence,insufficient_evidence,sufficient,insufficient_evidence
2024-04-18,0.0,-0.5625,0.0,0.0,0.0,0.0,0.0,1,8,417,2,398,2,4,9,2,insufficient_evidence,sufficient,insufficient_evidence,insufficient_evidence,sufficient,insufficient_evidence
2024-04-19,0.0,-0.5625,0.0,0.0,0.0,0.0,0.0,1,8,417,2,398,2,4,9,2,insufficient_evidence,sufficient,insufficient_evidence,insufficient_evidence,sufficient,insufficient_evidence
2024-04-22,0.0,0.0,0.0,0.0,0.0,0.0,0.0,1,8,417,2,398,2,4,9,2,insufficient_evidence,sufficient,insufficient_evidence,insufficient_evidence,sufficient,insufficient_evidence
2024-04-23,0.0,0.0,0.0,0.0,0.0,0.0,0.0,1,8,417,2,398,2,4,9,2,insufficient_evidence,sufficient,insufficient_evidence,insufficient_evidence,sufficient,insufficient_evidence
2024-04-24,0.0,0.0,0.0,0.0,0.0,0.0,0.0,1,8,417,2,398,2,4,9,2,insufficient_evidence,sufficient,insufficient_evidence,insufficient_evidence,sufficient,insufficient_evidence
2024-04-25,0.0,0.0,0.0,0.0,0.0,0.0,0.0,1,8,417,2,398,2,4,9,2,insufficient_evidence,sufficient,insufficient_evidence,insufficient_evidence,sufficient,insufficient_evidence
2024-04-26,0.0,0.0,0.0,0.0,0.0,0.0,0.0,1,8,417,2,398,2,4,9,2,insufficient_evidence,sufficient,insufficient_evidence,insufficient_evidence,sufficient,insufficient_evidence
2024-04-28,0.0,0.0,0.0,0.0,0.0,0.0,0.0,0,8,417,2,398,2,4,9,2,insufficient_evidence,sufficient,insufficient_evidence,insufficient_evidence,sufficient,insufficient_evidence
2024-04-29,0.0,-0.5625,0.0,0.0,0.0,0.0,0.0,1,8,418,2,399,2,4,9,2,insufficient_evidence,sufficient,insufficient_evidence,insufficient_evidence,sufficient,insufficient_evidence
2024-04-30,0.0,-0.5625,0.0,0.0,0.0,0.0,0.0,1,8,418,2,399,2,4,9,2,insufficient_evidence,sufficient,insufficient_evidence,insufficient_evidence,sufficient,insufficient_evidence
2024-05-06,0.0,-0.5625,0.0,0.0,0.0,0.0,0.0,2,8,418,2,399,2,4,9,2,insufficient_evidence,sufficient,insufficient_evidence,insufficient_evidence,sufficient,insufficient_evidence
2024-05-07,0.0,-0.5625,0.0,0.0,0.0,0.0,0.0,2,8,418,2,399,2,4,9,2,insufficient_evidence,sufficient,insufficient_evidence,insufficient_evidence,sufficient,insufficient_evidence
2024-05-08,0.0,-0.5625,0.0,0.0,0.0,0.0,0.0,2,8,418,2,399,2,4,9,2,insufficient_evidence,sufficient,insufficient_evidence,insufficient_evidence,sufficient,insufficient_evidence
2024-05-09,0.0,0.0,0.0,0.0,0.0,0.0,0.0,1,8,418,2,399,2,4,9,2,insufficient_evidence,sufficient,insufficient_evidence,insufficient_evidence,sufficient,insufficient_evidence
2024-05-10,0.0,-0.585,0.0,0.585,0.0,0.0,0.0,2,8,423,3,400,3,5,9,3,insufficient_evidence,sufficient,insufficient_evidence,sufficient,sufficient,insufficient_evidence
2024-05-11,0.0,-0.585,0.0,0.585,0.0,0.0,0.0,1,8,423,3,400,3,5,9,3,insufficient_evidence,sufficient,insufficient_evidence,sufficient,sufficient,insufficient_evidence
2024-05-13,0.0,-0.57,0.0,0.585,0.0,0.0,0.0,2,8,424,3,401,3,5,9,3,insufficient_evidence,sufficient,insufficient_evidence,sufficient,sufficient,insufficient_evidence
2024-05-14,0.0,-0.57,0.0,0.585,0.0,0.0,0.0,2,8,424,3,401,3,5,9,3,insufficient_evidence,sufficient,insufficient_evidence,sufficient,sufficient,insufficient_evidence
2024-05-15,0.0,-0.57,0.0,0.585,0.0,0.0,0.0,2,8,424,3,401,3,5,9,3,insufficient_evidence,sufficient,insufficient_evidence,sufficient,sufficient,insufficient_evidence
2024-05-16,0.0,-0.5625,0.0,0.0,0.0,0.0,0.0,1,8,424,3,401,3,5,9,3,insufficient_evidence,sufficient,insufficient_evidence,sufficient,sufficient,insufficient_evidence
2024-05-17,0.0,-0.5625,0.0,0.0,0.0,0.0,0.0,1,8,424,3,401,3,5,9,3,insufficient_evidence,sufficient,insufficient_evidence,sufficient,sufficient,insufficient_evidence
2024-05-20,0.0,0.0,0.0,0.0,0.0,0.0,0.0,1,8,424,3,401,3,5,9,3,insufficient_evidence,sufficient,insufficient_evidence,sufficient,sufficient,insufficient_evidence
2024-05-21,0.0,0.0,0.0,0.0,0.0,0.0,0.0,1,8,424,3,401,3,5,9,3,insufficient_evidence,sufficient,insufficient_evidence,sufficient,sufficient,insufficient_evidence
2024-05-22,0.0,0.0,0.0,0.0,0.0,0.0,0.0,1,8,424,3,401,3,5,9,3,insufficient_evidence,sufficient,insufficient_evidence,sufficient,sufficient,insufficient_evidence
2024-05-23,0.0,0.0,0.0,0.0,0.0,0.0,0.0,1,8,424,3,401,3,5,9,3,insufficient_evidence,sufficient,insufficient_evidence,sufficient,sufficient,insufficient_evidence
2024-05-24,0.0,0.0,0.0,0.0,0.0,0.0,0.0,1,8,424,3,401,3,5,9,3,insufficient_evidence,sufficient,insufficient_evidence,sufficient,sufficient,insufficient_evidence
2024-05-27,0.0,0.0,0.0,0.0,0.0,0.0,0.0,1,8,424,3,401,3,5,9,3,insufficient_evidence,sufficient,insufficient_evidence,sufficient,sufficient,insufficient_evidence
2024-05-28,0.0,0.0,0.0,0.0,0.0,0.0,0.0,1,8,424,3,401,3,5,9,3,insufficient_evidence,sufficient,insufficient_evidence,sufficient,sufficient,insufficient_evidence
2024-05-29,0.0,0.0,0.0,0.0,0.0,0.0,0.0,1,8,424,3,401,3,5,9,3,insufficient_evidence,sufficient,insufficient_evidence,sufficient,sufficient,insufficient_evidence
2024-05-30,0.0,0.0,0.0,0.0,0.0,0.0,0.0,1,8,424,3,401,3,5,9,3,insufficient_evidence,sufficient,insufficient_evidence,sufficient,sufficient,insufficient_evidence
2024-05-31,0.0,0.0,0.0,0.0,0.0,0.0,0.0,1,8,424,3,401,3,5,9,3,insufficient_evidence,sufficient,insufficient_evidence,sufficient,sufficient,insufficient_evidence
2024-06-03,0.0,0.0,0.0,0.0,0.0,0.0,0.0,1,8,424,3,401,3,5,9,3,insufficient_evidence,sufficient,insufficient_evidence,sufficient,sufficient,insufficient_evidence
2024-06-04,0.0,0.0,0.0,0.0,0.0,0.0,0.0,1,8,424,3,401,3,5,9,3,insufficient_evidence,sufficient,insufficient_evidence,sufficient,sufficient,insufficient_evidence
2024-06-05,0.0,0.0,0.0,0.0,0.0,0.0,0.0,1,8,424,3,401,3,5,9,3,insufficient_evidence,sufficient,insufficient_evidence,sufficient,sufficient,insufficient_evidence
2024-06-06,0.0,0.0,0.0,0.0,0.0,0.0,0.0,1,8,424,3,401,3,5,9,3,insufficient_evidence,sufficient,insufficient_evidence,sufficient,sufficient,insufficient_evidence
2024-06-07,0.0,0.0,0.0,0.0,0.0,0.0,0.0,1,8,424,3,401,3,5,9,3,insufficient_evidence,sufficient,insufficient_evidence,sufficient,sufficient,insufficient_evidence
2024-06-11,0.0,0.0,0.0,0.0,0.0,0.0,0.0,1,8,424,3,401,3,5,9,3,insufficient_evidence,sufficient,insufficient_evidence,sufficient,sufficient,insufficient_evidence
2024-06-12,0.0,0.0,0.0,0.0,0.0,0.0,0.0,1,8,424,3,401,3,5,9,3,insufficient_evidence,sufficient,insufficient_evidence,sufficient,sufficient,insufficient_evidence
2024-06-13,0.0,0.0,0.0,0.0,0.0,0.0,0.0,1,8,424,3,401,3,5,9,3,insufficient_evidence,sufficient,insufficient_evidence,sufficient,sufficient,insufficient_evidence
2024-06-14,0.0,0.0,0.0,0.0,0.0,0.0,0.0,1,8,424,3,401,3,5,9,3,insufficient_evidence,sufficient,insufficient_evidence,sufficient,sufficient,insufficient_evidence
2024-06-17,0.0,-0.5625,0.0,0.0,0.0,0.0,0.0,2,8,426,3,403,3,5,9,3,insufficient_evidence,sufficient,insufficient_evidence,sufficient,sufficient,insufficient_evidence
2024-06-18,0.0,-0.5625,0.0,0.0,0.0,0.0,0.0,1,8,426,3,403,3,5,9,3,insufficient_evidence,sufficient,insufficient_evidence,sufficient,sufficient,insufficient_evidence
2024-06-19,0.0,-0.5625,0.0,0.0,0.0,0.0,0.0,1,8,426,3,403,3,5,9,3,insufficient_evidence,sufficient,insufficient_evidence,sufficient,sufficient,insufficient_evidence
2024-06-20,0.0,-0.5625,0.0,0.0,0.0,0.0,0.0,1,8,426,3,403,3,5,9,3,insufficient_evidence,sufficient,insufficient_evidence,sufficient,sufficient,insufficient_evidence
2024-06-21,0.0,-0.5625,0.0,0.0,0.0,0.0,0.0,1,8,426,3,403,3,5,9,3,insufficient_evidence,sufficient,insufficient_evidence,sufficient,sufficient,insufficient_evidence
2024-06-24,0.0,-0.5625,0.0,0.0,0.0,0.0,0.0,1,8,427,3,404,3,5,9,3,insufficient_evidence,sufficient,insufficient_evidence,sufficient,sufficient,insufficient_evidence
2024-06-25,0.0,-0.5625,0.0,0.0,0.0,0.0,0.0,1,8,427,3,404,3,5,9,3,insufficient_evidence,sufficient,insufficient_evidence,sufficient,sufficient,insufficient_evidence
2024-06-26,0.0,-0.5625,0.0,0.0,0.0,0.0,0.0,1,8,427,3,404,3,5,9,3,insufficient_evidence,sufficient,insufficient_evidence,sufficient,sufficient,insufficient_evidence
2024-06-27,0.0,-0.5625,0.0,0.0,0.0,0.0,0.0,1,8,427,3,404,3,5,9,3,insufficient_evidence,sufficient,insufficient_evidence,sufficient,sufficient,insufficient_evidence
2024-06-28,0.0,-0.5625,0.0,0.0,0.0,0.0,0.0,1,8,427,3,404,3,5,9,3,insufficient_evidence,sufficient,insufficient_evidence,sufficient,sufficient,insufficient_evidence
2024-07-01,0.0,-0.5625,0.0,0.0,0.0,0.0,0.0,1,8,428,3,405,3,5,9,3,insufficient_evidence,sufficient,insufficient_evidence,sufficient,sufficient,insufficient_evidence
2024-07-02,0.0,-0.5625,0.0,0.0,0.0,0.0,0.0,1,8,428,3,405,3,5,9,3,insufficient_evidence,sufficient,insufficient_evidence,sufficient,sufficient,insufficient_evidence
2024-07-03,0.0,-0.5625,0.0,0.0,0.0,0.0,0.0,1,8,428,3,405,3,5,9,3,insufficient_evidence,sufficient,insufficient_evidence,sufficient,sufficient,insufficient_evidence
2024-07-04,0.0,-0.5625,0.0,0.0,0.0,0.0,0.0,1,8,428,3,405,3,5,9,3,insufficient_evidence,sufficient,insufficient_evidence,sufficient,sufficient,insufficient_evidence
2024-07-05,0.0,-0.5625,0.0,0.0,0.0,0.0,0.0,1,8,428,3,405,3,5,9,3,insufficient_evidence,sufficient,insufficient_evidence,sufficient,sufficient,insufficient_evidence
2024-07-08,0.0,0.0,0.0,0.0,0.0,0.0,0.0,1,8,428,3,405,3,5,9,3,insufficient_evidence,sufficient,insufficient_evidence,sufficient,sufficient,insufficient_evidence
2024-07-09,0.0,0.0,0.0,0.0,0.0,0.0,0.0,1,8,428,3,405,3,5,9,3,insufficient_evidence,sufficient,insufficient_evidence,sufficient,sufficient,insufficient_evidence
2024-07-10,0.0,0.0,0.0,0.0,0.0,0.0,0.0,1,8,428,3,405,3,5,9,3,insufficient_evidence,sufficient,insufficient_evidence,sufficient,sufficient,insufficient_evidence
2024-07-11,0.0,0.0,0.0,0.0,0.0,0.0,0.0,1,8,428,3,405,3,5,9,3,insufficient_evidence,sufficient,insufficient_evidence,sufficient,sufficient,insufficient_evidence
2024-07-12,0.0,0.0,0.0,0.0,0.0,0.0,0.0,1,8,428,3,405,3,5,9,3,insufficient_evidence,sufficient,insufficient_evidence,sufficient,sufficient,insufficient_evidence
2024-07-15,0.0,-0.5625,0.0,0.0,0.0,0.0,0.0,1,8,430,3,407,3,5,9,3,insufficient_evidence,sufficient,insufficient_evidence,sufficient,sufficient,insufficient_evidence
2024-07-16,0.0,-0.5625,0.0,0.0,0.0,0.0,0.0,1,8,430,3,407,3,5,9,3,insufficient_evidence,sufficient,insufficient_evidence,sufficient,sufficient,insufficient_evidence
2024-07-17,0.0,-0.5625,0.0,0.0,0.0,0.0,0.0,1,8,430,3,407,3,5,9,3,insufficient_evidence,sufficient,insufficient_evidence,sufficient,sufficient,insufficient_evidence
2024-07-18,0.0,-0.5625,0.0,0.0,0.0,0.0,0.0,1,8,430,3,407,3,5,9,3,insufficient_evidence,sufficient,insufficient_evidence,sufficient,sufficient,insufficient_evidence
2024-07-19,0.0,-0.5625,0.0,0.0,0.0,0.0,0.0,1,8,430,3,407,3,5,9,3,insufficient_evidence,sufficient,insufficient_evidence,sufficient,sufficient,insufficient_evidence
2024-07-22,0.0,-0.585,0.0,0.0,0.0,0.0,0.0,1,8,431,3,408,3,5,9,3,insufficient_evidence,sufficient,insufficient_evidence,sufficient,sufficient,insufficient_evidence
2024-07-23,0.0,-0.585,0.0,0.0,0.0,0.0,0.0,1,8,431,3,408,3,5,9,3,insufficient_evidence,sufficient,insufficient_evidence,sufficient,sufficient,insufficient_evidence
2024-07-24,0.0,-0.585,0.0,0.0,0.0,0.0,0.0,1,8,431,3,408,3,5,9,3,insufficient_evidence,sufficient,insufficient_evidence,sufficient,sufficient,insufficient_evidence
2024-07-25,0.0,-0.585,0.0,0.0,0.0,0.0,0.0,1,8,431,3,408,3,5,9,3,insufficient_evidence,sufficient,insufficient_evidence,sufficient,sufficient,insufficient_evidence
2024-07-26,0.0,-0.585,0.0,0.0,0.0,0.0,0.0,1,8,431,3,408,3,5,9,3,insufficient_evidence,sufficient,insufficient_evidence,sufficient,sufficient,insufficient_evidence
2024-07-29,0.0,-0.5625,0.0,0.0,0.0,0.0,0.0,1,8,432,3,409,3,5,9,3,insufficient_evidence,sufficient,insufficient_evidence,sufficient,sufficient,insufficient_evidence
2024-07-30,0.0,-0.5625,0.0,0.0,0.0,0.0,0.0,1,8,432,3,409,3,5,9,3,insufficient_evidence,sufficient,insufficient_evidence,sufficient,sufficient,insufficient_evidence
2024-07-31,0.0,-0.5625,0.0,0.0,0.0,0.0,0.0,1,8,432,3,409,3,5,9,3,insufficient_evidence,sufficient,insufficient_evidence,sufficient,sufficient,insufficient_evidence
2024-08-01,0.0,-0.5625,0.0,0.0,0.0,0.0,0.0,1,8,432,3,409,3,5,9,3,insufficient_evidence,sufficient,insufficient_evidence,sufficient,sufficient,insufficient_evidence
2024-08-02,0.0,-0.5625,0.0,0.0,0.0,0.0,0.0,1,8,432,3,409,3,5,9,3,insufficient_evidence,sufficient,insufficient_evidence,sufficient,sufficient,insufficient_evidence
2024-08-05,0.0,-0.5625,0.0,0.0,0.0,0.0,0.0,1,8,433,3,410,3,5,9,3,insufficient_evidence,sufficient,insufficient_evidence,sufficient,sufficient,insufficient_evidence
2024-08-06,0.0,-0.5625,0.0,0.0,0.0,0.0,0.0,1,8,433,3,410,3,5,9,3,insufficient_evidence,sufficient,insufficient_evidence,sufficient,sufficient,insufficient_evidence
2024-08-07,0.0,-0.5625,0.0,0.0,0.0,0.0,0.0,1,8,433,3,410,3,5,9,3,insufficient_evidence,sufficient,insufficient_evidence,sufficient,sufficient,insufficient_evidence
2024-08-08,0.0,-0.5625,0.0,0.0,0.0,0.0,0.0,1,8,433,3,410,3,5,9,3,insufficient_evidence,sufficient,insufficient_evidence,sufficient,sufficient,insufficient_evidence
2024-08-09,0.0,-0.5625,0.0,0.0,0.0,0.0,0.0,2,8,436,4,411,4,5,9,3,insufficient_evidence,sufficient,insufficient_evidence,sufficient,sufficient,insufficient_evidence
2024-08-12,0.0,-0.5625,0.0,0.0,0.0,0.0,0.0,2,8,437,4,412,4,5,9,3,insufficient_evidence,sufficient,insufficient_evidence,sufficient,sufficient,insufficient_evidence
2024-08-13,0.0,-0.5625,0.0,0.0,0.0,0.0,0.0,2,8,437,4,412,4,5,9,3,insufficient_evidence,sufficient,insufficient_evidence,sufficient,sufficient,insufficient_evidence
2024-08-14,0.0,-0.5625,0.0,0.0,0.0,0.0,0.0,2,8,437,4,412,4,5,9,3,insufficient_evidence,sufficient,insufficient_evidence,sufficient,sufficient,insufficient_evidence
2024-08-15,0.0,-0.5625,0.0,0.0,0.0,0.0,0.0,2,8,437,4,412,4,5,9,3,insufficient_evidence,sufficient,insufficient_evidence,sufficient,sufficient,insufficient_evidence
2024-08-16,0.0,-0.5625,0.0,0.0,0.0,0.0,0.0,1,8,437,4,412,4,5,9,3,insufficient_evidence,sufficient,insufficient_evidence,sufficient,sufficient,insufficient_evidence
2024-08-19,0.0,-0.5625,0.0,0.0,0.0,0.0,0.0,1,8,438,4,413,4,5,9,3,insufficient_evidence,sufficient,insufficient_evidence,sufficient,sufficient,insufficient_evidence
2024-08-20,0.0,-0.5625,0.0,0.0,0.0,0.0,0.0,1,8,438,4,413,4,5,9,3,insufficient_evidence,sufficient,insufficient_evidence,sufficient,sufficient,insufficient_evidence
2024-08-21,0.0,-0.5625,0.0,0.0,0.0,0.0,0.0,1,8,438,4,413,4,5,9,3,insufficient_evidence,sufficient,insufficient_evidence,sufficient,sufficient,insufficient_evidence
2024-08-22,0.0,-0.5625,0.0,0.0,0.0,0.0,0.0,1,8,438,4,413,4,5,9,3,insufficient_evidence,sufficient,insufficient_evidence,sufficient,sufficient,insufficient_evidence
2024-08-23,0.0,-0.5625,0.0,0.0,0.0,0.0,0.0,1,8,438,4,413,4,5,9,3,insufficient_evidence,sufficient,insufficient_evidence,sufficient,sufficient,insufficient_evidence
2024-08-26,0.0,-0.5625,0.0,0.0,0.0,0.0,0.0,1,8,440,4,415,4,5,9,3,insufficient_evidence,sufficient,insufficient_evidence,sufficient,sufficient,insufficient_evidence
2024-08-27,0.0,-0.5625,0.0,0.0,0.0,0.0,0.0,1,8,440,4,415,4,5,9,3,insufficient_evidence,sufficient,insufficient_evidence,sufficient,sufficient,insufficient_evidence
2024-08-28,0.0,-0.5625,0.0,0.0,0.0,0.0,0.0,1,8,440,4,415,4,5,9,3,insufficient_evidence,sufficient,insufficient_evidence,sufficient,sufficient,insufficient_evidence
2024-08-29,0.0,-0.5625,0.0,0.0,0.0,0.0,0.0,1,8,440,4,415,4,5,9,3,insufficient_evidence,sufficient,insufficient_evidence,sufficient,sufficient,insufficient_evidence
2024-08-30,0.0,-0.5625,0.0,0.0,0.0,0.0,0.0,1,8,440,4,415,4,5,9,3,insufficient_evidence,sufficient,insufficient_evidence,sufficient,sufficient,insufficient_evidence
2024-09-02,0.0,-0.5625,0.0,0.0,0.0,0.0,0.0,1,8,441,4,416,4,5,9,3,insufficient_evidence,sufficient,insufficient_evidence,sufficient,sufficient,insufficient_evidence
2024-09-03,0.0,-0.5625,0.0,0.0,0.0,0.0,0.0,1,8,441,4,416,4,5,9,3,insufficient_evidence,sufficient,insufficient_evidence,sufficient,sufficient,insufficient_evidence
2024-09-04,0.0,-0.5625,0.0,0.0,0.0,0.0,0.0,1,8,441,4,416,4,5,9,3,insufficient_evidence,sufficient,insufficient_evidence,sufficient,sufficient,insufficient_evidence
2024-09-05,0.0,-0.5625,0.0,0.0,0.0,0.0,0.0,1,8,441,4,416,4,5,9,3,insufficient_evidence,sufficient,insufficient_evidence,sufficient,sufficient,insufficient_evidence
2024-09-06,0.0,-0.5625,0.0,0.0,0.0,0.0,0.0,1,8,441,4,416,4,5,9,3,insufficient_evidence,sufficient,insufficient_evidence,sufficient,sufficient,insufficient_evidence
2024-09-09,0.0,-0.5625,0.0,0.0,0.0,0.0,0.0,1,8,442,4,417,4,5,9,3,insufficient_evidence,sufficient,insufficient_evidence,sufficient,sufficient,insufficient_evidence
2024-09-10,0.0,-0.5625,0.0,0.0,0.0,0.0,0.0,1,8,442,4,417,4,5,9,3,insufficient_evidence,sufficient,insufficient_evidence,sufficient,sufficient,insufficient_evidence
2024-09-11,0.0,-0.5625,0.0,0.0,0.0,0.0,0.0,1,8,442,4,417,4,5,9,3,insufficient_evidence,sufficient,insufficient_evidence,sufficient,sufficient,insufficient_evidence
2024-09-12,0.0,-0.5625,0.0,0.0,0.0,0.0,0.0,1,8,442,4,417,4,5,9,3,insufficient_evidence,sufficient,insufficient_evidence,sufficient,sufficient,insufficient_evidence
2024-09-13,0.0,-0.5625,0.0,0.0,0.0,0.0,0.0,1,8,442,4,417,4,5,9,3,insufficient_evidence,sufficient,insufficient_evidence,sufficient,sufficient,insufficient_evidence
2024-09-14,0.0,0.0,0.0,0.0,0.0,0.0,0.0,0,8,442,4,417,4,5,9,3,insufficient_evidence,sufficient,insufficient_evidence,sufficient,sufficient,insufficient_evidence
2024-09-18,0.0,-0.5625,0.0,0.0,0.0,0.0,0.0,1,8,443,4,418,4,5,9,3,insufficient_evidence,sufficient,insufficient_evidence,sufficient,sufficient,insufficient_evidence
2024-09-19,0.0,-0.5625,0.0,0.0,0.0,0.0,0.0,1,8,443,4,418,4,5,9,3,insufficient_evidence,sufficient,insufficient_evidence,sufficient,sufficient,insufficient_evidence
2024-09-20,0.0,-0.5625,0.0,0.0,0.0,0.0,0.0,1,8,443,4,418,4,5,9,3,insufficient_evidence,sufficient,insufficient_evidence,sufficient,sufficient,insufficient_evidence
2024-09-23,0.0,-0.5625,0.0,0.0,0.0,0.0,0.0,2,8,444,4,419,4,5,9,3,insufficient_evidence,sufficient,insufficient_evidence,sufficient,sufficient,insufficient_evidence
2024-09-24,0.0,-0.5625,0.0,0.0,0.0,0.0,0.0,2,8,444,4,419,4,5,9,3,insufficient_evidence,sufficient,insufficient_evidence,sufficient,sufficient,insufficient_evidence
2024-09-25,0.0,-0.5625,0.0,0.0,0.0,0.0,0.0,1,8,444,4,419,4,5,9,3,insufficient_evidence,sufficient,insufficient_evidence,sufficient,sufficient,insufficient_evidence
2024-09-26,0.0,-0.5625,0.0,0.0,0.0,0.0,0.0,1,8,444,4,419,4,5,9,3,insufficient_evidence,sufficient,insufficient_evidence,sufficient,sufficient,insufficient_evidence
2024-09-27,0.0,-0.5625,0.0,0.0,0.0,0.0,0.0,1,8,444,4,419,4,5,9,3,insufficient_evidence,sufficient,insufficient_evidence,sufficient,sufficient,insufficient_evidence
2024-09-29,0.0,0.0,0.0,0.0,0.0,0.0,0.0,0,8,444,4,419,4,5,9,3,insufficient_evidence,sufficient,insufficient_evidence,sufficient,sufficient,insufficient_evidence
2024-09-30,0.0,-0.5625,0.0,0.0,0.0,0.0,0.0,1,8,445,4,420,4,5,9,3,insufficient_evidence,sufficient,insufficient_evidence,sufficient,sufficient,insufficient_evidence
2024-10-08,0.0,-0.5625,0.0,0.0,0.0,0.0,0.0,2,8,446,4,421,4,5,9,3,insufficient_evidence,sufficient,insufficient_evidence,sufficient,sufficient,insufficient_evidence
2024-10-09,0.0,-0.5625,0.0,0.0,0.0,0.0,0.0,2,8,446,4,421,4,5,9,3,insufficient_evidence,sufficient,insufficient_evidence,sufficient,sufficient,insufficient_evidence
2024-10-10,0.0,-0.5625,0.0,0.0,0.0,0.0,0.0,2,8,446,4,421,4,5,9,3,insufficient_evidence,sufficient,insufficient_evidence,sufficient,sufficient,insufficient_evidence
2024-10-11,0.0,-0.5625,0.0,0.0,0.0,0.0,0.0,2,8,446,4,421,4,5,9,3,insufficient_evidence,sufficient,insufficient_evidence,sufficient,sufficient,insufficient_evidence
2024-10-12,0.0,-0.5625,0.0,0.0,0.0,0.0,0.0,1,8,446,4,421,4,5,9,3,insufficient_evidence,sufficient,insufficient_evidence,sufficient,sufficient,insufficient_evidence
2024-10-14,0.0,-0.5625,0.0,0.0,0.0,0.0,0.0,1,8,447,4,422,4,5,9,3,insufficient_evidence,sufficient,insufficient_evidence,sufficient,sufficient,insufficient_evidence
2024-10-15,0.0,-0.5625,0.0,0.0,0.0,0.0,0.0,1,8,447,4,422,4,5,9,3,insufficient_evidence,sufficient,insufficient_evidence,sufficient,sufficient,insufficient_evidence
2024-10-16,0.0,-0.5625,0.0,0.0,0.0,0.0,0.0,1,8,447,4,422,4,5,9,3,insufficient_evidence,sufficient,insufficient_evidence,sufficient,sufficient,insufficient_evidence
2024-10-17,0.0,-0.5625,0.0,0.0,0.0,0.0,0.0,1,8,447,4,422,4,5,9,3,insufficient_evidence,sufficient,insufficient_evidence,sufficient,sufficient,insufficient_evidence
2024-10-18,0.0,-0.5625,0.0,0.0,0.0,0.0,0.0,1,8,447,4,422,4,5,9,3,insufficient_evidence,sufficient,insufficient_evidence,sufficient,sufficient,insufficient_evidence
2024-10-21,0.0,-0.5625,0.0,0.0,0.0,0.0,0.0,1,8,448,4,423,4,5,9,3,insufficient_evidence,sufficient,insufficient_evidence,sufficient,sufficient,insufficient_evidence
2024-10-22,0.0,-0.5625,0.0,0.0,0.0,0.0,0.0,1,8,448,4,423,4,5,9,3,insufficient_evidence,sufficient,insufficient_evidence,sufficient,sufficient,insufficient_evidence
2024-10-23,0.0,-0.5625,0.0,0.0,0.0,0.0,0.0,1,8,448,4,423,4,5,9,3,insufficient_evidence,sufficient,insufficient_evidence,sufficient,sufficient,insufficient_evidence
2024-10-24,0.0,-0.5625,0.0,0.0,0.0,0.0,0.0,1,8,448,4,423,4,5,9,3,insufficient_evidence,sufficient,insufficient_evidence,sufficient,sufficient,insufficient_evidence
2024-10-25,0.0,-0.5625,0.0,0.0,0.0,0.0,0.0,1,8,448,4,423,4,5,9,3,insufficient_evidence,sufficient,insufficient_evidence,sufficient,sufficient,insufficient_evidence
2024-10-28,0.0,-0.5625,0.0,0.0,0.0,0.0,0.0,1,8,449,4,424,4,5,9,3,insufficient_evidence,sufficient,insufficient_evidence,sufficient,sufficient,insufficient_evidence
2024-10-29,0.0,-0.5625,0.0,0.0,0.0,0.0,0.0,1,8,449,4,424,4,5,9,3,insufficient_evidence,sufficient,insufficient_evidence,sufficient,sufficient,insufficient_evidence
2024-10-30,0.0,-0.5625,0.0,0.0,0.0,0.0,0.0,1,8,449,4,424,4,5,9,3,insufficient_evidence,sufficient,insufficient_evidence,sufficient,sufficient,insufficient_evidence
2024-10-31,0.0,-0.5625,0.0,0.0,0.0,0.0,0.0,1,8,449,4,424,4,5,9,3,insufficient_evidence,sufficient,insufficient_evidence,sufficient,sufficient,insufficient_evidence
2024-11-01,0.0,-0.5625,0.0,0.0,0.0,0.0,0.0,1,8,449,4,424,4,5,9,3,insufficient_evidence,sufficient,insufficient_evidence,sufficient,sufficient,insufficient_evidence
2024-11-04,0.0,0.0,0.0,0.0,0.0,0.0,0.0,1,8,450,5,424,4,5,9,3,sufficient,sufficient,insufficient_evidence,sufficient,sufficient,insufficient_evidence
2024-11-05,0.0,0.0,0.0,0.0,0.0,0.0,0.0,1,8,450,5,424,4,5,9,3,sufficient,sufficient,insufficient_evidence,sufficient,sufficient,insufficient_evidence
2024-11-06,0.0,0.0,0.0,0.0,0.0,0.0,0.0,1,8,450,5,424,4,5,9,3,sufficient,sufficient,insufficient_evidence,sufficient,sufficient,insufficient_evidence
2024-11-07,0.0,0.0,0.0,0.0,0.0,0.0,0.0,1,8,450,5,424,4,5,9,3,sufficient,sufficient,insufficient_evidence,sufficient,sufficient,insufficient_evidence
2024-11-08,0.0,-0.5625,0.0,0.0,0.0,0.0,-1.0,2,8,452,5,426,4,5,9,3,sufficient,sufficient,insufficient_evidence,sufficient,sufficient,insufficient_evidence
2024-11-11,0.0,-0.5625,0.0,0.0,0.0,0.0,-1.0,2,8,453,5,427,4,5,9,3,sufficient,sufficient,insufficient_evidence,sufficient,sufficient,insufficient_evidence
2024-11-12,0.0,-0.5625,0.0,0.0,0.0,0.0,-1.0,2,8,453,5,427,4,5,9,3,sufficient,sufficient,insufficient_evidence,sufficient,sufficient,insufficient_evidence
2024-11-13,0.0,-0.5625,0.0,0.0,0.0,0.0,-1.0,2,8,453,5,427,4,5,9,3,sufficient,sufficient,insufficient_evidence,sufficient,sufficient,insufficient_evidence
2024-11-14,0.0,-0.5625,0.0,0.0,0.0,0.0,-1.0,2,8,453,5,427,4,5,9,3,sufficient,sufficient,insufficient_evidence,sufficient,sufficient,insufficient_evidence
2024-11-15,0.0,-0.5625,0.0,0.0,0.0,0.0,0.0,1,8,453,5,427,4,5,9,3,sufficient,sufficient,insufficient_evidence,sufficient,sufficient,insufficient_evidence
2024-11-18,0.0,-0.5625,0.0,0.0,0.0,0.0,0.0,1,8,454,5,428,4,5,9,3,sufficient,sufficient,insufficient_evidence,sufficient,sufficient,insufficient_evidence
2024-11-19,0.0,-0.5625,0.0,0.0,0.0,0.0,0.0,1,8,454,5,428,4,5,9,3,sufficient,sufficient,insufficient_evidence,sufficient,sufficient,insufficient_evidence
2024-11-20,0.0,-0.5625,0.0,0.0,0.0,0.0,0.0,1,8,454,5,428,4,5,9,3,sufficient,sufficient,insufficient_evidence,sufficient,sufficient,insufficient_evidence
2024-11-21,0.0,-0.5625,0.0,0.0,0.0,0.0,0.0,1,8,454,5,428,4,5,9,3,sufficient,sufficient,insufficient_evidence,sufficient,sufficient,insufficient_evidence
2024-11-22,0.0,-0.5625,0.0,0.0,0.0,0.0,0.0,1,8,454,5,428,4,5,9,3,sufficient,sufficient,insufficient_evidence,sufficient,sufficient,insufficient_evidence
2024-11-25,0.0,-0.5625,0.0,0.0,0.0,0.0,0.0,1,8,455,5,429,4,5,9,3,sufficient,sufficient,insufficient_evidence,sufficient,sufficient,insufficient_evidence
2024-11-26,0.0,-0.5625,0.0,0.0,0.0,0.0,0.0,1,8,455,5,429,4,5,9,3,sufficient,sufficient,insufficient_evidence,sufficient,sufficient,insufficient_evidence
2024-11-27,0.0,-0.5625,0.0,0.0,0.0,0.0,0.0,1,8,455,5,429,4,5,9,3,sufficient,sufficient,insufficient_evidence,sufficient,sufficient,insufficient_evidence
2024-11-28,0.0,-0.5625,0.0,0.0,0.0,0.0,0.0,1,8,455,5,429,4,5,9,3,sufficient,sufficient,insufficient_evidence,sufficient,sufficient,insufficient_evidence
2024-11-29,0.0,-0.5625,0.0,0.0,0.0,0.0,0.0,1,8,455,5,429,4,5,9,3,sufficient,sufficient,insufficient_evidence,sufficient,sufficient,insufficient_evidence
2024-12-02,0.0,-0.5625,0.0,0.0,0.0,0.0,0.0,1,8,456,5,430,4,5,9,3,sufficient,sufficient,insufficient_evidence,sufficient,sufficient,insufficient_evidence
2024-12-03,0.0,-0.5625,0.0,0.0,0.0,0.0,0.0,1,8,456,5,430,4,5,9,3,sufficient,sufficient,insufficient_evidence,sufficient,sufficient,insufficient_evidence
2024-12-04,0.0,-0.5625,0.0,0.0,0.0,0.0,0.0,1,8,456,5,430,4,5,9,3,sufficient,sufficient,insufficient_evidence,sufficient,sufficient,insufficient_evidence
2024-12-05,0.0,-0.5625,0.0,0.0,0.0,0.0,0.0,1,8,456,5,430,4,5,9,3,sufficient,sufficient,insufficient_evidence,sufficient,sufficient,insufficient_evidence
2024-12-06,0.0,-0.5625,0.0,0.0,0.0,0.0,0.0,1,8,456,5,430,4,5,9,3,sufficient,sufficient,insufficient_evidence,sufficient,sufficient,insufficient_evidence
2024-12-09,0.0,-0.5625,0.0,0.0,0.0,0.0,0.0,1,8,457,5,431,4,5,9,3,sufficient,sufficient,insufficient_evidence,sufficient,sufficient,insufficient_evidence
2024-12-10,0.0,-0.5625,0.0,0.0,0.0,0.0,0.0,1,8,457,5,431,4,5,9,3,sufficient,sufficient,insufficient_evidence,sufficient,sufficient,insufficient_evidence
2024-12-11,0.0,-0.5625,0.0,0.0,0.0,0.0,0.0,1,8,457,5,431,4,5,9,3,sufficient,sufficient,insufficient_evidence,sufficient,sufficient,insufficient_evidence
2024-12-12,0.0,-0.5625,0.0,0.0,0.0,0.0,0.0,1,8,457,5,431,4,5,9,3,sufficient,sufficient,insufficient_evidence,sufficient,sufficient,insufficient_evidence
2024-12-13,0.0,-0.5625,0.0,0.0,0.0,0.0,0.0,1,8,457,5,431,4,5,9,3,sufficient,sufficient,insufficient_evidence,sufficient,sufficient,insufficient_evidence
2024-12-16,0.0,-0.5625,0.0,0.0,0.0,0.0,0.0,1,8,458,5,432,4,5,9,3,sufficient,sufficient,insufficient_evidence,sufficient,sufficient,insufficient_evidence
2024-12-17,0.0,-0.5625,0.0,0.0,0.0,0.0,0.0,1,8,458,5,432,4,5,9,3,sufficient,sufficient,insufficient_evidence,sufficient,sufficient,insufficient_evidence
2024-12-18,0.0,-0.5625,0.0,0.0,0.0,0.0,0.0,1,8,458,5,432,4,5,9,3,sufficient,sufficient,insufficient_evidence,sufficient,sufficient,insufficient_evidence
2024-12-19,0.0,-0.5625,0.0,0.0,0.0,0.0,0.0,1,8,458,5,432,4,5,9,3,sufficient,sufficient,insufficient_evidence,sufficient,sufficient,insufficient_evidence
2024-12-20,0.0,-0.5625,0.0,0.0,0.0,0.0,0.0,1,8,458,5,432,4,5,9,3,sufficient,sufficient,insufficient_evidence,sufficient,sufficient,insufficient_evidence
2024-12-23,0.0,-0.5625,0.0,0.0,0.0,0.0,0.0,1,8,459,5,433,4,5,9,3,sufficient,sufficient,insufficient_evidence,sufficient,sufficient,insufficient_evidence
2024-12-24,0.0,-0.5625,0.0,0.0,0.0,0.0,0.0,1,8,459,5,433,4,5,9,3,sufficient,sufficient,insufficient_evidence,sufficient,sufficient,insufficient_evidence
2024-12-25,0.0,-0.5625,0.0,0.0,0.0,0.0,0.0,1,8,459,5,433,4,5,9,3,sufficient,sufficient,insufficient_evidence,sufficient,sufficient,insufficient_evidence
2024-12-26,0.0,-0.5625,0.0,0.0,0.0,0.0,0.0,1,8,459,5,433,4,5,9,3,sufficient,sufficient,insufficient_evidence,sufficient,sufficient,insufficient_evidence
2024-12-27,0.0,-0.5625,0.0,0.0,0.0,0.0,0.0,1,8,459,5,433,4,5,9,3,sufficient,sufficient,insufficient_evidence,sufficient,sufficient,insufficient_evidence
2024-12-30,0.0,-0.5625,0.0,0.0,0.0,0.0,0.0,1,8,460,5,434,4,5,9,3,sufficient,sufficient,insufficient_evidence,sufficient,sufficient,insufficient_evidence
2024-12-31,0.0,-0.5625,0.0,0.0,0.0,0.0,0.0,1,8,460,5,434,4,5,9,3,sufficient,sufficient,insufficient_evidence,sufficient,sufficient,insufficient_evidence
2025-01-02,0.0,-0.5625,0.0,0.0,0.0,0.0,0.0,1,8,460,5,434,4,5,9,3,sufficient,sufficient,insufficient_evidence,sufficient,sufficient,insufficient_evidence
2025-01-03,0.0,-0.5625,0.0,0.0,0.0,0.0,0.0,1,8,460,5,434,4,5,9,3,sufficient,sufficient,insufficient_evidence,sufficient,sufficient,insufficient_evidence
2025-01-06,0.0,-0.5625,0.0,0.0,0.0,0.0,0.0,2,8,461,5,435,4,5,9,3,sufficient,sufficient,insufficient_evidence,sufficient,sufficient,insufficient_evidence
2025-01-07,0.0,-0.5625,0.0,0.0,0.0,0.0,0.0,1,8,461,5,435,4,5,9,3,sufficient,sufficient,insufficient_evidence,sufficient,sufficient,insufficient_evidence
2025-01-08,0.0,-0.5625,0.0,0.0,0.0,0.0,0.0,1,8,461,5,435,4,5,9,3,sufficient,sufficient,insufficient_evidence,sufficient,sufficient,insufficient_evidence
2025-01-09,0.0,-0.5625,0.0,0.0,0.0,0.0,0.0,1,8,461,5,435,4,5,9,3,sufficient,sufficient,insufficient_evidence,sufficient,sufficient,insufficient_evidence
2025-01-10,0.0,-0.5625,0.0,0.0,0.0,0.0,0.0,1,8,461,5,435,4,5,9,3,sufficient,sufficient,insufficient_evidence,sufficient,sufficient,insufficient_evidence
2025-01-13,0.0,-0.5625,0.0,0.0,0.0,0.0,0.0,1,8,462,5,436,4,5,9,3,sufficient,sufficient,insufficient_evidence,sufficient,sufficient,insufficient_evidence
2025-01-14,0.0,-0.5625,0.0,0.0,0.0,0.0,0.0,1,8,462,5,436,4,5,9,3,sufficient,sufficient,insufficient_evidence,sufficient,sufficient,insufficient_evidence
2025-01-15,0.0,-0.5625,0.0,0.0,0.0,0.0,0.0,1,8,462,5,436,4,5,9,3,sufficient,sufficient,insufficient_evidence,sufficient,sufficient,insufficient_evidence
2025-01-16,0.0,-0.5625,0.0,0.0,0.0,0.0,0.0,1,8,462,5,436,4,5,9,3,sufficient,sufficient,insufficient_evidence,sufficient,sufficient,insufficient_evidence
2025-01-17,0.0,-0.5625,0.0,0.0,0.0,0.0,0.0,1,8,462,5,436,4,5,9,3,sufficient,sufficient,insufficient_evidence,sufficient,sufficient,insufficient_evidence
2025-01-20,0.0,-0.5625,0.0,0.0,0.0,0.0,0.0,1,8,463,5,437,4,5,9,3,sufficient,sufficient,insufficient_evidence,sufficient,sufficient,insufficient_evidence
2025-01-21,0.0,-0.5625,0.0,0.0,0.0,0.0,0.0,1,8,463,5,437,4,5,9,3,sufficient,sufficient,insufficient_evidence,sufficient,sufficient,insufficient_evidence
2025-01-22,0.0,-0.5625,0.0,0.0,0.0,0.0,0.0,1,8,463,5,437,4,5,9,3,sufficient,sufficient,insufficient_evidence,sufficient,sufficient,insufficient_evidence
2025-01-23,0.0,-0.5625,0.0,0.0,0.0,0.0,0.0,1,8,463,5,437,4,5,9,3,sufficient,sufficient,insufficient_evidence,sufficient,sufficient,insufficient_evidence
2025-01-24,0.0,-0.5625,0.0,0.0,0.0,0.0,0.0,1,8,463,5,437,4,5,9,3,sufficient,sufficient,insufficient_evidence,sufficient,sufficient,insufficient_evidence
2025-01-26,0.0,0.0,0.0,0.0,0.0,0.0,0.0,0,8,463,5,437,4,5,9,3,sufficient,sufficient,insufficient_evidence,sufficient,sufficient,insufficient_evidence
2025-01-27,0.0,-0.5625,0.0,0.0,0.0,0.0,0.0,1,8,464,5,438,4,5,9,3,sufficient,sufficient,insufficient_evidence,sufficient,sufficient,insufficient_evidence
2025-02-05,0.0,-0.5625,0.0,0.0,0.0,0.0,0.0,2,8,465,5,439,4,5,9,3,sufficient,sufficient,insufficient_evidence,sufficient,sufficient,insufficient_evidence
2025-02-06,0.0,-0.5625,0.0,0.0,0.0,0.0,0.0,2,8,465,5,439,4,5,9,3,sufficient,sufficient,insufficient_evidence,sufficient,sufficient,insufficient_evidence
2025-02-07,0.0,-0.5625,0.0,0.0,0.0,0.0,0.0,2,8,465,5,439,4,5,9,3,sufficient,sufficient,insufficient_evidence,sufficient,sufficient,insufficient_evidence
2025-02-08,0.0,-0.5625,0.0,0.0,0.0,0.0,0.0,2,8,465,5,439,4,5,9,3,sufficient,sufficient,insufficient_evidence,sufficient,sufficient,insufficient_evidence
2025-02-10,0.0,-0.5625,0.0,0.0,0.0,0.0,0.0,2,8,466,5,440,4,5,9,3,sufficient,sufficient,insufficient_evidence,sufficient,sufficient,insufficient_evidence
2025-02-11,0.0,-0.5625,0.0,0.0,0.0,0.0,0.0,1,8,466,5,440,4,5,9,3,sufficient,sufficient,insufficient_evidence,sufficient,sufficient,insufficient_evidence
2025-02-12,0.0,-0.5625,0.0,0.0,0.0,0.0,0.0,1,8,466,5,440,4,5,9,3,sufficient,sufficient,insufficient_evidence,sufficient,sufficient,insufficient_evidence
2025-02-13,0.0,-0.5625,0.0,0.0,0.0,0.0,-1.0,2,8,468,5,442,4,5,9,3,sufficient,sufficient,insufficient_evidence,sufficient,sufficient,insufficient_evidence
2025-02-14,0.0,-0.5625,0.0,0.0,0.0,0.0,-1.0,2,8,468,5,442,4,5,9,3,sufficient,sufficient,insufficient_evidence,sufficient,sufficient,insufficient_evidence
2025-02-17,0.0,-0.5625,0.0,0.0,0.0,0.0,-1.0,2,8,469,5,443,4,5,9,3,sufficient,sufficient,insufficient_evidence,sufficient,sufficient,insufficient_evidence
2025-02-18,0.0,-0.5625,0.0,0.0,0.0,0.0,-1.0,2,8,469,5,443,4,5,9,3,sufficient,sufficient,insufficient_evidence,sufficient,sufficient,insufficient_evidence
2025-02-19,0.0,-0.5625,0.0,0.0,0.0,0.0,-1.0,2,8,469,5,443,4,5,9,3,sufficient,sufficient,insufficient_evidence,sufficient,sufficient,insufficient_evidence
2025-02-20,0.0,-0.5625,0.0,0.0,0.0,0.0,0.0,1,8,469,5,443,4,5,9,3,sufficient,sufficient,insufficient_evidence,sufficient,sufficient,insufficient_evidence
2025-02-21,0.0,-0.5625,0.0,0.0,0.0,0.0,0.0,1,8,469,5,443,4,5,9,3,sufficient,sufficient,insufficient_evidence,sufficient,sufficient,insufficient_evidence
2025-02-24,0.0,-0.5625,0.0,0.0,0.0,0.0,0.0,1,8,470,5,444,4,5,9,3,sufficient,sufficient,insufficient_evidence,sufficient,sufficient,insufficient_evidence
2025-02-25,0.0,-0.5625,0.0,0.0,0.0,0.0,0.0,1,8,470,5,444,4,5,9,3,sufficient,sufficient,insufficient_evidence,sufficient,sufficient,insufficient_evidence
2025-02-26,0.0,-0.5625,0.0,0.0,0.0,0.0,0.0,1,8,470,5,444,4,5,9,3,sufficient,sufficient,insufficient_evidence,sufficient,sufficient,insufficient_evidence
2025-02-27,0.0,-0.5625,0.0,0.0,0.0,0.0,0.0,1,8,470,5,444,4,5,9,3,sufficient,sufficient,insufficient_evidence,sufficient,sufficient,insufficient_evidence
2025-02-28,0.0,-0.5625,0.0,0.0,0.0,0.0,0.0,1,8,470,5,444,4,5,9,3,sufficient,sufficient,insufficient_evidence,sufficient,sufficient,insufficient_evidence
2025-03-03,0.0,-0.585,0.0,0.0,0.0,0.0,0.0,1,8,471,5,445,4,5,9,3,sufficient,sufficient,insufficient_evidence,sufficient,sufficient,insufficient_evidence
2025-03-04,0.0,-0.585,0.0,0.0,0.0,0.0,0.0,1,8,471,5,445,4,5,9,3,sufficient,sufficient,insufficient_evidence,sufficient,sufficient,insufficient_evidence
2025-03-05,0.0,-0.585,0.0,0.0,0.0,0.0,0.0,1,8,471,5,445,4,5,9,3,sufficient,sufficient,insufficient_evidence,sufficient,sufficient,insufficient_evidence
2025-03-06,0.0,-0.585,0.0,0.0,0.0,0.0,0.0,1,8,471,5,445,4,5,9,3,sufficient,sufficient,insufficient_evidence,sufficient,sufficient,insufficient_evidence
2025-03-07,0.0,-0.585,0.0,0.0,0.0,0.0,0.0,1,8,471,5,445,4,5,9,3,sufficient,sufficient,insufficient_evidence,sufficient,sufficient,insufficient_evidence
2025-03-10,0.0,-0.5625,0.0,0.0,0.0,0.0,0.0,1,8,472,5,446,4,5,9,3,sufficient,sufficient,insufficient_evidence,sufficient,sufficient,insufficient_evidence
2025-03-11,0.0,-0.5625,0.0,0.0,0.0,0.0,0.0,1,8,472,5,446,4,5,9,3,sufficient,sufficient,insufficient_evidence,sufficient,sufficient,insufficient_evidence
2025-03-12,0.0,-0.5625,0.0,0.0,0.0,0.0,0.0,1,8,472,5,446,4,5,9,3,sufficient,sufficient,insufficient_evidence,sufficient,sufficient,insufficient_evidence
2025-03-13,0.0,-0.5625,0.0,0.0,0.0,0.0,0.0,1,8,472,5,446,4,5,9,3,sufficient,sufficient,insufficient_evidence,sufficient,sufficient,insufficient_evidence
2025-03-14,0.0,-0.5625,0.0,0.0,0.0,0.0,0.0,1,8,472,5,446,4,5,9,3,sufficient,sufficient,insufficient_evidence,sufficient,sufficient,insufficient_evidence
2025-03-17,0.0,-0.5625,0.0,0.0,0.0,0.0,0.0,1,8,473,5,447,4,5,9,3,sufficient,sufficient,insufficient_evidence,sufficient,sufficient,insufficient_evidence
2025-03-18,0.0,-0.5625,0.0,0.0,0.0,0.0,0.0,1,8,473,5,447,4,5,9,3,sufficient,sufficient,insufficient_evidence,sufficient,sufficient,insufficient_evidence
2025-03-19,0.0,-0.5625,0.0,0.0,0.0,0.0,0.0,1,8,473,5,447,4,5,9,3,sufficient,sufficient,insufficient_evidence,sufficient,sufficient,insufficient_evidence
2025-03-20,0.0,-0.5625,0.0,0.0,0.0,0.0,0.0,1,8,473,5,447,4,5,9,3,sufficient,sufficient,insufficient_evidence,sufficient,sufficient,insufficient_evidence
2025-03-21,0.0,-0.5625,0.0,0.0,0.0,0.0,0.0,1,8,473,5,447,4,5,9,3,sufficient,sufficient,insufficient_evidence,sufficient,sufficient,insufficient_evidence
2025-03-24,0.0,-0.5625,0.0,0.0,0.0,0.0,0.0,1,8,474,5,448,4,5,9,3,sufficient,sufficient,insufficient_evidence,sufficient,sufficient,insufficient_evidence
2025-03-25,0.0,-0.5625,0.0,0.0,0.0,0.0,0.0,1,8,474,5,448,4,5,9,3,sufficient,sufficient,insufficient_evidence,sufficient,sufficient,insufficient_evidence
2025-03-26,0.0,-0.5625,0.0,0.0,0.0,0.0,0.0,1,8,474,5,448,4,5,9,3,sufficient,sufficient,insufficient_evidence,sufficient,sufficient,insufficient_evidence
2025-03-27,0.0,-0.5625,0.0,0.0,0.0,0.0,0.0,1,8,474,5,448,4,5,9,3,sufficient,sufficient,insufficient_evidence,sufficient,sufficient,insufficient_evidence
2025-03-28,0.0,-0.5625,0.0,0.0,0.0,0.0,0.0,1,8,474,5,448,4,5,9,3,sufficient,sufficient,insufficient_evidence,sufficient,sufficient,insufficient_evidence
2025-03-31,0.0,0.0,0.0,0.0,0.0,0.0,0.0,1,8,475,5,449,4,5,9,3,sufficient,sufficient,insufficient_evidence,sufficient,sufficient,insufficient_evidence
2025-04-01,0.0,0.0,0.0,0.0,0.0,0.0,0.0,1,8,475,5,449,4,5,9,3,sufficient,sufficient,insufficient_evidence,sufficient,sufficient,insufficient_evidence
2025-04-02,0.0,0.0,0.0,0.0,0.0,0.0,0.0,1,8,475,5,449,4,5,9,3,sufficient,sufficient,insufficient_evidence,sufficient,sufficient,insufficient_evidence
2025-04-03,0.0,0.0,0.0,0.0,0.0,0.0,0.0,1,8,475,5,449,4,5,9,3,sufficient,sufficient,insufficient_evidence,sufficient,sufficient,insufficient_evidence
2025-04-07,0.0,-0.5625,0.0,0.0,0.0,0.0,0.0,2,8,476,5,450,4,5,9,3,sufficient,sufficient,insufficient_evidence,sufficient,sufficient,insufficient_evidence
2025-04-08,0.0,-0.5625,0.0,0.0,0.0,0.0,0.0,1,8,476,5,450,4,5,9,3,sufficient,sufficient,insufficient_evidence,sufficient,sufficient,insufficient_evidence
2025-04-09,0.0,-0.5625,0.0,0.0,0.0,0.0,0.0,1,8,476,5,450,4,5,9,3,sufficient,sufficient,insufficient_evidence,sufficient,sufficient,insufficient_evidence
2025-04-10,0.0,-0.5625,0.0,0.0,0.0,0.0,0.0,1,8,476,5,450,4,5,9,3,sufficient,sufficient,insufficient_evidence,sufficient,sufficient,insufficient_evidence
2025-04-11,0.0,-0.5625,0.0,0.0,0.0,0.0,0.0,1,8,476,5,450,4,5,9,3,sufficient,sufficient,insufficient_evidence,sufficient,sufficient,insufficient_evidence
2025-04-14,0.0,-0.5625,0.0,0.0,0.0,0.0,0.0,1,8,477,5,451,4,5,9,3,sufficient,sufficient,insufficient_evidence,sufficient,sufficient,insufficient_evidence
2025-04-15,0.0,-0.5625,0.0,0.0,0.0,0.0,0.0,1,8,477,5,451,4,5,9,3,sufficient,sufficient,insufficient_evidence,sufficient,sufficient,insufficient_evidence
2025-04-16,0.0,-0.5625,0.0,0.0,0.0,0.0,0.0,1,8,477,5,451,4,5,9,3,sufficient,sufficient,insufficient_evidence,sufficient,sufficient,insufficient_evidence
2025-04-17,0.0,-0.5625,0.0,0.0,0.0,0.0,0.0,1,8,477,5,451,4,5,9,3,sufficient,sufficient,insufficient_evidence,sufficient,sufficient,insufficient_evidence
2025-04-18,0.0,-0.5625,0.0,0.0,0.0,0.0,0.0,1,8,477,5,451,4,5,9,3,sufficient,sufficient,insufficient_evidence,sufficient,sufficient,insufficient_evidence
2025-04-21,0.0,-0.5625,0.0,0.0,0.0,0.0,0.0,1,8,478,5,452,4,5,9,3,sufficient,sufficient,insufficient_evidence,sufficient,sufficient,insufficient_evidence
2025-04-22,0.0,-0.5625,0.0,0.0,0.0,0.0,0.0,1,8,478,5,452,4,5,9,3,sufficient,sufficient,insufficient_evidence,sufficient,sufficient,insufficient_evidence
2025-04-23,0.0,-0.5625,0.0,0.0,0.0,0.0,0.0,1,8,478,5,452,4,5,9,3,sufficient,sufficient,insufficient_evidence,sufficient,sufficient,insufficient_evidence
2025-04-24,0.0,-0.5625,0.0,0.0,0.0,0.0,0.0,1,8,478,5,452,4,5,9,3,sufficient,sufficient,insufficient_evidence,sufficient,sufficient,insufficient_evidence
2025-04-25,0.0,-0.5625,0.0,0.0,0.0,0.0,0.0,1,8,478,5,452,4,5,9,3,sufficient,sufficient,insufficient_evidence,sufficient,sufficient,insufficient_evidence
2025-04-27,0.0,0.0,0.0,0.0,0.0,0.0,0.0,0,8,478,5,452,4,5,9,3,sufficient,sufficient,insufficient_evidence,sufficient,sufficient,insufficient_evidence
2025-04-28,0.0,-0.5625,0.0,0.0,0.0,0.0,0.0,1,8,479,5,453,4,5,9,3,sufficient,sufficient,insufficient_evidence,sufficient,sufficient,insufficient_evidence
2025-04-29,0.0,-0.5625,0.0,0.0,0.0,0.0,0.0,1,8,479,5,453,4,5,9,3,sufficient,sufficient,insufficient_evidence,sufficient,sufficient,insufficient_evidence
2025-04-30,0.0,-0.5625,0.0,0.0,0.0,0.0,0.0,1,8,479,5,453,4,5,9,3,sufficient,sufficient,insufficient_evidence,sufficient,sufficient,insufficient_evidence
2025-05-06,0.0,-0.5625,0.0,0.0,0.0,0.0,0.0,2,8,480,5,454,4,5,9,3,sufficient,sufficient,insufficient_evidence,sufficient,sufficient,insufficient_evidence
2025-05-07,0.0,-0.5625,0.0,0.0,0.0,0.0,0.0,2,8,480,5,454,4,5,9,3,sufficient,sufficient,insufficient_evidence,sufficient,sufficient,insufficient_evidence
2025-05-08,0.0,-0.5625,0.0,0.0,0.0,0.0,0.0,1,8,480,5,454,4,5,9,3,sufficient,sufficient,insufficient_evidence,sufficient,sufficient,insufficient_evidence
2025-05-09,-0.4875,-0.5625,0.0,0.0,0.0,0.0,-1.0,2,8,482,6,455,4,5,9,3,sufficient,sufficient,insufficient_evidence,sufficient,sufficient,insufficient_evidence
2025-05-12,-0.4875,-0.5625,0.0,0.0,0.0,0.0,-1.0,3,8,483,6,456,4,5,9,3,sufficient,sufficient,insufficient_evidence,sufficient,sufficient,insufficient_evidence
2025-05-13,-0.4875,-0.5625,0.0,0.0,0.0,0.0,-1.0,2,8,483,6,456,4,5,9,3,sufficient,sufficient,insufficient_evidence,sufficient,sufficient,insufficient_evidence
2025-05-14,-0.4875,-0.5625,0.0,0.0,0.0,0.0,-1.0,2,8,483,6,456,4,5,9,3,sufficient,sufficient,insufficient_evidence,sufficient,sufficient,insufficient_evidence
2025-05-15,-0.4875,-0.5625,0.0,0.0,0.0,0.0,-1.0,2,8,483,6,456,4,5,9,3,sufficient,sufficient,insufficient_evidence,sufficient,sufficient,insufficient_evidence
2025-05-16,0.0,0.0,0.0,0.0,0.0,0.0,0.0,1,8,483,6,456,4,5,9,3,sufficient,sufficient,insufficient_evidence,sufficient,sufficient,insufficient_evidence
2025-05-19,0.0,-0.5625,0.0,0.0,0.0,0.0,0.0,1,8,484,6,457,4,5,9,3,sufficient,sufficient,insufficient_evidence,sufficient,sufficient,insufficient_evidence
2025-05-20,0.0,-0.5625,0.0,0.0,0.0,0.0,0.0,1,8,484,6,457,4,5,9,3,sufficient,sufficient,insufficient_evidence,sufficient,sufficient,insufficient_evidence
2025-05-21,0.0,-0.5625,0.0,0.0,0.0,0.0,0.0,1,8,484,6,457,4,5,9,3,sufficient,sufficient,insufficient_evidence,sufficient,sufficient,insufficient_evidence
2025-05-22,0.0,-0.5625,0.0,0.0,0.0,0.0,0.0,1,8,484,6,457,4,5,9,3,sufficient,sufficient,insufficient_evidence,sufficient,sufficient,insufficient_evidence
2025-05-23,0.0,-0.5625,0.0,0.0,0.0,0.0,0.0,1,8,484,6,457,4,5,9,3,sufficient,sufficient,insufficient_evidence,sufficient,sufficient,insufficient_evidence
2025-05-26,0.0,-0.5625,0.0,0.0,0.0,0.0,0.0,1,8,485,6,458,4,5,9,3,sufficient,sufficient,insufficient_evidence,sufficient,sufficient,insufficient_evidence
2025-05-27,0.0,-0.5625,0.0,0.0,0.0,0.0,0.0,1,8,485,6,458,4,5,9,3,sufficient,sufficient,insufficient_evidence,sufficient,sufficient,insufficient_evidence
2025-05-28,0.0,-0.5625,0.0,0.0,0.0,0.0,0.0,1,8,485,6,458,4,5,9,3,sufficient,sufficient,insufficient_evidence,sufficient,sufficient,insufficient_evidence
2025-05-29,0.0,-0.5625,0.0,0.0,0.0,0.0,0.0,1,8,485,6,458,4,5,9,3,sufficient,sufficient,insufficient_evidence,sufficient,sufficient,insufficient_evidence
2025-05-30,0.0,-0.5625,0.0,0.0,0.0,0.0,0.0,1,8,485,6,458,4,5,9,3,sufficient,sufficient,insufficient_evidence,sufficient,sufficient,insufficient_evidence
2025-06-03,0.0,-0.5625,0.0,0.0,0.0,0.0,0.0,1,8,486,6,459,4,5,9,3,sufficient,sufficient,insufficient_evidence,sufficient,sufficient,insufficient_evidence
2025-06-04,0.0,-0.5625,0.0,0.0,0.0,0.0,0.0,1,8,486,6,459,4,5,9,3,sufficient,sufficient,insufficient_evidence,sufficient,sufficient,insufficient_evidence
2025-06-05,0.0,-0.5625,0.0,0.0,0.0,0.0,0.0,1,8,486,6,459,4,5,9,3,sufficient,sufficient,insufficient_evidence,sufficient,sufficient,insufficient_evidence
2025-06-06,0.0,-0.5625,0.0,0.0,0.0,0.0,0.0,1,8,486,6,459,4,5,9,3,sufficient,sufficient,insufficient_evidence,sufficient,sufficient,insufficient_evidence
2025-06-09,0.0,-0.5625,0.0,0.0,0.0,0.0,0.0,2,8,487,6,460,4,5,9,3,sufficient,sufficient,insufficient_evidence,sufficient,sufficient,insufficient_evidence
2025-06-10,0.0,-0.5625,0.0,0.0,0.0,0.0,0.0,1,8,487,6,460,4,5,9,3,sufficient,sufficient,insufficient_evidence,sufficient,sufficient,insufficient_evidence
2025-06-11,0.0,-0.5625,0.0,0.0,0.0,0.0,0.0,1,8,487,6,460,4,5,9,3,sufficient,sufficient,insufficient_evidence,sufficient,sufficient,insufficient_evidence
2025-06-12,0.0,-0.5625,0.0,0.0,0.0,0.0,0.0,1,8,487,6,460,4,5,9,3,sufficient,sufficient,insufficient_evidence,sufficient,sufficient,insufficient_evidence
2025-06-13,0.0,-0.5625,0.0,0.0,0.0,0.0,0.0,1,8,487,6,460,4,5,9,3,sufficient,sufficient,insufficient_evidence,sufficient,sufficient,insufficient_evidence
2025-06-16,0.0,0.0,0.0,0.0,0.0,0.0,0.0,1,8,488,6,461,4,5,9,3,sufficient,sufficient,insufficient_evidence,sufficient,sufficient,insufficient_evidence
2025-06-17,0.0,0.0,0.0,0.0,0.0,0.0,0.0,1,8,488,6,461,4,5,9,3,sufficient,sufficient,insufficient_evidence,sufficient,sufficient,insufficient_evidence
2025-06-18,0.0,0.0,0.0,0.0,0.0,0.0,0.0,1,8,488,6,461,4,5,9,3,sufficient,sufficient,insufficient_evidence,sufficient,sufficient,insufficient_evidence
2025-06-19,0.0,0.0,0.0,0.0,0.0,0.0,0.0,1,8,488,6,461,4,5,9,3,sufficient,sufficient,insufficient_evidence,sufficient,sufficient,insufficient_evidence
2025-06-20,0.0,0.0,0.0,0.0,0.0,0.0,0.0,1,8,488,6,461,4,5,9,3,sufficient,sufficient,insufficient_evidence,sufficient,sufficient,insufficient_evidence
2025-06-23,0.0,-0.5625,0.0,0.0,0.0,0.0,0.0,1,8,489,6,462,4,5,9,3,sufficient,sufficient,insufficient_evidence,sufficient,sufficient,insufficient_evidence
2025-06-24,0.0,-0.5625,0.0,0.0,0.0,0.0,0.0,1,8,489,6,462,4,5,9,3,sufficient,sufficient,insufficient_evidence,sufficient,sufficient,insufficient_evidence
2025-06-25,0.0,-0.5625,0.0,0.0,0.0,0.0,0.0,1,8,489,6,462,4,5,9,3,sufficient,sufficient,insufficient_evidence,sufficient,sufficient,insufficient_evidence
2025-06-26,0.0,-0.5625,0.0,0.0,0.0,0.0,0.0,1,8,489,6,462,4,5,9,3,sufficient,sufficient,insufficient_evidence,sufficient,sufficient,insufficient_evidence
2025-06-27,0.0,-0.5625,0.0,0.0,0.0,0.0,0.0,1,8,489,6,462,4,5,9,3,sufficient,sufficient,insufficient_evidence,sufficient,sufficient,insufficient_evidence
2025-06-30,0.0,-0.5625,0.0,0.0,0.0,0.0,0.0,1,8,490,6,463,4,5,9,3,sufficient,sufficient,insufficient_evidence,sufficient,sufficient,insufficient_evidence
2025-07-01,0.0,-0.5625,0.0,0.0,0.0,0.0,0.0,1,8,490,6,463,4,5,9,3,sufficient,sufficient,insufficient_evidence,sufficient,sufficient,insufficient_evidence
2025-07-02,0.0,-0.5625,0.0,0.0,0.0,0.0,0.0,1,8,490,6,463,4,5,9,3,sufficient,sufficient,insufficient_evidence,sufficient,sufficient,insufficient_evidence
2025-07-03,0.0,-0.5625,0.0,0.0,0.0,0.0,0.0,1,8,490,6,463,4,5,9,3,sufficient,sufficient,insufficient_evidence,sufficient,sufficient,insufficient_evidence
2025-07-04,0.0,-0.5625,0.0,0.0,0.0,0.0,0.0,1,8,490,6,463,4,5,9,3,sufficient,sufficient,insufficient_evidence,sufficient,sufficient,insufficient_evidence
2025-07-07,0.0,-0.5625,0.0,0.0,0.0,0.0,0.0,1,8,491,6,464,4,5,9,3,sufficient,sufficient,insufficient_evidence,sufficient,sufficient,insufficient_evidence
2025-07-08,0.0,-0.5625,0.0,0.0,0.0,0.0,0.0,1,8,491,6,464,4,5,9,3,sufficient,sufficient,insufficient_evidence,sufficient,sufficient,insufficient_evidence
2025-07-09,0.0,-0.5625,0.0,0.0,0.0,0.0,0.0,1,8,491,6,464,4,5,9,3,sufficient,sufficient,insufficient_evidence,sufficient,sufficient,insufficient_evidence
2025-07-10,0.0,-0.5625,0.0,0.0,0.0,0.0,0.0,1,8,491,6,464,4,5,9,3,sufficient,sufficient,insufficient_evidence,sufficient,sufficient,insufficient_evidence
2025-07-11,0.0,-0.5625,0.0,0.0,0.0,0.0,0.0,1,8,491,6,464,4,5,9,3,sufficient,sufficient,insufficient_evidence,sufficient,sufficient,insufficient_evidence
2025-07-14,0.0,-0.5625,0.0,0.0,0.0,0.0,0.0,1,8,492,6,465,4,5,9,3,sufficient,sufficient,insufficient_evidence,sufficient,sufficient,insufficient_evidence
2025-07-15,0.0,-0.5625,0.0,0.0,0.0,0.0,0.0,1,8,492,6,465,4,5,9,3,sufficient,sufficient,insufficient_evidence,sufficient,sufficient,insufficient_evidence
2025-07-16,0.0,-0.5625,0.0,0.0,0.0,0.0,0.0,1,8,492,6,465,4,5,9,3,sufficient,sufficient,insufficient_evidence,sufficient,sufficient,insufficient_evidence
2025-07-17,0.0,-0.5625,0.0,0.0,0.0,0.0,0.0,1,8,492,6,465,4,5,9,3,sufficient,sufficient,insufficient_evidence,sufficient,sufficient,insufficient_evidence
2025-07-18,0.0,-0.5625,0.0,0.0,0.0,0.0,0.0,1,8,492,6,465,4,5,9,3,sufficient,sufficient,insufficient_evidence,sufficient,sufficient,insufficient_evidence
2025-07-21,0.0,-0.5625,0.0,0.0,0.0,0.0,0.0,1,8,493,6,466,4,5,9,3,sufficient,sufficient,insufficient_evidence,sufficient,sufficient,insufficient_evidence
2025-07-22,0.0,-0.5625,0.0,0.0,0.0,0.0,0.0,1,8,493,6,466,4,5,9,3,sufficient,sufficient,insufficient_evidence,sufficient,sufficient,insufficient_evidence
2025-07-23,0.0,-0.5625,0.0,0.0,0.0,0.0,0.0,1,8,493,6,466,4,5,9,3,sufficient,sufficient,insufficient_evidence,sufficient,sufficient,insufficient_evidence
2025-07-24,0.0,-0.5625,0.0,0.0,0.0,0.0,0.0,1,8,493,6,466,4,5,9,3,sufficient,sufficient,insufficient_evidence,sufficient,sufficient,insufficient_evidence
2025-07-25,0.0,-0.5625,0.0,0.0,0.0,0.0,0.0,1,8,493,6,466,4,5,9,3,sufficient,sufficient,insufficient_evidence,sufficient,sufficient,insufficient_evidence
2025-07-28,0.0,-0.5625,0.0,0.0,0.0,0.0,0.0,1,8,494,6,467,4,5,9,3,sufficient,sufficient,insufficient_evidence,sufficient,sufficient,insufficient_evidence
2025-07-29,0.0,-0.5625,0.0,0.0,0.0,0.0,0.0,1,8,494,6,467,4,5,9,3,sufficient,sufficient,insufficient_evidence,sufficient,sufficient,insufficient_evidence
2025-07-30,0.0,-0.5625,0.0,0.0,0.0,0.0,0.0,1,8,494,6,467,4,5,9,3,sufficient,sufficient,insufficient_evidence,sufficient,sufficient,insufficient_evidence
2025-07-31,0.0,-0.5625,0.0,0.0,0.0,0.0,0.0,1,8,494,6,467,4,5,9,3,sufficient,sufficient,insufficient_evidence,sufficient,sufficient,insufficient_evidence
2025-08-01,0.0,-0.5625,0.0,0.0,0.0,0.0,0.0,1,8,494,6,467,4,5,9,3,sufficient,sufficient,insufficient_evidence,sufficient,sufficient,insufficient_evidence
2025-08-04,0.0,-0.5625,0.0,0.0,0.0,0.0,0.0,1,8,495,6,468,4,5,9,3,sufficient,sufficient,insufficient_evidence,sufficient,sufficient,insufficient_evidence
2025-08-05,0.0,-0.5625,0.0,0.0,0.0,0.0,0.0,1,8,495,6,468,4,5,9,3,sufficient,sufficient,insufficient_evidence,sufficient,sufficient,insufficient_evidence
2025-08-06,0.0,-0.5625,0.0,0.0,0.0,0.0,0.0,1,8,495,6,468,4,5,9,3,sufficient,sufficient,insufficient_evidence,sufficient,sufficient,insufficient_evidence
2025-08-07,0.0,-0.5625,0.0,0.0,0.0,0.0,0.0,1,8,495,6,468,4,5,9,3,sufficient,sufficient,insufficient_evidence,sufficient,sufficient,insufficient_evidence
2025-08-08,0.0,-0.5625,0.0,0.0,0.0,0.0,0.0,1,8,495,6,468,4,5,9,3,sufficient,sufficient,insufficient_evidence,sufficient,sufficient,insufficient_evidence
2025-08-11,0.0,-0.5625,0.0,0.0,0.0,0.0,0.0,1,8,496,6,469,4,5,9,3,sufficient,sufficient,insufficient_evidence,sufficient,sufficient,insufficient_evidence
2025-08-12,0.0,-0.5625,0.0,0.0,0.0,0.0,0.0,1,8,496,6,469,4,5,9,3,sufficient,sufficient,insufficient_evidence,sufficient,sufficient,insufficient_evidence
2025-08-13,0.0,-0.5625,0.0,0.0,0.0,0.0,0.0,1,8,496,6,469,4,5,9,3,sufficient,sufficient,insufficient_evidence,sufficient,sufficient,insufficient_evidence
2025-08-14,0.0,-0.5625,0.0,0.0,0.0,0.0,0.0,1,8,496,6,469,4,5,9,3,sufficient,sufficient,insufficient_evidence,sufficient,sufficient,insufficient_evidence
2025-08-15,0.0,-0.5625,0.0,0.0,0.0,0.0,-1.0,2,8,497,6,470,4,5,9,3,sufficient,sufficient,insufficient_evidence,sufficient,sufficient,insufficient_evidence
2025-08-18,0.0,-0.5625,0.0,0.0,0.0,0.0,-1.0,2,8,498,6,471,4,5,9,3,sufficient,sufficient,insufficient_evidence,sufficient,sufficient,insufficient_evidence
2025-08-19,0.0,-0.5625,0.0,0.0,0.0,0.0,-1.0,2,8,498,6,471,4,5,9,3,sufficient,sufficient,insufficient_evidence,sufficient,sufficient,insufficient_evidence
2025-08-20,0.0,-0.5625,0.0,0.0,0.0,0.0,-1.0,2,8,498,6,471,4,5,9,3,sufficient,sufficient,insufficient_evidence,sufficient,sufficient,insufficient_evidence
2025-08-21,0.0,-0.5625,0.0,0.0,0.0,0.0,-1.0,2,8,498,6,471,4,5,9,3,sufficient,sufficient,insufficient_evidence,sufficient,sufficient,insufficient_evidence
2025-08-22,0.0,-0.5625,0.0,0.0,0.0,0.0,0.0,1,8,498,6,471,4,5,9,3,sufficient,sufficient,insufficient_evidence,sufficient,sufficient,insufficient_evidence
2025-08-25,0.0,-0.585,0.0,0.0,0.0,0.0,0.0,1,8,499,6,472,4,5,9,3,sufficient,sufficient,insufficient_evidence,sufficient,sufficient,insufficient_evidence
2025-08-26,0.0,-0.585,0.0,0.0,0.0,0.0,0.0,1,8,499,6,472,4,5,9,3,sufficient,sufficient,insufficient_evidence,sufficient,sufficient,insufficient_evidence
2025-08-27,0.0,-0.585,0.0,0.0,0.0,0.0,0.0,1,8,499,6,472,4,5,9,3,sufficient,sufficient,insufficient_evidence,sufficient,sufficient,insufficient_evidence
2025-08-28,0.0,-0.585,0.0,0.0,0.0,0.0,0.0,1,8,499,6,472,4,5,9,3,sufficient,sufficient,insufficient_evidence,sufficient,sufficient,insufficient_evidence
2025-08-29,0.0,-0.585,0.0,0.0,0.0,0.0,0.0,1,8,499,6,472,4,5,9,3,sufficient,sufficient,insufficient_evidence,sufficient,sufficient,insufficient_evidence
2025-09-01,0.0,-0.5625,0.0,0.0,0.0,0.0,0.0,1,8,500,6,473,4,5,9,3,sufficient,sufficient,insufficient_evidence,sufficient,sufficient,insufficient_evidence
2025-09-02,0.0,-0.5625,0.0,0.0,0.0,0.0,0.0,1,8,500,6,473,4,5,9,3,sufficient,sufficient,insufficient_evidence,sufficient,sufficient,insufficient_evidence
2025-09-03,0.0,-0.5625,0.0,0.0,0.0,0.0,0.0,1,8,500,6,473,4,5,9,3,sufficient,sufficient,insufficient_evidence,sufficient,sufficient,insufficient_evidence
2025-09-04,0.0,-0.5625,0.0,0.0,0.0,0.0,0.0,1,8,500,6,473,4,5,9,3,sufficient,sufficient,insufficient_evidence,sufficient,sufficient,insufficient_evidence
2025-09-05,0.0,-0.5625,0.0,0.0,0.0,0.0,0.0,1,8,500,6,473,4,5,9,3,sufficient,sufficient,insufficient_evidence,sufficient,sufficient,insufficient_evidence
2025-09-08,0.0,-0.5625,0.0,0.0,0.0,0.0,0.0,1,8,501,6,474,4,5,9,3,sufficient,sufficient,insufficient_evidence,sufficient,sufficient,insufficient_evidence
2025-09-09,0.0,-0.5625,0.0,0.0,0.0,0.0,0.0,1,8,501,6,474,4,5,9,3,sufficient,sufficient,insufficient_evidence,sufficient,sufficient,insufficient_evidence
2025-09-10,0.0,-0.5625,0.0,0.0,0.0,0.0,0.0,1,8,501,6,474,4,5,9,3,sufficient,sufficient,insufficient_evidence,sufficient,sufficient,insufficient_evidence
2025-09-11,0.0,-0.5625,0.0,0.0,0.0,0.0,0.0,1,8,501,6,474,4,5,9,3,sufficient,sufficient,insufficient_evidence,sufficient,sufficient,insufficient_evidence
2025-09-12,0.0,-0.5625,0.0,0.0,0.0,0.0,0.0,1,8,501,6,474,4,5,9,3,sufficient,sufficient,insufficient_evidence,sufficient,sufficient,insufficient_evidence
2025-09-15,0.0,-0.5625,0.0,0.0,0.0,0.0,0.0,1,8,502,6,475,4,5,9,3,sufficient,sufficient,insufficient_evidence,sufficient,sufficient,insufficient_evidence
2025-09-16,0.0,-0.5625,0.0,0.0,0.0,0.0,0.0,1,8,502,6,475,4,5,9,3,sufficient,sufficient,insufficient_evidence,sufficient,sufficient,insufficient_evidence
2025-09-17,0.0,-0.5625,0.0,0.0,0.0,0.0,0.0,1,8,502,6,475,4,5,9,3,sufficient,sufficient,insufficient_evidence,sufficient,sufficient,insufficient_evidence
2025-09-18,0.0,-0.5625,0.0,0.0,0.0,0.0,0.0,1,8,502,6,475,4,5,9,3,sufficient,sufficient,insufficient_evidence,sufficient,sufficient,insufficient_evidence
2025-09-19,0.0,-0.5625,0.0,0.0,0.0,0.0,0.0,1,8,502,6,475,4,5,9,3,sufficient,sufficient,insufficient_evidence,sufficient,sufficient,insufficient_evidence
2025-09-22,0.0,0.0,0.0,0.0,0.0,0.0,0.0,1,8,503,6,476,4,5,9,3,sufficient,sufficient,insufficient_evidence,sufficient,sufficient,insufficient_evidence
2025-09-23,0.0,0.0,0.0,0.0,0.0,0.0,0.0,1,8,503,6,476,4,5,9,3,sufficient,sufficient,insufficient_evidence,sufficient,sufficient,insufficient_evidence
2025-09-24,0.0,0.0,0.0,0.0,0.0,0.0,0.0,1,8,503,6,476,4,5,9,3,sufficient,sufficient,insufficient_evidence,sufficient,sufficient,insufficient_evidence
2025-09-25,0.0,0.0,0.0,0.0,0.0,0.0,0.0,1,8,503,6,476,4,5,9,3,sufficient,sufficient,insufficient_evidence,sufficient,sufficient,insufficient_evidence
2025-09-26,0.0,0.0,0.0,0.0,0.0,0.0,0.0,1,8,503,6,476,4,5,9,3,sufficient,sufficient,insufficient_evidence,sufficient,sufficient,insufficient_evidence
2025-09-28,0.0,0.0,0.0,0.0,0.0,0.0,0.0,0,8,503,6,476,4,5,9,3,sufficient,sufficient,insufficient_evidence,sufficient,sufficient,insufficient_evidence
2025-09-29,0.0,-0.5625,0.0,0.0,0.0,0.0,0.0,1,8,504,6,477,4,5,9,3,sufficient,sufficient,insufficient_evidence,sufficient,sufficient,insufficient_evidence
2025-09-30,0.0,-0.5625,0.0,0.0,0.0,0.0,0.0,1,8,504,6,477,4,5,9,3,sufficient,sufficient,insufficient_evidence,sufficient,sufficient,insufficient_evidence
2025-10-09,0.0,-0.5625,0.0,0.0,0.0,0.0,0.0,2,8,505,6,478,4,5,9,3,sufficient,sufficient,insufficient_evidence,sufficient,sufficient,insufficient_evidence
2025-10-10,0.0,-0.5625,0.0,0.0,0.0,0.0,0.0,2,8,505,6,478,4,5,9,3,sufficient,sufficient,insufficient_evidence,sufficient,sufficient,insufficient_evidence
2025-10-11,0.0,-0.5625,0.0,0.0,0.0,0.0,0.0,2,8,505,6,478,4,5,9,3,sufficient,sufficient,insufficient_evidence,sufficient,sufficient,insufficient_evidence
2025-10-13,0.0,-0.5625,0.0,0.0,0.0,0.0,0.0,2,8,506,6,479,4,5,9,3,sufficient,sufficient,insufficient_evidence,sufficient,sufficient,insufficient_evidence
2025-10-14,0.0,-0.5625,0.0,0.0,0.0,0.0,0.0,2,8,506,6,479,4,5,9,3,sufficient,sufficient,insufficient_evidence,sufficient,sufficient,insufficient_evidence
2025-10-15,0.0,-0.5625,0.0,0.0,0.0,0.0,0.0,1,8,506,6,479,4,5,9,3,sufficient,sufficient,insufficient_evidence,sufficient,sufficient,insufficient_evidence
2025-10-16,0.0,-0.5625,0.0,0.0,0.0,0.0,0.0,1,8,506,6,479,4,5,9,3,sufficient,sufficient,insufficient_evidence,sufficient,sufficient,insufficient_evidence
2025-10-17,0.0,-0.5625,0.0,0.0,0.0,0.0,0.0,1,8,506,6,479,4,5,9,3,sufficient,sufficient,insufficient_evidence,sufficient,sufficient,insufficient_evidence
2025-10-20,0.0,-0.5625,0.0,0.0,0.0,0.0,0.0,1,8,507,6,480,4,5,9,3,sufficient,sufficient,insufficient_evidence,sufficient,sufficient,insufficient_evidence
2025-10-21,0.0,-0.5625,0.0,0.0,0.0,0.0,0.0,1,8,507,6,480,4,5,9,3,sufficient,sufficient,insufficient_evidence,sufficient,sufficient,insufficient_evidence
2025-10-22,0.0,-0.5625,0.0,0.0,0.0,0.0,0.0,1,8,507,6,480,4,5,9,3,sufficient,sufficient,insufficient_evidence,sufficient,sufficient,insufficient_evidence
2025-10-23,0.0,-0.5625,0.0,0.0,0.0,0.0,0.0,1,8,507,6,480,4,5,9,3,sufficient,sufficient,insufficient_evidence,sufficient,sufficient,insufficient_evidence
2025-10-24,0.0,-0.5625,0.0,0.0,0.0,0.0,0.0,1,8,507,6,480,4,5,9,3,sufficient,sufficient,insufficient_evidence,sufficient,sufficient,insufficient_evidence
2025-10-27,0.0,-0.5625,0.0,0.0,0.0,0.0,0.0,1,8,508,6,481,4,5,9,3,sufficient,sufficient,insufficient_evidence,sufficient,sufficient,insufficient_evidence
2025-10-28,0.0,-0.5625,0.0,0.0,0.0,0.0,0.0,1,8,508,6,481,4,5,9,3,sufficient,sufficient,insufficient_evidence,sufficient,sufficient,insufficient_evidence
2025-10-29,0.0,-0.5625,0.0,0.0,0.0,0.0,0.0,1,8,508,6,481,4,5,9,3,sufficient,sufficient,insufficient_evidence,sufficient,sufficient,insufficient_evidence
2025-10-30,0.0,-0.5625,0.0,0.0,0.0,0.0,0.0,1,8,508,6,481,4,5,9,3,sufficient,sufficient,insufficient_evidence,sufficient,sufficient,insufficient_evidence
2025-10-31,0.0,-0.5625,0.0,0.0,0.0,0.0,0.0,1,8,508,6,481,4,5,9,3,sufficient,sufficient,insufficient_evidence,sufficient,sufficient,insufficient_evidence
2025-11-03,0.0,0.0,0.0,0.0,0.0,0.0,0.0,1,8,509,6,482,4,5,9,3,sufficient,sufficient,insufficient_evidence,sufficient,sufficient,insufficient_evidence
2025-11-04,0.0,0.0,0.0,0.0,0.0,0.0,0.0,1,8,509,6,482,4,5,9,3,sufficient,sufficient,insufficient_evidence,sufficient,sufficient,insufficient_evidence
2025-11-05,0.0,0.0,0.0,0.0,0.0,0.0,0.0,1,8,509,6,482,4,5,9,3,sufficient,sufficient,insufficient_evidence,sufficient,sufficient,insufficient_evidence
2025-11-06,0.0,0.0,0.0,0.0,0.0,0.0,0.0,1,9,509,6,482,4,5,9,3,sufficient,sufficient,insufficient_evidence,sufficient,sufficient,insufficient_evidence
2025-11-07,0.0,0.0,0.0,0.0,0.0,0.0,0.0,1,9,509,6,482,4,5,9,3,sufficient,sufficient,insufficient_evidence,sufficient,sufficient,insufficient_evidence
2025-11-10,0.0,-0.5625,0.0,0.0,0.0,0.0,0.0,1,9,510,6,483,4,5,9,3,sufficient,sufficient,insufficient_evidence,sufficient,sufficient,insufficient_evidence
2025-11-11,-0.455,-0.57568019,0.0,0.585,0.0,0.0,-0.38983051,2,9,518,7,485,6,6,9,5,sufficient,sufficient,sufficient,sufficient,sufficient,sufficient
2025-11-12,-0.455,-0.57568019,0.0,0.585,0.0,0.0,-0.38983051,2,9,518,7,485,6,6,9,5,sufficient,sufficient,sufficient,sufficient,sufficient,sufficient
2025-11-13,-0.455,-0.57568019,0.0,0.585,0.0,0.0,-0.38983051,2,9,518,7,485,6,6,9,5,sufficient,sufficient,sufficient,sufficient,sufficient,sufficient
2025-11-14,-0.455,-0.57568019,0.0,0.585,0.0,0.0,-0.38983051,2,9,518,7,485,6,6,9,5,sufficient,sufficient,sufficient,sufficient,sufficient,sufficient
2025-11-17,-0.455,-0.567,0.0,0.585,0.0,0.0,-0.38983051,2,9,519,7,486,6,6,9,5,sufficient,sufficient,sufficient,sufficient,sufficient,sufficient
2025-11-18,0.0,-0.5625,0.0,0.0,0.0,0.0,0.0,1,9,519,7,486,6,6,9,5,sufficient,sufficient,sufficient,sufficient,sufficient,sufficient
2025-11-19,0.0,-0.5625,0.0,0.0,0.0,0.0,0.0,1,9,519,7,486,6,6,9,5,sufficient,sufficient,sufficient,sufficient,sufficient,sufficient
2025-11-20,0.0,-0.5625,0.0,0.0,0.0,0.0,0.0,1,9,519,7,486,6,6,9,5,sufficient,sufficient,sufficient,sufficient,sufficient,sufficient
2025-11-21,0.0,-0.5625,0.0,0.0,0.0,0.0,0.0,1,9,519,7,486,6,6,9,5,sufficient,sufficient,sufficient,sufficient,sufficient,sufficient
2025-11-24,0.0,-0.585,0.0,0.0,0.0,0.0,0.0,1,9,520,7,487,6,6,9,5,sufficient,sufficient,sufficient,sufficient,sufficient,sufficient
2025-11-25,0.0,-0.585,0.0,0.0,0.0,0.0,0.0,1,9,520,7,487,6,6,9,5,sufficient,sufficient,sufficient,sufficient,sufficient,sufficient
2025-11-26,0.0,-0.585,0.0,0.0,0.0,0.0,0.0,1,9,520,7,487,6,6,9,5,sufficient,sufficient,sufficient,sufficient,sufficient,sufficient
2025-11-27,0.0,-0.585,0.0,0.0,0.0,0.0,0.0,1,9,520,7,487,6,6,9,5,sufficient,sufficient,sufficient,sufficient,sufficient,sufficient
2025-11-28,0.0,-0.585,0.0,0.0,0.0,0.0,0.0,1,9,520,7,487,6,6,9,5,sufficient,sufficient,sufficient,sufficient,sufficient,sufficient
2025-12-01,0.0,0.0,0.0,0.0,0.0,0.0,0.0,1,9,521,8,487,6,6,9,5,sufficient,sufficient,sufficient,sufficient,sufficient,sufficient
2025-12-02,0.0,0.0,0.0,0.0,0.0,0.0,0.0,1,9,521,8,487,6,6,9,5,sufficient,sufficient,sufficient,sufficient,sufficient,sufficient
2025-12-03,0.0,0.0,0.0,0.0,0.0,0.0,0.0,1,9,521,8,487,6,6,9,5,sufficient,sufficient,sufficient,sufficient,sufficient,sufficient
2025-12-04,0.0,0.0,0.0,0.0,0.0,0.0,0.0,1,9,521,8,487,6,6,9,5,sufficient,sufficient,sufficient,sufficient,sufficient,sufficient
2025-12-05,0.0,0.0,0.0,0.0,0.0,0.0,0.0,1,9,521,8,487,6,6,9,5,sufficient,sufficient,sufficient,sufficient,sufficient,sufficient
2025-12-08,0.0,-0.5625,0.0,0.0,0.0,0.0,0.0,1,9,522,8,488,6,6,9,5,sufficient,sufficient,sufficient,sufficient,sufficient,sufficient
2025-12-09,0.0,-0.5625,0.0,0.0,0.0,0.0,0.0,1,9,522,8,488,6,6,9,5,sufficient,sufficient,sufficient,sufficient,sufficient,sufficient
2025-12-10,0.0,-0.5625,0.0,0.0,0.0,0.0,0.0,1,9,522,8,488,6,6,9,5,sufficient,sufficient,sufficient,sufficient,sufficient,sufficient
2025-12-11,0.0,-0.5625,0.0,0.0,0.0,0.0,0.0,1,9,522,8,488,6,6,9,5,sufficient,sufficient,sufficient,sufficient,sufficient,sufficient
2025-12-12,0.0,-0.5625,0.0,0.0,0.0,0.0,0.0,1,9,522,8,488,6,6,9,5,sufficient,sufficient,sufficient,sufficient,sufficient,sufficient
2025-12-15,0.0,-0.5625,0.0,0.0,0.0,0.0,0.0,1,9,523,8,489,6,6,9,5,sufficient,sufficient,sufficient,sufficient,sufficient,sufficient
2025-12-16,0.0,-0.5625,0.0,0.0,0.0,0.0,0.0,1,9,523,8,489,6,6,9,5,sufficient,sufficient,sufficient,sufficient,sufficient,sufficient
2025-12-17,0.0,-0.5625,0.0,0.0,0.0,0.0,0.0,1,9,523,8,489,6,6,9,5,sufficient,sufficient,sufficient,sufficient,sufficient,sufficient
2025-12-18,0.0,-0.5625,0.0,0.0,0.0,0.0,0.0,1,9,523,8,489,6,6,9,5,sufficient,sufficient,sufficient,sufficient,sufficient,sufficient
2025-12-19,0.0,-0.5625,0.0,0.0,0.0,0.0,0.0,1,9,523,8,489,6,6,9,5,sufficient,sufficient,sufficient,sufficient,sufficient,sufficient
2025-12-22,0.0,-0.5625,0.0,0.0,0.0,0.0,0.0,1,9,524,8,490,6,6,9,5,sufficient,sufficient,sufficient,sufficient,sufficient,sufficient
2025-12-23,0.0,-0.5625,0.0,0.0,0.0,0.0,0.0,1,9,524,8,490,6,6,9,5,sufficient,sufficient,sufficient,sufficient,sufficient,sufficient
2025-12-24,0.0,-0.5625,0.0,0.0,0.0,0.0,0.0,1,9,524,8,490,6,6,9,5,sufficient,sufficient,sufficient,sufficient,sufficient,sufficient
2025-12-25,0.0,-0.5625,0.0,0.0,0.0,0.0,0.0,1,9,524,8,490,6,6,9,5,sufficient,sufficient,sufficient,sufficient,sufficient,sufficient
2025-12-26,0.0,-0.5625,0.0,0.0,0.0,0.0,0.0,1,9,524,8,490,6,6,9,5,sufficient,sufficient,sufficient,sufficient,sufficient,sufficient
2025-12-29,0.0,-0.5625,0.0,0.0,0.0,0.0,0.0,1,9,525,8,491,6,6,9,5,sufficient,sufficient,sufficient,sufficient,sufficient,sufficient
2025-12-30,0.0,-0.5625,0.0,0.0,0.0,0.0,0.0,1,9,525,8,491,6,6,9,5,sufficient,sufficient,sufficient,sufficient,sufficient,sufficient
2025-12-31,0.0,-0.5625,0.0,0.0,0.0,0.0,0.0,1,9,525,8,491,6,6,9,5,sufficient,sufficient,sufficient,sufficient,sufficient,sufficient
2026-01-04,0.0,-0.5625,0.0,0.0,0.0,0.0,0.0,1,9,525,8,491,6,6,9,5,sufficient,sufficient,sufficient,sufficient,sufficient,sufficient
2026-01-05,0.0,-0.5805,0.0,0.0,0.0,0.0,0.0,2,9,526,8,492,6,6,9,5,sufficient,sufficient,sufficient,sufficient,sufficient,sufficient
2026-01-06,0.0,-0.585,0.0,0.0,0.0,0.0,0.0,1,9,526,8,492,6,6,9,5,sufficient,sufficient,sufficient,sufficient,sufficient,sufficient
2026-01-07,0.0,-0.585,0.0,0.0,0.0,0.0,0.0,1,9,526,8,492,6,6,9,5,sufficient,sufficient,sufficient,sufficient,sufficient,sufficient
2026-01-08,0.0,-0.585,0.0,0.0,0.0,0.0,0.0,1,9,526,8,492,6,6,9,5,sufficient,sufficient,sufficient,sufficient,sufficient,sufficient
2026-01-09,0.0,-0.585,0.0,0.0,0.0,0.0,0.0,1,9,526,8,492,6,6,9,5,sufficient,sufficient,sufficient,sufficient,sufficient,sufficient
2026-01-12,0.0,0.0,0.0,0.0,0.0,0.0,0.0,1,9,527,8,493,6,6,9,5,sufficient,sufficient,sufficient,sufficient,sufficient,sufficient
2026-01-13,0.0,0.0,0.0,0.0,0.0,0.0,0.0,1,9,527,8,493,6,6,9,5,sufficient,sufficient,sufficient,sufficient,sufficient,sufficient
2026-01-14,0.0,0.0,0.0,0.0,0.0,0.0,0.0,1,9,527,8,493,6,6,9,5,sufficient,sufficient,sufficient,sufficient,sufficient,sufficient
2026-01-15,0.0,0.0,0.0,0.0,0.0,0.0,0.0,1,9,527,8,493,6,6,9,5,sufficient,sufficient,sufficient,sufficient,sufficient,sufficient
2026-01-16,0.0,0.0,0.0,0.0,0.0,0.0,0.0,1,9,527,8,493,6,6,9,5,sufficient,sufficient,sufficient,sufficient,sufficient,sufficient
2026-01-19,0.0,-0.585,0.0,0.0,0.0,0.0,0.0,1,9,528,8,494,6,6,9,5,sufficient,sufficient,sufficient,sufficient,sufficient,sufficient
2026-01-20,0.0,-0.585,0.0,0.0,0.0,0.0,0.0,1,9,528,8,494,6,6,9,5,sufficient,sufficient,sufficient,sufficient,sufficient,sufficient
2026-01-21,0.0,-0.585,0.0,0.0,0.0,0.0,0.0,1,9,528,8,494,6,6,9,5,sufficient,sufficient,sufficient,sufficient,sufficient,sufficient
2026-01-22,0.0,-0.585,0.0,0.0,0.0,0.0,0.0,1,9,528,8,494,6,6,9,5,sufficient,sufficient,sufficient,sufficient,sufficient,sufficient
2026-01-23,0.0,-0.585,0.0,0.0,0.0,0.0,0.0,1,9,528,8,494,6,6,9,5,sufficient,sufficient,sufficient,sufficient,sufficient,sufficient
2026-01-26,0.0,0.0,0.0,0.0,0.0,0.0,0.0,1,9,529,8,495,6,6,9,5,sufficient,sufficient,sufficient,sufficient,sufficient,sufficient
2026-01-27,0.0,0.0,0.0,0.0,0.0,0.0,0.0,1,9,529,8,495,6,6,9,5,sufficient,sufficient,sufficient,sufficient,sufficient,sufficient
2026-01-28,0.0,0.0,0.0,0.0,0.0,0.0,0.0,1,9,529,8,495,6,6,9,5,sufficient,sufficient,sufficient,sufficient,sufficient,sufficient
2026-01-29,0.0,0.0,0.0,0.0,0.0,0.0,0.0,1,9,529,8,495,6,6,9,5,sufficient,sufficient,sufficient,sufficient,sufficient,sufficient
2026-01-30,0.0,0.0,0.0,0.0,0.0,0.0,0.0,1,9,529,8,495,6,6,9,5,sufficient,sufficient,sufficient,sufficient,sufficient,sufficient
2026-02-02,0.0,-0.5625,0.0,0.0,0.0,0.0,0.0,1,9,530,8,496,6,6,9,5,sufficient,sufficient,sufficient,sufficient,sufficient,sufficient
2026-02-03,0.0,-0.5625,0.0,0.0,0.0,0.0,0.0,1,9,530,8,496,6,6,9,5,sufficient,sufficient,sufficient,sufficient,sufficient,sufficient
2026-02-04,0.0,-0.5625,0.0,0.0,0.0,0.0,0.0,1,9,530,8,496,6,6,9,5,sufficient,sufficient,sufficient,sufficient,sufficient,sufficient
2026-02-05,0.0,-0.5625,0.0,0.0,0.0,0.0,0.0,1,9,530,8,496,6,6,9,5,sufficient,sufficient,sufficient,sufficient,sufficient,sufficient
2026-02-06,0.0,-0.5625,0.0,0.0,0.0,0.0,0.0,1,9,530,8,496,6,6,9,5,sufficient,sufficient,sufficient,sufficient,sufficient,sufficient
2026-02-09,0.0,-0.5625,0.0,0.0,0.0,0.0,0.0,1,9,531,8,497,6,6,9,5,sufficient,sufficient,sufficient,sufficient,sufficient,sufficient
2026-02-10,-0.4875,-0.5625,0.0,0.0,0.0,0.0,-0.52238806,2,9,535,11,498,6,6,9,5,sufficient,sufficient,sufficient,sufficient,sufficient,sufficient
2026-02-11,-0.4875,-0.5625,0.0,0.0,0.0,0.0,-0.52238806,2,9,535,11,498,6,6,9,5,sufficient,sufficient,sufficient,sufficient,sufficient,sufficient
2026-02-12,-0.4875,-0.5625,0.0,0.0,0.0,0.0,-0.52238806,2,9,535,11,498,6,6,9,5,sufficient,sufficient,sufficient,sufficient,sufficient,sufficient
2026-02-13,-0.4875,-0.5625,0.0,0.0,0.0,0.0,-0.52238806,2,9,535,11,498,6,6,9,5,sufficient,sufficient,sufficient,sufficient,sufficient,sufficient
2026-02-14,-0.4875,-0.5625,0.0,0.0,0.0,0.0,-0.52238806,1,9,535,11,498,6,6,9,5,sufficient,sufficient,sufficient,sufficient,sufficient,sufficient
2026-02-24,0.0,-0.5625,0.0,0.0,0.0,0.0,0.0,1,9,536,11,499,6,6,9,5,sufficient,sufficient,sufficient,sufficient,sufficient,sufficient
2026-02-25,0.0,-0.5625,0.0,0.0,0.0,0.0,0.0,1,9,536,11,499,6,6,9,5,sufficient,sufficient,sufficient,sufficient,sufficient,sufficient
2026-02-26,0.0,-0.5625,0.0,0.0,0.0,0.0,0.0,1,9,536,11,499,6,6,9,5,sufficient,sufficient,sufficient,sufficient,sufficient,sufficient
2026-02-27,0.0,-0.5625,0.0,0.0,0.0,0.0,0.0,1,9,536,11,499,6,6,9,5,sufficient,sufficient,sufficient,sufficient,sufficient,sufficient
2026-02-28,0.0,-0.5625,0.0,0.0,0.0,0.0,0.0,1,9,536,11,499,6,6,9,5,sufficient,sufficient,sufficient,sufficient,sufficient,sufficient
2026-03-02,0.0,-0.5625,0.0,0.0,0.0,0.0,0.0,1,9,537,11,500,6,6,9,5,sufficient,sufficient,sufficient,sufficient,sufficient,sufficient
2026-03-03,0.0,-0.5625,0.0,0.0,0.0,0.0,0.0,1,9,537,11,500,6,6,9,5,sufficient,sufficient,sufficient,sufficient,sufficient,sufficient
2026-03-04,0.0,-0.5625,0.0,0.0,0.0,0.0,0.0,1,9,537,11,500,6,6,9,5,sufficient,sufficient,sufficient,sufficient,sufficient,sufficient
2026-03-05,0.0,-0.5625,0.0,0.0,0.0,0.0,0.0,1,9,537,11,500,6,6,9,5,sufficient,sufficient,sufficient,sufficient,sufficient,sufficient
2026-03-06,0.0,-0.5625,0.0,0.0,0.0,0.0,0.0,1,9,537,11,500,6,6,9,5,sufficient,sufficient,sufficient,sufficient,sufficient,sufficient
2026-03-09,0.0,0.0,0.0,0.0,0.0,0.0,0.0,1,9,538,11,501,6,6,9,5,sufficient,sufficient,sufficient,sufficient,sufficient,sufficient
2026-03-10,0.0,0.0,0.0,0.0,0.0,0.0,0.0,1,9,538,11,501,6,6,9,5,sufficient,sufficient,sufficient,sufficient,sufficient,sufficient
2026-03-11,0.0,0.0,0.0,0.0,0.0,0.0,0.0,1,9,538,11,501,6,6,9,5,sufficient,sufficient,sufficient,sufficient,sufficient,sufficient
2026-03-12,0.0,0.0,0.0,0.0,0.0,0.0,0.0,1,9,538,11,501,6,6,9,5,sufficient,sufficient,sufficient,sufficient,sufficient,sufficient
2026-03-13,0.0,0.0,0.0,0.0,0.0,0.0,0.0,1,9,538,11,501,6,6,9,5,sufficient,sufficient,sufficient,sufficient,sufficient,sufficient
2026-03-16,0.0,-0.5625,0.0,0.0,0.0,0.0,0.0,1,9,539,11,502,6,6,9,5,sufficient,sufficient,sufficient,sufficient,sufficient,sufficient
2026-03-17,0.0,-0.5625,0.0,0.0,0.0,0.0,0.0,1,9,539,11,502,6,6,9,5,sufficient,sufficient,sufficient,sufficient,sufficient,sufficient
2026-03-18,0.0,-0.5625,0.0,0.0,0.0,0.0,0.0,1,9,539,11,502,6,6,9,5,sufficient,sufficient,sufficient,sufficient,sufficient,sufficient
2026-03-19,0.0,-0.5625,0.0,0.0,0.0,0.0,0.0,1,9,539,11,502,6,6,9,5,sufficient,sufficient,sufficient,sufficient,sufficient,sufficient
2026-03-20,0.0,-0.5625,0.0,0.0,0.0,0.0,0.0,1,9,539,11,502,6,6,9,5,sufficient,sufficient,sufficient,sufficient,sufficient,sufficient
2026-03-23,0.0,0.0,0.0,0.0,0.0,0.0,0.0,1,9,540,11,503,6,6,9,5,sufficient,sufficient,sufficient,sufficient,sufficient,sufficient
2026-03-24,0.0,0.0,0.0,0.0,0.0,0.0,0.0,1,9,540,11,503,6,6,9,5,sufficient,sufficient,sufficient,sufficient,sufficient,sufficient
2026-03-25,0.0,0.0,0.0,0.0,0.0,0.0,0.0,1,9,540,11,503,6,6,9,5,sufficient,sufficient,sufficient,sufficient,sufficient,sufficient
2026-03-26,0.0,0.0,0.0,0.0,0.0,0.0,0.0,1,9,540,11,503,6,6,9,5,sufficient,sufficient,sufficient,sufficient,sufficient,sufficient
2026-03-27,0.0,0.0,0.0,0.0,0.0,0.0,0.0,1,9,540,11,503,6,6,9,5,sufficient,sufficient,sufficient,sufficient,sufficient,sufficient
2026-03-30,0.0,-0.5625,0.0,0.0,0.0,0.0,0.0,1,9,541,11,504,6,6,9,5,sufficient,sufficient,sufficient,sufficient,sufficient,sufficient
2026-03-31,0.0,-0.5625,0.0,0.0,0.0,0.0,0.0,1,9,541,11,504,6,6,9,5,sufficient,sufficient,sufficient,sufficient,sufficient,sufficient
2026-04-01,0.0,-0.5625,0.0,0.0,0.0,0.0,0.0,1,9,541,11,504,6,6,9,5,sufficient,sufficient,sufficient,sufficient,sufficient,sufficient
2026-04-02,0.0,-0.5625,0.0,0.0,0.0,0.0,0.0,1,9,541,11,504,6,6,9,5,sufficient,sufficient,sufficient,sufficient,sufficient,sufficient
2026-04-03,0.0,-0.5625,0.0,0.0,0.0,0.0,0.0,1,9,541,11,504,6,6,9,5,sufficient,sufficient,sufficient,sufficient,sufficient,sufficient
2026-04-07,0.0,-0.5625,0.0,0.0,0.0,0.0,0.0,1,9,542,11,505,6,6,9,5,sufficient,sufficient,sufficient,sufficient,sufficient,sufficient
2026-04-08,0.0,-0.5625,0.0,0.0,0.0,0.0,0.0,1,9,542,11,505,6,6,9,5,sufficient,sufficient,sufficient,sufficient,sufficient,sufficient
2026-04-09,0.0,-0.5625,0.0,0.0,0.0,0.0,0.0,1,9,542,11,505,6,6,9,5,sufficient,sufficient,sufficient,sufficient,sufficient,sufficient
2026-04-10,0.0,-0.5625,0.0,0.0,0.0,0.0,0.0,1,9,542,11,505,6,6,9,5,sufficient,sufficient,sufficient,sufficient,sufficient,sufficient
2026-04-13,0.0,-0.5625,0.0,0.0,0.0,0.0,0.0,2,9,542,11,505,6,6,9,5,sufficient,sufficient,sufficient,sufficient,sufficient,sufficient
2026-04-14,0.0,0.0,0.0,0.0,0.0,0.0,0.0,1,9,542,11,505,6,6,9,5,sufficient,sufficient,sufficient,sufficient,sufficient,sufficient
2026-04-15,0.0,0.0,0.0,0.0,0.0,0.0,0.0,1,9,542,11,505,6,6,9,5,sufficient,sufficient,sufficient,sufficient,sufficient,sufficient
2026-04-16,0.0,0.0,0.0,0.0,0.0,0.0,0.0,1,9,542,11,505,6,6,9,5,sufficient,sufficient,sufficient,sufficient,sufficient,sufficient
2026-04-17,0.0,0.0,0.0,0.0,0.0,0.0,0.0,1,9,542,11,505,6,6,9,5,sufficient,sufficient,sufficient,sufficient,sufficient,sufficient
2026-04-20,0.0,-0.5625,0.0,0.0,0.0,0.0,0.0,1,9,543,11,506,6,6,9,5,sufficient,sufficient,sufficient,sufficient,sufficient,sufficient
2026-04-21,0.0,-0.5625,0.0,0.0,0.0,0.0,0.0,1,9,543,11,506,6,6,9,5,sufficient,sufficient,sufficient,sufficient,sufficient,sufficient
2026-04-22,0.0,-0.5625,0.0,0.0,0.0,0.0,0.0,1,9,543,11,506,6,6,9,5,sufficient,sufficient,sufficient,sufficient,sufficient,sufficient
2026-04-23,0.0,-0.5625,0.0,0.0,0.0,0.0,0.0,1,9,543,11,506,6,6,9,5,sufficient,sufficient,sufficient,sufficient,sufficient,sufficient
2026-04-24,0.0,-0.5625,0.0,0.0,0.0,0.0,0.0,1,9,543,11,506,6,6,9,5,sufficient,sufficient,sufficient,sufficient,sufficient,sufficient
2026-04-27,0.0,-0.5625,0.0,0.0,0.0,0.0,0.0,1,9,544,11,507,6,6,9,5,sufficient,sufficient,sufficient,sufficient,sufficient,sufficient
2026-04-28,0.0,-0.5625,0.0,0.0,0.0,0.0,0.0,1,9,544,11,507,6,6,9,5,sufficient,sufficient,sufficient,sufficient,sufficient,sufficient
2026-04-29,0.0,-0.5625,0.0,0.0,0.0,0.0,0.0,1,9,544,11,507,6,6,9,5,sufficient,sufficient,sufficient,sufficient,sufficient,sufficient
2026-04-30,0.0,-0.5625,0.0,0.0,0.0,0.0,0.0,1,9,544,11,507,6,6,9,5,sufficient,sufficient,sufficient,sufficient,sufficient,sufficient
2026-05-06,0.0,-0.5805,0.0,0.0,0.0,0.0,0.0,2,9,545,11,508,6,6,9,5,sufficient,sufficient,sufficient,sufficient,sufficient,sufficient
2026-05-07,0.0,-0.585,0.0,0.0,0.0,0.0,0.0,1,9,545,11,508,6,6,9,5,sufficient,sufficient,sufficient,sufficient,sufficient,sufficient
2026-05-08,0.0,-0.585,0.0,0.0,0.0,0.0,0.0,1,9,545,11,508,6,6,9,5,sufficient,sufficient,sufficient,sufficient,sufficient,sufficient
2026-05-09,0.0,-0.585,0.0,0.0,0.0,0.0,0.0,1,9,545,11,508,6,6,9,5,sufficient,sufficient,sufficient,sufficient,sufficient,sufficient
2026-05-11,-0.4875,-0.565,0.0,0.0,0.0,0.0,-1.0,3,9,548,12,510,6,6,9,5,sufficient,sufficient,sufficient,sufficient,sufficient,sufficient
2026-05-12,-0.4875,-0.5625,0.0,0.0,0.0,0.0,-1.0,2,9,548,12,510,6,6,9,5,sufficient,sufficient,sufficient,sufficient,sufficient,sufficient
2026-05-13,-0.4875,-0.5625,0.0,0.0,0.0,0.0,-1.0,2,9,548,12,510,6,6,9,5,sufficient,sufficient,sufficient,sufficient,sufficient,sufficient
2026-05-14,-0.4875,-0.5625,0.0,0.0,0.0,0.0,-1.0,2,9,548,12,510,6,6,9,5,sufficient,sufficient,sufficient,sufficient,sufficient,sufficient
2026-05-15,-0.4875,-0.5625,0.0,0.0,0.0,0.0,-1.0,2,9,548,12,510,6,6,9,5,sufficient,sufficient,sufficient,sufficient,sufficient,sufficient
2026-05-18,0.0,-0.5625,0.0,0.0,0.0,0.0,0.0,1,9,550,12,512,6,6,9,5,sufficient,sufficient,sufficient,sufficient,sufficient,sufficient
2026-05-19,0.0,-0.5625,0.0,0.0,0.0,0.0,0.0,1,9,550,12,512,6,6,9,5,sufficient,sufficient,sufficient,sufficient,sufficient,sufficient
2026-05-20,0.0,-0.5625,0.0,0.0,0.0,0.0,0.0,1,9,550,12,512,6,6,9,5,sufficient,sufficient,sufficient,sufficient,sufficient,sufficient
2026-05-21,0.0,-0.5625,0.0,0.0,0.0,0.0,0.0,1,9,550,12,512,6,6,9,5,sufficient,sufficient,sufficient,sufficient,sufficient,sufficient
2026-05-22,0.0,-0.5625,0.0,0.0,0.0,0.0,0.0,1,9,550,12,512,6,6,9,5,sufficient,sufficient,sufficient,sufficient,sufficient,sufficient
2026-05-25,0.0,-0.5625,0.0,0.0,0.0,0.0,0.0,1,9,551,12,513,6,6,9,5,sufficient,sufficient,sufficient,sufficient,sufficient,sufficient
2026-05-26,0.0,-0.5625,0.0,0.0,0.0,0.0,0.0,1,9,551,12,513,6,6,9,5,sufficient,sufficient,sufficient,sufficient,sufficient,sufficient
2026-05-27,0.0,-0.5625,0.0,0.0,0.0,0.0,0.0,1,9,551,12,513,6,6,9,5,sufficient,sufficient,sufficient,sufficient,sufficient,sufficient
2026-05-28,0.0,-0.5625,0.0,0.0,0.0,0.0,0.0,1,9,551,12,513,6,6,9,5,sufficient,sufficient,sufficient,sufficient,sufficient,sufficient
2026-05-29,0.0,-0.5625,0.0,0.0,0.0,0.0,0.0,1,9,551,12,513,6,6,9,5,sufficient,sufficient,sufficient,sufficient,sufficient,sufficient
2026-06-01,0.0,-0.5625,0.0,0.0,0.0,0.0,0.0,1,9,552,12,514,6,6,9,5,sufficient,sufficient,sufficient,sufficient,sufficient,sufficient
2026-06-02,0.0,-0.5625,0.0,0.0,0.0,0.0,0.0,1,9,552,12,514,6,6,9,5,sufficient,sufficient,sufficient,sufficient,sufficient,sufficient
2026-06-03,0.0,-0.5625,0.0,0.0,0.0,0.0,0.0,1,9,552,12,514,6,6,9,5,sufficient,sufficient,sufficient,sufficient,sufficient,sufficient
2026-06-04,0.0,-0.5625,0.0,0.0,0.0,0.0,0.0,1,9,552,12,514,6,6,9,5,sufficient,sufficient,sufficient,sufficient,sufficient,sufficient
2026-06-05,0.0,-0.5625,0.0,0.0,0.0,0.0,0.0,1,9,552,12,514,6,6,9,5,sufficient,sufficient,sufficient,sufficient,sufficient,sufficient
2026-06-08,0.0,-0.5625,0.0,0.0,0.0,0.0,0.0,1,9,553,12,515,6,6,9,5,sufficient,sufficient,sufficient,sufficient,sufficient,sufficient
2026-06-09,0.0,-0.5625,0.0,0.0,0.0,0.0,0.0,1,9,553,12,515,6,6,9,5,sufficient,sufficient,sufficient,sufficient,sufficient,sufficient
2026-06-10,0.0,-0.5625,0.0,0.0,0.0,0.0,0.0,1,9,553,12,515,6,6,9,5,sufficient,sufficient,sufficient,sufficient,sufficient,sufficient
2026-06-11,0.0,-0.5625,0.0,0.0,0.0,0.0,0.0,1,9,553,12,515,6,6,9,5,sufficient,sufficient,sufficient,sufficient,sufficient,sufficient
2026-06-12,0.0,-0.5625,0.0,0.0,0.0,0.0,0.0,1,9,553,12,515,6,6,9,5,sufficient,sufficient,sufficient,sufficient,sufficient,sufficient
2026-06-15,0.0,-0.5625,0.0,0.0,0.0,0.0,0.0,1,9,554,12,516,6,6,9,5,sufficient,sufficient,sufficient,sufficient,sufficient,sufficient
2026-06-16,0.0,-0.5625,0.0,0.0,0.0,0.0,0.0,1,9,554,12,516,6,6,9,5,sufficient,sufficient,sufficient,sufficient,sufficient,sufficient
2026-06-17,0.0,-0.5625,0.0,0.0,0.0,0.0,0.0,1,9,554,12,516,6,6,9,5,sufficient,sufficient,sufficient,sufficient,sufficient,sufficient
2026-06-18,0.0,-0.5625,0.0,0.0,0.0,0.0,0.0,1,9,554,12,516,6,6,9,5,sufficient,sufficient,sufficient,sufficient,sufficient,sufficient
2026-06-22,0.0,-0.5625,0.0,0.0,0.0,0.0,0.0,2,9,555,12,517,6,6,9,5,sufficient,sufficient,sufficient,sufficient,sufficient,sufficient
2026-06-23,0.0,0.0,0.0,0.0,0.0,0.0,0.0,1,9,555,12,517,6,6,9,5,sufficient,sufficient,sufficient,sufficient,sufficient,sufficient
2026-06-24,0.0,0.0,0.0,0.0,0.0,0.0,0.0,1,9,555,12,517,6,6,9,5,sufficient,sufficient,sufficient,sufficient,sufficient,sufficient
2026-06-25,0.0,0.0,0.0,0.0,0.0,0.0,0.0,1,9,555,12,517,6,6,9,5,sufficient,sufficient,sufficient,sufficient,sufficient,sufficient
2026-06-26,0.0,0.0,0.0,0.0,0.0,0.0,0.0,1,9,555,12,517,6,6,9,5,sufficient,sufficient,sufficient,sufficient,sufficient,sufficient
2026-06-29,0.0,-0.5625,0.0,0.0,0.0,0.0,0.0,1,9,556,12,518,6,6,9,5,sufficient,sufficient,sufficient,sufficient,sufficient,sufficient
2026-06-30,0.0,-0.5625,0.0,0.0,0.0,0.0,0.0,1,9,556,12,518,6,6,9,5,sufficient,sufficient,sufficient,sufficient,sufficient,sufficient
2026-07-01,0.0,-0.5625,0.0,0.0,0.0,0.0,0.0,1,9,556,12,518,6,6,9,5,sufficient,sufficient,sufficient,sufficient,sufficient,sufficient
2026-07-02,0.0,-0.5625,0.0,0.0,0.0,0.0,0.0,1,9,556,12,518,6,6,9,5,sufficient,sufficient,sufficient,sufficient,sufficient,sufficient
2026-07-03,0.0,-0.5625,0.0,0.0,0.0,0.0,0.0,1,9,556,12,518,6,6,9,5,sufficient,sufficient,sufficient,sufficient,sufficient,sufficient
2026-07-06,0.0,-0.5625,0.0,0.0,0.0,0.0,0.0,1,9,557,12,519,6,6,9,5,sufficient,sufficient,sufficient,sufficient,sufficient,sufficient
2026-07-07,0.0,-0.5625,0.0,0.0,0.0,0.0,0.0,1,9,557,12,519,6,6,9,5,sufficient,sufficient,sufficient,sufficient,sufficient,sufficient
2026-07-08,0.0,-0.5625,0.0,0.0,0.0,0.0,0.0,1,9,557,12,519,6,6,9,5,sufficient,sufficient,sufficient,sufficient,sufficient,sufficient
2026-07-09,0.0,-0.5625,0.0,0.0,0.0,0.0,0.0,1,9,557,12,519,6,6,9,5,sufficient,sufficient,sufficient,sufficient,sufficient,sufficient
2026-07-10,0.0,-0.5625,0.0,0.0,0.0,0.0,0.0,1,9,557,12,519,6,6,9,5,sufficient,sufficient,sufficient,sufficient,sufficient,sufficient
2026-07-13,0.0,-0.5625,0.0,0.0,0.0,0.0,0.0,1,9,558,12,520,6,6,9,5,sufficient,sufficient,sufficient,sufficient,sufficient,sufficient
2026-07-14,0.0,-0.5625,0.0,0.0,0.0,0.0,0.0,1,9,558,12,520,6,6,9,5,sufficient,sufficient,sufficient,sufficient,sufficient,sufficient
2026-07-15,0.0,-0.5625,0.0,0.0,0.0,0.0,0.0,1,9,558,12,520,6,6,9,5,sufficient,sufficient,sufficient,sufficient,sufficient,sufficient
2026-07-16,0.0,-0.5625,0.0,0.0,0.0,0.0,0.0,1,9,558,12,520,6,6,9,5,sufficient,sufficient,sufficient,sufficient,sufficient,sufficient
2026-07-17,0.0,-0.5625,0.0,0.0,0.0,0.0,0.0,1,9,558,12,520,6,6,9,5,sufficient,sufficient,sufficient,sufficient,sufficient,sufficient
2026-07-20,0.0,-0.5625,0.0,0.0,0.0,0.0,0.0,1,9,559,12,521,6,6,9,5,sufficient,sufficient,sufficient,sufficient,sufficient,sufficient
2026-07-21,0.0,-0.5625,0.0,0.0,0.0,0.0,0.0,1,9,559,12,521,6,6,9,5,sufficient,sufficient,sufficient,sufficient,sufficient,sufficient
2026-07-22,0.0,-0.5625,0.0,0.0,0.0,0.0,0.0,1,9,559,12,521,6,6,9,5,sufficient,sufficient,sufficient,sufficient,sufficient,sufficient
2026-07-23,0.0,-0.5625,0.0,0.0,0.0,0.0,0.0,1,9,559,12,521,6,6,9,5,sufficient,sufficient,sufficient,sufficient,sufficient,sufficient
2026-07-24,0.0,-0.5625,0.0,0.0,0.0,0.0,0.0,1,9,559,12,521,6,6,9,5,sufficient,sufficient,sufficient,sufficient,sufficient,sufficient
2026-07-27,0.0,-0.5625,0.0,0.0,0.0,0.0,0.0,1,9,560,12,522,6,6,9,5,sufficient,sufficient,sufficient,sufficient,sufficient,sufficient
2026-07-28,0.0,-0.5625,0.0,0.0,0.0,0.0,0.0,1,9,560,12,522,6,6,9,5,sufficient,sufficient,sufficient,sufficient,sufficient,sufficient
2026-07-29,0.0,-0.5625,0.0,0.0,0.0,0.0,0.0,1,9,560,12,522,6,6,9,5,sufficient,sufficient,sufficient,sufficient,sufficient,sufficient
2026-07-30,0.0,-0.5625,0.0,0.0,0.0,0.0,0.0,1,9,560,12,522,6,6,9,5,sufficient,sufficient,sufficient,sufficient,sufficient,sufficient
2026-07-31,0.0,-0.5625,0.0,0.0,0.0,0.0,0.0,1,9,560,12,522,6,6,9,5,sufficient,sufficient,sufficient,sufficient,sufficient,sufficient
2026-08-03,0.0,-0.5625,0.0,0.0,0.0,0.0,0.0,1,9,561,12,523,6,6,9,5,sufficient,sufficient,sufficient,sufficient,sufficient,sufficient
2026-08-04,0.0,-0.5625,0.0,0.0,0.0,0.0,0.0,1,9,561,12,523,6,6,9,5,sufficient,sufficient,sufficient,sufficient,sufficient,sufficient
2026-08-05,0.0,-0.5625,0.0,0.0,0.0,0.0,0.0,1,9,561,12,523,6,6,9,5,sufficient,sufficient,sufficient,sufficient,sufficient,sufficient
2026-08-06,0.0,-0.5625,0.0,0.0,0.0,0.0,0.0,1,9,561,12,523,6,6,9,5,sufficient,sufficient,sufficient,sufficient,sufficient,sufficient
2026-08-07,0.0,-0.5625,0.0,0.0,0.0,0.0,0.0,1,9,561,12,523,6,6,9,5,sufficient,sufficient,sufficient,sufficient,sufficient,sufficient
2026-08-10,0.0,-0.5625,0.0,0.0,0.0,0.0,0.0,1,9,562,12,524,6,6,9,5,sufficient,sufficient,sufficient,sufficient,sufficient,sufficient
2026-08-11,0.0,-0.5625,0.0,0.0,0.0,0.0,0.0,1,9,562,12,524,6,6,9,5,sufficient,sufficient,sufficient,sufficient,sufficient,sufficient
2026-08-12,0.0,-0.5625,0.0,0.0,0.0,0.0,-1.0,2,9,564,12,526,6,6,9,5,sufficient,sufficient,sufficient,sufficient,sufficient,sufficient
2026-08-13,0.0,-0.5625,0.0,0.0,0.0,0.0,-1.0,2,9,564,12,526,6,6,9,5,sufficient,sufficient,sufficient,sufficient,sufficient,sufficient
2026-08-14,0.0,-0.5625,0.0,0.0,0.0,0.0,-1.0,2,9,564,12,526,6,6,9,5,sufficient,sufficient,sufficient,sufficient,sufficient,sufficient
2026-08-17,0.0,-0.5625,0.0,0.0,0.0,0.0,-1.0,2,9,566,12,528,6,6,9,5,sufficient,sufficient,sufficient,sufficient,sufficient,sufficient
2026-08-18,0.0,-0.5625,0.0,0.0,0.0,0.0,-1.0,2,9,566,12,528,6,6,9,5,sufficient,sufficient,sufficient,sufficient,sufficient,sufficient
2026-08-19,0.0,-0.5625,0.0,0.0,0.0,0.0,0.0,1,9,566,12,528,6,6,9,5,sufficient,sufficient,sufficient,sufficient,sufficient,sufficient
2026-08-20,0.0,-0.5625,0.0,0.0,0.0,0.0,0.0,1,9,566,12,528,6,6,9,5,sufficient,sufficient,sufficient,sufficient,sufficient,sufficient
2026-08-21,0.0,-0.5625,0.0,0.0,0.0,0.0,0.0,1,9,566,12,528,6,6,9,5,sufficient,sufficient,sufficient,sufficient,sufficient,sufficient
2026-08-24,0.0,-0.5625,0.0,0.0,0.0,0.0,0.0,1,9,567,12,529,6,6,9,5,sufficient,sufficient,sufficient,sufficient,sufficient,sufficient
2026-08-25,0.0,-0.5625,0.0,0.0,0.0,0.0,0.0,1,9,567,12,529,6,6,9,5,sufficient,sufficient,sufficient,sufficient,sufficient,sufficient
2026-08-26,0.0,-0.5625,0.0,0.0,0.0,0.0,0.0,1,9,567,12,529,6,6,9,5,sufficient,sufficient,sufficient,sufficient,sufficient,sufficient
2026-08-27,0.0,-0.5625,0.0,0.0,0.0,0.0,0.0,1,9,567,12,529,6,6,9,5,sufficient,sufficient,sufficient,sufficient,sufficient,sufficient
2026-08-28,0.0,-0.5625,0.0,0.0,0.0,0.0,0.0,1,9,567,12,529,6,6,9,5,sufficient,sufficient,sufficient,sufficient,sufficient,sufficient
2026-08-31,0.0,-0.5625,0.0,0.0,0.0,0.0,0.0,1,9,568,12,530,6,6,9,5,sufficient,sufficient,sufficient,sufficient,sufficient,sufficient
2026-09-01,0.0,-0.5625,0.0,0.0,0.0,0.0,0.0,1,9,568,12,530,6,6,9,5,sufficient,sufficient,sufficient,sufficient,sufficient,sufficient
